ID,time,distance,start_x,start_y,end_x,end_y,state,free_flow_time_lower_bound,delay_above_free_flow,time_to_free_flow_ratio
1,177.802,136.976,202.264,305.852,248.636,184.894,0,85.61,92.1916,2.07688
2,150.4,167.752,308.744,680.888,312.256,818.092,0,104.845,45.555,1.4345
3,32.7001,33.5095,146.764,660.143,149.899,693.213,0,20.9434,11.7566,1.56135
4,4.9,3.19733,603.198,811.794,606.034,812.763,0,1.99833,2.90167,2.45204
5,222.904,208.465,485.858,439.588,615.615,539.68,0,130.291,92.6135,1.71082
6,31.9001,39.3604,177.228,672.555,149.819,693.179,0,24.6003,7.29981,1.29674
7,60.7996,67.1317,562.248,782.831,611.057,755.233,0,41.9573,18.8423,1.44908
8,7.79999,7.64028,360.535,180.118,355.822,174.167,0,4.77517,3.02482,1.63345
9,18.2,21.307,260.058,203.659,252.375,183.992,0,13.3169,4.88316,1.36669
10,92.9992,93.4933,365.973,200.914,349.679,174.64,0,58.4333,34.5658,1.59154
11,133.799,153.721,527.329,177.611,648.064,191.058,0,96.0754,37.7235,1.39265
12,36.4,44.28,599.321,320.547,630.278,334.077,0,27.675,8.72504,1.31527
13,24.7001,31.9103,175.361,624.853,144.753,616.246,0,19.944,4.7561,1.23847
14,55.9997,49.1279,115.22,399.661,67.7059,404.781,0,30.705,25.2948,1.8238
15,266.707,170.289,503.955,200.292,356.337,173.084,0,106.43,160.277,2.50593
16,28.4001,29.1478,253.562,213.464,249.902,185.143,0,18.2174,10.1827,1.55895
17,0,0,621.536,612.772,621.536,612.772,0,0,0,0
18,15.3,18.4383,404.915,96.4033,405.894,78.2268,0,11.5239,3.77608,1.32767
19,105.599,95.5374,168.288,534.019,139.858,611.098,0,59.7108,45.8881,1.76851
20,80.3993,83.9298,557.847,352.917,630.323,333.864,0,52.4561,27.9432,1.5327
21,114.499,139.444,531.258,188.603,648.031,191.194,0,87.1526,27.3462,1.31377
22,171.101,156.569,320.564,305.96,250.884,184.717,0,97.8559,73.2454,1.7485
23,362.713,234.83,423.164,613.997,605.884,612.562,1,146.769,215.944,2.47133
24,113.299,107.309,558.957,376.819,630.268,334.247,0,67.0682,46.2307,1.68931
25,148.9,183.042,482.236,698.3,612.162,752.568,0,114.401,34.4988,1.30156
26,136.199,114.248,257.389,632.895,144.813,615.861,0,71.4052,64.7939,1.90741
27,224.404,228.566,496.358,505.548,615.6,539.639,0,142.854,81.5507,1.57087
28,6,5.84585,605.919,752.248,611.559,753.787,0,3.65366,2.34634,1.64219
29,28.4001,30.4352,572.31,832.479,602.44,833.273,0,19.022,9.37806,1.49301
30,179.102,129.182,510.94,653.921,613.325,613.144,0,80.7387,98.363,2.21829
31,47.4998,61.8374,596.22,229.778,648.303,198.092,0,38.6484,8.85146,1.22903
32,260.907,219.807,393.289,338.21,349.902,174.787,0,137.379,123.527,1.89917
33,143.4,135.584,531.456,147.664,653.51,130.167,0,84.7402,58.6593,1.69223
34,199.003,146.75,277.441,644.519,144.75,615.717,0,91.7189,107.284,2.16971
35,152.7,134.579,298.569,295.744,250.652,184.835,0,84.1118,68.5884,1.81544
36,139.799,125.289,276.222,297.235,249.82,185.122,0,78.3054,61.4939,1.78531
37,95.1991,87.662,439.351,179,355.609,174.329,0,54.7888,40.4104,1.73757
38,277.708,204.197,476.17,399.089,630.289,334.102,0,127.623,150.084,2.176
39,110.799,108.09,204.268,562.487,144.669,615.656,0,67.5561,43.2427,1.6401
40,108.499,107.97,546.922,123.811,653.498,130.048,0,67.4812,41.0177,1.60784
41,46.0999,58.7875,193.333,679.733,149.479,693.196,0,36.7422,9.35769,1.25469
42,241.306,186.018,498.021,539.339,613.29,612.503,0,116.261,125.044,2.07555
43,290.709,218.856,478.994,414.088,630.314,334.071,0,136.785,153.924,2.1253
44,257.907,182.289,213.373,438.762,67.6633,405.602,0,113.931,143.976,2.26371
45,17.4,19.3354,151.972,674.273,149.695,693.276,0,12.0846,5.31542,1.43985
46,101.499,87.3479,541.832,635.338,613.209,612.76,0,54.5924,46.9066,1.85921
47,362.713,245.422,448.727,480.204,602.231,528.156,1,153.389,209.324,2.36467
48,240.205,223.928,352.225,360.52,349.93,174.828,0,139.955,100.251,1.71631
49,137.399,129.494,536.159,152.806,653.496,130.046,0,80.934,56.4652,1.69767
50,273.007,206.054,248.069,416.615,67.684,404.832,0,128.784,144.224,2.11989
51,162.401,142.338,265.274,657.145,144.841,615.822,0,88.9613,73.4395,1.82552
52,287.108,212.279,243.776,426.354,67.7225,405.454,0,132.674,154.434,2.16401
53,79.3994,82.6527,583.226,187.694,648.499,190.823,0,51.6579,27.7414,1.53702
54,342.412,274.889,425.143,434.932,615.471,540.103,0,171.806,170.606,1.99302
55,46.5999,57.6494,554.379,758.105,611.207,754.81,0,36.0309,10.569,1.29333
56,362.713,294.418,409.814,442.512,604.216,539.158,1,184.011,178.702,1.97115
57,172.301,139.984,293.245,300.333,251.096,184.584,0,87.49,84.8113,1.96938
58,117.299,123.499,534.918,131.305,653.523,129.95,0,77.1868,40.112,1.51967
59,71.0995,65.2359,589.296,661.625,613.247,613.043,0,40.7724,30.3271,1.74381
60,258.507,187.795,254.412,354.048,249.568,185.24,0,117.372,141.135,2.20246
61,140.199,183.148,534.368,303.723,648.037,197.938,0,114.468,25.7318,1.2248
62,250.006,218.153,394.19,329.316,349.868,174.699,0,136.345,113.661,1.83362
63,116.799,148.167,316.218,694.286,312.265,818.146,0,92.6045,24.1943,1.26127
64,6.5,7.1341,623.427,333.286,630.391,334.039,0,4.45881,2.04119,1.45779
65,124.699,167.721,533.965,288.049,648.026,197.785,0,104.826,19.873,1.18958
66,204.003,207.328,253.598,501.43,140.082,611.056,0,129.58,74.4233,1.57434
67,104.699,117.056,362.946,234.946,349.688,174.747,0,73.1597,31.5393,1.4311
68,88.7992,116.23,320.509,712.769,312.283,818.065,0,72.6437,16.1555,1.22239
69,96.7991,122.401,351.188,703.579,312.718,818.007,0,76.5007,20.2984,1.26534
70,284.308,246.675,313.453,375.917,249.071,185.069,0,154.172,130.136,1.8441
71,351.112,323.678,389.963,442.229,349.764,174.659,0,202.299,148.813,1.73561
72,95.2991,119.5,583.294,278.677,647.955,198.041,0,74.6872,20.6119,1.27598
73,312.51,217.123,469.974,370.553,630.308,334.059,0,135.702,176.808,2.30291
74,262.807,203.998,278.878,372.073,249.851,185.13,0,127.499,135.308,2.06125
75,362.713,189.761,419.109,506.4,548.101,447.141,1,118.601,244.112,3.05827
76,98.4991,98.9222,264.427,280.216,250.362,184.892,0,61.8264,36.6727,1.59316
77,362.713,209.997,444.894,487.243,587.296,479.274,1,131.248,231.465,2.76356
78,88.8992,101.113,241.075,626.022,144.833,615.903,0,63.1958,25.7034,1.40673
79,17.9,18.9938,595.573,614.719,613.167,612.842,0,11.8711,6.02891,1.50786
80,362.713,290.959,580.665,537.511,577.809,545.211,1,181.849,180.864,1.99458
81,147.1,135.664,313.409,283.318,250.402,184.892,0,84.7901,62.3097,1.73487
82,300.109,279.724,357.058,556.778,144.82,615.789,0,174.827,125.282,1.7166
83,254.906,197.948,500.875,576.73,613.23,612.769,0,123.717,131.189,2.06039
84,165.701,129.954,211.434,306.944,248.355,184.842,0,81.2212,84.4797,2.04012
85,107.399,110.304,306.952,248.128,349.826,174.713,0,68.9398,38.4591,1.55787
86,75.1994,79.0633,357.256,195.594,349.724,174.704,0,49.4146,25.7849,1.52181
87,102.299,88.5245,572.956,674.689,613.27,612.798,0,55.3278,46.9712,1.84896
88,53.4998,59.4882,569.849,780.52,611.149,755.305,0,37.1801,16.3196,1.43893
89,111.199,114.072,573.006,442.172,615.481,539.899,0,71.2952,39.9037,1.5597
90,91.1992,109.392,87.8419,472.994,67.7772,405.354,0,68.3698,22.8294,1.33391
91,199.203,154.39,205.337,317.948,248.169,184.674,0,96.4938,102.709,2.06441
92,88.4992,91.9194,304.247,230.096,349.761,174.716,0,57.4496,31.0496,1.54047
93,210.804,211.585,378.924,342.867,349.715,174.703,0,132.24,78.5632,1.59409
94,0,0,405.617,73.7946,405.617,73.7946,0,0,0,0
95,62.9996,73.4129,591.442,192.463,647.872,197.621,0,45.883,17.1166,1.37305
96,242.806,188.563,476.31,550.698,613.29,613.133,0,117.852,124.953,2.06026
97,90.1992,110.333,575.623,446.331,615.658,540.384,0,68.9582,21.241,1.30803
98,159.701,113.531,225.091,294.28,248.57,184.915,0,70.957,88.7436,2.25067
99,162.501,207.709,513.567,259.651,647.905,197.651,0,129.818,32.6825,1.25176
100,362.713,236.695,388.698,517.112,553.568,453.102,1,147.934,214.779,2.45185
101,127.099,108.484,423.227,233.179,356.056,173.591,0,67.8027,59.2959,1.87454
102,83.5993,102.76,541.376,495.618,615.569,540.206,0,64.2251,19.3742,1.30166
103,315.01,271.159,422.903,403.148,630.296,334.149,0,169.474,145.536,1.85875
104,18.7,24.0038,167.696,623.023,144.677,616.243,0,15.0024,3.69768,1.24647
105,243.406,171.783,489.801,638.685,613.273,612.544,0,107.364,136.041,2.2671
106,311.41,188.22,450.996,638.712,613.347,613.117,0,117.638,193.772,2.64719
107,156.5,144.34,272.1,617.498,144.835,616.152,0,90.2126,66.2878,1.73479
108,22.3,19.8492,87.0148,409.776,67.7508,405.242,0,12.4058,9.89428,1.79755
109,46.2999,48.1348,605.797,133.528,653.566,130.04,0,30.0842,16.2156,1.53901
110,362.713,236.442,449.268,487.402,595.988,505.4,1,147.776,214.937,2.45447
111,54.0997,67.1921,190.423,591.315,144.673,616.293,0,41.995,12.1047,1.28824
112,35.8,30.181,232.799,205.022,249.17,185.122,0,18.8632,16.9369,1.89788
113,98.6991,101.298,244.592,631.142,144.697,615.724,0,63.311,35.3881,1.55896
114,35.9,45.2149,612.423,192.95,648.128,198.035,0,28.2593,7.64071,1.27038
115,195.203,218.915,385.039,645.766,312.535,817.992,0,136.822,58.3808,1.42669
116,82.6993,76.3145,268.716,258.645,249.863,185.105,0,47.6966,35.0027,1.73386
117,362.713,262.439,442.832,497.419,601.498,522.313,1,164.024,198.689,2.21134
118,161.901,145.912,277.107,648.449,144.79,616.161,0,91.1949,70.7058,1.77533
119,138.899,137.876,233.61,775.701,152.766,701.731,0,86.1727,52.7266,1.61187
120,144.3,185.128,534.131,305.375,648.047,198.046,0,115.705,28.5949,1.24714
121,126.399,129.124,525.75,706.958,612.404,752.016,0,80.7023,45.6964,1.56623
122,73.0995,76.8262,188.981,211.898,248.432,184.82,0,48.0164,25.0831,1.52239
123,78.2994,99.9287,330.408,721.932,312.295,818.096,0,62.4555,15.8439,1.25368
124,0,0,619.765,613.058,619.765,613.058,0,0,0,0
125,22.9001,27.9429,159.186,600.817,144.645,616.464,0,17.4643,5.43571,1.31125
126,132.899,116.588,126.777,515.013,139.567,611.219,0,72.8672,60.0317,1.82385
127,94.4991,111.989,574.102,444.642,615.635,540.328,0,69.9931,24.506,1.35012
128,185.602,134.609,162.426,440.662,67.6571,405.567,0,84.1309,101.471,2.20611
129,185.202,136.847,203.959,403.934,67.6866,404.825,0,85.5296,99.6725,2.16536
130,139.099,124.094,514.607,337.044,630.35,334.111,0,77.5585,61.5408,1.79348
131,230.905,172.974,244.062,343.776,249.739,185.2,0,108.109,122.796,2.13586
132,245.906,178.211,244.764,350.141,248.723,184.944,0,111.382,134.524,2.20777
133,311.31,281.61,405.087,395.816,349.601,174.596,0,176.006,135.304,1.76874
134,22.1,26.1472,145.54,642.325,139.926,620.917,0,16.342,5.75805,1.35235
135,52.8998,64.7745,550.927,752.932,611.13,755.252,0,40.4841,12.4157,1.30668
136,3.9,3.14562,138.044,608.386,139.004,611.381,0,1.96601,1.93399,1.98371
137,54.8997,65.7738,593.826,199.696,647.976,197.884,0,41.1086,13.7911,1.33548
138,48.7998,51.2573,613.206,146.39,653.513,130.046,0,32.0358,16.764,1.52329
139,79.5994,76.8247,230.742,258.287,249.152,185.114,0,48.0154,31.5839,1.65779
140,316.51,252.489,443.355,437.553,615.648,539.636,0,157.806,158.704,2.00569
141,0,0,248.686,175.68,248.686,175.68,0,0,0,0
142,93.9991,76.2274,423.08,157.795,356.137,173.528,0,47.6421,46.357,1.97303
143,52.1998,64.2807,550.767,753.698,611.067,755.37,0,40.1754,12.0243,1.2993
144,72.1995,78.8313,173.864,561.139,139.683,611.093,0,49.2695,22.9299,1.4654
145,64.3996,74.322,347.593,201.123,349.876,174.715,0,46.4513,17.9483,1.38639
146,157.5,147.75,517.411,136.785,653.532,129.764,0,92.3438,65.1566,1.70559
147,222.704,289.308,377.964,572.706,312.313,818.097,0,180.817,41.887,1.23165
148,231.405,164.62,173.634,301.568,248.71,184.905,0,102.888,128.517,2.2491
149,362.713,218.342,399.08,508.217,551.091,453.854,1,136.464,226.249,2.65794
150,60.4996,51.8682,119.133,398.95,67.6498,404.816,0,32.4176,28.082,1.86626
151,123.299,110.784,428.823,228.007,356.146,173.623,0,69.2401,54.0586,1.78074
152,275.508,258.427,295.221,411.203,249.881,185.117,0,161.517,113.991,1.70575
153,23.9001,23.183,262.539,204.213,252.596,184.021,0,14.4894,9.41068,1.64949
154,83.6993,80.5834,358.652,195.365,349.826,174.697,0,50.3646,33.3347,1.66187
155,190.302,188.183,386.157,301.796,349.823,174.686,0,117.615,72.6878,1.61802
156,171.101,164.387,492.259,114.817,653.587,130.356,0,102.742,68.3595,1.66535
157,300.109,219.314,256.427,421.573,67.6685,405.528,0,137.072,163.038,2.18943
158,174.501,117.073,197.96,258.543,248.242,184.743,0,73.1704,101.331,2.38487
159,246.106,332.017,397.501,589.543,312.653,817.987,0,207.511,38.5951,1.18599
160,362.713,215.062,407.248,615,574.351,617.038,1,134.414,228.299,2.69849
161,321.31,277.323,358.31,419.067,350.051,174.758,0,173.327,147.984,1.85378
162,158.3,107.326,233.032,288.859,248.587,184.902,0,67.0787,91.2217,2.35992
163,153.4,126.196,549.703,563.813,613.188,612.68,0,78.8726,74.5276,1.94491
164,291.409,221.175,259.151,422.771,67.6658,404.872,0,138.235,153.174,2.10807
165,98.0991,102.698,176.337,535.626,140.136,611.105,0,64.1863,33.9128,1.52835
166,362.713,122.12,315.448,401.024,307.133,391.08,1,76.325,286.388,4.75222
167,0,0,250.926,181.607,250.926,181.607,0,0,0,0
168,47.6998,56.9698,144.236,554.657,139.861,611.156,0,35.6061,12.0937,1.33965
169,72.7995,72.1108,114.093,436.587,67.7209,404.784,0,45.0692,27.7302,1.61528
170,210.704,173.157,199.119,340.374,67.7209,404.931,0,108.223,102.481,1.94694
171,127.699,114.434,266.791,294.55,250.115,184.985,0,71.5215,56.1771,1.78546
172,70.2995,64.189,200.995,210.913,248.892,185.049,0,40.1181,30.1814,1.75231
173,140.799,121.935,535.423,669.973,613.206,612.852,0,76.2092,64.5902,1.84754
174,2.2,1.35252,254.568,183.412,253.297,182.949,0,0.845325,1.35468,2.60255
175,151.1,114.335,181.278,401.143,67.6809,405.582,0,71.4592,79.6408,2.11449
176,362.713,293.09,574.648,544.966,571.693,545.728,1,183.181,179.532,1.98008
177,39.5,43.7905,409.143,121.685,405.944,78.1816,0,27.369,12.1309,1.44324
178,88.0992,105.536,565.568,471.838,615.648,539.623,0,65.9598,22.1395,1.33565
179,115.599,110.213,461.725,180.675,356.135,173.55,0,68.8831,46.7158,1.67819
180,66.5996,84.032,579.209,477.489,615.667,540.676,0,52.52,14.0795,1.26808
181,41.5999,45.8633,407.507,123.641,405.948,78.2275,0,28.6645,12.9354,1.45127
182,256.806,166.444,194.062,445.127,67.6951,405.584,0,104.028,152.779,2.46863
183,5.8,4.89322,140.579,606.497,139.57,611.218,0,3.05826,2.74173,1.8965
184,0,0,610.112,836.521,610.112,836.521,0,0,0,0
185,70.8995,80.1167,331.678,233.735,349.531,174.589,0,50.0729,20.8266,1.41592
186,92.0992,88.7959,272.63,269.922,249.184,185.103,0,55.4975,36.6017,1.65952
187,29.2001,30.8489,153.489,590.739,139.943,611.114,0,19.2806,9.9195,1.51448
188,176.702,182.46,183.511,522.716,140.177,611.178,0,114.037,62.6641,1.5495
189,0,0,408.11,70.7896,408.11,70.7896,0,0,0,0
190,362.713,137.401,471.752,331.586,471.741,329.142,1,85.8756,276.837,4.2237
191,284.208,250.556,397.156,364.552,350.085,174.772,0,156.597,127.611,1.8149
192,9.5,10.0013,599.103,805.156,606.976,810.63,0,6.2508,3.2492,1.51981
193,362.713,302.037,428.7,535.116,587.848,615.201,1,188.773,173.94,1.92142
194,238.505,176.333,206.356,328.118,248.748,184.903,0,110.208,128.297,2.16414
195,338.111,164.703,503.532,625.206,613.211,613.028,0,102.939,235.172,3.28456
196,114.299,108.909,560.422,377.087,630.352,334.346,0,68.0683,46.2305,1.67918
197,310.91,211.467,479.093,530.565,613.227,612.722,0,132.167,178.743,2.3524
198,160.101,157.587,228.534,567.329,144.748,615.707,0,98.4918,61.6088,1.62552
199,19,19.1072,86.483,401.839,67.756,404.97,0,11.942,7.05803,1.59103
200,110.399,98.6024,566.717,683.74,612.025,753.085,0,61.6265,48.7724,1.79142
201,280.308,250.864,348.603,574.398,144.799,615.894,0,156.79,123.518,1.78779
202,180.102,154.206,424.781,278.926,356.07,173.503,0,96.3786,83.7232,1.86869
203,176.502,225.608,500.914,248.427,647.903,197.738,0,141.005,35.4968,1.25174
204,221.904,177.452,474.629,564.342,613.322,613.186,0,110.908,110.997,2.0008
205,9.4,9.82672,252.493,194.184,249.094,185.056,0,6.1417,3.2583,1.53052
206,362.713,246.786,422.458,473.161,596.988,510.253,1,154.242,208.471,2.35159
207,74.0994,68.8887,592.385,178.903,647.723,191.721,0,43.0555,31.044,1.72102
208,222.804,147.86,487.673,623.998,613.302,613.198,0,92.4123,130.392,2.41098
209,135.399,172.675,413.165,711.987,313.465,818.259,0,107.922,27.4775,1.25461
210,81.3993,88.7138,151.17,523.322,139.867,611.121,0,55.4461,25.9532,1.46808
211,362.713,221.379,476.067,490.122,594.139,492.346,1,138.362,224.351,2.62148
212,116.499,108.917,423.411,232.7,356.267,173.154,0,68.0731,48.4257,1.71138
213,339.011,296.053,312.509,460.214,67.6739,405.584,0,185.033,153.979,1.83217
214,19.7,18.9362,611.215,333.862,630.315,334.238,0,11.8351,7.86491,1.66454
215,76.0994,84.4852,578.581,148.11,653.508,129.951,0,52.8032,23.2962,1.44119
216,238.605,175.17,166.422,302.322,248.17,184.732,0,109.481,129.124,2.17941
217,269.907,235.296,348.021,589.841,144.745,615.975,0,147.06,122.847,1.83535
218,34.1001,37.6668,600.176,327.111,630.258,333.868,0,23.5417,10.5583,1.44849
219,182.402,211.646,413.169,668.708,312.909,817.964,0,132.279,50.1232,1.37892
220,0,0,139.184,612.907,139.184,612.907,0,0,0,0
221,183.602,150.554,496.894,347.67,630.277,334.071,0,94.0964,89.5056,1.95121
222,58.5997,71.1504,592.336,194.057,647.985,197.841,0,44.469,14.1307,1.31776
223,362.713,252.83,443.999,468.736,605.926,537.37,1,158.019,204.694,2.29538
224,76.2994,74.7874,591.361,186.828,647.606,191.951,0,46.7421,29.5573,1.63235
225,90.7992,80.4041,427.455,147.841,356.007,173.656,0,50.2525,40.5466,1.80686
226,119.699,114.721,349.894,251.262,349.809,174.724,0,71.7003,47.9984,1.66943
227,275.608,157.549,504.057,188.404,356.032,173.608,0,98.4682,177.139,2.79895
228,206.303,157.832,444.475,264.316,355.598,174.333,0,98.645,107.658,2.09137
229,296.109,268.381,442.563,365.407,355.483,174.439,0,167.738,128.371,1.76531
230,117.299,139.005,510.986,713.83,611.823,753.496,0,86.8779,30.4208,1.35016
231,14.4,16.0611,598.168,745.331,612.432,752.076,0,10.0382,4.36186,1.43453
232,34.1001,45.7401,322.899,773.725,312.749,818.021,0,28.5875,5.51252,1.19283
233,362.713,223.32,388.063,458.511,569.543,449.869,1,139.575,223.138,2.59869
234,362.713,287.077,88.9377,453.902,90.522,461.028,1,179.423,183.29,2.02155
235,124.699,128.228,202.634,538.102,140.122,611.095,0,80.1425,44.5562,1.55596
236,29.1001,37.2971,597.953,514.782,615.534,540.209,0,23.3107,5.7894,1.24836
237,138.499,171.848,296.895,683.163,149.707,693.191,0,107.405,31.094,1.2895
238,362.713,232.971,375.036,494.425,559.13,451.44,1,145.607,217.106,2.49105
239,88.7992,79.7816,398.837,203.609,355.656,174.331,0,49.8635,38.9357,1.78085
240,116.199,130.1,298.152,292.633,250.671,184.825,0,81.3122,34.8866,1.42904
241,68.8995,86.6888,566.047,492.12,615.696,539.542,0,54.1805,14.719,1.27167
242,222.004,272.305,286.188,502.035,139.949,611.12,0,170.191,51.8136,1.30444
243,215.604,135.353,223.571,312.428,248.918,184.985,0,84.5957,131.008,2.54864
244,188.702,137.461,192.354,413.63,67.7179,405.568,0,85.913,102.789,2.19644
245,41.1999,47.8733,402.957,170.33,355.793,174.22,0,29.9208,11.2792,1.37697
246,17.6,16.9245,604.441,553.708,616.395,542.315,0,10.5778,7.02224,1.66387
247,171.401,135.149,533.755,563.472,613.208,612.664,0,84.468,86.9332,2.02918
248,119.799,115.257,224.554,605.685,144.664,615.682,0,72.0359,47.7628,1.66304
249,44.4999,39.471,291.273,192.127,253.217,183.346,0,24.6694,19.8305,1.80385
250,284.208,283.042,357.423,553.763,144.718,616.302,0,176.902,107.307,1.60659
251,123.299,119.372,548.701,566.644,613.174,612.76,0,74.6072,48.6915,1.65264
252,362.713,235.979,411.953,609.827,591.307,615.963,1,147.487,215.226,2.45929
253,32.7001,37.2533,616.301,199.461,647.895,197.766,0,23.2833,9.41678,1.40444
254,133.699,127.602,352.085,272,349.728,174.732,0,79.7513,53.9476,1.67645
255,81.0993,108.405,338.884,713.025,312.79,817.983,0,67.7533,13.346,1.19698
256,66.2996,72.0164,149.726,540.349,139.881,611.113,0,45.0102,21.2893,1.47299
257,61.7996,80.3562,331.243,740.542,312.835,818.032,0,50.2226,11.577,1.23051
258,113.399,96.7735,218.563,274.728,248.998,185.015,0,60.4834,52.9154,1.87487
259,247.006,224.229,476.128,426.76,615.569,539.771,0,140.143,106.862,1.76252
260,116.799,117.797,343.953,269.287,349.701,174.736,0,73.6231,43.1757,1.58644
261,21.4,20.144,85.8276,412.023,67.7452,405.503,0,12.59,8.81005,1.69977
262,67.1995,68.0723,575.772,706.299,612.184,752.49,0,42.5452,24.6544,1.57949
263,109.199,99.6771,205.748,570.222,144.728,615.57,0,62.2982,46.9007,1.75284
264,68.1995,67.131,588.777,690.291,612.396,752.077,0,41.9569,26.2427,1.62547
265,202.103,210.283,512.957,505.764,615.553,540.016,0,131.427,70.6766,1.53776
266,243.406,202.282,477.43,399.617,630.339,334.147,0,126.426,116.979,1.92528
267,362.713,243.072,441.496,567.745,572.544,617.093,1,151.92,210.793,2.38752
268,5.4,5.34583,602.338,818.011,607.338,816.125,0,3.34114,2.05885,1.61621
269,141.799,124.56,260.624,627.139,144.761,615.861,0,77.8502,63.9493,1.82144
270,318.41,318.773,379.881,532.384,144.768,616.021,0,199.233,119.177,1.59818
271,362.713,242.332,467.232,476.284,604.585,533.262,1,151.457,211.255,2.39482
272,250.306,295.657,274.124,497.77,139.856,611.093,0,184.786,65.5203,1.35457
273,39.4,45.5363,183.266,673.638,149.985,693.3,0,28.4602,10.9398,1.38439
274,130.899,153.788,282.816,705.74,310.764,818.781,0,96.1172,34.7816,1.36187
275,49.2998,47.731,604.034,294.637,635.88,282.532,0,29.8319,19.468,1.65259
276,107.299,137.467,264.512,674.676,149.544,693.277,0,85.9168,21.3822,1.24887
277,27.5001,31.5274,599.752,335.143,630.383,334.106,0,19.7046,7.79546,1.39562
278,63.5996,55.1643,121.361,401.661,67.7036,404.787,0,34.4777,29.1219,1.84466
279,66.4996,87.8391,336.629,733.845,312.951,818.062,0,54.8994,11.6001,1.2113
280,280.808,285.14,344.745,538.936,144.66,616.329,0,178.212,102.596,1.57569
281,179.602,175.25,250.053,573.752,144.705,615.655,0,109.531,70.0703,1.63973
282,33.9001,27.4564,94.7879,402.829,67.7293,404.799,0,17.1602,16.7398,1.9755
283,362.713,221.722,411.643,643.564,599.225,612.395,1,138.576,224.137,2.61742
284,211.204,156.465,481.492,646.893,613.31,613.138,0,97.7908,113.413,2.15975
285,115.699,155.972,544.893,286.562,648.033,197.986,0,97.4824,18.2164,1.18687
286,207.503,164.254,197.674,349.599,67.741,404.87,0,102.659,104.845,2.0213
287,335.111,301.598,357.157,444.588,349.781,174.742,0,188.499,146.613,1.77779
288,94.2991,93.1334,159.348,395.326,67.7198,404.899,0,58.2084,36.0908,1.62003
289,327.011,270.044,455.091,500.494,613.19,612.651,0,168.778,158.233,1.93752
290,156.9,121.372,187.318,400.799,67.6845,405.588,0,75.8573,81.0431,2.06836
291,9.8,10.3988,77.8098,407.22,67.7925,405.028,0,6.49926,3.30074,1.50786
292,179.802,145.553,495.913,338.419,630.376,334.087,0,90.9707,88.8311,1.97648
293,125.099,109.118,557.496,304.931,630.257,333.959,0,68.1988,56.8999,1.83432
294,54.8997,34.1519,234.667,214.801,248.714,184.883,0,21.3449,33.5548,2.57203
295,188.902,218.191,435.461,679.163,313.301,818.167,0,136.369,52.5332,1.38523
296,362.713,101.819,430.348,531.17,425.439,543.417,1,63.6368,299.076,5.69973
297,25.4001,30.3521,599.194,726.043,612.113,752.588,0,18.9701,6.43001,1.33896
298,303.509,285.069,431.587,379.313,355.635,174.411,0,178.168,125.341,1.7035
299,141.399,128.142,169.595,494.231,140.198,611.2,0,80.0887,61.3107,1.76554
300,37.1,46.2944,605.563,301.706,630.33,334.071,0,28.934,8.16599,1.28223
301,149.9,170.653,216.087,502.223,140.068,611.054,0,106.658,43.2416,1.40542
302,39.9,33.4091,285.866,186.705,253.286,182.995,0,20.8807,19.0193,1.91085
303,8.7,9.40687,347.666,183.841,350.354,174.829,0,5.87929,2.8207,1.47977
304,74.3994,87.5033,537.544,748.061,611.059,755.236,0,54.6895,19.7099,1.3604
305,362.713,281.825,403.206,580.958,577.519,617.776,1,176.141,186.572,2.05923
306,278.708,323.395,323.407,481.861,139.896,611.167,0,202.122,76.5859,1.37891
307,54.9997,64.9776,146.853,546.699,139.904,611.125,0,40.611,14.3887,1.35431
308,362.713,287.839,409.077,568.309,592.754,613.32,1,179.9,182.813,2.0162
309,230.605,286.207,306.859,515.93,139.873,611.064,0,178.879,51.7257,1.28917
310,103.999,104.695,540.539,713.787,612.004,752.93,0,65.4346,38.5644,1.58936
311,329.911,305.66,374.386,440.594,349.803,174.667,0,191.037,138.874,1.72695
312,338.111,362.251,359.239,491.83,144.739,616.005,0,226.407,111.704,1.49338
313,123.899,135.045,511.305,717.414,612.036,752.999,0,84.4033,39.4954,1.46794
314,46.1999,45.48,602.34,291.196,635.847,282.194,0,28.425,17.7749,1.62532
315,53.3998,53.4412,609.103,164.738,647.746,191.901,0,33.4008,19.999,1.59876
316,122.099,107.304,348.781,243.126,349.716,174.694,0,67.0649,55.0339,1.82061
317,217.004,233.76,492.741,504.297,615.471,540.162,0,146.1,70.9038,1.48531
318,60.9996,51.3415,262.72,234.053,250.072,185.019,0,32.0885,28.9112,1.90098
319,19.1,25.3143,623.559,184.41,647.835,191.389,0,15.8215,3.27857,1.20722
320,142.7,163.849,518.749,208.533,647.702,191.732,0,102.406,40.2937,1.39347
321,362.713,241.71,433.337,607.451,612.138,612.552,1,151.069,211.644,2.40098
322,42.7999,56.6633,593.422,699.443,612.314,752.064,0,35.4146,7.38535,1.20854
323,25.5001,31.5934,160.052,597.299,144.815,616.208,0,19.7458,5.75421,1.29141
324,134.199,120.144,188.154,263.028,248.297,184.76,0,75.0903,59.1087,1.78717
325,172.701,170.931,229.909,555.173,144.761,615.782,0,106.832,65.8696,1.61657
326,314.41,223.602,451.41,338.661,356.224,173.414,0,139.751,174.658,2.24978
327,92.8992,120.034,355.631,707.973,312.84,818.002,0,75.0212,17.878,1.23831
328,163.701,167.224,229.138,557.151,144.842,615.843,0,104.515,59.1856,1.56629
329,249.006,169.01,518.439,179.405,356.096,173.425,0,105.631,143.375,2.35732
330,34.4,33.9931,143.135,578.025,139.877,611.076,0,21.2457,13.1544,1.61915
331,362.713,270.68,395.27,618.648,607.331,612.668,1,169.175,193.538,2.14401
332,260.007,185.151,255.064,352.446,249.101,185.091,0,115.719,144.287,2.24687
333,80.4993,77.5533,200.596,587.827,144.831,615.771,0,48.4708,32.0285,1.66078
334,214.404,123.314,223.553,304.616,248.752,184.953,0,77.0711,137.333,2.7819
335,110.499,98.1332,164.262,403.62,67.6687,404.921,0,61.3333,49.1656,1.80161
336,160.401,132.336,211.525,310.008,249.035,185.03,0,82.7101,77.6905,1.93931
337,144.8,148.672,318.876,297.282,251.362,184.543,0,92.9202,51.8795,1.55832
338,323.711,205.727,439.616,640.756,613.17,612.806,0,128.579,195.131,2.5176
339,63.0996,65.2419,579.004,706.734,612.21,752.417,0,40.7762,22.3234,1.54746
340,66.8996,74.9755,198.129,592.425,144.743,615.824,0,46.8597,20.0398,1.42766
341,72.5995,74.2878,268.559,777.326,310.577,818.901,0,46.4299,26.1696,1.56364
342,268.907,233.815,462.2,430.081,615.454,539.764,0,146.134,122.773,1.84014
343,295.709,287.397,356.577,549.456,144.787,616.048,0,179.623,116.085,1.64627
344,151,133.61,237.921,760.909,152.804,701.734,0,83.5066,67.4935,1.80824
345,54.8997,65.4065,565.255,782.757,611.055,755.067,0,40.879,14.0207,1.34298
346,15.8,21.0376,172.468,709.162,152.846,701.674,0,13.1485,2.65155,1.20166
347,157.4,150.411,598.427,451.07,615.615,539.578,0,94.0071,63.3933,1.67435
348,183.102,141.401,288.162,308.575,249.801,185.109,0,88.3757,94.7263,2.07186
349,173.701,147.271,285.385,641.273,144.789,615.803,0,92.0446,81.6568,1.88714
350,84.7993,77.0838,268.56,259.383,249.863,185.085,0,48.1774,36.6219,1.76015
351,206.503,212.852,370.61,633.271,313.063,818.101,0,133.032,73.4709,1.55228
352,362.713,258.68,448.013,571.931,594.966,614.273,1,161.675,201.038,2.24347
353,362.713,125.664,585.444,315.689,581.007,325.797,1,78.54,284.173,4.61819
354,226.305,178.472,496.055,366.659,630.354,334.14,0,111.545,114.76,2.02882
355,0,0,621.247,539.627,621.247,539.627,0,0,0,0
356,118.999,148.44,275.404,678.055,149.56,693.219,0,92.7749,26.2239,1.28266
357,191.302,190.083,228.187,492.015,140.092,611.147,0,118.802,72.5007,1.61027
358,209.004,214.742,261.561,504.714,139.887,611.083,0,134.214,74.7901,1.55725
359,153.3,147.704,231.929,777.199,152.82,701.793,0,92.315,60.9852,1.66062
360,141.199,133.988,532.339,151.063,653.508,130.038,0,83.7423,57.4572,1.68612
361,67.5995,95.1143,343.139,728.771,312.948,818.133,0,59.4465,8.15308,1.13715
362,6.1,6.08192,344.84,177.209,350.184,174.761,0,3.8012,2.2988,1.60476
363,184.702,184.598,213.169,476.451,139.659,611.13,0,115.374,69.3281,1.6009
364,72.6995,69.5345,593.887,182.03,647.685,191.904,0,43.459,29.2404,1.67283
365,301.709,223.912,460.672,336.286,356.286,173.03,0,139.945,161.764,2.15592
366,359.013,261.621,419.903,389.425,630.351,334.088,0,163.513,195.5,2.19562
367,96.8991,89.8597,576.489,370.875,630.452,334.408,0,56.1623,40.7368,1.72534
368,189.302,172.121,421.123,293.414,355.629,174.417,0,107.575,81.7269,1.75972
369,80.4993,70.7886,196.486,210.795,249.485,185.204,0,44.2429,36.2565,1.81949
370,253.806,152.637,503.086,182.666,355.563,174.334,0,95.3979,158.408,2.6605
371,73.5994,76.6744,195.225,641.496,144.838,616.024,0,47.9215,25.6779,1.53583
372,225.905,155.462,505.666,679.533,613.338,613.137,0,97.1641,128.741,2.32498
373,222.504,211.328,395.742,319.758,349.674,174.676,0,132.08,90.4241,1.68461
374,273.607,240.698,313.205,380.906,250.029,185.022,0,150.436,123.172,1.81876
375,339.411,281.453,426.907,413.847,630.279,334.064,0,175.908,163.503,1.92948
376,41.5999,35.7159,270.347,213.781,252.401,184.011,0,22.3224,19.2775,1.86359
377,135.299,130.947,395.144,244.824,355.546,174.431,0,81.8421,53.457,1.65317
378,192.003,141.573,291.544,305.322,249.87,185.12,0,88.4834,103.519,2.16993
379,278.808,231.378,290.835,391.057,249.87,185.102,0,144.611,134.196,1.92798
380,16.8,21.2041,257.076,205.006,249.919,185.058,0,13.2526,3.54744,1.26768
381,99.4991,133.753,345.208,694.134,312.255,818.211,0,83.5953,15.9037,1.19025
382,330.811,293.871,333.48,505.386,144.671,615.711,0,183.67,147.141,1.80112
383,107.399,133.053,347.163,695.26,312.691,818.002,0,83.1581,24.2408,1.2915
384,156.6,178.434,522.406,229.307,647.729,191.749,0,111.521,45.0794,1.40422
385,192.603,147.851,472.295,602.965,613.178,612.552,0,92.407,100.196,2.08429
386,207.103,248.831,374.459,606.43,312.333,818.104,0,155.519,51.584,1.33169
387,45.6999,37.7837,225.574,209.263,249.077,185.096,0,23.6148,22.0851,1.93522
388,123.199,150.193,345.878,677.122,312.962,818.112,0,93.8709,29.3278,1.31243
389,30.6001,32.2242,283.46,191.851,253.227,183.438,0,20.1402,10.4599,1.51936
390,288.208,287.702,341.456,537.546,144.705,615.608,0,179.813,108.395,1.60282
391,0,0,609.187,816.574,609.187,816.574,0,0,0,0
392,362.713,98.7788,426.861,541.729,419.642,566.062,1,61.7368,300.976,5.87515
393,157.9,126.24,454.505,151.05,355.596,174.33,0,78.9002,79.0003,2.00127
394,92.7992,97.7035,210.7,572.901,144.737,615.811,0,61.0647,31.7345,1.51969
395,93.6991,91.8448,546.808,334.296,630.297,333.939,0,57.403,36.2961,1.6323
396,21.9,23.2256,405.308,101.405,405.724,78.1921,0,14.516,7.38404,1.50868
397,165.801,136.772,472.498,157.543,356.09,173.453,0,85.4825,80.3185,1.93959
398,316.81,224.244,458.292,338.615,356.155,173.391,0,140.153,176.657,2.26046
399,158,186.55,406.48,689.701,313.044,818.066,0,116.594,41.4067,1.35514
400,287.708,252.624,452.699,416.729,615.455,540.15,0,157.89,129.819,1.82221
401,209.704,155.822,279.426,326.514,250.932,184.744,0,97.3885,112.315,2.15327
402,51.2998,62.6248,200.592,673.589,149.474,693.236,0,39.1405,12.1593,1.31066
403,68.8995,66.3939,587.502,133.425,653.551,130.373,0,41.4962,27.4033,1.66038
404,24.1001,25.435,143.924,668.868,149.719,693.172,0,15.8969,8.20321,1.51603
405,59.9997,53.2589,589.116,649.251,613.259,613.208,0,33.2868,26.7128,1.8025
406,338.011,291.746,271.338,454.572,67.6579,405.58,0,182.341,155.67,1.85373
407,302.209,240.553,455.51,435.42,615.61,539.626,0,150.346,151.863,2.01009
408,8.3,8.97078,607.299,745.489,612.116,752.691,0,5.60674,2.69326,1.48036
409,201.503,167.1,227.317,332.953,249.579,185.182,0,104.438,97.0653,1.92941
410,183.502,180.067,197.954,488.244,139.623,611.166,0,112.542,70.9601,1.63052
411,208.604,148.086,162.542,454.074,67.7044,405.589,0,92.554,116.05,2.25386
412,46.6999,51.7374,599.377,703.274,612.336,752.071,0,32.3359,14.364,1.44421
413,171.001,121.253,220.014,300.951,249.336,185.22,0,75.7828,95.2184,2.25646
414,87.3992,85.428,152.201,398.423,67.8413,405.432,0,53.3925,34.0068,1.63692
415,65.9996,66.7088,411.668,150.975,356.091,173.629,0,41.693,24.3066,1.58299
416,30.3001,39.0668,261.372,222.162,249.916,185.084,0,24.4168,5.88333,1.24095
417,203.003,138.726,483.533,188.468,356.199,173.285,0,86.7037,116.3,2.34135
418,46.7999,40.3844,576.999,597.419,613.279,612.437,0,25.2403,21.5596,1.85418
419,46.6999,65.9215,214.437,725.404,152.967,701.747,0,41.201,5.4989,1.13347
420,12.6,14.584,601.319,607.58,613.166,612.882,0,9.11499,3.48502,1.38234
421,71.3995,75.1727,196.66,640.212,144.784,615.951,0,46.9829,24.4166,1.51969
422,267.907,201.318,479.329,318.445,630.367,334.05,0,125.824,142.083,2.12923
423,0,0,648.551,192.986,648.551,192.986,0,0,0,0
424,197.003,140.962,559.229,555.866,613.252,612.548,0,88.101,108.902,2.2361
425,25.1001,28.1662,133.964,587.209,139.847,611.084,0,17.6039,7.49621,1.42583
426,95.3991,103.762,114.616,465.093,67.7856,405.412,0,64.8512,30.5479,1.47105
427,207.503,154.515,444.26,149.739,356.118,173.436,0,96.5722,110.931,2.14869
428,193.003,148.297,467.816,212.702,356.079,173.496,0,92.6856,100.317,2.08234
429,273.908,212.571,498.908,518.337,613.181,612.555,0,132.857,141.05,2.06167
430,291.909,229.007,479.888,469.772,615.587,539.633,0,143.129,148.779,2.03948
431,99.1991,92.4232,418.052,217.441,356.145,173.447,0,57.7645,41.4346,1.7173
432,216.504,250.407,277.787,526.931,139.921,611.088,0,156.504,59.9998,1.38337
433,219.104,155.684,472.592,611.035,613.311,612.495,0,97.3028,121.801,2.25178
434,107.899,108.154,558.597,153.093,653.488,129.952,0,67.5964,40.3026,1.59622
435,48.5998,61.1661,615.712,240.413,635.955,282.371,0,38.2288,10.371,1.27129
436,257.106,219.419,502.939,409.006,630.387,334.067,0,137.137,119.97,1.87482
437,336.411,293.048,349.001,417.998,349.789,174.66,0,183.155,153.257,1.83676
438,15.1,19.3838,630.246,205.669,647.969,197.857,0,12.1149,2.98516,1.24641
439,35.5,24.832,273.656,197.846,253.103,183.465,0,15.52,19.98,2.28737
440,257.006,224.616,480.582,427.071,615.633,539.553,0,140.385,116.622,1.83073
441,138.699,120.168,456.152,161.676,356.158,173.326,0,75.1052,63.594,1.84673
442,94.2991,126.754,249.369,667.055,149.485,693.219,0,79.2213,15.0779,1.19033
443,273.607,207.292,491.145,250.971,356.314,173.225,0,129.558,144.05,2.11186
444,23.7001,32.0435,261.286,215.023,250.554,184.837,0,20.0272,3.67285,1.18339
445,331.211,314.783,357.754,459.68,349.522,174.644,0,196.739,134.472,1.6835
446,138.199,165.327,290.385,686.04,149.341,693.268,0,103.329,34.8701,1.33747
447,66.8996,60.2378,589.044,656.768,613.17,612.828,0,37.6486,29.2509,1.77695
448,246.006,218.382,349.723,353.366,349.544,174.621,0,136.489,109.517,1.80239
449,104.599,139.138,560.241,279.288,648.217,198.067,0,86.9615,17.6374,1.20282
450,205.203,163.393,277.967,597.794,144.688,615.609,0,102.12,103.083,2.00942
451,202.103,219.779,408.393,661.019,312.706,817.954,0,137.362,64.7411,1.47132
452,132.599,89.6839,547.454,641.402,613.243,612.6,0,56.0524,76.5465,2.36562
453,160.701,148.951,585.121,395.145,630.289,334.08,0,93.0946,67.606,1.72621
454,362.713,282.966,427.749,413.052,617.492,334.141,1,176.854,185.859,2.05092
455,11.9,13.8944,616.883,331.178,630.315,334.154,0,8.68401,3.216,1.37034
456,331.211,267.568,420.868,392.842,630.268,334.114,0,167.23,163.981,1.98057
457,106.199,100.066,222.136,280.996,248.42,184.836,0,62.5415,43.6575,1.69806
458,58.8997,65.2969,566.608,342.127,630.373,334.147,0,40.8106,18.0891,1.44325
459,131.099,127.999,175.105,261.284,248.217,184.674,0,79.9992,51.0996,1.63875
460,26.5001,36.4593,613.021,186.261,647.796,191.482,0,22.787,3.71303,1.16295
461,219.404,172.914,445.016,277.166,355.497,174.418,0,108.071,111.333,2.03018
462,159.101,131.199,550.448,555.57,613.253,612.623,0,81.9991,77.1014,1.94027
463,142.6,129.637,250.792,307.417,249.826,185.132,0,81.023,61.5765,1.75999
464,110.399,111.96,543.191,120.668,653.534,129.952,0,69.9748,40.4241,1.5777
465,193.403,140.478,291.002,306.156,250.281,184.931,0,87.7987,105.604,2.2028
466,119.599,149.667,313.523,696.763,312.258,818.169,0,93.5417,26.0571,1.27856
467,267.807,246.784,458.213,421.303,615.497,540.204,0,154.24,113.567,1.7363
468,296.009,252.806,466.448,234.679,356.286,173.238,0,158.004,138.005,1.87343
469,131.599,124.636,469.197,174.311,356.189,173.448,0,77.8973,53.7015,1.68939
470,202.103,143.655,177.654,440.563,67.7305,405.488,0,89.7844,112.319,2.25098
471,216.604,170.628,242.791,342.628,249.82,185.15,0,106.642,109.962,2.03113
472,362.713,51.3284,593.46,361.082,613.85,366.834,1,32.0802,330.633,11.3064
473,285.308,237.582,305.335,383.051,249.9,185.058,0,148.489,136.819,1.92141
474,168.201,171.397,200.75,477.336,140.179,611.251,0,107.123,61.0777,1.57016
475,44.1999,50.0517,143.27,561.632,139.947,611.121,0,31.2823,12.9176,1.41294
476,37.9,44.0369,187.723,624.219,144.748,616,0,27.5231,10.3769,1.37703
477,55.9997,44.0898,111.313,403.851,67.733,405.6,0,27.5561,28.4436,2.03221
478,219.404,166.377,171.942,303.412,249.21,185.133,0,103.985,115.419,2.10995
479,291.509,200.257,234.27,429.556,67.7258,405.473,0,125.16,166.348,2.32908
480,67.6995,64.2142,589.279,130.305,653.505,129.79,0,40.1339,27.5657,1.68684
481,298.409,247.229,455.062,422.398,615.65,539.679,0,154.518,143.891,1.93123
482,60.7996,68.3509,549.476,747.838,612.043,752.786,0,42.7193,18.0804,1.42324
483,78.8994,110.559,258.49,734.341,153.675,700.217,0,69.0995,9.7999,1.14182
484,176.602,171.963,245.318,572.605,144.794,616.137,0,107.477,69.1247,1.64316
485,49.2998,59.6518,303.805,768.487,311.872,818.259,0,37.2823,12.0175,1.32234
486,43.2999,54.2688,589.92,704.26,612.167,752.583,0,33.918,9.38189,1.27661
487,142.199,162.74,203.881,518.713,140.041,611.142,0,101.713,40.4868,1.39805
488,247.406,180.956,246.73,350.71,249.151,185.139,0,113.098,134.308,2.18754
489,46.8999,57.5288,596.037,307.184,630.258,334.147,0,35.9555,10.9443,1.30439
490,126.099,114.372,260.007,296.012,250.227,185.005,0,71.4827,54.616,1.76405
491,110.199,99.8301,263.804,282.303,250.238,184.896,0,62.3938,47.8051,1.76618
492,82.0993,74.8138,601.53,684.029,612.397,752.049,0,46.7586,35.3407,1.75581
493,317.81,186.334,526.042,534.705,613.154,612.963,0,116.459,201.352,2.72895
494,153.2,142.116,578.811,395.743,630.253,334.113,0,88.8228,64.3774,1.72478
495,113.199,115.255,308.525,252.747,349.693,174.69,0,72.0344,41.1645,1.57146
496,146.1,189.057,453.897,714.904,611.969,752.871,0,118.161,27.9392,1.23645
497,9.6,10.3144,642.156,206.381,647.974,197.918,0,6.44648,3.15352,1.48919
498,19.8,20.469,601.748,601.968,613.261,612.781,0,12.7931,7.00692,1.54771
499,212.004,239.68,271.624,519.698,139.657,611.109,0,149.8,62.2035,1.41524
500,115.499,103.374,161.857,386.559,67.7477,405.51,0,64.6087,50.8901,1.78767
501,0,0,610.01,833.573,610.01,833.573,0,0,0,0
502,129.999,155.841,307.927,698.904,312.258,818.203,0,97.4009,32.5978,1.33468
503,3.7,2.96166,611.088,615.339,613.911,614.443,0,1.85104,1.84896,1.99888
504,209.504,203.356,613.436,386.092,615.63,539.643,0,127.097,82.4063,1.64837
505,150.6,136.83,199.771,386.721,67.7036,404.881,0,85.5187,65.0813,1.76102
506,25.8001,21.8477,600.524,599.676,613.27,612.399,0,13.6548,12.1452,1.88944
507,250.706,237.183,463.662,430.727,615.534,540.078,0,148.239,102.467,1.69123
508,210.104,155.473,495.674,663.953,613.209,612.752,0,97.1709,112.933,2.16221
509,80.6993,112.973,260.529,734.687,153.618,700.186,0,70.6084,10.091,1.14291
510,52.7998,64.911,185.024,594.935,144.802,616.175,0,40.5694,12.2304,1.30147
511,57.9997,77.5531,325.903,745.464,312.77,817.955,0,48.4707,9.52901,1.19659
512,81.3993,110.929,240.513,671.017,149.531,693.233,0,69.3304,12.069,1.17408
513,42.3999,46.0725,151.285,572.025,139.892,611.067,0,28.7953,13.6046,1.47246
514,192.703,198.789,214.92,462.483,139.65,611.17,0,124.243,68.4595,1.55101
515,103.999,114.592,281.296,736.974,311.961,818.288,0,71.6199,32.379,1.4521
516,123.999,115.486,163.904,375.227,67.7012,404.889,0,72.1785,51.8202,1.71795
517,139.099,136.402,311.872,292.319,251.316,184.528,0,85.2514,53.8479,1.63164
518,65.6996,72.7131,542.09,615.253,613.168,612.892,0,45.4457,20.2539,1.44567
519,362.713,180.082,440.957,511.454,550.227,453.972,1,112.551,250.162,3.22265
520,138.699,126.742,527.154,572.717,613.247,612.775,0,79.2136,59.4857,1.75095
521,87.2992,90.5384,301.239,226.944,349.975,174.777,0,56.5865,30.7127,1.54276
522,56.6997,63.7526,132.589,557.68,139.906,611.149,0,39.8454,16.8543,1.42299
523,175.301,159.055,532.073,445.737,615.466,539.868,0,99.4092,75.8923,1.76343
524,196.403,160.651,521.916,391.272,630.382,334.058,0,100.407,95.996,1.95607
525,21.6,23.0171,611.948,324.078,630.265,334.322,0,14.3857,7.21435,1.50149
526,140.199,130.267,311.686,266.793,349.884,174.692,0,81.4171,58.7822,1.72199
527,197.803,187.614,258.682,572.345,144.841,615.816,0,117.259,80.5441,1.68689
528,0.6,0.142565,403.782,77.5739,403.83,77.4395,0,0.089103,0.510897,6.73378
529,228.205,232.049,491.417,505.248,615.49,540.122,0,145.031,83.1739,1.57349
530,118.199,83.3347,591.737,355.882,630.359,334.122,0,52.0842,66.1146,2.26938
531,32.5001,37.5745,616.577,200.111,648.349,198.104,0,23.4841,9.01603,1.38392
532,45.5999,37.3356,105.359,404.435,67.6806,404.775,0,23.3348,22.2651,1.95416
533,303.109,261.688,233.709,481.28,67.691,405.502,0,163.555,139.554,1.85326
534,36.2,37.1864,580.859,769.462,611.057,755.11,0,23.2415,12.9585,1.55756
535,236.405,293.807,334.11,423.588,251.409,184.479,0,183.629,52.776,1.28741
536,193.603,165.09,530.073,434.599,615.627,539.687,0,103.181,90.4213,1.87633
537,19.8,23.6272,140.296,644.145,139.879,620.843,0,14.767,5.03304,1.34083
538,28.4001,28.8398,133.278,586.858,139.939,611.126,0,18.0248,10.3752,1.57561
539,35.9,37.3129,604.885,584.565,613.423,612.123,0,23.3205,12.5795,1.53942
540,206.403,175.006,291.617,605.778,144.796,616.105,0,109.379,97.0244,1.88705
541,131.099,123.923,555.524,170.161,653.49,129.954,0,77.4521,53.6467,1.69264
542,92.1992,88.8754,155.669,400.078,67.8206,404.999,0,55.5471,36.652,1.65984
543,151.8,131.447,466.787,156.307,356.334,173.074,0,82.1544,69.6456,1.84774
544,286.508,243.694,350.213,382.082,349.503,174.626,0,152.308,134.2,1.88111
545,141.799,164.173,550.089,211.154,647.752,191.545,0,102.608,39.1913,1.38195
546,242.506,219.245,386.17,342.216,349.493,174.613,0,137.028,105.477,1.76975
547,39.6,43.7716,141.011,568.847,139.926,611.065,0,27.3573,12.2427,1.44751
548,109.299,84.6149,588.394,355.774,630.404,334.447,0,52.8843,56.4146,2.06675
549,2,1.22752,134.853,613.031,136.021,613.41,0,0.767202,1.2328,2.60688
550,206.303,162.936,445.344,268.942,356.247,173.403,0,101.835,104.468,2.02586
551,64.0996,60.948,302.856,767.237,311.582,818.36,0,38.0925,26.0071,1.68273
552,146,133.731,452.161,222.285,355.614,174.32,0,83.582,62.4177,1.74678
553,24.6001,24.432,83.2701,417.208,67.7416,405.249,0,15.27,9.33004,1.611
554,35.8,33.2842,140.269,662.573,149.441,693.319,0,20.8026,14.9974,1.72094
555,81.7993,88.9515,301.282,225.95,349.604,174.587,0,55.5947,26.2046,1.47135
556,76.4994,74.8899,316.781,752.752,311.812,818.255,0,46.8062,29.6932,1.63439
557,114.999,115.111,194.442,254.959,248.466,184.776,0,71.9441,43.0547,1.59845
558,110.899,101.715,436.103,202.555,356.263,173.222,0,63.572,47.3268,1.74446
559,48.8998,45.5284,97.8037,425.412,67.7338,404.799,0,28.4553,20.4446,1.71848
560,94.0991,92.3088,246.981,774.764,310.591,818.834,0,57.693,36.4061,1.63103
561,247.506,199.982,477.719,397.245,630.344,334.142,0,124.989,122.517,1.98022
562,293.509,227.153,480.463,464.056,615.671,539.709,0,141.97,151.538,2.06739
563,66.4996,64.5714,594.8,175.014,648.419,190.799,0,40.3571,26.1424,1.64778
564,77.7994,86.9766,148.61,524.996,139.834,611.103,0,54.3604,23.439,1.43118
565,278.108,249.918,326.013,556.034,144.809,616.107,0,156.199,121.909,1.78047
566,0,0,406.306,71.699,406.306,71.699,0,0,0,0
567,47.5998,49.285,80.8287,441.422,67.7881,405.421,0,30.8031,16.7967,1.54529
568,146.9,171.933,309.427,717.778,312.087,818.188,0,107.458,39.4413,1.36704
569,165.101,134.668,505.403,338.246,630.309,334.086,0,84.1674,80.9335,1.96158
570,80.4993,72.6309,416.495,196.475,355.818,174.226,0,45.3943,35.1051,1.77334
571,130.799,158.271,284.553,690.893,149.297,693.334,0,98.9192,31.8796,1.32228
572,289.108,257.516,359.874,393.344,349.606,174.559,0,160.947,128.161,1.79629
573,334.411,309.831,366.688,524.03,144.743,615.79,0,193.644,140.767,1.72694
574,29.1001,37.3964,607.287,310.656,630.334,334.038,0,23.3728,5.72731,1.24504
575,159.901,138.745,244.273,313.705,250.325,184.903,0,86.7156,73.185,1.84397
576,101.999,94.9021,246.18,791.002,310.848,818.729,0,59.3138,42.6852,1.71965
577,148.4,185.989,534.891,305.99,647.901,197.65,0,116.243,32.1569,1.27664
578,107.999,107.737,204.457,562.767,144.807,615.824,0,67.3357,40.6632,1.60389
579,88.2992,90.926,563.644,122.807,653.52,129.954,0,56.8287,31.4705,1.55378
580,74.4994,97.3714,332.882,723.386,312.503,817.983,0,60.8571,13.6423,1.22417
581,147.7,165.949,522.557,214.838,647.655,191.765,0,103.718,43.982,1.42405
582,232.805,170.774,166.802,301.212,248.252,184.687,0,106.734,126.071,2.18117
583,96.9991,117.746,550.674,196.064,647.814,191.672,0,73.5913,23.4078,1.31808
584,264.107,223.331,395.108,337.588,349.655,174.684,0,139.582,124.525,1.89213
585,166.201,215.385,511.795,249.691,647.971,197.798,0,134.616,31.585,1.23463
586,185.202,196.875,203.381,455.359,140.08,611.082,0,123.047,62.155,1.50513
587,309.21,255.279,252.534,460.214,67.6729,405.628,0,159.549,149.66,1.93802
588,166.101,211.239,333.061,361.839,251.579,184.406,0,132.024,34.0766,1.25811
589,199.103,198.057,402.437,302.243,355.626,174.417,0,123.786,75.3172,1.60845
590,55.2997,60.3054,583.429,705.542,612.167,752.488,0,37.6909,17.6088,1.46719
591,233.705,187.853,250.667,397.838,67.7496,404.88,0,117.408,116.297,1.99054
592,14.7,16.565,158.281,612.369,144.837,615.879,0,10.3531,4.34692,1.41987
593,125.199,135.975,311.762,289.771,251.047,184.581,0,84.9847,40.214,1.47319
594,111.599,110.155,558.371,156.487,653.494,130.049,0,68.8471,42.7518,1.62097
595,196.003,131.421,490.096,607.947,613.222,612.934,0,82.1381,113.865,2.38626
596,323.511,254.767,439.924,444.482,615.54,540.112,0,159.229,164.281,2.03173
597,31.4001,30.9746,83.124,423.65,67.7386,405.508,0,19.3591,12.0409,1.62198
598,331.011,278.868,286.938,457.127,67.6827,405.581,0,174.293,156.718,1.89917
599,215.304,260.336,332.71,389.749,251.52,184.393,0,162.71,52.5941,1.32324
600,61.2996,42.495,224.776,214.521,248.537,184.777,0,26.5594,34.7402,2.30802
601,87.0992,90.2349,564.625,123.302,653.558,129.951,0,56.3968,30.7024,1.5444
602,276.008,216.998,277.334,381.898,249.253,185.096,0,135.624,140.384,2.0351
603,124.599,103.404,171.256,401.789,67.838,405.069,0,64.6278,59.9709,1.92794
604,227.205,198.457,404.09,307.462,355.579,174.322,0,124.035,103.169,1.83177
605,133.899,131.528,580.605,382.07,630.342,334.141,0,82.2047,51.6943,1.62885
606,87.6992,94.6119,205.824,573.069,144.679,615.556,0,59.1324,28.5668,1.4831
607,258.907,187.966,251.42,395.777,67.7002,405.587,0,117.479,141.428,2.20385
608,155.8,180.344,302.508,668.157,312.214,818.173,0,112.715,43.0856,1.38225
609,0,0,619.283,540.434,619.283,540.434,0,0,0,0
610,10.4,10.3735,639.384,203.015,648.195,198.046,0,6.48344,3.91656,1.60409
611,242.706,191.673,298.447,346.277,250.032,185.048,0,119.796,122.91,2.026
612,238.005,219.435,488.425,462.731,615.498,539.975,0,137.147,100.859,1.73541
613,5.1,4.8989,641.751,195.11,646.595,194.45,0,3.06181,2.03819,1.66568
614,145.4,133.768,163.09,480.331,140.147,611.136,0,83.6053,61.7944,1.73912
615,33.9001,37.4623,616.493,132.702,653.462,130.041,0,23.414,10.4861,1.44786
616,151.9,139.395,310.071,297.069,250.876,184.685,0,87.1218,64.7783,1.74354
617,231.005,214.684,392.829,329.853,349.569,174.573,0,134.177,96.8276,1.72164
618,118.599,102.694,169.227,403.215,67.779,404.952,0,64.1839,54.4148,1.8478
619,223.804,161.153,203.116,427.269,67.7012,405.47,0,100.721,123.084,2.22203
620,60.8996,52.3652,590.617,648.431,613.322,613.205,0,32.7282,28.1714,1.86077
621,31.7001,33.4863,569.044,832.339,602.375,833.26,0,20.9289,10.7712,1.51465
622,21.5,25.9185,578.372,827.674,602.39,833.347,0,16.199,5.301,1.32724
623,182.702,165.647,528.558,436.778,615.674,539.749,0,103.529,79.1728,1.76474
624,139.199,181.02,532.565,266.685,647.878,197.706,0,113.138,26.0616,1.23035
625,59.0997,75.1603,204.399,703.01,153.732,700.445,0,46.9752,12.1245,1.2581
626,234.405,185.274,484.721,301.694,630.298,334.117,0,115.796,118.609,2.02429
627,125.499,126.798,527.914,123.811,653.543,129.951,0,79.249,46.2497,1.5836
628,98.2991,120.871,576.905,273.411,647.866,197.719,0,75.5446,22.7545,1.30121
629,83.9993,83.4549,571.114,132.99,653.489,129.985,0,52.1593,31.8399,1.61044
630,207.703,198.226,495.639,442.608,615.647,539.706,0,123.891,83.8125,1.6765
631,122.699,119.892,343.053,272.389,349.9,174.727,0,74.9324,47.7663,1.63746
632,19.5,22.0202,145.029,672.248,149.714,693.191,0,13.7626,5.7374,1.41688
633,362.713,276.782,421.248,563.48,594.118,612.594,1,172.989,189.724,2.09674
634,211.604,236.204,267.761,519.033,140.095,611.073,0,147.628,63.976,1.43336
635,40,48.7944,324.015,204.499,349.773,174.741,0,30.4965,9.50344,1.31162
636,43.2999,47.4993,143.604,564.151,139.861,611.062,0,29.6871,13.6129,1.45855
637,166.501,162.791,282.739,666.063,144.823,616.072,0,101.745,64.7563,1.63646
638,362.713,248.574,424.656,592.129,595.618,615.143,1,155.359,207.354,2.33468
639,206.003,168.445,510.232,324.304,630.375,334.092,0,105.278,100.725,1.95676
640,134.999,105.217,163.797,412.096,67.8268,404.977,0,65.7608,69.2382,2.05288
641,220.404,260.648,333.464,391.318,251.183,184.468,0,162.905,57.4994,1.35296
642,362.713,241.569,444.996,478.608,598.78,514.808,1,150.981,211.732,2.40238
643,24.9001,30.0083,580.106,823.349,602.37,833.319,0,18.7552,6.14484,1.32763
644,81.2993,81.6112,148.729,399.775,67.7661,405.017,0,51.007,30.2923,1.59389
645,90.1992,91.2688,569.92,142.119,653.542,130.018,0,57.043,33.1562,1.58125
646,39.4,39.0807,563.234,832.866,602.415,833.267,0,24.4254,14.9746,1.61307
647,19.2,19.8215,599.136,602.427,613.272,612.741,0,12.3885,6.81158,1.54983
648,80.9993,90.4668,532.499,754.11,611.092,755.198,0,56.5417,24.4576,1.43256
649,28.7001,33.2476,621.09,136.008,653.468,130.057,0,20.7797,7.92033,1.38116
650,139.499,131.574,393.75,236.65,355.598,174.423,0,82.2339,57.2654,1.69637
651,39.5,35.6283,239.891,219.094,249.692,185.195,0,22.2677,17.2323,1.77387
652,260.907,181.818,255.643,342.403,249.809,185.125,0,113.636,147.27,2.29598
653,209.204,203.437,394.074,312.673,349.598,174.644,0,127.148,82.0556,1.64535
654,272.307,230.734,347.205,594.492,144.747,615.949,0,144.209,128.099,1.88829
655,88.7992,114.115,560.351,208.179,647.774,191.787,0,71.322,17.4772,1.24505
656,52.4998,44.1224,289.062,206.272,252.434,184.024,0,27.5765,24.9233,1.90379
657,362.713,241.778,483.939,488.94,606.361,541.037,1,151.111,211.602,2.4003
658,325.011,252.662,442.724,444.735,615.6,539.739,0,157.914,167.097,2.05815
659,90.5992,88.5373,563.57,360.393,630.43,333.829,0,55.3358,35.2634,1.63726
660,96.5991,102.71,246.166,631.691,144.779,616.244,0,64.1938,32.4053,1.5048
661,258.907,227.61,388.529,349.824,350.007,174.802,0,142.256,116.65,1.82
662,362.713,221.982,450.053,485.06,594.271,494.603,1,138.739,223.974,2.61436
663,13.2,14.3361,251.208,199.173,249.544,185.193,0,8.96009,4.23992,1.4732
664,306.609,283.154,359.623,548.847,144.693,615.658,0,176.971,129.638,1.73254
665,78.9994,98.4132,522.472,776.909,611.151,755.037,0,61.5083,17.4911,1.28437
666,195.003,182.114,236.033,508.215,139.653,611.185,0,113.821,81.1816,1.71324
667,161.401,133.286,524.81,667.945,613.153,612.969,0,83.3039,78.0968,1.93749
668,272.307,195.259,526.339,521.642,613.241,612.695,0,122.037,150.27,2.23135
669,259.907,315.009,311.316,478.435,139.927,611.136,0,196.881,63.0258,1.32012
670,166.601,192.896,432.526,713.584,313.113,818.094,0,120.56,46.0411,1.38189
671,175.702,169.787,486.139,116.572,653.512,130.049,0,106.117,69.5848,1.65574
672,172.001,201.186,418.937,685.458,313.124,818.104,0,125.741,46.2598,1.3679
673,213.704,196.951,611.816,395.362,615.511,539.947,0,123.094,90.6095,1.7361
674,65.3996,79.5105,211.728,681.278,149.454,693.28,0,49.6941,15.7055,1.31604
675,21.3,23.1606,246.935,208.061,249.436,185.243,0,14.4754,6.82466,1.47147
676,69.6995,64.726,589.175,131.55,653.512,130.23,0,40.4537,29.2458,1.72294
677,82.0993,71.6968,316.64,755.064,311.56,818.367,0,44.8105,37.2888,1.83215
678,145.6,114.663,160.621,375.386,67.7228,404.874,0,71.6645,73.9352,2.03168
679,177.102,148.914,290.165,635.724,144.761,615.782,0,93.0714,84.0302,1.90286
680,362.713,269.707,438.107,549.287,569.324,617.788,1,168.567,194.146,2.15175
681,362.713,192.956,417.722,497.635,561.362,451.154,1,120.598,242.115,3.00763
682,152.9,132.165,531.206,681.717,613.247,612.899,0,82.6031,70.297,1.85102
683,25.4001,29.3501,147.688,664.256,149.675,693.269,0,18.3438,7.05625,1.38467
684,230.205,180.104,282.248,580.896,144.741,615.815,0,112.565,117.64,2.04508
685,28.5001,28.9156,600.323,776.983,611.069,754.979,0,18.0722,10.4278,1.57701
686,246.506,296.822,333.043,428.149,250.906,184.702,0,185.513,60.9924,1.32878
687,153.4,159.649,507.462,145.312,653.556,130.03,0,99.7806,53.6196,1.53737
688,301.209,271.143,363.593,417.285,349.717,174.667,0,169.464,131.745,1.77742
689,42.2999,41.496,292.237,194.754,253.141,183.416,0,25.935,16.3649,1.631
690,82.0993,115.347,261.967,737.712,153.691,700.244,0,72.0918,10.0076,1.13882
691,18.2,21.4126,317.942,797.598,312.713,817.982,0,13.3829,4.81718,1.35995
692,220.704,165.366,517.565,544.143,613.299,613.155,0,103.354,117.351,2.13543
693,118.599,106.588,156.388,506.855,139.622,611.16,0,66.6178,51.981,1.78029
694,21.5,26.3835,142.354,585.232,139.881,611.081,0,16.4897,5.01035,1.30385
695,265.807,262.137,349.623,565.621,144.791,616.029,0,163.836,101.971,1.6224
696,121.999,112.724,541.245,667.303,613.241,612.831,0,70.4522,51.5465,1.73165
697,59.7997,66.2476,315.299,760.685,311.797,818.322,0,41.4048,18.3949,1.44427
698,334.211,267.648,422.421,400.438,630.349,334.145,0,167.28,166.931,1.99792
699,172.901,157.318,425.296,281.842,355.603,174.305,0,98.3239,74.5775,1.75849
700,107.199,127.91,518.848,717.841,611.801,753.456,0,79.9437,27.2552,1.34093
701,143.6,107.998,168.915,384.263,67.6934,404.886,0,67.4986,76.1009,2.12744
702,97.6991,93.488,559.481,362.851,630.266,334.328,0,58.43,39.2691,1.67207
703,44.2999,52.7124,573.873,788.407,606.303,811.921,0,32.9453,11.3546,1.34465
704,49.3998,43.9928,296.258,187.156,253.484,182.715,0,27.4955,21.9043,1.79665
705,226.305,168.698,273.724,338.767,250.733,184.833,0,105.436,120.868,2.14637
706,37.6,49.833,189.845,697.303,152.84,701.82,0,31.1456,6.45437,1.20723
707,286.908,239.654,479.343,505.897,613.196,612.722,0,149.784,137.125,1.91548
708,305.309,163.777,470.906,619.465,613.234,612.574,0,102.361,202.949,2.98269
709,60.0997,67.5152,341.368,204.016,349.79,174.728,0,42.197,17.9027,1.42426
710,57.1997,59.2713,612.252,153.615,653.477,130.036,0,37.0445,20.1552,1.54408
711,161.701,132.13,196.81,389.811,67.7266,404.851,0,82.5812,79.1195,1.95808
712,54.1997,52.3074,298.327,202.085,252.406,184.014,0,32.6921,21.5076,1.65788
713,106.699,125.268,107.804,484.178,67.8483,405.439,0,78.2923,28.4066,1.36283
714,276.108,261.424,295.485,435.767,67.6692,404.927,0,163.39,112.718,1.68987
715,203.003,116.98,195.597,263.76,248.128,184.679,0,73.1125,129.891,2.77659
716,13,14.5242,337.516,181.796,349.865,174.736,0,9.07761,3.9224,1.4321
717,242.006,175.32,205.481,437.214,67.6668,405.499,0,109.575,132.431,2.20858
718,164.701,155.099,174.049,338.983,67.6842,404.848,0,96.9371,67.7637,1.69905
719,60.2997,61.3164,606.407,156.865,647.75,191.772,0,38.3228,21.9769,1.57347
720,175.502,170.819,284.321,674.401,144.77,616.155,0,106.762,68.7395,1.64386
721,302.709,259.107,450.401,409.114,615.54,540.027,0,161.942,140.767,1.86924
722,7.4,8.10091,608.481,745.71,612.152,752.833,0,5.06307,2.33693,1.46156
723,135.399,161.104,284.998,688.268,149.508,693.288,0,100.69,34.7088,1.34471
724,253.306,206.093,445.199,325.076,356.128,173.632,0,128.808,124.498,1.96654
725,177.602,193.902,361.207,646.626,312.601,817.971,0,121.189,56.4127,1.46549
726,230.205,162.867,511.884,178.982,356.175,173.401,0,101.792,128.413,2.26153
727,15.7,19.8009,142.321,591.799,139.843,611.125,0,12.3756,3.32444,1.26863
728,109.499,101.588,433.402,201.933,356.292,173.152,0,63.4924,46.0065,1.7246
729,55.7997,65.8292,281.426,777.756,311.153,818.571,0,41.1432,14.6565,1.35623
730,220.404,198.601,344.394,334.567,349.57,174.631,0,124.125,96.2788,1.77566
731,131.399,171.237,529.888,289.824,648.04,198.024,0,107.023,24.3754,1.22776
732,135.999,104.919,224.088,285.374,249.499,185.215,0,65.5742,70.4249,2.07397
733,147,167.527,516.217,206.106,648.454,190.87,0,104.704,42.2953,1.40395
734,43.5999,51.9864,617.036,249.37,636.022,282.645,0,32.4915,11.1084,1.34189
735,331.711,160.706,496.634,630.475,613.348,613.193,0,100.441,231.27,3.30253
736,205.003,217.328,508.642,505.395,615.539,540.15,0,135.83,69.1731,1.50926
737,362.713,206.922,421.5,497.564,579.351,452.99,1,129.326,233.387,2.80463
738,138.999,161.77,301.868,695.202,312.309,818.07,0,101.106,37.8932,1.37479
739,129.999,127.253,304.154,284.474,249.835,185.108,0,79.5331,50.4657,1.63452
740,197.803,199.982,526.433,458.883,615.514,540.204,0,124.989,72.8139,1.58256
741,142.299,179.026,463.714,715.856,612.009,753.014,0,111.891,30.4082,1.27177
742,126.999,109.811,127.754,519.628,139.657,611.108,0,68.6321,58.3666,1.85043
743,181.802,150.883,215.267,391.188,67.7242,405.595,0,94.3019,87.5,1.92787
744,184.402,156.226,517.687,390.228,630.287,334.141,0,97.641,86.7611,1.88857
745,159.601,159.033,507.922,147.049,653.554,130.347,0,99.3953,60.2052,1.60571
746,174.201,183.116,519.661,434.248,615.458,540.197,0,114.448,59.7539,1.52211
747,55.2997,65.6473,327.661,220.091,349.879,174.68,0,41.0296,14.2702,1.3478
748,31.7001,30.7216,244.866,215.306,249.625,185.24,0,19.201,12.4991,1.65096
749,36,32.0176,250.108,217.384,249.91,185.096,0,20.011,15.989,1.79901
750,310.11,229.05,483.772,514.597,613.205,612.896,0,143.156,166.954,2.16624
751,1.7,0.817524,642.177,287.302,641.95,286.516,0,0.510953,1.18905,3.32712
752,213.004,151.682,295.818,314.625,249.254,185.086,0,94.8012,118.203,2.24685
753,146.9,166.96,370.164,674.8,312.948,817.983,0,104.35,42.5498,1.40776
754,135.899,177.269,534.292,297.201,647.866,197.758,0,110.793,25.1061,1.2266
755,121.699,114.068,557.958,299.952,630.352,333.754,0,71.2922,50.4065,1.70704
756,14.7,16.9222,154.571,677.103,149.677,693.266,0,10.5764,4.12366,1.38989
757,129.399,105.109,167.56,388.274,67.8223,405.332,0,65.6931,63.7056,1.96974
758,73.5994,72.4999,418.498,149.211,356.078,173.64,0,45.3124,28.287,1.62427
759,284.308,205.237,478.697,537.107,613.189,612.74,0,128.273,156.035,2.21643
760,167.501,184.715,529.686,491.603,615.56,540.192,0,115.447,52.0539,1.45089
761,76.4994,71.0362,594.058,363.952,630.33,334.349,0,44.3976,32.1018,1.72305
762,16,17.1632,243.37,200.636,249.762,185.146,0,10.727,5.27302,1.49157
763,169.701,212.683,333.106,362.007,251.571,184.437,0,132.927,36.7742,1.27665
764,72.2995,91.2076,573.017,480.349,615.7,540.685,0,57.0047,15.2947,1.26831
765,113.699,120.404,589.809,442.59,615.567,539.575,0,75.2524,38.4465,1.5109
766,33.0001,41.2781,596.856,510.876,615.51,540.079,0,25.7988,7.20123,1.27913
767,170.001,109.062,212.105,253.092,248.068,184.666,0,68.1637,101.837,2.49401
768,73.6994,72.4237,582.332,124.648,653.493,130.048,0,45.2648,28.4347,1.62818
769,144.7,135.021,222.844,592.463,144.692,615.626,0,84.388,60.3117,1.7147
770,40.2,56.0215,206.001,719.959,153.447,700.734,0,35.0134,5.18653,1.14813
771,73.6994,78.5184,585.096,185.231,648.369,190.811,0,49.074,24.6254,1.5018
772,89.4992,85.9368,153.006,399.814,67.7951,405.351,0,53.7105,35.7887,1.66633
773,328.711,255.598,438.872,446.386,615.612,539.736,0,159.749,168.962,2.05767
774,208.404,228.153,269.241,512.798,139.944,611.057,0,142.596,65.8078,1.4615
775,155.7,200.503,522.405,310.418,648.094,197.971,0,125.314,30.3861,1.24248
776,175.001,127.843,162.109,434.287,67.6862,405.592,0,79.9022,95.0993,2.1902
777,362.713,192.19,378.31,481.34,536.612,443.858,1,120.119,242.594,3.01961
778,55.5997,71.6127,209.99,676.503,149.603,693.159,0,44.758,10.8418,1.24223
779,131.799,118.261,154,496.031,139.618,611.199,0,73.9134,57.8854,1.78315
780,237.505,289.881,276.651,488.083,139.857,611.127,0,181.176,56.3294,1.31091
781,63.6996,60.1954,599.9,175.797,648.356,190.896,0,37.6221,26.0775,1.69314
782,177.002,174.261,481.373,111.054,653.514,130.044,0,108.913,68.0882,1.62516
783,362.713,240.442,405.107,527.065,571.386,450.294,1,150.276,212.437,2.41364
784,243.006,165.799,199.53,436.075,67.7113,405.485,0,103.625,139.381,2.34506
785,144.4,169.202,372.03,673.469,313.386,818.165,0,105.751,38.6486,1.36547
786,154.8,131.511,280.917,294.179,249.489,185.244,0,82.1946,72.6057,1.88334
787,145.7,134.357,251.563,655.073,144.836,615.984,0,83.9729,61.7268,1.73508
788,109.099,119.408,364.03,237.57,349.945,174.763,0,74.63,34.4689,1.46186
789,10.1,9.4826,610.258,547.901,616.231,541.924,0,5.92663,4.17338,1.70417
790,59.5997,80.3744,333.299,741.246,312.814,818.035,0,50.234,9.36567,1.18644
791,61.5996,59.2299,601.651,176.194,647.628,191.931,0,37.0187,24.581,1.66401
792,178.202,147.142,519.732,382.98,630.318,334.132,0,91.9639,86.2378,1.93774
793,144,132.444,355.301,271.565,349.708,174.713,0,82.7776,61.222,1.7396
794,178.302,176.857,205.283,475.166,139.635,611.181,0,110.536,67.7658,1.61307
795,167.201,150.437,335.4,290.119,349.586,174.548,0,94.0233,73.1777,1.77829
796,263.307,218.224,389.582,333.832,349.86,174.782,0,136.39,126.917,1.93054
797,238.105,237.783,349.511,590.28,144.663,616.251,0,148.615,89.4908,1.60217
798,165.401,124.034,166.002,430.594,67.7126,405.586,0,77.5212,87.8797,2.13362
799,266.907,200.785,471.968,542.603,613.211,612.653,0,125.491,141.417,2.12691
800,156.7,145.32,581.093,396.13,630.32,334.09,0,90.8248,65.8755,1.7253
801,42.3999,44.5044,558.261,835.314,602.364,833.242,0,27.8152,14.5847,1.52434
802,190.502,213.148,432.381,679.187,313.207,818.22,0,133.218,57.2847,1.43001
803,232.705,183.266,247.277,396.7,67.7077,404.859,0,114.542,118.163,2.03162
804,306.009,242.332,241.214,460.824,67.6986,405.522,0,151.458,154.552,2.02043
805,144.7,129.551,480.463,178.877,356.071,173.448,0,80.9694,63.7302,1.78709
806,116.599,122.171,197.689,533.111,139.966,611.056,0,76.3571,40.2417,1.52702
807,261.407,237.908,310.603,384.013,250.302,184.903,0,148.692,112.714,1.75804
808,107.899,103.618,560.509,371.014,630.256,333.868,0,64.7615,43.1374,1.6661
809,130.499,129.191,536.528,153.256,653.475,130.047,0,80.7447,49.7541,1.61619
810,199.003,167.759,198.705,355.625,67.6884,404.795,0,104.849,94.1535,1.89799
811,153.2,165.372,519.162,207.012,648.384,190.79,0,103.357,49.8428,1.48224
812,164.901,155.468,500.436,119.722,653.513,129.894,0,97.1673,67.7336,1.69708
813,303.909,234.272,265.018,431.772,67.7276,404.903,0,146.42,157.489,2.0756
814,35.9,46.9993,196.992,718.083,153.004,701.727,0,29.3746,6.52545,1.22215
815,341.112,235.024,462.615,391.969,630.288,334.087,0,146.89,194.222,2.32222
816,231.605,180.225,224.619,348.45,249.468,185.234,0,112.641,118.964,2.05614
817,164.901,174.4,359.122,661.742,312.539,817.97,0,109,55.9011,1.51286
818,136.499,159.119,525.848,173.412,647.763,191.408,0,99.4493,37.0498,1.37255
819,201.503,228.386,368.629,620.762,312.285,818.112,0,142.741,58.7617,1.41167
820,320.01,246.453,452.492,442.508,615.587,539.822,0,154.033,165.977,2.07754
821,58.9997,71.7646,200.007,639.808,144.797,615.867,0,44.8529,14.1468,1.3154
822,85.0993,81.1171,555.312,720.296,611.994,752.895,0,50.6982,34.4011,1.67855
823,123.799,109.565,248.346,619.254,144.667,615.694,0,68.4782,55.3205,1.80786
824,30.5001,39.9164,314.209,190.228,350.158,174.772,0,24.9477,5.55234,1.22256
825,245.606,199.338,297.232,352.533,250.766,184.702,0,124.586,121.019,1.97137
826,362.713,283.44,406.307,568.332,583.898,616.999,1,177.15,185.563,2.04749
827,112.899,104.701,252.941,763.343,310.676,818.81,0,65.4381,47.4607,1.72528
828,341.312,268.6,434.046,457.164,615.492,540.135,0,167.875,173.437,2.03313
829,57.2997,80.1849,221.38,731.261,153.655,700.221,0,50.1155,7.18416,1.14335
830,41.4999,42.6125,559.676,833.941,602.355,833.262,0,26.6328,14.8671,1.55823
831,106.799,114.236,192.477,256.034,248.954,184.996,0,71.3974,35.4015,1.49584
832,297.409,232.222,503.528,478.488,615.555,539.876,0,145.139,152.27,2.04913
833,31.4001,24.6302,263.988,204.562,252.442,184.02,0,15.3939,16.0062,2.03978
834,346.312,253.717,439.564,441.492,615.578,539.72,0,158.573,187.739,2.18393
835,40.1,52.8839,580.249,334.239,630.343,334.115,0,33.0525,7.0475,1.21322
836,116.899,160.781,553.26,257.178,647.929,197.69,0,100.488,16.4107,1.16331
837,26.2001,31.9715,141.24,652.468,139.875,620.9,0,19.9822,6.21786,1.31117
838,273.707,320.333,318.865,478.24,139.875,611.184,0,200.208,73.4993,1.36711
839,232.005,152.529,214.509,412.533,67.7088,405.515,0,95.3303,136.675,2.4337
840,73.8994,92.7324,526.891,780.91,611.14,755.205,0,57.9577,15.9417,1.27506
841,346.012,264.508,424.142,392.59,630.385,334.13,0,165.317,180.694,2.09302
842,103.399,82.7391,608.7,680.736,612.418,751.868,0,51.7119,51.6871,1.99952
843,233.405,173.46,310.756,624.444,144.794,616.228,0,108.412,124.993,2.15294
844,14.8,15.6932,599.362,606.948,613.274,612.85,0,9.80824,4.99178,1.50894
845,19.9,17.8072,85.693,405.86,67.7548,405.149,0,11.1295,8.77051,1.78804
846,154,150.846,504.669,116.672,653.517,129.885,0,94.2787,59.7215,1.63346
847,4.9,4.92682,642.645,191.125,647.256,192.857,0,3.07926,1.82073,1.59129
848,178.702,172.612,481.142,124.09,653.517,129.955,0,107.883,70.819,1.65644
849,281.408,231.292,464.87,435.312,615.628,539.593,0,144.557,136.851,1.94669
850,60.5996,80.7161,230.031,725.721,153.637,700.248,0,50.4475,10.1521,1.20124
851,308.11,314.989,367.348,523.908,144.752,616.025,0,196.868,111.242,1.56506
852,151,136.745,166.841,480.663,140.1,611.051,0,85.4656,65.5344,1.76679
853,18.6,23.7364,603.039,731.303,612.217,752.573,0,14.8353,3.76476,1.25377
854,50.6998,72.7381,329.471,747.885,312.785,818.087,0,45.4613,5.23846,1.11523
855,10.3,11.5729,137.406,632.17,140.02,620.949,0,7.23303,3.06697,1.42402
856,139.599,159.002,344.797,668.333,313.007,818.075,0,99.376,40.2233,1.40476
857,136.499,102.443,228.262,284.393,248.961,184.998,0,64.0268,72.4724,2.13191
858,18.9,15.8022,263.601,195.553,252.691,183.906,0,9.87638,9.02365,1.91366
859,57.9997,73.1152,208.97,617.523,144.632,615.723,0,45.697,12.3027,1.26922
860,193.003,169.314,507.534,325.137,630.29,334.117,0,105.822,87.1811,1.82385
861,111.499,123.965,271.946,736.61,311.75,818.351,0,77.4779,34.021,1.43911
862,362.713,244.868,472.122,475.273,604.219,537.41,1,153.043,209.67,2.37001
863,216.204,165.797,303.035,627.231,144.666,615.621,0,103.623,112.581,2.08645
864,52.0998,42.8613,110.122,404.924,67.6787,404.812,0,26.7883,25.3115,1.94487
865,246.706,194.177,241.155,365.601,67.701,404.912,0,121.361,125.345,2.03283
866,133.399,149.642,493.891,715.747,611.987,752.809,0,93.5264,39.8726,1.42632
867,299.909,265.942,364.76,411.848,349.755,174.738,0,166.214,133.695,1.80436
868,141.899,136.75,518.167,119.391,653.479,129.963,0,85.4688,56.4306,1.66025
869,69.0995,64.1113,231.681,245.518,249.51,185.227,0,40.0696,29.03,1.72449
870,244.206,223.523,368.253,370.841,349.645,174.645,0,139.702,104.504,1.74805
871,289.808,276.412,348.856,544.602,144.694,615.604,0,172.758,117.051,1.67754
872,10.7,10.4613,591.879,832.869,602.385,833.485,0,6.53832,4.16168,1.63651
873,172.501,150.702,202.128,368.665,67.6791,404.81,0,94.189,78.3123,1.83144
874,30.9001,36.3935,617.906,217.231,648.307,198.121,0,22.746,8.15412,1.35849
875,224.004,182.823,276.147,351.811,250.959,184.595,0,114.265,109.74,1.9604
876,246.306,229.198,484.937,469.892,615.459,540.206,0,143.249,103.057,1.71943
877,255.706,193.66,497.723,548.444,613.319,612.508,0,121.038,134.669,2.11262
878,218.504,151.821,471.502,606.588,613.266,613.09,0,94.8883,123.616,2.30275
879,143.1,163.632,513.427,682.769,612.294,752.115,0,102.27,40.8295,1.39923
880,285.108,231.094,498.554,478.502,615.642,539.651,0,144.434,140.675,1.97397
881,307.71,215.892,479.232,532.893,613.161,612.777,0,134.932,172.777,2.28048
882,362.713,120.105,186.093,659.54,173.979,659.621,1,75.0657,287.647,4.83194
883,233.805,151.4,502.779,180.866,356.143,173.419,0,94.6249,139.18,2.47086
884,120.199,164.819,537.093,288.253,647.967,197.757,0,103.012,17.1871,1.16685
885,6,5.1208,72.8551,404.804,67.8168,405.362,0,3.2005,2.7995,1.87471
886,80.9993,82.5461,579.563,141.79,653.549,130.042,0,51.5913,29.408,1.57002
887,48.3998,62.571,612.643,236.489,648.385,198.102,0,39.1069,9.29293,1.23763
888,108.099,127.159,522.402,735.843,611.076,755.166,0,79.4746,28.6243,1.36017
889,81.8993,112.829,352.944,714.644,313.079,818.095,0,70.5181,11.3812,1.16139
890,242.606,169.331,517.761,180.977,356.046,173.571,0,105.832,136.774,2.29237
891,274.108,250.781,399.703,363.582,349.698,174.615,0,156.738,117.37,1.74883
892,140.199,170.178,297.772,701.302,149.659,693.253,0,106.361,33.8382,1.31814
893,235.705,213.486,327.876,593.118,144.849,616.202,0,133.429,102.277,1.76653
894,120.899,122.207,309.61,259.05,349.554,174.644,0,76.3793,44.5194,1.58287
895,36.2,47.8242,595.419,504.653,615.632,540.331,0,29.8901,6.30989,1.2111
896,298.009,178.565,464.992,650.99,613.165,612.966,0,111.603,186.406,2.67026
897,0,0,652.253,197.689,652.253,197.689,0,0,0,0
898,103.299,122.189,523.92,716.022,611.821,753.453,0,76.3683,26.9307,1.35264
899,183.402,114.134,198.221,265.785,248.341,184.847,0,71.3335,112.068,2.57105
900,111.799,110.667,288.672,282.972,250.057,185.014,0,69.1668,42.6321,1.61637
901,74.6994,68.9454,596.911,686.897,612.376,752.061,0,43.0909,31.6086,1.73353
902,90.6992,97.2977,541.234,722.745,611.769,753.339,0,60.8111,29.8881,1.49149
903,118.399,127.595,597.449,440.653,615.6,539.718,0,79.7471,38.6517,1.48468
904,41.6999,56.3001,586.157,505.6,615.844,540.732,0,35.1875,6.51239,1.18508
905,83.4993,115.991,249.745,710.126,153.644,700.55,0,72.4942,11.0051,1.15181
906,45.5999,64.3868,330.639,756.604,312.728,818.007,0,40.2417,5.35815,1.13315
907,108.999,100.91,564.716,319.619,630.355,333.748,0,63.069,45.9299,1.72825
908,329.311,294.285,358.343,437.37,349.876,174.706,0,183.928,145.382,1.79043
909,70.1995,64.0415,309.794,761.276,311.898,818.292,0,40.0259,30.1736,1.75385
910,27.3001,35.5067,317.268,186.452,350.354,174.9,0,22.1917,5.10835,1.23019
911,362.713,121.654,427.986,140.674,423.979,121.544,1,76.034,286.679,4.77041
912,362.713,230.515,477.031,490.84,597.352,503.614,1,144.072,218.641,2.51758
913,179.402,166.846,230.359,394.929,67.6944,404.876,0,104.279,75.1227,1.7204
914,30.5001,33.9472,596.598,335.852,630.341,334.174,0,21.217,9.2831,1.43753
915,266.307,248.879,282.468,431.583,67.6507,404.868,0,155.549,110.758,1.71204
916,59.1997,55.2737,575.07,636.149,613.336,613.195,0,34.546,24.6536,1.71365
917,50.3998,41.2856,108.799,404.702,67.7212,405.556,0,25.8035,24.5963,1.95322
918,164.501,124.175,163.599,429.71,67.6492,405.579,0,77.6093,86.8916,2.1196
919,83.4993,84.2065,319.214,744.506,311.877,818.278,0,52.629,30.8703,1.58656
920,333.611,256.165,471.373,514.401,613.251,612.777,0,160.103,173.508,2.08373
921,10,9.13397,359.199,182.638,355.838,174.312,0,5.70873,4.29127,1.7517
922,95.9991,86.6153,439.285,179.196,356.149,173.481,0,54.1345,41.8646,1.77334
923,26.8001,34.1946,593.174,724.863,612.328,752.057,0,21.3716,5.42843,1.254
924,144.8,139.928,605.581,434.281,615.496,539.777,0,87.4551,57.3446,1.6557
925,78.3994,81.6238,177.427,561.486,139.938,611.125,0,51.0149,27.3845,1.53679
926,158.9,172.574,234.272,518.486,140.103,611.146,0,107.859,51.0415,1.47322
927,124.599,116.264,195.77,255.956,248.855,184.996,0,72.6649,51.9337,1.7147
928,131.299,131.533,355.048,266.395,350.201,174.853,0,82.208,49.0908,1.59715
929,103.199,106.324,367.582,211.781,349.709,174.556,0,66.4527,36.7463,1.55297
930,122.099,137.035,314.911,283.659,250.861,184.708,0,85.6467,36.452,1.42561
931,170.201,148.814,497.308,347.764,630.35,334.139,0,93.0088,77.1923,1.82995
932,116.299,116.991,342.917,268.295,349.698,174.599,0,73.1196,43.1792,1.59053
933,109.599,97.7919,546.149,588.803,613.266,612.822,0,61.1199,48.479,1.79318
934,226.605,150.266,472.224,606.21,613.176,612.789,0,93.9165,132.688,2.41283
935,101.899,101.856,221.435,648.926,144.742,615.64,0,63.6598,38.2392,1.60068
936,116.699,100.16,221.377,278.818,248.278,184.845,0,62.5998,54.0989,1.8642
937,87.3992,85.2614,180.844,210.167,248.492,184.798,0,53.2884,34.1109,1.64012
938,151.3,134.313,246.493,309.852,249.457,185.185,0,83.9455,67.3545,1.80236
939,134.399,123.833,222.128,599.014,144.668,615.752,0,77.3958,57.0032,1.73651
940,31.5001,40.7223,600.438,577.61,616.193,541.914,0,25.4514,6.04867,1.23766
941,9.2,8.54183,594.276,834.339,602.41,833.274,0,5.33864,3.86135,1.72328
942,135.599,155.89,306.991,699.718,312.321,818.06,0,97.4312,38.1679,1.39174
943,101.299,92.9538,433.833,192.934,356.203,173.428,0,58.0961,43.2029,1.74364
944,112.599,151.638,554.837,266.295,647.934,197.714,0,94.7739,17.825,1.18808
945,106.699,106.844,547.719,125.881,653.553,129.955,0,66.7776,39.9214,1.59783
946,223.904,170.285,508.869,324.738,630.33,334.109,0,106.428,117.476,2.10381
947,67.0995,54.3373,260.567,237.512,249.405,185.184,0,33.9608,33.1387,1.97579
948,159.201,184.378,312.288,325.484,251.621,184.433,0,115.236,43.9643,1.38151
949,161.901,135.484,281.938,304.588,249.532,185.203,0,84.6772,77.2234,1.91197
950,52.8998,57.0446,597.364,698.114,612.253,752.22,0,35.6529,17.2469,1.48374
951,343.112,309.339,326.129,451.105,67.674,405.596,0,193.337,149.775,1.77469
952,12.9,15.781,633.329,185.569,648.155,190.909,0,9.86314,3.03688,1.3079
953,281.208,203.796,235.246,429.459,67.6467,405.474,0,127.372,153.835,2.20776
954,147.9,142.557,535.591,390.077,630.281,334.064,0,89.0979,58.8019,1.65997
955,129.399,162.158,403.845,709.852,313.42,818.177,0,101.349,28.0498,1.27677
956,181.402,226.169,496.008,259.194,647.911,197.787,0,141.356,40.0462,1.2833
957,166.201,114.881,511.182,639.096,613.239,612.614,0,71.8006,94.4004,2.31476
958,245.706,180.512,226.224,360.019,67.7179,404.859,0,112.82,132.886,2.17785
959,155.9,131.563,413.986,249.464,355.637,174.359,0,82.2267,73.6736,1.89598
960,24.0001,19.6906,87.4283,405.965,67.7096,404.82,0,12.3066,11.6934,1.95017
961,351.012,219.107,452.727,679.359,613.198,612.773,0,136.942,214.07,2.56322
962,0,0,151.593,700.97,151.593,700.97,0,0,0,0
963,35,32.6419,99.4088,399.068,67.669,404.806,0,20.4012,14.5988,1.71559
964,362.713,199.563,397.005,514.012,523.653,444.123,1,124.727,237.986,2.90806
965,362.713,259.468,405.218,602.833,604.427,613.118,1,162.168,200.545,2.23666
966,59.4997,64.7731,327.007,220.741,349.863,174.772,0,40.4832,19.0165,1.46974
967,86.5993,86.081,557.001,328.575,630.303,333.868,0,53.8007,32.7986,1.60963
968,8.09999,9.18626,312.782,808.838,312.706,818.018,0,5.74141,2.35858,1.4108
969,181.302,156.169,471.991,587.087,613.232,612.688,0,97.6057,83.6961,1.85749
970,228.805,225.68,351.243,358.5,349.494,174.517,0,141.05,87.7551,1.62216
971,71.7995,79.0409,355.016,200.405,349.894,174.659,0,49.4005,22.3989,1.45341
972,301.309,312.443,377.895,538.408,144.773,616.156,0,195.277,106.032,1.54298
973,266.307,206.298,473.544,383.351,630.265,334.07,0,128.936,137.371,2.06541
974,15,16.571,369.624,182.132,355.38,174.542,0,10.3569,4.64317,1.44832
975,13.9,13.9213,264.347,191.563,253.023,183.751,0,8.70082,5.1992,1.59755
976,99.3991,81.2875,305.482,748.002,311.399,818.476,0,50.8047,48.5944,1.95649
977,190.802,136.035,165.334,439.349,67.6808,405.581,0,85.0221,105.78,2.24415
978,162.301,157.555,583.576,411.945,615.475,539.757,0,98.4718,63.8289,1.6482
979,139.499,102.552,230.087,284.468,249.123,185.101,0,64.0951,75.4042,2.17644
980,66.3996,62.8145,598.38,179.607,647.684,191.782,0,39.259,27.1405,1.69132
981,47.2999,57.3555,266.701,239.063,250.243,184.885,0,35.8472,11.4527,1.31949
982,138.199,106.836,166.424,413.05,67.7716,405.39,0,66.7724,71.4268,2.06971
983,95.1991,90.1067,156.346,402.893,67.6852,404.896,0,56.3167,38.8824,1.69043
984,218.904,180.523,204.276,350.148,67.6629,404.881,0,112.827,106.077,1.94018
985,362.713,261.304,400.144,614.498,608.565,612.6,1,163.315,199.398,2.22094
986,143.9,144.466,511.48,116.524,653.553,129.875,0,90.2914,53.6082,1.59372
987,169.001,156.298,371.771,280.311,349.589,174.571,0,97.6863,71.3148,1.73004
988,191.602,174.813,337.358,316.895,349.716,174.741,0,109.258,82.3444,1.75367
989,264.607,157.788,502.758,187.977,356.115,173.451,0,98.6175,165.989,2.68316
990,362.713,96.108,174.065,661.711,174.534,659.735,1,60.0675,302.645,6.03842
991,178.702,193.031,521.649,455.993,615.517,540.183,0,120.644,58.0573,1.48123
992,51.2998,55.2564,89.9347,439.064,67.6743,405.616,0,34.5352,16.7645,1.48543
993,197.503,192.83,238.138,498.929,139.484,611.244,0,120.519,76.9841,1.63877
994,121.999,101.549,163.027,409.729,67.7776,404.967,0,63.4682,58.5305,1.9222
995,269.607,216.376,423.859,324.573,355.633,174.426,0,135.235,134.373,1.99362
996,97.6991,91.6768,136.745,529.499,139.596,611.153,0,57.298,40.4011,1.7051
997,0,0,310.679,823.597,310.679,823.597,0,0,0,0
998,307.71,251.715,423.256,353.927,355.635,174.392,0,157.322,150.388,1.95592
999,301.809,266.842,296.784,423.579,67.7139,404.922,0,166.776,135.033,1.80967
1000,133.899,161.518,505.423,693.288,611.857,753.281,0,100.949,32.9502,1.32641
1001,33.7001,32.3366,582.816,603.229,613.173,612.911,0,20.2104,13.4897,1.66746
1002,317.41,309.014,310.113,470.46,67.7345,404.849,0,193.134,124.276,1.64347
1003,246.506,238.096,328.333,567.135,144.758,616.22,0,148.81,97.6959,1.65651
1004,97.4991,93.8726,248.816,772.689,310.677,818.763,0,58.6704,38.8287,1.66181
1005,173.001,129.254,196.02,403.267,67.7211,405.585,0,80.784,92.2174,2.14153
1006,215.604,227.942,498.537,501.666,615.46,540.218,0,142.463,73.1405,1.5134
1007,292.909,268.756,416.784,372.834,355.477,174.402,0,167.973,124.936,1.74379
1008,33.2001,27.1683,94.4549,403.131,67.835,405.099,0,16.9802,16.2199,1.95522
1009,247.206,211.864,327.128,593.289,144.846,615.797,0,132.415,114.791,1.86691
1010,7.79999,7.90104,346.789,182.004,349.093,174.447,0,4.93815,2.86185,1.57954
1011,61.7996,55.5558,588.566,652.075,613.322,613.075,0,34.7224,27.0772,1.77982
1012,33.6001,40.6235,570.744,805.673,606.745,811.144,0,25.3897,8.2104,1.32338
1013,0,0,405.641,78.1233,405.535,78.0951,0,0,0,0
1014,29.1001,35.4758,304.52,789.647,311.92,818.28,0,22.1724,6.92772,1.31245
1015,127.999,153.66,507.105,700.221,611.833,753.404,0,96.0376,31.9611,1.3328
1016,63.6996,87.651,337.756,734.239,313.091,818.087,0,54.7819,8.91772,1.16279
1017,135.499,134.185,520.27,122.615,653.476,129.953,0,83.8658,51.6333,1.61567
1018,164.301,128.423,543.237,565.576,613.229,612.652,0,80.2646,84.0363,2.04699
1019,362.713,240.208,395.147,523.112,562.404,451.249,1,150.13,212.583,2.41599
1020,38.7,28.5829,587.974,620.749,613.274,613.21,0,17.8643,20.8356,2.16633
1021,181.002,176.478,371.039,305.181,349.861,174.757,0,110.299,70.703,1.64101
1022,123.199,148.526,275.038,673.383,149.448,693.273,0,92.8286,30.37,1.32716
1023,69.7995,90.255,227.212,679.666,149.471,693.201,0,56.4093,13.3902,1.23737
1024,296.509,201.02,244.874,375.521,67.7345,404.95,0,125.638,170.871,2.36003
1025,138.099,177.008,534.544,298.001,648.003,197.801,0,110.63,27.4692,1.2483
1026,75.4994,85.0799,581.739,291.621,630.311,334.164,0,53.1749,22.3245,1.41983
1027,225.605,172.728,169.238,303.826,248.24,184.707,0,107.955,117.649,2.0898
1028,15.6,16.0061,606.437,553.283,616.199,541.784,0,10.0038,5.5962,1.55941
1029,228.405,145.175,149.504,440.046,67.7124,405.521,0,90.7344,137.67,2.51729
1030,188.302,158.143,208.164,361.693,67.8207,404.973,0,98.8391,89.4632,1.90514
1031,146.4,136.522,518.919,125.476,653.54,129.957,0,85.3264,61.0733,1.71576
1032,88.9992,102.096,561.458,480.335,615.621,540.231,0,63.8102,25.189,1.39475
1033,265.707,158.443,508.859,179.344,356.167,173.312,0,99.0271,166.68,2.68318
1034,56.6997,62.0355,396.338,185.279,355.818,174.234,0,38.7722,17.9275,1.46238
1035,359.613,328.582,370.646,465.316,349.818,174.719,0,205.364,154.249,1.7511
1036,175.402,195.495,343.42,638.561,312.361,818.135,0,122.184,53.2173,1.43555
1037,362.713,260.45,425.228,565.531,568.477,617.442,1,162.781,199.932,2.22823
1038,155.1,172.244,302.627,683.118,312.371,818.102,0,107.653,47.4475,1.44075
1039,52.0998,49.1604,300.709,183.576,253.498,182.724,0,30.7253,21.3745,1.69567
1040,18.8,21.6769,404.106,99.5947,405.843,78.1839,0,13.548,5.25199,1.38766
1041,281.008,191.953,241.025,373.638,67.6573,404.864,0,119.971,161.037,2.3423
1042,100.099,96.7918,349.206,227.246,349.705,174.692,0,60.4949,39.6042,1.65467
1043,194.003,215.631,432.309,679.013,312.814,817.985,0,134.769,59.2332,1.43952
1044,39.7,29.5792,594.413,626.15,613.283,613.218,0,18.487,21.2129,2.14745
1045,205.803,143.009,489.822,619.634,613.24,612.899,0,89.3808,116.423,2.30255
1046,136.899,124.705,252.329,302.071,249.898,185.118,0,77.9407,58.9585,1.75645
1047,40.2,38.1972,604.678,583.624,613.407,612.085,0,23.8732,16.3267,1.68389
1048,19.5,23.0755,411.949,100.201,405.749,78.1776,0,14.4222,5.07788,1.35209
1049,20.7,24.3443,578.12,833.262,602.457,833.257,0,15.2152,5.48485,1.36048
1050,218.404,205.99,382.037,327.177,349.786,174.661,0,128.743,89.6607,1.69643
1051,218.604,193.401,327.975,624.206,144.835,616.077,0,120.875,97.7288,1.80851
1052,145.1,131.004,129.629,498.679,139.626,611.237,0,81.8774,63.2223,1.77216
1053,165.901,153.332,519.421,386.84,630.277,334.113,0,95.8327,70.0682,1.73115
1054,163.801,148.989,334.4,290.179,349.876,174.818,0,93.1178,70.683,1.75907
1055,56.6997,56.4471,597.936,135.504,653.513,129.965,0,35.2794,21.4203,1.60716
1056,177.102,186.615,214.288,475.96,139.55,611.209,0,116.634,60.4672,1.51843
1057,112.699,112.95,342.107,265.515,349.928,174.754,0,70.5937,42.1052,1.59644
1058,333.011,269.347,289.997,450.398,67.6873,405.581,0,168.342,164.669,1.97818
1059,47.7998,39.7075,239.736,223.077,249.107,185.134,0,24.8172,22.9827,1.92608
1060,362.713,211.023,443.369,478.672,586.626,476.97,1,131.889,230.824,2.75014
1061,107.299,117.334,237.239,757.49,152.749,701.692,0,73.3337,33.9652,1.46316
1062,11,13.4166,636.163,186.017,648.577,190.759,0,8.38537,2.61464,1.31181
1063,362.713,129.452,471.657,329.575,470.33,329.612,1,80.9074,281.805,4.48306
1064,69.8995,65.9065,133.157,401.263,67.7061,404.791,0,41.1916,28.7079,1.69694
1065,200.103,222.571,350.222,614.588,312.322,818.062,0,139.107,60.9961,1.43848
1066,264.507,201.901,305.369,350.636,249.164,185.116,0,126.188,138.319,2.09613
1067,110.199,90.8662,527.775,621.342,613.253,612.831,0,56.7914,53.4075,1.94042
1068,310.71,292.342,370.152,431.724,349.988,174.847,0,182.713,127.996,1.70053
1069,137.899,176.48,417.56,711.021,313.375,818.177,0,110.3,27.5993,1.25022
1070,97.4991,90.6872,230.533,272.248,249.072,185.099,0,56.6795,40.8196,1.72018
1071,128.699,116.3,417.878,237.922,355.521,174.417,0,72.6875,56.0112,1.77058
1072,225.105,300.394,383.206,567.253,312.343,818.121,0,187.747,37.358,1.19898
1073,68.5995,85.1835,222.815,680.288,149.6,693.194,0,53.2397,15.3598,1.2885
1074,127.999,157.285,342.131,670.711,312.99,818.09,0,98.3034,29.6953,1.30208
1075,212.904,210.452,386.937,328.939,349.72,174.716,0,131.533,81.3713,1.61864
1076,1.8,0.968068,352.61,176.666,352.442,175.713,0,0.605042,1.19496,2.975
1077,41.6999,31.9884,234.071,211.02,249.121,185.126,0,19.9928,21.7072,2.08575
1078,308.81,236.791,465.415,324.223,355.572,174.327,0,147.995,160.815,2.08663
1079,159.801,149.633,201.382,368.587,67.6739,404.85,0,93.5203,66.2802,1.70873
1080,193.703,203.034,215.036,462.211,139.87,611.117,0,126.896,66.8061,1.52646
1081,269.407,208.157,471.117,402.963,630.292,334.057,0,130.098,139.309,2.0708
1082,28.3001,27.4138,235.63,205.847,249.308,185.2,0,17.1336,11.1664,1.65173
1083,362.713,40.1391,486.699,156.587,486.289,155.365,1,25.0869,337.626,14.4582
1084,341.012,305.541,322.645,453.113,67.7287,405.59,0,190.963,150.048,1.78575
1085,319.91,279.585,429.214,368.025,355.83,174.189,0,174.741,145.169,1.83077
1086,150.4,140.116,263.04,655.899,144.788,615.951,0,87.5724,62.8275,1.71744
1087,128.399,162.712,403.736,708.277,313.512,818.281,0,101.695,26.7037,1.26259
1088,68.7995,62.0769,203.94,214.445,248.913,185.014,0,38.7981,30.0015,1.77327
1089,125.599,123.745,347.784,275.157,349.853,174.666,0,77.3407,48.2579,1.62396
1090,83.3993,84.7069,569.373,126.202,653.517,130.048,0,52.9418,30.4575,1.5753
1091,117.499,103.605,565.774,322.286,630.354,334.057,0,64.7533,52.7455,1.81456
1092,326.511,252.733,443.321,441.379,615.638,539.626,0,157.958,168.552,2.06707
1093,85.0993,89.1441,258.627,792.398,310.828,818.743,0,55.7151,29.3842,1.5274
1094,17.7,21.3035,165.172,621.834,144.765,615.889,0,13.3147,4.38532,1.32936
1095,133.099,128.709,395.232,242.894,355.574,174.428,0,80.4433,52.6556,1.65457
1096,239.505,166.167,195.797,316.656,248.2,184.694,0,103.854,135.651,2.30617
1097,21.5,23.913,317.112,795.087,312.696,817.966,0,14.9456,6.55442,1.43855
1098,187.102,186.452,199.216,463.324,139.635,611.25,0,116.532,70.57,1.60558
1099,48.3998,33.9716,244.413,218.84,249.908,185.102,0,21.2322,27.1676,2.27955
1100,362.713,287.225,427.329,565.898,594.58,612.248,1,179.516,183.197,2.02051
1101,78.1994,78.6116,145.127,401.115,67.6681,405.579,0,49.1323,29.0671,1.59161
1102,323.611,272.858,292.945,449.581,67.6781,404.868,0,170.536,153.074,1.89761
1103,45.5999,63.7483,211.611,725.693,152.606,701.803,0,39.8427,5.7572,1.1445
1104,362.713,242.461,393.101,461.378,584.928,472.096,1,151.538,211.175,2.39354
1105,342.512,306.019,381.022,433.02,349.473,174.55,0,191.262,151.25,1.7908
1106,242.406,170.811,234.901,343.194,249.478,185.216,0,106.757,135.649,2.27063
1107,40.5,35.9625,256.459,219.801,249.923,185.102,0,22.4766,18.0234,1.80188
1108,173.701,176.433,395.031,284.064,355.573,174.377,0,110.271,63.4305,1.57522
1109,163.201,139.421,456.589,220.505,356.23,173.25,0,87.1384,76.0623,1.87289
1110,176.302,178.321,481.188,123.509,653.452,129.954,0,111.451,64.851,1.58188
1111,85.2993,102.692,240.666,738.424,152.801,701.764,0,64.1824,21.1169,1.32901
1112,92.7992,118.087,552.586,194.838,647.614,192.044,0,73.8042,18.9949,1.25737
1113,77.6994,72.0969,193.852,214.377,248.77,185.004,0,45.0605,32.6388,1.72433
1114,22.3,20.8273,592.764,612.354,613.265,612.757,0,13.0171,9.28296,1.71314
1115,153.9,198.049,504.457,295.377,647.89,197.764,0,123.781,30.1196,1.24333
1116,136.899,154.368,215.747,517.615,140.089,611.126,0,96.4801,40.4191,1.41894
1117,323.211,251.717,443.079,444.614,615.658,539.605,0,157.323,165.887,2.05444
1118,103.699,138.338,561.85,281.422,647.885,197.785,0,86.4615,17.2374,1.19937
1119,14.7,13.5209,589.065,834.875,602.454,833.327,0,8.45058,6.24944,1.73953
1120,216.204,155.506,527.74,547.329,613.31,613.137,0,97.1914,119.013,2.22452
1121,232.805,182.81,226.947,350.276,249.492,185.188,0,114.256,118.549,2.03757
1122,69.5995,65.01,267.988,246.592,250.151,185.015,0,40.6312,28.9683,1.71296
1123,283.608,158.646,490.927,632.044,613.173,612.833,0,99.154,184.454,2.86028
1124,36.4,30.3601,232.409,203.9,248.776,185.035,0,18.9751,17.4249,1.91831
1125,115.299,105.509,248.632,631.58,144.805,615.974,0,65.9429,49.3559,1.74846
1126,85.1993,117.666,224.619,706.689,149.57,693.263,0,73.5413,11.658,1.15852
1127,160.901,157.896,371.992,279.273,349.562,174.63,0,98.6849,62.2157,1.63045
1128,133.399,152.905,216.972,519.431,140.075,611.141,0,95.5656,37.8334,1.39589
1129,28.0001,36.074,315.266,183.503,349.868,174.794,0,22.5463,5.45379,1.24189
1130,44.9999,50.7459,608.308,144.353,653.543,130.046,0,31.7162,13.2837,1.41883
1131,167.401,137.458,270.213,647.398,144.674,615.645,0,85.911,81.4901,1.94854
1132,147.9,134.447,357.375,270.319,349.522,174.622,0,84.0292,63.8706,1.7601
1133,20.6,22.1661,596.288,794.683,606.516,811.507,0,13.8538,6.74625,1.48696
1134,63.4996,48.8433,218.392,215.129,248.834,184.972,0,30.5271,32.9725,2.08011
1135,119.099,118.552,610.764,730.041,612.154,752.427,0,74.0951,45.0036,1.60738
1136,208.804,243.856,372.071,608.135,312.689,817.969,0,152.41,56.3934,1.37001
1137,2.1,1.03083,245.409,176.059,246.001,176.836,0,0.644268,1.45573,3.25951
1138,46.8999,38.6606,259.213,221.866,249.704,185.239,0,24.1629,22.737,1.94099
1139,81.0993,74.0006,420.722,148.345,356.031,173.704,0,46.2504,34.849,1.75349
1140,73.1995,70.0436,573.707,706.771,611.973,752.989,0,43.7773,29.4222,1.67209
1141,362.713,238.21,447.664,400.512,620.058,334.151,1,148.881,213.832,2.43626
1142,33.2001,40.039,616.839,261.529,635.845,282.209,0,25.0243,8.17572,1.32671
1143,128.099,123.045,466.566,188.578,356.055,173.449,0,76.903,51.1956,1.66572
1144,31.0001,36.4088,404.509,114.462,405.869,78.2451,0,22.7555,8.24455,1.36231
1145,48.3998,58.1978,568.229,788.93,606.446,811.826,0,36.3736,12.0262,1.33063
1146,168.301,140.592,289.145,298.387,251.229,184.521,0,87.8701,80.431,1.91534
1147,362.713,275.593,419.46,569.438,596.726,611.824,1,172.246,190.467,2.10579
1148,60.7996,59.2909,595.081,132.138,653.646,129.696,0,37.0568,23.7428,1.64071
1149,43.5999,27.497,269.431,204.193,253.097,183.406,0,17.1856,26.4143,2.537
1150,9.4,9.23084,648.813,137.222,653.472,130.161,0,5.76928,3.63072,1.62932
1151,66.9995,85.2904,320.048,739.871,312.664,818.006,0,53.3065,13.6931,1.25687
1152,39.5,44.2983,174.015,636.32,144.748,616.023,0,27.6864,11.8136,1.42669
1153,55.2997,62.008,406.521,153.536,355.74,174.239,0,38.755,16.5447,1.42691
1154,259.307,226.512,479.557,466.208,615.511,540.102,0,141.57,117.737,1.83165
1155,154.5,152.876,513.991,145.887,653.459,130.074,0,95.5474,58.9528,1.617
1156,100.899,94.81,266.103,277.315,249.946,185.077,0,59.2562,41.6428,1.70276
1157,277.608,194.752,494.107,238.484,356.152,173.436,0,121.72,155.888,2.2807
1158,53.0998,55.2313,90.1233,439.446,67.6698,405.59,0,34.5195,18.5802,1.53825
1159,266.907,214.22,329.824,596.318,144.806,615.773,0,133.887,133.02,1.99352
1160,80.7993,82.9357,179.065,559.613,139.91,611.108,0,51.8348,28.9645,1.55878
1161,23.1001,27.7941,320.344,791.507,312.746,818.054,0,17.3713,5.72876,1.32978
1162,309.51,163.771,535.363,562.267,613.19,612.615,0,102.357,207.153,3.02383
1163,362.713,131.598,416.916,528.68,425.58,542.874,1,82.2487,280.464,4.40995
1164,116.999,131.441,234.935,770.082,152.824,701.77,0,82.1505,34.8482,1.4242
1165,66.3996,64.1748,201.786,210.94,248.368,184.832,0,40.1092,26.2903,1.65547
1166,33.3001,42.7047,159.876,646.698,139.833,620.809,0,26.6905,6.6096,1.24764
1167,144.3,108.465,162.36,414.611,67.6941,405.551,0,67.7906,76.509,2.12861
1168,107.699,119.422,116.811,483.347,67.8298,405.32,0,74.6389,33.0601,1.44293
1169,173.001,140.841,539.445,552.067,613.182,612.584,0,88.0256,84.9758,1.96535
1170,138.499,146.937,270.365,657.145,144.756,616.193,0,91.8356,46.6637,1.50812
1171,86.9992,114.817,353.36,712.394,313.069,818.068,0,71.7605,15.2387,1.21236
1172,177.502,152.417,334.424,294.281,349.548,174.546,0,95.2607,82.2409,1.86332
1173,225.305,281.028,288.912,493.527,139.851,611.164,0,175.642,49.6623,1.28275
1174,362.713,236.831,378.506,489.796,566.655,450.415,1,148.019,214.694,2.45045
1175,114.499,115.017,610.988,725.662,612.385,751.972,0,71.8859,42.6129,1.59279
1176,97.7991,99.574,347.358,237.614,349.661,174.577,0,62.2338,35.5653,1.57148
1177,359.713,219.053,434.787,655.021,613.264,612.818,0,136.908,222.804,2.6274
1178,149.9,178.551,481.353,702.876,612.202,752.377,0,111.594,38.3058,1.34326
1179,362.713,95.6195,187.135,655.564,173.778,659.052,1,59.7622,302.951,6.06927
1180,67.5995,53.6648,264.992,236.315,249.9,185.106,0,33.5405,34.059,2.01546
1181,60.5996,66.5911,277.145,778.523,310.957,818.694,0,41.6194,18.9802,1.45604
1182,362.713,245.487,395.239,461.167,588.807,476.923,1,153.43,209.283,2.36404
1183,119.199,130.35,236.355,767.078,152.762,701.739,0,81.4686,37.7302,1.46313
1184,116.199,139.03,503.965,720.136,611.798,753.532,0,86.8935,29.3053,1.33726
1185,131.199,157.745,343.189,669.529,312.304,818.067,0,98.5907,32.6081,1.33074
1186,34.7,45.3667,306.303,184.747,350.05,174.806,0,28.3542,6.34584,1.22381
1187,284.808,244.464,463.578,242.548,355.874,174.068,0,152.79,132.018,1.86405
1188,228.705,182.316,544.885,520.333,613.156,612.622,0,113.948,114.757,2.0071
1189,33.6001,38.4517,260.069,222.153,249.845,185.12,0,24.0323,9.56775,1.39812
1190,51.4998,59.8823,126.415,567.487,139.861,611.117,0,37.4264,14.0734,1.37603
1191,13,16.6321,141.248,594.86,139.916,611.145,0,10.395,2.60497,1.2506
1192,74.1994,72.1599,581.702,662.86,613.21,612.844,0,45.0999,29.0995,1.64522
1193,212.204,212.168,379.588,342.785,349.534,174.613,0,132.605,79.5985,1.60027
1194,5.1,5.0296,606.421,753.593,611.149,755.274,0,3.1435,1.9565,1.62239
1195,228.805,173.703,242.767,344.964,249.61,185.207,0,108.565,120.24,2.10755
1196,13.8,16.0942,335.119,180.375,350.156,174.92,0,10.0589,3.74113,1.37192
1197,140.899,163.972,340.651,663.69,313.063,818.115,0,102.483,38.4166,1.37486
1198,249.806,199.378,481.393,285.993,630.328,334.068,0,124.611,125.195,2.00468
1199,58.2997,66.2434,149.074,546.387,139.891,611.052,0,41.4021,16.8975,1.40813
1200,0,0,147.358,698.135,147.338,698.114,0,0,0,0
1201,237.705,195.504,473.283,304.794,630.25,334.109,0,122.19,115.515,1.94538
1202,105.899,88.7214,273.669,770.304,310.753,818.829,0,55.4509,50.4481,1.90978
1203,241.906,170.42,168.289,308.263,248.217,184.685,0,106.512,135.393,2.27115
1204,126.899,115.99,526.381,358.497,630.349,334.145,0,72.4939,54.4047,1.75047
1205,49.2998,42.04,294.261,186.669,253.245,183.268,0,26.275,23.0248,1.8763
1206,78.7994,71.7754,415.784,196.195,355.808,174.316,0,44.8596,33.9397,1.75658
1207,145,187.701,294.975,717.913,149.472,693.257,0,117.313,27.6868,1.23601
1208,297.509,209.568,505.989,518.794,613.232,612.735,0,130.98,166.529,2.27141
1209,73.0995,75.3676,315.034,223.662,349.802,174.703,0,47.1048,25.9947,1.55185
1210,362.713,251.353,455.726,480.709,603.575,534.551,1,157.095,205.618,2.30887
1211,333.011,280.085,395.81,403.455,349.826,174.681,0,175.053,157.958,1.90234
1212,16.7,18.0993,149.092,675.144,149.721,693.175,0,11.312,5.38799,1.47631
1213,77.4994,62.0565,301.32,766.791,311.16,818.585,0,38.7853,38.714,1.99816
1214,21.9,27.8368,625.038,211.819,647.96,197.915,0,17.398,4.50207,1.25877
1215,173.501,178.861,199.368,470.886,140.245,611.175,0,111.788,61.713,1.55205
1216,84.6993,100.994,563.046,478.569,615.588,540.369,0,63.1212,21.578,1.34185
1217,354.312,251.204,456.177,468.547,615.616,539.692,0,157.003,197.31,2.25673
1218,72.4995,66.049,587.595,128.83,653.462,129.908,0,41.2806,31.2189,1.75626
1219,81.0993,82.1757,147.958,396.999,67.7283,405.56,0,51.3598,29.7396,1.57904
1220,143.5,146.202,319.096,296.423,251.203,184.547,0,91.3765,52.1231,1.57042
1221,97.5991,130.877,266.704,718.171,153.648,700.443,0,81.7984,15.8007,1.19317
1222,362.713,229.051,405.161,489.079,582.579,459.969,1,143.157,219.556,2.53368
1223,362.713,208.618,451.973,693.367,600.033,612.861,1,130.386,232.327,2.78183
1224,233.405,173.975,243.633,346.004,250.935,184.579,0,108.734,124.671,2.14657
1225,334.911,331.151,351.058,476.623,144.765,616.015,0,206.969,127.942,1.61817
1226,186.502,235.91,486.798,262.43,648.029,197.969,0,147.444,39.0583,1.2649
1227,37.3,30.013,234.224,207.424,249.209,185.115,0,18.7581,18.5419,1.98847
1228,15.4,17.0318,598.11,798.131,606.939,810.598,0,10.6449,4.75514,1.44671
1229,362.713,213.587,430.661,617.466,597.507,612.422,1,133.492,229.221,2.71711
1230,15.7,17.9563,371.307,181.894,355.404,174.442,0,11.2227,4.47732,1.39895
1231,39,42.8425,569.146,756.602,611.166,754.841,0,26.7765,12.2234,1.4565
1232,0,0,611.008,811.476,611.008,811.476,0,0,0,0
1233,212.704,207.516,311.848,349.236,250.344,184.897,0,129.698,83.0061,1.64
1234,278.708,227.468,474.714,421.903,630.318,334.141,0,142.167,136.541,1.96042
1235,289.008,156.177,503.091,621.194,613.159,613.04,0,97.6108,191.398,2.96082
1236,100.799,94.5924,542.306,334.514,630.35,334.076,0,59.1202,41.6788,1.70498
1237,241.206,313.294,391.197,575.665,312.711,818.037,0,195.809,45.3967,1.23184
1238,88.5992,78.4754,415.832,204.899,356.105,173.576,0,49.0471,39.5521,1.80641
1239,140.699,114.671,246.808,612.796,144.685,615.618,0,71.6694,69.03,1.96317
1240,242.306,218.67,394.001,324.248,350.02,174.815,0,136.669,105.637,1.77294
1241,198.203,196.439,402.003,298.569,355.576,174.322,0,122.775,75.4284,1.61437
1242,135.899,149.748,541.872,444.098,615.551,540.089,0,93.5924,42.3067,1.45203
1243,11.9,12.1057,362.053,184.265,355.572,174.384,0,7.56608,4.33393,1.57281
1244,60.8996,72.7534,318.562,754.13,311.887,818.315,0,45.4709,15.4287,1.33931
1245,165.801,174.617,213.643,497.912,140.018,611.12,0,109.136,56.6651,1.51922
1246,50.5998,47.218,299.751,185.571,253.447,182.747,0,29.5112,21.0886,1.71459
1247,186.102,150.643,191.395,311.954,248.553,184.863,0,94.152,91.9501,1.97661
1248,100.399,130.87,353.014,695.491,313.096,818.12,0,81.7937,18.6053,1.22747
1249,252.506,237.238,387.241,365.092,349.868,174.785,0,148.273,104.233,1.70298
1250,100.799,111.764,213.753,654.053,144.751,616.139,0,69.8524,30.9466,1.44303
1251,305.609,247.55,446.615,439.043,615.543,539.911,0,154.719,150.891,1.97526
1252,64.4996,50.7911,215.304,217.003,248.701,184.933,0,31.7444,32.7552,2.03184
1253,192.303,181.182,360.026,327.028,349.68,174.724,0,113.239,79.0639,1.69821
1254,32.3001,36.2596,616.181,265.053,635.958,282.401,0,22.6622,9.63783,1.42528
1255,362.713,188.956,392.772,483.008,543.371,444.409,1,118.098,244.615,3.07129
1256,276.308,224.608,293.867,379.473,250.073,184.98,0,140.38,135.927,1.96828
1257,319.21,228.347,467.534,328.018,356.264,173.156,0,142.717,176.493,2.23667
1258,35.2,44.1875,607.481,214.651,647.948,197.79,0,27.6172,7.58283,1.27457
1259,15.2,15.3142,248.559,200.394,249.408,185.193,0,9.57139,5.62863,1.58807
1260,223.804,295.601,375.7,567.203,313.103,818.085,0,184.751,39.0539,1.21139
1261,287.508,249.89,320.852,549.881,144.812,616.084,0,156.181,131.327,1.84086
1262,277.608,326.182,324.793,479.445,139.855,611.082,0,203.864,73.744,1.36173
1263,167.801,156.891,503.535,126.563,653.626,129.694,0,98.057,69.744,1.71126
1264,53.4998,63.0585,325.992,217.895,349.886,174.735,0,39.4116,14.0882,1.35746
1265,23.4001,26.8015,300.7,798.973,311.678,818.371,0,16.751,6.6491,1.39694
1266,105.999,105.69,548.846,121.091,653.46,130.047,0,66.0565,39.9424,1.60467
1267,24.8001,28.4148,384.235,174.594,355.825,174.234,0,17.7592,7.04081,1.39646
1268,307.81,232.262,469.342,327.528,356.348,173.193,0,145.164,162.646,2.12043
1269,164.301,179.639,521.634,228.471,647.569,192.361,0,112.275,52.0262,1.46338
1270,55.2997,49.4937,296.864,199.696,253.151,183.432,0,30.9336,24.3662,1.78769
1271,158.1,135.429,246.301,311.326,249.889,185.078,0,84.6432,73.4573,1.86785
1272,150.5,131.057,281.763,301.038,249.794,185.116,0,81.9107,68.5893,1.83737
1273,292.109,201.88,472.843,393.757,630.313,334.138,0,126.175,165.934,2.31511
1274,32.1001,36.6764,575.075,756.125,611.131,754.998,0,22.9227,9.17736,1.40036
1275,149.3,105.237,208.269,267.365,248.24,184.748,0,65.7734,83.5265,2.26991
1276,6.7,6.62891,609.27,542.424,615.66,540.662,0,4.14307,2.55693,1.61716
1277,351.812,227.903,466.807,688.882,613.255,612.764,0,142.44,209.373,2.4699
1278,40.3,29.2274,97.3014,406.493,67.8162,405.046,0,18.2671,22.0329,2.20615
1279,139.199,121.396,130.098,507.31,139.552,611.208,0,75.8726,63.3267,1.83465
1280,298.809,273.465,397.511,396.534,349.496,174.592,0,170.916,127.893,1.74828
1281,17.8,21.2031,136.181,641.405,139.922,620.827,0,13.2519,4.54809,1.3432
1282,208.804,251.678,377.016,606.63,312.143,818.218,0,157.299,51.5045,1.32743
1283,313.71,194.427,452.819,648.056,613.302,613.052,0,121.517,192.193,2.58162
1284,128.799,103.706,231.11,282.898,248.251,184.708,0,64.8164,63.9822,1.98713
1285,3.3,2.35951,645.617,190.73,647.772,191.691,0,1.47469,1.82531,2.23776
1286,362.713,273.882,434.545,548.844,578.247,617.868,1,171.176,191.537,2.11894
1287,137.899,157.96,344.442,668.903,312.793,817.99,0,98.7249,39.1743,1.3968
1288,77.9994,84.2482,578.707,149.089,653.537,130.114,0,52.6551,25.3443,1.48133
1289,97.6991,88.7994,402.352,211.698,355.597,174.311,0,55.4996,42.1995,1.76036
1290,217.304,199.577,374.802,332.121,349.833,174.7,0,124.735,92.5687,1.74212
1291,72.3995,98.7987,341.719,723.712,313.055,818.084,0,61.7492,10.6503,1.17248
1292,102.099,111.135,187.83,253.942,248.476,184.811,0,69.4597,32.6393,1.4699
1293,200.903,234.521,400.885,665.986,313.321,818.178,0,146.576,54.3275,1.37064
1294,231.805,148.697,492.741,621.886,613.247,613.008,0,92.9356,138.869,2.49425
1295,54.4997,34.8964,251.687,220.121,249.815,185.131,0,21.8103,32.6895,2.49881
1296,312.21,180.171,521.455,546.868,613.317,613.122,0,112.607,199.603,2.77256
1297,80.5993,99.8752,567.135,196.619,647.692,191.877,0,62.422,18.1774,1.2912
1298,16.1,16.0544,83.7119,403.404,67.8175,404.994,0,10.034,6.06604,1.60455
1299,145.3,129.038,279.562,301.431,250.843,184.727,0,80.6487,64.651,1.80164
1300,39.3,36.5182,286.863,195.595,253.14,183.497,0,22.8239,16.4761,1.72188
1301,250.306,214.921,487.123,457.914,615.657,539.624,0,134.326,115.981,1.86343
1302,209.604,157.634,202.538,425.44,67.7052,405.584,0,98.5215,111.082,2.12749
1303,192.203,154.716,521.051,387.576,630.324,334.06,0,96.6977,95.5048,1.98766
1304,113.399,100.281,164.367,407.193,67.6547,405.458,0,62.6758,50.723,1.80929
1305,52.2998,67.2461,209.249,622.708,144.759,615.989,0,42.0288,10.271,1.24438
1306,11.3,13.7104,598.974,748.449,611.8,753.284,0,8.56899,2.73101,1.31871
1307,195.003,172.177,335.609,313.423,350.108,174.847,0,107.611,87.3919,1.81211
1308,163.701,141.835,553.217,402.745,630.294,334.099,0,88.6471,75.0536,1.84666
1309,174.301,169.793,335.646,312.633,350.004,174.786,0,106.121,68.1808,1.64248
1310,244.906,219.648,388.057,339.409,349.48,174.504,0,137.28,107.626,1.78398
1311,86.6992,81.1711,546.761,733.268,611.993,752.794,0,50.732,35.9673,1.70897
1312,117.899,127.358,130.647,478.754,67.8201,405.437,0,79.599,38.2998,1.48116
1313,267.107,207.27,492.362,415.547,630.33,334.074,0,129.544,137.563,2.0619
1314,174.801,172.123,228.119,552.429,144.82,615.766,0,107.577,67.2243,1.62489
1315,288.308,276.653,295.018,452.898,67.7512,404.97,0,172.908,115.4,1.66741
1316,149.3,132.381,311.309,266.312,349.794,174.698,0,82.738,66.562,1.80449
1317,96.8991,93.6222,565.393,141.473,653.478,129.839,0,58.5139,38.3852,1.656
1318,314.41,242.775,495.076,485.044,615.56,540.21,0,151.734,162.676,2.07211
1319,310.61,275.835,314.804,517.77,144.792,616.014,0,172.397,138.213,1.80171
1320,32.9001,38.0582,162.294,590.942,144.778,615.812,0,23.7864,9.11368,1.38315
1321,38.9,41.8339,612.37,176.102,648.269,190.906,0,26.1462,12.7538,1.48779
1322,360.313,275.769,447.578,574.743,613.224,612.58,0,172.356,187.957,2.09052
1323,289.908,255.752,412.594,362.504,355.589,174.419,0,159.845,130.063,1.81368
1324,243.106,216.279,392.925,334.217,349.873,174.703,0,135.174,107.931,1.79846
1325,260.207,206.284,324.146,602.543,144.718,615.737,0,128.928,131.279,2.01824
1326,362.713,169.097,397.712,465.36,527.52,444.141,1,105.686,257.027,3.432
1327,247.306,171.81,204.85,436.835,67.6637,405.519,0,107.381,139.924,2.30306
1328,270.407,187.363,221.815,430.939,67.7329,405.547,0,117.102,153.305,2.30916
1329,44.5999,51.1057,614.485,165.652,648.37,190.91,0,31.941,12.6588,1.39632
1330,121.099,128.724,598.269,441.539,615.477,539.828,0,80.4527,40.646,1.50522
1331,3.6,3.13829,251.296,187.941,250.17,185.011,0,1.96143,1.63857,1.8354
1332,80.2993,83.1681,571.043,124.432,653.45,129.915,0,51.98,28.3193,1.54481
1333,183.902,115.929,230.72,296.597,249.528,185.243,0,72.4556,111.446,2.53814
1334,127.999,145.604,547.477,443.856,615.544,540.203,0,91.0025,36.9961,1.40654
1335,88.7992,113.931,585.151,272.667,647.987,197.91,0,71.207,17.5922,1.24706
1336,362.713,283.942,456.768,549.07,596.125,611.659,1,177.464,185.249,2.04387
1337,77.7994,86.2875,579.451,190.327,647.739,191.869,0,53.9297,23.8697,1.44261
1338,101.299,84.2502,587.855,355.781,630.273,334.118,0,52.6564,48.6426,1.92377
1339,129.099,135.28,313.149,288.939,250.49,184.81,0,84.5499,44.5488,1.52689
1340,222.104,208.757,376.193,340.959,350.023,174.806,0,130.473,91.6313,1.7023
1341,72.8995,77.2984,199.708,593.345,144.731,615.912,0,48.3115,24.588,1.50895
1342,289.908,252.723,366.783,398.794,350.008,174.751,0,157.952,131.956,1.83542
1343,150.3,183.674,408.11,691.791,313.346,818.208,0,114.796,35.5039,1.30928
1344,41.7999,29.7041,591.742,624.652,613.251,613.19,0,18.5651,23.2348,2.25153
1345,231.805,181.139,511.352,400.35,630.392,334.105,0,113.212,118.593,2.04753
1346,24.0001,28.4897,574.243,834.752,602.37,833.306,0,17.8061,6.194,1.34786
1347,66.3996,60.8326,606.873,647.542,613.255,612.774,0,38.0203,28.3792,1.74642
1348,155.5,156.513,372.063,278.166,349.733,174.675,0,97.8207,57.6796,1.58965
1349,314.41,280.104,396.056,400.093,349.799,174.74,0,175.065,139.345,1.79596
1350,25.2001,33.4963,318.434,184.25,350.379,174.87,0,20.9352,4.26486,1.20372
1351,90.7992,91.0904,136.874,530.369,139.68,611.125,0,56.9315,33.8677,1.59489
1352,326.211,245.127,459.158,456.465,615.497,540.182,0,153.204,173.006,2.12925
1353,294.209,232.38,466.158,255.38,356.159,173.387,0,145.237,148.971,2.02571
1354,4.3,3.94434,136.467,623.733,137.548,619.939,0,2.46521,1.83479,1.74427
1355,84.9993,75.3167,588.794,367.714,630.31,334.19,0,47.0729,37.9263,1.80569
1356,171.501,187.568,513.873,231.622,647.95,191.103,0,117.23,54.2715,1.46295
1357,305.609,250.455,437.029,354.706,355.594,174.356,0,156.535,149.075,1.95234
1358,170.801,157.316,613.639,423.595,615.518,539.75,0,98.3223,72.4789,1.73716
1359,0,0,314.783,821.436,314.783,821.436,0,0,0,0
1360,90.0992,70.8757,301.23,757.247,311.324,818.522,0,44.2973,45.8019,2.03396
1361,278.808,246.705,288.088,556.648,144.819,615.844,0,154.191,124.617,1.8082
1362,38.4,44.7456,400.355,174.866,355.816,174.271,0,27.966,10.434,1.3731
1363,257.907,165.055,486.832,637.879,613.314,613.113,0,103.159,154.747,2.50008
1364,284.208,201.882,496.232,245.651,356.175,173.208,0,126.176,158.032,2.25247
1365,143.1,159.585,344.695,667.444,312.94,817.968,0,99.7406,43.3589,1.43472
1366,2.8,2.02201,609.135,754.428,611.068,755.014,0,1.26375,1.53624,2.21562
1367,139.799,117.383,527.52,362.458,630.343,334.124,0,73.3645,66.4348,1.90554
1368,30.8001,42.1608,321.215,777.131,312.717,818.03,0,26.3505,4.44958,1.16886
1369,140.699,104.977,211.192,258.521,248.116,184.714,0,65.6109,75.0885,2.14445
1370,8.6,8.82843,358.777,182.559,355.588,174.298,0,5.51777,3.08223,1.5586
1371,362.713,221.431,428.708,620.301,610.955,612.522,1,138.394,224.319,2.62087
1372,45.4999,54.2451,406.944,163.177,355.754,174.233,0,33.9032,11.5967,1.34205
1373,327.611,250.158,444.462,442.209,615.663,539.608,0,156.349,171.262,2.09538
1374,74.1994,100.046,344.123,723.578,313.086,818.086,0,62.529,11.6704,1.18664
1375,166.201,133.374,291.565,289.458,249.868,185.081,0,83.359,82.8419,1.9938
1376,5.8,5.85364,150.63,616.123,144.797,615.985,0,3.65852,2.14147,1.58534
1377,105.799,103.859,423.69,228.472,356.24,173.303,0,64.9117,40.8872,1.62989
1378,165.401,142.781,330.9,284.158,349.805,174.673,0,89.2382,76.1627,1.85348
1379,181.302,142.376,498.656,339.666,630.374,334.083,0,88.9853,92.3166,2.03744
1380,11.4,12.9285,258.141,195.59,252.643,183.988,0,8.08034,3.31966,1.41083
1381,362.713,210.263,444.072,677.024,597.482,613.542,1,131.414,231.299,2.76008
1382,56.2997,79.4573,335.909,742.18,312.907,817.984,0,49.6608,6.63891,1.13369
1383,89.4992,118.558,263.579,729.388,153.615,700.674,0,74.0986,15.4006,1.20784
1384,362.713,216.589,385.988,505.137,538.461,443.764,1,135.368,227.345,2.67946
1385,362.713,222.627,425.306,489.486,586.772,470.251,1,139.142,223.571,2.60679
1386,105.399,100.454,263.544,282.219,250.392,184.923,0,62.7836,42.6154,1.67877
1387,168.901,135.406,203.469,307.324,248.969,184.976,0,84.6285,84.2727,1.9958
1388,186.302,197.103,354.743,639.095,312.945,818.122,0,123.189,63.1131,1.51233
1389,58.1997,66.5054,550.066,748.91,611.988,752.752,0,41.5659,16.6338,1.40018
1390,51.9998,64.5857,561.748,789.869,606.438,811.846,0,40.366,11.6337,1.28821
1391,207.103,206.686,346.257,344.081,349.681,174.749,0,129.179,77.9247,1.60323
1392,283.208,237.552,401.87,350.229,349.869,174.74,0,148.47,134.738,1.90751
1393,294.709,294.595,338.593,532.177,144.777,616.08,0,184.122,110.587,1.60062
1394,65.1996,65.6245,598.274,148.398,653.484,129.792,0,41.0153,24.1843,1.58964
1395,7.89999,6.4199,630.791,281.568,635.86,282.022,0,4.01244,3.88756,1.96888
1396,40.5,47.043,185.046,673.003,149.824,693.186,0,29.4019,11.0981,1.37746
1397,139.299,135.18,519.912,124.305,653.503,129.952,0,84.4876,54.8117,1.64875
1398,362.713,198.846,385.303,458.045,549.54,453.897,1,124.279,238.434,2.91855
1399,179.902,143.776,195.728,307.343,249.406,185.222,0,89.8603,90.0415,2.00202
1400,57.5997,59.6689,162.249,567.613,139.923,611.177,0,37.2931,20.3066,1.54451
1401,87.1992,94.0358,179.269,545.415,140.14,611.094,0,58.7724,28.4269,1.48368
1402,182.002,183.844,311.013,325.993,251.453,184.375,0,114.902,67.0994,1.58397
1403,26.9001,30.7878,386.035,171.333,355.842,174.279,0,19.2424,7.6577,1.39796
1404,108.999,134.025,511.431,719.529,611.78,753.419,0,83.7654,25.2335,1.30124
1405,362.713,113.143,472.188,333.498,470.868,329.853,1,70.7143,291.999,5.12928
1406,256.706,211,280.641,376.203,250.745,184.753,0,131.875,124.831,1.94659
1407,248.706,223.746,475.645,425.211,615.562,539.693,0,139.841,108.865,1.77849
1408,5.2,4.77012,308.347,814.773,310.941,818.743,0,2.98132,2.21867,1.74419
1409,76.7994,76.3086,577.478,131.558,653.534,130.071,0,47.6929,29.1065,1.61029
1410,141.499,110.947,236.984,290.755,249.479,185.221,0,69.342,72.1574,2.0406
1411,49.6998,52.3761,605.719,170.441,647.841,191.446,0,32.7351,16.9647,1.51824
1412,243.806,160.379,493.112,157.836,356.216,173.321,0,100.237,143.569,2.4323
1413,183.702,234.592,488.286,261.145,647.97,197.959,0,146.62,37.0817,1.25291
1414,136.099,121.163,555.574,294.503,630.379,334.146,0,75.7268,60.3723,1.79724
1415,259.407,200.49,469.148,298.279,630.348,334.064,0,125.306,134.1,2.07018
1416,253.906,234.025,347.527,591.177,144.825,616.207,0,146.265,107.641,1.73593
1417,132.999,131.113,524.294,123.3,653.52,129.951,0,81.9455,51.0534,1.62302
1418,184.402,171.825,336.419,315.101,349.726,174.713,0,107.39,77.0117,1.71712
1419,342.712,233.624,468.669,359.406,630.324,334.064,0,146.015,196.697,2.3471
1420,176.702,160.868,425.403,284.249,355.585,174.407,0,100.543,76.1588,1.75748
1421,88.6992,115.357,358.162,715.537,313.096,818.121,0,72.0981,16.6011,1.23026
1422,170.301,175.462,211.376,498.699,140.082,611.151,0,109.664,60.6376,1.55294
1423,62.4996,77.6325,214.975,675.703,149.46,693.225,0,48.5203,13.9793,1.28811
1424,96.6991,90.7233,163.431,535.06,139.626,611.235,0,56.702,39.9971,1.70539
1425,147.2,131.873,515.905,365.682,630.269,334.085,0,82.4209,64.7789,1.78595
1426,263.307,202.843,256.97,381.966,67.6631,404.825,0,126.777,136.53,2.07694
1427,214.504,148.572,181.662,441.211,67.7122,405.569,0,92.8578,121.646,2.31003
1428,99.0991,116.92,562.613,460.604,615.698,540.451,0,73.0749,26.0241,1.35613
1429,350.212,262.13,457.821,500.832,613.284,613.133,0,163.831,186.381,2.13764
1430,101.099,117.155,586.319,444.652,615.471,540.183,0,73.2218,27.8772,1.38072
1431,94.4991,94.537,347.064,228.721,349.687,174.673,0,59.0856,35.4135,1.59936
1432,13.8,14.2117,600.27,745.045,612.305,752.243,0,8.88229,4.91773,1.55366
1433,180.302,198.509,330.774,348.626,251.222,184.528,0,124.068,56.2337,1.45325
1434,157,172.299,216.599,500.747,140.113,611.118,0,107.687,49.3135,1.45793
1435,345.212,311.822,322.376,445.459,67.8125,405.163,0,194.888,150.323,1.77133
1436,180.502,117.092,223.88,297.169,248.62,184.909,0,73.1825,107.319,2.46646
1437,67.8995,63.6253,130.593,399.518,67.7207,404.807,0,39.7658,28.1337,1.70749
1438,286.508,251.974,304.441,398.676,249.367,185.17,0,157.484,129.024,1.81929
1439,255.906,188.161,322.989,618.934,144.796,615.787,0,117.601,138.306,2.17606
1440,219.604,175.374,442.862,279.854,356.158,173.254,0,109.608,109.996,2.00353
1441,31.0001,33.5815,582.814,601.246,613.253,612.501,0,20.9885,10.0116,1.47701
1442,67.7995,67.9193,595.003,149.726,653.573,130.384,0,42.4496,25.35,1.59718
1443,273.707,244.908,318.005,548.783,144.731,615.756,0,153.068,120.64,1.78815
1444,179.602,170.749,304.046,645.509,144.834,616.241,0,106.718,72.8839,1.68296
1445,355.512,215.677,447.992,667.307,613.251,612.77,0,134.798,220.714,2.63737
1446,52.1998,43.9562,110.953,399.684,67.7278,405.591,0,27.4726,24.7272,1.90007
1447,160.901,134.994,464.915,166.274,356.338,172.969,0,84.3712,76.5294,1.90706
1448,243.806,211.036,246.829,417.451,67.6783,404.887,0,131.898,111.908,1.84844
1449,49.1998,58.9139,161.489,568.739,139.928,611.161,0,36.8212,12.3786,1.33618
1450,266.107,166.914,456.99,597.891,613.221,613.044,0,104.321,161.786,2.55084
1451,7.79999,8.28505,140.393,602.912,139.881,611.159,0,5.17816,2.62184,1.50633
1452,31.0001,32.755,601.143,331.678,630.291,334.062,0,20.4719,10.5282,1.51428
1453,279.108,211.368,480.084,280.242,355.53,174.403,0,132.105,147.003,2.11277
1454,236.405,228.569,466.981,442.292,615.538,540.162,0,142.856,93.5497,1.65485
1455,34.3,36.1415,566.537,833.801,602.373,833.309,0,22.5884,11.7116,1.51848
1456,60.9996,68.1587,591.906,233.961,648.343,198.144,0,42.5992,18.4005,1.43194
1457,154.9,103.431,517.588,628.849,613.268,613.14,0,64.6442,90.256,2.3962
1458,244.706,180.459,252.669,343.398,248.307,184.781,0,112.787,131.919,2.16962
1459,48.1998,63.6136,193.123,684.203,152.628,701.85,0,39.7585,8.44135,1.21232
1460,222.204,275.978,336.061,404.02,251.383,184.469,0,172.486,49.7181,1.28824
1461,149.2,168.632,306.526,680.407,312.322,818.113,0,105.395,43.8047,1.41562
1462,106.199,80.4407,589.415,356.722,630.445,334.444,0,50.2754,55.9235,2.11234
1463,187.802,179.339,381.974,246.383,349.909,174.735,0,112.087,75.7156,1.67551
1464,139.199,130.833,346.908,282.785,349.874,174.805,0,81.7709,57.4284,1.70231
1465,21.4,27.2693,177.858,712.437,152.829,701.78,0,17.0433,4.3567,1.25562
1466,89.0992,85.1731,530.303,611.087,613.187,612.974,0,53.2332,35.866,1.67375
1467,100.899,91.8288,159.105,398.412,67.8006,405.012,0,57.393,43.506,1.75804
1468,36.7,29.069,584.744,616.815,613.251,613.189,0,18.1681,18.5319,2.02002
1469,234.505,290.102,304.791,505.734,139.924,611.064,0,181.314,53.1913,1.29337
1470,224.404,174.673,447.226,277.235,355.62,174.361,0,109.171,115.234,2.05553
1471,17.2,18.9347,332.706,181.41,349.886,174.752,0,11.8342,5.36582,1.45342
1472,131.399,155.425,507.346,698.697,611.876,753.221,0,97.1406,34.2582,1.35267
1473,97.9991,99.6646,555.251,121.682,653.53,129.951,0,62.2904,35.7087,1.57326
1474,62.9996,77.2944,590.39,288.584,630.298,334.048,0,48.309,14.6906,1.3041
1475,259.507,208.756,296.126,364.148,250.209,185.048,0,130.472,129.034,1.98898
1476,166.801,149.494,504.246,121.14,653.558,129.697,0,93.4341,73.3669,1.78523
1477,215.404,258.937,381.582,612.76,312.491,817.991,0,161.836,53.5681,1.331
1478,307.81,241.244,453.906,436.512,615.561,539.608,0,150.777,157.032,2.04149
1479,250.206,160.824,487.458,662.213,613.267,613.142,0,100.515,149.691,2.48924
1480,362.713,247.766,451.665,470.439,605.762,540.697,1,154.854,207.859,2.34229
1481,123.999,138.004,604.786,443.841,615.452,539.838,0,86.2524,37.7463,1.43763
1482,74.5994,83.7097,148.21,527.815,139.789,611.051,0,52.3186,22.2809,1.42587
1483,224.505,204.075,370.193,344.522,349.808,174.688,0,127.547,96.9576,1.76017
1484,121.599,158.126,399.964,709.111,313.332,818.185,0,98.8289,22.7698,1.2304
1485,152.5,130.259,548.141,299.724,630.364,334.059,0,81.4117,71.0884,1.8732
1486,102.499,116,612.154,457.723,615.562,539.575,0,72.4998,29.9992,1.41378
1487,21.3,18.8532,262.474,199.33,252.473,184.041,0,11.7832,9.51681,1.80766
1488,54.2997,58.464,399.327,185.625,356.14,173.615,0,36.54,17.7598,1.48604
1489,87.9992,92.948,117.908,456.355,67.6671,404.889,0,58.0925,29.9067,1.51481
1490,118.899,112.491,228.078,606.795,144.669,615.728,0,70.3066,48.5921,1.69115
1491,25.2001,30.2223,600.605,785.105,606.685,811.175,0,18.889,6.31109,1.33412
1492,176.502,138.836,290.907,304.43,250.833,184.75,0,86.7727,89.7289,2.03407
1493,210.504,211.858,511.629,504.802,615.633,539.656,0,132.411,78.0922,1.58977
1494,114.499,109.417,555.237,686.577,612.087,752.778,0,68.3854,46.1134,1.67432
1495,89.6992,74.5048,593.971,358.064,630.441,334.409,0,46.5655,43.1337,1.9263
1496,160.001,160.087,549.492,422.482,615.462,539.826,0,100.054,59.9461,1.59913
1497,208.104,214.035,272.656,559.671,144.824,615.784,0,133.772,74.3319,1.55566
1498,362.713,228.368,445.919,386.316,622.211,333.912,1,142.73,219.983,2.54126
1499,196.003,204.613,371.367,643.578,312.906,817.982,0,127.883,68.1197,1.53267
1500,330.511,318.543,374.906,451.997,349.679,174.631,0,199.09,131.421,1.66011
1501,362.713,86.492,445.894,338.665,443.645,331.744,1,54.0575,308.655,6.70976
1502,30.2001,23.3276,271.061,197.853,252.426,184.035,0,14.5797,15.6203,2.07137
1503,102.799,103.758,189.928,246.644,248.927,184.992,0,64.8489,37.9501,1.58521
1504,280.608,227.981,294.392,379.541,249.054,185.109,0,142.488,138.12,1.96934
1505,295.809,208.261,511.222,515.477,613.219,612.963,0,130.163,165.646,2.2726
1506,241.006,205.231,280.499,561.071,144.669,615.751,0,128.269,112.736,1.8789
1507,318.81,248.595,412.285,361.184,355.791,174.349,0,155.372,163.438,2.05192
1508,107.699,97.4886,215.408,269.648,248.495,184.836,0,60.9304,46.7686,1.76757
1509,317.51,247.91,439.299,389.988,630.303,334.117,0,154.944,162.567,2.0492
1510,16.1,19.7298,375.13,178.106,356.026,173.802,0,12.3311,3.76889,1.30564
1511,204.203,152.838,445.448,149.004,356.194,173.353,0,95.5237,108.68,2.13772
1512,160.801,148.459,597.611,451.252,615.592,539.661,0,92.7871,68.0135,1.73301
1513,217.204,163.367,278.102,597.052,144.672,615.685,0,102.105,115.099,2.12727
1514,156.9,126.408,212.645,302.779,248.264,184.704,0,79.0047,77.8956,1.98596
1515,151.1,193.626,528.559,254.235,648.138,197.956,0,121.016,30.0841,1.2486
1516,0,0,606.63,811.165,606.63,811.165,0,0,0,0
1517,362.713,233.904,403.92,489.924,583.259,462.04,1,146.19,216.523,2.4811
1518,149.6,124.781,532.24,671.346,613.17,612.815,0,77.9883,71.6116,1.91824
1519,31.3001,39.883,313.682,189.599,350.326,174.885,0,24.9269,6.37322,1.25568
1520,82.8993,76.3539,588.79,364.708,630.279,334.071,0,47.7212,35.1781,1.73716
1521,104.999,102.541,168.421,392.821,67.7667,404.95,0,64.088,40.9109,1.63836
1522,253.506,302.636,278.609,476.427,139.851,611.101,0,189.147,64.3589,1.34026
1523,74.8994,66.7701,304.77,759.923,311.844,818.259,0,41.7313,33.1681,1.7948
1524,0,0,642.135,286.143,642.135,286.143,0,0,0,0
1525,170.501,155.009,424.319,280.157,355.824,174.342,0,96.8803,73.6209,1.75992
1526,127.499,148.5,277.422,689.964,149.723,693.156,0,92.8127,34.6859,1.37372
1527,56.1997,62.7734,590.323,308.586,630.429,333.84,0,39.2334,16.9663,1.43245
1528,70.8995,98.1938,581.116,257.755,648.048,197.939,0,61.3711,9.52837,1.15526
1529,202.803,161.97,501.32,326.772,630.273,334.076,0,101.231,101.572,2.00337
1530,142.7,137.627,313.1,291.854,251.169,184.521,0,86.017,56.6825,1.65897
1531,175.902,125.602,491.141,603.163,613.326,613.138,0,78.5011,97.4005,2.24075
1532,16.1,16.4627,636.007,209.136,648.332,198.146,0,10.2892,5.81082,1.56475
1533,281.908,288.309,376.086,559.425,144.749,616.337,0,180.193,101.715,1.56447
1534,14.1,13.9884,245.908,198.627,249.378,185.226,0,8.74274,5.35728,1.61277
1535,251.506,242.086,285.543,395.645,250.922,184.666,0,151.303,100.203,1.66226
1536,145.4,129.344,510.945,336.807,630.325,334.081,0,80.8397,64.56,1.79862
1537,7.2,7.5826,655.417,206.034,652.203,199.166,0,4.73913,2.46087,1.51927
1538,186.002,155.167,237.074,329.844,249.807,185.091,0,96.9797,89.0225,1.91795
1539,102.399,137.902,378.932,707.73,313.1,818.073,0,86.1885,16.2105,1.18808
1540,169.101,213.052,517.191,253.592,647.946,197.664,0,133.157,35.9438,1.26993
1541,231.805,217.973,394.53,328.858,349.865,174.719,0,136.233,95.5719,1.70153
1542,158.6,158.504,508.328,146.252,653.571,130.355,0,99.0652,59.5352,1.60097
1543,8.5,9.32636,153.812,684.862,151.366,693.862,0,5.82898,2.67102,1.45823
1544,158.5,147.542,546.384,440.781,615.477,539.755,0,92.2136,66.2869,1.71884
1545,161.101,137.138,246.468,315.265,249.76,185.107,0,85.7113,75.3893,1.87957
1546,178.302,187.865,383.674,666.508,312.354,818.124,0,117.415,60.8863,1.51855
1547,38.3,48.3381,323.673,203.838,349.605,174.647,0,30.2113,8.08866,1.26774
1548,194.503,194.387,512.698,463.684,615.655,539.649,0,121.492,73.0106,1.60095
1549,10.1,11.5347,604.441,543.493,615.504,540.246,0,7.20916,2.89084,1.401
1550,149.1,145.125,587.144,422.744,615.453,539.814,0,90.7031,58.3968,1.64382
1551,144.9,116.917,217.111,296.011,248.642,184.93,0,73.0732,71.8265,1.98294
1552,268.307,183.685,217.679,432.927,67.7146,405.503,0,114.803,153.504,2.33711
1553,92.0992,92.6887,122.548,452.44,67.6512,405.53,0,57.9305,34.1687,1.58982
1554,192.503,152.123,298.734,312.187,251.467,184.412,0,95.0766,97.4259,2.02471
1555,70.6995,60.9683,265.017,242.939,249.827,185.112,0,38.1052,32.5943,1.85538
1556,98.1991,112.101,526.788,725.801,611.764,753.4,0,70.0634,28.1357,1.40158
1557,14.2,15.9633,338.098,185.15,349.758,174.704,0,9.97703,4.22298,1.42327
1558,85.0993,91.1748,153.167,521.634,139.619,611.214,0,56.9842,28.115,1.49338
1559,338.211,274.393,455.072,489.272,613.301,612.438,0,171.495,166.716,1.97213
1560,172.801,218.015,504.594,257.453,648.219,197.954,0,136.259,36.542,1.26818
1561,233.605,209.165,484.027,437.703,615.621,539.688,0,130.728,102.877,1.78696
1562,50.2998,60.8044,599.962,201.77,648.174,198.047,0,38.0027,12.2971,1.32358
1563,131.199,101.521,234.545,282.544,249.602,185.244,0,63.4505,67.7483,2.06774
1564,146.9,133.033,303.779,293.016,251.026,184.563,0,83.1454,63.7543,1.76678
1565,145.2,119.653,509.866,592.142,613.157,612.603,0,74.783,70.4167,1.94161
1566,220.504,140.37,162.02,446.961,67.6494,405.483,0,87.7314,132.773,2.5134
1567,125.099,111.405,260.585,291.462,249.481,185.199,0,69.628,55.4706,1.79667
1568,34.4,40.3614,411.948,117.342,405.85,78.2435,0,25.2259,9.17417,1.36368
1569,22.6,25.4355,585.499,805.179,607.172,810.177,0,15.8972,6.70285,1.42164
1570,122.699,118.665,611.646,730.176,612.326,752.256,0,74.1654,48.5333,1.65439
1571,186.702,153.178,499.068,351.671,630.308,334.074,0,95.7364,90.9658,1.95017
1572,212.404,229.142,497.514,501.974,615.462,540.195,0,143.214,69.19,1.48312
1573,290.809,237.965,463.79,456.155,615.546,539.879,0,148.728,142.08,1.9553
1574,229.005,185.258,496.511,299.471,630.333,334.072,0,115.786,113.219,1.97783
1575,167.201,212.697,522.408,257.324,647.876,197.738,0,132.935,34.2657,1.25776
1576,105.799,133.159,348.779,693.372,313.142,818.105,0,83.2247,22.5743,1.27125
1577,362.713,239.472,463.263,465.71,605.204,540.901,1,149.67,213.043,2.42341
1578,94.9991,120.836,362.431,712.827,313.121,818.087,0,75.5225,19.4766,1.25789
1579,17.6,19.9677,601.977,530.979,615.476,540.102,0,12.4798,5.12022,1.41028
1580,137.799,145.757,495.768,718.257,612.161,752.564,0,91.0983,46.7009,1.51264
1581,210.804,223.524,380.257,630.346,312.363,818.071,0,139.702,71.1013,1.50895
1582,236.905,155.834,467.098,597.766,613.254,613.099,0,97.3963,139.509,2.43239
1583,271.907,209.198,264.808,367.354,249.913,185.131,0,130.749,141.159,2.07962
1584,362.713,270.445,450.97,564.169,596.078,614.774,1,169.028,193.685,2.14588
1585,89.3992,89.9049,223.239,267.688,248.977,185.025,0,56.1905,33.2087,1.591
1586,30.9001,40.7257,185.896,705.797,152.74,701.767,0,25.4536,5.44652,1.21398
1587,7.89999,8.64151,594.313,830.214,602.656,832.465,0,5.40095,2.49905,1.46271
1588,70.1995,65.729,587.848,127.568,653.51,129.971,0,41.0806,29.1189,1.70882
1589,273.007,212.42,478.018,408.609,630.305,334.074,0,132.763,140.245,2.05636
1590,148.1,144.866,398.371,258.38,355.633,174.426,0,90.5411,57.5587,1.63572
1591,177.302,209.367,333.016,358.783,251.329,184.506,0,130.854,46.4474,1.35496
1592,88.2992,90.0712,191.274,233.799,248.509,184.813,0,56.2945,32.0047,1.56852
1593,11.2,12.0245,590.817,830.759,602.421,833.35,0,7.5153,3.6847,1.49029
1594,67.7995,60.6127,126.628,399.056,67.7199,405.616,0,37.883,29.9166,1.78971
1595,201.203,155.381,558.847,532.055,613.308,612.534,0,97.113,104.09,2.07184
1596,241.606,149.972,498.448,618.576,613.27,613.135,0,93.7327,147.873,2.5776
1597,133.899,135.269,257.968,654.743,144.77,616.137,0,84.5431,49.3558,1.58379
1598,272.507,236.047,390.129,358.145,349.685,174.676,0,147.529,124.978,1.84714
1599,13.4,15.0111,603.275,763.083,611.16,755.047,0,9.38191,4.01811,1.42828
1600,10.5,12.6829,164.52,706.602,152.848,701.76,0,7.92682,2.57318,1.32462
1601,157.5,130.331,463.309,162.516,356.289,173.206,0,81.4568,76.0436,1.93355
1602,311.01,233.273,463.576,347.345,355.63,174.396,0,145.796,165.214,2.13319
1603,195.703,137.155,164.457,442.049,67.6859,405.528,0,85.7216,109.981,2.283
1604,147.6,142.175,519.106,130.704,653.533,129.958,0,88.8592,58.7406,1.66105
1605,38.5,35.6903,286.948,194.36,253.219,183.139,0,22.3065,16.1935,1.72596
1606,224.004,176.998,219.57,348.865,67.6563,404.901,0,110.624,113.381,2.02492
1607,74.1994,73.5664,594.492,360.167,630.323,334.125,0,45.979,28.2204,1.61377
1608,104.999,110.815,186.906,533.571,139.984,611.104,0,69.2591,35.7398,1.51603
1609,20.5,25.4136,319.484,793.493,312.997,818.089,0,15.8835,4.61654,1.29065
1610,102.099,97.4579,418.098,223.128,355.645,174.356,0,60.9112,41.1878,1.67619
1611,119.599,100.277,164.952,406.85,67.686,404.934,0,62.6729,56.9258,1.9083
1612,37.8,36.5685,602.486,584.912,613.384,612.292,0,22.8553,14.9447,1.65388
1613,19.8,23.8379,578.83,835.459,602.382,833.34,0,14.8987,4.90133,1.32898
1614,43.8999,56.7682,192.234,677.611,149.432,693.369,0,35.4801,8.41977,1.23731
1615,182.102,155.484,498.325,351.01,630.352,334.149,0,97.1772,84.9247,1.87392
1616,214.604,240.217,272.874,520.306,139.91,611.16,0,150.135,64.4685,1.4294
1617,84.9993,115.035,257.655,722.823,153.677,700.24,0,71.8969,13.1024,1.18224
1618,362.713,278.745,413.239,436.083,605.344,540.279,1,174.215,188.497,2.08198
1619,219.204,161.987,504.373,377.712,630.298,334.082,0,101.242,117.962,2.16515
1620,155.6,133.978,248.995,311.213,249.899,185.097,0,83.7365,71.8638,1.85821
1621,52.3998,58.5832,162.466,568.813,139.85,611.18,0,36.6145,15.7853,1.43112
1622,259.707,161.776,501.007,165.313,355.868,174.012,0,101.11,158.596,2.56855
1623,31.4001,30.8479,586.365,767.883,611.112,754.96,0,19.2799,12.1202,1.62864
1624,136.299,128.552,318.678,254.287,349.613,174.643,0,80.3449,55.9542,1.69643
1625,52.8998,60.3139,571.078,339.777,630.381,334.116,0,37.6962,15.2036,1.40332
1626,176.402,178.992,324.454,327.561,251.397,184.538,0,111.87,64.5318,1.57685
1627,311.11,266.149,318.698,526.624,144.818,615.765,0,166.343,144.767,1.87029
1628,28.0001,24.0707,91.6515,403.193,67.7279,404.813,0,15.0442,12.9559,1.86119
1629,296.809,270.325,364.308,415.037,349.713,174.66,0,168.953,127.856,1.75675
1630,102.899,99.3628,273.456,281.094,249.903,185.111,0,62.1018,40.7972,1.65694
1631,55.8997,58.7788,611.153,153.038,653.517,130.046,0,36.7368,19.1629,1.52163
1632,55.9997,71.7348,547.87,776.495,611.184,755.058,0,44.8343,11.1654,1.24904
1633,191.702,204.335,490.92,441.374,615.558,540.273,0,127.709,63.9932,1.50109
1634,37,41.5211,173.321,633.93,144.781,616.217,0,25.9507,11.0493,1.42578
1635,49.4998,58.6254,553.074,759.073,611.061,755.403,0,36.6409,12.8589,1.35095
1636,257.106,240.066,288.187,393.814,249.811,185.082,0,150.041,107.065,1.71357
1637,304.509,263.562,302.087,539.825,144.742,615.771,0,164.726,139.783,1.84858
1638,267.507,224.602,456.141,337.345,355.538,174.428,0,140.377,127.131,1.90564
1639,116.199,114.358,270.697,747.342,310.716,818.82,0,71.4736,44.7252,1.62576
1640,22.3,22.4711,599.194,734.681,612.194,752.385,0,14.0444,8.25563,1.58782
1641,13.1,16.7862,412.571,93.541,406.681,77.8397,0,10.4914,2.60862,1.24864
1642,243.506,193.156,271.52,363.173,249.497,185.214,0,120.722,122.783,2.01707
1643,22.5,27.9299,625.963,134.061,653.458,129.857,0,17.4562,5.04389,1.28895
1644,146.4,132.509,115.755,508.588,140.144,611.148,0,82.8182,63.5815,1.76772
1645,344.512,245.318,423.177,663.844,613.327,613.19,0,153.324,191.188,2.24696
1646,44.5999,44.1296,583.37,780.194,611.156,754.968,0,27.581,17.0189,1.61705
1647,103.199,127.843,520.778,734.831,611.162,755.184,0,79.9017,23.2972,1.29157
1648,97.0991,78.341,423.701,157.15,356.099,173.462,0,48.9632,48.1359,1.98311
1649,335.711,316.274,352.923,457.954,349.666,174.641,0,197.671,138.04,1.69833
1650,105.499,118.373,117.049,482.703,67.7817,405.375,0,73.9831,31.5159,1.42599
1651,160.601,122.904,165.045,428.593,67.7256,405.591,0,76.815,83.7856,2.09074
1652,89.0992,89.8938,560.261,358.153,630.261,333.938,0,56.1837,32.9156,1.58586
1653,49.3998,54.5041,89.1371,439.547,67.6908,405.544,0,34.0651,15.3348,1.45016
1654,176.702,141.704,530.469,561.691,613.232,612.695,0,88.5648,88.1368,1.99517
1655,110.199,114.863,228.747,658.421,144.776,615.936,0,71.7892,38.4097,1.53503
1656,130.199,124.852,253.232,646.434,144.76,616.106,0,78.0326,52.1661,1.66852
1657,118.499,116.981,556.728,162.556,653.455,129.953,0,73.113,45.3858,1.62076
1658,48.7998,61.615,338.611,197.973,350.05,174.824,0,38.5094,10.2904,1.26722
1659,310.51,248.277,236.789,468.408,67.6961,405.489,0,155.173,155.337,2.00106
1660,211.304,153.418,188.235,314.794,248.76,184.902,0,95.8864,115.417,2.20369
1661,90.6992,117.216,349.204,708.755,312.832,817.98,0,73.2602,17.439,1.23804
1662,178.802,163.273,425.935,287.527,355.596,174.383,0,102.046,76.7559,1.75217
1663,192.703,188.46,614.219,401.951,615.645,539.69,0,117.787,74.9153,1.63602
1664,173.701,220.126,502.729,255.529,647.89,197.667,0,137.579,36.1223,1.26256
1665,30.4001,42.2129,594.647,714.884,612.163,752.356,0,26.3831,4.01701,1.15226
1666,296.109,232.125,403.401,333.384,349.655,174.715,0,145.078,151.031,2.04103
1667,278.908,202.313,255.707,383.154,67.6803,404.907,0,126.446,152.462,2.20575
1668,129.699,139.444,567.471,416.342,615.608,539.731,0,87.1524,42.5463,1.48818
1669,164.001,149.489,161.241,465.42,139.612,611.165,0,93.4306,70.5702,1.75532
1670,167.501,186.616,518.682,221.99,647.734,191.804,0,116.635,50.8657,1.43611
1671,217.704,160.865,276.709,329.287,249.822,185.134,0,100.541,117.163,2.16533
1672,305.009,253.683,291.619,434.288,67.6421,404.901,0,158.552,146.458,1.92372
1673,196.203,174.914,237.575,393.21,67.6958,404.927,0,109.321,86.8815,1.79474
1674,148.8,150.35,489.817,718.789,612.53,751.814,0,93.9685,54.8314,1.58351
1675,91.6992,104.458,225.532,648.955,144.777,616.17,0,65.2862,26.413,1.40457
1676,269.407,208.163,265.343,365.582,249.85,185.105,0,130.102,139.305,2.07074
1677,29.7001,30.711,255.337,215.22,249.581,185.238,0,19.1944,10.5057,1.54733
1678,174.901,123.892,503.901,590.599,613.22,612.891,0,77.4328,97.4687,2.25875
1679,125.099,112.128,543.073,663.638,613.161,612.936,0,70.0799,55.0187,1.78509
1680,316.81,248.911,235.772,468.934,67.6807,405.52,0,155.569,161.241,2.03646
1681,265.307,232.223,297.976,551.177,144.703,615.733,0,145.14,120.167,1.82794
1682,131.699,128.307,533.275,137.404,653.465,129.957,0,80.1916,51.5073,1.6423
1683,257.106,177.698,489.436,225.405,356.15,173.263,0,111.061,146.046,2.315
1684,284.408,252.633,401.164,363.506,349.583,174.645,0,157.896,126.513,1.80124
1685,61.9996,80.3229,565.589,498.269,615.646,539.703,0,50.2018,11.7978,1.23501
1686,196.903,125.19,219.635,304.677,248.625,184.905,0,78.2437,118.659,2.51653
1687,145.1,163.164,547.497,212.446,647.84,191.49,0,101.977,43.1222,1.42286
1688,16.1,18.0518,599.51,797.155,606.373,812.046,0,11.2823,4.81768,1.42701
1689,97.2991,80.9052,607.545,680.286,612.373,751.888,0,50.5657,46.7334,1.92421
1690,254.606,238.74,269.211,411.531,67.746,404.916,0,149.212,105.394,1.70634
1691,123.599,116.272,525.747,347.955,630.251,334.185,0,72.6702,50.9285,1.70082
1692,159.201,181.403,334.221,647.011,312.763,817.981,0,113.377,45.8238,1.40417
1693,62.6996,56.158,122.866,398.131,67.6879,404.798,0,35.0987,27.6009,1.78638
1694,98.7991,87.5176,538.333,600.671,613.206,612.778,0,54.6985,44.1005,1.80625
1695,246.106,298.401,273.936,497.471,139.855,611.057,0,186.501,59.6052,1.3196
1696,25.1001,32.1542,620.219,212.383,648.385,198.103,0,20.0964,5.00368,1.24898
1697,362.713,297.321,402.614,582.171,586.211,616.028,1,185.826,176.887,1.9519
1698,83.2993,84.9248,546.83,635.97,613.264,612.833,0,53.078,30.2213,1.56937
1699,362.713,266.988,425.498,547.579,570.321,617.03,1,166.868,195.845,2.17366
1700,362.713,182.477,403.488,494.441,532.052,444.08,1,114.048,248.665,3.18036
1701,167.101,132.227,283.096,294.714,249.527,185.18,0,82.6421,84.4589,2.02198
1702,219.404,133.504,226.328,311.153,248.663,184.891,0,83.4398,135.964,2.62949
1703,223.004,201.255,475.573,391.576,630.284,334.084,0,125.784,97.2202,1.77291
1704,189.602,192.849,218.314,473.082,139.595,611.251,0,120.53,69.0719,1.57307
1705,46.4999,55.6998,572.148,728.169,612.224,752.564,0,34.8123,11.6875,1.33573
1706,104.799,127.457,523.43,736.732,611.087,755.17,0,79.6605,25.1385,1.31557
1707,27.7001,34.6983,278.599,808.574,311.562,818.37,0,21.6865,6.0136,1.2773
1708,174.201,143.88,296.78,304.668,251.276,184.541,0,89.9247,84.2767,1.93719
1709,167.201,135.146,549.078,303.2,630.299,334.14,0,84.4663,82.7347,1.9795
1710,277.808,264.428,297.834,423.271,67.7497,404.913,0,165.268,112.54,1.68096
1711,239.905,156.163,159.954,460.444,67.7867,405.277,0,97.6017,142.304,2.458
1712,38.4,36.3609,581.304,598.102,613.154,612.596,0,22.7256,15.6744,1.68973
1713,352.412,315.369,372.921,448.855,349.908,174.793,0,197.105,155.307,1.78794
1714,340.412,312.726,321.56,445.088,67.7174,404.804,0,195.454,144.958,1.74165
1715,117.199,126.516,270.298,735.631,311.766,818.268,0,79.0726,38.1262,1.48217
1716,11,11.3812,602.677,746.082,612.264,752.114,0,7.11323,3.88678,1.54642
1717,82.0993,87.7137,576.309,151.232,653.458,130.045,0,54.8211,27.2782,1.49759
1718,320.51,235.765,268.265,433.577,67.6904,404.834,0,147.353,173.157,2.17511
1719,31.3001,32.9159,284.996,185.744,253.328,183.016,0,20.5725,10.7276,1.52146
1720,219.804,191.842,295.102,585.262,144.792,616.042,0,119.901,99.9031,1.83321
1721,362.713,321.441,357.748,462.182,347.513,177.707,1,200.901,161.812,1.80543
1722,25.1001,34.001,184.979,711.592,152.94,701.626,0,21.2506,3.84943,1.18114
1723,127.699,117.157,556.577,578.021,613.194,612.768,0,73.2233,54.4753,1.74396
1724,169.801,159.714,186.477,478.16,139.603,611.238,0,99.821,69.9801,1.70106
1725,0,0,649.404,192.329,649.404,192.329,0,0,0,0
1726,239.105,221.519,489.039,459.733,615.492,540.2,0,138.449,100.656,1.72703
1727,25.6001,22.5201,593.656,617.334,613.282,613.237,0,14.0751,11.525,1.81882
1728,33.4001,34.7698,390.224,177.068,355.99,173.638,0,21.7311,11.6689,1.53697
1729,23.3001,31.5428,617.289,184.739,647.863,191.684,0,19.7143,3.58579,1.18189
1730,190.302,163.64,227.733,390.85,67.7444,404.797,0,102.275,88.0276,1.8607
1731,362.713,236.087,423.311,668.371,597.058,612.816,1,147.554,215.159,2.45817
1732,215.204,163.62,176.552,300.647,249.47,185.247,0,102.263,112.941,2.10442
1733,164.301,176.075,376.009,669.762,313.069,818.081,0,110.047,54.2538,1.49301
1734,161.001,155.544,276.991,605.331,144.803,616.017,0,97.215,63.7856,1.65613
1735,356.113,318.5,355.13,463.642,349.554,174.635,0,199.062,157.05,1.78895
1736,362.713,244.182,399.56,609.802,586.474,617.222,1,152.614,210.099,2.37667
1737,16.1,18.7262,403.528,96.6436,405.749,78.2481,0,11.7039,4.39616,1.37562
1738,116.199,100.21,216.875,259.217,248.55,184.801,0,62.6313,53.5675,1.85528
1739,152.8,144.309,517.391,132.927,653.601,129.749,0,90.1934,62.6067,1.69414
1740,284.208,214.555,247.738,423.477,67.7245,404.937,0,134.097,150.111,2.11943
1741,109.899,144.436,264.716,665.521,149.464,693.236,0,90.2723,19.6266,1.21742
1742,128.599,152.573,274.828,683.619,149.57,693.18,0,95.3578,33.2408,1.34859
1743,1.1,0.364947,247.29,184.719,247.31,184.35,0,0.228092,0.871908,4.82262
1744,133.099,131.846,273.06,636.865,144.764,615.981,0,82.4039,50.695,1.6152
1745,96.9991,90.9505,233.312,631.418,144.657,615.725,0,56.8441,40.155,1.70641
1746,319.91,280.055,395.407,402.099,349.748,174.677,0,175.035,144.876,1.8277
1747,91.6992,93.4676,359.166,212.521,349.491,174.639,0,58.4173,33.2819,1.56973
1748,257.507,279.08,360.35,557.526,144.819,616.178,0,174.425,83.0816,1.47632
1749,124.399,111.248,137.076,512.426,139.667,611.155,0,69.53,54.8686,1.78914
1750,90.1992,76.7405,423.781,156.289,355.746,174.307,0,47.9628,42.2364,1.88061
1751,27.5001,34.041,178.296,621.386,144.831,615.945,0,21.2756,6.22446,1.29256
1752,50.9998,68.7008,217.141,724.222,152.459,701.752,0,42.938,8.06179,1.18775
1753,144.9,180.141,481.832,700.591,611.965,752.923,0,112.588,32.3115,1.28699
1754,362.713,114.776,444.778,337.515,444.704,332.192,1,71.7352,290.978,5.05628
1755,279.908,204.044,237.292,428.901,67.7437,405.532,0,127.528,152.38,2.19488
1756,7.3,7.9028,609.838,546.41,616.748,542.821,0,4.93925,2.36075,1.47796
1757,168.801,163.452,492.39,114.739,653.654,129.706,0,102.157,66.6437,1.65236
1758,287.008,209.685,474.411,380.299,630.357,334.15,0,131.053,155.955,2.19001
1759,296.309,227.617,481.97,515.044,613.256,612.636,0,142.261,154.048,2.08286
1760,284.408,236.827,357.042,597.458,144.728,615.594,0,148.017,136.391,1.92146
1761,238.105,293.58,304.973,504.005,139.898,611.128,0,183.487,54.618,1.29767
1762,345.112,226.688,420.629,641.709,613.259,612.773,0,141.68,203.432,2.43586
1763,158.5,135.368,331.078,277.946,349.733,174.75,0,84.6052,73.8953,1.87341
1764,273.207,225.784,292.319,383.178,248.757,184.967,0,141.115,132.092,1.93606
1765,93.5991,88.4375,556.99,711.396,612.021,752.824,0,55.2735,38.3257,1.69338
1766,110.999,114.603,177.345,523.44,140.038,611.073,0,71.6266,39.3723,1.54969
1767,49.4998,39.5439,287.432,201.217,252.849,183.813,0,24.7149,24.7849,2.00283
1768,360.713,253.756,431.656,391.897,630.377,334.064,0,158.597,202.115,2.27439
1769,199.703,129.216,225.204,301.55,248.97,184.997,0,80.76,118.943,2.4728
1770,21.5,25.7139,138.104,646.636,139.826,620.932,0,16.0712,5.42885,1.3378
1771,32.0001,43.0337,320.117,775.971,312.702,818.068,0,26.8961,5.10403,1.18977
1772,140.499,150.209,546.786,438.017,615.503,540.007,0,93.8805,46.6189,1.49658
1773,58.1997,74.2437,587.871,479.62,615.632,540.335,0,46.4023,11.7973,1.25424
1774,220.704,225.006,499.235,502.612,615.573,539.623,0,140.629,80.0753,1.56941
1775,183.402,193.622,342.054,638.984,312.46,817.973,0,121.014,62.388,1.51554
1776,179.002,178.543,382.269,247.831,349.656,174.595,0,111.589,67.4122,1.60411
1777,200.803,186.964,347.795,326.74,349.757,174.678,0,116.853,83.9504,1.71843
1778,119.499,133.654,116.091,497.496,67.678,405.518,0,83.5335,35.9653,1.43055
1779,106.799,118.995,563.372,453.538,615.667,539.657,0,74.3718,32.4271,1.43601
1780,270.707,230.646,471.249,249.813,356.146,173.522,0,144.154,126.554,1.87791
1781,136.099,132.545,533.83,149.95,653.451,130.047,0,82.8405,53.2586,1.64291
1782,362.713,213.949,450.91,680.658,610.393,613.2,1,133.718,228.995,2.71252
1783,322.91,281.383,395.913,402.847,349.92,174.792,0,175.864,147.046,1.83613
1784,128.599,127.935,533.695,136.173,653.476,129.953,0,79.9591,48.6395,1.6083
1785,362.713,229.631,369.097,512.552,544.472,444.427,1,143.519,219.193,2.52727
1786,25.8001,23.2111,90.6643,402.618,67.696,404.933,0,14.507,11.2931,1.77846
1787,148,164.973,534.469,474.934,615.523,540.109,0,103.108,44.8915,1.43538
1788,83.6993,77.9024,591.722,678.285,612.377,752.027,0,48.689,35.0103,1.71906
1789,323.611,305.169,358.539,451.187,349.868,174.819,0,190.731,132.88,1.69669
1790,113.399,97.542,235.407,276.347,249.563,185.191,0,60.9637,52.4351,1.8601
1791,11.8,10.1239,260.512,190.383,252.994,183.61,0,6.32745,5.47256,1.86489
1792,176.602,189.292,519.133,221.985,648.191,190.85,0,118.307,58.2941,1.49273
1793,280.108,270.738,290.509,449.854,67.6934,404.944,0,169.211,110.897,1.65538
1794,109.799,115.342,279.164,738.632,311.845,818.26,0,72.0888,37.7101,1.52311
1795,170.101,162.553,492.704,115.118,653.637,130.357,0,101.595,68.5058,1.6743
1796,71.7995,67.5953,307.342,759.527,311.957,818.278,0,42.247,29.5524,1.69952
1797,136.999,126.116,378.14,230.487,355.438,174.449,0,78.8223,58.1769,1.73808
1798,222.504,158.922,213.343,416.48,67.7702,405.42,0,99.3264,123.178,2.24013
1799,287.008,254.752,414.376,361.746,355.575,174.353,0,159.22,127.789,1.80259
1800,56.0997,68.4236,597.244,194.339,647.944,197.845,0,42.7648,13.3349,1.31182
1801,41.1999,50.5469,561.683,757.671,611.241,754.927,0,31.5918,9.60813,1.30413
1802,8.09999,8.80878,602.416,756.389,611.064,755.179,0,5.50549,2.59451,1.47126
1803,48.7998,54.0016,404.373,183.234,355.976,173.652,0,33.751,15.0488,1.44588
1804,134.799,154.354,525.57,178.838,647.838,191.497,0,96.4715,38.3275,1.39729
1805,186.202,179.994,519.21,436.488,615.575,539.752,0,112.497,73.7057,1.65518
1806,107.499,113.606,177.517,524.737,140.134,611.106,0,71.0037,36.4952,1.51399
1807,115.699,114.107,287.792,729.6,311.664,818.391,0,71.3171,44.3817,1.62231
1808,198.303,156.837,232.367,325.683,250.106,185.026,0,98.0234,100.279,2.02302
1809,32.8001,41.3415,309.97,182.885,349.957,174.829,0,25.8384,6.96163,1.26943
1810,253.806,205.096,469.878,311.785,630.323,334.064,0,128.185,125.621,1.98
1811,193.003,175.935,367.517,300.039,349.915,174.812,0,109.959,83.0435,1.75522
1812,220.804,265.101,254.185,541.44,139.925,611.138,0,165.688,55.1159,1.33265
1813,139.999,176.688,480.386,704.934,611.917,753.07,0,110.43,29.5693,1.26776
1814,141.299,96.3736,534.289,598.779,613.215,612.599,0,60.2335,81.0659,2.34586
1815,197.203,189.866,529.018,498.842,615.51,539.936,0,118.666,78.5363,1.66182
1816,143.4,142.844,547.168,445.883,615.655,539.682,0,89.2776,54.1219,1.60622
1817,0,0,633.453,336.195,633.453,336.195,0,0,0,0
1818,75.4994,76.0829,549.477,606.911,613.193,612.754,0,47.5518,27.9476,1.58773
1819,152.1,193.297,508.872,293.879,647.913,197.645,0,120.81,31.2897,1.259
1820,150.3,135.377,161.749,478.669,139.559,611.188,0,84.6108,65.6892,1.77637
1821,59.2997,71.4946,593.908,192.482,647.885,197.848,0,44.6841,14.6156,1.32709
1822,138.599,119.433,262.055,634.196,144.734,615.604,0,74.6458,63.9534,1.85676
1823,122.699,118.553,469.65,180.774,355.589,174.442,0,74.0955,48.6032,1.65595
1824,107.099,79.7818,589.266,360.438,630.306,334.291,0,49.8636,57.2353,2.14784
1825,7,6.60338,600.828,807.896,606.971,810.312,0,4.12711,2.87288,1.6961
1826,204.303,150.622,213.866,409.268,67.7665,405.345,0,94.1388,110.164,2.17024
1827,94.3991,114.338,588.862,270.987,647.939,197.799,0,71.461,22.9381,1.32099
1828,0,0,67.0205,406.008,67.0205,406.008,0,0,0,0
1829,85.3993,110.734,567.486,229.232,648.029,197.746,0,69.2088,16.1905,1.23394
1830,144.8,133.028,312.825,268.772,349.889,174.783,0,83.1426,61.6571,1.74158
1831,319.11,280.172,395.374,402.436,349.765,174.723,0,175.108,144.003,1.82237
1832,362.713,242.104,464.096,470.139,606.408,538.945,1,151.315,211.398,2.39708
1833,360.313,313.355,364.849,449.46,349.86,174.669,0,195.847,164.466,1.83977
1834,133.599,122.027,456.482,157.7,356.217,173.441,0,76.2668,57.3322,1.75173
1835,197.903,143.311,177.479,437.448,67.6902,405.526,0,89.5696,108.333,2.20949
1836,108.599,115.015,190.694,536.129,140.145,611.128,0,71.8844,36.7145,1.51074
1837,46.7999,56.5592,405.148,158.12,355.953,173.621,0,35.3495,11.4503,1.32392
1838,157.9,147.902,177.683,480.932,140.224,611.232,0,92.4389,65.4616,1.70816
1839,225.405,299.203,383.191,566.752,312.831,818.017,0,187.002,38.4025,1.20536
1840,268.607,203.062,282.38,369.997,249.162,185.146,0,126.914,141.693,2.11645
1841,36.7,35.7113,286.465,194.178,253.223,183.196,0,22.3196,14.3804,1.6443
1842,322.31,273.76,327.082,521.993,144.779,615.763,0,171.1,151.211,1.88376
1843,74.8994,76.8214,199.937,588.746,144.732,615.785,0,48.0134,26.8861,1.55997
1844,98.2991,77.2713,599.745,680.093,612.395,752.06,0,48.2945,50.0045,2.03541
1845,129.999,103.464,240.516,281.422,248.964,184.983,0,64.6651,65.3336,2.01034
1846,122.899,117.386,278.238,736.165,311.787,818.299,0,73.3662,49.5325,1.67514
1847,42.1999,32.4095,279.328,202.257,252.649,183.996,0,20.2559,21.944,2.08334
1848,95.5991,102.966,337.796,255.744,349.95,174.773,0,64.3537,31.2454,1.48553
1849,253.006,194.648,509.219,419.563,630.322,334.148,0,121.655,131.351,2.0797
1850,168.301,158.722,537.631,451.113,615.452,539.761,0,99.2011,69.1,1.69656
1851,362.713,248.123,412.196,469.746,594.559,500.598,1,155.077,207.636,2.33893
1852,204.503,210.621,370.562,636.425,312.242,818.157,0,131.638,72.8654,1.55353
1853,268.507,186.845,508.479,532.623,613.283,613.106,0,116.778,151.729,2.29929
1854,239.805,213.069,385.956,331.917,349.498,174.649,0,133.168,106.637,1.80077
1855,102.399,96.6267,541.231,352.547,630.338,334.25,0,60.3917,42.0073,1.69558
1856,135.699,121.181,193.151,262.273,248.27,184.824,0,75.7383,59.9608,1.79168
1857,287.808,206.145,496.544,412.919,630.345,334.081,0,128.841,158.968,2.23383
1858,175.402,155.764,350.262,304.203,349.696,174.644,0,97.3528,78.0487,1.80171
1859,130.199,155.792,359.011,678.279,312.997,818.116,0,97.3701,32.8287,1.33715
1860,111.599,103.534,550.468,699.673,612.252,752.108,0,64.7088,46.89,1.72463
1861,15.5,16.2157,267.02,191.394,252.998,183.675,0,10.1348,5.36522,1.52939
1862,108.499,97.1062,163.889,403.736,67.7989,405.085,0,60.6914,47.8075,1.78771
1863,113.699,105.434,456.179,178.891,356.253,173.176,0,65.8961,47.8027,1.72543
1864,226.005,150.328,490.774,168.411,356.175,173.265,0,93.9548,132.05,2.40546
1865,132.999,107.912,166.99,385.386,67.6953,404.93,0,67.445,65.5539,1.97196
1866,213.104,170.178,509.263,325.172,630.341,334.134,0,106.361,106.743,2.00359
1867,18.8,22.4286,137.661,642.89,139.938,620.826,0,14.0179,4.78214,1.34114
1868,78.5994,81.5714,558.061,333.09,630.271,334.194,0,50.9821,27.6172,1.5417
1869,69.2995,62.9016,304.932,763.421,311.504,818.419,0,39.3135,29.986,1.76274
1870,277.008,230.17,404.216,332.36,349.9,174.814,0,143.856,133.152,1.92559
1871,248.506,197.255,285.27,569.693,144.68,615.756,0,123.284,125.222,2.01571
1872,10.2,11.8605,367.572,173.959,356.012,173.718,0,7.41279,2.78722,1.376
1873,51.0998,64.2194,205.189,632.023,144.72,615.697,0,40.1371,10.9627,1.27313
1874,124.699,131.314,278.48,723.703,311.602,818.351,0,82.0711,42.6275,1.5194
1875,222.504,164.408,177.21,302.993,248.144,184.659,0,102.755,119.749,2.16539
1876,179.302,189.075,479.925,126.092,653.561,130.049,0,118.172,61.1296,1.51729
1877,38.2,41.7787,142.452,569.855,139.873,611.17,0,26.1117,12.0883,1.46295
1878,151.7,125.711,213.382,303.71,248.434,184.845,0,78.5693,73.1307,1.93078
1879,187.402,153.382,550.163,406.881,630.299,334.141,0,95.864,91.5382,1.95488
1880,173.101,168.415,283.997,672.428,144.793,616.153,0,105.259,67.8421,1.64452
1881,68.7995,68.7366,593.479,148.427,653.509,129.782,0,42.9604,25.8392,1.60147
1882,114.099,109.242,249.14,637.753,144.836,616.017,0,68.276,45.8228,1.67114
1883,167.501,163.587,548.997,425.346,615.591,539.592,0,102.242,65.2593,1.63828
1884,153.9,109.753,223.016,290.015,249.523,185.235,0,68.5953,85.3048,2.2436
1885,18.2,18.6283,597.738,796.49,607.066,810.113,0,11.6427,6.55737,1.56322
1886,219.804,235.098,490.965,503.536,615.615,540.243,0,146.937,72.8677,1.49591
1887,121.299,113.152,163.586,377.319,67.7207,404.949,0,70.7201,50.5787,1.7152
1888,36.5,46.0969,316.319,775.554,312.665,817.966,0,28.8105,7.68947,1.2669
1889,128.699,119.825,169.825,504.312,139.946,611.138,0,74.8907,53.808,1.71849
1890,45.9999,50.4982,405.87,173.708,355.965,173.656,0,31.5614,14.4385,1.45747
1891,164.801,179.169,234.735,513.462,140.036,611.127,0,111.981,52.8201,1.47169
1892,87.6992,113.97,586.727,271.687,647.921,197.796,0,71.2314,16.4679,1.23119
1893,5.7,5.61575,354.601,180.816,353.068,175.414,0,3.50985,2.19015,1.624
1894,98.9991,75.378,589.923,360.453,630.423,334.419,0,47.1113,51.8878,2.10139
1895,71.3995,90.1287,560.255,512.041,615.704,540.487,0,56.3304,15.069,1.26751
1896,35.7,30.5221,601.841,591.146,613.201,612.687,0,19.0763,16.6237,1.87143
1897,362.313,322.383,389.104,444.126,349.698,174.658,0,201.489,160.824,1.79817
1898,111.199,134.933,350.084,691.513,312.661,817.969,0,84.3334,26.8655,1.31856
1899,44.1999,63.4343,327.779,757.015,312.818,818.025,0,39.6464,4.55349,1.11485
1900,306.109,209.942,473.97,405.708,630.383,334.135,0,131.214,174.896,2.33291
1901,355.412,252,449.876,460.474,615.558,539.978,0,157.5,197.913,2.25659
1902,213.504,259.803,331.579,390.091,251.472,184.446,0,162.377,51.1268,1.31486
1903,144.5,140.304,533.675,143.612,653.539,130.116,0,87.6898,56.8098,1.64785
1904,116.499,142.183,545.93,179.043,647.752,191.459,0,88.8646,27.6342,1.31097
1905,9.4,9.8774,601.642,752.719,611.246,754.877,0,6.17338,3.22662,1.52267
1906,125.399,128.972,304.703,288.015,250.526,184.838,0,80.6075,44.7912,1.55567
1907,165.801,140.404,305.067,301.238,251.039,184.647,0,87.7527,78.0482,1.88941
1908,177.902,139.424,172.914,355.669,67.6726,405.604,0,87.14,90.7616,2.04156
1909,168.901,145.262,446.74,246.454,355.815,174.233,0,90.7885,78.1126,1.86038
1910,185.502,131.626,522.662,647.443,613.337,612.487,0,82.2664,103.236,2.25489
1911,362.713,277.687,424.401,556.329,587.414,616.872,1,173.554,189.159,2.08991
1912,48.0998,58.9948,559.961,773.4,611.2,754.883,0,36.8718,11.2281,1.30452
1913,29.0001,28.6567,85.0024,421.355,67.7868,405.367,0,17.9104,11.0896,1.61917
1914,48.0998,60.0965,408.637,137.763,405.947,78.2216,0,37.5603,10.5395,1.2806
1915,219.804,171.365,232.586,343.319,249.915,185.107,0,107.103,112.701,2.05226
1916,301.109,215.56,479.472,413.142,630.298,334.064,0,134.725,166.384,2.23499
1917,309.61,250.412,434.379,348.352,356.145,173.593,0,156.507,153.102,1.97824
1918,46.2999,54.123,147.417,558.18,139.933,611.089,0,33.8268,12.473,1.36873
1919,144.8,144.977,390.47,224.064,355.646,174.347,0,90.6109,54.1887,1.59804
1920,62.2996,64.3532,306.931,761.74,311.876,818.296,0,40.2208,22.0789,1.54894
1921,59.9997,62.1784,596.511,173.526,648.373,190.788,0,38.8615,21.1382,1.54394
1922,66.0996,85.6661,234.615,727.223,153.665,700.205,0,53.5413,12.5583,1.23455
1923,37.1,38.3101,573.657,755.708,611.145,755.121,0,23.9438,13.1562,1.54946
1924,0,0,139.861,613.079,139.861,613.079,0,0,0,0
1925,261.107,203.375,492.712,415.397,630.345,334.054,0,127.109,133.997,2.05419
1926,170.501,154.162,218.518,390.953,67.7372,404.81,0,96.3512,74.15,1.76958
1927,36.8,36.703,145.775,656.67,150.013,693.252,0,22.9394,13.8606,1.60423
1928,139.699,118.91,260.917,636.528,144.666,615.647,0,74.3184,65.3809,1.87974
1929,182.002,176.524,370.704,307.075,349.885,174.772,0,110.327,71.6747,1.64966
1930,207.603,181.842,428.942,304.102,355.578,174.328,0,113.651,93.9521,1.82667
1931,170.901,219.502,503.577,253.22,647.988,197.849,0,137.189,33.7126,1.24574
1932,10.9,12.1493,618.538,335.515,630.367,334.203,0,7.59333,3.30668,1.43547
1933,117.699,103.46,515.977,600.524,613.343,613.136,0,64.6625,53.0363,1.8202
1934,344.912,345.438,364.519,477.836,144.822,616.169,0,215.899,129.013,1.59756
1935,229.705,144.636,150.128,440.822,67.7028,405.475,0,90.3978,139.307,2.54104
1936,81.6993,72.854,414.704,198.564,355.791,174.251,0,45.5337,36.1656,1.79426
1937,26.8001,31.066,623.018,134.135,653.531,129.975,0,19.4162,7.38384,1.38029
1938,216.604,143.614,480.921,166.092,356.057,173.457,0,89.759,126.845,2.41317
1939,132.799,152.778,529.001,210.878,647.96,191.327,0,95.4861,37.3128,1.39077
1940,79.6994,86.7297,577.092,150.402,653.496,130.098,0,54.206,25.4933,1.4703
1941,0,0,614.504,613.325,614.504,613.325,0,0,0,0
1942,156.7,158.489,387.738,209.788,356.191,173.385,0,99.0554,57.645,1.58195
1943,362.713,50.0501,466.143,326.572,466.611,326.847,1,31.2813,331.432,11.5952
1944,91.2992,87.5711,247.061,779.956,310.945,818.713,0,54.732,36.5672,1.66811
1945,159.401,156.923,280.98,660.944,144.846,616.131,0,98.0767,61.3238,1.62526
1946,42.8999,33.2744,100.609,401.915,67.7399,404.814,0,20.7965,22.1034,2.06285
1947,56.1997,64.4731,603.407,250.147,635.816,282.302,0,40.2957,15.904,1.39468
1948,1.5,0.718302,149.239,703.588,149.364,702.881,0,0.448939,1.05106,3.34121
1949,42.1999,54.1571,312.111,771.875,311.648,818.432,0,33.8482,8.35172,1.24674
1950,187.702,214.286,413.033,665.657,312.727,818.019,0,133.929,53.7736,1.40151
1951,24.9001,27.4713,299.489,800.154,311.824,818.265,0,17.1696,7.73049,1.45024
1952,271.407,240.645,457.991,436.272,615.643,540.269,0,150.403,121.004,1.80454
1953,30.7001,28.8725,83.0639,422.079,67.8021,405.312,0,18.0453,12.6548,1.70128
1954,106.199,96.8947,164.22,397.507,67.7482,405.091,0,60.5592,45.6397,1.75364
1955,19.2,21.4737,250.423,206.534,249.438,185.17,0,13.4211,5.77899,1.43059
1956,126.199,135.613,117.219,499.998,67.8171,405.424,0,84.7578,41.4408,1.48893
1957,103.199,99.9977,451.531,179.513,355.641,174.349,0,62.4986,40.7004,1.65122
1958,357.013,245.005,484.898,483.332,615.555,539.711,0,153.128,203.885,2.33147
1959,96.5991,126.208,519.763,736.691,611.164,755.169,0,78.8797,17.7194,1.22464
1960,217.304,142.514,225.728,313.408,248.703,184.919,0,89.0713,128.233,2.43966
1961,147.6,117.599,170.031,375.835,67.7354,404.874,0,73.4995,74.1003,2.00817
1962,76.6994,79.8705,580.919,348.34,630.375,333.785,0,49.9191,26.7803,1.53647
1963,38.2,49.4724,616.131,250.957,635.939,282.431,0,30.9202,7.27975,1.23544
1964,20.5,26.897,625.351,211.055,648.205,198.107,0,16.8106,3.68945,1.21947
1965,129.999,131.325,333.853,275.667,350.131,174.779,0,82.0783,47.9204,1.58384
1966,62.1996,59.0834,555.719,615.997,613.166,612.608,0,36.9271,25.2725,1.68439
1967,162.501,120.865,161.734,426.025,67.7068,405.588,0,75.5403,86.9604,2.15118
1968,297.009,238.139,236.948,456.194,67.7582,405.285,0,148.837,148.172,1.99553
1969,124.999,116.361,248.093,643.641,144.812,616.171,0,72.7256,52.2731,1.71877
1970,139.099,111.84,179.02,401.363,67.6514,405.521,0,69.9,69.1993,1.98998
1971,276.308,201.091,471.045,540.511,613.219,612.561,0,125.682,150.626,2.19847
1972,17.8,21.7776,377.153,178.481,355.868,174.008,0,13.611,4.18903,1.30777
1973,118.399,105.549,264.651,287.902,249.996,185.026,0,65.9681,52.4307,1.79479
1974,118.799,119.005,343.35,271.669,350.113,174.774,0,74.378,44.4208,1.59723
1975,7.2,7.1712,352.078,182.798,352.297,175.675,0,4.482,2.71799,1.60642
1976,362.713,71.0487,450.516,237.89,450.033,237.721,1,44.4054,318.308,8.16821
1977,65.9996,61.1939,595.662,694.549,612.252,752.259,0,38.2462,27.7534,1.72565
1978,130.799,167.357,408.858,706.81,313.439,818.169,0,104.598,26.2006,1.25049
1979,23.6001,25.3664,594.082,551.534,617.008,543.496,0,15.854,7.74606,1.48859
1980,57.2997,66.7783,267.685,785.872,311.052,818.68,0,41.7364,15.5633,1.37289
1981,362.713,103.078,444.439,331.819,444.746,331.597,1,64.4238,298.289,5.63011
1982,338.411,275.725,285.733,455.499,67.7383,404.827,0,172.328,166.083,1.96376
1983,281.508,241.487,311.837,385.05,249.123,185.133,0,150.929,130.579,1.86517
1984,258.807,164.981,485.179,662.188,613.252,613.137,0,103.113,155.693,2.50992
1985,329.611,258.16,294.846,424.46,67.6967,404.862,0,161.35,168.261,2.04283
1986,203.203,201.463,526.01,509.838,615.582,539.643,0,125.914,77.289,1.61382
1987,362.713,245.833,398.882,520.927,572.311,450.044,1,153.646,209.067,2.36071
1988,93.1992,111.353,94.2922,482.285,67.7014,405.521,0,69.5955,23.6037,1.33916
1989,222.704,266.339,286.169,506.661,139.941,611.153,0,166.462,56.2424,1.33787
1990,66.8996,61.9112,128.544,395.354,67.7134,405.607,0,38.6945,28.2051,1.72892
1991,325.611,260.975,287.925,443.328,67.6819,404.832,0,163.109,162.502,1.99627
1992,153.8,129.679,429.104,249.261,355.918,174.036,0,81.0493,72.7509,1.89761
1993,142.9,157.99,536.811,447.49,615.521,540.069,0,98.7438,44.1557,1.44717
1994,307.31,239.906,463.806,457.32,615.53,539.94,0,149.941,157.369,2.04954
1995,104.599,98.5738,557.827,315.834,630.409,333.79,0,61.6086,42.9904,1.6978
1996,94.2991,90.515,159.734,542.286,139.64,611.161,0,56.5719,37.7273,1.66689
1997,332.311,310.745,386.21,434.378,349.873,174.786,0,194.215,138.096,1.71104
1998,236.005,181.192,507.277,313.247,630.271,334.076,0,113.245,122.76,2.08403
1999,258.507,199.33,498.468,243.495,356.086,173.572,0,124.581,133.925,2.075
2000,191.702,176.521,517.252,438.637,615.55,539.673,0,110.326,81.3767,1.7376
2001,133.599,131.09,533.159,139.436,653.467,129.954,0,81.9313,51.6676,1.63062
2002,24.0001,27.8778,582.827,804.683,606.855,810.693,0,17.4236,6.57645,1.37744
2003,132.199,146.58,142.172,465.177,67.6993,405.503,0,91.6124,40.5864,1.44302
2004,9.3,10.3892,620.29,335.49,630.365,333.763,0,6.49324,2.80676,1.43226
2005,262.007,196.871,214.334,455.491,67.6775,405.563,0,123.045,138.962,2.12937
2006,89.6992,88.3796,302.323,224.916,349.589,174.624,0,55.2372,34.462,1.62389
2007,57.0997,50.2882,589.734,644.922,613.331,612.373,0,31.4301,25.6696,1.81672
2008,362.713,206.241,452.793,681.267,606.236,613.048,1,128.9,233.812,2.8139
2009,112.199,116.125,192.531,533.335,140.119,611.143,0,72.5779,39.6209,1.54591
2010,26.6001,32.1825,602.107,568.954,616.46,542.208,0,20.114,6.48602,1.32246
2011,20.6,19.198,270.993,189.259,253.132,183.598,0,11.9987,8.60131,1.71685
2012,56.6997,77.5161,327.505,744.086,312.438,818.13,0,48.4476,8.25215,1.17033
2013,148.1,137.435,224.702,586.822,144.704,615.586,0,85.897,62.2028,1.72416
2014,162.201,120.712,525.446,361.695,630.303,334.076,0,75.4447,86.756,2.14993
2015,94.1991,87.7488,544.567,597.202,613.214,612.775,0,54.843,39.3561,1.71761
2016,81.5993,94.8685,237.657,630.635,144.799,616.136,0,59.2928,22.3065,1.37621
2017,28.2001,37.6311,612.291,180.79,647.745,191.729,0,23.5194,4.68063,1.19901
2018,324.011,289.438,264.367,478.389,67.6584,405.571,0,180.899,143.112,1.79111
2019,281.608,219.337,453.71,336.853,356.244,173.204,0,137.086,144.522,2.05424
2020,206.503,171.128,464.929,575.912,613.296,613.101,0,106.955,99.5481,1.93075
2021,137.799,139.578,363.789,269.781,349.83,174.647,0,87.2365,50.5627,1.57961
2022,362.713,242.958,378.573,513.562,548.449,453.228,1,151.849,210.864,2.38864
2023,11.2,12.4959,410.88,89.6725,407.527,77.635,0,7.80991,3.3901,1.43408
2024,21.3,26.4109,623.798,208.672,647.99,198.016,0,16.5068,4.7932,1.29038
2025,12.4,14.3948,403.224,92.2667,405.947,78.157,0,8.99677,3.40324,1.37827
2026,57.4997,58.0199,602.054,166.579,647.638,191.916,0,36.2625,21.2372,1.58565
2027,96.1991,92.9112,561.143,127.085,653.497,130.039,0,58.0695,38.1296,1.65662
2028,51.0998,64.3135,419.252,139.528,405.946,78.2256,0,40.1959,10.9039,1.27127
2029,362.713,238.871,457.917,466.553,605.367,539.458,1,149.294,213.419,2.42952
2030,41.2999,53.6808,577.423,338.858,630.26,334.11,0,33.5505,7.74947,1.23098
2031,285.408,252.965,291.303,431.412,67.702,404.926,0,158.103,127.305,1.8052
2032,362.713,241.201,441.753,508.267,593.11,496.682,1,150.751,211.962,2.40604
2033,203.003,201.069,224.181,474.045,140.042,611.132,0,125.668,77.335,1.61539
2034,179.402,153.91,299.157,311.341,250.977,184.591,0,96.1937,83.2081,1.86501
2035,122.399,117.733,469.324,180.274,356.199,173.238,0,73.5831,48.8156,1.66341
2036,113.699,103.746,162.246,386.24,67.7018,404.938,0,64.841,48.8579,1.7535
2037,66.8996,84.6045,221.591,680.774,149.464,693.175,0,52.8778,14.0217,1.26517
2038,183.302,147.031,438.479,260.399,356.011,173.918,0,91.8947,91.4073,1.9947
2039,333.511,244.013,447.717,395.07,630.374,334.081,0,152.508,181.003,2.18685
2040,238.305,158.497,498.217,171.341,356.163,173.401,0,99.0604,139.245,2.40566
2041,37.1,48.4926,591.961,709.371,612.152,752.505,0,30.3079,6.7921,1.2241
2042,234.305,293.091,332.741,422.087,251.5,184.407,0,183.182,51.123,1.27908
2043,128.399,121.315,179.576,259.811,248.84,185.008,0,75.8218,52.5768,1.69343
2044,254.506,224.548,351.966,361.193,349.675,174.638,0,140.342,114.164,1.81347
2045,195.303,223.743,421.928,706.795,313.259,818.219,0,139.839,55.4633,1.39662
2046,89.5992,93.6224,155.469,520.114,139.643,611.182,0,58.514,31.0852,1.53124
2047,2.4,1.55561,351.808,164.396,352.178,165.905,0,0.972254,1.42775,2.46849
2048,79.5994,84.5013,177.491,553.549,139.949,611.077,0,52.8133,26.786,1.50718
2049,174.501,179.585,185.494,519.958,140.245,611.166,0,112.241,62.2607,1.55471
2050,116.899,117.453,536.766,703.266,612.086,752.681,0,73.4083,43.4904,1.59245
2051,39,49.2107,581.618,338.054,630.28,334.064,0,30.7567,8.24329,1.26802
2052,40.7999,35.4708,286.957,191.232,253.214,183.421,0,22.1692,18.6307,1.84039
2053,25.9001,29.5172,604.925,567.206,616.684,542.856,0,18.4482,7.45183,1.40393
2054,32.0001,37.3574,617.274,136.903,653.521,130.033,0,23.3484,8.65168,1.37055
2055,12.2,14.6629,339.027,184.494,349.777,174.673,0,9.16433,3.03568,1.33125
2056,26.0001,28.6566,151.309,590.703,139.86,611.129,0,17.9104,8.08969,1.45168
2057,304.109,234.16,410.594,342.968,356.285,173.1,0,146.35,157.759,2.07796
2058,78.0994,103.563,571.949,235.119,648.007,198.026,0,64.7268,13.3726,1.2066
2059,126.099,110.823,252.971,633.466,144.704,615.704,0,69.2642,56.8344,1.82054
2060,54.2997,66.3962,559.168,790.252,606.716,810.996,0,41.4976,12.8021,1.3085
2061,215.504,147.472,201.446,414.772,67.6879,405.543,0,92.1697,123.334,2.33812
2062,118.799,144.443,526.9,191.077,647.882,191.415,0,90.2766,28.5222,1.31594
2063,239.805,187.705,283.037,574.052,144.706,615.712,0,117.316,122.49,2.0441
2064,286.608,237.695,458.9,432.967,615.562,539.914,0,148.559,138.049,1.92925
2065,333.111,226.99,483.664,515.175,613.255,612.543,0,141.869,191.242,2.34802
2066,111.799,129.725,553.86,453.759,615.54,540.181,0,81.0779,30.7209,1.37891
2067,107.299,124.278,302.038,282.136,250.472,184.819,0,77.674,29.6249,1.3814
2068,314.51,249.144,436.715,354.09,355.575,174.306,0,155.715,158.795,2.01978
2069,341.412,278.893,300.405,451.721,67.6765,404.801,0,174.308,167.103,1.95866
2070,137.499,138.63,585.35,386.05,630.26,334.143,0,86.6437,50.8555,1.58695
2071,251.906,152.022,159.927,457.79,67.6523,405.525,0,95.0135,156.893,2.65127
2072,87.7992,81.4824,265.773,263.57,249.681,185.23,0,50.9265,36.8727,1.72404
2073,25.3001,18.845,266.52,197.112,252.674,183.93,0,11.7781,13.5219,2.14806
2074,205.003,182.285,299.799,335.637,251.419,184.524,0,113.928,91.0755,1.79941
2075,88.3992,97.6567,207.112,570.201,144.8,615.883,0,61.0354,27.3638,1.44833
2076,125.199,135.689,141.138,477.076,67.6501,405.468,0,84.8057,40.393,1.4763
2077,136.899,86.6958,542.497,636.42,613.253,612.868,0,54.1849,82.7143,2.52652
2078,0,0,611.712,808.229,611.712,808.229,0,0,0,0
2079,109.399,134.485,349.223,692.203,312.753,817.997,0,84.0531,25.3458,1.30154
2080,206.503,204.458,519.563,507.783,615.552,539.771,0,127.787,78.7169,1.616
2081,295.409,244.577,463.591,462.807,615.568,540.184,0,152.861,142.548,1.93253
2082,87.5992,79.4296,431.173,177.171,355.685,174.322,0,49.6435,37.9558,1.76457
2083,169.101,185.076,515.143,193.251,647.731,191.886,0,115.672,53.4286,1.4619
2084,158.2,148.704,280.764,648.97,144.774,615.783,0,92.9398,65.2606,1.70218
2085,160.801,149.356,181.653,350.534,67.6526,404.854,0,93.3476,67.453,1.7226
2086,140.099,128.137,465.007,194.059,356.089,173.543,0,80.0854,60.0139,1.74937
2087,22,28.2909,601.338,523.217,615.579,540.267,0,17.6818,4.31826,1.24422
2088,90.6992,88.0061,563.924,361.892,630.438,334.417,0,55.0038,35.6954,1.64896
2089,61.9996,73.6462,217.206,626.4,144.752,615.963,0,46.0288,15.9708,1.34697
2090,52.5998,51.0347,602.534,132.214,653.464,129.952,0,31.8967,20.7031,1.64907
2091,145.7,139.213,349.593,289.428,349.73,174.734,0,87.0079,58.6918,1.67456
2092,247.606,151.012,489.529,164.496,356.247,173.392,0,94.3826,153.223,2.62343
2093,182.302,130.23,520.565,646.334,613.173,612.759,0,81.3941,100.908,2.23974
2094,37.8,49.806,603.003,213.933,648.417,198.095,0,31.1288,6.67122,1.21431
2095,320.31,285.297,335.108,510.046,144.76,615.822,0,178.311,142,1.79636
2096,138.099,104.712,233.116,285.933,249.79,185.135,0,65.4447,72.6545,2.11017
2097,330.311,243.023,451.391,442.979,615.644,539.622,0,151.889,178.422,2.17468
2098,62.8996,58.5212,602.821,165.466,647.618,191.895,0,36.5758,26.3239,1.71971
2099,143.3,122.373,457.393,156.684,356.164,173.331,0,76.4834,66.8161,1.8736
2100,320.61,223.313,470.304,365.706,630.336,334.058,0,139.57,181.04,2.29712
2101,198.903,171.382,505.436,391.672,630.318,334.061,0,107.114,91.7893,1.85693
2102,136.899,165.023,293.44,697.691,149.26,693.415,0,103.14,33.7596,1.32732
2103,78.4994,104.827,295.431,259.724,250.432,184.932,0,65.517,12.9823,1.19815
2104,253.306,222.673,351.135,359.52,349.874,174.708,0,139.171,114.136,1.82011
2105,326.211,253.789,467.073,502.73,613.23,612.862,0,158.618,167.593,2.05658
2106,68.1995,71.9076,414.234,146.253,356.061,173.493,0,44.9422,23.2573,1.51749
2107,109.399,98.4655,162.803,405.721,67.787,404.96,0,61.5409,47.858,1.77766
2108,101.799,89.9537,284.939,754.951,311.534,818.35,0,56.2211,45.578,1.81069
2109,224.905,239.553,485.881,504.764,615.528,540.149,0,149.72,75.1841,1.50216
2110,65.9996,84.4371,331.692,736.12,312.498,817.964,0,52.7732,13.2264,1.25063
2111,281.808,247.807,318.316,545.583,144.662,615.697,0,154.879,126.929,1.81953
2112,275.008,218.177,259.379,421.745,67.6912,404.884,0,136.361,138.647,2.01677
2113,96.9991,103.929,293.721,735.945,311.881,818.311,0,64.9557,32.0434,1.49331
2114,203.803,192.741,344.905,329.965,349.943,174.806,0,120.463,83.3402,1.69183
2115,131.799,118.325,436.582,226.515,355.64,174.43,0,73.9529,57.8459,1.7822
2116,316.51,259.709,294.303,422.185,67.665,404.844,0,162.318,154.192,1.94993
2117,138.999,142.774,607.594,446.6,615.64,539.662,0,89.2337,49.7655,1.5577
2118,34.5,46.2302,581.353,726.435,612.256,752.151,0,28.8938,5.6062,1.19403
2119,161.001,173.714,533.133,482.921,615.535,540.149,0,108.571,52.4296,1.48291
2120,189.402,182.571,353.839,325.321,350.027,174.826,0,114.107,75.2956,1.65987
2121,84.4993,85.5178,540.404,603.159,613.18,612.839,0,53.4486,31.0506,1.58094
2122,241.306,185.096,292.521,343.781,250.512,184.799,0,115.685,125.621,2.08588
2123,154.9,137.724,516.459,569.185,613.298,612.541,0,86.0774,68.8228,1.79955
2124,302.109,216.126,467.417,376.431,630.312,334.147,0,135.079,167.03,2.23654
2125,6.6,5.03759,141.178,606.227,140.201,611.237,0,3.1485,3.4515,2.09624
2126,103.199,120.359,89.7072,483.708,67.803,405.303,0,75.2244,27.9746,1.37188
2127,333.911,280.968,405.969,396.843,349.701,174.653,0,175.605,158.306,1.90149
2128,6.7,6.84142,599.651,810.158,606.187,812.171,0,4.27589,2.42411,1.56693
2129,362.713,245.161,405.951,524.867,578.247,451.462,1,153.225,209.487,2.36718
2130,55.6997,44.159,221.044,212.379,248.476,184.827,0,27.5994,28.1004,2.01815
2131,230.905,176.134,448.806,277.847,355.604,174.319,0,110.083,120.821,2.09754
2132,219.904,259.426,393.637,632.497,313.174,818.206,0,162.141,57.763,1.35625
2133,36.2,37.9199,393.028,170.307,356.019,173.667,0,23.6999,12.5001,1.52743
2134,354.812,235.583,452.631,696.086,613.21,612.806,0,147.239,207.573,2.40977
2135,79.3994,108.921,584.195,267.584,647.926,197.761,0,68.0758,11.3236,1.16634
2136,1.7,0.871397,605.854,814.795,606.671,814.493,0,0.544623,1.15538,3.12143
2137,240.005,182.933,278.963,350.928,249.707,185.188,0,114.333,125.672,2.09917
2138,35.2,44.7332,608.061,215.576,648.367,198.219,0,27.9583,7.24175,1.25902
2139,287.008,213.181,422.816,319.98,356.235,173.435,0,133.238,153.77,2.1541
2140,64.2996,59.8066,601.341,175.419,647.49,192.216,0,37.3792,26.9204,1.7202
2141,79.5994,77.4842,188.525,211.499,248.494,184.795,0,48.4276,31.1717,1.64368
2142,103.499,96.5274,560.275,320.279,630.425,333.751,0,60.3296,43.1694,1.71556
2143,362.713,256.469,463.212,491.733,603.252,612.471,1,160.293,202.42,2.26281
2144,86.4993,78.9989,430.292,179.382,355.716,174.306,0,49.3743,37.125,1.75191
2145,303.709,245.227,514.039,475.785,615.52,540.232,0,153.267,150.442,1.98157
2146,62.9996,68.0693,407.939,147.553,355.829,174.257,0,42.5433,20.4563,1.48084
2147,362.713,316.865,446.459,528.946,573.421,617.104,1,198.041,164.672,1.83151
2148,221.504,214.998,604.012,385.021,615.618,539.699,0,134.374,87.1307,1.64842
2149,96.0991,84.37,542.45,602.205,613.189,612.849,0,52.7312,43.3679,1.82243
2150,33.3001,38.3661,407.45,116.313,405.927,78.1616,0,23.9788,9.32127,1.38873
2151,97.0991,92.9178,557.021,321.862,630.348,333.904,0,58.0736,39.0255,1.672
2152,22.7001,27.8959,285.62,809.483,311.822,818.337,0,17.435,5.26508,1.30198
2153,105.899,112.25,361.23,231.115,349.634,174.646,0,70.1562,35.7428,1.50947
2154,0.8,0.237318,611.733,752.681,611.956,752.762,0,0.148324,0.651676,5.39361
2155,34.8,35.7606,390.978,178.704,355.962,173.705,0,22.3504,12.4497,1.55702
2156,172.101,119.323,538.172,659.064,613.238,612.957,0,74.5768,97.5245,2.30771
2157,273.807,228.475,427.093,335.886,355.744,174.326,0,142.797,131.011,1.91746
2158,301.209,271.624,320.338,518.373,144.681,615.597,0,169.765,131.444,1.77427
2159,179.402,225.86,496.271,260.336,647.927,197.748,0,141.162,38.2395,1.27089
2160,95.4991,122.436,552.805,191.405,647.929,191.256,0,76.5227,18.9764,1.24798
2161,208.504,248.481,395.753,645.903,313.381,818.203,0,155.301,53.2028,1.34258
2162,114.199,142.758,273.29,694.973,149.456,693.221,0,89.2239,24.975,1.27991
2163,63.9996,64.5942,589.324,126.582,653.531,129.828,0,40.3714,23.6282,1.58527
2164,110.499,105.959,163.012,511.71,139.736,611.141,0,66.2245,44.2744,1.66855
2165,362.713,248.791,434.312,391.846,627.151,334.098,1,155.495,207.218,2.33264
2166,73.2995,66.6471,294.793,768.999,311.264,818.473,0,41.6545,31.645,1.7597
2167,64.5996,69.8964,551.444,741.05,611.978,752.802,0,43.6852,20.9144,1.47875
2168,262.607,236.811,308.494,383.901,250.357,184.904,0,148.007,114.6,1.77429
2169,269.607,320.305,320.957,481.539,139.944,611.189,0,200.191,69.4165,1.34675
2170,197.303,238.281,323.591,377.831,251.533,184.388,0,148.926,48.3773,1.32484
2171,11,13.453,122.346,614.112,135.791,614.34,0,8.40815,2.59186,1.30826
2172,174.401,165.921,500.98,137.681,653.45,130.032,0,103.701,70.7005,1.68177
2173,362.713,213.287,397.321,454.35,567.469,449.887,1,133.304,229.409,2.72094
2174,121.199,112.051,258.144,293.426,249.813,185.143,0,70.0317,51.167,1.73063
2175,275.508,172.262,494.542,682.924,613.307,613.139,0,107.663,167.844,2.55897
2176,127.199,151.103,282.703,705.028,311.609,818.377,0,94.4393,32.7594,1.34688
2177,33.4001,35.5585,575.86,819.294,602.451,833.257,0,22.2241,11.176,1.50288
2178,333.011,249.008,444.462,441.039,615.591,539.644,0,155.63,177.381,2.13976
2179,73.6994,63.4258,203.188,214.643,249.066,185.102,0,39.6411,34.0583,1.85917
2180,251.406,260.94,347.799,565.874,144.788,616.232,0,163.087,88.3188,1.54154
2181,75.0994,67.3109,264.696,250.288,249.758,185.101,0,42.0693,33.0301,1.78514
2182,111.999,143.949,264.931,666.346,149.457,693.202,0,89.9683,22.0306,1.24487
2183,209.204,158.226,181.853,308.801,248.272,184.838,0,98.8912,110.312,2.11549
2184,64.0996,77.2341,211.457,679.598,149.452,693.194,0,48.2713,15.8283,1.3279
2185,281.708,322.14,323.217,491.406,139.857,611.066,0,201.337,80.3708,1.39918
2186,113.499,146.961,316.523,695.734,312.3,818.052,0,91.8504,21.6484,1.23569
2187,182.302,161.479,191.531,344.169,67.686,404.816,0,100.924,81.3778,1.80633
2188,310.71,232.545,465.101,254.829,356.16,173.367,0,145.341,165.369,2.1378
2189,283.908,323.383,324.292,482.352,139.858,611.152,0,202.114,81.794,1.40469
2190,44.3999,53.8206,266.995,235.135,250.05,185.043,0,33.6379,10.762,1.31994
2191,245.106,173.453,507.693,389.668,630.27,334.094,0,108.408,136.697,2.26095
2192,228.005,140.167,480.596,168.649,356.116,173.514,0,87.6046,140.4,2.60266
2193,194.703,162.12,276.652,596.881,144.794,616.205,0,101.325,93.3775,1.92156
2194,21.2,23.2806,606.669,561.72,616.856,543.46,0,14.5504,6.64969,1.45701
2195,261.007,314.748,314.364,488.059,139.863,611.164,0,196.718,64.289,1.32681
2196,319.01,285.913,266.28,470.296,67.6413,405.563,0,178.696,140.315,1.78522
2197,52.2998,38.6353,229.392,217.528,248.441,184.77,0,24.1471,28.1527,2.16588
2198,346.912,201.904,450.126,655.131,613.337,613.109,0,126.19,220.722,2.74913
2199,234.405,187.986,299.765,326.665,250.941,184.622,0,117.492,116.914,1.99508
2200,282.208,234.58,464.362,343.965,355.647,174.373,0,146.612,135.596,1.92486
2201,66.4996,85.7098,533.404,779.479,611.07,755.261,0,53.5686,12.9309,1.24139
2202,76.9994,74.9768,420.069,146.803,356.084,173.515,0,46.8605,30.1389,1.64316
2203,339.211,231.807,414.816,641.701,613.166,612.615,0,144.879,194.332,2.34134
2204,60.1997,73.0855,592.73,191.172,647.913,197.672,0,45.6785,14.5212,1.3179
2205,13.3,15.0803,634.539,204.354,648.002,197.776,0,9.42521,3.8748,1.41111
2206,106.499,132.223,526.628,736.774,611.162,755.172,0,82.6397,23.8593,1.28871
2207,81.7993,109.943,568.137,229.469,647.975,197.783,0,68.7143,13.085,1.19043
2208,107.299,107.15,547.224,122.188,653.529,130.047,0,66.9686,40.3303,1.60223
2209,25.8001,34.0282,265.366,215.302,252.323,184.119,0,21.2676,4.53242,1.21311
2210,175.902,150.177,477.602,586.402,613.327,612.538,0,93.8606,82.0409,1.87407
2211,73.6994,101.67,237.356,709.632,152.527,701.762,0,63.544,10.1554,1.15982
2212,171.301,183.034,183.912,521.844,140.116,611.099,0,114.396,56.9052,1.49744
2213,165.301,152.735,162.793,461.299,139.63,611.172,0,95.4596,69.8413,1.73163
2214,131.499,96.8929,544.19,589.06,613.342,612.455,0,60.5581,70.9408,2.17145
2215,90.9992,87.3012,541.756,634.188,613.187,612.758,0,54.5633,36.4359,1.66777
2216,5,4.87492,631.239,283.869,635.801,282.158,0,3.04682,1.95317,1.64105
2217,30.2001,30.6387,141.55,664.363,149.585,693.151,0,19.1492,11.0509,1.5771
2218,27.2001,28.537,403.608,106.324,405.908,78.1428,0,17.8356,9.36446,1.52504
2219,100.199,137.095,257.812,665.844,149.551,693.231,0,85.6847,14.5144,1.16939
2220,42.9999,60.9931,594.9,226.008,648.328,198.085,0,38.1207,4.87922,1.12799
2221,280.708,173.764,452.94,606.62,613.175,612.963,0,108.602,172.106,2.58473
2222,177.502,159.044,527.657,403.273,630.32,334.053,0,99.4024,78.0992,1.78569
2223,140.099,156.566,141.75,455.621,67.6981,405.497,0,97.8535,42.2458,1.43173
2224,325.011,202.947,450.179,651.011,613.293,613.143,0,126.842,198.169,2.56233
2225,72.3995,71.571,415.763,148.065,356.025,173.694,0,44.7319,27.6676,1.61852
2226,294.209,193.338,461.983,662.062,613.254,612.928,0,120.836,173.372,2.43477
2227,234.705,226.518,471.6,427.567,615.504,540.132,0,141.574,93.1313,1.65783
2228,291.909,230.835,463.801,339.77,355.86,174.116,0,144.272,147.637,2.02333
2229,114.599,130.724,302.022,292.269,250.637,184.83,0,81.7027,32.8961,1.40263
2230,50.1998,55,407.53,182.31,355.948,173.669,0,34.375,15.8248,1.46036
2231,270.707,225.948,480.927,467.851,615.5,539.844,0,141.218,129.49,1.91695
2232,295.109,224.226,482.354,516.089,613.259,612.919,0,140.141,154.967,2.10579
2233,94.1991,72.1942,596.55,355.977,630.264,334.137,0,45.1214,49.0778,2.08768
2234,152.7,107.986,232.551,288.236,248.827,185.001,0,67.491,85.2091,2.26253
2235,264.707,243.39,458.028,427.004,615.485,540.213,0,152.119,112.588,1.74013
2236,239.405,296.089,306.198,501.748,139.855,611.143,0,185.056,54.3496,1.29369
2237,37.3,27.1021,267.827,205.418,252.263,184.149,0,16.9388,20.3612,2.20204
2238,286.008,228.789,503.59,476.979,615.563,539.681,0,142.993,143.015,2.00016
2239,167.001,142.441,485.307,587.02,613.256,612.607,0,89.0253,77.9757,1.87588
2240,196.003,147.202,446.902,248.326,355.524,174.408,0,92.0015,104.001,2.13043
2241,70.4995,68.2299,196.652,214.896,248.334,184.773,0,42.6437,27.8558,1.65322
2242,65.2996,77.5363,552.395,784.682,611.105,754.985,0,48.4602,16.8394,1.34749
2243,47.9998,66.5175,576.265,502.715,615.568,540.413,0,41.5734,6.42643,1.15458
2244,362.713,275.954,425.908,429.296,614.731,539.729,1,172.471,190.242,2.10303
2245,79.6994,88.8439,540.991,746.721,611.058,755.226,0,55.5274,24.1719,1.43531
2246,234.905,177.271,450.649,275.709,356.186,173.386,0,110.795,124.11,2.12018
2247,24.4001,29.2672,624.804,134.745,653.451,130.047,0,18.292,6.10803,1.33392
2248,30.4001,35.96,413.376,112.744,405.854,78.2023,0,22.475,7.92509,1.35262
2249,167.601,180.91,378.821,666.961,312.26,818.143,0,113.069,54.5325,1.4823
2250,163.701,153.894,185.178,346.255,67.6874,404.856,0,96.1837,67.5171,1.70196
2251,136.299,123.253,454.739,155.022,356.104,173.439,0,77.0329,59.2662,1.76936
2252,68.4995,87.3667,335.238,733.961,312.611,818.037,0,54.6042,13.8953,1.25447
2253,362.713,269.46,406.917,565.912,574.625,617.798,1,168.413,194.3,2.15372
2254,276.708,199.392,232.108,430.059,67.7529,405.446,0,124.62,152.088,2.22041
2255,136.999,158.416,344.957,668.711,312.955,818.1,0,99.0097,37.9894,1.38369
2256,141.299,181.609,531.57,267.816,647.855,197.788,0,113.505,27.794,1.24487
2257,17.1,16.1581,268.014,190.058,253.02,183.786,0,10.0988,7.0012,1.69327
2258,60.0997,74.333,211.255,676.556,149.28,693.313,0,46.4581,13.6415,1.29363
2259,316.51,286.109,430.662,375.471,355.592,174.349,0,178.818,137.692,1.77001
2260,262.707,232.867,297.843,549.506,144.805,616.035,0,145.542,117.165,1.80503
2261,270.507,253.197,366.138,401.586,349.8,174.671,0,158.248,112.259,1.70938
2262,360.813,209.501,440.329,645.534,613.25,613.075,0,130.938,229.875,2.7556
2263,61.0996,42.2926,225.145,214.031,249.113,185.139,0,26.4329,34.6668,2.3115
2264,290.409,264.863,341.327,392.133,349.474,174.568,0,165.54,124.869,1.75432
2265,150.1,147.827,599.787,451.442,615.633,539.625,0,92.3922,57.7078,1.6246
2266,53.1998,60.502,300.673,771.975,311.877,818.262,0,37.8138,15.386,1.40689
2267,309.41,236.455,261.328,435.289,67.8161,405.156,0,147.784,161.626,2.09366
2268,66.0996,86.6929,234.76,728.156,152.587,701.757,0,54.1831,11.9165,1.21993
2269,293.609,227.217,473.424,421.247,630.262,334.078,0,142.011,151.598,2.06751
2270,74.8994,68.3142,585.059,663.533,613.208,612.815,0,42.6964,32.2031,1.75423
2271,165.401,170.588,538.933,420.431,615.463,539.969,0,106.617,58.7836,1.55135
2272,92.7992,126.036,257.937,694.586,149.514,693.281,0,78.7728,14.0264,1.17806
2273,321.91,264.989,459.115,499.361,613.183,612.77,0,165.618,156.293,1.94369
2274,193.903,156.034,446.799,258.173,356.158,173.433,0,97.5211,96.3815,1.98831
2275,66.2996,66.5094,418.438,179.802,355.816,174.339,0,41.5684,24.7312,1.59495
2276,252.206,169.881,505.326,688.754,613.171,613.019,0,106.176,146.03,2.37537
2277,108.199,105.752,423.555,230.373,356.24,173.433,0,66.0951,42.1038,1.63702
2278,349.312,305.758,356.431,447.54,349.854,174.745,0,191.098,158.214,1.82792
2279,362.713,195.248,408.585,469.91,564.408,450.425,1,122.03,240.683,2.97233
2280,85.7993,93.0655,187.378,563.488,140.143,611.228,0,58.1659,27.6334,1.47508
2281,123.199,137.782,366.232,253.023,349.486,174.555,0,86.1136,37.0851,1.43065
2282,189.302,160.185,372.353,280.674,349.477,174.588,0,100.116,89.1868,1.89084
2283,163.801,168.602,500.255,143.187,653.462,130.211,0,105.376,58.4244,1.55443
2284,178.702,180.796,215.714,490.358,140.122,611.069,0,112.998,65.7041,1.58146
2285,360.913,330.751,346.794,457.978,349.598,174.615,0,206.719,154.193,1.74591
2286,108.799,101.847,543.153,711.905,612.014,752.842,0,63.6543,45.1446,1.70922
2287,116.199,109.964,543.934,662.362,613.163,612.767,0,68.7274,47.4714,1.69072
2288,164.501,130.031,465.478,170.015,355.991,173.72,0,81.2692,83.2316,2.02415
2289,75.8994,79.9194,176.12,561.6,140.194,611.164,0,49.9496,25.9498,1.51952
2290,117.099,122.982,592.548,441.834,615.662,539.657,0,76.864,40.2348,1.52345
2291,20.6,21.0662,88.0873,400.775,67.7429,405.043,0,13.1664,7.43368,1.5646
2292,6.9,5.96748,138.643,605.434,139.823,611.086,0,3.72967,3.17032,1.85003
2293,157.7,176.112,377.246,671.006,312.3,818.124,0,110.07,47.6302,1.43273
2294,32.7001,37.1924,617.603,136.811,653.541,129.97,0,23.2452,9.45485,1.40674
2295,29.2001,31.9362,387.176,171.274,355.808,174.224,0,19.9601,9.23996,1.46292
2296,137.699,154.163,308.184,693.401,312.257,818.07,0,96.3517,41.3475,1.42913
2297,146.3,185.161,515.838,291.611,648.099,197.988,0,115.725,30.5742,1.2642
2298,132.399,132.96,563.381,400.736,630.293,334.151,0,83.0997,49.2992,1.59325
2299,315.11,281.08,355.873,418.991,350.038,174.792,0,175.675,139.435,1.79371
2300,11.2,13.7095,252.403,198.426,249.298,185.138,0,8.56843,2.63158,1.30713
2301,299.609,233.705,501.475,481.669,615.646,539.716,0,146.065,153.544,2.0512
2302,54.6997,64.0035,594.301,231.196,648.419,198.115,0,40.0022,14.6975,1.36742
2303,248.406,195.445,497.826,575.34,613.345,613.147,0,122.153,126.253,2.03356
2304,135.099,138.048,258.749,657.768,144.786,616.05,0,86.2802,48.8189,1.56582
2305,83.1993,98.0128,99.1847,472.487,67.8413,405.166,0,61.258,21.9413,1.35818
2306,47.4998,54.2902,406.237,182.089,355.794,174.204,0,33.9314,13.5684,1.39988
2307,245.406,242.951,361.857,595.525,144.696,616.245,0,151.844,93.5614,1.61617
2308,157.2,139.686,160.094,474.508,139.531,611.216,0,87.304,69.8964,1.80061
2309,206.103,168.974,243.331,336.149,249.78,185.09,0,105.609,100.494,1.95157
2310,290.409,245.462,280.604,433.766,67.7469,404.926,0,153.414,136.995,1.89298
2311,87.6992,88.009,247.08,779.635,310.796,818.72,0,55.0056,32.6936,1.59437
2312,136.899,119.75,523.155,359.262,630.342,334.152,0,74.8436,62.0555,1.82914
2313,20.2,22.5922,611.423,325.127,630.331,334.045,0,14.1201,6.07993,1.43059
2314,48.2998,57.042,410.204,162.486,355.754,174.133,0,35.6512,12.6486,1.35479
2315,68.0995,63.1503,598.946,178.196,647.637,191.875,0,39.469,28.6306,1.72539
2316,185.002,174.162,304.036,648.55,144.784,616.194,0,108.851,76.1508,1.69959
2317,57.8997,73.0527,211.274,676.699,149.786,693.256,0,45.6579,12.2418,1.26812
2318,182.402,186.82,200.35,461.809,139.989,611.134,0,116.763,65.6392,1.56216
2319,178.902,140.283,201.708,394.188,67.6701,405.601,0,87.677,91.2247,2.04046
2320,362.713,201.021,408.361,503.088,548.235,453.777,1,125.638,237.075,2.88697
2321,135.599,109.408,515.344,595.09,613.192,612.758,0,68.3799,67.2192,1.98303
2322,4.4,3.99064,405.942,82.1088,405.942,78.1181,0,2.49415,1.90585,1.76413
2323,35.7,35.9992,391.242,175.9,355.748,174.23,0,22.4995,13.2005,1.5867
2324,152.5,136.588,162.544,478.262,139.543,611.253,0,85.3676,67.1325,1.78639
2325,28.2001,33.0605,617.495,210.449,647.513,196.856,0,20.6628,7.53723,1.36477
2326,77.3994,83.785,545.294,634.263,613.255,612.833,0,52.3656,25.0338,1.47806
2327,142.499,141.746,524.424,146.453,653.544,129.988,0,88.5914,53.9081,1.6085
2328,86.5993,100.699,524.013,755.054,611.059,755.142,0,62.9366,23.6627,1.37598
2329,233.005,194.694,435.312,313.937,355.61,174.317,0,121.684,111.322,1.91484
2330,146.3,123.908,218.247,301.733,248.123,184.717,0,77.4424,68.8573,1.88914
2331,118.199,119.739,543.97,679.056,613.188,612.831,0,74.8371,43.3616,1.57941
2332,14.6,15.1461,253.06,199.687,249.673,185.204,0,9.46632,5.1337,1.54231
2333,276.708,240.451,306.421,377.265,249.016,185.03,0,150.282,126.426,1.84126
2334,81.0993,102.065,326.594,724.861,312.246,818.21,0,63.7908,17.3085,1.27133
2335,362.713,244.302,465.694,473.623,605.285,536.816,1,152.688,210.024,2.37551
2336,65.7996,65.703,597.62,148.552,653.644,130.255,0,41.0644,24.7352,1.60235
2337,217.404,181.825,476.798,559.988,613.331,612.55,0,113.641,103.763,1.91308
2338,129.099,141.236,500.31,718.655,611.975,752.987,0,88.2723,40.8264,1.4625
2339,136.099,119.391,175.067,376.49,67.8155,404.953,0,74.6191,61.48,1.82392
2340,30.1001,37.1377,603.592,574.639,616.293,542.055,0,23.2111,6.88902,1.2968
2341,310.11,226.92,472.084,367.519,630.323,334.104,0,141.825,168.285,2.18656
2342,37.5,34.9249,284.985,196.362,253.112,183.409,0,21.8281,15.6719,1.71797
2343,183.302,213.794,333.167,362.335,251.439,184.503,0,133.621,49.6806,1.3718
2344,48.1998,46.9297,606.652,130.679,653.541,130.047,0,29.3311,18.8688,1.6433
2345,26.1001,33.8476,591.205,528.401,615.484,540.235,0,21.1547,4.94531,1.23377
2346,305.309,227.026,455.542,382.253,630.353,334.075,0,141.891,163.418,2.15171
2347,107.099,102.574,240.972,624.364,144.728,615.731,0,64.1086,42.9903,1.67059
2348,200.503,141.504,290.782,306.959,249.779,185.145,0,88.4402,112.063,2.2671
2349,186.802,180.314,511.168,444.334,615.57,539.737,0,112.696,74.1059,1.65757
2350,321.41,248.948,437.941,390.824,630.281,334.177,0,155.592,165.818,2.06572
2351,204.403,187.926,521.451,427.036,630.265,334.055,0,117.454,86.9494,1.74029
2352,1.6,0.782258,401.491,76.8479,402.163,76.4469,0,0.488911,1.11109,3.27258
2353,155.7,110.817,231.471,291.721,248.88,184.987,0,69.2609,86.4394,2.24803
2354,362.713,265.759,411.358,471.13,598.975,511.83,1,166.099,196.614,2.18371
2355,348.012,334.648,375.458,467.47,349.788,174.727,0,209.155,138.857,1.66389
2356,14.2,16.2458,119.613,613.244,135.566,614.409,0,10.1536,4.04641,1.39852
2357,5,4.36406,71.3006,408.216,67.2297,406.646,0,2.72754,2.27246,1.83315
2358,60.1997,66.2369,411.667,192.31,355.74,174.241,0,41.398,18.8016,1.45417
2359,20.2,24.6392,144.38,669.49,149.672,693.236,0,15.3995,4.80052,1.31173
2360,68.1995,93.3555,235.675,717.087,153.652,700.22,0,58.3472,9.85233,1.16886
2361,362.713,55.6733,584.573,318.564,584.597,322.549,1,34.7958,327.917,10.424
2362,101.099,94.6356,419.608,218.642,355.588,174.318,0,59.1472,41.9518,1.70928
2363,0,0,247.429,179.581,247.429,179.581,0,0,0,0
2364,9.8,10.0685,152.045,683.723,149.407,693.333,0,6.29281,3.50719,1.55733
2365,170.301,187.885,336.268,641.071,312.48,818.039,0,117.428,52.8734,1.45026
2366,46.8999,47.6568,603.198,293.888,635.961,282.574,0,29.7855,17.1144,1.57459
2367,206.403,162.88,192.828,338.248,67.7035,404.859,0,101.8,104.604,2.02754
2368,208.504,191.153,439.793,311.825,355.58,174.371,0,119.471,89.0329,1.74523
2369,362.713,235.007,464.36,465.949,606.549,539.953,1,146.879,215.834,2.46946
2370,356.613,244.006,446.769,393.596,630.29,334.067,0,152.504,204.109,2.33838
2371,31.3001,38.5769,612.71,212.867,647.943,197.609,0,24.1106,7.18953,1.29819
2372,6.3,6.17904,73.4087,402.7,67.4389,404.294,0,3.8619,2.4381,1.63132
2373,33.2001,43.6012,610.055,217.264,648.182,198.143,0,27.2508,5.9493,1.21832
2374,168.401,180.861,515.554,196.447,648.328,190.857,0,113.038,55.3631,1.48977
2375,91.9992,90.7999,159.18,543.065,139.613,611.221,0,56.7499,35.2492,1.62113
2376,281.508,256.79,450.846,413.083,615.503,540.13,0,160.494,121.014,1.75401
2377,52.1998,63.5089,342.243,198.21,349.963,174.786,0,39.6931,12.5067,1.31509
2378,163.901,162.001,182.063,470.786,140.185,611.222,0,101.251,62.6502,1.61876
2379,247.706,243.504,349.265,584.263,144.783,616.226,0,152.19,95.5158,1.62761
2380,28.2001,30.0153,140.877,665.488,149.356,693.292,0,18.7596,9.44048,1.50323
2381,42.5999,41.5326,614.189,190.901,647.91,191.37,0,25.9579,16.642,1.64112
2382,92.9992,120.343,516.308,740.19,611.151,755.165,0,75.2143,17.7848,1.23646
2383,100.999,86.417,543.284,600.669,613.346,613.053,0,54.0106,46.9884,1.86998
2384,285.508,205.177,478.1,406.842,630.268,334.15,0,128.236,157.273,2.22643
2385,201.503,172.424,357.75,319.995,349.982,174.775,0,107.765,93.7379,1.86984
2386,229.005,168.528,172.059,298.168,248.179,184.688,0,105.33,123.675,2.17417
2387,67.3995,67.8158,197.7,213.517,248.487,184.783,0,42.3849,25.0146,1.59018
2388,112.199,91.5615,525.003,608.294,613.252,612.846,0,57.2259,54.9729,1.96063
2389,69.6995,96.3568,235.917,714.05,153.73,700.216,0,60.223,9.47654,1.15736
2390,29.3001,35.2541,575.937,806.876,606.565,811.563,0,22.0338,7.26625,1.32978
2391,10.1,10.4094,620.112,336.006,630.264,334.026,0,6.50589,3.59411,1.55244
2392,362.713,267.537,408.134,477.115,597.773,505.724,1,167.211,195.502,2.16919
2393,7.4,7.12645,349.535,182.322,351.605,175.504,0,4.45403,2.94596,1.66141
2394,154.3,137.362,260.856,655.604,144.811,615.982,0,85.8512,68.449,1.7973
2395,180.402,231.025,493.05,260.246,648.212,197.974,0,144.39,36.0114,1.2494
2396,6.2,5.96042,605.233,755.937,611.081,755.215,0,3.72526,2.47473,1.66431
2397,82.6993,88.2103,528.27,609.332,613.246,612.78,0,55.1314,27.5679,1.50004
2398,123.499,122.921,542.996,688.59,612.365,751.971,0,76.8253,46.6734,1.60753
2399,204.903,156.931,278.997,328.444,250.841,184.687,0,98.0816,106.822,2.08911
2400,65.1996,63.7842,559.028,610.022,613.306,612.507,0,39.8651,25.3344,1.6355
2401,234.105,159.776,218.716,415.519,67.6653,405.506,0,99.8602,134.245,2.34433
2402,75.3994,89.7708,539.271,746.852,611.071,755.401,0,56.1068,19.2926,1.34386
2403,80.1993,107.027,242.743,685.666,149.475,693.279,0,66.8918,13.3075,1.19894
2404,43.0999,52.0564,324.508,208.033,349.815,174.664,0,32.5353,10.5646,1.32471
2405,111.899,108.559,236.14,607.123,144.728,615.717,0,67.8494,44.0495,1.64922
2406,128.699,124.606,259.434,744.57,310.537,818.916,0,77.8787,50.8199,1.65255
2407,269.007,248.027,283.07,432.059,67.7495,404.844,0,155.017,113.99,1.73534
2408,53.7998,65.6499,594.286,199.272,647.866,197.803,0,41.0312,12.7686,1.31119
2409,249.006,187.446,483.849,297.577,630.277,334.085,0,117.154,131.852,2.12547
2410,232.605,193.438,477.877,307.929,630.286,334.142,0,120.899,111.706,1.92397
2411,235.005,161.042,488.754,663.038,613.255,613.127,0,100.651,134.354,2.33485
2412,101.899,128.013,580.451,283.506,647.854,197.727,0,80.0084,21.8906,1.2736
2413,19.9,26.1074,624.629,209.166,648.081,198.016,0,16.3171,3.58294,1.21958
2414,68.5995,81.7362,216.611,698.365,152.646,701.776,0,51.0851,17.5144,1.34285
2415,239.405,200.962,241.374,365.867,67.6486,404.87,0,125.601,113.804,1.90608
2416,0.6,0.139492,652.488,189.81,652.441,189.941,0,0.0871827,0.512817,6.8821
2417,195.103,151.631,188.651,312.099,248.876,185.024,0,94.7692,100.333,2.05871
2418,278.108,210.24,224.888,415.807,67.6564,405.461,0,131.4,146.708,2.1165
2419,121.499,146.06,272.622,701.876,149.461,693.346,0,91.2876,30.2112,1.33094
2420,13.2,14.3859,408.372,92.186,405.848,78.1939,0,8.99118,4.20883,1.46811
2421,119.799,89.0844,542.591,637.415,613.255,612.757,0,55.6777,64.121,2.15164
2422,150,143.914,511.342,121.348,653.496,129.879,0,89.9465,60.0534,1.66766
2423,241.006,296.795,306.427,498.435,139.858,611.087,0,185.497,55.5084,1.29924
2424,299.709,243.045,416.78,345.448,355.6,174.357,0,151.903,147.806,1.97303
2425,227.205,201.5,290.63,562.296,144.809,616.104,0,125.937,101.267,1.80411
2426,155,116.801,182.929,402.998,67.7088,405.595,0,73.0006,81.9996,2.12327
2427,146.6,135.003,199.485,391.561,67.7373,404.855,0,84.3766,62.2231,1.73744
2428,242.406,190.632,298.969,343.653,250.822,184.727,0,119.145,123.261,2.03454
2429,256.106,159.209,501.147,163.544,356.136,173.474,0,99.5059,156.601,2.57378
2430,0,0,631.143,332.234,631.143,332.234,0,0,0,0
2431,46.7999,41.2571,222.011,208.639,248.921,184.983,0,25.7857,21.0142,1.81496
2432,19.3,20.2463,590.517,804.364,606.625,811.318,0,12.654,6.64607,1.52522
2433,43.3999,46.4322,571.169,771.438,611.117,755.419,0,29.0201,14.3798,1.49551
2434,218.404,180.623,504.211,313.32,630.289,334.094,0,112.89,105.514,1.93467
2435,261.707,225.357,467.75,442.007,615.575,539.584,0,140.848,120.859,1.85808
2436,314.21,229.483,479.513,469.683,615.65,539.743,0,143.427,170.783,2.19073
2437,305.009,269.32,363.567,411.917,349.677,174.683,0,168.325,136.684,1.81202
2438,93.2991,109.22,282.875,274.995,250.445,184.831,0,68.2625,25.0367,1.36677
2439,78.4994,80.3425,574.11,131.638,653.508,129.951,0,50.214,28.2853,1.5633
2440,173.501,149.277,241.791,323.541,249.564,185.23,0,93.2983,80.2031,1.85964
2441,207.803,197.015,221.326,475.098,139.851,611.131,0,123.134,84.6694,1.68762
2442,44.0999,52.154,324.182,208.172,349.925,174.74,0,32.5962,11.5037,1.35291
2443,60.2997,71.3334,594.015,192.568,648.315,198.118,0,44.5834,15.7163,1.35251
2444,8.5,9.18387,600.303,805.61,606.504,811.436,0,5.73992,2.76008,1.48086
2445,207.103,179.01,276.867,581.456,144.734,615.729,0,111.881,95.2222,1.8511
2446,79.9994,76.0185,577.766,693.224,612.21,752.412,0,47.5116,32.4878,1.68379
2447,64.9996,67.3237,101.986,447.187,67.7342,405.596,0,42.0773,22.9222,1.54476
2448,192.003,143.314,484.643,588.2,613.205,612.807,0,89.5714,102.431,2.14357
2449,104.199,132.485,541.723,188.253,647.566,192.032,0,82.8029,21.3961,1.2584
2450,242.806,200.676,442.96,321.549,355.568,174.381,0,125.423,117.383,1.9359
2451,225.805,187.983,250.144,397.241,67.7788,404.967,0,117.49,108.315,1.92191
2452,53.3998,46.5571,299.34,186.271,253.282,183.148,0,29.0982,24.3016,1.83516
2453,36.2,34.0904,127.293,586.492,139.755,611.064,0,21.3065,14.8935,1.69901
2454,71.2995,70.3663,584.272,124.812,653.636,129.728,0,43.9789,27.3205,1.62122
2455,362.713,238.41,388.141,459.566,583.297,463.408,1,149.006,213.707,2.43421
2456,95.3991,97.5314,572.194,292.619,630.276,334.017,0,60.9571,34.442,1.56502
2457,244.706,198.372,471.312,276.505,355.884,174.119,0,123.982,120.724,1.97372
2458,173.001,144.491,242.88,319.419,249.966,184.99,0,90.3071,82.6943,1.9157
2459,3.5,3.01883,644.299,196.893,647.103,195.775,0,1.88677,1.61323,1.85502
2460,22.4,27.9692,320.62,791.306,313.402,818.22,0,17.4807,4.91932,1.28141
2461,14.4,13.2861,608.061,551.562,616.957,543.319,0,8.30382,6.0962,1.73414
2462,26.1001,32.458,618.492,210.481,648.07,198.038,0,20.2863,5.81381,1.28659
2463,200.003,175.303,279.61,583.804,144.826,616.217,0,109.565,90.4384,1.82543
2464,270.107,206.372,504.425,519.552,613.203,612.596,0,128.983,141.125,2.09413
2465,81.9993,86.2527,552.384,721.178,611.888,753.138,0,53.9079,28.0914,1.5211
2466,141.399,153.414,513.667,690.89,612.291,752.051,0,95.8839,45.5155,1.47469
2467,55.2997,52.7714,601.437,133.075,653.519,130.003,0,32.9821,22.3176,1.67666
2468,5.9,6.05017,317.73,813.567,315.653,819.25,0,3.78136,2.11864,1.56029
2469,216.004,197.731,345.187,335.933,349.603,174.572,0,123.582,92.422,1.74786
2470,267.907,242.99,319.144,549.205,144.772,615.935,0,151.869,116.038,1.76407
2471,235.405,293.064,304.053,504.159,139.902,611.092,0,183.165,52.2405,1.28521
2472,39.5,50.6409,603.492,209.84,648.337,198.063,0,31.6506,7.84942,1.248
2473,159.601,202.8,522.847,245.683,648.007,197.754,0,126.75,32.8503,1.25917
2474,362.713,254.435,422.051,392.458,620.652,333.972,1,159.022,203.691,2.2809
2475,24.5001,27.9022,605.349,565.509,616.489,542.425,0,17.4389,7.06116,1.40491
2476,192.203,156.72,220.592,391.697,67.6697,404.796,0,97.9498,94.2527,1.96225
2477,199.503,195.285,238.524,496.663,139.742,611.142,0,122.053,77.4496,1.63455
2478,349.912,315.168,369.499,451.492,349.698,174.595,0,196.98,152.932,1.77638
2479,290.108,226.244,480.017,466.644,615.504,539.755,0,141.403,148.706,2.05165
2480,41.3999,58.2305,206.628,723.534,152.672,701.834,0,36.3941,5.00586,1.13755
2481,362.713,269.775,398.266,563.183,571.627,617.825,1,168.609,194.104,2.1512
2482,362.713,274.754,420.177,571.465,598.733,611.688,1,171.721,190.992,2.11222
2483,362.713,204.653,421.596,491.503,577.681,450.874,1,127.908,234.805,2.83574
2484,301.009,220.601,490.83,272.801,356.092,173.407,0,137.876,163.133,2.18319
2485,220.404,171.808,232.64,344.184,250.597,184.836,0,107.38,113.024,2.05257
2486,262.007,198.794,264.429,358.089,249.129,185.097,0,124.246,137.76,2.10877
2487,293.709,212.333,243.222,426.864,67.6473,405.486,0,132.708,161,2.21319
2488,76.3994,103.681,228.3,693.014,149.412,693.368,0,64.8008,11.5986,1.17899
2489,111.399,99.6667,221.14,277.637,248.315,184.777,0,62.2917,49.1072,1.78834
2490,306.81,314.229,379.706,535.175,144.817,616.14,0,196.393,110.417,1.56222
2491,221.104,212.179,386.272,333.64,349.474,174.536,0,132.612,88.4922,1.6673
2492,362.713,253.158,445.675,575.431,589.936,616.35,1,158.224,204.489,2.2924
2493,30.0001,34.0082,576.847,820.017,602.456,833.246,0,21.2551,8.74493,1.41143
2494,75.9994,78.443,551.379,733.374,611.856,753.193,0,49.0269,26.9725,1.55016
2495,30.8001,31.4604,142.051,580.311,139.864,611.089,0,19.6628,11.1373,1.56642
2496,195.403,213.775,512.346,505.697,615.564,540.208,0,133.609,61.7936,1.46249
2497,65.6996,76.1113,209.698,614.415,144.774,615.979,0,47.5696,18.13,1.38113
2498,256.006,238.677,462.958,432.646,615.548,540.193,0,149.173,106.833,1.71617
2499,19.7,22.2686,260.623,204.469,252.392,184.009,0,13.9179,5.78214,1.41545
2500,131.199,104.941,241.092,282.472,249.048,185.022,0,65.5881,65.6107,2.00034
2501,128.599,114.565,527.097,358.191,630.362,333.828,0,71.6034,56.9953,1.79599
2502,10.6,11.6624,156.279,617.372,144.797,615.996,0,7.28898,3.31102,1.45425
2503,31.9001,22.155,271.496,194.878,253.228,183.361,0,13.8469,18.0532,2.30378
2504,161.501,138.178,278.498,636.236,144.726,615.648,0,86.3612,75.1394,1.87006
2505,155,136.488,558.086,401.972,630.301,334.098,0,85.305,69.6953,1.81701
2506,172.901,190.263,386.159,665.599,312.255,818.128,0,118.914,53.987,1.454
2507,361.613,335.471,365.456,470.332,349.691,174.719,0,209.669,151.944,1.72468
2508,46.5999,39.5509,106.577,403.203,67.6524,404.816,0,24.7193,21.8805,1.88516
2509,302.309,193.408,501.359,541.822,613.22,612.761,0,120.88,181.429,2.5009
2510,29.4001,30.4345,596.836,777.834,611.084,755.359,0,19.0216,10.3785,1.54562
2511,315.51,234.341,464.911,348.719,355.762,174.327,0,146.463,169.047,2.1542
2512,84.0993,113.294,248.915,687.025,149.461,693.346,0,70.8089,13.2904,1.18769
2513,231.305,172.224,308.395,623.9,144.782,615.78,0,107.64,123.665,2.14888
2514,362.713,271.952,407.384,578.853,571.51,617.136,1,169.97,192.743,2.13398
2515,163.001,150.51,614.42,430.724,615.602,539.703,0,94.0689,68.9319,1.73278
2516,71.6995,71.952,598.002,358.622,630.317,334.08,0,44.97,26.7295,1.59438
2517,275.708,239.622,455.988,439.278,615.496,540.175,0,149.764,125.944,1.84095
2518,215.304,209.973,389.015,328.096,349.813,174.686,0,131.233,84.0708,1.64062
2519,212.804,175.559,281.435,586.675,144.71,615.694,0,109.725,103.079,1.93943
2520,136.399,155.202,308.742,693.548,312.099,818.216,0,97.0014,39.3977,1.40616
2521,173.301,198.398,419.056,684.392,313.087,818.112,0,123.999,49.3025,1.3976
2522,362.713,183.576,397.369,451.988,528.67,443.832,1,114.735,247.978,3.16131
2523,226.505,168.682,305.469,625.521,144.832,615.871,0,105.426,121.078,2.14846
2524,193.703,146.372,200.405,413.952,67.6763,405.572,0,91.4824,102.22,2.11738
2525,41.1999,42.8851,574.823,770.653,611.168,755.523,0,26.8032,14.3968,1.53713
2526,156,119.569,166.403,425.429,67.6469,405.588,0,74.7309,81.2694,2.08749
2527,39.4,51.9903,576.261,785.29,606.511,811.465,0,32.4939,6.90603,1.21253
2528,142.299,157.682,313.761,684.792,312.341,818.111,0,98.5515,43.7479,1.44391
2529,220.004,196.598,480.848,391.983,630.378,334.149,0,122.874,97.1307,1.79049
2530,85.5993,76.8086,289.992,226.894,249.556,185.195,0,48.0054,37.5939,1.78312
2531,69.6995,98.1363,581.651,256.865,647.906,197.818,0,61.3352,8.36432,1.13637
2532,228.705,147.837,493.887,619.758,613.352,613.186,0,92.3984,136.306,2.4752
2533,74.9994,76.2793,593.546,189.718,647.649,192.032,0,47.6746,27.3249,1.57315
2534,241.606,155.616,444.159,143.715,356.138,173.431,0,97.2599,144.346,2.48412
2535,24.0001,25.454,238.048,204.869,249.394,185.2,0,15.9088,8.09129,1.50861
2536,64.7996,53.7631,111.314,418.979,67.7496,404.809,0,33.6019,31.1976,1.92845
2537,242.406,185.069,506.581,536.444,613.327,612.522,0,115.668,126.737,2.0957
2538,143.4,180.456,408.421,695.758,313.486,818.284,0,112.785,30.6143,1.27144
2539,362.713,246.198,388.745,620.584,581.351,617.933,1,153.874,208.839,2.35721
2540,65.7996,81.2525,219.093,679.075,149.611,693.222,0,50.7828,15.0167,1.2957
2541,35.5,44.1087,582.094,789.948,606.567,811.286,0,27.5679,7.93212,1.28773
2542,275.408,198.917,473.785,393.223,630.316,334.152,0,124.323,151.084,2.21526
2543,104.499,127.294,513.096,730.691,611.768,753.339,0,79.559,24.94,1.31348
2544,51.5998,40.2992,223.269,208.381,248.842,185.002,0,25.187,26.4128,2.04867
2545,169.701,186.453,614.5,405.294,615.463,540.193,0,116.533,53.1678,1.45625
2546,9.8,10.0877,592.35,833.673,602.416,833.295,0,6.30479,3.49522,1.55437
2547,175.702,133.037,480.836,175.027,356.226,173.402,0,83.1482,92.5533,2.11311
2548,16.7,19.9016,597.623,766.297,611.101,754.968,0,12.4385,4.26154,1.34261
2549,137.999,136.63,518.364,119.288,653.459,129.95,0,85.3939,52.6053,1.61603
2550,234.905,170.974,306.042,624.739,144.799,615.784,0,106.859,128.046,2.19828
2551,160.601,203.644,515.526,263.33,647.892,197.68,0,127.277,33.3233,1.26182
2552,296.509,219.691,473.82,258.649,355.869,174.019,0,137.307,159.202,2.15947
2553,182.902,161.193,274.532,663.528,144.767,616.2,0,100.746,82.1564,1.81548
2554,150.2,127.293,549.531,295.377,630.338,334.119,0,79.5582,70.6418,1.88793
2555,313.61,249.386,250.922,461.879,67.6682,405.515,0,155.866,157.744,2.01205
2556,61.0996,71.577,199.876,639.719,144.836,615.881,0,44.7356,16.364,1.36579
2557,59.7997,75.0382,213.129,676.748,149.802,693.242,0,46.8989,12.9008,1.27508
2558,0,0,312.885,821.164,312.885,821.164,0,0,0,0
2559,85.7993,79.3139,574.809,664.636,613.217,612.847,0,49.5712,36.2281,1.73083
2560,296.809,179.232,476.889,670.006,613.167,612.908,0,112.02,184.789,2.64961
2561,277.108,229.011,427.769,335.709,355.596,174.444,0,143.132,133.976,1.93603
2562,121.499,130.559,207.129,533.334,140.138,611.098,0,81.5997,39.8991,1.48896
2563,262.907,231.501,466.494,429.973,615.635,539.675,0,144.688,118.219,1.81706
2564,202.903,241.58,367.38,608.048,312.319,818.067,0,150.987,51.9159,1.34384
2565,136.799,159.639,289.155,698.562,149.846,693.236,0,99.7745,37.0246,1.37108
2566,25.8001,32.0957,317.184,786.504,312.777,817.995,0,20.0598,5.74022,1.28615
2567,135.099,124.829,469.235,174.019,356.057,173.524,0,78.0183,57.0808,1.73163
2568,52.8998,68.6965,550.515,811.282,602.364,833.258,0,42.9353,9.96446,1.23208
2569,267.107,203.4,249.199,414.611,67.7274,404.864,0,127.125,139.982,2.10114
2570,0,0,639.877,285.878,639.877,285.878,0,0,0,0
2571,237.005,200.261,297.162,577.029,144.645,616.251,0,125.163,111.842,1.89357
2572,2,1.12132,255.08,179.064,253.997,179.357,0,0.700823,1.29918,2.85379
2573,43.5999,47.4438,81.396,439.868,67.8124,405.345,0,29.6524,13.9475,1.47037
2574,22.2,26.3034,318.327,792.676,312.645,817.965,0,16.4397,5.7604,1.3504
2575,76.8994,65.8934,594.805,689.897,612.357,751.976,0,41.1833,35.7161,1.86725
2576,362.713,242.808,426.696,594.338,592.719,615.456,1,151.755,210.958,2.39013
2577,34.1001,34.3903,258.477,218.128,249.398,185.198,0,21.4939,12.6061,1.5865
2578,101.199,124.341,353.444,701.903,312.603,817.969,0,77.7132,23.4858,1.30221
2579,254.206,165.633,195.283,445.248,67.6456,405.495,0,103.52,150.686,2.45561
2580,362.713,250.82,451.541,477.826,605.957,536.797,1,156.762,205.951,2.31378
2581,274.708,321.88,318.838,494.675,139.937,611.184,0,201.175,73.5326,1.36552
2582,126.699,129.278,526.16,120.438,653.45,129.954,0,80.799,45.8996,1.56807
2583,230.505,224.726,380.313,357.427,349.837,174.68,0,140.454,90.0511,1.64114
2584,137.899,159.783,217.002,512.771,140.1,611.096,0,99.8642,38.035,1.38087
2585,168.501,139.733,310.228,296.283,250.672,184.837,0,87.3333,81.1678,1.9294
2586,40.4,51.3673,601.604,215.514,648.221,197.959,0,32.1046,8.29537,1.25839
2587,17,18.2688,162.315,618.643,144.645,615.681,0,11.418,5.58202,1.48888
2588,66.8996,68.1055,410.276,148.162,356.048,173.552,0,42.566,24.3336,1.57167
2589,108.799,106.081,547.909,665.988,613.16,612.761,0,66.3009,42.498,1.64099
2590,95.7991,113.015,582.898,446.555,615.599,540.284,0,70.6344,25.1648,1.35627
2591,326.011,260.631,429.918,389.772,630.304,334.13,0,162.894,163.116,2.00136
2592,22.2,28.178,171.935,622.02,144.8,615.888,0,17.6112,4.5888,1.26056
2593,113.799,127.882,363.705,245.567,349.543,174.614,0,79.9261,33.8727,1.4238
2594,6.7,6.64622,642.26,188.357,648.39,190.753,0,4.15389,2.54611,1.61294
2595,0.2,0.0198026,615.726,759.166,615.73,759.147,0,0.0123766,0.187623,16.1595
2596,30.4001,30.3421,614.225,270.613,635.765,282.315,0,18.9638,11.4363,1.60306
2597,105.499,131.725,350.632,694.045,312.57,817.963,0,82.328,23.1709,1.28145
2598,294.709,243.715,457.754,421.591,615.668,539.674,0,152.322,142.387,1.93477
2599,86.4993,117.981,265.743,734.791,153.548,700.502,0,73.7383,12.761,1.17306
2600,124.199,125.005,251.505,302.805,250.522,184.792,0,78.1281,46.0706,1.58968
2601,125.299,145.141,528.001,192.424,647.796,191.619,0,90.7133,34.5854,1.38126
2602,50.0998,45.8778,569.295,617.217,613.323,612.405,0,28.6736,21.4262,1.74724
2603,90.6992,79.78,588.074,678.021,612.32,752.2,0,49.8625,40.8367,1.81899
2604,80.4993,100.917,578.787,455.01,615.601,540.234,0,63.0734,17.4259,1.27628
2605,0,0,605.324,836.064,605.324,836.064,0,0,0,0
2606,355.812,285.899,429.983,415.191,630.272,334.14,0,178.687,177.126,1.99126
2607,298.109,216.233,479.986,414.987,630.339,334.14,0,135.146,162.963,2.20583
2608,156.7,125.936,528.573,670.663,613.29,613.138,0,78.7098,77.9905,1.99086
2609,174.301,196.92,373.263,650.828,312.266,818.129,0,123.075,51.2267,1.41622
2610,107.799,114.821,566.425,451.047,615.625,539.744,0,71.763,36.036,1.50215
2611,10.8,11.8907,407.652,89.6184,405.472,78.0942,0,7.43166,3.36834,1.45324
2612,42.0999,50.7374,562.708,759.647,611.229,754.887,0,31.7109,10.3891,1.32762
2613,186.502,186.537,348.955,327.093,349.797,174.677,0,116.585,69.9167,1.5997
2614,46.7999,65.4869,328.678,755.111,312.836,817.968,0,40.9293,5.87056,1.14343
2615,5.6,4.26879,358.781,177.224,355.578,174.291,0,2.668,2.932,2.09895
2616,283.108,222.247,478.985,415.793,630.333,334.053,0,138.904,144.204,2.03815
2617,161.601,145.655,520.107,377.895,630.362,334.119,0,91.0342,70.5664,1.77516
2618,99.3991,94.0165,554.675,320.467,630.352,333.831,0,58.7603,40.6387,1.6916
2619,119.999,101.465,214.388,259.33,248.636,184.874,0,63.4156,56.5832,1.89226
2620,104.199,84.08,586.445,359.369,630.411,334.381,0,52.55,51.649,1.98285
2621,168.101,216.891,510.194,250.57,648.172,198.008,0,135.557,32.5442,1.24008
2622,362.713,229.514,465.039,477.414,600.919,523.647,1,143.447,219.266,2.52856
2623,268.407,235.193,351.563,370.804,349.897,174.734,0,146.996,121.412,1.82595
2624,167.401,145.625,437.099,260.388,355.613,174.329,0,91.0157,76.3853,1.83925
2625,140.699,145.898,232.589,778.817,152.842,701.812,0,91.186,49.5134,1.54299
2626,290.809,253.329,320.708,538.889,144.708,615.628,0,158.331,132.478,1.83672
2627,237.305,184.232,247.161,395.189,67.7887,405.393,0,115.145,122.16,2.06092
2628,171.301,194.251,341.16,638.633,312.278,818.088,0,121.407,49.8944,1.41097
2629,297.609,228.729,471.276,254.289,355.584,174.401,0,142.955,154.654,2.08183
2630,94.5991,120.585,353.905,706.14,312.576,817.961,0,75.3655,19.2336,1.2552
2631,16.1,19.8483,603.682,735.02,612.126,752.558,0,12.4052,3.69485,1.29785
2632,190.502,142.797,306.167,302.165,250.911,184.71,0,89.2484,101.254,2.13452
2633,103.999,95.6153,162.716,402.224,67.7543,404.986,0,59.7595,44.2394,1.74029
2634,122.099,119.623,220.484,604.439,144.73,615.703,0,74.7646,47.3341,1.63311
2635,27.4001,35.4738,596.292,721.584,612.337,752.229,0,22.1711,5.22893,1.23584
2636,38.6,26.1329,275.374,195.888,252.726,183.945,0,16.3331,22.2669,2.3633
2637,126.199,122.814,239.042,761.29,152.818,701.793,0,76.7589,49.4397,1.64409
2638,119.099,147.711,347.758,678.789,312.803,817.954,0,92.3192,26.7796,1.29008
2639,327.411,298.019,326.543,492.984,144.849,615.794,0,186.262,141.149,1.7578
2640,212.004,151.944,296.492,315.78,251.009,184.616,0,94.9652,117.039,2.23244
2641,7.3,7.05479,641.601,200.523,647.842,197.38,0,4.40924,2.89075,1.65561
2642,208.104,190.074,379.9,312.119,349.91,174.764,0,118.796,89.307,1.75177
2643,250.706,169.75,200.049,342.496,67.7419,404.914,0,106.094,144.613,2.36307
2644,13.3,14.9906,599.028,609.101,613.231,612.811,0,9.3691,3.93091,1.41956
2645,351.012,273.012,424.627,431.175,615.586,539.684,0,170.633,180.38,2.05712
2646,118.499,107.505,557.41,684.991,612.379,751.893,0,67.1904,51.3083,1.76363
2647,102.899,112.076,574.079,443.671,615.541,539.964,0,70.0477,32.8513,1.46898
2648,132.699,157.862,341.064,669.692,312.592,818.011,0,98.6635,34.0354,1.34496
2649,48.8998,63.0708,417.97,139.055,405.855,78.1641,0,39.4192,9.48058,1.24051
2650,162.701,150.048,504.561,118.469,653.482,130.248,0,93.7799,68.9208,1.73492
2651,362.713,118.615,471.929,333.279,470.825,329.235,1,74.1343,288.579,4.89265
2652,141.299,160.536,306.275,705.768,312.325,818.072,0,100.335,40.9646,1.40828
2653,18.9,20.4888,600.852,532.132,615.589,539.723,0,12.8055,6.09455,1.47593
2654,230.905,155.019,160.488,459.988,67.7418,405.498,0,96.8866,134.018,2.38325
2655,69.6995,58.1994,113.46,422.004,67.6743,405.615,0,36.3746,33.3249,1.91616
2656,43.3999,49.0825,402.893,178.224,355.777,174.256,0,30.6766,12.7233,1.41476
2657,11.6,13.8376,148.047,679.669,149.547,693.167,0,8.64851,2.95149,1.34127
2658,145.5,128.073,278.582,301.069,249.809,185.12,0,80.0459,65.4538,1.8177
2659,70.3995,77.863,356.746,195.325,349.999,174.827,0,48.6644,21.7351,1.44663
2660,105.199,101.756,206.595,566.13,144.66,615.723,0,63.5974,41.6016,1.65414
2661,250.206,154.431,499.632,165.739,356.223,173.422,0,96.5193,153.687,2.59229
2662,3.9,3.12964,254.353,174.139,253.122,176.996,0,1.95602,1.94397,1.99384
2663,140.399,160.791,216.861,512.201,140.084,611.122,0,100.494,39.9053,1.39709
2664,362.713,247.262,444.966,595.612,595.254,613.791,1,154.539,208.174,2.34707
2665,253.906,227.129,387.784,351.599,349.622,174.627,0,141.956,111.951,1.78863
2666,136.299,111.453,546.215,658.68,613.153,612.688,0,69.6582,66.6409,1.95668
2667,8.5,8.38465,641.128,201.785,648.512,198.212,0,5.24041,3.25959,1.62201
2668,196.503,183.664,203.935,498.423,139.571,611.196,0,114.79,81.7125,1.71184
2669,10.9,10.8083,257.793,193.43,252.826,183.851,0,6.7552,4.14481,1.61357
2670,316.11,265.405,438.642,450.639,615.479,540.16,0,165.878,150.232,1.90567
2671,102.599,128.47,306.286,276.859,250.494,184.832,0,80.294,22.305,1.27779
2672,200.803,169.962,198.824,341.091,67.7275,404.795,0,106.226,94.577,1.89034
2673,199.903,250.78,322.667,389.962,251.473,184.426,0,156.738,43.1652,1.2754
2674,257.807,311.814,312.528,482.731,139.853,611.171,0,194.884,62.923,1.32287
2675,83.8993,104.79,564.862,472.613,615.646,539.584,0,65.4935,18.4058,1.28103
2676,147.8,122.211,190.335,261.364,249.166,185.124,0,76.382,71.4178,1.93501
2677,362.713,247.298,442.622,585.122,597.083,614.569,1,154.561,208.152,2.34672
2678,108.399,130.079,307.523,281.699,250.531,184.818,0,81.2997,27.0993,1.33333
2679,17.3,20.6442,411.904,97.8515,405.829,78.213,0,12.9026,4.39739,1.34081
2680,51.9998,53.3797,608.257,165.805,647.74,191.88,0,33.3623,18.6375,1.55864
2681,205.203,167.126,508.02,325.908,630.324,334.098,0,104.454,100.75,1.96454
2682,362.713,312.251,435.138,528.334,577.279,617.2,1,195.157,167.556,1.85857
2683,344.012,253.572,449.566,461.343,615.577,539.582,0,158.483,185.529,2.17066
2684,150.7,127.467,462.246,156.2,356.241,173.446,0,79.6672,71.0328,1.89162
2685,146.8,130.094,250.802,308.526,249.744,185.146,0,81.3086,65.4912,1.80547
2686,79.9994,107.183,349.583,718.957,312.685,817.985,0,66.9893,13.0101,1.19421
2687,223.504,133.086,224.188,308.265,249.363,185.242,0,83.1786,140.326,2.68704
2688,321.11,253.937,439.281,442.143,615.571,539.89,0,158.71,162.4,2.02325
2689,38.8,44.0498,411.735,121.268,405.85,78.1552,0,27.5311,11.2689,1.40931
2690,92.4992,103.265,535.639,724.651,611.805,753.274,0,64.5407,27.9585,1.43319
2691,33.5001,22.8694,266.454,201.459,252.425,183.984,0,14.2934,19.2067,2.34375
2692,87.9992,90.9525,266.279,273.013,250.243,185.018,0,56.8453,31.1539,1.54805
2693,289.408,227.357,472.559,252.179,356.078,173.424,0,142.098,147.31,2.03668
2694,51.6998,62.1004,594.913,301.996,630.261,334.059,0,38.8128,12.887,1.33203
2695,30.9001,34.4165,579.477,819.433,602.483,833.345,0,21.5103,9.38977,1.43652
2696,156,144.375,160.669,469.563,139.604,611.205,0,90.2345,65.7659,1.72883
2697,61.5996,71.9308,570.584,351.063,630.322,334.114,0,44.9568,16.6429,1.3702
2698,362.713,117.421,445.705,342.02,444.182,331.371,1,73.3879,289.325,4.94241
2699,93.6991,121.557,349.822,704.788,312.39,818.089,0,75.973,17.7262,1.23332
2700,181.502,159.668,533.892,449.635,615.579,539.672,0,99.7926,81.7092,1.81879
2701,274.808,237.938,430.204,341.823,355.633,174.366,0,148.711,126.097,1.84793
2702,56.5997,66.0376,591.459,229.305,648.357,198.106,0,41.2735,15.3262,1.37133
2703,146.9,145.752,520.413,146.561,653.504,130.182,0,91.0947,55.805,1.6126
2704,344.012,303.955,317.617,444.118,67.7295,405.542,0,189.972,154.04,1.81085
2705,284.908,165.848,456.496,598.393,613.237,612.903,0,103.655,181.253,2.74861
2706,15.3,14.0606,588.437,833.51,602.441,833.112,0,8.7879,6.51212,1.74103
2707,255.006,236.767,374.552,377.947,349.712,174.744,0,147.979,107.027,1.72326
2708,48.7998,53.8269,610.403,163.83,647.755,191.774,0,33.6418,15.158,1.45057
2709,104.399,98.2648,157.841,515.041,139.767,611.054,0,61.4155,42.9835,1.69988
2710,78.6994,77.4877,583.762,671.54,613.273,612.818,0,48.4298,30.2696,1.62502
2711,82.3993,76.0685,590.04,362.514,630.318,334.291,0,47.5428,34.8565,1.73316
2712,168.801,134.976,515.711,366.361,630.366,334.122,0,84.3603,84.4408,2.00095
2713,211.304,145.771,295.334,309.305,249.874,185.142,0,91.1066,120.197,2.3193
2714,69.5995,78.1756,331.536,232.54,349.856,174.781,0,48.8597,20.7398,1.42448
2715,270.207,209.245,280.799,375.168,250.077,184.98,0,130.778,139.429,2.06615
2716,47.0999,44.6769,295.091,196.428,253.195,183.207,0,27.9231,19.1768,1.68677
2717,181.302,147.952,181.082,350.824,67.7142,404.812,0,92.4697,88.8321,1.96066
2718,244.106,233.333,353.69,597.084,144.744,616.296,0,145.833,98.2727,1.67387
2719,194.803,190.939,380.156,314.062,349.617,174.569,0,119.337,75.4661,1.63238
2720,234.005,235.99,487.034,503.406,615.529,539.93,0,147.494,86.5114,1.58654
2721,188.002,187.953,199.12,460.441,139.727,611.097,0,117.471,70.5317,1.60042
2722,362.713,278.942,408.821,558.867,582.784,617.261,1,174.339,188.374,2.0805
2723,125.899,113.059,163.528,505.452,139.564,611.183,0,70.6619,55.2367,1.7817
2724,193.103,212.617,369.212,635.758,312.323,818.08,0,132.886,60.2169,1.45315
2725,59.8997,63.5873,595.989,691.647,612.328,752.087,0,39.7421,20.1576,1.50721
2726,64.9996,71.2011,604.976,241.539,647.873,197.597,0,44.5007,20.4989,1.46064
2727,262.907,195.302,254.195,390.939,67.7389,405.551,0,122.064,140.843,2.15385
2728,281.408,230.999,460.624,344.346,355.609,174.411,0,144.374,137.034,1.94916
2729,117.799,106.884,158.015,506.256,139.945,611.118,0,66.8023,50.9965,1.7634
2730,92.3992,111.069,606.186,457.875,615.678,539.615,0,69.418,22.9811,1.33105
2731,16.9,18.7938,583.926,835.305,602.352,833.259,0,11.7461,5.15389,1.43877
2732,20,25.8799,177.276,710.823,153.456,700.734,0,16.1749,3.82513,1.23649
2733,15.1,16.5818,339.49,187.54,349.859,174.822,0,10.3636,4.73638,1.45702
2734,208.504,206.361,518.423,506.338,615.533,539.859,0,128.976,79.5279,1.61661
2735,80.3993,86.3009,318.198,232.129,349.956,174.807,0,53.9381,26.4613,1.49059
2736,32.1001,34.0794,389.32,172.063,355.788,174.196,0,21.2996,10.8004,1.50707
2737,80.9993,82.4397,253.453,780.282,311.055,818.701,0,51.5248,29.4745,1.57205
2738,179.902,137.22,282.912,309.546,249.956,184.982,0,85.7622,94.1396,2.09768
2739,167.501,139.38,522.35,659.577,613.204,612.938,0,87.1123,80.3887,1.92282
2740,286.108,160.833,493.042,634.207,613.219,612.942,0,100.521,185.588,2.84626
2741,255.906,181.341,545.259,518.739,613.347,613.179,0,113.338,142.568,2.2579
2742,141.799,181.978,388.198,678.859,313.448,818.25,0,113.736,28.0634,1.24674
2743,217.504,254.986,327.096,390.597,251.197,184.484,0,159.366,58.1378,1.36481
2744,8.09999,9.15458,161.131,705.539,152.847,701.781,0,5.72161,2.37838,1.41568
2745,70.0995,88.8877,530.006,780.218,611.076,755.25,0,55.5548,14.5447,1.26181
2746,153.8,172.798,302.375,681.989,312.923,818.001,0,107.999,45.8016,1.42409
2747,362.713,207.84,444.148,478.373,589.779,481.014,1,129.9,232.813,2.79225
2748,129.999,110.671,166.332,379.696,67.8422,405.229,0,69.1694,60.8293,1.87942
2749,314.41,249.492,473.882,509.122,613.208,613.035,0,155.932,158.477,2.01632
2750,307.01,235.537,263.782,433.889,67.7164,404.911,0,147.21,159.799,2.08552
2751,362.713,239.812,477.903,492.993,597.839,512.711,1,149.883,212.83,2.41998
2752,181.202,184.37,396.25,292.381,355.685,174.322,0,115.231,65.9708,1.57251
2753,22.7001,24.6359,412.153,101.451,405.688,78.2468,0,15.3974,7.30262,1.47427
2754,74.8994,79.9524,571.993,359.777,630.259,334.084,0,49.9703,24.9291,1.49888
2755,288.508,253.523,364.69,394.43,349.688,174.692,0,158.452,130.056,1.82079
2756,362.713,266.321,403.011,463.169,595.257,503.253,1,166.451,196.262,2.1791
2757,109.099,109.106,560.208,155.219,653.461,130.048,0,68.1909,40.908,1.5999
2758,180.902,184.106,382.015,667.036,312.468,817.972,0,115.066,65.8354,1.57215
2759,110.999,106.016,250.318,762.161,310.844,818.733,0,66.2603,44.7386,1.67519
2760,214.004,160.695,277.576,601.743,144.67,615.65,0,100.434,113.57,2.13079
2761,22.5,25.4106,149.708,667.743,149.709,693.292,0,15.8816,6.61845,1.41674
2762,294.809,265.002,385.865,385.429,350.018,174.791,0,165.626,129.182,1.77996
2763,47.8998,58.5522,182.228,591.748,144.752,616.057,0,36.5951,11.3047,1.30891
2764,4.5,3.42776,311.097,815.022,312.684,818.008,0,2.14235,2.35765,2.1005
2765,58.0997,55.2962,598.542,126.56,653.567,129.945,0,34.5601,23.5396,1.68112
2766,310.01,239.303,409.073,347.389,355.587,174.323,0,149.564,160.445,2.07275
2767,218.404,180.521,242.963,395.839,67.7062,405.509,0,112.826,105.579,1.93577
2768,80.5993,107.828,570.552,231.648,648.144,197.973,0,67.3927,13.2066,1.19597
2769,137.499,93.725,525.147,622.919,613.183,612.754,0,58.5781,78.9211,2.34728
2770,96.3991,90.1942,157.183,401.026,67.664,404.924,0,56.3714,40.0277,1.71007
2771,361.413,256.909,416.487,624.301,613.227,612.722,0,160.568,200.845,2.25084
2772,19.4,19.68,599.022,550.029,616.261,542.145,0,12.3,7.10005,1.57724
2773,198.103,164.003,197.552,351.867,67.7216,404.836,0,102.502,95.6011,1.93268
2774,64.0996,65.2521,591.932,691.35,612.422,752.086,0,40.7825,23.3171,1.57174
2775,326.711,246.414,445.812,395.675,630.322,334.1,0,154.009,172.702,2.12138
2776,180.502,157.91,525.972,401.564,630.304,334.149,0,98.6937,81.8081,1.82891
2777,51.6998,32.656,234.681,213.638,249.367,185.245,0,20.41,31.2898,2.53306
2778,155,153.637,393.028,262.647,355.786,174.327,0,96.0229,58.9774,1.6142
2779,93.1992,92.872,150.148,519.67,139.639,611.218,0,58.045,35.1541,1.60564
2780,120.399,111.504,163.995,378.757,67.7401,404.897,0,69.6898,50.709,1.72764
2781,299.809,215.348,484.389,248.299,356.088,173.412,0,134.593,165.216,2.22753
2782,29.6001,30.5426,156.255,665.452,149.291,693.294,0,19.0891,10.5109,1.55062
2783,202.603,146.901,280.055,318.675,250.482,184.817,0,91.8133,110.79,2.20669
2784,62.9996,67.4054,276.127,777.453,311.024,818.684,0,42.1284,20.8712,1.49542
2785,216.204,188.093,322.479,616.545,144.772,616.212,0,117.558,98.6458,1.83912
2786,112.299,80.7102,595.713,355.382,630.333,334.237,0,50.4438,61.855,2.22622
2787,26.9001,32.5769,578.39,803.618,606.415,811.852,0,20.3606,6.53949,1.32118
2788,241.006,217.846,390.803,334.908,349.749,174.735,0,136.154,104.851,1.77009
2789,256.306,193.726,238.595,363.829,67.8144,405.15,0,121.078,135.228,2.11686
2790,88.5992,95.7245,542.348,722.288,611.819,753.253,0,59.8278,28.7714,1.4809
2791,160.701,177.555,336.793,651.405,312.542,817.99,0,110.972,49.7289,1.44812
2792,282.208,234.113,459.231,437.606,615.496,539.82,0,146.32,135.888,1.9287
2793,263.607,206.49,424.536,316.588,355.567,174.298,0,129.056,134.551,2.04257
2794,33.9001,42.0842,310.314,187.598,349.668,174.596,0,26.3026,7.59743,1.28885
2795,345.612,311.088,358.529,453.575,349.7,174.749,0,194.43,151.182,1.77757
2796,340.012,306.006,311.3,466.669,67.7145,405.574,0,191.254,148.758,1.7778
2797,362.713,249.53,399.31,614.232,595.091,612.057,1,155.956,206.757,2.32573
2798,61.6996,65.1986,590.211,691.97,612.27,752.289,0,40.7491,20.9505,1.51413
2799,168.301,129.264,489.526,606.345,613.257,613.206,0,80.7902,87.5108,2.08319
2800,362.713,236.123,461.101,467.682,605.049,536.278,1,147.577,215.136,2.45779
2801,62.1996,69.7664,413.359,147.832,356.013,173.625,0,43.604,18.5956,1.42647
2802,296.609,231.488,477.919,468.189,615.537,539.793,0,144.68,151.929,2.0501
2803,178.902,174.667,522.936,416.42,630.265,334.146,0,109.167,69.7347,1.63879
2804,144.4,118.167,227.964,754.24,152.786,701.712,0,73.8546,70.5451,1.95519
2805,313.31,242.494,422.818,344.203,356.061,173.426,0,151.559,161.751,2.06725
2806,247.706,184.707,235.743,407.109,67.8229,404.976,0,115.442,132.264,2.14572
2807,204.803,161.111,234.406,333.804,250.263,184.911,0,100.694,104.109,2.03391
2808,243.906,308.693,330.971,438.303,251.183,184.455,0,192.933,50.9727,1.2642
2809,119.499,124.371,200.36,534.206,140.103,611.055,0,77.7318,41.7669,1.53732
2810,142.7,109.61,222.452,289.086,249.157,185.088,0,68.5062,74.1933,2.08302
2811,98.5991,98.0697,556.47,123.498,653.47,130.049,0,61.2935,37.3055,1.60864
2812,132.999,138.489,567.728,418.028,615.538,539.751,0,86.5556,46.4433,1.53657
2813,258.907,252.637,342.543,565.788,144.766,616.2,0,157.898,101.009,1.63971
2814,198.103,218.157,437.538,678.294,313.203,818.151,0,136.348,61.7549,1.45292
2815,258.407,252.373,309.359,365.319,250.661,184.803,0,157.733,100.673,1.63825
2816,116.699,117.109,562.919,386.055,630.402,334.496,0,73.1929,43.5059,1.5944
2817,179.202,147.898,199.931,316.139,248.797,185.006,0,92.436,86.7657,1.93866
2818,273.507,229.73,395.145,334.59,349.815,174.666,0,143.581,129.927,1.9049
2819,362.713,262.03,409.686,565.734,575.211,617.141,1,163.769,198.944,2.21479
2820,211.604,244.945,372.077,607.121,312.156,818.164,0,153.091,58.513,1.38221
2821,362.713,256.421,419.817,565.189,572.421,617.742,1,160.263,202.45,2.26323
2822,140.199,153.742,513.719,695.55,612.393,752.043,0,96.0887,44.1107,1.45906
2823,116.899,130.144,117.078,494.147,67.6461,405.45,0,81.3398,35.559,1.43717
2824,264.207,316.908,317.313,488.824,139.934,611.094,0,198.068,66.1391,1.33392
2825,195.303,193.04,219.819,479.228,140.123,611.15,0,120.65,74.653,1.61876
2826,121.499,96.5227,227.114,278.025,248.866,185.017,0,60.3267,61.172,2.01401
2827,205.003,164.54,235.862,338.527,249.751,185.108,0,102.837,102.166,1.99347
2828,235.205,156.098,220.21,406.465,67.6498,405.478,0,97.5614,137.644,2.41084
2829,47.8998,39.852,576.023,619.291,613.31,613.202,0,24.9075,22.9923,1.92311
2830,106.299,112.668,188.365,534.432,140.119,611.098,0,70.4172,35.8817,1.50956
2831,52.0998,62.1109,286.392,787.4,311.318,818.508,0,38.8193,13.2805,1.34211
2832,114.899,117.351,309.477,253.607,349.461,174.646,0,73.3442,41.5546,1.56657
2833,209.804,256.181,328.187,389.889,251.482,184.429,0,160.113,49.6903,1.31034
2834,119.899,127.056,596.497,441.075,615.632,539.64,0,79.4099,40.4889,1.50987
2835,362.713,107.37,177.068,658.399,173.194,659.056,1,67.1065,295.606,5.40503
2836,19.4,24.6697,304.399,800.127,311.963,818.234,0,15.4186,3.98146,1.25822
2837,18.6,20.8477,250.777,205.76,249.583,185.239,0,13.0298,5.57023,1.4275
2838,9.3,9.87071,348.409,184.767,352.117,175.713,0,6.16919,3.13081,1.50749
2839,25.4001,29.8405,385.576,175.182,356.024,173.67,0,18.6503,6.74974,1.36191
2840,14.9,18.4328,635.599,134.092,653.506,129.853,0,11.5205,3.37954,1.29335
2841,218.404,263.33,391.91,630.851,312.298,818.085,0,164.581,53.8232,1.32703
2842,337.611,302.056,326.914,490.458,144.759,615.775,0,188.785,148.826,1.78834
2843,50.3998,63.0519,408.79,140.802,405.856,78.1471,0,39.4074,10.9924,1.27894
2844,322.61,246.991,472.876,507.333,613.193,612.862,0,154.369,168.241,2.08986
2845,58.0997,57.3398,573.384,637.345,613.296,612.388,0,35.8374,22.2623,1.6212
2846,278.908,179.443,564.989,527.081,613.203,612.689,0,112.152,166.756,2.48687
2847,125.499,152.762,508.378,702.14,611.765,753.342,0,95.4759,30.0227,1.31445
2848,257.206,352.039,391.453,530.558,312.647,818.007,0,220.024,37.182,1.16899
2849,139.899,96.6268,520.19,608.481,613.232,612.893,0,60.3917,79.5076,2.31653
2850,101.099,96.6132,151.616,516.194,139.612,611.174,0,60.3833,40.7158,1.67429
2851,20.8,24.8322,318.55,794.009,312.567,818.02,0,15.5201,5.27993,1.3402
2852,14.8,14.1249,637.313,206.23,648.323,198.096,0,8.82804,5.97198,1.67648
2853,213.104,258.977,384.186,604.693,312.298,818.118,0,161.86,51.2435,1.31659
2854,28.8001,24.4149,594.573,620.596,613.301,613.206,0,15.2593,13.5408,1.88738
2855,65.8996,76.0149,329.858,230.528,349.756,174.714,0,47.5093,18.3903,1.38709
2856,247.306,175.111,477.207,662.569,613.258,613.09,0,109.445,137.861,2.25965
2857,22.6,28.2818,150.758,589.844,139.95,611.121,0,17.6761,4.92395,1.27857
2858,156.9,134.081,422.067,258.849,355.58,174.315,0,83.8006,73.0998,1.87231
2859,218.804,171.24,247.123,337.604,249.66,185.204,0,107.025,111.779,2.04442
2860,5.3,5.07346,610.957,542.319,615.575,540.219,0,3.17091,2.12908,1.67144
2861,171.201,221.916,333.64,371.028,251.457,184.411,0,138.697,32.5038,1.23435
2862,54.8997,56.2971,602.874,172.496,647.733,191.717,0,35.1857,19.7141,1.56029
2863,31.8001,26.5384,93.6746,403.069,67.7848,405.115,0,16.5865,15.2136,1.91723
2864,362.713,167.621,417.45,496.278,531.17,443.829,1,104.763,257.95,3.46222
2865,246.606,231.903,368.461,378.168,349.763,174.741,0,144.939,101.667,1.70144
2866,39.1,45.4165,261.664,228.345,250.036,185.001,0,28.3853,10.7147,1.37747
2867,115.899,110.265,553.937,686.308,612.422,752.011,0,68.9157,46.9831,1.68175
2868,14.5,15.5855,614.757,333.396,630.298,334.051,0,9.74096,4.75906,1.48856
2869,72.7995,72.728,589.422,684.341,612.38,751.995,0,45.455,27.3445,1.60157
2870,247.206,298.618,271.789,485.593,139.948,611.15,0,186.637,60.5693,1.32453
2871,49.3998,69.5412,331.347,751.634,312.815,817.952,0,43.4633,5.93655,1.13659
2872,84.0993,83.1592,255.862,790.537,310.641,818.797,0,51.9745,32.1248,1.61809
2873,110.199,145.475,317.569,696.311,312.291,818.056,0,90.9219,19.277,1.21202
2874,51.8998,62.5455,594.693,228.677,648.374,198.135,0,39.091,12.8088,1.32767
2875,124.699,123.809,311.728,259.763,349.658,174.645,0,77.3809,47.3178,1.61149
2876,303.209,265.513,323.541,530.291,144.828,615.771,0,165.946,137.264,1.82716
2877,22.4,27.0938,575.71,836.099,602.42,833.262,0,16.9336,5.46644,1.32282
2878,187.102,196.48,497.515,442.984,615.621,540.27,0,122.8,64.3021,1.52363
2879,278.008,271.906,314.956,401.017,250.065,185.032,0,169.941,108.067,1.63591
2880,306.71,244.522,464.447,350.207,355.564,174.358,0,152.826,153.883,2.00691
2881,181.802,135.186,286.812,299.118,249.789,185.075,0,84.4913,97.3106,2.15172
2882,147.2,129.572,439.679,236.322,355.683,174.332,0,80.9826,66.2172,1.81767
2883,265.007,204.833,280.192,373.166,249.78,185.079,0,128.021,136.986,2.07004
2884,27.0001,32.2598,160.004,596.17,144.811,616.191,0,20.1624,6.83768,1.33913
2885,346.712,306.247,373.665,440.791,349.84,174.671,0,191.404,155.308,1.81141
2886,362.713,249.617,422.417,581.155,580.368,617.922,1,156.011,206.702,2.32492
2887,26.4001,23.7657,591.946,618.473,613.287,613.229,0,14.8536,11.5465,1.77735
2888,267.207,234.345,348.177,591.288,144.735,616.287,0,146.466,120.741,1.82437
2889,151.5,146.035,544.014,443.395,615.557,539.827,0,91.272,60.2281,1.65987
2890,146.1,131.204,528.615,372.335,630.336,334.145,0,82.0027,64.097,1.78165
2891,68.2995,86.6111,576.984,478.698,615.765,540.63,0,54.132,14.1676,1.26172
2892,116.799,106.049,162.561,384.852,67.6592,404.843,0,66.2808,50.518,1.76218
2893,149.3,130.348,304.964,288.923,249.629,185.224,0,81.4673,67.8326,1.83264
2894,147.5,177.191,480.788,701.664,612.159,752.539,0,110.744,36.7555,1.3319
2895,362.713,135.269,443.826,529.383,425.802,542.338,1,84.5434,278.17,4.29026
2896,22.4,24.5787,612.023,343.001,630.307,334.043,0,15.3617,7.03837,1.45818
2897,121.299,117.296,561.194,386.341,630.266,334.247,0,73.3098,47.9889,1.65461
2898,272.307,211.401,492.21,418.696,630.364,334.129,0,132.125,140.182,2.06098
2899,205.303,148.205,478.957,153.488,356.165,173.328,0,92.6281,112.675,2.21643
2900,111.599,104.893,252.18,763.776,310.339,818.869,0,65.5584,46.0405,1.70228
2901,211.504,174.287,503.189,391.354,630.27,334.141,0,108.929,102.574,1.94166
2902,216.204,204.968,491.729,411.063,630.302,334.142,0,128.105,88.0988,1.68771
2903,194.903,158.65,301.16,635.325,144.681,615.622,0,99.156,95.7467,1.96562
2904,362.713,112.104,315.959,404.34,307.105,389.554,1,70.0652,292.648,5.17679
2905,154.9,134.072,480.96,175.983,356.304,173.114,0,83.7952,71.105,1.84856
2906,155.4,140.392,296.974,303.116,251.425,184.515,0,87.7448,67.6555,1.77105
2907,0,0,620.667,538.677,620.667,538.677,0,0,0,0
2908,341.412,214.775,459.594,684.321,613.222,612.778,0,134.234,207.177,2.5434
2909,23.4001,24.0264,405.745,102.239,405.968,78.2394,0,15.0165,8.38358,1.55829
2910,141.499,165.427,479.901,713.566,612.027,752.777,0,103.392,38.1078,1.36858
2911,47.6998,45.8202,297.622,182.73,253.53,182.544,0,28.6376,19.0622,1.66564
2912,362.713,73.7853,285.283,347.712,284.906,350.268,1,46.1158,316.597,7.86526
2913,16.4,17.8636,584.698,832.329,602.358,833.359,0,11.1648,5.23525,1.46891
2914,76.1994,103.874,350.254,724.243,313.063,818.12,0,64.9214,11.278,1.17372
2915,134.199,156.835,307.034,699.952,311.961,818.159,0,98.022,36.177,1.36907
2916,281.308,249.154,288.706,408.182,249.939,185.063,0,155.721,125.587,1.80649
2917,54.6997,71.9628,215.699,625.579,144.819,615.924,0,44.9767,9.72299,1.21618
2918,0,0,617.196,612.68,617.196,612.68,0,0,0,0
2919,97.7991,90.8062,223.455,269.643,249.558,185.24,0,56.7539,41.0452,1.72321
2920,255.406,183.136,249.82,352.599,248.614,184.911,0,114.46,140.946,2.2314
2921,310.21,275.552,360.826,420.433,349.654,174.621,0,172.22,137.99,1.80124
2922,16.1,19.0865,635.319,133.698,653.471,130.072,0,11.929,4.17098,1.34965
2923,177.002,193.241,413.337,685.257,313,818.077,0,120.775,56.2263,1.46554
2924,253.006,242.21,285.052,394.53,250.865,184.712,0,151.382,101.625,1.67132
2925,55.7997,59.6115,579.654,328.321,630.339,334.294,0,37.2572,18.5425,1.49769
2926,78.7994,101.458,338.051,719.821,312.706,817.977,0,63.4113,15.3881,1.24267
2927,0,0,355.208,172.749,355.208,172.749,0,0,0,0
2928,123.799,154.787,309.125,694.197,312.228,818.185,0,96.7422,27.0565,1.27968
2929,240.805,195.922,444.209,315.165,355.577,174.33,0,122.451,118.355,1.96655
2930,343.612,250.865,433.338,391.203,630.343,334.084,0,156.791,186.821,2.19153
2931,78.8994,84.6755,332.412,238.77,350.01,174.843,0,52.9222,25.9772,1.49086
2932,150.2,159.924,532.035,444.867,615.465,540.142,0,99.9526,50.2474,1.50271
2933,135.699,127.373,145.136,493.108,140.093,611.15,0,79.608,56.091,1.70459
2934,92.0992,92.0092,567.547,140.395,653.484,129.896,0,57.5058,34.5934,1.60156
2935,223.404,195.16,449.205,302.716,355.589,174.369,0,121.975,101.429,1.83156
2936,35,45.2248,585.636,338.464,630.255,333.979,0,28.2655,6.73456,1.23826
2937,9,10.318,602.195,749.552,611.818,753.265,0,6.44875,2.55125,1.39562
2938,76.3994,88.1201,536.686,750.76,611.078,755.335,0,55.0751,21.3244,1.38719
2939,4.3,3.5383,655.189,201.764,654.062,198.41,0,2.21143,2.08856,1.94444
2940,5.2,5.06638,153.098,689.099,151.383,693.866,0,3.16649,2.03351,1.6422
2941,44.4999,38.1124,105.427,405.858,67.7376,404.846,0,23.8203,20.6796,1.86815
2942,57.1997,51.489,118.041,396.258,67.65,404.797,0,32.1806,25.0191,1.77746
2943,293.709,292.761,339.636,530.636,144.797,616.118,0,182.976,110.733,1.60518
2944,1.1,0.410263,654.835,133.942,655.097,133.626,0,0.256415,0.843585,4.28993
2945,168.301,144.874,455.439,215.77,356.182,173.34,0,90.5463,77.7548,1.85873
2946,309.81,318.059,381.37,532.585,144.841,616.15,0,198.787,111.023,1.5585
2947,362.713,257.931,450.296,485.994,604.115,536.66,1,161.207,201.506,2.24998
2948,47.6998,56.1841,616.69,243.916,635.892,282.463,0,35.1151,12.5848,1.35839
2949,40.2,43.8518,615.431,172.724,648.405,190.838,0,27.4073,12.7926,1.46676
2950,268.107,184.485,538.148,525.152,613.303,612.503,0,115.303,152.804,2.32523
2951,77.1994,80.3769,147,395.773,67.6823,405.585,0,50.2355,26.9639,1.53675
2952,190.202,178.492,516.043,449.031,615.559,539.839,0,111.557,78.645,1.70497
2953,104.299,138.574,324.281,697.617,312.367,818.05,0,86.6089,17.6901,1.20425
2954,43.8999,45.3786,556.908,834.361,602.4,833.253,0,28.3616,15.5383,1.54786
2955,11.7,13.0087,636.603,203.671,648.098,198.016,0,8.13044,3.56957,1.43904
2956,62.3996,63.799,599.121,147.108,653.567,129.722,0,39.8744,22.5253,1.56491
2957,214.504,201.489,392.669,308.415,350.064,174.802,0,125.931,88.5731,1.70335
2958,1.3,0.55296,401.359,70.88,401.862,71.1113,0,0.3456,0.9544,3.76157
2959,151.2,134.366,452.692,223.935,355.619,174.429,0,83.9788,67.2212,1.80045
2960,78.2994,93.7905,549.24,498.185,615.665,540.487,0,58.6191,19.6803,1.33573
2961,298.309,305.839,377.671,542.984,144.766,616.137,0,191.15,107.159,1.5606
2962,62.9996,78.0104,209.783,690.517,152.64,701.849,0,48.7565,14.2431,1.29213
2963,12.8,15.0995,137.681,635.924,139.934,620.944,0,9.43719,3.36283,1.35634
2964,362.713,297.163,404.954,579.696,589.228,614.688,1,185.727,176.986,1.95294
2965,201.803,192.407,363.569,285.332,349.482,174.638,0,120.255,81.5485,1.67813
2966,295.909,213.933,477.867,410.14,630.339,334.054,0,133.708,162.201,2.2131
2967,251.606,228.098,466.89,439.163,615.473,539.769,0,142.561,109.045,1.7649
2968,279.608,228.138,291.343,385.691,249.081,185.087,0,142.586,137.021,1.96097
2969,174.201,129.157,524.73,668.339,613.157,613.008,0,80.7234,93.478,2.158
2970,243.906,186.493,210.052,327.051,248.484,184.83,0,116.558,127.347,2.09256
2971,259.507,219.182,392.558,333.184,349.846,174.674,0,136.989,122.518,1.89437
2972,274.508,204.65,475.305,402.574,630.283,334.055,0,127.906,146.601,2.14616
2973,260.407,223.851,485.196,255.159,356.139,173.431,0,139.907,120.5,1.86129
2974,362.713,216.982,431.262,615.383,595.772,613.534,1,135.613,227.099,2.67461
2975,218.204,253.782,281.669,518.054,139.904,611.064,0,158.614,59.5904,1.3757
2976,350.412,241.154,433.951,610.533,613.23,612.606,0,150.721,199.691,2.3249
2977,362.713,301.891,446.937,526.568,567.264,617.079,1,188.682,174.031,1.92235
2978,60.9996,63.0657,602.24,153.246,653.545,130.197,0,39.416,21.5836,1.54758
2979,47.1999,61.7632,184.882,654.629,149.701,693.236,0,38.602,8.59787,1.22273
2980,229.305,284.801,334.137,415.328,251.523,184.444,0,178.001,51.3042,1.28822
2981,179.402,142.828,553.57,543.09,613.194,612.649,0,89.2672,90.1345,2.00972
2982,46.5999,51.466,608.594,166.73,647.754,191.631,0,32.1663,14.4336,1.44872
2983,2.7,1.82432,313.763,816.487,313.276,818.245,0,1.1402,1.5598,2.368
2984,62.6996,79.1517,584.04,477.44,615.648,540.363,0,49.4698,13.2298,1.26743
2985,213.804,252.227,257.32,529.585,139.949,611.059,0,157.642,56.1619,1.35626
2986,34.7,44.4229,280.064,799.209,311.955,818.264,0,27.7643,6.93573,1.24981
2987,248.106,213.356,389.322,325.631,349.62,174.605,0,133.347,114.759,1.8606
2988,189.402,162.547,212.087,366.239,67.7259,404.859,0,101.592,87.8105,1.86435
2989,254.106,222.437,293.734,374.565,249.719,185.236,0,139.023,115.083,1.8278
2990,204.703,160.259,178.566,299.58,249.194,185.149,0,100.162,104.541,2.04372
2991,227.005,225.811,369.197,368.998,349.699,174.696,0,141.132,85.8726,1.60846
2992,285.908,237.881,409.592,345.268,355.57,174.394,0,148.675,137.233,1.92304
2993,167.301,119.865,164.181,426.748,67.6858,405.575,0,74.9158,92.3852,2.23319
2994,227.805,208.256,368.054,356.909,349.752,174.746,0,130.16,97.6444,1.75019
2995,328.411,193.552,446.928,638.172,613.348,613.104,0,120.97,207.441,2.71481
2996,53.2998,39.9483,285.837,206.7,252.625,183.965,0,24.9677,28.3321,2.13475
2997,110.099,125.817,111.439,484.778,67.6431,405.509,0,78.6358,31.4631,1.40011
2998,155.4,133.957,223.307,590.717,144.793,615.808,0,83.7229,71.6774,1.85613
2999,10.3,12.0949,641.679,128.826,653.543,129.893,0,7.55929,2.74072,1.36256
3000,133.699,152.379,313.227,689.576,312.386,818.103,0,95.2371,38.4618,1.40385
3001,79.1994,82.1491,571.676,130.839,653.478,129.815,0,51.3432,27.8562,1.54255
3002,362.713,229.336,418.115,511.443,581.133,458.042,1,143.335,219.378,2.53052
3003,359.713,292.996,418.842,416.569,630.281,334.134,0,183.122,176.59,1.96433
3004,41.6999,54.2357,324.765,765.957,312.68,817.995,0,33.8973,7.80262,1.23018
3005,362.713,214.027,412.947,506.023,568.61,450.116,1,133.767,228.946,2.71153
3006,147.7,141.286,605.213,433.494,615.59,539.692,0,88.3039,59.3959,1.67263
3007,21.6,18.3701,85.8836,405.13,67.6875,404.933,0,11.4813,10.1187,1.88132
3008,205.603,100.142,185.472,660.425,149.744,693.166,0,62.5889,143.014,3.28498
3009,362.713,140.177,323.025,405.221,307.705,389.53,1,87.6106,275.102,4.14006
3010,37.8,50.1367,577.423,786.831,606.476,811.477,0,31.3354,6.46455,1.2063
3011,193.703,174.915,420.69,296.092,355.563,174.313,0,109.322,84.3806,1.77185
3012,188.302,164.822,303.707,627.618,144.805,616.157,0,103.014,85.2883,1.82793
3013,362.713,188.526,440.587,507.96,552.121,453.306,1,117.829,244.884,3.0783
3014,298.109,285.776,340.019,539.195,144.737,615.6,0,178.61,119.499,1.66905
3015,285.308,283.178,360.924,550.231,144.659,616.289,0,176.987,108.322,1.61203
3016,137.799,156.015,542.465,213.408,647.797,191.627,0,97.5091,40.2901,1.41319
3017,98.1991,126.104,514.004,734.792,611.073,755.176,0,78.8148,19.3843,1.24595
3018,204.203,195.039,512.047,462.808,615.627,539.739,0,121.899,82.3041,1.67518
3019,203.103,146.074,201.55,413.483,67.7636,405.416,0,91.2961,111.807,2.22466
3020,139.099,153.67,539.861,213.212,647.58,192.024,0,96.044,43.0553,1.44829
3021,240.505,153.709,500.521,174.16,356.141,173.483,0,96.0682,144.437,2.50349
3022,16.8,17.1068,603.854,553.144,616.769,543.246,0,10.6917,6.10828,1.57131
3023,332.611,253.716,451.458,463.811,615.515,540.095,0,158.572,174.039,2.09754
3024,302.809,231.692,484.568,510.783,613.182,612.895,0,144.807,158.002,2.09112
3025,228.805,189.945,404.88,297.215,355.691,174.304,0,118.716,110.089,1.92734
3026,52.4998,59.804,409.506,157.496,355.735,174.238,0,37.3775,15.1223,1.40458
3027,301.309,238.078,465.646,454.65,615.553,540.232,0,148.799,152.511,2.02495
3028,91.0992,118.623,266.253,735.084,153.625,700.254,0,74.1395,16.9597,1.22875
3029,73.0995,69.1198,584.721,127.65,653.467,130.025,0,43.1998,29.8996,1.69212
3030,3.3,2.62925,628.334,331.977,630.868,332.679,0,1.64328,1.65672,2.00818
3031,66.6996,55.8672,210.643,215.559,248.931,185.049,0,34.917,31.7825,1.91023
3032,125.599,155.168,308.989,701.792,312.197,818.201,0,96.9801,28.6186,1.2951
3033,169.501,152.055,336.495,292.111,349.5,174.638,0,95.0343,74.4668,1.78358
3034,362.713,238.772,472.798,474.735,602.753,526.71,1,149.232,213.48,2.43052
3035,362.713,102.67,308.326,398.994,307.119,390.286,1,64.1689,298.544,5.65248
3036,248.206,300.733,307.597,493.135,139.898,611.09,0,187.958,60.2476,1.32054
3037,362.713,250.177,423.973,565.412,567.874,617.272,1,156.361,206.352,2.31972
3038,76.3994,77.8396,144.99,401.906,67.6724,405.627,0,48.6498,27.7496,1.5704
3039,265.207,222.73,261.186,376.084,248.884,185.021,0,139.206,126.001,1.90513
3040,71.7995,78.9752,174.387,560.576,140.109,611.057,0,49.3595,22.44,1.45462
3041,149.2,121.663,255.856,643.656,144.663,615.661,0,76.0395,73.1604,1.96214
3042,51.9998,68.7439,203.972,695.84,152.97,701.733,0,42.9649,9.03487,1.21028
3043,302.509,303.782,365.423,531.495,144.849,616.022,0,189.864,112.645,1.5933
3044,155.5,99.7079,546.196,646.641,613.19,612.769,0,62.3174,93.1829,2.49529
3045,61.5996,62.483,597.119,144.949,653.507,130.019,0,39.0519,22.5477,1.57738
3046,274.108,281.766,351.28,541.652,144.831,616.163,0,176.104,98.0038,1.55651
3047,74.3994,70.0152,398.196,194.778,355.791,174.298,0,43.7595,30.6399,1.70019
3048,48.1998,40.2618,576.478,621.915,613.302,612.434,0,25.1636,23.0362,1.91546
3049,39,47.7686,325.912,199.127,349.955,174.796,0,29.8554,9.14459,1.3063
3050,118.399,113.003,248.869,639.938,144.84,616.148,0,70.6266,47.7722,1.67641
3051,86.8992,91.559,121.548,453.443,67.7243,404.827,0,57.2243,29.6749,1.51857
3052,180.302,140.094,288.867,306.323,250.624,184.802,0,87.559,92.7428,2.0592
3053,44.3999,56.7872,596.678,307.931,630.341,334.116,0,35.492,8.90789,1.25098
3054,185.702,211.044,351.538,626.84,312.144,818.233,0,131.903,53.7995,1.40787
3055,110.999,103.738,373.173,209.335,355.518,174.398,0,64.8362,46.1627,1.71199
3056,261.707,202.866,250.315,366.969,248.677,184.923,0,126.791,134.915,2.06407
3057,176.002,141.08,269.358,617.457,144.687,615.755,0,88.1748,87.8268,1.99605
3058,263.007,226.374,480.255,464.292,615.463,540.176,0,141.484,121.523,1.85892
3059,32.5001,43.8036,309.822,190.795,350.395,174.953,0,27.3773,5.12281,1.18712
3060,15.2,16.1013,147.207,677.49,149.633,693.185,0,10.0633,5.13669,1.51044
3061,327.611,260.059,298.422,435.807,67.674,404.823,0,162.537,165.074,2.01561
3062,69.4995,65.3598,593.822,174.804,647.604,191.945,0,40.8499,28.6497,1.70134
3063,276.708,321.718,322.025,479.905,139.949,611.198,0,201.074,75.634,1.37615
3064,199.703,205.81,518.284,506.418,615.597,539.584,0,128.631,71.0716,1.55252
3065,244.006,227.166,475.64,460.044,615.467,540.068,0,141.979,102.027,1.71861
3066,12.4,16.0553,316.74,802.821,312.441,818.167,0,10.0346,2.36543,1.23573
3067,98.7991,105.542,244.492,742.198,152.774,701.804,0,65.9639,32.8351,1.49777
3068,0,0,603.898,832.841,603.898,832.841,0,0,0,0
3069,25.2001,29.4144,624.305,129.275,653.575,129.96,0,18.384,6.81607,1.37076
3070,182.902,214.188,421.425,697.886,313.385,818.164,0,133.867,49.0346,1.36629
3071,86.4993,112.7,570.005,226.297,648.047,197.954,0,70.4373,16.0619,1.22803
3072,312.51,268.062,400.27,378.482,349.751,174.656,0,167.539,144.971,1.8653
3073,322.61,257.692,235.023,476.712,67.6425,404.874,0,161.057,161.553,2.00308
3074,70.5995,95.5471,232.65,682.665,149.559,693.236,0,59.7169,10.8826,1.18224
3075,83.7993,99.5731,221.5,752.264,152.675,701.805,0,62.2332,21.5661,1.34654
3076,36.7,47.073,564.393,806.707,606.519,811.526,0,29.4206,7.27938,1.24742
3077,145.7,144.879,316.984,297.644,251.435,184.518,0,90.5493,55.1504,1.60907
3078,178.602,163.246,529.528,437.455,615.607,539.639,0,102.029,76.5727,1.7505
3079,222.804,168.083,278.615,340.189,250.309,184.907,0,105.052,117.753,2.1209
3080,178.602,171.973,349.815,315.646,350.024,174.796,0,107.483,71.1189,1.66168
3081,223.604,145.352,488.499,623.021,613.167,613.037,0,90.8451,132.759,2.46138
3082,362.713,275.407,411.944,436.611,613.245,539.747,1,172.13,190.583,2.10721
3083,71.9995,88.9794,223.646,740.11,152.68,701.823,0,55.6121,16.3873,1.29467
3084,95.0991,127.501,252.817,697.279,149.563,693.203,0,79.6881,15.4111,1.19339
3085,45.7999,61.4974,202.231,630.146,144.789,615.947,0,38.4358,7.36403,1.19159
3086,202.703,162.005,196.491,352.092,67.67,404.792,0,101.253,101.45,2.00194
3087,206.803,162.027,525.5,546.157,613.309,612.53,0,101.267,105.536,2.04216
3088,73.6994,69.3499,583.363,692.953,612.31,752.382,0,43.3437,30.3557,1.70035
3089,30.0001,34.7104,154.759,642.93,139.921,620.849,0,21.694,8.30606,1.38287
3090,34.7,32.9452,285.003,185.259,253.338,183.134,0,20.5907,14.1093,1.68523
3091,342.612,307.899,343.03,491.208,144.739,615.755,0,192.437,150.175,1.78038
3092,41.5999,45.0178,80.3567,437.327,67.6603,405.507,0,28.1361,13.4638,1.47852
3093,177.602,175.604,601.071,407.54,615.613,539.697,0,109.753,67.849,1.6182
3094,75.6994,102.975,570.372,235.699,647.997,197.956,0,64.3592,11.3403,1.1762
3095,290.309,185.258,457.522,640.213,613.235,612.891,0,115.786,174.522,2.50728
3096,233.705,173.182,226.259,342.606,249.892,185.101,0,108.239,125.466,2.15916
3097,0,0,313.754,820.961,313.754,820.961,0,0,0,0
3098,277.408,248.929,319.378,542.013,144.827,615.945,0,155.581,121.827,1.78304
3099,271.607,320.796,321.186,486.995,139.941,611.135,0,200.498,71.1098,1.35467
3100,7.6,8.0278,594.337,834.348,602.467,833.264,0,5.01737,2.58262,1.51474
3101,45.5999,51.919,598.742,703.161,612.312,752.16,0,32.4494,13.1505,1.40526
3102,316.61,278.591,329.91,516.771,144.816,615.778,0,174.119,142.491,1.81835
3103,124.299,108.249,533.33,336.406,630.355,333.838,0,67.6556,56.6431,1.83723
3104,14.4,15.3543,596.239,800.595,606.671,811.099,0,9.59644,4.80358,1.50056
3105,210.204,217.061,262.162,504.177,139.817,611.068,0,135.663,74.5403,1.54945
3106,149.3,129.143,281.041,296.861,250.201,185.041,0,80.7141,68.5858,1.84974
3107,59.1997,59.5626,162.825,568.612,139.925,611.068,0,37.2266,21.9731,1.59025
3108,45.4999,53.2574,617.621,247.207,635.861,282.528,0,33.2859,12.214,1.36694
3109,73.6994,85.2658,582.155,291.046,630.334,333.933,0,53.2911,20.4083,1.38296
3110,198.503,139.591,481.217,169.794,356.208,173.388,0,87.2445,111.258,2.27525
3111,281.308,167.813,456.38,594.766,613.252,612.66,0,104.883,176.425,2.68211
3112,257.006,159.11,487.515,629.965,613.295,613.118,0,99.4436,157.563,2.58445
3113,315.31,246.658,461.189,465.059,615.589,539.598,0,154.162,161.148,2.04532
3114,55.7997,64.5084,120.231,564.903,139.887,611.154,0,40.3178,15.4819,1.384
3115,108.599,99.297,171.801,534.861,139.546,611.161,0,62.0606,46.5383,1.74988
3116,152.3,168.938,515.899,205.629,647.765,191.883,0,105.586,46.714,1.44243
3117,170.701,191.484,332.44,637.987,313.142,818.194,0,119.678,51.0237,1.42634
3118,228.105,180.838,522.598,418.794,630.337,334.135,0,113.024,115.081,2.0182
3119,256.906,236.18,367.849,382.59,349.526,174.644,0,147.613,109.294,1.74041
3120,8.9,9.95218,403.296,87.7849,405.944,78.1761,0,6.22011,2.67988,1.43084
3121,209.304,168.907,235.562,341.457,249.409,185.228,0,105.567,103.737,1.98266
3122,32.6001,36.9984,581.462,763.658,611.112,755.279,0,23.124,9.47607,1.40979
3123,260.707,196.062,263.043,355.816,248.855,185.029,0,122.539,138.168,2.12754
3124,294.309,254.583,400.389,366.881,349.765,174.664,0,159.115,135.194,1.84967
3125,350.512,328.067,387.572,447.318,349.871,174.689,0,205.042,145.471,1.70947
3126,34.8,35.4732,267.473,214.924,252.468,183.992,0,22.1708,12.6293,1.56964
3127,27.8001,35.9818,603.962,573.568,616.32,542.147,0,22.4886,5.31143,1.23618
3128,202.403,173.649,474.106,569.07,613.34,612.538,0,108.531,93.8724,1.86494
3129,37.2,42.9377,611.722,137.607,653.481,129.951,0,26.836,10.364,1.3862
3130,112.699,136.781,345.894,691.407,312.79,817.967,0,85.4879,27.211,1.3183
3131,90.0992,91.3439,332.452,244.771,349.855,174.842,0,57.0899,33.0093,1.5782
3132,157.2,128.364,213.68,306.879,249.117,185.124,0,80.2277,76.9727,1.95943
3133,202.103,170.169,519.616,407.317,630.314,334.143,0,106.356,95.7475,1.90026
3134,216.404,251.296,401.472,630.083,313.031,818.118,0,157.06,59.3438,1.37784
3135,169.901,132.759,205.677,304.618,248.627,184.919,0,82.9743,86.9268,2.04764
3136,100.399,135.69,326.94,697.093,312.358,818.096,0,84.8063,15.5928,1.18386
3137,49.9998,66.9787,208.318,622.944,144.643,615.622,0,41.8617,8.13812,1.19441
3138,205.303,163.335,518.887,545.685,613.23,612.603,0,102.084,103.219,2.01111
3139,251.406,302.64,281.12,479.483,139.872,611.134,0,189.15,62.2563,1.32914
3140,347.712,338.93,359.697,473.843,144.751,616.005,0,211.831,135.881,1.64146
3141,76.4994,79.1077,584.62,185.353,648.463,190.906,0,49.4423,27.0571,1.54725
3142,176.102,167.642,522.288,443.219,615.647,539.646,0,104.776,71.3251,1.68074
3143,45.3999,61.4208,595.71,228.262,648.339,198.076,0,38.388,7.01186,1.18266
3144,100.899,131.916,538.811,196.163,648.061,191.13,0,82.4475,18.4515,1.2238
3145,210.904,163.545,443.759,269.607,356.206,173.418,0,102.215,108.688,2.06333
3146,190.802,183.869,376.614,304.777,349.534,174.554,0,114.918,75.8844,1.66033
3147,279.508,260.861,318.819,529.954,144.639,616.296,0,163.038,116.47,1.71437
3148,40.6,50.4284,611.724,256.937,635.935,282.341,0,31.5178,9.08218,1.28816
3149,362.713,185.542,399.925,484.658,532.789,443.88,1,115.964,246.749,3.12781
3150,80.1993,99.7453,564.192,478.811,615.692,539.548,0,62.3408,17.8586,1.28647
3151,231.405,204.881,495.404,451.755,615.601,539.633,0,128.051,103.354,1.80714
3152,103.799,104.287,204.777,563.671,144.793,615.778,0,65.1794,38.6196,1.59251
3153,57.8997,73.0002,210.215,675.259,149.211,693.429,0,45.6251,12.2746,1.26903
3154,174.901,144.526,444.111,246.876,355.522,174.393,0,90.3289,84.5726,1.93627
3155,146.3,145.754,268.252,657.638,144.757,615.977,0,91.0965,55.2032,1.60599
3156,34.2001,40.9814,179.204,672.597,149.809,693.178,0,25.6134,8.58668,1.33524
3157,150.6,171.824,479.123,711.273,612.306,752.132,0,107.39,43.2098,1.40236
3158,238.005,190.98,287.02,342.37,250.425,184.927,0,119.363,118.643,1.99397
3159,92.5992,87.5813,544.401,597.343,613.17,612.617,0,54.7383,37.8608,1.69167
3160,114.299,134.892,349.002,690.941,312.791,817.991,0,84.3076,29.9913,1.35574
3161,112.799,96.6133,606.064,708.22,612.384,751.942,0,60.3833,52.4155,1.86805
3162,99.2991,107.439,565.757,468.413,615.531,539.956,0,67.1497,32.1494,1.47877
3163,225.205,238.108,276.036,534.885,144.848,615.864,0,148.818,76.387,1.51329
3164,121.699,126.91,303.334,286.808,250.332,184.91,0,79.3184,42.3803,1.53431
3165,29.2001,34.1415,142.467,654.038,139.9,620.892,0,21.3384,7.86166,1.36843
3166,126.899,164.929,541.511,279.054,648.086,198.043,0,103.081,23.8178,1.23106
3167,42.3999,45.4898,608.278,132.995,653.529,129.952,0,28.4311,13.9688,1.49132
3168,219.804,159.87,192.13,318.935,248.161,184.747,0,99.9184,119.886,2.19984
3169,359.113,275.065,426.981,427.256,615.556,539.812,0,171.916,187.197,2.08889
3170,125.599,137.246,213.63,534.703,140.115,611.071,0,85.7787,39.8199,1.46422
3171,347.012,328.202,351.757,476.79,144.782,615.791,0,205.126,141.885,1.6917
3172,120.099,108.909,248.634,637.188,144.809,616.016,0,68.0682,52.0305,1.76439
3173,247.706,199.514,474.393,544.152,613.227,612.557,0,124.697,123.009,1.98647
3174,63.3996,72.6818,198.431,638.7,144.683,615.591,0,45.4261,17.9735,1.39566
3175,210.504,251.216,395.579,641.498,313.38,818.16,0,157.01,53.4936,1.3407
3176,286.408,271.292,302.309,425.785,67.7046,404.886,0,169.557,116.851,1.68915
3177,17.6,21.0058,414.344,97.3557,408.513,77.143,0,13.1286,4.47139,1.34058
3178,23.7001,28.0846,134.805,586.139,139.887,611.148,0,17.5529,6.14717,1.35021
3179,41.1999,38.7498,577.304,600.261,613.224,612.603,0,24.2186,16.9813,1.70117
3180,313.91,284.593,378.748,418.001,350.035,174.788,0,177.871,136.039,1.76482
3181,23.8001,27.1084,626.763,131.433,653.539,129.968,0,16.9427,6.85731,1.40473
3182,70.8995,67.1145,133.586,394.917,67.6653,404.793,0,41.9466,28.9529,1.69023
3183,130.499,108.573,566.572,321.411,630.309,334.057,0,67.8583,62.6405,1.92311
3184,308.91,252.99,452.261,415.201,615.591,539.627,0,158.119,150.791,1.95365
3185,4,2.83109,645.275,189.909,647.931,191.331,0,1.76943,2.23057,2.26061
3186,77.8994,75.4294,266.538,257.005,250.26,184.913,0,47.1434,30.756,1.65239
3187,335.611,205.63,437.697,636.606,613.349,613.091,0,128.519,207.092,2.61138
3188,52.7998,64.488,411.263,141.743,405.944,78.1274,0,40.305,12.4948,1.31001
3189,313.31,251.032,471.549,504.794,613.188,612.561,0,156.895,156.415,1.99694
3190,289.708,214.685,512.057,514.682,613.248,612.73,0,134.178,155.531,2.15914
3191,323.411,291.148,335.317,505.716,144.849,615.84,0,181.968,141.443,1.7773
3192,18.1,20.3204,332.619,184.066,349.899,174.729,0,12.7003,5.39975,1.42517
3193,122.299,142.536,567.465,415.019,615.532,540.117,0,89.0849,33.2138,1.37283
3194,362.713,124.645,564.631,182.155,564.016,182.698,1,77.903,284.81,4.65596
3195,150.1,118.182,217.995,298.517,249.153,185.148,0,73.8637,76.2362,2.03212
3196,38.6,42.0381,81.9209,434.331,67.6964,405.467,0,26.2738,12.3262,1.46914
3197,113.799,124.652,278.607,730.364,311.758,818.342,0,77.9072,35.8916,1.4607
3198,238.005,318.589,395.655,556.119,312.733,818.1,0,199.118,38.8875,1.1953
3199,272.807,246.495,287.831,402.929,250.052,185,0,154.059,118.748,1.7708
3200,208.504,153.272,279.736,324.991,250.285,184.948,0,95.7951,112.708,2.17656
3201,362.413,273.144,417.994,380.102,630.304,334.092,0,170.715,191.698,2.12291
3202,362.713,272.368,425.758,425.581,611.605,540.143,1,170.23,192.483,2.13072
3203,246.706,193.631,491.664,403.246,630.28,334.075,0,121.02,125.686,2.03856
3204,118.099,148.564,316.845,692.783,312.251,818.073,0,92.8523,25.2464,1.2719
3205,33.9001,45.9113,616.927,255.878,635.942,282.366,0,28.6945,5.20552,1.18141
3206,362.713,263.596,418.675,568.283,579.351,617.883,1,164.748,197.965,2.20163
3207,45.5999,47.4344,606.375,127.348,653.465,129.95,0,29.6465,15.9534,1.53812
3208,115.299,106.331,358.093,225.286,349.907,174.816,0,66.4568,48.842,1.73494
3209,77.0994,83.3348,554.943,719.401,611.918,753.168,0,52.0842,25.0152,1.48028
3210,362.713,245.12,446.491,489.924,600.361,518.206,1,153.2,209.513,2.36758
3211,19.6,23.5133,315.406,794.952,312.75,818.038,0,14.6958,4.90423,1.33372
3212,99.0991,137.023,257.221,663.852,149.419,693.283,0,85.6395,13.4595,1.15717
3213,212.104,144.368,492.222,617.118,613.311,613.172,0,90.2297,121.874,2.35071
3214,292.609,230.318,249.455,443.129,67.7853,405.427,0,143.949,148.66,2.03272
3215,171.201,121.222,509.424,643.693,613.354,613.139,0,75.7635,95.4378,2.25968
3216,42.6999,51.8465,573.965,788.233,606.435,811.571,0,32.4041,10.2958,1.31773
3217,81.6993,106.113,561.927,199.549,647.965,191.037,0,66.3206,15.3788,1.23189
3218,124.199,128.16,526.888,118.185,653.501,129.953,0,80.0998,44.0989,1.55055
3219,362.713,255.413,395.973,617.709,597.338,611.848,1,159.633,203.08,2.27217
3220,127.999,144.972,367.75,259.269,349.997,174.827,0,90.6075,37.3911,1.41267
3221,114.899,106.599,375.007,212.415,355.569,174.398,0,66.6243,48.2745,1.72458
3222,268.107,234.43,268.086,430.803,67.7337,404.933,0,146.519,121.588,1.82985
3223,158.3,140.805,160.012,473.158,139.561,611.216,0,88.0031,70.2974,1.79881
3224,70.5995,83.0872,295.974,227.758,250.354,184.894,0,51.9295,18.67,1.35953
3225,169.501,128.548,463.504,155.657,356.234,173.275,0,80.3425,89.1587,2.10973
3226,362.713,274.939,437.288,555.49,584.34,617.549,1,171.837,190.876,2.1108
3227,362.713,245.053,450.373,459.78,607.776,541.698,1,153.158,209.555,2.36823
3228,58.2997,52.2137,598.286,645.881,613.329,613.208,0,32.6336,25.6661,1.78649
3229,90.0992,99.7312,208.536,568.046,144.736,615.727,0,62.332,27.7672,1.44547
3230,0,0,151.833,695.341,151.833,695.341,0,0,0,0
3231,335.911,269.256,466.884,490.684,613.188,612.75,0,168.285,167.626,1.99609
3232,118.299,108.411,406.403,232.01,356.115,173.648,0,67.7569,50.5418,1.74593
3233,194.103,159.897,211.464,364.486,67.6626,404.824,0,99.9353,94.1673,1.94228
3234,179.602,167.659,374.858,290.538,349.726,174.66,0,104.787,74.815,1.71397
3235,115.999,118.752,536.713,127.463,653.471,129.952,0,74.2203,41.7785,1.5629
3236,232.905,224.025,381.517,358.648,349.732,174.693,0,140.016,92.8895,1.66342
3237,40.5,43.8355,611.428,137.708,653.569,129.952,0,27.3972,13.1028,1.47825
3238,362.713,234.979,465.375,467.594,604.792,537.573,1,146.862,215.851,2.46975
3239,217.804,198.48,505.892,426.295,630.356,334.071,0,124.05,93.7539,1.75577
3240,341.912,301.474,417.399,421.387,630.255,334.128,0,188.421,153.49,1.81461
3241,176.502,132.915,284.042,297.839,250.233,185.045,0,83.0719,93.4297,2.12469
3242,163.001,111.792,546.329,660.366,613.294,612.533,0,69.8701,93.1306,2.33291
3243,89.2992,102.363,279.166,281.192,250.308,184.893,0,63.9768,25.3224,1.39581
3244,168.701,167.02,179.964,464.256,139.59,611.179,0,104.387,64.3138,1.61611
3245,28.2001,35.7475,173.572,673.246,149.955,693.263,0,22.3422,5.85786,1.26219
3246,18.9,23.1113,161.171,675.025,149.731,693.168,0,14.4446,4.45547,1.30845
3247,90.4992,122.756,251.705,704.219,152.523,701.788,0,76.7223,13.7769,1.17957
3248,184.702,124.735,493.966,602.384,613.189,612.914,0,77.9592,106.743,2.36921
3249,21.3,20.7383,597.875,737.501,612.251,752.305,0,12.9614,8.33862,1.64334
3250,88.3992,89.8034,162.729,537.196,139.624,611.235,0,56.1271,32.2721,1.57498
3251,257.607,224.755,351.447,360.752,349.864,174.846,0,140.472,117.135,1.83387
3252,216.904,257.799,385.698,605.731,312.254,818.118,0,161.125,55.7795,1.34619
3253,7.1,7.75196,150.018,685.532,149.721,693.235,0,4.84498,2.25502,1.46543
3254,117.699,142.328,345.867,684.625,312.831,817.999,0,88.9549,28.7439,1.32313
3255,126.299,116.039,523.418,339.677,630.308,333.877,0,72.5244,53.7742,1.74146
3256,28.6001,36.6573,320.163,192.994,350.24,174.908,0,22.9108,5.68928,1.24832
3257,148.2,107.931,204.955,259.188,248.268,184.789,0,67.4569,80.743,2.19696
3258,211.904,216.785,350.661,619.883,312.682,817.976,0,135.491,76.4128,1.56397
3259,184.602,150.638,191.069,302.816,248.238,184.718,0,94.1485,90.4536,1.96075
3260,109.399,144.687,557.23,285.542,647.925,197.831,0,90.4292,18.9697,1.20977
3261,329.311,239.753,479.402,504.991,613.189,612.588,0,149.846,179.465,2.19767
3262,362.713,238.725,482.886,484.045,607.128,540.374,1,149.203,213.51,2.431
3263,293.309,254.792,365.791,398.443,349.608,174.578,0,159.245,134.064,1.84187
3264,77.5994,107.536,249.983,721.044,153.178,701.419,0,67.2098,10.3896,1.15458
3265,189.902,153.724,186.227,309.493,248.161,184.701,0,96.0777,93.8247,1.97655
3266,163.001,148.041,162.499,466.261,139.575,611.223,0,92.5255,70.4753,1.76169
3267,61.6996,64.3997,393.519,186.165,355.753,174.208,0,40.2498,21.4498,1.53292
3268,245.706,177.584,268.064,344.281,249.28,185.225,0,110.99,134.716,2.21377
3269,201.703,161.748,211.754,365.875,67.737,404.785,0,101.093,100.61,1.99523
3270,250.806,191.267,257.113,355.629,249.466,185.21,0,119.542,131.264,2.09807
3271,258.207,188.818,251.858,398.77,67.6997,404.869,0,118.011,140.195,2.18798
3272,217.804,167.956,214.55,354.028,67.7071,404.862,0,104.972,112.832,2.07487
3273,33.8001,41.0201,615.211,195.518,648.013,197.821,0,25.6376,8.16248,1.31838
3274,221.504,164.468,277.549,597.133,144.801,615.799,0,102.793,118.712,2.15486
3275,69.2995,69.6798,195.804,213.171,248.364,184.813,0,43.5499,25.7496,1.59127
3276,44.4999,52.4241,408.15,130.011,405.938,78.1916,0,32.7651,11.7348,1.35815
3277,143.8,163.211,519.358,209.179,647.667,191.821,0,102.007,41.7924,1.4097
3278,341.312,317.762,330.541,475.465,144.813,615.754,0,198.601,142.71,1.71858
3279,362.713,220.936,469.366,478.255,598.584,509.87,1,138.085,224.628,2.62673
3280,44.2999,49.8767,609.479,144.156,653.509,129.955,0,31.1729,13.127,1.4211
3281,222.704,162.006,280.738,330.629,250.889,184.67,0,101.254,121.451,2.19947
3282,35.3,44.3172,319.916,200.422,350.253,174.93,0,27.6983,7.60178,1.27445
3283,267.507,319.908,319.744,480.994,139.86,611.19,0,199.942,67.5647,1.33792
3284,24.0001,27.4419,603.179,727.171,612.355,752.06,0,17.1512,6.8489,1.39933
3285,181.302,177.866,205.372,475.511,139.594,611.233,0,111.167,70.1354,1.6309
3286,74.5994,77.3386,143.794,398.977,67.7131,404.775,0,48.3366,26.2628,1.54333
3287,362.713,244.97,399.556,505.819,582.133,458.749,1,153.106,209.607,2.36903
3288,77.5994,97.2345,592.543,461.481,615.649,539.586,0,60.7716,16.8278,1.2769
3289,187.302,118.25,197.327,264.66,248.483,184.842,0,73.9065,113.396,2.53431
3290,76.5994,79.5217,191.672,638.135,144.84,616.172,0,49.701,26.8984,1.5412
3291,170.501,127.974,214.72,306.336,249.063,185.012,0,79.9836,90.5176,2.1317
3292,165.401,167.888,500.067,149.799,653.571,130.268,0,104.93,60.4711,1.5763
3293,317.21,293.899,334.514,506.457,144.739,616.013,0,183.687,133.523,1.72691
3294,40,35.0191,281.723,200.739,252.455,184.047,0,21.8869,18.113,1.82757
3295,124.099,115.421,256.852,750.794,310.888,818.701,0,72.138,51.9607,1.7203
3296,146.4,123.465,250.508,743.613,152.832,701.755,0,77.1658,69.2339,1.89721
3297,315.51,257.282,291.479,425.355,67.7338,404.861,0,160.801,154.709,1.96211
3298,2.1,1.30961,602.345,830.08,603.599,830.459,0,0.818508,1.28149,2.56564
3299,300.509,260.168,384.065,392.873,349.657,174.69,0,162.605,137.904,1.84809
3300,362.713,213.464,421.716,507.361,576.011,450.179,1,133.415,229.298,2.71868
3301,185.102,201.424,370.862,646.651,313.112,818.078,0,125.89,59.2122,1.47035
3302,162.901,191.875,328.91,639.062,312.182,818.171,0,119.922,42.9787,1.35839
3303,201.303,152.61,518.068,382.518,630.352,334.122,0,95.3811,105.922,2.11051
3304,153.7,151.123,179.705,480.093,139.588,611.176,0,94.4516,59.2486,1.62729
3305,294.309,259.863,332.127,550.403,144.714,615.654,0,162.414,131.895,1.81209
3306,34.5,36.3696,582.769,766.533,611.13,755.391,0,22.731,11.7691,1.51775
3307,61.3996,73.3403,351.536,195.039,349.889,174.674,0,45.8377,15.562,1.3395
3308,362.713,278.09,408.273,564.038,584.986,616.561,1,173.806,188.907,2.08688
3309,117.599,123.081,237.714,655.767,144.846,616.074,0,76.9256,40.6731,1.52873
3310,17.2,17.0792,84.8359,404.741,67.7664,405.173,0,10.6745,6.52552,1.61132
3311,85.1993,83.2715,569.871,130.301,653.507,129.952,0,52.0447,33.1546,1.63704
3312,56.7997,65.2157,570.545,344.461,630.335,334.069,0,40.7598,16.0399,1.39352
3313,151,136.937,328.214,274.554,349.516,174.619,0,85.5859,65.4141,1.76431
3314,286.308,323.631,324.108,483.496,139.95,611.149,0,202.269,84.0388,1.41548
3315,126.099,120.885,353.193,257.834,349.703,174.689,0,75.5531,50.5456,1.66901
3316,73.4995,81.1966,320.429,746.854,311.983,818.255,0,50.7478,22.7516,1.44833
3317,79.5994,90.4361,312.848,741.898,311.689,818.399,0,56.5225,23.0768,1.40828
3318,46.2999,60.0955,326.945,215.899,349.96,174.764,0,37.5597,8.74021,1.2327
3319,362.713,210.809,458.996,376.62,618.42,334.079,1,131.755,230.958,2.75293
3320,103.899,99.5985,271.705,281.124,250.134,185.04,0,62.2491,41.6499,1.66909
3321,184.402,195.749,497.436,443.559,615.463,540.191,0,122.343,62.0591,1.50725
3322,362.713,212.167,418.99,498.41,580.34,454.797,1,132.604,230.109,2.73531
3323,166.201,130.721,524.069,671.736,613.305,613.21,0,81.7009,84.5001,2.03426
3324,112.199,115.063,292.504,283.258,250.582,184.778,0,71.9146,40.2842,1.56017
3325,362.713,262.981,432.075,468.094,605.089,535.323,1,164.363,198.35,2.20677
3326,166.601,114.509,200.837,263.257,248.247,184.744,0,71.5683,95.0326,2.32786
3327,73.1995,68.2428,397.044,192.652,355.847,174.299,0,42.6517,30.5477,1.71621
3328,91.9992,86.1648,432.045,147.952,356,173.622,0,53.853,38.1462,1.70834
3329,25.7001,33.5936,608.221,314.376,630.303,334.127,0,20.996,4.70408,1.22405
3330,73.3995,93.8953,589.732,461.468,615.597,539.595,0,58.6846,14.7149,1.25075
3331,289.108,250.33,322.241,549.388,144.809,616.069,0,156.456,132.652,1.84786
3332,146.9,138.368,265.813,614.716,144.688,615.69,0,86.4798,60.42,1.69866
3333,133.299,145.643,151.549,476.299,67.829,405.388,0,91.0268,42.2722,1.46439
3334,193.703,209.502,515.6,505.272,615.544,540.234,0,130.939,62.7639,1.47934
3335,175.502,202.112,414.116,676.923,313.386,818.178,0,126.32,49.1817,1.38934
3336,53.2998,57.3335,614.648,158.839,648.353,190.789,0,35.8334,17.4663,1.48743
3337,150.3,128.919,422.578,251.561,355.381,174.406,0,80.5746,69.7253,1.86535
3338,11.4,13.9821,143.569,597.88,139.592,611.196,0,8.73879,2.66122,1.30453
3339,279.208,229.977,398.982,339.256,349.698,174.668,0,143.736,135.472,1.94251
3340,75.7994,97.8867,522.297,781.571,611.173,754.922,0,61.1792,14.6202,1.23897
3341,115.199,147.969,314.684,697.896,312.252,818.117,0,92.4806,22.7183,1.24565
3342,34.0001,26.489,275.96,195.497,252.743,183.923,0,16.5556,17.4444,2.05369
3343,61.5996,59.8331,594.351,696.05,612.462,751.718,0,37.3957,24.204,1.64724
3344,298.609,232.686,463.467,347.551,355.605,174.397,0,145.428,153.181,2.05331
3345,195.403,183.85,515.282,453.218,615.603,539.609,0,114.906,80.4966,1.70054
3346,46.7999,37.3336,285.074,200.597,253.025,183.806,0,23.3335,23.4663,2.00569
3347,83.7993,83.2251,553.729,332.376,630.346,334.143,0,52.0157,31.7836,1.61104
3348,161.701,145.256,173.39,481.084,139.584,611.196,0,90.7848,70.9159,1.78114
3349,248.306,201.85,469.89,307.728,630.37,334.081,0,126.156,122.15,1.96824
3350,338.311,232.077,474.278,466.811,615.617,539.66,0,145.048,193.264,2.33241
3351,44.0999,38.0138,579.248,597.932,613.319,612.445,0,23.7586,20.3413,1.85616
3352,27.6001,35.5277,576.01,754.673,611.12,755.268,0,22.2048,5.39525,1.24298
3353,143.7,129.144,172.391,496.434,139.663,611.103,0,80.7149,62.9847,1.78034
3354,360.113,279.422,415.444,437.088,615.551,539.599,0,174.639,185.474,2.06204
3355,223.804,216.085,368.622,362.724,349.725,174.715,0,135.053,88.7516,1.65716
3356,48.3998,57.5467,570.023,728.823,612.312,752.128,0,35.9667,12.4332,1.34569
3357,60.3997,53.8353,212.57,212.899,248.666,184.899,0,33.6471,26.7526,1.79509
3358,274.608,184.999,235.347,373.527,67.6666,405.538,0,115.624,158.983,2.375
3359,55.5997,60.1475,307.433,766.06,311.881,818.308,0,37.5922,18.0076,1.47902
3360,0,0,612.575,816.89,612.575,816.89,0,0,0,0
3361,145.1,141.915,518.161,129.993,653.475,129.968,0,88.6968,56.4028,1.63591
3362,84.0993,77.0067,398.953,200.816,355.841,174.301,0,48.1292,35.9701,1.74737
3363,10.3,11.8211,601.623,611.914,613.279,612.824,0,7.38818,2.91183,1.39412
3364,209.204,219.791,274.104,554.565,144.819,615.759,0,137.369,71.8341,1.52293
3365,251.806,188.749,285.37,352.57,249.817,185.098,0,117.968,133.838,2.13453
3366,149.3,111.775,201.728,259.461,248.791,185.008,0,69.8595,79.4404,2.13714
3367,287.608,258.509,291.985,407.809,249.306,185.173,0,161.568,126.04,1.7801
3368,77.2994,77.9017,575.855,129.697,653.452,129.939,0,48.6886,28.6108,1.58763
3369,180.902,206.619,315.547,639.661,313.054,818.092,0,129.137,51.7649,1.40085
3370,23.4001,21.1902,601.18,600.419,613.248,612.827,0,13.2439,10.1562,1.76686
3371,145.2,167.919,360.24,667.815,313.11,818.096,0,104.949,40.2503,1.38352
3372,171.601,158.209,373.181,279.816,349.585,174.591,0,98.8805,72.7207,1.73544
3373,83.5993,78.2441,424.944,146.748,356.131,173.642,0,48.9025,34.6968,1.70951
3374,362.713,178.357,420.587,472.356,558.224,451.965,1,111.473,251.24,3.25381
3375,10.7,11.1665,365.53,179.246,355.803,174.243,0,6.97903,3.72097,1.53316
3376,154.8,199.344,524.801,248.839,648.154,197.974,0,124.59,30.2101,1.24248
3377,68.5995,77.6868,537.627,614.262,613.169,612.75,0,48.5543,20.0453,1.41284
3378,280.508,253.475,292.768,408.942,249.864,185.137,0,158.422,122.086,1.77064
3379,86.2993,113.213,338.853,708.338,312.606,817.969,0,70.7583,15.5409,1.21963
3380,143,123.084,191.492,263.191,248.125,184.747,0,76.9272,66.0723,1.85889
3381,158.9,180.673,503.045,204.907,648.382,190.82,0,112.921,45.9796,1.40718
3382,187.202,174.765,304.847,649.419,144.775,616.179,0,109.228,77.9741,1.71387
3383,241.906,295.38,306.822,497.299,139.954,611.137,0,184.613,57.2929,1.31034
3384,0,0,250.795,178.635,250.795,178.635,0,0,0,0
3385,362.713,228.988,385.662,481.625,570.456,450.185,1,143.118,219.595,2.53437
3386,167.101,163.209,181.965,467.809,139.919,611.099,0,102.006,65.0952,1.63815
3387,115.099,95.0157,520.881,608.117,613.181,612.957,0,59.3848,55.714,1.93819
3388,110.599,99.851,267.02,282.524,249.869,185.115,0,62.4069,48.192,1.77222
3389,101.699,110.018,362.69,228.635,349.803,174.729,0,68.7613,32.9377,1.47902
3390,362.713,260.875,401.222,465.877,595.505,496.302,1,163.047,199.666,2.22459
3391,104.299,76.7672,600.162,679.859,612.376,752.025,0,47.9795,56.3195,2.17382
3392,30.5001,38.6732,161.956,590.806,144.609,616.505,0,24.1708,6.32932,1.26186
3393,215.104,241.695,259.589,518.218,139.885,611.077,0,151.059,64.0448,1.42397
3394,107.699,100.964,403.696,224.662,355.807,174.282,0,63.1024,44.5966,1.70673
3395,53.8997,57.6766,409.737,183.795,355.771,174.271,0,36.0478,17.8519,1.49523
3396,39.2,28.7234,274.764,200.002,252.3,184.119,0,17.9521,21.2478,2.18358
3397,306.509,185.916,451.235,618.523,613.22,612.72,0,116.198,190.312,2.63783
3398,358.413,330.414,365.314,467.486,349.831,174.653,0,206.509,151.904,1.73558
3399,2.1,1.26185,151.347,703.69,151.005,702.476,0,0.788655,1.31135,2.66276
3400,92.6992,93.5809,172.568,208.247,248.392,184.769,0,58.488,34.2111,1.58492
3401,69.2995,66.6449,587.276,662.645,613.227,612.752,0,41.653,27.6465,1.66373
3402,153.4,136.073,247.845,314.164,249.913,185.111,0,85.0458,68.3543,1.80374
3403,173.001,147.213,518.175,378.823,630.263,334.139,0,92.0082,80.9932,1.88028
3404,216.804,175.577,227.769,402.847,67.7286,404.88,0,109.736,107.068,1.97569
3405,115.899,99.3404,149.071,514.196,139.617,611.168,0,62.0878,53.811,1.86669
3406,277.208,226.624,301.246,379.879,249.923,185.127,0,141.64,135.567,1.95712
3407,28.7001,38.5745,582.232,735.018,612.29,752.344,0,24.109,4.59102,1.19043
3408,216.404,166.077,227.137,334.625,250.262,184.873,0,103.798,112.606,2.08485
3409,277.408,165.297,457.191,594.065,613.267,613.1,0,103.311,174.097,2.68518
3410,36,29.0496,95.3526,410.184,67.6687,404.908,0,18.156,17.844,1.98282
3411,130.599,117.441,126.136,513.671,139.643,611.151,0,73.4008,57.1979,1.77925
3412,348.012,236.998,467.902,695.894,613.154,612.754,0,148.124,199.888,2.34947
3413,104.499,91.9141,311.56,738.47,311.43,818.459,0,57.4463,47.0527,1.81907
3414,74.1994,79.9081,175.384,561.631,140.099,611.114,0,49.9426,24.2569,1.4857
3415,164.201,153.96,614.273,427.253,615.583,539.745,0,96.2247,67.9761,1.70643
3416,61.9996,62.2492,559.453,740.344,612.017,752.925,0,38.9058,23.0939,1.59359
3417,275.708,320.89,319.061,478.48,139.854,611.172,0,200.556,75.1516,1.37472
3418,211.604,151.011,183.673,437.867,67.6888,405.595,0,94.382,117.222,2.24199
3419,35.3,40.9519,570.065,806.012,607.263,809.719,0,25.5949,9.70512,1.37918
3420,58.5997,50.0874,116.16,401.795,67.7374,405.59,0,31.3047,27.295,1.87192
3421,112.899,143.73,265.376,665.27,149.548,693.252,0,89.8315,23.0674,1.25678
3422,235.905,214.328,385.43,334.065,349.591,174.57,0,133.955,101.95,1.76107
3423,199.203,194.567,379.118,313.736,350.004,174.772,0,121.604,77.5987,1.63812
3424,232.305,172.301,232.808,344.362,250.098,185.045,0,107.688,124.617,2.1572
3425,4.9,4.34114,649.437,130.698,653.62,129.732,0,2.71321,2.18679,1.80598
3426,190.602,120.195,224.818,301.051,249.215,185.117,0,75.1221,115.48,2.53723
3427,0,0,609.08,814.47,609.08,814.47,0,0,0,0
3428,163.201,176.7,513.143,202.064,647.666,191.702,0,110.438,52.7632,1.47776
3429,134.499,120.226,162.508,494.555,140.062,611.093,0,75.141,59.3581,1.78996
3430,34.2001,38.2192,611.532,188.06,647.849,191.513,0,23.887,10.313,1.43174
3431,128.099,122.467,253.814,644.289,144.742,616.278,0,76.542,51.5566,1.67357
3432,339.411,266.587,430.398,439.475,615.556,539.75,0,166.617,172.795,2.03708
3433,27.7001,30.2529,152.706,590.123,139.912,611.184,0,18.9081,8.79201,1.46499
3434,3.8,3.20663,253.777,186.843,252.641,183.846,0,2.00414,1.79585,1.89607
3435,13.4,14.751,595.477,802.297,606.954,810.533,0,9.21938,4.18064,1.45346
3436,237.505,204.894,405.039,313.695,355.597,174.337,0,128.059,109.446,1.85466
3437,176.002,135.8,193.091,410.474,67.6518,405.597,0,84.8747,91.1268,2.07366
3438,36.9,48.5433,606.605,221.867,648.294,198.093,0,30.3396,6.56043,1.21623
3439,122.299,122.731,522.97,717.273,611.972,752.909,0,76.707,45.5917,1.59436
3440,253.606,187.285,252.036,396.118,67.6993,404.821,0,117.053,136.553,2.16659
3441,133.199,113.751,542.449,576.191,613.234,612.887,0,71.0945,62.1044,1.87355
3442,152.5,167.655,368.178,681.53,313.07,818.068,0,104.784,47.7157,1.45537
3443,132.099,114.925,160.603,374.746,67.6699,404.922,0,71.828,60.2709,1.8391
3444,189.902,188.089,527.813,425.556,630.322,334.099,0,117.556,72.3467,1.61542
3445,291.309,240.804,416.009,345.072,355.457,174.404,0,150.502,140.806,1.93558
3446,264.907,215.337,492.16,430.208,630.369,334.076,0,134.585,130.322,1.96832
3447,8.9,9.40082,76.8638,403.592,67.7601,405.217,0,5.87551,3.02448,1.51476
3448,190.002,141.429,284.086,311.96,249.758,185.133,0,88.3932,101.609,2.14951
3449,72.5995,67.2781,198.139,213.653,248.87,184.974,0,42.0488,30.5506,1.72655
3450,125.699,127.393,277.572,728.332,311.402,818.472,0,79.6207,46.078,1.57872
3451,161.901,157.337,180.765,473.343,140.076,611.07,0,98.3359,63.5648,1.6464
3452,286.808,255.556,331.711,552.175,144.748,615.636,0,159.723,127.086,1.79566
3453,335.511,303.913,326.535,489.148,144.817,615.809,0,189.946,145.565,1.76635
3454,257.206,206.2,469.282,289.218,355.569,174.358,0,128.875,128.331,1.99578
3455,213.204,159.799,278.109,331.625,249.808,185.104,0,99.8744,113.329,2.13472
3456,50.7998,40.395,589.164,634.602,613.267,613.187,0,25.2469,25.5529,2.01212
3457,199.003,212.299,351.395,623.104,312.947,817.961,0,132.687,66.3158,1.49979
3458,128.199,129.444,546.62,387.789,630.34,334.258,0,80.9024,47.2963,1.58461
3459,74.4994,83.3363,333.441,237.043,349.799,174.673,0,52.0852,22.4142,1.43034
3460,120.199,143.794,272.223,691.562,149.436,693.297,0,89.8713,30.3274,1.33745
3461,71.9995,86.8267,538.53,750.277,611.14,755.297,0,54.2667,17.7328,1.32677
3462,274.508,179.59,451.927,611.379,613.17,612.965,0,112.244,162.264,2.44563
3463,84.6993,77.0609,576.851,694.457,612.275,752.245,0,48.1631,36.5362,1.75859
3464,73.2995,70.3341,269.674,251.566,249.861,185.121,0,43.9588,29.3406,1.66746
3465,142.9,117.579,247.222,610.554,144.722,615.756,0,73.487,69.4126,1.94456
3466,197.603,216.099,421.369,700.281,312.673,818,0,135.062,62.5411,1.46306
3467,206.603,164.25,192.667,330.357,249.46,185.245,0,102.656,103.947,2.01257
3468,353.312,244.79,446.385,390.157,630.258,334.103,0,152.993,200.319,2.30933
3469,49.7998,61.365,557.684,773.754,611.213,754.835,0,38.3532,11.4467,1.29845
3470,251.206,193.538,523.864,520.506,613.32,612.551,0,120.961,130.245,2.07675
3471,89.3992,99.2335,520.533,764.878,611.144,755.122,0,62.0209,27.3783,1.44144
3472,53.5998,66.5681,418.944,142.33,405.85,78.1718,0,41.6051,11.9947,1.2883
3473,51.8998,64.7514,417.172,140.754,405.859,78.2402,0,40.4696,11.4302,1.28244
3474,67.9995,75.0255,314.372,222.387,349.852,174.837,0,46.891,21.1086,1.45016
3475,108.299,105.774,560.211,376.467,630.454,334.463,0,66.1086,42.1903,1.6382
3476,362.713,239.019,466.149,463.557,604.107,531.591,1,149.387,213.326,2.42801
3477,122.199,114.556,247.42,641.311,144.732,616.28,0,71.5977,50.601,1.70674
3478,39,44.7666,188.522,622.894,144.704,615.704,0,27.9791,11.0208,1.39389
3479,80.9993,75.6357,268.227,778.687,310.484,818.885,0,47.2723,33.727,1.71346
3480,132.199,122.132,184.449,264.022,248.864,185.049,0,76.3327,55.8662,1.73188
3481,64.8996,82.5612,322.016,741.925,312.781,818.008,0,51.6008,13.2988,1.25773
3482,115.699,104.138,557.147,310.052,630.309,333.893,0,65.0862,50.6126,1.77762
3483,255.606,305.465,277.608,474.796,139.876,611.05,0,190.916,64.6908,1.33885
3484,308.31,204.646,477.336,535.599,613.233,612.826,0,127.904,180.406,2.41048
3485,65.4996,64.9206,162.593,562.757,139.895,611.052,0,40.5754,24.9242,1.61427
3486,235.905,165.44,185.443,308.081,248.281,184.805,0,103.4,132.505,2.28149
3487,327.611,281.196,379.772,416.549,349.617,174.581,0,175.747,151.863,1.8641
3488,186.302,132.491,484.849,178.936,356.227,173.415,0,82.8066,103.496,2.24985
3489,229.305,282.624,284.466,492.512,140.008,611.111,0,176.64,52.6651,1.29815
3490,289.008,226.448,459.985,339.139,355.614,174.398,0,141.53,147.478,2.04203
3491,258.107,198.07,470.746,543.711,613.324,612.476,0,123.793,134.313,2.08498
3492,285.108,252.103,400.198,362.951,349.841,174.663,0,157.564,127.544,1.80947
3493,234.005,179.689,172.624,313.989,248.195,184.66,0,112.306,121.699,2.08364
3494,57.2997,78.8071,327.458,742.26,312.842,818.06,0,49.2544,8.04527,1.16334
3495,142.399,152.207,142.005,459.801,67.6503,405.509,0,95.1295,47.27,1.4969
3496,66.8996,56.7998,112.434,420.962,67.661,404.787,0,35.4999,31.3997,1.8845
3497,342.812,312.721,356.145,459.446,349.869,174.83,0,195.451,147.361,1.75395
3498,65.6996,83.4475,531.121,766.854,611.074,755.307,0,52.1547,13.5449,1.25971
3499,58.8997,79.6681,334.951,741.568,312.686,817.993,0,49.7925,9.10714,1.1829
3500,362.713,220.686,475.873,420.451,628.271,334.176,1,137.929,224.784,2.62971
3501,23.3001,27.9101,163.399,629.819,144.733,615.683,0,17.4438,5.85622,1.33572
3502,79.4994,86.3008,529.696,612.756,613.26,612.756,0,53.938,25.5614,1.4739
3503,189.102,164.743,491.136,315.762,630.313,334.068,0,102.965,86.1378,1.83658
3504,40.8999,46.627,128.202,576.567,139.881,611.074,0,29.1419,11.7581,1.40348
3505,250.606,218.951,326.687,585.865,144.779,615.87,0,136.845,113.761,1.83132
3506,65.0996,75.2023,315.065,221.948,349.742,174.74,0,47.0015,18.0981,1.38505
3507,36.5,46.7486,420.737,119.878,405.877,78.2335,0,29.2179,7.28212,1.24923
3508,47.5998,51.2877,603.213,136.364,653.552,129.955,0,32.0548,15.545,1.48495
3509,216.704,159.72,280.414,330.747,250.935,184.668,0,99.8247,116.879,2.17085
3510,275.408,259.74,386.211,392.022,349.878,174.699,0,162.337,113.07,1.69651
3511,209.204,161.577,192.26,328.206,248.888,185.023,0,100.985,108.218,2.07162
3512,224.905,151.227,216.994,407.635,67.7053,405.511,0,94.5167,130.388,2.37952
3513,0,0,659.527,132.943,659.527,132.943,0,0,0,0
3514,294.609,227.452,464.121,336.966,355.643,174.445,0,142.158,152.451,2.07241
3515,93.2991,116.686,592.179,270.24,648.049,197.923,0,72.9285,20.3706,1.27932
3516,100.099,123.965,573.939,274.647,647.856,197.767,0,77.4781,22.621,1.29197
3517,320.01,250.979,238.735,471.626,67.673,405.574,0,156.862,163.149,2.04008
3518,249.306,223.847,345.743,358.424,349.659,174.745,0,139.904,109.402,1.78197
3519,143.4,184.9,518.089,293.541,647.958,197.786,0,115.562,27.8372,1.24088
3520,107.499,86.5429,606.203,698.356,612.374,752.048,0,54.0893,53.4096,1.98743
3521,235.605,197.16,473.792,545.419,613.213,612.627,0,123.225,112.38,1.91199
3522,53.9997,66.2541,193.635,661.348,149.49,693.236,0,41.4088,12.591,1.30406
3523,98.6991,99.0065,359.153,218.033,349.891,174.752,0,61.8791,36.82,1.59503
3524,79.6994,99.3754,329.153,724.64,312.22,818.166,0,62.1096,17.5898,1.28321
3525,32.2001,32.3331,141.887,579.353,139.949,611.069,0,20.2082,11.9919,1.59342
3526,50.1998,58.9171,572.8,341.116,630.373,334.09,0,36.8232,13.3766,1.36327
3527,292.909,215.606,480.058,524.173,613.338,613.048,0,134.754,158.155,2.17366
3528,9.5,9.82524,253.756,193.94,251.132,184.472,0,6.14077,3.35923,1.54704
3529,193.403,180.147,308.391,653.213,144.797,616.142,0,112.592,80.8108,1.71773
3530,28.2001,28.8757,588.662,600.296,613.3,612.42,0,18.0473,10.1528,1.56256
3531,104.099,94.8705,220.676,273.515,248.674,184.926,0,59.294,44.8049,1.75564
3532,12.6,15.6226,159.311,621.526,144.43,616.799,0,9.76414,2.83587,1.29044
3533,22.6,17.7729,268.025,193.466,252.913,183.806,0,11.1081,11.492,2.03456
3534,80.5993,113.569,249.709,712.422,152.72,701.772,0,70.9808,9.61858,1.13551
3535,69.5995,75.6969,586.421,182.77,648.424,190.878,0,47.3105,22.289,1.47112
3536,30.0001,31.7398,622.089,128.28,653.526,129.963,0,19.8374,10.1627,1.5123
3537,171.601,165.088,489.912,116.898,653.466,129.752,0,103.18,68.4211,1.66312
3538,271.707,230.676,504.328,475.896,615.606,539.672,0,144.173,127.535,1.8846
3539,217.004,192.398,404.271,292.43,355.646,174.361,0,120.249,96.7554,1.80463
3540,77.7994,89.1327,534.274,753.762,611.096,755.342,0,55.708,22.0914,1.39656
3541,87.1992,95.213,543.641,722.773,611.83,753.263,0,59.5081,27.6911,1.46533
3542,7,6.38523,360.735,178.294,355.767,174.329,0,3.99077,3.00923,1.75405
3543,80.9993,103.981,563.912,198.247,648.426,190.775,0,64.9884,16.011,1.24637
3544,21.8,23.5885,594.93,794.632,606.446,811.628,0,14.7428,7.05725,1.47869
3545,214.804,165.333,197.949,357.808,67.6834,404.871,0,103.333,111.47,2.07875
3546,69.6995,93.3421,334.527,727.912,312.843,817.983,0,58.3388,11.3607,1.19474
3547,208.604,197.311,392.322,305.609,349.858,174.791,0,123.32,85.2839,1.69157
3548,200.903,130.682,216.116,230.876,248.092,184.687,0,81.6762,119.227,2.45975
3549,179.702,205.153,415.274,673.931,313.167,818.158,0,128.22,51.4814,1.40151
3550,342.112,205.737,443.424,624.672,613.215,612.845,0,128.585,213.526,2.66058
3551,113.699,102.153,265.083,284.825,250.115,184.984,0,63.8458,49.853,1.78083
3552,118.999,129.634,305.266,289.571,250.839,184.658,0,81.0214,37.9774,1.46873
3553,270.407,283.304,350.587,540.646,144.824,616.129,0,177.065,93.3426,1.52717
3554,178.602,135.532,203.87,305.765,249.496,185.232,0,84.7073,93.8944,2.10846
3555,15.9,19.8888,601.616,532.144,615.658,540.267,0,12.4305,3.46951,1.27911
3556,11.6,12.9222,137.013,633.345,139.988,620.895,0,8.07637,3.52363,1.43629
3557,91.6992,125.356,257.176,693.437,149.482,693.293,0,78.3476,13.3516,1.17041
3558,308.51,217.068,469.229,374.891,630.315,334.069,0,135.667,172.842,2.27402
3559,272.107,191.39,254.127,394.288,67.6796,404.836,0,119.619,152.488,2.27478
3560,80.7993,73.7334,549.868,743.444,611.986,753.044,0,46.0834,34.716,1.75333
3561,200.003,132.597,508.671,658.37,613.278,613.122,0,82.8729,117.13,2.41337
3562,62.1996,69.5298,598.95,360.664,630.336,334.146,0,43.4561,18.7435,1.43132
3563,28.9001,30.7842,281.512,194.85,253.229,183.369,0,19.2401,9.65997,1.50207
3564,329.811,251.994,445.578,444.545,615.521,540.026,0,157.496,172.315,2.09409
3565,44.6999,54.7523,566.144,738.406,612.25,752.065,0,34.2202,10.4797,1.30624
3566,316.31,297.03,358.735,441.684,349.924,174.769,0,185.644,130.666,1.70386
3567,18.2,18.9858,597.004,796.591,606.491,811.521,0,11.8661,6.33394,1.53378
3568,255.206,162.172,201.457,430.07,67.675,405.544,0,101.358,153.849,2.51788
3569,34.0001,44.3153,321.584,200.266,350.196,174.9,0,27.697,6.30301,1.22757
3570,227.805,181.752,282.381,579.399,144.817,615.849,0,113.595,114.21,2.00541
3571,60.0997,81.2566,224.485,732.091,152.49,701.748,0,50.7854,9.3143,1.18341
3572,43.6999,43.3386,260.256,226.127,249.839,185.089,0,27.0866,16.6133,1.61334
3573,265.007,179.392,210.781,436.079,67.6651,405.534,0,112.12,152.887,2.3636
3574,312.71,240.325,452.86,437.69,615.542,539.763,0,150.203,162.507,2.08192
3575,196.503,195.6,313.308,336.55,251.158,184.49,0,122.25,74.253,1.60739
3576,37.3,43.6972,187.133,625.314,144.694,615.68,0,27.3107,9.98926,1.36576
3577,362.713,231.407,435.675,478.43,594.647,498.331,1,144.629,218.084,2.50788
3578,158,177.102,514.657,213.661,647.681,191.788,0,110.689,47.3118,1.42743
3579,252.706,192.425,305.061,328.605,248.584,184.934,0,120.266,132.44,2.10123
3580,86.5993,68.1519,301.023,759.646,311.256,818.558,0,42.5949,44.0043,2.03309
3581,250.606,205.926,475.472,389.76,630.316,334.146,0,128.704,121.902,1.94716
3582,189.502,230.478,339.748,375.093,251.437,184.549,0,144.049,45.4535,1.31554
3583,163.001,148.244,506.893,121.013,653.451,129.768,0,92.6525,70.3483,1.75927
3584,95.3991,90.8752,176.129,210.474,248.811,184.986,0,56.797,38.6021,1.67965
3585,10,11.0481,247.888,195.968,249.446,185.213,0,6.90504,3.09496,1.44822
3586,20.5,26.9412,627.897,137.529,653.557,129.815,0,16.8383,3.66177,1.21747
3587,40.2,44.4208,408.199,122.229,405.851,78.2004,0,27.763,12.437,1.44797
3588,0,0,618.886,541.933,618.886,541.933,0,0,0,0
3589,57.1997,60.1944,302.28,769.436,311.747,818.38,0,37.6215,19.5782,1.5204
3590,134.899,119.895,219.349,765.967,152.827,701.787,0,74.9346,59.9644,1.80022
3591,203.903,139.517,217.12,226.176,248.264,184.837,0,87.1981,116.705,2.33839
3592,11.9,11.6663,364.621,181.29,355.918,173.893,0,7.29144,4.60857,1.63205
3593,174.601,165.43,611.32,416.814,615.609,539.718,0,103.394,71.2079,1.68871
3594,65.7996,76.2898,558.823,338.533,630.346,333.956,0,47.6811,18.1184,1.37999
3595,212.304,177.973,369.302,310.281,350.124,174.793,0,111.233,101.07,1.90863
3596,319.11,233.352,497.48,479.248,615.598,539.674,0,145.845,173.266,2.18801
3597,162.301,111.07,229.095,292.856,248.784,185.034,0,69.419,92.8817,2.33799
3598,289.308,235.047,460.707,434.952,615.591,539.707,0,146.904,142.404,1.96936
3599,242.806,238.711,356.889,596.59,144.711,616.266,0,149.195,93.611,1.62744
3600,295.809,201.953,233.489,430.506,67.8324,405.354,0,126.221,169.588,2.34358
3601,192.303,213.087,432.529,679.988,312.69,817.992,0,133.18,59.123,1.44393
3602,190.202,121.414,514.448,645.208,613.169,612.887,0,75.8838,114.319,2.5065
3603,60.0997,63.2999,277.003,229.929,250.089,185.024,0,39.5625,20.5372,1.51911
3604,189.602,134.099,286.631,295.278,250.229,184.996,0,83.8116,105.791,2.26225
3605,46.4999,62.9308,591.614,490.066,615.681,540.369,0,39.3317,7.16812,1.18225
3606,209.904,171.067,507.007,389.986,630.253,334.149,0,106.917,102.987,1.96325
3607,70.5995,76.0079,103.435,456.065,67.7475,405.614,0,47.5049,23.0946,1.48615
3608,200.603,143.969,281.461,314.79,250.44,184.865,0,89.9808,110.622,2.2294
3609,138.199,128.885,192.388,390.85,67.7211,404.792,0,80.5531,57.6461,1.71563
3610,234.405,177.346,165.56,305.38,248.673,184.944,0,110.841,123.564,2.11479
3611,71.8995,65.9269,132.695,398.407,67.6557,404.8,0,41.2043,30.6952,1.74495
3612,292.109,186.314,455.302,639.578,613.24,612.811,0,116.446,175.663,2.50853
3613,76.0994,99.0786,329.676,724.41,312.41,818.085,0,61.9241,14.1753,1.22891
3614,4.7,4.35872,658.677,188.994,654.816,190.957,0,2.7242,1.9758,1.72528
3615,129.899,122.108,399.883,239.84,355.658,174.328,0,76.3172,53.5815,1.70209
3616,166.601,142.368,498.765,339.783,630.301,334.126,0,88.9798,77.6212,1.87235
3617,144,118.783,525.899,345.533,630.354,334.125,0,74.2392,69.7604,1.93967
3618,78.1994,69.9272,566.054,717.436,612.118,752.706,0,43.7045,34.4949,1.78928
3619,216.004,192.024,438.288,311.737,355.618,174.366,0,120.015,95.9891,1.79981
3620,136.799,131.756,223.041,590.84,144.749,616.033,0,82.3472,54.452,1.66125
3621,52.4998,66.1879,587.688,490.089,615.764,540.501,0,41.3674,11.1324,1.26911
3622,288.508,219.057,479.098,412.73,630.374,334.126,0,136.91,151.598,2.10728
3623,122.699,159.574,401.086,708.808,313.425,818.174,0,99.7338,22.9649,1.23026
3624,145.7,138.907,527.115,153.34,653.514,130.142,0,86.817,58.8827,1.67824
3625,200.003,139.979,202.182,395.507,67.7451,405.533,0,87.4871,112.516,2.28609
3626,21.4,25.7806,325.915,183.567,349.461,174.641,0,16.1129,5.28719,1.32814
3627,161.301,136.31,424.841,259.979,355.697,174.316,0,85.1938,76.1069,1.89334
3628,157.4,135.01,268.773,645.379,144.85,615.81,0,84.381,73.0194,1.86535
3629,33.3001,36.7355,617.192,133.317,653.487,129.997,0,22.9597,10.3404,1.45037
3630,297.709,291.537,284.402,469.805,67.823,404.956,0,182.21,115.499,1.63387
3631,262.207,165.344,517.017,180.979,356.236,173.35,0,103.34,158.867,2.53733
3632,102.199,137.588,325.153,696.467,312.329,818.073,0,85.9924,16.2066,1.18847
3633,362.713,291.594,430.552,530.866,573.747,617.778,1,182.247,180.466,1.99023
3634,71.9995,76.5713,586.076,146.806,653.52,130.096,0,47.8571,24.1424,1.50447
3635,116.999,143.855,265.38,666.388,149.561,693.185,0,89.9091,27.0897,1.3013
3636,6.4,6.54492,596.682,836.356,602.967,834.531,0,4.09057,2.30942,1.56457
3637,162.701,153.572,174.216,341.089,67.6992,404.854,0,95.9822,66.7185,1.69511
3638,64.3996,71.19,572.81,348.706,630.362,334.104,0,44.4937,19.9059,1.44739
3639,94.6991,87.245,273.399,769.229,311.195,818.564,0,54.5281,40.171,1.7367
3640,188.502,156.856,235.238,329.349,249.45,185.207,0,98.0351,90.4672,1.9228
3641,129.299,118.371,452.843,160.558,356.114,173.457,0,73.982,55.3167,1.74771
3642,4,3.46616,649.277,186.804,650.463,190.061,0,2.16635,1.83365,1.84642
3643,33.8001,34.9366,285.935,193.36,253.313,183.13,0,21.8354,11.9647,1.54795
3644,56.4997,73.4808,195.438,649.712,149.683,693.246,0,45.9255,10.5742,1.23025
3645,263.707,212.064,278.706,379.502,248.747,184.867,0,132.54,131.167,1.98964
3646,240.205,185.786,290.684,344.081,250.877,184.684,0,116.117,124.089,2.06866
3647,23.6001,24.9278,611.107,343.143,630.318,334.125,0,15.5799,8.02017,1.51478
3648,78.9994,86.9592,141.398,531.066,139.886,611.121,0,54.3495,24.6499,1.45354
3649,38.2,48.4938,572.484,736.715,612.278,752.334,0,30.3086,7.89134,1.26037
3650,344.312,236.062,465.101,355.518,630.295,334.129,0,147.539,196.773,2.3337
3651,104.799,83.773,571.463,664.885,613.153,612.812,0,52.3582,52.4408,2.00158
3652,8.4,8.58882,609.436,546.998,616.556,542.635,0,5.36801,3.03198,1.56482
3653,56.1997,46.8797,576.24,626.543,613.373,612.286,0,29.2998,26.8999,1.91809
3654,186.402,226.772,330.42,373.934,251.477,184.422,0,141.733,44.6696,1.31517
3655,92.1992,81.1033,586.135,676.759,612.127,752.643,0,50.6896,41.5096,1.8189
3656,20.1,24.2907,238.955,204.66,249.379,185.239,0,15.1817,4.91833,1.32396
3657,252.706,214.389,274.833,557.738,144.706,615.712,0,133.993,118.713,1.88596
3658,0,0,409.667,72.7369,409.708,72.6451,0,0,0,0
3659,248.806,237.74,266.58,433.449,67.7258,404.916,0,148.588,100.218,1.67447
3660,13.9,17.298,594.156,753.266,611.182,755.232,0,10.8113,3.08876,1.2857
3661,156.6,158.796,508.573,147.726,653.606,130.352,0,99.2477,57.3526,1.57787
3662,134.499,94.5979,522.087,610.048,613.175,612.565,0,59.1237,75.3753,2.27488
3663,199.803,163.573,501.771,360.446,630.387,334.142,0,102.233,97.5697,1.95438
3664,135.599,146.717,142.364,465.043,67.7525,405.365,0,91.6981,43.901,1.47876
3665,294.309,248.082,473.574,344.425,630.358,334.126,0,155.051,139.258,1.89814
3666,13.1,14.001,599.64,801.031,606.413,811.852,0,8.75064,4.34938,1.49704
3667,79.8994,86.9781,299.914,223.765,250.092,185.048,0,54.3613,25.538,1.46978
3668,303.509,184.074,464.138,656.021,613.236,612.839,0,115.046,188.463,2.63816
3669,180.802,177.751,215.059,492.3,140.054,611.082,0,111.094,69.7076,1.62746
3670,122.199,145.526,533.781,181.086,648.12,191.008,0,90.9539,31.2448,1.34352
3671,37.5,44.9161,598.285,710.454,612.36,752.079,0,28.0726,9.42741,1.33582
3672,5.5,5.84423,654.276,204.625,652.201,199.161,0,3.65265,1.84735,1.50576
3673,72.6995,99.4032,236.18,683.982,149.544,693.218,0,62.127,10.5725,1.17018
3674,42.3999,57.2602,328.691,763.526,312.809,818.06,0,35.7876,6.6123,1.18476
3675,362.713,297.947,397.611,582.387,578.556,617.199,1,186.217,176.496,1.9478
3676,44.8999,56.1112,560.001,749.606,612.12,752.681,0,35.0695,9.83036,1.28031
3677,37.6,40.2416,396.003,174.53,355.981,173.609,0,25.151,12.449,1.49497
3678,226.205,162.761,196.306,438.153,67.6737,405.462,0,101.726,124.479,2.22367
3679,153.5,168.199,367.582,682.683,313.394,818.162,0,105.124,48.3758,1.46018
3680,362.113,228.629,454.015,696.233,613.207,612.908,0,142.893,219.22,2.53415
3681,362.713,229.9,471.759,476.337,599.16,517.38,1,143.688,219.025,2.52432
3682,235.705,179.487,229.936,406.216,67.7078,404.891,0,112.179,123.526,2.10114
3683,131.599,132.331,306.42,272.364,250.678,184.813,0,82.7069,48.892,1.59115
3684,48.9998,41.7109,222.33,210.49,248.566,184.887,0,26.0693,22.9305,1.8796
3685,291.909,265.628,341.065,385.898,349.68,174.645,0,166.018,125.891,1.7583
3686,110.199,104.125,405.459,228.134,355.943,174.149,0,65.0779,45.121,1.69334
3687,362.713,246.597,420.822,394.022,616.219,333.731,1,154.123,208.59,2.3534
3688,362.713,248.611,452.287,477.673,605.935,538.401,1,155.382,207.331,2.33433
3689,191.302,165.615,193.776,341.603,67.6591,404.79,0,103.509,87.793,1.84816
3690,101.999,126.699,553.923,187.462,647.9,191.393,0,79.1868,22.8122,1.28808
3691,226.105,280.49,329.489,407.542,251.483,184.379,0,175.307,50.7981,1.28977
3692,45.7999,40.5932,293.138,185.525,253.295,182.97,0,25.3708,20.4291,1.80522
3693,344.812,346.953,369.486,477.895,144.706,615.619,0,216.845,127.966,1.59013
3694,247.906,201.94,305.196,346.199,248.291,184.803,0,126.213,121.693,1.96419
3695,105.199,111.643,583.385,445.724,615.482,539.776,0,69.7769,35.422,1.50765
3696,3.5,2.39137,150.76,705.18,150.06,702.894,0,1.49461,2.00539,2.34175
3697,37.7,29.2825,594.617,625.059,613.305,613.209,0,18.3015,19.3985,2.05994
3698,197.403,203.67,382.594,325.914,349.543,174.575,0,127.294,70.1089,1.55076
3699,83.0993,89.05,191.636,232.261,248.379,184.811,0,55.6563,27.443,1.49308
3700,146.9,184.306,387.653,676.759,313.448,818.314,0,115.191,31.7086,1.27527
3701,288.008,268.35,340.627,386.245,349.92,174.825,0,167.719,120.289,1.71721
3702,23.4001,25.868,239.637,208.424,249.193,185.069,0,16.1675,7.23257,1.44735
3703,335.511,272.597,305.15,437.21,67.673,404.815,0,170.373,165.138,1.96927
3704,39.9,47.1917,276.628,798.2,311.804,818.441,0,29.4948,10.4052,1.35278
3705,334.911,270.833,424.764,437.682,615.552,540.18,0,169.271,165.64,1.97855
3706,70.7995,78.3865,149.698,533.651,139.939,611.062,0,48.9916,21.8079,1.44514
3707,115.799,125.829,132.427,477.105,67.7625,404.964,0,78.6434,37.1554,1.47245
3708,134.599,123.993,551.6,295.139,630.36,334.095,0,77.4958,57.1032,1.73686
3709,265.307,317.842,318.805,486.234,139.853,611.111,0,198.651,66.6558,1.33554
3710,178.502,112.443,201.896,261.079,248.264,184.735,0,70.2768,108.225,2.53998
3711,7.99999,8.50698,622.114,332.129,630.327,334.22,0,5.31686,2.68313,1.50465
3712,107.999,87.957,543.1,598.701,613.16,612.754,0,54.9731,53.0258,1.96458
3713,46.0999,54.8989,576.402,339.305,630.388,334.076,0,34.3118,11.788,1.34356
3714,163.001,194.778,329.067,344.539,251.556,184.434,0,121.736,41.2643,1.33896
3715,227.905,169.58,277.033,340.194,249.772,185.143,0,105.988,121.917,2.1503
3716,307.71,277.207,313.125,516.515,144.671,615.74,0,173.254,134.455,1.77606
3717,111.599,106.284,531.625,353.79,630.287,333.907,0,66.4277,45.1712,1.68
3718,302.009,251.576,236.128,470.043,67.7382,405.467,0,157.235,144.775,1.92075
3719,64.6996,78.4648,209.596,688.405,153.498,700.762,0,49.0405,15.6591,1.31931
3720,254.806,196.148,467.57,275.928,355.687,174.345,0,122.593,132.214,2.07848
3721,132.099,140.303,546.071,459.553,615.628,539.6,0,87.6895,44.4093,1.50644
3722,109.099,94.4364,227.089,275.694,249.534,185.187,0,59.0227,50.0762,1.84842
3723,43.2999,54.6841,599.982,208.17,647.992,197.863,0,34.1776,9.12234,1.26691
3724,46.0999,56.3878,598.096,209.128,648.289,198.102,0,35.2423,10.8575,1.30808
3725,3.9,3.19075,627.271,333.61,630.365,334.318,0,1.99422,1.90578,1.95565
3726,179.102,141.023,450.319,139.193,356.088,173.506,0,88.1396,90.9621,2.03202
3727,35.2,30.9601,254.542,215.269,249.614,185.219,0,19.35,15.85,1.81912
3728,269.707,197.868,474.973,543.676,613.247,612.993,0,123.668,146.04,2.18091
3729,103.199,132.881,556.851,181.735,648.056,191.021,0,83.0505,20.1485,1.24261
3730,27.7001,26.0319,237.444,204.702,249.637,185.169,0,16.2699,11.4301,1.70253
3731,10.3,11.0755,263.504,186.425,252.989,183.762,0,6.92221,3.37779,1.48796
3732,79.8994,75.4988,420.161,146.082,355.961,173.74,0,47.1867,32.7126,1.69326
3733,15.2,13.6369,261.495,194.092,252.615,183.956,0,8.52308,6.67694,1.7834
3734,75.0994,100.284,234.138,677.871,149.647,693.265,0,62.6776,12.4218,1.19819
3735,140.899,120.091,430.298,240.293,356.277,173.169,0,75.0568,65.8426,1.87724
3736,96.7991,89.9062,542.788,595.353,613.247,612.756,0,56.1914,40.6077,1.72267
3737,290.809,209.581,501.275,519.718,613.201,612.784,0,130.988,159.82,2.22011
3738,154.1,105.538,207.6,267.005,248.559,184.794,0,65.961,88.1392,2.33623
3739,32.2001,25.39,268.704,202.531,252.469,183.991,0,15.8688,16.3313,2.02915
3740,74.5994,102.429,582.92,261.42,647.956,197.646,0,64.0179,10.5816,1.16529
3741,160.801,147.905,506.61,118.609,653.591,129.751,0,92.4409,68.3597,1.7395
3742,89.0992,124.149,255.291,682.008,149.456,693.263,0,77.5929,11.5063,1.14829
3743,237.005,212.942,378.749,346.743,349.475,174.636,0,133.089,103.917,1.78081
3744,30.9001,37.132,140.819,657.44,139.919,620.904,0,23.2075,7.69259,1.33147
3745,12.2,12.0709,599.439,756.752,611.163,755.234,0,7.54428,4.65573,1.61712
3746,37.4,47.4602,609.147,193.534,647.975,197.792,0,29.6626,7.73738,1.26085
3747,30.8001,40.5376,160.925,642.137,144.627,615.689,0,25.336,5.46408,1.21566
3748,64.5996,68.2194,412.914,193.84,355.774,174.225,0,42.6372,21.9624,1.5151
3749,31.3001,34.4315,615.14,266.826,636.043,282.543,0,21.5197,9.78037,1.45448
3750,185.402,150.902,443.45,145.037,356.073,173.452,0,94.3135,91.0886,1.96581
3751,312.01,283.785,360.497,426.836,350.166,174.849,0,177.365,134.644,1.75914
3752,25.5001,28.3482,255.668,212.559,249.857,185.048,0,17.7176,7.78245,1.43925
3753,223.504,216.569,337.662,601.89,144.796,616.025,0,135.356,88.1488,1.65124
3754,73.6994,97.5779,337.439,724.122,312.625,817.996,0,60.9862,12.7133,1.20846
3755,122.099,142.515,500.175,719.688,611.819,753.501,0,89.0719,33.0268,1.37079
3756,219.904,175.469,200.222,342.868,67.741,404.859,0,109.668,110.236,2.00517
3757,17.9,18.5735,592.715,754.515,611.074,755.186,0,11.6084,6.29161,1.54199
3758,151.7,167.258,366.863,681.389,312.306,818.089,0,104.536,47.1637,1.45117
3759,129.199,129.763,546.662,387.41,630.28,334.148,0,81.1018,48.0969,1.59304
3760,95.8991,99.9015,178.267,538.78,140.166,611.157,0,62.4384,33.4607,1.5359
3761,117.699,104.535,290.906,739.067,311.263,818.586,0,65.3345,52.3642,1.80148
3762,362.713,253.815,443.325,496.933,600.483,521.414,1,158.634,204.078,2.28647
3763,221.504,189.209,476.554,552.637,613.171,612.636,0,118.256,103.249,1.8731
3764,27.5001,29.8006,572.744,834.837,602.388,833.344,0,18.6254,8.87468,1.47648
3765,108.999,98.6923,264.144,280.994,250.066,184.989,0,61.6827,47.3162,1.76709
3766,56.1997,61.5663,560.515,740.472,612.071,752.672,0,38.479,17.7208,1.46053
3767,25.3001,29.9483,413.242,107.112,405.933,78.2086,0,18.7177,6.58236,1.35166
3768,122.099,147.394,273.552,688.619,149.577,693.279,0,92.1214,29.9773,1.32541
3769,215.504,188.022,508.398,418.269,630.388,334.112,0,117.514,97.9901,1.83386
3770,249.906,345.451,389.505,536.181,312.657,817.956,0,215.907,33.9991,1.15747
3771,345.712,206.971,432.942,634.431,613.264,612.779,0,129.357,216.355,2.67254
3772,63.8996,75.8543,590.041,190.216,647.842,197.629,0,47.4089,16.4907,1.34784
3773,130.699,145.957,543.782,465.111,615.491,539.777,0,91.223,39.4758,1.43274
3774,106.899,99.1719,436.059,197.173,356.341,173.209,0,61.9824,44.9165,1.72467
3775,191.102,137.925,502.295,651.159,613.267,613.101,0,86.2032,104.899,2.21688
3776,275.608,230.636,301.188,379.674,248.805,184.981,0,144.147,131.46,1.91199
3777,0,0,614.21,759.002,614.21,759.002,0,0,0,0
3778,80.3993,109.798,351.045,717.054,313.223,818.21,0,68.6238,11.7755,1.1716
3779,79.1994,73.1982,421.696,150.637,356.111,173.569,0,45.7489,33.4505,1.73118
3780,88.4992,78.7357,574.877,665.006,613.239,612.692,0,49.2098,39.2894,1.79841
3781,88.3992,93.9196,189.275,560.653,140.223,611.209,0,58.6997,29.6995,1.50596
3782,18.5,20.6005,376.208,175.813,355.999,173.818,0,12.8753,5.62475,1.43686
3783,234.205,221.392,373.148,366.349,349.688,174.658,0,138.37,95.8351,1.6926
3784,174.701,150.217,240.625,326.026,250.095,184.993,0,93.8857,80.8158,1.86079
3785,240.906,161.848,218.372,418.376,67.6709,405.51,0,101.155,139.75,2.38155
3786,202.603,163.385,226.036,323.611,249.826,185.147,0,102.116,100.487,1.98405
3787,108.799,99.3078,165.881,398.938,67.7369,405.617,0,62.0674,46.7315,1.75292
3788,99.5991,132.561,555.039,180.774,647.786,191.809,0,82.8507,16.7483,1.20215
3789,310.91,238.708,445.457,386.036,630.289,334.057,0,149.193,161.717,2.08395
3790,57.4997,65.0135,589.096,692.643,612.178,752.528,0,40.6334,16.8663,1.41508
3791,0,0,352.992,169.673,352.992,169.673,0,0,0,0
3792,71.0995,68.682,594.745,183.128,648.364,190.758,0,42.9263,28.1732,1.65632
3793,362.713,331.161,363.375,464.25,348.019,176.629,1,206.975,155.737,1.75244
3794,263.007,154.017,493.566,627.701,613.26,613.111,0,96.2605,166.746,2.73224
3795,127.899,121.161,219.469,604.617,144.638,615.563,0,75.7256,52.1731,1.68898
3796,222.804,293.906,376.479,568.099,313.011,818.087,0,183.691,39.1134,1.21293
3797,237.305,228.04,388.94,351.266,350.027,174.815,0,142.525,94.78,1.66501
3798,120.199,117.341,561.18,386.247,630.438,334.378,0,73.3381,46.8606,1.63897
3799,54.7997,57.5176,611.587,159.261,648.413,190.85,0,35.9485,18.8512,1.52439
3800,124.999,105.185,215.987,280.571,248.272,184.847,0,65.7405,59.2582,1.9014
3801,52.4998,42.6224,289.51,204.201,253.002,183.707,0,26.639,25.8608,1.97079
3802,265.407,217.308,391.438,337.176,349.501,174.618,0,135.817,129.59,1.95415
3803,56.5997,73.4218,542.307,762.224,611.096,755.23,0,45.8886,10.7111,1.23342
3804,130.599,160.671,285.889,697.289,311.273,818.581,0,100.419,30.1797,1.30054
3805,70.4995,88.4719,554.767,499.153,615.479,539.826,0,55.2949,15.2046,1.27497
3806,291.309,276.61,415.277,375.61,349.876,174.656,0,172.882,118.427,1.68502
3807,276.108,229.332,482.614,468.049,615.652,539.675,0,143.332,132.775,1.92634
3808,4.6,4.25005,632.466,284.921,636.558,283.771,0,2.65628,1.94372,1.73175
3809,362.713,268.854,422.548,559.568,575.671,617.826,1,168.034,194.679,2.15857
3810,0,0,353.514,170.572,353.514,170.572,0,0,0,0
3811,75.2994,98.9,337.87,722.459,312.778,817.969,0,61.8125,13.4869,1.21819
3812,197.103,126.014,225.855,304.81,249.123,185.087,0,78.7585,118.344,2.50262
3813,147.9,138.235,361.444,269.445,350.106,174.765,0,86.3967,61.5031,1.71187
3814,117.899,114.065,551.971,154.187,653.488,130.05,0,71.2907,46.6081,1.65378
3815,96.2991,111.144,527.607,725.842,611.812,753.277,0,69.4651,26.834,1.3863
3816,40.8999,44.6941,408.188,122.251,405.946,78.1996,0,27.9338,12.9661,1.46417
3817,222.504,162.129,474.033,644.505,613.274,612.441,0,101.331,121.174,2.19582
3818,50.6998,63.3104,121.6,566.715,139.945,611.113,0,39.569,11.1308,1.2813
3819,195.203,147.993,561.827,551.895,613.251,612.599,0,92.4958,102.707,2.1104
3820,132.399,125.926,540.085,152.945,653.504,130.049,0,78.7036,53.6953,1.68225
3821,340.212,167.047,499.742,633.166,613.207,612.775,0,104.405,235.807,3.25859
3822,110.699,105.931,560.392,375.108,630.357,334.528,0,66.2068,44.4921,1.67202
3823,19,23.4854,414.65,99.8855,408.498,77.2208,0,14.6784,4.32164,1.29442
3824,30.2001,28.9479,132.943,586.834,139.957,611.18,0,18.0925,12.1076,1.66921
3825,224.505,167.454,170.505,306.923,248.372,184.777,0,104.659,119.846,2.14511
3826,80.3993,88.2278,302.96,227.131,349.459,174.467,0,55.1424,25.257,1.45803
3827,13.6,17.0801,636.563,129.054,653.464,129.971,0,10.6751,2.92493,1.274
3828,282.408,264.89,301.667,410.956,249.102,185.105,0,165.556,116.852,1.70581
3829,267.607,236.592,306.161,378.019,249.09,185.116,0,147.87,119.737,1.80975
3830,40.8999,44.2261,174.539,636.436,144.729,615.993,0,27.6413,13.2586,1.47967
3831,292.009,291.845,376.089,556.937,144.806,616.156,0,182.403,109.606,1.6009
3832,324.211,236.889,510.326,477.651,615.471,539.767,0,148.056,176.155,2.18978
3833,97.3991,122.641,355.429,704.693,313.129,818.063,0,76.6504,20.7486,1.27069
3834,73.5994,72.8398,138.795,396.771,67.7426,405.618,0,45.5249,28.0746,1.61669
3835,192.403,161.325,237.381,334.491,249.432,185.226,0,100.828,91.5746,1.90823
3836,245.906,199.991,476.57,391.94,630.328,334.127,0,124.994,120.911,1.96733
3837,244.306,161.09,459.78,598.174,613.156,612.607,0,100.682,143.624,2.42652
3838,55.1997,70.6517,207.47,676.011,149.439,693.302,0,44.1573,11.0424,1.25007
3839,7.3,7.92827,639.39,197.853,647.032,195.746,0,4.95517,2.34483,1.47321
3840,265.007,237.59,307.523,375.177,250.36,184.926,0,148.494,116.513,1.78464
3841,138.699,135.103,531.739,148.261,653.538,130.042,0,84.4392,54.2601,1.64259
3842,146.6,97.2355,519.657,608.918,613.172,612.602,0,60.7722,85.8276,2.41228
3843,63.4996,68.3321,409.426,146.914,356.026,173.614,0,42.7076,20.792,1.48685
3844,22.7001,27.4583,583.847,754.972,611.088,755.289,0,17.1614,5.53862,1.32274
3845,293.709,255.273,413.42,362.925,355.57,174.441,0,159.546,134.163,1.84091
3846,51.0998,51.5628,605.167,296.237,635.933,282.385,0,32.2268,18.873,1.58563
3847,56.8997,69.2888,186.017,599.231,144.791,615.885,0,43.3055,13.5942,1.31391
3848,13.1,10.1318,608.054,547.939,616.543,542.403,0,6.33237,6.76765,2.06874
3849,71.0995,63.8793,393.086,186.213,356.094,173.617,0,39.9246,31.1749,1.78085
3850,220.104,261.811,284.04,511.119,139.923,611.067,0,163.632,56.4726,1.34512
3851,161.901,148.873,518.053,137.6,653.537,129.752,0,93.0458,68.8549,1.74001
3852,68.8995,70.2758,566.486,718.396,611.989,753.053,0,43.9224,24.9771,1.56867
3853,187.302,157.84,215.81,382.461,67.6434,404.938,0,98.6503,88.6519,1.89865
3854,44.0999,54.2601,197.557,625.361,144.822,615.763,0,33.9126,10.1873,1.3004
3855,98.8991,96.6696,217.202,267.304,248.4,184.815,0,60.4185,38.4806,1.6369
3856,155.6,159.838,507.328,147.479,653.609,130.323,0,99.8988,55.7015,1.55758
3857,222.204,185.031,483.392,304.913,630.294,334.138,0,115.644,106.56,1.92144
3858,31.4001,31.3369,140.85,664.256,149.408,693.352,0,19.5856,11.8145,1.60322
3859,54.0997,42.4274,110.03,407.796,67.7136,405.567,0,26.5171,27.5826,2.04018
3860,362.713,244.244,420.561,491.667,592.565,493.864,1,152.653,210.06,2.37607
3861,184.202,156.008,220.586,391.418,67.7231,404.819,0,97.5053,86.6968,1.88915
3862,58.4997,48.3101,218.945,218.702,248.25,184.817,0,30.1938,28.3059,1.93747
3863,173.401,148.325,408.349,261.979,356.192,173.368,0,92.7032,80.6982,1.8705
3864,48.7998,59.7744,193.161,680.257,149.447,693.258,0,37.359,11.4408,1.30624
3865,248.706,217.928,391.874,335.845,349.727,174.695,0,136.205,112.501,1.82597
3866,66.5996,75.5142,349.912,201.235,349.931,174.828,0,47.1964,19.4032,1.41112
3867,138.299,123.278,159.806,490.505,139.593,611.219,0,77.0486,61.2506,1.79496
3868,287.408,234.286,264.15,433.036,67.6854,404.924,0,146.428,140.98,1.96279
3869,139.299,107.879,515.758,633.864,613.173,612.779,0,67.4246,71.8747,2.066
3870,4,3.3099,358.107,176.652,355.769,174.31,0,2.06869,1.93131,1.93359
3871,131.799,151.786,538.23,215.224,648.049,191.141,0,94.8665,36.9323,1.38931
3872,163.301,211.35,515.432,248.497,648.06,198.021,0,132.094,31.2069,1.23625
3873,362.713,238.854,437.613,599.711,601.917,612.971,1,149.284,213.429,2.42968
3874,79.4994,77.9851,200.1,586.751,144.648,615.704,0,48.7407,30.7587,1.63107
3875,63.7996,77.2074,354.21,196.86,349.953,174.777,0,48.2546,15.545,1.32214
3876,116.699,109.172,287.071,279.892,250.191,185.006,0,68.2326,48.4662,1.71031
3877,259.207,204.6,258.539,381.169,67.681,404.927,0,127.875,131.332,2.02703
3878,93.2991,89.6078,154.064,403.695,67.7468,404.944,0,56.0049,37.2943,1.66591
3879,362.713,311.95,447.021,526.371,565.64,617.242,1,194.969,167.744,1.86036
3880,362.713,30.1325,586.948,290.427,589.656,289.874,1,18.8328,343.88,19.2596
3881,41.6999,45.2079,608.713,131.672,653.473,129.956,0,28.2549,13.445,1.47585
3882,86.1993,77.4792,268.413,259.525,249.992,185.032,0,48.4245,37.7748,1.78008
3883,321.01,246.574,280.359,433.351,67.66,405.566,0,154.109,166.901,2.08301
3884,210.504,160.462,211.626,319.207,249.269,185.2,0,100.289,110.215,2.09897
3885,141.799,139.572,589.526,379.8,630.25,334.13,0,87.2324,54.5671,1.62554
3886,64.6996,82.1448,584.209,472.736,615.566,539.658,0,51.3405,13.3591,1.26021
3887,204.003,152.562,287.206,627.244,144.754,616.202,0,95.3515,108.652,2.13949
3888,123.299,134.884,568.62,421.161,615.592,539.669,0,84.3023,38.9964,1.46258
3889,38.6,50.1435,324.642,769.953,312.341,818.062,0,31.3397,7.26028,1.23166
3890,119.199,123.884,530.852,119.124,653.54,130.049,0,77.4272,41.7715,1.53949
3891,6.5,6.65629,73.2569,401.052,66.8322,402.793,0,4.16018,2.33981,1.56243
3892,93.7991,92.5334,568.221,140.519,653.506,130.046,0,57.8334,35.9658,1.62189
3893,166.101,158.525,228.445,565.99,144.74,615.776,0,99.0781,67.0229,1.67647
3894,20,22.9137,378.296,177.976,355.951,173.766,0,14.3211,5.67899,1.39655
3895,295.409,253.157,399.824,365.246,349.725,174.66,0,158.223,137.186,1.86704
3896,82.0993,85.0765,177.632,553.137,139.948,611.12,0,53.1728,28.9265,1.54401
3897,189.402,177.215,305.249,652.262,144.769,616.151,0,110.759,78.6433,1.71004
3898,225.105,169.774,237.293,342.611,249.35,185.202,0,106.109,118.996,2.12145
3899,0,0,356.114,173.447,356.114,173.447,0,0,0,0
3900,214.304,137.579,508.124,661.889,613.278,613.178,0,85.987,128.317,2.49228
3901,98.3991,96.447,541.957,353.054,630.335,333.979,0,60.2793,38.1197,1.63238
3902,254.606,304.688,279.132,475.645,139.94,611.138,0,190.43,64.1763,1.33701
3903,49.5998,61.5408,409.552,139.13,405.95,78.2208,0,38.463,11.1368,1.28955
3904,176.402,158.678,191.214,346.382,67.674,404.819,0,99.174,77.2276,1.77871
3905,230.005,167.952,170.937,305.977,248.238,184.664,0,104.97,125.035,2.19115
3906,192.303,222.779,441.512,679.22,313.251,818.207,0,139.237,53.0658,1.38112
3907,98.7991,93.1491,432.688,192.293,355.64,174.327,0,58.2182,40.5809,1.69705
3908,198.203,162.033,503.942,377.62,630.306,334.057,0,101.271,96.9321,1.95716
3909,167.701,162.268,183.757,471.047,139.661,611.107,0,101.418,66.2833,1.65357
3910,170.301,163.838,383.384,262.371,349.742,174.721,0,102.399,67.9022,1.66311
3911,203.003,205.288,346.502,341.994,349.667,174.726,0,128.305,74.6981,1.58219
3912,72.4995,62.5032,264.088,245.06,249.573,185.193,0,39.0645,33.435,1.85589
3913,337.911,295.397,411.132,408.254,349.816,174.663,0,184.623,153.288,1.83028
3914,48.6998,64.0478,204.012,633.364,144.824,615.821,0,40.0299,8.66996,1.21659
3915,362.713,179.142,406.778,503.465,529.458,444.021,1,111.964,250.749,3.23956
3916,362.713,244.833,410.124,615.025,600.998,612.156,1,153.021,209.692,2.37035
3917,215.204,225.294,275.227,548.727,144.643,615.653,0,140.809,74.3951,1.52834
3918,90.6992,91.0046,563.414,127.257,653.471,129.953,0,56.8779,33.8213,1.59463
3919,36.3,40.1823,82.0857,432.573,67.7061,405.448,0,25.1139,11.1861,1.44541
3920,337.411,275.835,286.698,456.341,67.7482,404.82,0,172.397,165.014,1.95718
3921,224.004,190.579,295.346,585.717,144.83,615.824,0,119.112,104.892,1.88062
3922,149.6,126.028,189.802,390.356,67.7221,404.883,0,78.7677,70.8322,1.89925
3923,45.0999,32.4279,581.911,619.283,613.297,613.152,0,20.2674,24.8324,2.22524
3924,17.3,21.393,142.753,590.267,139.869,611.109,0,13.3706,3.92939,1.29388
3925,29.8001,29.3569,614.037,271.974,636.028,282.704,0,18.3481,11.452,1.62415
3926,133.899,148.978,272.959,702.184,149.457,693.305,0,93.1112,40.7877,1.43805
3927,183.602,153.79,337.699,292.075,349.71,174.735,0,96.1187,87.4833,1.91016
3928,105.699,104.022,241.242,621.382,144.835,615.774,0,65.0139,40.6851,1.62579
3929,71.6995,77.1774,103.465,457.12,67.6602,405.609,0,48.2359,23.4636,1.48643
3930,40.7999,41.7109,560.568,833.529,602.387,833.322,0,26.0693,14.7306,1.56506
3931,362.713,268.051,410.99,566.23,582.312,617.885,1,167.532,195.181,2.16504
3932,271.707,209.252,479.107,278.146,355.583,174.43,0,130.782,140.925,2.07756
3933,53.3998,70.2347,201.421,638.582,144.783,615.801,0,43.8967,9.50304,1.21649
3934,266.407,318.461,318.025,478.91,139.945,611.159,0,199.038,67.3689,1.33847
3935,1.9,1.02935,316.892,818.424,316.128,819.357,0,0.643345,1.25666,2.95332
3936,287.108,259.699,364.795,406.07,349.729,174.727,0,162.312,124.796,1.76887
3937,146.1,117.528,543.143,672.702,613.218,612.822,0,73.455,72.6447,1.98897
3938,355.512,314.828,374.943,440.959,349.725,174.748,0,196.768,158.745,1.80676
3939,117.999,118.241,179.538,250.88,248.742,184.899,0,73.9003,44.0985,1.59673
3940,41.0999,50.4997,604.056,209.277,648.012,197.993,0,31.5623,9.53762,1.30218
3941,83.9993,65.8975,301.591,761.984,311.282,818.516,0,41.1859,42.8134,2.03951
3942,0,0,646.918,194.166,646.918,194.166,0,0,0,0
3943,158.8,108.329,205.853,264.833,248.143,184.73,0,67.7055,91.095,2.34546
3944,155.9,166.958,534.798,476.649,615.557,540.122,0,104.349,51.5516,1.49403
3945,66.6996,91.7599,577.377,252.626,647.913,197.796,0,57.35,9.34959,1.16303
3946,264.807,235.346,355.606,369.386,349.879,174.782,0,147.091,117.716,1.80029
3947,23.0001,29.3597,625.529,137.954,653.478,130.014,0,18.3498,4.65024,1.25342
3948,182.502,232.284,491.404,260.533,648.029,197.939,0,145.178,37.3242,1.25709
3949,362.713,253.902,402.213,462.506,591.585,491.878,1,158.689,204.024,2.28569
3950,97.5991,115.889,98.509,482.979,67.8477,405.296,0,72.4309,25.1682,1.34748
3951,226.005,199.904,332.528,627.558,144.778,616.038,0,124.94,101.065,1.8089
3952,111.399,134.539,529.244,735.095,611.06,755.182,0,84.0867,27.3121,1.32481
3953,197.303,148.167,467.756,213.572,356.179,173.399,0,92.6045,104.698,2.1306
3954,185.202,123.946,221.17,302.616,249.456,185.229,0,77.4663,107.736,2.39074
3955,254.306,193.113,474.721,546.551,613.285,613.082,0,120.696,133.61,2.107
3956,112.099,106.397,244.724,622.042,144.717,616.257,0,66.4983,45.6005,1.68574
3957,0,0,152.398,696.585,152.398,696.585,0,0,0,0
3958,336.511,296.018,270.076,458.031,67.6479,404.815,0,185.011,151.5,1.81887
3959,150.1,130.313,281.056,303.07,250.864,184.668,0,81.4458,68.6542,1.84294
3960,330.411,287.97,426.438,416.169,630.256,334.129,0,179.981,150.43,1.83581
3961,145.4,121.843,546.636,565.551,613.277,613.185,0,76.1521,69.2476,1.90933
3962,84.1993,84.7269,181.388,209.151,248.467,184.767,0,52.9543,31.245,1.59004
3963,355.913,271.223,424.06,436.724,615.55,539.696,0,169.514,186.398,2.0996
3964,19,22.3526,318.695,796.575,312.612,818.05,0,13.9704,5.02964,1.36002
3965,321.51,253.357,466.051,504.586,613.304,613.094,0,158.348,163.162,2.0304
3966,219.304,232.506,274.425,540.805,144.757,615.753,0,145.316,73.9877,1.50915
3967,86.0993,84.1183,429.586,145.913,356.091,173.571,0,52.574,33.5253,1.63768
3968,196.103,147.179,484.988,153.39,356.178,173.345,0,91.9868,104.116,2.13186
3969,261.307,212.601,296.673,564.306,144.742,615.699,0,132.875,128.431,1.96655
3970,61.4996,75.9651,213.928,676.822,149.672,693.266,0,47.4782,14.0215,1.29532
3971,221.404,185.819,494.65,300.533,630.295,334.15,0,116.137,105.268,1.90641
3972,124.499,149.934,281.496,700.037,149.429,693.342,0,93.7086,30.7901,1.32857
3973,65.3996,83.0089,580.499,477.361,615.618,540.299,0,51.8806,13.519,1.26058
3974,0,0,403.448,72.2556,403.448,72.2556,0,0,0,0
3975,218.504,169.218,272.259,338.526,250.617,184.781,0,105.761,112.743,2.06601
3976,118.499,112.181,269.608,750.784,310.763,818.733,0,70.1129,48.3858,1.69011
3977,151.4,133.365,139.872,495.194,139.587,611.189,0,83.3528,68.0472,1.81638
3978,362.713,257.448,422.088,582.539,594.507,615.13,1,160.905,201.808,2.25421
3979,362.713,231.921,397.641,471.106,583.207,465.935,1,144.95,217.762,2.50232
3980,362.713,211.938,455.102,687.712,609.432,612.674,1,132.461,230.252,2.73826
3981,87.5992,113.108,561.244,207.504,647.918,191.378,0,70.6926,16.9067,1.23916
3982,112.899,106.787,561.503,374.418,630.46,333.827,0,66.7421,46.1568,1.69157
3983,140.199,144.915,562.292,415.83,615.646,539.72,0,90.5716,49.6277,1.54794
3984,162.601,129.569,524.967,673.1,613.327,613.075,0,80.9806,81.6201,2.0079
3985,35.8,45.9625,305.915,187.165,349.771,174.695,0,28.7266,7.07343,1.24623
3986,35,36.0271,143.298,657.839,149.678,693.168,0,22.517,12.4831,1.55439
3987,242.706,182.624,235.133,375.39,67.7049,404.862,0,114.14,128.566,2.12639
3988,174.801,160.34,355.203,309.034,349.828,174.695,0,100.213,74.5888,1.74431
3989,226.505,280.185,302.193,514.75,139.937,611.068,0,175.116,51.3888,1.29346
3990,305.909,190.612,451.354,639.694,613.238,612.849,0,119.132,186.777,2.56781
3991,29.7001,34.4062,616.3,210.922,647.969,197.957,0,21.5039,8.19619,1.38115
3992,255.206,192.587,261.903,354.241,249.51,185.186,0,120.367,134.84,2.12024
3993,32.9001,25.8219,592.432,620.583,613.332,613.098,0,16.1387,16.7614,2.03858
3994,186.702,133.248,510.841,653.426,613.347,613.062,0,83.2803,103.422,2.24185
3995,288.208,221.215,459.365,329.807,356.19,173.436,0,138.259,149.949,2.08455
3996,181.202,141.039,199.649,304.141,248.236,184.686,0,88.1495,93.0523,2.05562
3997,326.911,290.743,377.837,423.978,349.869,174.718,0,181.714,145.196,1.79904
3998,121.299,109.372,250.945,632.341,144.669,615.734,0,68.3574,52.9413,1.77448
3999,177.102,136.635,472.098,154.43,356.107,173.429,0,85.3968,91.7048,2.07387
4000,54.8997,70.6485,589.889,482.475,615.614,540.306,0,44.1553,10.7444,1.24333
4001,42.7999,61.176,209.588,724.108,152.719,701.799,0,38.235,4.56495,1.11939
4002,323.211,195.749,461.467,664.333,613.223,612.781,0,122.343,200.868,2.64184
4003,125.899,171.411,550.028,246.677,647.958,197.682,0,107.132,18.7666,1.17517
4004,134.999,124.97,537.616,679.776,613.219,612.889,0,78.1061,56.8929,1.7284
4005,137.199,121.999,127.146,510.199,139.551,611.194,0,76.2493,60.9499,1.79935
4006,306.81,221.101,455.83,335.184,356.114,173.448,0,138.188,168.621,2.22023
4007,116.199,110.045,374.87,216.23,355.756,174.333,0,68.7782,47.4206,1.68947
4008,64.8996,60.5348,600.117,174.867,648.193,190.952,0,37.8343,27.0653,1.71536
4009,111.699,105.145,357.632,224.937,349.717,174.709,0,65.7154,45.9835,1.69974
4010,72.3995,80.106,556.041,348.831,630.347,333.996,0,50.0662,22.3332,1.44607
4011,35.7,26.3983,266.86,206.15,252.578,184.029,0,16.4989,19.2011,2.16378
4012,345.112,278.959,425.263,411.356,630.273,334.046,0,174.349,170.763,1.97943
4013,110.999,101.754,168.565,400.417,67.8305,405.445,0,63.5963,47.4026,1.74537
4014,160.701,157.633,186.055,477.93,139.583,611.25,0,98.5204,62.1802,1.63114
4015,10.8,10.2836,607.359,547.085,616.632,542.772,0,6.42728,4.37272,1.68034
4016,133.099,116.371,258.623,296.626,250.449,184.803,0,72.7319,60.367,1.82999
4017,156.7,137.943,201.278,394.278,67.7198,404.857,0,86.2141,70.4862,1.81757
4018,184.302,206.64,352.065,629.923,313.039,818.053,0,129.15,55.1523,1.42704
4019,196.803,196.551,525.74,505.376,615.556,539.66,0,122.844,73.9587,1.60205
4020,103.699,104.741,251.878,763.957,310.714,818.82,0,65.4632,38.2358,1.58408
4021,207.203,230.883,267.94,514.62,139.938,611.137,0,144.302,62.9015,1.4359
4022,238.605,179.461,489.909,306.007,630.286,334.093,0,112.163,126.442,2.12731
4023,338.511,300.6,349.085,431.876,349.597,174.564,0,187.875,150.636,1.80179
4024,139.799,101.721,215.469,258.875,248.259,184.747,0,63.5759,76.2235,2.19894
4025,160.101,176.697,377.775,670.434,312.305,818.133,0,110.436,49.6647,1.44972
4026,262.107,316.915,310.304,476.694,139.949,611.192,0,198.072,64.035,1.32329
4027,260.307,203.395,477.45,400.237,630.369,334.131,0,127.122,133.185,2.04769
4028,211.204,164.247,175.449,302.758,248.212,184.661,0,102.654,108.549,2.05743
4029,284.008,229.504,248.447,442.673,67.7007,405.512,0,143.44,140.568,1.97998
4030,204.903,192.589,217.478,478.255,140.089,611.078,0,120.368,84.5355,1.70231
4031,76.6994,98.9073,221.292,750.349,152.567,701.763,0,61.8171,14.8823,1.24075
4032,362.713,292.75,406.232,450.642,613.958,540.373,1,182.969,179.744,1.98238
4033,115.599,111.378,544.143,576.723,613.208,612.736,0,69.6113,45.9875,1.66063
4034,152.4,149.829,615.485,445.363,615.655,539.736,0,93.6434,58.7567,1.62745
4035,285.708,282.746,358.778,553.181,144.673,615.607,0,176.716,108.992,1.61676
4036,42.0999,54.4936,561.148,748.081,612.206,752.48,0,34.0585,8.04144,1.23611
4037,224.705,188.518,284.799,572.033,144.755,616.047,0,117.824,106.881,1.90712
4038,251.906,175.496,237.004,346.916,249.044,184.987,0,109.685,142.221,2.29663
4039,362.713,213.496,461.556,686.472,606.907,613.131,1,133.435,229.278,2.71827
4040,164.501,154.575,354.773,303.51,349.777,174.711,0,96.6092,67.8916,1.70274
4041,340.612,349.72,372.626,479.773,144.794,616.018,0,218.575,122.036,1.55833
4042,60.8996,68.6988,584.642,309.529,630.303,334.128,0,42.9368,17.9629,1.41836
4043,209.604,235.975,267.962,520.114,139.922,611.073,0,147.484,62.1191,1.42119
4044,239.505,200.772,492.308,401.543,630.306,334.136,0,125.482,114.023,1.90868
4045,26.1001,26.7528,142.538,668.333,149.658,693.264,0,16.7205,9.37958,1.56096
4046,126.599,139.67,213.819,530.863,140.048,611.136,0,87.2939,39.3047,1.45026
4047,71.9995,68.6912,420.164,179.477,355.751,174.237,0,42.932,29.0675,1.67706
4048,23.0001,18.9834,86.4381,404.975,67.6646,404.87,0,11.8646,11.1354,1.93854
4049,52.9998,63.2703,406.67,151.458,356.014,173.687,0,39.5439,13.4558,1.34027
4050,152.5,151.936,516.058,142.372,653.57,130.261,0,94.96,57.5401,1.60594
4051,109.899,102.268,546.271,322.11,630.324,333.951,0,63.9177,45.9812,1.71938
4052,122.499,112.425,169.51,513.256,140.089,611.102,0,70.2655,52.2332,1.74337
4053,115.799,120.773,197.057,534.295,140.196,611.202,0,75.4832,40.3156,1.5341
4054,133.999,120.425,128.963,509.906,139.592,611.206,0,75.2658,58.7332,1.78034
4055,19.7,22.18,331.977,186.444,350.002,174.794,0,13.8625,5.83753,1.4211
4056,324.811,275.894,401.814,395.099,349.546,174.615,0,172.434,152.377,1.88368
4057,320.21,191.476,451.87,643.494,613.16,612.965,0,119.672,200.538,2.67572
4058,142.499,122.524,185.261,263.632,248.61,184.94,0,76.5778,65.9217,1.86085
4059,225.605,163.72,179.082,302.611,248.789,185.001,0,102.325,123.279,2.20478
4060,17.3,23.3265,175.009,709.365,152.992,701.708,0,14.5791,2.72097,1.18664
4061,78.9994,72.1578,266.697,254.139,249.88,185.138,0,45.0986,33.9007,1.7517
4062,0,0,604.422,831.134,604.419,831.132,0,0,0,0
4063,7.89999,8.31358,152.086,620.007,144.166,617.481,0,5.19599,2.704,1.5204
4064,193.503,195.036,363.431,284.931,349.525,174.616,0,121.898,71.6049,1.58742
4065,0,0,612.119,815.35,612.119,815.35,0,0,0,0
4066,43.6999,30.6471,584.419,619.352,613.279,613.226,0,19.1545,24.5454,2.28145
4067,46.2999,56.7822,556.695,820.931,602.402,833.346,0,35.4889,10.811,1.30463
4068,180.602,205.521,372.107,643.845,312.031,818.158,0,128.45,52.1514,1.406
4069,183.002,183.197,377.444,305.829,349.92,174.82,0,114.498,68.5036,1.59829
4070,5.9,5.12612,360.381,176.429,355.923,174.135,0,3.20382,2.69617,1.84155
4071,192.003,199.518,204.172,455.737,139.958,611.122,0,124.699,67.304,1.53973
4072,204.203,198.252,243.48,499.644,139.495,611.226,0,123.907,80.2959,1.64803
4073,133.899,116.363,258.87,297.158,249.815,185.104,0,72.7266,61.1724,1.84113
4074,70.9995,64.5607,595.782,175.61,647.75,191.827,0,40.3504,30.6491,1.75957
4075,136.699,155.518,92.613,494.806,67.8402,405.353,0,97.1985,39.5006,1.40639
4076,164.201,168.464,499.406,142.912,653.554,129.727,0,105.29,58.9109,1.55951
4077,31.7001,37.3882,614.973,213.428,648.262,198.108,0,23.3676,8.33247,1.35658
4078,18.6,18.8406,605.79,556.272,616.346,542.017,0,11.7754,6.82466,1.57957
4079,94.3991,89.7233,222.423,266.209,248.946,184.986,0,56.0771,38.322,1.68338
4080,31.1001,25.0019,92.6395,406.23,67.6977,404.797,0,15.6262,15.4739,1.99026
4081,12.3,15.353,601.366,537.904,615.577,540.45,0,9.59562,2.70439,1.28184
4082,191.202,188.227,216.107,482.476,139.513,611.176,0,117.642,73.5608,1.6253
4083,288.308,206.769,224.934,417.972,67.7091,405.565,0,129.23,159.078,2.23096
4084,150.3,191.361,535.777,311.389,647.95,197.598,0,119.601,30.6991,1.25668
4085,8.9,9.07054,358.126,183.185,354.584,174.836,0,5.66909,3.23091,1.56992
4086,177.002,134.562,205.643,305.989,248.21,184.681,0,84.1011,92.9005,2.10463
4087,193.803,146.649,502.754,665.586,613.324,612.552,0,91.6553,102.147,2.11447
4088,7.7,7.88834,608.171,541.757,615.645,539.594,0,4.93022,2.76978,1.5618
4089,26.8001,29.557,588.494,769.02,611.185,755.193,0,18.4732,8.32692,1.45076
4090,312.41,300.093,375.249,551.739,144.843,616.013,0,187.558,124.852,1.66567
4091,20.9,24.4699,275.058,193.757,253.291,183.01,0,15.2937,5.60638,1.36658
4092,100.099,92.4729,243.702,782.58,310.828,818.712,0,57.7955,42.3035,1.73195
4093,272.607,192.975,222.68,431.103,67.686,405.543,0,120.609,151.998,2.26026
4094,141.699,144.556,544.074,463.541,615.557,539.614,0,90.3473,51.3521,1.56839
4095,190.302,173.96,420.281,294.35,355.625,174.392,0,108.725,81.5774,1.75031
4096,62.7996,74.5855,121.658,555.442,139.954,611.141,0,46.616,16.1837,1.34717
4097,133.699,175.554,525.509,289.244,647.935,197.815,0,109.721,23.9775,1.21853
4098,47.3998,57.5905,412.541,134.49,405.948,78.1852,0,35.994,11.4058,1.31688
4099,14.9,11.4212,606.694,547.376,616.469,542.148,0,7.13824,7.76179,2.08735
4100,241.406,216.171,498.59,464.874,615.59,539.653,0,135.107,106.298,1.78677
4101,106.199,108.327,286.255,280.339,250.381,184.923,0,67.7041,38.4948,1.56857
4102,46.4999,58.065,314.148,768.035,311.897,818.254,0,36.2906,10.2093,1.28132
4103,340.712,295.001,347.758,422.552,349.872,174.746,0,184.376,156.336,1.84792
4104,192.503,151.665,442.744,259.988,355.649,174.399,0,94.7907,97.7119,2.03082
4105,0,0,656.783,133.182,656.783,133.182,0,0,0,0
4106,20.2,25.3978,148.153,590.511,139.886,611.135,0,15.8736,4.32641,1.27255
4107,3.7,2.88997,133.065,613.242,135.75,614.31,0,1.80623,1.89377,2.04847
4108,177.402,139.423,521.43,655.652,613.247,612.94,0,87.1395,90.2621,2.03583
4109,97.1991,104.446,356.868,225.856,349.927,174.821,0,65.2785,31.9205,1.48899
4110,69.0995,80.2757,224.048,626.874,144.732,615.698,0,50.1723,18.9272,1.37724
4111,362.713,215.859,387.718,517.526,539.475,443.947,1,134.912,227.801,2.68851
4112,164.701,130.701,208.169,306.695,248.406,184.816,0,81.688,83.0128,2.01622
4113,8.09999,8.78609,152.277,684.904,149.929,693.37,0,5.4913,2.60869,1.47506
4114,219.004,150.676,485.768,199.853,355.93,174.025,0,94.1726,124.832,2.32556
4115,149.3,143.158,528.529,159.468,653.595,130.383,0,89.474,59.8259,1.66864
4116,101.299,112.259,190.721,255.219,248.663,184.897,0,70.1618,31.1372,1.44379
4117,20.5,19.6954,163.483,619.062,144.782,615.96,0,12.3096,8.19041,1.66537
4118,51.5998,59.8479,570.719,781.902,611.173,754.829,0,37.4049,14.1948,1.37949
4119,251.706,200.214,472.028,276.74,355.626,174.33,0,125.134,126.572,2.0115
4120,120.999,143.578,532.02,182.99,647.882,191.479,0,89.7363,31.2625,1.34838
4121,172.001,162.431,275.079,664.78,144.84,616.015,0,101.519,70.4822,1.69428
4122,362.713,260.438,374.523,499.919,578.846,452.12,1,162.774,199.939,2.22832
4123,269.107,201.977,504.934,519.688,613.216,612.615,0,126.236,142.871,2.13178
4124,86.5993,85.2511,530.151,611.466,613.209,612.751,0,53.2819,33.3173,1.6253
4125,77.5994,91.1466,105.771,470.967,67.7051,404.896,0,56.9666,20.6328,1.36219
4126,256.506,218.05,390.815,337.623,349.994,174.819,0,136.282,120.225,1.88218
4127,272.907,192.678,475.908,548.442,613.29,613.123,0,120.424,152.484,2.26623
4128,53.7998,59.7142,592.618,696.872,612.315,752.329,0,37.3214,16.4784,1.44153
4129,234.005,206.354,446.899,323.993,355.569,174.324,0,128.971,105.034,1.8144
4130,193.803,176.518,234.873,553.063,144.746,615.683,0,110.324,83.4791,1.75668
4131,110.099,144.438,386.097,709.677,313.146,818.066,0,90.2738,19.8251,1.21961
4132,75.2994,88.8556,279.196,263.869,250.324,184.902,0,55.5348,19.7647,1.3559
4133,119.199,117.708,295.778,282.496,250.332,184.949,0,73.5677,45.6311,1.62026
4134,98.7991,97.3394,155.319,516.181,139.592,611.2,0,60.8371,37.9619,1.62399
4135,81.1993,66.6827,300.93,762.824,311.674,818.376,0,41.6767,39.5227,1.94832
4136,330.711,299.63,310.987,461.378,67.6641,404.887,0,187.269,143.442,1.76597
4137,141.199,162.598,537.982,226.611,648.185,190.937,0,101.624,39.5757,1.38943
4138,12.8,13.1423,602.764,743.23,612.324,752.39,0,8.21391,4.5861,1.55833
4139,205.503,230.886,433.132,703.023,312.843,817.981,0,144.304,61.1995,1.4241
4140,316.61,252.254,472.66,511.817,613.175,612.654,0,157.658,158.952,2.0082
4141,135.399,162.293,340.187,665.795,312.921,818.006,0,101.433,33.966,1.33486
4142,337.011,303.504,324.78,449.597,67.6619,405.572,0,189.69,147.321,1.77664
4143,317.31,291.425,359.175,435.412,350.016,174.793,0,182.14,135.17,1.74212
4144,107.699,137.975,531.881,188.833,647.99,191.362,0,86.2346,21.4644,1.24891
4145,268.607,223.77,460.648,335.647,355.573,174.357,0,139.856,128.751,1.9206
4146,8.4,8.66426,593.911,832.043,602.417,833.485,0,5.41516,2.98484,1.5512
4147,112.399,125.876,129.716,476.546,67.7628,405.433,0,78.6726,33.7262,1.42869
4148,2.5,1.59341,247.144,174.621,247.799,176.074,0,0.995882,1.50412,2.51034
4149,362.713,123.533,132.193,538.843,124.686,538.312,1,77.2081,285.505,4.69786
4150,51.8998,61.2846,314.156,764.999,311.944,818.298,0,38.3029,13.5969,1.35498
4151,234.905,313.165,391.62,574.773,312.655,818.005,0,195.728,39.1772,1.20016
4152,60.3997,51.8132,111.946,416.433,67.6769,405.592,0,32.3833,28.0164,1.86515
4153,114.899,110.864,246.751,759.699,310.691,818.829,0,69.29,45.6088,1.65823
4154,6.4,6.28307,641.928,189.268,647.628,191.912,0,3.92692,2.47308,1.62978
4155,217.504,178.694,275.623,582.286,144.751,616.122,0,111.684,105.821,1.9475
4156,329.911,299.015,348.016,523.914,144.733,615.813,0,186.885,143.026,1.76532
4157,184.902,157.282,447.48,257.968,355.638,174.407,0,98.3012,86.6009,1.88097
4158,96.2991,111.246,574.842,444.413,615.565,539.712,0,69.5289,26.7702,1.38502
4159,362.713,221.375,393.748,519.165,547.973,449.399,1,138.359,224.354,2.62153
4160,69.4995,90.5522,573.448,479.352,615.575,540.349,0,56.5951,12.9044,1.22801
4161,362.713,183.628,414.346,505.487,525.594,444.34,1,114.767,247.946,3.16042
4162,213.004,180.65,435.352,303.743,356.281,173.241,0,112.906,100.098,1.88655
4163,56.4997,35.5563,245.546,220.301,249.1,185.143,0,22.2227,34.277,2.54243
4164,21.1,19.859,596.7,604.007,613.164,612.745,0,12.4119,8.68815,1.69999
4165,188.202,185.87,396.55,294.657,355.593,174.391,0,116.168,72.0338,1.62008
4166,281.908,166.903,564.456,545.983,613.209,612.758,0,104.314,177.594,2.70248
4167,177.502,115.961,225.375,296.22,249.461,185.209,0,72.4758,105.026,2.44912
4168,170.601,124.908,251.819,612.093,144.746,615.632,0,78.0675,92.5337,2.1853
4169,24.6001,29.1412,620.801,207.85,647.798,197.305,0,18.2133,6.38678,1.35067
4170,91.8992,109.084,577.356,447.205,615.593,540.251,0,68.1777,23.7215,1.34794
4171,74.1994,82.386,225.652,628.965,144.695,615.653,0,51.4913,22.7082,1.44101
4172,86.3993,90.4559,231.605,623.665,144.82,615.94,0,56.535,29.8643,1.52824
4173,163.601,190.734,409.952,685.774,313.146,818.194,0,119.209,44.3919,1.37239
4174,212.004,154.417,187.544,307.548,248.283,184.781,0,96.5103,115.493,2.1967
4175,239.305,170.56,488.226,214.909,356.167,173.306,0,106.6,132.705,2.24489
4176,40.9999,37.058,289.219,185.639,253.39,182.834,0,23.1613,17.8387,1.7702
4177,325.911,291.381,263.111,481.314,67.7416,405.577,0,182.113,143.797,1.7896
4178,35,38.2834,174.193,630.862,144.766,615.947,0,23.9272,11.0729,1.46277
4179,106.099,108.01,234.714,606.639,144.813,616.105,0,67.5062,38.5927,1.57169
4180,138.499,119.999,430.06,240.026,355.621,174.426,0,74.9996,63.4997,1.84667
4181,146.3,121.78,165.382,369.881,67.6752,405.51,0,76.1125,70.1872,1.92215
4182,362.713,241.177,460.401,475.513,605.338,537.384,1,150.736,211.977,2.40629
4183,21.8,21.7048,273.201,190.479,253.189,183.437,0,13.5655,8.23456,1.60702
4184,15.9,17.4819,585.059,833.977,602.419,833.345,0,10.9262,4.97385,1.45522
4185,137.299,126.3,166.65,365.563,67.6646,404.888,0,78.9373,58.3619,1.73935
4186,279.708,224.579,472.273,250.67,356.105,173.456,0,140.362,139.346,1.99276
4187,82.7993,73.9567,554.278,731.581,612.056,752.576,0,46.223,36.5764,1.7913
4188,114.399,98.5298,138.794,520.775,139.657,611.113,0,61.5811,52.8177,1.85769
4189,87.1992,91.8042,146.459,522.021,139.544,611.159,0,57.3776,29.8216,1.51974
4190,163.301,134.183,293.134,293.119,251.014,184.649,0,83.8644,79.4363,1.9472
4191,3.6,2.6399,603.391,811.814,606.144,812.563,0,1.64994,1.95006,2.1819
4192,230.005,281.759,287.088,493.292,139.858,611.163,0,176.099,53.9053,1.30611
4193,27.9001,36.3489,589.065,529.083,615.753,540.411,0,22.718,5.18203,1.2281
4194,112.199,139.803,531.207,186.552,647.789,191.74,0,87.3771,24.8218,1.28408
4195,102.899,101.35,553.588,123.661,653.465,129.952,0,63.3436,39.5554,1.62446
4196,13.2,15.9932,256.303,199.68,250.818,184.667,0,9.99576,3.20425,1.32056
4197,12,13.648,244.96,197.632,249.749,185.224,0,8.53003,3.46998,1.4068
4198,217.304,207.319,612.842,382.151,615.586,539.563,0,129.575,87.7296,1.67706
4199,120.199,86.8009,542.871,636.918,613.284,613.182,0,54.2506,65.9482,2.21562
4200,295.409,279.585,286.402,457.541,67.7672,404.991,0,174.741,120.668,1.69055
4201,131.799,131.782,513.48,719.019,612.115,752.65,0,82.3639,49.4349,1.6002
4202,56.4997,44.7645,219.725,207.207,248.508,184.835,0,27.9778,28.5219,2.01945
4203,138.399,128.059,311.467,263.914,349.739,174.733,0,80.0366,58.3626,1.7292
4204,114.099,114.531,192.416,256.974,248.678,184.924,0,71.5816,42.5173,1.59397
4205,41.2999,40.5516,604.572,581.862,613.461,612.039,0,25.3448,15.9552,1.62953
4206,260.807,154.972,497.02,625.063,613.224,612.832,0,96.8574,163.949,2.69269
4207,362.713,265.585,432.798,466.271,604.338,539.84,1,165.991,196.722,2.18514
4208,39.8,47.694,402.695,171.414,355.802,174.222,0,29.8087,9.99124,1.33518
4209,306.309,264.582,365.188,407.566,349.667,174.615,0,165.364,140.946,1.85234
4210,50.8998,62.3806,563.641,791.524,606.483,811.795,0,38.9879,11.9119,1.30553
4211,322.31,220.437,469.746,367.592,630.27,334.104,0,137.773,184.537,2.33943
4212,128.499,100.889,230.645,280.952,249.354,185.23,0,63.0553,65.4433,2.03787
4213,90.1992,91.3495,121.941,452.468,67.7918,405.222,0,57.0934,33.1058,1.57985
4214,62.7996,61.5708,591.91,132.35,653.547,130.09,0,38.4817,24.3179,1.63193
4215,246.106,153.329,496.673,620.321,613.318,613.109,0,95.8303,150.276,2.56814
4216,58.4997,59.7171,609.622,154.056,653.453,130.133,0,37.3232,21.1765,1.56738
4217,49.6998,57.0273,407.194,159.455,355.771,174.271,0,35.6421,14.0577,1.39441
4218,268.707,278.796,367.64,563.494,144.753,615.859,0,174.248,94.4596,1.5421
4219,234.305,165.08,486.578,637.322,613.193,613.035,0,103.175,131.13,2.27094
4220,161.201,104.131,207.033,266.302,248.616,184.924,0,65.0816,96.119,2.4769
4221,151,170.612,373.304,674.255,313.097,818.061,0,106.632,44.3676,1.41608
4222,239.505,323.722,396.53,551.175,312.7,817.958,0,202.326,37.1791,1.18376
4223,148.2,112.964,163.763,420.073,67.6624,405.531,0,70.6026,77.5973,2.09907
4224,45.2999,48.4096,613.187,168.792,647.577,191.877,0,30.256,15.0439,1.49722
4225,173.301,173.619,368.95,305.092,349.513,174.635,0,108.512,64.7893,1.59707
4226,185.002,141.289,294.144,304.221,250.738,184.772,0,88.3055,96.6966,2.09502
4227,244.606,221.302,475.151,430.225,615.564,539.791,0,138.314,106.292,1.76849
4228,177.602,177.282,211.14,498.099,140.122,611.082,0,110.801,66.8006,1.60289
4229,292.909,229.91,467.098,364.227,630.384,334.084,0,143.693,149.215,2.03843
4230,175.001,139.302,287.979,304.92,249.532,185.239,0,87.0641,87.9374,2.01003
4231,29.4001,36.6763,174.582,672.9,149.864,693.221,0,22.9227,6.47741,1.28258
4232,108.999,141.249,381.318,705.807,313.183,818.19,0,88.2807,20.7182,1.23469
4233,186.602,127.218,528.282,655.858,613.253,612.463,0,79.5111,107.091,2.34687
4234,93.6991,102.663,220.555,650.276,144.792,616.026,0,64.1645,29.5347,1.4603
4235,152.9,195.716,518.804,271.92,648.129,197.982,0,122.323,30.5776,1.24997
4236,230.105,176.831,223.216,346.199,249.87,185.124,0,110.519,119.586,2.08204
4237,0.8,0.212045,247.733,184.82,247.896,184.646,0,0.132528,0.667472,6.03646
4238,362.713,63.0026,450.922,236.778,450.58,237.476,1,39.3766,323.336,9.21138
4239,249.706,158.341,201.777,427.418,67.7487,404.841,0,98.9633,150.743,2.52322
4240,42.9999,57.9104,324.558,761.78,312.681,818.004,0,36.194,6.80589,1.18804
4241,162.401,158.739,355.978,307.522,349.534,174.632,0,99.212,63.1887,1.63691
4242,247.806,222.943,484.297,466.857,615.46,539.88,0,139.339,108.466,1.77843
4243,100.599,92.9984,159.734,402.025,67.7459,405.504,0,58.124,42.475,1.73077
4244,157.5,130.805,528.784,671.156,613.177,613.017,0,81.7531,75.7474,1.92654
4245,148.7,137.445,328.587,278.451,349.825,174.742,0,85.9031,62.7967,1.73102
4246,172.401,130.839,208.572,307.297,248.81,185.005,0,81.7742,90.6271,2.10826
4247,241.706,191.527,240.996,375.052,67.682,404.86,0,119.705,122.001,2.01918
4248,70.9995,94.9676,339.427,727.281,312.803,818.012,0,59.3547,11.6448,1.19619
4249,97.1991,85.5256,568.175,695.605,612.064,752.637,0,53.4535,43.7456,1.81839
4250,348.112,251.875,450.656,460.607,615.676,539.719,0,157.422,190.69,2.21133
4251,11.3,13.6749,634.566,187.858,647.56,192.014,0,8.54679,2.75322,1.32213
4252,33.6001,45.4881,263.495,228.419,250.673,184.793,0,28.4301,5.16998,1.18185
4253,135.299,131.904,582.09,381.597,630.31,334.135,0,82.44,52.859,1.64118
4254,309.01,247.654,403.369,354.578,349.9,174.692,0,154.784,154.226,1.9964
4255,312.41,300.769,316.455,452.097,67.6533,404.898,0,187.981,124.429,1.66192
4256,258.107,221.278,472.766,440.892,615.641,539.695,0,138.299,119.808,1.8663
4257,273.607,202.397,215.284,458.936,67.6844,405.524,0,126.498,147.109,2.16294
4258,113.499,118.808,544.247,677.406,613.211,612.785,0,74.2547,39.2441,1.52851
4259,39.2,42.9291,611.133,132.909,653.549,129.951,0,26.8307,12.3693,1.46101
4260,56.8997,42.6329,253.038,227.824,250.034,185.022,0,26.6455,30.2542,2.13543
4261,95.4991,95.6976,566.105,144.397,653.481,130.007,0,59.811,35.6881,1.59668
4262,209.904,144.763,463.26,165.872,356.115,173.498,0,90.477,119.427,2.31997
4263,171.901,217.09,503.125,262.781,647.903,197.697,0,135.681,36.2202,1.26695
4264,35.1,37.5693,82.4276,430.171,67.7059,405.49,0,23.4808,11.6192,1.49484
4265,69.2995,71.6767,418.896,155.426,356.127,173.541,0,44.798,24.5016,1.54693
4266,230.205,217.488,602.974,384.25,615.609,539.726,0,135.93,94.2746,1.69355
4267,62.0996,64.2671,163.398,563.934,139.836,611.052,0,40.167,21.9327,1.54604
4268,362.713,183.957,416.163,506.586,541.365,444.155,1,114.973,247.74,3.15476
4269,68.4995,62.1862,253.757,240.3,250.025,185.031,0,38.8664,29.6332,1.76244
4270,362.713,275.922,405.419,576.091,566.688,617.696,1,172.451,190.262,2.10328
4271,65.2996,60.2821,205.586,217.058,248.436,184.791,0,37.6763,27.6232,1.73317
4272,66.2996,66.0653,587.967,125.677,653.473,129.824,0,41.2908,25.0088,1.60567
4273,278.608,251.544,366.652,397.691,350.047,174.825,0,157.215,121.392,1.77214
4274,150.9,125.62,529.66,668.533,613.165,612.84,0,78.5126,72.3874,1.92198
4275,89.5992,84.3372,430.495,148.881,356.14,173.642,0,52.7107,36.8885,1.69983
4276,95.8991,125.127,265.804,724.036,153.602,700.576,0,78.2047,17.6944,1.22626
4277,285.008,224.868,240.946,444.257,67.7855,405.42,0,140.543,144.465,2.02791
4278,99.3991,113.1,341.492,265.302,349.919,174.74,0,70.6876,28.7115,1.40617
4279,253.106,228.02,463.731,437.945,615.503,539.922,0,142.512,110.594,1.77603
4280,135.199,142.579,307.644,301.687,251.301,184.541,0,89.1119,46.0871,1.51718
4281,38.1,34.4437,244.023,218.72,249.86,185.101,0,21.5273,16.5727,1.76984
4282,50.6998,52.178,611.135,147.424,653.488,130.048,0,32.6113,18.0885,1.55467
4283,176.702,135.397,286.265,297.62,249.705,185.218,0,84.6228,92.0788,2.08811
4284,229.105,313.323,396.745,562.835,312.672,818.004,0,195.827,33.2781,1.16994
4285,55.0997,55.792,90.4113,439.538,67.736,405.561,0,34.87,20.2297,1.58015
4286,227.905,218.048,602.942,388.385,615.62,539.718,0,136.28,91.6248,1.67233
4287,25.8001,30.7207,623.241,132.627,653.484,130.046,0,19.2005,6.5996,1.34372
4288,240.605,158.784,501.909,677.568,613.31,613.142,0,99.24,141.366,2.42448
4289,309.11,171.322,457.24,592.961,613.252,612.939,0,107.076,202.034,2.88683
4290,283.908,239.757,459.163,428.482,615.595,539.639,0,149.848,134.06,1.89464
4291,77.5994,82.8717,183.303,208.508,248.255,184.701,0,51.7948,25.8046,1.49821
4292,70.0995,92.8499,232.291,740.402,152.771,701.752,0,58.0312,12.0683,1.20796
4293,17.2,19.9761,293.179,812.644,311.776,818.41,0,12.485,4.715,1.37765
4294,270.907,214.919,480.772,329.903,630.366,334.12,0,134.325,136.583,2.01681
4295,87.9992,102.127,518.617,758.902,611.156,755.166,0,63.8291,24.1701,1.37867
4296,9.4,10.4663,406.76,88.4111,406.078,78.1722,0,6.54144,2.85855,1.43699
4297,55.0997,46.6061,113.296,398.035,67.6918,404.807,0,29.1288,25.9709,1.89159
4298,127.699,122.941,278.708,728.583,311.069,818.613,0,76.8384,50.8603,1.66191
4299,112.899,103.311,292.534,737.414,311.366,818.518,0,64.5692,48.3297,1.7485
4300,27.0001,23.6329,91.1882,405.087,67.6478,404.837,0,14.7706,12.2295,1.82796
4301,71.3995,62.9491,203.198,216.058,249.198,185.115,0,39.3432,32.0563,1.81479
4302,324.411,289.803,376.992,560.287,144.724,615.667,0,181.127,143.284,1.79107
4303,346.712,221.674,427.666,624.33,613.294,612.545,0,138.546,208.166,2.5025
4304,154.2,137.22,501.224,339.992,630.331,334.061,0,85.7623,68.438,1.798
4305,28.4001,32.7064,616.512,349.607,630.354,334.097,0,20.4415,7.95856,1.38933
4306,235.805,214.69,497.972,463.003,615.588,539.676,0,134.181,101.624,1.75737
4307,196.203,200.595,247.547,501.355,140.119,611.074,0,125.372,70.831,1.56497
4308,269.507,202.181,213.764,458.112,67.6715,405.497,0,126.363,143.144,2.1328
4309,201.103,155.929,277.891,326.466,251.118,184.605,0,97.4554,103.648,2.06354
4310,138.599,132.999,311.294,280.677,250.656,184.782,0,83.1243,55.475,1.66737
4311,148.8,152.635,229.627,572.335,144.825,616.179,0,95.397,53.4029,1.5598
4312,357.813,231.303,419.046,641.43,613.195,612.728,0,144.564,213.248,2.47511
4313,314.21,208.505,469.301,384.049,630.356,334.123,0,130.316,183.894,2.41115
4314,39.3,53.8022,202.317,722.596,152.774,701.802,0,33.6264,5.6736,1.16872
4315,75.9994,78.8223,186.958,209.271,248.37,184.776,0,49.2639,26.7355,1.5427
4316,94.8991,82.0341,583.392,368.963,630.283,334.328,0,51.2713,43.6278,1.85092
4317,148.1,150.719,526.155,166.04,653.503,130.22,0,94.1993,53.9005,1.5722
4318,357.513,283.626,412.651,435.944,615.468,540.154,0,177.266,180.247,2.01681
4319,349.212,223.598,477.699,368.598,630.364,334.057,0,139.749,209.463,2.49886
4320,0,0,637.596,332.621,637.596,332.621,0,0,0,0
4321,147.2,111.527,176.746,405.354,67.6869,405.551,0,69.7042,77.4956,2.11178
4322,108.099,103.476,292.953,738.121,311.739,818.399,0,64.6725,43.4264,1.67148
4323,209.704,171.758,216.922,351.6,67.6491,404.936,0,107.349,102.355,1.95348
4324,159.701,147.733,370.723,270.977,349.713,174.724,0,92.3331,67.3674,1.72961
4325,168.401,150.387,518.857,557.732,613.169,612.641,0,93.992,74.4091,1.79165
4326,78.1994,77.0745,198.544,644.456,144.599,615.53,0,48.1715,30.0278,1.62335
4327,101.499,127.34,520.465,735.277,611.076,755.171,0,79.5874,21.9117,1.27532
4328,34.1001,38.4794,616.48,198.261,648.371,198.2,0,24.0497,10.0504,1.4179
4329,49.3998,67.2309,202.504,694.541,152.839,701.704,0,42.0193,7.38053,1.17565
4330,183.502,143.266,195.882,304.846,249.13,185.094,0,89.5412,93.9608,2.04936
4331,52.4998,64.886,554.048,774.391,611.194,754.798,0,40.5538,11.946,1.29457
4332,217.404,172.806,227.988,401.778,67.7415,405.539,0,108.004,109.4,2.01293
4333,154.7,123.063,176.936,376.234,67.6809,404.865,0,76.9141,77.7861,2.01134
4334,300.809,248.017,279.9,414.128,67.7136,404.916,0,155.011,145.799,1.94057
4335,0,0,604.886,831.502,604.889,831.505,0,0,0,0
4336,258.107,226.713,407.768,333.834,355.594,174.373,0,141.696,116.411,1.82155
4337,143.3,92.1122,547.245,640.686,613.358,613.096,0,57.5702,85.7294,2.48913
4338,197.703,151.83,544.534,540.544,613.266,612.86,0,94.8939,102.809,2.08341
4339,137.499,157.344,582.578,411.109,615.556,539.682,0,98.3403,39.1589,1.3982
4340,330.711,250.956,459.619,465.706,615.511,540.063,0,156.847,173.864,2.10849
4341,130.599,143.289,143.009,468.402,67.8299,405.037,0,89.5554,41.0433,1.4583
4342,193.103,133.101,514.619,655.698,613.351,613.142,0,83.188,109.915,2.32128
4343,101.599,137.706,268.742,697.426,149.454,693.235,0,86.0664,15.5326,1.18047
4344,79.0994,73.8895,592.387,682.588,612.414,752.019,0,46.1809,32.9185,1.71282
4345,2.1,1.13252,652.954,188.9,652.652,189.992,0,0.707823,1.39218,2.96684
4346,51.8998,73.405,332.308,747.725,312.731,818.018,0,45.8781,6.02168,1.13125
4347,350.012,224.883,468.44,365.133,630.336,334.149,0,140.552,209.46,2.49027
4348,0.9,0.288788,407.66,77.8155,407.569,77.5414,0,0.180492,0.719508,4.98636
4349,138.099,108.253,237.45,287.35,249.199,185.125,0,67.6584,70.4408,2.04112
4350,35.6,28.3368,594.41,624.559,613.267,613.249,0,17.7105,17.8895,2.01011
4351,362.713,331.806,376.847,452.444,349.127,176.088,1,207.379,155.334,1.74904
4352,0,0,138.873,613.989,138.873,613.989,0,0,0,0
4353,89.7992,93.8653,172.915,209.124,248.455,184.768,0,58.6658,31.1334,1.53069
4354,219.404,142.227,165.195,448.747,67.7254,405.49,0,88.8922,130.512,2.46821
4355,217.704,170.494,487.915,216.39,356.086,173.501,0,106.559,111.145,2.04304
4356,134.299,130.635,534.855,150.872,653.569,130.048,0,81.6466,52.6524,1.64488
4357,184.802,174.318,227.862,551.504,144.741,615.656,0,108.948,75.8536,1.69623
4358,84.4993,95.9126,238.305,633.225,144.818,616.16,0,59.9454,24.5539,1.40961
4359,285.108,246.326,307.216,374.404,249.078,185.112,0,153.954,131.154,1.8519
4360,132.699,113.263,249.049,616.555,144.673,615.731,0,70.7895,61.9094,1.87456
4361,43.3999,56.8751,593.006,496.182,615.764,540.469,0,35.547,7.85295,1.22092
4362,27.1001,19.6997,269.069,194.521,252.729,183.929,0,12.3123,14.7877,2.20105
4363,115.099,95.8936,230.997,276.916,249.114,185.095,0,59.9335,55.1653,1.92044
4364,270.307,202.084,267.329,359.421,249.137,185.095,0,126.302,144.005,2.14016
4365,51.9998,65.1931,593.967,199.697,647.898,197.828,0,40.7457,11.2541,1.2762
4366,124.599,115.061,526.849,357.557,630.289,334.316,0,71.9132,52.6855,1.73263
4367,113.499,110.404,550.6,137.287,653.489,129.956,0,69.0022,44.4967,1.64486
4368,38.5,38.2589,579.149,768.372,611.083,755.227,0,23.9118,14.5882,1.61008
4369,24.6001,30.0346,139.126,650.871,139.881,620.948,0,18.7716,5.82842,1.31049
4370,57.3997,68.1963,606.557,239.061,648.399,198.088,0,42.6227,14.777,1.34669
4371,119.099,121.484,345.029,272.187,349.659,174.662,0,75.9276,43.1711,1.56858
4372,15,18.5628,317.432,800.357,312.562,818.052,0,11.6018,3.39827,1.29291
4373,59.2997,41.0604,223.107,212.537,248.772,184.983,0,25.6627,33.6369,2.31073
4374,252.606,162.526,459.224,600.163,613.346,612.496,0,101.579,151.027,2.4868
4375,30.8001,25.4975,598.964,596.751,613.306,613.222,0,15.936,14.8641,1.93274
4376,196.303,176.39,368.688,309.607,349.865,174.843,0,110.244,86.0589,1.78062
4377,99.899,91.7668,417.746,217.928,355.62,174.365,0,57.3543,42.5448,1.74179
4378,47.5998,37.3657,227.815,211.675,248.656,184.867,0,23.3535,24.2463,2.03823
4379,106.199,102.522,289.288,741.885,311.351,818.464,0,64.0762,42.1227,1.65738
4380,166.201,115.082,232.67,295.66,249.253,185.175,0,71.9264,94.2746,2.31071
4381,161.601,127.595,212.628,304.281,248.096,184.724,0,79.7466,81.8541,2.02643
4382,59.5997,66.4046,600.632,363.985,630.319,334.145,0,41.5029,18.0968,1.43604
4383,45.1999,53.5994,577.656,339.763,630.253,334.094,0,33.4996,11.7002,1.34926
4384,44.0999,46.0891,580.858,780.044,611.157,755.439,0,28.8057,15.2942,1.53094
4385,34.5,45.7439,590.833,519.906,615.693,540.531,0,28.59,5.91009,1.20672
4386,235.305,177.974,295.014,332.743,249.051,185.02,0,111.234,124.072,2.11542
4387,155.2,132.125,293.553,290.262,250.548,184.817,0,82.578,72.6223,1.87944
4388,71.2995,89.5102,529.797,779.816,611.11,755.249,0,55.9439,15.3556,1.27448
4389,15,16.6976,371.079,180.397,355.79,174.104,0,10.436,4.56403,1.43734
4390,257.206,198.028,244.849,364.917,67.7372,404.808,0,123.767,133.439,2.07814
4391,273.107,208.419,265.538,367.578,249.326,185.181,0,130.262,142.846,2.0966
4392,228.805,282.64,302.975,514.856,139.839,611.117,0,176.65,52.1549,1.29524
4393,205.803,215.717,371.683,632.923,312.284,818.071,0,134.823,70.9803,1.52647
4394,98.3991,93.6856,159.893,395.539,67.7085,404.951,0,58.5535,39.8456,1.6805
4395,141.499,122.915,167.52,367.389,67.7158,404.868,0,76.822,64.6775,1.84191
4396,239.505,164.189,478.204,654.886,613.228,612.955,0,102.618,136.887,2.33395
4397,37.5,46.8557,324.523,199.841,350.339,174.904,0,29.2848,8.2152,1.28053
4398,148.5,156.79,307.95,691.673,313.062,818.112,0,97.9935,50.5064,1.51541
4399,172.201,163.027,491.707,114.306,653.617,130.313,0,101.892,70.3093,1.69004
4400,318.51,206.592,474.958,381.307,630.3,334.049,0,129.12,189.39,2.46677
4401,49.3998,60.3462,592.209,307.646,630.33,334.089,0,37.7164,11.6834,1.30977
4402,273.207,175.075,462.491,641.633,613.176,612.717,0,109.422,163.786,2.49683
4403,248.206,212.249,281.333,377.15,249.707,185.216,0,132.656,115.55,1.87105
4404,256.806,165.421,485.905,665.779,613.242,612.553,0,103.388,153.418,2.4839
4405,224.605,193.016,442.432,313.538,356.291,173.247,0,120.635,103.97,1.86185
4406,362.713,278.243,433.005,426.339,606.288,540.459,1,173.902,188.811,2.08573
4407,298.009,209.81,223.239,461.987,67.6958,405.517,0,131.131,166.878,2.2726
4408,229.605,236.497,330.125,570.927,144.836,616.152,0,147.811,81.7939,1.55337
4409,206.103,165.771,277.595,593.767,144.683,615.692,0,103.607,102.497,1.98928
4410,362.713,267.921,427.874,410.434,613.824,333.742,1,167.451,195.262,2.16609
4411,152.4,115.98,199.955,257.358,248.25,184.766,0,72.4874,79.9128,2.10244
4412,66.9995,75.3217,202.467,703.625,153.214,701.57,0,47.076,19.9235,1.42322
4413,129.699,89.2424,536.588,600.813,613.214,612.937,0,55.7765,73.9222,2.32533
4414,67.7995,75.6969,584.568,314.883,630.302,334.058,0,47.3106,20.489,1.43307
4415,2.8,1.64926,652.79,188.267,652.142,189.784,0,1.03079,1.76921,2.71636
4416,314.51,305.869,309.864,466.547,67.6807,404.909,0,191.168,123.342,1.6452
4417,49.4998,66.2496,589.362,487.722,615.632,540.331,0,41.406,8.09381,1.19547
4418,240.605,244.724,507.439,489.596,615.508,539.882,0,152.953,87.6529,1.57307
4419,185.102,183.837,379.904,303.934,349.785,174.715,0,114.898,70.2041,1.61101
4420,217.204,149.423,487.375,648.897,613.341,613.157,0,93.3893,123.815,2.32579
4421,216.604,209.83,367.759,352.932,349.779,174.731,0,131.144,85.4602,1.65165
4422,43.9999,26.8151,274.506,198.626,252.616,183.985,0,16.7595,27.2404,2.62538
4423,82.8993,111.441,585.565,270.502,647.984,198,0,69.6509,13.2485,1.19021
4424,183.502,166.234,524.726,444.021,615.64,539.721,0,103.896,79.6057,1.7662
4425,188.002,149.261,278.36,655.127,144.716,615.713,0,93.288,94.7143,2.01529
4426,40.2,41.9046,119.827,587.229,139.856,611.088,0,26.1904,14.0096,1.53491
4427,164.201,132.342,211.846,310.155,249.188,185.13,0,82.714,81.4868,1.98516
4428,71.1995,74.355,318.153,751.94,311.278,818.483,0,46.4719,24.7276,1.5321
4429,194.303,195.75,239.044,495.465,139.961,611.121,0,122.344,71.9587,1.58817
4430,139.399,113.742,169.34,378.733,67.8242,404.954,0,71.0887,68.3106,1.96092
4431,317.71,277.968,414.472,376.72,349.675,174.659,0,173.73,143.98,1.82876
4432,105.399,98.8484,433.73,198.597,355.688,174.328,0,61.7802,43.6187,1.70603
4433,14.7,15.6105,403.55,93.3816,405.82,78.2388,0,9.75657,4.94345,1.50668
4434,165.301,142.951,277.373,644.456,144.791,616.219,0,89.3444,75.9565,1.85015
4435,215.204,238.365,319.184,371.922,250.947,184.576,0,148.978,66.2255,1.44453
4436,64.5996,76.3947,202.301,702.431,152.548,701.784,0,47.7467,16.8529,1.35297
4437,301.609,223.905,481.589,520.555,613.185,612.822,0,139.94,161.669,2.15527
4438,25.5001,31.5801,134.98,651.914,139.938,620.945,0,19.7376,5.76248,1.29195
4439,311.91,238.675,411.029,346.697,356.168,173.441,0,149.172,162.738,2.09094
4440,328.911,296.532,269.479,458.971,67.7214,405.576,0,185.333,143.578,1.7747
4441,49.8998,59.0015,577.093,715.861,612.092,752.554,0,36.8759,13.0239,1.35318
4442,156.4,142.593,517.967,132.07,653.49,129.771,0,89.1209,67.2795,1.75492
4443,362.713,213.441,409.34,504.68,565.518,450.523,1,133.401,229.312,2.71897
4444,4.1,3.30181,310.954,815.137,311.635,818.46,0,2.06363,2.03637,1.98679
4445,106.399,142.972,263.469,664.97,149.468,693.394,0,89.3575,17.0414,1.19071
4446,28.4001,34.5945,153.922,643.657,139.954,620.915,0,21.6216,6.77851,1.31351
4447,117.499,109.761,231.465,606.449,144.648,615.572,0,68.6006,48.8982,1.7128
4448,42.5999,44.2078,583.273,779.614,611.118,755.194,0,27.6299,14.97,1.54181
4449,259.907,157.99,156.024,458.491,67.6731,405.557,0,98.7438,161.163,2.63213
4450,154.4,155.336,553.853,421.18,615.562,539.659,0,97.0848,57.3154,1.59036
4451,362.713,244.667,440.105,590.276,596.897,613.39,1,152.917,209.796,2.37197
4452,348.412,242.263,483.867,358.996,630.324,334.079,0,151.414,196.998,2.30105
4453,15.7,19.203,374.261,179.582,355.895,174.129,0,12.0019,3.69814,1.30813
4454,200.503,188.475,521.217,425.51,630.258,334.065,0,117.797,82.7063,1.70211
4455,91.4992,114.585,561.544,209.004,647.938,191.333,0,71.6157,19.8835,1.27764
4456,362.713,209.276,397.826,507.793,537.578,443.946,1,130.797,231.916,2.77309
4457,84.2993,112.67,337.666,708.518,312.641,817.975,0,70.4185,13.8808,1.19712
4458,362.713,221.125,433.443,665.343,605.362,612.966,1,138.203,224.51,2.62449
4459,10.5,9.68815,358.046,183.83,355.135,174.605,0,6.05509,4.44491,1.73408
4460,51.9998,65.8836,269.689,247.374,250.365,184.869,0,41.1773,10.8225,1.26283
4461,67.8995,64.3633,393.512,186.192,355.747,174.232,0,40.227,27.6725,1.68791
4462,11.2,12.5822,79.805,408.257,67.7535,404.965,0,7.86385,3.33615,1.42424
4463,362.713,251.343,423.557,398.051,612.682,334.256,1,157.089,205.624,2.30896
4464,105.699,94.0785,546.203,333.369,630.392,333.802,0,58.7991,46.8999,1.79763
4465,351.712,280.747,428.723,414.43,630.327,334.088,0,175.467,176.245,2.00444
4466,346.312,320.017,329.841,474.388,144.745,616.035,0,200.01,146.302,1.73147
4467,192.703,132.393,150.383,428.128,67.7028,405.581,0,82.7455,109.957,2.32886
4468,231.805,174.961,166.728,306.842,248.183,184.678,0,109.351,122.454,2.11983
4469,305.709,288.523,356.359,433.251,349.798,174.696,0,180.327,125.382,1.69531
4470,67.1995,68.004,600.608,362.732,630.338,334.129,0,42.5025,24.697,1.58107
4471,231.705,183.933,205.707,346.679,67.7386,404.852,0,114.958,116.747,2.01556
4472,37.8,32.8036,99.0493,399.514,67.7387,404.883,0,20.5023,17.2977,1.8437
4473,328.411,255.424,465.17,501.061,613.279,612.508,0,159.64,168.771,2.05719
4474,135.499,140.444,568.009,416.13,615.638,539.686,0,87.7776,47.7214,1.54366
4475,201.003,141.653,497.89,650.511,613.31,613.079,0,88.5331,112.47,2.27037
4476,149.2,183.609,389.017,676,313.31,818.203,0,114.756,34.4442,1.30015
4477,165.001,177.493,514.246,198.502,648.413,190.866,0,110.933,54.0676,1.48739
4478,130.699,152.662,538.868,213.322,647.784,191.518,0,95.414,35.2847,1.36981
4479,86.7992,106.552,602.325,459.703,615.601,539.602,0,66.5947,20.2045,1.3034
4480,102.299,98.8278,539.18,352.796,630.372,333.672,0,61.7674,40.5316,1.6562
4481,301.809,271.269,411.45,375.628,349.699,174.587,0,169.543,132.266,1.78013
4482,128.899,105.844,167.426,387.292,67.7594,405.036,0,66.1526,62.7461,1.94851
4483,129.599,152.352,529.51,211.058,647.959,191.298,0,95.2201,34.3786,1.36104
4484,52.2998,61.4644,566.859,729.685,612.108,752.584,0,38.4152,13.8845,1.36143
4485,95.0991,100.033,297.572,736.39,311.813,818.253,0,62.5206,32.5785,1.52108
4486,350.812,234.387,456.1,383.184,630.266,334.105,0,146.492,204.32,2.39475
4487,238.905,162.507,217.254,417.732,67.8154,405.353,0,101.567,137.338,2.35219
4488,144.7,156.922,308.018,692.471,312.292,818.09,0,98.0763,46.6234,1.47538
4489,147.1,135.982,166.36,481.332,140.083,611.069,0,84.9889,62.1109,1.73081
4490,57.4997,58.0053,607.549,368.011,630.371,334.132,0,36.2533,21.2464,1.58605
4491,263.907,245.714,285.182,546.557,144.697,615.693,0,153.571,110.336,1.71847
4492,65.9996,65.4328,595.677,689.974,612.452,751.694,0,40.8955,25.1041,1.61386
4493,18,19.8998,409.228,97.3578,405.582,78.0655,0,12.4374,5.56264,1.44725
4494,335.011,306.724,312.229,465.552,67.6885,405.585,0,191.703,143.309,1.74756
4495,73.4995,81.2811,146.705,531.485,139.85,611.156,0,50.8007,22.6988,1.44682
4496,191.702,208.121,316.097,640.868,312.325,818.105,0,130.076,61.6267,1.47378
4497,94.2991,102.375,117.923,466.51,67.7408,405.498,0,63.9841,30.315,1.47379
4498,357.413,324.223,388.363,445.969,349.477,174.559,0,202.64,154.773,1.76378
4499,362.713,230.267,408.453,469.777,588.369,474.977,1,143.917,218.796,2.5203
4500,90.9992,106.209,557.156,479.334,615.551,539.6,0,66.3808,24.6184,1.37087
4501,176.902,189.371,517.808,455.203,615.527,540.014,0,118.357,58.5445,1.49464
4502,362.713,218.053,451.947,680.472,612.561,613.078,1,136.283,226.43,2.66147
4503,62.5996,43.5321,224.658,216.458,249.181,185.14,0,27.2076,35.3921,2.30082
4504,334.911,258.448,425.386,392.649,630.288,334.066,0,161.53,173.381,2.07337
4505,261.107,203.975,214.178,459.781,67.6462,405.527,0,127.484,133.622,2.04815
4506,54.1997,65.5014,553.814,774.919,611.143,755.214,0,40.9384,13.2614,1.32393
4507,9.3,9.59105,357.523,183.917,353.384,175.257,0,5.99441,3.30559,1.55145
4508,223.304,273.549,299.521,521.629,139.876,611.114,0,170.968,52.3363,1.30612
4509,12.5,11.1322,591.23,834.192,602.428,833.296,0,6.95763,5.54238,1.79659
4510,74.5994,65.1957,268.001,246.365,249.116,185.102,0,40.7473,33.8521,1.83078
4511,354.212,260.465,443.921,597.288,613.25,612.778,0,162.791,191.422,2.17588
4512,154.9,132.898,115.938,506.645,139.62,611.216,0,83.0611,71.8391,1.86489
4513,323.911,213.999,470.542,379.411,630.302,334.109,0,133.749,190.161,2.42178
4514,240.205,294.366,273.983,485.89,139.903,611.146,0,183.979,56.2268,1.30562
4515,325.511,293.293,370.244,430.535,349.649,174.567,0,183.308,142.203,1.77576
4516,4,3.51801,650.483,131.857,653.871,130.908,0,2.19876,1.80124,1.81921
4517,212.604,177.749,240.806,395.371,67.6481,405.588,0,111.093,101.511,1.91374
4518,240.405,177.839,511.96,404.574,630.346,334.07,0,111.149,129.256,2.1629
4519,111.599,115.369,184.113,254.496,248.869,184.984,0,72.1054,39.4935,1.54772
4520,296.609,205.344,471.891,384.849,630.252,334.127,0,128.34,168.269,2.31111
4521,344.812,256.218,448.229,463.362,615.507,540.01,0,160.136,184.676,2.15324
4522,128.899,156.327,343.82,671.386,312.559,818.006,0,97.7043,31.1944,1.31927
4523,19.6,21.1026,595.919,739.228,612.246,752.365,0,13.1891,6.41094,1.48608
4524,144.4,167.244,230.251,523.468,140.033,611.157,0,104.527,39.8722,1.38145
4525,104.199,102.242,552.069,125.373,653.536,129.951,0,63.9015,40.2975,1.63062
4526,128.099,118.235,167.613,505.006,139.698,611.103,0,73.8971,54.2015,1.73347
4527,160.801,139.98,308.025,299.821,251.04,184.587,0,87.4876,73.313,1.83798
4528,162.501,188.706,409.47,686.429,313.139,818.185,0,117.942,44.5592,1.37781
4529,324.711,320.671,330.965,476.619,144.846,616.034,0,200.419,124.291,1.62016
4530,78.1994,98.8318,521.795,777.721,611.166,754.899,0,61.7699,16.4295,1.26598
4531,36.9,34.595,582.953,600.013,613.313,612.406,0,21.6219,15.2782,1.70661
4532,362.713,273.389,456.375,547.648,585.452,617.399,1,170.868,191.845,2.12277
4533,96.0991,110.531,289.726,280.238,250.287,184.915,0,69.0817,27.0174,1.39109
4534,98.7991,129.29,371.203,711.645,313.155,818.17,0,80.8062,17.9929,1.22267
4535,33.3001,34.7369,581.251,600.438,613.255,612.478,0,21.7106,11.5895,1.53382
4536,165.401,190.236,431.423,712.243,313.065,818.072,0,118.897,46.5035,1.39112
4537,50.1998,60.3736,589.13,697.339,612.298,752.058,0,37.7335,12.4663,1.33038
4538,183.902,160.627,275.168,597.695,144.84,616.192,0,100.392,83.5102,1.83184
4539,21.2,25.0613,168.424,622.683,144.84,615.829,0,15.6633,5.53673,1.35348
4540,244.106,199.171,330.07,628.399,144.72,615.697,0,124.482,119.624,1.96097
4541,75.6994,72.3794,572.009,707.921,612.08,752.655,0,45.2371,30.4623,1.67339
4542,243.306,297.35,280.472,484.084,139.956,611.092,0,185.844,57.4617,1.30919
4543,27.6001,30.749,600.448,784.423,606.746,811.093,0,19.2181,8.38194,1.43615
4544,198.403,157.482,181.611,301.267,249.484,185.218,0,98.4264,99.9766,2.01575
4545,136.399,132.213,306.32,273.381,250.665,184.837,0,82.6331,53.7661,1.65066
4546,166.501,186.96,513.715,229.539,647.979,190.965,0,116.85,49.651,1.42491
4547,310.11,286.645,276.803,453.801,67.8328,404.972,0,179.153,130.957,1.73098
4548,124.799,119.583,545.747,153.109,653.46,130.048,0,74.7394,50.0593,1.66978
4549,33.2001,33.5685,593.72,776.566,611.122,755.167,0,20.9803,12.2197,1.58244
4550,164.401,154.094,526.664,398.438,630.275,334.137,0,96.309,68.0919,1.70701
4551,135.199,120.145,185.966,262.809,248.791,184.994,0,75.0903,60.1087,1.80049
4552,112.599,116.155,184.981,257.944,248.607,184.911,0,72.5968,40.002,1.55102
4553,44.7999,54.6576,600.809,206.719,647.971,197.951,0,34.161,10.6389,1.31143
4554,265.607,211.733,493.235,426.348,630.379,334.057,0,132.333,133.274,2.00711
4555,14,15.8483,151.752,677.734,149.651,693.154,0,9.90518,4.09484,1.4134
4556,63.3996,85.5519,233.766,724.269,153.622,700.16,0,53.4699,9.92968,1.18571
4557,150.1,113.443,164.755,420.662,67.6986,405.578,0,70.9021,79.1979,2.117
4558,77.3994,83.0389,337.287,231.805,350.044,174.756,0,51.8993,25.5001,1.49134
4559,37.8,37.8348,581.557,765.696,611.111,755.318,0,23.6468,14.1532,1.59853
4560,108.699,91.4948,605.346,702.93,612.384,751.854,0,57.1843,51.5146,1.90085
4561,5.6,4.76532,601.392,813.567,606.043,812.747,0,2.97832,2.62167,1.88025
4562,209.604,168.559,549.846,528.853,613.249,612.663,0,105.349,104.254,1.98961
4563,272.507,242.391,458.544,421.728,615.573,539.948,0,151.494,121.013,1.79879
4564,189.102,188.527,258.046,581.222,144.748,615.66,0,117.829,71.273,1.60488
4565,308.71,273.688,316.73,518.474,144.767,615.786,0,171.055,137.655,1.80474
4566,198.403,186.248,514.123,454.86,615.571,539.675,0,116.405,81.9976,1.70442
4567,233.805,222.322,343.124,599.571,144.684,615.735,0,138.951,94.8539,1.68264
4568,261.707,190.334,529.03,522.559,613.34,612.51,0,118.959,142.748,2.19998
4569,61.8996,70.6655,605.067,240.205,647.801,197.624,0,44.1659,17.7337,1.40152
4570,143.7,183.069,295.065,714.26,149.576,693.227,0,114.418,29.2817,1.25592
4571,199.103,180.11,342.714,320.117,349.452,174.537,0,112.569,86.5344,1.76873
4572,0,0,636.912,333.607,636.912,333.607,0,0,0,0
4573,362.713,281.33,419.885,574.909,608.713,613.188,1,175.831,186.882,2.06285
4574,225.005,170.423,239.177,341.756,250.279,184.887,0,106.514,118.49,2.11244
4575,252.206,213.391,490.919,427.613,630.327,334.085,0,133.369,118.837,1.89104
4576,161.801,165.328,502.11,145.746,653.647,130.308,0,103.33,58.4709,1.56587
4577,107.399,142.411,559.42,285.118,647.898,197.766,0,89.0066,18.3923,1.20664
4578,102.199,97.0755,167.579,530.613,139.603,611.176,0,60.6722,41.5268,1.68445
4579,39,47.4547,310.983,778.305,311.708,818.417,0,29.6592,9.34081,1.31494
4580,53.0998,45.008,98.5089,425.912,67.6489,404.781,0,28.13,24.9698,1.88766
4581,200.003,167.64,283.885,673.47,144.727,615.625,0,104.775,95.2281,1.90888
4582,347.212,244.335,484.124,480.54,615.474,539.766,0,152.71,194.502,2.27367
4583,64.8996,73.3624,603.755,242.639,648.393,198.125,0,45.8515,19.0481,1.41543
4584,280.708,325.805,325.681,480.344,139.934,611.131,0,203.628,77.0797,1.37853
4585,4.8,3.98918,357.29,177.932,355.496,174.372,0,2.49323,2.30676,1.92521
4586,280.208,242.192,456.767,420.837,615.452,540.088,0,151.37,128.838,1.85115
4587,63.5996,76.6183,355.758,195.453,349.454,174.506,0,47.8864,15.7132,1.32813
4588,40.7,34.6237,230.658,210.427,248.759,185.011,0,21.6398,19.0601,1.88079
4589,101.599,133.378,374.854,709.429,313.142,818.218,0,83.3612,18.2378,1.21878
4590,102.399,89.6045,272.505,769.226,310.318,818.914,0,56.0028,46.3962,1.82846
4591,143.9,119.757,213.358,293.718,248.169,184.661,0,74.8481,69.0515,1.92255
4592,78.1994,78.0382,192.762,639.985,144.801,616.095,0,48.7739,29.4255,1.6033
4593,304.609,249.544,412.5,359.208,355.568,174.352,0,155.965,148.644,1.95306
4594,3.3,2.58452,140.424,623.404,139.843,620.89,0,1.61532,1.68468,2.04294
4595,70.5995,87.2131,528.646,766.466,611.105,754.99,0,54.5082,16.0913,1.29521
4596,342.012,318.568,356.573,463.371,349.897,174.768,0,199.105,142.907,1.71775
4597,130.399,169.642,531.98,287.843,647.928,197.745,0,106.026,24.3724,1.22987
4598,119.899,147.395,534.706,211.164,648,191.142,0,92.1218,27.7769,1.30152
4599,24.1001,19.0538,266.19,197.265,253.201,183.305,0,11.9086,12.1914,2.02375
4600,260.807,231.205,466.611,428.091,615.531,539.771,0,144.503,116.303,1.80485
4601,244.106,183.663,212.518,438.522,67.6844,405.497,0,114.789,129.317,2.12656
4602,362.713,237.702,463.476,479.365,601.527,525.868,1,148.564,214.149,2.44146
4603,278.408,247.525,369.183,391.363,349.501,174.602,0,154.703,123.705,1.79962
4604,245.106,207.459,323.571,597.419,144.73,615.729,0,129.662,115.444,1.89034
4605,102.899,94.7277,161.108,399.47,67.6456,404.948,0,59.2048,43.6942,1.73802
4606,239.205,227.903,347.034,597.804,144.741,616.257,0,142.439,96.7659,1.67935
4607,362.713,249.55,395.162,618.526,590.894,613.98,1,155.969,206.744,2.32554
4608,114.099,110.19,557.022,155.139,653.453,130.05,0,68.8687,45.2302,1.65676
4609,221.904,158.801,180.474,302.511,248.551,184.868,0,99.2504,122.654,2.2358
4610,32.3001,30.1664,604.008,591.432,613.286,612.414,0,18.854,13.4461,1.71317
4611,191.202,118.68,196.155,261.416,248.168,184.689,0,74.1749,117.028,2.57773
4612,196.903,192.865,252.849,585.895,144.732,615.746,0,120.541,76.3621,1.6335
4613,198.603,238.164,322.69,378.532,251.441,184.46,0,148.853,49.7504,1.33423
4614,214.404,194.663,343.659,330.737,349.507,174.572,0,121.664,92.7398,1.76226
4615,164.801,156.65,533.644,441.557,615.565,539.793,0,97.9061,66.8948,1.68325
4616,289.908,254.587,328.192,550.673,144.843,616.25,0,159.117,130.791,1.82198
4617,242.406,201.583,478.963,314.826,630.371,334.053,0,125.989,116.416,1.92402
4618,20.4,23.2447,413.027,100.192,405.875,78.1689,0,14.5279,5.87212,1.4042
4619,164.301,198.787,312.933,341.463,251.531,184.427,0,124.242,40.0592,1.32243
4620,101.099,102.35,563.039,148.949,653.529,130.048,0,63.9691,37.13,1.58044
4621,11.2,12.5784,644.307,138.807,653.924,130.998,0,7.8615,3.3385,1.42466
4622,19,21.95,581.087,831.557,602.459,833.326,0,13.7187,5.28131,1.38497
4623,146.2,130.782,129.415,498.08,139.605,611.184,0,81.7388,64.4609,1.78862
4624,325.011,271.011,252.895,469.889,67.6483,405.571,0,169.382,155.628,1.9188
4625,43.6999,45.8235,613.161,140.99,653.562,129.952,0,28.6397,15.0602,1.52585
4626,143.6,116.375,510.403,593.128,613.199,612.755,0,72.7341,70.8654,1.97431
4627,311.51,275.511,255.939,470.323,67.7354,405.511,0,172.194,139.316,1.80906
4628,138.299,132.493,566.768,398.159,630.358,334.068,0,82.8084,55.4908,1.67011
4629,50.0998,42.2097,289.135,203.138,253.171,183.44,0,26.381,23.7188,1.89908
4630,33.7001,44.1339,599.684,710.866,612.337,752.135,0,27.5837,6.11635,1.22174
4631,41.0999,47.0605,608.394,139.84,653.489,130.043,0,29.4128,11.6871,1.39735
4632,97.0991,103.275,178.278,536.233,140.17,611.257,0,64.5466,32.5525,1.50432
4633,151.8,145.21,519.382,380.433,630.375,334.082,0,90.7565,61.0436,1.67261
4634,3.4,2.70909,152.078,691.266,151.152,693.812,0,1.69318,1.70682,2.00805
4635,55.3997,66.9158,187.299,586.926,144.819,616.001,0,41.8224,13.5774,1.32464
4636,145.3,155.592,540.441,469.82,615.527,539.936,0,97.2448,48.0549,1.49416
4637,99.2991,100.779,213.322,574.762,144.841,615.774,0,62.9872,36.3119,1.5765
4638,100.299,114.198,281.369,737.589,311.797,818.257,0,71.3737,28.9254,1.40527
4639,149.8,164.543,342.176,664.202,312.655,817.994,0,102.839,46.9605,1.45664
4640,332.611,291.885,312.9,451.52,67.6911,404.814,0,182.428,150.183,1.82325
4641,49.6998,53.7212,576.679,783.321,606.477,811.84,0,33.5758,16.124,1.48023
4642,51.3998,63.5571,186.557,592.721,144.751,616.092,0,39.7232,11.6766,1.29395
4643,123.499,168.553,547.65,250.708,647.96,197.955,0,105.345,18.1533,1.17232
4644,111.499,98.8341,527.53,597.103,613.198,612.772,0,61.7713,49.7276,1.80503
4645,113.799,146.272,387.687,707.304,313.234,818.167,0,91.4198,22.379,1.24479
4646,192.703,114.563,201.897,260.752,248.171,184.665,0,71.602,121.101,2.6913
4647,48.0998,58.709,308.4,767.243,311.894,818.315,0,36.6931,11.4067,1.31087
4648,111.099,138.355,533.284,188.373,647.966,190.979,0,86.4721,24.6268,1.28479
4649,362.713,262.374,406.4,576.04,566.235,617.307,1,163.984,198.729,2.21188
4650,295.909,234.186,503.679,481.722,615.641,539.677,0,146.366,149.543,2.0217
4651,362.613,281.487,448.194,573.827,613.238,612.569,0,175.93,186.683,2.06112
4652,168.201,112.92,199.434,259.463,248.422,184.829,0,70.5753,97.6258,2.38328
4653,17.4,19.3412,250.642,204.249,249.451,185.212,0,12.0883,5.31176,1.43941
4654,85.1993,114.429,356.45,714.737,312.979,818.082,0,71.5183,13.6809,1.19129
4655,35.7,37.5206,574.2,756.459,611.131,754.954,0,23.4504,12.2496,1.52236
4656,304.409,212.821,473.387,377.871,630.291,334.138,0,133.013,171.396,2.28856
4657,156.6,201.266,524.442,246.911,647.852,197.843,0,125.792,30.8088,1.24492
4658,14.3,14.1504,636.776,206.147,647.957,197.808,0,8.844,5.45601,1.61692
4659,175.301,139.57,198.643,305.577,248.713,184.882,0,87.2315,88.07,2.00961
4660,126.899,134.446,311.717,286.879,250.683,184.791,0,84.0288,42.8698,1.51018
4661,61.8996,59.9438,265.655,241.945,250.154,184.977,0,37.4649,24.4348,1.65221
4662,271.207,255.459,289.456,434.167,67.6672,404.943,0,159.662,111.546,1.69864
4663,157.6,130.711,508.046,337.454,630.337,334.126,0,81.6945,75.9059,1.92914
4664,321.61,311.105,321.485,446.155,67.679,404.934,0,194.441,127.17,1.65403
4665,53.5998,63.7864,599.569,369.686,630.271,334.068,0,39.8665,13.7332,1.34448
4666,131.499,134.137,523.48,708.436,612.362,752.014,0,83.8358,47.6631,1.56853
4667,216.604,168.472,243.688,337.517,249.196,185.139,0,105.295,111.309,2.05712
4668,88.5992,77.6288,575.912,694.809,612.083,752.66,0,48.518,40.0812,1.82611
4669,242.506,236.906,486.707,505.013,615.573,539.745,0,148.067,94.4391,1.63782
4670,103.399,120.239,588.494,442.892,615.519,540.13,0,75.1492,28.2498,1.37592
4671,59.2997,48.8116,115.351,400.263,67.7045,404.794,0,30.5073,28.7924,1.94379
4672,16.7,18.2223,335.296,184.863,350.176,174.782,0,11.3889,5.31108,1.46634
4673,130.599,118.749,415.775,238.247,356.108,173.442,0,74.2179,56.3809,1.75967
4674,325.611,253.611,472.91,511.738,613.212,612.734,0,158.507,167.104,2.05424
4675,172.701,133.776,207.245,306.489,248.261,184.779,0,83.61,89.0913,2.06556
4676,13.3,15.71,157.541,613.068,144.737,615.691,0,9.81878,3.48124,1.35455
4677,238.805,173.47,240.978,345.45,250.868,184.666,0,108.419,130.387,2.20262
4678,169.301,184.151,337.265,645.862,312.396,818.123,0,115.095,54.2065,1.47097
4679,185.202,177.266,523.581,419.249,630.352,334.058,0,110.791,74.4108,1.67163
4680,57.8997,59.7245,596.724,695.69,612.352,752.092,0,37.3278,20.5719,1.55111
4681,302.609,271.783,399.313,378.294,350.011,174.834,0,169.864,132.745,1.78148
4682,124.899,116.075,406.946,239.605,355.824,174.196,0,72.5469,52.3518,1.72163
4683,82.9993,80.3683,355.365,200.392,349.657,174.599,0,50.2302,32.7691,1.65238
4684,127.599,147.09,215.56,525.316,139.99,611.082,0,91.9311,35.6676,1.38798
4685,41.3999,49.5906,279.23,793.75,311.778,818.263,0,30.9941,10.4058,1.33573
4686,255.006,350.154,384.866,534.22,312.645,818.023,0,218.846,36.1603,1.16523
4687,278.508,199.473,474.176,541.411,613.257,613.03,0,124.671,153.837,2.23395
4688,93.8991,98.9359,358.174,217.842,350.035,174.747,0,61.8349,32.0642,1.51855
4689,58.0997,62.669,311.265,763.426,311.728,818.425,0,39.1681,18.9316,1.48334
4690,179.702,177.716,216.192,493.206,140.147,611.105,0,111.073,68.6292,1.61788
4691,173.801,141.285,543.833,553.866,613.155,612.596,0,88.3034,85.4981,1.96823
4692,224.705,189.055,492.683,399.121,630.3,334.062,0,118.16,106.545,1.9017
4693,249.206,235.371,459.549,439.785,615.468,540.088,0,147.107,102.099,1.69405
4694,83.4993,89.6565,204.868,577.216,144.726,615.635,0,56.0353,27.464,1.49012
4695,29.3001,36.9965,315.661,186.921,350.208,174.914,0,23.1228,6.17727,1.26715
4696,155.9,122.37,525.345,362.308,630.376,334.074,0,76.4815,79.4188,2.03841
4697,34.9,44.5293,160.495,648.395,139.814,620.836,0,27.8308,7.06924,1.25401
4698,100.599,90.8569,553.36,711.538,612.005,752.942,0,56.7856,43.8134,1.77156
4699,42.4999,37.4147,579.969,598.351,613.199,612.551,0,23.3842,19.1157,1.81746
4700,79.2994,83.0211,116.563,447.499,67.6886,405.527,0,51.8882,27.4112,1.52827
4701,104.299,100.463,403.695,224.344,355.643,174.336,0,62.7892,41.5098,1.6611
4702,154.3,145.896,298.291,306.16,251.5,184.433,0,91.1853,63.1149,1.69216
4703,85.3993,109.225,558.61,199.006,647.854,191.33,0,68.2654,17.1338,1.25099
4704,183.702,132.739,167.368,437.691,67.6546,405.559,0,82.9622,100.74,2.21429
4705,154.8,178.476,333.16,650.484,313.052,818.068,0,111.547,43.253,1.38776
4706,26.2001,31.8181,386.845,180.611,355.987,173.683,0,19.8863,6.31373,1.31749
4707,4.7,4.14715,141.052,607.183,139.937,611.175,0,2.59197,2.10803,1.81329
4708,178.602,167.691,304.693,627.204,144.829,616.178,0,104.807,73.7946,1.7041
4709,193.003,195.425,242.005,499.254,140.08,611.083,0,122.14,70.8623,1.58017
4710,276.508,247.07,336.101,564.915,144.78,615.776,0,154.419,122.089,1.79063
4711,41.9999,46.5039,613.432,170.846,648.4,190.798,0,29.0649,12.935,1.44504
4712,199.603,149.356,499.661,182.168,356.234,173.365,0,93.3473,106.256,2.13828
4713,38.6,45.1523,162.356,584.628,144.793,616.2,0,28.2202,10.3798,1.36781
4714,225.005,221.215,347.706,357.624,349.688,174.638,0,138.259,86.7454,1.62741
4715,168.001,150.588,584.315,395.487,630.284,334.077,0,94.1173,73.8837,1.78502
4716,175.702,193.973,342.443,639.117,312.899,817.977,0,121.233,54.4681,1.44928
4717,14,15.0977,367,183.75,355.409,174.451,0,9.43604,4.56398,1.48368
4718,336.811,351.964,361.732,483.624,144.841,616.03,0,219.977,116.834,1.53112
4719,37.9,43.1236,611.665,137.999,653.526,130.046,0,26.9522,10.9477,1.40619
4720,154.1,129.25,479.975,179.123,355.393,174.412,0,80.7813,73.3189,1.90762
4721,191.502,159.586,300.733,636.154,144.722,615.604,0,99.7413,91.7612,1.91999
4722,23.2001,29.0189,621.047,205.758,647.941,197.773,0,18.1368,5.06325,1.27917
4723,96.4991,105.574,118.589,469.776,67.7326,405.495,0,65.9835,30.5156,1.46247
4724,20.7,19.8989,595.699,616.446,613.216,613.034,0,12.4368,8.26326,1.66442
4725,5.3,4.77842,252.149,189.246,250.587,184.73,0,2.98652,2.31348,1.77464
4726,172.301,131.594,464.622,164.213,356.223,173.403,0,82.2465,90.0548,2.09494
4727,171.101,150.586,369.406,268.997,349.943,174.766,0,94.1165,76.9847,1.81797
4728,82.3993,74.0794,421.402,155.504,355.998,173.646,0,46.2997,36.0997,1.7797
4729,7.6,7.98708,656.345,205.958,654.28,198.243,0,4.99193,2.60807,1.52246
4730,362.713,250.346,401.693,612.363,595.63,612.268,1,156.466,206.247,2.31815
4731,222.004,178.937,204.099,346.028,67.6539,404.854,0,111.836,110.168,1.98509
4732,260.207,240.279,266.317,407.706,67.7892,404.953,0,150.174,110.032,1.7327
4733,28.6001,39.0795,262.762,221.824,251.397,184.454,0,24.4247,4.17542,1.17095
4734,163.001,144.953,584.809,390.978,630.371,334.148,0,90.5959,72.4049,1.79921
4735,104.699,103.531,422.509,227.997,356.179,173.221,0,64.7066,39.9924,1.61806
4736,115.199,102.013,563.653,319.819,630.26,334.233,0,63.7579,51.4409,1.80682
4737,132.199,114.161,542.975,670.161,613.22,613.026,0,71.3506,60.8483,1.85281
4738,53.2998,52.7006,601.695,134.721,653.498,130.042,0,32.9378,20.3619,1.61819
4739,17.3,17.0304,268.711,187.817,253.22,183.205,0,10.644,6.65606,1.62534
4740,103.999,138.812,259.644,665.438,149.454,693.253,0,86.7578,17.2412,1.19873
4741,264.207,208.373,470.558,298.99,630.324,334.139,0,130.233,133.974,2.02873
4742,213.104,128.293,220.6,310.818,248.681,184.938,0,80.1829,132.921,2.65772
4743,62.2996,52.3779,118.988,400.939,67.6593,405.601,0,32.7362,29.5634,1.90308
4744,223.004,179.58,233.229,375.097,67.6503,404.9,0,112.238,110.767,1.98689
4745,82.4993,88.1841,229.191,270.13,248.779,184.982,0,55.115,27.3843,1.49686
4746,362.713,283.302,423.271,564.909,594.6,612.918,1,177.064,185.649,2.04849
4747,209.904,199.67,331.934,627.656,144.809,616.05,0,124.794,85.1098,1.682
4748,7.6,8.47518,254.71,192.241,251.395,184.442,0,5.29699,2.30301,1.43478
4749,98.2991,122.914,352.824,703.438,312.635,817.968,0,76.8213,21.4778,1.27958
4750,27.7001,26.5116,86.1377,418.516,67.6941,405.484,0,16.5697,11.1303,1.67173
4751,105.399,133.782,553.972,179.146,648.01,191.085,0,83.6138,21.7852,1.26055
4752,76.7994,82.267,532.791,615.562,613.224,612.779,0,51.4169,25.3825,1.49366
4753,61.7996,61.7039,597.122,175.169,648.405,190.809,0,38.5649,23.2347,1.60248
4754,139.399,160.993,507.032,690.365,612.098,752.76,0,100.621,38.7785,1.38539
4755,240.705,177.419,190.873,326.075,248.128,184.696,0,110.887,129.818,2.17073
4756,42.5999,49.1653,403.975,168.49,355.932,173.666,0,30.7283,11.8716,1.38634
4757,52.5998,49.0794,298.394,198.467,253.197,183.126,0,30.6747,21.9251,1.71476
4758,269.907,228.008,388.653,350.703,349.858,174.839,0,142.505,127.403,1.89402
4759,93.1992,108.936,555.509,480.579,615.576,540.327,0,68.085,25.1141,1.36886
4760,16.9,21.4583,594.322,741.521,612.322,752.417,0,13.4114,3.48861,1.26012
4761,87.2992,103.705,540.036,495.485,615.706,540.501,0,64.8157,22.4835,1.34688
4762,178.402,159.855,210.232,364.318,67.6854,404.91,0,99.9095,78.4922,1.78563
4763,81.4993,100.347,565.558,476.672,615.521,539.766,0,62.7172,18.7822,1.29947
4764,260.407,212.576,278.057,381.166,250.299,184.948,0,132.86,127.547,1.96001
4765,18.5,23.9821,615.594,277.099,635.987,282.533,0,14.9888,3.51124,1.23426
4766,140.499,130.945,564.512,401.255,630.366,334.128,0,81.8408,58.6586,1.71674
4767,156.2,179.498,334.089,649.935,313.06,818.052,0,112.186,44.014,1.39233
4768,140.899,108.825,221.319,287.974,248.671,184.91,0,68.0154,72.884,2.07158
4769,247.206,183.508,274.153,355.485,249.862,185.147,0,114.693,132.513,2.15538
4770,12,12.601,604.429,742.841,612.335,752.268,0,7.87565,4.12436,1.52368
4771,0,0,350.674,171.707,350.674,171.707,0,0,0,0
4772,270.007,212.377,252.203,420.107,67.7496,404.857,0,132.736,137.271,2.03417
4773,323.211,220.358,470.049,374.087,630.354,334.119,0,137.724,185.487,2.3468
4774,148.1,171.143,216.345,502.251,140.048,611.099,0,106.965,41.1352,1.38457
4775,302.509,234.356,463.022,348.632,355.63,174.411,0,146.473,156.036,2.06529
4776,122.199,119.522,568.922,383.69,630.255,334.192,0,74.7012,47.4975,1.63583
4777,126.999,119.242,344.675,269.239,349.74,174.711,0,74.5262,52.4724,1.70408
4778,207.003,228.796,497.994,504.502,615.563,540.172,0,142.997,64.006,1.4476
4779,90.5992,95.4877,190.798,561.17,140.163,611.253,0,59.6798,30.9194,1.51809
4780,44.6999,51.9757,406.579,168.297,355.787,174.245,0,32.4848,12.215,1.37602
4781,106.799,138.654,379.893,708.007,313.268,818.167,0,86.6586,20.1403,1.23241
4782,191.602,186.924,395.903,295.613,355.596,174.382,0,116.827,74.7752,1.64005
4783,153.6,175.188,305.906,671.597,312.353,818.119,0,109.493,44.1075,1.40284
4784,159.901,126.427,214.658,305.012,249.553,185.248,0,79.0172,80.8834,2.02362
4785,94.2991,124.873,265.02,723.794,153.626,700.233,0,78.0454,16.2537,1.20826
4786,30.5001,32.488,387.554,178.187,355.919,174.126,0,20.305,10.1951,1.5021
4787,148.8,137.201,303.776,300.002,251.115,184.603,0,85.7506,63.0493,1.73526
4788,344.112,327.198,399.914,440.873,349.533,174.554,0,204.498,139.613,1.68271
4789,243.006,209.144,296.675,563.817,144.805,615.754,0,130.715,112.291,1.85905
4790,128.399,153.417,310.853,692.113,312.153,818.178,0,95.8853,32.5133,1.33909
4791,110.799,108.368,545.292,664.609,613.167,612.816,0,67.73,43.0689,1.63589
4792,296.709,280.099,348.753,540.567,144.776,616.049,0,175.062,121.647,1.69488
4793,213.804,173.565,199.608,341.742,67.7147,404.903,0,108.478,105.326,1.97094
4794,221.004,219.383,332.338,596.511,144.808,616.054,0,137.114,83.8899,1.61182
4795,244.206,298.003,307.081,494.054,139.86,611.131,0,186.252,57.9536,1.31116
4796,86.7992,87.6407,365.212,196.634,349.635,174.631,0,54.7755,32.0238,1.58464
4797,149,173.054,193.948,521.54,140.109,611.089,0,108.159,40.8409,1.3776
4798,232.205,183.878,474.534,555.911,613.219,612.619,0,114.924,117.281,2.02051
4799,74.8994,93.8169,581.338,460.614,615.546,539.844,0,58.6356,16.2638,1.27737
4800,27.8001,24.199,589.948,615.813,613.29,613.182,0,15.1244,12.6757,1.8381
4801,359.013,320.442,365.135,463.801,349.813,174.723,0,200.276,158.737,1.79259
4802,362.713,238.081,419.917,572.816,565.106,617.65,1,148.8,213.912,2.43758
4803,362.713,220.973,439.341,511.853,586.279,474.213,1,138.108,224.605,2.6263
4804,164.701,184.21,336.046,646.077,312.053,818.169,0,115.131,49.5697,1.43055
4805,248.806,228.671,348.69,602.346,144.815,616.235,0,142.919,105.887,1.74088
4806,9.1,10.0213,363.931,179.918,355.848,174.279,0,6.26329,2.83671,1.45291
4807,44.1999,61.9315,192.243,685.64,152.715,701.784,0,38.7072,5.49273,1.1419
4808,269.107,237.584,288.365,395.936,250.246,184.863,0,148.49,120.617,1.8123
4809,146.8,148.805,558.528,416.14,615.638,539.616,0,93.0033,53.7965,1.57844
4810,204.903,128.022,195.49,263.463,248.156,184.75,0,80.0135,124.89,2.56086
4811,51.1998,60.1263,334.205,205.834,349.922,174.725,0,37.5789,13.6209,1.36246
4812,283.208,244.086,466.674,234.076,355.96,173.792,0,152.554,130.654,1.85645
4813,227.205,168.636,511.438,396.526,630.368,334.133,0,105.397,121.807,2.1557
4814,305.009,227.208,239.129,448.053,67.6677,405.509,0,142.005,163.004,2.14788
4815,94.8991,91.0839,221.75,265.636,248.338,184.771,0,56.9274,37.9717,1.66702
4816,25.4001,20.0935,87.4311,404.201,67.6806,405.522,0,12.5584,12.8416,2.02255
4817,190.802,134.504,484.746,180.351,356.138,173.561,0,84.0652,106.737,2.2697
4818,103.499,95.361,223.633,274.104,248.239,184.717,0,59.6006,43.8984,1.73654
4819,160.701,162.152,505.313,147.655,653.612,130.332,0,101.345,59.3555,1.58568
4820,336.111,260.54,437.229,446.203,615.658,539.751,0,162.838,173.274,2.06409
4821,292.709,252.445,366.206,398.229,349.928,174.78,0,157.778,134.93,1.85519
4822,205.403,201.898,247.865,500.063,139.749,611.136,0,126.186,79.2171,1.62778
4823,111.499,102.476,163.149,386.868,67.7835,404.957,0,64.0477,47.4512,1.74087
4824,303.309,252.105,422.871,347.107,356.048,173.451,0,157.565,145.744,1.92497
4825,24.3001,32.1766,319.838,184.036,350.424,175.012,0,20.1104,4.18967,1.20833
4826,165.701,126.666,193.036,404.18,67.6659,404.839,0,79.1663,86.5346,2.09307
4827,219.004,217.414,370.381,363.619,349.756,174.701,0,135.884,83.1203,1.6117
4828,303.809,231.74,476.763,467.753,615.575,539.643,0,144.837,158.972,2.09759
4829,120.699,133.1,312.426,278.42,250.794,184.737,0,83.1873,37.5114,1.45093
4830,264.907,242.75,316.597,549.678,144.808,616.232,0,151.719,113.188,1.74604
4831,106.099,92.9961,524.862,621.885,613.188,612.818,0,58.1226,47.9764,1.82543
4832,266.107,217.427,292.947,372.298,249.89,185.099,0,135.892,130.215,1.95823
4833,202.803,120.693,226.198,302.743,248.686,184.933,0,75.4329,127.37,2.68852
4834,79.1994,93.9152,573.198,193.772,647.652,191.661,0,58.697,20.5024,1.34929
4835,227.305,309.79,393.675,564.423,312.64,818.055,0,193.619,33.6861,1.17398
4836,140.599,136.052,519.407,124.807,653.542,129.96,0,85.0327,55.5667,1.65347
4837,290.509,219.111,492.776,250.671,356.13,173.519,0,136.944,153.564,2.12137
4838,279.608,251.999,288.581,408.546,250.001,184.991,0,157.499,122.108,1.77529
4839,99.0991,112.484,576.364,443.079,615.686,539.467,0,70.3027,28.7963,1.4096
4840,48.7998,56.2237,614.166,160.492,648.467,190.785,0,35.1398,13.66,1.38873
4841,102.699,112.101,177.377,526.425,140.037,611.151,0,70.0633,32.6357,1.4658
4842,77.1994,70.4468,284.685,227.763,249.875,185.11,0,44.0292,33.1702,1.75337
4843,41.0999,53.7912,325.595,765.969,312.685,818.055,0,33.6195,7.48044,1.2225
4844,168.301,148.519,286.882,629.078,144.7,615.631,0,92.8245,75.4765,1.81311
4845,341.812,358.061,360.664,493.091,144.811,616.016,0,223.788,118.023,1.52739
4846,215.804,210.463,607.887,382.68,615.592,539.638,0,131.539,84.2646,1.6406
4847,17,19.4831,416.24,93.7951,407.35,77.5971,0,12.177,4.82308,1.39608
4848,218.304,163.327,177.495,307.936,248.256,184.687,0,102.08,116.224,2.13857
4849,203.503,165.587,238.75,337.804,249.74,185.212,0,103.492,100.011,1.96637
4850,261.507,282.018,361.301,554.508,144.765,616.245,0,176.262,85.2452,1.48363
4851,68.1995,86.4484,222.961,679.895,149.452,693.264,0,54.0302,14.1693,1.26225
4852,55.8997,44.6924,293.49,205.079,252.843,183.873,0,27.9328,27.9669,2.00122
4853,188.502,188.948,614.161,400.438,615.483,539.901,0,118.092,70.4099,1.59623
4854,108.899,100.908,452.189,178.859,355.614,174.321,0,63.0677,45.8312,1.7267
4855,8.8,10.5894,155.063,617.823,144.759,615.839,0,6.61836,2.18163,1.32963
4856,362.713,221.289,429.741,476.205,591.557,484.917,1,138.306,224.407,2.62254
4857,153.3,111.281,226.755,292.085,249.198,185.139,0,69.5505,83.7497,2.20416
4858,174.001,128.545,163.828,434.968,67.7107,405.588,0,80.3406,93.6608,2.1658
4859,344.212,251.786,417.07,616.241,613.196,612.634,0,157.366,186.846,2.18733
4860,305.609,224.991,474.376,250.105,356.086,173.476,0,140.619,164.99,2.17331
4861,362.713,237.412,483.31,483.702,607.784,541.098,1,148.383,214.33,2.44444
4862,283.008,229.949,345.4,599.159,144.741,615.609,0,143.718,139.29,1.96919
4863,26.4001,31.952,281.6,809.376,311.489,818.507,0,19.97,6.43007,1.32199
4864,245.906,185.923,299.236,336.858,248.175,184.69,0,116.202,129.704,2.1162
4865,74.3994,102.597,250.867,732.404,153.625,700.252,0,64.1234,10.276,1.16025
4866,41.7999,33.7109,252.943,218.847,249.743,185.188,0,21.0693,20.7306,1.98393
4867,179.302,172.908,199.245,482.058,139.563,611.212,0,108.068,71.2341,1.65916
4868,37.9,37.6288,565.356,835.121,602.455,833.255,0,23.518,14.382,1.61153
4869,40.5,44.1032,82.1936,436.628,67.7375,405.622,0,27.5645,12.9354,1.46928
4870,134.099,141.837,523.945,692.67,612.39,751.943,0,88.6483,45.4507,1.51271
4871,153.6,152.843,556.542,419.896,615.607,539.6,0,95.5266,58.0736,1.60793
4872,237.105,151.132,501.778,181.131,356.145,173.419,0,94.4575,142.648,2.51018
4873,41.9999,49.9484,328.252,200.604,349.947,174.804,0,31.2177,10.7822,1.34539
4874,128.499,115.348,541.003,668.12,613.257,612.849,0,72.0928,56.4059,1.78241
4875,128.899,115.62,247.068,742.188,152.796,701.737,0,72.2627,56.636,1.78375
4876,45.1999,42.5797,294.783,184.745,253.477,182.491,0,26.6123,18.5876,1.69846
4877,109.299,125.921,570.908,431.275,615.565,540.102,0,78.7005,30.5984,1.3888
4878,5.2,4.99409,350.068,180.322,351.763,175.491,0,3.1213,2.07869,1.66597
4879,271.207,242.359,315.168,557.086,144.674,615.723,0,151.475,119.733,1.79045
4880,15.7,18.5224,333.176,181.795,349.714,174.679,0,11.5765,4.12352,1.3562
4881,167.201,110.309,203.24,261.241,248.739,184.88,0,68.9434,98.2576,2.42519
4882,216.304,173.464,475.294,566.682,613.313,612.551,0,108.415,107.889,1.99515
4883,59.0997,73.1302,271.589,253.963,250.446,184.871,0,45.7064,13.3933,1.29303
4884,31.4001,39.0039,580.712,797.507,606.564,811.508,0,24.3774,7.02267,1.28808
4885,172.501,119.918,228.398,299.061,249.412,185.247,0,74.9491,97.5523,2.30158
4886,238.705,294.596,305.821,499.456,139.94,611.102,0,184.122,54.5829,1.29645
4887,140.699,125.321,430.613,243.864,355.609,174.371,0,78.3258,62.3736,1.79633
4888,269.507,168.457,504.857,199.181,356.125,173.455,0,105.286,164.221,2.55977
4889,117.099,119.762,546.75,687.625,612.365,751.951,0,74.8515,42.2473,1.56442
4890,16.6,17.4836,251.322,202.331,249.366,185.229,0,10.9272,5.67281,1.51914
4891,40.2,51.522,593.628,705.146,612.251,752.184,0,32.2012,7.99873,1.2484
4892,285.008,322.955,322.176,487.184,139.91,611.073,0,201.847,83.161,1.412
4893,41.3999,41.0594,611.847,190.674,647.658,191.849,0,25.6621,15.7378,1.61327
4894,275.308,244.504,363.475,594.959,144.713,615.749,0,152.815,122.492,1.80157
4895,362.713,250.127,423.661,508.66,588.991,485.362,1,156.33,206.383,2.32018
4896,362.713,154.274,459.978,476.724,552.283,452.637,1,96.4214,266.292,3.76175
4897,31.1001,31.0037,149.579,662.564,149.997,693.282,0,19.3773,11.7227,1.60497
4898,32.8001,41.3307,606.324,306.765,630.287,334.057,0,25.8317,6.96836,1.26976
4899,76.9994,78.0124,282.87,765.388,310.57,818.884,0,48.7577,28.2417,1.57922
4900,42.5999,57.7068,195.424,672.04,149.533,693.197,0,36.0668,6.53316,1.18114
4901,29.8001,34.1323,389.383,179.118,355.944,173.641,0,21.3327,8.46741,1.39692
4902,141.999,124.922,275.34,299.941,250.392,184.932,0,78.0764,63.9231,1.81872
4903,237.205,188.533,522.122,524.896,613.196,612.642,0,117.833,119.372,2.01306
4904,156.3,157.294,582.873,411.421,615.672,539.65,0,98.3086,57.9917,1.58989
4905,213.604,181.104,307.643,656.553,144.82,616.164,0,113.19,100.414,1.88712
4906,224.004,279.99,335.46,408.833,251.519,184.362,0,174.993,49.011,1.28007
4907,9.8,11.3251,138.481,631.898,140.056,620.907,0,7.07821,2.72179,1.38453
4908,254.006,244.876,313.516,377.419,250.764,184.685,0,153.047,100.959,1.65966
4909,258.407,230.837,290.852,387.815,250.105,185.026,0,144.273,114.134,1.79109
4910,76.9994,78.1658,201.785,590.092,144.731,615.69,0,48.8536,28.1458,1.57613
4911,165.701,186.482,512.445,222.95,647.853,191.701,0,116.551,49.1499,1.4217
4912,221.504,175.452,442.668,280.775,355.612,174.351,0,109.658,111.847,2.01996
4913,65.3996,69.8509,272.975,777.569,310.823,818.655,0,43.6568,21.7427,1.49804
4914,252.906,278.678,348.67,545.332,144.684,616.267,0,174.173,78.7327,1.45204
4915,251.606,182.285,253.369,348.134,248.491,184.827,0,113.928,137.678,2.20846
4916,203.303,215.399,510.357,506.702,615.542,540.207,0,134.624,68.679,1.51015
4917,91.5992,98.2504,176.907,540.813,140.113,611.094,0,61.4065,30.1927,1.49169
4918,20.8,25.2547,146.926,668.462,149.706,693.205,0,15.7842,5.01585,1.31778
4919,32.1001,36.5806,156.126,643.299,139.853,620.875,0,22.8629,9.23721,1.40403
4920,20.9,21.877,588.767,803.564,607.119,810.115,0,13.6731,7.22693,1.52855
4921,149.7,122.687,457.855,157.081,355.924,174.138,0,76.6796,73.0203,1.95228
4922,336.511,286.007,356.941,551.229,144.687,615.698,0,178.755,157.757,1.88253
4923,91.1992,95.0063,238.373,631.001,144.759,616.052,0,59.3789,31.8202,1.53588
4924,132.299,124.19,344.689,273.605,349.809,174.651,0,77.6187,54.6802,1.70447
4925,190.402,175.015,226.711,550.639,144.652,615.61,0,109.384,81.0181,1.74067
4926,297.809,268.285,381.866,402.606,349.972,174.767,0,167.678,130.131,1.77608
4927,169.901,161.325,536.971,466.562,615.583,539.604,0,100.828,69.0728,1.68505
4928,45.9999,33.8692,278.145,206.827,252.642,183.966,0,21.1682,24.8316,2.17306
4929,173.801,168.169,521.594,407.161,630.314,334.107,0,105.105,68.6961,1.65359
4930,147.5,159.614,483.667,718.392,612.365,751.873,0,99.759,47.7408,1.47856
4931,0.7,0.186965,66.5354,408.858,66.403,408.726,0,0.116853,0.583147,5.99044
4932,116.099,97.4151,235.064,277.531,249.12,185.081,0,60.8845,55.2143,1.90687
4933,278.008,236.905,428.073,342.981,355.585,174.449,0,148.066,129.942,1.8776
4934,7,7.42553,639.96,191.045,646.991,193.426,0,4.64096,2.35904,1.50831
4935,177.802,173.191,482.053,112.301,653.516,130.049,0,108.244,69.5572,1.64259
4936,121.199,125.57,270.852,736.484,311.689,818.364,0,78.4814,42.7173,1.5443
4937,41.6999,51.0726,601.492,214.834,648.399,198.112,0,31.9204,9.77955,1.30637
4938,56.7997,60.1869,608.681,157.472,648.457,190.921,0,37.6168,19.1829,1.50995
4939,243.406,220.582,489.75,464.646,615.653,539.647,0,137.864,105.542,1.76555
4940,271.407,283.581,345.994,539.795,144.836,616.172,0,177.238,94.1691,1.53131
4941,118.799,124.302,200.846,534.739,140.185,611.179,0,77.6887,41.11,1.52916
4942,117.199,109.182,406.087,232.137,355.555,174.356,0,68.2386,48.9601,1.71748
4943,175.201,159.271,505.611,378.92,630.264,334.117,0,99.5444,75.6571,1.76003
4944,70.8995,75.4045,197.442,587.809,144.687,615.72,0,47.1278,23.7717,1.50441
4945,237.705,173.967,203.239,341.641,67.6932,404.904,0,108.729,128.976,2.18621
4946,362.713,225.494,402.094,610.974,570.032,617.745,1,140.934,221.779,2.57364
4947,129.399,155.991,284.432,698.321,311.267,818.474,0,97.4944,31.9043,1.32724
4948,176.402,164.302,383.142,273.634,349.934,174.794,0,102.689,73.7125,1.71782
4949,185.102,238.503,488.339,264.872,648.031,197.91,0,149.064,36.038,1.24176
4950,40.1,40.8859,588.586,820.268,602.374,833.258,0,25.5537,14.5463,1.56924
4951,220.704,276.391,379.658,587.313,312.168,818.188,0,172.744,47.96,1.27764
4952,11.7,14.4133,256.491,197.887,251.107,184.531,0,9.00828,2.69173,1.29881
4953,66.2996,63.1683,298.132,770.248,311.704,818.423,0,39.4802,26.8194,1.67931
4954,131.099,114.084,540.076,668.864,613.175,612.972,0,71.3023,59.7965,1.83863
4955,64.4996,83.6134,531.498,766.872,611.138,755.356,0,52.2584,12.2412,1.23424
4956,343.712,314.387,347.369,486.496,144.765,615.836,0,196.492,147.22,1.74924
4957,68.5995,67.769,600.117,362.017,630.293,334.165,0,42.3556,26.2439,1.61961
4958,261.807,239.014,464.612,458.131,615.56,540.223,0,149.383,112.423,1.75258
4959,79.4994,73.9656,547.746,742.914,611.958,753.036,0,46.2285,33.2709,1.7197
4960,182.902,138.848,281.809,311.534,250.944,184.688,0,86.7797,96.1222,2.10766
4961,217.304,257.754,391.45,633.975,313.13,818.116,0,161.096,56.2077,1.34891
4962,286.508,230.712,398.95,341.504,350.075,174.808,0,144.195,142.313,1.98695
4963,127.699,113.584,422.783,238.799,355.558,174.318,0,70.9902,56.7084,1.79882
4964,245.306,194.778,465.939,276.342,355.437,174.396,0,121.736,123.569,2.01506
4965,0,0,146.987,695.937,146.987,695.937,0,0,0,0
4966,167.501,182.977,325.581,333.679,251.15,184.48,0,114.361,53.1402,1.46467
4967,100.499,118.193,296.11,280.182,250.458,184.842,0,73.8708,26.6283,1.36047
4968,29.0001,37.7271,161.758,592.029,144.644,616.304,0,23.5795,5.42061,1.22989
4969,36,44.2454,598.525,711.089,612.314,752.211,0,27.6534,8.34666,1.30183
4970,122.099,135.484,547.261,455.53,615.637,539.651,0,84.6775,37.4212,1.44193
4971,149.2,188.888,532.491,308.523,648.075,198.016,0,118.055,31.1448,1.26382
4972,208.604,170.141,198.444,359.466,67.7395,404.905,0,106.338,102.266,1.9617
4973,16.5,18.2527,632.485,206.731,647.956,197.772,0,11.4079,5.0921,1.44636
4974,343.012,331.011,356.569,473.941,144.824,616.014,0,206.882,136.13,1.65801
4975,182.502,210.124,314.298,638.746,312.297,818.115,0,131.327,51.1745,1.38967
4976,362.713,244.534,418.585,489.877,591.626,487.068,1,152.833,209.879,2.37326
4977,161.901,180.984,503.06,202.169,647.75,191.7,0,113.115,48.7858,1.43129
4978,362.713,166.247,442.098,509.213,530.312,443.839,1,103.904,258.809,3.49084
4979,98.6991,89.7391,156.982,399.269,67.8408,405.36,0,56.087,42.6121,1.75975
4980,30.4001,40.386,263.099,223.041,251.119,184.482,0,25.2412,5.15885,1.20438
4981,96.1991,91.9513,365.338,194.69,349.613,174.613,0,57.4696,38.7295,1.67391
4982,241.506,245.75,329.728,561.019,144.698,616.248,0,153.594,87.9118,1.57237
4983,120.699,133.928,113.911,496.023,67.7123,405.454,0,83.705,36.9937,1.44195
4984,54.4997,61.1209,308.378,764.976,311.877,818.265,0,38.2006,16.2992,1.42667
4985,362.713,198.333,408.715,523.981,533.904,443.831,1,123.958,238.755,2.92609
4986,39.8,38.5646,162.156,662.806,149.324,693.303,0,24.1029,15.6971,1.65125
4987,34.2001,34.9701,390.373,171.594,355.842,174.252,0,21.8563,12.3438,1.56477
4988,159.301,141.862,162.6,473.464,139.583,611.183,0,88.6635,70.637,1.79669
4989,147.3,188.356,526.132,269.361,647.93,197.843,0,117.723,29.5772,1.25124
4990,28.0001,20.1813,265.217,199.87,253.141,183.521,0,12.6133,15.3868,2.21989
4991,86.1993,114.902,352.359,712.043,313.16,818.203,0,71.8135,14.3858,1.20032
4992,351.612,335.906,374.819,466.747,349.691,174.669,0,209.941,141.671,1.67481
4993,49.6998,65.9176,188.37,652.125,149.689,693.265,0,41.1985,8.50133,1.20635
4994,86.4993,84.7727,569.143,127.375,653.566,130.048,0,52.9829,33.5163,1.63259
4995,67.6995,94.6496,572.773,244.036,647.977,197.977,0,59.156,8.54353,1.14442
4996,93.6991,123.267,265.46,726.379,152.728,701.838,0,77.0417,16.6574,1.21621
4997,45.6999,52.7984,552.951,826.014,602.392,833.26,0,32.999,12.7009,1.38489
4998,318.51,284.573,352.367,418.378,349.715,174.709,0,177.858,140.652,1.79081
4999,114.699,154.074,547.429,286.56,647.936,197.733,0,96.2965,18.4023,1.1911
5000,169.001,161.643,501.396,131.355,653.591,130.349,0,101.027,67.9741,1.67283
5001,329.211,335.687,357.906,474.457,144.8,616.017,0,209.804,119.407,1.56913
5002,25.0001,31.7108,614.318,350.171,630.28,334.018,0,19.8192,5.18083,1.2614
5003,22,26.2178,381.329,180.483,355.912,173.983,0,16.3862,5.6139,1.3426
5004,0,0,409.504,73.1012,409.463,73.193,0,0,0,0
5005,144.9,142.586,244.871,654.186,144.795,616.108,0,89.1163,55.7833,1.62596
5006,142.299,115.483,250.027,613.63,144.842,615.965,0,72.1766,70.1229,1.97155
5007,10.9,10.9185,607.513,743.222,612.016,752.809,0,6.82406,4.07595,1.59729
5008,339.311,309.821,345.483,489.356,144.824,615.785,0,193.638,145.673,1.7523
5009,51.3998,53.1904,608.404,146.683,653.538,130.046,0,33.244,18.1558,1.54614
5010,56.3997,58.6248,597.321,696.601,612.283,752.149,0,36.6405,19.7592,1.53927
5011,73.0995,87.4251,527.27,766.324,611.132,755.333,0,54.6407,18.4587,1.33782
5012,143.7,164.521,365.457,678.68,312.526,817.955,0,102.826,40.8737,1.3975
5013,59.4997,74.6782,587.892,479.157,615.775,540.416,0,46.6739,12.8258,1.2748
5014,362.713,238.72,459.651,463.657,606.536,538.368,1,149.2,213.513,2.43105
5015,18.3,22.3121,630.341,210.357,647.904,197.814,0,13.9451,4.35496,1.31229
5016,8.6,8.92741,627.051,283.271,635.898,282.403,0,5.57963,3.02037,1.54132
5017,91.2992,107.521,283.277,276.755,250.421,184.883,0,67.2006,24.0986,1.35861
5018,245.106,297.348,275.158,496.534,139.935,611.057,0,185.843,59.2632,1.31889
5019,144.6,164.543,536.7,226.081,648.413,190.805,0,102.84,41.76,1.40607
5020,289.508,244.295,456.859,429.78,615.559,540.208,0,152.684,136.824,1.89613
5021,76.1994,71.9869,589.158,667.759,613.234,612.825,0,44.9918,31.2076,1.69363
5022,282.708,251.404,367.023,394.901,349.613,174.601,0,157.128,125.58,1.79923
5023,127.499,118.017,562.841,386.276,630.311,334.13,0,73.7604,53.7382,1.72855
5024,81.5993,83.0587,571.354,125.494,653.547,129.936,0,51.9117,29.6876,1.57189
5025,31.5001,26.5391,588.438,618.036,613.252,613.181,0,16.587,14.9131,1.89909
5026,108.099,97.1045,348.112,228.122,349.666,174.599,0,60.6903,47.4086,1.78116
5027,345.812,315.597,325.299,452.738,67.7197,405.466,0,197.248,148.564,1.75318
5028,242.506,298.251,308.977,502.033,139.858,611.05,0,186.407,56.0984,1.30095
5029,182.602,154.387,338.284,294.776,349.694,174.594,0,96.4917,86.1103,1.89241
5030,26.1001,33.0853,176.707,623.029,144.824,615.894,0,20.6783,5.42176,1.2622
5031,78.7994,105.652,235.367,672.316,149.601,693.172,0,66.0323,12.7671,1.19335
5032,269.107,259.123,347.922,563.604,144.798,616.202,0,161.952,107.155,1.66165
5033,183.202,149.33,556.715,540.246,613.163,612.6,0,93.3315,89.8705,1.96292
5034,167.001,124.757,457.642,156.817,356.132,173.435,0,77.9729,89.0281,2.14178
5035,103.599,103.478,560.66,148.76,653.562,130.043,0,64.674,38.925,1.60186
5036,258.807,312.968,313.889,484.007,139.923,611.103,0,195.605,63.2015,1.32311
5037,7,7.71465,647.604,135.268,653.925,131.011,0,4.82166,2.17834,1.45178
5038,75.6994,70.9267,597.682,685.201,612.392,751.917,0,44.3292,31.3702,1.70766
5039,362.013,250.835,485.01,481.631,615.488,540.172,0,156.772,205.241,2.30917
5040,40.6,29.8637,592.971,626.03,613.272,613.184,0,18.6648,21.9351,2.17521
5041,25.9001,29.8976,305.625,794.859,311.779,818.37,0,18.686,7.21406,1.38607
5042,362.713,246.007,464.917,473.739,604.685,536.979,1,153.754,208.959,2.35905
5043,172.301,141.187,558.605,402.64,630.354,334.071,0,88.2418,84.0596,1.95261
5044,0,0,616.906,758.26,616.906,758.26,0,0,0,0
5045,362.713,210.118,391.094,518.044,526.681,443.889,1,131.323,231.389,2.76198
5046,297.209,248.557,349.153,579.931,144.806,615.836,0,155.348,141.861,1.91318
5047,109.799,108.219,550.876,135.186,653.567,129.954,0,67.6371,42.1618,1.62335
5048,225.405,175.711,443.784,281.159,355.657,174.348,0,109.819,115.585,2.05251
5049,154.8,171.47,596.325,409.731,615.524,539.982,0,107.168,47.6318,1.44446
5050,151.9,152.394,353.63,300.785,349.865,174.65,0,95.2464,56.6536,1.59481
5051,231.605,216.785,485.139,440.055,615.452,540.13,0,135.491,96.1144,1.70938
5052,185.702,187.994,379.063,310.634,349.674,174.647,0,117.496,68.2061,1.5805
5053,184.602,139.283,202.087,395.992,67.6917,405.56,0,87.0517,97.5503,2.1206
5054,103.799,110.737,186.806,535.91,139.938,611.123,0,69.2103,34.5887,1.49976
5055,87.8992,113.644,337.913,707.583,312.69,817.953,0,71.0273,16.8719,1.23754
5056,174.401,159.096,209.752,364.237,67.7499,404.802,0,99.4352,74.9663,1.75392
5057,157.1,170.636,359.551,664.877,312.726,818.034,0,106.647,50.453,1.47308
5058,67.6995,65.2681,594.712,178.034,648.162,190.905,0,40.7926,26.907,1.6596
5059,18.9,22.4787,629.268,209.496,648.097,197.975,0,14.0492,4.85083,1.34527
5060,128.099,169.57,532.048,289.455,647.967,197.781,0,105.981,22.1172,1.20869
5061,73.7994,74.1444,141.869,401.079,67.6708,404.796,0,46.3403,27.4592,1.59256
5062,208.304,138.121,215.337,227.908,248.286,184.84,0,86.3257,121.978,2.413
5063,17.2,21.5495,318.823,797.445,313.182,818.254,0,13.4685,3.73156,1.27706
5064,226.805,176.935,205.924,350.493,67.8017,404.962,0,110.585,116.22,2.05096
5065,236.905,199.106,481.914,290.665,630.362,334.093,0,124.441,112.464,1.90375
5066,109.799,135.205,528.761,734.294,611.149,755.16,0,84.5032,25.2957,1.29935
5067,66.0996,84.2409,581.698,246.646,647.882,197.594,0,52.6506,13.449,1.25544
5068,45.5999,48.8935,80.0366,441.007,67.7035,405.47,0,30.5585,15.0414,1.49222
5069,235.005,174.627,243.579,347.504,249.92,185.096,0,109.142,125.863,2.1532
5070,28.4001,32.1451,599.329,783.031,606.5,811.568,0,20.0907,8.3094,1.41359
5071,17.2,22.4015,316.139,796.247,312.653,817.971,0,14.001,3.19907,1.22849
5072,187.002,139.015,295.982,298.836,250.229,185.029,0,86.8841,100.118,2.15232
5073,362.713,143.375,449.902,514.996,420.788,563.537,1,89.6096,273.103,4.0477
5074,43.0999,45.0679,592.093,819.119,602.367,833.279,0,28.1674,14.9325,1.53013
5075,122.899,105.923,290.171,735.59,311.213,818.602,0,66.202,56.6967,1.85642
5076,60.7996,64.6479,394.906,188.502,356.04,173.717,0,40.4049,20.3947,1.50476
5077,7.3,7.96356,141.039,628.672,139.793,620.921,0,4.97723,2.32277,1.46668
5078,16.1,18.9653,301.826,805.284,311.902,818.283,0,11.8533,4.24673,1.35827
5079,300.409,221.178,468.156,370.772,630.338,334.116,0,138.236,162.173,2.17316
5080,91.5992,85.5693,543.314,600.868,613.177,612.815,0,53.4808,38.1184,1.71275
5081,317.41,249.839,446.774,443.475,615.67,539.715,0,156.149,161.261,2.03274
5082,26.7001,30.406,622.043,203.435,648.025,197.925,0,19.0037,7.69634,1.40499
5083,210.204,198.135,346.348,334.522,349.737,174.714,0,123.834,86.3693,1.69746
5084,232.505,155.008,502.95,187.296,356.233,173.341,0,96.8798,135.625,2.39993
5085,334.011,295.037,286.08,471.454,67.691,405.58,0,184.398,149.613,1.81136
5086,362.713,137.118,558.635,182.167,563.829,182.066,1,85.699,277.014,4.2324
5087,50.9998,60.8115,273.271,787.705,311.216,818.628,0,38.0072,12.9926,1.34185
5088,340.812,270.008,466.401,490.51,613.242,612.973,0,168.755,172.056,2.01956
5089,232.405,216.879,395.368,324.254,349.697,174.602,0,135.549,96.8556,1.71454
5090,14.3,17.6309,373.27,173.179,356.023,173.86,0,11.0193,3.28068,1.29772
5091,293.209,155.278,498.108,624.689,613.188,612.706,0,97.0485,196.16,3.02126
5092,300.009,175.926,555.444,529.949,613.241,612.64,0,109.954,190.056,2.72851
5093,11.4,10.3538,600.878,755.337,611.157,755.196,0,6.47113,4.92887,1.76167
5094,44.0999,52.324,603.656,209.282,648.356,198.059,0,32.7025,11.3974,1.34852
5095,163.201,151.105,335.41,290.165,349.827,174.717,0,94.4409,68.7599,1.72807
5096,146.5,135.335,328.624,275.805,349.883,174.694,0,84.5843,61.9154,1.732
5097,121.999,153.756,317.227,688.099,312.295,818.054,0,96.0973,25.9014,1.26953
5098,304.009,201.659,512.643,530.614,613.16,612.781,0,126.037,177.972,2.41207
5099,166.301,143.058,423.101,268.064,355.628,174.305,0,89.4112,76.8897,1.85996
5100,63.8996,71.5729,284.765,228.367,250.242,184.94,0,44.7331,19.1665,1.42846
5101,34.1001,37.4796,573.965,755.768,611.146,755.007,0,23.4248,10.6753,1.45573
5102,117.799,140.2,546.572,459.082,615.478,540.021,0,87.6252,30.1735,1.34435
5103,170.601,185.855,514.818,222.951,647.781,191.668,0,116.159,54.4418,1.46868
5104,24.0001,21.9023,591.725,610.449,613.273,613.079,0,13.6889,10.3111,1.75325
5105,75.4994,76.891,115.167,440.761,67.723,405.619,0,48.0569,27.4426,1.57104
5106,362.713,264.683,417.506,381.171,626.063,334.089,1,165.427,197.286,2.19259
5107,259.307,232.204,298.631,551.184,144.661,615.706,0,145.128,114.179,1.78675
5108,32.9001,29.1473,235.224,207.622,249.175,185.126,0,18.217,14.683,1.80601
5109,15.1,19.4417,318.778,799.578,313.496,818.289,0,12.1511,2.94897,1.24269
5110,40.2,33.9548,228.547,204.331,249.21,185.144,0,21.2217,18.9782,1.89428
5111,100.999,125.745,572.829,276.923,648.192,198.023,0,78.5908,22.4083,1.28513
5112,142.499,110.081,167.836,383.038,67.7403,404.883,0,68.8008,73.6987,2.07119
5113,145.3,108.357,162.987,415.722,67.6683,405.528,0,67.7234,77.5763,2.14549
5114,87.6992,121.971,254.595,683.598,149.558,693.234,0,76.2321,11.4671,1.15042
5115,225.505,205.639,489.961,414.439,630.375,334.073,0,128.525,96.9801,1.75456
5116,101.899,110.171,117.918,474.25,67.7986,405.448,0,68.8571,33.0419,1.47986
5117,99.4991,103.649,277.361,283.131,250.433,184.874,0,64.7805,34.7186,1.53594
5118,59.5997,48.0785,112.072,412.794,67.6849,405.548,0,30.0491,29.5506,1.98341
5119,116.699,109.751,558.291,154.991,653.558,130.046,0,68.5943,48.1045,1.70129
5120,241.206,182.985,208.626,330.196,248.644,184.886,0,114.366,126.84,2.10907
5121,139.799,163.991,289.605,687.412,149.395,693.267,0,102.495,37.3047,1.36397
5122,5.6,5.02032,310.942,813.261,312.699,817.962,0,3.1377,2.46229,1.78474
5123,82.5993,89.6855,149.024,522.529,139.721,611.127,0,56.0534,26.5459,1.47358
5124,224.705,156.796,504.859,678.801,613.219,613.035,0,97.9975,126.707,2.29296
5125,150.5,143.459,528.87,158.952,653.578,130.248,0,89.6619,60.8381,1.67853
5126,160.001,142.275,496.05,338.174,630.279,334.123,0,88.9217,71.0788,1.79934
5127,362.713,245.226,399.229,484.641,587.573,472.23,1,153.266,209.447,2.36656
5128,125.799,121.845,557.665,386.329,630.299,334.227,0,76.1531,49.6455,1.65192
5129,71.1995,68.1257,586.318,125.22,653.622,130.316,0,42.5786,28.6209,1.67219
5130,140.099,142.694,310.885,300.959,251.357,184.536,0,89.1837,50.9157,1.57091
5131,180.902,129.644,163.036,436.165,67.6672,405.599,0,81.0275,99.8743,2.2326
5132,226.705,145.459,224.219,310.793,249.454,185.19,0,90.912,135.793,2.49367
5133,58.8997,61.1931,597.738,171.886,647.832,191.652,0,38.2457,20.654,1.54003
5134,38.6,35.019,583.857,820.244,602.359,833.342,0,21.8869,16.7131,1.76361
5135,213.304,239.739,262.715,519.545,139.853,611.145,0,149.837,63.4672,1.42358
5136,190.702,155.824,494.856,329.806,630.372,334.146,0,97.3903,93.3122,1.95813
5137,267.507,180.204,494.5,687.728,613.323,613.06,0,112.627,154.88,2.37515
5138,245.006,177.674,482.14,570.395,613.164,612.837,0,111.046,133.959,2.20634
5139,362.713,248.727,451.712,463.237,604.151,537.996,1,155.454,207.259,2.33325
5140,210.204,244.281,399.255,644.799,312.831,818.012,0,152.676,57.5279,1.3768
5141,94.6991,94.2329,560.282,123.606,653.515,129.779,0,58.8956,35.8036,1.60792
5142,76.5994,93.4784,566.777,484.658,615.567,540.17,0,58.424,18.1754,1.31109
5143,362.713,230.696,472.935,477.948,600.833,520.047,1,144.185,218.528,2.5156
5144,294.409,237.58,268.506,437.551,67.6845,404.9,0,148.487,145.921,1.98272
5145,53.7998,72.6638,216.145,731.938,152.604,701.771,0,45.4149,8.3849,1.18463
5146,206.703,139.185,162.323,445.302,67.7867,405.302,0,86.9905,119.713,2.37616
5147,24.5001,25.1372,614.218,344.049,630.359,334.065,0,15.7108,8.7893,1.55944
5148,258.407,234.21,462.964,424.508,615.472,539.97,0,146.381,112.025,1.7653
5149,147.3,103.618,216.041,256.252,248.52,184.844,0,64.7611,82.5387,2.27451
5150,352.312,212.239,430.532,634.45,613.208,613.006,0,132.649,219.663,2.65597
5151,90.1992,104.37,282.301,280.915,250.313,184.938,0,65.2314,24.9678,1.38276
5152,54.3997,66.4866,411.097,143.783,405.86,78.1571,0,41.5541,12.8456,1.30913
5153,160.401,135.652,453.474,142.074,355.96,173.77,0,84.7823,75.6183,1.89191
5154,172.501,181.798,234.861,509.47,140.132,611.146,0,113.624,58.8774,1.51818
5155,140.099,160.429,522.736,209.797,647.796,191.487,0,100.268,39.8311,1.39724
5156,16,17.7221,151.01,675.649,149.66,693.163,0,11.0763,4.92369,1.44452
5157,93.5991,82.9215,578.352,672.659,613.238,612.78,0,51.8259,41.7732,1.80603
5158,157.7,164.029,528.393,438.362,615.469,540.094,0,102.518,55.1823,1.53827
5159,85.9993,79.5845,589.646,677.193,612.402,752.092,0,49.7403,36.2589,1.72896
5160,29.2001,20.4342,264.408,200.626,252.606,183.96,0,12.7714,16.4287,2.28637
5161,17.8,24.5946,629.082,130.965,653.525,129.983,0,15.3716,2.4284,1.15798
5162,104.999,137.104,263.716,674.995,149.534,693.26,0,85.69,19.309,1.22534
5163,100.099,99.6593,211.168,572.731,144.779,616.007,0,62.2871,37.812,1.60706
5164,143.8,131.679,249.659,308.066,249.837,185.132,0,82.2996,61.4999,1.74727
5165,66.6996,70.0938,282.518,773.489,310.554,818.79,0,43.8087,22.8909,1.52252
5166,218.004,263.466,333.986,392.993,251.54,184.424,0,164.666,53.3377,1.32391
5167,207.403,155.341,183.622,300.445,248.391,184.828,0,97.0884,110.315,2.13623
5168,199.003,143.756,200.577,412.029,67.7004,405.527,0,89.8474,109.156,2.2149
5169,244.406,194.396,473.001,307.351,630.388,334.095,0,121.498,122.908,2.01161
5170,75.0994,76.3554,283.157,767.702,310.538,818.863,0,47.7221,27.3773,1.57368
5171,258.007,193.611,237.234,352.775,249.206,185.086,0,121.007,137,2.13216
5172,26.5001,32.2813,318.149,786.358,312.688,818.062,0,20.1758,6.32425,1.31346
5173,240.405,245.532,330.786,561.716,144.693,616.254,0,153.458,86.9478,1.56659
5174,72.9995,71.4764,592.569,367.478,630.33,334.149,0,44.6728,28.3267,1.63409
5175,232.605,175.543,167.417,303.019,248.848,184.991,0,109.714,122.891,2.1201
5176,9.1,10.9266,637.661,187.555,647.881,191.42,0,6.82913,2.27087,1.33253
5177,103.499,100.319,418.463,225.924,356.246,173.353,0,62.6992,40.7998,1.65072
5178,44.0999,35.9352,227.166,201.615,249.058,185.09,0,22.4595,21.6404,1.96353
5179,65.2996,77.4934,220.608,627.452,144.65,615.689,0,48.4334,16.8662,1.34824
5180,36.5,36.7726,137.186,659.804,149.328,693.329,0,22.9829,13.5171,1.58814
5181,362.713,130.307,127.983,538.154,124.825,537.4,1,81.4418,281.271,4.45365
5182,274.008,261.965,293.633,424.669,67.7339,404.882,0,163.728,110.28,1.67356
5183,23.6001,29.5997,621.095,208.768,648.255,198.074,0,18.4998,5.10026,1.27569
5184,163.001,128.323,269.079,638.576,144.814,616.002,0,80.2018,82.799,2.03238
5185,82.4993,84.7359,204.752,582.111,144.78,615.764,0,52.96,29.5393,1.55777
5186,182.702,175.311,247.475,572.877,144.714,615.663,0,109.569,73.1327,1.66746
5187,170.901,147.679,239.109,321.269,250.127,185.034,0,92.2997,78.6016,1.85159
5188,127.999,122.83,556.667,168.433,653.543,130.05,0,76.7686,51.23,1.66733
5189,41.0999,55.0617,564.893,800.201,606.462,811.705,0,34.4136,6.68639,1.1943
5190,81.9993,94.3148,573.799,292.314,630.339,333.903,0,58.9467,23.0526,1.39108
5191,62.8996,80.6586,539.433,778.016,611.102,754.995,0,50.4117,12.488,1.24772
5192,89.4992,94.6451,178.217,544.237,140.221,611.214,0,59.1532,30.346,1.51301
5193,86.4993,102.614,94.9691,473.041,67.7587,405.438,0,64.1336,22.3656,1.34874
5194,28.0001,35.4738,617.789,214.872,648.411,198.133,0,22.1711,5.82893,1.26291
5195,169.401,163.876,238.555,572.601,144.798,615.757,0,102.422,66.9788,1.65395
5196,153,140.97,273.016,649.193,144.791,615.952,0,88.1066,64.8936,1.73654
5197,62.4996,46.0638,258.373,229.549,249.758,185.094,0,28.7899,33.7097,2.17089
5198,7.3,6.95379,74.3773,402.982,67.7799,405.274,0,4.34612,2.95388,1.67966
5199,246.206,179.647,246.638,349.911,249.833,185.105,0,112.28,133.926,2.19279
5200,220.404,175.335,290.739,603.092,144.784,615.792,0,109.585,110.82,2.01127
5201,97.0991,93.643,273.007,275.494,249.856,185.14,0,58.5268,38.5722,1.65905
5202,115.899,120.642,238.532,653.883,144.747,615.923,0,75.401,40.4978,1.5371
5203,181.002,225.524,331.581,373.674,251.46,184.412,0,140.953,40.0492,1.28413
5204,362.713,187.505,476.643,483.652,581.307,456.586,1,117.191,245.522,3.09507
5205,84.1993,98.9283,275.53,279.215,250.241,184.904,0,61.8302,22.3691,1.36178
5206,25.2001,28.7301,316.859,790.024,312.705,818.008,0,17.9563,7.24372,1.40341
5207,194.603,188.589,312.245,330.845,250.944,184.736,0,117.868,76.7346,1.65102
5208,63.0996,76.9111,214.749,678.654,149.584,693.268,0,48.0694,15.0302,1.31268
5209,135.399,122.9,252.872,300.833,249.853,185.148,0,76.8123,58.5868,1.76273
5210,45.9999,31.5473,592.635,626.791,613.324,613.137,0,19.717,26.2828,2.333
5211,198.903,137.887,508.757,661.636,613.221,612.82,0,86.1791,112.724,2.30802
5212,25.2001,30.1781,601.722,566.412,616.134,541.474,0,18.8613,6.33874,1.33607
5213,0,0,312.811,825.24,312.811,825.24,0,0,0,0
5214,152.1,124.949,529.544,572.623,613.209,613.029,0,78.0932,74.0068,1.94767
5215,229.505,138.511,222.089,307.513,248.837,185.044,0,86.5696,142.935,2.6511
5216,230.905,227.62,328.548,578.147,144.749,616.155,0,142.263,88.6423,1.62309
5217,362.713,249.586,442.895,585.423,597.003,613.982,1,155.991,206.721,2.32521
5218,274.608,221.77,397.188,336.803,349.737,174.704,0,138.606,136.001,1.98121
5219,362.713,161.55,475.177,481.412,554.715,452.344,1,100.969,261.744,3.59233
5220,258.907,207.199,295.766,360.908,248.872,184.998,0,129.5,129.407,1.99929
5221,237.505,199.884,285.411,562.653,144.706,615.75,0,124.927,112.578,1.90115
5222,272.907,281.979,346.957,540.515,144.742,616.072,0,176.237,96.6708,1.54853
5223,102.599,84.51,604.576,696.242,612.39,752.083,0,52.8187,49.7803,1.94247
5224,118.799,109.148,557.478,305.831,630.385,333.824,0,68.2176,50.5812,1.74147
5225,86.0993,88.1815,156.619,540.185,139.663,611.085,0,55.1135,30.9858,1.56222
5226,362.713,274.933,417.88,566.847,595.126,612.656,1,171.833,190.88,2.11084
5227,268.407,205.679,491.607,246.166,356.145,173.574,0,128.55,139.858,2.08797
5228,166.301,178.233,186.517,520.569,139.886,611.076,0,111.395,54.9055,1.49289
5229,227.405,165.432,559.3,526.834,613.167,612.576,0,103.395,124.01,2.19938
5230,362.713,241.501,448.273,487.654,599.553,519.582,1,150.938,211.775,2.40306
5231,184.502,191.493,526.66,501.03,615.664,539.596,0,119.683,64.8189,1.54159
5232,77.9994,87.0904,316.907,741.747,311.836,818.288,0,54.4315,23.5679,1.43298
5233,292.309,278.36,308.048,423.726,67.7398,404.906,0,173.975,118.334,1.68018
5234,339.411,306.309,359.696,451.406,349.729,174.684,0,191.443,147.969,1.77291
5235,49.9998,34.1807,247.517,219.482,249.228,185.142,0,21.363,28.6369,2.34049
5236,265.207,187.215,213.85,445.967,67.7473,404.812,0,117.009,148.198,2.26655
5237,35.6,41.7715,179.758,674.611,150.059,693.289,0,26.1072,9.49287,1.36361
5238,24.6001,31.7089,175.482,622.517,144.739,615.672,0,19.8181,4.782,1.2413
5239,20.1,20.8667,603.465,557.839,616.381,542.359,0,13.0417,7.05833,1.54121
5240,1.4,0.659753,654.194,199.043,653.985,198.418,0,0.412346,0.987654,3.39521
5241,217.304,139.719,216.057,226.667,248.133,184.703,0,87.3246,129.979,2.48846
5242,112.499,102.645,161.296,388.602,67.6739,404.839,0,64.1534,48.3455,1.75359
5243,112.999,136.046,512.288,717.626,611.792,753.426,0,85.0285,27.9704,1.32895
5244,220.204,177.632,507.383,541.638,613.199,612.614,0,111.02,109.184,1.98346
5245,105.299,93.2358,230.786,275.013,249.32,185.237,0,58.2724,47.0266,1.80701
5246,181.002,155.621,236.121,328.519,249.471,185.197,0,97.2628,83.739,1.86096
5247,67.9995,61.9625,299.745,769.083,311.376,818.518,0,38.7266,29.2729,1.75589
5248,198.403,131.95,216.413,230.771,248.578,184.948,0,82.469,115.934,2.40579
5249,109.899,134.43,554.299,178.607,647.86,191.33,0,84.0188,25.8801,1.30803
5250,217.604,259.312,283.505,513.392,139.92,611.123,0,162.07,55.534,1.34265
5251,137.099,137.385,315.09,288.517,251.048,184.629,0,85.8656,51.2335,1.59667
5252,169.701,159.309,495.416,115.403,653.564,129.712,0,99.5679,70.1333,1.70438
5253,13.6,13.7924,639.12,208.117,648.303,198.149,0,8.62028,4.97974,1.57768
5254,0,0,139.333,614.781,139.333,614.781,0,0,0,0
5255,122.999,109.486,245.974,619.11,144.741,615.965,0,68.4287,54.57,1.79747
5256,102.099,97.9587,274.069,278.687,250.041,184.99,0,61.2242,40.8748,1.66762
5257,45.7999,46.5829,572.918,594.301,613.269,612.472,0,29.1143,16.6855,1.5731
5258,252.706,237.027,270.506,432.446,67.6631,404.838,0,148.142,104.564,1.70584
5259,26.6001,26.4625,83.6886,419.64,67.7764,405.396,0,16.5391,10.061,1.60832
5260,120.599,120.458,354.263,258.711,350.021,174.793,0,75.2864,45.3123,1.60187
5261,66.3996,61.3024,268.022,242.95,250.241,184.912,0,38.314,28.0855,1.73304
5262,12.9,16.203,371.205,179.295,356.134,173.448,0,10.1269,2.77313,1.27384
5263,184.602,148.394,291.919,301.543,251.25,184.506,0,92.7464,91.8557,1.9904
5264,131.499,118.238,260.807,633.094,144.798,616.083,0,73.8985,57.6003,1.77945
5265,70.2995,91.4608,337.07,730.24,312.769,817.952,0,57.163,13.1365,1.22981
5266,231.905,307.509,387.529,569.366,312.668,817.992,0,192.193,39.7121,1.20663
5267,63.4996,67.2449,599.079,151.864,653.509,130.124,0,42.028,21.4716,1.51089
5268,40.4,53.3605,310.635,772.072,311.777,818.302,0,33.3503,7.04966,1.21138
5269,123.499,136.659,111.449,495.01,67.7759,405.425,0,85.4117,38.087,1.44592
5270,24.1001,28.5011,411.32,106.053,405.853,78.1632,0,17.8132,6.28686,1.35293
5271,178.202,153.068,238.751,326.303,250.115,185.033,0,95.6677,82.534,1.86271
5272,362.713,279.534,428.072,419.324,606.835,541.504,1,174.709,188.004,2.0761
5273,319.51,162.348,497.655,634.746,613.231,612.59,0,101.468,218.043,3.14889
5274,362.713,234.539,432.345,492.952,589.99,488.784,1,146.587,216.126,2.47439
5275,198.903,220.047,369.643,628.498,312.307,818.068,0,137.529,61.3739,1.44626
5276,148.6,120.317,173.581,375.942,67.7296,404.89,0,75.1981,73.4018,1.97611
5277,256.206,221.019,386.952,340.715,349.475,174.579,0,138.137,118.07,1.85473
5278,30.5001,37.8426,587.446,528.891,615.756,540.407,0,23.6516,6.84845,1.28956
5279,152.6,128.928,192.832,390.743,67.727,404.877,0,80.5801,72.0201,1.89377
5280,169.101,153.295,351.359,302.812,350.148,174.803,0,95.8092,73.2919,1.76498
5281,47.0999,52.3046,573.423,789.116,606.406,811.769,0,32.6904,14.4095,1.44079
5282,48.2998,55.6998,139.822,559.116,139.849,611.069,0,34.8124,13.4874,1.38743
5283,168.801,130.8,282.1,297.422,249.528,185.223,0,81.7499,87.0512,2.06485
5284,67.1995,86.6575,566.826,492.96,615.609,539.569,0,54.1609,13.0386,1.24074
5285,226.105,224.802,604.6,393.411,615.503,539.845,0,140.502,85.6031,1.60927
5286,333.611,285.739,285.942,464.519,67.6606,404.819,0,178.587,155.024,1.86806
5287,238.505,220.051,473.576,439.77,615.585,539.628,0,137.532,100.973,1.73418
5288,232.605,215.78,480.02,436.471,615.623,539.721,0,134.863,97.7424,1.72476
5289,21.3,21.5149,602.8,557.313,616.288,542.026,0,13.4468,7.85323,1.58402
5290,304.409,265.052,340.123,387.74,349.734,174.718,0,165.657,138.752,1.83758
5291,283.108,251.383,341.96,564.287,144.655,616.295,0,157.114,125.994,1.80192
5292,112.899,109.731,235.371,607.411,144.717,615.729,0,68.5819,44.3169,1.64619
5293,212.604,245.069,276.863,521.796,139.947,611.079,0,153.168,59.4357,1.38804
5294,191.402,164.235,303.768,627.452,144.763,616.196,0,102.647,88.7555,1.86467
5295,256.206,199.867,479.622,316.198,630.293,334.137,0,124.917,131.29,2.05102
5296,97.3991,114.299,566.525,175.076,653.496,130.111,0,71.4367,25.9624,1.36343
5297,97.0991,103.551,237.628,744.354,152.749,701.792,0,64.7193,32.3798,1.50031
5298,203.903,243.404,399.727,643.379,313.225,818.231,0,152.128,51.7756,1.34034
5299,81.9993,81.8972,149.886,400.961,67.7983,405.168,0,51.1858,30.8136,1.60199
5300,23.3001,29.3205,322.071,181.279,350.393,175.011,0,18.3253,4.97473,1.27147
5301,74.3994,75.5011,578.331,131.351,653.533,129.905,0,47.1882,27.2113,1.57665
5302,51.2998,61.7069,554.525,749.972,612.111,752.644,0,38.5668,12.733,1.33015
5303,158.6,202.162,516.591,264.483,648.139,197.956,0,126.351,32.2492,1.25523
5304,16.4,17.4555,613.402,330.622,630.308,334.111,0,10.9097,5.49036,1.50326
5305,170.001,195.286,321.007,343.421,251.026,184.625,0,122.054,47.9474,1.39284
5306,138.899,126.748,175.092,258.559,248.318,184.806,0,79.2178,59.6815,1.75338
5307,8.9,9.34029,303.645,814.181,311.745,818.437,0,5.83768,3.06232,1.52458
5308,92.9992,81.4731,417.873,206.968,356.056,173.491,0,50.9207,42.0785,1.82635
5309,212.504,253.588,400.017,631.51,313.162,818.212,0,158.493,54.011,1.34078
5310,180.702,146.645,481.778,153.022,356.17,173.423,0,91.6532,89.0486,1.97158
5311,77.1994,99.3234,337.541,721.911,312.654,817.96,0,62.0771,15.1223,1.2436
5312,233.205,155.797,471.647,613.3,613.169,612.617,0,97.3732,135.832,2.39496
5313,205.303,190.201,387.262,301.943,349.778,174.744,0,118.876,86.4276,1.72704
5314,50.6998,59.6866,313.01,766.525,311.836,818.28,0,37.3041,13.3957,1.35909
5315,61.3996,82.5974,223.76,736.328,152.785,701.787,0,51.6234,9.77624,1.18938
5316,96.3991,118.017,592.908,268.522,647.856,197.774,0,73.7608,22.6383,1.30691
5317,1.9,1.06013,610.875,757.631,611.871,757.269,0,0.662584,1.23742,2.86756
5318,106.499,100.187,373.856,206.805,355.714,174.348,0,62.6169,43.882,1.7008
5319,103.399,112.415,212.872,652.691,144.778,616.22,0,70.2593,33.1397,1.47168
5320,327.511,229.504,477.681,423.397,630.306,334.139,0,143.44,184.071,2.28326
5321,220.504,195.082,402.716,303.105,355.568,174.33,0,121.926,98.5783,1.80851
5322,44.9999,55.595,118.299,574.166,139.927,611.094,0,34.7469,10.253,1.29508
5323,240.705,185.519,219.087,431.226,67.7303,404.896,0,115.949,124.756,2.07595
5324,197.503,196.286,220.607,474.972,140.064,611.089,0,122.679,74.8243,1.60992
5325,81.9993,74.598,264.314,257.157,249.297,185.241,0,46.6237,35.3756,1.75875
5326,135.499,118.868,261.194,633.329,144.725,615.6,0,74.2925,61.2066,1.82386
5327,362.713,260.7,425.16,394.661,624.678,334.047,1,162.938,199.775,2.22609
5328,92.5992,94.864,188.116,565.809,140.031,611.07,0,59.29,33.3092,1.5618
5329,223.504,158.477,492.813,157.038,356.197,173.431,0,99.0482,124.456,2.25652
5330,17.8,19.0226,613.613,338.216,630.287,334.066,0,11.8892,5.91088,1.49717
5331,83.8993,88.7941,161.687,536.702,139.903,611.131,0,55.4963,28.403,1.5118
5332,87.4992,74.9306,422.548,152.283,356.069,173.584,0,46.8316,40.6676,1.86838
5333,198.603,192.143,324.345,613.52,144.747,616.122,0,120.089,78.5136,1.65379
5334,8.2,8.66473,255.459,192.12,252.808,183.894,0,5.41546,2.78454,1.51418
5335,45.1999,40.0456,224.079,210.576,248.579,184.932,0,25.0285,20.1714,1.80594
5336,92.9992,78.4271,583.613,672.053,613.301,613.112,0,49.0169,43.9822,1.89729
5337,70.7995,75.1397,554.736,731.957,612.01,752.958,0,46.9623,23.8372,1.50758
5338,183.202,111.034,517.799,631.728,613.341,613.173,0,69.3963,113.806,2.63994
5339,214.104,141.643,427.604,135.58,405.84,78.2227,0,88.5266,125.577,2.41853
5340,362.713,122.672,129.298,538.964,125.12,537.916,1,76.6703,286.043,4.73082
5341,156.6,152.882,228.992,572.035,144.653,615.562,0,95.551,61.0494,1.63892
5342,64.7996,59.1332,555.386,618.185,613.35,613.132,0,36.9582,27.8414,1.75332
5343,207.603,243.656,313.712,371.522,251.414,184.547,0,152.285,55.3184,1.36326
5344,1,0.351322,147.676,693.558,147.796,693.888,0,0.219576,0.780424,4.55423
5345,121.599,110.509,446.415,195.281,356.109,173.531,0,69.0684,52.5303,1.76056
5346,179.702,175.177,535.396,421.298,615.633,539.676,0,109.486,70.2161,1.64133
5347,311.71,212.181,471.759,382.464,630.296,334.116,0,132.613,179.097,2.35052
5348,283.508,238.879,456.796,432.773,615.451,540.137,0,149.299,134.209,1.89892
5349,362.713,91.8173,304.528,398.952,306.592,390.834,1,57.3858,305.327,6.3206
5350,215.704,263.295,293.562,525.291,139.932,611.148,0,164.559,51.1448,1.3108
5351,239.505,209.166,406.801,317.666,355.672,174.344,0,130.729,108.777,1.83208
5352,189.302,193.988,524.598,455.476,615.52,539.935,0,121.243,68.0596,1.56135
5353,362.713,232.862,422.233,656.032,607.871,612.93,1,145.539,217.174,2.49221
5354,221.604,283.72,378.726,579.344,312.277,818.068,0,177.325,44.2791,1.24971
5355,362.713,224.817,403.956,490.107,580.036,456.148,1,140.511,222.202,2.58139
5356,107.199,125.25,572.103,431.834,615.49,540.222,0,78.2811,28.9178,1.36941
5357,138.699,178.089,419.925,711.868,313.374,818.223,0,111.306,27.3936,1.24611
5358,202.703,242.409,405.047,639.228,313.174,818.186,0,151.506,51.1973,1.33792
5359,362.713,242.976,401.502,614.495,595.041,614.883,1,151.86,210.853,2.38847
5360,198.303,187.697,224.185,492.539,139.803,611.096,0,117.311,80.992,1.6904
5361,160.901,175.101,192.108,520.522,140.059,611.101,0,109.438,51.4626,1.47024
5362,266.907,208.899,266.679,365.65,248.828,184.974,0,130.562,136.345,2.04429
5363,24.6001,31.7557,593.666,527.689,615.674,540.403,0,19.8473,4.75275,1.23947
5364,6.1,5.93052,147.873,687.635,149.676,693.28,0,3.70657,2.39342,1.64572
5365,328.711,283.816,322.329,510.355,144.772,615.791,0,177.385,151.326,1.85309
5366,248.506,206.814,424.525,316.775,355.635,174.334,0,129.259,119.247,1.92255
5367,313.41,268.872,363.112,417.058,349.579,174.642,0,168.045,145.365,1.86504
5368,283.308,235.276,307.424,377.605,249.921,185.104,0,147.048,136.261,1.92664
5369,270.107,207.186,473.411,385.834,630.29,334.148,0,129.491,140.616,2.08591
5370,0,0,140.562,618.164,140.562,618.164,0,0,0,0
5371,207.503,174.353,498.896,366.418,630.279,334.074,0,108.971,98.5327,1.90421
5372,56.5997,47.3108,590.236,643.158,613.325,613.193,0,29.5693,27.0304,1.91414
5373,328.911,227.702,460.703,389.995,630.3,334.078,0,142.314,186.597,2.31117
5374,139.899,152.819,314.602,688.2,312.341,818.064,0,95.5121,44.3872,1.46473
5375,184.902,200.993,367.45,644.405,312.463,817.954,0,125.62,59.2816,1.47191
5376,207.703,137.098,172.15,437.178,67.7069,405.475,0,85.6864,122.017,2.424
5377,187.502,145.807,467.613,212.13,356.154,173.41,0,91.1296,96.3726,2.05753
5378,15.1,19.5266,598.63,738.52,612.281,752.412,0,12.2041,2.89591,1.23729
5379,200.403,187.605,612.437,402.014,615.509,539.895,0,117.253,83.1499,1.70915
5380,147.7,132.102,160.669,482.49,139.567,611.201,0,82.5639,65.1359,1.78892
5381,173.201,165.762,489.415,118.032,653.474,130.202,0,103.601,69.6003,1.67181
5382,42.7999,30.0219,590.846,624.207,613.286,613.206,0,18.7637,24.0362,2.281
5383,84.8993,80.1585,426.977,148.453,356.074,173.585,0,50.099,34.8002,1.69463
5384,164.601,136.156,298.075,296.548,250.976,184.622,0,85.0976,79.5032,1.93426
5385,17.4,18.9866,596.527,605.268,613.188,612.735,0,11.8666,5.53343,1.4663
5386,321.51,310.149,358.072,520.47,144.846,616.016,0,193.843,127.667,1.65861
5387,154.1,147.368,176.66,480.593,140.224,611.163,0,92.1051,61.9951,1.67309
5388,40.7999,24.8848,271.338,199.719,252.619,183.946,0,15.553,25.2469,2.62328
5389,6.2,5.85564,607.661,614.528,613.338,613.202,0,3.65978,2.54022,1.69409
5390,35.2,36.7456,565.536,835.159,602.38,833.253,0,22.966,12.2341,1.5327
5391,104.099,92.9609,228.739,274.352,249.242,185.118,0,58.1005,45.9984,1.7917
5392,42.9999,34.368,236.491,216.516,249.2,185.106,0,21.48,21.5199,2.00186
5393,147.9,133.912,523.537,572.18,613.217,612.789,0,83.6951,64.2047,1.76713
5394,237.105,179.875,220.871,347.213,249.855,185.13,0,112.422,124.684,2.10907
5395,2.5,1.66527,634.376,282.921,635.947,282.368,0,1.04079,1.45921,2.40201
5396,189.802,135.891,169.49,438.415,67.6763,405.587,0,84.932,104.87,2.23476
5397,27.3001,29.6838,612.643,272.301,636.002,282.568,0,18.5524,8.74772,1.47152
5398,27.3001,32.8717,318.061,786.052,312.713,817.954,0,20.5448,6.75525,1.32881
5399,155.6,173.245,513.361,210.627,648.42,190.804,0,108.278,47.3224,1.43705
5400,83.9993,84.6849,150.694,395.817,67.6819,405.478,0,52.928,31.0712,1.58705
5401,110.699,98.108,213.886,267.02,248.561,184.855,0,61.3175,49.3814,1.80534
5402,89.0992,75.6204,601.132,681.749,612.409,752.021,0,47.2627,41.8365,1.88519
5403,12.5,10.3543,609.88,549.053,616.921,543.354,0,6.47142,6.02859,1.93157
5404,279.708,321.173,323.137,485.3,139.862,611.171,0,200.733,78.9745,1.39343
5405,362.713,237.827,435.407,591.64,595.633,612.957,1,148.642,214.071,2.44018
5406,36.7,42.1193,120.25,586.734,139.926,611.071,0,26.3245,10.3755,1.39414
5407,166.601,135.681,284.597,303.678,250.751,184.666,0,84.8008,81.8002,1.96462
5408,356.613,255.708,438.104,592.648,613.207,612.776,0,159.817,196.795,2.23138
5409,140.199,179.264,408.275,696.732,313.403,818.219,0,112.04,28.1596,1.25134
5410,122.099,109.078,139.747,513.99,139.651,611.165,0,68.1737,53.925,1.791
5411,19.7,24.932,261.291,207.404,251.841,184.335,0,15.5825,4.11752,1.26424
5412,362.713,275.554,424.373,566.135,580.644,617.326,1,172.221,190.492,2.10609
5413,360.213,306.514,403.595,459.699,615.551,540.167,0,191.571,168.642,1.88031
5414,145.4,185.001,528.63,268.213,647.916,197.766,0,115.626,29.774,1.2575
5415,86.9992,117.929,262.713,731.033,152.709,701.786,0,73.7056,13.2937,1.18036
5416,14.4,18.6033,259.418,201.293,252.275,184.129,0,11.6271,2.77295,1.23849
5417,107.399,119.65,216.45,666.291,144.829,616.157,0,74.7812,32.6178,1.43618
5418,107.599,93.3017,159.02,544.202,139.539,611.212,0,58.3136,49.2854,1.84518
5419,147.8,133.815,307.121,291.47,251.113,184.576,0,83.6343,64.1655,1.76722
5420,21,22.5812,406.064,100.624,405.84,78.2158,0,14.1133,6.88679,1.48797
5421,35.3,38.1557,616.218,135.027,653.547,130.045,0,23.8473,11.4527,1.48025
5422,219.404,257.567,329.898,391.293,251.157,184.474,0,160.979,58.4251,1.36294
5423,109.799,115.815,191.682,534.64,139.997,611.075,0,72.3846,37.4143,1.51688
5424,99.3991,85.7534,576.502,673.571,613.205,612.824,0,53.5958,45.8032,1.8546
5425,331.811,294.362,377.161,424.606,349.785,174.696,0,183.976,147.835,1.80355
5426,102.799,87.3065,530.46,618.541,613.173,612.832,0,54.5665,48.2325,1.88392
5427,53.6998,67.4626,589.639,486.289,615.648,540.431,0,42.1641,11.5356,1.27359
5428,93.1992,91.9208,568.805,142.424,653.513,129.952,0,57.4505,35.7487,1.62225
5429,124.499,118.101,404.248,240.283,355.492,174.438,0,73.813,50.6857,1.68668
5430,283.008,204.887,247.934,414.467,67.6652,405.547,0,128.054,154.954,2.21006
5431,57.5997,70.9408,589.926,481.879,615.629,539.633,0,44.338,13.2617,1.2991
5432,72.7995,101.315,249.833,731.197,153.57,700.522,0,63.3222,9.47728,1.14967
5433,126.099,102.217,221.189,281.74,248.804,184.978,0,63.8854,62.2132,1.97382
5434,76.1994,63.3585,263.203,246.037,249.9,185.095,0,39.599,36.6004,1.92427
5435,112.899,82.4418,605.728,678.307,612.063,752.697,0,51.5261,61.3727,2.1911
5436,354.212,308.724,358.739,451.84,349.852,174.76,0,192.952,161.26,1.83575
5437,40.2,47.3075,191.483,623.326,144.846,615.861,0,29.5672,10.6328,1.35961
5438,162.901,174.975,513.479,201.575,648.411,190.784,0,109.359,53.5416,1.48959
5439,56.1997,65.4532,344.126,196.957,349.882,174.771,0,40.9083,15.2915,1.3738
5440,92.6992,87.2848,433.023,186.644,355.673,174.347,0,54.553,38.1462,1.69925
5441,57.7997,50.1732,234.254,232.035,249.309,185.19,0,31.3582,26.4415,1.84321
5442,31.4001,35.6413,618.164,132.947,653.493,129.993,0,22.2758,9.12425,1.4096
5443,274.508,236.715,461.527,424.418,615.553,539.643,0,147.947,126.56,1.85544
5444,55.0997,36.6625,235.281,217.593,249.181,185.142,0,22.9141,32.1857,2.40463
5445,114.099,113.268,229.721,755.85,152.784,701.734,0,70.7925,43.3064,1.61174
5446,58.4997,74.5934,544.87,777.025,611.188,755.111,0,46.6209,11.8788,1.2548
5447,82.5993,106.688,561.134,199.586,647.762,191.713,0,66.6797,15.9196,1.23875
5448,112.899,109.641,556.206,153.863,653.528,130.047,0,68.5254,44.3735,1.64755
5449,169.101,132.828,523.235,655.427,613.194,612.834,0,83.0174,86.0837,2.03694
5450,56.8997,70.3874,594.214,194.164,647.893,197.636,0,43.9921,12.9076,1.29341
5451,67.0995,82.6236,274.054,263.044,250.334,184.922,0,51.6398,15.4598,1.29938
5452,38.7,51.2335,599.488,703.742,612.207,752.422,0,32.0209,6.67905,1.20858
5453,69.9995,67.448,597.485,366.651,630.279,334.204,0,42.155,27.8445,1.66053
5454,258.107,224.87,302.568,552.502,144.846,615.902,0,140.544,117.563,1.83649
5455,90.0992,115.943,357.416,713.903,313.145,818.184,0,72.4643,17.6349,1.24336
5456,332.011,253.885,429.826,390.028,630.306,334.058,0,158.678,173.333,2.09236
5457,9.1,10.5584,77.3838,409.747,67.4015,406.316,0,6.599,2.501,1.379
5458,32.2001,36.0281,612.988,354.816,630.282,334.075,0,22.5175,9.68254,1.43
5459,126.999,155.348,342.572,672.117,312.808,818,0,97.0922,29.9064,1.30802
5460,27.6001,30.8102,386.007,177.65,355.925,173.606,0,19.2564,8.34369,1.4333
5461,342.812,202.698,438.481,635.304,613.234,612.655,0,126.686,216.125,2.70599
5462,153.5,131.96,421.843,256.347,356.252,173.232,0,82.4752,71.025,1.86117
5463,247.406,192.843,463.393,272.719,355.64,174.368,0,120.527,126.879,2.05271
5464,188.902,198.394,312.578,340.041,251.036,184.61,0,123.996,64.9059,1.52345
5465,22,26.5293,262.286,208.533,252.358,184.048,0,16.5808,5.41921,1.32684
5466,87.2992,113.608,323.021,713.538,312.264,818.058,0,71.0048,16.2945,1.22948
5467,213.204,197.317,526.813,458.28,615.581,539.708,0,123.323,89.8807,1.72882
5468,18.4,20.009,150.314,673.229,149.63,693.202,0,12.5056,5.89444,1.47134
5469,117.799,108.119,163.03,382.045,67.6598,404.901,0,67.5744,50.2243,1.74324
5470,220.904,181.936,233.938,374.973,67.742,404.83,0,113.71,107.194,1.9427
5471,159.801,173.684,215.715,498.168,139.934,611.053,0,108.552,51.2481,1.47211
5472,138.199,103.63,209.14,263.941,248.64,184.925,0,64.7685,73.4307,2.13374
5473,199.703,159.401,539.963,539.224,613.188,612.59,0,99.6254,100.078,2.00454
5474,191.702,140.851,205.821,405.936,67.7464,405.586,0,88.0317,103.671,2.17765
5475,0,0,648.093,192.497,648.093,192.497,0,0,0,0
5476,168.301,178.276,375.808,669.468,312.336,818.109,0,111.423,56.8785,1.51048
5477,32.6001,34.5889,567.832,833.244,602.455,833.33,0,21.6181,10.982,1.508
5478,98.7991,90.911,554.787,711.565,612.005,752.915,0,56.8194,41.9797,1.73883
5479,243.906,151.599,498.336,620.138,613.273,613.046,0,94.7496,149.156,2.57421
5480,47.7998,40.2608,280.277,210.677,252.458,184.033,0,25.163,22.6368,1.89961
5481,337.211,153.172,497.99,624.47,613.183,612.76,0,95.7328,241.479,3.52242
5482,179.902,148.38,180.72,351.386,67.6723,405.602,0,92.7373,87.1645,1.93991
5483,61.7996,72.4251,317.805,220.789,349.519,174.544,0,45.2657,16.5339,1.36526
5484,198.403,147.27,561.683,554.941,613.213,612.575,0,92.0435,106.359,2.15553
5485,84.6993,98.7028,98.0277,472.584,67.7728,405.247,0,61.6893,23.01,1.373
5486,270.707,177.564,484.831,676.712,613.191,613.006,0,110.977,159.73,2.4393
5487,362.713,271.367,447.423,569.24,602.655,612.442,1,169.604,193.109,2.13858
5488,55.1997,46.0437,603.209,284.442,635.94,282.417,0,28.7773,26.4224,1.91817
5489,93.0992,75.1226,598.605,354.217,630.306,334.223,0,46.9516,46.1475,1.98287
5490,362.713,211.103,443.612,678.052,600.705,612.824,1,131.939,230.774,2.74909
5491,21.2,24.5906,616.463,276.61,635.961,282.401,0,15.3691,5.83094,1.37939
5492,71.7995,94.9682,336.802,726.725,312.554,818.041,0,59.3551,12.4444,1.20966
5493,169.501,150.846,594.345,388.468,630.316,334.063,0,94.2785,75.2226,1.79788
5494,41.3999,53.1124,595.22,702.879,612.429,752.095,0,33.1953,8.20468,1.24716
5495,161.601,124.524,191.528,402.619,67.6577,405.585,0,77.8272,83.7734,2.0764
5496,220.704,203.661,367.142,350.652,350.088,174.838,0,127.288,93.4164,1.7339
5497,205.303,188.494,439.967,308.665,355.599,174.359,0,117.809,87.4947,1.74269
5498,29.0001,36.2922,605.875,574.205,616.257,541.818,0,22.6826,6.31744,1.27851
5499,81.9993,105.475,324.957,719.573,312.412,818.101,0,65.9217,16.0776,1.24389
5500,110.699,100.395,565.424,684.463,612.361,751.878,0,62.747,47.9518,1.76421
5501,39.6,43.1119,574.693,768.898,611.103,755.292,0,26.945,12.655,1.46966
5502,23.8001,28.2742,140.472,648.862,139.936,620.917,0,17.6714,6.1287,1.34682
5503,153.7,146.559,200.779,372.627,67.6594,404.877,0,91.5992,62.101,1.67796
5504,196.703,139.281,162.732,444.029,67.6627,405.54,0,87.0505,109.652,2.25964
5505,16.5,18.8077,372.291,182.296,355.38,174.458,0,11.7548,4.7452,1.40368
5506,126.799,103.273,163.859,410.445,67.6539,404.893,0,64.5455,62.2531,1.96448
5507,174.401,169.997,285.271,673.697,144.745,616.104,0,106.248,68.1531,1.64145
5508,204.603,196.435,344.802,334.717,349.673,174.712,0,122.772,81.8316,1.66654
5509,203.303,168.474,473.783,572.398,613.328,613.093,0,105.296,98.0072,1.93078
5510,304.709,188.769,452.52,639.043,613.181,612.824,0,117.981,186.729,2.5827
5511,157.6,131.821,281.506,303.484,250.306,184.882,0,82.388,75.2124,1.91291
5512,208.704,192.79,322.016,612.242,144.792,616.023,0,120.494,88.2096,1.73207
5513,62.4996,82.6683,322.369,741.633,312.79,818.039,0,51.6677,10.8319,1.20965
5514,50.8998,62.6251,595.254,229.318,648.346,198.147,0,39.1407,11.7591,1.30043
5515,24.1001,28.8778,284.458,810.451,311.706,818.352,0,18.0486,6.05143,1.33528
5516,176.002,140.716,524.166,376.968,630.313,334.069,0,87.9477,88.0539,2.00121
5517,214.604,160.841,516.32,391.387,630.318,334.09,0,100.526,114.078,2.13481
5518,139.199,128.438,306.889,278.81,250.162,185.032,0,80.274,58.9253,1.73405
5519,252.506,236.717,288.397,395.671,250.4,184.9,0,147.948,104.558,1.70672
5520,121.299,114.306,519.075,588.824,613.202,612.76,0,71.4413,49.8575,1.69788
5521,208.304,169.98,496.81,365.157,630.25,334.129,0,106.237,102.066,1.96073
5522,68.4995,71.3761,283.777,771.749,310.628,818.773,0,44.6101,23.8895,1.53552
5523,160.301,176.399,541.589,237.05,647.457,192.236,0,110.249,50.0514,1.45398
5524,97.3991,89.0938,573.712,673.585,613.2,612.818,0,55.6836,41.7154,1.74915
5525,232.105,286.453,296.055,495.811,139.65,611.242,0,179.033,53.0718,1.29644
5526,13.1,14.8237,147.61,678.568,149.604,693.209,0,9.26481,3.83521,1.41395
5527,256.306,244.643,317.361,545.802,144.798,616.199,0,152.902,103.404,1.67628
5528,118.799,90.793,526.013,609.8,613.235,612.686,0,56.7456,62.0531,2.09353
5529,362.713,324.681,378.515,454.916,349.081,175.49,1,202.926,159.787,1.78742
5530,78.8994,75.595,190.407,209.891,248.682,184.891,0,47.2469,31.6525,1.66994
5531,228.605,178.022,293.383,337.43,250.83,184.711,0,111.264,117.341,2.05462
5532,304.009,227.162,239.276,449.515,67.7427,405.51,0,141.976,162.033,2.14127
5533,92.4992,89.0672,246.773,778.769,310.75,818.667,0,55.667,36.8321,1.66165
5534,362.713,292.739,88.3091,454.288,91.7155,460.399,1,182.962,179.751,1.98245
5535,270.607,206.427,443.574,324.504,355.596,174.449,0,129.017,141.591,2.09746
5536,362.713,221.506,419.521,490.739,584.656,469.446,1,138.441,224.272,2.61998
5537,141.899,130.707,299.842,292.706,250.941,184.671,0,81.6919,60.2076,1.73701
5538,157.9,131.717,212.249,309.129,249.302,185.248,0,82.3234,75.577,1.91805
5539,64.5996,62.5216,591.707,127.333,653.478,130.144,0,39.076,25.5236,1.65318
5540,308.31,299.984,310.795,460.061,67.8339,405.138,0,187.49,120.819,1.6444
5541,138.099,117.295,544.458,674.906,613.19,612.998,0,73.3094,64.7898,1.88379
5542,197.103,196.258,532.839,427.396,630.264,334.073,0,122.661,74.4415,1.60689
5543,255.506,243.42,275.945,423.539,67.8188,404.975,0,152.138,103.369,1.67944
5544,196.103,175.193,281.538,584.218,144.751,616.16,0,109.496,86.607,1.79096
5545,12.4,10.414,260.836,189.975,252.993,183.7,0,6.50877,5.89124,1.90512
5546,121.899,117.003,404.142,238.649,355.584,174.358,0,73.1268,48.7719,1.66695
5547,322.21,275.569,428.524,429.686,615.492,540.191,0,172.23,149.98,1.87081
5548,299.609,231.398,459.092,384.117,630.372,334.082,0,144.623,154.986,2.07165
5549,29.1001,29.8867,408.479,107.444,405.909,78.1346,0,18.6792,10.4209,1.55789
5550,238.705,164.288,507.739,687.163,613.239,613.004,0,102.68,136.025,2.32475
5551,128.099,129.969,552.419,453.175,615.601,539.608,0,81.2308,46.8678,1.57697
5552,207.603,154.107,191.578,315.601,248.967,185.048,0,96.3168,111.287,2.15542
5553,280.408,232.283,478.57,344.408,630.361,334.14,0,145.177,135.231,1.93149
5554,251.606,183.066,315.41,620.464,144.743,615.663,0,114.416,137.19,2.19904
5555,27.2001,33.4229,605.244,571.054,616.158,541.418,0,20.8893,6.31076,1.3021
5556,158.4,180.222,334.136,649.755,312.278,818.099,0,112.639,45.7616,1.40627
5557,190.202,195.255,215.233,467.754,139.916,611.071,0,122.034,68.168,1.5586
5558,70.0995,69.1756,413.425,194.777,355.84,174.308,0,43.2348,26.8647,1.62137
5559,2.5,1.66343,646.473,198.583,647.909,197.745,0,1.03964,1.46036,2.40467
5560,132.299,153.11,212.676,519.272,140.071,611.153,0,95.6936,36.6053,1.38253
5561,54.0997,40.8195,575.042,621.943,613.336,612.409,0,25.5122,28.5875,2.12054
5562,85.2993,77.4069,429.227,178.654,355.825,174.326,0,48.3793,36.92,1.76314
5563,29.9001,37.6232,615.586,188.086,647.823,191.502,0,23.5145,6.38561,1.27156
5564,13.8,17.598,170.07,706.714,153.534,700.695,0,10.9988,2.80125,1.25469
5565,205.903,199.627,380.525,321.085,349.713,174.704,0,124.767,81.1366,1.65031
5566,288.008,220.601,460.238,332.5,355.627,174.394,0,137.876,150.133,2.0889
5567,276.708,174.727,463.395,641.442,613.338,613.054,0,109.205,167.503,2.53385
5568,144.7,128.162,509.987,339.013,630.365,334.12,0,80.1015,64.5981,1.80645
5569,271.107,219.714,391.468,339.774,349.476,174.543,0,137.321,133.786,1.97425
5570,97.2991,125.142,561.507,215.844,648.073,198.042,0,78.214,19.0851,1.24401
5571,21.5,25.7556,328.933,188.149,350.057,174.814,0,16.0972,5.40281,1.33564
5572,340.312,227.763,467.06,363.45,630.371,334.116,0,142.352,197.96,2.39064
5573,214.604,168.858,532.442,536.127,613.18,612.653,0,105.536,109.067,2.03346
5574,148.5,96.3789,522.63,624.726,613.197,612.982,0,60.2368,88.263,2.46527
5575,38.5,41.8462,612.247,132.708,653.504,129.955,0,26.1539,12.3461,1.47205
5576,112.199,105.927,405.039,229.498,355.759,174.124,0,66.2047,45.9942,1.69473
5577,119.199,112.391,525.81,336.887,630.332,334.256,0,70.2445,48.9542,1.69691
5578,203.003,175.628,269.891,340.624,251.317,184.48,0,109.768,93.2357,1.84939
5579,85.7993,84.1197,569.482,127.928,653.483,129.956,0,52.5748,33.2245,1.63195
5580,95.6991,88.5618,556.25,710.576,611.98,752.913,0,55.3511,40.348,1.72895
5581,72.8995,83.0929,149.717,529.086,140.041,611.082,0,51.9331,20.9664,1.40372
5582,306.81,226.18,474.6,424.008,630.253,334.083,0,141.363,165.447,2.17037
5583,101.799,107.963,232.001,606.84,144.847,616.237,0,67.477,34.322,1.50865
5584,267.707,231.66,401.097,345.322,349.731,174.674,0,144.788,122.919,1.84896
5585,291.609,162.799,503.097,626.528,613.256,612.655,0,101.749,189.859,2.86595
5586,105.799,77.7264,600.646,679.363,612.37,752.07,0,48.579,57.22,2.17787
5587,43.4999,55.313,608.013,367.469,630.26,334.055,0,34.5706,8.92931,1.25829
5588,268.707,236.168,481.709,345.128,630.376,334.128,0,147.605,121.102,1.82045
5589,362.713,232.885,425.319,490.864,590.73,482.946,1,145.553,217.16,2.49197
5590,14.1,17.2474,601.398,535.166,615.679,540.22,0,10.7796,3.32037,1.30802
5591,271.207,210.39,512.626,510.019,613.255,612.559,0,131.494,139.713,2.06251
5592,105.099,100.834,276.47,281.24,249.842,185.117,0,63.0214,42.0776,1.66767
5593,271.807,209.495,265.208,368.4,249.083,185.098,0,130.934,140.873,2.07591
5594,81.3993,83.9891,532.51,610.138,613.162,612.78,0,52.4932,28.9061,1.55066
5595,362.713,245.57,454.503,476.096,602.117,524.484,1,153.481,209.232,2.36324
5596,185.702,185.731,200.199,464.567,139.655,611.074,0,116.082,69.6205,1.59975
5597,32.9001,31.7603,87.7533,423.736,67.7486,405.541,0,19.8502,13.0499,1.65742
5598,362.713,281.636,575.738,544.482,578.277,545.758,1,176.023,186.69,2.06061
5599,191.202,151.797,191.505,315.147,249.551,185.211,0,94.873,96.3294,2.01535
5600,301.109,244.67,246.642,462.736,67.6751,405.501,0,152.919,148.19,1.96908
5601,165.201,130.571,552.451,554.676,613.192,612.996,0,81.6068,83.594,2.02435
5602,134.599,133.111,303.546,294.406,251.018,184.6,0,83.1943,51.4047,1.61789
5603,73.8994,100.012,236.249,684.459,149.463,693.163,0,62.5074,11.392,1.18225
5604,215.204,157.716,504.983,678.773,613.165,612.944,0,98.5723,116.632,2.18321
5605,55.8997,40.9226,254.453,225.076,249.938,185.144,0,25.5766,30.3231,2.18558
5606,273.908,246.504,454.834,422.378,615.488,540.137,0,154.065,119.842,1.77787
5607,77.9994,83.0965,555.162,333.105,630.343,333.906,0,51.9353,26.0641,1.50186
5608,290.409,226.486,239.412,444.535,67.7235,405.526,0,141.553,148.855,2.05158
5609,132.899,162.994,342.091,664.474,313.382,818.209,0,101.871,31.0275,1.30458
5610,99.2991,93.2917,267.442,274.622,249.868,185.115,0,58.3073,40.9917,1.70303
5611,285.108,255.656,451.901,415.662,615.536,540.234,0,159.785,125.323,1.78432
5612,138.099,143.443,315.615,297.09,251.157,184.503,0,89.6517,48.4475,1.5404
5613,3.8,3.31594,633.882,286.045,637.064,285.113,0,2.07247,1.72753,1.83356
5614,217.004,167.833,504.307,375.912,630.317,334.119,0,104.895,112.109,2.06877
5615,319.51,313.107,312.492,472.692,67.7048,404.835,0,195.692,123.818,1.63272
5616,54.2997,70.8427,206.818,695.647,153.468,700.808,0,44.2767,10.023,1.22637
5617,319.61,297.496,325.343,499.837,144.8,616.022,0,185.935,133.675,1.71894
5618,236.805,216.77,478.36,431.885,615.618,539.712,0,135.481,101.324,1.74788
5619,44.8999,58.7026,325.724,214.338,349.603,174.603,0,36.6891,8.21078,1.22379
5620,318.41,195.573,462.18,664.971,613.232,612.611,0,122.233,196.177,2.60495
5621,78.3994,80.1966,115.859,444.7,67.6744,404.78,0,50.1229,28.2765,1.56414
5622,62.1996,74.7303,541.13,761.549,611.147,755.253,0,46.7064,15.4932,1.33171
5623,36.3,48.7876,618.73,253.074,635.971,282.416,0,30.4923,5.80776,1.19047
5624,125.299,160.996,402.017,709.519,313.383,818.203,0,100.622,24.6764,1.24524
5625,87.8992,92.0002,345.157,228.165,349.827,174.737,0,57.5001,30.3991,1.52868
5626,76.4994,85.9638,149.651,526.103,139.873,611.145,0,53.7273,22.7721,1.42384
5627,162.401,154.274,392.334,262.788,355.696,174.326,0,96.4211,65.9796,1.68429
5628,41.3999,55.8506,191.738,677.009,149.68,693.195,0,34.9066,6.49329,1.18602
5629,185.902,154.96,495.273,326.567,630.331,334.153,0,96.85,89.0522,1.91949
5630,106.999,95.6434,233.694,275.621,249.493,185.238,0,59.7771,47.2218,1.78997
5631,102.599,136.621,263.459,674.176,149.529,693.196,0,85.3883,17.2107,1.20156
5632,217.704,263.603,382.755,598.312,312.66,818.008,0,164.752,52.9523,1.32141
5633,24.7001,31.2956,169.46,673.806,149.643,693.224,0,19.5597,5.14032,1.2628
5634,74.9994,97.4945,221.135,750.382,152.836,701.767,0,60.934,14.0654,1.23083
5635,55.8997,47.5062,593.631,644.587,613.178,612.829,0,29.6914,26.2083,1.88269
5636,117.199,111.75,160.562,502.534,139.734,611.12,0,69.8439,47.3549,1.67801
5637,253.006,196.738,215.206,453.714,67.6891,405.528,0,122.961,130.045,2.05761
5638,170.101,127.822,154.218,426.865,67.7073,405.585,0,79.8886,90.2126,2.12923
5639,145.7,131.893,450.788,223.425,356.235,173.394,0,82.4333,63.2664,1.76749
5640,58.0997,66.2911,565.543,342.369,630.275,334.059,0,41.4319,16.6678,1.40229
5641,2.9,1.83297,149.653,704.812,149.651,702.98,0,1.14561,1.75439,2.53141
5642,331.111,336.674,358.288,473.524,144.836,616.026,0,210.421,120.69,1.57356
5643,87.4992,99.2234,241.93,631.633,144.818,616.143,0,62.0146,25.4846,1.41094
5644,362.713,305.014,405.263,455.343,612.136,540.682,1,190.633,172.079,1.90267
5645,134.899,130.401,535.229,149.878,653.543,130.038,0,81.5005,53.3986,1.65519
5646,86.1993,69.7926,597.98,358.523,630.372,334.35,0,43.6203,42.5789,1.97613
5647,129.099,171.911,547.681,246.084,647.959,198.011,0,107.444,21.6546,1.20154
5648,124.099,101.972,211.595,259.515,248.325,184.838,0,63.7325,60.3661,1.94718
5649,338.511,273.066,424.994,438.34,615.534,540.14,0,170.666,167.845,1.98347
5650,113.599,103.502,156.52,509.673,140.175,611.232,0,64.689,48.9098,1.75608
5651,48.4998,57.1576,579.646,330.706,630.254,334.058,0,35.7235,12.7763,1.35764
5652,134.499,127.697,351.761,273.111,349.861,174.724,0,79.8107,54.6883,1.68523
5653,57.7997,45.8721,246.952,229.875,250.189,184.984,0,28.67,29.1296,2.01603
5654,169.301,179.579,231.673,533.251,140.163,611.258,0,112.237,57.064,1.50842
5655,335.111,235.696,508.897,478.378,615.607,539.576,0,147.31,187.801,2.27487
5656,86.4993,112.092,555.836,198.764,647.767,191.839,0,70.0573,16.4419,1.23469
5657,109.799,114.113,183.526,252.587,248.85,185.024,0,71.3206,38.4783,1.53951
5658,349.912,255.677,443.506,441.626,615.558,539.614,0,159.798,190.114,2.18972
5659,204.203,159.506,445.534,264.97,355.629,174.383,0,99.6916,104.512,2.04835
5660,362.713,210.249,463.429,687.404,603.673,612.894,1,131.406,231.307,2.76025
5661,214.904,256.106,396.825,632.887,313.176,818.183,0,160.066,54.8376,1.34259
5662,326.911,287.614,263.442,477.966,67.7239,405.577,0,179.759,147.152,1.81861
5663,210.404,159.494,289.484,619.107,144.784,615.757,0,99.6837,110.72,2.11071
5664,225.505,203.276,497.083,451.384,615.527,539.75,0,127.047,98.4571,1.77496
5665,169.201,137.574,169.344,354.44,67.6506,405.581,0,85.984,83.2171,1.96782
5666,45.2999,54.3362,160.66,574.887,144.792,616.111,0,33.9601,11.3398,1.33391
5667,206.103,196.547,221.025,474.353,139.924,611.129,0,122.842,83.2613,1.67779
5668,58.2997,80.3918,221.688,734.43,153.01,701.723,0,50.2449,8.05483,1.16031
5669,170.701,164.334,491.643,115.8,653.573,129.728,0,102.709,67.9923,1.66199
5670,102.799,103.58,213.486,573.424,144.705,615.712,0,64.7373,38.0617,1.58794
5671,150.3,129.69,498.454,590.078,613.201,612.737,0,81.0562,69.2438,1.85427
5672,49.4998,67.8976,217.3,723.677,153.726,700.225,0,42.436,7.06381,1.16646
5673,130.199,117.087,520.308,586.391,613.197,612.776,0,73.1791,57.0197,1.77918
5674,32.6001,38.4789,586.977,788.272,606.626,811.271,0,24.0493,8.55078,1.35555
5675,57.7997,43.3283,111.849,405.665,67.7275,405.608,0,27.0802,30.7195,2.13439
5676,162.801,118.506,234.869,296.191,249.518,185.219,0,74.0661,88.7346,2.19805
5677,326.411,295.465,363.652,539.351,144.663,615.686,0,184.666,141.745,1.76758
5678,22.7001,26.1674,612.87,275.294,635.944,282.432,0,16.3546,6.34544,1.38799
5679,190.702,195.605,362.735,644.549,312.713,818.02,0,122.253,68.4494,1.5599
5680,240.205,180.784,521.136,532.724,613.279,612.518,0,112.99,127.216,2.12591
5681,13.7,16.0603,119.9,611.2,135.671,614.323,0,10.0377,3.66235,1.36486
5682,174.501,222.622,501.144,251.196,648.088,197.992,0,139.139,35.3625,1.25415
5683,362.713,245.846,437.231,475.996,599.849,516.175,1,153.654,209.059,2.36058
5684,72.6995,71.0092,137.02,396.989,67.689,405.608,0,44.3808,28.3187,1.63808
5685,187.602,154.215,206.111,366.507,67.7175,405.521,0,96.3843,91.218,1.9464
5686,256.706,311.001,310.771,485.098,139.931,611.099,0,194.375,62.331,1.32067
5687,57.4997,61.6682,409.767,155,355.999,173.702,0,38.5426,18.9571,1.49185
5688,94.2991,93.8624,552.202,711.387,611.815,753.343,0,58.664,35.6352,1.60745
5689,40.2,39.6597,615.786,190.37,647.747,191.801,0,24.7873,15.4126,1.62179
5690,116.699,110.831,527.915,336.729,630.348,333.898,0,69.2693,47.4295,1.68471
5691,321.81,241.527,454.024,435.584,615.612,539.673,0,150.954,170.856,2.13184
5692,20.8,23.8215,254.114,208.146,249.361,185.194,0,14.8884,5.91161,1.39706
5693,58.2997,48.9094,115.352,400.161,67.6866,404.805,0,30.5684,27.7313,1.90719
5694,180.302,175.338,202.472,477.794,139.605,611.204,0,109.586,70.7157,1.6453
5695,44.7999,52.0597,609.763,257.291,635.863,282.309,0,32.5373,12.2626,1.37688
5696,64.0996,72.9224,187.724,580.72,144.76,616.052,0,45.5765,18.5231,1.40642
5697,347.212,324.357,379.158,454.154,349.677,174.732,0,202.723,144.489,1.71274
5698,39.5,36.8636,600.818,584.461,613.399,612.349,0,23.0397,16.4602,1.71443
5699,52.2998,70.4205,219.827,724.015,153.69,700.224,0,44.0128,8.28697,1.18829
5700,128.599,110.7,253.76,631.917,144.642,615.649,0,69.1874,59.4112,1.8587
5701,157.6,161.405,505.574,147.552,653.58,130.356,0,100.878,56.7222,1.56228
5702,197.403,218.439,351.421,618.14,312.156,818.157,0,136.524,60.8785,1.44592
5703,319.41,244.986,483.307,363.295,630.28,334.132,0,153.116,166.294,2.08606
5704,328.611,303.13,342.539,430.597,349.619,174.598,0,189.456,139.155,1.7345
5705,266.107,201.275,266.483,360.769,249.127,185.104,0,125.797,140.31,2.11537
5706,236.405,313.246,396.989,563.762,312.649,817.957,0,195.779,40.6264,1.20751
5707,2.9,1.74265,317.04,818.226,316.018,819.414,0,1.08916,1.81084,2.66261
5708,186.102,169.196,427.052,293.57,355.582,174.384,0,105.748,80.3546,1.75987
5709,348.712,217.445,461.705,685.349,613.193,612.821,0,135.903,212.809,2.56589
5710,126.199,112.651,376.254,218.12,355.598,174.409,0,70.4067,55.792,1.79242
5711,161.101,191.242,327.422,341.896,251.566,184.438,0,119.526,41.5743,1.34783
5712,118.899,118.596,193.621,260.157,248.26,184.74,0,74.1226,44.7762,1.60408
5713,110.999,109.15,558.561,154.854,653.52,130.047,0,68.2187,42.7802,1.6271
5714,49.3998,67.2349,551.788,812.686,602.353,833.262,0,42.0218,7.37799,1.17558
5715,12.7,14.9032,615.431,333.879,630.297,334.075,0,9.31451,3.3855,1.36347
5716,121.099,125.771,534.168,133.243,653.555,129.95,0,78.607,42.4918,1.54056
5717,352.912,270.437,467.13,491.603,613.153,612.757,0,169.023,183.889,2.08796
5718,362.713,203.383,402.194,496.194,547.926,452.016,1,127.115,235.598,2.85343
5719,61.5996,68.7468,148.986,543.467,139.98,611.15,0,42.9668,18.6329,1.43366
5720,221.504,152.972,159.387,458.085,67.697,405.458,0,95.6073,125.897,2.31681
5721,175.502,190.639,517.247,189.267,647.869,191.585,0,119.149,56.352,1.47295
5722,362.713,140.844,562.43,181.681,563.453,182.544,1,88.0272,274.686,4.12046
5723,25.5001,28.7076,613.643,294.125,635.84,282.309,0,17.9422,7.55783,1.42123
5724,212.904,187.171,440.043,307.755,355.584,174.378,0,116.982,95.922,1.81997
5725,193.103,206.81,376.781,644.172,313.138,818.144,0,129.256,63.8462,1.49395
5726,10.5,12.085,410.264,89.5173,406.014,78.2435,0,7.55315,2.94685,1.39015
5727,362.713,269.042,451.966,562.583,596.252,612.839,1,168.151,194.562,2.15706
5728,273.807,201.21,479.074,398.421,630.369,334.141,0,125.756,148.051,2.17729
5729,243.606,230.563,390.178,353.871,349.855,174.834,0,144.102,99.504,1.69051
5730,362.713,241.644,463.285,471.944,604.728,538.161,1,151.028,211.685,2.40163
5731,181.602,174.004,232.792,551.661,144.735,615.683,0,108.753,72.8492,1.66986
5732,345.912,311.008,330.067,483.189,144.678,615.738,0,194.38,151.532,1.77956
5733,50.5998,60.646,551.537,758.659,611.219,755.533,0,37.9038,12.696,1.33495
5734,159.901,189.416,409.595,687.794,313.167,818.193,0,118.385,41.5157,1.35068
5735,14.9,17.8135,593.587,755.345,611.166,755.171,0,11.1335,3.76656,1.33831
5736,62.8996,68.1359,281.673,229.856,250.244,185.04,0,42.585,20.3147,1.47704
5737,205.303,133.635,217.777,311,248.688,184.88,0,83.5217,121.782,2.45808
5738,90.9992,94.2839,303.029,736.77,311.791,818.256,0,58.9274,32.0718,1.54426
5739,62.1996,71.7058,589.04,236.304,648.384,198.121,0,44.8161,17.3835,1.38789
5740,195.703,210.629,352.367,626.185,312.046,818.184,0,131.643,64.0594,1.48661
5741,152.4,147.469,398.478,261.037,355.86,173.943,0,92.1683,60.2318,1.6535
5742,42.6999,38.6235,259.01,221.642,249.897,185.09,0,24.1397,18.5603,1.76887
5743,200.703,150.241,486.253,153.347,356.227,173.326,0,93.9005,106.803,2.1374
5744,113.699,132.924,568.208,425.287,615.467,540.167,0,83.0773,30.6215,1.36859
5745,196.803,155.961,233.328,327.896,250.281,184.931,0,97.4754,99.3274,2.019
5746,331.611,263.775,295.042,421.499,67.7127,404.819,0,164.859,166.752,2.01148
5747,159.701,132.576,165.513,358.416,67.7033,405.588,0,82.8602,76.8403,1.92735
5748,132.099,117.167,268.87,295.48,249.838,185.13,0,73.2294,58.8695,1.80391
5749,248.406,173.057,205.807,436.839,67.6633,405.529,0,108.161,140.245,2.29663
5750,100.099,87.1094,578.662,370.299,630.308,334.118,0,54.4434,45.6557,1.83859
5751,195.103,139.391,544.499,553.373,613.254,613.184,0,87.1196,107.983,2.23948
5752,171.401,171.861,533.564,483.104,615.47,539.759,0,107.413,63.9879,1.59572
5753,284.208,240.374,311.147,383.376,249.91,185.136,0,150.234,133.974,1.89177
5754,342.312,302.215,317.011,443.731,67.7299,404.798,0,188.884,153.428,1.81228
5755,362.713,213.565,476.167,482.512,592.615,490.822,1,133.478,229.235,2.7174
5756,336.011,297.734,311.293,450.787,67.6747,405.577,0,186.084,149.927,1.8057
5757,241.706,229.758,469.648,444.222,615.539,540.126,0,143.599,98.1068,1.6832
5758,182.102,157.715,238.483,330.047,250.389,184.9,0,98.5718,83.5301,1.8474
5759,362.713,258.722,448.079,570.389,596.218,612.247,1,161.701,201.012,2.2431
5760,205.403,169.648,171.661,324.286,67.7529,405.377,0,106.03,99.3735,1.93722
5761,26.9001,29.2474,281.082,186.252,253.196,183.301,0,18.2797,8.62041,1.47159
5762,44.6999,37.8533,239.945,221.571,249.35,185.237,0,23.6583,21.0416,1.88939
5763,1.3,0.49577,649.311,189.907,649.434,190.387,0,0.309856,0.990144,4.19549
5764,218.204,198.339,528.174,457.407,615.507,539.771,0,123.962,94.2422,1.76025
5765,203.103,155.884,189.47,317.817,249.187,185.08,0,97.4277,105.675,2.08466
5766,5.2,3.35868,645.135,189.606,647.941,191.178,0,2.09918,3.10082,2.47716
5767,5.1,4.80448,611.552,543.183,616.19,541.93,0,3.0028,2.0972,1.69841
5768,39.2,34.0469,286.064,187.814,253.484,182.591,0,21.2793,17.9206,1.84216
5769,298.609,175.793,557.021,535.24,613.196,612.774,0,109.871,188.738,2.71782
5770,287.808,187.519,482.891,686.336,613.214,612.726,0,117.199,170.609,2.45572
5771,355.012,308.785,361.029,452.862,349.852,174.726,0,192.991,162.022,1.83953
5772,50.8998,59.7191,409.468,157.326,356.022,173.719,0,37.3244,13.5754,1.36371
5773,221.904,160.394,278.862,333.37,249.838,185.083,0,100.246,121.658,2.21359
5774,94.4991,76.3634,602.744,681.974,612.418,751.954,0,47.7272,46.772,1.97999
5775,271.807,201.289,475.6,539.991,613.291,613.163,0,125.806,146.002,2.16053
5776,59.6997,60.4947,411.167,157.549,355.99,173.773,0,37.8092,21.8905,1.57897
5777,246.406,203.607,443.414,324.314,355.616,174.332,0,127.255,119.151,1.93632
5778,343.312,312.663,316.924,472.193,67.6857,404.801,0,195.415,147.897,1.75684
5779,329.911,277.267,306.325,424.811,67.7343,405.576,0,173.292,156.619,1.90379
5780,172.201,153.225,335.756,290.854,349.503,174.554,0,95.7653,76.436,1.79816
5781,174.101,116.616,234.621,296.92,249.023,185.023,0,72.8851,101.216,2.38871
5782,0,0,349.948,168.342,349.948,168.342,0,0,0,0
5783,115.899,137.636,580.169,424.437,615.62,539.564,0,86.0227,29.8761,1.3473
5784,64.8996,63.7768,311.765,761.913,311.977,818.219,0,39.8605,25.0391,1.62817
5785,60.8996,79.518,323.33,744.956,312.48,817.954,0,49.6987,11.2009,1.22538
5786,206.203,238.06,347.073,375.205,251.368,184.522,0,148.788,57.4156,1.38589
5787,182.202,187.116,200.122,462.311,139.487,611.238,0,116.948,65.2543,1.55798
5788,228.405,210.395,346.837,347.449,350.048,174.84,0,131.497,96.9076,1.73696
5789,41.5999,46.4464,143.535,565.392,139.94,611.149,0,29.029,12.5709,1.43305
5790,25.2001,27.8946,241.094,211.468,249.29,185.229,0,17.4341,7.76594,1.44544
5791,83.2993,83.7987,273.502,264.484,250.212,185.037,0,52.3742,30.9251,1.59046
5792,159.701,125.489,236.136,753.021,152.787,701.734,0,78.4305,81.2701,2.03621
5793,255.406,204.494,480.39,281.662,630.255,334.102,0,127.809,127.598,1.99835
5794,4.3,3.86105,650.987,203.149,651.59,199.356,0,2.41315,1.88684,1.7819
5795,147.2,121.082,533.769,658.884,613.225,612.891,0,75.6761,71.5237,1.94513
5796,272.607,163.719,501.351,160.716,356.11,173.458,0,102.324,170.283,2.66416
5797,275.108,200.493,475.031,540.305,613.173,612.604,0,125.308,149.799,2.19545
5798,19.3,19.4505,85.8438,410.907,67.7321,405.48,0,12.1565,7.1435,1.58763
5799,50.2998,40.2407,280.04,211.356,252.517,183.991,0,25.1504,25.1494,1.99996
5800,129.399,119.006,159.595,495.047,139.728,611.158,0,74.3786,55.0201,1.73973
5801,143.3,135.265,570.303,397.619,630.298,334.079,0,84.5409,58.7587,1.69503
5802,209.304,217.766,480.182,433.185,615.544,540.22,0,136.103,73.2001,1.53783
5803,362.713,155.542,445.937,484.713,545.459,445.042,1,97.2139,265.499,3.73108
5804,11.1,13.6128,319.977,806.223,315.321,819.015,0,8.50802,2.59199,1.30465
5805,58.2997,65.5963,593.986,232.849,648.355,198.214,0,40.9977,17.302,1.42202
5806,250.206,185.564,252.595,350.841,248.822,185.046,0,115.978,134.228,2.15736
5807,247.606,221.793,292.89,374.476,250.645,184.783,0,138.621,108.985,1.78621
5808,127.299,124.186,541.211,152.801,653.46,130.048,0,77.6163,49.6823,1.6401
5809,8.7,8.66835,150.759,684.863,149.449,693.27,0,5.41772,3.28228,1.60584
5810,129.299,126.709,539.076,154.081,653.57,130.046,0,79.1932,50.1055,1.6327
5811,29.8001,23.8108,91.7725,404.898,67.6524,404.928,0,14.8817,14.9183,2.00246
5812,53.9997,49.6222,116.17,397.215,67.7436,404.814,0,31.0139,22.9859,1.74115
5813,121.699,113.686,259.791,752.56,310.68,818.752,0,71.0537,50.645,1.71277
5814,99.4991,105.647,117.819,469.98,67.7099,404.854,0,66.0295,33.4695,1.50689
5815,42.5999,33.1652,95.2319,414.294,67.6943,405.599,0,20.7283,21.8717,2.05516
5816,251.806,224.055,349.449,361.632,349.488,174.465,0,140.034,111.772,1.79818
5817,232.505,182.362,274.525,583.436,144.75,615.791,0,113.976,118.529,2.03994
5818,83.1993,87.4835,550.749,720.891,611.93,753.196,0,54.6772,28.5221,1.52165
5819,29.2001,25.2218,595.219,599.397,613.297,612.398,0,15.7636,13.4364,1.85237
5820,362.713,280.782,417.933,379.706,619.209,334.121,1,175.488,187.224,2.06688
5821,195.803,161.142,232.684,330.862,249.922,185.112,0,100.714,95.0887,1.94415
5822,71.1995,76.5075,583.497,315.122,630.354,334.14,0,47.8172,23.3823,1.48899
5823,334.511,302.075,310.071,465.694,67.714,404.817,0,188.797,145.714,1.7718
5824,29.6001,31.9418,282.687,193.772,253.337,183.019,0,19.9636,9.63648,1.4827
5825,106.299,113.618,287.592,731.34,311.92,818.305,0,71.0111,35.2878,1.49693
5826,18.1,21.0438,243.599,205.464,249.4,185.174,0,13.1524,4.94765,1.37618
5827,8.2,8.5951,645.989,134.407,653.92,131.077,0,5.37194,2.82805,1.52645
5828,90.2992,83.8198,570.364,665.376,613.178,612.809,0,52.3874,37.9118,1.72368
5829,171.601,131.771,207.794,306.578,248.278,184.839,0,82.3567,89.2446,2.08363
5830,146.5,159.915,533.717,448.918,615.485,540.179,0,99.947,46.5527,1.46577
5831,162.101,152.599,353.429,302.88,349.974,174.765,0,95.3746,66.7261,1.69962
5832,229.705,153.777,488.409,627.404,613.32,613.067,0,96.1108,133.594,2.39
5833,92.9992,89.4334,224.862,270.144,248.883,185.046,0,55.8959,37.1033,1.66379
5834,1.2,0.468107,612.656,613.013,613.156,612.916,0,0.292567,0.907433,4.10163
5835,136.199,119.117,154.598,494.682,139.566,611.206,0,74.4484,61.7508,1.82944
5836,44.7999,35.2608,279.583,205.676,252.458,184.047,0,22.038,22.7619,2.03285
5837,91.4992,80.1362,385.094,195.358,355.726,174.336,0,50.0851,41.4141,1.82687
5838,53.9997,74.6104,333.079,746.581,312.747,817.953,0,46.6315,7.36825,1.15801
5839,66.7996,63.6505,589.445,131.435,653.556,130.225,0,39.7815,27.018,1.67916
5840,142.299,189.129,532.448,247.254,648.115,198.039,0,118.205,24.0942,1.20383
5841,332.411,347.859,370.554,477.605,144.787,616.009,0,217.412,114.999,1.52895
5842,362.713,218.767,462.688,685.993,611.36,612.979,1,136.73,225.983,2.65278
5843,217.704,210.439,349.35,348.084,349.477,174.618,0,131.524,86.1797,1.65524
5844,67.0995,77.6824,355.813,195.016,349.562,174.592,0,48.5515,18.5481,1.38203
5845,77.6994,105.956,227.399,695.182,149.432,693.259,0,66.2222,11.4772,1.17331
5846,362.713,101.848,447.179,346.356,444.638,330.555,1,63.6549,299.058,5.69811
5847,178.402,137.229,521.523,664.876,613.233,612.834,0,85.7684,92.6333,2.08004
5848,121.599,116.4,537.837,703.483,612.356,751.936,0,72.7501,48.8486,1.67146
5849,212.204,156.395,485.689,204.233,356.091,173.46,0,97.7469,114.457,2.17095
5850,27.3001,32.8394,621.124,215.076,648.426,198.124,0,20.5246,6.77542,1.33011
5851,38.5,36.7628,162.926,664.184,149.349,693.339,0,22.9767,15.5233,1.67561
5852,34.5,43.7132,262.431,226.682,249.918,185.113,0,27.3208,7.17929,1.26278
5853,156.3,111.869,223.019,292.518,249.676,185.224,0,69.918,86.3823,2.23548
5854,27.9001,28.1922,615.363,271.937,635.876,282.281,0,17.6201,10.28,1.58342
5855,88.4992,103.303,95.6973,474.83,67.8356,405.238,0,64.5643,23.9349,1.37071
5856,71.8995,97.7913,234.244,682.715,149.462,693.19,0,61.1195,10.7799,1.17637
5857,68.4995,74.6965,196.568,638.66,144.726,615.921,0,46.6853,21.8142,1.46726
5858,309.71,277.633,313.59,516.708,144.738,615.595,0,173.521,136.189,1.78486
5859,97.6991,131.834,257.357,674.403,149.538,693.256,0,82.3963,15.3028,1.18572
5860,198.003,232.419,323.946,373.707,251.064,184.59,0,145.262,52.7413,1.36308
5861,362.713,330.239,447.327,522.944,569.289,617.137,1,206.399,156.314,1.75734
5862,92.4992,101.226,353.693,226.883,350.082,174.761,0,63.2665,29.2326,1.46206
5863,155.2,174.057,192.943,521.483,140.171,611.155,0,108.786,46.4144,1.42666
5864,349.912,248.227,463.05,464.169,615.458,540.206,0,155.142,194.77,2.25543
5865,196.803,231.685,408.005,650.257,313.141,818.058,0,144.803,51.9995,1.3591
5866,276.908,203.725,472.961,390.626,630.368,334.049,0,127.328,149.579,2.17476
5867,228.905,154.658,506.004,180.581,356.311,173.165,0,96.6615,132.243,2.36811
5868,123.199,100.91,227.145,281.814,249.437,185.203,0,63.0688,60.1299,1.9534
5869,193.803,180.449,521.294,423.782,630.373,334.107,0,112.781,81.0218,1.7184
5870,64.8996,64.4912,162.853,563.133,139.94,611.077,0,40.307,24.5926,1.61013
5871,52.8998,60.4357,191.72,682.039,149.603,693.243,0,37.7723,15.1274,1.40049
5872,362.713,178.234,403.5,466.154,535.695,443.979,1,111.396,251.317,3.25606
5873,286.308,243.801,311.5,389.122,249.912,185.075,0,152.376,133.932,1.87896
5874,122.999,104.251,167.696,389.189,67.7096,404.861,0,65.1568,57.8419,1.88773
5875,271.407,215.767,412.781,317.518,356.314,173.204,0,134.855,136.553,2.01259
5876,149.2,168.9,513.822,207.5,647.755,191.446,0,105.563,43.6372,1.41338
5877,91.0992,114.021,589.643,269.695,648.029,197.882,0,71.2631,19.8361,1.27835
5878,315.41,194.368,462.647,664.243,613.171,612.819,0,121.48,193.93,2.5964
5879,234.705,230.376,369.038,376.334,349.487,174.617,0,143.985,90.7199,1.63006
5880,49.3998,38.927,276.434,211.441,252.32,184.024,0,24.3294,25.0705,2.03046
5881,188.002,117.494,196.32,261.67,248.214,184.68,0,73.4336,114.569,2.56017
5882,83.8993,76.8196,584.639,672.775,613.209,612.787,0,48.0122,35.8871,1.74746
5883,120.599,109.167,421.48,234.246,355.633,174.34,0,68.2296,52.3691,1.76754
5884,205.503,172.096,228.861,382.078,67.7487,404.789,0,107.56,97.9434,1.91059
5885,75.9994,103.421,237.968,707.28,153.711,700.326,0,64.6379,11.3615,1.17577
5886,362.713,254.35,422.218,391.858,622.801,334.089,1,158.968,203.744,2.28167
5887,5.7,5.48536,597.025,833.984,602.402,833.129,0,3.42835,2.27165,1.66261
5888,99.3991,123.899,351.404,702.232,312.809,817.95,0,77.4368,21.9623,1.28362
5889,0,0,63.8169,404.727,63.8169,404.727,0,0,0,0
5890,22.9001,26.3705,605.637,564.544,616.252,542.104,0,16.4816,6.41846,1.38943
5891,64.2996,55.7767,603.122,644.684,613.339,612.463,0,34.8605,29.4391,1.84448
5892,56.5997,72.9162,549.65,806.772,602.367,833.261,0,45.5726,11.0271,1.24197
5893,141.899,150.323,547.602,437.882,615.557,540.135,0,93.9517,47.9477,1.51034
5894,80.9993,82.8408,574.345,362.902,630.354,334.129,0,51.7755,29.2238,1.56443
5895,238.705,182.905,475.298,558.085,613.253,612.404,0,114.316,124.39,2.08812
5896,94.4991,96.5595,274.345,277.56,250.078,184.984,0,60.3497,34.1494,1.56586
5897,85.1993,78.4956,286.32,766.973,311.712,818.427,0,49.0597,36.1395,1.73664
5898,271.507,203.203,471.667,397.766,630.268,334.068,0,127.002,144.506,2.13783
5899,223.204,238.089,498.55,492.695,615.504,540.133,0,148.806,74.3987,1.49997
5900,250.806,214.899,423.005,320.942,355.616,174.305,0,134.312,116.494,1.86734
5901,252.606,217.356,489.628,461.108,615.616,539.666,0,135.848,116.759,1.85948
5902,109.199,107.382,241.359,641.377,144.76,616.17,0,67.1136,42.0853,1.62708
5903,77.3994,72.3988,600.041,356.467,630.264,334.136,0,45.2493,32.1501,1.71051
5904,45.3999,56.8221,308.535,769.255,311.977,818.329,0,35.5138,9.88607,1.27837
5905,142.099,131.414,415.695,248.826,356.202,173.313,0,82.1339,59.9656,1.7301
5906,93.6991,99.0923,177.829,540.254,140.042,611.127,0,61.9327,31.7665,1.51292
5907,147.3,188.51,295.333,719.711,149.442,693.28,0,117.819,29.4808,1.25022
5908,279.108,232.501,472.166,454.204,615.552,539.7,0,145.313,133.795,1.92074
5909,222.304,227.439,326.723,579.124,144.845,616.09,0,142.149,80.1549,1.56388
5910,125.599,138.209,545.199,456.538,615.57,539.781,0,86.3807,39.218,1.45401
5911,157.9,150.511,336.721,287.492,349.973,174.772,0,94.0693,63.8312,1.67856
5912,97.5991,101.726,278.102,281.753,250.372,184.894,0,63.579,34.0201,1.53508
5913,135.199,133.029,521.938,707.387,612.392,752.085,0,83.1433,52.0557,1.6261
5914,80.3993,81.6043,147.797,396.398,67.6496,405.52,0,51.0027,29.3967,1.57638
5915,75.4994,80.8331,117.191,444.378,67.6855,404.79,0,50.5207,24.9787,1.49443
5916,16.2,18.3678,413.098,95.0984,406.321,78.1248,0,11.4799,4.72014,1.41117
5917,54.6997,65.1563,269.012,785.736,311.162,818.57,0,40.7227,13.9771,1.34323
5918,184.102,153.874,516.086,556.165,613.225,612.62,0,96.1711,87.9309,1.91432
5919,37.8,48.1758,594.382,348.128,630.37,334.105,0,30.1098,7.69015,1.2554
5920,115.999,150.702,391.947,708.637,313.283,818.155,0,94.1891,21.8097,1.23155
5921,134.299,160.033,288.036,687.859,149.652,693.219,0,100.021,34.2782,1.34271
5922,195.903,190.176,327.023,339.902,250.679,184.779,0,118.86,77.0426,1.64818
5923,72.0995,73.3495,191.975,212.904,248.366,184.787,0,45.8434,26.256,1.57273
5924,76.0994,63.4667,202.775,215.839,249.115,185.094,0,39.6667,36.4327,1.91847
5925,262.207,232.744,389,355.385,349.866,174.707,0,145.465,116.742,1.80254
5926,48.9998,43.4771,235.736,225.578,249.126,185.103,0,27.1732,21.8266,1.80324
5927,54.2997,64.7493,343.339,197.805,350.086,174.764,0,40.4683,13.8314,1.34178
5928,31.6001,31.6411,129.584,587.632,139.851,611.177,0,19.7757,11.8244,1.59793
5929,100.399,94.6498,544.149,590.742,613.174,612.766,0,59.1561,41.2429,1.69719
5930,181.602,211.244,429.64,683.177,313.325,818.205,0,132.027,49.5744,1.37549
5931,103.099,80.6698,588.341,356.116,630.356,334.464,0,50.4186,52.6804,2.04486
5932,86.0993,107.607,575.181,449.748,615.576,540.286,0,67.2546,18.8446,1.2802
5933,207.703,164.715,228.366,334.724,249.664,185.198,0,102.947,104.757,2.01758
5934,0,0,652.359,192.866,652.359,192.866,0,0,0,0
5935,124.499,119.522,611.898,731.053,612.405,751.965,0,74.7012,49.7974,1.66662
5936,43.7999,53.2589,414.436,129.956,405.852,78.1375,0,33.2868,10.5131,1.31583
5937,246.206,216.329,489.697,458.65,615.658,539.715,0,135.205,111,1.82098
5938,330.611,255.91,465.593,502.983,613.166,612.618,0,159.944,170.667,2.06705
5939,338.711,265.017,421.052,389.062,630.288,334.07,0,165.636,173.076,2.04492
5940,1.5,0.67287,245.859,176.155,246.357,176.687,0,0.420544,1.07946,3.56681
5941,274.408,218.424,293.475,373.896,249.917,185.147,0,136.515,137.893,2.01009
5942,314.71,290.182,340.894,521.024,144.802,616.013,0,181.363,133.347,1.73524
5943,23.2001,20.556,263.467,200.806,252.446,184.041,0,12.8475,10.3526,1.8058
5944,122.599,99.5585,517.382,605.546,613.245,612.803,0,62.2241,60.3746,1.97028
5945,101.099,103.371,355.774,226.266,349.683,174.709,0,64.6072,36.4919,1.56483
5946,227.105,170.519,238.988,343.241,250.017,185.025,0,106.574,120.53,2.13095
5947,105.399,108.096,306.773,245.254,349.781,174.72,0,67.5599,37.8391,1.56008
5948,171.801,172.325,392.082,279.293,355.569,174.324,0,107.703,64.0979,1.59513
5949,125.699,101.713,516.217,606.484,613.152,612.768,0,63.5704,62.1283,1.97732
5950,109.499,106.595,349.71,244.295,349.551,174.576,0,66.6219,42.877,1.64359
5951,34.3,42.5265,606.531,305.833,630.411,334.45,0,26.5791,7.721,1.29049
5952,26.0001,30.6134,588.462,795.71,606.451,811.61,0,19.1334,6.86668,1.35888
5953,7,7.53363,305.654,814.161,311.516,818.474,0,4.70852,2.29147,1.48667
5954,228.805,170.674,199.708,362.671,67.8267,404.954,0,106.671,122.134,2.14495
5955,324.611,270.831,307.805,439.126,67.6625,404.845,0,169.269,155.341,1.91772
5956,138.399,153.685,546.375,435.904,615.523,540.059,0,96.0532,42.346,1.44086
5957,231.105,159.131,470.971,615.555,613.248,612.575,0,99.4567,131.648,2.32367
5958,89.4992,102.812,244.891,632.956,144.751,616.184,0,64.2573,25.2419,1.39283
5959,58.2997,60.0363,610.386,156.805,648.427,190.827,0,37.5227,20.777,1.55372
5960,76.8994,97.9042,523.185,777.565,611.114,755.028,0,61.1901,15.7093,1.25673
5961,5.8,5.87136,601.66,807.903,607.238,809.735,0,3.6696,2.13039,1.58055
5962,303.709,273.739,381.222,407.565,349.59,174.585,0,171.087,132.622,1.77517
5963,125.899,116.307,377.604,223.242,356.149,173.418,0,72.6918,53.2068,1.73195
5964,255.206,239.826,316.922,555.412,144.78,616.176,0,149.891,105.315,1.70261
5965,358.913,252.844,413.919,616.689,613.178,612.754,0,158.027,200.885,2.27121
5966,26.2001,27.2994,615.48,273.723,635.76,282.33,0,17.0621,9.13794,1.53557
5967,313.51,286.099,345.93,534.1,144.836,616.012,0,178.812,134.698,1.7533
5968,362.713,225.866,400.727,463.64,582.079,461.309,1,141.166,221.547,2.56941
5969,213.904,198.109,530.138,426.128,630.295,334.111,0,123.818,90.086,1.72757
5970,71.1995,100.033,244.444,724.928,153.647,700.472,0,62.5206,8.67888,1.13882
5971,53.3998,63.8431,280.447,779.276,311.235,818.568,0,39.9019,13.4978,1.33827
5972,28.6001,34.9814,179.172,621.177,144.763,615.959,0,21.8633,6.73673,1.30813
5973,109.899,92.6984,303.706,737.343,311.274,818.593,0,57.9365,51.9624,1.89689
5974,77.1994,82.172,177.244,557.206,139.933,611.107,0,51.3575,25.8419,1.50318
5975,136.799,141.874,567.928,414.606,615.595,539.701,0,88.671,48.1282,1.54277
5976,43.0999,46.7973,606.839,130.462,653.568,130.045,0,29.2483,13.8516,1.47359
5977,16.5,16.0134,599.298,606.973,613.183,612.828,0,10.0084,6.49162,1.64862
5978,35.7,39.9997,406.597,118.234,405.942,78.228,0,24.9998,10.7002,1.42801
5979,206.603,205.249,250.912,502.44,139.659,611.085,0,128.281,78.3227,1.61056
5980,362.713,232.385,389.608,493.027,576.873,450.353,1,145.24,217.472,2.49733
5981,48.2998,40.2129,291.524,192.268,253.237,183.226,0,25.1331,23.1668,1.92176
5982,85.2993,99.2718,520.572,773.953,611.128,755.218,0,62.0448,23.2544,1.3748
5983,27.5001,31.3868,622.258,129.933,653.581,130.04,0,19.6167,7.88335,1.40187
5984,177.402,153.89,186.079,345.028,67.6571,404.869,0,96.1813,81.2203,1.84445
5985,362.713,63.3543,236.524,747.458,224.277,739.835,1,39.5964,323.116,9.16024
5986,52.9998,46.1601,575.506,627.171,613.25,612.359,0,28.8501,24.1497,1.83708
5987,194.203,146.465,490.845,618.582,613.304,613.052,0,91.5406,102.662,2.12149
5988,248.806,156.533,555.435,541.225,613.341,612.441,0,97.8334,150.973,2.54316
5989,85.1993,78.2748,585.77,673.481,613.261,612.758,0,48.9217,36.2775,1.74154
5990,119.599,153.195,394.121,710.196,313.335,818.17,0,95.7468,23.852,1.24911
5991,45.9999,48.9663,578.436,780.449,611.137,755.346,0,30.6039,15.396,1.50307
5992,111.399,147.772,556.854,269.364,647.956,198.024,0,92.3572,19.0417,1.20617
5993,285.808,181.569,491.033,229.662,356.23,173.421,0,113.481,172.328,2.51857
5994,226.505,163.223,175.64,304.639,248.208,184.69,0,102.014,124.49,2.22033
5995,362.713,214.256,433.145,665.393,598.696,612.778,1,133.91,228.803,2.70863
5996,277.808,223.145,276.77,390.151,249.14,185.07,0,139.465,138.342,1.99195
5997,104.199,109.211,565.571,466.811,615.483,539.771,0,68.2572,35.9418,1.52656
5998,144.6,134.694,188.383,373.801,67.7309,404.881,0,84.1838,60.4158,1.71767
5999,46.7999,59.9693,600.361,201.89,647.999,197.899,0,37.4808,9.31906,1.24864
6000,244.906,207.649,281.036,373.697,249.672,185.215,0,129.781,115.125,1.88707
6001,253.606,173.986,241.803,347.701,249.088,185.075,0,108.741,144.865,2.3322
6002,9.9,10.87,603.594,746.21,612.225,752.462,0,6.79374,3.10626,1.45722
6003,129.899,134.28,521.622,118.089,653.536,129.955,0,83.9248,45.974,1.5478
6004,318.01,244.156,435.218,346.765,356.2,173.395,0,152.598,165.413,2.08398
6005,362.713,181.316,427.039,508.336,547.938,452.884,1,113.322,249.391,3.20072
6006,202.703,179.059,344.257,319.18,350.127,174.803,0,111.912,90.7912,1.81127
6007,256.506,201.964,267.987,361.919,250.187,185.017,0,126.228,130.279,2.0321
6008,128.699,136.283,306.243,296.233,251.022,184.629,0,85.1771,43.5215,1.51095
6009,106.599,98.1208,540.03,334.558,630.406,333.77,0,61.3255,45.2734,1.73825
6010,89.4992,80.6591,265.949,263.151,249.82,185.111,0,50.412,39.0872,1.77536
6011,46.6999,57.6447,409.662,135.109,405.852,78.1631,0,36.0279,10.6719,1.29621
6012,155.7,150.078,201.887,368.702,67.6962,404.86,0,93.799,61.9013,1.65994
6013,250.106,194.575,325.54,624.392,144.749,616.192,0,121.609,128.497,2.05664
6014,89.4992,89.5384,564.442,126.641,653.48,129.963,0,55.9615,33.5377,1.5993
6015,47.5998,66.1395,214.883,725.239,153.732,700.291,0,41.3372,6.26265,1.1515
6016,234.505,213.827,334.449,601.33,144.802,616.192,0,133.642,100.863,1.75473
6017,85.2993,78.3011,188.725,209.95,248.96,185.041,0,48.9382,36.3611,1.743
6018,101.399,110.392,186.073,536.097,140.116,611.052,0,68.9952,32.4038,1.46965
6019,162.001,133.198,291.815,288.426,250.225,185.012,0,83.2486,78.7521,1.94599
6020,29.8001,36.0476,581.698,762.673,611.176,754.901,0,22.5298,7.27032,1.3227
6021,98.1991,85.5666,430.905,147.266,356.12,173.424,0,53.4791,44.72,1.83621
6022,199.503,143.399,286.302,313.919,250.981,184.624,0,89.6242,109.879,2.226
6023,188.802,213.939,351.272,623.874,312.345,818.112,0,133.712,55.0902,1.41201
6024,50.0998,50.6909,602.768,130.495,653.494,129.954,0,31.6818,18.418,1.58134
6025,13.4,13.4469,259.183,195.314,252.769,183.942,0,8.4043,4.99571,1.59442
6026,50.9998,41.157,588.744,635.316,613.258,612.392,0,25.7231,25.2767,1.98265
6027,104.599,102.574,241.021,624.269,144.808,615.999,0,64.1088,40.4902,1.63159
6028,213.504,145.673,201.776,413.811,67.7207,405.578,0,91.0455,122.458,2.34502
6029,237.305,297.257,333.179,427.164,251.227,184.465,0,185.786,51.5194,1.27731
6030,78.8994,108.224,352.746,720.35,313.271,818.207,0,67.6399,11.2595,1.16646
6031,20.4,26.4256,286.733,811.13,311.77,818.264,0,16.516,3.88407,1.23517
6032,30.7001,33.981,619.678,129.061,653.482,130,0,21.2382,9.46193,1.44552
6033,91.0992,110.78,518.29,750.395,611.177,755.224,0,69.2376,21.8615,1.31575
6034,239.605,209.792,484.807,437.996,615.58,539.681,0,131.12,108.485,1.82737
6035,52.9998,74.8295,329.32,745.626,312.847,817.961,0,46.7684,6.23136,1.13324
6036,234.005,287.196,298.124,497.567,139.944,611.159,0,179.497,54.5078,1.30367
6037,101.899,93.714,160.539,400.208,67.7159,404.854,0,58.5713,43.3278,1.73974
6038,92.6992,127.859,339.475,695.161,312.282,818.088,0,79.9118,12.7874,1.16002
6039,362.713,212.501,454.703,465.767,596.49,499.512,1,132.813,229.9,2.731
6040,224.605,265.217,257.33,541.361,139.948,611.099,0,165.76,58.844,1.35499
6041,38.6,32.2494,99.9259,405.696,67.735,404.862,0,20.1559,18.4441,1.91507
6042,362.713,248.883,470.42,478.671,605.651,536.303,1,155.552,207.161,2.33178
6043,336.711,199.769,449.52,655.014,613.239,612.845,0,124.856,211.856,2.69681
6044,362.713,238.12,436.125,599.621,597.83,613.004,1,148.825,213.888,2.43717
6045,142.6,127.945,160.371,485.449,139.706,611.067,0,79.9654,62.6341,1.78327
6046,99.899,126.025,514.368,734.137,611.147,755.173,0,78.7654,21.1336,1.26831
6047,49.8998,37.1483,591.876,633.541,613.25,613.198,0,23.2177,26.6821,2.14921
6048,353.312,240.426,477.223,477.275,615.678,539.727,0,150.266,203.046,2.35124
6049,53.6998,65.693,614.173,239.609,648.333,198.138,0,41.0581,12.6416,1.3079
6050,263.707,202.898,505.636,518.838,613.237,612.655,0,126.811,136.896,2.07953
6051,99.799,118.595,88.9362,484.471,67.8152,405.322,0,74.1218,25.6772,1.34642
6052,142.6,123.026,550.795,563.819,613.231,612.729,0,76.8915,65.708,1.85455
6053,119.799,124.356,530.081,124.74,653.5,129.953,0,77.7225,42.0763,1.54137
6054,108.399,143.66,557.791,283.752,648.162,197.953,0,89.7875,18.6115,1.20728
6055,153.1,119.075,171.779,377.207,67.6597,405.595,0,74.4219,78.6782,2.05719
6056,204.103,217.856,385.209,645.285,312.76,818.02,0,136.16,67.943,1.49899
6057,229.905,204.401,491.066,412.273,630.308,334.071,0,127.751,102.154,1.79964
6058,362.713,240.228,398.236,608.732,588.525,616.598,1,150.142,212.57,2.41579
6059,85.4993,101.061,566.117,475.759,615.675,539.572,0,63.1629,22.3364,1.35363
6060,289.908,215.063,473.395,375.699,630.255,334.117,0,134.414,155.494,2.15683
6061,169.801,165.127,240.001,571.625,144.781,616.181,0,103.205,66.5966,1.64529
6062,169.601,155.672,206.321,365.156,67.667,404.826,0,97.2953,72.3059,1.74316
6063,157.8,117.917,164.769,425.091,67.7224,405.586,0,73.6983,84.1022,2.14117
6064,27.7001,32.7643,413.205,109.759,405.88,78.2201,0,20.4777,7.22239,1.3527
6065,128.499,129.486,537.766,689.139,612.394,751.969,0,80.929,47.5697,1.5878
6066,62.8996,55.3639,600.972,646.813,613.319,613.074,0,34.6025,28.2971,1.81778
6067,347.712,214.309,457.558,678.857,613.346,613.054,0,133.943,213.769,2.59597
6068,362.713,26.1652,327.19,267.236,326.048,264.293,1,16.3533,346.36,22.1798
6069,120.399,117.949,548.185,154.919,653.466,130.047,0,73.718,46.6807,1.63323
6070,283.408,258.726,298.317,408.831,249.095,185.062,0,161.704,121.705,1.75264
6071,202.203,183.569,411.234,296.064,355.617,174.359,0,114.731,87.4723,1.76241
6072,38,50.939,594.519,501.53,615.493,540.168,0,31.8369,6.16312,1.19358
6073,204.103,211.565,271.069,558.785,144.652,615.61,0,132.228,71.8754,1.54357
6074,61.7996,68.7554,281.919,774.918,311.264,818.572,0,42.9721,18.8275,1.43813
6075,46.5999,39.603,106.558,400.754,67.6474,405.605,0,24.7519,21.848,1.88268
6076,102.399,98.2485,312.571,238.121,349.698,174.579,0,61.4053,40.9937,1.66759
6077,94.1991,100.32,207.347,566.614,144.72,615.733,0,62.6998,31.4993,1.50238
6078,79.0994,99.5298,579.888,455.905,615.683,539.687,0,62.2061,16.8933,1.27157
6079,42.2999,50.3916,407.361,128.329,405.853,78.2354,0,31.4948,10.8052,1.34308
6080,28.5001,32.0332,618.715,205.559,647.939,197.825,0,20.0208,8.4793,1.42353
6081,266.807,224.268,482.182,464.307,615.464,539.9,0,140.167,126.64,1.90349
6082,58.1997,60.323,410.733,157.619,355.948,174.01,0,37.7019,20.4978,1.54368
6083,165.901,150.888,503.528,117.128,653.512,129.78,0,94.305,71.5959,1.7592
6084,46.7999,39.571,280.657,209.629,252.474,184.038,0,24.7319,22.068,1.89229
6085,227.605,277.928,335.307,408.456,251.004,184.603,0,173.705,53.8998,1.3103
6086,312.91,261.728,318.855,538.82,144.828,615.755,0,163.58,149.33,1.91288
6087,171.401,137.88,277.998,639.305,144.837,615.81,0,86.1748,85.2265,1.989
6088,227.305,166.282,173.405,307.406,248.651,184.867,0,103.926,123.378,2.18717
6089,107.699,97.9936,268.894,279.792,249.956,184.992,0,61.246,46.4529,1.75846
6090,239.505,171.483,234.486,343.308,249.178,185.078,0,107.177,132.329,2.23467
6091,132.799,129.542,525.86,707.639,612.383,752.061,0,80.9637,51.8352,1.64023
6092,129.599,140.727,316.937,290.808,251.114,184.561,0,87.9542,41.6445,1.47348
6093,95.1991,113.195,608.725,457.87,615.644,539.643,0,70.7467,24.4524,1.34563
6094,318.51,253.484,292.01,429.096,67.6896,404.83,0,158.427,160.083,2.01045
6095,10.9,13.4106,152.949,680.566,149.438,693.389,0,8.38164,2.51837,1.30046
6096,252.606,223.914,276.126,388.775,249.479,185.187,0,139.946,112.66,1.80502
6097,249.306,300.349,273.508,498.657,139.943,611.157,0,187.718,61.588,1.32809
6098,192.303,172.021,303.669,648.135,144.761,616.125,0,107.513,84.7893,1.78864
6099,141.899,165.22,368.971,675.198,312.948,817.982,0,103.263,38.6368,1.37416
6100,52.4998,61.8957,191.329,682.555,149.46,693.322,0,38.6848,13.815,1.35712
6101,362.713,195.3,401.921,496.98,547.13,445.801,1,122.062,240.65,2.97154
6102,34.0001,32.8045,83.3813,425.577,67.7056,405.612,0,20.5028,13.4972,1.65831
6103,298.309,261.362,387.341,392.779,349.801,174.693,0,163.351,134.958,1.82618
6104,5.7,5.7454,608.947,748.066,612.267,752.58,0,3.59088,2.10912,1.58736
6105,152.2,173.812,234.074,518.406,140.115,611.07,0,108.633,43.5675,1.40105
6106,223.604,293.668,377.84,569.305,312.492,817.996,0,183.543,40.0617,1.21827
6107,110.899,114.197,341.446,267.295,349.67,174.604,0,71.3734,39.5255,1.55378
6108,244.806,225.518,260.083,423.302,67.6979,404.874,0,140.948,103.857,1.73685
6109,23.1001,25.6303,589.73,743.26,612.278,752.274,0,16.0189,7.0811,1.44205
6110,213.604,168.622,533.281,536.194,613.3,612.546,0,105.389,108.215,2.02682
6111,105.399,89.0673,572.321,675.095,613.174,612.77,0,55.6671,49.7319,1.89338
6112,91.0992,87.7238,270.705,269.017,249.856,185.106,0,54.8274,36.2718,1.66156
6113,229.605,164.725,177.49,306.521,249.391,185.221,0,102.953,126.652,2.23019
6114,107.099,100.301,162.14,390.828,67.8227,404.954,0,62.6881,44.4108,1.70844
6115,87.6992,87.0356,528.951,610.104,613.157,612.756,0,54.3972,33.302,1.6122
6116,76.4994,88.4778,105.534,468.344,67.6587,404.833,0,55.2986,21.2008,1.38339
6117,295.309,247.868,336.216,564.578,144.686,615.685,0,154.918,140.391,1.90623
6118,22.3,22.8973,596.267,552.082,616.953,543.374,0,14.3108,7.98923,1.55826
6119,259.307,198.102,468.917,547.615,613.32,612.523,0,123.814,135.493,2.09433
6120,227.905,280.922,335.099,409.996,251.54,184.41,0,175.576,52.3284,1.29804
6121,87.6992,87.025,566.299,129.576,653.537,130.044,0,54.3907,33.3086,1.6124
6122,340.712,262.517,433.73,445.917,615.547,539.796,0,164.073,176.639,2.07659
6123,179.402,112.58,200.371,263.5,248.242,184.708,0,70.3628,109.039,2.54967
6124,254.706,215.099,300.651,563.4,144.819,615.847,0,134.437,120.269,1.89461
6125,81.9993,77.3607,586.529,672.696,613.166,612.82,0,48.3504,33.6489,1.69594
6126,63.2996,71.5384,606.46,241.851,648.377,198.093,0,44.7115,18.5881,1.41573
6127,60.1997,56.7267,575.85,637.541,613.29,612.395,0,35.4542,24.7455,1.69796
6128,233.705,208.015,394.035,316.233,349.973,174.768,0,130.009,103.696,1.7976
6129,166.301,166.035,544.328,421.532,615.453,539.79,0,103.772,62.5289,1.60256
6130,293.409,280.993,298.616,452.879,67.719,404.913,0,175.621,117.788,1.6707
6131,144.3,164.435,479.845,713.919,612.225,752.587,0,102.772,41.5278,1.40408
6132,296.309,256.442,328.412,550.373,144.689,615.69,0,160.277,136.032,1.84873
6133,17.6,19.0054,336.07,187.657,349.47,174.48,0,11.8784,5.72168,1.48169
6134,308.01,229.019,239.041,449.687,67.6909,405.514,0,143.137,164.873,2.15185
6135,241.406,193.126,481.015,392.13,630.344,334.081,0,120.704,120.702,1.99998
6136,14,17.5857,314.605,800.818,312.779,818.037,0,10.9911,3.00895,1.27376
6137,165.201,211.215,509.981,257.533,648.144,198.027,0,132.01,33.1913,1.25143
6138,50.7998,45.7541,261.518,228.898,249.833,185.113,0,28.5963,22.2035,1.77645
6139,362.713,235.936,412.875,602.985,576.625,617.825,1,147.46,215.253,2.45974
6140,100.299,107.395,183.945,535.517,140.168,611.177,0,67.1219,33.1771,1.49428
6141,201.403,199.086,323.374,607.933,144.849,616.111,0,124.429,76.9741,1.61862
6142,339.411,293.971,269.346,454.209,67.7201,404.81,0,183.732,155.679,1.84732
6143,80.3993,90.3478,535.902,747.623,611.134,755.185,0,56.4674,23.9319,1.42382
6144,133.999,119.013,535.853,659.6,613.243,612.824,0,74.383,59.616,1.80147
6145,122.299,125.529,534.984,134.404,653.502,129.954,0,78.4557,43.843,1.55882
6146,85.8993,83.3434,150.415,399.935,67.7577,404.984,0,52.0896,33.8096,1.64907
6147,3.4,2.8892,70.7354,405.272,67.8493,405.183,0,1.80575,1.59425,1.88287
6148,263.907,241.879,307.872,371.781,250.223,184.997,0,151.174,112.733,1.74572
6149,313.31,243.069,444.615,332.632,355.64,174.308,0,151.918,161.392,2.06236
6150,362.713,184.915,403.584,492.879,534.855,443.849,1,115.572,247.141,3.13842
6151,175.001,170.682,484.314,117.201,653.45,129.98,0,106.676,68.3253,1.64049
6152,46.8999,51.176,613.481,147.213,653.511,130.043,0,31.985,14.9149,1.46631
6153,45.5999,33.1422,249.356,218.532,249.91,185.135,0,20.7139,24.886,2.20142
6154,21,19.4904,610.874,334.528,630.314,334.036,0,12.1815,8.81857,1.72393
6155,71.9995,74.2399,265.219,256.027,250.294,184.922,0,46.3999,25.5995,1.55172
6156,173.801,163.413,185.133,469.629,139.613,611.151,0,102.133,71.668,1.70171
6157,41.8999,48.4471,404.157,174.645,355.828,174.154,0,30.2794,11.6205,1.38378
6158,119.799,117.314,271.223,745.016,310.673,818.817,0,73.3212,46.4775,1.63389
6159,2.4,1.42165,255.749,180.035,254.369,180.371,0,0.888532,1.51147,2.70109
6160,84.7993,88.67,304.007,227.559,349.519,174.626,0,55.4187,29.3805,1.53016
6161,191.903,156.797,234.125,327.271,250.616,184.811,0,97.9984,93.9042,1.95822
6162,108.399,142.695,319.96,697.712,312.281,818.084,0,89.1843,19.2146,1.21545
6163,121.499,119.773,309.692,256.373,349.45,174.639,0,74.8579,46.6408,1.62306
6164,362.713,261.412,410.533,470.926,598.188,507.878,1,163.382,199.331,2.22003
6165,26.6001,31.2547,602.625,723.625,612.12,752.564,0,19.5342,7.0659,1.36172
6166,260.407,208.09,478.339,277.629,355.565,174.433,0,130.056,130.35,2.00226
6167,131.099,153.275,217.234,520.811,140.049,611.14,0,95.7968,35.302,1.36851
6168,355.012,272.213,425.262,404.296,630.317,334.056,0,170.133,184.879,2.08667
6169,26.8001,30.8012,144.539,581.032,139.911,611.052,0,19.2507,7.54932,1.39216
6170,47.6998,61.466,602.566,367.781,630.318,334.052,0,38.4162,9.2836,1.24166
6171,224.304,168.407,274.133,337.555,249.848,185.113,0,105.254,119.05,2.13107
6172,95.7991,91.5714,244.498,781.721,310.784,818.705,0,57.2321,38.567,1.67387
6173,15.5,14.1582,606.222,550.677,617.236,543.599,0,8.84885,6.65118,1.75164
6174,19.5,23.1601,378.298,176.903,355.776,174.271,0,14.475,5.025,1.34715
6175,220.304,167.318,172.559,298.406,249.529,185.231,0,104.574,115.73,2.10668
6176,319.11,274.987,316.132,518.713,144.805,615.79,0,171.867,147.243,1.85673
6177,94.7991,89.7648,526.685,608.779,613.27,612.839,0,56.103,38.6961,1.68973
6178,200.803,154.802,184.881,306.871,248.65,184.943,0,96.7512,104.052,2.07546
6179,230.005,179.438,503.939,541.344,613.229,612.629,0,112.149,117.856,2.05089
6180,187.702,144.435,486.475,587.994,613.333,613.05,0,90.2718,97.4304,2.0793
6181,233.405,276.574,286.711,499.594,139.866,611.127,0,172.859,60.5463,1.35026
6182,116.399,109.661,241.554,640.578,144.838,615.785,0,68.5384,47.8604,1.6983
6183,186.102,184.09,258.092,574.021,144.764,616.172,0,115.056,71.0461,1.61749
6184,91.9992,125.287,252.618,701.718,152.731,701.795,0,78.3046,13.6946,1.17489
6185,194.203,152.836,189.81,315.576,249.343,185.245,0,95.5225,98.6802,2.03306
6186,51.9998,51.3742,602.378,133.997,653.505,129.95,0,32.1089,19.8909,1.61948
6187,46.8999,57.2876,276.66,787.621,311.439,818.475,0,35.8047,11.0951,1.30988
6188,214.804,189.799,295.065,586.77,144.766,616.151,0,118.625,96.1794,1.81079
6189,124.599,150.126,391.505,707.06,312.647,817.968,0,93.8289,30.7697,1.32793
6190,141.399,126.545,167.285,494.661,139.599,611.241,0,79.0909,62.3086,1.78781
6191,212.404,213.576,326.658,593.912,144.745,616.13,0,133.485,78.9189,1.59122
6192,230.505,308.939,389.771,571.892,312.658,818.059,0,193.087,37.4179,1.19379
6193,159.201,157.951,227.735,566.261,144.731,615.65,0,98.7193,60.4812,1.61266
6194,315.81,210.664,472.936,408.767,630.32,334.082,0,131.665,184.145,2.39859
6195,251.306,151.44,496.976,623.403,613.286,613.132,0,94.6502,156.656,2.6551
6196,24.7001,29.3951,598.909,776.582,611.096,755.119,0,18.3719,6.32814,1.34445
6197,197.303,143.275,283.459,313.724,249.659,185.192,0,89.5471,107.756,2.20334
6198,77.8994,75.7927,592.323,187.887,648.357,190.782,0,47.3704,30.529,1.64447
6199,129.899,126.109,351.296,272.008,349.549,174.593,0,78.8181,51.0807,1.64808
6200,149,109.878,513.418,635.589,613.168,612.712,0,68.674,80.3259,2.16967
6201,47.3998,63.6538,205.131,631.398,144.841,615.787,0,39.7836,7.61624,1.19144
6202,362.713,277.315,420.9,437.741,604.801,539.275,1,173.322,189.391,2.09271
6203,34.0001,44.6013,593.367,712.984,612.1,752.57,0,27.8758,6.12423,1.2197
6204,208.704,139.886,490.901,177.305,356.097,173.426,0,87.4287,121.275,2.38713
6205,0,0,656.665,132.327,656.665,132.327,0,0,0,0
6206,310.91,244.094,461.672,455.841,615.605,539.687,0,152.559,158.351,2.03797
6207,69.6995,71.1994,167.464,560.194,139.932,611.089,0,44.4996,25.1999,1.56629
6208,1,0.351322,630.344,335.422,630.674,335.302,0,0.219576,0.780424,4.55423
6209,113.399,137.621,543.137,183.41,647.758,191.841,0,86.0131,27.3857,1.31839
6210,80.1993,87.8559,159.67,538.241,139.866,611.076,0,54.9099,25.2894,1.46056
6211,362.713,224.15,410.524,525.194,556.687,452.474,1,140.093,222.619,2.58908
6212,308.21,281.36,361.17,425.211,349.506,174.577,0,175.85,132.359,1.75268
6213,52.1998,46.7207,567.984,617.933,613.327,612.393,0,29.2004,22.9993,1.78764
6214,272.607,221.418,454.445,337.236,355.551,174.406,0,138.387,134.221,1.9699
6215,91.4992,119.696,361.517,713.584,313.141,818.116,0,74.8099,16.6893,1.22309
6216,191.202,160.778,472.732,579.51,613.261,612.516,0,100.486,90.7161,1.90277
6217,67.5995,70.4374,550.433,745.791,612.03,753.077,0,44.0234,23.5762,1.53554
6218,43.8999,49.2562,402.992,178.824,356.009,173.655,0,30.7851,13.1148,1.42601
6219,257.106,223.93,302.737,556.067,144.744,615.809,0,139.957,117.15,1.83705
6220,100.399,94.7022,171.716,211.06,248.6,184.895,0,59.1889,41.2102,1.69625
6221,88.8992,87.9446,566.374,126.265,653.517,130.048,0,54.9654,33.9338,1.61737
6222,362.713,93.4234,482.331,360.455,483.411,366.531,1,58.3896,304.323,6.21194
6223,156.8,132.318,551.552,557.723,613.339,612.547,0,82.6986,74.1018,1.89605
6224,207.403,144.032,507.873,668.364,613.188,612.743,0,90.0201,117.383,2.30397
6225,181.802,195.233,512.315,462.636,615.503,540.181,0,122.02,59.7814,1.48993
6226,235.905,185.513,292.445,344.641,250.942,184.677,0,115.946,119.959,2.03462
6227,261.207,188.035,251.773,396.79,67.6607,404.811,0,117.522,143.685,2.22263
6228,213.004,237.794,323.762,377.32,251.075,184.572,0,148.621,64.3825,1.4332
6229,49.3998,49.0889,605.033,129.376,653.469,130.038,0,30.6806,18.7192,1.61013
6230,39,47.1835,401.748,167.833,355.953,173.68,0,29.4897,9.51028,1.3225
6231,75.5994,61.6375,302.627,766.414,311.188,818.553,0,38.5234,37.076,1.96243
6232,18.3,20.6105,613.988,326.129,630.256,334.044,0,12.8816,5.41847,1.42064
6233,92.6992,89.4714,247.681,258.518,250.057,184.99,0,55.9196,36.7795,1.65772
6234,26.3001,24.9698,251.913,209.834,249.671,185.247,0,15.6061,10.6939,1.68524
6235,41.2999,50.5576,586.083,714.984,612.111,752.596,0,31.5985,9.70147,1.30702
6236,324.711,254.696,464.491,500.867,613.218,612.612,0,159.185,165.526,2.03983
6237,362.713,232.139,377.825,489.316,560.364,451.678,1,145.087,217.626,2.49997
6238,112.799,109.578,517.737,593.31,613.156,612.753,0,68.4861,44.3128,1.64703
6239,202.203,158.199,278.43,328.868,251.11,184.567,0,98.8742,103.329,2.04506
6240,37.4,40.5669,143.834,571.155,139.939,611.115,0,25.3543,12.0457,1.4751
6241,239.505,171.727,236.241,345.31,249.979,184.989,0,107.329,132.176,2.2315
6242,36.5,46.2743,323.177,201.707,350.057,174.777,0,28.9215,7.57855,1.26204
6243,281.608,261.007,384.448,389.805,349.587,174.641,0,163.129,118.479,1.72629
6244,37.1,36.8137,392.237,177.118,355.749,174.225,0,23.0086,14.0914,1.61244
6245,136.799,152.151,515.073,693.423,612.363,752.023,0,95.0941,41.7051,1.43857
6246,106.099,120.078,588.995,443.138,615.573,540.081,0,75.0488,31.0501,1.41373
6247,293.409,230.677,463.597,329.421,356.051,173.427,0,144.173,149.236,2.03512
6248,140.699,136.559,358.851,272.175,349.683,174.68,0,85.3493,55.3501,1.64851
6249,159.401,186.948,514.296,231.194,647.819,191.574,0,116.843,42.5577,1.36423
6250,337.111,288.955,422.576,416.539,630.259,334.109,0,180.597,156.515,1.86665
6251,271.007,228.616,296.148,379.915,248.879,185.041,0,142.885,128.122,1.89668
6252,127.299,153.909,275.562,684.065,149.269,693.291,0,96.193,31.1056,1.32337
6253,30.6001,24.9231,275.06,194.525,252.818,183.868,0,15.5769,15.0232,1.96445
6254,0,0,649.062,194.54,649.062,194.54,0,0,0,0
6255,353.612,223.902,445.194,676.699,613.189,612.971,0,139.939,213.674,2.52691
6256,35.1,36.6736,125.219,586.339,139.94,611.077,0,22.921,12.179,1.53135
6257,176.102,169.197,195.823,477.505,139.685,611.148,0,105.748,70.3532,1.66529
6258,337.311,297.368,359.008,441.294,349.883,174.812,0,185.855,151.456,1.81492
6259,315.41,273.506,319.946,522.169,144.814,615.79,0,170.941,144.469,1.84513
6260,67.5995,71.4145,135.828,548.881,139.856,611.053,0,44.6341,22.9655,1.51453
6261,171.301,190.998,431.721,713.673,312.87,817.988,0,119.374,51.9273,1.435
6262,280.008,238.869,458.941,425.462,615.611,539.647,0,149.293,130.715,1.87556
6263,9.5,9.37664,601.899,754.847,611.204,755.454,0,5.8604,3.6396,1.62105
6264,48.1998,66.5455,331.413,754.595,312.722,817.993,0,41.591,6.60888,1.1589
6265,89.9992,114.3,583.42,273.227,647.981,197.865,0,71.4376,18.5616,1.25983
6266,63.8996,81.2613,562.29,503.642,615.73,540.573,0,50.7883,13.1113,1.25816
6267,118.799,98.8739,235.036,279.285,249.575,185.199,0,61.7962,57.0026,1.92243
6268,163.001,175.607,215.911,496.597,140.173,611.173,0,109.755,53.2462,1.48514
6269,178.302,142.158,275.685,643.007,144.735,615.744,0,88.8489,89.4528,2.0068
6270,154,123.398,546.187,565.394,613.308,613.044,0,77.1238,76.8764,1.99679
6271,325.311,229.722,468.936,363.411,630.269,334.068,0,143.576,181.734,2.26577
6272,294.609,234.588,239.334,454.504,67.8428,405.431,0,146.617,147.991,2.00937
6273,48.6998,60.0405,561.905,740.037,612.081,752.635,0,37.5253,11.1745,1.29779
6274,31.2001,31.5734,598.517,779.994,611.156,755.485,0,19.7334,11.4667,1.58108
6275,287.608,267.681,299.835,412.141,249.903,185.114,0,167.301,120.308,1.71911
6276,0,0,141.188,613.422,141.188,613.422,0,0,0,0
6277,187.102,212.188,351.92,624.833,312.339,818.087,0,132.618,54.4846,1.41084
6278,4.6,4.47388,603.155,807.877,607.365,809.381,0,2.79617,1.80382,1.6451
6279,99.899,118.276,566.008,178.712,653.55,130.022,0,73.9228,25.9763,1.3514
6280,9.8,10.3301,261.755,188.86,252.785,183.839,0,6.45634,3.34366,1.51789
6281,3.3,2.19145,313.096,815.816,312.718,817.973,0,1.36966,1.93034,2.40936
6282,123.899,115.201,242.359,758.248,310.258,818.86,0,72.0007,51.8979,1.7208
6283,215.004,164.965,233.361,337.219,249.947,185.042,0,103.103,111.901,2.08533
6284,114.999,147.505,273.462,673.456,149.558,693.248,0,92.1909,22.8079,1.2474
6285,1.4,0.542237,649.868,189.575,650.102,190.064,0,0.338898,1.0611,4.13104
6286,68.9995,68.1047,415.439,153.442,355.757,174.315,0,42.5654,26.4341,1.62102
6287,362.713,234.467,466.09,463.377,604.93,539.858,1,146.542,216.171,2.47515
6288,238.405,190.366,461.748,275.19,355.591,174.356,0,118.979,119.427,2.00377
6289,213.204,148.548,491.563,620.155,613.218,613.02,0,92.8424,120.361,2.29641
6290,96.4991,90.322,418.587,215.164,355.58,174.3,0,56.4512,40.0479,1.70942
6291,74.8994,75.7293,577.999,128.428,653.47,130.049,0,47.3308,27.5686,1.58247
6292,329.711,158.577,501.771,623.773,613.335,613.096,0,99.1106,230.6,3.3267
6293,120.499,156.425,398.003,707.708,313.229,818.192,0,97.7653,22.7334,1.23253
6294,179.802,142.305,449.25,139.075,355.59,174.359,0,88.9406,90.8611,2.02159
6295,160.601,112.503,513.977,593.86,613.261,613.177,0,70.3141,90.2865,2.28405
6296,46.7999,60.0703,326.526,215.464,349.694,174.71,0,37.5439,9.25593,1.24654
6297,75.1994,65.9425,201.029,211.457,248.599,184.931,0,41.214,33.9854,1.82461
6298,125.899,152.37,343.913,675.265,312.985,818.122,0,95.2315,30.6671,1.32203
6299,118.499,114.217,407.233,237.816,355.628,174.36,0,71.3855,47.1133,1.65998
6300,142.6,131.976,515.347,365.189,630.291,334.132,0,82.4853,60.1142,1.72879
6301,6.8,6.90067,641.902,200.704,648.356,198.148,0,4.31292,2.48708,1.57666
6302,155,150.78,371.975,264.082,349.641,174.576,0,94.2372,60.763,1.64479
6303,35.6,46.5071,595.956,709.915,612.185,752.537,0,29.0669,6.53309,1.22476
6304,211.804,207.31,611.234,382.233,615.601,539.686,0,129.568,82.2352,1.63469
6305,210.604,135.808,165.092,442.102,67.6977,405.581,0,84.8797,125.724,2.4812
6306,196.303,113.622,198.555,259.333,248.19,184.665,0,71.0136,125.289,2.7643
6307,129.999,125.522,175.028,260.568,248.394,184.77,0,78.4512,51.5475,1.65706
6308,276.108,213.515,423.557,322.021,355.627,174.373,0,133.447,142.661,2.06905
6309,72.9995,67.981,585.107,662.267,613.214,612.843,0,42.4882,30.5113,1.71811
6310,48.4998,39.9743,107.467,403.957,67.7549,405.346,0,24.984,23.5159,1.94124
6311,176.702,152.257,519.876,388.036,630.263,334.108,0,95.1607,81.5409,1.85688
6312,67.4995,72.4231,195.658,591.918,144.753,615.925,0,45.2644,22.2351,1.49123
6313,129.899,116.839,525.649,347.656,630.309,334.14,0,73.0243,56.8744,1.77884
6314,22.3,28.5193,258.276,212.362,249.804,185.137,0,17.8246,4.47549,1.25109
6315,266.307,230.812,352.06,367.587,349.849,174.661,0,144.258,122.049,1.84605
6316,23.0001,25.8039,613.036,321.236,630.348,334.154,0,16.1274,6.87261,1.42614
6317,86.5993,118.308,225.76,707.062,149.458,693.296,0,73.9425,12.6568,1.17117
6318,202.703,163.462,290.31,614.842,144.82,616.181,0,102.164,100.539,1.9841
6319,140.599,127.04,250.118,302.882,250.862,184.701,0,79.3998,61.1995,1.77078
6320,8.6,9.83722,603.613,614.006,613.232,612.856,0,6.14826,2.45174,1.39877
6321,127.899,102.54,219.176,281.007,248.401,184.835,0,64.0875,63.8111,1.99569
6322,73.5994,67.0917,588.925,662.1,613.174,612.704,0,41.9323,31.6671,1.7552
6323,28.4001,29.3403,407.39,107.238,405.874,78.2042,0,18.3377,10.0624,1.54873
6324,47.8998,59.0848,196.757,672.284,149.6,693.227,0,36.928,10.9718,1.29711
6325,268.507,319.477,321.237,487.378,139.937,611.138,0,199.673,68.834,1.34473
6326,177.902,128.258,498.972,590.578,613.302,612.526,0,80.161,97.7407,2.2193
6327,362.713,195.591,386.06,458.551,540.406,443.698,1,122.244,240.469,2.96712
6328,17.4,16.3799,635.285,207.389,647.937,197.814,0,10.2374,7.16262,1.69965
6329,52.6998,63.4221,610.619,236.761,648.222,198.017,0,39.6388,13.061,1.3295
6330,35.9,47.9732,325.669,771.95,312.717,818.024,0,29.9833,5.91674,1.19733
6331,0,0,651.675,190.517,651.675,190.517,0,0,0,0
6332,17.8,21.2531,629.854,207.797,648.387,198.104,0,13.2832,4.51682,1.34004
6333,125.399,119.181,221.732,605.121,144.74,615.718,0,74.488,50.9106,1.68347
6334,180.702,153.194,295.07,634.191,144.839,616.18,0,95.7462,84.9556,1.8873
6335,131.899,114.66,248.189,641.344,144.674,615.579,0,71.6623,60.2365,1.84056
6336,0,0,614.802,615.656,614.802,615.656,0,0,0,0
6337,10,12.6103,341.033,183.674,349.715,174.565,0,7.88141,2.11859,1.26881
6338,90.0992,116.056,552.235,197.152,647.786,191.66,0,72.5349,17.5643,1.24215
6339,362.713,184.89,422.839,493.483,548.936,453.669,1,115.556,247.156,3.13884
6340,34.6,27.4187,586.761,614.956,613.256,613.205,0,17.1367,17.4633,2.01906
6341,298.809,235.686,479.482,470.048,615.454,540.149,0,147.304,151.505,2.02852
6342,32.1001,42.0401,579.08,736.631,612.363,752.301,0,26.2751,5.825,1.22169
6343,42.1999,38.7841,105.119,398.351,67.6648,404.808,0,24.24,17.9599,1.74092
6344,104.199,102.399,523.02,595.274,613.188,612.793,0,63.9994,40.1996,1.62813
6345,118.299,148.291,277.815,700.639,149.466,693.284,0,92.6816,25.6171,1.2764
6346,187.102,151.172,192.595,313.358,249.571,185.225,0,94.4827,92.6195,1.98028
6347,120.299,121.311,544.072,688.693,612.375,752.049,0,75.8195,44.4793,1.58665
6348,172.801,160.354,183.152,474.086,139.557,611.245,0,100.221,72.5799,1.7242
6349,230.805,183.263,207.698,340.145,67.6987,404.92,0,114.54,116.265,2.01507
6350,52.0998,59.5957,561.311,738.552,612.385,752.061,0,37.2473,14.8525,1.39875
6351,297.309,219.224,457.357,332.399,356.228,173.256,0,137.015,160.294,2.1699
6352,136.799,132.79,532.95,140.403,653.54,129.955,0,82.9939,53.8053,1.6483
6353,15.9,17.2446,596.002,613.32,613.189,612.766,0,10.7779,5.12213,1.47524
6354,287.608,231.589,507.633,476.796,615.612,539.634,0,144.743,142.865,1.98702
6355,189.702,139.928,534.796,562.188,613.206,612.688,0,87.4551,102.247,2.16914
6356,70.9995,69.0909,592.133,686.917,612.396,752.059,0,43.1818,27.8177,1.6442
6357,5.6,5.03293,641.78,192.934,646.588,194.366,0,3.14558,2.45442,1.78027
6358,79.1994,100.689,237.689,742.971,152.572,701.798,0,62.9304,16.269,1.25852
6359,30.8001,38.809,301.244,790.561,312.046,818.235,0,24.2556,6.54448,1.26981
6360,124.299,118.054,246.321,645.37,144.799,615.984,0,73.7835,50.5151,1.68464
6361,275.608,191.321,224.529,430.82,67.6683,405.514,0,119.575,156.032,2.30488
6362,223.604,127.066,224.78,305.089,248.756,184.955,0,79.416,144.188,2.81561
6363,343.312,203.051,438.734,638.647,613.188,612.819,0,126.907,216.405,2.70523
6364,203.003,157.25,277.552,603.67,144.744,615.64,0,98.2812,104.722,2.06553
6365,100.699,104.607,220.475,652.02,144.732,615.565,0,65.3794,35.3196,1.54023
6366,222.204,225.918,499.346,500.751,615.516,540.031,0,141.199,81.0058,1.5737
6367,84.0993,99.5609,522.512,762.335,611.115,755.174,0,62.2256,21.8737,1.35152
6368,44.7999,61.1788,204.767,625.589,144.801,615.959,0,38.2368,6.56314,1.17164
6369,221.404,257.958,283.047,515.199,139.857,611.11,0,161.224,60.1803,1.37327
6370,44.9999,39.2878,579.314,596.89,613.306,612.374,0,24.5549,20.445,1.83263
6371,186.902,216.444,434.261,679.695,313.228,818.184,0,135.277,51.6248,1.38162
6372,348.812,274.824,430.937,425.954,615.469,539.881,0,171.765,177.047,2.03075
6373,357.213,225.409,429.049,622.265,613.201,612.822,0,140.88,216.332,2.53557
6374,208.504,156.742,525.683,548.061,613.191,612.606,0,97.964,110.539,2.12837
6375,235.205,199.573,477.743,396.238,630.309,334.058,0,124.733,110.472,1.88567
6376,0,0,651.627,199.238,651.627,199.238,0,0,0,0
6377,181.902,171.185,304,646.083,144.753,616.181,0,106.99,74.9116,1.70017
6378,208.404,254.07,326.393,388.624,251.422,184.536,0,158.793,49.61,1.31242
6379,271.507,204.677,233.805,429.757,67.7197,405.57,0,127.923,143.584,2.12242
6380,186.902,152.979,286.158,624.301,144.749,615.689,0,95.612,91.2902,1.9548
6381,362.713,248.056,455.782,468.58,604.777,540.48,1,155.035,207.678,2.33955
6382,18.3,23.8055,175.742,709.407,153.734,700.34,0,14.8784,3.42162,1.22997
6383,310.11,231.183,502.796,477.516,615.621,539.69,0,144.489,165.621,2.14625
6384,159.701,155.098,391.037,263.432,355.595,174.357,0,96.9363,62.7643,1.64748
6385,121.199,164.333,550.796,253.356,648.001,198.017,0,102.708,18.4906,1.18003
6386,180.402,157.061,349.966,305.526,349.695,174.705,0,98.1633,82.2385,1.83777
6387,182.002,124.058,218.786,303.356,248.99,185.033,0,77.5362,104.466,2.34731
6388,200.603,190.149,215.967,479.574,139.936,611.156,0,118.843,81.7601,1.68797
6389,158.4,142.917,580.905,395.723,630.255,334.084,0,89.3231,69.0773,1.77334
6390,98.4991,125.415,553.909,188.332,648.161,191.013,0,78.3841,20.115,1.25662
6391,123.099,107.013,264.145,289.139,249.994,185.01,0,66.883,56.2157,1.84051
6392,260.007,246.449,371.754,389.323,349.475,174.502,0,154.031,105.976,1.68802
6393,51.3998,37.6683,229.39,214.791,248.285,184.834,0,23.5427,27.8571,2.18326
6394,23.2001,21.4991,271.919,193.344,253.192,183.343,0,13.437,9.76309,1.72658
6395,168.601,164.475,283.115,667.697,144.781,616.054,0,102.797,65.8044,1.64014
6396,211.104,209.6,329.205,603.003,144.83,616.078,0,131,80.1035,1.61148
6397,108.499,120.283,590.268,443.749,615.466,539.776,0,75.1768,33.3221,1.44325
6398,276.508,208.215,490.71,250.723,356.226,173.435,0,130.134,146.373,2.12479
6399,151.3,174.265,512.422,202.389,648.014,191.199,0,108.915,42.3846,1.38915
6400,225.405,169.73,272.44,338.172,251.134,184.647,0,106.081,119.323,2.12483
6401,320.81,205.612,459.758,672.158,613.175,612.764,0,128.508,192.303,2.49643
6402,95.2991,82.6985,585.765,675.873,612.329,752.121,0,51.6866,43.6125,1.84379
6403,70.2995,77.7739,149.724,534.21,139.872,611.08,0,48.6087,21.6908,1.44623
6404,184.302,147.69,449.218,248.67,356.073,173.462,0,92.3064,91.9957,1.99663
6405,151.2,122.335,261.385,629.725,144.7,615.715,0,76.4593,74.7408,1.97752
6406,122.199,117.004,189.435,259.854,248.332,184.829,0,73.1273,49.0714,1.67104
6407,68.5995,78.6265,355.22,198.869,349.719,174.651,0,49.1416,19.458,1.39596
6408,354.212,226.5,458.305,374.338,630.253,334.064,0,141.562,212.65,2.50216
6409,132.399,119.379,421.205,245.09,356.162,173.295,0,74.6119,57.787,1.7745
6410,39.1,49.7664,312.551,775.793,312.692,818.011,0,31.104,7.99598,1.25707
6411,69.0995,88.3768,332.635,732.63,312.462,817.996,0,55.2355,13.864,1.251
6412,298.809,207.482,473.682,386.973,630.274,334.091,0,129.677,169.132,2.30426
6413,248.606,307.882,332.631,438.191,250.891,184.73,0,192.426,56.1798,1.29195
6414,280.808,219.658,485.837,255.491,356.062,173.455,0,137.286,143.521,2.04542
6415,187.802,139.769,519.674,655.351,613.303,612.471,0,87.3555,100.447,2.14986
6416,362.713,239.744,369.532,509.452,548.181,447.973,1,149.84,212.873,2.42067
6417,163.501,123.999,531.872,657.923,613.156,613.005,0,77.4991,86.0017,2.10971
6418,218.204,161.185,276.88,601.579,144.756,615.765,0,100.74,117.464,2.166
6419,145.6,187.037,295.067,718.428,149.581,693.172,0,116.898,28.7018,1.24553
6420,231.905,285.511,282.302,492.599,140.199,611.234,0,178.444,53.4606,1.29959
6421,16.3,21.0806,615.062,283.94,635.889,282.416,0,13.1754,3.12463,1.23716
6422,97.2991,107.184,228.144,650.366,144.846,616.006,0,66.9897,30.3094,1.45245
6423,323.01,263.686,287.965,441.85,67.6642,405.582,0,164.804,158.207,1.95997
6424,87.1992,89.2835,269.713,270.436,250.011,184.969,0,55.8022,31.3971,1.56265
6425,39.4,40.5871,604.511,286.923,635.939,282.479,0,25.3669,14.033,1.5532
6426,126.599,116.956,187.987,260.178,248.349,184.83,0,73.0974,53.5012,1.73192
6427,91.3992,92.5735,562.104,124.712,653.553,130.048,0,57.8584,33.5408,1.5797
6428,362.713,260.32,408.598,523.861,584.183,464.484,1,162.7,200.013,2.22934
6429,72.3995,76.6262,313.665,222.844,349.78,174.713,0,47.8914,24.5081,1.51174
6430,0.8,0.227864,410.62,72.2656,410.406,72.3428,0,0.142415,0.657585,5.61739
6431,201.903,203.855,249.986,502.283,139.873,611.127,0,127.409,74.4939,1.58468
6432,95.7991,130.923,331.332,695.651,312.391,818.093,0,81.8267,13.9724,1.17076
6433,64.1996,53.6196,120.565,401.533,67.6625,405.469,0,33.5122,30.6874,1.91571
6434,114.799,116.755,538.673,123.529,653.543,129.954,0,72.9718,41.8271,1.5732
6435,142.7,119.742,414.651,239.257,355.694,174.346,0,74.8385,67.861,1.90677
6436,152.8,165.855,537.682,463.773,615.453,540.202,0,103.66,49.1404,1.47406
6437,6.5,5.62458,349.933,180.641,351.513,175.376,0,3.51536,2.98463,1.84903
6438,2.1,1.2525,657.644,194.851,656.411,194.633,0,0.78281,1.31719,2.68264
6439,227.805,309.403,393.326,565.224,312.652,817.976,0,193.377,34.4279,1.17804
6440,18.7,17.6192,156.854,610.515,144.679,615.643,0,11.012,7.68804,1.69815
6441,10.9,11.3526,358.423,185.565,354.208,175.028,0,7.09538,3.80463,1.53621
6442,210.804,153.841,279.849,324.038,250.545,184.837,0,96.1504,114.653,2.19244
6443,249.706,191.27,286.015,345.06,250.43,184.873,0,119.544,130.162,2.08882
6444,301.609,232.382,468.101,255.272,355.611,174.439,0,145.239,156.37,2.07664
6445,42.0999,48.6883,192.613,624.261,144.794,615.952,0,30.4302,11.6697,1.38349
6446,84.5993,94.7262,571.755,156.077,653.475,130.044,0,59.2039,25.3954,1.42895
6447,37.2,32.2201,266.565,212.54,252.823,183.934,0,20.1376,17.0624,1.84729
6448,9.9,11.2605,153.668,682.665,150.583,693.494,0,7.03781,2.86219,1.40669
6449,282.808,323.828,323.212,485.337,139.935,611.111,0,202.393,80.4154,1.39732
6450,61.7996,74.7818,554.851,784.276,611.233,754.957,0,46.7386,15.061,1.32224
6451,114.499,104.271,167.218,389.119,67.7118,404.871,0,65.1695,49.3293,1.75694
6452,261.807,204.896,477.184,274.092,355.864,174.048,0,128.06,133.747,2.04441
6453,120.999,108.817,155.661,504.877,139.662,611.139,0,68.0105,52.9882,1.77912
6454,30.7001,29.4,240.193,212.787,249.331,185.201,0,18.375,12.3251,1.67075
6455,187.502,139.561,296.416,300.139,250.933,184.716,0,87.2256,100.277,2.14962
6456,208.104,143.77,492.118,649.875,613.243,613.049,0,89.8565,118.247,2.31595
6457,57.5997,65.0889,564.377,782.519,611.148,755.013,0,40.6806,16.9191,1.4159
6458,175.502,183.727,229.797,537.779,140.215,611.172,0,114.829,60.6724,1.52837
6459,362.713,100.53,601.787,289.145,609.842,284.535,1,62.8311,299.882,5.77283
6460,173.401,188.294,513.412,224.441,647.866,191.514,0,117.683,55.7179,1.47346
6461,147.7,140.996,224.87,583.23,144.827,616.086,0,88.1223,59.5775,1.67608
6462,233.005,164.613,196.983,437.773,67.7392,405.511,0,102.883,130.122,2.26476
6463,115.799,103.549,263.081,284.774,249.783,185.14,0,64.7184,51.0804,1.78927
6464,201.903,171.723,430.619,294.282,356.194,173.356,0,107.327,94.5761,1.8812
6465,27.9001,27.1558,265.134,207.129,252.484,184.019,0,16.9724,10.9277,1.64385
6466,51.1998,55.1638,597.093,700.107,612.323,752.074,0,34.4774,16.7224,1.48503
6467,64.1996,65.4464,286.882,789.959,310.902,818.722,0,40.904,23.2956,1.56952
6468,316.21,167.124,455.594,599.307,613.249,612.96,0,104.453,211.757,3.02731
6469,33.1001,41.6527,187.281,704.03,153.451,700.827,0,26.0329,7.06715,1.27147
6470,246.606,183.598,251.204,348.831,248.273,184.844,0,114.749,131.857,2.14909
6471,175.702,138.693,467.175,205.539,355.814,174.113,0,86.683,89.0185,2.02694
6472,7.6,7.83588,257.195,190.067,253.019,183.579,0,4.89742,2.70257,1.55184
6473,100.099,92.7816,158.317,545.583,139.622,611.25,0,57.9885,42.1106,1.72619
6474,151.8,132.825,247.342,309.117,249.947,185,0,83.0155,68.7846,1.82858
6475,212.804,173.563,171.619,320.007,67.6759,404.922,0,108.477,104.327,1.96174
6476,55.2997,67.147,409.063,144.899,405.941,78.2047,0,41.9669,13.3329,1.3177
6477,279.108,198.121,255.039,387.551,67.6715,405.487,0,123.826,155.282,2.25404
6478,299.309,166.196,496.188,635.447,613.23,612.85,0,103.873,195.437,2.8815
6479,70.1995,67.9902,584.927,692.284,612.213,752.577,0,42.4939,27.7056,1.65199
6480,7.79999,8.47786,75.9716,406.977,67.8327,405.073,0,5.29866,2.50133,1.47207
6481,102.699,128.521,579.79,284.195,648.064,198.042,0,80.3258,22.3732,1.27853
6482,19,23.9329,327.747,183.65,349.924,174.794,0,14.9581,4.04197,1.27022
6483,192.503,151.173,190.434,313.104,248.737,184.9,0,94.4828,98.0197,2.03743
6484,58.6997,77.663,197.474,646.015,149.696,693.157,0,48.5394,10.1603,1.20932
6485,87.7992,87.6743,225.281,265.358,249.095,185.141,0,54.7965,33.0028,1.60228
6486,30.4001,33.8226,618.743,201.545,647.981,197.814,0,21.1391,9.26095,1.4381
6487,46.2999,58.0405,181.159,590.064,144.797,616,0,36.2753,10.0245,1.27635
6488,285.508,156.723,543.376,552.323,613.238,612.774,0,97.9522,187.556,2.91477
6489,126.799,153.314,316.713,688.147,312.274,818.121,0,95.8214,30.9772,1.32328
6490,156.9,131.075,282.318,292.571,250.885,184.722,0,81.9221,74.9783,1.91524
6491,362.713,281.57,403.524,580.663,567.395,617.664,1,175.981,186.731,2.06109
6492,362.713,285.209,402.42,579.858,579.521,617.26,1,178.256,184.457,2.03479
6493,171.201,139.55,475.072,156.167,356.101,173.446,0,87.2185,83.9827,1.9629
6494,212.204,161.523,480.188,649.795,613.222,612.556,0,100.952,111.252,2.10203
6495,39.7,32.33,234.714,213.181,248.725,184.931,0,20.2063,19.4937,1.96474
6496,75.9994,82.4235,225.852,627.82,144.756,615.837,0,51.5147,24.4847,1.4753
6497,29.7001,24.8835,593.872,620.28,613.272,613.226,0,15.5522,14.1479,1.90971
6498,134.199,141.548,605.524,448.672,615.667,539.575,0,88.4674,45.7316,1.51693
6499,163.301,165.412,527.482,440.207,615.478,540.217,0,103.382,59.9185,1.57958
6500,307.51,289.36,378.065,424.805,349.553,174.646,0,180.85,126.659,1.70035
6501,236.505,165.458,192.574,330.874,248.768,185.027,0,103.411,133.094,2.28704
6502,2.1,1.055,612.158,613.155,613.156,612.976,0,0.659374,1.44063,3.18484
6503,277.008,188.041,236.231,372.996,67.6776,404.881,0,117.526,159.482,2.357
6504,136.599,105.532,213.883,255.301,248.226,184.712,0,65.9573,70.6418,2.07102
6505,187.202,147.817,439.604,260.269,355.644,174.381,0,92.3856,94.8167,2.02631
6506,43.8999,44.5871,602.409,290.54,635.753,282.345,0,27.8669,16.033,1.57534
6507,334.811,270.42,463.885,487.864,613.226,612.617,0,169.012,165.799,1.98099
6508,24.8001,26.3685,615.804,274.595,635.967,282.566,0,16.4803,8.31973,1.50483
6509,158,116.484,510.426,641.313,613.159,612.635,0,72.8022,85.1982,2.17027
6510,54.5997,59.6472,612.763,155.496,653.502,130.048,0,37.2795,17.3202,1.46461
6511,93.7991,120.167,355.411,707.574,313.109,818.09,0,75.1042,18.695,1.24892
6512,115.699,126.691,511.939,730.638,611.968,753.062,0,79.1816,36.5172,1.46118
6513,263.907,283.905,347.108,540.989,144.716,616.293,0,177.441,86.466,1.48729
6514,31.3001,42.227,597.71,713.534,612.211,752.473,0,26.3919,4.90821,1.18597
6515,249.606,189.215,212.438,447.519,67.6589,405.482,0,118.259,131.347,2.11067
6516,59.0997,58.115,571.392,635.979,613.335,612.39,0,36.3219,22.7778,1.62711
6517,124.299,146.986,543.075,177.69,648.035,191.186,0,91.8662,32.4325,1.35304
6518,162.501,110.784,213.447,249.177,248.224,184.744,0,69.24,93.2607,2.34692
6519,293.409,257.984,347.525,563.018,144.745,615.562,0,161.24,132.168,1.8197
6520,102.799,107.855,298.257,728.316,311.944,818.256,0,67.4093,35.3897,1.525
6521,200.003,194.808,196.135,506.268,139.949,611.082,0,121.755,78.2483,1.64267
6522,114.499,104.512,292.175,739.172,311.461,818.472,0,65.3199,49.1789,1.75289
6523,5.7,5.65907,352.189,181.333,352.348,175.687,0,3.53692,2.16308,1.61157
6524,85.3993,85.9789,152.18,395.119,67.7645,405.301,0,53.7368,31.6625,1.58921
6525,8.2,7.51814,351.116,183.094,352.446,175.748,0,4.69883,3.50116,1.74511
6526,141.299,111.493,176.807,404.829,67.7345,405.505,0,69.6829,71.6165,2.02775
6527,12,11.503,599.163,803.695,606.788,810.721,0,7.18939,4.81062,1.66913
6528,39.8,45.1546,609.323,135.864,653.482,130.047,0,28.2216,11.5783,1.41027
6529,282.008,219.051,240.814,440.947,67.6877,405.567,0,136.907,145.101,2.05986
6530,32.6001,37.3434,259.474,220.919,249.792,185.103,0,23.3396,9.26044,1.39677
6531,362.713,331.545,363.94,471.616,348.588,176.439,1,207.216,155.497,1.75041
6532,199.903,172.626,217.146,352.269,67.7248,404.795,0,107.891,92.0116,1.85282
6533,80.6993,73.5019,588.528,669.588,613.214,612.788,0,45.9387,34.7607,1.75668
6534,267.207,186.073,216.13,433.039,67.7077,405.456,0,116.296,150.911,2.29765
6535,203.903,171.133,288.508,333.173,251.36,184.534,0,106.958,96.945,1.90638
6536,127.299,137.512,143.435,474.153,67.7354,405.448,0,85.9453,41.3534,1.48116
6537,245.606,161.776,524.692,546.375,613.256,612.527,0,101.11,144.496,2.42909
6538,220.904,160.879,178.42,305.554,248.622,184.888,0,100.549,120.355,2.19698
6539,72.1995,75.1755,190.603,601.67,144.773,615.925,0,46.9847,25.2148,1.53666
6540,245.306,161.364,487.014,210.021,356.18,173.279,0,100.853,144.453,2.43232
6541,253.706,163.303,458.071,599.581,613.184,612.592,0,102.064,151.642,2.48575
6542,289.308,272.897,287.603,451.638,67.8169,404.985,0,170.561,118.748,1.69622
6543,264.807,190.67,499.614,538.641,613.327,612.534,0,119.169,145.638,2.22212
6544,231.505,158.375,488.995,157.525,356.153,173.436,0,98.9845,132.52,2.3388
6545,362.713,87.2704,472.365,336.433,471.346,329.549,1,54.544,308.169,6.64992
6546,137.099,129.988,352.167,271.652,349.788,174.698,0,81.2426,55.8565,1.68753
6547,58.6997,41.4768,254.222,226.53,249.892,185.105,0,25.923,32.7767,2.26439
6548,131.199,116.415,522.605,337.411,630.355,334.071,0,72.7592,58.4396,1.80319
6549,115.999,135.85,350.286,690.622,312.718,817.956,0,84.9066,31.0922,1.36619
6550,335.711,285.693,425.987,415.138,630.378,334.143,0,178.558,157.153,1.88013
6551,329.611,257.461,426.138,392.325,630.251,334.05,0,160.913,168.698,2.04837
6552,228.505,169.901,171.513,311.014,248.674,184.913,0,106.188,122.317,2.15189
6553,128.199,129.023,526.152,708.208,612.153,752.443,0,80.6394,47.5592,1.58978
6554,85.4993,84.4096,553.778,332.311,630.336,333.935,0,52.756,32.7432,1.62065
6555,167.601,199.832,418.707,684.831,313.089,818.085,0,124.895,42.706,1.34194
6556,251.306,199.483,404.017,309.41,356.179,173.217,0,124.677,126.629,2.01566
6557,303.009,291.897,392.845,415.459,349.664,174.664,0,182.436,120.574,1.66091
6558,206.603,186.726,362.226,333.023,350.01,174.808,0,116.704,89.8995,1.77032
6559,156,106.497,215.413,252.145,248.27,184.805,0,66.5603,89.44,2.34374
6560,250.806,192.798,300.405,344.43,250.658,184.802,0,120.499,130.307,2.0814
6561,28.9001,25.1093,92.3383,402.473,67.6997,404.801,0,15.6933,13.2068,1.84155
6562,362.713,236.577,369.203,510.071,542.323,443.913,1,147.86,214.852,2.45308
6563,129.499,123.189,256.78,645.484,144.835,616.139,0,76.9931,52.5056,1.68195
6564,238.205,185.482,229.921,351.216,249.479,185.212,0,115.926,122.279,2.0548
6565,247.906,345.46,407.955,538.298,312.647,818.056,0,215.913,31.9932,1.14818
6566,362.713,172.793,422.657,403.697,527.768,376.654,1,107.996,254.717,3.35858
6567,357.713,325.131,356.477,466.252,349.985,174.766,0,203.207,154.506,1.76034
6568,106.399,133.529,541.923,187.086,647.602,191.883,0,83.4558,22.9432,1.27491
6569,236.605,174.057,268.566,338.679,250.565,184.81,0,108.786,127.819,2.17496
6570,103.499,104.14,551.096,665.993,613.238,612.83,0,65.0877,38.4113,1.59015
6571,122.899,127.548,527.108,118.838,653.465,129.95,0,79.7177,43.181,1.54167
6572,135.199,120.412,128.613,511.465,139.61,611.255,0,75.2577,59.9413,1.79648
6573,232.705,287.946,309.261,516.62,139.947,611.132,0,179.967,52.7385,1.29305
6574,89.6992,108.873,579.149,446.078,615.609,539.575,0,68.0458,21.6534,1.31822
6575,95.3991,86.1477,540.617,601.155,613.159,612.77,0,53.8423,41.5568,1.77182
6576,362.713,277.156,426.838,416.514,615.27,334.057,1,173.223,189.49,2.09391
6577,267.107,205.648,287.872,366.642,249.844,185.136,0,128.53,138.577,2.07817
6578,345.112,300.076,413.861,409.322,349.825,174.657,0,187.548,157.564,1.84013
6579,29.4001,41.3254,190.882,717.247,152.667,701.754,0,25.8284,3.5717,1.13829
6580,41.9999,54.2642,177.439,657.033,149.73,693.238,0,33.9151,8.08484,1.23838
6581,117.899,161.931,539.566,286.96,648.023,197.994,0,101.207,16.6919,1.16493
6582,142.6,139.665,350.315,289.452,349.661,174.701,0,87.2909,55.3086,1.63361
6583,29.8001,35.6069,408.848,113.407,405.919,78.1443,0,22.2543,7.54579,1.33907
6584,53.8997,52.5112,601.628,131.942,653.487,129.955,0,32.8195,21.0802,1.64231
6585,49.5998,62.6405,185.529,589.733,144.819,616.123,0,39.1503,10.4495,1.26691
6586,358.213,282.139,425.127,416.027,630.35,334.134,0,176.337,181.876,2.03141
6587,213.404,253.174,399.146,631.152,313.201,818.233,0,158.234,55.1703,1.34866
6588,328.111,306.848,358.821,451.297,349.88,174.746,0,191.78,136.331,1.71087
6589,278.608,212.212,278.571,377.996,249.071,185.141,0,132.633,145.975,2.1006
6590,137.299,120.254,422.563,245.988,355.76,174.256,0,75.1585,62.1407,1.8268
6591,209.104,167.008,500.682,362.005,630.278,334.079,0,104.38,104.724,2.00329
6592,133.699,122.008,178.751,260.934,248.994,185.032,0,76.2549,57.4441,1.75332
6593,166.001,167.312,364.315,307.762,349.836,174.68,0,104.57,61.4308,1.58746
6594,24.5001,23.6475,249.435,208.988,249.641,185.248,0,14.7797,9.72034,1.65768
6595,7.6,6.65099,629.57,283.85,635.992,282.749,0,4.15687,3.44312,1.8283
6596,29.8001,38.1946,314.075,186.283,349.841,174.678,0,23.8716,5.92846,1.24835
6597,268.007,229.522,273.503,396.059,249.995,185.023,0,143.451,124.556,1.86828
6598,193.603,145.712,194.324,305.482,248.557,184.895,0,91.07,102.533,2.12587
6599,186.402,98.2174,184.612,655.617,149.731,693.209,0,61.3859,125.016,3.03657
6600,362.713,233,378.244,513.829,547.536,446.514,1,145.625,217.088,2.49073
6601,159.301,131.403,281.076,291.734,249.816,185.133,0,82.1268,77.1738,1.93969
6602,23.3001,25.2689,144.428,669.383,149.745,693.176,0,15.793,7.50702,1.47534
6603,207.303,221.994,332.444,371.867,250.869,184.709,0,138.747,68.5569,1.49412
6604,131.799,130.767,579.925,380.949,630.304,334.053,0,81.7291,50.0697,1.61263
6605,24.5001,28.8181,320.463,790.435,312.781,817.98,0,18.0113,6.48872,1.36026
6606,195.003,156.236,444.776,149.703,356.191,173.448,0,97.6476,97.3551,1.997
6607,115.399,116.719,538.109,121.954,653.507,130.046,0,72.9491,42.4497,1.58191
6608,49.9998,61.0096,146.032,550.881,139.856,611.164,0,38.131,11.8688,1.31126
6609,61.1996,68.599,589.676,220.905,647.815,197.587,0,42.8744,18.3252,1.42742
6610,158.4,132.643,296.095,292.842,250.939,184.582,0,82.9017,75.4988,1.9107
6611,24.1001,26.796,381.958,171.278,355.868,173.933,0,16.7475,7.35255,1.43902
6612,272.607,321.91,323.407,490.486,139.941,611.08,0,201.194,71.4138,1.35495
6613,151.7,145.331,272.204,614.65,144.795,616.08,0,90.8316,60.8685,1.67012
6614,113.399,130.708,296.597,290.586,250.589,184.782,0,81.6925,31.7063,1.38812
6615,29.1001,31.8002,613.512,296.992,635.874,282.389,0,19.8751,9.22495,1.46415
6616,26.9001,28.5453,143.861,665.858,149.674,693.243,0,17.8408,9.05926,1.50778
6617,303.609,226.377,477.277,424.584,630.344,334.071,0,141.485,162.124,2.14587
6618,275.408,286.165,349.105,537.641,144.708,616.335,0,178.853,96.5545,1.53985
6619,130.599,116.967,268.908,296.999,250.588,184.778,0,73.1041,57.4946,1.78648
6620,54.7997,40.8212,576.395,622.086,613.348,613.193,0,25.5132,29.2865,2.1479
6621,361.413,271.368,427.337,428.928,615.678,539.755,0,169.605,191.808,2.13091
6622,3.4,2.57769,600.624,830.846,603.01,831.818,0,1.61106,1.78894,2.11042
6623,82.3993,85.5931,318.519,232.677,349.885,174.723,0,53.4957,28.9036,1.5403
6624,295.109,215.439,472.225,377.142,630.344,334.145,0,134.649,160.46,2.19169
6625,17.7,21.5044,599.434,735.639,612.228,752.44,0,13.4402,4.25981,1.31695
6626,362.713,314.697,438.275,528.482,581.755,617.375,1,196.685,166.027,1.84413
6627,155,147.651,276.491,653.643,144.758,616.158,0,92.2821,62.7181,1.67963
6628,332.011,284.784,301.495,453.393,67.7048,405.579,0,177.99,154.021,1.86534
6629,306.009,244.796,275.415,414.349,67.7214,404.889,0,152.998,153.012,2.00009
6630,250.706,226.985,369.493,375.014,349.949,174.831,0,141.866,108.84,1.76721
6631,216.504,147.124,150.567,440.248,67.6748,405.522,0,91.9527,124.551,2.35451
6632,95.2991,102.349,221.215,753.549,152.833,701.849,0,63.9681,31.331,1.48979
6633,47.1999,30.3116,593.997,627.408,613.227,612.985,0,18.9447,28.2551,2.49145
6634,342.012,302.243,315.164,441.497,67.7413,405.595,0,188.902,153.11,1.81053
6635,267.007,240.288,349.702,378.543,349.902,174.764,0,150.18,116.827,1.77791
6636,0,0,144.258,616.381,144.258,616.381,0,0,0,0
6637,195.103,189.159,396.363,298.384,355.649,174.327,0,118.225,76.8781,1.65027
6638,122.299,131.515,130.428,482.845,67.8485,405.427,0,82.197,40.1017,1.48787
6639,362.713,251.733,424.619,594.712,595.033,613.268,1,157.333,205.38,2.30538
6640,13.1,13.2566,262.366,193.096,253.215,183.447,0,8.28539,4.81463,1.5811
6641,15.5,17.7248,414.398,93.6569,408.693,77.1053,0,11.078,4.42204,1.39917
6642,6.3,6.59653,150.899,618.55,144.657,616.431,0,4.12283,2.17716,1.52807
6643,124.399,127.132,350.038,271.673,350.095,174.841,0,79.4572,44.9415,1.56561
6644,211.604,166.105,290.123,611.804,144.748,615.706,0,103.816,107.788,2.03826
6645,206.803,145.062,279.562,317.277,250.242,185.038,0,90.6639,116.14,2.28099
6646,35.3,36.3937,590.626,778.273,611.059,755.418,0,22.7461,12.554,1.55192
6647,226.105,306.016,390.133,564.789,312.611,818.035,0,191.26,34.8445,1.18218
6648,81.3993,83.4924,228.245,264.971,248.866,184.994,0,52.1828,29.2166,1.55989
6649,307.41,270.173,392.874,393.074,350.116,174.781,0,168.858,138.552,1.82052
6650,137.799,156.32,494.741,711.107,611.899,753.142,0,97.6998,40.0994,1.41044
6651,44.8999,52.4538,586.696,522.703,615.583,540.41,0,32.7836,12.1163,1.36958
6652,79.1994,79.2345,145.94,400.179,67.7313,404.782,0,49.5216,29.6778,1.59929
6653,122.899,114.192,524.822,350.957,630.267,334.079,0,71.3698,51.5289,1.722
6654,362.713,261.052,424.989,550.519,563.969,617.427,1,163.157,199.556,2.22309
6655,362.513,283.01,413.39,439.021,615.655,539.601,0,176.881,185.631,2.04947
6656,131.899,148.388,546.048,441.158,615.553,540.176,0,92.7425,39.1564,1.42221
6657,163.501,144.719,180.219,351.552,67.6781,405.58,0,90.4492,73.0516,1.80765
6658,219.604,266.163,284.573,507.607,139.775,611.142,0,166.352,53.2521,1.32012
6659,245.206,148.088,183.332,438.358,67.6462,405.515,0,92.5552,152.651,2.64929
6660,143.6,127.064,425.924,248.895,355.641,174.445,0,79.4153,64.1843,1.80821
6661,53.1998,43.5758,235.782,226.096,249.188,185.079,0,27.2349,25.9649,1.95337
6662,128.699,116.562,259.016,296.876,249.932,185.136,0,72.8515,55.8472,1.76659
6663,20.3,23.6122,413.81,100.348,406.863,77.7923,0,14.7576,5.54244,1.37556
6664,58.0997,44.9521,219.341,206.611,248.761,184.996,0,28.0951,30.0046,2.06797
6665,18.9,19.5886,599.364,550.963,616.939,543.376,0,12.2429,6.65714,1.54375
6666,201.203,178.596,415.874,295.707,355.648,174.402,0,111.623,89.5805,1.80253
6667,102.299,122.284,565.043,182.513,653.483,130.042,0,76.4275,25.8716,1.33851
6668,35,43.9575,415.229,120.56,405.918,78.2104,0,27.4734,7.52662,1.27396
6669,100.999,120.99,517.658,726.141,611.81,753.412,0,75.6188,25.3803,1.33563
6670,118.999,114.112,465.29,180.715,356.285,173.208,0,71.3199,47.6789,1.66852
6671,84.5993,92.0508,177.81,547.456,140.092,611.113,0,57.5317,27.0675,1.47048
6672,69.9995,62.521,608.544,646.865,613.2,612.848,0,39.0756,30.9239,1.79139
6673,320.21,261.879,425.659,359.059,356.057,173.558,0,163.674,156.536,1.95639
6674,3.8,2.98761,69.7205,408.116,66.8387,407.329,0,1.86726,1.93274,2.03507
6675,56.2997,46.9801,293.797,204.546,253.142,183.443,0,29.3626,26.9371,1.9174
6676,20.3,26.581,258.323,210.133,249.925,184.979,0,16.6131,3.6869,1.22193
6677,100.699,113.477,609.594,458.628,615.681,539.536,0,70.9234,29.7757,1.41983
6678,362.713,199.746,449.903,678.899,596.432,613.791,1,124.841,237.872,2.9054
6679,281.308,201.813,474.465,391.756,630.251,334.117,0,126.133,155.175,2.23024
6680,8.6,7.80869,640.954,201.227,647.995,197.877,0,4.88043,3.71957,1.76214
6681,74.1994,75.2818,548.534,743.715,611.909,753.165,0,47.0512,27.1483,1.577
6682,362.713,243.592,415.926,626.104,595.973,614.176,1,152.245,210.468,2.38243
6683,51.0998,62.112,269.266,243.774,250.382,184.95,0,38.82,12.2798,1.31633
6684,137.599,118.3,414.96,238.779,356.171,173.412,0,73.9375,63.6617,1.86102
6685,49.0998,33.1564,593.323,629.1,613.3,612.419,0,20.7227,28.3771,2.36937
6686,89.1992,89.0972,155.432,395.899,67.6869,404.87,0,55.6858,33.5134,1.60183
6687,34.4,38.8245,175.422,630.812,144.741,616.036,0,24.2653,10.1348,1.41767
6688,137.399,129.67,225.532,595.476,144.647,615.644,0,81.0436,56.3556,1.69537
6689,224.505,297.901,383.219,567.314,312.752,818.027,0,186.188,38.3161,1.20579
6690,309.31,203.854,473.989,386.911,630.306,334.142,0,127.408,181.901,2.4277
6691,152.4,134.273,277.363,637.535,144.777,615.824,0,83.9207,68.4794,1.816
6692,31.7001,37.3459,615.593,188.585,647.829,191.577,0,23.3412,8.35892,1.35812
6693,20.2,22.1527,330.802,185.231,349.569,174.641,0,13.8454,6.35462,1.45897
6694,33.7001,38.6044,301.763,791.722,312.079,818.236,0,24.1277,9.57233,1.39674
6695,190.902,237.889,322.001,377.406,251.414,184.495,0,148.68,42.222,1.28398
6696,176.202,110.065,202.312,260.553,248.405,184.786,0,68.7906,107.411,2.56142
6697,40.9999,52.4184,189.732,672.99,149.362,693.309,0,32.7615,8.23845,1.25147
6698,241.306,297.31,331.553,427.304,251.284,184.483,0,185.819,55.4868,1.29861
6699,175.402,139.243,170.973,352.41,67.7217,404.805,0,87.0272,88.3743,2.01548
6700,115.599,111.24,260.933,293.022,250.264,184.908,0,69.5249,46.0739,1.6627
6701,15.7,19.9701,259.228,202.717,251.145,184.458,0,12.4813,3.21872,1.25788
6702,7.5,7.83652,604.092,751.743,611.51,754.259,0,4.89783,2.60217,1.53129
6703,222.504,178.102,224.869,346.217,249.548,185.217,0,111.314,111.19,1.99889
6704,185.102,141.359,198.072,308.026,248.748,184.88,0,88.3492,96.7529,2.09512
6705,265.907,204.958,506.098,579.027,613.345,612.548,0,128.099,137.808,2.0758
6706,221.004,144.884,482.287,166.167,356.168,173.34,0,90.5525,130.452,2.44062
6707,62.0996,52.02,215.099,215.683,248.372,184.812,0,32.5125,29.5871,1.91002
6708,299.509,285.587,341.492,538.096,144.837,616.024,0,178.492,121.017,1.678
6709,32.8001,32.5371,140.266,663.296,149.306,693.353,0,20.3357,12.4644,1.61293
6710,362.713,68.5813,415.92,522.894,426.023,543.33,1,42.8633,319.85,8.46208
6711,29.1001,36.5483,616.233,214.264,648.39,198.103,0,22.8427,6.25737,1.27393
6712,112.299,146.081,387.072,707.126,313.19,818.216,0,91.3005,20.9984,1.22999
6713,19.6,22.3321,599.55,769.969,611.238,754.944,0,13.9575,5.6425,1.40426
6714,214.304,253.647,380.523,610.476,312.728,818.02,0,158.529,55.7746,1.35183
6715,44.6999,37.1563,104.079,399.782,67.7816,405.389,0,23.2227,21.4772,1.92484
6716,68.5995,79.7082,550.787,784.52,611.072,755.072,0,49.8176,18.7819,1.37701
6717,331.911,294.317,324.15,500.346,144.746,615.802,0,183.948,147.963,1.80438
6718,362.713,268.785,426.83,428.697,602.809,530.633,1,167.991,194.722,2.15913
6719,38.9,42.0898,119.977,584.619,139.94,611.14,0,26.3061,12.5939,1.47874
6720,191.402,156.45,520.597,390.771,630.321,334.099,0,97.781,93.6215,1.95746
6721,119.299,97.0256,234.033,277.48,249.044,185.005,0,60.641,58.6578,1.9673
6722,159.201,144.097,350.448,292.277,349.734,174.659,0,90.0606,69.1399,1.7677
6723,151.6,125.412,189.831,391.541,67.7022,404.879,0,78.3826,73.2174,1.9341
6724,246.306,164.811,202.556,431.882,67.673,405.495,0,103.007,143.299,2.39116
6725,64.1996,64.0224,160.106,563.644,139.931,611.171,0,40.014,24.1856,1.60443
6726,234.305,186.4,534.069,523.239,613.347,612.455,0,116.5,117.805,2.0112
6727,352.512,282.657,423.025,415.158,630.27,334.127,0,176.661,175.852,1.99542
6728,25.5001,28.4508,590.093,768.197,611.154,755.4,0,17.7817,7.71832,1.43406
6729,101.999,111.387,248.679,742.454,152.785,701.73,0,69.6172,32.3818,1.46514
6730,67.2995,71.7013,316.639,755.583,311.975,818.248,0,44.8133,22.4862,1.50178
6731,17,19.9165,375.645,174.761,355.943,173.913,0,12.4478,4.55222,1.3657
6732,160.301,136.359,518.968,568.875,613.154,612.628,0,85.2244,75.0762,1.88092
6733,78.6994,62.7932,299.969,767.718,311.221,818.629,0,39.2458,39.4536,2.0053
6734,247.306,313.387,330.334,441.691,251.154,184.532,0,195.867,51.4391,1.26262
6735,158.6,127.312,268.232,635.858,144.796,616.16,0,79.5697,79.0308,1.99323
6736,180.302,158.168,189.664,344.543,67.7335,404.815,0,98.8552,81.4466,1.8239
6737,147.7,167.891,310.59,714.79,312.254,818.119,0,104.932,42.768,1.40758
6738,197.103,176.154,417.871,294.976,355.606,174.391,0,110.096,87.0069,1.79028
6739,51.0998,68.4616,574.094,502.286,615.658,540.444,0,42.7885,8.3113,1.19424
6740,105.299,95.8076,215.89,263.551,248.564,184.813,0,59.8798,45.4192,1.75851
6741,49.0998,58.4667,593.654,697.587,612.258,752.056,0,36.5417,12.5581,1.34367
6742,249.206,191.788,287.511,344.006,248.452,184.846,0,119.867,129.339,2.07902
6743,125.899,146.516,274.182,690.717,149.504,693.214,0,91.5722,34.3264,1.37486
6744,246.506,165.513,500.557,160.193,356.173,173.259,0,103.446,143.06,2.38295
6745,137.999,142.753,523.003,693.842,612.375,751.91,0,89.2205,48.7788,1.54672
6746,59.5997,81.4854,548.254,798.58,602.373,833.285,0,50.9284,8.67128,1.17026
6747,163.801,118.483,212.658,243.011,248.593,184.898,0,74.0516,89.7492,2.21198
6748,59.2997,63.5378,564.685,730.628,612.107,752.654,0,39.7111,19.5886,1.49328
6749,324.311,292.391,347.817,420.457,349.721,174.67,0,182.745,141.566,1.77467
6750,97.1991,93.7704,160.045,395.023,67.7401,404.94,0,58.6065,38.5926,1.6585
6751,260.407,239.44,349.079,586.484,144.815,616.248,0,149.65,110.757,1.7401
6752,220.004,256.111,394.9,632.246,312.623,817.954,0,160.069,59.9348,1.37443
6753,123.999,115.064,221.955,763.118,152.762,701.706,0,71.915,52.0837,1.72424
6754,234.405,180.804,265.33,343.318,249.498,185.187,0,113.002,121.403,2.07434
6755,231.805,200.244,454.148,303.025,355.644,174.366,0,125.153,106.652,1.85218
6756,64.3996,45.5305,258.422,229.585,249.92,185.114,0,28.4565,35.9431,2.26309
6757,331.811,166.01,494.28,640.896,613.213,612.648,0,103.756,228.055,3.19799
6758,36,35.7537,579.321,817.957,602.435,833.339,0,22.3461,13.6539,1.61102
6759,362.713,255.218,448.767,479.287,605.638,537.888,1,159.512,203.201,2.2739
6760,101.599,94.3589,243.727,257.21,249.484,185.242,0,58.9743,42.6247,1.72277
6761,144.1,142.302,244.26,654.755,144.753,615.906,0,88.9387,55.1609,1.62021
6762,117.699,142.613,531.707,183.723,647.728,191.848,0,89.1332,28.5656,1.32048
6763,195.003,115.384,197.34,261.754,248.301,184.846,0,72.115,122.888,2.70405
6764,4.1,3.78305,598.666,832.638,602.362,833.412,0,2.36441,1.73559,1.73405
6765,93.9991,87.9309,401.903,211.13,355.592,174.347,0,54.9568,39.0423,1.71042
6766,37.1,46.208,305.86,186.529,349.739,174.712,0,28.88,8.22002,1.28463
6767,90.6992,79.0001,574.554,694.012,612.005,752.778,0,49.3751,41.3241,1.83694
6768,195.503,175.055,337.555,316.818,349.503,174.562,0,109.41,86.0931,1.78689
6769,72.1995,73.8156,593.604,187.709,648.263,190.869,0,46.1347,26.0647,1.56497
6770,263.907,193.349,215.298,449.723,67.6855,405.557,0,120.843,143.064,2.18388
6771,100.599,111.294,552.15,480.178,615.541,540.124,0,69.5587,31.0404,1.44625
6772,227.905,159.805,218.163,416.373,67.7634,405.092,0,99.878,128.027,2.28183
6773,34.5,43.0483,188.083,704.614,152.596,701.774,0,26.9052,7.59486,1.28228
6774,23.4001,20.1421,87.6902,403.538,67.8333,405.387,0,12.5888,10.8113,1.8588
6775,134.099,106.576,166.18,383.899,67.6691,404.936,0,66.6097,67.4893,2.01321
6776,50.9998,42.2777,110.083,402.004,67.7481,404.799,0,26.4236,24.5762,1.93009
6777,30.7001,36.3404,574.743,806.351,606.967,810.175,0,22.7128,7.9873,1.35167
6778,177.802,153.201,424.831,277.69,356.275,173.058,0,95.7509,82.0507,1.85692
6779,42.9999,33.2163,233.701,212.997,248.629,184.923,0,20.7602,22.2397,2.07127
6780,292.009,201.841,499.979,248.192,356.209,173.226,0,126.15,165.858,2.31477
6781,26.0001,23.7629,274.084,193.893,253.02,183.725,0,14.8518,11.1482,1.75063
6782,170.001,188.897,513.339,225.291,648.328,190.88,0,118.061,51.9405,1.43995
6783,95.4991,92.0988,145.767,521.732,139.64,611.166,0,57.5618,37.9374,1.65907
6784,55.5997,75.28,202.554,701.136,152.533,701.797,0,47.05,8.5497,1.18172
6785,19.4,15.3573,265.436,192.451,253.136,183.459,0,9.59831,9.80173,2.02119
6786,244.406,207.103,281.806,371.307,250.748,184.752,0,129.439,114.966,1.88819
6787,168.601,140.974,199.191,382.38,67.6921,404.832,0,88.1085,80.4926,1.91356
6788,90.1992,125.385,250.202,667.809,149.53,693.2,0,78.3654,11.8338,1.15101
6789,4,3.44011,359.283,174.835,356.16,173.394,0,2.15007,1.84993,1.86041
6790,79.7994,78.1645,195.479,643.882,144.847,616.053,0,48.8528,30.9465,1.63346
6791,349.312,240.609,434.671,607.028,613.212,612.778,0,150.38,198.932,2.32286
6792,131.199,139.274,109.092,495.717,67.7872,405.302,0,87.0461,44.1527,1.50723
6793,299.109,229.96,263.672,426.591,67.718,405.466,0,143.725,155.384,2.08112
6794,161.601,187.015,332.67,642.208,312.27,818.108,0,116.884,44.7165,1.38257
6795,362.713,256.307,446.219,576.952,595.501,614.517,1,160.192,202.521,2.26424
6796,144.7,126.988,277.411,295.773,250.252,184.923,0,79.3678,65.3318,1.82315
6797,107.299,91.6297,273.983,770.511,310.853,818.738,0,57.2686,50.0304,1.87361
6798,182.202,135.966,482.307,185.26,355.994,173.734,0,84.9786,97.2233,2.14409
6799,149.5,160.981,322.497,310.906,251.448,184.527,0,100.613,48.8869,1.48589
6800,237.905,215.155,393.238,326.008,349.691,174.606,0,134.472,103.433,1.76918
6801,122.799,138.866,316.854,284.419,250.883,184.728,0,86.7914,36.0073,1.41487
6802,178.302,224.497,499.452,259.669,648.018,198.03,0,140.311,37.9911,1.27076
6803,92.2992,116.162,591.324,269.956,647.978,197.75,0,72.6011,19.698,1.27132
6804,13.7,13.51,589.575,830.202,602.413,833.255,0,8.44377,5.25625,1.6225
6805,131.899,161.652,392.736,698.059,312.915,818.016,0,101.032,30.8666,1.30551
6806,23.6001,28.129,590.936,768.419,611.169,755.279,0,17.5806,6.01944,1.34239
6807,134.399,128.383,394.572,241.617,355.777,174.253,0,80.2396,54.1594,1.67497
6808,362.713,262.226,421.761,583.067,594.937,615.479,1,163.891,198.822,2.21313
6809,53.9997,41.7027,589.665,637.614,613.298,613.202,0,26.0642,27.9356,2.0718
6810,49.9998,47.4446,113.652,396.476,67.6871,404.803,0,29.6529,20.3469,1.68617
6811,167.501,157.172,287.189,620.768,144.767,616.206,0,98.2326,69.2684,1.70515
6812,135.399,151.424,489.654,718.491,612,752.855,0,94.6399,40.7592,1.43068
6813,82.5993,110.805,338.755,710.627,312.842,817.967,0,69.2529,13.3464,1.19272
6814,315.91,310.081,379.318,537.714,144.829,616.015,0,193.801,122.109,1.63008
6815,362.713,42.6316,429.114,535.13,426.209,542.787,1,26.6448,336.068,13.6129
6816,68.5995,97.9707,571.977,240.742,648.023,197.849,0,61.2317,7.36786,1.12033
6817,91.2992,89.6902,177.011,210.085,248.827,185.005,0,56.0564,35.2428,1.6287
6818,26.6001,22.4103,601.237,599.537,613.307,612.469,0,14.0064,12.5936,1.89913
6819,227.205,166.822,198.634,437.875,67.7288,405.482,0,104.264,122.941,2.17913
6820,214.404,181.167,275.159,350.672,250.532,184.787,0,113.229,101.175,1.89354
6821,326.711,325.542,376.203,526.032,144.801,616.032,0,203.464,123.247,1.60575
6822,173.701,184.333,356.524,649.999,312.694,817.971,0,115.208,58.4935,1.50772
6823,153.7,171.705,513.201,205.593,647.794,191.652,0,107.316,46.3844,1.43222
6824,288.308,237.091,349.388,592.724,144.724,616.424,0,148.182,140.127,1.94564
6825,90.7992,89.1767,155.908,398.487,67.7184,404.917,0,55.7354,35.0638,1.62911
6826,151.1,144.458,510.526,116.909,653.455,129.838,0,90.286,60.814,1.67357
6827,362.713,255.064,401.911,614.025,601.512,612.529,1,159.415,203.298,2.27528
6828,280.308,231.674,460.12,344.298,355.573,174.393,0,144.796,135.512,1.93588
6829,24.6001,27.0473,406.09,105.148,405.858,78.2374,0,16.9046,7.69548,1.45523
6830,18.2,20.5124,272.392,190.245,253.208,183.378,0,12.8202,5.3798,1.41963
6831,190.202,217.274,385.379,640.963,312.281,818.061,0,135.796,54.406,1.40064
6832,166.601,154.93,186.406,345.744,67.7419,404.829,0,96.831,69.77,1.72053
6833,362.713,242.677,460.324,478.488,603.422,529.142,1,151.673,211.04,2.39141
6834,173.201,141.299,299.514,302.284,251.202,184.486,0,88.3117,84.8897,1.96125
6835,10,11.6179,604.178,540.51,615.667,539.67,0,7.26118,2.73882,1.37719
6836,127.499,149.01,535.059,212.205,648.087,190.979,0,93.1314,34.3672,1.36902
6837,122.399,164.61,540.206,280.323,647.924,197.845,0,102.881,19.5175,1.18971
6838,217.004,249.144,259.637,527.324,139.712,611.069,0,155.715,61.2892,1.3936
6839,30.1001,33.5435,598.318,781.97,606.531,811.576,0,20.9647,9.13541,1.43575
6840,362.713,245.061,488.099,485.453,608.69,541.054,1,153.163,209.55,2.36815
6841,202.003,210.229,268.707,558.281,144.672,615.743,0,131.393,70.6102,1.5374
6842,5.2,4.74713,72.4786,404.393,67.8199,405.314,0,2.96696,2.23304,1.75264
6843,241.106,170.4,246.728,339.052,249.795,185.135,0,106.5,134.606,2.2639
6844,60.9996,54.3877,587.158,649.468,613.265,612.379,0,33.9923,27.0073,1.79451
6845,123.599,126.773,202.116,536.95,140.08,611.064,0,79.2329,44.3658,1.55994
6846,143.1,180.723,295.328,711.043,149.45,693.2,0,112.952,30.148,1.26691
6847,65.2996,74.4973,558.097,340.347,630.357,334.097,0,46.5608,18.7388,1.40246
6848,10.5,10.082,601.046,754.542,611.183,755.221,0,6.30125,4.19876,1.66634
6849,347.512,307.696,411.26,421.808,630.316,334.149,0,192.31,155.202,1.80704
6850,0,0,403.804,69.9745,403.804,69.9745,0,0,0,0
6851,222.404,197.419,405.252,304.828,355.633,174.385,0,123.387,99.0176,1.8025
6852,29.0001,29.2213,246.713,213.865,249.695,185.2,0,18.2633,10.7368,1.58789
6853,281.008,256.662,365.318,404.059,349.715,174.715,0,160.414,120.594,1.75177
6854,140.499,108.187,174.513,401.346,67.8469,405.006,0,67.6168,72.8825,2.07788
6855,124.399,113.987,260.872,295.19,249.782,185.141,0,71.2422,53.1565,1.74614
6856,9.8,10.8963,644.369,136.28,654.058,131.438,0,6.81017,2.98983,1.43903
6857,114.799,115.955,176.546,523.462,140.023,611.069,0,72.4721,42.3267,1.58404
6858,253.906,228.819,502.103,477.78,615.47,540.051,0,143.012,110.894,1.77542
6859,12.6,14.6934,153.567,679.122,149.63,693.262,0,9.18335,3.41666,1.37205
6860,149,131.878,158.964,481.922,139.519,611.198,0,82.4238,66.5761,1.80773
6861,100.999,84.2836,608.671,678.579,612.41,752.03,0,52.6772,48.3218,1.91732
6862,246.606,175.58,467.56,645.092,613.263,612.539,0,109.737,136.869,2.24724
6863,112.899,123.383,572.256,431.801,615.578,539.71,0,77.1143,35.7846,1.46405
6864,175.101,142.665,299.892,303.265,251.316,184.48,0,89.1659,85.9356,1.96377
6865,120.799,120.502,181.845,261.296,248.466,184.769,0,75.3139,45.4848,1.60394
6866,46.7999,44.3641,582.872,779.576,611.053,755.28,0,27.7275,19.0723,1.68785
6867,312.51,245.269,475.971,504.134,613.225,612.704,0,153.293,159.217,2.03864
6868,91.2992,77.6611,587.6,365.493,630.287,334.23,0,48.5382,42.761,1.88098
6869,5,3.63097,645.172,189.372,648.365,190.92,0,2.26936,2.73064,2.20327
6870,264.107,161.551,460.411,595.985,613.32,613.165,0,100.97,163.137,2.61571
6871,127.499,121.774,255.027,645.203,144.786,616.059,0,76.109,51.3896,1.67521
6872,69.0995,75.0717,148.769,537.032,139.907,611.157,0,46.9198,22.1797,1.47272
6873,87.3992,76.7673,588.358,363.991,630.36,334.376,0,47.9796,39.4196,1.82159
6874,152.8,170.545,311.55,313.847,251.445,184.476,0,106.59,46.2097,1.43353
6875,161.001,180.648,504.253,202.414,648.242,190.872,0,112.905,48.0955,1.42598
6876,286.208,294.036,377.051,557.554,144.687,616.256,0,183.772,102.436,1.55741
6877,47.6998,56.6109,559.397,749.46,612.169,752.443,0,35.3818,12.318,1.34815
6878,174.201,205.431,420.004,688.272,313.18,818.207,0,128.394,45.8073,1.35677
6879,286.008,193.645,223.976,428.784,67.7297,405.514,0,121.028,164.98,2.36315
6880,227.005,143.682,482.888,164.723,356.231,173.377,0,89.8011,137.204,2.52786
6881,180.602,147.647,278.734,650.794,144.661,615.652,0,92.2797,88.3221,1.95711
6882,112.099,147.052,315.977,699.472,312.254,818.059,0,91.9075,20.1914,1.21969
6883,180.402,160.493,536.143,452.133,615.566,539.793,0,100.308,80.0935,1.79847
6884,314.71,252.267,286.856,431.433,67.6742,405.508,0,157.667,157.043,1.99605
6885,14.1,16.5038,596.744,612.832,613.244,612.794,0,10.3149,3.78511,1.36696
6886,297.309,227.821,467.875,370.831,630.268,334.082,0,142.388,154.921,2.08802
6887,144.3,104.692,516.336,600.2,613.206,612.754,0,65.4328,78.8668,2.20531
6888,170.801,152.098,287.557,625.078,144.803,616.159,0,95.061,75.7403,1.79675
6889,150.3,172.453,524.495,222.278,647.703,191.78,0,107.783,42.5168,1.39447
6890,78.1994,71.7849,417.565,155.32,355.968,173.617,0,44.8656,33.3338,1.74297
6891,63.5996,79.0878,327.281,742.089,312.498,817.969,0,49.4299,14.1697,1.28666
6892,82.8993,75.0677,415.531,200.972,355.816,174.27,0,46.9173,35.982,1.76692
6893,136.899,180.792,542.961,239.351,648.02,198.026,0,112.995,23.9044,1.21155
6894,152.7,171.8,303.326,683.563,312.272,818.052,0,107.375,45.325,1.42212
6895,124.899,118.054,453.618,161.781,356.196,173.393,0,73.7834,51.1152,1.69277
6896,263.307,215.275,482.292,248.275,356.196,173.322,0,134.547,128.76,1.95699
6897,87.9992,115.422,250.595,709.952,153.68,700.246,0,72.1386,15.8607,1.21986
6898,34.6,37.9328,616.602,135.923,653.481,129.95,0,23.708,10.8921,1.45943
6899,132.499,175.77,543.827,244.374,647.972,198,0,109.857,22.6423,1.20611
6900,27.4001,26.7583,236.233,204.384,249.159,185.092,0,16.7239,10.6762,1.63838
6901,63.6996,57.4905,605.341,642.906,613.287,613.202,0,35.9315,27.7681,1.7728
6902,0,0,615.978,614.898,615.978,614.898,0,0,0,0
6903,362.713,106.468,176.545,659.969,173.443,659.583,1,66.5427,296.17,5.45083
6904,168.401,192.303,434.212,712.831,313.209,818.174,0,120.189,48.2117,1.40113
6905,322.81,318.014,332.021,477.617,144.776,616.02,0,198.759,124.052,1.62413
6906,266.207,236.215,464.956,426.162,615.57,539.754,0,147.634,118.573,1.80315
6907,145.6,150.589,515.021,693.508,612.313,752.231,0,94.118,51.4817,1.54699
6908,151.6,148.691,518.668,146.63,653.557,130.227,0,92.9321,58.668,1.6313
6909,68.7995,71.4717,96.6169,448.163,67.6583,405.608,0,44.6698,24.1297,1.54018
6910,42.9999,51.6795,409.126,129.46,405.944,78.2399,0,32.2997,10.7002,1.33128
6911,171.501,144.689,496.31,343.37,630.286,334.129,0,90.4306,81.0707,1.8965
6912,183.102,183.115,236.607,508.918,140.118,611.063,0,114.447,68.6551,1.59989
6913,278.308,252.847,453.223,415.285,615.546,540.21,0,158.029,120.278,1.76111
6914,163.401,140.52,432.963,257.041,355.575,174.315,0,87.8251,75.5757,1.86053
6915,98.0991,85.0366,568.586,666.286,613.168,612.83,0,53.1479,44.9512,1.84578
6916,113.599,96.4996,132.165,529.293,139.576,611.197,0,60.3123,53.2866,1.88351
6917,276.108,246.796,471.833,345.311,630.346,334.058,0,154.247,121.86,1.79003
6918,8.7,8.76367,138.734,602.465,139.896,611.054,0,5.47729,3.2227,1.58838
6919,4.6,4.49093,148.201,688.963,149.654,693.211,0,2.80683,1.79316,1.63886
6920,82.8993,97.7106,528.739,758.538,611.089,755.161,0,61.0692,21.8302,1.35747
6921,246.106,183.132,317.933,619.523,144.824,615.757,0,114.458,131.648,2.15019
6922,149.1,118.785,163.944,424.92,67.7483,405.547,0,74.2406,74.8593,2.00833
6923,43.7999,55.6399,307.004,771.758,311.74,818.448,0,34.775,9.02494,1.25952
6924,98.8991,96.7221,191.298,239.439,248.964,185.04,0,60.4513,38.4477,1.63601
6925,321.11,285.505,334.234,511.281,144.765,615.758,0,178.441,142.67,1.79954
6926,123.899,121.115,540.837,680.026,613.215,612.817,0,75.6971,48.2016,1.63677
6927,122.999,98.649,218.981,276.054,248.794,184.978,0,61.6556,61.3431,1.99493
6928,238.605,186.125,282.263,577.048,144.786,615.76,0,116.328,122.278,2.05115
6929,197.303,189.332,323.13,617.968,144.752,616.137,0,118.332,78.9706,1.66736
6930,177.602,154.236,286.765,622.611,144.781,616.164,0,96.3973,81.2043,1.84239
6931,49.9998,62.4337,340.876,196.85,350.113,174.805,0,39.0211,10.9787,1.28135
6932,0,0,611.636,809.35,611.636,809.35,0,0,0,0
6933,362.713,228.758,385.622,515.764,547.928,450.323,1,142.974,219.739,2.53692
6934,114.099,103.214,560.215,676.914,613.236,612.813,0,64.509,49.5899,1.76873
6935,270.607,320.237,321.013,482.669,139.85,611.134,0,200.148,70.4589,1.35203
6936,36.6,41.0695,613.04,133.499,653.542,130.046,0,25.6684,10.9316,1.42588
6937,108.499,96.7696,218.941,274.415,248.959,184.975,0,60.481,48.0179,1.79393
6938,147.6,183.595,424.422,711.36,313.335,818.184,0,114.747,32.853,1.28631
6939,229.405,209.958,368.318,355.441,349.843,174.717,0,131.224,98.1807,1.74819
6940,120.499,145.028,509.857,708.648,611.784,753.427,0,90.6423,29.8564,1.32939
6941,292.909,277.839,348.944,544.472,144.77,616.039,0,173.649,119.259,1.68678
6942,193.103,170.146,229.7,384.589,67.6999,404.809,0,106.341,86.7615,1.81588
6943,72.7995,95.8683,340.264,726.288,312.656,817.975,0,59.9177,12.8818,1.21499
6944,148.6,138.292,574.287,397.813,630.281,334.153,0,86.4327,62.1672,1.71925
6945,292.209,257.436,331.298,549.064,144.689,615.574,0,160.898,131.311,1.81611
6946,53.7998,39.2542,234.185,220.051,248.73,184.88,0,24.5339,29.2659,2.19288
6947,38.1,38.4984,610.871,185.917,647.665,191.789,0,24.0615,14.0385,1.58344
6948,148.3,135.518,235.376,770.828,152.842,701.819,0,84.6988,63.6011,1.75091
6949,68.8995,95.054,340.269,727.222,313.04,818.078,0,59.4087,9.49077,1.15975
6950,325.411,292.156,338.376,504.34,144.784,615.809,0,182.598,142.813,1.78212
6951,241.906,179.351,313.971,621.08,144.844,615.758,0,112.094,129.811,2.15805
6952,188.702,138.814,475.184,153.025,356.149,173.518,0,86.7585,101.944,2.17503
6953,121.699,108.856,261.322,289.229,249.382,185.207,0,68.0347,53.664,1.78877
6954,43.7999,61.4622,211.323,721.158,153.69,700.194,0,38.4139,5.386,1.14021
6955,317.91,279.124,311.394,516.785,144.735,615.802,0,174.453,143.458,1.82233
6956,362.713,294.126,436.444,554.196,595.514,611.667,1,183.829,178.884,1.9731
6957,171.101,128.671,195.118,402.623,67.6597,405.576,0,80.4194,90.6818,2.12761
6958,282.308,243.342,309.381,368.695,249.874,185.148,0,152.089,130.219,1.8562
6959,172.401,186.611,518.36,221.642,647.887,191.357,0,116.632,55.7694,1.47817
6960,236.805,293.844,304.451,503.5,139.935,611.072,0,183.652,53.1529,1.28942
6961,212.304,172.12,490.085,309.166,630.259,334.092,0,107.575,104.729,1.97354
6962,45.2999,50.3999,280.288,792.966,311.35,818.477,0,31.5,13.7999,1.43809
6963,322.11,286.713,361.388,430.102,349.768,174.654,0,179.196,142.915,1.79753
6964,48.3998,60.864,338.623,198.029,349.656,174.64,0,38.04,10.3599,1.27234
6965,151.7,103.081,544.302,651.904,613.219,612.638,0,64.4255,87.2746,2.35466
6966,346.612,241.484,476.186,473.069,615.509,540.148,0,150.928,195.684,2.29654
6967,109.199,96.0433,249.508,771.155,310.606,818.789,0,60.0271,49.1718,1.81916
6968,146.7,116.422,525.745,347.835,630.329,334.06,0,72.764,73.9358,2.0161
6969,76.3994,82.6013,333.748,237.089,349.606,174.614,0,51.6258,24.7736,1.47987
6970,130.999,117.744,421.682,243.37,355.623,174.375,0,73.5902,57.4086,1.78011
6971,149.3,125.664,453.865,151.746,356.287,173.242,0,78.5397,70.7602,1.90095
6972,173.501,155.879,190.425,349.583,67.6556,404.808,0,97.4242,76.0772,1.78089
6973,93.2991,91.874,268.31,274.492,249.765,185.133,0,57.4213,35.8779,1.62482
6974,324.611,247.919,445.669,395.058,630.332,334.059,0,154.949,169.661,2.09495
6975,262.007,211.147,492.668,424.912,630.28,334.149,0,131.967,130.04,1.9854
6976,201.203,120.175,222.84,299.929,249.087,185.078,0,75.1093,126.094,2.6788
6977,91.1992,77.5364,601.072,679.983,612.459,751.847,0,48.4602,42.7389,1.88194
6978,172.801,157.96,333.774,301.234,349.759,174.682,0,98.7249,74.0764,1.75033
6979,30.9001,38.2225,313.121,183.07,349.678,174.714,0,23.889,7.01104,1.29348
6980,18.9,21.631,418.259,93.0825,406.87,77.8213,0,13.5194,5.38067,1.398
6981,128.299,142.812,142.444,469.291,67.836,405.378,0,89.2576,39.041,1.4374
6982,229.005,204.671,494.372,452.672,615.567,539.695,0,127.919,101.086,1.79023
6983,222.004,145.314,484.167,193.193,356.29,173.184,0,90.821,131.183,2.44442
6984,362.713,239.127,415.366,623.168,596.637,614.978,1,149.454,213.259,2.42692
6985,111.199,108.77,246.454,621.471,144.754,616.13,0,67.9812,43.2177,1.63573
6986,29.3001,34.1083,620.479,136.639,653.507,129.96,0,21.3177,7.98241,1.37445
6987,105.399,105.359,559.496,150.144,653.486,129.95,0,65.8492,39.5498,1.60061
6988,145.1,152.034,515.674,693.772,612.505,751.86,0,95.0212,50.0785,1.52702
6989,174.501,155.612,521.88,390.42,630.29,334.146,0,97.2576,77.2439,1.79422
6990,12.8,16.1376,259.093,198.792,252.646,184.002,0,10.086,2.71403,1.26909
6991,131.299,124.516,354.702,261.019,349.656,174.601,0,77.8226,53.4762,1.68715
6992,66.1996,84.8714,581.08,246.754,648.386,198.129,0,53.0446,13.1549,1.248
6993,231.905,188.2,273.321,358.027,250.992,184.639,0,117.625,114.28,1.97156
6994,278.008,235.678,460.856,435.326,615.578,539.745,0,147.299,130.709,1.88737
6995,184.302,152.604,240.055,327.945,250.13,185.006,0,95.3775,88.9246,1.93234
6996,63.6996,67.6432,560.87,731.377,612.019,752.924,0,42.277,21.4226,1.50672
6997,95.6991,96.936,240.021,632.564,144.707,615.73,0,60.585,35.1141,1.57958
6998,144.7,124.099,214.339,302.691,249.474,185.203,0,77.5618,67.1379,1.8656
6999,115.199,150.366,344.763,676.916,313.211,818.222,0,93.979,21.2198,1.22579
7000,73.8994,92.7133,550.59,496.877,615.609,540.378,0,57.9458,15.9536,1.27532
7001,41.1999,36.8004,103.38,399.425,67.6838,404.919,0,23.0002,18.1997,1.79128
7002,43.1999,42.1769,602.774,580.58,613.366,612.217,0,26.3606,16.8394,1.63881
7003,143.7,103.997,228.452,286.405,249.119,185.102,0,64.9979,78.7017,2.21083
7004,289.208,202.597,480.749,393.479,630.308,334.085,0,126.623,162.585,2.28401
7005,362.713,182.713,479.457,492.258,573.436,450.287,1,114.196,248.517,3.17624
7006,211.804,159.813,193.866,324.504,249.471,185.226,0,99.8829,111.921,2.12052
7007,242.606,177.261,237.895,345.943,248.171,184.71,0,110.788,131.818,2.18982
7008,221.804,276.462,380.225,586.042,312.921,818.024,0,172.789,49.0157,1.28367
7009,68.2995,70.0661,165.909,558.968,139.924,611.107,0,43.7913,24.5082,1.55966
7010,22.4,26.6708,327.746,188.352,350.036,174.846,0,16.6692,5.73081,1.3438
7011,276.308,248.67,318.435,543.459,144.711,616.295,0,155.419,120.889,1.77783
7012,53.1998,63.7838,118.91,565.699,139.914,611.103,0,39.8648,13.3349,1.3345
7013,75.4994,76.1582,577.566,126.986,653.518,129.952,0,47.5989,27.9005,1.58616
7014,362.713,104.478,446.815,346.882,444.185,331.952,1,65.299,297.414,5.55465
7015,23.2001,27.8482,574.896,835.174,602.443,833.335,0,17.4051,5.79494,1.33294
7016,48.0998,47.5867,580.022,780.031,611.155,755.481,0,29.7417,18.3581,1.61725
7017,328.611,319.251,326.813,462.892,67.7306,404.91,0,199.532,129.079,1.64691
7018,60.1997,70.3128,187.132,583.56,144.829,615.833,0,43.9455,16.2542,1.36987
7019,284.008,205.271,492.813,415.522,630.284,334.139,0,128.294,155.714,2.21372
7020,149.9,117.825,249.342,611.844,144.725,615.722,0,73.6405,76.2595,2.03556
7021,59.7997,41.8841,257.952,225.041,249.528,185.204,0,26.1776,33.6221,2.28438
7022,3.6,2.86606,253.139,173.792,251.928,176.39,0,1.79129,1.80871,2.00973
7023,251.406,203.894,494.1,412.072,630.298,334.127,0,127.434,123.972,1.97283
7024,27.3001,22.66,594.948,602.091,613.161,612.676,0,14.1625,13.1375,1.92763
7025,186.302,181.138,225.698,498.28,139.955,611.052,0,113.211,73.0909,1.64562
7026,221.904,160.213,210.537,319.44,249.092,185.124,0,100.133,121.771,2.21609
7027,26.5001,29.2056,409.842,106.888,405.953,78.1764,0,18.2535,8.24655,1.45178
7028,237.305,177.68,268.499,343.542,249.312,185.216,0,111.05,126.255,2.13692
7029,242.906,326.131,397.662,549.385,312.699,818.089,0,203.832,39.0738,1.1917
7030,174.401,177.444,513.858,200.773,647.868,191.499,0,110.903,63.4988,1.57256
7031,83.5993,87.1546,227.45,268.265,249.136,185.127,0,54.4716,29.1277,1.53473
7032,117.699,152.388,393.917,706.692,313.411,818.152,0,95.2427,22.456,1.23578
7033,362.713,212.06,479.45,492.671,589.292,478.976,1,132.538,230.175,2.73668
7034,54.7997,71.1426,549.179,809.111,602.495,833.265,0,44.4641,10.3356,1.23245
7035,108.799,136.829,533.448,189.551,647.953,191.214,0,85.5182,23.2808,1.27223
7036,156.6,142.176,321.464,280.479,349.664,174.705,0,88.8601,67.7403,1.76233
7037,353.612,323.388,378.906,455.931,349.484,174.52,0,202.117,151.495,1.74954
7038,362.713,250.899,456.021,477.332,605.706,541.293,1,156.812,205.901,2.31304
7039,132.899,103.239,209.187,263.633,248.458,184.822,0,64.5245,68.3744,2.05967
7040,25.8001,26.3083,277.427,191.9,253.203,183.224,0,16.4427,9.35736,1.56909
7041,184.202,183.568,220.755,490.663,140.003,611.137,0,114.73,69.4718,1.60552
7042,37,29.7443,97.3801,400.843,67.6593,404.898,0,18.5902,18.4098,1.9903
7043,262.507,204.999,477.75,537.216,613.152,612.592,0,128.124,134.383,2.04885
7044,165.201,130.749,281.916,295.726,249.522,185.21,0,81.718,83.4829,2.0216
7045,161.901,140.272,487.699,588.348,613.227,612.593,0,87.6699,74.2308,1.84671
7046,135.199,125.792,277.253,299.757,250.475,184.772,0,78.6201,56.579,1.71965
7047,181.802,131.991,488.72,606.303,613.3,613.047,0,82.4941,99.3078,2.20382
7048,210.804,170.335,495.715,313.553,630.274,334.081,0,106.459,104.344,1.98013
7049,103.299,92.4631,164.882,535.69,139.628,611.192,0,57.7894,45.5096,1.78751
7050,0,0,650.016,190.39,650.016,190.39,0,0,0,0
7051,8.5,9.26786,252.956,193.796,249.989,185.016,0,5.79241,2.70759,1.46744
7052,111.599,98.1121,129.972,529.042,139.634,611.153,0,61.3201,50.2788,1.81994
7053,5.2,4.20051,602.289,810.898,606.323,812.07,0,2.62532,2.57468,1.98071
7054,4.2,3.62147,607.72,756.635,611.164,755.518,0,2.26342,1.93658,1.8556
7055,151.9,169.069,323.835,318.754,251.46,184.406,0,105.668,46.2321,1.43752
7056,23.9001,27.8701,601.62,727.671,612.108,752.675,0,17.4188,6.48123,1.37208
7057,195.103,169.944,234.78,394.996,67.6756,404.856,0,106.215,88.8876,1.83686
7058,189.602,145.824,480.126,153.315,356.194,173.332,0,91.1398,98.4625,2.08035
7059,294.609,208.057,478.245,536.323,613.356,612.439,0,130.036,164.573,2.2656
7060,129.399,158.431,285.028,690.011,149.466,693.211,0,99.0193,30.3794,1.3068
7061,114.699,105.405,247.984,630.83,144.78,615.804,0,65.8779,48.821,1.74108
7062,271.107,255.08,309.89,356.024,250.156,185.017,0,159.425,111.683,1.70054
7063,233.605,196.241,480.656,391.988,630.387,334.089,0,122.651,110.954,1.90463
7064,176.902,132.596,195.001,395.086,67.7176,405.609,0,82.8724,94.0292,2.13463
7065,103.799,128.568,352.494,698.074,312.881,817.983,0,80.3552,23.4438,1.29175
7066,225.905,207.163,373.629,343.087,349.904,174.647,0,129.477,96.4279,1.74475
7067,357.413,242.742,445.735,388.108,630.387,334.079,0,151.714,205.699,2.35583
7068,258.007,200.641,304.309,348.432,248.634,184.906,0,125.401,132.606,2.05745
7069,205.103,179.529,307.518,653.456,144.76,616.203,0,112.206,92.8976,1.82792
7070,59.7997,62.4557,604.629,155.067,653.531,130.18,0,39.0348,20.7649,1.53196
7071,50.9998,61.6896,601.418,367.782,630.371,334.143,0,38.556,12.4438,1.32275
7072,81.4993,85.2246,224.805,633.147,144.628,615.632,0,53.2654,28.2339,1.53006
7073,328.111,241.096,444.853,391.078,630.258,334.054,0,150.685,177.426,2.17746
7074,225.905,267.623,296.119,526.298,139.947,611.096,0,167.264,58.6402,1.35058
7075,0,0,635.85,334.567,635.85,334.567,0,0,0,0
7076,22.7001,25.5522,380.621,178.922,356.047,173.721,0,15.9701,6.72992,1.42141
7077,157.5,146.76,369.684,267.283,349.562,174.561,0,91.7248,65.7756,1.7171
7078,265.607,223.447,460.342,334.037,355.666,174.319,0,139.654,125.953,1.90189
7079,139.999,138.608,529.495,146.088,653.57,130.047,0,86.6298,53.3696,1.61606
7080,37.7,28.062,95.5744,403.201,67.7027,405.545,0,17.5388,20.1612,2.14952
7081,307.71,243.212,494.419,484.752,615.451,540.202,0,152.008,155.702,2.0243
7082,105.599,141.025,561.565,283.518,647.947,197.679,0,88.1404,17.4586,1.19808
7083,133.599,136.208,314.99,281.3,250.913,184.706,0,85.1298,48.4691,1.56936
7084,40.4,48.0001,402.114,166.029,355.973,173.691,0,30.0001,10.3999,1.34666
7085,353.112,324.83,378.425,455.456,349.876,174.657,0,203.018,150.094,1.73931
7086,150.9,127.343,512.348,338.256,630.277,334.13,0,79.5892,71.3108,1.89599
7087,155.6,170.568,360.211,664.596,313.195,818.201,0,106.605,48.9954,1.4596
7088,45.9999,56.9018,413.317,133.898,405.948,78.1252,0,35.5636,10.4363,1.29345
7089,73.7994,78.3915,269.894,259.306,250.338,184.923,0,48.9947,24.8048,1.50627
7090,56.9997,75.8069,211.631,694.526,152.67,701.764,0,47.3793,9.62038,1.20305
7091,327.311,156.037,496.041,629.873,613.284,613.191,0,97.523,229.788,3.35624
7092,34.7,47.6045,618.442,254.282,635.891,282.407,0,29.7528,4.94724,1.16628
7093,20.6,24.0146,591.368,743.113,612.268,752.363,0,15.0091,5.59093,1.3725
7094,115.899,141.624,582.438,423.498,615.488,540.149,0,88.5152,27.3836,1.30937
7095,31.8001,39.8832,598.995,511.939,615.681,539.682,0,24.927,6.87312,1.27573
7096,338.011,220.6,467.609,371.952,630.364,334.105,0,137.875,200.137,2.45158
7097,141.099,115.774,524.469,336.895,630.254,334.07,0,72.3585,68.7409,1.95
7098,317.21,258.827,465.772,500.958,613.153,612.776,0,161.767,155.443,1.96091
7099,263.207,200.719,268.315,358.623,249.242,185.121,0,125.45,137.757,2.09811
7100,187.902,232.878,324.676,373.88,251.447,184.414,0,145.549,42.3533,1.29099
7101,227.805,166.96,532.631,536.373,613.223,613.039,0,104.35,123.455,2.18308
7102,307.11,279.212,258.112,470.605,67.7,405.498,0,174.508,132.602,1.75986
7103,53.0998,45.8467,589.98,641.728,613.27,613.12,0,28.6542,24.4456,1.85312
7104,132.899,124.424,347.534,274.68,349.872,174.73,0,77.7649,55.134,1.70898
7105,8.7,9.7714,621.109,337.106,630.531,334.515,0,6.10713,2.59287,1.42456
7106,35.5,39.553,300.362,791.945,311.851,818.271,0,24.7206,10.7794,1.43605
7107,193.803,238.838,347.086,376.082,251.353,184.497,0,149.274,44.5289,1.2983
7108,195.503,157.771,499.543,354.411,630.33,334.135,0,98.6069,96.8958,1.98265
7109,238.805,208.883,367.384,353.249,349.855,174.766,0,130.552,108.253,1.8292
7110,187.002,147.259,198.826,314.557,249.032,185.043,0,92.0372,94.965,2.03181
7111,35.8,46.1286,607.57,302.189,630.312,334.114,0,28.8304,6.96965,1.24175
7112,193.103,140.993,283.449,312.052,251.002,184.594,0,88.1209,104.982,2.19134
7113,160.301,135.588,320.105,258.054,349.871,174.787,0,84.7425,75.5581,1.89162
7114,241.706,206.749,423.881,314.725,355.631,174.405,0,129.218,112.487,1.87052
7115,206.403,117.904,230.804,300.179,248.536,184.827,0,73.6902,132.713,2.80096
7116,45.1999,55.2307,557.233,759.063,611.175,754.848,0,34.5192,10.6807,1.30941
7117,84.0993,111.53,583.876,269.736,647.965,197.875,0,69.7061,14.3931,1.20648
7118,61.2996,83.0744,335.596,738.535,313.005,818.098,0,51.9215,9.37815,1.18062
7119,112.699,106.721,426.367,227.851,356.194,173.408,0,66.7003,45.9985,1.68963
7120,60.0997,72.1812,559.417,342.676,630.259,334.139,0,45.1133,14.9864,1.3322
7121,279.608,166.504,490.095,636.251,613.225,612.927,0,104.065,175.543,2.68686
7122,157.3,175.058,513.46,201.792,648.446,190.807,0,109.411,47.8894,1.4377
7123,38.1,46.8148,278.627,796.755,311.841,818.282,0,29.2592,8.84075,1.30215
7124,88.9992,89.2892,272.677,768.939,310.757,818.741,0,55.8057,33.1935,1.5948
7125,230.505,155.412,470.678,612.53,613.266,613.186,0,97.1324,133.372,2.3731
7126,209.604,193.047,443.402,310.769,355.636,174.365,0,120.654,88.9494,1.73723
7127,176.902,155.82,334.395,297.22,349.673,174.611,0,97.3878,79.5138,1.81647
7128,23.4001,26.5871,382.568,174.222,356.016,173.904,0,16.6169,6.78314,1.40821
7129,54.2997,50.636,301.165,184.821,253.186,183.339,0,31.6475,22.6523,1.71577
7130,124.699,131.647,513.654,718.332,611.937,753.292,0,82.2796,42.4191,1.51555
7131,327.911,294.649,268.133,462.202,67.7007,405.57,0,184.156,143.755,1.78062
7132,11.2,11.2206,640.649,206.193,648.188,197.965,0,7.01288,4.18712,1.59706
7133,32.9001,36.3685,391.42,179.613,355.739,174.211,0,22.7303,10.1697,1.44741
7134,87.7992,88.7946,580.881,291.004,630.3,333.973,0,55.4966,32.3026,1.58206
7135,195.303,143.031,289.84,309.22,249.426,185.249,0,89.3944,105.908,2.18473
7136,336.911,276.697,419.88,437.532,615.491,540.162,0,172.935,163.976,1.94819
7137,169.801,215.694,504.117,262.959,647.96,198.04,0,134.808,34.9927,1.25957
7138,23.1001,26.5313,140.466,646.944,139.891,620.828,0,16.5821,6.51797,1.39307
7139,154,123.653,187.742,391.438,67.7491,405.602,0,77.2829,76.7173,1.99268
7140,54.3997,61.6279,268.997,242.721,250.331,184.888,0,38.5175,15.8823,1.41234
7141,362.713,222.107,419.955,490.405,584.987,466.324,1,138.817,223.896,2.61289
7142,133.899,150.266,558.759,417.535,615.468,540.153,0,93.9165,39.9825,1.42572
7143,171.601,133.14,281.832,290.944,249.832,185.086,0,83.2125,88.3888,2.06221
7144,2.8,1.99891,649.648,200.843,650.332,198.965,0,1.24932,1.55068,2.24122
7145,236.205,170.307,304.721,644.371,144.754,615.77,0,106.442,129.763,2.2191
7146,33.9001,41.0007,412.984,117.938,405.945,78.1849,0,25.6254,8.27465,1.32291
7147,38.5,48.8467,605.209,299.377,630.312,334.045,0,30.5292,7.97081,1.26109
7148,312.11,241.557,464.691,349.303,355.557,174.352,0,150.973,161.137,2.06732
7149,0,0,147.692,698.485,147.732,698.527,0,0,0,0
7150,300.409,187.205,453.205,639.374,613.162,612.954,0,117.003,183.406,2.56753
7151,70.3995,73.3444,198.18,637.821,144.742,616.019,0,45.8403,24.5592,1.53576
7152,147.9,105.167,227.588,285.587,249.75,185.161,0,65.7294,82.1704,2.25013
7153,362.713,253.285,402.84,609.081,598.305,612.178,1,158.303,204.41,2.29125
7154,143.3,120.383,126.164,509.554,140.094,611.106,0,75.2395,68.06,1.90458
7155,120.099,130.701,514.439,719.31,611.958,752.914,0,81.6879,38.4109,1.47022
7156,185.902,194.095,328.498,343.834,251.055,184.592,0,121.309,64.5929,1.53247
7157,171.501,158.181,173.247,334.438,67.7072,404.813,0,98.8629,72.6384,1.73474
7158,99.2991,98.4966,555.861,123.396,653.525,129.937,0,61.5604,37.7387,1.61304
7159,66.9995,68.1439,160.587,559.239,139.881,611.085,0,42.5899,24.4096,1.57313
7160,14.1,14.5911,404.99,92.4819,405.855,78.1836,0,9.11945,4.98057,1.54615
7161,140.199,120.274,152.524,496.657,139.575,611.223,0,75.1713,65.0281,1.86507
7162,219.004,264.723,259.802,540.56,139.91,611.126,0,165.452,53.5523,1.32367
7163,167.901,151.101,504.277,118.753,653.573,130.331,0,94.4384,73.4626,1.77789
7164,0,0,644.263,284.563,644.263,284.563,0,0,0,0
7165,229.605,177.279,449.612,277.734,355.633,174.407,0,110.799,118.805,2.07226
7166,215.304,259.758,384.024,602.114,311.957,818.205,0,162.349,52.9551,1.32618
7167,352.012,244.509,484.507,484.305,615.64,539.58,0,152.818,199.194,2.30347
7168,97.0991,67.6423,300.02,762.289,311.231,818.553,0,42.2764,54.8226,2.29677
7169,362.713,57.2316,534.051,279.371,533.355,279.46,1,35.7697,326.943,10.1402
7170,87.1992,71.9512,599.218,685.535,612.404,752.031,0,44.9695,42.2298,1.93908
7171,56.8997,52.9351,99.0089,433.291,67.6946,405.577,0,33.0844,23.8153,1.71983
7172,7.89999,7.74612,639.024,195.802,646.557,194.37,0,4.84133,3.05867,1.63178
7173,32.4001,37.1699,408.577,114.723,405.949,78.1649,0,23.2312,9.16888,1.39468
7174,176.402,192.377,387.815,668.839,312.397,818.14,0,120.235,56.1662,1.46714
7175,15.1,18.4351,85.6294,400.363,67.7484,404.987,0,11.5219,3.57808,1.31054
7176,0,0,62.2831,402.306,62.2831,402.306,0,0,0,0
7177,26.7001,35.1114,316.477,183.7,350.063,174.837,0,21.9446,4.75542,1.2167
7178,117.699,137.4,367.565,255.681,349.847,174.746,0,85.8751,31.8236,1.37058
7179,200.803,140.97,267.117,615.996,144.764,615.823,0,88.106,112.697,2.27911
7180,146.4,171.23,540.796,234.664,647.768,191.888,0,107.019,39.3809,1.36798
7181,225.805,176.437,216.566,331.333,249.804,185.092,0,110.273,115.532,2.04769
7182,189.602,184.834,230.481,540.423,140.195,611.243,0,115.521,74.0809,1.64127
7183,255.906,214.331,423.58,321.133,355.63,174.323,0,133.957,121.95,1.91036
7184,136.999,138.524,234.53,771.902,152.817,701.769,0,86.5773,50.4218,1.58239
7185,141.899,179.129,296.752,710.11,149.619,693.276,0,111.956,29.9437,1.26746
7186,117.299,92.122,534.232,600.16,613.217,612.644,0,57.5763,59.7225,2.03728
7187,148.9,142.265,511.47,119.961,653.455,129.877,0,88.9157,59.9841,1.67462
7188,40.1,42.4246,576.216,771.598,611.154,754.888,0,26.5153,13.5846,1.51233
7189,303.709,283.93,370.539,562.751,144.841,616.014,0,177.456,126.253,1.71146
7190,362.713,213.444,373.552,500.715,524.556,443.93,1,133.402,229.31,2.71894
7191,283.008,196.041,545.052,509.295,613.163,612.702,0,122.526,160.482,2.30978
7192,25.9001,31.003,597.523,726.179,612.381,751.992,0,19.3769,6.5232,1.33665
7193,54.6997,57.9934,596.56,697.183,612.317,752.202,0,36.2459,18.4539,1.50913
7194,298.509,232.626,464.824,255.831,356.218,173.409,0,145.391,153.118,2.05315
7195,72.0995,101.665,571.157,237.188,647.889,197.737,0,63.5406,8.55886,1.1347
7196,113.199,115.628,246.912,643.594,144.809,616.182,0,72.2674,40.9315,1.56639
7197,44.6999,47.5047,556.149,830.222,602.457,833.263,0,29.6904,15.0095,1.50553
7198,61.0996,77.1498,213.904,678.906,149.348,693.277,0,48.2186,12.881,1.26714
7199,126.299,119.386,179.729,255.399,249.492,185.25,0,74.6165,51.6821,1.69264
7200,314.81,258.966,467.179,500.396,613.182,612.656,0,161.854,152.956,1.94503
7201,164.601,119.195,497.145,602.825,613.298,613.185,0,74.4966,90.1042,2.20951
7202,289.308,207.356,252.384,377.082,67.7438,405.577,0,129.598,159.711,2.23236
7203,252.506,205.948,457.831,298.66,355.683,174.346,0,128.718,123.789,1.96171
7204,249.306,155.324,465.195,600.442,613.289,613.105,0,97.0774,152.229,2.56812
7205,185.602,134.689,489.207,610.526,613.251,613.149,0,84.1805,101.422,2.20481
7206,35.9,37.6772,616.556,132.905,653.487,129.951,0,23.5483,12.3517,1.52453
7207,203.603,176.869,208.004,352.468,67.716,404.816,0,110.543,93.0599,1.84184
7208,49.3998,44.4566,259.63,228.146,249.885,185.1,0,27.7854,21.6145,1.77791
7209,207.903,214.991,352.138,621.29,312.959,818.054,0,134.369,73.5341,1.54725
7210,75.7994,83.3229,333.282,237.133,349.855,174.802,0,52.0768,23.7226,1.45553
7211,215.604,126.586,195.042,263.122,248.197,184.695,0,79.1162,136.488,2.72516
7212,89.2992,91.6241,310.371,741.244,311.84,818.279,0,57.2651,32.0341,1.5594
7213,362.713,250.563,447.168,399.907,629.405,334.049,1,156.602,206.111,2.31614
7214,261.407,218.526,386.606,337.417,349.568,174.557,0,136.579,124.828,1.91397
7215,230.505,175.047,267.495,342.513,250.534,184.812,0,109.404,121.101,2.10691
7216,315.71,255.805,237.871,471.183,67.6951,405.545,0,159.878,155.832,1.97469
7217,43.8999,40.1076,292.146,183.894,253.386,182.924,0,25.0672,18.8327,1.75129
7218,37.1,37.065,576.296,817.093,602.35,833.328,0,23.1656,13.9344,1.60151
7219,136.499,173.45,409.559,701.714,313.422,818.196,0,108.406,28.0929,1.25914
7220,36.3,38.8703,610.371,184.877,647.863,191.609,0,24.294,12.0061,1.4942
7221,158.5,146.485,508.174,120.723,653.456,129.756,0,91.5531,66.9473,1.73124
7222,262.407,218.637,489.538,273.125,355.434,174.41,0,136.648,125.758,1.92031
7223,178.402,209.336,419.929,692.856,312.975,818.133,0,130.835,47.5668,1.36356
7224,21.2,25.7544,159.229,602.937,144.692,616.411,0,16.0965,5.10357,1.31706
7225,263.107,316.597,315.484,489.024,139.876,611.072,0,197.873,65.2337,1.32967
7226,52.2998,39.7776,590.915,636.197,613.211,612.953,0,24.861,27.4388,2.10369
7227,30.3001,29.7115,585.05,604.465,613.307,612.469,0,18.5697,11.7304,1.6317
7228,76.9994,107.805,351.961,719.66,313.145,818.153,0,67.378,9.62138,1.1428
7229,172.701,165.751,502.382,136.639,653.533,129.824,0,103.594,69.1072,1.6671
7230,25.2001,21.568,594.563,603.825,613.216,612.753,0,13.48,11.7201,1.86944
7231,241.206,176.437,296.267,333.079,249.208,185.138,0,110.273,130.933,2.18735
7232,127.099,140.007,545.623,460.044,615.564,539.781,0,87.5046,39.5941,1.45248
7233,145.6,106.834,219.665,284.031,248.28,184.783,0,66.771,78.8287,2.18058
7234,120.199,108.16,426.835,227.867,356.228,173.427,0,67.5998,52.599,1.77809
7235,242.906,304.078,339.89,430.607,251.285,184.528,0,190.049,52.8569,1.27812
7236,28.4001,30.4162,386.076,175.143,355.787,174.202,0,19.0101,9.38993,1.49394
7237,51.1998,67.4727,552.437,812.237,602.406,833.25,0,42.1704,9.02936,1.21412
7238,120.599,128.969,204.685,534.22,140.171,611.243,0,80.6057,39.9931,1.49616
7239,229.005,245.455,277.196,527.963,144.798,615.811,0,153.41,75.5952,1.49277
7240,273.207,223.561,482.416,462.536,615.578,539.698,0,139.726,133.482,1.95531
7241,108.599,145.628,272.192,675.673,149.451,693.281,0,91.0174,17.5815,1.19317
7242,70.8995,80.6097,540.464,607.975,613.321,612.524,0,50.3811,20.5184,1.40726
7243,43.3999,36.5075,284.09,201.342,252.364,184.04,0,22.8172,20.5827,1.90207
7244,243.306,172.079,233.679,344.53,249.019,185.003,0,107.549,135.756,2.26227
7245,362.713,244.873,484.686,488.226,604.222,538.571,1,153.046,209.667,2.36997
7246,258.607,237.278,483.205,348.645,630.346,334.062,0,148.299,110.308,1.74382
7247,358.113,250.79,459.451,469.045,615.578,539.712,0,156.744,201.369,2.2847
7248,204.603,170.581,463.506,575.779,613.262,612.55,0,106.613,97.99,1.91912
7249,60.2997,73.4129,542.019,761.591,611.075,755.133,0,45.883,14.4166,1.3142
7250,116.299,148.685,274.576,673.842,149.452,693.239,0,92.9279,23.3709,1.2515
7251,180.102,139.596,553.367,549,613.172,612.655,0,87.2474,92.8544,2.06426
7252,83.9993,91.7462,117.131,455.651,67.6863,404.878,0,57.3414,26.6579,1.4649
7253,362.713,201.974,417.773,511.214,555.785,451.874,1,126.234,236.479,2.87334
7254,362.713,118.204,188.275,656.523,174.363,659.148,1,73.8772,288.836,4.90967
7255,128.999,147.012,571.233,413.816,615.512,539.952,0,91.8828,37.1159,1.40395
7256,199.403,203.177,497.652,452,615.495,540.209,0,126.985,72.4175,1.57028
7257,60.2997,76.7891,588.483,476.688,615.777,539.54,0,47.9932,12.3064,1.25642
7258,299.809,236.192,267.517,410.433,67.6473,404.916,0,147.62,152.189,2.03095
7259,318.41,252.208,453.445,462.327,615.548,540.042,0,157.63,160.78,2.01998
7260,362.713,206.831,398.446,509.468,548.177,448.573,1,129.269,233.444,2.80588
7261,150.9,118.141,252.126,287.268,248.661,184.941,0,73.8381,77.0619,2.04366
7262,103.999,103.436,348.888,240.433,349.906,174.724,0,64.6477,39.3513,1.6087
7263,146,168.797,338.653,659.615,312.584,817.986,0,105.498,40.5015,1.38391
7264,16.2,17.0788,156.917,610.586,144.723,615.839,0,10.6742,5.52579,1.51768
7265,80.4993,74.3386,601.794,684.371,612.409,751.945,0,46.4616,34.0377,1.7326
7266,47.8998,64.0315,268.839,246.121,250.435,184.844,0,40.0197,7.88013,1.19691
7267,233.405,307.423,387.497,569.396,312.646,818.002,0,192.14,41.2654,1.21477
7268,302.209,281.465,359.031,552.971,144.647,615.751,0,175.916,126.294,1.71792
7269,125.699,107.345,166.054,383.75,67.6959,404.901,0,67.0908,58.6079,1.87356
7270,11.3,11.0435,600.151,803.456,606.827,810.799,0,6.90216,4.39785,1.63717
7271,201.103,159.434,207.173,360.743,67.6668,405.524,0,99.6463,101.457,2.01817
7272,95.3991,97.8663,276.85,278.38,250.049,184.979,0,61.1665,34.2327,1.55966
7273,120.099,114.119,280.182,739.359,311.462,818.43,0,71.3245,48.7742,1.68384
7274,112.199,97.165,608.352,708.613,611.876,753.251,0,60.7281,51.4707,1.84756
7275,336.411,232.15,481.224,368.314,630.324,334.069,0,145.094,191.317,2.31858
7276,82.6993,107.104,243.495,684.721,149.618,693.262,0,66.9401,15.7592,1.23542
7277,147,132.051,482.548,181.626,356.182,173.383,0,82.5318,64.468,1.78113
7278,362.713,214.017,419.042,509.768,574.086,450.036,1,133.76,228.952,2.71166
7279,232.805,159.304,507.182,680.777,613.233,613.048,0,99.5651,133.24,2.33822
7280,226.705,306.588,390.986,566.722,312.816,818.027,0,191.618,35.0871,1.18311
7281,50.5998,56.5377,611.743,159.629,647.606,191.972,0,35.3361,15.2637,1.43196
7282,112.699,106.724,163.833,513.156,139.648,611.241,0,66.7025,45.9963,1.68957
7283,23.7001,27.8678,316.277,790.646,312.759,818.027,0,17.4174,6.28265,1.36071
7284,262.707,220.667,389.551,339.839,349.571,174.608,0,137.917,124.79,1.90482
7285,56.0997,70.8656,589.528,482.433,615.733,540.683,0,44.291,11.8087,1.26662
7286,124.699,110.578,549.346,576.974,613.229,612.648,0,69.111,55.5877,1.80432
7287,326.611,316.952,325.33,460.81,67.6938,404.831,0,198.095,128.516,1.64876
7288,88.5992,105.918,226.306,754.478,152.777,701.765,0,66.199,22.4003,1.33838
7289,172.801,157.597,613.598,425.553,615.598,539.666,0,98.498,74.3034,1.75436
7290,358.413,213.809,427.36,633.143,613.228,612.966,0,133.631,224.782,2.68211
7291,187.002,179.55,342.371,316.02,349.683,174.678,0,112.219,74.7836,1.66641
7292,100.299,91.1532,381.733,203.901,356.13,173.448,0,56.9707,43.3283,1.76054
7293,247.806,213.174,390.037,326.887,350.072,174.759,0,133.234,114.572,1.85993
7294,24.5001,30.1486,623.387,213.893,648.173,197.992,0,18.8429,5.6572,1.30023
7295,162.001,132.629,297.076,293.977,250.921,184.734,0,82.8929,79.1078,1.95434
7296,150.7,144.611,327.345,268.996,349.964,174.831,0,90.3817,60.3183,1.66737
7297,204.603,150.003,217.386,405.538,67.665,404.786,0,93.752,110.851,2.18239
7298,227.205,280.437,289.764,495.983,139.921,611.136,0,175.273,51.9313,1.29629
7299,18.2,21.4574,413.914,98.0017,406.053,78.1845,0,13.4109,4.78916,1.35711
7300,333.611,358.176,359.773,490.611,144.809,616.011,0,223.86,109.751,1.49027
7301,305.609,271.468,346.511,550.51,144.754,615.821,0,169.668,135.942,1.80123
7302,76.0994,74.3429,422.647,153.736,356.063,173.576,0,46.4643,29.6351,1.6378
7303,286.208,207.81,471.567,399.315,630.315,334.077,0,129.881,156.327,2.20362
7304,300.709,269.224,436.059,367.534,355.547,174.409,0,168.265,132.444,1.78711
7305,70.3995,70.4544,418.042,150.64,356.122,173.618,0,44.034,26.3655,1.59875
7306,93.6991,89.7697,307.057,738.397,311.733,818.369,0,56.1061,37.5931,1.67004
7307,135.899,151.811,537.257,216.085,648.172,190.874,0,94.8817,41.0174,1.4323
7308,264.307,228.484,499.03,476.711,615.631,539.755,0,142.802,121.504,1.85086
7309,45.1999,52.9074,408.912,130.615,405.854,78.2304,0,33.0671,12.1328,1.36691
7310,152.4,146.154,368.448,268.707,349.654,174.652,0,91.3465,61.0536,1.66837
7311,284.208,212.448,476.125,267.548,355.526,174.435,0,132.78,151.428,2.14044
7312,294.009,259.284,450.438,411.804,615.505,540.114,0,162.052,131.956,1.81428
7313,95.7991,122.822,365.558,713.587,313.081,818.076,0,76.764,19.0351,1.24797
7314,16.6,16.4635,83.8136,406.716,67.7841,405.321,0,10.2897,6.31035,1.61327
7315,158.8,121.734,188.393,401.554,67.6647,405.583,0,76.0838,82.7167,2.08718
7316,202.003,134.851,526.298,648.555,613.317,613.153,0,84.2818,117.721,2.39676
7317,134.099,157.741,360.272,676.319,312.901,817.996,0,98.588,35.511,1.3602
7318,92.3992,76.4111,603.574,684.056,612.422,752,0,47.7569,44.6422,1.93478
7319,4.9,4.70735,608.54,612.61,613.219,612.786,0,2.94209,1.95791,1.66548
7320,106.399,139.516,558.037,276.933,648.152,198.055,0,87.1977,19.2012,1.2202
7321,20.4,19.7746,261.852,200.952,252.644,183.938,0,12.3591,8.04089,1.6506
7322,362.713,255.533,451.697,480.983,604.965,538.703,1,159.708,203.005,2.2711
7323,15.9,16.3376,614.293,332.183,630.341,334.228,0,10.211,5.68905,1.55715
7324,266.007,195.75,250.481,405.516,67.7177,405.504,0,122.344,143.663,2.17426
7325,269.907,235.267,460.832,430.127,615.672,539.748,0,147.042,122.865,1.83558
7326,38.1,43.1169,407.014,121.2,405.89,78.1764,0,26.948,11.152,1.41383
7327,58.0997,67.9722,329.298,222.622,349.859,174.831,0,42.4826,15.6171,1.36761
7328,362.713,96.451,483.06,357.429,482.974,366.152,1,60.2818,302.431,6.01695
7329,91.2992,93.4617,313.706,237.212,349.871,174.786,0,58.4136,32.8856,1.56298
7330,234.705,179.298,205.111,341.658,67.7417,404.865,0,112.061,122.644,2.09444
7331,64.5996,43.5854,253.753,227.833,249.329,185.185,0,27.2409,37.3587,2.37142
7332,132.299,158.184,285.847,690.416,149.395,693.291,0,98.8648,33.4341,1.33818
7333,141.099,132.745,225.828,591.307,144.741,616.006,0,82.9656,58.1338,1.7007
7334,235.305,200.958,404.604,307.846,355.568,174.309,0,125.599,109.707,1.87347
7335,120.799,150.097,312.868,695.65,312.27,818.091,0,93.8106,26.9881,1.28769
7336,254.606,193.243,473.091,304.702,630.264,334.149,0,120.777,133.829,2.10807
7337,223.204,214.567,348.893,352.057,349.583,174.559,0,134.104,89.1,1.66441
7338,21,23.6628,587.579,754.866,611.05,755.288,0,14.7892,6.21081,1.41995
7339,236.105,289.401,277.281,488.647,139.948,611.103,0,180.875,55.2297,1.30535
7340,43.4999,51.136,561.46,759.852,611.167,754.824,0,31.96,11.5399,1.36107
7341,23.0001,22.0981,248.65,207.085,249.682,185.154,0,13.8113,9.18871,1.6653
7342,260.207,188.144,532.409,523.82,613.203,612.571,0,117.59,142.617,2.21284
7343,155.3,146.498,518.256,136.053,653.511,129.78,0,91.5613,63.7389,1.69613
7344,262.207,243.575,261.055,441.015,67.7135,404.795,0,152.234,109.973,1.72239
7345,337.111,244.259,458.998,461.89,615.626,539.57,0,152.662,184.45,2.20823
7346,82.6993,82.6862,576.698,141.647,653.46,129.955,0,51.6789,31.0204,1.60025
7347,133.099,120.327,560.127,384.855,630.256,334.052,0,75.2043,57.8946,1.76983
7348,54.8997,42.9022,283.017,210.86,252.583,184.047,0,26.8138,28.0859,2.04744
7349,9.7,11.6839,155.697,620.112,144.44,616.98,0,7.30244,2.39756,1.32832
7350,237.005,174.368,189.595,320.394,248.23,184.705,0,108.98,128.025,2.17476
7351,218.904,259.105,392.754,633.686,312.928,817.956,0,161.94,56.9638,1.35176
7352,209.204,142.769,493.595,649.461,613.345,613.175,0,89.2308,119.973,2.34452
7353,119.399,143.698,584.24,423.22,615.451,540.066,0,89.811,29.5878,1.32944
7354,90.5992,123.368,337.144,698.768,312.271,818.113,0,77.1049,13.4942,1.17501
7355,166.901,175.098,358.249,659.403,312.642,817.975,0,109.436,57.4646,1.5251
7356,45.7999,52.6205,576.592,784.26,606.283,811.992,0,32.8878,12.9121,1.39261
7357,188.102,175.447,518.128,440.329,615.661,539.738,0,109.654,78.4478,1.71541
7358,110.399,145.986,556.391,271.139,648.077,198.01,0,91.2412,19.1577,1.20997
7359,33.2001,30.9711,282.142,194.73,253.146,183.569,0,19.3569,13.8431,1.71515
7360,287.408,191.694,450.795,623.35,613.356,613.171,0,119.809,167.6,2.39889
7361,201.403,190.472,216.609,479.471,139.966,611.16,0,119.045,82.3579,1.69182
7362,26.5001,30.312,602.015,333.346,630.253,334.098,0,18.945,7.55507,1.39879
7363,362.713,246.123,482.453,484.573,609.736,541.188,1,153.827,208.886,2.35793
7364,4,2.92909,603.133,813.019,606.038,812.836,0,1.83068,2.16932,2.18498
7365,194.703,132.889,162.227,439.075,67.6702,405.555,0,83.0557,111.647,2.34424
7366,291.409,230.809,458.494,377.123,630.306,334.093,0,144.256,147.153,2.02008
7367,132.699,155.015,281.837,689.56,149.647,693.264,0,96.8844,35.8145,1.36966
7368,276.908,234.692,462.514,434.825,615.623,539.694,0,146.682,130.225,1.88781
7369,27.8001,32.3347,136.495,652.622,139.832,620.886,0,20.2092,7.59087,1.37561
7370,94.6991,104.345,219.887,651.607,144.848,616.219,0,65.2154,29.4838,1.4521
7371,123.099,144.899,533.179,181.047,647.835,191.47,0,90.5616,32.5371,1.35928
7372,169.701,141.864,244.734,318.654,249.942,184.982,0,88.6648,81.0363,1.91396
7373,254.106,195.734,260.595,355.912,248.627,184.928,0,122.334,131.772,2.07715
7374,362.713,239.256,484.642,486.026,606.768,539.408,1,149.535,213.178,2.42561
7375,334.511,290.09,410.726,396.159,349.826,174.694,0,181.306,153.205,1.84501
7376,167.601,147.272,179.058,348.976,67.7068,404.829,0,92.0453,75.5558,1.82085
7377,95.0991,110.454,568.306,171.372,653.592,130.251,0,69.0335,26.0656,1.37758
7378,17.2,18.1449,612.116,334.353,630.291,334.125,0,11.3406,5.85944,1.51668
7379,215.504,146.178,478.991,162.222,356.221,173.43,0,91.3612,124.143,2.35881
7380,230.805,197.926,478.79,392.393,630.307,334.123,0,123.704,107.101,1.86579
7381,2.6,1.81262,69.0886,407.094,67.4181,406.391,0,1.13289,1.46711,2.29503
7382,83.1993,91.2453,186.967,560.634,139.97,611.126,0,57.0283,26.171,1.45891
7383,362.713,293.365,90.2113,458.76,90.0068,460.731,1,183.353,179.36,1.97822
7384,67.1995,93.9281,577.034,254.558,648.051,197.991,0,58.7051,8.49446,1.1447
7385,130.799,122.183,217.87,604.645,144.814,615.958,0,76.3641,54.4346,1.71283
7386,169.701,119.742,538.724,658.253,613.167,612.596,0,74.8386,94.8626,2.26756
7387,153.6,138.146,349.103,289.482,349.589,174.644,0,86.3415,67.2587,1.77898
7388,85.3993,112.566,324.793,712.991,312.329,818.08,0,70.3535,15.0457,1.21386
7389,55.9997,66.8673,411.208,143.869,405.906,78.2382,0,41.792,14.2077,1.33996
7390,280.408,250.353,364.235,397.041,349.887,174.822,0,156.47,123.938,1.79208
7391,203.303,186.786,408.351,297.945,355.617,174.37,0,116.741,86.5621,1.74149
7392,165.101,163.825,238.118,572.384,144.717,615.708,0,102.391,62.7099,1.61246
7393,248.406,185.837,230.68,350.548,248.756,185.047,0,116.148,132.258,2.1387
7394,204.103,150.389,506.937,673.476,613.157,613.016,0,93.9931,110.11,2.17147
7395,190.702,152.239,187.524,307.596,248.653,184.899,0,95.1494,95.553,2.00424
7396,304.609,242.697,459.708,459.085,615.487,539.771,0,151.686,152.923,2.00816
7397,266.707,209.506,476.864,270.399,355.676,174.314,0,130.941,135.766,2.03684
7398,70.8995,73.8513,271.001,779.418,310.563,818.92,0,46.157,24.7425,1.53605
7399,156.7,182.217,311.395,324.008,251.425,184.5,0,113.886,42.8148,1.37595
7400,203.403,135.727,501.971,651.074,613.256,612.421,0,84.8295,118.574,2.39779
7401,272.007,241.546,368.196,387.312,349.878,174.724,0,150.966,121.041,1.80177
7402,268.107,231.743,466.162,426.458,615.665,539.636,0,144.84,123.268,1.85106
7403,221.004,262.914,333.802,394.767,251.343,184.544,0,164.321,56.6828,1.34495
7404,362.713,223.749,405.285,487.722,579.778,453.905,1,139.843,222.87,2.59371
7405,265.207,175.014,464.092,643.226,613.349,613.052,0,109.384,155.823,2.42456
7406,35.7,40.199,174.601,632.547,144.785,615.872,0,25.1244,10.5757,1.42093
7407,362.713,270.873,434.561,562.728,583.349,617.707,1,169.296,193.417,2.14248
7408,163.101,188.033,388.214,672.279,312.649,817.978,0,117.521,45.5801,1.38785
7409,236.005,144.9,481.654,164.471,356.208,173.377,0,90.5623,145.443,2.606
7410,48.7998,35.3991,592.409,631.237,613.342,613.205,0,22.1245,26.6754,2.2057
7411,282.208,209.749,468.991,385.801,630.388,334.132,0,131.093,151.115,2.15273
7412,55.1997,68.5087,269.918,250.134,250.337,184.883,0,42.8179,12.3818,1.28917
7413,77.4994,67.8982,269.152,248.744,249.378,185.183,0,42.4364,35.063,1.82625
7414,340.012,300.966,358.534,443.753,349.749,174.644,0,188.103,151.908,1.80758
7415,0,0,61.6882,407.275,61.6882,407.275,0,0,0,0
7416,129.699,129.031,612.592,739.655,612.416,752.025,0,80.6442,49.0545,1.60828
7417,69.5995,67.4677,596.153,688.245,612.362,751.974,0,42.1673,27.4322,1.65056
7418,154,156.391,231.63,569.844,144.639,615.687,0,97.7444,56.2558,1.57554
7419,182.802,118.666,226.509,299.003,248.562,184.773,0,74.1663,108.636,2.46476
7420,201.703,197.753,525.399,506.124,615.67,539.75,0,123.595,78.1077,1.63196
7421,362.713,113.748,585.828,320.234,581.374,325.356,1,71.0923,291.621,5.102
7422,135.799,131.253,355.099,270.18,349.818,174.746,0,82.033,53.7661,1.65542
7423,192.803,152.053,286.063,625.77,144.658,615.711,0,95.033,97.7695,2.0288
7424,124.799,150.338,277.51,675.759,149.657,693.167,0,93.9612,30.8375,1.32819
7425,91.9992,90.1276,555.002,324.63,630.28,334.127,0,56.3297,35.6694,1.63323
7426,104.399,113.899,131.586,464.508,67.7356,405.447,0,71.1866,33.2124,1.46655
7427,200.203,180.517,430.475,303.629,355.579,174.359,0,112.823,87.3801,1.77449
7428,255.906,188.158,254.553,354.33,249.114,185.08,0,117.599,138.308,2.1761
7429,164.201,157.453,278.857,662.987,144.839,616.056,0,98.4082,65.7926,1.66857
7430,2.7,1.88146,606.448,817.819,607.586,816.323,0,1.17591,1.52409,2.29609
7431,57.2997,50.5281,593.24,647.212,613.259,613.193,0,31.5801,25.7196,1.81443
7432,173.001,136.861,522.69,672.733,613.294,613.173,0,85.5381,87.4632,2.02251
7433,37.2,36.6366,287.734,193.99,253.413,182.777,0,22.8979,14.3021,1.62461
7434,68.1995,70.0945,554.42,606.438,613.336,613.052,0,43.8091,24.3904,1.55674
7435,313.41,249.725,289.434,431.75,67.7276,404.932,0,156.078,157.332,2.00803
7436,78.7994,89.5824,334.98,243.486,349.469,174.591,0,55.989,22.8104,1.40741
7437,94.9991,82.7163,431.835,182.78,356.129,173.421,0,51.6977,43.3015,1.83759
7438,361.613,254.841,428.774,393.613,630.361,334.058,0,159.275,202.337,2.27036
7439,32.6001,44.0193,193.848,716.53,152.553,701.829,0,27.5121,5.08801,1.18494
7440,180.702,128.524,527.22,667.589,613.199,612.946,0,80.3275,100.374,2.24956
7441,6.1,5.45972,607.87,611.555,613.154,612.63,0,3.41232,2.68767,1.78764
7442,97.4991,131.825,343.753,695.995,312.278,818.06,0,82.3908,15.1082,1.18337
7443,340.212,300.906,326.707,493.843,144.719,615.744,0,188.066,152.145,1.809
7444,339.512,257.817,470.544,517.088,613.335,613.177,0,161.136,178.376,2.10699
7445,119.399,112.239,376.608,217.912,355.642,174.42,0,70.1494,49.2494,1.70206
7446,43.0999,48.9602,280.999,794.299,311.724,818.405,0,30.6001,12.4998,1.40849
7447,249.606,166.191,500.249,160.469,355.673,174.347,0,103.869,145.737,2.40307
7448,46.9999,56.3951,119.448,572.995,139.859,611.102,0,35.247,11.7529,1.33344
7449,175.502,224.165,499.153,258.581,647.931,197.78,0,140.103,35.3981,1.25266
7450,309.31,241.257,478.212,480.421,615.459,540.156,0,150.785,158.524,2.05132
7451,136.299,156.357,507.536,695.765,611.89,753.06,0,97.7231,38.576,1.39475
7452,75.5994,84.3109,157.159,536.358,139.669,611.106,0,52.6943,22.9051,1.43468
7453,83.7993,89.6982,232.922,629.942,144.83,615.992,0,56.0614,27.7379,1.49478
7454,134.199,170.571,391.7,689.373,313.457,818.261,0,106.607,27.592,1.25882
7455,66.5996,74.6468,576.241,348.948,630.304,334.112,0,46.6542,19.9453,1.42751
7456,113.599,153.749,547.656,287.095,648.145,197.988,0,96.093,17.5058,1.18218
7457,38.4,31.5012,234.249,211.052,249.105,185.104,0,19.6883,18.7117,1.9504
7458,46.9999,42.1928,294.414,187.004,253.483,182.656,0,26.3705,20.6294,1.78229
7459,146.1,108.027,224.504,288.537,249.192,185.084,0,67.5171,78.5826,2.16389
7460,17.1,18.2069,593.122,754.149,611.065,755.267,0,11.3793,5.72073,1.50273
7461,200.603,213.001,382.446,641.317,312.768,817.97,0,133.125,67.4777,1.50687
7462,63.8996,81.7779,537.166,776.856,611.164,755.154,0,51.1112,12.7884,1.25021
7463,51.5998,54.7935,407.163,182.625,355.994,173.713,0,34.246,17.3538,1.50674
7464,312.21,245.525,490.227,484.61,615.57,540.102,0,153.453,158.757,2.03456
7465,62.7996,70.9585,194.175,590.509,144.776,615.925,0,44.3491,18.4506,1.41603
7466,37.3,42.621,409.962,120.12,405.861,78.1831,0,26.6381,10.6619,1.40025
7467,63.2996,60.3007,573.767,640.034,613.347,612.503,0,37.6879,25.6117,1.67957
7468,351.812,250.609,492.639,488.293,615.481,540.175,0,156.631,195.182,2.24612
7469,264.507,208.058,479.418,274.65,355.586,174.383,0,130.036,134.471,2.0341
7470,124.399,159.019,394.079,700.655,313.383,818.17,0,99.3869,25.0118,1.25166
7471,108.499,118.795,186.359,259.715,248.368,184.838,0,74.2469,34.2521,1.46133
7472,94.7991,100.893,197.087,562.028,140.092,611.138,0,63.058,31.7411,1.50336
7473,128.499,146.908,527.567,194.314,647.861,191.624,0,91.8175,36.6812,1.3995
7474,23.8001,27.2339,614.597,292.585,635.942,282.342,0,17.0212,6.77886,1.39826
7475,129.899,158.252,285.693,698.552,310.422,818.919,0,98.9076,30.9911,1.31333
7476,140.599,125.948,275.816,299.926,249.693,185.223,0,78.7177,61.8817,1.78612
7477,111.499,107.674,284.717,282.23,249.505,185.192,0,67.2965,44.2024,1.65683
7478,21.1,24.9588,380.704,175.356,355.923,173.832,0,15.5993,5.50079,1.35263
7479,138.799,153.804,540.724,213.437,648.384,190.913,0,96.1273,42.672,1.44391
7480,94.2991,91.0002,230.449,272.373,249.511,185.198,0,56.8751,37.424,1.658
7481,79.9994,72.5884,598.651,355.922,630.329,334.262,0,45.3677,34.6316,1.76335
7482,6.4,6.4739,357.961,180.429,355.524,174.438,0,4.04619,2.35381,1.58174
7483,210.804,259.027,331.303,389.019,251.398,184.537,0,161.892,48.9117,1.30213
7484,353.712,251.959,460.809,469.63,615.568,540.151,0,157.474,196.238,2.24616
7485,183.302,162.623,195.988,354.152,67.6563,404.824,0,101.639,81.6627,1.80346
7486,186.502,147.932,199.842,370.785,67.741,405.571,0,92.4576,94.0445,2.01716
7487,362.713,181.134,494.147,683.617,563.374,617.46,1,113.209,249.504,3.20393
7488,13,16.4404,638.086,135.664,653.619,130.295,0,10.2753,2.72474,1.26517
7489,109.699,121.187,572.21,433.93,615.617,539.693,0,75.7419,33.957,1.44833
7490,2.8,1.90789,654.212,200.475,653.44,198.73,0,1.19243,1.60757,2.34814
7491,157.8,147.493,178.767,349.588,67.6467,404.857,0,92.1833,65.6171,1.71181
7492,161.501,208.287,512.824,259.682,648.154,197.954,0,130.18,31.321,1.2406
7493,244.506,327.738,393.743,590.205,312.662,818.024,0,204.836,39.6693,1.19366
7494,348.312,325.797,328.772,473.696,144.736,616.059,0,203.623,144.689,1.71057
7495,94.1991,115.724,563.166,209.288,647.844,191.594,0,72.3274,21.8718,1.3024
7496,67.7995,83.5463,536.073,778.264,611.16,754.821,0,52.2164,15.5831,1.29843
7497,70.4995,76.5289,556.639,339.142,630.347,333.885,0,47.8306,22.6689,1.47394
7498,15.9,20.4488,135.853,640.732,139.867,620.854,0,12.7805,3.11955,1.24409
7499,159.001,188.611,428.866,712.883,313.278,818.166,0,117.882,41.1188,1.34881
7500,65.8996,45.7539,256.24,229.82,249.749,185.106,0,28.5962,37.3034,2.30449
7501,186.202,165.439,193.637,341.552,67.7118,404.863,0,103.399,82.803,1.80081
7502,177.502,186.112,513.566,220.305,647.641,191.867,0,116.32,61.1817,1.52598
7503,155.2,175.189,541.917,238.034,647.707,191.8,0,109.493,45.7073,1.41745
7504,98.8991,110.722,230.221,652.823,144.659,616.273,0,69.2014,29.6977,1.42915
7505,52.5998,52.0731,263.598,234.619,249.924,185.075,0,32.5457,20.0541,1.61618
7506,6.9,7.339,259.511,186.843,252.866,183.792,0,4.58688,2.31312,1.50429
7507,65.8996,60.3178,125.978,397.428,67.7281,404.792,0,37.6986,28.201,1.74806
7508,251.706,234.11,269.755,425.542,67.7081,404.94,0,146.318,105.388,1.72026
7509,226.405,166.661,408.174,270.135,355.576,174.334,0,104.163,122.241,2.17355
7510,331.611,235.624,477.002,472.194,615.642,539.631,0,147.265,184.346,2.25179
7511,73.5994,76.9161,312.185,220.631,349.573,174.626,0,48.0725,25.5269,1.53101
7512,292.109,247.805,455.296,417.434,615.45,540.076,0,154.878,137.231,1.88605
7513,0,0,607.311,815.382,607.311,815.382,0,0,0,0
7514,6.7,6.58659,142.763,605.189,140.928,611.515,0,4.11662,2.58337,1.62755
7515,232.105,243.531,330.856,563.458,144.77,616.209,0,152.207,79.8982,1.52493
7516,189.002,133.023,508.838,655.008,613.279,613.047,0,83.1392,105.863,2.27332
7517,79.1994,81.0397,570.508,359.412,630.343,333.962,0,50.6498,28.5496,1.56367
7518,249.506,208.613,329.793,602.507,144.775,615.766,0,130.383,119.123,1.91364
7519,25.0001,27.8417,602.254,727.028,612.411,752.092,0,17.4011,7.59899,1.4367
7520,220.704,170.051,506.662,387.793,630.298,334.063,0,106.282,114.422,2.07659
7521,118.999,161.343,552.472,256.377,647.902,197.818,0,100.839,18.1596,1.18008
7522,362.713,230.764,400.629,612.877,570.787,617.721,1,144.228,218.485,2.51486
7523,71.7995,82.504,546.477,633.454,613.167,612.74,0,51.565,20.2345,1.39241
7524,109.399,96.7699,567.8,683.932,612.265,752.148,0,60.4812,48.9177,1.80881
7525,114.999,127.416,554.57,454.564,615.624,539.757,0,79.6352,35.3636,1.44407
7526,67.5995,61.0488,607.532,647.052,613.164,612.708,0,38.1555,29.4441,1.77169
7527,56.6997,50.7985,295.535,204.28,252.667,183.89,0,31.749,24.9507,1.78587
7528,236.105,191.819,446.127,297.15,355.621,174.365,0,119.887,116.218,1.9694
7529,250.106,186.351,509.068,533.13,613.299,612.552,0,116.469,133.637,2.1474
7530,332.611,160.312,492.43,636.4,613.176,612.917,0,100.195,232.416,3.31964
7531,362.713,227.615,411.146,469.982,585.616,467.857,1,142.26,220.453,2.54965
7532,344.312,257.834,437.427,447.554,615.54,540.021,0,161.146,183.165,2.13664
7533,39.4,52.0767,563.366,747.626,612.262,752.342,0,32.5479,6.85205,1.21052
7534,236.705,171.273,200.387,341.63,67.7392,404.954,0,107.045,129.66,2.21126
7535,19.9,23.5344,588.003,754.642,611.117,755.309,0,14.709,5.19104,1.35292
7536,253.706,207.978,281.355,560.266,144.68,615.731,0,129.986,123.72,1.9518
7537,195.803,195.055,251.107,555.044,144.728,615.681,0,121.909,73.8933,1.60613
7538,362.713,232.667,440.351,507.298,588.314,482.996,1,145.417,217.296,2.49429
7539,43.6999,44.0684,609.208,175.239,647.726,191.671,0,27.5428,16.1572,1.58662
7540,332.711,242.67,441.867,386.476,630.303,334.128,0,151.669,181.043,2.19367
7541,28.4001,34.9572,308.235,790.767,311.513,818.402,0,21.8482,6.55183,1.29988
7542,14.2,15.896,137.717,635.999,139.92,620.839,0,9.93499,4.26503,1.42929
7543,89.6992,84.6208,542.603,601.288,613.257,612.76,0,52.888,36.8112,1.69602
7544,126.099,125.641,540.274,150.686,653.508,130.045,0,78.5257,47.573,1.60583
7545,109.499,99.5086,157.7,514.869,139.614,611.22,0,62.1929,47.306,1.76063
7546,37.4,46.765,162.785,647.976,139.813,620.891,0,29.2281,8.17191,1.27959
7547,262.107,218.817,332.364,594.845,144.813,615.808,0,136.761,125.346,1.91654
7548,77.9994,71.8133,588.11,667.986,613.177,612.77,0,44.8833,33.1161,1.73783
7549,32.9001,30.2534,131.641,586.388,139.918,611.127,0,18.9084,13.9917,1.73997
7550,61.0996,78.7394,586.773,475.124,615.731,540.57,0,49.2121,11.8875,1.24156
7551,57.2997,67.4161,340.659,203.039,349.867,174.661,0,42.1351,15.1646,1.35991
7552,43.9999,56.6048,591.807,700.724,612.216,752.57,0,35.378,8.62193,1.24371
7553,0,0,653.263,195.681,653.263,195.681,0,0,0,0
7554,126.299,116.161,255.855,751.381,310.568,818.832,0,72.6004,53.6983,1.73964
7555,171.801,161.016,188.413,478.537,139.571,611.239,0,100.635,71.1662,1.70717
7556,159.401,133.184,296.069,293.286,251.054,184.588,0,83.2402,76.1603,1.91495
7557,119.999,104.39,133.488,520.308,139.683,611.141,0,65.2439,54.7549,1.83923
7558,362.713,268.923,424.747,439.348,607.058,540.961,1,168.077,194.636,2.15802
7559,362.713,232.702,475.571,490.423,596.68,507.819,1,145.439,217.274,2.49392
7560,23.2001,28.2295,600.267,786.89,606.547,811.424,0,17.6434,5.55662,1.31494
7561,63.1996,53.4555,112.374,418.102,67.6632,405.6,0,33.4097,29.7899,1.89165
7562,83.5993,83.8864,582.35,185.232,648.054,191.025,0,52.429,31.1703,1.59452
7563,280.108,206.292,500.274,519.265,613.152,612.671,0,128.933,151.175,2.17251
7564,99.2991,138.1,268.484,711.244,153.614,700.582,0,86.3122,12.9868,1.15046
7565,84.3993,108.992,559.518,200.803,647.775,191.837,0,68.1199,16.2794,1.23898
7566,276.608,235.219,351.853,371.854,349.624,174.595,0,147.012,129.596,1.88153
7567,206.803,171.471,506.207,388.125,630.37,334.106,0,107.169,99.634,1.92969
7568,37.3,41.783,614.424,175.142,648.454,190.876,0,26.1144,11.1856,1.42833
7569,48.6998,61.8618,597.706,201.635,647.985,197.873,0,38.6636,10.0362,1.25958
7570,36.4,46.3275,277.915,797.294,311.751,818.331,0,28.9547,7.44536,1.25714
7571,59.2997,54.9221,598.516,128.429,653.463,129.855,0,34.3263,24.9734,1.72753
7572,193.903,140.659,286.81,311.867,249.811,185.106,0,87.9116,105.991,2.20566
7573,25.8001,27.4091,403.824,105.123,405.709,78.22,0,17.1307,8.6694,1.50607
7574,210.904,177.665,416.818,294.926,355.566,174.357,0,111.041,99.8629,1.89934
7575,188.302,146.228,495.792,337.874,630.287,334.148,0,91.3922,96.9101,2.06038
7576,362.713,259.446,419.377,494.24,596.735,501.598,1,162.154,200.559,2.23685
7577,0,0,350.996,174.725,350.996,174.725,0,0,0,0
7578,38.4,49.9354,326.381,770.258,312.893,818.025,0,31.2096,7.19036,1.23039
7579,112.299,109.943,544.668,124.055,653.555,129.953,0,68.7144,43.5844,1.63428
7580,99.1991,103.769,178.938,535.686,140.079,611.088,0,64.8557,34.3434,1.52954
7581,282.108,231.87,265.43,430.02,67.6544,404.881,0,144.919,137.189,1.94666
7582,6.5,6.76737,347.218,180.944,349.6,174.61,0,4.22961,2.27039,1.53679
7583,362.713,241.289,484.879,486.743,605.813,538.987,1,150.806,211.907,2.40517
7584,342.012,246.136,459.223,459.375,615.619,539.686,0,153.835,188.177,2.22324
7585,37.2,46.7516,310.273,778.818,311.823,818.264,0,29.2197,7.98026,1.27311
7586,245.506,214.979,389.859,335.127,349.812,174.685,0,134.362,111.144,1.8272
7587,34.2001,39.2414,579.492,796.083,607.012,810.283,0,24.5259,9.67416,1.39445
7588,22.6,29.7112,622.814,212.59,648.351,198.119,0,18.5695,4.03054,1.21705
7589,187.302,181.913,235.282,508.388,140.075,611.063,0,113.696,73.6066,1.6474
7590,197.103,161.16,211.007,359.729,67.8391,404.968,0,100.725,96.3775,1.95684
7591,6.8,6.7944,639.826,194.759,646.564,194.605,0,4.2465,2.55349,1.60132
7592,29.2001,32.7385,569.725,834.515,602.478,833.307,0,20.4616,8.7385,1.42707
7593,362.713,245.519,409.526,602.328,594.482,614.561,1,153.45,209.263,2.36373
7594,17.9,17.7678,84.8714,409.496,67.837,405.226,0,11.1049,6.79513,1.6119
7595,38.2,49.2838,302.969,187.136,350.293,174.911,0,30.8024,7.39762,1.24016
7596,141.299,135.765,355.373,269.019,349.623,174.593,0,84.8531,56.4464,1.66522
7597,18,21.4582,581.096,831.502,602.447,833.315,0,13.4114,4.58866,1.34215
7598,59.4997,66.7317,282.417,776.766,310.98,818.673,0,41.7073,17.7923,1.4266
7599,231.205,281.526,334.234,410.882,251.484,184.422,0,175.954,55.2509,1.31401
7600,344.212,315.214,323.568,458.134,67.6815,404.87,0,197.009,147.203,1.74719
7601,134.799,175.382,534.041,296.425,648.124,197.993,0,109.614,25.1851,1.22976
7602,362.713,242.019,430.978,593.146,596.521,614.382,1,151.262,211.451,2.39791
7603,236.205,162.57,218.99,418.016,67.7026,405.469,0,101.606,134.599,2.32471
7604,53.1998,64.3945,561.188,789.916,606.301,811.979,0,40.2466,12.9532,1.32185
7605,120.599,110.017,546.375,662.333,613.17,612.668,0,68.7607,51.8381,1.75389
7606,257.106,216.159,485.324,458.318,615.536,540.109,0,135.099,122.007,1.90309
7607,304.909,289.84,338.606,533.31,144.836,616.021,0,181.15,123.76,1.68319
7608,109.199,110.179,229.377,755.388,152.785,701.733,0,68.8619,40.337,1.58577
7609,211.904,189.05,405.103,296.01,355.595,174.379,0,118.156,93.7476,1.79342
7610,0.9,0.29199,65.9672,401.216,65.8212,401.469,0,0.182494,0.717506,4.93167
7611,362.713,272.06,423.029,558.234,564.524,617.07,1,170.038,192.675,2.13313
7612,362.713,242.372,371.366,506.222,548.006,451.208,1,151.483,211.23,2.39442
7613,314.21,283.171,342.51,541.528,144.803,615.796,0,176.982,137.228,1.77538
7614,222.904,175.155,280.312,586.171,144.647,615.735,0,109.472,113.432,2.03618
7615,149.4,142.8,567.741,412.845,630.318,334.067,0,89.2501,60.1498,1.67395
7616,261.707,153.057,487.54,627.642,613.332,613.11,0,95.6606,166.046,2.73578
7617,307.01,197.516,449.012,638.496,613.187,612.893,0,123.448,183.562,2.48696
7618,157.7,200.249,517.224,265.736,647.876,197.705,0,125.156,32.5446,1.26003
7619,255.206,244.696,308.714,370.288,250.728,184.786,0,152.935,102.271,1.66872
7620,123.599,117.201,548.315,153.878,653.527,130.042,0,73.2505,50.3482,1.68734
7621,49.7998,62.7285,595.293,201.464,647.971,197.861,0,39.2053,10.5945,1.27023
7622,50.2998,59.4982,191.949,681.335,149.554,693.156,0,37.1864,13.1134,1.35264
7623,330.611,195.948,460.658,667.285,613.287,613.206,0,122.468,208.143,2.69958
7624,284.808,209.822,472.773,406.571,630.374,334.084,0,131.139,153.669,2.1718
7625,214.304,147.9,445.342,142.641,356.158,173.401,0,92.4374,121.867,2.31837
7626,346.212,316.874,323.183,457.277,67.8138,405.151,0,198.046,148.166,1.74814
7627,362.713,281.891,419.212,416.256,610.861,334.083,1,176.182,186.531,2.05874
7628,151.8,187.174,427.62,711.925,313.292,818.204,0,116.984,34.8165,1.29762
7629,104.799,104.712,549.26,127.555,653.511,130.049,0,65.4448,39.3542,1.60133
7630,169.701,140.268,474.628,155.627,355.446,174.419,0,87.6674,82.0337,1.93574
7631,328.011,324.716,351.501,476.343,144.738,616.011,0,202.947,125.064,1.61624
7632,164.401,208.543,518.738,258.75,647.922,197.662,0,130.34,34.0613,1.26133
7633,226.405,212.6,384.866,333.921,349.801,174.704,0,132.875,93.5298,1.70389
7634,227.805,282.798,285.244,492.52,139.892,611.105,0,176.749,51.0557,1.28886
7635,143.3,132.088,331.908,276.89,349.866,174.808,0,82.5551,60.7444,1.7358
7636,312.61,240.364,271.977,414.322,67.6424,405.512,0,150.227,162.383,2.08091
7637,25.5001,34.5658,319.499,189.908,349.859,174.806,0,21.6037,3.89641,1.18036
7638,72.3995,76.0841,538.531,613.521,613.223,612.875,0,47.5525,24.8469,1.52252
7639,134.399,155.127,93.2042,495.498,67.7703,405.399,0,96.9543,37.4447,1.38621
7640,278.608,213.007,485.428,272.747,356.148,173.515,0,133.129,145.478,2.09276
7641,159.601,146.88,507.566,121.642,653.485,129.751,0,91.8003,67.8003,1.73856
7642,61.5996,52.3417,118.772,399.397,67.7278,404.819,0,32.7136,28.8861,1.883
7643,2.1,1.33593,139.317,609.849,139.741,611.115,0,0.834957,1.26504,2.5151
7644,176.102,132.678,212.815,310.43,249.181,185.078,0,82.9237,93.1778,2.12366
7645,362.713,237.613,460.976,470.372,606.245,537.857,1,148.508,214.205,2.44238
7646,148.7,164.808,538.222,228.028,648.371,190.898,0,103.005,45.6949,1.44362
7647,106.699,139.338,323.475,697.728,312.277,818.058,0,87.0864,19.6126,1.22521
7648,54.0997,59.5821,161.226,567.459,139.895,611.087,0,37.2388,16.8609,1.45278
7649,96.3991,91.6422,191.545,234.775,248.708,184.941,0,57.2763,39.1228,1.68305
7650,288.608,175.914,465.675,648.689,613.193,612.673,0,109.946,178.662,2.625
7651,219.604,170.706,462.293,575.364,613.251,612.952,0,106.691,112.913,2.05831
7652,55.8997,63.875,408.618,152.058,355.962,173.655,0,39.9219,15.9778,1.40023
7653,0,0,610.41,809.477,610.41,809.477,0,0,0,0
7654,0,0,618.485,538.541,618.485,538.541,0,0,0,0
7655,225.005,172.314,219.274,357.688,67.6793,404.921,0,107.696,117.309,2.08926
7656,154.6,139.387,312.645,294.101,250.949,184.628,0,87.1169,67.4833,1.77463
7657,262.907,208.423,475.373,406.103,630.295,334.059,0,130.264,132.643,2.01826
7658,65.9996,58.9954,125.505,401.164,67.6626,405.608,0,36.8721,29.1274,1.78996
7659,87.1992,83.7235,532.372,614.226,613.206,612.87,0,52.3272,34.872,1.66642
7660,190.402,162.354,303.104,638.327,144.756,616.197,0,101.471,88.9313,1.87642
7661,159.701,113.721,513.415,637.772,613.318,613.055,0,71.0759,88.6246,2.2469
7662,37.2,34.4804,240.431,218.423,249.927,185.138,0,21.5503,15.6497,1.7262
7663,60.0997,67.8166,147.754,544.578,139.937,611.152,0,42.3854,17.7143,1.41793
7664,0.1,0.00583781,406.01,78.2219,406.115,78.2443,0,0.00364863,0.0963514,27.4076
7665,210.904,213.91,509.031,505.693,615.535,539.971,0,133.694,77.2098,1.57751
7666,110.699,141.553,272.189,697.312,149.547,693.167,0,88.4707,22.2282,1.25125
7667,197.503,118.24,194.263,261.906,248.194,184.691,0,73.9,123.603,2.67257
7668,166.401,127.302,164.133,432.435,67.6632,405.572,0,79.5637,86.8373,2.09142
7669,362.713,218.111,393.581,518.396,546.44,445.212,1,136.32,226.393,2.66075
7670,164.501,139.519,244.436,314.584,249.82,185.114,0,87.1995,77.3014,1.88649
7671,334.011,261.99,435.466,441.82,615.502,539.754,0,163.744,170.267,2.03984
7672,5,4.53646,137.471,624.87,139.335,620.734,0,2.83529,2.16471,1.76349
7673,110.199,122.945,362.801,240.816,349.697,174.68,0,76.8404,33.3585,1.43413
7674,362.713,231.913,457.222,479.764,599.373,513.839,1,144.945,217.767,2.50241
7675,362.713,278.189,407.425,567.759,576.185,617.19,1,173.868,188.845,2.08614
7676,41.4999,48.0468,171.3,590.587,144.733,615.657,0,30.0293,11.4707,1.38198
7677,64.8996,70.9554,413.843,146.785,356.006,173.672,0,44.3471,20.5525,1.46344
7678,80.8993,94.0758,283.998,261.438,250.239,185.001,0,58.7974,22.102,1.3759
7679,145.6,156.791,309.044,689.946,312.208,818.163,0,97.9941,47.6056,1.4858
7680,106.699,109.31,307.225,246.064,349.87,174.795,0,68.3185,38.3805,1.56179
7681,29.5001,40.295,322.119,779.139,312.724,817.959,0,25.1844,4.31569,1.17136
7682,1,0.33676,640.889,287.338,640.802,287.012,0,0.210475,0.789525,4.75115
7683,6.7,6.37138,599.614,812.905,605.968,812.84,0,3.98212,2.71788,1.68252
7684,158.6,116.548,546.421,572.032,613.316,613.149,0,72.8426,85.7578,2.1773
7685,170.201,127.785,525.69,666.519,613.178,612.836,0,79.8659,90.3353,2.13109
7686,319.51,249.512,471.051,501.649,613.288,613.183,0,155.945,163.565,2.04887
7687,343.612,300.99,408.105,407.653,349.902,174.811,0,188.119,155.493,1.82657
7688,100.499,100.024,553.405,127.916,653.558,129.953,0,62.5149,37.9842,1.6076
7689,88.5992,89.6533,548.264,333.705,630.321,334.258,0,56.0333,32.5659,1.58119
7690,92.6992,121.338,264.62,727.385,153.532,700.496,0,75.8363,16.8629,1.22236
7691,161.501,184.146,388.787,676.005,313.047,818.077,0,115.091,46.4092,1.40324
7692,41.8999,60.028,210.118,720.652,153.715,700.392,0,37.5175,4.38242,1.11681
7693,126.399,128.38,527.133,708.116,611.957,752.865,0,80.2377,46.161,1.5753
7694,129.899,147.965,215.863,524.328,140.019,611.139,0,92.4781,37.4206,1.40464
7695,215.104,192.617,440.336,312.462,355.592,174.338,0,120.386,94.7181,1.78679
7696,257.907,211.738,492.08,423.66,630.362,334.123,0,132.336,125.57,1.94887
7697,49.5998,61.6726,279.972,781.886,311.3,818.458,0,38.5453,11.0545,1.28679
7698,37.3,30.6864,232.415,206.306,248.643,184.916,0,19.179,18.121,1.94484
7699,7.2,7.99077,622.854,336.942,630.471,334.531,0,4.99423,2.20577,1.44166
7700,130.999,157.758,284.566,695.662,149.76,693.227,0,98.599,32.3998,1.3286
7701,80.0993,86.2751,116.936,450.254,67.7433,404.86,0,53.9219,26.1774,1.48547
7702,45.8999,62.9873,212.332,722.712,153.622,700.281,0,39.3671,6.53281,1.16595
7703,102.299,91.04,553.795,710.615,612.082,752.766,0,56.9,45.399,1.79787
7704,158.8,135.904,169.374,355.275,67.6687,404.851,0,84.9403,73.8602,1.86955
7705,51.2998,38.3674,277.581,210.189,252.502,184.026,0,23.9796,27.3202,2.13931
7706,50.2998,61.2215,614.541,240.29,635.923,282.547,0,38.2634,12.0364,1.31457
7707,18.5,20.7563,593.446,608.119,613.259,613.092,0,12.9727,5.52734,1.42607
7708,74.6994,71.3327,418.702,149.765,356.056,173.541,0,44.5829,30.1165,1.67552
7709,47.5998,44.7279,111.652,396.344,67.7287,404.789,0,27.9549,19.6449,1.70273
7710,51.5998,56.4225,610.826,160.757,648.389,190.868,0,35.2641,16.3357,1.46324
7711,121.199,149.814,344.862,677.293,312.798,818.006,0,93.6337,27.565,1.29439
7712,185.902,152.608,293.738,634.335,144.659,615.664,0,95.3799,90.5222,1.94907
7713,12.3,13.1481,637.778,206.046,648.226,198.118,0,8.21755,4.08246,1.4968
7714,63.6996,70.1518,583.393,309.307,630.331,334.091,0,43.8449,19.8547,1.45284
7715,0,0,313.986,824.737,313.986,824.737,0,0,0,0
7716,362.713,339.379,364.428,472.246,345.895,179.327,1,212.112,150.601,1.71001
7717,16.5,16.3183,606.522,554.331,616.155,541.794,0,10.1989,6.30109,1.61782
7718,301.209,237.821,502.13,484.215,615.615,539.673,0,148.638,152.571,2.02646
7719,126.599,92.6712,524.011,608.361,613.246,612.815,0,57.9195,68.6792,2.18577
7720,110.799,103.804,534.359,354.425,630.273,333.965,0,64.8772,45.9217,1.70782
7721,67.9995,82.3865,540.819,754.014,611.131,755.359,0,51.4915,16.508,1.3206
7722,170.801,152.725,523.612,389.796,630.315,334.114,0,95.4529,75.3483,1.78938
7723,47.3998,51.3145,608.097,168.004,647.696,191.687,0,32.0716,15.3283,1.47794
7724,33.7001,39.1508,160.904,589.364,139.935,611.128,0,24.4693,9.2308,1.37724
7725,362.713,209.93,473.968,480.887,592.893,488.75,1,131.206,231.506,2.76444
7726,189.202,200.46,352.534,635.387,312.852,817.958,0,125.288,63.9148,1.51014
7727,162.201,132.744,452.387,223.209,356.18,173.22,0,82.9647,79.236,1.95506
7728,31.9001,40.5952,311.948,187.301,350.172,174.821,0,25.372,6.5281,1.2573
7729,99.899,86.3343,577.661,681.531,612.292,752.264,0,53.959,45.9401,1.85139
7730,12.9,13.6705,364.347,184.737,355.561,174.408,0,8.54409,4.35592,1.50982
7731,97.4991,93.7793,234.584,272.94,248.546,184.818,0,58.6121,38.887,1.66346
7732,34.5,43.4949,610.508,218.139,647.967,197.942,0,27.1843,7.31573,1.26912
7733,177.802,183.104,395.144,290.337,355.561,174.385,0,114.44,63.3618,1.55367
7734,19.8,26.0186,614.918,291.289,636.041,282.569,0,16.2616,3.53844,1.21759
7735,211.204,171.791,462.158,574.682,613.329,612.538,0,107.369,103.834,1.96708
7736,311.31,242.399,242.573,460.36,67.7038,404.926,0,151.499,159.811,2.05486
7737,170.801,175.574,199.586,473.391,139.572,611.213,0,109.734,61.0677,1.55651
7738,302.909,214.972,475.273,411.686,630.353,334.05,0,134.358,168.552,2.2545
7739,34.7,44.6174,195.206,716.641,153.74,700.256,0,27.8859,6.81416,1.24436
7740,93.6991,106.137,564.117,470.381,615.562,539.618,0,66.3357,27.3634,1.4125
7741,196.903,137.659,483.556,606.442,613.33,613.115,0,86.037,110.866,2.28858
7742,259.807,195.536,474.786,545.413,613.328,613.188,0,122.21,137.596,2.1259
7743,236.005,168.308,565.671,527.982,613.166,613.02,0,105.193,130.813,2.24356
7744,95.9991,87.7515,564.277,361.11,630.288,334.127,0,54.8447,41.1544,1.75038
7745,85.1993,86.4142,179.698,210.668,248.412,184.76,0,54.0089,31.1904,1.57751
7746,211.704,173.345,224.747,397.657,67.7324,404.911,0,108.341,103.363,1.95406
7747,159.101,141.907,422.509,267.405,356.225,173.309,0,88.692,70.4086,1.79386
7748,214.004,173.581,446.111,276.626,355.622,174.336,0,108.488,105.516,1.97261
7749,105.599,91.8327,553.049,710.199,611.987,752.9,0,57.3955,48.2035,1.83985
7750,74.5994,76.1731,142.399,395.995,67.7372,405.611,0,47.6082,26.9912,1.56695
7751,169.101,186.421,356.858,649.714,313.097,818.105,0,116.513,52.5881,1.45135
7752,362.713,243.974,373.865,500.113,563.468,451.061,1,152.484,210.229,2.3787
7753,114.499,111.203,562.217,380.865,630.378,333.785,0,69.5016,44.9972,1.64743
7754,87.2992,86.9557,307.65,742.826,311.723,818.415,0,54.3473,32.9519,1.60632
7755,235.805,168.728,242.033,339.946,249.712,185.21,0,105.455,130.35,2.23608
7756,26.7001,29.7839,572.835,832.424,602.431,833.33,0,18.615,8.0851,1.43433
7757,269.407,217.751,286.155,378.219,248.93,184.986,0,136.095,133.313,1.97956
7758,127.099,113.491,542.484,670.11,613.157,612.766,0,70.932,56.1666,1.79184
7759,322.01,254.53,291.578,430.967,67.6878,405.575,0,159.081,162.929,2.02419
7760,163.601,143.562,241.657,318.198,250.07,184.978,0,89.726,73.8748,1.82334
7761,91.5992,95.2368,206.519,572.919,144.723,615.61,0,59.523,32.0762,1.53889
7762,13.2,12.3298,590.346,834.934,602.448,833.359,0,7.70613,5.49388,1.71292
7763,251.206,224.102,370.232,370.247,349.565,174.556,0,140.063,111.143,1.79352
7764,182.702,132.177,164.493,438.631,67.7445,405.579,0,82.6105,100.091,2.21161
7765,96.4991,132.027,253.278,664.202,149.394,693.279,0,82.517,13.9821,1.16945
7766,224.905,180.305,519.17,532.29,613.269,612.464,0,112.691,112.214,1.99577
7767,141.599,127.619,417.708,248.605,355.572,174.408,0,79.7619,61.8375,1.77528
7768,356.113,218.95,426.999,627.797,613.253,612.953,0,136.844,219.269,2.60233
7769,189.002,117.966,224.315,298.969,248.756,184.869,0,73.7289,115.273,2.56348
7770,35.4,34.5036,286.415,189.35,253.434,182.831,0,21.5648,13.8353,1.64157
7771,225.905,160.888,507.127,684.128,613.21,612.55,0,100.555,125.35,2.24658
7772,249.506,245.113,267.431,404.11,250.98,184.643,0,153.196,96.3103,1.62868
7773,44.8999,57.5036,194.497,677.899,149.601,693.289,0,35.9397,8.96017,1.24931
7774,19.4,26.2646,627.266,129.477,653.488,129.953,0,16.4153,2.98469,1.18182
7775,141.899,130.791,531.945,681.63,613.262,612.844,0,81.7445,60.1549,1.73589
7776,119.699,100.64,238.209,279.812,249.633,185.224,0,62.8999,56.7988,1.903
7777,299.109,265.158,316.614,526.265,144.742,615.752,0,165.724,133.385,1.80486
7778,102.399,99.6929,403.549,223.339,356.241,173.423,0,62.3081,40.0909,1.64343
7779,100.199,92.1185,223.594,271.8,249.168,185.106,0,57.5741,42.625,1.74035
7780,321.41,318.136,350.412,455.94,349.497,174.622,0,198.835,122.575,1.61647
7781,198.903,196.362,222.226,475.777,139.979,611.124,0,122.726,76.1768,1.62071
7782,61.2996,51.7925,119.049,403.949,67.6465,405.597,0,32.3703,28.9294,1.8937
7783,264.307,247.128,281.575,432.35,67.7373,404.847,0,154.455,109.852,1.71122
7784,188.602,185.999,228.884,541.249,139.922,611.13,0,116.25,72.3526,1.62239
7785,123.199,107.565,157.398,505.481,139.694,611.099,0,67.228,55.9707,1.83255
7786,106.999,107.204,538.102,714.294,612.026,752.906,0,67.0026,39.9964,1.59694
7787,5.2,4.71153,643.012,198.096,647.485,196.617,0,2.94471,2.25529,1.76588
7788,45.9999,52.6502,610.133,165.049,648.398,190.803,0,32.9064,13.0935,1.3979
7789,237.905,163.105,487.497,663.313,613.324,613.156,0,101.941,135.965,2.33376
7790,133.099,101.208,231.963,282.75,249.467,185.201,0,63.2548,69.8441,2.10417
7791,72.6995,91.9472,527.77,779.977,611.165,754.941,0,57.467,15.2325,1.26506
7792,1.9,1.007,402.244,68.8685,402.798,69.7097,0,0.629376,1.27062,3.01887
7793,15.6,17.1985,84.0057,409.964,67.7624,405.221,0,10.749,4.85097,1.45129
7794,99.0991,123.769,584.83,282.479,648.017,198.042,0,77.3555,21.7436,1.28109
7795,8.2,9.27742,645.6,207.032,648.919,198.371,0,5.79839,2.40161,1.41419
7796,69.0995,75.2123,573.841,353.426,630.281,334.049,0,47.0077,22.0919,1.46996
7797,27.8001,38.8013,188.901,715.579,152.739,701.768,0,24.2508,3.54925,1.14636
7798,172.001,125.7,176.178,420.537,67.7342,405.586,0,78.5627,93.4386,2.18935
7799,277.708,190.066,482.91,685.246,613.215,612.613,0,118.791,158.916,2.33778
7800,218.104,177.102,474.14,563.667,613.165,612.595,0,110.689,107.415,1.97043
7801,101.699,100.746,553.892,121.772,653.504,129.957,0,62.9661,38.7329,1.61514
7802,85.2993,84.2594,204.673,583.033,144.645,615.667,0,52.6621,32.6372,1.61975
7803,254.806,203.75,283.834,365.26,250.243,184.878,0,127.344,127.463,2.00093
7804,229.505,247.92,507.38,489.136,615.465,540.104,0,154.95,74.5547,1.48115
7805,188.102,156.078,234.265,327.244,249.893,185.093,0,97.549,90.5532,1.92828
7806,28.3001,34.5892,319.322,784.39,312.738,817.958,0,21.6182,6.68184,1.30908
7807,127.799,101.394,166.143,406.84,67.7291,404.945,0,63.3711,64.4275,2.01667
7808,82.2993,102.722,598.645,461.465,615.543,539.814,0,64.2014,18.0979,1.28189
7809,182.902,147.224,566.028,412.461,630.318,334.068,0,92.0152,90.8867,1.98774
7810,141.499,169.83,297.668,697.747,149.449,693.328,0,106.144,35.3554,1.33309
7811,130.299,138.935,502.223,719.64,611.871,753.087,0,86.8341,43.4647,1.50055
7812,168.201,145.048,199.577,372.49,67.7277,405.57,0,90.6551,77.546,1.8554
7813,253.306,163.548,459.087,598.21,613.258,613.018,0,102.218,151.089,2.47811
7814,166.801,149.687,517.85,138.603,653.636,130.307,0,93.5546,73.2463,1.78293
7815,229.805,177.934,224.057,359.436,67.6896,404.867,0,111.209,118.596,2.06643
7816,75.7994,71.8984,423.479,177.862,355.808,174.263,0,44.9365,30.8629,1.68681
7817,318.01,289.708,267.514,469.415,67.6559,405.454,0,181.068,136.943,1.75631
7818,10.5,12.5637,345.978,186.754,350.438,175.012,0,7.85234,2.64767,1.33718
7819,22.9001,27.6029,323.562,181.126,349.562,174.572,0,17.2518,5.64826,1.3274
7820,91.8992,118.517,361.129,715.173,312.671,818,0,74.0732,17.826,1.24065
7821,83.2993,106.808,325.576,717.838,312.551,817.966,0,66.755,16.5443,1.24784
7822,252.106,349.051,388.526,533.039,312.646,817.981,0,218.157,33.9491,1.15562
7823,61.5996,71.4646,194.028,590.718,144.677,616.288,0,44.6654,16.9342,1.37914
7824,200.003,185.975,344.436,321.624,349.741,174.724,0,116.234,83.7687,1.72069
7825,203.603,172.994,504.127,393.49,630.253,334.143,0,108.121,95.482,1.8831
7826,19.7,18.4565,158.07,609.841,144.777,615.921,0,11.5353,8.16473,1.7078
7827,199.203,160.256,229.304,324.763,249.824,185.097,0,100.16,99.0432,1.98885
7828,177.302,224.069,498.435,258.667,647.972,198.034,0,140.043,37.2586,1.26605
7829,128.499,120.34,352.243,255.013,349.775,174.719,0,75.2126,53.286,1.70847
7830,81.5993,73.4852,267.322,255.607,249.918,185.122,0,45.9282,35.6711,1.77667
7831,172.401,177.348,515.815,445.941,615.501,540.124,0,110.843,61.5586,1.55537
7832,131.599,138.775,307.06,299.37,251.204,184.488,0,86.7345,44.8643,1.51726
7833,244.606,178.643,248.519,347.042,250.083,184.975,0,111.652,132.954,2.19079
7834,362.713,279.162,423.868,431.962,606.247,541.61,1,174.476,188.237,2.07887
7835,16.7,17.8281,260.247,199.651,252.627,183.963,0,11.1426,5.55746,1.49876
7836,207.503,175.881,314.524,622.43,144.814,616.044,0,109.926,97.5776,1.88767
7837,76.8994,102.943,577.14,238.299,647.855,197.839,0,64.3393,12.5601,1.19522
7838,219.704,210.205,606.347,383.405,615.56,539.664,0,131.378,88.3262,1.67231
7839,230.105,182.547,275.721,352.146,251.079,184.613,0,114.092,116.013,2.01684
7840,141.999,131.608,333.218,277.028,349.903,174.795,0,82.2552,59.7443,1.72633
7841,150.5,164.8,317.334,311.786,251.446,184.473,0,103,47.5001,1.46117
7842,178.302,136.916,300.159,297.317,250.958,184.637,0,85.5726,92.7291,2.08363
7843,35.4,40.4051,615.186,176.713,648.46,190.843,0,25.2532,10.1469,1.4018
7844,166.601,152.906,335.183,291.127,349.731,174.736,0,95.5665,71.0345,1.7433
7845,42.2999,38.8475,290.307,190.657,253.403,182.876,0,24.2797,18.0203,1.7422
7846,120.399,115.787,564.433,384.982,630.316,333.888,0,72.3671,48.0317,1.66372
7847,334.411,233.101,483.713,510.198,613.229,613.022,0,145.688,188.723,2.29539
7848,220.804,257.177,395.778,633.709,313.097,818.082,0,160.736,60.0686,1.37371
7849,362.713,120.442,426.084,132.966,424.369,121.999,1,75.276,287.437,4.81844
7850,52.0998,64.7332,604.159,251.422,635.946,282.399,0,40.4582,11.6415,1.28774
7851,156.1,158.464,182.223,474.075,140.222,611.214,0,99.0398,57.0606,1.57614
7852,107.999,140.215,380.774,706.599,313.198,818.165,0,87.6341,20.3648,1.23238
7853,155.1,124.709,215.774,303.305,248.379,184.803,0,77.9432,77.1571,1.98992
7854,105.199,101.018,562.124,370.911,630.36,334.382,0,63.1364,42.0625,1.66622
7855,313.41,223.942,472.281,369.906,630.345,334.081,0,139.964,173.446,2.23922
7856,124.699,144.204,585.673,423.154,615.5,539.872,0,90.1276,34.5711,1.38358
7857,152.1,112.048,176.138,406.605,67.6708,405.588,0,70.0298,82.0703,2.17193
7858,139.199,128.38,170.055,494.377,140.138,611.079,0,80.2377,58.9616,1.73484
7859,107.399,91.0232,535.173,599.418,613.196,612.828,0,56.8895,50.5095,1.88785
7860,235.305,212.686,348.862,349.374,349.883,174.841,0,132.929,102.377,1.77016
7861,183.802,145.769,271.306,655.213,144.66,615.665,0,91.1058,92.6962,2.01746
7862,22.3,23.9064,412.212,101.356,406.126,78.2371,0,14.9415,7.35853,1.49249
7863,283.208,226.641,265.236,426.529,67.706,404.93,0,141.651,141.557,1.99934
7864,250.006,214.823,294.446,365.522,249.811,185.077,0,134.264,115.742,1.86205
7865,7.1,6.76248,606.523,613.468,613.154,612.846,0,4.22655,2.87344,1.67986
7866,106.799,87.4092,567.383,665.339,613.239,612.846,0,54.6308,52.1682,1.95492
7867,114.199,108.031,421.105,233.635,355.777,174.139,0,67.5192,46.6796,1.69135
7868,205.303,200.436,490.471,441.393,615.619,539.617,0,125.273,80.0307,1.63885
7869,85.7993,82.7056,354.905,202.215,349.807,174.69,0,51.691,34.1082,1.65985
7870,362.713,251.558,414.316,600.466,594.646,613.735,1,157.224,205.489,2.30699
7871,81.7993,88.9359,533.783,753.4,611.07,755.156,0,55.5849,26.2144,1.47161
7872,254.706,227.155,469.233,427.747,615.634,539.748,0,141.972,112.734,1.79406
7873,27.0001,31.6884,620.099,202.317,647.768,197.593,0,19.8053,7.1948,1.36328
7874,311.61,248.432,445.222,438.568,615.6,539.656,0,155.27,156.34,2.00689
7875,31.1001,33.4647,389.207,176.139,356.148,173.648,0,20.9155,10.1846,1.48694
7876,362.713,280.345,445.856,568.688,610.094,612.619,1,175.215,187.498,2.0701
7877,274.308,204.6,284.617,366.445,249.133,185.084,0,127.875,146.432,2.14512
7878,68.8995,66.0663,113.325,430.284,67.7292,404.794,0,41.2914,27.6081,1.66862
7879,269.007,220.901,393.521,337.485,349.713,174.671,0,138.063,130.944,1.94844
7880,11.4,11.7793,156.252,618.408,144.808,615.868,0,7.36205,4.03796,1.54848
7881,191.803,135.032,482.566,184.834,356.176,173.408,0,84.3948,107.408,2.27268
7882,362.713,256.54,445.305,575.622,593.933,615.078,1,160.338,202.375,2.26218
7883,118.999,127.141,277.39,728.532,311.733,818.426,0,79.463,39.5357,1.49754
7884,139.799,115.155,251.683,617.53,144.804,616.187,0,71.9718,67.8275,1.94242
7885,51.3998,62.5984,550.943,762.363,611.128,755.403,0,39.124,12.2758,1.31377
7886,256.506,194.733,298.105,349.981,248.76,185.024,0,121.708,134.798,2.10755
7887,282.508,183.724,460.314,637.524,613.166,612.973,0,114.828,167.68,2.46028
7888,34.2001,35.626,602.424,586.063,613.322,612.393,0,22.2662,11.9338,1.53596
7889,168.001,143.049,244.548,318.774,249.847,185.097,0,89.4056,78.5955,1.87909
7890,38.2,50.0962,602.3,213.983,648.215,198.061,0,31.3101,6.88986,1.22005
7891,154.1,154.691,354.321,304.614,349.869,174.781,0,96.6819,57.4183,1.59389
7892,194.603,156.791,499.19,353.784,630.323,334.062,0,97.9945,96.6082,1.98585
7893,327.711,252.652,515.908,483.922,615.495,540.123,0,157.907,169.803,2.07534
7894,25.8001,29.4657,573.234,835.8,602.393,833.273,0,18.416,7.38402,1.40096
7895,33.0001,44.3169,321.33,774.976,312.775,817.978,0,27.6981,5.30199,1.19142
7896,45.6999,52.0152,123.793,576.624,139.882,611.163,0,32.5095,13.1904,1.40574
7897,362.713,34.8461,563.54,548.132,561.527,554.754,1,21.7788,340.934,16.6544
7898,188.902,148.61,521.76,558.997,613.355,612.482,0,92.8812,96.0211,2.03381
7899,86.6992,79.9192,186.261,211.977,248.908,185.018,0,49.9495,36.7498,1.73574
7900,8.8,8.98569,354.439,184.404,352.174,175.712,0,5.61605,3.18394,1.56694
7901,38.6,41.9902,179.913,673.553,149.902,693.226,0,26.2439,12.3561,1.47082
7902,214.704,162.381,178.274,300.592,248.201,184.699,0,101.488,113.216,2.11556
7903,279.808,257.469,347.878,391.012,349.417,174.507,0,160.918,118.89,1.73882
7904,90.2992,90.4673,229.395,271.947,249.156,185.13,0,56.5421,33.7571,1.59703
7905,210.804,242.816,259.364,517.294,139.94,611.117,0,151.76,59.0436,1.38906
7906,232.405,291.752,332.045,420.979,251.428,184.516,0,182.345,50.0602,1.27454
7907,291.009,297.027,349.102,525.529,144.807,616.188,0,185.642,105.367,1.56758
7908,89.4992,115.164,350.908,711.013,312.645,817.968,0,71.9776,17.5216,1.24343
7909,16.8,18.6884,591.734,802.809,606.656,810.985,0,11.6803,5.11978,1.43833
7910,98.2991,104.98,293.13,735.018,311.752,818.319,0,65.6123,32.6868,1.49818
7911,362.713,241.208,455.245,457.938,609.095,540.592,1,150.755,211.958,2.40597
7912,153.2,136.569,167.189,482.253,140.048,611.137,0,85.3554,67.8448,1.79485
7913,21.5,23.0109,594.875,766.363,611.133,754.971,0,14.3818,7.11823,1.49495
7914,131.899,168.989,409.757,707.397,313.439,818.308,0,105.618,26.2807,1.24883
7915,92.5992,107.55,568.068,168.397,653.456,130.063,0,67.2185,25.3807,1.37758
7916,362.713,276.546,432.396,425.569,606.161,539.493,1,172.841,189.872,2.09853
7917,317.61,241.648,421.938,344.739,355.612,174.385,0,151.03,166.58,2.10297
7918,258.207,221.564,395.142,336.051,349.664,174.659,0,138.477,119.729,1.86461
7919,0,0,617.469,542.449,617.469,542.449,0,0,0,0
7920,301.009,199.71,506.661,535.723,613.184,612.753,0,124.819,176.19,2.41157
7921,174.801,165.566,193.963,478.044,139.655,611.118,0,103.479,71.3229,1.68925
7922,13.5,15.1691,369.159,181.004,355.807,174.229,0,9.48068,4.01934,1.42395
7923,75.7994,98.3365,579.742,457.185,615.554,539.633,0,61.4603,14.3391,1.23331
7924,223.904,174.048,541.894,526.88,613.277,612.484,0,108.78,115.124,2.05832
7925,346.712,260.346,450.195,408.094,630.292,334.067,0,162.716,183.996,2.13078
7926,302.909,301.188,288.672,475.672,67.7445,404.93,0,188.243,114.667,1.60914
7927,338.811,332.005,356.981,472.667,144.822,616.006,0,207.503,131.308,1.6328
7928,209.404,167.214,230.278,339.523,249.983,185.049,0,104.509,104.895,2.00369
7929,265.307,226.156,475.737,459.34,615.659,539.629,0,141.347,123.96,1.87699
7930,105.399,103.963,222.517,752.222,152.847,701.728,0,64.9768,40.4222,1.6221
7931,31.7001,36.5606,413.882,113.617,405.859,78.1399,0,22.8504,8.84972,1.38729
7932,85.1993,87.2422,340.244,230.792,349.98,174.808,0,54.5264,30.6729,1.56253
7933,307.61,218.994,477.369,414.64,630.266,334.138,0,136.871,170.739,2.24744
7934,40.7999,50.9505,323.612,206.86,349.872,174.686,0,31.844,8.95591,1.28124
7935,118.599,113.007,541.804,701.248,611.871,753.114,0,70.6293,47.9695,1.67917
7936,42.9999,50.1563,174.092,592.032,144.728,615.951,0,31.3477,11.6523,1.37171
7937,92.2992,76.2041,286.091,768.212,311.497,818.406,0,47.6276,44.6716,1.93794
7938,31.9001,27.8409,235.439,204.911,249.066,184.983,0,17.4006,14.4995,1.83328
7939,106.599,96.3075,132.35,528.759,139.567,611.2,0,60.1922,46.4068,1.77098
7940,64.1996,83.047,332.707,738.183,312.826,818.026,0,51.9044,12.2952,1.23688
7941,61.8996,84.5442,234,726.657,153.709,700.532,0,52.8401,9.0595,1.17145
7942,214.704,205.52,485.37,439.616,615.465,539.781,0,128.45,86.254,1.6715
7943,14.3,16.9895,142.813,594.506,139.919,611.074,0,10.6184,3.68161,1.34672
7944,80.1993,77.9289,536.671,615.432,613.249,612.906,0,48.7056,31.4938,1.64662
7945,73.2995,102.068,582.973,260.503,648.01,197.914,0,63.7926,9.50682,1.14903
7946,183.702,187.07,398.535,292.173,355.469,174.392,0,116.919,66.7831,1.57119
7947,165.001,142.998,434.859,260.137,355.629,174.389,0,89.374,75.6269,1.84618
7948,362.713,264.706,428.18,429.577,610.358,540.631,1,165.441,197.272,2.1924
7949,173.801,165.391,489.415,115.64,653.487,129.954,0,103.37,70.4319,1.68136
7950,77.2994,70.8636,416.479,195.146,355.821,174.305,0,44.2897,33.0097,1.74531
7951,115.699,143.965,535.432,208.183,648.154,190.937,0,89.978,25.7208,1.28586
7952,215.804,164.075,211.096,359.198,67.6971,404.883,0,102.547,113.257,2.10444
7953,56.0997,57.0953,606.575,161.305,647.695,191.85,0,35.6846,20.4151,1.5721
7954,113.099,106.442,406.78,229.404,355.55,174.403,0,66.5263,46.5725,1.70006
7955,5.7,5.72997,254.563,189.236,252.697,183.824,0,3.58123,2.11877,1.59163
7956,85.8993,85.067,203.649,580.868,144.754,616.004,0,53.1669,32.7324,1.61565
7957,223.904,277.245,301.285,517.923,139.947,611.104,0,173.278,50.6263,1.29217
7958,126.399,149.828,535.694,213.619,647.701,191.78,0,93.6424,32.7562,1.3498
7959,362.713,236.114,436.327,603.38,604.872,612.619,1,147.571,215.142,2.45789
7960,259.807,221.315,481.663,461.451,615.623,539.685,0,138.322,121.485,1.87827
7961,111.799,125.406,556.242,451.935,615.598,539.584,0,78.3789,33.42,1.42639
7962,316.71,223.518,469.434,367.03,630.333,334.079,0,139.699,177.012,2.2671
7963,238.305,186.916,250.167,396.245,67.8313,404.99,0,116.823,121.483,2.03989
7964,174.101,137.573,292.506,295.684,250.695,184.811,0,85.9834,88.1181,2.02483
7965,82.5993,89.1117,118.296,453.129,67.7727,405.395,0,55.6948,26.9045,1.48307
7966,333.111,310.895,366.183,523.997,144.775,615.776,0,194.31,138.801,1.71433
7967,362.713,107.979,604.936,296,609.39,284.147,1,67.4867,295.226,5.37459
7968,43.8999,54.0894,176.93,590.743,144.662,616.258,0,33.8059,10.094,1.29859
7969,48.2998,59.1266,279.304,783.988,311.263,818.521,0,36.9541,11.3457,1.30702
7970,128.999,100.46,518.819,627.056,613.183,612.766,0,62.7876,66.2111,2.05452
7971,16,20.3541,318.287,798.605,312.57,817.96,0,12.7213,3.27873,1.25774
7972,102.999,126.237,351.929,700.381,312.745,818.01,0,78.8983,24.1007,1.30547
7973,63.4996,69.8616,148.193,542.211,139.943,611.119,0,43.6635,19.8361,1.45429
7974,96.8991,110.182,553.927,481.327,615.518,540.122,0,68.8639,28.0352,1.40711
7975,311.71,308.991,379.578,538.493,144.774,616.008,0,193.12,118.59,1.61408
7976,228.405,230.064,347.52,596.377,144.83,616.132,0,143.79,84.615,1.58846
7977,202.803,196.51,234.214,493.47,139.542,611.234,0,122.819,79.9845,1.65124
7978,129.799,111.882,249.356,618.816,144.678,615.568,0,69.926,59.8727,1.85623
7979,239.305,189.659,274.286,358.978,251.307,184.473,0,118.537,120.769,2.01883
7980,254.106,216.037,453.94,331.544,356.317,173.237,0,135.023,119.083,1.88195
7981,315.71,273.303,417.19,373.255,356.178,173.34,0,170.814,144.896,1.84826
7982,16.9,20.9928,139.939,641.549,139.795,620.852,0,13.1205,3.77954,1.28806
7983,196.903,184.705,379,306.653,349.919,174.828,0,115.44,81.4623,1.70567
7984,92.5992,90.6223,555.341,324.466,630.384,333.854,0,56.6389,35.9602,1.6349
7985,82.1993,100.263,238.912,740.285,152.647,701.829,0,62.6646,19.5348,1.31174
7986,249.206,181.249,249.392,350.978,249.275,185.231,0,113.281,135.925,2.1999
7987,45.6999,56.3398,598.091,208.066,647.803,197.372,0,35.2124,10.4875,1.29784
7988,143.4,115.905,167.662,420.763,67.6644,405.496,0,72.4405,70.959,1.97955
7989,0,0,356.296,168.964,356.296,168.964,0,0,0,0
7990,315.61,275.801,392.201,393.641,349.681,174.635,0,172.375,143.235,1.83095
7991,250.706,178.304,210.368,434.51,67.7022,405.509,0,111.44,139.266,2.24969
7992,58.8997,61.4293,299.518,771.508,311.607,818.386,0,38.3933,20.5064,1.53411
7993,148.2,127.515,467.514,172.373,356.117,173.42,0,79.6972,68.5027,1.85954
7994,252.506,304.176,279.38,476.771,139.94,611.175,0,190.11,62.3964,1.32821
7995,114.699,129.825,116.359,493.715,67.7819,405.394,0,81.1406,33.5583,1.41358
7996,14.8,17.3702,414.551,92.5426,406.836,77.8658,0,10.8564,3.94364,1.36326
7997,121.699,111.292,557.541,157.053,653.498,130.05,0,69.5578,52.141,1.74961
7998,298.609,286.228,305.544,453.935,67.832,404.983,0,178.892,119.717,1.66921
7999,111.399,144.613,386.499,708.796,313.233,818.185,0,90.3829,21.0159,1.23252
8000,0,0,408.171,71.5394,408.171,71.5394,0,0,0,0
