ID, time, distance, start_x, start_y, end_x, end_y, state 
0,128.399,111.599,176.364,392.672,67.6604,405.514,0
1,171.501,140.442,202.264,305.852,248.093,184.679,0
2,142.299,165.325,308.744,680.888,312.684,817.979,0
3,32.9001,32.9753,146.764,660.143,149.408,693.337,0
4,4.6,3.20814,603.198,811.794,606.057,812.723,0
5,189.102,203.459,485.858,439.588,615.556,539.752,0
6,33.3001,40.1479,177.228,672.555,150.149,693.43,0
7,59.7997,67.4665,562.248,782.831,611.2,755.491,0
8,7.79999,7.70565,360.535,180.118,355.82,174.08,0
9,18.4,21.3791,260.058,203.659,252.225,184.139,0
10,90.5992,90.5228,365.973,200.914,349.711,174.667,0
11,129.899,153.031,527.329,177.611,648.467,190.798,0
12,33.7001,41.4115,599.321,320.547,630.277,334.097,0
13,24.4001,31.7594,175.361,624.853,144.778,616.216,0
14,53.0998,48.1086,115.22,399.661,67.7045,405.593,0
15,242.506,160.561,503.955,200.292,362.35,174.481,1
16,27.6001,28.6062,253.562,213.464,249.251,185.148,0
17,0,0,621.536,612.772,621.536,612.772,0
18,15.6,18.6083,404.915,96.4033,405.882,78.217,0
19,120.199,96.4417,168.288,534.019,139.522,611.231,0
20,172.801,159.579,299.655,636.793,144.847,616.008,0
21,90.1992,83.2387,557.847,352.917,630.296,333.921,0
22,114.999,139.616,531.258,188.603,648.208,190.948,0
23,142.199,156.032,320.564,305.96,251.033,184.561,0
24,118.499,126.483,209.889,532.593,140.226,611.259,0
25,242.506,170.371,423.164,613.997,553.739,617.838,1
26,118.099,106.99,558.957,376.819,630.401,334.471,0
27,139.099,181.721,482.236,698.3,612.2,752.553,0
28,125.799,116.473,257.389,632.895,144.72,616.245,0
29,204.803,225.39,496.358,505.548,615.632,539.628,0
30,6,5.87064,605.919,752.248,611.582,753.795,0
31,26.4001,30.4837,572.31,832.479,602.409,833.337,0
32,179.602,132.123,510.94,653.921,613.331,613.115,0
33,47.9998,61.8138,596.22,229.778,648.425,198.067,0
34,242.506,198.574,393.289,338.21,335.375,186.206,1
35,137.799,135.119,531.456,147.664,653.609,130.25,0
36,181.602,138.754,277.441,644.519,144.725,615.601,0
37,148.8,134.799,298.569,295.744,250.212,184.99,0
38,128.599,123.577,276.222,297.235,249.94,185.087,0
39,87.6992,70.2731,417.007,195.696,355.687,174.337,0
40,109.299,87.0727,439.351,179,356.123,173.495,0
41,241.206,188.621,476.17,399.089,630.379,333.686,0
42,93.5991,102.577,204.268,562.487,139.962,611.15,0
43,105.099,108.138,546.922,123.811,653.505,129.962,0
44,44.1999,58.3104,193.333,679.733,149.549,693.273,0
45,242.506,148.967,498.021,539.339,567.81,616.846,1
46,231.205,202.56,478.994,414.088,630.417,334.514,0
47,242.506,162.1,213.373,438.762,83.4547,405.615,1
48,17.1,19.2578,151.972,674.273,149.665,693.196,0
49,117.499,85.7421,541.832,635.338,613.23,612.591,0
50,242.506,210.292,448.727,480.204,594.94,497.888,1
51,205.303,223.684,352.225,360.52,349.696,174.676,0
52,130.099,129.139,536.159,152.806,653.585,130.292,0
53,238.605,208.19,248.069,416.615,67.4552,404.261,0
54,147.8,140.754,265.274,657.145,144.806,616.211,0
55,242.506,183.372,243.776,426.354,92.9046,405.622,1
56,72.8995,82.1325,583.226,187.694,648.447,190.857,0
57,242.506,216.224,425.143,434.932,579.688,338.683,1
58,45.7999,57.5886,554.379,758.105,611.207,754.826,0
59,242.506,170.705,409.814,442.512,529.381,360.076,1
60,148.6,141.941,293.245,300.333,250.939,184.565,0
61,113.999,124.08,534.918,131.305,653.505,129.922,0
62,67.2995,66.3169,589.296,661.625,613.158,612.681,0
63,242.506,184.605,254.412,354.048,249.518,189.304,1
64,138.899,183.654,534.368,303.723,648.046,198.002,0
65,242.506,212.244,394.19,329.316,349.585,176.133,1
66,114.699,147.746,316.218,694.286,312.292,818.131,0
67,6.4,7.11948,623.427,333.286,630.377,334.329,0
68,123.899,167.751,533.965,288.049,648.007,197.759,0
69,202.103,193.764,253.598,501.43,140.331,611.188,0
70,111.199,115.402,362.946,234.946,349.866,174.806,0
71,89.6992,116.422,320.509,712.769,312.151,818.175,0
72,95.0991,121.528,351.188,703.579,312.724,817.981,0
73,242.506,233.415,313.453,375.917,249.984,197.026,1
74,242.506,278.928,389.963,442.229,323.736,198.897,1
75,93.3991,119.386,583.294,278.677,648.046,197.989,0
76,242.506,190.048,469.974,370.553,616.034,334.219,1
77,240.005,207.999,278.878,372.073,248.118,184.745,0
78,242.506,188.443,419.109,506.4,549.506,452.983,1
79,96.1991,98.4716,264.427,280.216,249.921,185.119,0
80,242.506,218.924,444.894,487.243,595.85,500.102,1
81,92.4992,97.9779,241.075,626.022,144.763,616.179,0
82,18.5,18.928,595.573,614.719,613.2,612.816,0
83,242.506,193.614,580.665,537.511,572.279,546.147,1
84,125.699,134.459,313.409,283.318,250.162,185.047,0
85,242.506,241.471,357.058,556.778,180.637,622.209,1
86,236.905,203.459,500.875,576.73,613.273,612.487,0
87,156.4,133.573,211.434,306.944,248.123,184.69,0
88,121.999,108.603,306.952,248.128,349.694,174.639,0
89,74.8994,76.1189,357.256,195.594,349.518,174.543,0
90,102.699,92.4575,572.956,674.689,613.297,613.101,0
91,52.5998,59.391,569.849,780.52,611.053,755.066,0
92,99.1991,113.101,573.006,442.172,615.535,539.933,0
93,87.1992,108.349,87.8419,472.994,67.6672,405.459,0
94,210.004,157.106,205.337,317.948,249.338,185.191,0
95,102.699,90.3995,304.247,230.096,349.419,174.492,0
96,205.503,211.676,378.924,342.867,350.363,174.914,0
97,0,0,405.617,73.7946,405.617,73.7946,0
98,60.5996,73.0402,591.442,192.463,647.848,197.622,0
99,205.903,188.53,476.31,550.698,613.289,612.404,0
100,85.9993,109.498,575.623,446.331,615.459,539.985,0
101,157.2,115.152,225.091,294.28,249.065,185.132,0
102,159.601,207.759,513.567,259.651,647.905,197.738,0
103,242.506,203.509,388.698,517.112,530.391,443.767,1
104,132.699,107.352,423.227,233.179,355.562,174.309,0
105,78.0994,100.494,541.376,495.618,615.569,540.208,0
106,242.506,160.95,422.903,403.148,527.456,357.125,1
107,19.7,24.082,167.696,623.023,144.728,616.403,0
108,242.506,138.792,489.801,638.685,571.661,617.859,1
109,242.506,134.776,450.996,638.712,565.114,617.617,1
110,188.002,134.93,272.1,617.498,144.581,615.524,0
111,21.2,19.9154,87.0148,409.776,67.7954,405.332,0
112,44.9999,48.5436,605.797,133.528,653.491,130.037,0
113,242.506,208.991,449.268,487.402,588.724,489.566,1
114,56.1997,66.9127,190.423,591.315,144.714,615.889,0
115,30.5001,30.2015,232.799,205.022,249.153,185.056,0
116,93.9991,101.94,244.592,631.142,144.692,616.418,0
117,36.4,45.5304,612.423,192.95,648.367,198.245,0
118,193.103,215.262,385.039,645.766,312.403,818.098,0
119,73.1995,77.5377,268.716,258.645,250.301,184.936,0
120,242.506,226.601,442.832,497.419,591.785,495.632,1
121,150.2,145.594,277.107,648.449,144.724,616.249,0
122,121.899,136.695,233.61,775.701,152.781,701.711,0
123,143,185.197,534.131,305.375,647.864,197.765,0
124,115.299,128.995,525.75,706.958,611.968,752.96,0
125,70.7995,77.6933,188.981,211.898,248.436,184.774,0
126,76.7994,100.013,330.408,721.932,312.328,818.097,0
127,0,0,619.765,613.058,619.765,613.058,0
128,22.9001,27.4852,159.186,600.817,144.733,616.187,0
129,138.099,115.991,126.777,515.013,139.597,611.253,0
130,96.9991,110.792,574.102,444.642,615.635,539.616,0
131,229.205,129.083,162.426,440.662,67.7307,405.571,0
132,217.504,134.83,203.959,403.934,67.7644,405.125,0
133,138.899,123.555,514.607,337.044,630.43,333.823,0
134,233.605,172.92,244.062,343.776,249.519,185.19,0
135,105.299,92.7704,160.518,402.653,67.7428,405.547,0
136,78.4994,68.4747,417.222,192.597,355.771,174.326,0
137,239.705,177.547,244.764,350.141,248.922,185.032,0
138,242.506,255.8,405.087,395.816,324.588,187.504,1
139,21.3,25.9997,145.54,642.325,139.918,620.809,0
140,51.9998,64.9265,550.927,752.932,611.115,755.224,0
141,3.8,3.223,138.044,608.386,139.099,611.431,0
142,51.8998,65.1409,593.826,199.696,647.863,197.681,0
143,48.4998,51.3782,613.206,146.39,653.558,129.997,0
144,68.7995,76.2642,230.742,258.287,248.862,184.971,0
145,242.506,199.208,443.355,437.553,589.228,335.508,1
146,106.299,115.147,345.47,266.739,349.418,174.534,0
147,0,0,248.686,175.68,248.686,175.68,0
148,88.6992,76.1781,423.08,157.795,355.663,174.325,0
149,50.4998,64.5519,550.767,753.698,611.139,755.154,0
150,70.4995,74.0195,173.864,561.139,140.002,611.283,0
151,166.601,173.784,359.347,658.579,312.653,818.034,0
152,150.7,146.573,517.411,136.785,653.52,130.247,0
153,211.504,281.439,377.964,572.706,312.436,818.11,0
154,226.205,174.898,173.634,301.568,248.264,184.69,0
155,242.506,211.995,399.08,508.217,554.343,452.638,1
156,97.6991,89.4752,544.991,353.236,630.428,334.389,0
157,57.7997,52.4207,119.133,398.95,67.6847,404.796,0
158,136.199,106.345,428.823,228.007,355.73,174.314,0
159,242.506,246.211,295.221,411.203,248.899,200.324,1
160,24.7001,23.3382,262.539,204.213,252.648,183.961,0
161,75.5994,78.485,358.652,195.365,349.893,174.773,0
162,195.203,188.558,386.157,301.796,350.283,174.872,0
163,164.701,162.658,492.259,114.817,653.519,130.014,0
164,236.505,217.312,256.427,421.573,67.7792,405.023,0
165,185.402,130.157,197.96,258.543,248.182,184.73,0
166,235.505,322.181,397.501,589.543,312.646,817.98,0
167,242.506,182.038,407.248,615,551.461,616.642,1
168,242.506,251.396,358.31,419.067,326.573,186.466,1
169,138.599,107.534,233.032,288.859,249.098,185.091,0
170,174.301,128.117,549.703,563.813,613.275,612.444,0
171,226.005,224.155,259.151,422.771,67.6339,404.514,0
172,100.099,96.6779,176.337,535.626,140.129,611.149,0
173,242.506,266.62,315.448,401.024,250.901,192.197,1
174,0,0,250.926,181.607,250.926,181.607,0
175,52.2998,57.8056,144.236,554.657,139.942,611.056,0
176,68.4995,71.8066,114.093,436.587,67.6651,405.607,0
177,194.103,171.419,199.119,340.374,67.6152,404.755,0
178,118.399,113.729,266.791,294.55,249.943,184.985,0
179,65.5996,64.6415,200.995,210.913,249.267,185.244,0
180,121.699,119.942,535.423,669.973,613.249,612.997,0
181,2.2,1.35252,254.568,183.412,253.297,182.949,0
182,154.2,117.821,181.278,401.143,67.7964,405.448,0
183,242.506,181.142,574.648,544.966,574.316,545.478,1
184,39.5,43.7771,409.143,121.685,405.949,78.1971,0
185,169.801,116.306,509.172,639.132,613.33,613.208,0
186,87.2992,102.649,565.568,471.838,615.672,539.496,0
187,113.999,139.065,350.823,686.539,312.887,817.991,0
188,123.499,109.577,461.725,180.675,356.148,173.226,0
189,63.6996,81.9763,579.209,477.489,615.462,540.226,0
190,41.4999,45.9643,407.507,123.641,405.853,78.1455,0
191,230.105,167.69,194.062,445.127,67.6047,405.754,0
192,5.6,4.84965,140.579,606.497,139.561,611.173,0
193,0,0,610.112,836.521,610.112,836.521,0
194,74.2994,78.4478,331.678,233.735,349.652,174.588,0
195,78.4994,90.2879,272.63,269.922,250.216,184.978,0
196,30.0001,30.6272,153.489,590.739,139.849,611.105,0
197,180.902,169.556,183.511,522.716,140.248,611.152,0
198,0,0,408.11,70.7896,408.11,70.7896,0
199,242.506,206.656,471.752,331.586,412.066,197.713,1
200,242.506,234.602,397.156,364.552,341.687,181.396,1
201,9.5,9.87704,599.103,805.156,606.767,810.755,0
202,74.0994,95.5931,578.642,458.392,615.643,539.646,0
203,242.506,246.604,428.7,535.116,541.669,616.943,1
204,242.506,152.029,477.702,642.624,611.055,612.801,1
205,232.005,182.544,206.356,328.118,248.113,184.669,0
206,242.506,135.017,503.532,625.206,585.779,616.144,1
207,123.099,106.464,560.422,377.087,630.425,333.678,0
208,242.506,198.267,479.093,530.565,602.575,613.017,1
209,171.201,156.979,228.534,567.329,144.628,615.561,0
210,19.2,19.2044,86.483,401.839,67.7825,404.96,0
211,101.199,98.8913,566.717,683.74,612.061,752.593,0
212,242.506,196.982,348.603,574.398,194.043,623.019,1
213,191.102,150.885,424.781,278.926,355.762,174.305,0
214,242.506,201.215,500.914,248.427,360.829,174.301,1
215,193.103,175.306,474.629,564.342,613.315,612.755,0
216,9.2,9.806,252.493,194.184,249.069,185.084,0
217,242.506,233.053,422.458,473.161,593.901,495.644,1
218,66.4996,68.4361,592.385,178.903,647.577,192.023,0
219,220.804,152.42,487.673,623.998,613.347,613.143,0
220,136.199,172.403,413.165,711.987,313.427,818.2,0
221,91.3992,89.0298,151.17,523.322,139.63,611.202,0
222,242.506,185.412,476.067,490.122,581.678,469.681,1
223,131.999,106.161,423.411,232.7,356.314,173.23,0
224,112.799,97.5531,532.957,352.416,630.393,334.467,0
225,242.506,269.703,312.509,460.214,98.2017,404.197,1
226,19.4,18.7909,611.215,333.862,630.41,334.401,0
227,73.7994,84.8008,578.581,148.11,653.491,130.249,0
228,229.405,178.392,166.422,302.322,247.926,184.585,0
229,242.506,171.174,348.021,589.841,205.352,625.304,1
230,33.0001,35.6625,600.176,327.111,630.324,334.075,0
231,183.702,213.152,413.169,668.708,313.205,818.203,0
232,196.803,184.361,481.925,396.408,630.41,334.436,0
233,0,0,139.184,612.907,139.184,612.907,0
234,184.802,154.891,496.894,347.67,630.386,333.7,0
235,57.2997,70.534,592.336,194.057,647.989,198.008,0
236,242.506,223.225,443.999,468.736,600.36,514.113,1
237,68.3995,73.1268,591.361,186.828,647.644,192.063,0
238,89.9992,80.6546,427.455,147.841,356.242,173.3,0
239,117.799,111.09,349.894,251.262,349.934,174.847,0
240,220.304,160.094,504.057,188.404,356.027,173.665,0
241,222.304,154.992,444.475,264.316,356.366,172.943,0
242,242.506,253.521,442.563,365.407,381.007,174.704,1
243,119.799,137.896,510.986,713.83,611.997,752.893,0
244,14.5,16.1896,598.168,745.331,612.443,752.045,0
245,32.7001,45.8359,322.899,773.725,312.716,817.961,0
246,242.506,138.695,441.071,634.052,560.516,617.198,1
247,242.506,226.452,388.063,458.511,536.158,353.033,1
248,242.506,185.216,88.9377,453.902,91.3374,459.971,1
249,116.199,120.926,202.634,538.102,140.039,611.141,0
250,28.8001,36.4041,597.953,514.782,615.629,540.294,0
251,137.099,173.495,296.895,683.163,149.456,693.294,0
252,242.506,218.965,375.036,494.425,547.445,449.401,1
253,92.8992,77.3265,398.837,203.609,355.605,174.36,0
254,136.499,131.219,298.152,292.633,250.067,185.015,0
255,65.8996,84.5202,566.047,492.12,615.672,540.322,0
256,220.304,261.179,286.188,502.035,139.49,611.252,0
257,112.699,135.21,344.92,691.409,312.713,818.016,0
258,206.003,138.226,223.571,312.428,249.302,185.189,0
259,219.704,132.014,192.354,413.63,67.7961,405.403,0
260,40.5,47.9251,402.957,170.33,356.013,173.679,0
261,16.8,16.8381,604.441,553.708,616.341,541.994,0
262,163.501,132.825,533.755,563.472,613.164,612.74,0
263,128.799,112.033,224.554,605.685,144.682,615.602,0
264,40.7999,39.1088,291.273,192.127,253.327,182.915,0
265,242.506,231.072,357.423,553.763,192.979,624.347,1
266,135.499,119.261,548.701,566.644,613.206,612.577,0
267,242.506,182.725,411.953,609.827,552.604,615.294,1
268,33.2001,38.2652,616.301,199.461,648.386,198.155,0
269,130.099,124.409,352.085,272,350.079,174.799,0
270,80.1993,108.592,338.884,713.025,312.996,818.057,0
271,73.0995,73.5357,149.726,540.349,139.633,611.23,0
272,60.3997,80.3361,331.243,740.542,312.728,818.058,0
273,103.699,97.8231,218.563,274.728,248.217,184.732,0
274,242.506,208.806,476.128,426.76,623.548,334.985,1
275,107.399,118.589,343.953,269.287,349.361,174.549,0
276,15.5,19.3645,85.8276,412.023,67.1484,406.918,0
277,68.2995,68.2652,575.772,706.299,612.003,753.091,0
278,211.904,161.041,297.742,637.651,144.713,615.636,0
279,90.6992,99.9269,205.748,570.222,144.811,615.755,0
280,64.1996,66.8263,588.777,690.291,612.386,751.976,0
281,185.002,208.071,512.957,505.764,615.653,539.588,0
282,85.6993,86.259,529.477,607.82,613.346,612.482,0
283,218.204,184.074,477.43,399.617,630.301,334.008,0
284,242.506,213.785,441.496,567.745,548.709,616.883,1
285,5.4,5.34583,602.338,818.011,607.338,816.125,0
286,148.4,119.986,260.624,627.139,144.741,615.742,0
287,242.506,263.568,379.881,532.384,196.165,624.758,1
288,242.506,223.333,467.232,476.284,600.016,521.775,1
289,237.005,285.012,274.124,497.77,139.882,611.151,0
290,36.7,45.1762,183.266,673.638,149.739,693.153,0
291,119.299,149.659,282.816,705.74,311.331,818.528,0
292,49.3998,49.7659,604.034,294.637,635.986,282.503,0
293,104.899,138.408,264.512,674.676,149.464,693.18,0
294,28.2001,31.1295,599.752,335.143,630.332,334.083,0
295,61.5996,54.1516,121.361,401.661,67.6673,404.787,0
296,64.9996,87.7427,336.629,733.845,313.025,818.095,0
297,242.506,216.226,344.745,538.936,209.37,624.298,1
298,206.503,177.563,250.053,573.752,144.646,615.652,0
299,34.5,27.6796,94.7879,402.829,67.6374,404.712,0
300,242.506,166.354,411.643,643.564,554.651,619.236,1
301,226.505,156.595,481.492,646.893,613.356,613.075,0
302,114.899,156.03,544.893,286.562,648.08,197.95,0
303,181.902,166.934,197.674,349.599,67.7648,405.029,0
304,242.506,265.814,357.157,444.588,320.037,191.63,1
305,90.6992,93.4446,159.348,395.326,67.7571,405.024,0
306,242.506,213.624,455.091,500.494,563.177,617.094,1
307,137.299,138.657,201.169,386.54,67.664,404.942,0
308,159.901,121.653,187.318,400.799,67.7845,405.16,0
309,9.8,10.4512,77.8098,407.22,67.7412,405.041,0
310,166.701,145.38,495.913,338.419,630.393,333.728,0
311,127.799,108.285,557.496,304.931,630.381,333.814,0
312,44.5999,33.7028,234.667,214.801,248.257,184.789,0
313,199.803,217.188,435.461,679.163,312.738,818.082,0
314,61.1996,79.7831,588.295,472.013,615.622,539.597,0
315,25.9001,30.0594,599.194,726.043,612.061,752.59,0
316,242.506,167.05,431.587,379.313,527.567,356.272,1
317,145.9,129.161,169.595,494.231,139.57,611.244,0
318,37.2,46.59,605.563,301.706,630.301,334.126,0
319,157.5,161.91,216.087,502.223,140.297,611.234,0
320,39.3,33.6085,285.866,186.705,253.453,182.715,0
321,8.6,9.27989,347.666,183.841,350.355,174.962,0
322,74.7994,89.1873,537.544,748.061,611.082,755.243,0
323,242.506,236.455,403.206,580.958,537.361,616.235,1
324,242.506,282.738,323.407,481.861,141.331,585.293,1
325,63.0996,65.2217,146.853,546.699,139.705,611.075,0
326,242.506,224.84,409.077,568.309,542.372,618.003,1
327,222.004,273.618,306.859,515.93,140.237,611.169,0
328,96.8991,105.185,540.539,713.787,611.876,753.222,0
329,242.506,268.654,374.386,440.594,323.536,198.038,1
330,242.506,279.474,359.239,491.83,216.939,625.699,1
331,108.599,137.123,511.305,717.414,611.849,753.47,0
332,45.2999,45.7259,602.34,291.196,635.848,282.308,0
333,44.9999,52.5719,609.103,164.738,648.107,190.98,0
334,109.199,102.5,348.781,243.126,349.871,174.747,0
335,195.103,231.268,492.741,504.297,615.613,540.247,0
336,53.9997,51.9708,262.72,234.053,250.413,184.923,0
337,19.1,25.3143,623.559,184.41,647.835,191.389,0
338,141.399,164.199,518.749,208.533,647.941,191.189,0
339,242.506,173.324,433.337,607.451,553.956,615.802,1
340,45.7999,56.3424,593.422,699.443,612.352,752.058,0
341,25.6001,31.328,160.052,597.299,144.834,615.997,0
342,130.799,122.047,188.154,263.028,248.559,184.869,0
343,194.903,172.996,229.909,555.173,144.723,615.642,0
344,242.506,210.03,451.41,338.661,371.649,173.601,1
345,92.0992,120.847,355.631,707.973,312.398,818.083,0
346,190.002,167.466,229.138,557.151,144.736,615.607,0
347,242.506,149.996,518.439,179.405,369.495,173.629,1
348,36.4,34.4561,143.135,578.025,140.132,611.074,0
349,182.402,161.932,496.17,391.534,630.367,334.458,0
350,239.705,185.496,255.064,352.446,249.763,185.145,0
351,78.3994,78.5461,200.596,587.827,144.641,615.673,0
352,192.303,127.296,223.553,304.616,248.574,184.913,0
353,119.499,94.7934,164.262,403.62,67.6615,405.595,0
354,152,133.77,211.525,310.008,248.166,184.682,0
355,135.399,149.057,318.876,297.282,251.257,184.516,0
356,242.506,138.122,439.616,640.756,557.07,617.229,1
357,67.5995,64.954,579.004,706.734,612.232,752.372,0
358,71.0995,75.217,198.129,592.425,144.842,615.785,0
359,74.2994,74.0491,268.559,777.326,310.468,818.852,0
360,242.506,210.885,462.2,430.081,615.355,334.736,1
361,242.506,237.689,356.577,549.456,191.034,623.242,1
362,101.899,120.628,237.921,760.909,152.772,701.794,0
363,54.3997,65.0902,565.255,782.757,611.139,755.159,0
364,15.7,21.0068,172.468,709.162,152.864,701.714,0
365,142.6,148.576,598.427,451.07,615.701,539.548,0
366,175.902,139.967,288.162,308.575,249.878,185.097,0
367,203.803,145.342,285.385,641.273,144.68,615.729,0
368,76.7994,75.7575,268.56,259.383,249.488,185.038,0
369,191.202,203.587,370.61,633.271,312.281,818.122,0
370,242.506,206.094,448.013,571.931,549.924,618.07,1
371,242.506,171.535,322.026,620.842,152.656,617.253,1
372,76.8994,74.7676,585.444,315.689,630.259,333.874,0
373,212.504,165.415,496.055,366.659,630.457,333.781,0
374,0,0,621.247,539.627,621.247,539.627,0
375,118.599,148.44,275.404,678.055,149.58,693.242,0
376,196.003,179.273,228.187,492.015,139.909,611.051,0
377,203.103,202.917,261.561,504.714,140.229,611.16,0
378,124.499,142.386,231.929,777.199,152.777,701.739,0
379,131.999,133.02,532.339,151.063,653.523,130.239,0
380,67.0995,95.0888,343.139,728.771,313.012,818.102,0
381,6,5.96785,344.84,177.209,350.113,174.849,0
382,187.202,186.453,213.169,476.451,140.253,611.16,0
383,67.3995,68.6787,593.887,182.03,647.554,192.082,0
384,242.506,219.458,460.672,336.286,366.017,173.615,1
385,242.506,142.804,419.903,389.425,528.267,356.371,1
386,104.299,94.2247,576.489,370.875,630.423,334.372,0
387,186.102,176.769,421.123,293.414,355.354,174.428,0
388,67.0995,69.8432,196.486,210.795,248.486,184.792,0
389,237.905,149.574,503.086,182.666,355.308,174.505,0
390,136.599,137.39,216.757,525.217,140.206,611.194,0
391,73.1995,76.4875,195.225,641.496,144.806,616.206,0
392,242.506,140.671,505.666,679.533,597.65,613.695,1
393,218.204,210.593,395.742,319.758,350.423,175.025,0
394,242.506,236.477,313.205,380.906,250.769,189.457,1
395,242.506,166.222,426.907,413.847,531.838,352.945,1
396,43.6999,34.6484,270.347,213.781,252.803,183.875,0
397,147.5,131.118,395.144,244.824,355.493,174.448,0
398,154.2,140.541,291.544,305.322,250.486,184.781,0
399,242.506,224.293,290.835,391.057,249.052,198.829,1
400,16.8,21.2022,257.076,205.006,250.246,184.99,0
401,106.399,132.491,345.208,694.134,312.993,818.121,0
402,242.506,221.076,333.48,505.386,207.888,624.36,1
403,104.399,130.463,347.163,695.26,312.347,818.075,0
404,117.899,147.676,355.481,681.052,313.539,818.286,0
405,157.6,177.82,522.406,229.307,647.689,191.865,0
406,202.603,149.156,472.295,602.965,613.269,613.176,0
407,197.303,237.833,374.459,606.43,312.4,818.124,0
408,39.7,37.728,225.574,209.263,248.551,184.872,0
409,120.499,150.651,345.878,677.122,312.753,817.999,0
410,29.4001,32.1141,283.46,191.851,253.28,183.145,0
411,242.506,245.571,341.456,537.546,182.37,622.552,1
412,0,0,609.187,816.574,609.187,816.574,0
413,242.506,82.0931,426.861,541.729,425.373,542.774,1
414,157.2,125.283,454.505,151.05,356.102,173.504,0
415,85.3993,98.181,210.7,572.901,144.786,615.767,0
416,100.299,93.1362,546.808,334.296,630.394,333.841,0
417,22.1,23.299,405.308,101.405,406.053,78.1593,0
418,167.801,138.491,472.498,157.543,355.984,173.684,0
419,242.506,195.712,458.292,338.615,379.337,174.724,1
420,35.4,37.1959,103.078,397.475,67.6937,404.904,0
421,158.1,187.018,406.48,689.701,313.483,818.272,0
422,242.506,206.057,452.699,416.729,598.443,333.915,1
423,204.603,155.866,279.426,326.514,250.015,185.02,0
424,48.8998,62.3752,200.592,673.589,149.567,693.29,0
425,67.5995,66.33,587.502,133.425,653.469,129.761,0
426,23.0001,25.709,143.924,668.868,149.685,693.234,0
427,58.6997,53.0473,589.116,649.251,613.278,612.386,0
428,242.506,256.775,271.338,454.572,103.408,405.514,1
429,242.506,204.522,455.51,435.42,600.625,334.763,1
430,8.2,8.90063,607.299,745.489,612.067,752.636,0
431,200.103,166.894,227.317,332.953,249.507,185.19,0
432,199.203,188.238,197.954,488.244,139.581,611.194,0
433,236.105,146.204,162.542,454.074,67.7117,405.595,0
434,44.6999,52.2145,599.377,703.274,612.42,752.086,0
435,158.8,120.164,220.014,300.951,249.152,185.149,0
436,84.6993,86.474,152.201,398.423,67.6647,404.824,0
437,59.8997,65.8787,411.668,150.975,355.799,174.324,0
438,29.0001,38.8923,261.372,222.162,249.934,185.024,0
439,204.903,134.08,483.533,188.468,356.113,173.448,0
440,41.7999,41.4345,576.999,597.419,613.453,612.239,0
441,46.9999,66.0893,214.437,725.404,152.684,701.82,0
442,12.1,14.3555,601.319,607.58,613.18,613.027,0
443,68.5995,75.5877,196.66,640.212,144.606,616.464,0
444,232.905,204.331,479.329,318.445,630.42,333.738,0
445,0,0,648.551,192.986,648.551,192.986,0
446,180.702,139.17,559.229,555.866,613.339,612.522,0
447,27.3001,28.3296,133.964,587.209,139.852,611.12,0
448,90.1992,102.53,114.616,465.093,67.6593,405.462,0
449,196.703,157.625,444.26,149.739,356.069,173.43,0
450,204.203,141.649,467.816,212.702,355.558,174.426,0
451,242.506,174.326,498.908,518.337,569.802,616.848,1
452,227.105,227.571,479.888,469.772,615.621,540.347,0
453,105.799,91.5618,418.052,217.441,355.418,174.423,0
454,211.304,236.895,277.787,526.931,139.463,611.22,0
455,188.202,155.062,472.592,611.035,613.331,613.17,0
456,242.506,152.947,429.751,631.692,557.056,615.782,1
457,104.199,108.884,558.597,153.093,653.65,129.75,0
458,50.4998,61.2685,615.712,240.413,635.924,282.408,0
459,217.804,201.264,502.939,409.006,630.521,334.573,0
460,242.506,248.414,349.001,417.998,320.742,192.737,1
461,225.505,146.443,482.087,645.13,613.348,612.389,0
462,15.1,19.3407,630.246,205.669,647.854,197.706,0
463,34.5,25.1671,273.656,197.846,253.02,183.651,0
464,242.506,207.887,480.582,427.071,624.504,335.089,1
465,147.3,119.548,456.152,161.676,356.149,173.308,0
466,92.7992,125.911,249.369,667.055,149.477,693.241,0
467,242.506,199.273,491.145,250.971,362.624,173.827,1
468,23.8001,32.1031,261.286,215.023,250.568,184.77,0
469,242.506,274.033,357.754,459.68,324.359,199.172,1
470,135.299,165.293,290.385,686.04,149.359,693.251,0
471,63.5996,61.2181,589.044,656.768,613.282,613.189,0
472,216.304,212.067,349.723,353.366,349.459,174.486,0
473,102.999,138.964,560.241,279.288,647.932,197.8,0
474,215.204,151.971,277.967,597.794,144.698,616.258,0
475,198.803,223.518,408.393,661.019,313.394,818.204,0
476,132.899,92.375,547.454,641.402,613.293,612.45,0
477,151.8,146.877,585.121,395.145,630.42,334.439,0
478,242.506,163.869,427.749,413.052,528.609,354.729,1
479,11.7,13.9116,616.883,331.178,630.335,334.194,0
480,242.506,159.85,420.868,392.842,544.052,349.615,1
481,107.999,101.21,222.136,280.996,249.143,185.1,0
482,133.999,116.766,258.478,630.283,144.582,615.551,0
483,66.4996,64.6602,566.608,342.127,630.295,334.051,0
484,133.399,130.203,175.105,261.284,247.881,184.592,0
485,62.6996,61.4974,409.13,189.644,356.136,173.473,0
486,26.3001,36.4171,613.021,186.261,647.839,191.586,0
487,201.203,172.993,445.016,277.166,355.405,174.5,0
488,152.9,130.23,550.448,555.57,613.211,612.582,0
489,129.199,130.009,250.792,307.417,249.544,185.209,0
490,105.899,111.631,543.191,120.668,653.591,130.29,0
491,174.901,142.424,291.002,306.156,249.302,185.249,0
492,118.799,149.03,313.523,696.763,312.144,818.19,0
493,242.506,204.675,458.213,421.303,604.114,335.652,1
494,242.506,239.145,466.448,234.679,360.111,174.404,1
495,149.7,119.25,469.197,174.311,356.229,173.446,0
496,210.604,142.895,177.654,440.563,67.6425,405.875,0
497,207.103,174.76,242.791,342.628,249.493,185.172,0
498,87.7992,72.5479,593.46,361.082,630.387,334.514,0
499,242.506,224.119,305.335,383.051,249.995,195.642,1
500,195.103,177.026,200.75,477.336,139.574,611.212,0
501,47.1999,49.7854,143.27,561.632,139.847,611.087,0
502,37,44.0852,187.723,624.219,144.684,615.608,0
503,52.7998,43.6429,111.313,403.851,67.7389,404.804,0
504,228.005,172.503,171.942,303.412,248.725,184.876,0
505,242.506,176.131,234.27,429.556,89.8715,405.591,1
506,65.5996,64.2242,589.279,130.305,653.506,129.764,0
507,242.506,201.055,455.062,422.398,603.55,334.796,1
508,61.2996,68.7952,549.476,747.838,611.867,753.102,0
509,77.0994,110.453,258.49,734.341,153.692,700.432,0
510,201.103,173.406,245.318,572.605,144.688,615.733,0
511,48.6998,59.6019,303.805,768.487,311.833,818.291,0
512,44.6999,54.2698,589.92,704.26,612.057,752.617,0
513,149.5,150.804,203.881,518.713,140.278,611.251,0
514,242.506,186.921,246.73,350.71,248.21,186.812,1
515,45.6999,55.1997,596.037,307.184,630.355,334.143,0
516,112.999,113.803,260.007,296.012,249.643,185.199,0
517,102.099,100.291,263.804,282.303,249.739,185.196,0
518,80.2993,74.1438,601.53,684.029,612.369,751.992,0
519,242.506,134.552,526.042,534.705,565.065,616.565,1
520,146.6,142.317,578.811,395.743,630.42,334.438,0
521,118.899,112.65,308.525,252.747,349.766,174.735,0
522,139.499,188.974,453.897,714.904,612.434,752.104,0
523,9.6,10.2482,642.156,206.381,648.075,198.002,0
524,19.2,20.3932,601.748,601.968,613.254,613.172,0
525,209.104,227.344,271.624,519.698,139.64,611.18,0
526,103.499,101.321,161.857,386.559,67.7756,405.435,0
527,0,0,610.01,833.573,610.01,833.573,0
528,126.499,154.585,307.927,698.904,312.423,818.09,0
529,3.7,2.94894,611.088,615.339,613.906,614.471,0
530,182.602,200.173,613.436,386.092,615.662,539.548,0
531,169.301,132.223,199.771,386.721,67.782,405.45,0
532,22.8001,21.4946,600.524,599.676,613.267,612.482,0
533,242.506,201.351,463.662,430.727,611.008,334.025,1
534,210.804,150.652,495.674,663.953,613.166,613.027,0
535,80.2993,112.99,260.529,734.687,153.7,700.249,0
536,54.7997,64.3014,185.024,594.935,144.717,615.63,0
537,56.4997,77.6964,325.903,745.464,312.698,818.032,0
538,154.9,104.792,516.084,628.793,613.339,613.052,0
539,81.8993,111.247,240.513,671.017,149.45,693.208,0
540,41.4999,44.7254,151.285,572.025,139.875,611.076,0
541,194.503,199.973,214.92,462.483,140.195,611.155,0
542,104.399,115.477,281.296,736.974,311.71,818.389,0
543,122.499,114.364,163.904,375.227,67.8098,404.958,0
544,127.599,136.57,311.872,292.319,251.175,184.496,0
545,68.0995,72.5323,542.09,615.253,613.313,613.178,0
546,242.506,189.488,440.957,511.454,569.266,450.372,1
547,164.301,129.819,527.154,572.717,613.287,612.369,0
548,91.1992,87.2654,301.239,226.944,349.584,174.644,0
549,62.1996,63.5917,132.589,557.68,139.973,611.07,0
550,146.9,160.768,532.073,445.737,615.686,540.589,0
551,180.602,144,521.916,391.272,630.496,334.591,0
552,22.1,23.3759,611.948,324.078,630.445,333.711,0
553,133.699,128.683,311.686,266.793,349.411,174.473,0
554,212.804,186.633,258.682,572.345,144.7,615.578,0
555,0.6,0.142631,403.782,77.5739,403.83,77.4394,0
556,199.803,228.751,491.417,505.248,615.663,539.64,0
557,100.199,76.7355,591.737,355.882,630.385,334.521,0
558,31.4001,36.7718,616.577,200.111,648.001,197.886,0
559,43.0999,37.5578,105.359,404.435,67.6591,404.831,0
560,242.506,228.177,233.709,481.28,96.1371,405.548,1
561,36.3,37.4055,580.859,769.462,611.186,755.496,0
562,226.805,293.532,334.11,423.588,251.076,184.629,0
563,149.9,165.923,530.073,434.599,615.519,540.241,0
564,19.6,23.6295,140.296,644.145,139.938,620.849,0
565,31.3001,28.4014,133.278,586.858,139.896,611.06,0
566,34.0001,37.5449,604.885,584.565,613.377,612.369,0
567,213.304,169.644,291.617,605.778,144.744,616.243,0
568,123.499,124.79,555.524,170.161,653.554,130.358,0
569,89.6992,87.775,155.669,400.078,67.7227,404.938,0
570,190.402,125.831,466.787,156.307,356.227,173.295,0
571,242.506,235.041,350.213,382.082,344.975,179.748,1
572,139.299,162.015,550.089,211.154,647.992,191.129,0
573,220.704,219,386.17,342.216,350.39,175.008,0
574,40.8999,43.947,141.011,568.847,139.89,611.164,0
575,98.3991,84.524,588.394,355.774,630.377,334.437,0
576,2,1.23007,134.853,613.031,136.023,613.411,0
577,224.404,160.351,445.344,268.942,355.816,174.268,0
578,62.6996,61.1151,302.856,767.237,311.578,818.428,0
579,155.6,132.724,452.161,222.285,355.436,174.418,0
580,18.4,22.28,83.2701,417.208,67.8182,405.376,0
581,33.6001,33.0275,140.269,662.573,149.454,693.215,0
582,98.3991,86.1005,301.282,225.95,349.487,174.546,0
583,74.7994,75.2384,316.781,752.752,311.931,818.26,0
584,101.399,114.67,194.442,254.959,248.512,184.814,0
585,122.199,100.392,436.103,202.555,356.055,173.589,0
586,45.6999,42.5811,97.8037,425.412,67.849,405.445,0
587,91.8992,92.6064,246.981,774.764,310.855,818.723,0
588,231.805,183.715,477.719,397.245,630.386,333.726,0
589,213.404,221.511,480.463,464.056,615.569,540.007,0
590,62.1996,66.013,594.8,175.014,648.565,190.827,0
591,85.8993,87.5585,148.61,524.996,139.926,611.133,0
592,242.506,200.28,326.013,556.034,183.613,621.427,1
593,0,0,406.306,71.699,406.306,71.699,0
594,40,47.4709,80.8287,441.422,67.5919,405.803,0
595,140.399,171.067,309.427,717.778,312.367,818.064,0
596,151.4,132.315,505.403,338.246,630.486,333.63,0
597,90.8992,72.7131,416.495,196.475,355.753,174.301,0
598,127.899,156.949,284.553,690.893,149.575,693.263,0
599,238.405,257.094,359.874,393.344,349.276,174.526,0
600,242.506,245.252,366.688,524.03,207.821,627.194,1
601,30.3001,37.3327,607.287,310.656,630.31,334.048,0
602,135.499,128.035,524.007,375.101,630.383,333.831,0
603,148.1,138.999,244.273,313.705,249.683,185.201,0
604,95.7991,94.5519,246.18,791.002,310.78,818.799,0
605,146,185.57,534.891,305.99,647.92,197.667,0
606,97.8991,103.592,204.457,562.767,140.149,611.159,0
607,86.9992,91.5541,563.644,122.807,653.65,130.332,0
608,72.7995,97.6974,332.882,723.386,312.411,818.247,0
609,145.3,163.007,522.557,214.838,647.823,191.622,0
610,234.905,182.465,166.802,301.212,248.418,184.801,0
611,94.9991,118.27,550.674,196.064,648.07,191.058,0
612,242.506,215.884,395.108,337.588,341.705,183.401,1
613,164.101,215.574,511.795,249.691,648.147,197.99,0
614,198.203,200.207,203.381,455.359,139.612,611.229,0
615,242.506,220.895,252.534,460.214,95.5495,404.804,1
616,167.601,212.903,333.061,361.839,251.468,184.349,0
617,215.604,198.672,402.437,302.243,355.228,174.505,0
618,60.5996,60.1932,583.429,705.542,612.17,752.365,0
619,242.506,176.946,250.667,397.838,74.9814,404.736,1
620,14.8,16.4579,158.281,612.369,144.741,615.824,0
621,139.599,134.957,311.762,289.771,250.427,184.912,0
622,110.599,109.57,558.371,156.487,653.503,129.954,0
623,182.602,131.931,490.096,607.947,613.316,612.5,0
624,242.506,174.78,439.924,444.482,557.418,346.485,1
625,23.7001,28.2545,83.124,423.65,67.3387,406.32,0
626,242.506,247.599,286.938,457.127,100.086,406.398,1
627,207.003,260.005,332.71,389.749,251.207,184.515,0
628,54.3997,41.536,224.776,214.521,248.313,184.798,0
629,84.6993,90.438,564.625,123.302,653.686,130.442,0
630,242.506,210.548,277.334,381.898,248.183,193.033,1
631,140.099,104.604,171.256,401.789,67.771,405.156,0
632,236.305,202.384,404.09,307.462,355.341,174.541,0
633,133.299,130.673,580.605,382.07,630.383,334.516,0
634,82.3993,94.1776,205.824,573.069,144.737,615.737,0
635,242.506,175.902,251.42,395.777,76.5853,404.715,1
636,147.2,180.355,302.508,668.157,312.338,818.065,0
637,0,0,619.283,540.434,619.283,540.434,0
638,10.4,10.2624,639.384,203.015,647.982,197.83,0
639,223.804,193.29,298.447,346.277,250.247,184.93,0
640,217.104,217.735,488.425,462.731,615.611,539.688,0
641,5.1,4.82155,641.751,195.11,646.637,194.533,0
642,167.501,133.443,163.09,480.331,139.601,611.152,0
643,32.8001,37.5762,616.493,132.702,653.586,129.978,0
644,133.799,138.962,310.071,297.069,251.114,184.585,0
645,241.806,211.149,392.829,329.853,350.118,174.768,0
646,133.799,103.265,169.227,403.215,67.7531,405.39,0
647,242.506,152.25,203.116,427.269,72.7349,405.721,1
648,56.1997,52.5091,590.617,648.431,613.21,613.01,0
649,31.1001,33.2593,569.044,832.339,602.354,833.354,0
650,21.4,25.9572,578.372,827.674,602.429,833.336,0
651,162.101,162.57,528.558,436.778,615.622,539.724,0
652,136.799,179.909,532.565,266.685,647.985,198.014,0
653,58.8997,75.3632,204.399,703.01,153.612,700.276,0
654,214.804,185.101,484.721,301.694,630.42,333.797,0
655,120.499,127.277,527.914,123.811,653.526,129.925,0
656,166.601,127.301,260.606,622.372,144.632,615.711,0
657,96.6991,120.902,576.905,273.411,647.93,197.823,0
658,82.1993,83.3276,571.114,132.99,653.61,129.727,0
659,178.102,195.438,495.639,442.608,615.623,539.679,0
660,116.099,119.665,343.053,272.389,349.41,174.52,0
661,19.1,22.1004,145.029,672.248,149.613,693.265,0
662,67.0995,59.9552,160.664,565.117,140.191,611.15,0
663,242.506,220.565,421.248,563.48,545.68,618.165,1
664,209.804,220.415,267.761,519.033,140.183,611.23,0
665,42.0999,47.9344,324.015,204.499,350.15,174.823,0
666,45.0999,47.6422,143.604,564.151,139.887,611.175,0
667,157.1,162.321,282.739,666.063,144.737,616.019,0
668,242.506,199.278,424.656,592.129,552.712,614.451,1
669,203.903,174.246,510.232,324.304,630.484,333.584,0
670,139.299,103.332,163.797,412.096,67.6947,405.644,0
671,207.803,261.356,333.464,391.318,251.024,184.607,0
672,163.201,146.409,514.54,393.618,630.409,334.421,0
673,242.506,244.326,444.996,478.608,601.947,527.874,1
674,24.6001,30.112,580.106,823.349,602.37,833.336,0
675,80.6993,82.4637,148.729,399.775,67.6697,405.552,0
676,85.8993,91.3529,569.92,142.119,653.54,130.05,0
677,37.1,38.8138,563.234,832.866,602.362,833.315,0
678,19.8,19.5688,599.136,602.427,613.307,612.43,0
679,81.2993,91.3829,532.499,754.11,611.11,755.165,0
680,27.6001,33.4803,621.09,136.008,653.498,129.953,0
681,151.9,132.008,393.75,236.65,355.623,174.421,0
682,37.7,35.9135,239.891,219.094,249.114,185.145,0
683,242.506,176.498,255.643,342.403,249.137,191.582,1
684,211.104,201.939,394.074,312.673,350.122,174.768,0
685,242.506,185.459,347.205,594.492,188.165,622.116,1
686,86.4993,114.224,560.351,208.179,647.809,191.685,0
687,49.4998,45.0073,289.062,206.272,252.323,184.042,0
688,242.506,206.105,483.939,488.94,594.366,502.388,1
689,156.1,127.25,479.908,180.642,355.843,174.315,0
690,242.506,220.142,442.724,444.735,597.831,334.83,1
691,82.0993,112.945,347.979,712.166,313.096,818.13,0
692,97.2991,86.0262,563.57,360.393,630.372,333.76,0
693,101.899,104.256,246.166,631.691,144.749,615.615,0
694,242.506,218.223,388.529,349.824,329.25,187.898,1
695,242.506,207.416,450.053,485.06,590.654,485.26,1
696,13.1,14.0735,251.208,199.173,249.473,185.194,0
697,242.506,216.601,359.623,548.847,207.112,626.814,1
698,78.5994,98.4933,522.472,776.909,611.19,755.493,0
699,178.902,170.18,236.033,508.215,140.171,611.211,0
700,142.399,134.685,524.81,667.945,613.234,613.043,0
701,242.506,159.017,526.339,521.642,560.074,612.298,1
702,242.506,299.159,311.316,478.435,139.958,607.911,1
703,168.701,191.017,432.526,713.584,313.284,818.181,0
704,165.401,170.292,486.139,116.572,653.566,129.704,0
705,175.201,200.576,418.937,685.458,313.283,818.234,0
706,178.702,192.906,611.816,395.362,615.496,539.818,0
707,63.6996,77.9933,211.728,681.278,149.646,693.234,0
708,24.2001,23.7394,246.935,208.061,249.905,185.121,0
709,66.7996,64.6466,589.175,131.55,653.522,129.902,0
710,71.3995,73.5169,316.64,755.064,311.849,818.26,0
711,116.499,114.53,160.621,375.386,67.7103,404.935,0
712,199.703,148.278,290.165,635.724,144.753,615.755,0
713,242.506,233.587,438.107,549.287,545.867,617.471,1
714,242.506,166.198,417.722,497.635,543.725,444.37,1
715,128.899,132.43,531.206,681.717,613.185,613.043,0
716,26.2001,28.9922,147.688,664.256,149.909,693.153,0
717,211.904,139.755,491.497,645.875,613.162,613.036,0
718,227.905,169.856,282.248,580.896,144.708,616.302,0
719,27.4001,28.2905,600.323,776.983,611.115,755.12,0
720,239.705,297.202,333.043,428.149,250.358,184.924,0
721,155.1,159.854,507.462,145.312,653.613,130.292,0
722,242.506,233.721,363.593,417.285,321.335,190.894,1
723,42.2999,41.6899,292.237,194.754,253.293,183.131,0
724,81.7993,115.401,261.967,737.712,153.71,700.492,0
725,16.2,21.337,317.942,797.598,312.639,817.977,0
726,229.405,164.552,517.565,544.143,613.274,612.509,0
727,145.1,112.704,156.388,506.855,139.332,611.261,0
728,21.5,26.5614,142.354,585.232,139.883,611.183,0
729,242.506,226.97,349.623,565.621,174.428,620.989,1
730,110.599,112.963,541.245,667.303,613.291,613.149,0
731,58.5997,65.5101,315.299,760.685,311.617,818.441,0
732,242.506,168.341,422.421,400.438,551.81,348.264,1
733,178.702,159.615,425.296,281.842,355.381,174.449,0
734,105.799,126.52,518.848,717.841,611.919,753.144,0
735,132.799,109.417,168.915,384.263,67.7225,404.857,0
736,103.199,91.1616,559.481,362.851,630.37,333.674,0
737,43.1999,52.5882,573.873,788.407,606.475,811.533,0
738,44.6999,44.0286,296.258,187.156,253.442,182.701,0
739,199.503,169.434,273.724,338.767,250.713,184.822,0
740,36.9,49.9597,189.845,697.303,152.761,701.72,0
741,242.506,205.701,479.343,505.897,580.912,618.078,1
742,242.506,166.512,470.906,619.465,613.245,613.181,1
743,61.3996,63.9606,341.368,204.016,349.547,174.568,0
744,56.2997,58.8219,612.252,153.615,653.479,130.212,0
745,133.499,132.974,196.81,389.811,67.6742,404.917,0
746,51.3998,53.8978,298.327,202.085,252.452,184.039,0
747,91.7992,86.5034,545.367,596.821,613.197,612.551,0
748,102.299,124.062,107.804,484.178,67.7636,405.402,0
749,242.506,229.738,295.485,435.767,96.8646,405.568,1
750,207.603,129.583,195.597,263.76,248.322,184.756,0
751,12.9,14.4489,337.516,181.796,349.941,174.76,0
752,242.506,156.261,205.481,437.214,81.9452,405.531,1
753,158.6,154.067,174.049,338.983,67.82,404.976,0
754,59.8997,79.2324,588.674,472.479,615.568,539.56,0
755,55.4997,61.8379,606.407,156.865,648.428,190.768,0
756,168.301,171.529,284.321,674.401,144.819,615.983,0
757,242.506,170.147,450.401,409.114,555.173,347.638,1
758,7.3,8.00195,608.481,745.71,612.089,752.757,0
759,131.399,158.724,284.998,688.268,149.594,693.159,0
760,234.005,209.469,445.199,325.076,355.314,174.514,0
761,176.102,185.835,361.207,646.626,312.903,817.966,0
762,218.304,165.77,511.884,178.982,356.211,173.266,0
763,15,19.7265,142.321,591.799,139.845,611.067,0
764,118.299,99.4413,433.402,201.933,356.097,173.614,0
765,54.7997,65.4818,281.426,777.756,311.011,818.721,0
766,191.903,192.869,344.394,334.567,349.676,174.594,0
767,131.499,171.878,529.888,289.824,648.027,197.989,0
768,120.699,103.921,224.088,285.374,248.829,185.014,0
769,149.3,169.105,516.217,206.106,647.931,191.367,0
770,44.3999,50.8652,617.036,249.37,635.949,282.434,0
771,242.506,152.774,496.634,630.475,607.256,613.105,1
772,190.002,211.832,508.642,505.395,615.545,540.141,0
773,242.506,187.819,421.5,497.564,567.018,450.501,1
774,134.599,160.498,301.868,695.202,312.881,817.951,0
775,109.099,126.606,304.154,284.474,250.55,184.77,0
776,177.202,198.179,526.433,458.883,615.75,540.609,0
777,135.699,179.345,463.714,715.856,611.971,752.817,0
778,141.599,112.1,127.754,519.628,139.669,611.083,0
779,203.103,145.763,215.267,391.188,67.5971,405.701,0
780,170.201,140.499,517.687,390.228,630.403,334.437,0
781,151.7,158.026,507.922,147.049,653.483,130.133,0
782,155.1,180.271,519.661,434.248,615.742,540.447,0
783,54.8997,62.3204,327.661,220.091,349.731,174.741,0
784,33.2001,30.5879,244.866,215.306,249.669,185.226,0
785,36.2,32.2323,250.108,217.384,250.143,185.018,0
786,242.506,193.07,483.772,514.597,580.744,617.386,1
787,1.5,0.699818,642.177,287.302,641.936,286.645,0
788,195.703,151.211,295.818,314.625,249.938,185.067,0
789,148.9,164.156,370.164,674.8,313.326,818.23,0
790,135.799,176.535,534.292,297.201,647.854,197.827,0
791,128.599,113.702,557.958,299.952,630.413,333.729,0
792,14.7,16.7971,154.571,677.103,149.816,693.214,0
793,113.099,103.831,167.56,388.274,67.6976,404.803,0
794,72.7995,72.072,418.498,149.211,356.175,173.447,0
795,242.506,194.3,478.697,537.107,603.848,612.359,1
796,155.7,179.676,529.686,491.603,615.529,539.771,0
797,111.499,108.687,250.433,637.41,144.655,615.583,0
798,78.4994,71.2711,594.058,363.952,630.385,334.39,0
799,16.1,17.0986,243.37,200.636,249.514,185.162,0
800,172.401,212.618,333.106,362.007,251.317,184.542,0
801,70.2995,88.2536,573.017,480.349,615.645,539.614,0
802,108.299,119.248,589.809,442.59,615.585,539.68,0
803,32.4001,40.8845,596.856,510.876,615.659,539.632,0
804,149,109.38,212.105,253.092,248.119,184.742,0
805,71.2995,72.0182,582.332,124.648,653.603,130.341,0
806,143.4,130.671,222.844,592.463,144.65,615.658,0
807,39.3,56.0304,206.001,719.959,153.426,700.766,0
808,69.4995,78.3394,585.096,185.231,648.455,190.752,0
809,87.7992,85.7888,153.006,399.814,67.6545,404.866,0
810,242.506,181.244,438.872,446.386,558.891,346.583,1
811,218.504,223.067,269.241,512.798,139.479,611.222,0
812,156,200.896,522.405,310.418,647.913,197.738,0
813,190.202,121.91,162.109,434.287,67.6894,405.625,0
814,242.506,205.525,378.31,481.34,540.445,443.701,1
815,55.7997,71.92,209.99,676.503,149.92,693.232,0
816,149.1,120.832,154,496.031,139.573,611.163,0
817,224.605,278.205,276.651,488.083,140.183,611.182,0
818,59.5997,59.0026,599.9,175.797,647.693,191.814,0
819,169.101,175.442,481.373,111.054,653.506,130.026,0
820,241.806,340.445,405.107,527.065,312.649,818.018,0
821,242.506,152.109,199.53,436.075,81.5169,404.68,1
822,149.5,167.95,372.03,673.469,312.341,818.115,0
823,144.9,128.993,280.917,294.179,249.533,185.248,0
824,129.899,132.874,251.563,655.073,144.67,616.31,0
825,112.799,116.407,364.03,237.57,350.154,174.896,0
826,9.7,9.42235,610.258,547.901,616.35,542.02,0
827,58.3997,79.755,333.299,741.246,312.577,818.079,0
828,60.5996,59.591,601.651,176.194,647.795,191.684,0
829,157.9,134.482,519.732,382.98,630.391,334.52,0
830,133.699,129.15,355.301,271.565,349.949,174.782,0
831,186.402,177.129,205.283,475.166,139.521,611.217,0
832,141.499,148.214,335.4,290.119,349.391,174.546,0
833,226.705,211.466,389.582,333.832,350.347,174.927,0
834,242.506,228.037,349.511,590.28,148.966,617.086,1
835,167.201,125.255,166.002,430.594,67.694,405.625,0
836,242.506,198.565,471.968,542.603,613.085,612.553,1
837,153.3,143.836,581.093,396.13,630.379,334.487,0
838,41.3999,44.8116,558.261,835.314,602.437,833.311,0
839,190.202,214.213,432.381,679.187,313.431,818.283,0
840,242.506,177.922,247.277,396.7,71.9992,405.514,1
841,242.506,217.594,241.214,460.824,89.7672,406.404,1
842,193.203,125.82,480.463,178.877,356.135,173.56,0
843,117.999,113.282,197.689,533.111,139.709,611.141,0
844,111.599,90.8427,528.096,625.398,613.38,613.229,0
845,242.506,230.957,310.603,384.013,248.371,195.896,1
846,111.699,100.729,560.509,371.014,630.41,334.348,0
847,108.199,83.6293,437.254,179.76,356.151,173.415,0
848,125.899,128.695,536.528,153.256,653.617,130.259,0
849,108.599,108.639,250.957,636.74,144.652,615.559,0
850,143.3,163.831,519.162,207.012,647.773,191.45,0
851,157.4,153.657,500.436,119.722,653.525,129.799,0
852,71.9995,76.7081,143.672,403.761,67.7191,404.808,0
853,242.506,210.506,265.018,431.772,88.6494,404.706,1
854,35.2,47.2014,196.992,718.083,152.806,701.804,0
855,88.6992,91.512,233.996,634.024,144.739,615.624,0
856,242.506,181.314,462.615,391.969,596.329,335,1
857,242.506,179.888,224.619,348.45,248.968,189.736,1
858,162.201,168.461,359.122,661.742,312.897,817.969,0
859,134.199,159.347,525.848,173.412,647.69,191.822,0
860,120.099,111.361,253.102,631.044,144.719,616.327,0
861,200.103,218.236,368.629,620.762,312.011,818.188,0
862,242.506,174.796,452.492,442.508,565.904,340.941,1
863,60.8996,72.1723,200.007,639.808,144.772,616.218,0
864,85.1993,82.0717,555.312,720.296,611.947,753.065,0
865,129.999,109.802,248.346,619.254,144.687,615.559,0
866,32.2001,40.0392,314.209,190.228,350.371,175.024,0
867,233.505,200.091,297.232,352.533,250.153,185.002,0
868,242.506,231.64,406.307,568.332,545.801,616.154,1
869,106.499,105.684,252.941,763.343,311.069,818.573,0
870,242.506,186.194,434.046,457.164,556.285,348.115,1
871,56.2997,79.6077,221.38,731.261,153.746,700.313,0
872,39.9,42.9528,559.676,833.941,602.361,833.343,0
873,102.699,116,192.477,256.034,249.198,185.149,0
874,232.205,227.953,503.528,478.488,615.558,540.081,0
875,167.501,187.048,356.021,644.648,312.27,818.089,0
876,29.5001,24.0525,263.988,204.562,252.32,184.078,0
877,242.506,173.43,439.564,441.492,558.255,346.346,1
878,43.1999,51.6068,580.249,334.239,630.375,334.064,0
879,115.999,160.951,553.26,257.178,647.85,197.781,0
880,26.2001,31.7715,141.24,652.468,139.851,620.903,0
881,242.506,283.472,318.865,478.24,140.883,589.316,1
882,242.506,146.168,214.509,412.533,71.0032,405.63,1
883,111.099,134.676,353.272,691.646,312.846,818.104,0
884,72.3995,92.6786,526.891,780.91,611.093,755.413,0
885,242.506,161.484,424.142,392.59,548.745,348.805,1
886,97.8991,81.9867,608.7,680.736,612.253,752.247,0
887,242.506,159.085,310.756,624.444,160.498,617.796,1
888,15,15.5988,599.362,606.948,613.208,612.866,0
889,21.6,17.7782,85.693,405.86,67.6937,404.815,0
890,143.5,152.205,504.669,116.672,653.601,129.604,0
891,4.9,4.89954,642.645,191.125,647.253,192.782,0
892,170.701,184.832,481.142,124.09,653.497,129.952,0
893,242.506,213.453,464.87,435.312,618.211,334.267,1
894,62.6996,81.6076,230.031,725.721,152.639,701.754,0
895,242.506,240.71,367.348,523.908,211.901,625.678,1
896,160.701,136.381,166.841,480.663,140.306,611.174,0
897,18.4,23.7296,603.039,731.303,612.111,752.675,0
898,50.4998,72.6233,329.471,747.885,312.818,817.968,0
899,10.5,11.7634,137.406,632.17,139.971,620.855,0
900,143.3,159.347,344.797,668.333,313.013,818.099,0
901,116.099,101.877,228.262,284.393,248.94,185.018,0
902,17.7,15.3552,263.601,195.553,252.619,184.024,0
903,58.7997,72.1668,208.97,617.523,144.842,615.981,0
904,202.503,170.067,507.534,325.137,630.397,333.806,0
905,110.599,125.231,271.946,736.61,311.805,818.325,0
906,242.506,204.353,472.122,475.273,593.173,500.184,1
907,235.505,162.26,303.035,627.231,144.682,616.427,0
908,52.0998,41.7641,110.122,404.924,67.5905,404.727,0
909,208.404,204.222,241.155,365.601,67.6452,404.609,0
910,128.799,151.17,493.891,715.747,612.063,752.639,0
911,242.506,264.118,364.76,411.848,346.567,176.421,1
912,133.699,137.911,518.167,119.391,653.483,129.766,0
913,63.0996,63.7893,231.681,245.518,249.139,185.113,0
914,207.003,223.816,368.253,370.841,349.049,174.405,0
915,242.506,251.698,348.856,544.602,169.521,620.073,1
916,10.7,10.5217,591.879,832.869,602.476,833.536,0
917,165.701,150.493,202.128,368.665,67.6623,404.87,0
918,30.2001,36.3606,617.906,217.231,648.145,197.981,0
919,215.804,181.802,276.147,351.811,250.78,184.723,0
920,225.505,223.154,484.937,469.892,615.558,540.059,0
921,242.506,172.944,497.723,548.444,596.568,611.521,1
922,213.804,146.737,471.502,606.588,613.301,613.189,0
923,133.399,164.469,513.427,682.769,612.498,751.762,0
924,225.205,226.418,498.554,478.502,615.636,539.653,0
925,242.506,182.312,479.232,532.893,586.624,615.691,1
926,89.6992,74.5096,186.093,659.54,149.774,693.256,0
927,242.506,145.689,502.779,180.866,360.586,174.989,1
928,120.499,163.824,537.093,288.253,647.991,197.75,0
929,5.9,5.26032,72.8551,404.804,67.7679,405.264,0
930,78.6994,82.4967,579.563,141.79,653.504,129.959,0
931,46.6999,62.043,612.643,236.489,647.963,198.034,0
932,108.099,128.179,522.402,735.843,611.12,755.19,0
933,80.8993,112.627,352.944,714.644,312.907,817.979,0
934,229.305,169.132,517.761,180.977,356.187,173.278,0
935,242.506,239.847,399.703,363.582,344.233,178.657,1
936,135.999,168.439,297.772,701.302,149.654,693.179,0
937,242.506,180.842,327.876,593.118,172.369,620.26,1
938,119.699,119.626,309.61,259.05,349.359,174.532,0
939,35.6,46.9203,595.419,504.653,615.674,540.482,0
940,242.506,121.169,464.992,650.99,564.282,617.924,1
941,0,0,652.253,197.689,652.253,197.689,0
942,99.5991,123.161,523.92,716.022,611.931,753.208,0
943,177.902,116.055,198.221,265.785,248.135,184.714,0
944,99.6991,112.537,288.672,282.972,250.388,184.866,0
945,70.5995,70.4009,596.911,686.897,612.389,751.929,0
946,86.1993,97.7584,541.234,722.745,611.932,753.216,0
947,111.599,126.295,597.449,440.653,615.636,539.564,0
948,39.7,53.8959,586.157,505.6,615.695,540.724,0
949,82.9993,116.755,249.745,710.126,152.572,701.762,0
950,45.4999,64.4276,330.639,756.604,312.727,818.048,0
951,118.499,102.754,564.716,319.619,630.443,333.831,0
952,242.506,258.857,358.343,437.37,323.415,196.874,1
953,65.6996,63.8258,309.794,761.276,311.816,818.257,0
954,27.7001,34.9259,317.268,186.452,349.64,174.566,0
955,242.506,71.5775,427.986,140.674,424.043,121.741,1
956,114.999,103.507,533.324,355.57,630.326,334.349,0
957,242.506,177.731,477.031,490.84,576.733,455.274,1
958,206.303,164.852,230.359,394.929,67.6374,404.649,0
959,31.7001,33.6556,596.598,335.852,630.36,334.147,0
960,242.506,213.232,282.468,431.583,96.4418,404.894,1
961,55.8997,56.1015,575.07,636.149,613.297,612.495,0
962,48.1998,41.1386,108.799,404.702,67.7453,405.58,0
963,193.803,116.985,163.599,429.71,67.6701,405.543,0
964,87.6992,84.3002,319.214,744.506,311.528,818.43,0
965,242.506,129.145,463.571,640.174,572.93,617.801,1
966,242.506,210.981,471.373,514.401,557.686,614.613,1
967,10.9,9.54599,359.199,182.638,355.385,174.517,0
968,106.099,86.4696,439.285,179.196,356.018,173.789,0
969,28.8001,34.2937,593.174,724.863,612.429,751.946,0
970,133.199,139.898,605.581,434.281,615.637,539.739,0
971,81.1993,76.092,177.427,561.486,139.686,611.131,0
972,145.3,160.183,234.272,518.486,140.31,611.157,0
973,109.399,116.208,195.77,255.956,248.542,184.819,0
974,135.699,129.285,355.048,266.395,349.909,174.835,0
975,94.3991,102.721,367.582,211.781,349.778,174.645,0
976,120.799,137.38,314.911,283.659,250.861,184.712,0
977,180.302,151.081,497.308,347.764,630.365,333.673,0
978,103.799,115.038,342.917,268.295,349.469,174.502,0
979,111.799,96.3838,546.149,588.803,613.435,612.311,0
980,207.003,147.913,472.224,606.21,613.244,612.818,0
981,86.1993,99.8894,221.435,648.926,144.636,616.299,0
982,110.599,102.021,221.377,278.818,248.243,184.665,0
983,80.3993,85.5889,180.844,210.167,248.863,184.968,0
984,137.299,134.106,246.493,309.852,249.485,185.189,0
985,142.499,123.031,222.128,599.014,144.688,615.747,0
986,31.5001,40.7988,600.438,577.61,616.213,541.867,0
987,9,8.63366,594.276,834.339,602.425,833.253,0
988,131.199,156.764,306.991,699.718,312.262,818.099,0
989,110.699,89.3793,433.833,192.934,355.633,174.303,0
990,111.599,151.649,554.837,266.295,647.865,197.726,0
991,102.699,106.555,547.719,125.881,653.543,129.973,0
992,205.003,166.719,508.869,324.738,630.287,333.912,0
993,60.9996,54.6707,260.567,237.512,249.598,185.223,0
994,165.001,185.097,312.288,325.484,250.431,184.932,0
995,157.8,132.153,281.938,304.588,249.596,185.193,0
996,49.1998,57.2727,597.364,698.114,612.52,751.895,0
997,242.506,269.545,326.129,451.105,107.526,405.595,1
998,64.9996,68.1613,545.566,617.588,613.271,612.526,0
999,12.9,15.7815,633.329,185.569,648.155,190.91,0
1000,242.506,175.395,235.246,429.459,91.3872,405.551,1
1001,149.9,139.011,535.591,390.077,630.462,334.608,0
1002,132.399,161.749,403.845,709.852,313.471,818.265,0
1003,176.002,227.217,496.008,259.194,648.036,197.926,0
1004,159.801,112.252,511.182,639.096,613.335,613.215,0
1005,241.606,179.541,226.224,360.019,67.7253,404.794,0
1006,158.1,129.893,413.986,249.464,355.587,174.349,0
1007,22.8001,19.2589,87.4283,405.965,67.8048,405.382,0
1008,242.506,149.173,452.727,679.359,556.697,619.375,1
1009,0,0,151.593,700.97,151.593,700.97,0
1010,38.7,33.0898,99.4088,399.068,67.6777,404.792,0
1011,242.506,212.692,397.005,514.012,548.153,451.06,1
1012,242.506,191.274,405.218,602.833,549.299,619.049,1
1013,55.5997,64.8275,327.007,220.741,349.708,174.553,0
1014,93.8991,85.3233,557.001,328.575,630.414,334.381,0
1015,10.1,9.40697,312.782,808.838,312.401,818.112,0
1016,165.001,156.343,471.991,587.087,613.22,612.589,0
1017,224.204,216.864,351.243,358.5,349.479,174.527,0
1018,80.2993,77.5483,355.016,200.405,349.888,174.791,0
1019,242.506,253.883,377.895,538.408,197.598,625.215,1
1020,242.506,187.608,473.544,383.351,624.242,333.276,1
1021,14.2,16.65,369.624,182.132,355.311,174.516,0
1022,14.9,14.1983,264.347,191.563,253.154,183.445,0
1023,88.7992,81.2628,305.482,748.002,311.228,818.552,0
1024,192.003,133.067,165.334,439.349,67.7511,405.444,0
1025,144.4,156.475,583.576,411.945,615.567,539.801,0
1026,131.199,104.321,230.087,284.468,247.974,184.56,0
1027,64.5996,63.1495,598.38,179.607,647.618,191.941,0
1028,45.6999,57.549,266.701,239.063,250.416,184.859,0
1029,147.8,103.396,166.424,413.05,67.73,405.528,0
1030,93.1992,88.253,156.346,402.893,67.8099,405.026,0
1031,205.103,177.833,204.276,350.148,67.6797,404.922,0
1032,187.502,137.786,274.946,620.105,144.703,616.308,0
1033,242.506,189.408,400.144,614.498,549.765,618.609,1
1034,134.999,142.351,511.48,116.524,653.514,129.876,0
1035,170.201,154.789,371.771,280.311,349.72,174.707,0
1036,191.202,172.131,337.358,316.895,350.289,174.88,0
1037,223.604,153.03,502.758,187.977,356.156,173.221,0
1038,113.299,81.275,174.065,661.711,149.761,693.162,0
1039,171.501,190.841,521.649,455.993,615.669,540.393,0
1040,43.1999,53.3539,89.9347,439.064,67.5721,405.792,0
1041,183.002,179.799,238.138,498.929,140.175,611.204,0
1042,135.099,98.9328,163.027,409.729,67.7172,405.568,0
1043,242.506,194.785,423.859,324.573,376.086,174.873,1
1044,113.699,94.4565,136.745,529.499,139.673,611.128,0
1045,0,0,310.679,823.597,310.679,823.597,0
1046,242.506,240.685,423.256,353.927,372.815,175.839,1
1047,68.0995,71.2069,560.975,340.976,630.379,333.849,0
1048,242.506,234.267,296.784,423.579,101.727,404.198,1
1049,127.499,160.578,505.423,693.288,611.874,753.245,0
1050,28.5001,32.3908,582.816,603.229,613.313,612.507,0
1051,242.506,293.493,310.113,470.46,139.864,593.913,1
1052,242.506,188.113,328.333,567.135,190.855,622.352,1
1053,94.1991,93.9265,248.816,772.689,310.908,818.665,0
1054,203.903,127.395,196.02,403.267,67.7466,405.613,0
1055,194.103,227.624,498.537,501.666,615.613,540.316,0
1056,242.506,158.425,416.784,372.834,528.437,358.779,1
1057,31.4001,25.9728,94.4549,403.131,67.7947,405.316,0
1058,242.506,184.117,327.128,593.289,172.719,619.509,1
1059,7.79999,7.96026,346.789,182.004,349.107,174.389,0
1060,59.0997,55.86,588.566,652.075,613.271,613.171,0
1061,33.9001,40.7166,570.744,805.673,606.692,811.137,0
1062,0,0,405.641,78.1233,405.641,78.1233,0
1063,29.3001,35.5497,304.52,789.647,311.589,818.427,0
1064,120.699,154.012,507.105,700.221,611.873,753.165,0
1065,62.4996,87.5572,337.756,734.239,313.133,818.077,0
1066,131.499,135.65,520.27,122.615,653.575,129.632,0
1067,242.506,111.18,543.237,565.576,558.562,612.776,1
1068,242.506,336.85,395.147,523.112,313.521,804.023,1
1069,34.9,29.3126,587.974,620.749,613.253,613.106,0
1070,181.402,173.907,371.039,305.181,349.46,174.564,0
1071,120.499,147.93,275.038,673.383,149.56,693.165,0
1072,68.5995,90.3204,227.212,679.666,149.474,693.234,0
1073,105.199,90.6331,420.593,214.691,355.906,173.959,0
1074,242.506,188.887,244.874,375.521,76.8212,404.039,1
1075,137.999,177.472,534.544,298.001,647.965,197.765,0
1076,85.2993,82.6688,581.739,291.621,630.366,333.827,0
1077,224.505,174.847,169.238,303.826,249.333,185.188,0
1078,14.8,15.8987,606.437,553.283,616.208,541.946,0
1079,227.805,149.517,149.504,440.046,67.6206,405.949,0
1080,176.102,159.779,208.164,361.693,67.7738,405.243,0
1081,135.899,137.484,518.919,125.476,653.626,129.719,0
1082,85.3993,100.364,561.458,480.335,615.491,540.029,0
1083,242.506,144.171,508.859,179.344,368.007,174.218,1
1084,58.7997,59.6045,396.338,185.279,355.765,174.268,0
1085,242.506,287.184,370.646,465.316,320.6,200.271,1
1086,174.901,196.711,343.42,638.561,312.332,818.109,0
1087,242.506,225.96,425.228,565.531,547.346,615.848,1
1088,145.1,173.232,302.627,683.118,312.298,818.06,0
1089,48.7998,47.7537,300.709,183.576,253.502,182.646,0
1090,18.4,21.8496,404.106,99.5947,405.86,78.1803,0
1091,223.204,193.092,241.025,373.638,67.5236,404.426,0
1092,102.399,93.9846,349.206,227.246,350.162,174.948,0
1093,195.403,218.199,432.309,679.013,313.268,818.203,0
1094,43.0999,30.9731,594.413,626.15,613.311,613.055,0
1095,177.302,144.78,489.822,619.634,613.349,612.419,0
1096,124.199,123.331,252.329,302.071,250.12,185.028,0
1097,37.5,38.6445,604.678,583.624,613.47,612.028,0
1098,20.8,22.831,411.949,100.201,405.878,78.207,0
1099,20.5,24.2672,578.12,833.262,602.382,833.259,0
1100,219.704,204.018,382.037,327.177,349.321,174.509,0
1101,233.005,189.936,327.975,624.206,144.699,616.293,0
1102,166.901,134.624,129.629,498.679,139.474,611.205,0
1103,174.101,136.177,202.066,387.262,67.7161,404.838,0
1104,177.702,140.501,519.421,386.84,630.538,333.615,0
1105,157.4,146.01,334.4,290.179,348.99,174.337,0
1106,55.7997,56.6792,597.936,135.504,653.465,129.806,0
1107,199.103,183.109,214.288,475.96,140.175,611.193,0
1108,111.999,112.901,342.107,265.515,349.393,174.547,0
1109,242.506,247.37,289.997,450.398,92.223,406.253,1
1110,46.1999,39.3594,239.736,223.077,249.711,185.179,0
1111,242.506,227.805,443.369,478.672,597.007,508.053,1
1112,59.6997,54.1791,121.539,407.024,67.6539,404.908,0
1113,97.6991,116.971,237.239,757.49,152.743,701.74,0
1114,11,13.4161,636.163,186.017,648.571,190.766,0
1115,242.506,88.4041,471.657,329.575,471.766,329.044,1
1116,67.0995,65.7582,133.157,401.263,67.7321,404.846,0
1117,206.803,217.894,350.222,614.588,313.304,818.207,0
1118,235.005,206.469,305.369,350.636,250.317,184.912,0
1119,114.599,92.9833,527.775,621.342,613.202,612.577,0
1120,242.506,259.945,370.152,431.724,320.195,190.226,1
1121,141.799,176.204,417.56,711.021,313.18,818.245,0
1122,37.6,49.8235,593.962,502.196,615.646,539.681,0
1123,137.099,116.36,417.878,237.922,355.568,174.32,0
1124,215.404,288.837,383.206,567.253,312.256,818.202,0
1125,160.101,146.435,518.864,393.166,630.439,334.465,0
1126,67.3995,85.4697,222.815,680.288,149.59,693.253,0
1127,127.399,156.857,342.131,670.711,312.097,818.204,0
1128,214.704,206.689,386.937,328.939,350.355,174.897,0
1129,1.8,0.968068,352.61,176.666,352.442,175.713,0
1130,34.6,32.0305,234.071,211.02,248.68,184.949,0
1131,242.506,218.442,465.415,324.223,380.639,175.329,1
1132,180.602,147.783,201.382,368.587,67.8055,404.986,0
1133,120.099,97.5874,418.02,224.285,355.872,174.064,0
1134,201.303,202.274,215.036,462.211,140.476,611.335,0
1135,235.705,193.553,471.117,402.963,630.544,334.614,0
1136,28.6001,28.1163,235.63,205.847,249.285,185.159,0
1137,242.506,28.132,486.699,156.587,486.259,155.336,1
1138,242.506,267.244,322.645,453.113,105.052,404.991,1
1139,242.506,250.505,429.214,368.025,379.126,173.793,1
1140,66.0996,72.8413,543.941,613.557,613.285,612.444,0
1141,128.599,138.17,263.04,655.899,144.805,616.207,0
1142,130.099,163.016,403.736,708.277,313.422,818.221,0
1143,63.2996,62.1171,203.94,214.445,248.49,184.766,0
1144,121.099,123.735,347.784,275.157,349.481,174.62,0
1145,80.3993,84.6397,569.373,126.202,653.467,130.034,0
1146,124.699,104.033,565.774,322.286,630.303,333.884,0
1147,242.506,185.145,443.321,441.379,574.084,339.325,1
1148,82.4993,87.7469,258.627,792.398,310.846,818.706,0
1149,19,21.2726,165.172,621.834,144.824,616.123,0
1150,146.7,124.151,395.232,242.894,355.937,173.986,0
1151,227.105,159.319,195.797,316.656,247.972,184.618,0
1152,21,24.0172,317.112,795.087,312.445,818.091,0
1153,189.702,187.944,199.216,463.324,139.578,611.196,0
1154,43.7999,34.2383,244.413,218.84,249.854,185.138,0
1155,242.506,227.761,427.329,565.898,546.423,618.523,1
1156,72.9995,78.3276,145.127,401.115,67.6773,404.88,0
1157,242.506,239.845,292.945,449.581,99.0541,405.354,1
1158,45.0999,63.6693,211.611,725.693,152.679,701.848,0
1159,242.506,239.881,393.101,461.378,558.042,347.002,1
1160,242.506,263.528,381.022,433.02,322.865,197.612,1
1161,220.704,170.244,234.901,343.194,249.91,185.109,0
1162,38.9,34.8521,256.459,219.801,249.918,185.088,0
1163,190.602,179.673,395.031,284.064,355.389,174.47,0
1164,166.501,135.629,456.589,220.505,355.784,174.156,0
1165,168.301,178.715,481.188,123.509,653.493,129.992,0
1166,90.8992,105.492,240.666,738.424,152.811,701.79,0
1167,92.3992,117.227,552.586,194.838,647.814,191.499,0
1168,72.0995,71.8068,193.852,214.377,249.079,185.075,0
1169,142.7,118.816,182.197,388.46,67.7193,404.794,0
1170,22,20.6677,592.764,612.354,613.253,613.154,0
1171,152.4,198.151,504.457,295.377,647.886,197.743,0
1172,128.099,144.586,215.747,517.615,140.217,611.155,0
1173,242.506,216.683,443.079,444.614,596.362,334.296,1
1174,101.899,138.435,561.85,281.422,647.982,197.831,0
1175,13.5,13.3275,589.065,834.875,602.415,833.51,0
1176,198.403,154.755,527.74,547.329,613.237,612.576,0
1177,239.205,184.931,226.947,350.276,248.676,184.888,0
1178,67.4995,65.9043,267.988,246.592,249.642,185.212,0
1179,242.506,145.124,490.927,632.044,596.258,613.841,1
1180,34.0001,30.2879,232.409,203.9,248.992,185.03,0
1181,114.099,104.196,248.632,631.58,144.745,615.875,0
1182,84.5993,117.825,224.619,706.689,149.583,693.296,0
1183,165.201,154.186,371.992,279.273,350.356,174.866,0
1184,125.199,143.712,216.972,519.431,140.15,611.244,0
1185,28.9001,35.8885,315.266,183.503,349.501,174.59,0
1186,43.6999,50.7948,608.308,144.353,653.53,129.999,0
1187,144.3,133.441,270.213,647.398,144.794,616.199,0
1188,140.799,132.137,357.375,270.319,350.101,174.829,0
1189,19.2,22.1987,596.288,794.683,606.346,811.894,0
1190,57.9997,47.912,218.392,215.129,249.01,185.029,0
1191,112.399,120.237,610.764,730.041,612.424,751.967,0
1192,196.203,235.618,372.071,608.135,312.385,818.06,0
1193,2.1,1.08239,245.409,176.059,245.99,176.767,0
1194,44.7999,38.2316,259.213,221.866,249.979,184.987,0
1195,70.2995,73.9849,420.722,148.345,356.197,173.276,0
1196,73.4995,70.975,573.707,706.771,612.036,753.018,0
1197,242.506,157.719,447.664,400.512,546.699,349.11,1
1198,32.3001,40.0665,616.839,261.529,635.946,282.338,0
1199,140.199,121.624,466.566,188.578,355.965,173.654,0
1200,31.6001,36.3248,404.509,114.462,405.95,78.2141,0
1201,47.9998,57.8803,568.229,788.93,606.556,811.158,0
1202,166.801,141.273,289.145,298.387,250.049,184.994,0
1203,242.506,215.259,419.46,569.438,547.847,617.974,1
1204,59.6997,59.4158,595.081,132.138,653.556,129.602,0
1205,40.4,26.8327,269.431,204.193,252.847,183.914,0
1206,9.6,9.36428,648.813,137.222,653.614,130.354,0
1207,66.2996,85.7503,320.048,739.871,312.741,817.981,0
1208,38.7,43.8915,174.015,636.32,144.798,615.961,0
1209,56.7997,62.0854,406.521,153.536,355.919,174.091,0
1210,224.404,226.882,479.557,466.208,615.66,539.556,0
1211,148.5,154.409,513.991,145.887,653.569,130.423,0
1212,91.7992,94.5896,266.103,277.315,249.901,185.145,0
1213,242.506,183.995,494.107,238.484,363.347,174.434,1
1214,45.2999,53.0472,90.1233,439.446,67.5364,405.973,0
1215,242.506,190.339,329.824,596.318,159.578,618.2,1
1216,86.8992,79.4368,179.065,559.613,139.419,611.28,0
1217,22.3,27.6079,320.344,791.507,312.587,817.953,0
1218,160.401,132.033,535.363,562.267,613.221,612.683,0
1219,242.506,105.525,416.916,528.68,426.22,542.641,1
1220,158.7,124.379,264.731,632.637,144.841,615.824,0
1221,109.499,131.607,234.935,770.082,152.762,701.717,0
1222,31.3001,40.0402,599.748,509.78,615.531,539.845,0
1223,61.1996,64.9885,201.786,210.94,248.173,184.733,0
1224,33.6001,42.7148,159.876,646.698,139.827,620.808,0
1225,142.7,105.116,162.36,414.611,67.6693,405.606,0
1226,103.999,116.999,116.811,483.347,67.7904,405.201,0
1227,176.402,144.198,539.445,552.067,613.339,612.443,0
1228,146.1,146.545,270.365,657.145,144.775,616.156,0
1229,178.802,183.263,356.822,648.527,312.86,818.006,0
1230,177.002,148.674,334.424,294.281,349.594,174.609,0
1231,217.104,267.613,288.912,493.527,140.315,611.21,0
1232,242.506,207.941,378.506,489.796,546.091,445.266,1
1233,109.399,116.497,610.988,725.662,612.364,751.993,0
1234,97.0991,95.5364,347.358,237.614,349.796,174.69,0
1235,242.506,150.797,434.787,655.021,556.213,615.238,1
1236,136.699,176.613,481.353,702.876,612.218,752.456,0
1237,54.5997,64.1728,187.135,655.564,149.867,693.184,0
1238,54.8997,54.6625,264.992,236.315,250.279,184.929,0
1239,58.9997,66.7785,277.145,778.523,310.82,818.695,0
1240,242.506,216.981,395.239,461.167,529.9,358.705,1
1241,105.299,127.293,236.355,767.078,152.743,701.7,0
1242,110.999,138.864,503.965,720.136,611.827,753.343,0
1243,131.499,155.898,343.189,669.529,313.443,818.34,0
1244,36.2,45.1064,306.303,184.747,349.214,174.489,0
1245,240.906,242.404,463.578,242.548,356.143,173.629,0
1246,242.506,137.907,544.885,520.333,559.579,615.506,1
1247,33.0001,38.8719,260.069,222.153,250.249,184.988,0
1248,53.6998,59.5285,126.415,567.487,139.852,611.181,0
1249,13.2,16.5412,141.248,594.86,139.866,611.139,0
1250,78.9994,73.0615,581.702,662.86,613.207,612.659,0
1251,236.005,222.587,379.588,342.785,350.521,175.012,0
1252,5.1,5.06358,606.421,753.593,611.186,755.27,0
1253,221.404,173.283,242.767,344.964,249.475,185.249,0
1254,13.9,15.7889,335.119,180.375,349.797,174.689,0
1255,139.799,162.941,340.651,663.69,313.048,818.056,0
1256,225.405,198.678,481.393,285.993,630.4,334.362,0
1257,64.4996,65.6891,149.074,546.387,139.806,611.088,0
1258,0,0,147.358,698.135,147.221,697.991,0
1259,217.404,193.311,473.283,304.794,630.377,333.75,0
1260,101.899,92.4056,273.669,770.304,310.907,818.742,0
1261,223.804,176.787,168.289,308.263,248.253,184.686,0
1262,129.599,110.458,526.381,358.497,630.453,333.838,0
1263,47.2999,42.3137,294.261,186.669,253.185,183.17,0
1264,86.6992,68.7701,415.784,196.195,355.608,174.369,0
1265,142.399,186.871,294.975,717.913,149.528,693.286,0
1266,242.506,182.837,505.989,518.794,594.283,612.133,1
1267,72.1995,72.2861,315.034,223.662,349.707,174.563,0
1268,242.506,212.77,455.726,480.709,598.629,503.965,1
1269,242.506,238.784,395.81,403.455,321.056,195.593,1
1270,16.5,18.1406,149.092,675.144,149.737,693.217,0
1271,75.6994,62.2844,301.32,766.791,311.428,818.485,0
1272,21.8,27.8739,625.038,211.819,648.1,198.034,0
1273,192.003,179.617,199.368,470.886,139.718,611.072,0
1274,80.7993,99.7983,563.046,478.569,615.466,540.239,0
1275,242.506,227.006,456.177,468.547,603.895,526.362,1
1276,68.2995,66.5232,587.595,128.83,653.48,130.178,0
1277,77.6994,82.0026,147.958,396.999,67.7032,404.897,0
1278,132.899,145.692,319.096,296.423,250.951,184.58,0
1279,96.0991,130.791,266.704,718.171,153.72,700.489,0
1280,242.506,209.707,405.161,489.079,572.488,450.651,1
1281,242.506,156.233,451.973,693.367,554.652,616.051,1
1282,232.305,177.287,243.633,346.004,249.802,185.112,0
1283,242.506,246.149,351.058,476.623,213.892,626.313,1
1284,180.802,137.267,274.844,618.608,144.678,616.257,0
1285,32.8001,28.705,234.224,207.424,248.887,185.042,0
1286,88.9992,119.91,348.119,704.936,313.182,818.217,0
1287,198.603,163.464,305.148,635.232,144.746,615.71,0
1288,15.4,17.102,598.11,798.131,606.848,810.87,0
1289,242.506,160.873,430.661,617.466,555.411,615.373,1
1290,14.9,17.8412,371.307,181.894,355.402,174.512,0
1291,113.299,103.213,188.397,537.015,140.174,611.183,0
1292,37.2,42.8596,569.146,756.602,611.264,754.683,0
1293,0,0,611.008,811.476,611.008,811.476,0
1294,171.301,208.581,311.848,349.236,251.077,184.576,0
1295,242.506,211.302,474.714,421.903,629.789,334.695,1
1296,242.506,140.219,503.091,621.194,595.361,615.392,1
1297,109.299,96.6213,542.306,334.514,630.381,333.7,0
1298,224.104,301.775,391.197,575.665,312.707,817.963,0
1299,95.3991,78.5826,415.832,204.899,355.635,174.332,0
1300,138.899,115.575,246.808,612.796,144.649,615.45,0
1301,222.204,215.676,394.001,324.248,350.431,174.962,0
1302,209.704,202.188,402.003,298.569,355.301,174.521,0
1303,125.599,147.322,541.872,444.098,615.574,540.296,0
1304,12.2,12.2785,362.053,184.265,355.604,174.383,0
1305,63.1996,73.0512,318.562,754.13,311.166,818.634,0
1306,168.101,162.485,213.643,497.912,140.361,611.301,0
1307,53.2998,50.5143,299.751,185.571,253.002,183.722,0
1308,184.402,150.864,191.395,311.954,248.081,184.736,0
1309,103.399,130.479,353.014,695.491,313.003,818.112,0
1310,229.305,236.251,387.241,365.092,349.432,174.521,0
1311,101.199,110.389,213.753,654.053,144.717,616.414,0
1312,242.506,218.414,446.615,439.043,602.397,335.327,1
1313,59.1997,53.051,215.304,217.003,249.093,184.874,0
1314,242.506,148.565,435.677,631.866,560.66,616.361,1
1315,168.501,180.578,360.026,327.028,349.389,174.527,0
1316,31.5001,36.1338,616.181,265.053,635.761,282.288,0
1317,242.506,204.279,392.772,483.008,556.505,452.291,1
1318,99.4991,124.214,356.981,704.43,312.995,818.103,0
1319,242.506,214.454,293.867,379.473,249.753,193.517,1
1320,242.506,196.043,467.534,328.018,380.173,174.695,1
1321,35.9,44.6799,607.481,214.651,647.922,197.665,0
1322,15.4,15.4807,248.559,200.394,249.411,185.18,0
1323,215.104,286.549,375.7,567.203,313.107,818.09,0
1324,242.506,194.468,320.852,549.881,187.42,621.958,1
1325,242.506,283.709,324.793,479.445,141.333,584.405,1
1326,158.5,156.403,503.535,126.563,653.615,129.631,0
1327,53.6998,61.6966,325.992,217.895,349.882,174.782,0
1328,22.3,26.4954,300.7,798.973,311.793,818.326,0
1329,101.899,106.121,548.846,121.091,653.559,129.745,0
1330,25.4001,28.5861,384.235,174.594,355.775,174.107,0
1331,242.506,223.14,469.342,327.528,368.797,173.542,1
1332,158.6,177.171,521.634,228.471,647.853,191.318,0
1333,57.3997,56.335,160.209,567.753,139.852,611.053,0
1334,52.1998,49.8282,296.864,199.696,253.238,183.176,0
1335,146.2,136.125,246.301,311.326,249.352,185.232,0
1336,134.199,129.906,281.763,301.038,250.392,184.903,0
1337,228.105,191.183,472.843,393.757,630.407,334.437,0
1338,31.6001,36.6871,575.075,756.125,611.154,754.754,0
1339,134.699,107.5,208.269,267.365,247.945,184.647,0
1340,6.7,6.69261,609.27,542.424,615.722,540.645,0
1341,242.506,152.773,466.807,688.882,554.9,617.264,1
1342,37.8,29.4166,97.3014,406.493,67.6262,404.721,0
1343,132.899,121.702,130.098,507.31,140.279,611.223,0
1344,242.506,234.786,397.511,396.534,320.719,191.994,1
1345,17.2,21.0149,136.181,641.405,139.885,620.916,0
1346,206.703,241.127,377.016,606.63,312.373,818.052,0
1347,242.506,134.908,452.819,648.056,563.795,617.402,1
1348,117.099,102.004,231.11,282.898,249.487,185.169,0
1349,3.2,2.31922,645.617,190.73,647.734,191.678,0
1350,242.506,234.39,434.545,548.844,545.098,617.459,1
1351,137.199,157.629,344.442,668.903,312.849,818.127,0
1352,76.1994,84.9615,578.707,149.089,653.474,129.951,0
1353,97.7991,85.6916,402.352,211.698,355.782,174.235,0
1354,42.3999,40.3222,106.169,397.286,67.5894,404.713,0
1355,203.303,195.251,374.802,332.121,350.174,174.78,0
1356,72.5995,99.1346,341.719,723.712,313.274,818.182,0
1357,93.5991,111.575,187.83,253.942,248.782,185.042,0
1358,201.503,233.755,400.885,665.986,313.189,818.156,0
1359,217.804,144.552,492.741,621.886,613.267,613.118,0
1360,47.9998,34.146,251.687,220.121,249.548,185.224,0
1361,214.204,162.414,521.455,546.868,613.296,612.499,0
1362,74.4994,100.022,567.135,196.619,647.605,191.895,0
1363,15.2,16.1684,83.7119,403.404,67.8213,405.336,0
1364,132.299,128.521,279.562,301.431,250.541,184.787,0
1365,37.4,36.2841,286.863,195.595,253.204,183.219,0
1366,208.204,213.82,487.123,457.914,615.622,539.616,0
1367,242.506,145.555,202.538,425.44,74.481,405.477,1
1368,176.402,144.528,521.051,387.576,630.512,333.592,0
1369,121.299,98.4542,164.367,407.193,67.7098,405.469,0
1370,55.3997,67.6997,209.249,622.708,144.726,615.985,0
1371,11.3,13.7361,598.974,748.449,611.82,753.301,0
1372,46.4999,56.5207,574.99,341.704,630.298,334.088,0
1373,151.6,102.192,514.009,608.401,613.213,613.049,0
1374,165.701,169.908,335.609,313.423,349.01,174.447,0
1375,64.4996,72.8668,216.438,624.942,144.74,616.027,0
1376,147.6,142.04,553.217,402.745,630.365,334.206,0
1377,178.702,166.11,335.646,312.633,349.483,174.587,0
1378,242.506,221.966,388.057,339.409,349.206,177.007,1
1379,76.3994,82.5904,546.761,733.268,611.991,752.806,0
1380,112.499,126.423,130.647,478.754,67.7465,405.587,0
1381,200.903,189.225,492.362,415.547,630.469,334.761,0
1382,195.503,171.621,228.119,552.429,144.679,615.65,0
1383,242.506,239.115,295.018,452.898,101.832,404.903,1
1384,126.099,128.976,311.309,266.312,349.345,174.479,0
1385,92.8992,94.7487,565.393,141.473,653.553,130.189,0
1386,241.106,237.259,495.076,485.044,615.577,540.304,0
1387,242.506,204.434,314.804,517.77,207.74,625.715,1
1388,31.7001,37.9924,162.294,590.942,144.758,615.841,0
1389,35.9,42.0134,612.37,176.102,648.363,190.872,0
1390,242.506,208.642,447.578,574.743,553.503,615.341,1
1391,242.506,227.356,412.594,362.504,322.531,191.428,1
1392,242.506,209.202,392.925,334.217,346.72,178.874,1
1393,242.506,174.147,324.146,602.543,167.339,618.689,1
1394,242.506,203.871,397.712,465.36,529.432,356.687,1
1395,242.506,159.323,204.85,436.835,77.0395,405.595,1
1396,242.506,168.144,221.815,430.939,84.3009,405.545,1
1397,43.0999,50.9939,614.485,165.652,647.99,191.018,0
1398,113.899,126.09,598.269,441.539,615.558,539.59,0
1399,3.6,3.14935,251.296,187.941,250.166,185.001,0
1400,78.1994,83.101,571.043,124.432,653.55,129.67,0
1401,183.102,121.323,230.72,296.597,249.144,185.15,0
1402,125.199,142.612,547.477,443.856,615.563,539.724,0
1403,85.4993,113.85,585.151,272.667,647.884,197.654,0
1404,242.506,228.468,456.768,549.07,546.688,616.788,1
1405,72.2995,85.6479,579.451,190.327,647.471,192.104,0
1406,106.399,87.1736,587.855,355.781,630.358,334.448,0
1407,131.099,135.609,313.149,288.939,250.162,184.986,0
1408,212.204,204.211,376.193,340.959,349.863,174.793,0
1409,75.9994,77.3615,199.708,593.345,144.737,615.968,0
1410,141.799,124.605,527.18,374.457,630.499,334.581,0
1411,236.805,254.809,366.783,398.794,349.455,174.501,0
1412,158.2,184.859,408.11,691.791,312.648,817.975,0
1413,37.8,29.4952,591.742,624.652,613.306,613.216,0
1414,173.601,155.002,511.352,400.35,630.396,334.359,0
1415,23.8001,28.5576,574.243,834.752,602.368,833.321,0
1416,65.7996,60.8347,606.873,647.542,613.334,613.112,0
1417,161.001,153.513,372.063,278.166,350.058,174.821,0
1418,242.506,237.846,396.056,400.093,321.835,193.93,1
1419,25.7001,33.5367,318.434,184.25,349.704,174.681,0
1420,100.599,91.5934,136.874,530.369,139.591,611.189,0
1421,233.305,240.897,459.158,456.465,615.529,540.249,0
1422,242.506,206.833,466.158,255.38,378.725,174.4,1
1423,4.3,3.85825,136.467,623.733,137.787,620.107,0
1424,80.4993,76.814,588.794,367.714,630.305,334.037,0
1425,169.001,186.216,513.873,231.622,647.855,191.701,0
1426,242.506,228.621,437.029,354.706,379.67,175.274,1
1427,154.3,158.219,613.639,423.595,615.616,539.675,0
1428,0,0,314.783,821.436,314.783,821.436,0
1429,84.3993,75.3422,301.23,757.247,311.699,818.378,0
1430,242.506,207.257,288.088,556.648,178.181,621.203,1
1431,37.7,44.6634,400.355,174.866,355.819,174.262,0
1432,242.506,138.092,486.832,637.879,594.479,615.101,1
1433,242.506,192.624,496.232,245.651,359.662,174.829,1
1434,145.5,159.071,344.695,667.444,312.76,817.959,0
1435,2.8,2.02246,609.135,754.428,611.068,755.014,0
1436,131.399,113.738,527.52,362.458,630.396,333.738,0
1437,29.6001,42.1556,321.215,777.131,312.718,818.019,0
1438,139.499,102.911,211.192,258.521,248.621,184.865,0
1439,8.09999,8.63073,358.777,182.559,355.597,174.433,0
1440,242.506,155.055,428.708,620.301,554.42,616.602,1
1441,44.3999,54.1992,406.944,163.177,355.809,174.28,0
1442,242.506,215.727,444.462,442.209,598.382,335.115,1
1443,74.3994,100.171,344.123,723.578,313.089,818.137,0
1444,141.099,135.529,291.565,289.458,250.996,184.581,0
1445,5.8,5.86679,150.63,616.123,144.784,615.986,0
1446,125.699,103.99,423.69,228.472,355.569,174.418,0
1447,157.4,136.239,330.9,284.158,349.659,174.693,0
1448,164.801,138.682,498.656,339.666,630.405,333.694,0
1449,12.1,13.1218,258.141,195.59,252.228,184.088,0
1450,242.506,151.386,444.072,677.024,554.161,617.353,1
1451,55.6997,79.3968,335.909,742.18,312.708,818.053,0
1452,86.3993,118.052,263.579,729.388,153.674,700.23,0
1453,242.506,215.995,385.988,505.137,546.899,445.591,1
1454,242.506,191.462,425.306,489.486,570.381,450.687,1
1455,99.4991,99.8579,263.544,282.219,249.185,185.09,0
1456,164.501,138.679,203.469,307.324,248.117,184.665,0
1457,183.802,193.251,354.743,639.095,312.25,818.18,0
1458,58.1997,67.7281,550.066,748.91,612.019,753.089,0
1459,50.4998,63.8976,561.748,789.869,606.669,811.352,0
1460,189.602,206.434,346.257,344.081,349.175,174.397,0
1461,242.506,202.197,401.87,350.229,322.03,192.032,1
1462,242.506,223.201,338.593,532.177,211.509,624.2,1
1463,63.5996,65.9698,598.274,148.398,653.548,129.796,0
1464,7.6,6.17043,630.791,281.568,635.816,282.064,0
1465,38.1,47.1257,185.046,673.003,149.831,693.16,0
1466,129.799,135.264,519.912,124.305,653.601,129.722,0
1467,242.506,225.883,385.303,458.045,532.672,353.875,1
1468,181.202,144.886,195.728,307.343,248.938,185.014,0
1469,55.9997,56.707,162.249,567.613,139.931,611.165,0
1470,82.3993,87.0802,179.269,545.415,139.917,611.09,0
1471,177.502,182.649,311.013,325.993,250.118,185.031,0
1472,27.7001,30.9239,386.035,171.333,355.845,174.288,0
1473,110.099,133.86,511.431,719.529,611.919,753.176,0
1474,242.506,95.2253,472.188,333.498,470.451,329.757,1
1475,242.506,206.491,280.641,376.203,250.642,195.258,1
1476,242.506,203.822,475.645,425.211,618.513,333.33,1
1477,5.2,4.69074,308.347,814.773,310.934,818.658,0
1478,74.1994,77.0428,577.478,131.558,653.555,129.741,0
1479,141.199,112.665,236.984,290.755,249.645,185.186,0
1480,46.0999,52.7082,605.719,170.441,648.16,190.916,0
1481,176.402,125.891,503.838,649.731,613.263,613.219,0
1482,215.404,158.22,493.112,157.836,356.189,173.413,0
1483,181.502,234.114,488.286,261.145,647.961,198.008,0
1484,133.299,119.957,555.574,294.503,630.39,333.764,0
1485,230.705,205.388,469.148,298.279,630.313,334.101,0
1486,242.506,230.38,347.527,591.177,146.119,616.271,1
1487,169.501,122.078,259.227,622.414,144.503,615.56,0
1488,126.199,130.599,524.294,123.3,653.454,129.814,0
1489,186.202,171.176,336.419,315.101,350.021,174.828,0
1490,242.506,185.994,468.669,359.406,601.327,334.353,1
1491,186.902,160.161,425.403,284.249,355.531,174.42,0
1492,85.7993,115.499,358.162,715.537,313.061,818.128,0
1493,171.601,165.166,211.376,498.699,140.011,611.086,0
1494,60.8996,76.2205,214.975,675.703,149.712,693.208,0
1495,112.599,92.1456,163.431,535.06,139.459,611.24,0
1496,149.4,124.773,515.905,365.682,630.32,334.142,0
1497,213.604,206.481,256.97,381.966,67.5757,404.64,0
1498,222.204,150.292,181.662,441.211,67.556,405.792,0
1499,93.8991,116.42,562.613,460.604,615.491,540.236,0
1500,242.506,208.397,457.821,500.832,557.273,612.88,1
1501,100.899,113.261,586.319,444.652,615.545,539.898,0
1502,91.7992,91.0758,347.064,228.721,349.732,174.738,0
1503,13.8,14.1246,600.27,745.045,612.312,752.247,0
1504,157.3,200.644,330.774,348.626,251.09,184.564,0
1505,148.5,163.152,216.599,500.747,140.226,611.152,0
1506,242.506,271.067,322.376,445.459,107.801,405.035,1
1507,159.201,116.009,223.88,297.169,248.583,184.861,0
1508,66.2996,64.6413,130.593,399.518,67.7199,404.828,0
1509,242.506,90.824,304.441,398.676,307.063,390.791,1
1510,225.205,183.971,322.989,618.934,144.836,616.03,0
1511,227.905,171.659,442.862,279.854,355.553,174.326,0
1512,29.8001,32.8718,582.814,601.246,613.336,612.45,0
1513,65.0996,67.6218,595.003,149.726,653.501,130.247,0
1514,242.506,204.487,318.005,548.783,175.539,620.027,1
1515,216.804,167.561,304.046,645.509,144.813,616.227,0
1516,242.506,150.32,447.992,667.307,557.42,619.293,1
1517,49.8998,43.6749,110.953,399.684,67.5742,404.706,0
1518,162.301,130.968,464.915,166.274,356.159,173.376,0
1519,221.404,209.585,246.829,417.451,67.5687,404.513,0
1520,55.3997,57.0554,161.489,568.739,139.756,611.118,0
1521,240.505,166.863,456.99,597.891,613.267,612.355,0
1522,7.7,8.25379,140.393,602.912,139.88,611.128,0
1523,29.4001,30.6325,601.143,331.678,630.333,333.854,0
1524,242.506,190.732,480.084,280.242,372.38,174.311,1
1525,213.804,223.67,466.981,442.292,615.457,539.821,0
1526,33.6001,35.8296,566.537,833.801,602.459,833.27,0
1527,242.506,166.965,318.746,607.022,174.69,619.968,1
1528,60.1997,67.9665,591.906,233.961,648.418,198.134,0
1529,151.3,104.387,517.588,628.849,613.354,612.54,0
1530,230.005,178.003,252.669,343.398,250.081,184.993,0
1531,48.4998,63.6777,193.123,684.203,152.521,701.764,0
1532,212.704,276.711,336.061,404.02,251.197,184.495,0
1533,143,169.121,306.526,680.407,312.266,818.076,0
1534,102.599,85.2149,589.415,356.722,630.438,334.464,0
1535,188.802,178.271,381.974,246.383,350.333,174.923,0
1536,128.099,129.798,346.908,282.785,349.358,174.533,0
1537,21.4,27.3498,177.858,712.437,152.773,701.721,0
1538,76.6994,85.1759,530.303,611.087,613.175,612.799,0
1539,95.8991,91.9294,159.105,398.412,67.6438,405.56,0
1540,33.2001,29.0779,584.744,616.815,613.255,613.121,0
1541,223.104,277.356,304.791,505.734,140.324,611.163,0
1542,235.405,172.401,447.226,277.235,355.85,174.168,0
1543,17,18.619,332.706,181.41,349.457,174.589,0
1544,125.199,155.576,507.346,698.697,611.861,753.166,0
1545,94.9991,99.0634,555.251,121.682,653.465,129.761,0
1546,65.2996,74.7264,590.39,288.584,630.272,334.085,0
1547,228.905,212.115,296.126,364.148,250.466,184.826,0
1548,154.5,149.634,504.246,121.14,653.626,129.69,0
1549,212.704,247.269,381.582,612.76,312.598,818.022,0
1550,242.506,208.272,453.906,436.512,603.031,335.213,1
1551,242.506,148.796,487.458,662.213,601.841,613.155,1
1552,242.506,239.56,451.665,470.439,606.612,536.217,1
1553,121.599,136.669,604.786,443.841,615.584,539.728,0
1554,80.1993,85.0401,148.21,527.815,139.503,611.222,0
1555,202.103,198.437,370.193,344.522,349.487,174.605,0
1556,122.899,158.005,399.964,709.111,313.272,818.229,0
1557,152.5,132.372,548.141,299.724,630.418,333.671,0
1558,103.299,113.9,612.154,457.723,615.647,539.742,0
1559,21.4,19.0032,262.474,199.33,252.437,183.996,0
1560,55.0997,55.8748,399.327,185.625,355.882,174.111,0
1561,79.5994,91.5321,117.908,456.355,67.7253,405.453,0
1562,127.599,110.692,228.078,606.795,144.707,615.65,0
1563,24.5001,30.4608,600.605,785.105,606.533,811.507,0
1564,174.601,140.731,290.907,304.43,249.884,185.102,0
1565,180.102,209.494,511.629,504.802,615.564,540.242,0
1566,105.799,112.624,555.237,686.577,612.444,751.885,0
1567,88.7992,72.8396,593.971,358.064,630.365,334.372,0
1568,147.6,159.236,549.492,422.482,615.537,540.241,0
1569,242.506,200.616,272.656,559.671,153.425,616.51,1
1570,242.506,192.874,445.919,386.316,604.179,334.118,1
1571,188.602,198.96,371.367,643.578,312.245,818.156,0
1572,242.506,273.152,374.906,451.997,323.001,199.167,1
1573,242.506,79.1361,445.894,338.665,443.906,332.086,1
1574,31.0001,22.782,271.061,197.853,252.733,183.904,0
1575,90.5992,103.988,189.928,246.644,248.312,184.843,0
1576,242.506,214.137,294.392,379.541,249.082,196.746,1
1577,242.506,193.167,511.222,515.477,598.39,611.676,1
1578,242.506,192.415,280.499,561.071,149.772,615.857,1
1579,242.506,224.95,412.285,361.184,321.776,193.471,1
1580,100.499,97.1334,215.408,269.648,248.908,184.999,0
1581,242.506,164.05,439.299,389.988,559.781,344.084,1
1582,16,19.6412,375.13,178.106,355.966,173.909,0
1583,208.604,154.221,445.448,149.004,356.128,173.638,0
1584,141.599,146.454,597.611,451.252,615.654,539.562,0
1585,218.704,156.151,278.102,597.052,144.715,616.256,0
1586,141.999,129.115,212.645,302.779,247.929,184.609,0
1587,148.6,191.973,528.559,254.235,648.046,198.024,0
1588,0,0,606.63,811.165,606.63,811.165,0
1589,242.506,213.197,403.92,489.924,571.475,450.473,1
1590,119.099,122.416,532.24,671.346,613.33,613.178,0
1591,33.2001,39.017,313.682,189.599,349.651,174.727,0
1592,83.6993,74.8537,588.79,364.708,630.346,334.236,0
1593,108.799,103.173,168.421,392.821,67.7296,404.832,0
1594,238.405,291.561,278.609,476.427,139.856,611.076,0
1595,69.6995,67.0388,304.77,759.923,311.982,818.337,0
1596,0,0,642.135,286.143,642.135,286.143,0
1597,179.102,155.38,424.319,280.157,355.836,174.204,0
1598,125.599,149.672,277.422,689.964,149.446,693.384,0
1599,57.4997,60.4459,590.323,308.586,630.343,334.149,0
1600,70.9995,98.2246,581.116,257.755,647.93,197.725,0
1601,194.003,164.719,501.32,326.772,630.407,333.656,0
1602,150.1,138.546,313.1,291.854,250.296,184.873,0
1603,161.301,129.509,491.141,603.163,613.347,612.415,0
1604,149.2,117.315,183.012,387.727,67.7153,405.519,0
1605,15.4,16.5818,636.007,209.136,648.272,198.086,0
1606,242.506,243.882,376.086,559.425,186.491,623.251,1
1607,14,14.1059,245.908,198.627,249.26,185.173,0
1608,242.506,239.389,285.543,395.645,250.654,188.163,1
1609,146.9,128.213,510.945,336.807,630.379,333.757,0
1610,7.1,7.49877,655.417,206.034,652.236,199.243,0
1611,168.101,156.97,237.074,329.844,249.517,185.209,0
1612,104.299,137.921,378.932,707.73,313.187,818.175,0
1613,125.399,92.0911,526.878,627.38,613.297,612.518,0
1614,166.001,213.255,517.191,253.592,648.226,197.987,0
1615,234.105,214.017,394.53,328.858,350.388,174.945,0
1616,149.4,159.153,508.328,146.252,653.49,130.224,0
1617,8.5,9.35827,153.812,684.862,151.352,693.891,0
1618,123.499,148.423,546.384,440.781,615.533,540.236,0
1619,150.1,139.236,246.468,315.265,249.275,185.184,0
1620,181.302,185.13,383.674,666.508,312.606,818.023,0
1621,40.8999,47.7988,323.673,203.838,350.187,174.876,0
1622,187.702,192.578,512.698,463.684,615.52,539.906,0
1623,9.8,11.6658,604.441,543.493,615.706,540.403,0
1624,56.6997,57.4015,573.651,341.544,630.267,334.051,0
1625,131.399,143.832,587.144,422.744,615.533,539.802,0
1626,133.599,118.302,217.111,296.011,249.015,185.038,0
1627,242.506,163.015,217.679,432.927,85.6034,405.655,1
1628,86.0993,91.5555,122.548,452.44,67.7997,405.363,0
1629,201.203,151.753,298.734,312.187,249.823,185.071,0
1630,59.7997,60.772,265.017,242.939,249.461,185.224,0
1631,94.3991,113.17,526.788,725.801,611.789,753.547,0
1632,14.8,16.2618,338.098,185.15,349.805,174.687,0
1633,96.3991,91.1006,153.167,521.634,139.681,611.156,0
1634,242.506,199.236,455.072,489.272,584.203,476.302,1
1635,79.2994,82.398,149.251,403.815,67.6976,404.946,0
1636,170.701,217.644,504.594,257.453,647.875,197.769,0
1637,182.802,209.44,484.027,437.703,615.654,540.345,0
1638,47.5998,60.1907,599.962,201.77,647.896,197.843,0
1639,127.099,102.004,234.545,282.544,249.282,185.231,0
1640,112.199,131.706,303.779,293.016,250.803,184.673,0
1641,146.6,116.661,509.866,592.142,613.31,612.416,0
1642,76.5994,97.9671,581.735,454.808,615.5,539.758,0
1643,213.604,143.632,162.02,446.961,67.6219,405.745,0
1644,109.199,110.576,260.585,291.462,249.746,185.157,0
1645,34.5,40.0974,411.948,117.342,405.86,78.2437,0
1646,21.4,25.5003,585.499,805.179,606.781,810.652,0
1647,119.399,124.075,611.646,730.176,612.499,751.846,0
1648,194.603,152.879,499.068,351.671,630.352,333.738,0
1649,202.903,224.706,497.514,501.974,615.471,540.148,0
1650,181.802,125.508,510.876,650.068,613.438,613.259,0
1651,233.805,234.101,463.79,456.155,615.612,539.734,0
1652,216.704,188.655,496.511,299.471,630.382,333.719,0
1653,165.101,213.609,522.408,257.324,647.925,197.732,0
1654,104.999,132.157,348.779,693.372,313.124,818.062,0
1655,242.506,233.58,463.263,465.71,607.766,540.997,1
1656,64.0996,70.0403,545.122,617.435,613.206,612.557,0
1657,92.2992,120.984,362.431,712.827,313.074,818.12,0
1658,17.7,19.1738,601.977,530.979,615.532,540.046,0
1659,121.399,145.207,495.768,718.257,612.077,752.556,0
1660,207.303,214.532,380.257,630.346,312.845,817.975,0
1661,209.104,156.105,467.098,597.766,613.205,612.635,0
1662,242.506,204.591,264.808,367.354,248.564,191.04,1
1663,242.506,217.705,450.97,564.169,551.351,614.625,1
1664,82.8993,88.6564,223.239,267.688,248.757,184.909,0
1665,31.2001,40.6415,185.896,705.797,152.774,701.791,0
1666,7.89999,8.68333,594.313,830.214,602.696,832.479,0
1667,67.3995,66.1076,587.848,127.568,653.65,130.261,0
1668,73.6994,72.8491,559.718,345.036,630.45,333.83,0
1669,233.405,199.02,478.018,408.609,630.419,334.416,0
1670,158.8,144.244,398.371,258.38,355.54,174.416,0
1671,161.901,210.662,333.016,358.783,251.146,184.616,0
1672,81.3993,89.5677,191.274,233.799,248.074,184.711,0
1673,11.3,11.9155,590.817,830.759,602.411,833.219,0
1674,64.3996,59.6039,126.628,399.056,67.8106,404.987,0
1675,202.703,159.22,558.847,532.055,613.436,612.34,0
1676,242.506,146.301,498.448,618.576,607.518,612.561,1
1677,126.599,132.994,257.968,654.743,144.837,616.171,0
1678,237.905,233.402,390.129,358.145,350.449,175.029,0
1679,13.3,14.9643,603.275,763.083,611.115,755.042,0
1680,10.5,12.6829,164.52,706.602,152.848,701.76,0
1681,161.301,131.704,463.309,162.516,356.219,173.324,0
1682,242.506,182.589,463.576,347.345,579.576,336.624,1
1683,191.202,136.252,164.457,442.049,67.6841,405.599,0
1684,137.999,141.891,519.106,130.704,653.59,129.705,0
1685,38.4,36.5496,286.948,194.36,253.284,182.98,0
1686,212.404,175.852,219.57,348.865,67.6917,404.871,0
1687,73.8994,73.4131,594.492,360.167,630.406,334.351,0
1688,101.099,102.597,186.906,533.571,140.041,611.145,0
1689,20.7,25.5035,319.484,793.493,313.186,818.225,0
1690,108.699,96.5638,418.098,223.128,355.626,174.345,0
1691,123.599,98.6872,164.952,406.85,67.7357,404.983,0
1692,32.4001,36.5753,602.486,584.912,613.3,612.416,0
1693,19.8,23.9092,578.83,835.459,602.447,833.303,0
1694,43.4999,56.85,192.234,677.611,149.4,693.313,0
1695,123.299,90.6001,527.497,625.953,613.285,612.419,0
1696,187.402,153.479,498.325,351.01,630.418,333.813,0
1697,203.903,227.734,272.874,520.306,140.295,611.24,0
1698,83.3993,114.105,257.655,722.823,153.633,700.226,0
1699,242.506,206.177,413.239,436.083,559.527,345.129,1
1700,196.603,148.819,504.373,377.712,630.584,333.715,0
1701,142.499,133.759,248.995,311.213,249.982,185.04,0
1702,59.7997,57.6627,162.466,568.813,139.937,611.143,0
1703,211.104,161.677,501.007,165.313,356.28,173.14,0
1704,30.0001,30.6443,586.365,767.883,611.146,755.375,0
1705,130.199,126.852,318.678,254.287,349.336,174.529,0
1706,63.9996,60.6074,571.078,339.777,630.255,334.13,0
1707,169.101,179.117,324.454,327.561,250.777,184.694,0
1708,242.506,205.269,318.698,526.624,193.187,623.64,1
1709,27.8001,24.7323,91.6515,403.193,67.6611,404.859,0
1710,242.506,253.743,364.308,415.037,335.348,182.92,1
1711,94.5991,99.1838,273.456,281.094,249.869,185.127,0
1712,55.0997,59.026,611.153,153.038,653.508,130.199,0
1713,55.3997,71.3872,547.87,776.495,611.114,755.37,0
1714,172.801,202.193,490.92,441.374,615.765,540.432,0
1715,36.9,42.0242,173.321,633.93,144.649,616.325,0
1716,47.6998,58.9656,553.074,759.073,611.178,754.855,0
1717,240.605,238.794,288.187,393.814,250.932,184.639,0
1718,242.506,207.285,302.087,539.825,192.206,622.647,1
1719,242.506,211.8,456.141,337.345,368.308,175.656,1
1720,113.399,114.94,270.697,747.342,310.908,818.682,0
1721,24.4001,23.2408,599.194,734.681,612.207,752.398,0
1722,12.9,16.7117,412.571,93.541,406.568,77.96,0
1723,241.406,192.96,271.52,363.173,249.246,185.136,0
1724,21.3,28.206,625.963,134.061,653.466,130.034,0
1725,156.3,132.77,115.755,508.588,140.299,611.243,0
1726,242.506,175.127,423.177,663.844,553.425,618.642,1
1727,42.5999,44.4232,583.37,780.194,611.169,755.502,0
1728,104.799,128.043,520.778,734.831,611.113,755.163,0
1729,92.9992,78.1086,423.701,157.15,356.172,173.388,0
1730,242.506,273.337,352.923,457.954,320.93,198.885,1
1731,101.599,116.907,117.049,482.703,67.7468,404.963,0
1732,164.701,122.227,165.045,428.593,67.8064,405.307,0
1733,95.3991,86.6069,560.261,358.153,630.42,333.832,0
1734,41.4999,52.6182,89.1371,439.547,67.5173,406.045,0
1735,177.402,137.724,530.469,561.691,613.31,613.083,0
1736,105.399,112.635,228.747,658.421,144.841,615.939,0
1737,123.899,121.706,253.232,646.434,144.566,615.519,0
1738,113.299,117.529,556.728,162.556,653.508,129.988,0
1739,45.4999,57.4733,338.611,197.973,349.528,174.62,0
1740,242.506,234.15,236.789,468.408,85.5952,406.256,1
1741,203.003,158.914,188.235,314.794,248.223,184.66,0
1742,88.2992,116.521,349.204,708.755,312.912,818.003,0
1743,181.302,163.97,425.935,287.527,355.558,174.418,0
1744,176.502,185.478,614.219,401.951,615.578,539.641,0
1745,171.601,219.152,502.729,255.529,648.153,198.103,0
1746,30.4001,42.2408,594.647,714.884,612.163,752.4,0
1747,242.506,196.893,403.401,333.384,327.846,188.307,1
1748,242.506,191.453,255.707,383.154,77.427,404.778,1
1749,123.299,139.088,567.471,416.342,615.56,539.711,0
1750,188.402,153.41,161.241,465.42,139.554,611.228,0
1751,168.501,186.551,518.682,221.99,648.427,190.788,0
1752,210.004,158.513,276.709,329.287,250.628,184.777,0
1753,242.506,246.906,291.619,434.288,78.8691,404.245,1
1754,229.105,172.565,237.575,393.21,67.7067,404.935,0
1755,131.899,153.461,489.817,718.789,612.407,752.037,0
1756,94.6991,101.09,225.532,648.955,144.715,615.592,0
1757,242.506,202.039,265.343,365.582,248.504,190.402,1
1758,30.1001,30.7465,255.337,215.22,249.886,185.116,0
1759,148.8,121.625,503.901,590.599,613.15,613.002,0
1760,108.499,111.875,543.073,663.638,613.272,613.095,0
1761,242.506,226.868,235.772,468.934,86.5062,406.288,1
1762,242.506,202.055,297.976,551.177,163.88,618.996,1
1763,125.399,128.448,533.275,137.404,653.585,129.612,0
1764,242.506,162.764,489.436,225.405,365.443,174.806,1
1765,242.506,232.041,401.164,363.506,336.486,184.648,1
1766,59.6997,78.3618,565.589,498.269,615.66,540.403,0
1767,172.001,125.574,219.635,304.677,248.571,184.889,0
1768,138.399,161.079,547.497,212.446,647.67,191.849,0
1769,16.2,17.898,599.51,797.155,606.353,811.867,0
1770,96.6991,81.6365,607.545,680.286,612.251,752.341,0
1771,242.506,212.647,269.211,411.531,90.0033,404.842,1
1772,126.299,108.661,525.747,347.955,630.293,334.285,0
1773,156.8,182.997,334.221,647.011,312.321,818.077,0
1774,60.3997,56.8642,122.866,398.131,67.6921,405.495,0
1775,95.6991,88.7013,538.333,600.671,613.165,612.619,0
1776,234.505,284.843,273.936,497.471,139.949,611.062,0
1777,24.9001,32.0776,620.219,212.383,648.482,198.207,0
1778,242.506,241.297,402.614,582.171,541.004,616.672,1
1779,94.0991,85.4348,546.83,635.97,613.327,612.496,0
1780,242.506,232.287,425.498,547.579,537.393,617.086,1
1781,242.506,208.239,403.488,494.441,562.447,451.4,1
1782,156.8,129.66,283.096,294.714,250.438,184.841,0
1783,212.004,140.461,226.328,311.153,248.759,185.006,0
1784,242.506,180.812,475.573,391.576,628.99,334.177,1
1785,203.503,190.036,218.314,473.082,139.439,611.329,0
1786,50.3998,55.4412,572.148,728.169,612.393,752.042,0
1787,41.2999,35.0097,102.049,408.524,67.8467,405.308,0
1788,103.199,126.782,523.43,736.732,611.187,755.187,0
1789,28.6001,35.0843,278.599,808.574,311.774,818.427,0
1790,167.701,143.941,296.78,304.668,250.635,184.78,0
1791,155.9,134.964,549.078,303.2,630.354,333.839,0
1792,242.506,235.938,297.834,423.271,94.3453,404.307,1
1793,242.506,145.673,159.954,460.444,75.6266,406.418,1
1794,38.1,37.1073,581.304,598.102,613.3,612.365,0
1795,242.506,276.862,372.921,448.855,319.53,195.042,1
1796,242.506,268.358,321.56,445.088,106.068,405.46,1
1797,112.899,128.9,270.298,735.631,311.603,818.377,0
1798,11.4,11.4341,602.677,746.082,612.403,752.07,0
1799,215.904,133.973,494.929,648.286,613.25,613.136,0
1800,79.7994,88.1607,576.309,151.232,653.628,130.429,0
1801,242.506,232.006,268.265,433.577,73.4869,404.194,1
1802,30.4001,33.3437,284.996,185.744,253.443,182.801,0
1803,242.506,186.936,295.102,585.262,149.555,616.634,1
1804,174.801,141.36,280.3,634.633,144.728,615.655,0
1805,242.506,273.097,357.748,462.182,320.748,197.093,1
1806,25.1001,34.001,184.979,711.592,152.94,701.626,0
1807,145.7,117.144,556.577,578.021,613.262,612.396,0
1808,168.401,158.616,186.477,478.16,139.573,611.201,0
1809,166.701,125.712,511.933,650.47,613.331,613.11,0
1810,0,0,649.404,192.329,649.404,192.329,0
1811,212.004,213.341,489.039,459.733,615.721,539.497,0
1812,25.1001,22.9827,593.656,617.334,613.281,613.175,0
1813,32.3001,35.2583,390.224,177.068,355.952,173.678,0
1814,23.3001,31.5428,617.289,184.739,647.863,191.684,0
1815,217.004,161.769,227.733,390.85,67.7093,405.586,0
1816,242.506,177.343,423.311,668.371,553.051,618.114,1
1817,208.604,165.898,176.552,300.647,248.133,184.7,0
1818,161.301,173.744,376.009,669.762,312.737,818.003,0
1819,158.5,105.003,517.138,635.323,613.25,613.135,0
1820,210.504,145.563,276.991,605.331,144.654,615.581,0
1821,242.506,276.063,355.13,463.642,322.34,198.899,1
1822,242.506,199.234,399.56,609.802,550.013,619.336,1
1823,16.2,18.8139,403.528,96.6436,405.837,78.1557,0
1824,114.099,103.508,216.875,259.217,247.991,184.602,0
1825,142.299,141.725,517.391,132.927,653.471,129.951,0
1826,218.304,216.253,247.738,423.477,67.6283,404.668,0
1827,108.599,144.159,264.716,665.521,149.461,693.315,0
1828,125.999,153.066,274.828,683.619,149.583,693.194,0
1829,1.1,0.380487,247.29,184.719,247.185,184.305,0
1830,172.301,131.658,273.06,636.865,144.744,615.578,0
1831,94.1991,91.5147,233.312,631.418,144.637,615.536,0
1832,242.506,240.385,395.407,402.099,322.757,193.504,1
1833,86.3993,90.7737,359.166,212.521,349.735,174.657,0
1834,242.506,217.304,360.35,557.526,197.818,624.087,1
1835,138.899,112.859,137.076,512.426,139.611,611.236,0
1836,87.3992,76.0024,423.781,156.289,356.146,173.272,0
1837,28.3001,34.5017,178.296,621.386,144.824,615.95,0
1838,51.1998,68.6061,217.141,724.222,152.556,701.781,0
1839,137.599,179.684,481.832,700.591,612.077,752.608,0
1840,242.506,67.7134,444.778,337.515,444.644,330.917,1
1841,242.506,182.439,237.292,428.901,86.4192,404.887,1
1842,7.2,7.88101,609.838,546.41,616.746,542.843,0
1843,160.701,163.671,492.39,114.739,653.647,129.643,0
1844,242.506,191.113,474.411,380.299,623.627,333.667,1
1845,242.506,188.407,481.97,515.044,557.998,612.407,1
1846,242.506,205.764,357.042,597.458,169.694,619.039,1
1847,227.505,279.179,304.973,504.005,139.875,611.121,0
1848,242.506,160.208,420.629,641.709,556.438,615.87,1
1849,135.999,129.323,331.078,277.946,349.268,174.547,0
1850,234.505,225.776,292.319,383.178,250.767,184.699,0
1851,85.4993,88.1184,556.99,711.396,612.167,752.355,0
1852,106.399,109.554,177.345,523.44,140.26,611.218,0
1853,44.5999,38.9328,287.432,201.217,253.234,183.384,0
1854,242.506,166.468,431.656,391.897,558.511,345.192,1
1855,179.302,120.863,225.204,301.55,248.811,185.029,0
1856,61.0996,60.6525,413.548,179.507,355.771,174.303,0
1857,21.9,25.9343,138.104,646.636,139.881,620.876,0
1858,31.3001,42.9996,320.117,775.971,312.714,818.029,0
1859,133.899,148.978,546.786,438.017,615.693,540.42,0
1860,54.8997,72.9753,587.871,479.62,615.556,540.235,0
1861,185.102,225.359,499.235,502.612,615.607,540.303,0
1862,172.801,194.632,342.054,638.984,312.254,818.175,0
1863,184.802,175.646,382.269,247.831,349.667,174.741,0
1864,190.202,181.241,347.795,326.74,349.652,174.572,0
1865,169.201,141.087,516.036,385.574,630.423,334.376,0
1866,111.699,132.714,116.091,497.496,67.6707,405.604,0
1867,97.4991,119.805,563.372,453.538,615.512,540.151,0
1868,242.506,224.511,471.249,249.813,363.565,173.808,1
1869,133.199,132.395,533.83,149.95,653.649,130.34,0
1870,242.506,147.628,450.91,680.658,556.025,617.914,1
1871,242.506,239.595,395.913,402.847,322.572,195.261,1
1872,123.399,128.227,533.695,136.173,653.624,129.65,0
1873,242.506,225.852,369.097,512.552,537.017,443.954,1
1874,26.6001,23.4391,90.6643,402.618,67.6731,404.823,0
1875,136.499,163.934,534.469,474.934,615.641,540.284,0
1876,82.5993,77.6815,591.722,678.285,612.255,752.098,0
1877,242.506,264.516,358.539,451.187,320.355,195.258,1
1878,101.099,96.6267,235.407,276.347,249.474,185.218,0
1879,10.9,10.174,260.512,190.383,252.612,183.916,0
1880,171.201,188.263,519.133,221.985,647.683,191.774,0
1881,242.506,247.512,290.509,449.854,93.6895,403.999,1
1882,105.699,116.511,279.164,738.632,311.638,818.367,0
1883,159.501,162.578,492.704,115.118,653.575,129.568,0
1884,66.9995,67.4473,307.342,759.527,311.986,818.277,0
1885,141.999,127.145,378.14,230.487,355.576,174.394,0
1886,235.205,156.767,213.343,416.48,67.5902,405.708,0
1887,136.399,99.6472,520.284,626.194,613.34,612.47,0
1888,242.506,230.447,414.376,361.746,322.789,192.081,1
1889,53.0998,68.136,597.244,194.339,647.997,197.953,0
1890,39,50.242,561.683,757.671,611.273,754.739,0
1891,8.09999,8.6392,602.416,756.389,611.056,755.182,0
1892,46.6999,53.5901,404.373,183.234,355.805,174.231,0
1893,132.699,153.358,525.57,178.838,648.377,190.765,0
1894,151.1,178.759,519.21,436.488,615.631,540.255,0
1895,105.499,108.307,177.517,524.737,140.256,611.211,0
1896,108.899,114.416,287.792,729.6,311.75,818.31,0
1897,180.902,157.305,232.367,325.683,249.978,184.991,0
1898,34.8,40.9579,309.97,182.885,349.354,174.472,0
1899,220.804,197.052,469.878,311.785,630.385,334.392,0
1900,184.002,175.079,367.517,300.039,349.249,174.527,0
1901,215.104,252.676,254.185,541.44,140.206,611.164,0
1902,134.399,176.647,480.386,704.934,612.11,752.745,0
1903,100.999,92.1501,534.289,598.779,613.293,612.525,0
1904,160.201,186.283,529.018,498.842,615.549,540.174,0
1905,51.8998,67.0553,588.003,486.148,615.453,539.78,0
1906,112.099,142.051,547.168,445.883,615.588,540.286,0
1907,0,0,633.453,336.195,633.453,336.195,0
1908,71.9995,74.9082,549.477,606.911,613.234,613.025,0
1909,151.4,193.988,508.872,293.879,648.046,198.033,0
1910,152.9,135.435,161.749,478.669,139.501,611.189,0
1911,58.1997,71.5855,593.908,192.482,647.949,197.822,0
1912,135.599,118.275,262.055,634.196,144.747,616.408,0
1913,136.399,119.057,469.65,180.774,356.092,173.491,0
1914,96.1991,76.4112,589.266,360.438,630.419,334.516,0
1915,6.9,6.59519,600.828,807.896,606.934,810.387,0
1916,223.304,149.986,213.866,409.268,67.4921,406.005,0
1917,90.0992,113.554,588.862,270.987,647.966,197.759,0
1918,0,0,67.0205,406.008,67.0205,406.008,0
1919,83.0993,110.803,567.486,229.232,648.007,197.773,0
1920,134.599,131.312,312.825,268.772,349.347,174.536,0
1921,242.506,239.717,395.374,402.436,321.097,194.048,1
1922,242.506,231.766,464.096,470.139,603.842,534.585,1
1923,242.506,264.461,364.849,449.46,321.445,197.3,1
1924,140.999,121.386,456.482,157.7,356.166,173.216,0
1925,225.505,139.834,177.479,437.448,67.5526,405.943,0
1926,110.099,105.571,190.694,536.129,140.145,611.051,0
1927,49.0998,56.2445,405.148,158.12,355.896,174.129,0
1928,172.401,149.191,177.683,480.932,139.387,611.295,0
1929,216.904,289.266,383.191,566.752,312.681,818.029,0
1930,226.305,204.558,282.38,369.997,250.647,184.822,0
1931,35.8,35.288,286.465,194.178,253.195,183.177,0
1932,242.506,211.573,327.082,521.993,199.954,624.069,1
1933,80.5993,78.7301,199.937,588.746,144.728,615.588,0
1934,162.201,161.229,353.898,311.773,349.607,174.638,0
1935,89.4992,77.8102,599.745,680.093,612.488,751.859,0
1936,114.699,103.019,240.516,281.422,249.147,185.096,0
1937,110.399,116.022,278.238,736.165,311.231,818.632,0
1938,38.3,33.7739,279.328,202.257,252.347,184.061,0
1939,101.899,101.788,337.796,255.744,349.539,174.604,0
1940,210.004,176.095,509.219,419.563,630.31,334.279,0
1941,141.899,157.246,537.631,451.113,615.619,540.284,0
1942,242.506,205.489,412.196,469.746,576.379,453.375,1
1943,185.802,204.479,370.562,636.425,312.28,818.142,0
1944,241.806,189.756,508.479,532.623,613.398,612.292,0
1945,235.205,213.3,385.956,331.917,350.194,174.857,0
1946,103.399,93.5725,541.231,352.547,630.301,334.259,0
1947,120.299,120.392,193.151,262.273,248.055,184.582,0
1948,209.404,188.58,496.544,412.919,630.463,334.652,0
1949,144,155.167,350.262,304.203,349.342,174.508,0
1950,127.999,153.084,359.011,678.279,312.998,818.081,0
1951,103.699,103.625,550.468,699.673,612.136,752.664,0
1952,15.5,15.7502,267.02,191.394,252.936,183.805,0
1953,114.899,95.0289,163.889,403.736,67.6746,404.882,0
1954,128.999,101.029,456.179,178.891,355.947,174.136,0
1955,213.704,150.277,490.774,168.411,356.308,173.17,0
1956,205.703,143.853,275.433,618.943,144.71,615.585,0
1957,136.299,104.49,166.99,385.386,67.7429,405.172,0
1958,207.703,170.562,509.263,325.172,630.51,333.388,0
1959,18.4,22.4863,137.661,642.89,139.962,620.901,0
1960,84.2993,81.0803,558.061,333.09,630.388,333.834,0
1961,68.8995,63.8514,304.932,763.421,311.157,818.619,0
1962,242.506,196.619,404.216,332.36,321.638,191.209,1
1963,242.506,187.512,285.27,569.693,145.685,615.688,1
1964,10.2,11.8511,367.572,173.959,356.021,173.722,0
1965,49.0998,64.2971,205.189,632.023,144.751,615.949,0
1966,118.399,134.651,278.48,723.703,311.491,818.369,0
1967,222.804,167.872,177.21,302.993,248.589,184.897,0
1968,170.001,180.423,479.925,126.092,653.499,129.96,0
1969,38.9,41.9485,142.452,569.855,139.947,611.093,0
1970,151.1,126.563,213.382,303.71,248.548,184.847,0
1971,157.2,145.598,550.163,406.881,630.422,334.362,0
1972,166.001,169.919,283.997,672.428,144.733,616.242,0
1973,66.1996,69.0755,593.479,148.427,653.572,130.29,0
1974,99.899,106.572,249.14,637.753,144.848,616,0
1975,139.999,164.294,548.997,425.346,615.501,540.216,0
1976,146.7,110.533,223.016,290.015,248.734,184.915,0
1977,17.7,18.9391,597.738,796.49,606.366,811.764,0
1978,200.003,232.325,490.965,503.536,615.491,540.186,0
1979,115.599,112.665,163.586,377.319,67.7445,404.812,0
1980,35.4,46.0905,316.319,775.554,312.789,818.067,0
1981,134.999,119.958,169.825,504.312,139.452,611.154,0
1982,45.8999,50.5359,405.87,173.708,355.99,173.673,0
1983,146.9,165.367,234.735,513.462,140.261,611.177,0
1984,86.5993,113.828,586.727,271.687,648.145,198.005,0
1985,5.7,5.62939,354.601,180.816,353.064,175.401,0
1986,242.506,46.6505,589.923,360.453,613.951,366.858,1
1987,67.7995,88.5018,560.255,512.041,615.661,540.421,0
1988,31.5001,30.3559,601.841,591.146,613.319,612.428,0
1989,242.506,283.144,389.104,444.126,319.89,195.716,1
1990,109.899,134.299,350.084,691.513,313.259,818.228,0
1991,44.0999,63.4514,327.779,757.015,312.835,818.036,0
1992,222.604,191.492,473.97,405.708,630.396,334.384,0
1993,242.506,244.656,449.876,460.474,607.216,541.474,1
1994,204.903,258.707,331.579,390.091,251.09,184.614,0
1995,108.599,100.376,534.23,355.126,630.291,333.865,0
1996,139.499,140.785,533.675,143.612,653.555,130.397,0
1997,119.899,142.475,545.93,179.043,647.766,191.646,0
1998,9.1,9.72898,601.642,752.719,611.145,755.007,0
1999,109.999,130.964,304.703,288.015,250.507,184.762,0
2000,146.3,140.585,305.067,301.238,250.69,184.825,0
2001,143.5,137.168,172.914,355.669,67.7482,405.12,0
2002,184.402,143.681,446.74,246.454,355.561,174.443,0
2003,173.901,124.417,522.662,647.443,613.341,613.054,0
2004,242.506,223.02,424.401,556.329,541.834,617.532,1
2005,47.9998,59.4222,559.961,773.4,611.143,755.445,0
2006,24.3001,26.7243,85.0024,421.355,67.695,405.563,0
2007,48.1998,60.2495,408.637,137.763,405.948,78.1336,0
2008,209.104,170.814,232.586,343.319,249.534,185.217,0
2009,239.005,200.447,479.472,413.142,630.383,334.41,0
2010,242.506,229.791,434.379,348.352,378.096,175.112,1
2011,50.1998,53.9592,147.417,558.18,139.908,611.158,0
2012,165.001,140.178,390.47,224.064,355.967,173.823,0
2013,61.1996,62.9617,306.931,761.74,311.506,818.408,0
2014,58.5997,62.7838,596.511,173.526,648.377,190.794,0
2015,66.0996,85.9892,234.615,727.223,153.669,700.204,0
2016,36.4,38.1468,573.657,755.708,611.178,754.874,0
2017,0,0,139.861,613.079,139.861,613.079,0
2018,242.506,128.433,464.687,639.93,575.706,617.749,1
2019,208.604,190.261,492.712,415.397,630.491,334.607,0
2020,190.502,151.023,218.518,390.953,67.6726,404.909,0
2021,36.3,36.8297,145.775,656.67,149.39,693.28,0
2022,123.899,119.332,260.917,636.528,144.7,616.391,0
2023,166.901,172.603,370.704,307.075,349.226,174.539,0
2024,216.704,181.712,428.942,304.102,355.282,174.486,0
2025,143.9,126.507,476.802,180.462,356.141,173.478,0
2026,169.701,219.509,503.577,253.22,648.166,198.036,0
2027,10.7,12.0598,618.538,335.515,630.275,334.19,0
2028,115.599,101.622,515.977,600.524,613.182,612.596,0
2029,242.506,268.403,364.519,477.836,210.211,626.798,1
2030,219.104,146.38,150.128,440.822,67.5489,406.049,0
2031,89.8992,72.0378,414.704,198.564,355.567,174.343,0
2032,25.3001,30.9584,623.018,134.135,653.509,130.036,0
2033,186.002,146.219,480.921,166.092,356.1,173.436,0
2034,202.703,143.669,277.111,607.392,144.745,615.828,0
2035,132.599,153.267,529.001,210.878,647.562,192.002,0
2036,78.0994,87.396,577.092,150.402,653.573,130.326,0
2037,0,0,614.504,613.325,614.504,613.325,0
2038,228.805,156.495,299.19,636.376,144.838,616.238,0
2039,180.102,155.405,387.738,209.788,355.537,174.41,0
2040,242.506,32.4054,466.143,326.572,466.74,326.878,1
2041,89.1992,87.8959,247.061,779.956,310.501,818.917,0
2042,154,156.59,280.98,660.944,144.802,616.026,0
2043,40.2,32.2996,100.609,401.915,67.8411,405.28,0
2044,53.0998,65.3769,603.407,250.147,635.861,282.416,0
2045,1.5,0.72493,149.239,703.588,149.365,702.875,0
2046,40.8999,53.9365,312.111,771.875,311.984,818.22,0
2047,185.902,213.809,413.033,665.657,313.454,818.341,0
2048,24.9001,27.5515,299.489,800.154,311.876,818.317,0
2049,242.506,214.169,457.991,436.272,611.37,334.849,1
2050,23.9001,27.2949,83.0639,422.079,67.5575,405.655,0
2051,108.099,95.8571,164.22,397.507,67.6717,405.593,0
2052,19.4,21.647,250.423,206.534,249.47,185.169,0
2053,115.599,134.474,117.219,499.998,67.6577,405.523,0
2054,117.199,98.9487,451.531,179.513,355.97,173.613,0
2055,242.506,230.568,484.898,483.332,606.532,538.341,1
2056,98.1991,125.529,519.763,736.691,611.161,755.183,0
2057,218.104,147.218,225.728,313.408,248.735,184.927,0
2058,130.899,115.321,170.031,375.835,67.673,404.831,0
2059,87.2992,78.8291,580.919,348.34,630.341,334.069,0
2060,40,50.7632,616.131,250.957,636.007,282.549,0
2061,20.5,26.9186,625.351,211.055,648.171,198.148,0
2062,117.299,129.69,333.853,275.667,349.444,174.533,0
2063,62.1996,59.9364,555.719,615.997,613.242,612.602,0
2064,168.301,117.845,161.734,426.025,67.8063,405.292,0
2065,242.506,204.948,236.948,456.194,93.7412,404.707,1
2066,113.799,113.677,248.093,643.641,144.696,616.387,0
2067,162.701,110.576,179.02,401.363,67.8082,405.348,0
2068,237.705,196.694,471.045,540.511,613.303,612.407,0
2069,17.9,21.7257,377.153,178.481,355.89,173.924,0
2070,105.399,105.385,264.651,287.902,250.187,185.049,0
2071,114.199,120.878,343.35,271.669,349.404,174.51,0
2072,7.1,7.16979,352.078,182.798,352.322,175.677,0
2073,242.506,57.2406,450.516,237.89,450.024,237.838,1
2074,58.1997,61.3398,595.662,694.549,612.376,752.032,0
2075,135.399,167.537,408.858,706.81,313.455,818.326,0
2076,24.1001,25.4728,594.082,551.534,616.43,542.189,0
2077,57.6997,65.7923,267.685,785.872,310.9,818.718,0
2078,242.506,200.018,444.439,331.819,376.534,174.438,1
2079,242.506,247.682,285.733,455.499,97.9454,406.129,1
2080,11.1,13.5399,80.1478,399.702,67.3769,404.191,0
2081,242.506,232.436,311.837,385.05,250.223,194.699,1
2082,242.506,145.031,485.179,662.188,597.032,613.409,1
2083,242.506,230.786,294.846,424.46,94.7722,405.626,1
2084,162.401,200.566,526.01,509.838,615.731,540.443,0
2085,242.506,217.221,398.882,520.927,547.909,446.623,1
2086,89.2992,109.959,94.2922,482.285,67.7397,405.426,0
2087,214.404,253.155,286.169,506.661,139.5,611.179,0
2088,63.4996,62.3645,128.544,395.354,67.6964,404.901,0
2089,242.506,233.854,287.925,443.328,95.184,404.192,1
2090,171.001,129.941,429.104,249.261,355.596,174.424,0
2091,130.699,157.738,536.811,447.49,615.579,540.275,0
2092,235.305,235.083,463.806,457.32,615.526,540.248,0
2093,115.499,99.6543,557.827,315.834,630.396,333.78,0
2094,102.799,91.0343,159.734,542.286,139.734,611.069,0
2095,242.506,267.535,386.21,434.378,320.654,196.054,1
2096,215.704,183.001,507.277,313.247,630.356,333.794,0
2097,238.205,200.254,498.468,243.495,356.053,173.534,0
2098,153.2,177.289,517.252,438.637,615.544,540.241,0
2099,127.099,131.601,533.159,139.436,653.596,130.315,0
2100,23.3001,27.9237,582.827,804.683,606.859,810.75,0
2101,129.799,146.629,142.172,465.177,67.7049,405.588,0
2102,9.2,10.4159,620.29,335.49,630.473,333.848,0
2103,242.506,171.12,214.334,455.491,90.7315,405.538,1
2104,81.0993,85.127,302.323,224.916,349.546,174.55,0
2105,53.4998,49.9834,589.734,644.922,613.229,613.031,0
2106,242.506,146.485,452.793,681.267,555.832,619.105,1
2107,109.199,107.822,192.531,533.335,140.24,611.213,0
2108,26.8001,32.2408,602.107,568.954,616.153,541.932,0
2109,20.3,19.3917,270.993,189.259,253.104,183.414,0
2110,54.9997,77.3267,327.505,744.086,312.785,818.019,0
2111,161.601,135.133,224.702,586.822,144.811,615.784,0
2112,118.799,113.465,525.446,361.695,630.38,334.516,0
2113,97.0991,85.7772,544.567,597.202,613.313,612.474,0
2114,81.9993,95.5562,237.657,630.635,144.746,616.244,0
2115,27.8001,37.6673,612.291,180.79,647.806,191.701,0
2116,242.506,263.899,264.367,478.389,91.3613,406.2,1
2117,242.506,200.486,453.71,336.853,375.986,173.855,1
2118,183.302,168.412,464.929,575.912,613.341,612.411,0
2119,143.3,137.953,363.789,269.781,350.029,174.756,0
2120,242.506,226.207,378.573,513.562,544.905,444.728,1
2121,11.2,12.6042,410.88,89.6725,407.5,77.53,0
2122,21.3,26.4744,623.798,208.672,648.015,197.918,0
2123,12,14.2316,403.224,92.2667,405.937,78.2448,0
2124,54.1997,57.5039,602.054,166.579,648.101,191.001,0
2125,92.2992,92.4359,561.143,127.085,653.643,129.659,0
2126,50.5998,64.4047,419.252,139.528,405.946,78.1122,0
2127,242.506,226.367,457.917,466.553,602.934,530.01,1
2128,49.8998,54.0193,577.423,338.858,630.383,334.078,0
2129,242.506,224.281,291.303,431.412,99.0608,404.559,1
2130,242.506,201.696,441.753,508.267,579.926,464.745,1
2131,208.204,194.36,224.181,474.045,139.541,611.206,0
2132,160.401,154.948,299.157,311.341,251.388,184.541,0
2133,138.899,115.302,469.324,180.274,356.027,173.811,0
2134,105.499,103.532,162.246,386.24,67.6578,404.858,0
2135,65.7996,84.3022,221.591,680.774,149.663,693.222,0
2136,210.204,144.675,438.479,260.399,355.546,174.367,0
2137,242.506,168.295,447.717,395.07,567.002,340.464,1
2138,242.506,146.566,498.217,171.341,361.215,175.272,1
2139,36.8,48.6289,591.961,709.371,612.175,752.378,0
2140,226.005,293.567,332.741,422.087,251.277,184.44,0
2141,132.299,126.744,179.576,259.811,248.034,184.611,0
2142,211.104,225.917,351.966,361.193,349.474,174.512,0
2143,200.403,226.731,421.928,706.795,313.45,818.165,0
2144,101.699,94.7937,155.469,520.114,139.62,611.216,0
2145,2.4,1.55561,351.808,164.396,352.178,165.905,0
2146,76.0994,78.8572,177.491,553.549,140.224,611.155,0
2147,162.401,169.946,185.494,519.958,140.594,611.334,0
2148,110.799,117.643,536.766,703.266,612.425,752.018,0
2149,43.9999,49.983,581.618,338.054,630.328,334.144,0
2150,34.8,35.3622,286.957,191.232,253.509,182.447,0
2151,25.9001,29.4731,604.925,567.206,616.715,542.912,0
2152,29.9001,37.1532,617.274,136.903,653.471,129.959,0
2153,12.1,14.6908,339.027,184.494,349.804,174.686,0
2154,26.5001,28.8514,151.309,590.703,139.924,611.065,0
2155,242.506,218.665,410.594,342.968,323.2,192.924,1
2156,75.7994,103.664,571.949,235.119,647.852,197.787,0
2157,115.699,109.688,252.971,633.466,144.718,615.637,0
2158,52.9998,66.5077,559.168,790.252,606.626,811.224,0
2159,242.506,143.826,201.446,414.772,69.4061,404.653,1
2160,123.699,144.384,526.9,191.077,647.924,191.361,0
2161,242.506,177.628,283.037,574.052,146.304,615.675,1
2162,242.506,219.579,458.9,432.967,619.983,334.939,1
2163,242.506,206.447,483.664,515.175,593.548,612.637,1
2164,105.499,129.508,553.86,453.759,615.696,540.522,0
2165,101.999,125.138,302.038,282.136,250.428,184.863,0
2166,242.506,236.119,436.715,354.09,374.863,174.226,1
2167,242.506,254.587,300.405,451.721,95.9728,406.285,1
2168,157.2,134.317,585.35,386.05,630.419,333.744,0
2169,234.505,155.717,159.927,457.79,67.4402,406.193,0
2170,79.7994,82.5878,265.773,263.57,249.539,185.2,0
2171,27.3001,18.6241,266.52,197.112,252.556,184.032,0
2172,219.204,184.185,299.799,335.637,250.059,185.022,0
2173,84.2993,97.7715,207.112,570.201,144.638,615.517,0
2174,118.599,135.478,141.138,477.076,67.6748,405.596,0
2175,104.099,87.524,542.497,636.42,613.192,612.552,0
2176,0,0,611.712,808.229,611.712,808.229,0
2177,107.799,133.414,349.223,692.203,312.875,818.028,0
2178,165.901,203.945,519.563,507.783,615.593,540.379,0
2179,230.605,243.075,463.591,462.807,615.579,540.339,0
2180,97.3991,78.8984,431.173,177.171,356.401,172.843,0
2181,165.101,183.93,515.143,193.251,648.418,190.757,0
2182,153,147.453,280.764,648.97,144.849,616.147,0
2183,166.601,147.466,181.653,350.534,67.7182,404.929,0
2184,155.6,124.628,465.007,194.059,356.259,173.169,0
2185,21.1,27.4168,601.338,523.217,615.756,540.747,0
2186,96.4991,86.0984,563.924,361.892,630.355,333.673,0
2187,68.7995,74.2879,217.206,626.4,144.664,615.6,0
2188,51.8998,50.883,602.534,132.214,653.472,129.95,0
2189,131.199,138.871,349.593,289.428,349.425,174.528,0
2190,242.506,140.489,489.529,164.496,361.442,174.67,1
2191,174.701,121.714,520.565,646.334,613.323,613.21,0
2192,37.6,49.5923,603.003,213.933,648.344,198.09,0
2193,242.506,220.569,335.108,510.046,206.763,623.747,1
2194,126.299,104.037,233.116,285.933,248.842,185.021,0
2195,242.506,182.445,451.391,442.979,568.801,339.244,1
2196,56.8997,57.3356,602.821,165.466,647.653,191.76,0
2197,169.101,122.568,457.393,156.684,356.219,173.294,0
2198,242.506,196.565,470.304,365.706,614.778,333.658,1
2199,198.103,153.26,505.436,391.672,630.275,334.159,0
2200,137.699,166.285,293.44,697.691,149.562,693.235,0
2201,77.8994,105.281,295.431,259.724,250.754,184.743,0
2202,226.205,217.499,351.135,359.52,349.833,174.706,0
2203,242.506,206.208,467.073,502.73,565.654,617.133,1
2204,64.9996,71.4199,414.234,146.253,355.997,173.675,0
2205,113.999,95.2392,162.803,405.721,67.7086,404.879,0
2206,93.0992,89.8691,284.939,754.951,311.183,818.619,0
2207,70.7995,72.4596,542.617,617.593,613.153,613.031,0
2208,210.704,235.931,485.881,504.764,615.49,540.244,0
2209,65.3996,84.8272,331.692,736.12,312.486,817.959,0
2210,242.506,202.878,318.316,545.583,175.616,620.787,1
2211,242.506,203.103,259.379,421.745,84.0777,404.802,1
2212,96.7991,102.614,293.721,735.945,311.479,818.493,0
2213,172.801,191.245,344.905,329.965,349.061,174.412,0
2214,142.8,114.978,436.582,226.515,356.314,173,0
2215,242.506,230.389,294.303,422.185,98.3904,405.634,1
2216,124.399,143.611,607.594,446.6,615.568,539.782,0
2217,34.2001,46.2441,581.353,726.435,612.28,752.057,0
2218,159.801,169.749,533.133,482.921,615.619,539.604,0
2219,169.701,179.857,353.839,325.321,349.094,174.391,0
2220,80.1993,85.2468,540.404,603.159,613.197,612.699,0
2221,215.104,185.72,292.521,343.781,250.195,185.011,0
2222,242.506,126.119,516.459,569.185,559.057,613.361,1
2223,242.506,190.838,467.417,376.431,619.303,334.594,1
2224,6.3,4.88721,141.178,606.227,140.245,611.171,0
2225,184.802,169.378,360.908,319.603,350.417,175,0
2226,98.8991,118.704,89.7072,483.708,67.6524,405.522,0
2227,242.506,240.989,405.969,396.843,322.082,194.911,1
2228,6.6,6.8542,599.651,810.158,606.093,812.496,0
2229,242.506,340.154,405.951,524.867,312.732,816.082,1
2230,55.7997,45.4589,221.044,212.379,248.218,184.738,0
2231,240.805,173.826,448.806,277.847,355.766,174.287,0
2232,242.506,188.754,393.637,632.497,551.273,617.314,1
2233,35.5,37.6898,393.028,170.307,356.061,173.625,0
2234,242.506,161.954,452.631,696.086,555.574,619.848,1
2235,76.9994,108.756,584.195,267.584,647.981,197.963,0
2236,1.7,0.871755,605.854,814.795,606.672,814.493,0
2237,231.505,182.336,278.963,350.928,249.919,185.093,0
2238,35.7,44.6501,608.061,215.576,648.373,198.123,0
2239,242.506,210.03,422.816,319.98,361.769,176.546,1
2240,55.4997,58.6314,601.341,175.419,647.67,191.745,0
2241,77.6994,77.8665,188.525,211.499,249.003,184.978,0
2242,112.499,96.3146,560.275,320.279,630.381,333.785,0
2243,242.506,214.825,463.212,491.733,559.694,616.286,1
2244,93.9991,76.2093,430.292,179.382,356.144,173.39,0
2245,240.405,234.881,514.039,475.785,615.621,539.636,0
2246,59.2997,67.819,407.939,147.553,356.121,173.5,0
2247,242.506,275.325,446.459,528.946,535.537,616.507,1
2248,190.602,211.952,604.012,385.021,615.556,539.715,0
2249,72.4995,84.354,542.45,602.205,613.182,612.742,0
2250,33.1001,38.3527,407.45,116.313,405.859,78.1298,0
2251,102.299,90.3131,557.021,321.862,630.418,333.681,0
2252,23.3001,28.1195,285.62,809.483,311.737,818.363,0
2253,104.499,109.924,361.23,231.115,349.569,174.59,0
2254,0.8,0.237318,611.733,752.681,611.956,752.762,0
2255,34.3,35.7197,390.978,178.704,355.809,174.273,0
2256,142.8,118.736,538.172,659.064,613.217,612.557,0
2257,242.506,205.761,427.093,335.886,376.837,175.432,1
2258,242.506,204.075,320.338,518.373,203.185,624.888,1
2259,178.502,227.513,496.271,260.336,647.968,197.974,0
2260,97.2991,122.081,552.805,191.405,647.838,191.397,0
2261,242.506,184.234,395.753,645.903,553.845,619.295,1
2262,112.499,143.176,273.29,694.973,149.491,693.201,0
2263,63.9996,64.2609,589.324,126.582,653.49,130.231,0
2264,123.599,106.754,163.012,511.71,139.497,611.179,0
2265,242.506,181.909,434.312,391.846,574.297,337.7,1
2266,204.403,161.6,301.554,626.978,144.786,615.878,0
2267,72.4995,67.7361,294.793,768.999,311.277,818.466,0
2268,66.3996,70.551,551.444,741.05,611.914,753.288,0
2269,242.506,225.885,308.494,383.901,249.899,199.187,1
2270,242.506,292.221,320.957,481.539,139.83,595.609,1
2271,229.805,156.643,476.667,646.854,613.243,613.045,0
2272,186.102,238.227,323.591,377.831,250.919,184.718,0
2273,11,13.453,122.346,614.112,135.791,614.34,0
2274,166.101,166.126,500.98,137.681,653.626,130.359,0
2275,242.506,231.466,397.321,454.35,542.647,351.752,1
2276,110.999,114.253,258.144,293.426,249.441,185.189,0
2277,242.506,149.747,494.542,682.924,595.441,613.557,1
2278,120.899,150.703,282.703,705.028,310.45,818.9,0
2279,32.9001,35.1638,575.86,819.294,602.354,833.323,0
2280,242.506,189.83,444.462,441.039,577.227,338.847,1
2281,64.6996,62.6005,203.188,214.643,249.011,185.041,0
2282,242.506,203.074,347.799,565.874,192.294,623.282,1
2283,66.7996,66.6298,264.696,250.288,249.876,185.136,0
2284,110.699,144.571,264.931,666.346,149.473,693.263,0
2285,219.804,165.102,181.853,308.801,248.068,184.747,0
2286,62.3996,76.8902,211.457,679.598,149.365,693.313,0
2287,242.506,277.762,323.217,491.406,144.919,574.015,1
2288,109.999,146.938,316.523,695.734,312.338,818.111,0
2289,167.601,161.413,191.531,344.169,67.7467,404.896,0
2290,204.603,154.102,503.464,390.095,630.389,334.392,0
2291,242.506,275.028,324.292,482.352,142.334,578.167,1
2292,43.1999,53.9478,266.995,235.135,250.373,184.916,0
2293,242.506,141.39,440.415,633.699,561.355,616.869,1
2294,161.001,153.298,507.693,389.668,630.378,334.431,0
2295,233.105,137.064,480.596,168.649,356.076,173.548,0
2296,216.404,159.26,276.652,596.881,144.735,615.572,0
2297,20.6,23.4842,606.669,561.72,616.879,543.426,0
2298,222.704,171.201,309.871,622.776,144.768,616.075,0
2299,242.506,297.329,314.364,488.059,139.85,606.631,1
2300,242.506,251.554,266.28,470.296,97.6273,405.542,1
2301,50.5998,39.9607,229.392,217.528,249.179,185.14,0
2302,242.506,144.934,450.126,655.131,558.241,620.497,1
2303,213.204,188.641,299.765,326.665,250.634,184.838,0
2304,242.506,216.177,464.362,343.965,372.077,175.977,1
2305,69.2995,86.7167,533.404,779.479,611.08,755.216,0
2306,80.4993,74.6034,420.069,146.803,355.739,174.339,0
2307,242.506,161.86,414.816,641.701,554.442,617.947,1
2308,61.3996,73.4986,592.73,191.172,647.871,197.625,0
2309,13.4,15.0994,634.539,204.354,647.904,197.763,0
2310,106.399,130.663,526.628,736.774,611.05,755.154,0
2311,79.3994,109.507,568.137,229.469,647.984,198.032,0
2312,103.599,107.003,547.224,122.188,653.457,130.077,0
2313,26.7001,34.6571,265.366,215.302,251.707,184.333,0
2314,194.803,156.949,477.602,586.402,613.318,613.115,0
2315,70.5995,100.512,237.356,709.632,153.521,700.807,0
2316,168.801,172.597,183.912,521.844,140.194,611.238,0
2317,240.605,195.868,325.788,608.753,144.665,615.602,0
2318,113.699,96.0491,544.19,589.06,613.29,612.538,0
2319,114.099,87.5351,541.756,634.188,613.215,612.909,0
2320,5,4.91565,631.239,283.869,635.838,282.139,0
2321,28.9001,30.4811,141.55,664.363,149.573,693.191,0
2322,27.4001,28.4926,403.608,106.324,405.933,78.1199,0
2323,98.8991,137.228,257.812,665.844,149.494,693.205,0
2324,42.4999,60.9458,594.9,226.008,648.004,197.971,0
2325,242.506,158.797,452.94,606.62,596.88,612.732,1
2326,198.603,157.382,527.657,403.273,630.367,333.699,0
2327,137.999,156.319,141.75,455.621,67.7586,405.364,0
2328,242.506,132.672,450.179,651.011,558.39,616.535,1
2329,71.1995,71.1043,415.763,148.065,355.687,174.31,0
2330,242.506,132.456,461.983,662.062,564.504,617.158,1
2331,242.506,203.954,471.6,427.567,620.88,334.792,1
2332,242.506,209.642,463.801,339.77,374.182,175.959,1
2333,111.499,129.957,302.022,292.269,250.587,184.823,0
2334,52.8998,54.7245,407.53,182.31,355.943,174.137,0
2335,229.805,226.693,480.927,467.851,615.533,539.867,0
2336,242.506,206.179,482.354,516.089,594.19,613.159,1
2337,99.4991,74.2961,596.55,355.977,630.393,334.446,0
2338,149,109.384,232.551,288.236,248.968,185.018,0
2339,242.506,211.085,458.028,427.004,612.667,333.683,1
2340,228.405,281.215,306.198,501.748,139.786,611.059,0
2341,35.6,27.2279,267.827,205.418,252.387,184.015,0
2342,227.405,226.788,503.59,476.979,615.706,539.45,0
2343,172.701,139.042,485.307,587.02,613.191,612.976,0
2344,183.002,148.523,446.902,248.326,355.522,174.445,0
2345,69.8995,69.0231,196.652,214.896,248.829,184.995,0
2346,63.5996,76.6929,552.395,784.682,611.13,755.063,0
2347,47.4998,64.5275,576.265,502.715,615.698,540.439,0
2348,242.506,192.281,425.908,429.296,555.501,348.183,1
2349,79.3994,87.2659,540.991,746.721,611.138,755.175,0
2350,242.506,174.521,450.649,275.709,357.666,175.708,1
2351,23.6001,29.3167,624.804,134.745,653.46,130.043,0
2352,30.9001,36.0097,413.376,112.744,405.947,78.1224,0
2353,174.201,178.118,378.821,666.961,312.642,817.984,0
2354,156.7,153.571,185.178,346.255,67.5916,404.716,0
2355,160.301,118.848,454.739,155.022,356.092,173.523,0
2356,63.9996,87.1302,335.238,733.961,312.662,817.973,0
2357,242.506,228.738,406.917,565.912,544.801,617.101,1
2358,242.506,190.317,232.108,430.059,79.5735,405.54,1
2359,138.199,158.593,344.957,668.711,313.036,818.127,0
2360,139.999,182.22,531.57,267.816,648.019,197.911,0
2361,16.5,16.8565,268.014,190.058,253.088,183.447,0
2362,57.6997,73.3793,211.255,676.556,149.774,693.199,0
2363,242.506,40.15,430.662,375.471,429.83,377.669,1
2364,242.506,204.085,297.843,549.506,161.182,617.74,1
2365,242.506,246.801,366.138,401.586,346.218,177.914,1
2366,242.506,152.346,440.329,645.534,558.345,615.679,1
2367,52.5998,41.1769,225.145,214.031,248.817,185.026,0
2368,242.506,236.958,341.327,392.133,330.594,185.633,1
2369,133.999,146.578,599.787,451.442,615.657,539.484,0
2370,52.2998,60.9713,300.673,771.975,311.763,818.454,0
2371,237.105,240.385,261.328,435.289,67.5419,404.425,0
2372,64.1996,86.5724,234.76,728.156,152.667,701.832,0
2373,242.506,201.128,473.424,421.247,621.499,334.701,1
2374,70.0995,69.2337,585.059,663.533,613.433,613.305,0
2375,150.6,169.357,538.933,420.431,615.63,539.681,0
2376,94.0991,126.518,257.937,694.586,149.43,693.376,0
2377,242.506,211.295,459.115,499.361,567.183,616.952,1
2378,192.103,157.686,446.799,258.173,355.36,174.416,0
2379,68.0995,64.9831,418.438,179.802,355.816,174.207,0
2380,242.506,157.85,505.326,688.754,605.678,613.268,1
2381,123.799,104.646,423.555,230.373,355.822,174.309,0
2382,242.506,260.397,356.431,447.54,322.032,196.677,1
2383,242.506,222.163,408.585,469.91,583.149,474.108,1
2384,89.2992,87.835,187.378,563.488,139.969,611.12,0
2385,127.099,134.142,366.232,253.023,349.608,174.569,0
2386,176.402,156.562,372.353,280.674,350.141,174.82,0
2387,159.401,167.948,500.255,143.187,653.562,130.431,0
2388,188.602,170.441,215.714,490.358,140.252,611.158,0
2389,242.506,282.062,346.794,457.978,320.021,197.298,1
2390,92.1992,102.299,543.153,711.905,611.914,753.204,0
2391,105.499,111.329,543.934,662.362,613.287,613.081,0
2392,153.8,128.143,465.478,170.015,356.139,173.372,0
2393,75.2994,75.6389,176.12,561.6,139.851,611.097,0
2394,109.299,120.593,592.548,441.834,615.589,539.612,0
2395,89.5992,86.8632,540.337,597.493,613.178,612.57,0
2396,20.4,20.9334,88.0873,400.775,67.69,404.814,0
2397,7,6.11989,138.643,605.434,139.797,611.152,0
2398,157.1,171.898,377.246,671.006,312.896,817.953,0
2399,31.4001,36.7937,617.603,136.811,653.55,129.996,0
2400,29.7001,31.4464,387.176,171.274,356.029,173.828,0
2401,132.699,153.816,308.184,693.401,312.417,818.093,0
2402,144.9,186.153,515.838,291.611,647.982,197.88,0
2403,135.899,130.723,563.381,400.736,630.283,334.345,0
2404,242.506,263.55,355.873,418.991,333.218,183.524,1
2405,11.1,13.7265,252.403,198.426,249.31,185.118,0
2406,228.605,232.343,501.475,481.669,615.498,539.998,0
2407,55.3997,63.76,594.301,231.196,648.395,198.142,0
2408,220.104,192.009,497.826,575.34,613.253,612.515,0
2409,132.199,136.208,258.749,657.768,144.712,616.32,0
2410,77.7994,96.5807,99.1847,472.487,67.7191,405.543,0
2411,47.5998,53.6402,406.237,182.089,355.763,174.218,0
2412,242.506,184.018,361.857,595.525,195.68,623.9,1
2413,150.7,137.073,160.094,474.508,140.002,611.112,0
2414,230.205,162.657,307.284,627.517,144.78,616.217,0
2415,202.503,169.147,243.331,336.149,249.676,185.245,0
2416,242.506,243.17,280.604,433.766,75.1136,404.061,1
2417,83.7993,88.4862,247.08,779.635,310.401,818.91,0
2418,125.699,111.687,523.155,359.262,630.532,334.606,0
2419,20,22.648,611.423,325.127,630.351,333.804,0
2420,48.2998,57.0174,410.204,162.486,355.934,173.789,0
2421,62.5996,61.8037,598.946,178.196,647.739,191.722,0
2422,231.905,170.817,304.036,648.55,144.722,615.589,0
2423,162.901,127.969,264.952,617.661,144.566,615.448,0
2424,56.9997,73.4283,211.274,676.699,149.402,693.352,0
2425,192.803,191.125,200.35,461.809,139.418,611.303,0
2426,185.202,135.006,201.708,394.188,67.7028,405.574,0
2427,242.506,182.777,408.361,503.088,539.597,443.953,1
2428,116.699,110.288,515.344,595.09,613.213,612.651,0
2429,4.4,3.99064,405.942,82.1088,405.942,78.1181,0
2430,34.8,36.0657,391.242,175.9,356.007,173.69,0
2431,131.799,130.92,214.999,535.833,139.82,611.088,0
2432,170.901,140.607,162.544,478.262,139.493,611.226,0
2433,28.7001,33.4324,617.495,210.449,647.869,197.63,0
2434,77.7994,83.6927,545.294,634.263,613.22,612.65,0
2435,138.699,141.628,524.424,146.453,653.483,130.151,0
2436,82.1993,99.0618,524.013,755.054,611.171,755.216,0
2437,242.506,184.08,435.312,313.937,364.937,175.613,1
2438,145.3,122.888,218.247,301.733,248.948,185,0
2439,112.299,118.352,543.97,679.056,613.292,613.14,0
2440,14.7,15.2274,253.06,199.687,249.818,185.045,0
2441,242.506,222.882,306.421,377.265,250.015,196.338,1
2442,79.0994,102.057,326.594,724.861,312.391,818.06,0
2443,242.506,217.247,465.694,473.623,602.201,520.233,1
2444,63.0996,66.0484,597.62,148.552,653.587,130.372,0
2445,193.903,179.225,476.798,559.988,613.227,612.673,0
2446,114.799,143.516,500.31,718.655,611.844,753.515,0
2447,127.899,119.95,175.067,376.49,67.7726,405.024,0
2448,30.1001,37.1357,603.592,574.639,616.304,542.076,0
2449,242.506,201.771,472.084,367.519,622.183,335.023,1
2450,35.8,34.6938,284.985,196.362,252.935,183.81,0
2451,173.801,214.469,333.167,362.335,251.333,184.474,0
2452,46.2999,47.7016,606.652,130.679,653.535,129.979,0
2453,24.8001,32.1985,591.205,528.401,615.571,540.121,0
2454,242.506,189.134,455.542,382.253,609.517,333.96,1
2455,90.9992,99.8538,240.972,624.364,144.805,616.248,0
2456,42.1999,57.3131,591.209,495.114,615.564,540.257,0
2457,184.502,142.309,290.782,306.959,249.291,185.237,0
2458,166.601,178.014,511.168,444.334,615.583,539.589,0
2459,242.506,181.603,437.941,390.824,576.157,337.331,1
2460,190.102,183.185,521.451,427.036,630.387,334.403,0
2461,1.6,0.782263,401.491,76.8479,402.163,76.4469,0
2462,149.7,111.249,231.471,291.721,248.565,184.924,0
2463,242.506,226.715,411.358,471.13,589.141,481.034,1
2464,242.506,292.512,375.458,467.47,321.169,200.782,1
2465,14.3,16.2426,119.613,613.244,135.562,614.379,0
2466,5,4.38213,71.3006,408.216,67.2103,406.647,0
2467,73.6994,66.0206,411.667,192.31,355.629,174.345,0
2468,118.599,97.6974,547.178,586.75,613.278,612.365,0
2469,19.8,24.6311,144.38,669.49,149.755,693.172,0
2470,67.5995,93.2888,235.675,717.087,153.458,700.849,0
2471,242.506,32.3817,584.573,318.564,584.634,322.577,1
2472,109.699,93.4167,419.608,218.642,355.563,174.356,0
2473,0,0,247.429,179.581,247.429,179.581,0
2474,9.7,10.065,152.045,683.723,149.402,693.329,0
2475,170.901,187.107,336.268,641.071,312.893,817.991,0
2476,47.2999,48.2369,603.198,293.888,635.938,282.548,0
2477,201.003,159.238,192.828,338.248,67.7953,405.036,0
2478,212.004,192.49,439.793,311.825,355.372,174.54,0
2479,242.506,215.631,464.36,465.949,599.647,519.549,1
2480,242.506,194.267,446.769,393.596,595.746,334.518,1
2481,31.2001,38.4897,612.71,212.867,647.824,197.324,0
2482,6.1,6.07461,73.4087,402.7,67.5485,404.299,0
2483,34.6,43.8005,610.055,217.264,648.615,198.241,0
2484,161.201,180.858,515.554,196.447,648.395,190.798,0
2485,106.899,92.5682,159.18,543.065,139.535,611.247,0
2486,242.506,182.389,450.846,413.083,572.427,337.982,1
2487,51.8998,60.9706,342.243,198.21,349.856,174.655,0
2488,170.401,161.333,182.063,470.786,140.245,611.158,0
2489,242.506,184.226,349.265,584.263,206.356,624.337,1
2490,27.0001,30.1548,140.877,665.488,149.698,693.237,0
2491,39.6,41.173,614.189,190.901,647.688,191.762,0
2492,93.5991,120.506,516.308,740.19,611.137,755.192,0
2493,81.8993,84.7909,543.284,600.669,613.202,612.78,0
2494,242.506,196.025,478.1,406.842,625.859,333.575,1
2495,178.802,168.463,357.75,319.995,350.375,174.934,0
2496,215.404,169.269,172.059,298.168,248.273,184.822,0
2497,65.1996,68.1401,197.7,213.517,248.02,184.598,0
2498,98.1991,90.8716,525.003,608.294,613.299,612.493,0
2499,69.0995,96.443,235.917,714.05,153.629,700.224,0
2500,29.4001,35.3442,575.937,806.876,606.768,811.071,0
2501,10,10.6032,620.112,336.006,630.375,334.025,0
2502,242.506,211.82,408.134,477.115,578.945,461.793,1
2503,7.4,7.15024,349.535,182.322,351.633,175.488,0
2504,130.899,136.629,260.856,655.604,144.716,616.248,0
2505,177.202,229.764,493.05,260.246,647.996,197.919,0
2506,6.2,5.98108,605.233,755.937,611.101,755.215,0
2507,84.3993,87.232,528.27,609.332,613.233,612.551,0
2508,113.599,121.635,542.996,688.59,612.339,752.052,0
2509,180.802,158.321,278.997,328.444,250.902,184.656,0
2510,60.3997,63.6486,559.028,610.022,613.338,612.399,0
2511,242.506,161.251,218.716,415.519,68.3254,405.983,1
2512,73.9994,87.7702,539.271,746.852,611.22,754.834,0
2513,79.4994,106.709,242.743,685.666,149.421,693.314,0
2514,42.9999,50.8495,324.508,208.033,349.976,174.806,0
2515,117.599,107.12,236.14,607.123,144.753,615.779,0
2516,116.499,125.283,259.434,744.57,311.433,818.526,0
2517,242.506,233.769,283.07,432.059,83.7415,404.083,1
2518,50.3998,65.019,594.286,199.272,647.921,197.67,0
2519,214.104,184.32,483.849,297.577,630.44,334.386,0
2520,214.004,195.154,477.877,307.929,630.386,333.677,0
2521,236.705,159.644,488.754,663.038,613.296,613.157,0
2522,99.899,127.838,580.451,283.506,647.902,197.677,0
2523,19.8,25.9733,624.629,209.166,647.98,198.049,0
2524,67.1995,81.8239,216.611,698.365,152.656,701.798,0
2525,242.506,190.948,241.374,365.867,73.1157,404.796,1
2526,0.6,0.142421,652.488,189.81,652.44,189.944,0
2527,199.303,158.14,188.651,312.099,248.104,184.728,0
2528,242.506,186.65,224.888,415.807,86.3727,405.606,1
2529,116.799,145.105,272.622,701.876,149.57,693.224,0
2530,13.2,14.3915,408.372,92.186,405.811,78.1275,0
2531,134.099,88.8869,542.591,637.415,613.268,613.179,0
2532,141.299,143.879,511.342,121.348,653.547,129.775,0
2533,229.205,283.233,306.427,498.435,139.593,611.231,0
2534,242.506,216.777,416.78,345.448,322.358,190.651,1
2535,242.506,190.688,290.63,562.296,149.08,615.878,1
2536,156.9,120.266,182.929,402.998,67.664,405.614,0
2537,187.902,130.508,199.485,391.561,67.7534,405.436,0
2538,200.403,194.768,298.969,343.653,251.045,184.586,0
2539,242.506,146.811,501.147,163.544,363.785,174.984,1
2540,0,0,631.143,332.234,631.143,332.234,0
2541,47.9998,43.1627,222.011,208.639,248.3,184.801,0
2542,18.3,20.5761,590.517,804.364,606.85,810.772,0
2543,43.8999,47.0628,571.169,771.438,611.154,754.928,0
2544,210.204,181.399,504.211,313.32,630.381,333.672,0
2545,210.704,223,467.75,442.007,615.558,539.608,0
2546,239.405,226.535,479.513,469.683,615.636,540.245,0
2547,242.506,252.822,363.567,411.917,339.172,180.456,1
2548,100.499,109.493,282.875,274.995,250.422,184.928,0
2549,75.5994,79.5419,574.11,131.638,653.532,130.047,0
2550,162.901,150.106,241.791,323.541,249.554,185.196,0
2551,192.803,187.155,221.326,475.098,140.334,611.201,0
2552,43.3999,51.6873,324.182,208.172,349.234,174.473,0
2553,54.0997,70.2598,594.015,192.568,647.896,197.721,0
2554,8.5,9.29851,600.303,805.61,606.685,811.374,0
2555,238.305,175.523,276.867,581.456,144.655,615.63,0
2556,79.7994,75.4437,577.766,693.224,612.181,752.368,0
2557,59.5997,65.4553,101.986,447.187,67.6763,405.615,0
2558,159.401,143.303,484.643,588.2,613.344,612.458,0
2559,103.399,132.881,541.723,188.253,647.627,191.917,0
2560,242.506,196.554,442.96,321.549,361.158,176.258,1
2561,242.506,170.05,250.144,397.241,82.7408,405.614,1
2562,47.6998,47.2608,299.34,186.271,253.411,182.746,0
2563,35.5,34.377,127.293,586.492,139.886,611.128,0
2564,69.2995,69.8529,584.272,124.812,653.504,130.027,0
2565,242.506,244.971,388.141,459.566,557.43,347.437,1
2566,104.199,97.5655,572.194,292.619,630.398,333.766,0
2567,242.506,190.601,471.312,276.505,363.482,176.436,1
2568,154,146.469,242.88,319.419,249.428,185.203,0
2569,3.6,2.95693,644.299,196.893,647.078,195.882,0
2570,22.2,28.2489,320.62,791.306,313.506,818.312,0
2571,15.4,13.9321,608.061,551.562,617.072,543.521,0
2572,26.0001,32.6295,618.492,210.481,648.024,197.965,0
2573,186.202,168.663,279.61,583.804,144.817,616.18,0
2574,242.506,166.288,504.425,519.552,561.978,616.44,1
2575,76.6994,86.8681,552.384,721.178,611.786,753.305,0
2576,128.499,153.256,513.667,690.89,612.419,751.964,0
2577,76.7994,82.9386,148.934,394.468,67.6521,405.478,0
2578,54.5997,52.6295,601.437,133.075,653.484,129.985,0
2579,5.9,6.05017,317.73,813.567,315.653,819.25,0
2580,194.703,196.828,345.187,335.933,349.131,174.383,0
2581,242.506,205.023,319.144,549.205,174.026,620.494,1
2582,225.305,277.832,304.053,504.159,139.586,611.16,0
2583,38.4,50.5336,603.492,209.84,648.348,198.144,0
2584,157.8,203.471,522.847,245.683,647.922,197.72,0
2585,242.506,156.613,422.051,392.458,545.286,349.423,1
2586,24.9001,27.6762,605.349,565.509,617.144,543.539,0
2587,200.803,152.957,220.592,391.697,67.6672,405.558,0
2588,179.902,181.935,238.524,496.663,140.206,611.241,0
2589,242.506,274.47,369.499,451.492,324.252,198.433,1
2590,220.404,224.592,480.017,466.644,615.599,540.392,0
2591,40.5,58.2135,206.628,723.534,152.697,701.83,0
2592,242.506,231.635,398.266,563.183,543.218,616.521,1
2593,242.506,210.295,420.177,571.465,546.579,617.759,1
2594,242.506,196.025,421.596,491.503,574.727,450.146,1
2595,242.506,198.703,490.83,272.801,374.195,174.447,1
2596,216.304,170.526,232.64,344.184,249.926,185.121,0
2597,242.506,190.077,264.429,358.089,249.633,192.631,1
2598,242.506,198.995,243.222,426.864,80.6401,406.392,1
2599,75.4994,103.65,228.3,693.014,149.363,693.292,0
2600,100.699,100.021,221.14,277.637,247.962,184.574,0
2601,242.506,260.791,379.706,535.175,195.486,624.823,1
2602,231.505,212.611,386.272,333.64,350.313,174.868,0
2603,242.506,206.433,445.675,575.431,550.783,619.438,1
2604,29.7001,34.1553,576.847,820.017,602.415,833.269,0
2605,82.8993,76.876,551.379,733.374,611.974,752.949,0
2606,32.0001,31.6635,142.051,580.311,139.875,611.175,0
2607,176.602,211.131,512.346,505.697,615.66,540.283,0
2608,65.9996,75.0091,209.698,614.415,144.734,615.573,0
2609,242.506,198.948,462.958,432.646,605.966,335.29,1
2610,19.8,22.1722,260.623,204.469,252.327,184.117,0
2611,130.999,106.868,241.092,282.472,249.245,185.14,0
2612,123.099,107.191,527.097,358.191,630.382,334.497,0
2613,164.201,151.981,293.329,638.261,144.841,616.008,0
2614,10.6,11.6473,156.279,617.372,144.792,615.905,0
2615,29.7001,21.4519,271.496,194.878,252.991,183.846,0
2616,173.801,134.81,278.498,636.236,144.739,615.603,0
2617,211.604,168.379,491.256,392.167,630.385,334.352,0
2618,159.101,133.752,558.086,401.972,630.434,334.422,0
2619,168.501,187.467,386.159,665.599,312.063,818.195,0
2620,242.506,260.518,365.456,470.332,216.435,626.184,1
2621,46.1999,39.0601,106.577,403.203,67.6762,404.751,0
2622,242.506,157.261,501.359,541.822,559.391,611.971,1
2623,28.6001,30.3964,596.836,777.834,611.128,755.43,0
2624,242.506,185.153,464.911,348.719,581.312,336.216,1
2625,83.2993,113.219,248.915,687.025,149.424,693.366,0
2626,199.003,174.211,308.395,623.9,144.837,616.024,0
2627,238.805,207.015,326.226,597.542,144.746,616.29,0
2628,45.8999,62.3168,198.109,694.009,153.325,700.94,0
2629,146,152.911,614.42,430.724,615.697,539.489,0
2630,67.6995,70.569,598.002,358.622,630.419,334.414,0
2631,242.506,205.373,455.988,439.278,602.04,334.729,1
2632,230.205,210.271,389.015,328.096,349.891,174.818,0
2633,226.805,165.56,281.435,586.675,144.687,616.343,0
2634,129.599,153.887,308.742,693.548,312.334,818.111,0
2635,173.401,201.986,419.056,684.392,313.278,818.211,0
2636,242.506,227.876,397.369,451.988,540.865,351.606,1
2637,206.003,167.56,305.469,625.521,144.67,616.273,0
2638,237.605,143.21,200.405,413.952,67.8359,405.307,0
2639,193.603,137.472,273.63,618.043,144.634,615.721,0
2640,42.0999,43.0609,574.823,770.653,611.104,754.976,0
2641,173.501,113.816,166.403,425.429,67.6724,405.568,0
2642,39.4,51.629,576.261,785.29,606.508,811.375,0
2643,135.299,157.119,313.761,684.792,312.281,818.093,0
2644,205.603,178.701,480.848,391.983,630.52,334.825,0
2645,65.4996,78.1041,289.992,226.894,250.54,184.782,0
2646,69.7995,98.293,581.651,256.865,648.052,197.901,0
2647,174.701,137.257,201.284,386.902,67.8122,405.251,0
2648,228.605,146.315,493.887,619.758,613.189,612.929,0
2649,70.4995,75.9288,593.546,189.718,647.662,191.982,0
2650,215.604,142.498,444.159,143.715,355.822,174.347,0
2651,23.7001,25.4181,238.048,204.869,249.372,185.22,0
2652,242.506,122.699,463.573,639.199,570.15,618.042,1
2653,58.6997,53.4468,111.314,418.979,67.6972,405.529,0
2654,242.506,152.956,506.581,536.444,559.342,614.496,1
2655,152.5,180.692,408.421,695.758,312.366,818.085,0
2656,242.506,207.784,388.745,620.584,549.316,615.242,1
2657,65.3996,82.5566,219.093,679.075,149.352,693.36,0
2658,36.4,44.2936,582.094,789.948,607.049,810.242,0
2659,242.506,189.997,473.785,393.223,628.935,333.48,1
2660,104.499,127.157,513.096,730.691,611.895,753.126,0
2661,41.8999,40.2097,223.269,208.381,248.303,184.844,0
2662,165.701,182.305,614.5,405.294,615.559,539.784,0
2663,9.6,10.1073,592.35,833.673,602.437,833.332,0
2664,173.201,133.147,480.836,175.027,356.216,173.438,0
2665,16.6,19.5178,597.623,766.297,611.1,755.239,0
2666,127.599,136.812,518.364,119.288,653.588,129.688,0
2667,242.506,156.069,306.042,624.739,155.053,616.66,1
2668,158.6,203.864,515.526,263.33,648.098,198.025,0
2669,242.506,199.703,473.82,258.649,375.59,174.314,1
2670,175.402,160.332,274.532,663.528,144.719,616.274,0
2671,145.2,127.196,549.531,295.377,630.458,333.823,0
2672,242.506,232.775,250.922,461.879,84.6043,406.293,1
2673,61.5996,71.9323,199.876,639.719,144.822,615.907,0
2674,59.1997,75.9873,213.129,676.748,149.139,693.364,0
2675,0,0,312.885,821.164,312.885,821.164,0
2676,120.299,94.6806,421.424,220.006,356.209,173.357,0
2677,86.5993,80.6909,574.809,664.636,613.208,612.806,0
2678,242.506,117.572,476.889,670.006,561.589,617.54,1
2679,242.506,216.103,427.769,335.709,369.001,176.049,1
2680,127.099,122.307,207.129,533.334,140.11,611.119,0
2681,242.506,202.962,466.494,429.973,613.612,334.518,1
2682,210.804,228.956,367.38,608.048,312.589,818.001,0
2683,132.499,161.434,289.155,698.562,149.485,693.221,0
2684,25.7001,32.0712,317.184,786.504,312.819,818.025,0
2685,152.7,118.974,469.235,174.019,355.989,173.698,0
2686,52.6998,68.8239,550.515,811.282,602.477,833.261,0
2687,239.505,205.387,249.199,414.611,67.5921,404.611,0
2688,0,0,639.877,285.878,639.877,285.878,0
2689,230.905,201.886,297.162,577.029,144.709,616.338,0
2690,2,1.1325,255.08,179.064,253.986,179.36,0
2691,36.8,45.6955,81.396,439.868,67.4752,405.936,0
2692,21.5,26.4139,318.327,792.676,312.67,818.042,0
2693,68.9995,64.7663,594.805,689.897,612.358,752.072,0
2694,242.506,189.356,426.696,594.338,551.279,615.375,1
2695,34.6,34.3829,258.477,218.128,249.672,185.04,0
2696,99.2991,124.084,353.444,701.903,312.391,818.066,0
2697,242.506,161.762,195.283,445.248,73.6817,405.608,1
2698,242.506,201.775,451.541,477.826,591.027,490.17,1
2699,242.506,285.413,318.838,494.675,140.419,588.53,1
2700,121.699,128.767,526.16,120.438,653.461,129.969,0
2701,203.403,224.99,380.313,357.427,349.347,174.471,0
2702,147.5,148.689,217.002,512.771,139.927,611.079,0
2703,128.399,138.613,310.228,296.283,250.856,184.738,0
2704,39.6,51.1119,601.604,215.514,648.151,198.012,0
2705,20.1,18.4256,162.315,618.643,144.606,615.532,0
2706,64.3996,68.5135,410.276,148.162,355.786,174.329,0
2707,104.899,108.043,547.909,665.988,613.178,612.711,0
2708,95.1991,109.673,582.898,446.555,615.571,539.828,0
2709,242.506,170.07,429.918,389.772,560.609,343.529,1
2710,22.4,28.3286,171.935,622.02,144.725,615.878,0
2711,120.299,126.004,363.705,245.567,349.823,174.693,0
2712,6.7,6.74501,642.26,188.357,648.48,190.785,0
2713,0.2,0.0199361,615.726,759.166,615.73,759.147,0
2714,29.6001,30.185,614.225,270.613,635.871,282.438,0
2715,105.799,132.094,350.632,694.045,312.482,817.995,0
2716,242.506,199.985,457.754,421.591,603.358,333.825,1
2717,84.3993,117.995,265.743,734.791,152.787,701.692,0
2718,124.799,125.078,251.505,302.805,249.642,185.232,0
2719,125.799,144.764,528.001,192.424,647.813,191.639,0
2720,47.6998,45.6683,569.295,617.217,613.279,612.438,0
2721,87.3992,79.3713,588.074,678.021,612.223,752.368,0
2722,80.5993,99.0773,578.787,455.01,615.746,539.49,0
2723,0,0,605.324,836.064,605.324,836.064,0
2724,242.506,158.671,429.983,415.191,530.26,357.875,1
2725,242.506,195.439,479.986,414.987,627.082,334.597,1
2726,133.099,130.113,528.573,670.663,613.361,613.194,0
2727,182.002,192.817,373.263,650.828,313.139,818.199,0
2728,95.9991,113.65,566.425,451.047,615.601,540.286,0
2729,10.9,11.9376,407.652,89.6184,405.497,78.0864,0
2730,40.9999,50.3422,562.708,759.647,611.074,755.211,0
2731,201.003,182.793,348.955,327.093,350.147,174.783,0
2732,68.6995,66.9403,164.216,557.681,139.671,611.056,0
2733,46.6999,65.4772,328.678,755.111,312.809,817.958,0
2734,5.4,4.12871,358.781,177.224,355.625,174.389,0
2735,240.105,206.036,478.985,415.793,630.452,334.77,0
2736,165.801,133.177,520.107,377.895,630.365,333.84,0
2737,110.399,92.4366,554.675,320.467,630.35,333.816,0
2738,115.099,102.154,214.388,259.33,248.601,184.913,0
2739,94.7991,80.1971,586.445,359.369,630.355,334.45,0
2740,166.901,217.41,510.194,250.57,647.852,197.772,0
2741,242.506,223.661,465.039,477.414,600.227,512.087,1
2742,218.004,234.1,351.563,370.804,349.096,174.428,0
2743,173.601,147.49,437.099,260.388,355.474,174.435,0
2744,134.099,147.07,232.589,778.817,152.823,701.768,0
2745,242.506,197.124,320.708,538.889,191.541,622.582,1
2746,242.506,180.834,247.161,395.189,70.1042,405.471,1
2747,184.602,193.683,341.16,638.633,312.331,818.119,0
2748,242.506,226.018,471.276,254.289,364.226,173.587,1
2749,91.3992,120.29,353.905,706.14,312.798,818.009,0
2750,16.1,19.953,603.682,735.02,612.221,752.614,0
2751,150.4,142.489,306.167,302.165,250.945,184.61,0
2752,111.399,93.9973,162.716,402.224,67.6864,404.822,0
2753,134.399,117.962,220.484,604.439,144.832,615.836,0
2754,29.3001,35.8091,596.292,721.584,612.088,752.734,0
2755,37.6,26.1957,275.374,195.888,252.85,183.825,0
2756,111.299,122.951,239.042,761.29,152.741,701.729,0
2757,116.099,148.14,347.758,678.789,312.481,818.019,0
2758,242.506,232.376,326.543,492.984,208.856,623.701,1
2759,181.402,151.794,296.492,315.78,250.447,184.872,0
2760,6.9,6.99221,641.601,200.523,647.773,197.452,0
2761,206.503,188.195,379.9,312.119,349.482,174.488,0
2762,211.804,171.6,200.049,342.496,67.6421,404.564,0
2763,13.2,14.9363,599.028,609.101,613.164,612.806,0
2764,242.506,171.876,424.627,431.175,538.574,352.231,1
2765,110.999,107.559,557.41,684.991,612.116,752.579,0
2766,93.7991,110.824,574.079,443.671,615.717,539.558,0
2767,127.099,157.055,341.064,669.692,312.858,817.978,0
2768,48.8998,63.0021,417.97,139.055,405.944,78.1692,0
2769,147.8,151.809,504.561,118.469,653.548,129.8,0
2770,242.506,95.4529,471.929,333.279,471.256,329.726,1
2771,137.299,161.298,306.275,705.768,312.111,818.152,0
2772,18.8,19.6483,600.852,532.132,615.472,539.761,0
2773,231.405,155.423,160.488,459.988,67.645,405.949,0
2774,61.1996,56.8946,113.46,422.004,67.7263,405.625,0
2775,42.6999,48.3297,402.893,178.224,356.019,173.764,0
2776,11.5,13.8464,148.047,679.669,149.567,693.179,0
2777,138.199,127.228,278.582,301.069,249.755,185.092,0
2778,72.6995,76.0237,356.746,195.325,349.457,174.571,0
2779,95.6991,103.231,206.595,566.13,144.711,615.632,0
2780,242.506,148.397,499.632,165.739,362.064,175.857,1
2781,3.9,3.15035,254.353,174.139,253.098,177.008,0
2782,137.399,152.467,216.861,512.201,140.217,611.182,0
2783,242.506,193.124,444.966,595.612,553.373,614.634,1
2784,239.705,224.463,387.784,351.599,350.171,174.797,0
2785,148.4,108.985,546.215,658.68,613.235,612.552,0
2786,8.09999,8.42585,641.128,201.785,648.509,198.194,0
2787,190.302,172.984,203.935,498.423,140.077,611.178,0
2788,12.3,10.8889,257.793,193.43,252.75,183.827,0
2789,242.506,179.978,438.642,450.639,556.732,346.772,1
2790,116.199,127.167,306.286,276.859,249.943,185.062,0
2791,187.502,172.552,198.824,341.091,67.7537,405.014,0
2792,164.801,122.864,262.683,626.507,144.77,615.775,0
2793,241.006,299.696,312.528,482.731,139.95,611.151,0
2794,81.7993,101.58,564.862,472.613,615.669,539.748,0
2795,126.599,123.233,190.335,261.364,248.231,184.731,0
2796,242.506,186.727,442.622,585.122,548.659,617.64,1
2797,119.899,129.112,307.523,281.699,250.546,184.825,0
2798,16.7,20.6348,411.904,97.8515,405.786,78.2408,0
2799,50.5998,53.5633,608.257,165.805,647.878,191.517,0
2800,208.604,167.523,508.02,325.908,630.401,333.779,0
2801,242.506,262.397,435.138,528.334,538.863,616.518,1
2802,242.506,236.849,449.566,461.343,606.991,538.909,1
2803,171.701,122.462,462.246,156.2,356.222,173.256,0
2804,126.899,130.399,250.802,308.526,250.49,184.803,0
2805,78.4994,107.097,349.583,718.957,312.839,817.961,0
2806,192.003,132.126,224.188,308.265,248.045,184.622,0
2807,242.506,187.426,439.281,442.143,568.188,342.514,1
2808,38.8,43.7603,411.735,121.268,405.866,78.2497,0
2809,86.8992,105.295,535.639,724.651,611.854,753.246,0
2810,30.4001,23.6787,266.454,201.459,252.469,183.996,0
2811,82.6993,90.2243,266.279,273.013,249.703,185.207,0
2812,242.506,218.582,472.559,252.179,368.068,173.414,1
2813,54.1997,60.4369,594.913,301.996,630.342,334.044,0
2814,28.2001,33.6144,579.477,819.433,602.379,833.34,0
2815,175.902,149.242,160.669,469.563,139.201,611.323,0
2816,72.1995,69.3622,570.584,351.063,630.288,334.16,0
2817,242.506,214.061,445.705,342.02,377.907,174.365,1
2818,93.0992,120.754,349.822,704.788,312.845,818.028,0
2819,143,156.999,533.892,449.635,615.522,540.208,0
2820,242.506,212.589,430.204,341.823,378.594,175.573,1
2821,52.6998,65.5937,591.459,229.305,648.414,198.09,0
2822,125.599,149.774,353.877,676.657,312.997,818.105,0
2823,146.3,145.837,520.413,146.561,653.594,130.271,0
2824,242.506,266.696,317.617,444.118,106.369,404.86,1
2825,242.506,157.09,456.496,598.393,603.196,612.261,1
2826,14.3,14.0465,588.437,833.51,602.447,833.26,0
2827,242.506,230.755,374.552,377.947,348.745,175.22,1
2828,46.7999,53.8713,610.403,163.83,647.65,191.884,0
2829,117.099,101.399,157.841,515.041,139.463,611.231,0
2830,81.1993,78.0232,583.762,671.54,613.178,613.044,0
2831,76.3994,76.6386,590.04,362.514,630.348,334.266,0
2832,155,129.184,515.711,366.361,630.428,333.685,0
2833,176.702,147.111,295.334,309.305,250.645,184.803,0
2834,68.6995,76.4067,331.536,232.54,349.49,174.561,0
2835,242.506,206.661,280.799,375.168,248.018,189.481,1
2836,45.8999,45.3147,295.091,196.428,253.214,183.192,0
2837,151.4,148.563,181.082,350.824,67.7651,404.951,0
2838,242.506,205.476,353.69,597.084,166.044,619.291,1
2839,195.303,190.929,380.156,314.062,349.514,174.646,0
2840,204.703,236.356,487.034,503.406,615.614,540.272,0
2841,196.603,190.887,199.12,460.441,139.454,611.328,0
2842,242.506,229.164,408.821,558.867,541.121,617.956,1
2843,144.5,115.129,163.528,505.452,140.092,611.123,0
2844,195.603,201.27,369.212,635.758,312.705,817.97,0
2845,62.6996,62.8053,595.989,691.647,612.356,751.892,0
2846,62.8996,71.0909,604.976,241.539,648.422,198.084,0
2847,223.904,194.334,254.195,390.939,67.7292,404.772,0
2848,242.506,216.429,460.624,344.346,372.364,173.696,1
2849,125.199,106.442,158.015,506.256,139.546,611.248,0
2850,90.9992,108.418,606.186,457.875,615.642,539.618,0
2851,16.5,18.8219,583.926,835.305,602.419,833.267,0
2852,19.9,25.814,177.276,710.823,153.511,700.772,0
2853,16.4,16.8251,339.49,187.54,350.168,174.796,0
2854,173.901,202.902,518.423,506.338,615.453,540.062,0
2855,79.4994,82.4129,318.198,232.129,349.462,174.589,0
2856,242.506,170.695,319.176,604.174,171.489,619.337,1
2857,31.7001,33.901,389.32,172.063,355.794,174.196,0
2858,78.3994,80.6371,253.453,780.282,310.926,818.681,0
2859,161.201,137.9,282.912,309.546,249.87,185.125,0
2860,196.403,138.16,522.35,659.577,613.29,613.159,0
2861,242.506,137.7,493.042,634.207,582.716,618.002,1
2862,242.506,151.419,545.259,518.739,560.098,614.939,1
2863,145.2,182.166,388.198,678.859,313.465,818.309,0
2864,196.003,255.622,327.096,390.597,251.151,184.523,0
2865,8.09999,9.15458,161.131,705.539,152.847,701.781,0
2866,70.1995,88.8242,530.006,780.218,611.124,754.995,0
2867,144,172.947,302.375,681.989,312.337,818.143,0
2868,86.0993,71.6704,425.717,179.356,356.179,173.383,0
2869,242.506,242.75,444.148,478.373,601.66,525.552,1
2870,121.599,110.482,166.332,379.696,67.6445,404.938,0
2871,242.506,205.768,473.882,509.122,570.665,617.621,1
2872,235.605,238.005,263.782,433.889,67.483,404.389,0
2873,242.506,183.383,477.903,492.993,579.255,457.886,1
2874,194.903,186.626,396.25,292.381,355.374,174.468,0
2875,23.0001,24.4341,412.153,101.451,405.618,78.0799,0
2876,82.8993,77.5419,571.993,359.777,630.272,334.082,0
2877,89.8992,88.9793,232.095,632.207,144.841,615.822,0
2878,242.506,247.897,364.69,394.43,347.737,176.706,1
2879,242.506,232.911,403.011,463.169,558.914,345.652,1
2880,104.499,108.609,560.208,155.219,653.487,130.227,0
2881,177.502,181.89,382.015,667.036,312.967,818.132,0
2882,103.799,106.835,250.318,762.161,310.64,818.801,0
2883,211.304,149.563,277.576,601.743,144.818,616.098,0
2884,24.2001,25.676,149.708,667.743,149.568,693.233,0
2885,242.506,230.921,385.865,385.429,323.589,188.813,1
2886,48.3998,58.5961,182.228,591.748,144.658,615.682,0
2887,4.4,3.46393,311.097,815.022,312.665,818.056,0
2888,56.9997,55.0667,598.542,126.56,653.576,129.752,0
2889,242.506,220.395,409.073,347.389,323.419,194.135,1
2890,235.405,176.181,242.963,395.839,67.8309,405.057,0
2891,78.2994,107.908,570.552,231.648,647.915,197.724,0
2892,131.799,91.008,525.147,622.919,613.241,612.558,0
2893,96.2991,90.9093,157.183,401.026,67.7381,404.917,0
2894,242.506,186.927,416.487,624.301,553.727,616.526,1
2895,20.1,19.6078,599.022,550.029,616.16,541.936,0
2896,178.602,166.223,197.552,351.867,67.6455,404.934,0
2897,61.6996,65.7304,591.932,691.35,612.49,751.675,0
2898,242.506,189.685,445.812,395.675,590.405,336.059,1
2899,164.101,157.769,525.972,401.564,630.436,334.497,0
2900,43.4999,33.2987,234.681,213.638,249.2,185.143,0
2901,165.801,154.891,393.028,262.647,355.437,174.4,0
2902,114.699,93.2868,150.148,519.67,139.62,611.18,0
2903,112.299,112.068,163.995,378.757,67.6651,404.795,0
2904,242.506,191.313,484.389,248.299,371.348,174.421,1
2905,30.1001,30.2532,156.255,665.452,149.57,693.185,0
2906,188.302,149.841,280.055,318.675,249.181,185.121,0
2907,57.4997,60.3747,413.068,179.715,355.777,174.325,0
2908,60.9996,66.8971,276.127,777.453,310.831,818.681,0
2909,150,149.671,354.056,298.053,350.091,174.775,0
2910,236.705,186.112,322.479,616.545,144.645,616.484,0
2911,107.399,83.0366,595.713,355.382,630.379,334.526,0
2912,26.2001,32.3499,578.39,803.618,606.752,810.887,0
2913,242.506,212.733,390.803,334.908,349.431,175.523,1
2914,228.705,193.743,238.595,363.829,67.5727,404.485,0
2915,83.3993,96.3894,542.348,722.288,611.814,753.495,0
2916,155.1,176.013,336.793,651.405,312.302,818.052,0
2917,242.506,216.414,459.231,437.606,612.545,334.501,1
2918,242.506,197.802,424.536,316.588,364.286,176.496,1
2919,33.0001,41.361,310.314,187.598,349.077,174.442,0
2920,242.506,263.269,358.529,453.575,321.658,198.924,1
2921,242.506,268.313,311.3,466.669,102.985,404.214,1
2922,242.506,190.25,399.31,614.232,550.035,614.982,1
2923,63.1996,65.3748,590.211,691.97,612.12,752.58,0
2924,182.602,131.024,489.526,606.345,613.328,613.114,0
2925,242.506,231.716,461.101,467.682,606.359,537.029,1
2926,67.3995,70.5596,413.359,147.832,355.955,173.634,0
2927,224.404,228.232,477.919,468.189,615.667,540.57,0
2928,189.402,170.304,522.936,416.42,630.411,334.376,0
2929,100.399,112.251,227.964,754.24,153.37,701.038,0
2930,182.802,142.259,515.729,384.003,630.306,333.855,0
2931,242.506,234.292,422.818,344.203,367.476,173.707,1
2932,242.506,176.427,235.743,407.109,74.1241,404.764,1
2933,198.703,160.743,234.406,333.804,249.562,185.184,0
2934,237.705,309.172,330.971,438.303,251.088,184.645,0
2935,119.899,115.081,200.36,534.206,140.237,611.221,0
2936,127.799,108.489,222.452,289.086,248.738,184.897,0
2937,95.7991,98.2952,556.47,123.498,653.582,130.304,0
2938,120.599,137.731,567.728,418.028,615.585,539.66,0
2939,242.506,199.107,342.543,565.788,197.33,623.621,1
2940,242.506,167.026,437.538,678.294,555.285,616.493,1
2941,242.506,243.675,309.359,365.319,251.231,190.464,1
2942,126.999,115.294,562.919,386.055,630.415,334.502,0
2943,199.603,152.772,199.931,316.139,248.763,185.002,0
2944,242.506,209.638,395.145,334.59,344.52,180.558,1
2945,242.506,222.51,409.686,565.734,543.221,617.424,1
2946,211.804,235.868,372.077,607.121,313.074,818.063,0
2947,242.506,225.788,419.817,565.189,548.602,618.944,1
2948,126.299,152.007,513.719,695.55,612.368,752.072,0
2949,109.099,129.225,117.078,494.147,67.6479,405.606,0
2950,242.506,293.692,317.313,488.824,139.854,599.853,1
2951,197.003,181.562,219.819,479.228,140.181,611.242,0
2952,105.499,96.8887,227.114,278.025,249.481,185.174,0
2953,193.903,164.465,235.862,338.527,249.43,185.194,0
2954,240.505,151.099,220.21,406.465,67.8165,405.167,0
2955,242.506,169.018,321.339,617.995,160.25,618.55,1
2956,42.2999,38.2302,576.023,619.291,613.28,613.205,0
2957,108.199,103.105,188.365,534.432,140.128,611.148,0
2958,50.1998,61.6269,286.392,787.4,311.071,818.667,0
2959,124.999,113.48,309.477,253.607,350.156,174.78,0
2960,202.203,256.592,328.187,389.889,251.069,184.619,0
2961,112.799,125.39,596.497,441.075,615.628,539.687,0
2962,51.9998,55.2306,177.068,658.399,149.644,693.211,0
2963,19.3,24.702,304.399,800.127,311.988,818.193,0
2964,18.9,20.9715,250.777,205.76,249.949,185.012,0
2965,9.1,9.89696,348.409,184.767,352.247,175.656,0
2966,26.0001,29.6609,385.576,175.182,356.136,173.297,0
2967,14.7,18.3606,635.599,134.092,653.487,129.842,0
2968,242.506,195.524,391.91,630.851,552.374,619.316,1
2969,242.506,230.278,326.914,490.458,210.14,624.474,1
2970,51.3998,63.1092,408.79,140.802,405.865,78.1444,0
2971,242.506,209.241,472.876,507.333,578.461,617.166,1
2972,59.5997,57.2055,573.384,637.345,613.301,612.503,0
2973,242.506,166.116,564.989,527.081,609.097,612.53,1
2974,118.599,152.62,508.378,702.14,611.92,753.212,0
2975,242.506,337.301,391.453,530.558,312.722,812.987,1
2976,120.699,95.2338,520.19,608.481,613.314,613.139,0
2977,130.299,97.1674,151.616,516.194,140.216,611.233,0
2978,19.7,24.9376,318.55,794.009,312.61,818.084,0
2979,12.8,13.662,637.313,206.23,648.238,198.082,0
2980,204.003,249.115,384.186,604.693,312.08,818.154,0
2981,29.6001,24.211,594.573,620.596,613.251,613.151,0
2982,69.0995,74.1692,329.858,230.528,349.853,174.847,0
2983,242.506,129.238,477.207,662.569,577.701,617.803,1
2984,22.8001,28.5368,150.758,589.844,139.86,611.177,0
2985,177.002,130.948,422.067,258.849,355.429,174.466,0
2986,212.504,167.827,247.123,337.604,250.207,185.04,0
2987,5.2,4.99424,610.957,542.319,615.5,540.246,0
2988,170.101,222.629,333.64,371.028,251.326,184.537,0
2989,51.5998,55.7321,602.874,172.496,647.518,192.161,0
2990,32.9001,26.6798,93.6746,403.069,67.6214,404.613,0
2991,242.506,197.08,417.45,496.278,568.139,450.551,1
2992,233.505,227.79,368.461,378.168,349.069,174.429,0
2993,38.4,45.4949,261.664,228.345,250.359,184.88,0
2994,102.099,111.893,553.937,686.308,611.933,753.058,0
2995,14.3,15.6605,614.757,333.396,630.37,334.086,0
2996,76.7994,72.1689,589.422,684.341,612.263,752.202,0
2997,152.4,132.23,519.318,376.389,630.354,334.415,0
2998,49.2998,69.5781,331.347,751.634,312.813,817.994,0
2999,81.3993,83.1865,255.862,790.537,310.915,818.651,0
3000,108.399,145.899,317.569,696.311,312.363,818.129,0
3001,50.7998,62.8538,594.693,228.677,648.404,198.091,0
3002,138.599,120.778,311.728,259.763,349.974,174.807,0
3003,242.506,194.713,323.541,530.291,204.908,625.782,1
3004,22.2,27.1224,575.71,836.099,602.456,833.252,0
3005,175.702,191.106,497.515,442.984,615.515,540.083,0
3006,242.506,255.451,314.956,401.017,249.371,200.844,1
3007,242.506,190.566,464.447,350.207,593.975,335.021,1
3008,166.801,136.862,286.812,299.118,249.44,185.231,0
3009,167.501,128.905,439.679,236.322,355.46,174.398,0
3010,219.704,207.867,280.192,373.166,250.619,184.803,0
3011,26.4001,31.906,160.004,596.17,144.823,615.761,0
3012,242.506,266.873,373.665,440.791,322.391,196.13,1
3013,242.506,206.765,422.417,581.155,548.49,618.239,1
3014,25.8001,23.3795,591.946,618.473,613.268,613.07,0
3015,242.506,220.883,348.177,591.288,153.37,617.255,1
3016,130.099,144.908,544.014,443.395,615.493,539.786,0
3017,140.399,121.643,528.615,372.335,630.422,334.433,0
3018,63.9996,83.8486,576.984,478.698,615.621,539.584,0
3019,106.199,104.88,162.561,384.852,67.7461,404.828,0
3020,114.199,128.429,304.964,288.923,250.67,184.768,0
3021,138.399,178.766,480.788,701.664,612.355,752.003,0
3022,242.506,268.405,443.826,529.383,540.115,616.881,1
3023,22.6,24.7984,612.023,343.001,630.286,334.322,0
3024,136.399,116.753,561.194,386.341,630.367,333.765,0
3025,212.604,196.434,492.21,418.696,630.477,334.644,0
3026,187.702,142.381,478.957,153.488,356.012,173.662,0
3027,105.699,106.475,252.18,763.776,310.503,818.902,0
3028,177.702,154.232,503.189,391.354,630.361,334.427,0
3029,230.205,186.576,491.729,411.063,630.429,333.668,0
3030,200.303,158.129,301.16,635.325,144.836,616.093,0
3031,242.506,266.543,315.959,404.34,250.489,197.572,1
3032,175.702,127.266,480.96,175.983,356.054,173.616,0
3033,158.7,141.597,296.974,303.116,250.697,184.781,0
3034,0,0,620.667,538.677,620.667,538.677,0
3035,242.506,151.311,459.594,684.321,559.023,616.229,1
3036,23.4001,24.4014,405.745,102.239,406.124,78.1398,0
3037,132.499,167.168,479.901,713.566,612.106,752.787,0
3038,46.1999,45.645,297.622,182.73,253.513,182.709,0
3039,242.506,51.5704,285.283,347.712,284.923,350.454,1
3040,15.8,18.0701,584.698,832.329,602.464,833.343,0
3041,75.3994,103.899,350.254,724.243,313.208,818.181,0
3042,130.499,156.197,307.034,699.952,312.848,818.046,0
3043,242.506,244.269,288.706,408.182,250.652,198.232,1
3044,60.9996,72.1078,215.699,625.579,144.728,615.569,0
3045,0,0,617.196,612.68,617.196,612.68,0
3046,90.8992,91.1903,223.455,269.643,248.93,184.97,0
3047,242.506,185.451,249.82,352.599,248.013,187.392,1
3048,242.506,237.002,360.826,420.433,320.125,192.298,1
3049,15.9,19.1622,635.319,133.698,653.502,130.053,0
3050,170.301,194.842,413.337,685.257,313.323,818.175,0
3051,242.506,227.382,285.052,394.53,248.46,198.37,1
3052,59.8997,58.7019,579.654,328.321,630.259,334.048,0
3053,76.4994,101.47,338.051,719.821,313.05,818.09,0
3054,0,0,355.208,172.749,355.208,172.749,0
3055,122.299,153.737,309.125,694.197,312.293,818.106,0
3056,233.405,203.248,444.209,315.165,355.779,174.337,0
3057,242.506,171.309,433.338,391.203,569.204,341.016,1
3058,76.2994,83.8862,332.412,238.77,349.711,174.726,0
3059,146,155.469,532.035,444.867,615.498,540.226,0
3060,166.101,131.993,145.136,493.108,139.356,611.298,0
3061,90.3992,92.3407,567.547,140.395,653.5,130.114,0
3062,229.905,195.949,449.205,302.716,355.311,174.489,0
3063,35.1,45.3087,585.636,338.464,630.306,334.05,0
3064,9,10.3391,602.195,749.552,611.838,753.272,0
3065,72.7995,86.8752,536.686,750.76,611.137,755.003,0
3066,4.3,3.54935,655.189,201.764,654.059,198.4,0
3067,5.2,5.06628,153.098,689.099,151.383,693.866,0
3068,44.5999,38.3401,105.427,405.858,67.7304,404.843,0
3069,55.7997,51.5586,118.041,396.258,67.838,404.981,0
3070,242.506,217.723,339.636,530.636,211.111,624.923,1
3071,1.1,0.4103,654.835,133.942,655.097,133.626,0
3072,183.202,141.071,455.439,215.77,356.074,173.609,0
3073,242.506,261.419,381.37,532.585,199.288,625.511,1
3074,13.3,14.3816,606.1,534.315,615.547,540.221,0
3075,242.506,207.661,450.296,485.994,594.567,493.338,1
3076,51.6998,58.6606,616.69,243.916,635.906,282.379,0
3077,37.9,43.7437,615.431,172.724,648.383,190.807,0
3078,242.506,142.818,538.148,525.152,566.521,616.871,1
3079,74.0994,80.9073,147,395.773,67.7295,404.924,0
3080,173.601,177.667,516.043,449.031,615.571,539.684,0
3081,103.999,138.44,324.281,697.617,312.199,818.214,0
3082,42.0999,45.1891,556.908,834.361,602.368,833.252,0
3083,12,13.0565,636.603,203.671,647.997,197.91,0
3084,60.8996,63.24,599.121,147.108,653.561,130.233,0
3085,215.504,197.907,392.669,308.415,350.291,174.944,0
3086,1.3,0.555003,401.359,70.88,401.881,71.0699,0
3087,160.901,131.373,452.692,223.935,355.769,174.327,0
3088,74.6994,92.4908,549.24,498.185,615.576,540.203,0
3089,242.506,239.125,377.671,542.984,209.696,625.777,1
3090,61.6996,76.6843,209.783,690.517,153.624,700.216,0
3091,12.8,15.2136,137.681,635.924,139.986,620.885,0
3092,242.506,242.479,404.954,579.696,544.647,616.41,1
3093,194.203,189.981,363.569,285.332,350.599,175.043,0
3094,226.905,196.337,477.867,410.14,630.309,334.056,0
3095,198.403,225.332,466.89,439.163,615.605,540.348,0
3096,242.506,227.374,291.343,385.691,251.028,185.231,1
3097,143.5,135.543,524.73,668.339,613.419,613.345,0
3098,238.305,195.287,210.052,327.051,248.279,184.785,0
3099,242.506,214.941,392.558,333.184,350.286,175.072,1
3100,220.204,189.601,475.305,402.574,630.494,334.559,0
3101,242.506,199.565,485.196,255.159,369.941,174.405,1
3102,242.506,167.926,431.262,615.383,556.387,614.307,1
3103,212.204,242.22,281.669,518.054,139.503,611.16,0
3104,242.506,185.348,433.951,610.533,555.893,613.796,1
3105,242.506,278.245,446.937,526.568,536.251,616.452,1
3106,59.8997,63.7424,602.24,153.246,653.647,130.338,0
3107,117.399,103.433,169.344,395.44,67.6487,404.886,0
3108,46.6999,61.7383,184.882,654.629,149.671,693.26,0
3109,224.204,285.288,334.137,415.328,251.172,184.517,0
3110,187.802,147.831,553.57,543.09,613.305,612.472,0
3111,44.0999,51.5631,608.594,166.73,647.797,191.7,0
3112,2.6,1.74026,313.763,816.487,313.3,818.165,0
3113,171.601,129.02,502.49,650.152,613.221,612.728,0
3114,58.5997,76.9451,584.04,477.44,615.641,540.238,0
3115,208.804,239.493,257.32,529.585,140.159,611.21,0
3116,34.2001,44.0022,280.064,799.209,311.782,818.337,0
3117,49.3998,52.0132,157.697,571.16,139.884,611.066,0
3118,224.204,209.929,389.322,325.631,350.188,174.778,0
3119,209.004,160.394,212.087,366.239,67.7622,405.018,0
3120,242.506,219.707,293.734,374.565,250.518,186.322,1
3121,209.504,161.07,178.566,299.58,248.782,185.03,0
3122,218.004,219.37,369.197,368.998,349.689,174.604,0
3123,242.506,218.056,409.592,345.268,323.664,189.813,1
3124,161.801,119.158,164.181,426.748,67.771,405.204,0
3125,193.203,210.489,368.054,356.909,349.465,174.488,0
3126,242.506,128.194,446.928,638.172,558.139,618.925,1
3127,52.3998,39.8016,285.837,206.7,252.97,183.811,0
3128,105.999,124.896,111.439,484.778,67.703,405.528,0
3129,121.599,105.527,528.873,358.166,630.305,334.072,0
3130,167.901,138.783,223.307,590.717,144.707,615.707,0
3131,10.3,12.1338,641.679,128.826,653.582,129.883,0
3132,130.699,152.653,313.227,689.576,312.249,818.235,0
3133,77.0994,82.3475,571.676,130.839,653.465,130.016,0
3134,242.506,195.193,418.115,511.443,555.333,452.162,1
3135,242.506,170.533,418.842,416.569,529.019,359.412,1
3136,40.8999,54.1968,324.765,765.957,312.852,818.025,0
3137,125.799,93.8931,546.159,592.561,613.181,613.03,0
3138,128.499,138.285,605.213,433.494,615.63,539.734,0
3139,20.1,17.8337,85.8836,405.13,67.7215,405.565,0
3140,64.2996,65.1556,185.472,660.425,149.694,693.152,0
3141,56.8997,70.2162,213.993,624.613,144.706,615.636,0
3142,242.506,94.6846,323.025,405.221,306.305,390.71,1
3143,38.2,50.1376,577.423,786.831,606.366,811.588,0
3144,193.003,174.56,420.69,296.092,355.412,174.521,0
3145,214.304,161.109,303.707,627.618,144.647,615.62,0
3146,242.506,204.057,440.587,507.96,580.231,459.77,1
3147,242.506,250.54,340.019,539.195,178.883,621.82,1
3148,242.506,248.621,360.924,550.231,177.028,621.531,1
3149,137.299,155.576,542.465,213.408,647.709,191.728,0
3150,96.4991,126.332,514.004,734.792,611.142,755.138,0
3151,171.601,190.969,512.047,462.808,615.484,539.822,0
3152,207.103,148.728,201.55,413.483,67.6332,405.658,0
3153,133.899,153.196,539.861,213.212,648.41,190.82,0
3154,242.506,141.166,500.521,174.16,366.91,174.958,1
3155,15.8,17.1876,603.854,553.144,616.375,542.187,0
3156,242.506,244.398,451.458,463.811,606.061,540.006,1
3157,242.506,197.264,484.568,510.783,575.423,617.021,1
3158,226.505,191.026,404.88,297.215,355.517,174.402,0
3159,53.6998,59.7727,409.506,157.496,355.931,173.63,0
3160,239.405,236.841,465.646,454.65,615.603,539.599,0
3161,89.4992,119.125,266.253,735.084,153.728,700.246,0
3162,70.7995,69.3532,584.721,127.65,653.644,129.704,0
3163,3.3,2.63215,628.334,331.977,630.871,332.679,0
3164,65.8996,57.8022,210.643,215.559,248.633,184.916,0
3165,123.699,154.719,308.989,701.792,312.309,818.108,0
3166,147.9,149.895,336.495,292.111,349.285,174.514,0
3167,242.506,184.425,472.798,474.735,586.096,480.911,1
3168,242.506,259.008,308.326,398.994,251.288,191.12,1
3169,234.005,287.282,307.597,493.135,139.851,611.142,0
3170,242.506,219.398,423.973,565.412,544.025,618.208,1
3171,74.5994,76.8582,144.99,401.906,67.8176,405.072,0
3172,176.602,144.955,289.084,637.452,144.787,616.225,0
3173,242.506,213.028,261.186,376.084,249.35,196.016,1
3174,74.0994,74.3097,174.387,560.576,139.748,611.166,0
3175,116.499,120.366,255.856,643.656,144.809,616.156,0
3176,51.9998,68.7199,203.972,695.84,153.247,701.285,0
3177,242.506,257.669,365.423,531.495,187.931,623.59,1
3178,134.999,97.5125,546.196,646.641,613.166,612.99,0
3179,58.8997,62.1392,597.119,144.949,653.551,130.248,0
3180,242.506,261.965,351.28,541.652,162.312,619.237,1
3181,77.4994,68.1272,398.196,194.778,355.615,174.324,0
3182,44.5999,40.3176,576.478,621.915,613.3,613.157,0
3183,39.8,44.115,325.912,199.127,349.906,174.835,0
3184,109.699,110.014,248.869,639.938,144.636,615.731,0
3185,82.5993,90.4538,121.548,453.443,67.6738,405.445,0
3186,171.001,138.725,288.867,306.323,249.999,184.977,0
3187,40.4,54.0128,596.678,307.931,630.352,334.12,0
3188,182.402,207.024,351.538,626.84,312.379,818.089,0
3189,115.199,101.438,373.173,209.335,355.764,174.313,0
3190,242.506,198.122,250.315,366.969,249.923,191.078,1
3191,150.7,134.64,269.358,617.457,144.814,615.833,0
3192,214.704,224.46,480.255,464.292,615.671,540.234,0
3193,36.4,43.4487,309.822,190.795,349.854,174.684,0
3194,15.1,16.175,147.207,677.49,149.459,693.181,0
3195,242.506,247.474,298.422,435.807,84.5888,404.106,1
3196,65.5996,65.7607,593.822,174.804,647.779,191.733,0
3197,242.506,280.869,322.025,479.905,141.493,582.943,1
3198,167.101,205.659,518.284,506.418,615.471,540.244,0
3199,226.305,225.058,475.64,460.044,615.659,539.727,0
3200,12.4,15.9395,316.74,802.821,312.46,818.055,0
3201,132.199,116.559,244.492,742.198,152.765,701.684,0
3202,0,0,603.898,832.841,603.898,832.841,0
3203,22.9001,29.2598,624.305,129.275,653.455,129.968,0
3204,186.802,215.174,421.425,697.886,313.374,818.226,0
3205,84.1993,112.514,570.005,226.297,648.008,198,0
3206,242.506,233.394,400.27,378.482,322.832,189.602,1
3207,242.506,226.986,235.023,476.712,92.9866,404.799,1
3208,59.3997,56.7072,574.598,338.742,630.387,334.151,0
3209,69.3995,95.5703,232.65,682.665,149.566,693.18,0
3210,81.2993,100.674,221.5,752.264,152.745,701.784,0
3211,37.4,47.3819,564.393,806.707,606.718,811.13,0
3212,138.799,146.845,316.984,297.644,250.898,184.691,0
3213,164.801,164.035,529.528,437.455,615.661,539.728,0
3214,57.1997,67.7665,326.826,223.617,349.889,174.663,0
3215,196.603,171.45,278.615,340.189,250.275,184.893,0
3216,183.202,165.892,349.815,315.646,350.298,174.938,0
3217,200.003,148.888,488.499,623.021,613.328,613.206,0
3218,242.506,210.972,411.944,436.611,562.074,342.628,1
3219,71.7995,88.8826,223.646,740.11,152.595,701.832,0
3220,95.1991,127.418,252.817,697.279,149.621,693.169,0
3221,44.1999,61.2106,202.231,630.146,144.699,615.663,0
3222,184.602,162.631,196.491,352.092,67.6585,404.903,0
3223,221.304,162.157,525.5,546.157,613.266,612.484,0
3224,71.5995,68.498,583.363,692.953,612.418,751.978,0
3225,29.1001,34.4299,154.759,642.93,139.947,620.899,0
3226,33.2001,33.1909,285.003,185.259,253.516,182.43,0
3227,22,23.2779,607.024,334.21,630.36,334.458,0
3228,242.506,237.643,343.03,491.208,213.547,624.712,1
3229,35.2,43.1311,80.3567,437.327,67.5261,406.001,0
3230,159.501,175.592,601.071,407.54,615.614,540.303,0
3231,74.5994,103.841,570.372,235.699,648.03,197.966,0
3232,242.506,120.465,457.522,640.213,560.342,617.773,1
3233,204.203,174.516,226.259,342.606,249.333,185.218,0
3234,0,0,313.754,820.961,313.754,820.961,0
3235,242.506,203.79,319.378,542.013,189.485,622.347,1
3236,242.506,285.876,321.186,486.995,140.287,589.988,1
3237,7.1,7.73558,594.337,834.348,602.411,833.21,0
3238,43.4999,51.747,598.742,703.161,612.305,752.11,0
3239,242.506,205.956,329.91,516.771,204.602,626.525,1
3240,117.799,102.068,533.33,336.406,630.395,333.719,0
3241,14.5,15.4204,596.239,800.595,606.621,811.274,0
3242,204.603,201.478,262.162,504.177,140.192,611.239,0
3243,135.599,129.491,281.041,296.861,249.448,185.208,0
3244,58.9997,58.533,162.825,568.612,139.912,611.137,0
3245,46.3999,52.3734,617.621,247.207,635.983,282.627,0
3246,77.8994,83.5838,582.155,291.046,630.4,333.812,0
3247,158.1,133.466,521.966,380.858,630.452,333.846,0
3248,212.104,135.76,481.217,169.794,356.205,173.315,0
3249,242.506,157.843,456.38,594.766,600.801,613.161,1
3250,242.506,153.693,487.515,629.965,611.976,612.43,1
3251,242.506,231.598,461.189,465.059,607.752,538.803,1
3252,56.6997,64.6446,120.231,564.903,139.924,611.05,0
3253,96.6991,99.8685,171.801,534.861,140.125,611.134,0
3254,142.299,167.383,515.899,205.629,647.67,191.839,0
3255,165.401,191.882,332.44,637.987,312.306,818.128,0
3256,206.303,175.311,522.598,418.794,630.4,334.518,0
3257,240.505,232.025,367.849,382.59,349.668,174.699,0
3258,8.9,9.82532,403.296,87.7849,405.834,78.2496,0
3259,202.103,167.112,235.562,341.457,250.288,184.919,0
3260,32.4001,36.9351,581.462,763.658,611.134,755.148,0
3261,242.506,190.498,263.043,355.816,250.292,192.686,1
3262,242.506,235.996,400.389,366.881,338.47,184.291,1
3263,242.506,279.738,387.572,447.318,321.775,199.572,1
3264,33.6001,35.63,267.473,214.924,252.12,184.137,0
3265,28.1001,36.1367,603.962,573.568,616.272,541.705,0
3266,191.202,170.51,474.106,569.07,613.316,612.549,0
3267,61.9996,57.1109,125.616,405.885,67.722,405.578,0
3268,109.399,134.384,345.894,691.407,312.745,818.001,0
3269,89.8992,89.4007,332.452,244.771,349.549,174.562,0
3270,154.6,128.336,213.68,306.879,248.567,184.917,0
3271,174.401,169.453,519.616,407.317,630.449,334.347,0
3272,242.506,188.09,401.472,630.083,553.079,619.392,1
3273,162.401,133.251,205.677,304.618,248.665,184.89,0
3274,100.299,135.918,326.94,697.093,312.312,818.072,0
3275,50.9998,66.9572,208.318,622.944,144.725,616.005,0
3276,242.506,157.963,518.887,545.685,602.455,612.406,1
3277,236.205,288.605,281.12,479.483,139.864,611.143,0
3278,242.506,254.689,359.697,473.843,214.717,625.845,1
3279,71.3995,78.9119,584.62,185.353,647.709,191.856,0
3280,163.701,166.225,522.288,443.219,615.596,539.656,0
3281,44.7999,61.112,595.71,228.262,648.327,198.119,0
3282,99.6991,131.669,538.811,196.163,647.744,191.7,0
3283,205.003,164.998,443.759,269.607,355.312,174.504,0
3284,192.103,181.251,376.614,304.777,350.25,174.943,0
3285,242.506,203.471,318.819,529.954,198.903,623.769,1
3286,41.1999,48.984,611.724,256.937,635.901,282.48,0
3287,242.506,219.106,399.925,484.658,575.215,451.457,1
3288,77.1994,98.5279,564.192,478.811,615.571,540.166,0
3289,181.102,203.885,495.404,451.755,615.48,540.205,0
3290,105.399,102.501,204.777,563.671,139.54,611.209,0
3291,56.2997,73.0301,210.215,675.259,149.258,693.276,0
3292,169.801,143.44,444.111,246.876,355.4,174.452,0
3293,145.4,142.887,268.252,657.638,144.844,616.013,0
3294,35,41.5432,179.204,672.597,149.984,693.315,0
3295,136.799,169.361,479.123,711.273,612.497,751.876,0
3296,217.204,194.098,287.02,342.37,251.196,184.518,0
3297,87.0992,86.6512,544.401,597.343,613.161,612.716,0
3298,111.999,135.918,349.002,690.941,312.213,818.218,0
3299,103.999,96.3048,606.064,708.22,612.386,751.952,0
3300,87.5992,107.683,565.757,468.413,615.612,540.299,0
3301,242.506,206.379,276.036,534.885,168.683,618.92,1
3302,114.799,126.161,303.334,286.808,250.034,184.988,0
3303,30.1001,34.4865,142.467,654.038,139.916,620.902,0
3304,126.099,165.485,541.511,279.054,647.871,197.723,0
3305,40.7999,45.3077,608.278,132.995,653.489,130.048,0
3306,208.304,157.522,192.13,318.935,249.135,185.14,0
3307,242.506,196.597,426.981,427.256,560.962,344.391,1
3308,120.699,129.91,213.63,534.703,140.153,611.174,0
3309,242.506,248.61,351.757,476.79,214.141,624.278,1
3310,107.299,106.783,248.634,637.188,144.738,615.626,0
3311,241.706,194.866,474.393,544.152,613.305,613.235,0
3312,66.3996,73.2522,198.431,638.7,144.829,616.011,0
3313,242.506,190.41,395.579,641.498,553.565,619.926,1
3314,242.506,250.192,302.309,425.785,88.6641,404.045,1
3315,17.2,20.8686,414.344,97.3557,408.203,77.3449,0
3316,25.3001,27.3289,134.805,586.139,139.918,611.172,0
3317,36.8,38.4692,577.304,600.261,613.289,612.494,0
3318,242.506,245.442,378.748,418.001,323.131,196.16,1
3319,19.8,27.0338,626.763,131.433,653.527,129.975,0
3320,66.5996,67.406,133.586,394.917,67.6621,405.548,0
3321,119.299,101.639,566.572,321.411,630.443,333.71,0
3322,242.506,181.698,452.261,415.201,577.939,337.112,1
3323,4,2.90582,645.275,189.909,647.933,191.406,0
3324,73.6994,74.3822,266.538,257.005,249.565,185.248,0
3325,242.506,138.47,437.697,636.606,556.663,617.826,1
3326,53.9997,64.7732,411.263,141.743,405.94,78.1557,0
3327,242.506,204.156,471.549,504.794,572.214,617.083,1
3328,242.506,179.351,512.057,514.682,580.137,617.323,1
3329,242.506,222.655,335.317,505.716,208.248,623.8,1
3330,19.8,20.2785,332.619,184.066,349.362,174.491,0
3331,242.506,139.713,459.324,638.164,576.962,617.114,1
3332,119.999,140.741,567.465,415.019,615.499,540.159,0
3333,143.1,142.064,564.631,182.155,653.656,130.411,0
3334,136.899,118.904,217.995,298.517,249.069,185.11,0
3335,32.4001,40.2485,81.9209,434.331,67.6909,405.596,0
3336,111.999,123.883,278.607,730.364,311.289,818.543,0
3337,228.805,308.498,395.655,556.119,312.684,818.008,0
3338,242.506,233.497,287.831,402.929,250.837,193.897,1
3339,187.302,153.283,279.736,324.991,250.336,184.891,0
3340,242.506,162.968,417.994,380.102,530.068,359.964,1
3341,242.506,162.423,425.758,425.581,528.66,356.974,1
3342,216.704,173.515,491.664,403.246,630.407,334.415,0
3343,121.199,148.7,316.845,692.783,312.084,818.305,0
3344,33.3001,45.5529,616.927,255.878,635.881,282.409,0
3345,242.506,212.603,418.675,568.283,546.065,616.885,1
3346,44.3999,46.6656,606.375,127.348,653.546,129.995,0
3347,110.299,103.809,358.093,225.286,350.044,174.766,0
3348,88.0992,82.1017,554.943,719.401,612.242,752.459,0
3349,242.506,202.715,446.491,489.924,589.006,483.51,1
3350,18.8,23.4092,315.406,794.952,312.805,817.991,0
3351,97.5991,136.064,257.221,663.852,149.57,693.169,0
3352,212.904,146.507,492.222,617.118,613.361,613.186,0
3353,242.506,215.873,249.455,443.129,81.2841,406.314,1
3354,166.101,117.852,509.424,643.693,613.255,612.352,0
3355,44.4999,52.3232,573.965,788.233,606.468,811.657,0
3356,77.3994,105.792,561.927,199.549,647.769,191.584,0
3357,118.299,128.14,526.888,118.185,653.473,129.855,0
3358,242.506,193.865,395.973,617.709,547.412,619.38,1
3359,147.7,143.666,367.75,259.269,349.915,174.811,0
3360,121.099,106.07,375.007,212.415,355.406,174.485,0
3361,232.805,236.719,268.086,430.803,67.5567,404.569,0
3362,158.1,140.903,160.012,473.158,139.99,611.107,0
3363,69.6995,83.2919,295.974,227.758,250.425,184.89,0
3364,180.002,130.957,463.504,155.657,356.074,173.593,0
3365,242.506,231.039,437.288,555.49,547.75,615.385,1
3366,242.506,240.184,450.373,459.78,606.257,538.973,1
3367,56.7997,52.5356,598.286,645.881,613.263,612.406,0
3368,99.5991,103.384,208.536,568.046,144.681,615.612,0
3369,0,0,151.833,695.341,151.833,695.341,0
3370,242.506,212.218,466.884,490.684,557.451,613.614,1
3371,121.399,106.364,406.403,232.01,355.892,174.082,0
3372,211.104,160.106,211.464,364.486,67.7267,404.923,0
3373,177.802,165.353,374.858,290.538,350.12,174.832,0
3374,112.699,118.595,536.713,127.463,653.636,130.315,0
3375,229.005,221.885,381.517,358.648,350.328,174.934,0
3376,38.1,43.6393,611.428,137.708,653.565,130.049,0
3377,242.506,235.303,465.375,467.594,606.753,541.051,1
3378,227.505,183.539,505.892,426.295,630.371,333.796,0
3379,242.506,184.987,417.399,421.387,530.187,357.192,1
3380,159.101,132.657,284.042,297.839,249.927,185.102,0
3381,134.699,109.998,546.329,660.366,613.279,612.418,0
3382,86.1993,102.341,279.166,281.192,250.34,184.901,0
3383,174.101,167.3,179.964,464.256,140.107,611.14,0
3384,27.7001,35.452,173.572,673.246,149.793,693.178,0
3385,18.4,23.014,161.171,675.025,149.627,693.175,0
3386,87.9992,121.591,251.705,704.219,153.49,700.717,0
3387,175.702,128.134,493.966,602.384,613.348,613.196,0
3388,21,20.4054,597.875,737.501,612.344,752.39,0
3389,98.5991,91.051,162.729,537.196,139.633,611.216,0
3390,233.605,218.895,351.447,360.752,349.793,174.728,0
3391,200.703,249.645,385.698,605.731,312.354,818.088,0
3392,7,7.69061,150.018,685.532,149.726,693.173,0
3393,46.4999,50.3429,155.821,570.595,139.929,611.089,0
3394,114.799,141.514,345.867,684.625,313.273,818.236,0
3395,137.199,116.463,523.418,339.677,630.437,333.803,0
3396,27.5001,36.0787,320.163,192.994,350.232,174.872,0
3397,143.5,111.99,204.955,259.188,248.645,184.934,0
3398,79.9994,82.2128,226.935,627.058,144.652,616.294,0
3399,192.203,214.327,350.661,619.883,312.368,818.121,0
3400,191.502,149.653,191.069,302.816,249.293,185.205,0
3401,242.506,134.344,464.386,644.108,572.29,617.798,1
3402,108.299,144.374,557.23,285.542,647.855,197.762,0
3403,242.506,209.401,479.402,504.991,584.502,616.916,1
3404,242.506,239.999,482.886,484.045,611.497,540.187,1
3405,242.506,236.228,365.791,398.443,339.847,182.562,1
3406,78.2994,107.952,249.983,721.044,152.702,701.786,0
3407,187.902,157.358,186.227,309.493,248.068,184.684,0
3408,174.101,149.666,162.499,466.261,139.467,611.197,0
3409,63.3996,61.573,393.519,186.165,355.709,174.326,0
3410,226.305,176.785,268.064,344.281,250.038,184.995,0
3411,207.503,157.707,211.754,365.875,67.6853,404.873,0
3412,242.506,183.181,257.113,355.629,249.216,190.543,1
3413,242.506,186.166,251.858,398.77,70.7814,404.145,1
3414,220.104,167.046,214.55,354.028,67.7483,404.835,0
3415,34.3,41.0706,615.211,195.518,647.866,197.732,0
3416,225.805,154.236,277.549,597.133,144.661,615.562,0
3417,67.7995,70.2192,195.804,213.171,248.323,184.799,0
3418,44.3999,52.4579,408.15,130.011,405.852,78.1204,0
3419,140.199,163.833,519.358,209.179,647.871,191.328,0
3420,242.506,248.457,330.541,475.465,208.6,626.87,1
3421,242.506,211.192,469.366,478.255,596.294,503.764,1
3422,42.2999,50.0672,609.479,144.156,653.577,130.049,0
3423,200.003,160.532,280.738,330.629,250.202,185.019,0
3424,34.4,43.435,319.916,200.422,350.083,174.797,0
3425,242.506,292.353,319.744,480.994,139.952,598.452,1
3426,23.0001,27.4506,603.179,727.171,612.229,752.438,0
3427,176.202,177.484,205.372,475.511,140.22,611.163,0
3428,71.2995,77.4432,143.794,398.977,67.7243,405.489,0
3429,242.506,186.511,399.556,505.819,526.949,444.048,1
3430,73.0995,93.9103,592.543,461.481,615.673,539.722,0
3431,178.902,120.248,197.327,264.66,248.254,184.694,0
3432,78.3994,80.9577,191.672,638.135,144.728,616.332,0
3433,171.001,129.526,214.72,306.336,249.429,185.187,0
3434,239.305,172.939,500.067,149.799,356.191,173.286,0
3435,242.506,216.395,334.514,506.457,209.085,624.991,1
3436,39.9,35.7958,281.723,200.739,252.419,184.045,0
3437,116.799,117.187,256.852,750.794,310.511,818.901,0
3438,139.299,125.386,250.508,743.613,152.782,701.768,0
3439,242.506,236.038,291.479,425.355,87.7685,404.098,1
3440,2.1,1.31157,602.345,830.08,603.601,830.46,0
3441,242.506,255.518,384.065,392.873,347.972,175.959,1
3442,242.506,187.188,421.716,507.361,553.122,452.792,1
3443,187.402,196.252,370.862,646.651,312.692,818.041,0
3444,162.201,190.89,328.91,639.062,312.292,818.08,0
3445,178.302,138.791,518.068,382.518,630.39,333.694,0
3446,178.002,152.234,179.705,480.093,139.548,611.24,0
3447,242.506,199.841,332.127,550.403,195.882,623.193,1
3448,34.2001,35.3084,582.769,766.533,611.157,755.024,0
3449,62.1996,70.8432,351.536,195.039,349.692,174.56,0
3450,242.506,232.913,408.273,564.038,546.518,616.009,1
3451,114.999,120.816,237.714,655.767,144.806,616.215,0
3452,17.9,17.1045,84.8359,404.741,67.7336,405.038,0
3453,82.7993,82.7831,569.871,130.301,653.557,130.05,0
3454,64.7996,63.7773,570.545,344.461,630.368,334.127,0
3455,142.7,134.823,328.214,274.554,349.179,174.529,0
3456,201.603,178.815,313.372,620.222,144.743,615.998,0
3457,242.506,275.477,324.108,483.496,143.185,575.766,1
3458,126.199,118.972,353.193,257.834,350.162,174.934,0
3459,73.2995,81.1537,320.429,746.854,311.621,818.377,0
3460,77.8994,90.3795,312.848,741.898,311.767,818.353,0
3461,50.8998,58.5938,326.945,215.899,349.819,174.674,0
3462,242.506,191.564,458.996,376.62,607.523,334.018,1
3463,94.9991,100.228,271.705,281.124,249.436,185.242,0
3464,187.002,198.32,497.436,443.559,615.557,539.892,0
3465,242.506,199,418.99,498.41,573.447,450.898,1
3466,139.899,131.924,524.069,671.736,613.338,613.133,0
3467,91.6992,115.496,292.504,283.258,250.431,184.886,0
3468,242.506,226.156,432.075,468.094,598.703,506.324,1
3469,158.2,111.959,200.837,263.257,248.484,184.789,0
3470,74.8994,66.7223,397.044,192.652,356.01,173.615,0
3471,88.7992,86.7963,432.045,147.952,356.193,173.3,0
3472,26.5001,33.3281,608.221,314.376,630.362,334.157,0
3473,68.9995,91.4771,589.732,461.468,615.617,539.621,0
3474,242.506,203.484,322.241,549.388,183.94,622.027,1
3475,177.302,131.893,265.813,614.716,144.657,615.69,0
3476,122.599,122.115,262.497,640.071,144.835,616.174,0
3477,126.099,144.91,151.549,476.299,67.7963,405.437,0
3478,169.101,207.827,515.6,505.272,615.628,540.273,0
3479,178.602,205.739,414.116,676.923,313.391,818.184,0
3480,49.8998,57.0621,614.648,158.839,648.246,190.939,0
3481,157.2,126.043,422.578,251.561,355.555,174.392,0
3482,11.4,13.9821,143.569,597.88,139.592,611.196,0
3483,242.506,218.629,398.982,339.256,347.564,178.776,1
3484,74.1994,97.4199,522.297,781.571,611.17,755.476,0
3485,117.499,148.889,314.684,697.896,312.254,818.142,0
3486,30.8001,25.8786,275.96,195.497,253.149,183.431,0
3487,59.6997,59.737,594.351,696.05,612.371,751.994,0
3488,242.506,182.261,463.467,347.551,582.932,336.039,1
3489,172.701,180.156,515.282,453.218,615.464,539.77,0
3490,42.3999,36.8823,285.074,200.597,252.993,183.771,0
3491,98.1991,83.2627,553.729,332.376,630.419,333.755,0
3492,164.701,144.981,173.39,481.084,139.563,611.198,0
3493,226.005,199.622,469.89,307.728,630.403,333.825,0
3494,238.005,230.734,474.278,466.811,615.649,540.271,0
3495,40.4,38.1341,579.248,597.932,613.254,612.524,0
3496,28.3001,35.7402,576.01,754.673,611.22,754.892,0
3497,149.7,131.252,172.391,496.434,139.655,611.052,0
3498,242.506,208.984,415.444,437.088,563.073,343.436,1
3499,197.003,218.479,368.622,362.724,349.161,174.391,0
3500,53.1998,56.9045,570.023,728.823,612.206,752.503,0
3501,61.2996,55.4057,212.57,212.899,248.951,185.049,0
3502,242.506,172.27,235.347,373.527,75.6966,404.836,1
3503,53.6998,59.8601,307.433,766.06,311.745,818.361,0
3504,0,0,612.575,816.89,612.575,816.89,0
3505,136.699,141.11,518.161,129.993,653.479,130.18,0
3506,85.6993,75.1706,398.953,200.816,355.634,174.348,0
3507,10.2,11.7734,601.623,611.914,613.231,612.824,0
3508,242.506,187.092,274.104,554.565,165.746,618.387,1
3509,235.305,186.552,285.37,352.57,249.673,185.214,0
3510,144.5,114.065,201.728,259.461,248.382,184.796,0
3511,242.506,253.204,291.985,407.809,251.169,186.55,1
3512,74.9994,77.0192,575.855,129.697,653.563,130.039,0
3513,178.402,207.878,315.547,639.661,312.259,818.118,0
3514,21.3,21.2846,601.18,600.419,613.328,612.442,0
3515,148.6,164.491,360.24,667.815,312.183,818.158,0
3516,165.801,155.572,373.181,279.816,349.861,174.786,0
3517,77.9994,79.6498,424.944,146.748,356.181,173.237,0
3518,242.506,195.952,420.587,472.356,582.438,465.631,1
3519,11,11.2638,365.53,179.246,355.992,173.91,0
3520,153.3,199.996,524.801,248.839,648.168,197.953,0
3521,141.599,119.144,527.075,366.428,630.418,333.663,0
3522,68.1995,78.5563,537.627,614.262,613.253,612.415,0
3523,242.506,239.464,292.768,408.942,248.562,199.179,1
3524,84.8993,112.898,338.853,708.338,312.634,817.962,0
3525,129.099,123.833,191.492,263.191,248.339,184.816,0
3526,160.501,178.948,503.045,204.907,647.73,191.831,0
3527,190.502,176.185,304.847,649.419,144.758,615.992,0
3528,230.005,281.786,306.822,497.299,139.918,611.109,0
3529,0,0,250.795,178.635,250.795,178.635,0
3530,242.506,208.914,385.662,481.625,552.029,453.074,1
3531,175.301,164.393,181.965,467.809,139.736,611.105,0
3532,106.799,95.7244,520.881,608.117,613.325,613.145,0
3533,94.3991,99.4247,267.02,282.524,250.403,184.926,0
3534,100.799,108.272,362.69,228.635,349.759,174.732,0
3535,242.506,218.244,401.222,465.877,580.848,461.463,1
3536,92.8992,77.9372,600.162,679.859,612.167,752.477,0
3537,194.803,175.338,483.361,388.372,630.499,334.615,0
3538,34.9,39.1672,161.956,590.806,140.107,611.166,0
3539,210.004,228.612,259.589,518.218,139.613,611.192,0
3540,112.799,98.9636,403.696,224.662,355.683,174.342,0
3541,55.9997,57.3801,409.737,183.795,355.899,174.146,0
3542,37.1,28.1417,274.764,200.002,252.17,184.081,0
3543,242.506,163.379,451.235,618.523,589.468,616.514,1
3544,242.506,288.139,365.314,467.486,321.954,201.194,1
3545,2.1,1.26904,151.347,703.69,151.003,702.469,0
3546,86.7992,94.2525,172.568,208.247,248.76,184.951,0
3547,73.6994,67.8529,587.276,662.645,613.267,612.783,0
3548,143.3,137.385,247.845,314.164,249.48,185.232,0
3549,62.7996,72.2081,216.035,624.185,144.799,615.829,0
3550,163.001,134.97,518.175,378.823,630.404,333.791,0
3551,239.005,172.264,227.769,402.847,67.6532,405.626,0
3552,136.899,100.366,149.071,514.196,139.616,611.243,0
3553,242.506,221.651,301.246,379.879,248.071,195.059,1
3554,29.5001,38.6399,582.232,735.018,612.368,751.972,0
3555,205.803,166.784,227.137,334.625,249.875,185.13,0
3556,242.506,147.302,457.191,594.065,591.919,615.838,1
3557,30.0001,28.3311,95.3526,410.184,67.7098,405.52,0
3558,146.7,117.538,126.136,513.671,139.662,611.072,0
3559,242.506,159.91,467.902,695.894,551.804,617.3,1
3560,95.1991,92.71,311.56,738.47,311.454,818.459,0
3561,72.6995,75.119,175.384,561.631,140.156,611.16,0
3562,148.1,153.051,614.273,427.253,615.575,539.58,0
3563,66.2996,60.836,559.453,740.344,612.137,752.65,0
3564,242.506,281.226,319.061,478.48,140.926,587.48,1
3565,224.605,150.25,183.673,437.867,67.5594,405.764,0
3566,35.4,40.7198,570.065,806.012,606.686,810.913,0
3567,55.0997,49.429,116.16,401.795,67.6466,404.688,0
3568,114.599,145.976,265.376,665.27,149.387,693.321,0
3569,225.205,211.795,385.43,334.065,350.416,174.977,0
3570,198.903,188.777,379.118,313.736,349.179,174.412,0
3571,230.405,177.464,232.808,344.362,249.09,185.098,0
3572,154.8,118.182,258.945,628.552,144.655,615.671,0
3573,4.9,4.35569,649.437,130.698,653.636,129.747,0
3574,233.005,144.316,224.818,301.051,248.379,184.846,0
3575,0,0,609.08,814.47,609.08,814.47,0
3576,153.1,175.28,513.143,202.064,648.435,190.798,0
3577,159.901,123.6,162.508,494.555,139.467,611.165,0
3578,34.6,38.545,611.532,188.06,647.884,191.453,0
3579,137.699,121.151,262.876,632.636,144.743,616.273,0
3580,242.506,212.393,430.398,439.475,586.429,336.386,1
3581,28.5001,30.0946,152.706,590.123,139.871,611.189,0
3582,3.8,3.20663,253.777,186.843,252.641,183.846,0
3583,13.8,14.8968,595.477,802.297,607.133,810.183,0
3584,242.506,200.552,405.039,313.695,358.678,175.973,1
3585,184.002,135.506,193.091,410.474,67.8246,405.429,0
3586,36.8,48.9881,606.605,221.867,647.902,197.593,0
3587,112.999,122.859,522.97,717.273,612.331,752.34,0
3588,242.506,182.637,252.036,396.118,70.6973,404.802,1
3589,130.999,111.774,542.449,576.191,613.275,612.511,0
3590,207.503,171.156,309.073,621.776,144.691,616.344,0
3591,125.799,117.256,160.603,374.746,67.6601,404.892,0
3592,191.602,186.749,527.813,425.556,630.404,334.425,0
3593,242.506,215.463,416.009,345.072,322.922,194.732,1
3594,242.506,203.676,492.16,430.208,629.67,333.763,1
3595,8.9,9.38712,76.8638,403.592,67.7659,405.289,0
3596,182.802,139.334,284.086,311.96,249.946,185.058,0
3597,61.8996,66.6739,198.139,213.653,248.392,184.783,0
3598,115.899,129.164,277.572,728.332,311.693,818.386,0
3599,182.202,160.611,180.765,473.343,139.86,611.117,0
3600,242.506,198.189,331.711,552.175,193.029,622.781,1
3601,242.506,231.624,326.535,489.148,209.997,623.819,1
3602,242.506,190.143,469.282,289.218,368.952,175.042,1
3603,185.102,162.123,278.109,331.625,250.495,184.775,0
3604,46.2999,39.6959,589.164,634.602,613.304,613.223,0
3605,205.303,211.835,351.395,623.104,313.325,818.244,0
3606,137.599,129.826,546.62,387.789,630.458,334.351,0
3607,78.9994,80.595,333.441,237.043,350.006,174.831,0
3608,165.901,122.548,190.675,389.325,67.6911,405.488,0
3609,116.199,144.231,272.223,691.562,149.475,693.174,0
3610,71.5995,87.6991,538.53,750.277,611.088,755.098,0
3611,242.506,157.245,451.927,611.379,590.64,616.261,1
3612,81.7993,76.2338,576.851,694.457,612.156,752.399,0
3613,184.502,178.842,484.597,396.17,630.38,334.484,0
3614,71.1995,69.7394,269.674,251.566,248.957,184.973,0
3615,141.299,114.65,247.222,610.554,144.833,615.75,0
3616,193.803,217.125,421.369,700.281,312.521,818.051,0
3617,213.904,167.589,192.667,330.357,249.223,185.074,0
3618,242.506,186.994,446.385,390.157,593.094,335.017,1
3619,48.7998,61.1273,557.684,773.754,611.232,755.469,0
3620,242.506,184.794,523.864,520.506,606.202,612.122,1
3621,79.9994,95.6803,520.533,764.878,611.136,755.412,0
3622,53.0998,66.2999,418.944,142.33,405.864,78.1776,0
3623,52.1998,64.731,417.172,140.754,405.934,78.2242,0
3624,67.2995,72.8744,314.372,222.387,349.34,174.531,0
3625,115.999,107.32,560.211,376.467,630.418,334.359,0
3626,242.506,229.304,466.149,463.557,606.647,537.669,1
3627,201.603,130.618,497.939,648.248,613.282,613.141,0
3628,108.999,111.054,247.42,641.311,144.779,616.152,0
3629,37.6,44.1803,188.522,622.894,144.692,615.708,0
3630,77.2994,75.4489,268.227,778.687,310.517,818.877,0
3631,112.899,120.283,184.449,264.022,248.596,184.943,0
3632,62.9996,82.3084,322.016,741.925,312.796,817.991,0
3633,120.099,104.42,557.147,310.052,630.422,333.847,0
3634,240.105,292.133,277.608,474.796,139.853,611.177,0
3635,242.506,195.419,477.336,535.599,604.845,612.339,1
3636,63.8996,61.9791,162.593,562.757,140.177,611.178,0
3637,201.903,153.852,185.443,308.081,248.313,184.822,0
3638,242.506,242.402,379.772,416.549,321.182,193.288,1
3639,195.203,128.124,484.849,178.936,356.085,173.454,0
3640,220.004,270.405,284.466,492.512,140.291,611.192,0
3641,242.506,217.742,459.985,339.139,371.192,175.652,1
3642,234.905,197.932,470.746,543.711,613.278,613.145,0
3643,242.506,223.777,400.198,362.951,327.563,186.722,1
3644,236.105,177.029,172.624,313.989,248.055,184.634,0
3645,57.8997,78.8965,327.458,742.26,312.462,818.075,0
3646,135.699,150.719,142.005,459.801,67.7515,405.047,0
3647,60.7996,55.3743,112.434,420.962,67.6924,404.815,0
3648,242.506,270.709,356.145,459.446,321.407,198.229,1
3649,65.6996,84.648,531.121,766.854,611.062,755.151,0
3650,57.3997,79.5936,334.951,741.568,313.112,818.106,0
3651,240.906,208.706,475.873,420.451,630.443,334.517,0
3652,23.6001,28.1432,163.399,629.819,144.673,615.68,0
3653,98.3991,86.5454,529.696,612.756,613.253,613.054,0
3654,203.503,165.989,491.136,315.762,630.283,334.297,0
3655,42.1999,47.4717,128.202,576.567,139.94,611.162,0
3656,242.506,179.66,326.687,585.865,176.62,620.918,1
3657,65.8996,73.6959,315.065,221.948,349.628,174.567,0
3658,36.8,46.6849,420.737,119.878,405.939,78.1906,0
3659,45.6999,51.0531,603.213,136.364,653.541,129.952,0
3660,205.303,160.443,280.414,330.747,250.496,184.816,0
3661,240.405,263.004,386.211,392.022,348.952,174.328,0
3662,209.804,162.923,192.26,328.206,248.024,184.583,0
3663,226.905,149.899,216.994,407.635,67.5975,405.807,0
3664,0,0,659.527,132.943,659.527,132.943,0
3665,242.506,219.985,464.121,336.966,366.874,173.432,1
3666,92.3992,116.661,592.179,270.24,648.05,197.782,0
3667,97.6991,124.284,573.939,274.647,648.072,197.951,0
3668,242.506,235.544,238.735,471.626,89.1086,406.128,1
3669,205.503,223.493,345.743,358.424,349.152,174.543,0
3670,141.999,185.617,518.089,293.541,648.149,197.998,0
3671,100.699,87.7848,606.203,698.356,612.274,752.091,0
3672,228.105,196.49,473.792,545.419,613.245,612.683,0
3673,53.4998,65.9464,193.635,661.348,150.082,693.334,0
3674,95.6991,97.2485,359.153,218.033,349.704,174.711,0
3675,78.0994,99.5336,329.153,724.64,312.358,818.066,0
3676,33.1001,32.3186,141.887,579.353,140.11,611.124,0
3677,62.0996,58.488,572.8,341.116,630.331,334.095,0
3678,242.506,171.169,480.058,524.173,558.461,614.63,1
3679,9.4,9.83852,253.756,193.94,251.128,184.459,0
3680,239.405,179.524,308.391,653.213,144.686,615.633,0
3681,27.4001,29.6003,588.662,600.296,613.314,612.416,0
3682,91.0992,94.6817,220.676,273.515,249.516,185.179,0
3683,12.5,15.5099,159.311,621.526,144.535,616.843,0
3684,21.7,17.2259,268.025,193.466,253.02,183.805,0
3685,78.6994,112.673,249.709,712.422,153.624,700.628,0
3686,66.7996,76.361,586.421,182.77,648.599,190.804,0
3687,28.4001,31.5699,622.089,128.28,653.536,130.037,0
3688,163.501,165.619,489.912,116.898,653.568,130.083,0
3689,76.1994,69.0114,421.536,181.748,355.631,174.344,0
3690,221.304,231.188,504.328,475.896,615.578,540.101,0
3691,220.704,197.442,404.271,292.43,355.328,174.529,0
3692,76.5994,89.0972,534.274,753.762,611.124,754.982,0
3693,81.2993,95.7199,543.641,722.773,611.833,753.472,0
3694,7,6.47884,360.735,178.294,355.702,174.261,0
3695,75.8994,103.551,563.912,198.247,647.76,191.576,0
3696,20.7,23.6177,594.93,794.632,606.369,811.948,0
3697,146.1,153.155,229.542,521.768,140.2,611.239,0
3698,224.705,164.594,197.949,357.808,67.8284,405.129,0
3699,68.9995,93.4961,334.527,727.912,312.367,818.081,0
3700,201.003,194.088,392.322,305.609,349.269,174.519,0
3701,181.502,130.221,216.116,230.876,248.044,184.625,0
3702,176.702,206.233,415.274,673.931,313.451,818.275,0
3703,242.506,161.973,443.424,624.672,574.827,617.871,1
3704,103.299,103.295,265.083,284.825,249.675,185.209,0
3705,144.3,129.703,305.266,289.571,249.964,184.997,0
3706,242.506,217.631,350.587,540.646,202.032,625.353,1
3707,175.802,134.303,203.87,305.765,248.617,184.905,0
3708,16,18.9664,601.616,532.144,615.647,540.42,0
3709,11.6,12.9716,137.013,633.345,139.993,620.845,0
3710,91.5992,124.792,257.176,693.437,149.606,693.274,0
3711,242.506,190.634,469.229,374.891,617.756,333.637,1
3712,242.506,190.972,254.127,394.288,67.9315,404.499,1
3713,71.8995,74.6537,549.868,743.444,611.765,753.364,0
3714,185.702,132.393,508.671,658.37,613.34,612.377,0
3715,65.9996,70.5415,598.95,360.664,630.348,334.104,0
3716,28.1001,31.4596,281.512,194.85,253.323,183.029,0
3717,55.5997,74.7716,589.394,477.036,615.624,539.583,0
3718,242.506,211.15,445.578,444.545,592.619,335.688,1
3719,47.2999,54.9494,566.144,738.406,612.034,752.891,0
3720,242.506,263.02,358.735,441.684,319.453,193.629,1
3721,16.8,18.8932,597.004,796.591,606.734,810.916,0
3722,242.506,148.273,201.457,430.07,78.3248,405.55,1
3723,33.7001,43.6102,321.584,200.266,350.465,174.97,0
3724,228.705,175.454,282.381,579.399,144.657,615.687,0
3725,60.2997,80.6932,224.485,732.091,153.501,700.816,0
3726,44.2999,48.6147,155.633,573.895,139.852,611.127,0
3727,42.3999,44.1392,260.256,226.127,250.274,184.863,0
3728,242.506,162.134,210.781,436.079,78.3427,404.802,1
3729,242.506,217.717,452.86,437.69,607.101,335.273,1
3730,155.8,195.734,313.308,336.55,251.181,184.542,0
3731,35.3,43.8252,187.133,625.314,144.759,615.77,0
3732,242.506,195.029,435.675,478.43,582.864,471.744,1
3733,171.501,181.084,514.657,213.661,648.566,190.819,0
3734,238.605,188.468,305.061,328.605,249.922,185.115,0
3735,81.6993,70.573,301.023,759.646,311.739,818.411,0
3736,242.506,183.101,475.472,389.76,628.252,333.867,1
3737,177.502,231.115,339.748,375.093,250.946,184.545,0
3738,150,146.973,506.893,121.013,653.481,129.766,0
3739,83.6993,89.6982,176.129,210.474,248.892,184.951,0
3740,9.9,11.0432,247.888,195.968,249.451,185.216,0
3741,20.6,26.9355,627.897,137.529,653.584,129.903,0
3742,40.2,44.5376,408.199,122.229,405.854,78.1554,0
3743,0,0,618.886,541.933,618.886,541.933,0
3744,54.9997,60.1009,302.28,769.436,311.685,818.418,0
3745,103.599,117.001,219.349,765.967,152.799,701.699,0
3746,194.303,143.362,217.12,226.176,248.252,184.8,0
3747,11.9,11.4788,364.621,181.29,355.882,173.999,0
3748,156.8,163.254,611.32,416.814,615.479,539.784,0
3749,79.7994,74.5616,558.823,338.533,630.26,333.894,0
3750,188.202,171.155,369.302,310.281,349.482,174.621,0
3751,235.205,227.928,497.48,479.248,615.638,539.705,0
3752,153.3,112.244,229.095,292.856,248.616,184.919,0
3753,242.506,204.553,460.707,434.952,605.666,334.058,1
3754,242.506,194.544,356.889,596.59,180.299,621.652,1
3755,242.506,178.009,233.489,430.506,87.2572,404.76,1
3756,188.602,216.72,432.529,679.988,313.409,818.239,0
3757,178.402,117.123,514.448,645.208,613.261,613.182,0
3758,58.4997,63.4671,277.003,229.929,250.417,184.871,0
3759,172.901,135.181,286.631,295.278,249.497,185.181,0
3760,44.8999,61.3901,591.614,490.066,615.657,539.616,0
3761,195.603,151.763,507.007,389.986,630.39,333.655,0
3762,63.9996,74.807,103.435,456.065,67.707,405.5,0
3763,190.402,142.908,281.461,314.79,250.202,185.005,0
3764,180.102,126.251,192.388,390.85,67.7248,405.47,0
3765,234.705,191.514,165.56,305.38,247.788,184.537,0
3766,67.4995,66.8686,132.695,398.407,67.7302,405.481,0
3767,242.506,124.257,455.302,639.578,559.536,617.48,1
3768,73.9994,98.7931,329.676,724.41,312.298,818.075,0
3769,4.7,4.35872,658.677,188.994,654.816,190.957,0
3770,139.799,119.08,399.883,239.84,355.649,174.341,0
3771,159.001,140.282,498.765,339.783,630.448,333.777,0
3772,120.699,115.423,525.899,345.533,630.464,334.429,0
3773,78.0994,70.4912,566.054,717.436,612.287,752.18,0
3774,224.304,192.51,438.288,311.737,355.303,174.54,0
3775,155.9,131.89,223.041,590.84,144.677,615.666,0
3776,46.4999,64.1258,587.688,490.089,615.807,540.78,0
3777,179.502,163.587,495.931,390.163,630.391,334.519,0
3778,242.506,155.756,319.717,616.62,172.121,619.458,1
3779,226.405,201.59,479.098,412.73,630.4,334.542,0
3780,124.599,160.225,401.086,708.808,313.411,818.231,0
3781,139.799,139.65,527.115,153.34,653.733,129.516,0
3782,186.102,140.024,202.182,395.507,67.7126,405.484,0
3783,22.6,25.8644,325.915,183.567,349.334,174.517,0
3784,162.801,136.816,424.841,259.979,355.584,174.418,0
3785,147.4,131.87,268.773,645.379,144.757,615.816,0
3786,32.1001,36.6215,617.192,133.317,653.564,130.049,0
3787,242.506,295.191,284.402,469.805,139.937,609.208,1
3788,242.506,149.973,517.017,180.979,367.445,174.659,1
3789,102.299,137.679,325.153,696.467,312.322,818.055,0
3790,242.506,126.263,430.552,530.866,427.118,595.039,1
3791,69.9995,76.8253,586.076,146.806,653.49,130.023,0
3792,115.099,143.839,265.38,666.388,149.588,693.253,0
3793,6.3,6.45471,596.682,836.356,602.84,834.426,0
3794,153.5,152.419,174.216,341.089,67.8465,405.141,0
3795,74.2994,69.6917,572.81,348.706,630.255,334.111,0
3796,90.1992,88.5972,273.399,769.229,310.85,818.748,0
3797,176.402,157.174,235.238,329.349,249.514,185.241,0
3798,143.5,112.571,452.843,160.558,355.837,174.108,0
3799,4,3.46616,649.277,186.804,650.463,190.061,0
3800,31.2001,34.4313,285.935,193.36,253.502,182.619,0
3801,174.901,123.962,195.438,649.712,149.721,693.191,0
3802,242.506,202.409,278.706,379.502,249.976,193.986,1
3803,221.004,187.004,290.684,344.081,250.541,184.78,0
3804,24.9001,24.8168,611.107,343.143,630.266,333.946,0
3805,90.2992,87.56,141.398,531.066,139.528,611.16,0
3806,38.1,48.5653,572.484,736.715,612.26,752.339,0
3807,242.506,169.165,465.101,355.518,564.745,341.296,1
3808,88.1992,82.1844,571.463,664.885,613.334,613.102,0
3809,8.3,8.66942,609.436,546.998,616.651,542.642,0
3810,51.0998,47.5846,576.24,626.543,613.176,612.574,0
3811,131.199,133.976,216.096,528.114,140.094,611.159,0
3812,61.1996,65.7704,329.792,222.255,350.071,174.802,0
3813,90.0992,80.954,586.135,676.759,612.226,752.404,0
3814,21.1,25.0303,238.955,204.66,249.513,185.222,0
3815,63.3996,60.3369,571.603,341.494,630.284,334.07,0
3816,0,0,409.667,72.7369,409.755,72.5388,0
3817,242.506,214.306,266.58,433.449,87.9054,404.747,1
3818,13.8,17.2643,594.156,753.266,611.15,755.238,0
3819,153.3,156.614,508.573,147.726,653.646,130.244,0
3820,129.799,95.9288,522.087,610.048,613.217,612.865,0
3821,197.603,164.451,501.771,360.446,630.376,333.659,0
3822,131.499,146.03,142.364,465.043,67.72,405.493,0
3823,236.005,236.797,473.574,344.425,630.453,333.532,0
3824,13.3,13.7748,599.64,801.031,606.454,811.479,0
3825,84.8993,87.1926,299.914,223.765,349.556,174.6,0
3826,242.506,125.942,464.138,656.021,566.572,617.817,1
3827,187.902,168.506,215.059,492.3,140.213,611.21,0
3828,122.299,143.516,533.781,181.086,647.761,191.58,0
3829,37.4,44.8087,598.285,710.454,612.31,752.17,0
3830,5.5,5.85724,654.276,204.625,652.196,199.15,0
3831,71.9995,100.162,236.18,683.982,149.465,693.241,0
3832,41.7999,57.2744,328.691,763.526,312.792,818.067,0
3833,242.506,248.704,397.611,582.387,543.117,618.164,1
3834,45.6999,56.0394,560.001,749.606,612.144,752.661,0
3835,36.9,40.3301,396.003,174.53,356.012,173.684,0
3836,81.3993,71.2918,412.116,198.506,356.159,173.44,0
3837,242.506,148.997,196.306,438.153,76.2597,405.441,1
3838,154.7,164.491,367.582,682.683,312.846,818.036,0
3839,242.506,170.325,454.015,696.233,554.748,620.168,1
3840,242.506,232.259,471.759,476.337,603.338,524.264,1
3841,241.406,177.356,229.936,406.216,67.7028,405.431,0
3842,113.399,132.234,306.42,272.364,250.428,184.883,0
3843,47.1999,40.9519,222.33,210.49,248.703,184.872,0
3844,242.506,265.522,341.065,385.898,345.678,177.599,1
3845,113.599,102.156,405.459,228.134,355.631,174.311,0
3846,242.506,172.542,420.822,394.022,559.562,346.081,1
3847,242.506,240.86,452.287,477.673,606.113,534.436,1
3848,221.504,160.409,193.776,341.603,67.8102,405.218,0
3849,100.999,126.694,553.923,187.462,647.863,191.455,0
3850,218.804,281.487,329.489,407.542,251.24,184.497,0
3851,41.5999,41.1416,293.138,185.525,253.477,182.728,0
3852,242.506,269.975,369.486,477.895,213.05,626.332,1
3853,237.105,198.1,305.196,346.199,249.816,185.105,0
3854,97.8991,110.38,583.385,445.724,615.563,539.688,0
3855,3.5,2.43315,150.76,705.18,150.048,702.854,0
3856,37.2,28.9771,594.617,625.059,613.43,613.264,0
3857,104.799,105.016,246.417,635.906,144.756,615.762,0
3858,209.204,203.876,382.594,325.914,350.337,174.928,0
3859,78.5994,88.5319,191.636,232.261,248.541,184.802,0
3860,150.8,184.866,387.653,676.759,313.409,818.218,0
3861,242.506,230.152,340.627,386.245,322.752,188.699,1
3862,23.0001,25.8268,239.637,208.424,248.815,184.999,0
3863,242.506,239.525,305.15,437.21,97.0764,404.791,1
3864,41.5999,47.2533,276.628,798.2,311.793,818.297,0
3865,242.506,206.054,424.764,437.682,570.875,339.105,1
3866,76.5994,79.137,149.698,533.651,139.548,611.234,0
3867,110.799,125.343,132.427,477.105,67.7078,405.6,0
3868,139.599,124.292,551.6,295.139,630.375,333.673,0
3869,242.506,293.721,318.805,486.234,139.854,601.251,1
3870,145.5,112.93,201.896,261.079,248.224,184.706,0
3871,7.79999,8.51213,622.114,332.129,630.325,334.266,0
3872,97.3991,87.0616,543.1,598.701,613.295,613.145,0
3873,48.9998,55.2372,576.402,339.305,630.39,334.09,0
3874,159.901,193.037,329.067,344.539,250.598,184.813,0
3875,221.004,157.534,304.834,632.718,144.722,615.618,0
3876,173.301,168.259,358.608,312.378,349.747,174.747,0
3877,210.804,170.01,277.033,340.194,249.74,185.173,0
3878,242.506,214.114,313.125,516.515,204.15,624.988,1
3879,110.799,104.747,531.625,353.79,630.381,334.466,0
3880,242.506,234.406,236.128,470.043,87.3595,406.466,1
3881,153.5,122.521,260.837,622.582,144.732,615.645,0
3882,64.4996,77.6741,209.596,688.405,153.734,700.254,0
3883,242.506,184.672,467.57,275.928,364.95,176.355,1
3884,109.499,140.151,546.071,459.553,615.487,540.191,0
3885,96.2991,93.5317,227.089,275.694,248.983,185.025,0
3886,41.8999,54.2571,599.982,208.17,648.205,198.041,0
3887,46.2999,56.5802,598.096,209.128,648.365,198.204,0
3888,3.9,3.1941,627.271,333.61,630.369,334.318,0
3889,174.001,139.719,450.319,139.193,355.973,173.667,0
3890,36.3,30.1772,254.542,215.269,249.562,185.233,0
3891,242.506,191.882,474.973,543.676,610.214,613.054,1
3892,102.199,132.679,556.851,181.735,647.9,191.295,0
3893,25.7001,25.4674,237.444,204.702,249.354,185.238,0
3894,11,11.3151,263.504,186.425,253.116,183.625,0
3895,84.6993,75.5716,420.161,146.082,355.556,174.327,0
3896,16.3,14.3554,261.495,194.092,252.483,183.991,0
3897,74.1994,100.453,234.138,677.871,149.478,693.227,0
3898,145.4,120.051,430.298,240.293,356.178,173.36,0
3899,99.999,87.8381,542.788,595.353,613.339,612.397,0
3900,242.506,176.021,501.275,519.718,582.53,617.358,1
3901,137.799,106.938,207.6,267.005,247.919,184.646,0
3902,32.9001,24.1695,268.704,202.531,252.842,183.916,0
3903,73.4995,102.639,582.92,261.42,647.949,197.617,0
3904,66.0996,63.2477,416.013,178.851,355.597,174.335,0
3905,149.1,147.461,506.61,118.609,653.642,129.722,0
3906,90.4992,123.748,255.291,682.008,149.453,693.21,0
3907,223.104,209.439,378.749,346.743,349.707,174.698,0
3908,32.3001,37.8511,140.819,657.44,139.88,620.908,0
3909,12,12.0603,599.439,756.752,611.06,755.259,0
3910,37.8,47.5234,609.147,193.534,647.92,197.744,0
3911,35,40.7767,160.925,642.137,144.675,616.263,0
3912,71.5995,66.8366,412.914,193.84,356.005,173.637,0
3913,30.8001,34.7205,615.14,266.826,636.065,282.596,0
3914,199.203,146.967,443.45,145.037,356.116,173.518,0
3915,242.506,246.392,360.497,426.836,319.826,190.927,1
3916,26.2001,28.2912,255.668,212.559,249.709,185.222,0
3917,242.506,174.061,337.662,601.89,184.543,621.59,1
3918,71.8995,97.1216,337.439,724.122,312.676,817.97,0
3919,124.799,141.856,500.175,719.688,612.065,752.717,0
3920,198.903,172.566,200.222,342.868,67.667,404.929,0
3921,107.899,92.8509,160.56,401.922,67.7394,404.863,0
3922,18.4,18.9622,592.715,754.515,611.069,755.304,0
3923,153.7,161.579,366.863,681.389,312.72,817.962,0
3924,145.6,128.792,546.662,387.41,630.447,334.431,0
3925,94.7991,93.8886,178.267,538.78,139.893,611.074,0
3926,100.799,106.619,290.906,739.067,311.875,818.331,0
3927,242.506,202.679,443.325,496.933,588.313,478.735,1
3928,197.003,185.933,476.554,552.637,613.331,612.47,0
3929,25.5001,29.7776,572.744,834.837,602.457,833.258,0
3930,97.7991,98.8151,264.144,280.994,249.299,185.244,0
3931,64.8996,61.3615,560.515,740.472,612.21,752.501,0
3932,25.3001,30.1836,413.242,107.112,406.022,78.2057,0
3933,119.899,147.92,273.552,688.619,149.446,693.275,0
3934,202.303,174.346,508.398,418.269,630.385,334.371,0
3935,239.805,335.484,389.505,536.181,312.654,817.999,0
3936,242.506,150.787,432.942,634.431,556.978,619.919,1
3937,59.0997,75.5467,590.041,190.216,647.764,197.368,0
3938,118.099,145.756,543.782,465.111,615.461,540.225,0
3939,124.399,95.4074,436.059,197.173,356.049,173.417,0
3940,184.602,129.787,502.295,651.159,613.298,612.513,0
3941,242.506,219.492,301.188,379.674,249.296,197.528,1
3942,0,0,614.21,759.002,614.21,759.002,0
3943,81.9993,109.87,351.045,717.054,312.214,818.228,0
3944,110.699,107.731,343.761,262.533,349.337,174.459,0
3945,220.504,166.305,310.658,627.998,144.825,616.158,0
3946,76.0994,74.0571,421.696,150.637,356.054,173.47,0
3947,83.5993,79.4789,574.877,665.006,613.171,613.04,0
3948,81.6993,87.8991,189.275,560.653,139.921,611.135,0
3949,18.6,20.6992,376.208,175.813,355.95,173.919,0
3950,200.203,223.575,373.148,366.349,349.124,174.45,0
3951,164.101,149.031,240.625,326.026,249.818,185.102,0
3952,242.506,160.16,218.372,418.376,69.565,406.12,1
3953,187.302,165.551,226.036,323.611,249.148,185.112,0
3954,120.599,100.619,165.881,398.938,67.6886,404.819,0
3955,98.5991,132.415,555.039,180.774,648.024,190.988,0
3956,242.506,181.262,445.457,386.036,587.996,335.558,1
3957,58.7997,64.9061,589.096,692.643,612.205,752.361,0
3958,0,0,352.992,169.673,352.992,169.673,0
3959,65.1996,69.2653,594.745,183.128,648.539,190.777,0
3960,242.506,278.288,363.375,464.25,322.334,200.604,1
3961,242.506,144.221,493.566,627.701,604.004,613.251,1
3962,138.699,118.319,219.469,604.617,144.718,616.313,0
3963,213.404,283.898,376.479,568.099,313.103,818.117,0
3964,237.705,225.418,388.94,351.266,349.846,174.688,0
3965,123.899,116.937,561.18,386.247,630.361,334.353,0
3966,52.3998,57.7325,611.587,159.261,648.221,190.979,0
3967,125.099,104.762,215.987,280.571,249.081,185.082,0
3968,49.8998,43.4086,289.51,204.201,253.016,183.636,0
3969,242.506,215.113,391.438,337.176,345.459,179.774,1
3970,59.4997,73.1342,542.307,762.224,611.233,754.891,0
3971,122.499,159.559,285.889,697.289,311.06,818.561,0
3972,66.9995,86.1188,554.767,499.153,615.52,539.83,0
3973,242.506,155.038,415.277,375.61,529.071,355.445,1
3974,219.404,224.101,482.614,468.049,615.716,539.45,0
3975,4.6,4.26742,632.466,284.921,636.574,283.766,0
3976,242.506,221.711,422.548,559.568,543.959,617.457,1
3977,0,0,353.514,170.572,353.514,170.572,0
3978,73.3995,98.8246,337.87,722.459,312.754,817.975,0
3979,198.003,130.44,225.855,304.81,249.243,185.119,0
3980,148.8,135.626,361.444,269.445,350.191,174.801,0
3981,112.199,114.858,551.971,154.187,653.583,129.75,0
3982,93.4991,113.157,527.607,725.842,611.835,753.525,0
3983,40.7999,44.8357,408.188,122.251,405.947,78.2315,0
3984,242.506,135.344,474.033,644.505,586.278,617.23,1
3985,51.7998,63.0832,121.6,566.715,139.838,611.157,0
3986,206.303,148.029,561.827,551.895,613.194,612.893,0
3987,124.899,126.901,540.085,152.945,653.647,130.272,0
3988,242.506,145.117,499.742,633.166,595.798,615.159,1
3989,122.299,107.397,560.392,375.108,630.373,333.755,0
3990,18.9,23.5475,414.65,99.8855,408.468,77.1649,0
3991,30.8001,29.3285,132.943,586.834,139.892,611.157,0
3992,189.102,140.821,524.053,387.997,630.384,333.684,0
3993,224.905,168.807,170.505,306.923,248.165,184.748,0
3994,87.8992,83.7224,302.96,227.131,349.447,174.529,0
3995,13.5,17.2107,636.563,129.054,653.592,129.967,0
3996,242.506,259.635,301.667,410.956,251.277,195.187,1
3997,242.506,234.763,306.161,378.019,250.485,187.263,1
3998,39.7,43.969,174.539,636.436,144.797,616.02,0
3999,242.506,242.408,376.089,556.937,191.142,623.94,1
4000,237.805,230.853,510.326,477.651,615.594,539.68,0
4001,95.5991,122.523,355.429,704.693,313.19,818.158,0
4002,68.9995,73.3156,138.795,396.771,67.7158,404.867,0
4003,182.002,162.21,237.381,334.491,249.629,185.207,0
4004,240.105,183.362,476.57,391.94,630.316,333.941,0
4005,222.304,163.188,459.78,598.174,613.231,612.568,0
4006,55.2997,70.5689,207.47,676.011,149.325,693.329,0
4007,7.4,8.07559,639.39,197.853,647.177,195.715,0
4008,242.506,226.133,307.523,375.177,249.896,200.165,1
4009,135.499,135.42,531.739,148.261,653.558,130.346,0
4010,133.899,97.4891,519.657,608.918,613.296,612.551,0
4011,60.3997,68.3987,409.426,146.914,356.022,173.649,0
4012,22.4,27.4316,583.847,754.972,611.116,755.292,0
4013,242.506,237.524,413.42,362.925,324.866,198.209,1
4014,48.2998,49.5569,605.167,296.237,635.932,282.381,0
4015,65.3996,70.0608,186.017,599.231,144.725,615.563,0
4016,12.9,10.1705,608.054,547.939,617.036,543.547,0
4017,72.3995,62.4457,393.086,186.213,355.67,174.322,0
4018,212.004,250.277,284.04,511.119,140.3,611.164,0
4019,155.5,150.02,518.053,137.6,653.658,129.723,0
4020,71.5995,69.6952,566.486,718.396,612.144,752.587,0
4021,208.804,157.564,215.81,382.461,67.6794,405.65,0
4022,41.0999,54.1387,197.557,625.361,144.781,616.011,0
4023,88.3992,96.0566,217.202,267.304,248.176,184.711,0
4024,156.1,159.064,507.328,147.479,653.495,130.236,0
4025,167.801,113.885,507.882,641.216,613.17,612.975,0
4026,211.104,185.577,483.392,304.913,630.408,333.802,0
4027,30.9001,31.4591,140.85,664.256,149.412,693.265,0
4028,49.9998,43.6884,110.03,407.796,67.7343,405.512,0
4029,176.302,188.712,358.4,643.557,312.009,818.155,0
4030,242.506,193.99,420.561,491.667,576.177,452.107,1
4031,227.905,155.147,220.586,391.418,67.7683,405.258,0
4032,57.3997,49.2076,218.945,218.702,248.174,184.709,0
4033,194.203,147.98,408.349,261.979,355.81,174.304,0
4034,47.2999,59.1847,193.161,680.257,149.625,693.198,0
4035,242.506,211.442,391.874,335.845,347.82,177.962,1
4036,67.2995,72.8918,349.912,201.235,350.131,174.827,0
4037,142.499,122.743,159.806,490.505,139.69,611.098,0
4038,83.6993,70.7418,423.357,181.142,355.96,173.822,0
4039,234.305,236.502,264.15,433.036,67.6173,404.488,0
4040,163.001,108.876,515.758,633.864,613.255,613.144,0
4041,3.9,3.26901,358.107,176.652,355.803,174.334,0
4042,131.199,150.659,538.23,215.224,648.028,190.992,0
4043,161.401,211.61,515.432,248.497,647.882,197.747,0
4044,242.506,179.043,437.613,599.711,553.018,616.635,1
4045,73.9994,77.3713,200.1,586.751,144.744,615.814,0
4046,64.3996,74.1994,354.21,196.86,350.032,174.749,0
4047,95.7991,108.142,287.071,279.892,250.318,184.855,0
4048,242.506,188.048,258.539,381.169,82.4564,404.758,1
4049,87.9992,86.658,154.064,403.695,67.7406,405.387,0
4050,242.506,111.213,447.021,526.371,425.817,543.492,1
4051,242.506,34.5646,586.948,290.427,589.632,289.872,1
4052,38.7,45.0018,608.713,131.672,653.453,129.961,0
4053,77.8994,78.5417,268.413,259.525,249.789,185.145,0
4054,242.506,229.18,280.359,433.351,82.8903,404.086,1
4055,216.904,160.969,211.626,319.207,248.715,184.883,0
4056,142.6,141.296,589.526,379.8,630.355,334.321,0
4057,62.5996,80.3387,584.209,472.736,615.678,539.616,0
4058,192.503,146.99,287.206,627.244,144.789,616.108,0
4059,118.599,137.225,568.62,421.161,615.522,539.832,0
4060,37.3,50.1312,324.642,769.953,312.782,818.059,0
4061,114.699,124.276,530.852,119.124,653.531,130.047,0
4062,6.5,6.67298,73.2569,401.052,66.8178,402.803,0
4063,89.0992,92.6187,568.221,140.519,653.533,130.092,0
4064,183.602,158.786,228.445,565.99,144.809,616.233,0
4065,20,22.8338,378.296,177.976,356.037,173.77,0
4066,242.506,229.34,399.824,365.246,333.546,185.23,1
4067,80.6993,79.0797,177.632,553.137,140.099,611.079,0
4068,241.606,171.312,305.249,652.262,144.721,616.287,0
4069,225.205,169.929,237.293,342.611,249.709,185.219,0
4070,0,0,356.114,173.447,356.114,173.447,0
4071,180.302,134.269,508.124,661.889,613.278,613.165,0
4072,101.699,93.3891,541.957,353.054,630.528,333.589,0
4073,239.205,291.362,279.132,475.645,139.939,611.141,0
4074,49.6998,61.4331,409.552,139.13,405.853,78.2485,0
4075,162.401,159.026,191.214,346.382,67.6418,404.94,0
4076,229.205,166.712,170.937,305.977,248.696,184.902,0
4077,242.506,155.164,441.512,679.22,554.005,618.528,1
4078,106.799,88.8238,432.688,192.293,356.248,173.292,0
4079,186.402,146.441,503.942,377.62,630.399,333.734,0
4080,184.802,164.361,183.757,471.047,139.533,611.183,0
4081,187.402,169.543,383.384,262.371,350.217,174.915,0
4082,182.502,203.711,346.502,341.994,348.949,174.347,0
4083,65.0996,62.1031,264.088,245.06,249.901,185.096,0
4084,242.506,254.695,411.132,408.254,322.202,197.551,1
4085,53.2998,64.993,204.012,633.364,144.725,615.929,0
4086,242.506,202.481,406.778,503.465,551.133,452.985,1
4087,242.506,181.776,410.124,615.025,550.925,615.906,1
4088,242.506,207.067,275.227,548.727,155.658,616.865,1
4089,88.3992,90.7717,563.414,127.257,653.534,129.99,0
4090,30.8001,38.2681,82.0857,432.573,67.6435,405.773,0
4091,242.506,251.57,286.698,456.341,91.8047,404.187,1
4092,242.506,182.306,295.346,585.717,151.063,616.896,1
4093,151.2,127.189,189.802,390.356,67.7029,405.509,0
4094,41.3999,32.8849,581.911,619.283,613.239,612.831,0
4095,17,21.4566,142.753,590.267,139.863,611.173,0
4096,28.8001,29.773,614.037,271.974,635.954,282.594,0
4097,121.899,146.414,272.959,702.184,149.449,693.322,0
4098,158.3,154.96,337.699,292.075,349.371,174.51,0
4099,113.299,104.095,241.242,621.382,144.666,615.749,0
4100,64.9996,75.6471,103.465,457.12,67.7828,405.417,0
4101,38.7,41.8164,560.568,833.529,602.443,833.246,0
4102,242.506,222.168,410.99,566.23,544.657,617.785,1
4103,242.506,191.455,479.107,278.146,370.272,173.665,1
4104,57.5997,70.8569,201.421,638.582,144.762,615.945,0
4105,242.506,291.928,318.025,478.91,139.852,597.031,1
4106,1.9,1.07707,316.892,818.424,316.085,819.41,0
4107,242.506,234.024,364.795,406.07,329.605,186.735,1
4108,116.399,116.044,543.143,672.702,613.344,613.1,0
4109,242.506,262.537,374.943,440.959,322.159,198.25,1
4110,108.299,119.145,179.538,250.88,248.589,184.934,0
4111,40.4,50.8496,604.056,209.277,648.22,197.964,0
4112,85.4993,67.2652,301.591,761.984,311.298,818.503,0
4113,0,0,646.918,194.166,646.918,194.166,0
4114,142.9,107.998,205.853,264.833,248.256,184.7,0
4115,157.5,164.079,534.798,476.649,615.519,539.973,0
4116,65.9996,92.0794,577.377,252.626,647.907,197.719,0
4117,242.506,225.257,355.606,369.386,346.733,178.265,1
4118,22.2,29.2883,625.529,137.954,653.544,129.906,0
4119,179.902,231.1,491.404,260.533,647.96,197.997,0
4120,242.506,194.332,402.213,462.506,529.202,357.318,1
4121,93.9991,114.713,98.509,482.979,67.8126,405.178,0
4122,242.506,192.159,332.528,627.558,148.4,616.621,1
4123,91.9992,75.7521,429.803,175.594,355.659,174.306,0
4124,111.899,134.915,529.244,735.095,611.141,755.154,0
4125,218.904,143.024,467.756,213.572,355.956,173.654,0
4126,176.002,122.027,221.17,302.616,249.109,185.138,0
4127,216.004,195.779,474.721,546.551,613.322,612.512,0
4128,118.899,104.39,244.724,622.042,144.567,615.564,0
4129,0,0,152.398,696.585,152.398,696.585,0
4130,242.506,261.287,270.076,458.031,101.156,405.507,1
4131,139.499,131.341,281.056,303.07,249.472,185.238,0
4132,242.506,166.27,426.438,416.169,528.617,360.278,1
4133,138.499,121.184,546.636,565.551,613.229,612.557,0
4134,76.8994,85.9303,181.388,209.151,248.276,184.834,0
4135,242.506,177.215,424.06,436.724,550.669,348.468,1
4136,18.1,22.4126,318.695,796.575,312.553,818.012,0
4137,242.506,211.036,466.051,504.586,573.976,617.15,1
4138,242.506,205.304,274.425,540.805,162.201,617.836,1
4139,80.6993,84.1279,429.586,145.913,356.201,173.312,0
4140,201.703,157.549,484.988,153.39,356.089,173.648,0
4141,242.506,196.008,296.673,564.306,154.341,617.454,1
4142,59.4997,75.9117,213.928,676.822,149.839,693.151,0
4143,200.303,181.078,494.65,300.533,630.445,334.507,0
4144,127.299,151.926,281.496,700.037,149.435,693.298,0
4145,61.0996,80.6134,580.499,477.361,615.554,540.441,0
4146,0,0,403.448,72.2556,403.448,72.2556,0
4147,213.504,172.281,272.259,338.526,249.88,185.07,0
4148,107.499,110.613,269.608,750.784,310.546,818.879,0
4149,155.8,132.982,139.872,495.194,139.482,611.213,0
4150,242.506,205.189,422.088,582.539,548.885,616.081,1
4151,242.506,216.238,397.641,471.106,577.575,457.082,1
4152,242.506,161.928,455.102,687.712,556.505,620.667,1
4153,242.506,136.464,434.404,636.102,556.174,617.158,1
4154,84.8993,113.048,561.244,207.504,647.857,191.611,0
4155,114.199,106.348,561.503,374.418,630.426,334.442,0
4156,52.1998,59.7951,164.056,570.365,144.739,615.808,0
4157,137.499,147.9,562.292,415.83,615.472,539.784,0
4158,131.199,130.479,524.967,673.1,613.298,613.093,0
4159,242.506,148.316,473.202,642.12,604.851,613.229,1
4160,37.5,46.1892,305.915,187.165,349.552,174.564,0
4161,34.4,36.0804,143.298,657.839,149.587,693.18,0
4162,222.104,181.21,235.133,375.39,67.702,404.819,0
4163,163.601,157.701,355.203,309.034,349.965,174.814,0
4164,223.104,270.547,302.193,514.75,139.454,611.325,0
4165,242.506,129.531,451.354,639.694,558.852,618.919,1
4166,32.3001,35.0222,616.3,210.922,647.919,197.608,0
4167,241.206,193.17,261.903,354.241,250.117,185.009,0
4168,31.5001,25.2725,592.432,620.583,613.303,613.082,0
4169,171.001,126.276,510.841,653.426,613.286,613.205,0
4170,242.506,215.483,459.365,329.807,369.764,176.035,1
4171,178.102,139.33,199.649,304.141,249.005,185.033,0
4172,242.506,248.487,377.837,423.978,321.415,194.682,1
4173,119.999,108.052,250.945,632.341,144.605,615.516,0
4174,178.402,138.045,472.098,154.43,356.188,173.29,0
4175,51.8998,69.7781,589.889,482.475,615.91,541.01,0
4176,41.9999,61.2091,209.588,724.108,152.679,701.805,0
4177,242.506,136.596,461.467,664.333,561.42,618.117,1
4178,124.899,171.306,550.028,246.677,647.996,197.995,0
4179,124.899,126.308,537.616,679.776,613.167,613.049,0
4180,162.201,126.397,127.146,510.199,139.326,611.258,0
4181,242.506,199.776,455.83,335.184,374.766,175.087,1
4182,127.899,109.21,374.87,216.23,355.56,174.408,0
4183,57.0997,58.7129,600.117,174.867,648.491,190.794,0
4184,97.8991,104.015,357.632,224.937,349.86,174.645,0
4185,81.8993,79.3795,556.041,348.831,630.432,333.795,0
4186,34.4,26.2595,266.86,206.15,252.45,184.006,0
4187,242.506,126.961,449.59,641.232,558.506,618.128,1
4188,242.506,162.259,425.263,411.356,536.432,351.577,1
4189,131.699,102.299,168.565,400.417,67.7439,404.911,0
4190,173.101,158.178,186.055,477.93,139.758,611.103,0
4191,117.099,121.18,204.42,532.395,140.361,611.3,0
4192,10.6,10.3179,607.359,547.085,616.444,542.376,0
4193,115.299,115.172,258.623,296.626,249.506,185.248,0
4194,181.302,137.322,201.278,394.278,67.7518,405.288,0
4195,180.602,201.75,352.065,629.923,312.416,818.138,0
4196,164.101,193.694,525.74,505.376,615.55,540.124,0
4197,100.799,104.632,251.878,763.957,311.199,818.59,0
4198,206.203,214.873,267.94,514.62,140.066,611.097,0
4199,205.903,178.242,489.909,306.007,630.515,333.64,0
4200,242.506,256.694,349.085,431.876,320.464,194.63,1
4201,118.999,103.267,215.469,258.875,247.938,184.601,0
4202,164.601,173.3,377.775,670.434,312.41,818.098,0
4203,242.506,297.514,310.304,476.694,139.937,605.329,1
4204,218.804,184.25,477.45,400.237,630.461,334.65,0
4205,222.504,168.162,175.449,302.758,249.338,185.237,0
4206,242.506,214.837,248.447,442.673,82.8465,406.302,1
4207,200.703,182.222,217.478,478.255,140.043,611.109,0
4208,76.4994,97.6572,221.292,750.349,152.82,701.818,0
4209,242.506,209.187,406.232,450.642,548.038,349.358,1
4210,141.499,108.358,544.143,576.723,613.203,612.772,0
4211,136.199,147.389,615.485,445.363,615.696,539.512,0
4212,242.506,253.441,358.778,553.181,171.618,620.656,1
4213,43.1999,54.6609,561.148,748.081,612.122,752.795,0
4214,234.105,178.832,284.799,572.033,144.84,615.756,0
4215,241.106,180.384,237.004,346.916,248.617,184.874,0
4216,242.506,148.957,461.556,686.472,556.835,616.534,1
4217,242.506,134.434,454.519,637.795,559.506,620.366,1
4218,156.9,156.321,354.773,303.51,350.4,174.987,0
4219,242.506,269.311,372.626,479.773,217.209,625.125,1
4220,60.6996,66.6095,584.642,309.529,630.351,334.081,0
4221,207.203,222.798,267.962,520.114,139.534,611.219,0
4222,186.502,174.751,492.308,401.543,630.45,334.544,0
4223,25.9001,26.6329,142.538,668.333,149.439,693.253,0
4224,133.599,129.734,213.819,530.863,139.498,611.239,0
4225,78.9994,64.7388,420.164,179.477,355.993,173.657,0
4226,22.3,19.1666,86.4381,404.975,67.6736,404.809,0
4227,54.4997,62.8148,406.67,151.458,355.877,173.924,0
4228,144.7,151.917,516.058,142.372,653.466,130.046,0
4229,116.399,103.559,546.271,322.11,630.422,333.813,0
4230,130.499,115.39,169.51,513.256,139.581,611.152,0
4231,118.899,113.085,197.057,534.295,139.599,611.193,0
4232,157,122.693,128.963,509.906,139.718,611.116,0
4233,20.5,22.1853,331.977,186.444,350.108,174.846,0
4234,242.506,242.351,401.814,395.099,321.306,189.374,1
4235,242.506,145.216,451.87,643.494,557.297,620.534,1
4236,121.899,123.738,185.261,263.632,248.068,184.681,0
4237,222.104,170.004,179.082,302.611,248.075,184.609,0
4238,17.2,23.2967,175.009,709.365,153.02,701.718,0
4239,68.9995,70.4504,266.697,254.139,249.841,185.089,0
4240,0,0,604.422,831.134,604.283,831.024,0
4241,7.89999,8.31784,152.086,620.007,144.162,617.479,0
4242,177.402,192.854,363.431,284.931,349.066,174.437,0
4243,0,0,612.119,815.35,612.119,815.35,0
4244,44.8999,31.2696,584.419,619.352,613.282,612.381,0
4245,44.7999,56.7825,556.695,820.931,602.471,833.285,0
4246,194.103,197.888,372.107,643.845,313.353,818.183,0
4247,197.703,184.228,377.444,305.829,350.275,174.937,0
4248,6,5.24215,360.381,176.429,355.882,174.066,0
4249,197.403,203.172,204.172,455.737,139.472,611.222,0
4250,194.003,181.688,243.48,499.644,139.598,611.231,0
4251,22.9001,29.5006,602.074,520.802,615.789,540.946,0
4252,120.299,116.891,258.87,297.158,249.522,185.24,0
4253,63.6996,62.4762,595.782,175.61,647.77,191.876,0
4254,130.599,155.044,92.613,494.806,67.7442,405.63,0
4255,161.101,169.554,499.406,142.912,653.473,130.089,0
4256,32.2001,37.6202,614.973,213.428,648.385,198.195,0
4257,17.6,18.4309,605.79,556.272,616.692,543.102,0
4258,83.3993,91.4495,222.423,266.209,248.322,184.794,0
4259,33.0001,23.805,92.6395,406.23,67.8485,405.163,0
4260,14.3,15.291,601.366,537.904,615.642,539.634,0
4261,176.802,180.461,216.107,482.476,140.638,611.329,0
4262,242.506,208.21,224.934,417.972,72.2777,406.199,1
4263,149.6,191.079,535.777,311.389,647.982,197.877,0
4264,8.7,9.21463,358.126,183.185,354.434,174.742,0
4265,162.501,134.155,205.643,305.989,248.024,184.552,0
4266,223.404,157.864,502.754,665.586,613.186,612.669,0
4267,7.6,7.79098,608.171,541.757,615.551,539.598,0
4268,29.2001,29.9559,588.494,769.02,611.201,754.86,0
4269,242.506,228.497,375.249,551.739,208.408,625.914,1
4270,22.2,25.23,275.058,193.757,253.399,182.807,0
4271,98.0991,92.5185,243.702,782.58,310.258,818.908,0
4272,242.506,166.082,222.68,431.103,88.8789,405.513,1
4273,114.399,143.711,544.074,463.541,615.468,540.156,0
4274,187.802,174.279,420.281,294.35,355.395,174.479,0
4275,66.8996,76.1764,121.658,555.442,139.619,611.177,0
4276,132.699,175.466,525.509,289.244,647.912,197.685,0
4277,47.3998,57.5673,412.541,134.49,405.861,78.2157,0
4278,12.8,11.4129,606.694,547.376,616.298,542.017,0
4279,175.201,145.994,522.374,393.296,630.444,334.487,0
4280,209.904,213.216,498.59,464.874,615.558,539.719,0
4281,98.1991,108.49,286.255,280.339,250.504,184.805,0
4282,45.3999,58.3237,314.148,768.035,311.977,818.201,0
4283,242.506,261.265,347.758,422.552,322.172,188.385,1
4284,211.404,149.767,442.744,259.988,355.587,174.32,0
4285,0,0,656.783,133.182,656.783,133.182,0
4286,20.2,25.42,148.153,590.511,139.943,611.205,0
4287,3.7,2.89395,133.065,613.242,135.754,614.311,0
4288,192.303,144.884,521.43,655.652,613.263,612.494,0
4289,108.499,102.246,356.868,225.856,349.328,174.496,0
4290,75.3994,81.0229,224.048,626.874,144.601,615.523,0
4291,242.506,213.058,387.718,517.526,542.869,444.411,1
4292,163.701,131.547,208.169,306.695,248.552,184.849,0
4293,7.99999,8.77869,152.277,684.904,149.934,693.363,0
4294,230.405,147.108,485.768,199.853,355.774,174.128,0
4295,147,143.857,528.529,159.468,653.489,130.092,0
4296,92.8992,113.255,190.721,255.219,248.333,184.813,0
4297,20.5,19.7755,163.483,619.062,144.822,615.92,0
4298,49.7998,58.2354,570.719,781.902,611.097,755.296,0
4299,242.506,185.247,472.028,276.74,369.324,174.351,1
4300,121.199,143.612,532.02,182.99,648.047,191.174,0
4301,218.704,140.629,488.897,645.839,613.256,613.015,0
4302,242.506,212.108,374.523,499.919,538.765,443.714,1
4303,242.506,164.72,504.934,519.688,560.306,614.024,1
4304,89.0992,86.6685,530.151,611.466,613.253,612.973,0
4305,72.0995,89.7297,105.771,470.967,67.654,405.608,0
4306,242.506,203.321,390.815,337.623,340.255,184.837,1
4307,208.304,191.718,475.908,548.442,613.3,612.546,0
4308,56.5997,59.4948,592.618,696.872,612.413,752.022,0
4309,240.705,205.562,446.899,323.993,355.111,174.544,0
4310,215.604,174.295,234.873,553.063,144.723,615.619,0
4311,111.299,144.169,386.097,709.677,313.459,818.312,0
4312,172.901,135.167,518.961,375.785,630.439,333.834,0
4313,70.9995,88.8907,279.196,263.869,250.45,184.929,0
4314,107.099,117.634,295.778,282.496,250.303,184.891,0
4315,107.799,97.453,155.319,516.181,139.584,611.175,0
4316,77.3994,66.5226,300.93,762.824,311.161,818.555,0
4317,242.506,259.876,310.987,461.378,105.677,404.681,1
4318,144.6,163.675,537.982,226.611,648.366,190.9,0
4319,12.7,12.9471,602.764,743.23,612.28,752.186,0
4320,203.703,236.393,433.132,703.023,313.296,818.209,0
4321,242.506,207.145,472.66,511.817,569.036,616.921,1
4322,133.199,161.015,340.187,665.795,312.884,818.007,0
4323,242.506,271.403,324.78,449.597,105.331,405.643,1
4324,242.506,259.051,359.175,435.412,323.199,195.435,1
4325,109.799,138.309,531.881,188.833,647.961,190.991,0
4326,242.506,203.872,460.648,335.647,375.625,175.766,1
4327,8.3,8.56158,593.911,832.043,602.425,833.435,0
4328,107.099,125.623,129.716,476.546,67.7023,405.59,0
4329,2.5,1.59297,247.144,174.621,247.796,176.075,0
4330,242.506,98.7396,132.193,538.843,125.46,538.243,1
4331,50.2998,61.2832,314.156,764.999,311.799,818.355,0
4332,225.705,303.229,391.62,574.773,312.728,818.079,0
4333,56.8997,50.8513,111.946,416.433,67.6655,404.899,0
4334,109.799,112.724,246.751,759.699,310.703,818.75,0
4335,6.3,6.25331,641.928,189.268,647.595,191.911,0
4336,236.505,175.29,275.623,582.286,144.628,615.576,0
4337,242.506,230.908,348.016,523.914,210.725,623.92,1
4338,212.804,152.579,447.48,257.968,355.754,174.277,0
4339,89.6992,109.623,574.842,444.413,615.588,539.698,0
4340,129.399,152.505,356.7,675.787,312.982,818.066,0
4341,242.506,215.175,393.748,519.165,547.906,447.451,1
4342,65.3996,87.98,573.448,479.352,615.6,539.662,0
4343,242.506,208.317,414.346,505.487,565.792,450.296,1
4344,208.504,183.75,435.352,303.743,355.087,174.6,0
4345,49.5998,36.3685,245.546,220.301,249.551,185.221,0
4346,21.3,20.5648,596.7,604.007,613.255,613.237,0
4347,199.003,190.513,396.55,294.657,355.365,174.503,0
4348,242.506,24.6774,564.456,545.983,561.518,554.748,1
4349,165.501,114.844,225.375,296.22,248.316,184.811,0
4350,146.4,119.201,251.819,612.093,144.737,615.631,0
4351,25.1001,29.5625,620.801,207.85,647.872,197.739,0
4352,84.8993,105.749,577.356,447.205,615.594,539.721,0
4353,92.0992,86.1296,225.652,628.965,144.648,615.638,0
4354,83.7993,87.7532,231.605,623.665,144.719,616.286,0
4355,167.501,192.25,409.952,685.774,313.43,818.194,0
4356,191.502,152.876,187.544,307.548,248.519,184.779,0
4357,242.506,154.484,488.226,214.909,364.493,174.921,1
4358,37.1,36.844,289.219,185.639,253.487,182.489,0
4359,242.506,265.211,263.111,481.314,92.5488,404.197,1
4360,34.7,37.9638,174.193,630.862,144.716,615.628,0
4361,119.099,105.391,234.714,606.639,144.785,616.139,0
4362,150.9,121.589,430.06,240.026,355.834,174.346,0
4363,124.699,117.681,165.382,369.881,67.7564,405.046,0
4364,139.299,143.113,218.393,519.337,140.322,611.187,0
4365,242.506,220.563,460.401,475.513,600.981,516.093,1
4366,21.6,21.1301,273.201,190.479,253.226,183.196,0
4367,15.1,17.6346,585.059,833.977,602.437,833.334,0
4368,149.6,125.253,166.65,365.563,67.7186,404.869,0
4369,242.506,211.206,472.273,250.67,368.702,174.303,1
4370,78.4994,73.1959,554.278,731.581,612.025,752.783,0
4371,140.699,99.9477,138.794,520.775,139.5,611.212,0
4372,99.6991,91.7327,146.459,522.021,139.656,611.177,0
4373,71.7995,63.2206,164.195,563.374,139.906,611.133,0
4374,155,135.076,293.134,293.119,249.976,185.008,0
4375,3.2,2.38047,603.391,811.814,606.133,812.549,0
4376,219.104,267.496,287.088,493.292,140.292,611.22,0
4377,27.7001,34.9975,589.065,529.083,615.517,540.189,0
4378,113.599,139.351,531.207,186.552,648.025,191.127,0
4379,98.2991,101.531,553.588,123.661,653.509,129.961,0
4380,13.2,16.004,256.303,199.68,250.802,184.661,0
4381,12,13.8837,244.96,197.632,249.758,185.019,0
4382,188.402,205.011,612.842,382.151,615.55,539.753,0
4383,132.199,92.1037,542.871,636.918,613.225,613.018,0
4384,242.506,248.364,286.402,457.541,97.392,404.2,1
4385,118.599,130.251,513.48,719.019,612.116,752.587,0
4386,48.9998,43.6767,219.725,207.207,248.423,184.815,0
4387,124.699,126.727,311.467,263.914,349.203,174.54,0
4388,103.899,115.128,192.416,256.974,249,185.037,0
4389,39.8,40.6954,604.572,581.862,613.364,612.174,0
4390,242.506,136.448,497.02,625.063,594.947,613.166,1
4391,242.506,238.428,432.798,466.271,601.548,518.21,1
4392,39.1,47.7479,402.695,171.414,355.774,174.277,0
4393,242.506,263.029,365.188,407.566,347.218,175.957,1
4394,49.2998,63.1416,563.641,791.524,606.423,811.842,0
4395,242.506,194.07,469.746,367.592,614.859,334.369,1
4396,110.799,98.6693,230.645,280.952,248.886,185.043,0
4397,82.9993,89.0684,121.941,452.468,67.7735,405.243,0
4398,60.6996,62.0838,591.91,132.35,653.636,129.655,0
4399,222.904,148.233,496.673,620.321,613.36,613.114,0
4400,57.3997,59.3933,609.622,154.056,653.556,130.328,0
4401,50.7998,57.1173,407.194,159.455,355.928,173.878,0
4402,242.506,257.091,367.64,563.494,164.722,619.391,1
4403,242.506,151.36,486.578,637.322,594.832,613.877,1
4404,139.999,106.773,207.033,266.302,248.098,184.67,0
4405,155.8,166.979,373.304,674.255,312.664,818.082,0
4406,230.505,314.399,396.53,551.175,312.726,818.087,0
4407,150.1,109.108,163.763,420.073,67.6534,405.546,0
4408,41.5999,48.576,613.187,168.792,648.457,190.796,0
4409,181.802,171.379,368.95,305.092,350.15,174.834,0
4410,163.301,147.901,294.144,304.221,250.541,184.773,0
4411,242.506,209.416,475.151,430.225,622.411,334.407,1
4412,172.501,164.753,211.14,498.099,140.314,611.246,0
4413,242.506,188.088,467.098,364.227,606.313,334.352,1
4414,168.601,136.182,287.979,304.92,250.172,184.994,0
4415,30.4001,36.6941,174.582,672.9,150.096,693.275,0
4416,108.499,140.98,381.318,705.807,313.209,818.233,0
4417,162.601,128.728,528.282,655.858,613.266,612.483,0
4418,96.1991,101.47,220.555,650.276,144.752,616.142,0
4419,150.7,195.798,518.804,271.92,647.942,197.61,0
4420,220.604,178.413,223.216,346.199,249.109,185.15,0
4421,0.9,0.273232,247.733,184.82,248.05,184.619,0
4422,242.506,66.5622,450.922,236.778,450.569,237.093,1
4423,232.905,163.42,201.777,427.418,67.5006,405.955,0
4424,42.7999,57.9805,324.558,761.78,312.686,818.072,0
4425,154.4,156.747,355.978,307.522,349.889,174.667,0
4426,218.004,220.188,484.297,466.857,615.633,539.583,0
4427,98.3991,92.3145,159.734,402.025,67.7202,404.893,0
4428,128.399,125.278,528.784,671.156,613.265,613.049,0
4429,151.4,133.799,328.587,278.451,349.773,174.683,0
4430,160.501,130.55,208.572,307.297,249.077,185.073,0
4431,242.506,184.663,240.996,375.052,70.0949,404.281,1
4432,69.7995,94.778,339.427,727.281,312.728,817.966,0
4433,91.0992,84.6583,568.175,695.605,612.113,752.718,0
4434,242.506,241.058,450.656,460.607,608.078,540.179,1
4435,169.901,133.128,271.885,618.049,144.76,616.19,0
4436,11.3,13.6771,634.566,187.858,647.562,192.015,0
4437,34.5,45.7615,263.495,228.419,250.765,184.658,0
4438,150,132.69,582.09,381.597,630.391,333.681,0
4439,242.506,206.532,403.369,354.578,321.871,190.234,1
4440,242.506,263.876,316.455,452.097,102.542,404.819,1
4441,212.604,217.957,472.766,440.892,615.476,539.769,0
4442,242.506,202.915,215.284,458.936,68.705,404.249,1
4443,107.399,118.192,544.247,677.406,613.225,612.837,0
4444,37.4,42.9867,611.133,132.909,653.513,130.033,0
4445,54.7997,43.2054,253.038,227.824,249.521,185.192,0
4446,93.5991,96.3148,566.105,144.397,653.518,129.939,0
4447,177.202,131.44,463.26,165.872,356.245,173.432,0
4448,168.801,215.977,503.125,262.781,647.904,197.754,0
4449,29.1001,35.7057,82.4276,430.171,67.6065,405.797,0
4450,69.0995,71.4082,418.896,155.426,355.793,174.325,0
4451,196.803,217.63,602.974,384.25,615.618,539.742,0
4452,61.4996,62.3866,163.398,563.934,139.848,611.128,0
4453,242.506,200.951,416.163,506.586,560.536,451.675,1
4454,65.9996,61.5337,253.757,240.3,249.937,185.098,0
4455,242.506,233.011,405.419,576.091,540.088,617.545,1
4456,60.2997,59.5995,205.586,217.058,248.716,184.818,0
4457,64.6996,65.8799,587.967,125.677,653.467,129.803,0
4458,234.805,253.5,366.652,397.691,349.595,174.607,0
4459,124.199,125.066,529.66,668.533,613.275,613.082,0
4460,82.6993,84.0546,430.495,148.881,356.189,173.319,0
4461,94.5991,125.268,265.804,724.036,153.616,700.17,0
4462,242.506,202.504,240.946,444.257,84.9264,404.675,1
4463,100.099,114.182,341.492,265.302,349.548,174.622,0
4464,242.506,209.327,463.731,437.945,611.103,333.385,1
4465,143.5,143.696,307.644,301.687,250.676,184.771,0
4466,37.3,34.4959,244.023,218.72,249.908,185.134,0
4467,47.7998,51.5192,611.135,147.424,653.577,129.953,0
4468,164.801,135.518,286.265,297.62,249.534,185.199,0
4469,220.604,304.391,396.745,562.835,312.617,818.054,0
4470,47.3998,53.8979,90.4113,439.538,67.6441,405.845,0
4471,198.803,216.265,602.942,388.385,615.498,539.758,0
4472,24.4001,30.7003,623.241,132.627,653.463,130.039,0
4473,242.506,141.468,501.909,677.568,597.143,614.256,1
4474,242.506,158.069,457.24,592.961,597.031,612.06,1
4475,242.506,213.794,459.163,428.482,616.539,335.134,1
4476,75.5994,84.1235,183.303,208.508,248.524,184.779,0
4477,69.0995,92.7727,232.291,740.402,152.758,701.801,0
4478,17,19.8684,293.179,812.644,311.758,818.291,0
4479,242.406,213.782,480.772,329.903,630.523,333.598,0
4480,84.6993,102.87,518.617,758.902,611.054,755.171,0
4481,9.5,10.5793,406.76,88.4111,406.171,78.1131,0
4482,50.7998,47.7841,113.296,398.035,67.727,404.884,0
4483,47.8998,50.0959,156.937,573.82,139.953,611.076,0
4484,94.1991,104.788,292.534,737.414,311.674,818.371,0
4485,27.3001,22.937,91.1882,405.087,67.7928,405.323,0
4486,59.4997,62.6296,203.198,216.058,248.206,184.726,0
4487,242.506,217.629,376.992,560.287,209.709,624.994,1
4488,242.506,162.567,427.666,624.33,557.58,615.299,1
4489,159.801,137.129,501.224,339.992,630.356,333.721,0
4490,31.1001,32.6299,616.512,349.607,630.356,334.077,0
4491,205.903,212.504,497.972,463.003,615.529,539.778,0
4492,191.002,189.417,247.547,501.355,140.694,611.357,0
4493,240.605,202.724,213.764,458.112,67.5079,404.263,0
4494,178.402,154.291,277.891,326.466,250.56,184.815,0
4495,132.699,132.987,311.294,280.677,249.895,185.064,0
4496,166.001,151.173,229.627,572.335,144.568,615.543,0
4497,242.506,162.527,419.046,641.43,556.974,615.063,1
4498,242.506,186.917,469.301,384.049,621.784,333.169,1
4499,38.6,53.9514,202.317,722.596,152.603,701.815,0
4500,73.3995,79.0822,186.958,209.271,248.527,184.768,0
4501,89.6992,83.1444,583.392,368.963,630.457,334.4,0
4502,152.4,151.779,526.155,166.04,653.517,129.992,0
4503,242.506,176.745,412.651,435.944,534.326,353.385,1
4504,242.506,191.293,477.699,368.598,611.917,333.704,1
4505,0,0,637.596,332.621,637.596,332.621,0
4506,146.9,111.843,176.746,405.354,67.7121,405.479,0
4507,103.299,103.645,292.953,738.121,311.392,818.512,0
4508,219.204,169.832,216.922,351.6,67.7487,404.922,0
4509,158.2,144.125,370.723,270.977,350.081,174.782,0
4510,190.202,151.565,518.857,557.732,613.28,612.538,0
4511,77.5994,77.7375,198.544,644.456,144.751,616.196,0
4512,101.499,126.659,520.465,735.277,611.153,755.159,0
4513,33.3001,37.707,616.48,198.261,647.75,197.635,0
4514,49.5998,67.2543,202.504,694.541,152.81,701.711,0
4515,177.002,144.477,195.882,304.846,248.483,184.826,0
4516,51.1998,64.6639,554.048,774.391,611.067,755.218,0
4517,230.205,172.965,227.988,401.778,67.7896,405.081,0
4518,146.4,120.133,176.936,376.234,67.8286,404.957,0
4519,242.506,238.01,279.9,414.128,79.9329,404.158,1
4520,0,0,604.886,831.502,605.024,831.612,0
4521,242.506,215.978,407.768,333.834,333.16,187.014,1
4522,121.099,88.5471,547.245,640.686,613.182,612.639,0
4523,217.104,161.855,544.534,540.544,613.323,612.354,0
4524,135.099,156.13,582.578,411.109,615.557,539.661,0
4525,242.506,230.309,459.619,465.706,607.264,537.491,1
4526,125.199,143.294,143.009,468.402,67.7317,405.542,0
4527,186.802,131.833,514.619,655.698,613.258,612.929,0
4528,101.299,136.682,268.742,697.426,149.557,693.206,0
4529,75.0994,72.7265,592.387,682.588,612.398,751.999,0
4530,2.1,1.16312,652.954,188.9,652.644,190.021,0
4531,51.6998,73.3459,332.308,747.725,312.727,817.974,0
4532,242.506,193.794,468.44,365.133,610.375,333.843,1
4533,0.9,0.290946,407.66,77.8155,407.565,77.5407,0
4534,134.599,108.311,237.45,287.35,249.31,185.229,0
4535,34.1001,28.5094,594.41,624.559,613.341,613.116,0
4536,242.506,280.448,376.847,452.444,320.174,198.327,1
4537,0,0,138.873,613.989,138.873,613.989,0
4538,85.1993,93.9318,172.915,209.124,248.97,185.032,0
4539,211.504,142.39,165.195,448.747,67.6537,405.511,0
4540,222.404,167.51,487.915,216.39,355.835,174.259,0
4541,131.099,132.368,534.855,150.872,653.61,130.294,0
4542,209.404,175.144,227.862,551.504,144.802,616.086,0
4543,66.6996,61.3447,412.801,187.237,355.801,174.315,0
4544,91.3992,95.8079,238.305,633.225,144.65,615.597,0
4545,242.506,232,307.216,374.404,250.469,199.409,1
4546,132.099,110.909,249.049,616.555,144.557,615.436,0
4547,40.9999,55.6678,593.006,496.182,615.752,540.707,0
4548,26.2001,20.14,269.069,194.521,253.109,183.539,0
4549,97.4991,95.4227,230.997,276.916,248.839,184.994,0
4550,193.003,191.22,363.195,643.929,313.203,818.194,0
4551,242.506,200.591,267.329,359.421,248.207,188.633,1
4552,51.1998,65.3611,593.967,199.697,647.994,197.79,0
4553,116.899,107.651,526.849,357.557,630.438,334.465,0
4554,108.499,110.792,550.6,137.287,653.639,129.62,0
4555,37.5,38.6565,579.149,768.372,611.206,755.526,0
4556,24.4001,30.1042,139.126,650.871,139.891,620.877,0
4557,56.0997,68.3239,606.557,239.061,648.235,198.124,0
4558,121.399,118.939,345.029,272.187,350.081,174.828,0
4559,15,18.6115,317.432,800.357,312.579,818.081,0
4560,53.2998,40.9846,223.107,212.537,248.368,184.82,0
4561,218.104,161.987,459.224,600.163,613.297,612.519,0
4562,26.5001,25.0607,598.964,596.751,613.297,612.457,0
4563,204.203,182.376,368.688,309.607,350.38,174.865,0
4564,112.399,91.3264,417.746,217.928,356.175,173.234,0
4565,45.3999,37.6404,227.815,211.675,248.493,184.822,0
4566,97.9991,103.333,289.288,741.885,311.114,818.625,0
4567,152.1,116.41,232.67,295.66,249.055,185.015,0
4568,148.1,126.736,212.628,304.281,248.295,184.823,0
4569,55.8997,65.4593,600.632,363.985,630.383,334.098,0
4570,44.7999,53.1131,577.656,339.763,630.287,334.058,0
4571,44.9999,46.4897,580.858,780.044,611.17,755.486,0
4572,34.2001,43.7409,590.833,519.906,615.682,540.457,0
4573,218.404,176.763,295.014,332.743,249.302,185.191,0
4574,138.199,133.028,293.553,290.262,250.519,184.779,0
4575,70.8995,89.7569,529.797,779.816,611.143,755.377,0
4576,13.6,16.4888,371.079,180.397,355.898,174.128,0
4577,230.105,201.548,244.849,364.917,67.4834,404.402,0
4578,197.003,153.243,296.643,638.063,144.655,615.635,0
4579,242.506,201.047,265.538,367.578,247.673,190.504,1
4580,218.104,268.506,302.975,514.856,140.307,611.159,0
4581,202.503,207.149,371.683,632.923,312.291,818.121,0
4582,97.6991,94.1277,159.893,395.539,67.751,405.446,0
4583,132.799,122.61,167.52,367.389,67.6633,405.541,0
4584,242.506,143.112,478.204,654.886,601.618,612.368,1
4585,37.2,43.9427,324.523,199.841,350.303,174.87,0
4586,139.699,157.356,307.95,691.673,312.195,818.203,0
4587,161.701,164.535,491.707,114.306,653.564,129.812,0
4588,242.506,184.53,474.958,381.307,623.076,334.472,1
4589,47.2999,58.1949,592.209,307.646,630.34,334.141,0
4590,242.506,122.696,462.491,641.633,567.368,617.849,1
4591,242.506,204.146,281.333,377.15,250.585,191.516,1
4592,242.506,142.27,485.905,665.779,596.509,614.739,1
4593,242.506,186.066,442.432,313.538,360.577,175.73,1
4594,242.506,201.176,433.005,426.339,560.196,344.607,1
4595,207.103,209.211,223.239,461.987,140.242,611.242,0
4596,242.506,232.865,330.125,570.927,147.265,616.731,1
4597,230.005,157.259,277.595,593.767,144.719,615.663,0
4598,110.099,88.2046,441.776,178.291,356.145,173.405,0
4599,242.506,170.354,427.874,410.434,529.7,359.399,1
4600,154.4,118.917,199.955,257.358,247.986,184.562,0
4601,63.0996,75.8793,202.467,703.625,153.581,700.635,0
4602,112.499,89.5902,536.588,600.813,613.36,612.48,0
4603,70.5995,73.3587,584.568,314.883,630.349,334,0
4604,2.8,1.68257,652.79,188.267,652.129,189.814,0
4605,242.506,267.024,309.864,466.547,104.513,405.591,1
4606,48.5998,65.0492,589.362,487.722,615.66,539.663,0
4607,209.104,245.607,507.439,489.596,615.599,540.357,0
4608,220.004,196.883,379.904,303.934,350.152,174.851,0
4609,215.004,141.121,487.375,648.897,613.343,612.396,0
4610,187.002,206.374,367.759,352.932,349.25,174.488,0
4611,39.2,26.924,274.506,198.626,253.236,183.344,0
4612,81.7993,111.694,585.565,270.502,647.987,197.978,0
4613,161.201,161.562,524.726,444.021,615.663,539.607,0
4614,143.4,149.997,278.36,655.127,144.814,616.248,0
4615,39.5,41.448,119.827,587.229,139.877,611.097,0
4616,225.605,207.546,321.196,593.871,144.577,616.583,0
4617,185.902,135.964,211.846,310.155,248.697,184.915,0
4618,67.9995,75.0918,318.153,751.94,311.877,818.273,0
4619,171.401,185.391,239.044,495.465,140.654,611.353,0
4620,138.399,111.518,169.34,378.733,67.7377,404.926,0
4621,242.506,158.148,414.472,376.72,529.041,360.88,1
4622,114.899,95.8876,433.73,198.597,356.116,173.444,0
4623,15.1,15.7089,403.55,93.3816,405.738,78.1968,0
4624,159.301,139.522,277.373,644.456,144.734,616.012,0
4625,191.702,239.854,319.184,371.922,250.996,184.571,0
4626,57.8997,75.4598,202.301,702.431,152.933,701.576,0
4627,242.506,203.755,481.589,520.555,597.805,612.349,1
4628,25.3001,31.6478,134.98,651.914,139.933,620.887,0
4629,242.506,212.766,411.029,346.697,324.438,189.196,1
4630,242.506,259.549,269.479,458.971,101.072,404.135,1
4631,55.3997,58.8083,577.093,715.861,612.064,752.792,0
4632,192.803,130.789,500.633,651.624,613.29,613.168,0
4633,140.699,141.276,517.967,132.07,653.477,130.114,0
4634,242.506,192.034,409.34,504.68,547.931,452.456,1
4635,3.9,3.21376,310.954,815.137,311.423,818.534,0
4636,103.699,141.619,263.469,664.97,149.559,693.286,0
4637,27.1001,33.9907,153.922,643.657,139.909,620.882,0
4638,121.599,107.46,231.465,606.449,144.699,616.279,0
4639,40.1,43.6287,583.273,779.614,611.067,755.443,0
4640,242.106,160.424,156.024,458.491,67.3844,406.22,0
4641,139.499,154.795,553.853,421.18,615.642,540.286,0
4642,156.5,122.219,265.136,633.137,144.772,615.961,0
4643,242.506,188.179,440.105,590.276,554.163,615.078,1
4644,242.506,151.363,483.867,358.996,559.108,344.535,1
4645,15.4,19.4011,374.261,179.582,355.838,174.122,0
4646,187.702,182.843,521.217,425.51,630.438,334.382,0
4647,89.7992,114.6,561.544,209.004,647.774,191.451,0
4648,242.506,214.054,397.826,507.793,548.424,453.707,1
4649,83.5993,112.964,337.666,708.518,312.999,818.067,0
4650,242.506,166.703,433.443,665.343,557.027,614.338,1
4651,10.4,9.80482,358.046,183.83,354.911,174.565,0
4652,50.3998,65.7916,269.689,247.374,250.624,184.785,0
4653,70.3995,62.2713,393.512,186.192,355.587,174.312,0
4654,11.2,12.5533,79.805,408.257,67.7821,405.05,0
4655,242.506,156.839,423.557,398.051,537.847,350.526,1
4656,104.999,92.8843,546.203,333.369,630.422,333.757,0
4657,242.506,154.471,428.723,414.43,528.051,357.297,1
4658,242.506,238.061,329.841,474.388,215.211,625.339,1
4659,179.002,132.906,150.383,428.128,67.8386,405.439,0
4660,235.205,170.368,166.728,306.842,249.058,185.069,0
4661,242.506,250.146,356.359,433.251,320.066,193.188,1
4662,62.8996,66.369,600.608,362.732,630.32,334.177,0
4663,213.804,181.255,205.707,346.679,67.7944,405.192,0
4664,39,31.4148,99.0493,399.514,67.6735,405.606,0
4665,242.506,203.136,465.17,501.061,564.375,616.538,1
4666,122.499,138.983,568.009,416.13,615.66,539.661,0
4667,209.604,136.906,497.89,650.511,613.244,612.961,0
4668,154,183.671,389.017,676,313.411,818.224,0
4669,157.9,178.002,514.246,198.502,648.414,190.802,0
4670,130.299,151.393,538.868,213.322,647.683,191.709,0
4671,83.1993,104.393,602.325,459.703,615.663,539.701,0
4672,111.399,93.2688,539.18,352.796,630.369,333.755,0
4673,242.506,167.753,411.45,375.628,529.964,360.655,1
4674,117.699,104.633,167.426,387.292,67.6838,405.542,0
4675,128.799,152.616,529.51,211.058,647.864,191.588,0
4676,56.8997,61.7955,566.859,729.685,612.024,752.77,0
4677,92.8992,99.9141,297.572,736.39,311.989,818.162,0
4678,242.506,198.596,456.1,383.184,614.093,333.716,1
4679,242.506,145.012,217.254,417.732,81.1744,405.675,1
4680,141.399,158.269,308.018,692.471,312.308,818.056,0
4681,152.4,136.883,166.36,481.332,140.376,611.325,0
4682,61.2996,58.9859,607.549,368.011,630.327,334.14,0
4683,242.506,208.402,285.182,546.557,176.34,620.16,1
4684,65.0996,66.3892,595.677,689.974,612.361,751.985,0
4685,17.6,19.6581,409.228,97.3578,405.46,78.1052,0
4686,242.506,262.708,312.229,465.552,104.235,405.045,1
4687,77.2994,80.4258,146.705,531.485,139.794,611.056,0
4688,179.602,207.69,316.097,640.868,312.325,818.144,0
4689,86.6992,100.62,117.923,466.51,67.6875,404.807,0
4690,242.506,284.106,388.363,445.969,324.469,200.046,1
4691,242.506,216.843,408.453,469.777,583.385,467.775,1
4692,88.9992,104.161,557.156,479.334,615.542,540.013,0
4693,177.202,185.63,517.808,455.203,615.612,539.624,0
4694,242.506,143.968,451.947,680.472,555.257,617.841,1
4695,55.4997,43.4612,224.658,216.458,248.986,184.966,0
4696,242.506,165.532,425.386,392.649,552.845,348.045,1
4697,197.903,204.083,214.178,459.781,140.268,611.192,0
4698,156.4,111.976,512.079,633.267,613.197,612.581,0
4699,210.104,134.356,201.838,386.198,67.8152,405.299,0
4700,53.4998,65.3762,553.814,774.919,611.163,755.21,0
4701,9,9.61682,357.523,183.917,353.208,175.263,0
4702,216.304,259.991,299.521,521.629,140.207,611.193,0
4703,12,11.4909,591.23,834.192,602.433,833.451,0
4704,61.4996,63.928,268.001,246.365,250.255,184.876,0
4705,242.506,196.696,443.921,597.288,553.26,613.848,1
4706,169.801,134.513,115.938,506.645,139.478,611.227,0
4707,242.506,186.857,470.542,379.411,621.665,333.788,1
4708,232.405,282.806,273.983,485.89,140.013,611.091,0
4709,242.506,252.546,370.244,430.535,321.85,195.524,1
4710,3.9,3.39849,650.483,131.857,653.755,130.94,0
4711,242.506,172.628,240.806,395.371,69.1942,405.573,1
4712,193.903,159.553,511.96,404.574,630.357,334.378,0
4713,102.599,114.9,184.113,254.496,248.541,184.766,0
4714,242.506,186.695,471.891,384.849,627.652,334.401,1
4715,194.303,150.859,295.319,632.983,144.822,616.184,0
4716,9.9,9.27207,313.745,808.952,313.05,818.139,0
4717,131.699,155.414,343.82,671.386,312.886,817.997,0
4718,19.4,21.0554,595.919,739.228,612.331,752.399,0
4719,140.899,153.87,230.251,523.468,140.136,611.051,0
4720,98.9991,102.816,552.069,125.373,653.553,130.148,0
4721,181.602,131.907,167.613,505.006,139.302,611.304,0
4722,137.499,141.027,308.025,299.821,251.016,184.614,0
4723,169.301,191.558,409.47,686.429,312.926,818.026,0
4724,242.506,240.558,330.965,476.619,212.175,624.175,1
4725,76.9994,98.5164,521.795,777.721,611.117,755.31,0
4726,33.3001,34.3709,582.953,600.013,613.281,612.392,0
4727,242.506,232.812,456.375,547.648,548.659,615.391,1
4728,90.7992,111.181,289.726,280.238,250.223,184.981,0
4729,100.199,129.293,371.203,711.645,313.141,818.135,0
4730,35.3,34.2084,581.251,600.438,613.189,612.628,0
4731,164.701,191.136,431.423,712.243,313.267,818.193,0
4732,54.7997,60.2684,589.13,697.339,612.291,752.326,0
4733,203.203,150.936,275.168,597.695,144.816,616.054,0
4734,21.6,25.4496,168.424,622.683,144.712,615.633,0
4735,242.506,188.386,330.07,628.399,152.398,617.819,1
4736,75.0994,72.806,572.009,707.921,612.05,752.658,0
4737,231.705,282.329,280.472,484.084,139.796,611.095,0
4738,27.2001,30.9654,600.448,784.423,606.357,811.869,0
4739,215.304,161.492,181.611,301.267,248.955,184.997,0
4740,102.899,131.388,306.32,273.381,250.44,184.87,0
4741,164.901,185.581,513.715,229.539,647.666,192.07,0
4742,242.506,251.678,276.803,453.801,99.9061,404.764,1
4743,119.999,118.874,545.747,153.109,653.554,130.209,0
4744,31.8001,32.6412,593.72,776.566,611.173,755.593,0
4745,200.403,155.974,526.664,398.438,630.403,333.805,0
4746,119.399,120.027,185.966,262.809,248.493,184.782,0
4747,98.7991,115.636,184.981,257.944,248.953,185.033,0
4748,44.2999,54.8652,600.809,206.719,647.965,197.809,0
4749,210.804,197.826,493.235,426.348,630.365,334.42,0
4750,13.8,15.9447,151.752,677.734,149.655,693.238,0
4751,65.4996,85.8391,233.766,724.269,152.903,701.68,0
4752,145.9,114.259,164.755,420.662,67.7419,405.177,0
4753,77.0994,80.1587,337.287,231.805,349.77,174.724,0
4754,38.3,36.9373,581.557,765.696,611.061,755.247,0
4755,105.099,91.9342,605.346,702.93,612.259,752.267,0
4756,5.4,4.68527,601.392,813.567,605.957,812.717,0
4757,226.405,169.581,549.846,528.853,613.306,612.459,0
4758,242.506,200.583,458.544,421.728,605.227,334.881,1
4759,218.404,188.743,258.046,581.222,144.702,615.614,0
4760,242.506,215.517,316.73,518.474,196.627,623.366,1
4761,168.401,183.134,514.123,454.86,615.504,539.797,0
4762,242.506,175.02,343.124,599.571,188.886,622.163,1
4763,242.506,168.614,529.03,522.559,587.556,615.225,1
4764,59.2997,70.261,605.067,240.205,648.374,198.178,0
4765,141.299,183.571,295.065,714.26,149.379,693.348,0
4766,194.003,174.796,342.714,320.117,349.745,174.715,0
4767,0,0,636.912,333.607,636.912,333.607,0
4768,242.506,209.291,419.885,574.909,546.911,618.944,1
4769,212.204,170.147,239.177,341.756,249.313,185.212,0
4770,229.905,196.213,490.919,427.613,630.393,334.477,0
4771,160.201,163.493,502.11,145.746,653.567,130.404,0
4772,106.199,141.995,559.42,285.118,647.937,197.762,0
4773,120.999,101.03,167.579,530.613,139.672,611.068,0
4774,37.5,47.4318,310.983,778.305,311.898,818.273,0
4775,46.7999,43.6269,98.5089,425.912,67.7924,405.373,0
4776,182.002,165.592,283.885,673.47,144.794,616.22,0
4777,242.506,231.679,484.124,480.54,608.18,539.481,1
4778,63.4996,73.371,603.755,242.639,647.888,197.649,0
4779,242.506,279.581,325.681,480.344,141.35,578.731,1
4780,4.7,3.93915,357.29,177.932,355.531,174.41,0
4781,242.506,209.612,456.767,420.837,608.67,335,1
4782,65.2996,75.4321,355.758,195.453,349.884,174.799,0
4783,133.899,157.87,363.196,673.056,313.467,818.322,0
4784,41.3999,34.8872,230.658,210.427,248.895,185.041,0
4785,101.299,133.521,374.854,709.429,313.37,818.156,0
4786,94.0991,90.7411,272.505,769.226,310.357,818.896,0
4787,138.399,118.445,213.358,293.718,248.431,184.828,0
4788,71.6995,76.8237,192.762,639.985,144.847,615.854,0
4789,242.506,227.487,412.5,359.208,323.116,190.843,1
4790,3.3,2.57927,140.424,623.404,139.838,620.896,0
4791,67.3995,85.5444,528.646,766.466,611.11,755.003,0
4792,109.899,93.4343,160.591,402.829,67.7446,405.61,0
4793,242.506,275.561,356.573,463.371,323.659,199.765,1
4794,129.299,168.822,531.98,287.843,647.98,197.979,0
4795,118.699,145.773,534.706,211.164,648.083,191.051,0
4796,23.0001,18.4978,266.19,197.265,252.642,183.897,0
4797,242.506,218.223,466.611,428.091,624.863,334.51,1
4798,239.905,188.664,212.518,438.522,67.6333,405.734,0
4799,242.506,216.028,463.476,479.365,597.517,512.798,1
4800,242.506,239.89,369.183,391.363,348.531,176.744,1
4801,242.506,196.125,323.571,597.419,150.433,616.764,1
4802,100.399,94.7021,161.108,399.47,67.7346,404.883,0
4803,188.802,128.328,501.64,648.855,613.226,612.918,0
4804,242.506,182.357,347.034,597.804,185.718,621.74,1
4805,242.506,199.201,395.162,618.526,549.243,618.093,1
4806,115.999,111.304,557.022,155.139,653.651,130.389,0
4807,203.803,159.444,180.474,302.511,248.246,184.739,0
4808,30.7001,30.8038,604.008,591.432,613.333,612.526,0
4809,223.604,194.418,324.387,610.148,144.646,616.424,0
4810,210.804,125.731,196.155,261.416,248.723,184.925,0
4811,227.705,198.496,252.849,585.895,144.652,615.645,0
4812,187.002,239.465,322.69,378.532,251.128,184.59,0
4813,197.603,189.059,343.659,330.737,349.637,174.585,0
4814,134.799,155.308,533.644,441.557,615.668,540.299,0
4815,242.506,190.993,328.192,550.673,194.657,623.057,1
4816,220.104,200.323,478.963,314.826,630.466,333.435,0
4817,19.4,23.0661,413.027,100.192,405.814,78.2267,0
4818,170.301,199.278,312.933,341.463,250.648,184.804,0
4819,97.5991,102.303,563.039,148.949,653.557,130.028,0
4820,11.2,12.5941,644.307,138.807,653.928,130.98,0
4821,18.9,21.9552,581.087,831.557,602.41,833.334,0
4822,180.402,139.116,129.415,498.08,139.487,611.175,0
4823,242.506,252.468,252.895,469.889,88.2361,406.323,1
4824,41.4999,45.8443,613.161,140.99,653.462,129.957,0
4825,152.6,119.582,510.403,593.128,613.263,613.132,0
4826,242.506,245.624,255.939,470.323,90.5343,406.213,1
4827,130.699,131.828,566.768,398.159,630.352,334.522,0
4828,46.9999,41.7203,289.135,203.138,253.044,183.821,0
4829,36.1,44.201,599.684,710.866,612.282,752.303,0
4830,39.4,47.0734,608.394,139.84,653.484,130.045,0
4831,88.6992,95.1864,178.278,536.233,139.855,611.053,0
4832,163.801,136.132,519.382,380.433,630.312,333.875,0
4833,3.4,2.70909,152.078,691.266,151.152,693.812,0
4834,58.3997,67.2279,187.299,586.926,144.743,615.625,0
4835,242.506,165.166,428.038,631.567,557.383,611.996,1
4836,146.7,152.844,540.441,469.82,615.58,539.633,0
4837,97.1991,101.708,213.322,574.762,144.708,615.593,0
4838,102.299,115.336,281.369,737.589,311.65,818.383,0
4839,149.2,163.511,342.176,664.202,312.92,817.963,0
4840,242.506,255.303,312.9,451.52,103.955,406.085,1
4841,46.9999,53.9699,576.679,783.321,606.295,811.954,0
4842,53.7998,63.2928,186.557,592.721,144.705,615.68,0
4843,122.599,169.01,547.65,250.708,647.961,198.04,0
4844,119.499,98.2495,527.53,597.103,613.248,612.644,0
4845,242.506,170.444,322.784,622.035,159.321,617.48,1
4846,115.499,146.592,387.687,707.304,312.861,818.02,0
4847,158.2,112.098,201.897,260.752,247.872,184.472,0
4848,46.8999,58.8739,308.4,767.243,311.723,818.388,0
4849,110.999,137.518,533.284,188.373,647.839,191.366,0
4850,242.506,234.685,406.4,576.04,539.264,617.067,1
4851,240.105,230.309,503.679,481.722,615.596,540.236,0
4852,242.506,208.901,448.194,573.827,551.887,614.109,1
4853,170.501,112.896,199.434,259.463,248.503,184.772,0
4854,17.7,19.5021,250.642,204.249,249.17,185.12,0
4855,84.3993,114.757,356.45,714.737,313.219,818.237,0
4856,35.2,37.3794,574.2,756.459,611.253,754.816,0
4857,242.306,200.167,473.387,377.871,630.408,334.54,0
4858,154.2,202.211,524.442,246.911,647.892,197.761,0
4859,14.3,14.3316,636.776,206.147,647.957,197.951,0
4860,174.601,143.656,198.643,305.577,248.108,184.719,0
4861,117.299,134.819,311.717,286.879,250.365,184.71,0
4862,67.7995,88.9672,581.112,464.624,615.615,539.671,0
4863,57.6997,59.9075,265.655,241.945,249.882,185.083,0
4864,122.999,114.314,345.581,267.841,350.057,174.776,0
4865,242.506,245.14,289.456,434.167,78.2279,404.199,1
4866,149.2,130.899,508.046,337.454,630.511,333.368,0
4867,242.506,265.893,321.485,446.155,107.205,404.816,1
4868,53.2998,64.4052,599.569,369.686,630.316,334.14,0
4869,124.799,132.646,523.48,708.436,612.38,752.072,0
4870,202.503,166.727,243.688,337.517,249.052,185.118,0
4871,80.6993,77.1848,575.912,694.809,611.977,753.01,0
4872,207.803,236.853,486.707,505.013,615.581,540.282,0
4873,102.699,116.439,588.494,442.892,615.643,539.726,0
4874,53.8997,48.1291,115.351,400.263,67.8012,405.448,0
4875,17.7,18.1459,335.296,184.863,349.993,174.819,0
4876,146.2,117.622,415.775,238.247,355.418,174.441,0
4877,172.401,158.154,296.739,637.223,144.673,616.42,0
4878,242.506,212.6,472.91,511.738,576.191,617.059,1
4879,166.301,134.745,207.245,306.489,248.266,184.686,0
4880,13.2,15.7169,157.541,613.068,144.72,615.662,0
4881,223.304,175.59,240.978,345.45,249.764,185.115,0
4882,163.601,183.233,337.265,645.862,312.251,818.125,0
4883,178.602,177.098,523.581,419.249,630.426,334.409,0
4884,55.3997,59.6442,596.724,695.69,612.411,751.926,0
4885,242.506,230.972,399.313,378.294,322.17,192.625,1
4886,128.099,113.204,406.946,239.605,356.224,173.404,0
4887,84.2993,78.3992,355.365,200.392,349.887,174.674,0
4888,123.799,136.613,215.56,525.316,140.368,611.274,0
4889,43.0999,49.4417,279.23,793.75,311.83,818.254,0
4890,242.506,332.117,384.866,534.22,312.453,809.613,1
4891,94.8991,87.6454,527.834,616.458,613.198,612.616,0
4892,242.506,172.972,474.176,541.411,577.736,617.177,1
4893,93.6991,97.1872,358.174,217.842,349.461,174.588,0
4894,56.9997,62.52,311.265,763.426,311.587,818.37,0
4895,177.202,167.816,216.192,493.206,140.084,611.132,0
4896,235.305,144.981,543.833,553.866,613.268,612.434,0
4897,181.302,171.564,492.683,399.121,630.453,334.562,0
4898,242.506,213.926,459.549,439.785,611.948,334.406,1
4899,87.6992,92.1868,204.868,577.216,144.658,615.721,0
4900,29.6001,36.6436,315.661,186.921,350,174.823,0
4901,134.099,114.923,525.345,362.308,630.353,334.368,0
4902,35.1,44.4485,160.495,648.395,139.816,620.919,0
4903,90.5992,91.7827,553.36,711.538,611.775,753.312,0
4904,39.1,36.5659,579.969,598.351,613.175,612.609,0
4905,75.5994,81.694,116.563,447.499,67.667,405.478,0
4906,107.099,98.6591,403.695,224.344,355.573,174.397,0
4907,151.3,148.412,298.291,306.16,251.134,184.454,0
4908,81.6993,109.364,558.61,199.006,647.839,191.44,0
4909,216.404,128.964,167.368,437.691,67.8179,405.14,0
4910,151.2,178.699,333.16,650.484,312.405,818.064,0
4911,26.7001,31.7552,386.845,180.611,355.957,173.831,0
4912,4.6,4.11629,141.052,607.183,139.948,611.147,0
4913,237.405,163.445,304.693,627.204,144.748,615.568,0
4914,63.0996,64.2917,551.278,615.009,613.326,612.512,0
4915,169.801,184.314,242.005,499.254,140.395,611.286,0
4916,242.506,231.092,336.101,564.915,155.921,617.524,1
4917,40,46.4234,613.432,170.846,648.49,190.82,0
4918,235.005,145.749,499.661,182.168,356.082,173.517,0
4919,38.6,46.1073,162.356,584.628,144.61,616.537,0
4920,220.904,216.094,347.706,357.624,349.853,174.749,0
4921,168.001,143.767,584.315,395.487,630.27,334.252,0
4922,171.201,193.899,342.443,639.117,312.111,818.15,0
4923,12.8,14.9422,367,183.75,355.568,174.426,0
4924,242.506,275.489,361.732,483.624,210.742,626.504,1
4925,36.1,43.0957,611.665,137.999,653.53,130.039,0
4926,149.2,128.891,479.975,179.123,355.953,173.82,0
4927,179.502,162.252,300.733,636.154,144.62,615.485,0
4928,23.0001,28.9363,621.047,205.758,647.86,197.675,0
4929,91.4992,104.186,118.589,469.776,67.6631,405.56,0
4930,20.5,19.5092,595.699,616.446,613.241,612.983,0
4931,5.2,4.657,252.149,189.246,250.634,184.842,0
4932,168.901,130.933,464.622,164.213,355.83,174.236,0
4933,169.101,144.854,369.406,268.997,350.061,174.818,0
4934,77.0994,73.3507,421.402,155.504,356.106,173.575,0
4935,7.5,7.90965,656.345,205.958,654.3,198.317,0
4936,242.506,186.612,401.693,612.363,549.746,615.717,1
4937,226.805,178.085,204.099,346.028,67.6995,404.787,0
4938,242.506,232.669,266.317,407.706,76.0539,404.203,1
4939,28.6001,39.1024,262.762,221.824,251.542,184.388,0
4940,166.601,141.548,584.809,390.978,630.357,334.453,0
4941,122.499,101.229,422.509,227.997,355.641,174.432,0
4942,113.399,100.172,563.653,319.819,630.419,333.809,0
4943,109.499,113.635,542.975,670.161,613.253,613.081,0
4944,52.6998,52.1734,601.695,134.721,653.463,130.238,0
4945,96.2991,99.7798,336.314,252.699,349.586,174.641,0
4946,17.6,16.5724,268.711,187.817,253.17,183.234,0
4947,102.699,139.403,259.644,665.438,149.462,693.35,0
4948,234.605,201.278,470.558,298.99,630.429,334.497,0
4949,190.002,133.267,220.6,310.818,248.94,185.044,0
4950,56.9997,52.2072,118.988,400.939,67.7346,405.508,0
4951,242.506,178.014,233.229,375.097,68.5709,404.987,1
4952,75.7994,88.0751,229.191,270.13,249.141,185.09,0
4953,242.506,225.572,423.271,564.909,547.562,616.486,1
4954,241.206,196.202,331.934,627.656,144.578,616.611,0
4955,7.5,8.43531,254.71,192.241,251.428,184.471,0
4956,93.8991,122.843,352.824,703.438,313.165,818.229,0
4957,22.3,25.108,86.1377,418.516,67.5794,405.714,0
4958,104.599,133.164,553.972,179.146,647.909,191.184,0
4959,80.8993,81.8586,532.791,615.562,613.155,612.558,0
4960,60.0997,61.5451,597.122,175.169,648.47,190.805,0
4961,242.506,156.076,507.032,690.365,597.863,613.12,1
4962,237.305,190.313,190.873,326.075,248.069,184.732,0
4963,42.0999,49.1834,403.975,168.49,355.844,174.27,0
4964,50.7998,48.7692,298.394,198.467,253.229,183.386,0
4965,242.506,222.358,388.653,350.703,346.215,179.213,1
4966,89.8992,107.661,555.509,480.579,615.498,540.173,0
4967,16.7,21.3091,594.322,741.521,612.25,752.318,0
4968,82.5993,100.679,540.036,495.485,615.514,540.091,0
4969,204.203,157.588,210.232,364.318,67.7326,404.845,0
4970,77.8994,98.1187,565.558,476.672,615.659,539.703,0
4971,222.204,216.03,278.057,381.166,251.12,184.585,0
4972,18.4,23.86,615.594,277.099,635.874,282.455,0
4973,169.801,130.538,564.512,401.255,630.43,333.833,0
4974,158.9,179.781,334.089,649.935,312.383,818.056,0
4975,122.199,108.487,221.319,287.974,248.542,184.794,0
4976,236.805,186.459,274.153,355.485,250.498,184.842,0
4977,103.399,95.6344,181.19,537.747,140.087,611.09,0
4978,12.3,12.8629,604.429,742.841,612.296,752.39,0
4979,0,0,350.674,171.707,350.674,171.707,0
4980,225.505,213.981,252.203,420.107,67.5695,404.766,0
4981,242.506,193.975,470.049,374.087,620.438,333.356,1
4982,154.8,159.458,216.345,502.251,139.797,611.13,0
4983,242.506,187.644,463.022,348.632,590.186,335.497,1
4984,131.499,118.39,568.922,383.69,630.324,334.35,0
4985,115.099,117.192,344.675,269.239,349.485,174.479,0
4986,189.202,227.263,497.994,504.502,615.626,540.37,0
4987,83.8993,89.7532,190.798,561.17,140.051,611.144,0
4988,43.5999,51.8662,406.579,168.297,355.937,173.735,0
4989,107.099,138.895,379.893,708.007,313.185,818.22,0
4990,196.403,186.497,395.903,295.613,355.35,174.481,0
4991,146.1,175.355,305.906,671.597,312.336,818.113,0
4992,155.2,125.933,214.658,305.012,249.163,185.093,0
4993,81.1993,76.4614,555.625,345.74,630.353,334.269,0
4994,91.1992,124.575,265.02,723.794,153.65,700.201,0
4995,31.0001,32.9649,387.554,178.187,355.883,174.148,0
4996,162.601,137.911,303.776,300.002,250.152,185.031,0
4997,242.506,280.9,399.914,440.873,321.711,200.504,1
4998,242.506,195.983,296.675,563.817,151.557,616.154,1
4999,136.299,152.885,310.853,692.113,312.296,818.068,0
5000,103.699,109.923,545.292,664.609,613.363,613.06,0
5001,242.506,222.118,348.753,540.567,201.676,624.488,1
5002,194.903,173.343,199.608,341.742,67.6654,404.756,0
5003,220.904,167.999,493.633,391.872,630.399,333.777,0
5004,242.506,201.908,332.338,596.511,154.988,617.536,1
5005,230.905,285.75,307.081,494.054,139.956,611.086,0
5006,88.4992,86.2576,365.212,196.634,349.356,174.46,0
5007,138.299,161.476,193.948,521.54,140.147,611.175,0
5008,211.104,182.297,474.534,555.911,613.34,612.428,0
5009,71.8995,93.0675,581.338,460.614,615.572,539.679,0
5010,27.0001,24.4347,589.948,615.813,613.437,613.265,0
5011,242.506,279.584,365.135,463.801,323.202,200.853,1
5012,242.506,214.835,419.917,572.816,547.116,618.108,1
5013,242.506,193.063,439.341,511.853,577.489,453.855,1
5014,172.201,179.299,336.046,646.077,312.751,817.98,0
5015,240.205,228.592,348.69,602.346,144.775,616.148,0
5016,9.7,10.1202,363.931,179.918,355.894,174.078,0
5017,43.3999,62.0519,192.243,685.64,152.789,701.841,0
5018,242.506,232.556,288.365,395.936,250.584,190.679,1
5019,132.299,148.599,558.528,416.14,615.645,539.718,0
5020,187.402,115.118,195.49,263.463,248.507,184.831,0
5021,44.9999,57.7049,334.205,205.834,350.045,174.765,0
5022,242.506,240.382,466.674,234.076,361.99,173.927,1
5023,192.603,151.519,511.438,396.526,630.4,334.455,0
5024,242.506,210.222,239.129,448.053,82.2297,406.402,1
5025,84.4993,90.7055,221.75,265.636,248.406,184.788,0
5026,25.5001,18.6644,87.4311,404.201,67.8108,405.224,0
5027,206.303,131.896,484.746,180.351,355.767,174.266,0
5028,85.4993,94.8011,223.633,274.104,248.327,184.77,0
5029,154.1,163.033,505.313,147.655,653.555,130.309,0
5030,242.506,218.877,437.229,446.203,594.623,335.393,1
5031,235.705,251.579,366.206,398.229,349.132,174.432,0
5032,201.203,191.236,247.865,500.063,139.42,611.326,0
5033,109.599,102.372,163.149,386.868,67.7482,404.781,0
5034,242.506,234.336,422.871,347.107,379.794,173.844,1
5035,25.5001,32.4705,319.838,184.036,350.233,174.913,0
5036,171.401,128.926,193.036,404.18,67.7473,405.478,0
5037,214.804,213.132,370.381,363.619,349.484,174.615,0
5038,236.105,232.174,476.763,467.753,615.55,539.774,0
5039,123.199,133.73,312.426,278.42,250.843,184.665,0
5040,242.506,201.531,316.597,549.678,177.159,620.295,1
5041,106.999,91.4047,524.862,621.885,613.267,612.464,0
5042,242.506,219.997,292.947,372.298,249.762,187.139,1
5043,192.703,123.261,226.198,302.743,249.112,185.077,0
5044,73.7994,93.6358,573.198,193.772,648.058,191.196,0
5045,219.804,301.043,393.675,564.423,312.333,818.143,0
5046,132.699,135.723,519.407,124.807,653.627,129.613,0
5047,242.506,166.704,303.614,623.284,150.835,616.036,1
5048,241.706,253.54,288.581,408.546,250.771,184.709,0
5049,104.499,113.63,576.364,443.079,615.554,539.574,0
5050,48.8998,56.7201,614.166,160.492,647.582,192.071,0
5051,102.099,106.185,177.377,526.425,139.942,611.072,0
5052,64.1996,72.237,284.685,227.763,250.382,184.903,0
5053,39.9,53.8487,325.595,765.969,312.78,818.078,0
5054,184.902,145.516,286.882,629.078,144.765,616.09,0
5055,242.506,277.589,360.664,493.091,215.382,625.926,1
5056,193.803,208.369,607.887,382.68,615.722,539.51,0
5057,16,19.543,416.24,93.7951,407.334,77.5182,0
5058,223.904,169.362,177.495,307.936,248.824,185.049,0
5059,198.503,162.627,238.75,337.804,250.423,184.933,0
5060,242.506,213.046,361.301,554.508,207.207,626.096,1
5061,66.6996,86.3609,222.961,679.895,149.464,693.235,0
5062,98.8991,92.2942,176.276,540.179,140.149,611.057,0
5063,183.702,190.275,614.161,400.438,615.529,539.802,0
5064,126.799,99.2868,452.189,178.859,356.115,173.624,0
5065,8.7,10.5606,155.063,617.823,144.78,615.767,0
5066,242.506,224.162,429.741,476.205,590.048,491.843,1
5067,165.201,113.832,226.755,292.085,248.94,184.975,0
5068,208.003,122.646,163.828,434.968,67.7408,405.59,0
5069,242.506,184.851,417.07,616.241,554.623,614.102,1
5070,242.506,225.227,474.376,250.105,356.949,173.931,1
5071,242.506,232.334,483.31,483.702,606.108,540.846,1
5072,242.506,220.822,345.4,599.159,144.881,616.244,1
5073,26.4001,32.0342,281.6,809.376,311.511,818.43,0
5074,195.103,185.263,299.236,336.858,251.348,184.461,0
5075,73.8994,102.806,250.867,732.404,153.632,700.196,0
5076,42.4999,33.6509,252.943,218.847,249.58,185.179,0
5077,179.602,171.858,199.245,482.058,139.497,611.245,0
5078,35.7,37.7048,565.356,835.121,602.369,833.321,0
5079,33.2001,42.0066,82.1936,436.628,67.6443,405.848,0
5080,126.799,142.076,523.945,692.67,612.064,752.663,0
5081,138.299,152.008,556.542,419.896,615.626,539.622,0
5082,242.506,143.87,501.778,181.131,358.357,175.17,1
5083,40.8999,47.018,328.252,200.604,349.158,174.539,0
5084,115.299,114.86,541.003,668.12,613.356,613.121,0
5085,136.299,124.423,247.068,742.188,152.782,701.743,0
5086,43.5999,42.8383,294.783,184.745,253.505,182.559,0
5087,107.199,123.452,570.908,431.275,615.458,539.785,0
5088,5,4.92936,350.068,180.322,351.768,175.504,0
5089,242.506,198.182,315.168,557.086,178.404,620.516,1
5090,15.6,18.2438,333.176,181.795,349.661,174.612,0
5091,146.8,109.874,203.24,261.241,248.145,184.656,0
5092,200.703,173.049,475.294,566.682,613.267,613.219,0
5093,70.6995,72.0144,271.589,253.963,249.762,185.136,0
5094,32.1001,39.4324,580.712,797.507,606.664,811.242,0
5095,169.501,117.474,228.398,299.061,248.468,184.83,0
5096,226.305,281.955,305.821,499.456,139.656,611.236,0
5097,153.5,126.566,430.613,243.864,355.576,174.346,0
5098,242.506,153.719,504.857,199.181,366.165,174.668,1
5099,107.099,117.408,546.75,687.625,612.422,752.015,0
5100,17.3,17.6149,251.322,202.331,249.825,185.104,0
5101,40.7,51.78,593.628,705.146,612.266,752.13,0
5102,242.506,272.833,322.176,487.184,142.35,576.599,1
5103,38.2,41.5244,611.847,190.674,647.718,191.726,0
5104,242.506,201.84,363.475,594.959,180.335,620.832,1
5105,242.506,185.114,423.661,508.66,548.457,452.924,1
5106,242.506,199.682,459.978,476.724,592.971,491.574,1
5107,31.3001,31.3245,149.579,662.564,150.008,693.334,0
5108,32.3001,41.4559,606.324,306.765,630.308,334.057,0
5109,80.6993,78.9424,282.87,765.388,310.302,818.92,0
5110,41.3999,57.4518,195.424,672.04,149.617,693.166,0
5111,30.6001,34.147,389.383,179.118,356.075,173.43,0
5112,122.799,124.612,275.34,299.941,250.287,184.909,0
5113,242.506,182.108,522.122,524.896,608.146,612.413,1
5114,140.699,155.054,582.873,411.421,615.6,539.599,0
5115,216.004,186.351,307.643,656.553,144.736,616.365,0
5116,215.404,280.581,335.46,408.833,251.261,184.46,0
5117,9.9,11.3165,138.481,631.898,140.171,620.823,0
5118,242.506,231.612,313.516,377.419,250.701,195.963,1
5119,242.506,219.462,290.852,387.815,250.301,193.478,1
5120,79.7994,77.6192,201.785,590.092,144.61,615.542,0
5121,169.901,186.129,512.445,222.95,647.631,191.977,0
5122,242.506,167.724,442.668,280.775,362.125,175.05,1
5123,85.7993,86.9512,332.378,240.225,349.608,174.603,0
5124,68.0995,70.5244,272.975,777.569,310.356,818.854,0
5125,242.506,217.502,348.67,545.332,199.043,624.726,1
5126,242.406,185.619,253.369,348.134,248.853,184.994,0
5127,186.602,211.183,510.357,506.702,615.668,540.263,0
5128,92.2992,91.6908,176.907,540.813,139.841,611.109,0
5129,20.3,25.2239,146.926,668.462,149.698,693.166,0
5130,31.2001,35.8454,156.126,643.299,139.85,620.826,0
5131,19.8,21.9576,588.767,803.564,606.897,810.636,0
5132,148.2,120.285,457.855,157.081,356.056,173.613,0
5133,242.506,220.04,356.941,551.229,204.5,627.219,1
5134,190.602,128.045,508.94,645.814,613.302,613.065,0
5135,242.506,212.89,441.299,439.737,597.114,334.288,1
5136,217.804,175.15,226.711,550.639,144.562,615.534,0
5137,242.506,232.016,381.866,402.606,321.362,191.832,1
5138,131.899,161.517,536.971,466.562,615.593,540.429,0
5139,42.2999,33.5731,278.145,206.827,252.387,184,0
5140,163.701,128.815,194.597,387.774,67.7225,404.763,0
5141,167.201,166.557,521.594,407.161,630.285,334.305,0
5142,129.299,158.911,483.667,718.392,611.946,753.109,0
5143,0.7,0.186965,66.5354,408.858,66.403,408.726,0
5144,108.899,97.2913,235.064,277.531,249.119,185.104,0
5145,179.702,117.59,509.158,635.501,613.277,612.381,0
5146,242.506,213.9,428.073,342.981,377.606,173.567,1
5147,161.001,125.011,268.903,633.601,144.605,615.54,0
5148,7,7.42826,639.96,191.045,646.997,193.417,0
5149,167.501,172.201,482.053,112.301,653.476,130.009,0
5150,114.999,123.619,270.852,736.484,311.362,818.518,0
5151,41.1999,51.4509,601.492,214.834,648.336,198.109,0
5152,53.2998,59.4977,608.681,157.472,647.82,191.477,0
5153,212.104,221.638,489.75,464.646,615.588,540.37,0
5154,242.506,258.049,345.994,539.795,166.794,619.745,1
5155,115.699,115.78,200.846,534.739,139.742,611.144,0
5156,124.799,106.696,406.087,232.137,355.526,174.417,0
5157,176.902,146.834,505.611,378.92,630.277,334.343,0
5158,69.9995,74.4226,197.442,587.809,144.719,615.562,0
5159,201.503,176.255,203.239,341.641,67.6324,404.625,0
5160,242.506,190.155,402.094,610.974,550.433,618.725,1
5161,120.799,158.051,284.432,698.321,311.385,818.491,0
5162,172.201,161.234,383.142,273.634,350.311,174.94,0
5163,242.506,205.692,488.339,264.872,374.458,173.555,1
5164,39.3,41.297,588.586,820.268,602.441,833.278,0
5165,208.904,267.495,379.658,587.313,312.418,818.067,0
5166,11.7,14.4035,256.491,197.887,251.114,184.538,0
5167,59.6997,63.3174,298.132,770.248,311.605,818.435,0
5168,113.399,116.134,540.076,668.864,613.34,613.07,0
5169,64.2996,83.461,531.498,766.872,611.082,755.254,0
5170,242.506,235.379,347.369,486.496,212.842,624.739,1
5171,69.8995,67.4109,600.117,362.017,630.327,334.245,0
5172,230.705,234.231,464.612,458.131,615.669,539.631,0
5173,74.4994,74.9634,547.746,742.914,611.903,753.22,0
5174,178.002,142.214,281.809,311.534,249.58,185.236,0
5175,242.506,183.612,391.45,633.975,550.091,616.058,1
5176,242.506,201.832,398.95,341.504,331.748,186.862,1
5177,78.7994,77.9458,178.64,559.034,139.944,611.151,0
5178,138.199,112.417,422.783,238.799,355.492,174.418,0
5179,242.506,181.844,465.939,276.342,365.974,175.289,1
5180,0,0,146.987,695.937,146.987,695.937,0
5181,153.4,182.408,325.581,333.679,251.086,184.643,0
5182,97.0991,118.67,296.11,280.182,250.195,184.983,0
5183,30.2001,37.4614,161.758,592.029,144.84,615.754,0
5184,33.7001,44.2923,598.525,711.089,612.21,752.505,0
5185,111.299,134.017,547.261,455.53,615.632,540.318,0
5186,147.9,189.544,532.491,308.523,647.942,197.601,0
5187,185.802,169.978,198.444,359.466,67.5554,404.758,0
5188,17.3,18.697,632.485,206.731,647.935,197.596,0
5189,242.506,260.592,356.569,473.941,209.311,626.633,1
5190,186.002,207.328,314.298,638.746,312.684,818.009,0
5191,153.8,101.728,515.626,626.253,613.379,613.268,0
5192,242.506,171.341,418.585,489.877,541.152,444.156,1
5193,163.401,179.416,503.06,202.169,647.719,191.772,0
5194,242.506,212.4,442.098,509.213,585.405,472.343,1
5195,122.699,130.612,212.765,530.102,140.01,611.097,0
5196,92.3992,88.9578,156.982,399.269,67.7551,404.952,0
5197,30.1001,40.2867,263.099,223.041,251.066,184.603,0
5198,82.9993,85.363,365.338,194.69,349.671,174.745,0
5199,242.506,193.834,329.728,561.019,187.999,622.811,1
5200,113.499,133.065,113.911,496.023,67.7073,405.477,0
5201,55.8997,61.5373,308.378,764.976,311.53,818.413,0
5202,242.506,192.38,408.715,523.981,536.118,443.855,1
5203,38.7,39.1181,162.156,662.806,149.448,693.33,0
5204,33.5001,34.8115,390.373,171.594,356.004,173.66,0
5205,163.701,138.667,162.6,473.464,139.587,611.203,0
5206,146.8,187.549,526.132,269.361,648.093,198.029,0
5207,28.2001,20.5457,265.217,199.87,253.015,183.683,0
5208,86.9992,114.737,352.359,712.043,312.768,818.011,0
5209,242.506,291.292,374.819,466.747,323.177,200.181,1
5210,49.5998,66.0361,188.37,652.125,149.749,693.156,0
5211,84.5993,84.9768,569.143,127.375,653.678,129.53,0
5212,67.4995,94.5837,572.773,244.036,648.03,197.947,0
5213,89.2992,123.311,265.46,726.379,152.699,701.845,0
5214,43.8999,53.0646,552.951,826.014,602.41,833.323,0
5215,242.506,265.077,352.367,418.378,331.631,183.935,1
5216,113.799,154.189,547.429,286.56,647.852,197.75,0
5217,156.4,161.928,501.396,131.355,653.583,129.68,0
5218,242.506,255.693,357.906,474.457,213.714,625.644,1
5219,27.4001,31.3051,614.318,350.171,630.346,334.053,0
5220,22.3,26.3611,381.329,180.483,355.744,174.216,0
5221,0,0,409.504,73.1012,409.416,73.2992,0
5222,133.799,140.128,244.871,654.186,144.646,616.295,0
5223,136.799,114.658,250.027,613.63,144.607,615.567,0
5224,11,10.8069,607.513,743.222,612.048,752.798,0
5225,242.506,232.154,345.483,489.356,213.069,625.377,1
5226,50.5998,53.5431,608.404,146.683,653.467,130.007,0
5227,53.9997,59.1539,597.321,696.601,612.491,751.901,0
5228,68.7995,86.739,527.27,766.324,611.138,755.111,0
5229,140.799,159.182,365.457,678.68,313.044,818.085,0
5230,56.4997,73.8197,587.892,479.157,615.632,540.389,0
5231,242.506,235.055,459.651,463.657,608.088,541.557,1
5232,18.2,22.2991,630.341,210.357,647.893,197.817,0
5233,8.5,8.87356,627.051,283.271,635.839,282.341,0
5234,88.8992,108.883,283.277,276.755,250.476,184.788,0
5235,233.405,283.18,275.158,496.534,139.87,611.114,0
5236,150.4,165.267,536.7,226.081,648.429,190.873,0
5237,242.506,196.715,456.859,429.78,600.529,334.093,1
5238,75.0994,72.2203,589.158,667.759,613.359,613.062,0
5239,242.506,240.425,367.023,394.901,347.053,176.876,1
5240,139.499,116.089,562.841,386.276,630.452,334.375,0
5241,79.8994,83.3538,571.354,125.494,653.607,129.586,0
5242,36.1,25.9745,588.438,618.036,613.295,613.05,0
5243,92.4992,92.1418,348.112,228.122,349.864,174.709,0
5244,242.506,275.137,325.299,452.738,104.596,404.252,1
5245,228.905,282.828,308.977,502.033,140.317,611.176,0
5246,153.6,154.743,338.284,294.776,349.241,174.491,0
5247,27.3001,33.0269,176.707,623.029,144.83,615.954,0
5248,77.9994,106.162,235.367,672.316,149.464,693.201,0
5249,242.506,246.042,347.922,563.604,157.006,618.427,1
5250,85.0993,85.8163,153.077,401.293,67.7154,405.601,0
5251,173.201,147.66,556.715,540.246,613.249,612.64,0
5252,170.901,118.227,457.642,156.817,356.142,173.23,0
5253,100.699,103.238,560.66,148.76,653.548,129.978,0
5254,242.506,298.345,313.889,484.007,139.868,610.518,1
5255,6.9,7.62908,647.604,135.268,653.881,131.102,0
5256,73.1995,70.9598,597.682,685.201,612.463,751.742,0
5257,242.506,234.396,485.01,481.631,611.418,541.041,1
5258,38.5,29.9613,592.971,626.03,613.261,613.108,0
5259,25.8001,29.8203,305.625,794.859,311.701,818.443,0
5260,242.506,191.061,464.917,473.739,591.849,487.953,1
5261,160.901,134.254,558.605,402.64,630.467,333.576,0
5262,0,0,616.906,758.26,616.906,758.26,0
5263,242.506,195.276,391.094,518.044,528.699,443.835,1
5264,242.506,232.66,349.153,579.931,156.189,618.143,1
5265,106.399,109.242,550.876,135.186,653.642,129.691,0
5266,242.506,167.285,443.784,281.159,363.063,175.884,1
5267,149,169.524,596.325,409.731,615.542,539.963,0
5268,159.801,148.694,353.63,300.785,349.553,174.563,0
5269,195.903,206.038,485.139,440.055,615.641,539.65,0
5270,201.703,189.01,379.063,310.634,350.364,174.908,0
5271,198.103,142.895,202.087,395.992,67.742,405.607,0
5272,111.399,101.902,186.806,535.91,139.553,611.224,0
5273,87.6992,114.746,337.913,707.583,312.399,818.117,0
5274,197.803,156.848,209.752,364.237,67.7096,404.804,0
5275,154.5,166.643,359.551,664.877,312.141,818.165,0
5276,63.7996,66.214,594.712,178.034,648.617,190.816,0
5277,18.8,22.4767,629.268,209.496,648.123,198.008,0
5278,128.299,169.583,532.048,289.455,647.868,197.734,0
5279,69.3995,74.8397,141.869,401.079,67.7352,405.474,0
5280,182.802,138.712,215.337,227.908,248.127,184.736,0
5281,16.8,21.6065,318.823,797.445,313.125,818.285,0
5282,217.004,176.511,205.924,350.493,67.5128,404.426,0
5283,242.506,137.755,462.419,640.852,581.841,618.124,1
5284,221.904,198.536,481.914,290.665,630.427,333.714,0
5285,109.799,134.422,528.761,734.294,611.183,755.169,0
5286,64.1996,83.9144,581.698,246.646,648.053,198.024,0
5287,38.1,46.8695,80.0366,441.007,67.5867,405.831,0
5288,233.705,177.795,243.579,347.504,248.922,185.037,0
5289,28.3001,31.676,599.329,783.031,606.504,811.434,0
5290,17.3,22.3584,316.139,796.247,312.745,817.955,0
5291,158.1,137.823,295.982,298.836,250.288,184.943,0
5292,242.506,290.742,449.902,514.996,534.869,617.139,1
5293,40.7999,44.698,592.093,819.119,602.476,833.34,0
5294,105.199,106.194,290.171,735.59,311.158,818.587,0
5295,62.4996,62.45,394.906,188.502,355.704,174.312,0
5296,7.3,7.96356,141.039,628.672,139.793,620.921,0
5297,16,18.9935,301.826,805.284,311.934,818.305,0
5298,242.506,189.972,468.156,370.772,615.523,333.802,1
5299,82.4993,83.654,543.314,600.868,613.256,613.008,0
5300,242.506,213.187,446.774,443.475,599.725,334.032,1
5301,25.8001,29.7837,622.043,203.435,647.591,197.136,0
5302,179.602,196.32,346.348,334.522,349.859,174.765,0
5303,206.403,159.309,502.95,187.296,356.122,173.439,0
5304,241.906,297.213,286.08,471.454,139.92,611.112,0
5305,242.506,89.459,558.635,182.167,563.814,182.083,1
5306,47.6998,60.575,273.271,787.705,311.697,818.394,0
5307,103.699,82.9163,414.754,210.71,355.899,174.093,0
5308,242.506,213.771,466.401,490.51,558.798,615.177,1
5309,231.705,213.45,395.368,324.254,349.452,174.645,0
5310,14.3,17.6858,373.27,173.179,355.968,173.848,0
5311,242.506,132.113,498.108,624.689,589.743,614.227,1
5312,203.603,161.421,555.444,529.949,613.301,612.397,0
5313,11.3,10.2801,600.878,755.337,611.125,755.179,0
5314,43.7999,52.8538,603.656,209.282,648.494,198.243,0
5315,164.101,144.784,335.41,290.165,349.392,174.498,0
5316,145.5,133.078,328.624,275.805,349.385,174.531,0
5317,124.999,152.737,317.227,688.099,312.384,818.105,0
5318,235.705,188.794,512.643,530.614,613.156,612.835,0
5319,175.802,141.376,423.101,268.064,355.612,174.355,0
5320,59.2997,72.0362,284.765,228.367,250.433,184.823,0
5321,33.3001,37.5788,573.965,755.768,611.273,754.733,0
5322,107.999,138.735,546.572,459.082,615.453,540.244,0
5323,166.001,184.844,514.818,222.951,647.6,192.014,0
5324,23.2001,22.237,591.725,610.449,613.282,613.17,0
5325,238.505,152.375,478.158,643.224,613.35,613.178,0
5326,70.0995,74.1398,115.167,440.761,67.641,404.894,0
5327,242.506,182.326,417.506,381.171,556.127,347.397,1
5328,242.506,201.913,298.631,551.184,163.192,619.01,1
5329,29.5001,29.3617,235.224,207.622,249.459,185.197,0
5330,15.3,19.5114,318.778,799.578,313.128,818.25,0
5331,36.4,34.5038,228.547,204.331,248.795,185,0
5332,98.7991,125.721,572.829,276.923,648.008,197.859,0
5333,134.499,109.518,167.836,383.038,67.8239,405.003,0
5334,141.599,106.642,162.987,415.722,67.8161,405.21,0
5335,86.9992,122.028,254.595,683.598,149.468,693.174,0
5336,199.303,190.373,489.961,414.439,630.43,334.444,0
5337,94.9991,108.932,117.918,474.25,67.7187,404.807,0
5338,99.0991,102.262,277.361,283.131,250.009,184.992,0
5339,55.0997,46.6727,112.072,412.794,67.6974,405.562,0
5340,109.999,109.17,558.291,154.991,653.456,130.008,0
5341,228.605,179.678,208.626,330.196,249.211,185.091,0
5342,134.299,162.922,289.605,687.412,149.674,693.158,0
5343,5.6,5.0767,310.942,813.261,312.707,818.02,0
5344,94.1991,89.8451,149.024,522.529,139.843,611.154,0
5345,233.905,151.383,504.859,678.801,613.304,613.082,0
5346,141.699,144.268,528.87,158.952,653.588,130.263,0
5347,172.001,142.353,496.05,338.174,630.449,333.819,0
5348,242.506,202.41,399.229,484.641,563.494,450.713,1
5349,129.899,119.164,557.665,386.329,630.363,334.364,0
5350,68.7995,67.66,586.318,125.22,653.491,129.841,0
5351,136.699,141.677,310.885,300.959,250.697,184.831,0
5352,177.802,130.214,163.036,436.165,67.5506,405.654,0
5353,203.503,136.579,224.219,310.793,248.856,184.826,0
5354,61.4996,62.197,597.738,171.886,647.575,191.942,0
5355,34.9,35.2768,583.857,820.244,602.356,833.344,0
5356,199.703,225.892,262.715,519.545,140.143,611.145,0
5357,181.502,151.072,494.856,329.806,630.511,333.647,0
5358,242.506,155.197,494.5,687.728,585.044,617.529,1
5359,214.804,179.032,482.14,570.395,613.303,613.186,0
5360,242.506,230.05,451.712,463.237,605.071,530.494,1
5361,242.506,184.681,399.255,644.799,551.775,618.675,1
5362,91.1992,94.9882,560.282,123.606,653.623,129.75,0
5363,98.9991,79.6326,433.089,178.552,355.802,174.196,0
5364,72.7995,92.113,566.777,484.658,615.644,540.243,0
5365,242.506,185.744,472.935,477.948,586.479,474.638,1
5366,242.506,237.811,268.506,437.551,71.7948,404.129,1
5367,53.5998,72.6899,216.145,731.938,152.568,701.761,0
5368,214.804,141.351,162.323,445.302,67.6569,405.475,0
5369,24.0001,24.8476,614.218,344.049,630.326,334.091,0
5370,242.506,213.466,462.964,424.508,623.679,334.396,1
5371,135.499,105.748,216.041,256.252,248.629,184.873,0
5372,242.506,158.096,430.532,634.45,556.547,613.436,1
5373,87.2992,104.763,282.301,280.915,250.311,184.872,0
5374,54.8997,66.4926,411.097,143.783,405.864,78.1448,0
5375,200.403,131.021,453.474,142.074,355.484,174.402,0
5376,153.2,169.44,234.861,509.47,140.245,611.195,0
5377,136.799,158.008,522.736,209.797,648.308,190.889,0
5378,15.8,17.7446,151.01,675.649,149.775,693.182,0
5379,90.1992,84.6792,578.352,672.659,613.333,613.104,0
5380,148.4,162.943,528.393,438.362,615.698,540.467,0
5381,93.1992,80.5612,589.646,677.193,612.411,751.93,0
5382,28.3001,21.0021,264.408,200.626,252.485,183.993,0
5383,18.1,24.573,629.082,130.965,653.468,130.029,0
5384,105.999,136.942,263.716,674.995,149.516,693.239,0
5385,89.3992,98.8603,211.168,572.731,144.748,615.6,0
5386,131.699,132.127,249.659,308.066,249.448,185.181,0
5387,72.6995,70.7402,282.518,773.489,310.438,818.873,0
5388,211.404,263.813,333.986,392.993,251.25,184.514,0
5389,205.203,157.784,183.622,300.445,248.133,184.705,0
5390,234.305,141.528,200.577,412.029,67.8076,405.333,0
5391,223.004,193.302,473.001,307.351,630.398,333.783,0
5392,76.0994,76.8459,283.157,767.702,310.683,818.808,0
5393,233.305,192.864,237.234,352.775,251.441,184.507,0
5394,26.7001,32.0204,318.149,786.358,312.716,818.022,0
5395,242.506,225.154,330.786,561.716,158.516,618.099,1
5396,71.6995,72.9482,592.569,367.478,630.305,333.924,0
5397,219.904,174.07,167.417,303.019,248.754,184.924,0
5398,9.1,10.9274,637.661,187.555,647.882,191.42,0
5399,117.599,99.5357,418.463,225.924,355.809,174.233,0
5400,37.5,35.3366,227.166,201.615,248.623,184.895,0
5401,69.3995,76.922,220.608,627.452,144.765,615.978,0
5402,35.1,37.1319,137.186,659.804,149.383,693.274,0
5403,242.506,103.37,127.983,538.154,125.03,537.502,1
5404,242.506,228.295,293.633,424.669,97.9499,404.912,1
5405,23.4001,29.4987,621.095,208.768,648.043,197.982,0
5406,137.899,126.237,269.079,638.576,144.658,615.623,0
5407,81.5993,85.1125,204.752,582.111,144.698,615.637,0
5408,197.803,173.097,247.475,572.877,144.841,615.88,0
5409,159.501,148.208,239.109,321.269,249.519,185.243,0
5410,118.799,122.026,556.667,168.433,653.557,130.216,0
5411,242.506,136.656,453.924,638.303,567.972,617.444,1
5412,40.6,55.1511,564.893,800.201,606.295,812.026,0
5413,91.9992,92.0391,573.799,292.314,630.45,333.753,0
5414,63.0996,80.7871,539.433,778.016,611.089,755.364,0
5415,90.7992,88.3779,178.217,544.237,140.204,611.231,0
5416,81.7993,101.203,94.9691,473.041,67.6455,405.512,0
5417,28.4001,35.4012,617.789,214.872,648.446,198.219,0
5418,193.003,163.879,238.555,572.601,144.654,615.607,0
5419,140.799,141.931,273.016,649.193,144.75,616.227,0
5420,49.4998,45.7441,258.373,229.549,250.35,184.943,0
5421,7.2,6.83758,74.3773,402.982,67.7986,405.219,0
5422,242.506,179.406,246.638,349.911,249.156,188.213,1
5423,233.105,171.391,290.739,603.092,144.749,615.596,0
5424,83.9993,94.6266,273.007,275.494,250.197,185.001,0
5425,111.799,120.601,238.532,653.883,144.836,616.154,0
5426,194.303,223.569,331.581,373.674,250.152,185.022,0
5427,242.506,189.636,476.643,483.652,586.48,477.087,1
5428,88.7992,97.7119,275.53,279.215,249.666,185.23,0
5429,25.1001,28.9016,316.859,790.024,312.805,818.053,0
5430,164.801,189.728,312.245,330.845,251.085,184.587,0
5431,63.2996,78.6808,214.749,678.654,149.37,693.374,0
5432,122.899,124.375,252.872,300.833,249.746,185.139,0
5433,47.1999,29.4305,592.635,626.791,613.228,612.904,0
5434,199.003,132.677,508.757,661.636,613.316,613.128,0
5435,24.9001,30.2895,601.722,566.412,616.161,541.65,0
5436,0,0,312.811,825.24,312.811,825.24,0
5437,242.506,123.801,529.544,572.623,591.055,613.962,1
5438,207.303,138.829,222.089,307.513,248.875,185.028,0
5439,242.506,184.89,328.548,578.147,179.591,621.253,1
5440,242.506,189.655,442.895,585.423,552.492,618.689,1
5441,242.506,210.658,397.188,336.803,343.892,180.854,1
5442,242.506,193.248,475.177,481.412,586.575,483.243,1
5443,231.905,206.469,295.766,360.908,250.648,184.764,0
5444,242.506,190.552,285.411,562.653,145.021,615.373,1
5445,242.506,228.219,346.957,540.515,190.119,622.947,1
5446,98.3991,84.8389,604.576,696.242,612.358,751.938,0
5447,123.999,108.667,557.478,305.831,630.435,333.701,0
5448,97.5991,89.7521,156.619,540.185,139.655,611.137,0
5449,242.506,221.282,417.88,566.847,547.919,617.017,1
5450,139.499,93.9651,521.707,610.712,613.304,612.551,0
5451,155.4,168.659,186.517,520.569,140.308,611.175,0
5452,219.304,161.318,559.3,526.834,613.361,612.44,0
5453,242.506,197.337,448.273,487.654,584.807,478.881,1
5454,158.3,192.543,526.66,501.03,615.653,540.488,0
5455,76.5994,86.6189,316.907,741.747,311.741,818.395,0
5456,242.506,251.868,308.048,423.726,93.963,406.411,1
5457,242.506,270.242,359.696,451.406,319.921,194.21,1
5458,47.6998,35.4056,247.517,219.482,249.222,185.079,0
5459,242.506,168.729,213.85,445.967,84.9807,405.699,1
5460,113.999,92.8792,445.13,181.394,355.975,173.738,0
5461,35.8,41.6454,179.758,674.611,149.942,693.235,0
5462,24.9001,31.9092,175.482,622.517,144.797,615.81,0
5463,19.2,21.3424,603.465,557.839,616.396,542.342,0
5464,1.4,0.663687,654.194,199.043,653.984,198.414,0
5465,193.803,140.601,216.057,226.667,248.722,184.876,0
5466,107.099,100.989,161.296,388.602,67.7291,404.887,0
5467,106.699,135.985,512.288,717.626,611.807,753.29,0
5468,242.506,170.077,507.383,541.638,606.253,612.745,1
5469,89.4992,93.0287,230.786,275.013,249.224,185.063,0
5470,169.701,154.914,236.121,328.519,249.776,185.11,0
5471,65.5996,61.199,299.745,769.083,311.089,818.556,0
5472,242.106,169.053,216.413,230.771,248.147,184.655,0
5473,108.499,134.742,554.299,178.607,647.883,191.404,0
5474,213.304,246.732,283.505,513.392,140.198,611.21,0
5475,141.899,138.13,315.09,288.517,250.405,184.886,0
5476,158.2,159.54,495.416,115.403,653.619,130.44,0
5477,14,13.8512,639.12,208.117,648.403,198.126,0
5478,0,0,139.333,614.781,139.333,614.781,0
5479,122.099,107.836,245.974,619.11,144.733,615.584,0
5480,93.0992,98.1471,274.069,278.687,249.561,185.171,0
5481,43.8999,46.0297,572.918,594.301,613.268,612.424,0
5482,207.503,141.095,270.212,605.334,144.68,615.582,0
5483,242.506,211.22,270.506,432.446,92.0099,404.793,1
5484,19.3,24.1898,83.6886,419.64,67.5321,405.833,0
5485,128.999,119.446,354.263,258.711,349.297,174.544,0
5486,213.004,183.656,478.015,391.286,630.26,334.103,0
5487,63.2996,61.4116,268.022,242.95,249.802,185.115,0
5488,13,16.2642,371.205,179.295,356.077,173.443,0
5489,172.401,149.407,291.919,301.543,250.433,184.823,0
5490,140.199,118.015,260.807,633.094,144.788,615.77,0
5491,68.3995,91.6748,337.07,730.24,312.954,818.151,0
5492,222.604,298.154,387.529,569.366,312.669,817.953,0
5493,61.9996,67.3498,599.079,151.864,653.555,130.06,0
5494,39.2,53.2474,310.635,772.072,311.983,818.294,0
5495,116.699,135.045,111.449,495.01,67.68,405.504,0
5496,23.8001,28.4572,411.32,106.053,405.681,78.1463,0
5497,162.001,153.998,238.751,326.303,249.467,185.217,0
5498,242.506,167.983,428.072,419.324,530.686,354.923,1
5499,242.506,125.808,497.655,634.746,573.037,617.041,1
5500,242.506,189.034,432.345,492.952,575.386,450.666,1
5501,194.803,211.148,369.643,628.498,312.371,818.062,0
5502,152,115.759,173.581,375.942,67.742,405.28,0
5503,242.506,216.24,386.952,340.715,348.57,177.609,1
5504,30.0001,36.0209,587.446,528.891,615.553,539.586,0
5505,183.202,123.907,192.832,390.743,67.8061,405.109,0
5506,150.6,151.672,351.359,302.812,349.387,174.482,0
5507,45.6999,53.0084,573.423,789.116,606.357,811.629,0
5508,96.7991,122.617,350.334,702.927,312.713,818.087,0
5509,53.0998,55.7784,139.822,559.116,139.939,611.143,0
5510,146,129.156,282.1,297.422,250.129,184.96,0
5511,64.8996,84.5775,566.826,492.96,615.664,540.322,0
5512,197.903,221.249,604.6,393.411,615.654,539.639,0
5513,242.506,253.817,285.942,464.519,102.344,406.255,1
5514,197.103,215.926,473.576,439.77,615.602,540.273,0
5515,192.903,210.265,480.02,436.471,615.599,540.337,0
5516,22.2,21.4792,602.8,557.313,616.469,542.471,0
5517,242.506,252.032,340.123,387.74,342.172,179.32,1
5518,242.506,203.797,341.96,564.287,185.886,623.046,1
5519,103.999,104.905,235.371,607.411,144.649,615.651,0
5520,211.304,229.897,276.863,521.796,140.328,611.236,0
5521,197.303,165.483,303.768,627.452,144.783,616.102,0
5522,228.505,202.685,479.622,316.198,630.409,333.797,0
5523,94.3991,114.648,566.525,175.076,653.533,130.17,0
5524,118.599,114.998,237.628,744.354,152.811,701.781,0
5525,242.506,171.415,399.727,643.379,553.3,616.262,1
5526,82.1993,82.6543,149.886,400.961,67.6681,404.95,0
5527,24.2001,28.9676,322.071,181.279,349.166,174.378,0
5528,71.6995,75.0554,578.331,131.351,653.561,129.976,0
5529,51.5998,61.7249,554.525,749.972,611.978,752.982,0
5530,156.8,201.725,516.591,264.483,648.117,198.05,0
5531,16.5,17.4286,613.402,330.622,630.355,334.117,0
5532,175.402,196.223,321.007,343.421,250.407,184.935,0
5533,125.799,123.791,175.092,258.559,248.06,184.673,0
5534,8.8,9.26439,303.645,814.181,311.697,818.38,0
5535,101.099,80.9153,417.873,206.968,356.253,173.225,0
5536,242.506,182.83,400.017,631.51,552.152,618.023,1
5537,209.804,139.461,481.778,153.022,356.198,173.287,0
5538,75.5994,99.3996,337.541,721.911,312.35,818.104,0
5539,196.103,156.599,471.647,613.3,613.336,612.487,0
5540,207.203,187.077,387.262,301.943,350.137,174.807,0
5541,48.7998,59.1692,313.01,766.525,311.207,818.555,0
5542,240.505,156.457,479.697,645.08,613.416,613.25,0
5543,61.2996,82.8472,223.76,736.328,152.561,701.818,0
5544,94.5991,117.796,592.908,268.522,647.986,197.749,0
5545,1.9,1.06013,610.875,757.631,611.871,757.269,0
5546,116.199,98.7038,373.856,206.805,355.56,174.341,0
5547,101.799,110.701,212.872,652.691,144.828,616.215,0
5548,242.506,203.731,477.681,423.397,624.485,333.962,1
5549,38.1,48.1585,582.068,336.448,630.305,334.105,0
5550,228.505,200.612,402.716,303.105,355.318,174.52,0
5551,45.6999,55.1158,118.299,574.166,139.942,611.094,0
5552,242.506,161.549,219.087,431.226,87.0941,405.579,1
5553,204.003,190.036,220.607,474.972,139.586,611.161,0
5554,75.2994,73.9778,264.314,257.157,249.882,185.113,0
5555,127.799,119.129,261.194,633.329,144.709,616.254,0
5556,242.506,145.342,425.16,394.661,533.698,352.719,1
5557,86.9992,88.7687,188.116,565.809,140.349,611.26,0
5558,216.504,159.254,492.813,157.038,356.193,173.339,0
5559,18.2,19.0521,613.613,338.216,630.451,333.765,0
5560,92.9992,90.5679,161.687,536.702,139.89,611.147,0
5561,73.5994,74.5467,422.548,152.283,356.133,173.47,0
5562,242.506,160.728,324.345,613.52,170.566,619.18,1
5563,8.2,8.73443,255.459,192.12,252.78,183.831,0
5564,40.7,40.126,224.079,210.576,248.335,184.767,0
5565,79.8994,77.3258,583.613,672.053,613.287,613.104,0
5566,68.9995,74.3734,554.736,731.957,611.907,753.116,0
5567,156.6,108.22,517.799,631.728,613.328,613.213,0
5568,162.601,103.964,427.604,135.58,405.851,78.1409,0
5569,242.506,102.374,129.298,538.964,124.694,538.329,1
5570,176.002,156.542,228.992,572.035,144.739,615.61,0
5571,60.1997,58.8575,555.386,618.185,613.32,613.198,0
5572,197.303,243.898,313.712,371.522,250.6,184.785,0
5573,1,0.351322,147.676,693.558,147.796,693.888,0
5574,134.499,108.217,446.415,195.281,356.15,173.263,0
5575,158.4,176.266,535.396,421.298,615.553,539.725,0
5576,242.506,187.026,471.759,382.464,622.677,333.668,1
5577,36.9,47.3128,597.838,503.523,615.863,540.827,0
5578,242.506,212.705,456.796,432.773,616.917,334.294,1
5579,242.506,87.1386,304.528,398.952,307.14,389.966,1
5580,215.204,252.002,293.562,525.291,139.487,611.15,0
5581,242.506,209.876,406.801,317.666,365.753,176.097,1
5582,180.502,192.249,524.598,455.476,615.551,539.728,0
5583,242.506,169.74,422.233,656.032,554.772,615.347,1
5584,210.204,274.662,378.726,579.344,312.276,818.07,0
5585,242.506,197.818,403.956,490.107,549.153,453.844,1
5586,104.799,122.73,572.103,431.834,615.487,540.014,0
5587,131.299,115.926,467.911,178.255,356.234,173.314,0
5588,144,179.654,419.925,711.868,313.28,818.198,0
5589,242.506,181.164,405.047,639.228,554.184,619.958,1
5590,242.506,198.194,401.502,614.495,551.652,619.41,1
5591,185.402,176.369,224.185,492.539,139.754,611.1,0
5592,154.3,162.714,192.108,520.522,140.215,611.162,0
5593,242.506,198.147,266.679,365.65,248.822,195.26,1
5594,23.6001,29.8497,593.666,527.689,615.602,539.639,0
5595,6,5.8216,147.873,687.635,149.652,693.174,0
5596,242.506,211.92,322.329,510.355,207.066,624.57,1
5597,188.502,159.453,501.799,389.225,630.467,334.578,0
5598,242.506,190.749,424.525,316.775,370.46,175.83,1
5599,242.506,235.654,363.112,417.058,321.122,190.253,1
5600,242.506,232.996,307.424,377.605,250.171,189.255,1
5601,24.9001,28.3656,94.2172,398.215,67.7297,404.831,0
5602,242.506,184.645,473.411,385.834,625.21,333.479,1
5603,0,0,140.562,618.164,140.562,618.164,0
5604,176.202,165.779,498.896,366.418,630.395,334.475,0
5605,52.5998,47.9895,590.236,643.158,613.334,613.209,0
5606,242.506,182.526,460.703,389.995,601.279,335.015,1
5607,134.099,153.003,314.602,688.2,312.196,818.158,0
5608,177.502,193.838,367.45,644.405,312.253,818.138,0
5609,196.103,137.985,172.15,437.178,67.6756,405.51,0
5610,200.303,142.777,467.613,212.13,356.05,173.503,0
5611,15,19.4348,598.63,738.52,612.17,752.398,0
5612,171.001,187.887,612.437,402.014,615.56,539.654,0
5613,161.601,130.452,160.669,482.49,140.064,611.093,0
5614,162.301,165.302,489.415,118.032,653.541,130.176,0
5615,39.7,30.6099,590.846,624.207,613.359,613.293,0
5616,84.8993,81.2538,426.977,148.453,356.066,173.424,0
5617,152.8,133.818,298.075,296.548,250.518,184.804,0
5618,17.6,18.7363,596.527,605.268,613.178,612.594,0
5619,242.506,228.632,358.072,520.47,212.442,625.354,1
5620,163.601,146.727,176.66,480.593,140.318,611.224,0
5621,39.1,25.5835,271.338,199.719,252.609,184.034,0
5622,6.5,5.90948,607.661,614.528,613.264,613.214,0
5623,34.2001,36.6171,565.536,835.159,602.361,833.338,0
5624,84.0993,93.0353,228.739,274.352,249.581,185.221,0
5625,38.9,34.712,236.491,216.516,249.258,185.187,0
5626,169.701,133.636,523.537,572.18,613.251,612.584,0
5627,231.905,175.883,220.871,347.213,67.664,404.906,0
5628,2.5,1.66527,634.376,282.921,635.947,282.368,0
5629,194.903,138.172,169.49,438.415,67.6913,405.617,0
5630,27.2001,29.752,612.643,272.301,636.059,282.566,0
5631,27.6001,33.1528,318.061,786.052,312.663,818.034,0
5632,151.9,172.6,513.361,210.627,648.066,190.977,0
5633,80.0993,84.6158,150.694,395.817,67.6979,404.924,0
5634,96.8991,100.136,213.886,267.02,248.232,184.727,0
5635,87.1992,76.9648,601.132,681.749,612.475,751.704,0
5636,11.6,10.075,609.88,549.053,616.663,543.025,0
5637,242.506,275.746,323.137,485.3,141.688,580.201,1
5638,242.506,195.417,435.407,591.64,554.914,614.701,1
5639,38.3,41.0355,120.25,586.734,139.835,611.131,0
5640,35.1,45.3616,597.856,505.371,615.667,539.56,0
5641,155.6,136.086,284.597,303.678,249.54,185.239,0
5642,242.506,192.659,438.104,592.648,554.2,613.646,1
5643,151.5,179.872,408.275,696.732,312.967,818.09,0
5644,151.3,113.339,139.747,513.99,139.467,611.275,0
5645,20,25.1789,261.291,207.404,251.493,184.402,0
5646,242.506,225.291,424.373,566.135,545.306,616.625,1
5647,242.506,196.327,403.595,459.699,529.013,356.184,1
5648,143.9,184.567,528.63,268.213,648.099,198.017,0
5649,85.9993,118.28,262.713,731.033,152.644,701.834,0
5650,14.6,18.7698,259.418,201.293,252.528,184.039,0
5651,106.499,119.122,216.45,666.291,144.695,616.298,0
5652,109.599,93.9215,159.02,544.202,139.699,611.132,0
5653,118.199,131.806,307.121,291.47,250.759,184.746,0
5654,21.5,22.8734,406.064,100.624,405.727,78.1732,0
5655,34.8,38.2281,616.218,135.027,653.538,130.047,0
5656,204.103,257.323,329.898,391.293,251.077,184.613,0
5657,114.399,106.874,191.682,534.64,140.185,611.172,0
5658,94.3991,87.9555,576.502,673.571,613.315,613.074,0
5659,242.506,252.096,377.161,424.606,322.699,196.797,1
5660,91.1992,84.3039,530.46,618.541,613.309,613.064,0
5661,49.4998,66.2677,589.639,486.289,615.733,540.739,0
5662,188.402,141.543,515.24,382.183,630.479,333.65,0
5663,184.302,237.069,345.788,375.811,251.144,184.633,0
5664,214.604,207.5,247.934,414.467,67.7077,404.786,0
5665,54.0997,70.3719,589.926,481.879,615.777,540.721,0
5666,72.1995,101.361,249.833,731.197,153.694,700.295,0
5667,106.099,101.304,221.189,281.74,248.305,184.827,0
5668,62.9996,64.9957,263.203,246.037,250.574,184.767,0
5669,98.8991,81.6183,605.728,678.307,611.969,752.971,0
5670,242.506,264.133,358.739,451.84,320.716,197.804,1
5671,39.3,47.7035,191.483,623.326,144.649,615.63,0
5672,154.5,176.009,513.479,201.575,648.464,190.905,0
5673,56.2997,62.5923,344.126,196.957,349.769,174.66,0
5674,101.999,84.7112,433.023,186.644,356.221,173.29,0
5675,53.7998,50.2816,234.254,232.035,249.111,185.086,0
5676,30.6001,35.8782,618.164,132.947,653.453,130.028,0
5677,242.506,203.93,461.527,424.418,614.262,334.619,1
5678,44.5999,35.3836,235.281,217.593,248.972,185.037,0
5679,95.9991,109.515,229.721,755.85,152.678,701.807,0
5680,57.3997,74.6567,544.87,777.025,611.087,755.117,0
5681,78.7994,106.451,561.134,199.586,647.702,191.666,0
5682,107.399,110.675,556.206,153.863,653.557,130.007,0
5683,189.502,138.21,523.235,655.427,613.346,612.5,0
5684,55.2997,70.5147,594.214,194.164,647.826,197.465,0
5685,67.8995,83.2387,274.054,263.044,250.279,184.871,0
5686,38.6,50.95,599.488,703.742,612.188,752.354,0
5687,58.1997,66.7316,597.485,366.651,630.291,334.146,0
5688,242.506,194.179,302.568,552.502,165.137,618.53,1
5689,89.7992,115.864,357.416,713.903,312.699,818.085,0
5690,127.399,103.154,170.206,397.067,67.7145,405.588,0
5691,242.506,168.164,429.826,390.028,557.763,345.692,1
5692,9.1,10.5552,77.3838,409.747,67.4051,406.315,0
5693,242.506,123.439,455.967,638.73,563.186,617.976,1
5694,123.999,153.974,342.572,672.117,312.899,818.018,0
5695,39.7,48.7848,582.065,336.759,630.253,334.06,0
5696,28.1001,30.4295,386.007,177.65,356.227,173.291,0
5697,242.506,139.899,438.481,635.304,557.583,617.644,1
5698,170.201,128.878,421.843,256.347,355.8,174.275,0
5699,235.705,193.219,463.393,272.719,355.127,174.631,0
5700,183.802,195.719,312.578,340.041,250.366,184.925,0
5701,22.4,26.8034,262.286,208.533,252.21,184.147,0
5702,85.8993,113.611,323.021,713.538,312.457,818.081,0
5703,184.402,195.496,526.813,458.28,615.54,540.103,0
5704,17.8,20.103,150.314,673.229,149.678,693.199,0
5705,118.299,106.708,163.03,382.045,67.72,404.931,0
5706,233.605,179.04,233.938,374.973,67.744,404.908,0
5707,151.5,164.56,215.715,498.168,140.594,611.266,0
5708,123.599,103.842,209.14,263.941,248.794,185.043,0
5709,212.104,158.834,539.963,539.224,613.358,612.409,0
5710,202.003,141.645,205.821,405.936,67.6852,405.552,0
5711,0,0,648.093,192.497,648.093,192.497,0
5712,165.601,174.931,375.808,669.468,313.124,818.099,0
5713,32.1001,35.3823,567.832,833.244,602.467,833.261,0
5714,94.2991,90.7027,554.787,711.565,612.047,752.778,0
5715,242.506,133.1,498.336,620.138,588.381,616.806,1
5716,48.4998,38.258,280.277,210.677,252.742,183.797,0
5717,242.506,148.898,497.99,624.47,609.401,613.142,1
5718,154.8,144.861,180.72,351.386,67.8018,405.195,0
5719,62.7996,69.8029,317.805,220.789,349.588,174.547,0
5720,195.103,145.393,561.683,554.941,613.261,612.448,0
5721,242.506,153.84,319.512,623.575,167.982,618.665,1
5722,242.506,145.478,484.831,676.712,583.95,617.785,1
5723,175.402,157.718,353.621,310.626,349.305,174.52,0
5724,242.506,211.107,447.423,569.24,551.144,618.718,1
5725,242.506,26.6886,603.209,284.442,609.352,284.186,1
5726,101.599,77.3935,598.605,354.217,630.408,334.455,0
5727,242.506,159.376,443.612,678.052,555.578,614.671,1
5728,20.1,24.404,616.463,276.61,635.987,282.41,0
5729,70.8995,95.0997,336.802,726.725,312.327,818.131,0
5730,155.8,154.808,594.345,388.468,630.436,334.403,0
5731,42.0999,52.6506,595.22,702.879,612.334,752.256,0
5732,164.001,126.314,191.528,402.619,67.6562,405.648,0
5733,180.302,204.29,367.142,350.652,349.131,174.379,0
5734,239.405,186.097,439.967,308.665,355.791,174.253,0
5735,29.0001,36.244,605.875,574.205,616.235,541.894,0
5736,80.7993,105.533,324.957,719.573,312.214,818.193,0
5737,106.199,100.098,565.424,684.463,612.171,752.484,0
5738,40.3,43.1384,574.693,768.898,611.231,754.778,0
5739,23.6001,28.3635,140.472,648.862,139.933,620.828,0
5740,157.5,142.586,200.779,372.627,67.7767,404.972,0
5741,162.301,136.926,515.643,384.407,630.386,334.393,0
5742,199.003,138.817,162.732,444.029,67.6668,405.522,0
5743,16.2,18.7876,372.291,182.296,355.421,174.492,0
5744,136.999,100.313,163.859,410.445,67.7457,405.47,0
5745,163.301,169.251,285.271,673.697,144.751,616.135,0
5746,199.603,191.059,344.802,334.717,349.881,174.72,0
5747,181.702,169.366,473.783,572.398,613.3,612.419,0
5748,242.506,120.704,452.52,639.043,558.992,617.021,1
5749,147.3,130.366,281.506,303.484,249.941,185.082,0
5750,242.506,160.861,322.016,612.242,173.545,619.735,1
5751,62.5996,82.85,322.369,741.633,312.331,818.086,0
5752,51.7998,62.4354,595.254,229.318,648.358,198.228,0
5753,24.1001,29.0166,284.458,810.451,311.766,818.367,0
5754,154.2,127.479,524.166,376.968,630.407,334.514,0
5755,185.602,142.993,516.32,391.387,630.271,334.219,0
5756,120.499,128.506,306.889,278.81,250.223,184.969,0
5757,242.506,234.792,288.397,395.671,251.105,187.477,1
5758,140.299,114.457,519.075,588.824,613.35,612.498,0
5759,196.003,164.708,496.81,365.157,630.352,334.389,0
5760,70.0995,72.2787,283.777,771.749,310.772,818.762,0
5761,154.9,172.953,541.589,237.05,647.742,191.833,0
5762,242.506,128.317,448.011,637.579,558.925,617.63,1
5763,96.3991,88.7454,573.712,673.585,613.32,613.08,0
5764,220.804,271.513,296.055,495.811,140.108,611.059,0
5765,13.3,15.0455,147.61,678.568,149.575,693.266,0
5766,242.506,200.016,317.361,545.802,182.401,621.22,1
5767,108.199,89.5272,526.013,609.8,613.296,612.476,0
5768,242.506,277.022,378.515,454.916,320.411,199.497,1
5769,73.3995,77.358,190.407,209.891,249.064,185.126,0
5770,217.504,177.917,293.383,337.43,250.405,184.926,0
5771,242.506,200.998,239.276,449.515,91.1137,404.872,1
5772,85.6993,88.1856,246.773,778.769,310.511,818.936,0
5773,242.506,202.523,88.3091,454.288,89.2959,459.941,1
5774,192.203,201.316,372.236,638.089,312.986,818.09,0
5775,242.506,205.788,443.574,324.504,359.422,176.236,1
5776,43.2999,56.1202,595.521,494.7,615.596,540.248,0
5777,242.506,180.536,419.521,490.739,557.321,451.704,1
5778,140.499,131.14,299.842,292.706,249.846,185.091,0
5779,156.3,131.984,212.249,309.129,248.745,184.927,0
5780,61.5996,62.5166,591.707,127.333,653.652,129.739,0
5781,242.506,265.715,310.795,460.061,100.82,406.372,1
5782,127.199,124.304,544.458,674.906,613.355,613.077,0
5783,207.303,188.815,532.839,427.396,630.489,334.667,0
5784,242.506,229.609,275.945,423.539,79.2227,404.843,1
5785,234.505,168.694,281.538,584.218,144.72,616.426,0
5786,12.4,10.4541,260.836,189.975,253.22,183.396,0
5787,129.899,116.59,404.142,238.649,355.512,174.439,0
5788,242.506,184.297,428.524,429.686,554.093,347.827,1
5789,242.506,196.169,459.092,384.117,618.648,334.822,1
5790,29.6001,30.1084,408.479,107.444,405.938,78.1354,0
5791,242.506,158.33,507.739,687.163,603.293,613.059,1
5792,106.299,129.848,552.419,453.175,615.643,540.253,0
5793,200.203,153.987,191.578,315.601,248.267,184.81,0
5794,239.105,233.185,478.57,344.408,630.456,333.617,0
5795,242.506,164.24,315.41,620.464,164.387,618.22,1
5796,27.4001,33.2972,605.244,571.054,616.74,543.12,0
5797,158.4,180.742,334.136,649.755,311.975,818.21,0
5798,206.703,193.887,215.233,467.754,139.296,611.335,0
5799,79.4994,68.2912,413.425,194.777,355.825,174.313,0
5800,2.5,1.66343,646.473,198.583,647.909,197.745,0
5801,135.599,143.049,212.676,519.272,140.202,611.219,0
5802,45.5999,40.9157,575.042,621.943,613.28,612.523,0
5803,83.4993,77.8685,429.227,178.654,355.622,174.33,0
5804,29.2001,37.5451,615.586,188.086,647.925,191.33,0
5805,13.8,17.598,170.07,706.714,153.534,700.695,0
5806,208.604,196.695,380.525,321.085,350.172,174.759,0
5807,242.506,201.139,460.238,332.5,372.547,175.101,1
5808,242.506,134.699,463.395,641.442,559.065,619.564,1
5809,126.999,105.078,171.24,391.772,67.6594,404.865,0
5810,146.1,126.334,509.987,339.013,630.402,333.821,0
5811,242.506,208.809,391.468,339.774,343.238,182.26,1
5812,95.5991,125.075,561.507,215.844,648.043,197.886,0
5813,23.1001,26.1645,328.933,188.149,350.118,174.814,0
5814,242.506,193.25,467.06,363.45,608.289,334.026,1
5815,227.605,166.342,532.442,536.127,613.322,613.191,0
5816,140.699,98.9154,522.63,624.726,613.221,612.894,0
5817,36.8,41.932,612.247,132.708,653.566,129.96,0
5818,119.099,105.383,405.039,229.498,355.449,174.435,0
5819,126.899,113.246,525.81,336.887,630.49,333.491,0
5820,211.504,173.555,269.891,340.624,250.557,184.821,0
5821,83.2993,84.8457,569.482,127.928,653.556,129.967,0
5822,88.7992,88.5999,556.25,710.576,612.033,753.052,0
5823,78.3994,84.274,149.717,529.086,139.535,611.236,0
5824,242.506,201.4,474.6,424.008,618.95,333.914,1
5825,114.899,105.642,232.001,606.84,144.66,615.664,0
5826,242.506,214.402,401.097,345.322,324.243,197.69,1
5827,242.506,130.983,503.097,626.528,576.484,617.732,1
5828,95.3991,79.1109,600.646,679.363,612.649,751.685,0
5829,42.2999,55.2631,608.013,367.469,630.257,334.062,0
5830,238.105,229.242,481.709,345.128,630.419,333.718,0
5831,242.506,184.245,425.319,490.864,561.346,451.116,1
5832,185.402,123.261,479.754,179.885,355.88,173.912,0
5833,15.5,16.9294,601.398,535.166,615.597,539.605,0
5834,178.402,211.419,512.626,510.019,615.617,540.343,0
5835,89.7992,100.344,276.47,281.24,250.345,184.915,0
5836,242.506,201.968,265.208,368.4,248.866,193.714,1
5837,71.4995,83.3244,532.51,610.138,613.241,612.571,0
5838,242.506,230.474,454.503,476.096,602.252,522.368,1
5839,191.102,188.377,200.199,464.567,139.476,611.214,0
5840,26.4001,30.0504,87.7533,423.736,67.5871,405.666,0
5841,242.506,179.676,575.738,544.482,578.106,545.611,1
5842,197.203,150.684,191.505,315.147,248.929,185.007,0
5843,242.506,219.924,246.642,462.736,90.2588,404.197,1
5844,157.4,132.566,552.451,554.676,613.291,612.454,0
5845,129.699,135.672,303.546,294.406,250.935,184.717,0
5846,72.8995,99.6053,236.249,684.459,149.567,693.236,0
5847,231.705,151.433,504.983,678.773,613.177,612.852,0
5848,50.7998,40.7691,254.453,225.076,249.873,185.074,0
5849,129.199,128.266,212.473,531.701,140.174,611.232,0
5850,242.506,199.316,454.834,422.378,599.968,334.856,1
5851,89.3992,82.1071,555.162,333.105,630.381,333.816,0
5852,242.506,214.236,239.412,444.535,79.7301,406.278,1
5853,71.4995,78.3471,333.802,234.275,349.78,174.698,0
5854,142.7,161.381,342.091,664.474,313.223,818.198,0
5855,86.4993,92.4054,267.442,274.622,249.5,185.194,0
5856,242.506,187.819,451.901,415.662,583.419,338.093,1
5857,131.599,144.438,315.615,297.09,250.986,184.55,0
5858,3.8,3.32292,633.882,286.045,637.071,285.111,0
5859,172.401,151.161,504.307,375.912,630.366,334.433,0
5860,242.506,298.442,312.492,472.692,139.981,602.669,1
5861,53.7998,70.8724,206.818,695.647,153.689,700.527,0
5862,160.801,171.349,356.735,658.867,313.066,818.085,0
5863,242.506,228.166,325.343,499.837,206.179,625.024,1
5864,207.203,218.346,478.36,431.885,615.53,539.782,0
5865,44.2999,57.6811,325.724,214.338,349.657,174.607,0
5866,242.506,128.901,462.18,664.971,559.915,616.897,1
5867,74.1994,79.1841,115.859,444.7,67.7245,405.57,0
5868,62.5996,74.5327,541.13,761.549,611.142,754.994,0
5869,36.3,48.7935,618.73,253.074,636.052,282.555,0
5870,127.299,161.074,402.017,709.519,313.467,818.295,0
5871,89.3992,89.3948,345.157,228.165,349.791,174.658,0
5872,84.3993,85.7323,149.651,526.103,139.85,611.157,0
5873,177.802,154.779,392.334,262.788,355.921,174.068,0
5874,40,56.3238,191.738,677.009,149.387,693.36,0
5875,191.402,157.138,495.273,326.567,630.416,333.714,0
5876,92.1992,94.5437,233.694,275.621,249.091,185.063,0
5877,100.299,137.582,263.459,674.176,149.343,693.369,0
5878,205.303,255.795,382.755,598.312,312.273,818.051,0
5879,25.1001,31.2124,169.46,673.806,149.811,693.23,0
5880,74.8994,98.1313,221.135,750.382,152.725,701.802,0
5881,51.7998,48.1216,593.631,644.587,613.254,613.003,0
5882,128.599,112.636,160.562,502.534,139.679,611.056,0
5883,242.506,184.977,215.206,453.714,77.6555,406.307,1
5884,172.101,129.126,154.218,426.865,67.7852,405.308,0
5885,157.8,130.419,450.788,223.425,356.349,173.215,0
5886,68.5995,65.6605,565.543,342.369,630.326,334.149,0
5887,2.8,1.76263,149.653,704.812,149.652,703.05,0
5888,242.506,253.834,358.288,473.524,214.285,625.261,1
5889,97.7991,99.8567,241.93,631.633,144.718,615.736,0
5890,242.506,208.197,405.263,455.343,549.977,349.119,1
5891,242.506,160.684,305.933,633.317,146.794,616.341,1
5892,127.899,131.717,535.229,149.878,653.633,130.284,0
5893,75.4994,70.9379,597.98,358.523,630.406,334.405,0
5894,127.099,171.751,547.681,246.084,647.992,198.017,0
5895,116.199,103.198,211.595,259.515,248.331,184.769,0
5896,242.506,211.278,424.994,438.34,575.901,340.298,1
5897,127.699,105.209,156.52,509.673,139.542,611.196,0
5898,52.3998,55.038,579.646,330.706,630.33,334.066,0
5899,123.899,125.929,351.761,273.111,349.693,174.608,0
5900,56.1997,44.2239,246.952,229.875,249.834,185.123,0
5901,162.601,164.069,231.673,533.251,140.119,611.057,0
5902,242.506,232.227,508.897,478.378,613.476,539.844,1
5903,83.1993,111.503,555.836,198.764,647.903,191.232,0
5904,95.1991,114.198,183.526,252.587,248.662,184.93,0
5905,242.506,177.185,443.506,441.626,566.034,342.835,1
5906,197.903,160.778,445.534,264.97,355.365,174.482,0
5907,242.506,154.897,427.294,634.914,556.948,618.444,1
5908,242.506,162.509,463.429,687.404,555.656,620.486,1
5909,242.506,185.23,396.825,632.887,551.414,617.835,1
5910,242.506,253.023,263.442,477.966,99.6081,405.862,1
5911,188.802,158.425,289.484,619.107,144.678,616.267,0
5912,191.702,198.635,497.083,451.384,615.635,539.628,0
5913,153.1,134.708,169.344,354.44,67.7473,404.835,0
5914,42.0999,55.0131,160.66,574.887,144.571,616.594,0
5915,193.703,187.582,221.025,474.353,140.159,611.23,0
5916,59.5997,80.6975,221.688,734.43,152.709,701.801,0
5917,162.901,163.237,491.643,115.8,653.535,129.759,0
5918,102.799,106.61,213.486,573.424,144.723,615.846,0
5919,143.7,128.01,498.454,590.078,613.265,612.472,0
5920,49.2998,67.9795,217.3,723.677,153.661,700.218,0
5921,149.5,117.951,520.308,586.391,613.347,612.544,0
5922,33.0001,38.2642,586.977,788.272,606.995,810.23,0
5923,50.9998,45.0582,111.849,405.665,67.6705,405.63,0
5924,231.705,141.056,234.869,296.191,248.808,185.023,0
5925,242.506,245.485,363.652,539.351,189.733,623.683,1
5926,22.7001,26.5122,612.87,275.294,635.954,282.35,0
5927,191.402,190.393,362.735,644.549,313.077,818.13,0
5928,242.506,149.31,521.136,532.724,558.79,614.061,1
5929,13.8,16.1549,119.9,611.2,135.758,614.245,0
5930,172.701,222.735,501.144,251.196,647.918,197.753,0
5931,242.506,231.023,437.231,475.996,595.664,506.063,1
5932,68.1995,71.1982,137.02,396.989,67.6752,404.899,0
5933,197.003,152.609,206.111,366.507,67.7823,405.395,0
5934,237.805,294.333,310.771,485.098,139.91,611.129,0
5935,219.704,177.449,313.69,619.923,144.724,616.306,0
5936,95.8991,92.5666,552.202,711.387,611.969,753.087,0
5937,40.9999,41.551,615.786,190.37,647.743,191.905,0
5938,122.299,109.133,527.915,336.729,630.38,334.495,0
5939,242.506,194.844,454.024,435.584,588.789,336.425,1
5940,20.4,23.1348,254.114,208.146,249.403,185.238,0
5941,56.1997,49.4398,115.352,400.161,67.6263,405.799,0
5942,187.502,175.13,202.472,477.794,139.627,611.187,0
5943,43.4999,50.3562,609.763,257.291,635.979,282.483,0
5944,67.0995,73.2332,187.724,580.72,144.698,615.629,0
5945,242.506,280.028,379.158,454.154,322.591,201.225,1
5946,36,37.3302,600.818,584.461,613.368,612.28,0
5947,50.7998,70.3735,219.827,724.015,153.66,700.235,0
5948,124.499,111.509,253.76,631.917,144.838,616.041,0
5949,157.1,162.55,505.574,147.552,653.622,130.25,0
5950,206.003,213.944,351.421,618.14,312.669,818.079,0
5951,242.506,62.8603,483.307,363.295,483.134,366.386,1
5952,242.506,269.322,342.539,430.597,319.457,192.02,1
5953,242.506,191.923,266.483,360.769,249.101,194.455,1
5954,227.205,303.691,396.989,563.762,312.732,817.993,0
5955,3.1,2.04307,317.04,818.226,315.986,819.428,0
5956,202.603,168.839,427.052,293.57,355.395,174.392,0
5957,242.506,145.69,461.705,685.349,555.619,618.409,1
5958,70.9995,76.2055,143.192,404.645,67.7287,404.847,0
5959,134.699,114.068,376.254,218.12,355.629,174.419,0
5960,155.9,189.057,327.422,341.896,250.637,184.801,0
5961,128.299,126.644,193.621,260.157,247.789,184.519,0
5962,108.599,110.064,558.561,154.854,653.65,130.401,0
5963,49.0998,67.4245,551.788,812.686,602.38,833.256,0
5964,12.5,14.8657,615.431,333.879,630.259,334.095,0
5965,29.9001,33.397,597.775,338.541,630.45,334.352,0
5966,116.299,125.033,534.168,133.243,653.487,129.773,0
5967,242.506,216.667,467.13,491.603,562.593,616.785,1
5968,242.506,193.454,402.194,496.194,547.191,452.16,1
5969,71.1995,70.5773,148.986,543.467,139.834,611.102,0
5970,242.506,137.524,159.387,458.085,77.6401,405.446,1
5971,173.401,192.067,517.247,189.267,648.466,190.919,0
5972,242.506,86.0077,562.43,181.681,563.84,182.709,1
5973,24.7001,28.9302,613.643,294.125,635.998,282.537,0
5974,231.805,186.494,440.043,307.755,355.691,174.34,0
5975,202.703,201.704,376.781,644.172,312.905,817.966,0
5976,10.5,12.1171,410.264,89.5173,406.04,78.1815,0
5977,242.506,214.068,451.966,562.583,547.695,618.695,1
5978,236.405,183.565,479.074,398.421,630.252,334.059,0
5979,242.506,224.832,390.178,353.871,348.016,177.276,1
5980,242.506,214.811,463.285,471.944,598.361,515.059,1
5981,208.904,174.405,232.792,551.661,144.675,615.67,0
5982,242.506,231.675,330.067,483.189,211.838,626.336,1
5983,49.2998,60.687,551.537,758.659,611.158,754.949,0
5984,168.401,188.665,409.595,687.794,312.719,817.971,0
5985,14.8,17.7959,593.587,755.345,611.148,755.164,0
5986,60.6996,67.2913,281.673,229.856,250.245,184.942,0
5987,184.302,132.293,217.777,311,248.682,184.884,0
5988,91.6992,94.2945,303.029,736.77,311.715,818.407,0
5989,62.2996,72.6952,589.04,236.304,647.855,197.656,0
5990,190.202,204.52,352.367,626.185,312.751,818.012,0
5991,161.901,149.285,398.478,261.037,355.491,174.443,0
5992,41.1999,38.0074,259.01,221.642,250.245,184.982,0
5993,192.303,152.676,486.253,153.347,356.043,173.479,0
5994,113.699,130.868,568.208,425.287,615.657,540.25,0
5995,184.102,157.427,233.328,327.896,249.869,185.099,0
5996,242.506,232.261,295.042,421.499,102.038,405.64,1
5997,157.8,128.837,165.513,358.416,67.8429,405.448,0
5998,118.999,116.052,268.87,295.48,249.51,185.219,0
5999,237.405,174.751,205.807,436.839,67.53,406.051,0
6000,92.1992,88.5464,578.662,370.299,630.394,334.401,0
6001,167.401,136.373,544.499,553.373,613.335,612.396,0
6002,152.5,169.25,533.564,483.104,615.527,540.229,0
6003,242.506,224.004,311.147,383.376,249.38,198.196,1
6004,242.506,264.269,317.011,443.731,103.415,404.68,1
6005,242.506,204.579,476.167,482.512,591.528,493.504,1
6006,242.506,255.57,311.293,450.787,102.65,405.518,1
6007,220.404,227.386,469.648,444.222,615.723,539.518,0
6008,166.101,154.505,238.483,330.047,249.594,185.176,0
6009,242.506,213.209,448.079,570.389,551.296,613.966,1
6010,188.702,168.147,171.661,324.286,67.8454,405.002,0
6011,25.4001,29.1193,281.082,186.252,253.286,183.058,0
6012,40.9999,37.5544,239.945,221.571,249.455,185.241,0
6013,1.3,0.507128,649.311,189.907,649.437,190.398,0
6014,194.803,198.257,528.174,457.407,615.505,539.761,0
6015,195.303,159.096,189.47,317.817,248.261,184.717,0
6016,5,3.48819,645.135,189.606,648.042,191.064,0
6017,5.1,4.84603,611.552,543.183,616.23,541.92,0
6018,36.3,33.9308,286.064,187.814,253.423,182.707,0
6019,200.303,153.425,557.021,535.24,613.262,612.444,0
6020,242.506,166.439,482.891,686.336,594.957,614.491,1
6021,242.506,265.861,361.029,452.862,322.906,198.632,1
6022,52.2998,60.057,409.468,157.326,355.842,174.072,0
6023,192.403,159.722,278.862,333.37,250.273,184.878,0
6024,95.2991,75.9797,602.744,681.974,612.166,752.385,0
6025,242.506,184.734,475.6,539.991,599.691,612.295,1
6026,61.2996,60.2288,411.167,157.549,356.131,173.524,0
6027,242.506,189.882,443.414,324.314,367.394,175.544,1
6028,242.506,292.474,316.924,472.193,140.102,592.366,1
6029,242.506,254.929,306.325,424.811,91.1942,404.063,1
6030,174.601,143.983,335.756,290.854,349.753,174.729,0
6031,172.001,118.32,234.621,296.92,249.17,185.137,0
6032,0,0,349.948,168.342,349.948,168.342,0
6033,115.499,135.922,580.169,424.437,615.648,539.593,0
6034,67.5995,63.4998,311.765,761.913,311.037,818.667,0
6035,59.7997,79.65,323.33,744.956,312.734,818.032,0
6036,228.205,241.91,347.073,375.205,349.051,174.422,0
6037,191.702,186.809,200.122,462.311,140.243,611.187,0
6038,216.804,203.993,346.837,347.449,350.212,174.928,0
6039,42.7999,46.6363,143.535,565.392,139.919,611.067,0
6040,24.4001,27.6533,241.094,211.468,249.328,185.182,0
6041,74.0994,85.1485,273.502,264.484,250.382,184.891,0
6042,127.999,112.05,529.763,363.916,630.379,334.445,0
6043,99.3991,111.949,236.136,753.021,152.732,701.791,0
6044,224.104,204.429,480.39,281.662,630.516,333.608,0
6045,4.3,3.86124,650.987,203.149,651.589,199.356,0
6046,11.5,13.8821,602.365,543.8,615.578,539.695,0
6047,161.901,121.243,533.769,658.884,613.254,613.121,0
6048,242.506,149.589,501.351,160.716,364.04,174.353,1
6049,242.506,170.615,475.031,540.305,558.22,613.219,1
6050,16.2,18.9852,85.8438,410.907,67.7421,405.508,0
6051,242.506,145.009,470.452,641.378,595.638,614.281,1
6052,45.5999,40.4262,280.04,211.356,252.299,184.08,0
6053,139.499,120.144,159.595,495.047,139.472,611.162,0
6054,143.5,132.934,570.303,397.619,630.454,334.496,0
6055,203.903,216.007,480.182,433.185,615.725,539.55,0
6056,242.506,213.151,445.937,484.713,592.586,497.859,1
6057,11.1,13.6128,319.977,806.223,315.321,819.015,0
6058,58.3997,65.6557,593.986,232.849,648.398,198.249,0
6059,242.506,187.644,252.595,350.841,248.654,187.685,1
6060,242.506,209.805,292.89,374.476,248.315,194.1,1
6061,122.499,124.795,541.211,152.801,653.54,129.995,0
6062,8.6,8.66011,150.759,684.863,149.449,693.263,0
6063,128.999,126.608,539.076,154.081,653.486,130.078,0
6064,28.4001,24.0743,91.7725,404.898,67.7233,405.51,0
6065,53.8997,50.3036,116.17,397.215,67.7003,404.825,0
6066,111.199,113.903,259.791,752.56,310.725,818.788,0
6067,94.9991,104.902,117.819,469.98,67.586,405.718,0
6068,35.6,32.4095,95.2319,414.294,67.836,405.421,0
6069,242.506,138.196,463.223,645.06,558.847,620.578,1
6070,213.604,224.606,349.449,361.632,349.784,174.747,0
6071,230.905,176.69,274.525,583.436,144.734,615.726,0
6072,79.0994,88.4546,550.749,720.891,611.826,753.316,0
6073,27.8001,25.1475,595.219,599.397,613.178,613.023,0
6074,242.506,167.49,417.933,379.706,540.524,350.24,1
6075,189.102,159.748,232.684,330.862,249.681,185.214,0
6076,74.8994,74.0062,583.497,315.122,630.266,333.873,0
6077,242.506,270.04,310.071,465.694,105.787,406.34,1
6078,33.8001,31.6653,282.687,193.772,253.342,183.106,0
6079,108.599,113.196,287.592,731.34,310.88,818.665,0
6080,18.6,21.2202,243.599,205.464,249.073,185.09,0
6081,8.2,8.42703,645.989,134.407,653.822,130.939,0
6082,92.3992,85.6348,570.364,665.376,613.315,613.105,0
6083,173.201,132.132,207.794,306.578,248.783,185.03,0
6084,137.699,158.078,533.717,448.918,615.636,540.354,0
6085,160.801,150.379,353.429,302.88,349.166,174.539,0
6086,199.403,153.029,488.409,627.404,613.19,612.563,0
6087,87.6992,88.442,224.862,270.144,249.149,185.141,0
6088,1,0.355724,612.656,613.013,613.19,612.895,0
6089,152,118.619,154.598,494.682,139.491,611.189,0
6090,45.0999,34.8143,279.583,205.676,252.762,183.947,0
6091,94.3991,78.6924,385.094,195.358,355.577,174.313,0
6092,53.9997,74.6905,333.079,746.581,312.764,818.047,0
6093,62.7996,63.1249,589.445,131.435,653.727,129.546,0
6094,101.299,125.467,350.111,700.682,312.605,817.995,0
6095,141.099,188.984,532.448,247.254,647.888,197.674,0
6096,242.506,266.598,370.554,477.605,216.597,624.812,1
6097,54.9997,56.9318,574.51,341.293,630.299,334.087,0
6098,242.506,149.735,462.688,685.993,556.485,619.899,1
6099,207.803,207.621,349.35,348.084,349.471,174.533,0
6100,79.0994,99.975,576.536,455.226,615.537,540.059,0
6101,68.0995,74.3636,355.813,195.016,349.845,174.742,0
6102,76.6994,105.129,227.399,695.182,149.559,693.275,0
6103,242.506,98.7613,447.179,346.356,444.755,331.84,1
6104,147.9,141.963,521.523,664.876,613.259,613.104,0
6105,108.599,117.342,537.837,703.483,612.076,752.732,0
6106,236.905,150.965,485.689,204.233,356.151,173.342,0
6107,26.6001,32.7298,621.124,215.076,648.204,198.106,0
6108,37.4,36.8629,162.926,664.184,149.369,693.297,0
6109,34.7,43.7434,262.431,226.682,250.358,184.908,0
6110,142.6,112.537,223.019,292.518,248.993,185.037,0
6111,26.3001,27.8449,615.363,271.937,635.974,282.459,0
6112,84.2993,102.386,95.6973,474.83,67.767,405.341,0
6113,70.6995,97.5037,234.244,682.715,149.483,693.235,0
6114,70.5995,74.5818,196.568,638.66,144.746,616.126,0
6115,242.506,201.939,313.59,516.708,208.148,625.085,1
6116,96.5991,132.36,257.357,674.403,149.456,693.326,0
6117,182.002,233.27,323.946,373.707,250.863,184.66,0
6118,128.799,109.631,173.207,388.74,67.844,404.996,0
6119,106.099,97.9032,353.693,226.883,350.132,174.826,0
6120,122.999,149.496,354.199,677.186,312.647,818.032,0
6121,159.901,161.517,192.943,521.483,140.348,611.315,0
6122,242.506,230.652,463.05,464.169,605.956,537.878,1
6123,201.603,229.305,408.005,650.257,312.564,818.026,0
6124,242.506,178.666,472.961,390.626,625.759,334.468,1
6125,241.706,150.418,506.004,180.581,356.145,173.531,0
6126,113.999,101.665,227.145,281.814,248.586,184.928,0
6127,201.603,176.217,521.294,423.782,630.31,334.257,0
6128,65.1996,61.3233,162.853,563.133,139.862,611.074,0
6129,50.4998,60.962,191.72,682.039,149.379,693.35,0
6130,242.506,208.459,403.5,466.154,574.505,450.956,1
6131,242.506,231.124,311.5,389.122,250.699,196.714,1
6132,110.499,103.655,167.696,389.189,67.7108,404.811,0
6133,242.506,205.224,412.781,317.518,370.214,175.13,1
6134,147.4,168.194,513.822,207.5,648.076,191.084,0
6135,88.8992,114.069,589.643,269.695,648.052,197.914,0
6136,242.506,135.776,462.647,664.243,562.442,617.563,1
6137,213.804,229.301,369.038,376.334,348.958,174.362,0
6138,44.2999,40.8848,276.434,211.441,252.348,183.977,0
6139,168.801,115.407,196.32,261.67,248.023,184.59,0
6140,86.1993,78.0905,584.639,672.775,613.331,613.047,0
6141,131.799,109.49,421.48,234.246,355.547,174.41,0
6142,223.804,168.508,228.861,382.078,67.7496,405.459,0
6143,75.4994,103.194,237.968,707.28,153.625,700.405,0
6144,242.506,151.374,422.218,391.858,529.983,354.405,1
6145,5.5,5.44558,597.025,833.984,602.367,833.133,0
6146,98.0991,123.398,351.404,702.232,313.06,818.089,0
6147,0,0,63.8169,404.727,63.8169,404.727,0
6148,23.2001,26.3307,605.637,564.544,616.883,543.419,0
6149,61.7996,56.5671,603.122,644.684,613.303,613.207,0
6150,56.2997,72.9529,549.65,806.772,602.4,833.286,0
6151,126.699,150.028,547.602,437.882,615.661,540.301,0
6152,90.9992,82.7475,574.345,362.902,630.28,334.138,0
6153,141.899,145.276,216.413,517.617,140.249,611.199,0
6154,242.506,170.413,475.298,558.085,588.586,614.791,1
6155,87.5992,95.6401,274.345,277.56,249.85,185.102,0
6156,79.7994,78.9989,286.32,766.973,311.9,818.324,0
6157,242.506,185.073,471.667,397.766,626.485,333.978,1
6158,203.703,235.949,498.55,492.695,615.561,540.401,0
6159,242.506,192.237,423.005,320.942,375.469,174.914,1
6160,216.604,216.79,489.628,461.108,615.559,540.271,0
6161,103.599,105.342,241.359,641.377,144.755,616.103,0
6162,82.2993,73.4626,600.041,356.467,630.379,334.459,0
6163,44.0999,56.748,308.535,769.255,311.984,818.317,0
6164,160.101,131.273,415.695,248.826,355.756,174.237,0
6165,91.7992,92.765,177.829,540.254,140.112,611.071,0
6166,145.3,188.26,295.333,719.711,149.489,693.186,0
6167,217.804,231.048,472.166,454.204,615.618,540.296,0
6168,242.506,202.221,326.723,579.124,162.047,618.468,1
6169,116.499,135.747,545.199,456.538,615.54,539.755,0
6170,155.8,150.356,336.721,287.492,349.33,174.493,0
6171,81.8993,102.687,278.102,281.753,250.29,184.929,0
6172,123.299,133.394,521.938,707.387,612.421,752.006,0
6173,76.7994,81.1017,147.797,396.398,67.7397,404.872,0
6174,73.0995,78.5054,117.191,444.378,67.6827,405.556,0
6175,14.9,18.3109,413.098,95.0984,406.524,78.0453,0
6176,53.3998,65.4218,269.012,785.736,310.944,818.704,0
6177,242.506,136.255,516.086,556.165,559.508,613.8,1
6178,36.5,46.849,594.382,348.128,630.252,334.113,0
6179,116.099,150.807,391.947,708.637,313.321,818.188,0
6180,132.799,116.637,259.035,631.129,144.722,615.711,0
6181,133.799,160.839,288.036,687.859,149.333,693.367,0
6182,152.3,190.811,327.023,339.902,251.164,184.449,0
6183,69.4995,73.2208,191.975,212.904,248.295,184.84,0
6184,63.9996,63.2666,202.775,215.839,248.62,184.901,0
6185,241.706,230.066,389,355.385,349.322,174.476,0
6186,45.1999,43.4035,235.736,225.578,249.504,185.229,0
6187,52.8998,61.897,343.339,197.805,349.686,174.635,0
6188,33.4001,31.2089,129.584,587.632,139.669,611.098,0
6189,110.299,95.1669,544.149,590.742,613.273,612.401,0
6190,185.102,212.136,429.64,683.177,313.066,818.056,0
6191,109.799,81.5191,588.341,356.116,630.264,334.159,0
6192,83.5993,106.897,575.181,449.748,615.5,540.093,0
6193,193.103,166.646,228.366,334.724,249.698,185.182,0
6194,0,0,652.359,192.866,652.359,192.866,0
6195,115.999,120.955,611.898,731.053,612.38,751.907,0
6196,43.5999,53.2206,414.436,129.956,405.857,78.1631,0
6197,206.403,213.682,489.697,458.65,615.551,540.113,0
6198,242.506,200.667,465.593,502.983,560.388,615.821,1
6199,242.506,149.824,421.052,389.062,532.628,352.765,1
6200,1.3,0.548795,245.859,176.155,246.362,176.654,0
6201,241.906,221.429,293.475,373.896,249.563,185.18,0
6202,242.506,218.81,340.894,521.024,210.297,626.007,1
6203,155.5,127.973,193.157,387.516,67.6958,405.459,0
6204,23.9001,20.1256,263.467,200.806,252.565,184.034,0
6205,122.899,101.198,517.382,605.546,613.316,613.178,0
6206,106.699,99.7498,355.774,226.266,349.899,174.784,0
6207,226.305,172.244,238.988,343.241,249.174,185.069,0
6208,116.799,105.776,306.773,245.254,350.133,174.835,0
6209,197.003,169.995,392.082,279.293,355.751,174.291,0
6210,136.999,101.738,516.217,606.484,613.337,613.123,0
6211,113.399,104.554,349.71,244.295,349.376,174.49,0
6212,34.4,42.3651,606.531,305.833,630.318,334.145,0
6213,25.6001,30.3739,588.462,795.71,606.262,812.138,0
6214,7,7.471,305.654,814.161,311.495,818.404,0
6215,203.303,166.338,199.708,362.671,67.7951,405.169,0
6216,242.506,239.009,307.805,439.126,100.427,405.574,1
6217,128.099,152.227,546.375,435.904,615.602,540.241,0
6218,213.104,159.639,470.971,615.555,613.299,612.421,0
6219,87.9992,102.193,244.891,632.956,144.767,616.216,0
6220,58.0997,60.5929,610.386,156.805,647.593,191.895,0
6221,75.4994,98.0582,523.185,777.565,611.159,755.227,0
6222,5.7,5.81953,601.66,807.903,607.189,809.718,0
6223,242.506,262.391,381.222,407.565,337.395,181.867,1
6224,144.3,117.861,377.604,223.242,355.445,174.439,0
6225,242.506,207.079,316.922,555.412,177.779,620.41,1
6226,242.506,180.904,413.919,616.689,552.488,617.32,1
6227,25.4001,27.2722,615.48,273.723,635.818,282.287,0
6228,242.506,218.704,345.93,534.1,206.099,627.142,1
6229,242.506,203.709,400.727,463.64,529.991,355.069,1
6230,229.505,186.626,530.138,426.128,630.352,333.801,0
6231,73.1995,100.651,244.444,724.928,152.89,701.744,0
6232,51.5998,63.7358,280.447,779.276,311.041,818.704,0
6233,29.3001,35.0555,179.172,621.177,144.796,615.927,0
6234,90.2992,92.0786,303.706,737.343,311.551,818.399,0
6235,73.5994,78.48,177.244,557.206,140.138,611.059,0
6236,115.399,143.273,567.928,414.606,615.499,540.224,0
6237,42.9999,46.5194,606.839,130.462,653.562,129.981,0
6238,16.5,16.3715,599.298,606.973,613.267,612.831,0
6239,36.1,40.6982,406.597,118.234,405.921,78.146,0
6240,183.802,192.947,250.912,502.44,140.253,611.189,0
6241,242.506,203.001,389.608,493.027,547.225,451.032,1
6242,40.4,40.3026,291.524,192.268,253.641,182.397,0
6243,80.5993,98.5977,520.572,773.953,611.064,755.098,0
6244,26.1001,31.3942,622.258,129.933,653.46,129.965,0
6245,160.601,156.429,186.079,345.028,67.6875,404.825,0
6246,142.7,121.821,236.524,747.458,152.814,701.769,0
6247,53.4998,47.21,575.506,627.171,613.277,612.426,0
6248,197.403,144.066,490.845,618.582,613.304,613.223,0
6249,201.403,146.62,555.435,541.225,613.279,612.512,0
6250,85.1993,79.9809,585.77,673.481,613.217,612.971,0
6251,120.599,153.664,394.121,710.196,313.64,818.307,0
6252,46.0999,49.4933,578.436,780.449,611.23,755.462,0
6253,110.499,147.676,556.854,269.364,648.017,197.768,0
6254,242.506,164.113,491.033,229.662,366.704,174.189,1
6255,221.104,164.953,175.64,304.639,248.597,184.943,0
6256,242.506,173,433.145,665.393,555.172,613.544,1
6257,242.506,212.267,276.77,390.151,249.077,199.682,1
6258,91.4992,106.864,565.571,466.811,615.459,540.098,0
6259,139.399,133.551,188.383,373.801,67.7232,404.755,0
6260,45.5999,59.102,600.361,201.89,647.943,197.796,0
6261,242.506,197.75,281.036,373.697,248.777,192.282,1
6262,204.803,130.541,499.514,648.404,613.322,612.539,0
6263,242.506,176.35,241.803,347.701,249.329,185.783,1
6264,9.9,10.9244,603.594,746.21,612.322,752.393,0
6265,124.099,133.626,521.622,118.089,653.498,129.969,0
6266,242.506,235.885,435.218,346.765,367.553,173.038,1
6267,242.506,181.233,427.039,508.336,548.113,449.611,1
6268,186.202,172.446,344.257,319.18,349.445,174.471,0
6269,242.506,198.342,267.987,361.919,249.491,195.106,1
6270,127.799,136.02,306.243,296.233,250.51,184.825,0
6271,114.599,95.9484,540.03,334.558,630.409,333.765,0
6272,79.5994,81.0952,265.949,263.151,250.15,185.026,0
6273,46.5999,57.5846,409.662,135.109,405.862,78.2301,0
6274,147.7,151.981,201.887,368.702,67.6602,404.953,0
6275,242.506,173.582,325.54,624.392,157.717,617.859,1
6276,87.5992,89.1228,564.442,126.641,653.497,129.95,0
6277,47.4998,66.3837,214.883,725.239,153.689,700.378,0
6278,109.299,91.1789,545.701,594.502,613.323,612.538,0
6279,242.506,167.655,334.449,601.33,182.013,621.817,1
6280,72.3995,77.9979,188.725,209.95,248.261,184.727,0
6281,104.299,101.488,186.073,536.097,139.892,611.08,0
6282,153.2,131.999,291.815,288.426,250.079,185.044,0
6283,30.6001,35.8088,581.698,762.673,611.221,754.842,0
6284,91.3992,84.7041,430.905,147.266,356.249,173.39,0
6285,31.0001,37.2989,317.988,191.476,349.893,174.839,0
6286,179.802,140.558,286.302,313.919,250.448,184.924,0
6287,199.103,207.141,351.272,623.874,312.51,818.029,0
6288,49.2998,51.0857,602.768,130.495,653.577,129.946,0
6289,13.2,13.0581,259.183,195.314,252.732,183.897,0
6290,48.6998,41.8207,588.744,635.316,613.334,612.421,0
6291,107.799,100.801,241.021,624.269,144.785,615.982,0
6292,175.101,166.145,359.531,314.828,350.466,175.037,0
6293,218.404,142.715,201.776,413.811,67.8331,405.233,0
6294,229.205,297.832,333.179,427.164,251.31,184.49,0
6295,79.1994,108.33,352.746,720.35,313.229,818.16,0
6296,20.4,26.5155,286.733,811.13,311.813,818.334,0
6297,29.2001,34.2847,619.678,129.061,653.465,129.992,0
6298,87.9992,109.99,518.29,750.395,611.183,755.206,0
6299,154.1,106.123,517.193,634.191,613.333,612.431,0
6300,201.003,206.098,484.807,437.996,615.589,539.778,0
6301,52.8998,74.9277,329.32,745.626,312.859,818.054,0
6302,224.104,275.757,298.124,497.567,139.673,611.07,0
6303,102.899,93.0393,160.539,400.208,67.8129,404.994,0
6304,93.9991,127.798,339.475,695.161,312.457,818.07,0
6305,242.506,227.361,454.703,465.767,603.459,532.233,1
6306,216.104,250.007,257.33,541.361,139.516,611.163,0
6307,37.6,32.4835,99.9259,405.696,67.6914,405.469,0
6308,27.2001,36.0272,599.937,513.944,615.679,539.671,0
6309,242.506,191.692,470.42,478.671,589.507,487.354,1
6310,242.506,151.328,449.52,655.014,558.64,619.599,1
6311,242.506,176.941,436.125,599.621,553.164,617.392,1
6312,143.5,128.011,160.371,485.449,139.757,611.127,0
6313,99.799,125.964,514.368,734.137,611.081,755.169,0
6314,48.1998,37.2904,591.876,633.541,613.286,613.088,0
6315,242.506,226.698,477.223,477.275,608.781,540.833,1
6316,53.9997,65.6893,614.173,239.609,648.409,198.162,0
6317,242.506,167.453,505.636,518.838,574.748,617.094,1
6318,96.5991,117.525,88.9362,484.471,67.716,405.462,0
6319,242.506,128.766,550.795,563.819,600.845,612.301,1
6320,115.699,124.608,530.081,124.74,653.637,129.623,0
6321,107.199,143.398,557.791,283.752,648.081,198.003,0
6322,140.999,117.537,171.779,377.207,67.6657,404.925,0
6323,196.703,211.184,385.209,645.285,312.946,817.989,0
6324,224.404,186.09,491.066,412.273,630.273,334.306,0
6325,242.506,202.707,398.236,608.732,550.709,614.712,1
6326,79.5994,97.9162,566.117,475.759,615.634,539.717,0
6327,242.506,186.268,473.395,375.699,619.529,333.407,1
6328,186.602,165.353,240.001,571.625,144.71,615.673,0
6329,195.503,151.293,206.321,365.156,67.8495,405.142,0
6330,176.802,114.839,164.769,425.091,67.8436,405.145,0
6331,28.1001,32.8415,413.205,109.759,405.877,78.1626,0
6332,117.999,126.591,537.766,689.139,612.386,751.864,0
6333,61.1996,55.7991,600.972,646.813,613.326,612.447,0
6334,242.506,148.528,457.558,678.857,557.81,619.831,1
6335,242.506,23.8051,327.19,267.236,326.046,264.289,1
6336,119.399,117.406,548.185,154.919,653.549,129.917,0
6337,242.506,257.735,298.317,408.831,251.256,188.248,1
6338,228.305,180.424,411.234,296.064,356.105,173.503,0
6339,38.9,50.1495,594.519,501.53,615.629,539.671,0
6340,242.506,188.457,271.069,558.785,163.696,618.177,1
6341,62.2996,68.9304,281.919,774.918,310.833,818.734,0
6342,44.6999,40.1035,106.558,400.754,67.7057,405.535,0
6343,94.9991,93.8582,312.571,238.121,349.67,174.671,0
6344,93.1992,100.772,207.347,566.614,144.707,615.585,0
6345,75.6994,97.0086,579.888,455.905,615.477,539.764,0
6346,42.1999,50.324,407.361,128.329,405.856,78.1506,0
6347,27.6001,31.8592,618.715,205.559,647.983,197.822,0
6348,223.404,224.201,482.182,464.307,615.651,539.322,0
6349,57.7997,59.6422,410.733,157.619,356.103,173.607,0
6350,151.2,152.165,503.528,117.128,653.497,129.798,0
6351,46.5999,37.7203,280.657,209.629,252.619,183.912,0
6352,221.704,277.588,335.307,408.456,250.652,184.782,0
6353,242.506,206.899,318.855,538.82,186.435,621.84,1
6354,159.801,135.433,277.998,639.305,144.82,615.866,0
6355,218.804,168.277,173.405,307.406,248.05,184.635,0
6356,93.7991,97.3583,268.894,279.792,250.138,184.989,0
6357,229.305,170.571,234.486,343.308,249.279,185.245,0
6358,123.499,129.666,525.86,707.639,611.989,752.847,0
6359,124.499,141.797,316.937,290.808,250.809,184.691,0
6360,242.506,165.638,317.623,617.542,166.453,618.703,1
6361,95.8991,111.518,608.725,457.87,615.598,539.704,0
6362,45.7999,55.7711,163.442,574.088,144.831,615.757,0
6363,242.506,243.381,292.01,429.096,81.032,404.044,1
6364,10.8,13.387,152.949,680.566,149.442,693.368,0
6365,242.506,219.359,276.126,388.775,248.137,192.338,1
6366,235.305,283.104,273.508,498.657,139.865,611.066,0
6367,208.003,174.805,303.669,648.135,144.828,615.807,0
6368,146.3,162.235,368.971,675.198,313.25,818.156,0
6369,53.8997,62.0993,191.329,682.555,149.345,693.303,0
6370,242.506,211.776,401.921,496.98,559.11,451.526,1
6371,27.1001,30.7859,83.3813,425.577,67.5851,405.811,0
6372,242.506,233.039,387.341,392.779,326.512,188.493,1
6373,5.6,5.64904,608.947,748.066,612.176,752.534,0
6374,143.3,160.812,234.074,518.406,140.334,611.219,0
6375,213.704,284.545,377.84,569.305,312.449,818.066,0
6376,114.799,113.247,341.446,267.295,350.116,174.824,0
6377,242.506,200.617,260.083,423.302,85.6778,404.812,1
6378,21.7,25.6037,589.73,743.26,612.275,752.383,0
6379,234.005,167.052,533.281,536.194,613.283,612.438,0
6380,204.503,203.136,367.82,634.566,312.831,817.968,0
6381,95.2991,91.1047,572.321,675.095,613.329,613.158,0
6382,77.2994,88.8262,270.705,269.017,250.081,185.026,0
6383,214.404,161.587,177.49,306.521,248.267,184.787,0
6384,100.099,99.2548,162.14,390.828,67.6777,405.512,0
6385,103.199,87.5903,528.951,610.104,613.214,612.621,0
6386,70.1995,87.184,105.534,468.344,67.8115,405.437,0
6387,242.506,194.262,336.216,564.578,187.298,622.684,1
6388,21.3,22.7992,596.267,552.082,616.367,542.247,0
6389,224.204,195.498,468.917,547.615,613.167,612.595,0
6390,220.504,280.739,335.099,409.996,251.19,184.55,0
6391,85.0993,87.0554,566.299,129.576,653.551,129.95,0
6392,242.506,216.351,433.73,445.917,584.789,337.025,1
6393,161.301,115.061,200.371,263.5,248.251,184.768,0
6394,242.506,193.084,300.651,563.4,156.27,616.965,1
6395,78.3994,77.6389,586.529,672.696,613.262,612.839,0
6396,61.5996,70.4439,606.46,241.851,648.374,198.154,0
6397,57.1997,56.8257,575.85,637.541,613.327,613.188,0
6398,228.005,205.91,394.035,316.233,350.061,174.8,0
6399,152.8,163.19,544.328,421.532,615.663,539.497,0
6400,242.506,250.936,298.616,452.879,94.7337,404.829,1
6401,133.699,164.979,479.845,713.919,612.174,752.585,0
6402,242.506,190.543,328.412,550.373,198.065,623.344,1
6403,18.8,19.01,336.07,187.657,349.945,174.839,0
6404,242.506,196.263,239.041,449.687,93.8274,405.478,1
6405,221.604,176.569,481.015,392.13,630.277,334.311,0
6406,13.9,17.6177,314.605,800.818,312.791,818.064,0
6407,163.201,211.174,509.981,257.533,647.865,197.744,0
6408,48.4998,46.7289,261.518,228.898,250.4,184.919,0
6409,242.506,198.566,412.875,602.985,552.604,613.674,1
6410,107.199,99.4026,183.945,535.517,140.302,611.194,0
6411,242.506,154.208,323.374,607.933,185.277,622.4,1
6412,242.506,260.915,269.346,454.209,100.784,404.883,1
6413,78.2994,89.3074,535.902,747.623,611.156,754.898,0
6414,158.3,118.565,535.853,659.6,613.247,612.581,0
6415,192.503,140.274,207.675,392.255,67.7594,405.134,0
6416,117.399,125.408,534.984,134.404,653.537,129.823,0
6417,83.5993,84.2585,150.415,399.935,67.7936,405.084,0
6418,3.5,3.01456,70.7354,405.272,67.7234,405.206,0
6419,242.506,231.322,307.872,371.781,248.405,197.674,1
6420,242.506,122.455,444.615,332.632,421.504,245.308,1
6421,242.506,208.552,403.584,492.879,564.667,450.88,1
6422,166.701,169.785,484.314,117.201,653.463,129.863,0
6423,46.9999,51.5613,613.481,147.213,653.463,130.014,0
6424,39.9,32.8066,249.356,218.532,249.856,185.15,0
6425,20.6,19.7545,610.874,334.528,630.313,334.145,0
6426,72.3995,73.3407,265.219,256.027,249.573,185.193,0
6427,202.003,174.827,185.133,469.629,139.449,611.277,0
6428,41.2999,48.1738,404.157,174.645,355.811,174.219,0
6429,117.399,116.491,271.223,745.016,310.829,818.713,0
6430,2.4,1.43535,255.749,180.035,254.356,180.375,0
6431,99.5991,87.0404,304.007,227.559,349.97,174.826,0
6432,170.501,155.911,234.125,327.271,249.081,185.067,0
6433,106.999,143.071,319.96,697.712,312.322,818.127,0
6434,132.299,117.433,309.692,256.373,349.702,174.714,0
6435,242.506,216.002,410.533,470.926,584.462,469.973,1
6436,27.3001,30.5629,602.625,723.625,612.378,751.996,0
6437,242.506,191.131,478.339,277.629,370.658,174.253,1
6438,134.799,140.917,217.234,520.811,140.217,611.187,0
6439,242.506,153.626,425.262,404.296,530.593,353.755,1
6440,29.3001,31.4339,144.539,581.032,139.947,611.174,0
6441,48.1998,61.875,602.566,367.781,630.357,334.091,0
6442,194.003,167.363,274.133,337.555,250.933,184.702,0
6443,87.1992,92.2183,244.498,781.721,310.722,818.842,0
6444,13.9,13.8394,606.222,550.677,616.506,542.523,0
6445,19.6,23.2142,378.298,176.903,355.731,174.259,0
6446,213.204,169.37,172.559,298.406,248.045,184.563,0
6447,242.506,204.153,316.132,518.713,202.753,626.041,1
6448,101.999,89.5253,526.685,608.779,613.343,612.518,0
6449,198.103,156.181,184.881,306.871,247.906,184.618,0
6450,242.506,154.969,503.939,541.344,570.594,616.971,1
6451,165.901,140.369,486.475,587.994,613.291,613.216,0
6452,217.804,261.694,286.711,499.594,139.483,611.224,0
6453,99.1991,105.119,241.554,640.578,144.847,616.24,0
6454,219.804,190.301,258.092,574.021,144.693,615.585,0
6455,92.7992,124.734,252.618,701.718,153.67,700.532,0
6456,205.303,152.621,189.81,315.576,248.823,185.048,0
6457,51.2998,51.5016,602.378,133.997,653.5,129.955,0
6458,46.0999,56.8892,276.66,787.621,311.403,818.519,0
6459,242.506,180.446,295.065,586.77,152.717,616.334,1
6460,124.199,106.32,171.331,391.819,67.745,405.339,0
6461,118.899,149.623,391.505,707.06,312.751,818.002,0
6462,148.1,124.982,167.285,494.661,139.58,611.172,0
6463,231.805,211.036,326.658,593.912,144.834,616.244,0
6464,221.204,298.69,389.771,571.892,312.652,818.04,0
6465,183.702,156.204,227.735,566.261,144.582,615.512,0
6466,236.705,197.527,472.936,408.767,630.463,334.694,0
6467,242.506,145.79,496.976,623.403,610.25,612.433,1
6468,25.1001,29.3532,598.909,776.582,611.177,754.855,0
6469,187.102,145.247,283.459,313.724,249.751,185.146,0
6470,69.3995,73.8551,592.323,187.887,647.623,191.938,0
6471,134.899,124.877,351.296,272.008,350.054,174.844,0
6472,152,108.311,513.418,635.589,613.268,612.421,0
6473,47.3998,63.5488,205.131,631.398,144.743,615.785,0
6474,242.506,172.76,420.9,437.741,539.245,350.601,1
6475,199.703,148.588,522.582,392.586,630.387,333.758,0
6476,32.9001,44.4923,593.367,712.984,612.211,752.381,0
6477,230.505,137.559,490.901,177.305,356.31,173.232,0
6478,0,0,656.665,132.327,656.665,132.327,0
6479,228.205,235.943,461.672,455.841,615.641,539.685,0
6480,65.8996,67.7405,167.464,560.194,139.956,611.058,0
6481,92.6992,87.0054,153.497,405.378,67.7247,405.52,0
6482,1,0.351322,630.344,335.422,630.674,335.302,0
6483,112.299,138.06,543.137,183.41,647.714,191.787,0
6484,88.0992,87.872,159.67,538.241,139.483,611.154,0
6485,242.506,209.267,410.524,525.194,535.175,443.94,1
6486,242.506,243.129,361.17,425.211,321.533,192.549,1
6487,49.7998,46.8795,567.984,617.933,613.342,612.456,0
6488,242.506,217.832,454.445,337.236,365.021,173.49,1
6489,87.5992,119.48,361.517,713.584,313.134,818.057,0
6490,179.002,161.429,472.732,579.51,613.299,612.534,0
6491,62.9996,72.1938,550.433,745.791,611.858,753.194,0
6492,45.0999,48.4654,402.992,178.824,355.954,173.737,0
6493,242.506,205.32,302.737,556.067,156.876,617.098,1
6494,89.3992,93.7959,171.716,211.06,248.642,184.86,0
6495,86.3993,87.5693,566.374,126.265,653.558,129.667,0
6496,242.506,184.718,482.331,360.455,584.626,335.727,1
6497,155.2,128.074,551.552,557.723,613.333,612.413,0
6498,186.002,138.556,507.873,668.364,613.257,613.231,0
6499,179.702,192.599,512.315,462.636,615.648,539.631,0
6500,206.403,186.381,292.445,344.641,250.539,184.804,0
6501,242.506,179.713,251.773,396.79,72.28,404.787,1
6502,188.702,238.217,323.762,377.32,250.92,184.744,0
6503,49.9998,48.758,605.033,129.376,653.495,129.999,0
6504,38.2,46.9022,401.748,167.833,356.071,173.633,0
6505,70.4995,61.6732,302.627,766.414,311.311,818.528,0
6506,18.5,20.8803,613.988,326.129,630.31,334.31,0
6507,80.9993,90.254,247.681,258.518,250.168,184.967,0
6508,27.3001,25.4578,251.913,209.834,249.767,185.136,0
6509,41.2999,50.7483,586.083,714.984,612.182,752.495,0
6510,242.506,209.363,464.491,500.867,569.466,617.511,1
6511,242.506,208.375,377.825,489.316,548.145,448.174,1
6512,146,110.786,517.737,593.31,613.364,613.298,0
6513,209.804,155.119,278.43,328.868,249.943,184.994,0
6514,37.5,40.8363,143.834,571.155,140.089,611.106,0
6515,226.905,171.39,236.241,345.31,249.606,185.204,0
6516,38.5,44.8206,323.177,201.707,350.119,174.781,0
6517,242.506,229.009,384.448,389.805,325.398,187.916,1
6518,36.3,36.8771,392.237,177.118,355.817,174.2,0
6519,130.299,150.613,515.073,693.423,612.251,752.31,0
6520,106.699,116.571,588.995,443.138,615.608,539.714,0
6521,242.506,202.072,463.597,329.421,377.476,175.623,1
6522,242.506,131.135,458.044,643.37,568.689,617.966,1
6523,146.6,130.923,358.851,272.175,349.215,174.493,0
6524,161.901,185.823,514.296,231.194,647.769,191.868,0
6525,96.9991,91.2366,159.355,404.283,67.8473,404.957,0
6526,242.506,173.48,422.576,416.539,529.077,358.927,1
6527,242.506,220.515,296.148,379.915,248.335,196.624,1
6528,123.699,152.479,275.562,684.065,149.379,693.318,0
6529,27.2001,24.8478,275.06,194.525,253.211,183.148,0
6530,0,0,649.062,194.54,649.062,194.54,0
6531,242.506,153.366,445.194,676.699,555.306,619.117,1
6532,37,36.9335,125.219,586.339,139.629,611.236,0
6533,184.102,169.703,195.823,477.505,139.485,611.197,0
6534,242.506,263.413,359.008,441.294,320.538,191.379,1
6535,242.506,197.585,319.946,522.169,206.395,626.001,1
6536,67.8995,70.7356,135.828,548.881,139.925,611.061,0
6537,166.701,189.499,431.721,713.673,313.238,818.202,0
6538,242.506,200.289,458.941,425.462,609.484,334.622,1
6539,9.5,9.47254,601.899,754.847,611.091,755.313,0
6540,48.0998,66.6006,331.413,754.595,312.735,818.047,0
6541,87.7992,114.363,583.42,273.227,647.958,197.719,0
6542,62.3996,79.8055,562.29,503.642,615.632,540.327,0
6543,112.199,98.2421,235.036,279.285,249.166,185.106,0
6544,176.602,164.697,215.911,496.597,139.558,611.207,0
6545,178.402,142.583,275.685,643.007,144.705,615.671,0
6546,150.1,118.936,546.187,565.394,613.33,613.248,0
6547,242.506,189.827,468.936,363.411,607.253,334.68,1
6548,242.506,220.317,239.334,454.504,83.9039,406.386,1
6549,50.3998,60.0316,561.905,740.037,611.964,752.782,0
6550,33.5001,32.2572,598.517,779.994,611.228,755.565,0
6551,242.506,248.079,299.835,412.141,249.962,198.431,1
6552,0,0,141.188,613.422,141.188,613.422,0
6553,187.302,208.435,351.92,624.833,312.127,818.218,0
6554,4.6,4.49081,603.155,807.877,607.381,809.385,0
6555,96.9991,117.874,566.008,178.712,653.544,130.071,0
6556,10.4,9.9124,261.755,188.86,253.111,183.628,0
6557,3.3,2.23408,313.096,815.816,312.683,818.009,0
6558,114.799,115.895,242.359,758.248,310.498,818.878,0
6559,196.903,167.636,233.361,337.219,249.657,185.232,0
6560,109.399,147.108,273.462,673.456,149.548,693.17,0
6561,1.4,0.554609,649.868,189.575,650.107,190.076,0
6562,65.9996,66.8891,415.439,153.442,356.201,173.301,0
6563,242.506,220.004,466.09,463.377,604.497,528.408,1
6564,225.605,194.933,461.748,275.19,355.293,174.496,0
6565,205.503,142.295,491.563,620.155,613.258,613.202,0
6566,102.899,88.6541,418.587,215.164,355.74,174.348,0
6567,72.1995,75.4341,577.999,128.428,653.504,130.019,0
6568,242.506,142.409,501.771,623.773,599.927,613.006,1
6569,122.199,157.375,398.003,707.708,313.406,818.159,0
6570,188.602,138.849,449.25,139.075,355.86,173.926,0
6571,127.499,113.024,513.977,593.86,613.152,612.655,0
6572,48.3998,58.5053,326.526,215.464,349.71,174.718,0
6573,67.3995,66.0194,201.029,211.457,249.052,185.008,0
6574,121.499,151.243,343.913,675.265,312.725,817.996,0
6575,126.899,111.903,407.233,237.816,355.819,174.348,0
6576,144.5,124.618,515.347,365.189,630.391,334.507,0
6577,6.5,6.84111,641.902,200.704,648.463,198.176,0
6578,159.601,149.537,371.975,264.082,350.34,174.911,0
6579,35.2,46.4864,595.956,709.915,612.225,752.536,0
6580,192.803,209.24,611.234,382.233,615.672,539.551,0
6581,212.604,137.807,165.092,442.102,67.6993,405.504,0
6582,173.501,118.423,198.555,259.333,248.09,184.671,0
6583,124.099,128.493,175.028,260.568,247.967,184.58,0
6584,242.506,199.042,423.557,322.021,370.85,175.152,1
6585,74.5994,69.0157,585.107,662.267,613.313,612.44,0
6586,47.4998,40.0536,107.467,403.957,67.7039,404.839,0
6587,182.002,139.183,519.876,388.036,630.365,333.713,0
6588,67.9995,72.441,195.658,591.918,144.682,615.648,0
6589,134.599,109.269,525.649,347.656,630.453,333.834,0
6590,23.1001,28.9388,258.276,212.362,250.093,185.041,0
6591,220.404,229.508,352.06,367.587,348.971,174.37,0
6592,23.3001,25.4838,613.036,321.236,630.339,334.085,0
6593,85.9993,118.385,225.76,707.062,149.448,693.328,0
6594,235.405,159.446,290.31,614.842,144.645,615.491,0
6595,125.599,125.701,250.118,302.882,249.56,185.244,0
6596,8.4,9.86748,603.613,614.006,613.263,612.836,0
6597,118.299,101.715,219.176,281.007,248.996,185.042,0
6598,68.6995,66.4838,588.925,662.1,613.206,612.852,0
6599,28.7001,29.2228,407.39,107.238,405.86,78.1928,0
6600,45.1999,59.781,196.757,672.284,149.387,693.316,0
6601,242.506,275.518,321.237,487.378,141.258,581.025,1
6602,147.6,127.866,498.972,590.578,613.339,612.546,0
6603,242.506,234.019,386.06,458.551,545.132,350.653,1
6604,16.9,16.0978,635.285,207.389,648.229,198.063,0
6605,49.8998,63.0192,610.619,236.761,648.207,198.042,0
6606,34.3,48.1837,325.669,771.95,312.788,818.055,0
6607,0,0,651.675,190.517,651.675,190.517,0
6608,17.8,21.3018,629.854,207.797,648.401,198.067,0
6609,131.199,117.116,221.732,605.121,144.725,615.727,0
6610,223.204,151.841,295.07,634.191,144.676,615.691,0
6611,117.999,111.504,248.189,641.344,144.815,616.206,0
6612,0,0,614.802,615.656,614.802,615.656,0
6613,9.9,12.4812,341.033,183.674,349.711,174.729,0
6614,88.0992,115.794,552.235,197.152,647.815,191.428,0
6615,242.506,194.965,422.839,493.483,575.903,451.327,1
6616,32.5001,27.2853,586.761,614.956,613.216,612.994,0
6617,242.106,226.022,479.482,470.048,615.532,539.972,0
6618,32.1001,41.959,579.08,736.631,612.34,752.204,0
6619,40.8999,38.4371,105.119,398.351,67.7346,404.798,0
6620,126.599,105.097,523.02,595.274,613.35,612.421,0
6621,118.099,147.338,277.815,700.639,149.46,693.245,0
6622,198.203,152.593,192.595,313.358,248.465,184.822,0
6623,116.799,121.344,544.072,688.693,612.17,752.456,0
6624,178.702,159.646,183.152,474.086,139.605,611.228,0
6625,196.503,180.981,207.698,340.145,67.7295,404.794,0
6626,53.8997,60.0461,561.311,738.552,612.04,752.949,0
6627,242.506,198.151,457.357,332.399,373.922,175.259,1
6628,128.299,131.576,532.95,140.403,653.499,129.901,0
6629,15.9,17.1893,596.002,613.32,613.163,612.92,0
6630,232.805,225.461,507.633,476.796,615.579,539.705,0
6631,145,101.813,521.252,630.044,613.256,613.125,0
6632,168.601,131.55,534.796,562.188,613.354,612.534,0
6633,74.1994,69.2747,592.133,686.917,612.316,752.143,0
6634,5.8,5.16493,641.78,192.934,646.588,194.305,0
6635,79.8994,100.785,237.689,742.971,152.606,701.757,0
6636,30.8001,39.0526,301.244,790.561,312.019,818.325,0
6637,115.699,116.264,246.321,645.37,144.76,616.241,0
6638,242.506,192.756,224.529,430.82,70.3533,406.345,1
6639,194.903,122.48,224.78,305.089,248.91,184.969,0
6640,242.506,157.738,438.734,638.647,548.063,619.641,1
6641,210.504,146.622,277.552,603.67,144.721,616.253,0
6642,98.3991,102.286,220.475,652.02,144.822,615.979,0
6643,191.102,227.012,499.346,500.751,615.598,540.361,0
6644,83.2993,99.5767,522.512,762.335,611.137,755.21,0
6645,41.9999,60.8763,204.767,625.589,144.81,615.861,0
6646,213.504,244.731,283.047,515.199,139.527,611.24,0
6647,42.3999,38.9981,579.314,596.89,613.346,612.521,0
6648,198.203,213.701,434.261,679.695,312.79,817.968,0
6649,242.506,177.814,430.937,425.954,542.116,349.983,1
6650,242.506,154.988,429.049,622.265,555.617,617.351,1
6651,210.104,158.771,525.683,548.061,613.21,612.697,0
6652,198.403,185.151,477.743,396.238,630.523,334.734,0
6653,111.599,89.6425,442.098,177.506,355.632,174.399,0
6654,0,0,651.627,199.238,651.627,199.238,0
6655,242.506,159.475,304,646.083,154.144,616.692,1
6656,198.003,254.579,326.393,388.624,250.803,184.72,0
6657,242.506,190.08,233.805,429.757,78.9163,406.229,1
6658,191.202,153.003,286.158,624.301,144.772,615.85,0
6659,155.7,100.443,520.158,631.947,613.163,613.039,0
6660,242.506,232.644,455.782,468.58,604.69,536.821,1
6661,18.3,23.8962,175.742,709.407,153.636,700.34,0
6662,231.605,225.439,502.796,477.516,615.593,539.606,0
6663,172.401,155.236,391.037,263.432,355.887,174.138,0
6664,119.299,165.169,550.796,253.356,648.049,198.034,0
6665,152.3,154.268,349.966,305.526,349.466,174.49,0
6666,167.001,123.401,218.786,303.356,248.561,184.908,0
6667,178.102,181.299,215.967,479.574,140.477,611.312,0
6668,155,142.844,580.905,395.723,630.381,334.535,0
6669,96.0991,124.906,553.909,188.332,647.692,191.82,0
6670,107.699,106.988,264.145,289.139,249.706,185.208,0
6671,242.506,237.236,371.754,389.323,345.767,178.452,1
6672,49.3998,38.4931,229.39,214.791,249.047,185.026,0
6673,242.506,140.206,475.504,643.864,598.941,612.827,1
6674,237.405,162.21,479.964,644.572,613.196,612.994,0
6675,22.8001,21.8515,271.919,193.344,253.227,183.279,0
6676,158.2,163.968,283.115,667.697,144.748,616.05,0
6677,242.506,168.666,329.205,603.003,179.159,620.639,1
6678,105.599,117.519,590.268,443.749,615.554,539.588,0
6679,236.005,208.318,490.71,250.723,356.319,173.035,0
6680,148.2,172.078,512.422,202.389,647.666,192.006,0
6681,214.404,167.62,272.44,338.172,249.705,185.23,0
6682,242.506,141.023,459.758,672.158,557.768,618.352,1
6683,84.5993,81.9408,585.765,675.873,612.41,751.916,0
6684,202.103,141.141,275.848,611.517,144.745,615.782,0
6685,74.6994,77.5967,149.724,534.21,139.944,611.096,0
6686,197.503,146.754,449.218,248.67,356.347,173.059,0
6687,139.599,116.098,261.385,629.725,144.793,616.236,0
6688,105.299,116.266,189.435,259.854,248.783,185.034,0
6689,70.1995,76.1132,355.22,198.869,349.831,174.65,0
6690,242.506,188.575,458.305,374.338,602.124,334.07,1
6691,155.1,116.876,421.205,245.09,355.932,173.906,0
6692,38.4,49.6829,312.551,775.793,312.682,817.986,0
6693,67.2995,88.1281,332.635,732.63,312.51,817.968,0
6694,242.506,187.81,473.682,386.973,626.774,333.336,1
6695,236.805,308.853,332.631,438.191,251.181,184.492,0
6696,242.506,215.397,485.837,255.491,359.004,174.409,1
6697,195.403,137.692,519.674,655.351,613.346,613.113,0
6698,242.506,234.117,369.532,509.452,548.42,451.875,1
6699,157.7,125.452,531.872,657.923,613.353,613.318,0
6700,170.701,150.071,276.88,601.579,144.749,616.325,0
6701,143.9,187.805,295.067,718.428,149.368,693.388,0
6702,221.204,271.918,282.302,492.599,139.499,611.219,0
6703,16.3,21.0806,615.062,283.94,635.889,282.416,0
6704,94.6991,105.187,228.144,650.366,144.845,616.204,0
6705,242.506,245.033,287.965,441.85,85.3511,404.201,1
6706,81.2993,86.7173,269.713,270.436,249.672,185.209,0
6707,37.5,40.557,604.511,286.923,635.883,282.526,0
6708,111.699,117.191,187.987,260.178,248.644,184.886,0
6709,89.6992,91.8792,562.104,124.712,653.475,129.92,0
6710,242.506,209.546,408.598,523.861,548.142,450.314,1
6711,73.6994,74.1945,313.665,222.844,349.943,174.803,0
6712,0.8,0.228581,410.62,72.2656,410.405,72.3434,0
6713,181.802,191.684,249.986,502.283,140.319,611.177,0
6714,96.1991,131.26,331.332,695.651,312.2,818.203,0
6715,57.8997,53.1401,120.565,401.533,67.6536,405.549,0
6716,109.299,115.334,538.673,123.529,653.545,130.047,0
6717,150.2,118.084,414.651,239.257,355.507,174.437,0
6718,154.8,163.083,537.682,463.773,615.494,539.79,0
6719,6.4,5.98116,349.933,180.641,351.371,175.254,0
6720,2.1,1.2525,657.644,194.851,656.411,194.633,0
6721,219.804,299.174,393.326,565.224,313.035,818.094,0
6722,18.4,16.9963,156.854,610.515,144.735,616.017,0
6723,10.6,11.379,358.423,185.565,354.125,175.032,0
6724,188.102,152.388,279.849,324.038,250.188,184.894,0
6725,242.506,190.294,286.015,345.06,249.023,187.212,1
6726,242.506,211.582,468.101,255.272,373.696,173.565,1
6727,40.5,48.5261,192.613,624.261,144.804,615.771,0
6728,81.6993,94.789,571.755,156.077,653.558,130.226,0
6729,32.1001,32.7957,266.565,212.54,252.477,184.03,0
6730,9.9,11.3061,153.668,682.665,150.572,693.538,0
6731,242.506,272.624,323.212,485.337,143.831,574.493,1
6732,61.0996,74.8364,554.851,784.276,611.163,755.195,0
6733,100.899,103.025,167.218,389.119,67.8274,405.389,0
6734,242.506,189.439,477.184,274.092,368.334,174.998,1
6735,132.699,108.432,155.661,504.877,139.527,611.221,0
6736,31.6001,29.0768,240.193,212.787,249.24,185.097,0
6737,172.201,138.958,296.416,300.139,249.858,185.137,0
6738,242.506,151.737,492.118,649.875,607.986,613.149,1
6739,56.2997,66.2764,564.377,782.519,611.169,755.058,0
6740,158.8,170.891,229.797,537.779,140.227,611.156,0
6741,38.8,43.0709,601.787,289.145,635.927,282.545,0
6742,172.401,190.861,513.412,224.441,647.657,191.897,0
6743,161.101,140.255,224.87,583.23,144.653,616.346,0
6744,242.506,155.517,196.983,437.773,73.4005,406.225,1
6745,107.199,97.5124,539.027,354.037,630.393,333.667,0
6746,104.099,101.935,263.081,284.774,250.131,184.963,0
6747,208.204,167.151,430.619,294.282,355.915,174.085,0
6748,26.0001,26.4352,265.134,207.129,252.512,183.914,0
6749,46.9999,55.0825,597.093,700.107,612.253,752.084,0
6750,65.2996,65.0925,286.882,789.959,310.466,818.904,0
6751,242.506,151.436,455.594,599.307,596.296,612.459,1
6752,32.2001,41.3718,187.281,704.03,153.432,700.806,0
6753,242.506,176.452,251.204,348.831,249.84,188.625,1
6754,189.802,133.696,467.175,205.539,355.749,174.229,0
6755,65.3996,61.749,129.754,404.25,67.7219,404.88,0
6756,7.5,7.75302,257.195,190.067,253.079,183.636,0
6757,108.699,91.9725,158.317,545.583,139.616,611.258,0
6758,133.799,133.673,247.342,309.117,249.72,185.244,0
6759,202.503,175.842,171.619,320.007,67.7496,404.763,0
6760,56.7997,68.3541,409.063,144.899,405.854,78.1457,0
6761,242.506,181.604,255.039,387.551,80.8042,404.944,1
6762,242.506,128.036,496.188,635.447,560.411,618.534,1
6763,70.1995,68.3241,584.927,692.284,612.324,752.344,0
6764,7.89999,8.57019,75.9716,406.977,67.8399,405.168,0
6765,100.799,128.766,579.79,284.195,648.042,198.038,0
6766,20.9,24.0405,327.747,183.65,349.255,174.542,0
6767,190.702,153.397,190.434,313.104,247.794,184.549,0
6768,61.7996,78.65,197.474,646.015,149.791,693.261,0
6769,78.3994,87.9625,225.281,265.358,249.168,185.079,0
6770,27.4001,33.2724,618.743,201.545,647.542,196.784,0
6771,44.3999,58.5782,181.159,590.064,144.541,616.796,0
6772,186.402,137.834,543.376,552.323,613.283,612.526,0
6773,128.499,152.978,316.713,688.147,312.158,818.237,0
6774,151.6,129.615,282.318,292.571,250.374,184.889,0
6775,242.506,242.962,403.524,580.663,542.432,616.519,1
6776,242.506,236.773,402.42,579.858,540.747,617.465,1
6777,182.102,135.944,475.072,156.167,356.088,173.45,0
6778,230.805,150.686,480.188,649.795,613.273,613.118,0
6779,38.2,33.3673,234.714,213.181,248.629,184.948,0
6780,77.4994,82.4446,225.852,627.82,144.69,615.599,0
6781,30.3001,24.9935,593.872,620.28,613.265,613.224,0
6782,126.099,140.083,605.524,448.672,615.585,539.742,0
6783,167.501,165.825,527.482,440.207,615.584,539.698,0
6784,242.506,248.151,378.065,424.805,321.694,196.301,1
6785,206.003,167.504,192.574,330.874,248.163,184.663,0
6786,2.2,1.2206,612.158,613.155,613.171,612.973,0
6787,242.506,180.463,236.231,372.996,71.3979,404.941,1
6788,134.399,103.769,213.883,255.301,248.583,184.891,0
6789,198.603,145.265,439.604,260.269,355.79,174.103,0
6790,42.2999,44.1537,602.409,290.54,635.891,282.441,0
6791,242.506,139.8,434.745,631.783,556.335,618.523,1
6792,242.506,210.954,463.885,487.864,557.705,616.056,1
6793,23.8001,26.2687,615.804,274.595,635.951,282.517,0
6794,161.001,112.95,510.426,641.313,613.338,613.208,0
6795,53.8997,59.4213,612.763,155.496,653.479,129.954,0
6796,90.6992,119.973,355.411,707.574,313.202,818.158,0
6797,102.999,129.239,511.939,730.638,611.751,753.287,0
6798,242.506,224.684,347.108,540.989,194.899,624.481,1
6799,31.3001,42.2034,597.71,713.534,612.226,752.413,0
6800,242.506,175.32,212.438,447.519,77.4895,404.149,1
6801,120.499,101.125,543.154,584.536,613.262,612.439,0
6802,57.8997,58.7097,571.392,635.979,613.251,612.507,0
6803,115.999,143.248,543.075,177.69,647.658,191.891,0
6804,242.506,136.027,471.861,642.298,593.344,615.35,1
6805,153,115.952,213.447,249.177,247.891,184.489,0
6806,242.506,240.638,347.525,563.018,160.968,619.084,1
6807,98.0991,108.472,298.257,728.316,311.728,818.392,0
6808,196.403,187.971,196.135,506.268,140.586,611.345,0
6809,99.5991,105.962,292.175,739.172,311.639,818.426,0
6810,5.6,5.64016,352.189,181.333,352.34,175.705,0
6811,81.1993,85.5312,152.18,395.119,67.7338,404.923,0
6812,7.99999,7.54268,351.116,183.094,352.43,175.735,0
6813,145.2,110.651,176.807,404.829,67.6973,405.484,0
6814,12.3,11.62,599.163,803.695,606.728,811.124,0
6815,40.1,45.4238,609.323,135.864,653.488,129.952,0
6816,242.506,189.423,240.814,440.947,92.29,405.531,1
6817,31.7001,37.6518,259.474,220.919,249.873,185.067,0
6818,242.506,263.629,363.94,471.616,215.656,624.906,1
6819,226.005,171.139,217.146,352.269,67.8345,405.22,0
6820,77.2994,75.5422,588.528,669.588,613.253,612.966,0
6821,144.1,116.675,182.441,388.008,67.7843,405.254,0
6822,242.506,177.23,216.13,433.039,74.6158,406.187,1
6823,222.504,168.141,288.508,333.173,250.027,185.012,0
6824,122.199,136.714,143.435,474.153,67.7202,405.456,0
6825,219.804,154.735,524.692,546.375,613.283,613.068,0
6826,217.104,163.179,178.42,305.554,248.057,184.726,0
6827,179.502,139.952,516.641,381.97,630.398,333.818,0
6828,73.0995,75.3753,190.603,601.67,144.733,615.616,0
6829,242.506,149.619,487.014,210.021,363.004,174.992,1
6830,239.405,166.928,458.071,599.581,613.319,613.186,0
6831,106.499,101.426,243.144,628.738,144.663,615.555,0
6832,242.506,250.246,287.603,451.638,89.4272,404.156,1
6833,242.506,154.178,499.614,538.641,559.504,612.748,1
6834,242.506,148.451,488.995,157.525,359.887,175.757,1
6835,242.506,97.7817,472.365,336.433,470.87,329.061,1
6836,139.699,123.956,352.167,271.652,349.958,174.769,0
6837,53.8997,41.6194,254.222,226.53,249.769,185.098,0
6838,132.399,116.224,522.605,337.411,630.389,333.799,0
6839,113.399,135.921,350.286,690.622,313.243,818.235,0
6840,242.506,161.101,425.987,415.138,531.213,354.293,1
6841,242.506,154.062,426.138,392.325,542.631,350.343,1
6842,225.605,169.302,171.513,311.014,248.753,184.879,0
6843,120.299,129.974,526.152,708.208,612.327,752.163,0
6844,105.199,84.0946,553.778,332.311,630.357,334.424,0
6845,174.401,199.211,418.707,684.831,313.374,818.234,0
6846,242.506,185.85,404.017,309.41,366.668,175.658,1
6847,242.506,251.854,392.845,415.459,321.109,196.61,1
6848,171.901,185.998,362.226,333.023,349.47,174.562,0
6849,141.699,105.696,215.413,252.145,248.555,184.879,0
6850,242.506,186.305,300.405,344.43,249.912,190.071,1
6851,28.5001,24.9221,92.3383,402.473,67.7001,404.862,0
6852,242.506,222.691,369.203,510.071,533.192,443.954,1
6853,120.499,119.6,256.78,645.484,144.699,615.715,0
6854,242.506,184.385,229.921,351.216,249.92,186.083,1
6855,237.805,335.878,407.955,538.298,312.655,818.04,0
6856,242.506,156.315,422.657,403.697,534.995,351.475,1
6857,242.506,275.379,356.477,466.252,321.192,199.757,1
6858,107.199,134.24,541.923,187.086,647.687,191.755,0
6859,191.002,174.281,268.566,338.679,250.642,184.814,0
6860,100.499,105.22,551.096,665.993,613.345,613.182,0
6861,117.799,127.804,527.108,118.838,653.467,130.182,0
6862,153.7,119.897,128.613,511.465,139.657,611.194,0
6863,222.004,274.676,309.261,516.62,139.603,611.205,0
6864,88.2992,107.071,579.149,446.078,615.594,539.731,0
6865,90.6992,86.1107,540.617,601.155,613.22,612.57,0
6866,242.506,157.905,426.838,416.514,527.835,359.043,1
6867,242.506,205.712,287.872,366.642,250.31,185.416,1
6868,242.506,266.527,413.861,409.322,319.383,192.676,1
6869,29.6001,41.2591,190.882,717.247,152.743,701.75,0
6870,42.4999,54.4126,177.439,657.033,149.719,693.249,0
6871,117.099,161.313,539.566,286.96,648.104,197.999,0
6872,142.399,136.306,350.315,289.452,349.934,174.818,0
6873,30.2001,35.7026,408.848,113.407,405.892,78.1681,0
6874,50.9998,54.8899,159.713,569.724,139.945,611.144,0
6875,53.3998,52.7932,601.628,131.942,653.496,129.798,0
6876,50.1998,61.7618,185.529,589.733,144.782,615.776,0
6877,242.506,161.316,425.127,416.027,528.28,355.413,1
6878,242.506,194.442,399.146,631.152,552.706,619.954,1
6879,242.506,264.52,358.821,451.297,319.994,196.431,1
6880,230.005,213.455,278.571,377.996,250.694,184.849,0
6881,151.4,120.014,422.563,245.988,356.186,173.349,0
6882,201.303,166.723,500.682,362.005,630.384,333.68,0
6883,122.199,122.484,178.751,260.934,249.39,185.201,0
6884,166.901,162.342,364.315,307.762,350.176,174.805,0
6885,25.3001,23.4565,249.435,208.988,249.765,185.04,0
6886,7.99999,6.87292,629.57,283.85,636.065,282.855,0
6887,221.604,144.369,493.336,648.346,613.227,613.036,0
6888,30.1001,37.997,314.075,186.283,349.417,174.528,0
6889,238.005,233.284,273.503,396.059,250.346,184.914,0
6890,182.402,144.065,194.324,305.482,248.563,184.805,0
6891,242.506,102.783,184.612,655.617,173.754,658.658,1
6892,242.506,232.441,378.244,513.829,547.218,446.241,1
6893,150.5,131.823,281.076,291.734,249.81,185.133,0
6894,21.8,24.874,144.428,669.383,149.693,693.299,0
6895,175.602,223.301,332.444,371.867,251.284,184.513,0
6896,133.999,151.697,226.05,524.057,140.291,611.221,0
6897,135.199,129.895,579.925,380.949,630.429,334.467,0
6898,24.3001,28.7993,320.463,790.435,312.687,818.051,0
6899,204.003,154.46,444.776,149.703,356.164,173.414,0
6900,111.199,117.128,538.109,121.954,653.569,130.035,0
6901,58.1997,61.3745,146.032,550.881,139.933,611.113,0
6902,59.7997,68.945,589.676,220.905,647.862,197.687,0
6903,121.899,130.377,296.095,292.842,250.814,184.664,0
6904,24.4001,26.6978,381.958,171.278,355.935,173.836,0
6905,242.506,278.838,323.407,490.486,141.516,582.206,1
6906,189.202,136.165,272.204,614.65,144.621,615.488,0
6907,126.799,130.924,296.597,290.586,249.838,185.123,0
6908,27.9001,31.6781,613.512,296.992,635.885,282.398,0
6909,150.3,167.526,361.281,664.508,312.321,818.071,0
6910,28.2001,28.7966,143.861,665.858,149.613,693.208,0
6911,242.506,210.871,477.277,424.584,626.456,334.59,1
6912,163.701,130.795,260.787,612.354,144.788,615.752,0
6913,242.506,214.503,349.105,537.641,207.06,625.35,1
6914,121.499,117.238,268.908,296.999,249.765,185.109,0
6915,52.5998,39.5899,576.395,622.086,613.165,612.63,0
6916,242.506,222.253,427.337,428.928,586.352,335.496,1
6917,3.4,2.58062,600.624,830.846,603.013,831.819,0
6918,82.3993,82.7118,318.519,232.677,349.601,174.586,0
6919,43.4999,48.1572,154.657,573.873,139.94,611.07,0
6920,242.506,186.554,472.225,377.142,619.894,334.112,1
6921,17.6,21.4792,599.434,735.639,612.242,752.446,0
6922,242.506,262.621,438.275,528.482,538.479,617.029,1
6923,152.1,148.87,276.491,653.643,144.709,616.354,0
6924,242.506,256.565,301.495,453.393,96.1566,404.236,1
6925,33.0001,41.7448,599.317,508.642,615.52,540.233,0
6926,242.506,230.405,275.415,414.349,81.9805,404.202,1
6927,225.705,226.428,369.493,375.014,349.116,174.385,0
6928,215.704,144.525,150.567,440.248,67.5497,405.838,0
6929,87.5992,101.363,221.215,753.549,152.689,701.812,0
6930,40.7999,31.4316,593.997,627.408,613.389,613.242,0
6931,242.506,274.588,315.164,441.497,99.6708,403.975,1
6932,227.505,240.394,349.702,378.543,349.452,174.533,0
6933,0,0,144.258,616.381,144.258,616.381,0
6934,207.003,193.782,396.363,298.384,355.35,174.538,0
6935,114.499,130.598,130.428,482.845,67.6746,405.539,0
6936,242.506,190.12,424.619,594.712,550.623,618.029,1
6937,13.7,13.078,262.366,193.096,253.191,183.34,0
6938,14,17.6469,414.398,93.6569,408.288,77.2565,0
6939,6.3,6.61924,150.899,618.55,144.635,616.425,0
6940,127.999,122.532,350.038,271.673,350.09,174.798,0
6941,242.506,170.599,290.123,611.804,147.317,615.633,1
6942,190.402,147.126,279.562,317.277,249.48,185.187,0
6943,35,36.8322,590.626,778.273,611.161,755.574,0
6944,217.604,297.759,390.133,564.789,312.284,818.117,0
6945,74.5994,83.6,228.245,264.971,249.539,185.195,0
6946,242.506,230.303,392.874,393.074,322.209,189.665,1
6947,134.699,156.664,494.741,711.107,612.393,751.987,0
6948,45.3999,50.8153,586.696,522.703,615.589,540.293,0
6949,75.6994,79.5932,145.94,400.179,67.7322,404.867,0
6950,119.699,110.335,524.822,350.957,630.452,334.554,0
6951,242.506,229.423,424.989,550.519,542.455,617.421,1
6952,242.506,170.256,413.39,439.021,528.698,357.885,1
6953,121.799,146.791,546.048,441.158,615.655,540.344,0
6954,170.601,143.877,180.219,351.552,67.7889,405.068,0
6955,217.004,254.998,284.573,507.607,139.486,611.202,0
6956,220.704,151.054,183.332,438.358,67.5792,405.829,0
6957,92.6992,107.569,578.722,445.921,615.578,539.666,0
6958,164.401,126.062,425.924,248.895,355.495,174.443,0
6959,104.299,83.4936,436.052,180.132,356.204,173.404,0
6960,45.8999,43.7961,235.782,226.096,248.954,184.973,0
6961,108.099,115.61,259.016,296.876,250.596,184.808,0
6962,20.2,23.5215,413.81,100.348,406.248,78.0951,0
6963,49.8998,45.3446,219.341,206.611,248.23,184.683,0
6964,18.6,19.6119,599.364,550.963,616.589,542.662,0
6965,223.404,175.641,415.874,295.707,355.375,174.43,0
6966,100.099,122.019,565.043,182.513,653.556,130.438,0
6967,35.4,43.7707,415.229,120.56,405.925,78.1653,0
6968,98.0991,121.486,517.658,726.141,611.78,753.515,0
6969,125.199,112.938,465.29,180.715,356.192,173.278,0
6970,78.0994,84.7611,177.81,547.456,140.291,611.22,0
6971,88.4992,88.8137,528.426,607.859,613.267,612.432,0
6972,66.7996,62.3452,608.544,646.865,613.323,613.184,0
6973,242.506,249.994,425.659,359.059,370.861,173.345,1
6974,3.7,2.89369,69.7205,408.116,66.9285,407.356,0
6975,50.5998,45.6435,293.797,204.546,252.587,184.012,0
6976,20.3,26.5694,258.323,210.133,249.951,184.97,0
6977,100.099,111.109,609.594,458.628,615.604,539.569,0
6978,242.506,150.489,449.903,678.899,555.979,616.538,1
6979,242.506,184.669,474.465,391.756,628.36,334.666,1
6980,8.2,7.75639,640.954,201.227,647.95,197.85,0
6981,70.0995,75.193,548.534,743.715,611.92,753.083,0
6982,242.506,183.687,415.926,626.104,550.129,617.154,1
6983,52.7998,62.9348,269.266,243.774,250.504,184.764,0
6984,149.1,116.989,414.96,238.779,355.558,174.42,0
6985,45.2999,33.0955,593.323,629.1,613.265,613.055,0
6986,85.5993,88.6753,155.432,395.899,67.7114,404.826,0
6987,32.3001,38.5727,175.422,630.812,144.735,615.776,0
6988,150.1,132.024,225.532,595.476,144.654,615.562,0
6989,215.804,289.52,383.219,567.314,312.731,817.969,0
6990,223.504,187.768,473.989,386.911,630.458,334.542,0
6991,180.502,136.208,277.363,637.535,144.592,615.551,0
6992,30.7001,37.5248,615.593,188.585,648.04,191.037,0
6993,21.7,21.6482,330.802,185.231,349.749,174.695,0
6994,32.0001,38.7411,301.763,791.722,312.003,818.253,0
6995,195.303,237.534,322.001,377.406,250.673,184.846,0
6996,155.4,109.67,202.312,260.553,248.089,184.678,0
6997,39.1,52.2123,189.732,672.99,149.781,693.206,0
6998,170.701,123.82,511.837,645.843,613.394,612.366,0
6999,231.105,298.995,331.553,427.304,251.13,184.515,0
7000,150.4,140.532,170.973,352.41,67.8404,404.996,0
7001,110.899,110.991,260.933,293.022,250.157,184.99,0
7002,15.4,19.98,259.228,202.717,251.129,184.452,0
7003,7.5,7.86495,604.092,751.743,611.539,754.263,0
7004,217.604,175.007,224.869,346.217,249.917,185.122,0
7005,180.502,144.007,198.072,308.026,248.556,184.845,0
7006,239.605,204.963,506.098,579.027,613.188,612.566,0
7007,221.504,139.431,482.287,166.167,356.107,173.538,0
7008,58.5997,52.8893,215.099,215.683,248.25,184.707,0
7009,242.506,215.492,341.492,538.096,205.707,626.34,1
7010,31.7001,31.9996,140.266,663.296,149.455,693.293,0
7011,242.506,270.457,415.92,522.894,536.579,616.983,1
7012,29.4001,36.3048,616.233,214.264,648.24,198.144,0
7013,112.199,145.433,387.072,707.126,313.197,818.17,0
7014,19.4,21.8008,599.55,769.969,611.175,755.193,0
7015,211.104,249.712,380.523,610.476,313.32,818.231,0
7016,43.6999,37.0775,104.079,399.782,67.7935,404.958,0
7017,66.2996,78.0657,550.787,784.52,611.098,755.273,0
7018,242.506,217.341,324.15,500.346,210.322,625.219,1
7019,242.506,188.847,426.83,428.697,553.667,348.56,1
7020,40.2,42.2342,119.977,584.619,139.917,611.132,0
7021,189.902,145.865,520.597,390.771,630.443,333.673,0
7022,104.699,97.2407,234.033,277.48,249.801,185.138,0
7023,167.901,156.077,353.915,309.831,349.878,174.77,0
7024,153.1,139.064,350.448,292.277,349.92,174.826,0
7025,161.101,124.008,189.831,391.541,67.5677,405.646,0
7026,242.506,149.588,202.556,431.882,80.0297,404.872,1
7027,60.3997,60.3392,160.106,563.644,139.851,611.06,0
7028,242.506,171.753,534.069,523.239,600.463,611.814,1
7029,242.506,162.819,423.025,415.158,527.738,358.184,1
7030,25.1001,28.3382,590.093,768.197,611.241,755.526,0
7031,94.2991,110.255,248.679,742.454,152.747,701.667,0
7032,63.9996,71.4438,316.639,755.583,311.731,818.371,0
7033,16.9,20.1132,375.645,174.761,355.834,174.112,0
7034,242.506,120.38,518.968,568.875,560.088,613.22,1
7035,79.8994,62.8926,299.969,767.718,311.23,818.55,0
7036,238.605,312.684,330.334,441.691,250.918,184.741,0
7037,148.9,125.295,268.232,635.858,144.801,616.004,0
7038,199.803,155.348,189.664,344.543,67.7259,405.612,0
7039,138.199,167.893,310.59,714.79,312.421,818.055,0
7040,221.204,174.109,417.871,294.976,355.547,174.398,0
7041,50.2998,66.8428,574.094,502.286,615.598,540.326,0
7042,92.0992,95.9369,215.89,263.551,248.472,184.807,0
7043,51.9998,58.0032,593.654,697.587,612.15,752.361,0
7044,242.506,186.875,287.511,344.006,248.81,186.468,1
7045,124.399,146.396,274.182,690.717,149.631,693.238,0
7046,227.405,165.98,500.557,160.193,356.031,173.757,0
7047,122.599,145.643,523.003,693.842,612.462,751.902,0
7048,59.5997,81.4854,548.254,798.58,602.373,833.285,0
7049,174.901,141.366,516.877,388.101,630.406,333.763,0
7050,167.701,125.224,212.658,243.011,248.142,184.71,0
7051,59.7997,63.8008,564.685,730.628,611.937,753.11,0
7052,242.506,252.214,347.817,420.457,322.536,194.16,1
7053,91.7992,93.7546,160.045,395.023,67.7126,404.841,0
7054,242.506,190.608,349.079,586.484,185.117,621.773,1
7055,242.506,187.068,394.9,632.246,552.095,616.687,1
7056,114.899,115.386,221.955,763.118,152.83,701.791,0
7057,128.799,126.183,530.862,373.022,630.416,334.363,0
7058,231.005,179.044,265.33,343.318,249.407,185.233,0
7059,239.305,200.591,454.148,303.025,355.126,174.568,0
7060,56.8997,45.0409,258.422,229.585,249.26,185.242,0
7061,242.506,127.997,494.28,640.896,578.536,618.07,1
7062,36.5,35.603,579.321,817.957,602.445,833.283,0
7063,242.506,230.216,448.767,479.287,599.462,517.153,1
7064,90.0992,95.0569,243.727,257.21,249.772,185.117,0
7065,136.299,142.033,244.26,654.755,144.785,616.234,0
7066,117.299,142.848,531.707,183.723,647.973,191.338,0
7067,160.301,115.949,197.34,261.754,248.365,184.837,0
7068,4.1,3.7749,598.666,832.638,602.355,833.41,0
7069,100.199,84.8044,401.903,211.13,355.582,174.293,0
7070,38.7,46.0783,305.86,186.529,349.317,174.519,0
7071,84.0993,79.3307,574.554,694.012,612.128,752.572,0
7072,242.506,25.7014,337.555,316.818,338.353,316.94,1
7073,68.0995,74.2398,593.604,187.709,648.507,190.779,0
7074,242.506,192.085,215.298,449.723,71.4435,406.204,1
7075,92.1992,111.053,552.15,480.178,615.469,540.135,0
7076,242.506,148.913,218.163,416.373,75.1566,405.531,1
7077,33.6001,42.6569,188.083,704.614,152.691,701.812,0
7078,23.6001,19.602,87.6902,403.538,67.8025,405.05,0
7079,129.799,103.672,166.18,383.899,67.6674,404.806,0
7080,49.2998,42.1549,110.083,402.004,67.7007,405.485,0
7081,30.9001,36.3862,574.743,806.351,606.742,810.961,0
7082,184.502,153.407,424.831,277.69,356.256,173.133,0
7083,30.6001,28.6152,95.0122,398.498,67.8403,405.141,0
7084,42.5999,33.7391,233.701,212.997,248.808,184.996,0
7085,234.105,206.115,499.979,248.192,356.305,173.198,0
7086,24.1001,23.7109,274.084,193.893,252.94,183.822,0
7087,174.301,190.721,513.339,225.291,647.917,191.368,0
7088,110.599,92.3758,145.767,521.732,139.606,611.19,0
7089,54.9997,75.1632,202.554,701.136,152.799,701.799,0
7090,18.7,15.0123,265.436,192.451,253.046,183.618,0
7091,242.506,134.351,456.434,637.315,573.921,617.759,1
7092,242.506,197.174,281.806,371.307,248.983,192.976,1
7093,148.7,137.518,199.191,382.38,67.6836,404.818,0
7094,88.7992,125.854,250.202,667.809,149.594,693.277,0
7095,4,3.45021,359.283,174.835,356.151,173.389,0
7096,104.199,96.2214,335.854,251.091,350.131,174.794,0
7097,80.4993,77.5203,195.479,643.882,144.763,616.244,0
7098,242.506,171.241,434.671,607.028,554.926,618.554,1
7099,120.499,138.462,109.092,495.717,67.6254,405.653,0
7100,227.605,231.615,263.672,426.591,67.5589,404.714,0
7101,161.401,188.246,332.67,642.208,311.887,818.27,0
7102,242.506,211.351,446.219,576.952,554.032,614.381,1
7103,135.099,125.655,277.411,295.773,249.838,185.068,0
7104,100.799,93.4315,273.983,770.511,310.525,818.911,0
7105,174.901,136.181,482.307,185.26,356.178,173.287,0
7106,144.4,159.736,322.497,310.906,250.892,184.701,0
7107,232.405,212.657,393.238,326.008,350.474,174.971,0
7108,118.999,139.545,316.854,284.419,251.122,184.639,0
7109,174.901,225.026,499.452,259.669,648.004,197.764,0
7110,91.1992,116.61,591.324,269.956,648.084,197.943,0
7111,12.9,13.2747,589.575,830.202,602.457,833.317,0
7112,128.699,161.339,392.736,698.059,313.411,818.242,0
7113,23.3001,28.0307,590.936,768.419,611.118,755.257,0
7114,140.999,128.332,394.572,241.617,355.63,174.433,0
7115,242.506,206.885,421.761,583.067,549.616,616.66,1
7116,49.7998,41.9021,589.665,637.614,613.342,613.224,0
7117,48.7998,47.7406,113.652,396.476,67.6867,404.897,0
7118,177.802,155.869,287.189,620.768,144.749,616.075,0
7119,122.299,153.307,489.654,718.491,611.911,753.12,0
7120,82.8993,111.398,338.755,710.627,312.532,818.039,0
7121,242.506,255.191,379.318,537.714,201.545,626.231,1
7122,242.506,251.698,429.114,535.13,535.547,617.395,1
7123,171.301,154.786,505.205,389.572,630.332,334.343,0
7124,242.506,155.302,476.673,643.282,611.839,613.172,1
7125,68.5995,97.4922,571.977,240.742,647.871,197.802,0
7126,79.0994,90.5617,177.011,210.085,248.263,184.795,0
7127,24.5001,22.1409,601.237,599.537,613.474,612.069,0
7128,238.105,164.772,198.634,437.875,67.6209,405.762,0
7129,183.602,148.531,514.578,394.189,630.252,334.285,0
7130,216.704,184.067,275.159,350.672,249.313,185.22,0
7131,242.506,251.199,376.203,526.032,211.132,625.686,1
7132,169.601,180.9,356.524,649.999,312.333,818.071,0
7133,146.4,169.176,513.201,205.593,648.237,190.953,0
7134,242.506,200.672,349.388,592.724,169.029,619.573,1
7135,93.2991,81.9738,552.18,349.048,630.386,333.728,0
7136,88.6992,89.8012,155.908,398.487,67.7996,405.156,0
7137,140.099,146.035,510.526,116.909,653.458,129.853,0
7138,242.506,194.559,401.911,614.025,551.916,615.108,1
7139,242.506,206.687,460.12,344.298,377.323,174.937,1
7140,24.6001,26.631,406.09,105.148,405.916,78.1953,0
7141,19.2,21.1703,272.392,190.245,253.215,183.124,0
7142,209.004,211.363,385.379,640.963,313.041,818.057,0
7143,168.801,153.613,186.406,345.744,67.7586,404.958,0
7144,242.506,213.05,460.324,478.488,596.572,510.439,1
7145,140.099,139.041,299.514,302.284,250.909,184.726,0
7146,10.1,11.6562,604.178,540.51,615.687,539.544,0
7147,127.099,148.384,535.059,212.205,647.88,191.588,0
7148,121.599,164.555,540.206,280.323,647.866,197.749,0
7149,205.403,237.114,259.637,527.324,140.243,611.195,0
7150,30.1001,33.1218,598.318,781.97,607.201,809.965,0
7151,242.506,233.122,488.099,485.453,607.13,540.185,1
7152,241.506,215.854,268.707,558.281,144.668,615.575,0
7153,5,4.70705,72.4786,404.393,67.772,405.303,0
7154,219.604,169.359,246.728,339.052,249.576,185.042,0
7155,58.2997,54.2729,587.158,649.468,613.346,613.065,0
7156,125.999,117.001,202.116,536.95,140.209,611.24,0
7157,139.899,180.361,295.328,711.043,149.629,693.22,0
7158,77.4994,73.0882,558.097,340.347,630.436,334.358,0
7159,10.4,10.0164,601.046,754.542,611.131,755.218,0
7160,242.506,181.176,411.26,421.808,529.404,358.052,1
7161,184.002,142.951,514.569,389.88,630.372,333.76,0
7162,0,0,403.804,69.9745,403.804,69.9745,0
7163,231.105,194.585,405.252,304.828,355.326,174.503,0
7164,28.4001,28.815,246.713,213.865,249.806,185.09,0
7165,242.506,250.91,365.318,404.059,346.397,177.214,1
7166,140.699,109.804,174.513,401.346,67.701,405.471,0
7167,111.999,115.407,260.872,295.19,249.919,185.13,0
7168,9.8,10.8792,644.369,136.28,654.068,131.499,0
7169,111.199,109.071,176.546,523.462,140.191,611.173,0
7170,219.304,223.609,502.103,477.78,615.643,540.306,0
7171,12.5,14.4818,153.567,679.122,149.715,693.215,0
7172,163.001,133.574,158.964,481.922,139.328,611.261,0
7173,102.799,83.5859,608.671,678.579,612.305,752.271,0
7174,242.506,127.85,467.56,645.092,567.882,618.297,1
7175,110.299,122.763,572.256,431.801,615.668,539.705,0
7176,147.3,142.569,299.892,303.265,251.005,184.609,0
7177,118.099,120.975,181.845,261.296,248.412,184.793,0
7178,43.1999,44.1802,582.872,779.576,611.055,755.394,0
7179,242.506,208.835,475.971,504.134,558.069,611.466,1
7180,84.9993,78.9475,587.6,365.493,630.385,334.358,0
7181,4.4,3.26842,645.172,189.372,648.242,190.871,0
7182,227.405,165.152,460.411,595.985,613.347,612.414,0
7183,121.299,121.434,255.027,645.203,144.606,615.556,0
7184,83.1993,78.9349,148.769,537.032,139.632,611.237,0
7185,86.6992,76.4613,588.358,363.991,630.274,334.284,0
7186,174.401,171.868,311.55,313.847,250.736,184.736,0
7187,162.901,181.03,504.253,202.414,648.42,190.874,0
7188,242.506,220.803,377.051,557.554,209.1,625.983,1
7189,49.0998,57.382,559.397,749.46,611.994,752.898,0
7190,181.002,202.501,420.004,688.272,313.137,818.156,0
7191,242.506,169.958,223.976,428.784,88.2045,405.54,1
7192,225.905,138.483,482.888,164.723,356.075,173.539,0
7193,162.301,143.687,278.734,650.794,144.743,616.258,0
7194,102.199,84.2813,415.416,212.007,355.643,174.387,0
7195,113.699,148.51,315.977,699.472,312.191,818.152,0
7196,162.801,158.898,536.143,452.133,615.514,539.776,0
7197,242.506,235.243,286.856,431.433,86.0474,404.073,1
7198,14.3,16.4954,596.744,612.832,613.193,612.742,0
7199,242.506,190.711,467.875,370.831,617.083,333.495,1
7200,122.199,106.298,516.336,600.2,613.228,612.698,0
7201,185.602,150.085,287.557,625.078,144.68,615.701,0
7202,153.3,173.553,524.495,222.278,647.663,191.847,0
7203,69.2995,71.9354,417.565,155.32,356.105,173.525,0
7204,60.9996,79.815,327.281,742.089,312.777,818.037,0
7205,95.4991,74.3335,415.531,200.972,356.235,173.434,0
7206,134.799,180.843,542.961,239.351,648.016,197.782,0
7207,147,170.851,303.326,683.563,313.091,818.083,0
7208,129.899,115.319,453.618,161.781,356.069,173.569,0
7209,242.506,212.928,482.292,248.275,357.762,174.197,1
7210,84.8993,115.972,250.595,709.952,153.685,700.215,0
7211,33.4001,37.9603,616.602,135.923,653.466,130.048,0
7212,130.499,175.41,543.827,244.374,647.965,197.79,0
7213,26.7001,26.7226,236.233,204.384,249.345,185.18,0
7214,60.9996,57.5336,605.341,642.906,613.264,613.224,0
7215,0,0,615.978,614.898,615.978,614.898,0
7216,242.506,97.8178,176.545,659.969,174.052,659.197,1
7217,172.301,193.17,434.212,712.831,313.581,818.252,0
7218,242.506,241.21,332.021,477.617,212.491,625.993,1
7219,242.506,202.841,464.956,426.162,613.33,333.772,1
7220,131.099,154.062,515.021,693.508,612.409,752.059,0
7221,74.4994,66.1786,419.94,177.593,355.778,174.26,0
7222,144.1,147.532,518.668,146.63,653.48,130.03,0
7223,62.8996,70.5225,96.6169,448.163,67.8188,405.398,0
7224,42.8999,51.6748,409.126,129.46,405.948,78.2205,0
7225,173.901,143.449,496.31,343.37,630.414,333.754,0
7226,183.102,170.936,236.607,508.918,139.548,611.163,0
7227,242.506,209.011,453.223,415.285,604.813,334.149,1
7228,174.701,137.63,432.963,257.041,355.483,174.443,0
7229,93.4991,85.3703,568.586,666.286,613.211,612.872,0
7230,126.199,97.1333,132.165,529.293,139.673,611.097,0
7231,237.105,242.642,471.833,345.311,630.427,333.709,0
7232,8.7,8.86093,138.734,602.465,139.889,611.154,0
7233,4.6,4.51329,148.201,688.963,149.661,693.233,0
7234,86.2993,100.72,528.739,758.538,611.176,755.139,0
7235,242.506,163.19,317.933,619.523,158.346,617.338,1
7236,152.8,114.559,163.944,424.92,67.7275,405.556,0
7237,42.4999,55.4745,307.004,771.758,311.991,818.185,0
7238,87.4992,94.8144,191.298,239.439,248.568,184.937,0
7239,242.506,211.643,334.234,511.281,208.614,624.36,1
7240,118.199,124.004,540.837,680.026,613.314,613.084,0
7241,104.699,98.9674,218.981,276.054,248.068,184.698,0
7242,237.805,174.046,282.263,577.048,144.711,616.421,0
7243,221.204,189.239,323.13,617.968,144.761,616.229,0
7244,224.204,151.779,286.765,622.611,144.722,615.722,0
7245,49.9998,60.4508,340.876,196.85,349.676,174.696,0
7246,0,0,611.636,809.35,611.636,809.35,0
7247,242.506,214.811,385.622,515.764,537.919,443.846,1
7248,99.1991,102.416,560.215,676.914,613.196,612.942,0
7249,242.506,281.176,321.013,482.669,141.274,586.518,1
7250,35.4,41.1043,613.04,133.499,653.455,129.957,0
7251,94.2991,97.5276,218.941,274.415,248.41,184.745,0
7252,152.7,183.752,424.422,711.36,313.172,818.155,0
7253,209.604,203.667,368.318,355.441,349.403,174.481,0
7254,217.204,150.177,485.329,644.4,613.322,613.214,0
7255,113.699,145.59,509.857,708.648,611.986,753.065,0
7256,242.506,247.774,348.944,544.472,170.885,620.007,1
7257,232.605,168.16,229.7,384.589,67.7736,405.312,0
7258,70.7995,96.1358,340.264,726.288,312.955,818.099,0
7259,143,135.731,574.287,397.813,630.319,333.884,0
7260,130.799,117.599,469.849,182.066,355.849,174.342,0
7261,242.506,191.674,331.298,549.064,200.735,624.188,1
7262,51.1998,39.168,234.185,220.051,248.751,185.034,0
7263,36.6,38.5667,610.871,185.917,647.796,191.545,0
7264,242.506,69.0206,235.376,770.828,224.224,739.886,1
7265,69.1995,95.1173,340.269,727.222,312.967,818.123,0
7266,242.506,223.799,338.376,504.34,207.544,623.855,1
7267,126.299,119.676,261.989,638.948,144.696,615.712,0
7268,212.304,177.99,313.971,621.08,144.748,616.152,0
7269,207.103,133.679,475.184,153.025,356.324,173.193,0
7270,106.399,107.226,261.322,289.229,249.509,185.152,0
7271,44.0999,61.2832,211.323,721.158,153.717,700.471,0
7272,226.705,277.053,311.394,516.785,140.252,611.151,0
7273,242.506,234.173,436.444,554.196,544.443,618.706,1
7274,175.402,131.628,195.118,402.623,67.7912,405.169,0
7275,242.506,240.713,309.381,368.695,250.057,191.961,1
7276,166.801,187.653,518.36,221.642,648.446,190.863,0
7277,225.705,279.137,304.451,503.5,140.173,611.184,0
7278,209.404,170.66,490.085,309.166,630.386,333.803,0
7279,44.5999,51.2173,280.288,792.966,311.873,818.287,0
7280,242.506,261.061,361.388,430.102,329.548,184.843,1
7281,47.1999,57.9909,338.623,198.029,349.988,174.793,0
7282,138.999,106.08,544.302,651.904,613.342,613.111,0
7283,242.506,228.269,476.186,473.069,609.147,541.496,1
7284,161.901,131.255,523.045,375.104,630.305,333.87,0
7285,99.1991,96.6675,249.508,771.155,310.762,818.717,0
7286,138.599,110.244,525.745,347.835,630.359,334.438,0
7287,81.6993,82.3767,333.748,237.089,349.672,174.665,0
7288,144.8,114.211,421.682,243.37,355.722,174.338,0
7289,163.801,125.993,453.865,151.746,355.941,173.731,0
7290,171.801,155.255,190.425,349.583,67.6726,404.899,0
7291,85.2993,91.5829,268.31,274.492,249.727,185.2,0
7292,242.506,192.63,445.669,395.058,592.042,335.356,1
7293,214.804,201.536,492.668,424.912,630.461,334.543,0
7294,166.001,122.841,477.765,180.755,356.234,173.42,0
7295,164.301,118.777,222.84,299.929,249.066,185.08,0
7296,101.899,83.0648,601.072,679.983,612.47,751.883,0
7297,162.901,158.664,333.774,301.234,349.19,174.506,0
7298,31.9001,37.9129,313.121,183.07,349.469,174.498,0
7299,18.6,21.7506,418.259,93.0825,406.822,77.748,0
7300,123.099,142.175,142.444,469.291,67.7721,405.341,0
7301,202.703,205.655,494.372,452.672,615.628,539.702,0
7302,219.404,139.109,484.167,193.193,355.305,174.499,0
7303,242.506,179.754,415.366,623.168,551.58,616.054,1
7304,116.499,107.796,246.454,621.471,144.74,615.556,0
7305,26.9001,33.8366,620.479,136.639,653.553,129.989,0
7306,101.399,105.114,559.496,150.144,653.528,130.138,0
7307,127.399,152.818,515.674,693.772,612.384,751.856,0
7308,168.801,141.223,521.88,390.42,630.361,333.699,0
7309,14,16.3519,259.093,198.792,252.829,183.945,0
7310,145.1,125.682,354.702,261.019,349.955,174.807,0
7311,65.1996,84.7807,581.08,246.754,648.068,197.986,0
7312,86.4993,87.856,230.916,632.925,144.787,615.918,0
7313,225.605,141.683,489.176,650.426,613.419,613.243,0
7314,236.405,188.109,273.321,358.027,249.316,185.246,0
7315,242.506,200.972,460.856,435.326,602.704,334.332,1
7316,161.901,153.275,240.055,327.945,250.545,184.818,0
7317,65.0996,67.2159,560.87,731.377,611.774,753.307,0
7318,84.6993,98.1199,240.021,632.564,144.709,616.261,0
7319,140.899,123.22,214.339,302.691,248.899,185.004,0
7320,116.999,149.172,344.763,676.916,312.861,817.963,0
7321,31.9001,33.1005,98.7547,398.241,67.7025,404.764,0
7322,70.8995,91.0637,550.59,496.877,615.558,540.093,0
7323,8.5,9.61053,76.5064,401.199,67.3976,404.253,0
7324,39.8,36.2531,103.38,399.425,67.6651,404.865,0
7325,43.0999,43.0207,602.774,580.58,613.435,612.363,0
7326,147.8,107.188,228.452,286.405,249.105,185.137,0
7327,215.704,180.037,480.749,393.479,630.426,334.423,0
7328,123.099,129.166,349.471,279.564,349.488,174.506,0
7329,242.506,187.995,479.457,492.258,581.585,463.481,1
7330,213.404,158.334,193.866,324.504,248.788,184.976,0
7331,238.005,170.974,237.895,345.943,249.365,185.247,0
7332,167.101,134.12,268.295,613.327,144.812,615.949,0
7333,214.104,266.855,380.225,586.042,312.785,817.958,0
7334,69.2995,67.7595,165.909,558.968,139.995,611.058,0
7335,24.2001,27.0634,327.746,188.352,349.861,174.709,0
7336,242.506,198.795,318.435,543.459,183.247,622.162,1
7337,54.6997,63.4693,118.91,565.699,139.949,611.13,0
7338,72.9995,77.4881,577.566,126.986,653.554,130.038,0
7339,242.506,78.3778,446.815,346.882,444.561,329.942,1
7340,23.0001,27.8719,574.896,835.174,602.442,833.305,0
7341,46.5999,47.5194,580.022,780.031,611.083,755.033,0
7342,242.506,278.744,326.813,462.892,108.258,405.732,1
7343,63.6996,70.2997,187.132,583.56,144.734,615.719,0
7344,232.305,188.683,492.813,415.522,630.306,334.173,0
7345,144.8,116.802,249.342,611.844,144.673,615.729,0
7346,42.3999,35.7915,102.789,408.677,67.8467,405.428,0
7347,51.8998,41.0965,257.952,225.041,249.21,185.112,0
7348,3.6,2.88652,253.139,173.792,251.919,176.408,0
7349,235.105,185.879,494.1,412.072,630.271,333.872,0
7350,25.3001,22.8613,594.948,602.091,613.343,612.495,0
7351,186.202,170.898,225.698,498.28,140.204,611.19,0
7352,42.1999,49.2574,323.259,206.241,349.155,174.547,0
7353,231.205,171.459,210.537,319.44,248.436,184.822,0
7354,26.7001,29.2824,409.842,106.888,405.933,78.135,0
7355,203.603,178.416,268.499,343.542,250.374,184.836,0
7356,232.105,316.06,397.662,549.385,312.657,817.996,0
7357,156,178.024,513.858,200.773,648.351,190.79,0
7358,75.0994,86.4387,227.45,268.265,249.024,185.04,0
7359,119.699,152.287,393.917,706.692,313.497,818.277,0
7360,242.506,207.116,479.45,492.671,587.536,485.491,1
7361,54.4997,71.2333,549.179,809.111,602.479,833.257,0
7362,105.899,137.078,533.448,189.551,647.905,191.276,0
7363,137.399,143.015,321.464,280.479,349.19,174.513,0
7364,242.506,283.12,378.906,455.931,323.852,200.534,1
7365,242.506,218.794,456.021,477.332,598.863,510.675,1
7366,125.099,101.656,209.187,263.633,248.471,184.769,0
7367,24.3001,26.4155,277.427,191.9,253.294,182.966,0
7368,173.401,174.364,220.755,490.663,140.414,611.273,0
7369,36.9,29.4753,97.3801,400.843,67.7136,404.804,0
7370,242.506,190.811,477.75,537.216,595.686,612.665,1
7371,112.699,115.367,199.005,531.402,140.38,611.343,0
7372,153.1,130.831,281.916,295.726,249.189,185.107,0
7373,150.2,139.915,487.699,588.348,613.174,612.702,0
7374,130.399,126.554,277.253,299.757,249.747,185.086,0
7375,183.802,130.332,488.72,606.303,613.21,613.044,0
7376,207.003,172.064,495.715,313.553,630.418,333.797,0
7377,121.999,92.2732,164.882,535.69,139.509,611.195,0
7378,0,0,650.016,190.39,650.016,190.39,0
7379,8.3,9.25868,252.956,193.796,249.969,185.032,0
7380,129.799,98.4047,129.972,529.042,139.615,611.241,0
7381,5,4.10876,602.289,810.898,606.232,812.053,0
7382,4.2,3.62496,607.72,756.635,611.167,755.518,0
7383,145.2,170.158,323.835,318.754,251.279,184.478,0
7384,25.0001,27.0525,601.62,727.671,612.27,752.134,0
7385,231.005,166.521,234.78,394.996,67.8112,405.347,0
7386,214.404,145.883,480.126,153.315,355.995,173.799,0
7387,242.506,191.29,478.245,536.323,598.962,611.997,1
7388,129.199,158.52,285.028,690.011,149.451,693.359,0
7389,125.399,107.863,247.984,630.83,144.637,615.749,0
7390,242.506,247.63,309.89,356.024,250.426,200.597,1
7391,219.404,179.034,480.656,391.988,630.44,334.073,0
7392,179.602,128.606,195.001,395.086,67.7443,404.852,0
7393,102.399,128.347,352.494,698.074,313.214,818.181,0
7394,199.003,206.444,373.629,343.087,350.517,175.02,0
7395,242.506,194.01,445.735,388.108,599.096,334.553,1
7396,224.404,200.104,304.309,348.432,250.589,184.8,0
7397,242.506,175.599,307.518,653.456,145.609,616.684,1
7398,58.0997,63.051,604.629,155.067,653.484,129.976,0
7399,50.7998,62.2204,601.418,367.782,630.258,334.1,0
7400,75.0994,82.5966,224.805,633.147,144.692,616.334,0
7401,242.506,157.728,444.853,391.078,563.411,342.387,1
7402,214.404,251.889,296.119,526.298,140.288,611.253,0
7403,0,0,635.85,334.567,635.85,334.567,0
7404,154.2,137.195,516.136,382.541,630.449,333.758,0
7405,22.7001,25.2067,380.621,178.922,356.241,173.301,0
7406,155.4,144.046,369.684,267.283,350.187,174.816,0
7407,242.506,209.565,460.342,334.037,367.751,176.207,1
7408,134.299,138.509,529.495,146.088,653.497,130.222,0
7409,34.2001,27.6048,95.5744,403.201,67.6441,405.542,0
7410,242.506,230.633,494.419,484.752,607.381,538.204,1
7411,105.099,141.351,561.565,283.518,648.068,197.972,0
7412,115.099,136.029,314.99,281.3,250.871,184.718,0
7413,39.7,47.827,402.114,166.029,355.974,173.778,0
7414,242.506,277.509,378.425,455.456,322.478,199.704,1
7415,140.599,123.79,512.348,338.256,630.407,333.684,0
7416,159.601,165.698,360.211,664.596,312.744,817.99,0
7417,71.2995,68.3446,562.914,344.127,630.327,334.297,0
7418,45.8999,56.9119,413.317,133.898,405.879,78.1267,0
7419,71.5995,76.6128,269.894,259.306,249.871,185.081,0
7420,56.6997,76.3426,211.631,694.526,152.66,701.756,0
7421,242.506,147.762,496.041,629.873,605.476,612.509,1
7422,34.9,47.5662,618.442,254.282,635.952,282.481,0
7423,20.1,24.0611,591.368,743.113,612.205,752.443,0
7424,119.499,138.602,582.438,423.498,615.581,539.649,0
7425,196.603,170.593,306.433,622.439,144.839,616.197,0
7426,30.2001,38.6365,598.995,511.939,615.778,540.754,0
7427,242.506,194.859,467.609,371.952,616.275,333.57,1
7428,132.599,112.167,524.469,336.895,630.444,334.465,0
7429,242.506,209.568,465.772,500.958,571.335,617.074,1
7430,242.506,197.873,268.315,358.623,247.975,191.631,1
7431,179.002,233.448,324.676,373.88,250.879,184.744,0
7432,55.1997,58.1945,556.813,614.765,613.32,613.046,0
7433,230.305,167.488,532.631,536.373,613.209,612.568,0
7434,242.506,252.147,258.112,470.605,93.1819,406.249,1
7435,101.099,104.947,246.377,634.8,144.578,615.528,0
7436,50.7998,46.3113,589.98,641.728,613.326,613.201,0
7437,131.499,122.746,347.534,274.68,350.152,174.839,0
7438,8.4,9.68857,621.109,337.106,630.431,334.467,0
7439,35.1,40.1689,300.362,791.945,311.719,818.379,0
7440,242.506,234.265,347.086,376.082,346.976,177.678,1
7441,193.103,158.07,499.543,354.411,630.41,333.813,0
7442,210.204,202.048,367.384,353.249,349.74,174.686,0
7443,188.802,148.476,198.826,314.557,248.464,184.829,0
7444,35.8,46.296,607.57,302.189,630.278,334.053,0
7445,185.702,139.364,283.449,312.052,249.294,185.225,0
7446,139.099,130.246,320.105,258.054,349.438,174.543,0
7447,242.506,186.79,423.881,314.725,373.185,175.237,1
7448,174.401,118.326,230.804,300.179,248.91,184.997,0
7449,242.506,142.374,471.346,645.313,579.815,617.855,1
7450,44.5999,55.2386,557.233,759.063,611.077,754.983,0
7451,80.6993,110.931,583.876,269.736,647.904,197.751,0
7452,59.1997,82.7431,335.596,738.535,312.894,818.005,0
7453,133.399,104.552,426.367,227.851,355.947,173.604,0
7454,69.3995,72.7509,559.417,342.676,630.362,333.849,0
7455,242.506,152.702,315.577,625.989,163,618.211,1
7456,96.8991,83.8409,414.308,210.184,355.549,174.377,0
7457,51.5998,58.2099,573.193,342.146,630.254,334.073,0
7458,242.506,140.816,490.095,636.251,592.694,613.449,1
7459,159.401,173.842,513.46,201.792,647.855,191.173,0
7460,38.2,47.1714,278.627,796.755,311.814,818.312,0
7461,83.8993,88.5395,272.677,768.939,311.261,818.626,0
7462,232.905,156.913,470.678,612.53,613.353,613.105,0
7463,213.704,194.358,443.402,310.769,355.334,174.484,0
7464,171.201,151.272,334.395,297.22,349.963,174.838,0
7465,23.7001,26.6404,382.568,174.222,355.852,174.066,0
7466,50.0998,51.5703,301.165,184.821,253.347,182.966,0
7467,116.999,131.908,513.654,718.332,611.89,753.214,0
7468,242.506,262.606,268.133,462.202,96.9947,406.282,1
7469,11.5,11.2601,640.649,206.193,648.43,198.087,0
7470,33.0001,36.1339,391.42,179.613,355.783,174.286,0
7471,86.2993,84.1389,580.881,291.004,630.356,333.797,0
7472,178.702,140.5,289.84,309.22,249.939,185.122,0
7473,242.506,189.252,419.88,437.532,547.018,350.107,1
7474,167.801,215.416,504.117,262.959,648.171,198.055,0
7475,22.8001,26.6288,140.466,646.944,139.87,620.85,0
7476,144.7,123.764,187.742,391.438,67.6948,404.923,0
7477,51.4998,61.3097,268.997,242.721,250.168,184.98,0
7478,242.506,198.388,419.955,490.405,573.882,450.407,1
7479,94.2991,85.1031,549.256,349.739,630.395,333.759,0
7480,139.499,148.74,558.759,417.535,615.61,539.555,0
7481,160.801,133.1,281.832,290.944,250.366,184.778,0
7482,2.8,1.99891,649.648,200.843,650.332,198.965,0
7483,191.803,170.56,304.721,644.371,144.767,615.954,0
7484,33.7001,40.8019,412.984,117.938,405.955,78.2211,0
7485,39,48.8214,605.209,299.377,630.318,334.071,0
7486,242.506,200.509,464.691,349.303,601.038,333.768,1
7487,0,0,147.692,698.485,147.829,698.63,0
7488,242.506,131.289,453.205,639.374,565.837,617.945,1
7489,65.3996,72.5392,198.18,637.821,144.742,616.38,0
7490,131.699,102.904,227.588,285.587,248.52,184.847,0
7491,242.506,194.308,402.84,609.081,550.55,615.292,1
7492,159.101,124.624,126.164,509.554,139.616,611.214,0
7493,112.499,131.462,514.439,719.31,612.006,752.968,0
7494,154.4,193.808,328.498,343.834,251.33,184.48,0
7495,191.302,154.926,173.247,334.438,67.6425,404.817,0
7496,96.3991,98.9267,555.861,123.396,653.576,129.687,0
7497,69.8995,64.7303,160.587,559.239,139.864,611.141,0
7498,14.1,14.5714,404.99,92.4819,405.912,78.1975,0
7499,140.299,120.169,152.524,496.657,140.163,611.152,0
7500,212.704,250.624,259.802,540.56,139.949,611.127,0
7501,153.5,153.155,504.277,118.753,653.57,129.663,0
7502,0,0,644.263,284.563,644.263,284.563,0
7503,242.506,167.611,449.612,277.734,364.277,175.666,1
7504,208.204,250.434,384.024,602.114,312.35,818.114,0
7505,242.506,233.673,484.507,484.305,609.39,540.335,1
7506,82.7993,69.0982,300.02,762.289,311.783,818.336,0
7507,242.506,49.616,534.051,279.371,533.353,279.442,1
7508,77.5994,73.6759,599.218,685.535,612.666,751.664,0
7509,52.3998,50.8433,99.0089,433.291,67.7845,405.32,0
7510,7.89999,7.80354,639.024,195.802,646.615,194.374,0
7511,32.3001,37.1529,408.577,114.723,405.863,78.2024,0
7512,183.002,188.01,387.815,668.839,312.757,817.999,0
7513,14.7,18.3791,85.6294,400.363,67.7558,404.97,0
7514,0,0,62.2831,402.306,62.2831,402.306,0
7515,26.5001,35.1097,316.477,183.7,350.125,174.831,0
7516,137.299,138.574,367.565,255.681,350.184,174.803,0
7517,141.899,132.107,267.117,615.996,144.745,616.19,0
7518,151.1,172.244,540.796,234.664,647.867,191.565,0
7519,201.103,177.564,216.566,331.333,250.624,184.797,0
7520,166.701,173.577,230.481,540.423,140.586,611.304,0
7521,174.301,140.111,274.836,616.154,144.754,616.127,0
7522,242.506,206.378,423.58,321.133,367.04,176.342,1
7523,112.999,132.591,234.53,771.902,152.758,701.745,0
7524,108.799,101.725,533.082,354.954,630.538,334.643,0
7525,138.899,179.633,296.752,710.11,149.444,693.3,0
7526,105.899,92.3997,534.232,600.16,613.279,612.53,0
7527,137.099,143.896,511.47,119.961,653.474,129.781,0
7528,39.5,42.1851,576.216,771.598,611.182,755.451,0
7529,242.506,259.591,370.539,562.751,165.364,619.178,1
7530,242.506,209.29,373.552,500.715,534.318,443.831,1
7531,242.506,155.301,545.052,509.295,558.585,611.861,1
7532,27.9001,31.6368,597.523,726.179,612.054,752.732,0
7533,51.8998,58.3504,596.56,697.183,612.595,751.701,0
7534,242.506,225.555,464.824,255.831,366.227,172.992,1
7535,72.1995,102,571.157,237.188,648.032,197.9,0
7536,110.899,112,246.912,643.594,144.844,616.169,0
7537,42.8999,47.3688,556.149,830.222,602.413,833.346,0
7538,60.2997,77.4126,213.904,678.906,149.418,693.38,0
7539,108.099,119.375,179.729,255.399,248.061,184.635,0
7540,242.506,207.572,467.179,500.396,561.303,616.178,1
7541,164.701,120.498,497.145,602.825,613.262,613.204,0
7542,242.506,200.767,252.384,377.082,83.1743,404.911,1
7543,242.506,199.489,457.831,298.66,362.706,176.515,1
7544,233.205,154.684,465.195,600.442,613.335,612.512,0
7545,175.402,135.073,489.207,610.526,613.34,612.421,0
7546,34.1001,37.461,616.556,132.905,653.502,129.954,0
7547,199.703,176.31,208.004,352.468,67.5639,404.733,0
7548,47.1999,45.0679,259.63,228.146,250.052,185.032,0
7549,208.003,213.378,352.138,621.29,313.137,818.154,0
7550,78.2994,82.6744,333.282,237.133,349.521,174.615,0
7551,211.404,131.175,195.042,263.122,247.93,184.601,0
7552,86.3993,92.0847,310.371,741.244,311.686,818.4,0
7553,242.506,151.118,447.168,399.907,551.813,349.155,1
7554,242.506,136.597,464.82,641.288,559.906,619.221,1
7555,208.504,177.664,267.495,342.513,250.48,184.846,0
7556,242.506,220.947,237.871,471.183,95.4787,405.642,1
7557,43.4999,40.1541,292.146,183.894,253.226,183.272,0
7558,37.9,37.0713,576.296,817.093,602.443,833.304,0
7559,139.099,174.006,409.559,701.714,313.376,818.168,0
7560,31.8001,38.5835,610.371,184.877,647.559,191.931,0
7561,145.6,147.296,508.174,120.723,653.493,129.962,0
7562,242.506,215.712,489.538,273.125,364.852,174.282,1
7563,188.902,210.168,419.929,692.856,312.852,817.951,0
7564,21.6,25.7121,159.229,602.937,144.673,616.319,0
7565,242.506,297.308,315.484,489.024,139.853,604.025,1
7566,50.4998,42.0238,590.915,636.197,613.246,612.576,0
7567,28.9001,29.8619,585.05,604.465,613.318,613.083,0
7568,77.1994,107.788,351.961,719.66,312.992,818.065,0
7569,164.101,167.511,502.382,136.639,653.541,129.837,0
7570,24.5001,21.6612,594.563,603.825,613.205,612.853,0
7571,207.303,179.144,296.267,333.079,250.066,185.041,0
7572,116.999,138.226,545.623,460.044,615.469,539.94,0
7573,129.799,106.869,219.665,284.031,249.08,185.12,0
7574,137.799,104.014,426.835,227.867,356.088,173.556,0
7575,235.505,304.318,339.89,430.607,250.908,184.663,0
7576,28.9001,30.6545,386.076,175.143,355.847,174.111,0
7577,50.8998,67.4476,552.437,812.237,602.368,833.267,0
7578,121.799,120.345,204.685,534.22,140.212,611.254,0
7579,208.003,238.96,277.196,527.963,140.158,611.218,0
7580,215.704,218.368,482.416,462.536,615.553,539.781,0
7581,107.199,144.954,272.192,675.673,149.603,693.194,0
7582,70.4995,79.7086,540.464,607.975,613.227,612.6,0
7583,41.0999,38.1501,284.09,201.342,252.321,184.103,0
7584,228.305,173.911,233.679,344.53,249.938,185.122,0
7585,242.506,231.006,484.686,488.226,605.588,532.531,1
7586,233.605,237.291,483.205,348.645,630.382,333.79,0
7587,186.702,132.303,200.008,392.849,67.7407,405.391,0
7588,242.506,235.576,459.451,469.045,605.715,539.275,1
7589,238.705,175.293,463.506,575.779,613.282,612.495,0
7590,60.3997,73.6024,542.019,761.591,611.133,755.238,0
7591,111.499,147.616,274.576,673.842,149.514,693.186,0
7592,106.299,96.0475,537.921,351.441,630.354,333.704,0
7593,178.102,137.197,553.367,549,613.251,612.556,0
7594,78.6994,90.2508,117.131,455.651,67.7359,405.392,0
7595,242.506,188.745,417.773,511.214,548.01,448.79,1
7596,58.1997,67.1721,188.275,656.523,149.686,693.163,0
7597,127.599,144.464,571.233,413.816,615.596,539.74,0
7598,185.802,199.561,497.652,452,615.521,539.807,0
7599,57.0997,75.3032,588.483,476.688,615.629,539.623,0
7600,242.506,212.846,267.517,410.433,89.3691,404.89,1
7601,242.506,244.649,453.445,462.327,612.58,540.811,1
7602,180.402,167.18,356.761,318.328,350.001,174.783,0
7603,242.506,188.78,398.446,509.468,531.967,443.894,1
7604,179.602,127.373,252.126,287.268,249.32,185.192,0
7605,108.199,100.289,348.888,240.433,349.957,174.846,0
7606,148.2,167.964,338.653,659.615,313.014,818.082,0
7607,15.9,16.8068,156.917,610.586,144.772,615.812,0
7608,83.6993,77.3481,601.794,684.371,612.53,751.68,0
7609,49.0998,64.1448,268.839,246.121,250.747,184.847,0
7610,217.804,296.164,387.497,569.396,313.126,818.078,0
7611,242.506,250.065,359.031,552.971,173.211,620.896,1
7612,119.299,104.954,166.054,383.75,67.7761,405.003,0
7613,11.6,10.9615,600.151,803.456,607.038,810.21,0
7614,204.703,157.18,207.173,360.743,67.6548,405.465,0
7615,84.8993,98.9267,276.85,278.38,250.699,184.837,0
7616,107.299,115.415,280.182,739.359,311.705,818.361,0
7617,108.199,95.9132,608.352,708.613,612.326,752.101,0
7618,242.506,190.842,481.224,368.314,603.876,333.358,1
7619,80.4993,106.917,243.495,684.721,149.516,693.194,0
7620,180.902,126.894,482.548,181.626,355.982,173.658,0
7621,242.506,199.444,419.042,509.768,558.485,452.027,1
7622,224.104,153.923,507.182,680.777,613.283,613.16,0
7623,218.904,297.17,390.986,566.722,312.866,818.03,0
7624,47.8998,56.6773,611.743,159.629,647.953,191.099,0
7625,135.899,111.649,163.833,513.156,139.659,611.083,0
7626,22.9001,27.7964,316.277,790.646,312.728,817.966,0
7627,242.506,215.93,389.551,339.839,348.662,175.99,1
7628,53.0998,69.8935,589.528,482.433,615.572,539.901,0
7629,232.405,141.436,549.346,576.974,613.273,612.558,0
7630,242.506,277.802,325.33,460.81,106.651,404.289,1
7631,107.599,113.932,226.306,754.478,152.823,701.787,0
7632,149.6,157.632,613.598,425.553,615.596,539.71,0
7633,242.506,153.336,427.36,633.143,557.625,616.83,1
7634,183.202,173.623,342.371,316.02,349.615,174.641,0
7635,101.199,90.5877,381.733,203.901,355.76,174.192,0
7636,129.299,105.755,547.904,582.17,613.196,612.66,0
7637,230.805,208.337,390.037,326.887,349.288,174.49,0
7638,24.2001,29.9156,623.387,213.893,648.114,198.041,0
7639,135.699,131.551,297.076,293.977,250.485,184.784,0
7640,162.401,139.855,327.345,268.996,350.195,174.946,0
7641,242.406,149.473,217.386,405.538,67.8216,405.25,0
7642,219.304,267.565,289.764,495.983,139.514,611.156,0
7643,17.7,21.541,413.914,98.0017,406.387,78.0018,0
7644,242.506,277.915,359.773,490.611,214.849,626.681,1
7645,242.506,245.821,346.511,550.51,167.456,619.336,1
7646,82.1993,73.4654,422.647,153.736,355.753,174.265,0
7647,237.605,188.849,471.567,399.315,630.357,334.439,0
7648,153.2,128.491,524.583,375.268,630.406,333.674,0
7649,242.506,255.931,436.059,367.534,376.907,173.572,1
7650,63.6996,70.5083,418.042,150.64,356.053,173.466,0
7651,88.4992,91.6113,307.057,738.397,311.841,818.253,0
7652,135.799,151.475,537.257,216.085,647.589,191.859,0
7653,223.804,225.28,499.03,476.711,615.457,540.238,0
7654,45.0999,52.8518,408.912,130.615,405.948,78.1846,0
7655,152.2,143.677,368.448,268.707,350.302,174.882,0
7656,242.506,189.319,476.125,267.548,373.235,174.494,1
7657,242.506,186.975,450.438,411.804,572.844,340.927,1
7658,96.8991,122.999,365.558,713.587,313.45,818.282,0
7659,17.4,16.0559,83.8136,406.716,67.77,405.374,0
7660,159.001,127.029,188.393,401.554,67.6733,405.473,0
7661,189.502,133.901,526.298,648.555,613.326,613.19,0
7662,135.699,156.765,360.272,676.319,312.898,818.015,0
7663,92.3992,77.3785,603.574,684.056,612.516,751.847,0
7664,4.9,4.74564,608.54,612.61,613.254,612.787,0
7665,103.999,139.819,558.037,276.933,648.073,197.986,0
7666,20.4,19.4649,261.852,200.952,252.735,183.925,0
7667,242.506,224.483,451.697,480.983,599.467,508.523,1
7668,15.4,16.2268,614.293,332.183,630.349,334.075,0
7669,242.506,187.86,250.481,405.516,76.3828,406.337,1
7670,242.506,206.11,460.832,430.127,608.922,333.685,1
7671,38.2,43.1443,407.014,121.2,405.897,78.1573,0
7672,59.2997,67.371,329.298,222.622,349.797,174.713,0
7673,242.506,156.398,483.06,357.429,529.596,355.989,1
7674,93.0992,90.8916,313.706,237.212,349.682,174.549,0
7675,238.305,170.891,205.111,341.658,67.8485,405.118,0
7676,58.2997,44.1474,253.753,227.833,249.603,185.231,0
7677,130.899,159.636,285.847,690.416,149.46,693.265,0
7678,152.5,133.061,225.828,591.307,144.557,615.552,0
7679,242.306,205.548,404.604,307.846,355.343,174.49,0
7680,119.899,150.056,312.868,695.65,312.285,818.064,0
7681,225.205,197.246,473.091,304.702,630.427,333.708,0
7682,213.004,212.422,348.893,352.057,350.272,174.921,0
7683,21.1,24.1828,587.579,754.866,611.068,755.127,0
7684,223.804,278.084,277.281,488.647,140.183,611.216,0
7685,43.0999,51.5307,561.46,759.852,611.217,754.812,0
7686,22.5,21.5352,248.65,207.085,249.743,185.157,0
7687,242.506,167.881,532.409,523.82,595.84,611.684,1
7688,146.5,147.109,518.256,136.053,653.643,129.677,0
7689,242.506,238.213,261.055,441.015,74.3072,404.129,1
7690,58.6997,67.1405,330.771,222.457,349.72,174.645,0
7691,242.506,235.944,458.998,461.89,610.197,541.082,1
7692,81.0993,83.1332,576.698,141.647,653.52,129.957,0
7693,130.399,116.452,560.127,384.855,630.355,333.79,0
7694,47.6998,42.2852,283.017,210.86,252.466,183.992,0
7695,9.8,11.6215,155.697,620.112,144.602,616.663,0
7696,236.505,176.992,189.595,320.394,248.812,185.022,0
7697,242.506,187.157,392.754,633.686,550.663,616.544,1
7698,203.803,136.059,493.595,649.461,613.279,613.191,0
7699,129.299,140.532,584.24,423.22,615.57,539.637,0
7700,91.0992,123.339,337.144,698.768,312.199,818.184,0
7701,163.501,171.321,358.249,659.403,313.149,818.222,0
7702,41.9999,52.3243,576.592,784.26,606.424,811.875,0
7703,169.701,171.906,518.128,440.329,615.575,539.692,0
7704,109.299,145.953,556.391,271.139,647.955,198.023,0
7705,32.0001,31.6296,282.142,194.73,253.176,183.261,0
7706,242.506,177.66,450.795,623.35,594.909,612.148,1
7707,185.102,182.555,216.609,479.471,140.509,611.438,0
7708,25.6001,29.1597,602.015,333.346,630.285,334.215,0
7709,242.506,230.963,482.453,484.573,605.126,538.687,1
7710,3.8,2.82944,603.133,813.019,605.955,812.824,0
7711,150.3,162.188,362.651,669.314,312.985,818.1,0
7712,189.202,134.6,162.227,439.075,67.703,405.516,0
7713,46.2999,58.0899,324.951,214.853,349.883,174.714,0
7714,111.699,90.7282,442.571,178.373,355.954,173.659,0
7715,129.699,154.632,281.837,689.56,149.574,693.236,0
7716,242.506,203.855,462.514,434.825,604.436,334.902,1
7717,28.1001,32.6617,136.495,652.622,139.877,620.847,0
7718,90.4992,101.991,219.887,651.607,144.65,616.51,0
7719,124.999,144.166,533.179,181.047,648.264,190.929,0
7720,151.4,142.17,244.734,318.654,249.657,185.204,0
7721,242.506,201.208,260.595,355.912,248.138,185.238,1
7722,242.506,235.107,484.642,486.026,605.292,539.791,1
7723,242.506,245.362,410.726,396.159,320.394,193.693,1
7724,182.302,143.74,179.058,348.976,67.7775,405.383,0
7725,91.7992,110.511,568.306,171.372,653.61,130.286,0
7726,17.3,18.2364,612.116,334.353,630.36,334.228,0
7727,194.203,148.127,478.991,162.222,356.342,173.104,0
7728,75.4994,81.1807,536.049,610.488,613.227,612.645,0
7729,229.205,176.353,478.79,392.393,630.369,334.537,0
7730,2.6,1.82852,69.0886,407.094,67.4033,406.385,0
7731,189.702,134.431,199.83,392.287,67.6671,404.891,0
7732,79.8994,87.5041,186.967,560.634,140.308,611.227,0
7733,242.506,194.933,90.2113,458.76,90.1367,461.041,1
7734,66.4996,93.9088,577.034,254.558,647.951,198.024,0
7735,135.799,121.181,217.87,604.645,144.643,615.564,0
7736,168.901,126.701,538.724,658.253,613.29,613.07,0
7737,149,135.956,349.103,289.482,349.454,174.502,0
7738,84.1993,112.749,324.793,712.991,312.303,818.122,0
7739,55.8997,66.5882,411.208,143.869,405.95,78.1265,0
7740,242.506,243.07,364.235,397.041,345.202,179.18,1
7741,237.105,184.259,408.351,297.945,355.605,174.367,0
7742,184.502,166.789,238.118,572.384,144.717,615.703,0
7743,237.905,188.018,230.68,350.548,248.8,185.011,0
7744,204.603,148.383,506.937,673.476,613.306,613.133,0
7745,200.803,149.963,187.524,307.596,248.841,185.023,0
7746,242.506,237.16,459.708,459.085,615.059,539.537,1
7747,242.506,191.599,476.864,270.399,369.59,175.113,1
7748,73.5994,75.0158,271.001,779.418,311.069,818.57,0
7749,191.302,182.619,311.395,324.008,249.882,185.134,0
7750,191.502,127.256,501.971,651.074,613.309,613.194,0
7751,223.004,243.452,368.196,387.312,349.069,174.388,0
7752,242.506,204.72,466.162,426.458,617.583,334.739,1
7753,208.804,263.934,333.802,394.767,251.082,184.615,0
7754,242.506,208.767,405.285,487.722,572.931,450.226,1
7755,242.506,135.632,464.092,643.226,583.56,617.146,1
7756,33.1001,39.6767,174.601,632.547,144.758,616.06,0
7757,242.506,223.984,434.561,562.728,548.248,616.204,1
7758,159.201,187.629,388.214,672.279,313.384,818.231,0
7759,224.905,142.922,481.654,164.471,356.329,173.208,0
7760,48.9998,35.0365,592.409,631.237,613.338,613.064,0
7761,242.506,180.986,468.991,385.801,620.825,333.872,1
7762,55.8997,68.7703,269.918,250.134,250.645,184.835,0
7763,69.2995,69.2305,269.152,248.744,249.37,185.188,0
7764,242.506,262.06,358.534,443.753,325.082,198.936,1
7765,0,0,61.6882,407.275,61.6882,407.275,0
7766,121.699,130.378,612.592,739.655,612.405,752.079,0
7767,67.2995,68.3496,596.153,688.245,612.471,751.773,0
7768,179.402,153.613,231.63,569.844,144.732,616.265,0
7769,169.301,116.468,226.509,299.003,249.15,185.128,0
7770,161.001,196.867,525.399,506.124,615.573,540.24,0
7771,242.506,32.8099,585.828,320.234,581.151,325.637,1
7772,146.3,128.232,355.099,270.18,350.022,174.845,0
7773,217.804,150.194,286.063,625.77,144.797,616.247,0
7774,122.399,150.357,277.51,675.759,149.576,693.195,0
7775,99.2991,90.8335,555.002,324.63,630.425,333.819,0
7776,99.3991,112.569,131.586,464.508,67.778,405.115,0
7777,217.404,177.479,430.475,303.629,355.775,174.176,0
7778,242.506,183.529,254.553,354.33,248.919,188.849,1
7779,155.4,157.522,278.857,662.987,144.757,616.069,0
7780,2.7,1.88146,606.448,817.819,607.586,816.323,0
7781,54.4997,49.7774,593.24,647.212,613.219,612.846,0
7782,146.9,136.314,522.69,672.733,613.267,613.162,0
7783,41.3999,37.7545,287.734,193.99,253.15,183.504,0
7784,69.2995,68.6945,554.42,606.438,613.165,612.579,0
7785,242.506,234.622,289.434,431.75,87.0328,404.102,1
7786,87.5992,88.5702,334.98,243.486,350.025,174.823,0
7787,96.7991,81.3271,431.835,182.78,356.121,173.502,0
7788,83.1993,84.2409,227.224,626.916,144.742,615.701,0
7789,242.506,167.781,428.774,393.613,561.947,343.764,1
7790,33.8001,43.9058,193.848,716.53,153.644,700.321,0
7791,137.599,127.294,527.22,667.589,613.167,613.018,0
7792,6.3,5.56086,607.87,611.555,613.325,612.54,0
7793,97.5991,131.971,343.753,695.995,312.442,818.054,0
7794,242.506,220.243,326.707,493.843,211.726,624.942,1
7795,242.506,209.946,470.544,517.088,558.086,614.076,1
7796,133.799,109.852,376.608,217.912,355.772,174.332,0
7797,39.9,49.5469,280.999,794.299,311.81,818.262,0
7798,232.005,162.628,500.249,160.469,356.318,172.996,0
7799,48.5998,56.5853,119.448,572.995,139.924,611.105,0
7800,173.701,223.188,499.153,258.581,648.066,198.004,0
7801,242.506,236.044,478.212,480.421,614.661,540.393,1
7802,131.199,155.519,507.536,695.765,612,752.802,0
7803,85.0993,85.5523,157.159,536.358,139.985,611.113,0
7804,81.2993,90.5068,232.922,629.942,144.837,616.203,0
7805,137.799,171.678,391.7,689.373,313.524,818.299,0
7806,75.9994,73.1299,576.241,348.948,630.41,333.788,0
7807,112.599,153.338,547.656,287.095,647.98,198.028,0
7808,35.6,31.2411,234.249,211.052,249.094,185.14,0
7809,48.4998,42.6032,294.414,187.004,253.223,183.255,0
7810,136.799,109.072,224.504,288.537,248.397,184.788,0
7811,17.8,18.1623,593.122,754.149,611.091,755.254,0
7812,189.802,209.413,382.446,641.317,312.261,818.097,0
7813,65.0996,82.7474,537.166,776.856,611.095,755.18,0
7814,49.9998,54.6152,407.163,182.625,355.945,174.052,0
7815,242.506,235.652,490.227,484.61,612.578,539.958,1
7816,59.6997,70.8503,194.175,590.509,144.669,615.72,0
7817,37.6,42.802,409.962,120.12,405.856,78.2021,0
7818,64.6996,59.5,573.767,640.034,613.322,613.168,0
7819,242.506,233.326,492.639,488.293,606.634,539.632,1
7820,173.501,188.994,362.487,646.466,312.314,818.091,0
7821,242.506,187.929,479.418,274.65,371.638,175.032,1
7822,126.299,159.103,394.079,700.655,313.44,818.257,0
7823,106.799,117.931,186.359,259.715,248.844,184.975,0
7824,88.2992,96.5705,197.087,562.028,140.339,611.323,0
7825,128.099,147.045,527.567,194.314,648.374,190.841,0
7826,21.7,27.0044,614.597,292.585,635.887,282.46,0
7827,121.799,158.438,285.693,698.552,311.26,818.631,0
7828,129.999,123.891,275.816,299.926,250.342,184.918,0
7829,100.599,106.53,284.717,282.23,249.825,185.087,0
7830,20.8,25.0298,380.704,175.356,355.855,174.058,0
7831,135.199,153.837,540.724,213.437,648.214,190.966,0
7832,82.1993,90.7792,230.449,272.373,249.212,185.075,0
7833,79.4994,71.8689,598.651,355.922,630.36,334.423,0
7834,6.3,6.46331,357.961,180.429,355.552,174.438,0
7835,214.404,257.801,331.303,389.019,250.631,184.811,0
7836,242.506,201.335,460.809,469.63,597.716,501.673,1
7837,172.901,162.578,195.988,354.152,67.7822,405.088,0
7838,169.801,145.316,199.842,370.785,67.7916,405.168,0
7839,242.506,161.48,494.147,683.617,596.241,613.415,1
7840,12.9,16.4611,638.086,135.664,653.672,130.388,0
7841,100.399,122.545,572.21,433.93,615.566,540.311,0
7842,2.8,1.92268,654.212,200.475,653.434,198.717,0
7843,155.8,147.766,178.767,349.588,67.6424,404.905,0
7844,160.501,208.139,512.824,259.682,648.217,197.977,0
7845,233.805,318.194,393.743,590.205,312.656,818.049,0
7846,242.506,241.65,328.772,473.696,214.988,624.572,1
7847,93.6991,116.52,563.166,209.288,648.015,190.978,0
7848,68.0995,83.4671,536.073,778.264,611.069,755.326,0
7849,214.404,188.558,323.226,621.612,144.7,616.271,0
7850,78.8994,74.4871,556.639,339.142,630.422,333.745,0
7851,15.6,20.4519,135.853,640.732,139.913,620.91,0
7852,161.901,189.703,428.866,712.883,313.335,818.205,0
7853,59.5997,45.5858,256.24,229.82,250.131,185.04,0
7854,177.602,163.542,193.637,341.552,67.6866,404.763,0
7855,167.501,182.982,513.566,220.305,647.765,191.768,0
7856,156.3,174.414,541.917,238.034,647.765,191.879,0
7857,96.8991,108.175,230.221,652.823,144.677,616.369,0
7858,52.5998,52.4119,263.598,234.619,249.647,185.183,0
7859,6.9,7.38999,259.511,186.843,252.818,183.772,0
7860,62.3996,59.0699,125.978,397.428,67.7263,404.815,0
7861,231.505,234.212,269.755,425.542,67.5226,404.468,0
7862,242.506,167.186,408.174,270.135,356.193,175.172,1
7863,241.406,230.172,477.002,472.194,615.638,539.694,0
7864,70.7995,74.3009,312.185,220.631,349.62,174.643,0
7865,242.506,214.509,455.296,417.434,610.541,334.736,1
7866,0,0,607.311,815.382,607.311,815.382,0
7867,6.7,6.6241,142.763,605.189,140.909,611.548,0
7868,242.506,152.345,485.742,649.414,593.888,614.792,1
7869,242.506,197.644,330.856,563.458,183.988,622.835,1
7870,63.8996,67.4537,331.305,224.371,349.474,174.616,0
7871,184.802,126.283,508.838,655.008,613.292,613.123,0
7872,88.1992,79.2072,570.508,359.412,630.363,333.828,0
7873,242.506,174.011,329.793,602.507,181.72,621.253,1
7874,26.4001,28.3455,602.254,727.028,612.273,752.162,0
7875,164.901,152.475,506.662,387.793,630.251,334.338,0
7876,118.299,161.621,552.472,256.377,647.936,197.695,0
7877,242.506,183.817,400.629,612.877,547.386,617.466,1
7878,75.9994,81.7325,546.477,633.454,613.157,612.968,0
7879,99.799,95.4698,567.8,683.932,612.263,752.369,0
7880,144.8,96.8547,518.225,624.805,613.269,612.363,0
7881,208.604,132.565,496.463,648.583,613.347,613.051,0
7882,102.999,128.744,554.57,454.564,615.558,540.434,0
7883,62.6996,61.6729,607.532,647.052,613.309,613.199,0
7884,52.9998,51.3992,295.535,204.28,252.566,184.046,0
7885,242.506,179.119,446.127,297.15,365.664,174.126,1
7886,242.506,160.044,509.068,533.13,559.975,611.556,1
7887,242.506,133.344,492.43,636.4,587.307,617.092,1
7888,242.506,197.843,411.146,469.982,578.07,455.441,1
7889,242.506,196.189,437.427,447.554,571.018,341.422,1
7890,39.8,51.8235,563.366,747.626,612.152,752.471,0
7891,209.804,171.867,200.387,341.63,67.6833,404.836,0
7892,20.5,23.3793,588.003,754.642,611.155,755.234,0
7893,242.506,195.16,281.355,560.266,148.43,615.789,1
7894,226.705,198.222,251.107,555.044,144.66,615.61,0
7895,242.506,208.924,440.351,507.298,580.867,467.437,1
7896,42.1999,45.1322,609.208,175.239,647.742,191.858,0
7897,242.506,196.476,441.867,386.476,597.862,334.09,1
7898,27.4001,34.8602,308.235,790.767,311.826,818.314,0
7899,14.1,16.0825,137.717,635.999,139.918,620.85,0
7900,82.9993,84.8025,542.603,601.288,613.171,612.651,0
7901,121.099,126.041,540.274,150.686,653.488,130.153,0
7902,124.199,99.3751,157.7,514.869,139.67,611.069,0
7903,144.4,124.575,529.825,373.222,630.467,333.628,0
7904,37.5,46.7202,162.785,647.976,139.804,620.94,0
7905,242.506,185.122,332.364,594.845,167.989,619.64,1
7906,73.0995,71.3271,588.11,667.986,613.231,612.887,0
7907,182.802,167.029,305.366,632.929,144.766,616.027,0
7908,34.3,30.5692,131.641,586.388,139.896,611.091,0
7909,58.3997,77.0693,586.773,475.124,615.608,539.639,0
7910,57.8997,63.9032,340.659,203.039,349.678,174.661,0
7911,48.4998,56.5828,591.807,700.724,612.31,752.26,0
7912,0,0,653.263,195.681,653.263,195.681,0
7913,119.399,119.053,255.855,751.381,310.435,818.925,0
7914,164.601,161.299,188.413,478.537,140.288,611.221,0
7915,156.7,131.377,296.069,293.286,249.865,185.137,0
7916,87.0992,99.4422,242.196,628.602,144.77,616.237,0
7917,157.7,113.786,133.488,520.308,139.634,611.208,0
7918,242.506,218.133,424.747,439.348,581.467,337.781,1
7919,242.506,178.514,475.571,490.423,578.189,459.353,1
7920,22.3,28.078,600.267,786.89,606.473,811.5,0
7921,58.6997,53.3405,112.374,418.102,67.7423,404.762,0
7922,70.9995,80.6789,582.35,185.232,648.512,190.824,0
7923,242.506,183.137,500.274,519.265,579.372,617.334,1
7924,97.8991,138.181,268.484,711.244,153.669,700.173,0
7925,80.1993,108.395,559.518,200.803,647.775,191.416,0
7926,221.804,234.783,351.853,371.854,349.411,174.526,0
7927,190.902,153.03,506.207,388.125,630.436,334.405,0
7928,33.1001,41.0297,614.424,175.142,647.882,191.269,0
7929,48.7998,61.9924,597.706,201.635,648.36,198.144,0
7930,36.6,46.1672,277.915,797.294,311.93,818.275,0
7931,58.7997,55.3571,598.516,128.429,653.632,129.647,0
7932,185.602,140.194,286.81,311.867,250.202,185.009,0
7933,25.9001,27.4166,403.824,105.123,405.878,78.1735,0
7934,218.504,174.626,416.818,294.926,355.365,174.405,0
7935,170.801,145.257,495.792,337.874,630.436,333.747,0
7936,242.506,175.688,419.377,494.24,550.654,453.501,1
7937,0,0,350.996,174.725,350.996,174.725,0
7938,157.6,118.195,262.702,628.244,144.708,615.748,0
7939,36.5,49.8768,326.381,770.258,312.65,818.039,0
7940,106.699,109.45,544.668,124.055,653.497,130.06,0
7941,95.3991,96.5765,178.938,535.686,139.948,611.165,0
7942,242.506,226.157,265.43,430.02,72.6261,404.236,1
7943,6.5,6.83379,347.218,180.944,349.594,174.537,0
7944,242.506,232.051,484.879,486.743,607.503,539.54,1
7945,237.005,240.259,459.223,459.375,615.576,539.937,0
7946,35.9,46.8658,310.273,778.818,311.6,818.426,0
7947,240.505,213.88,389.859,335.127,350.455,175.021,0
7948,34.6,38.9239,579.492,796.083,607.191,809.715,0
7949,22.7001,29.5001,622.814,212.59,648.247,198.15,0
7950,166.201,169.304,235.282,508.388,140.105,611.112,0
7951,206.303,158.495,211.007,359.729,67.8154,405.358,0
7952,6.8,6.82911,639.826,194.759,646.595,194.629,0
7953,27.3001,32.8801,569.725,834.515,602.422,833.259,0
7954,242.506,187.035,409.526,602.328,549.509,617.479,1
7955,16.6,17.9453,84.8714,409.496,67.7075,404.84,0
7956,189.602,166.757,305.754,635.75,144.773,616.12,0
7957,39.9,49.1764,302.969,187.136,349.118,174.393,0
7958,139.899,129.447,355.373,269.019,349.181,174.516,0
7959,18,21.3617,581.096,831.502,602.366,833.256,0
7960,56.3997,66.7541,282.417,776.766,310.828,818.727,0
7961,137.299,93.8107,525.323,627.352,613.265,612.479,0
7962,242.506,276.997,323.568,458.134,108.564,405.006,1
7963,242.506,145.358,428.358,630.053,555.698,615.873,1
7964,133.599,175.275,534.041,296.425,647.956,198.031,0
7965,242.506,190.305,430.978,593.146,552.476,615.772,1
7966,242.506,147.543,218.99,418.016,80.416,405.576,1
7967,51.6998,64.8515,561.188,789.916,606.427,811.849,0
7968,101.399,111.452,546.375,662.333,613.286,613.138,0
7969,209.204,213.581,485.324,458.318,615.57,539.69,0
7970,69.0995,90.8115,580.284,464.083,615.535,540.212,0
7971,242.506,219.684,338.606,533.31,207.807,626.409,1
7972,92.6992,108.853,229.377,755.388,152.659,701.76,0
7973,242.506,183.692,405.103,296.01,356.368,174.546,1
7974,124.399,97.7999,547.326,588.653,613.286,612.517,0
7975,0.9,0.29199,65.9672,401.216,65.8212,401.469,0
7976,242.506,226.197,423.029,558.234,543.92,616.751,1
7977,242.506,218.913,371.366,506.222,541.971,443.954,1
7978,99.0991,76.7519,430.938,176.281,356.197,173.408,0
7979,242.506,235.121,342.51,541.528,188.643,622.927,1
7980,221.904,171.436,280.312,586.171,144.758,615.815,0
7981,150.7,142.217,567.741,412.845,630.357,334.409,0
7982,242.506,135.924,487.54,627.642,581.402,617.344,1
7983,242.506,139.034,449.012,638.496,559.318,618.351,1
7984,180.002,187.088,358.438,644.158,313.052,818.1,0
7985,155.1,199.71,517.224,265.736,648.213,197.977,0
7986,242.506,232.497,308.714,370.288,251.155,193.359,1
7987,116.799,117.174,548.315,153.878,653.517,130.223,0
7988,49.0998,62.0961,595.293,201.464,647.968,197.821,0
7989,48.1998,60.8764,191.949,681.335,149.449,693.297,0
7990,242.506,131.602,460.658,667.285,558.397,617.217,1
7991,242.506,194.267,472.773,406.571,627.407,333.581,1
7992,189.402,147.442,445.342,142.641,356.116,173.427,0
7993,242.506,271.882,323.183,457.277,106.735,405.64,1
7994,242.506,160.945,419.212,416.256,528.275,359.585,1
7995,156.1,188.465,427.62,711.925,313.458,818.321,0
7996,99.6991,104.502,549.26,127.555,653.566,129.608,0
7997,203.003,133.19,474.628,155.627,356.041,173.826,0
7998,242.506,242.333,351.501,476.343,216.237,625.47,1
7999,162.301,208.904,518.738,258.75,648.232,198.003,0
