1660
Building 4 4 68.999
513.597 726.717
523.383 724.993
522.103 718.213
511.888 720.261

Building 4 6 73.802
523.383 724.993
533.530 722.924
532.438 715.809
522.103 718.213

Building 4 7 72.177
512.385 718.083
523.040 715.848
521.570 709.455
510.815 711.616

Building 5 6 77.177
510.815 711.616
521.570 709.455
521.335 707.057
520.231 702.419
509.709 704.815

Building 14 5 280.002
521.335 707.057
530.195 705.547
530.374 704.797
538.229 702.833
537.910 700.755
548.719 698.513
547.805 693.366
537.538 695.649
536.463 690.443
527.585 692.134
527.823 693.255
519.236 695.156
519.733 700.493
520.231 702.419

Building 6 6 77.502
519.733 700.493
519.236 695.156
513.605 696.270
513.510 693.050
508.350 692.937
509.078 702.736

Building 6 5 72.145
508.350 692.937
512.966 693.038
512.568 677.477
508.841 676.932
507.976 684.656
507.849 688.626

Building 10 6 420.672
508.841 676.932
512.568 677.477
515.823 692.911
524.427 691.137
522.806 681.849
543.221 678.233
541.588 670.474
522.313 673.866
521.499 667.486
510.118 667.435

Building 4 7 133.085
524.427 691.137
542.249 687.799
540.976 680.486
523.179 683.988

Building 4 2 108.005
510.077 665.813
521.135 666.555
521.326 657.054
510.935 655.295

Building 7 6 140.506
521.988 665.479
531.480 667.919
532.499 665.266
541.046 667.595
542.839 661.986
531.856 658.911
523.907 657.468

Building 4 3 93.584
545.437 677.899
554.961 676.074
553.233 666.203
544.246 668.140

Building 4 7 58.584
510.040 651.843
519.459 653.612
520.571 648.155
511.363 645.321

Building 5 5 67.709
519.459 653.612
530.417 655.960
531.673 650.322
520.897 647.525
520.571 648.155

Building 4 7 94.040
512.740 644.121
523.415 646.161
525.153 637.644
514.696 635.559

Building 10 5 265.048
514.696 635.559
525.153 637.644
523.415 646.161
535.770 648.463
537.146 641.571
545.420 642.992
545.464 639.072
541.320 638.213
541.038 634.923
518.699 631.227

Building 15 5 120.761
520.098 630.135
530.206 631.586
531.291 624.973
536.110 625.809
537.251 616.190
533.447 615.561
533.287 616.709
531.807 616.615
531.226 620.484
529.207 619.775
526.608 622.908
526.109 625.572
524.714 625.374
524.526 626.548
522.517 626.215

Building 6 1 31.189
537.251 616.190
536.110 625.809
537.832 625.941
538.571 620.977
541.558 621.166
542.262 616.980

Building 4 6 57.932
541.682 613.704
549.094 615.113
549.740 607.460
542.693 605.694

Building 4 5 65.926
549.094 615.113
557.640 615.903
558.209 608.165
549.740 607.460

Building 4 3 84.405
543.439 604.784
553.674 606.402
554.820 598.449
545.009 596.393

Building 4 7 90.878
545.009 596.393
554.820 598.449
556.724 589.589
546.605 587.705

Building 7 5 112.400
546.605 587.705
556.724 589.589
558.256 589.981
560.463 580.652
554.427 579.251
553.770 580.054
548.039 579.069

Building 6 5 85.072
548.421 575.433
555.637 576.995
557.578 569.346
552.901 567.738
554.686 560.566
551.586 559.889

Building 8 8 149.257
555.637 576.995
561.094 578.639
562.931 570.314
570.896 564.334
561.885 562.260
554.686 560.566
552.901 567.738
557.578 569.346

Building 6 5 130.712
551.586 559.889
570.896 564.334
572.571 559.096
565.036 551.981
562.180 557.198
552.520 555.391

Building 8 4 169.322
552.887 553.529
560.714 555.729
563.153 546.647
560.601 545.273
562.433 537.465
563.887 537.950
565.889 528.261
560.868 527.404

Building 13 5 89.487
560.601 545.273
563.153 546.647
563.958 544.711
564.991 545.178
563.897 548.822
566.041 549.884
568.248 547.717
569.090 548.679
571.688 547.201
570.570 544.884
571.649 539.824
563.887 537.950
562.433 537.465

Building 4 7 44.229
563.887 537.950
571.649 539.824
572.873 534.392
564.989 532.618

Building 4 3 117.378
566.183 526.593
573.161 532.966
576.477 516.529
568.215 514.996

Building 4 6 78.458
559.558 525.354
566.183 526.593
568.215 514.996
561.732 513.794

Building 10 7 366.407
561.732 513.794
576.477 516.529
574.157 528.029
585.159 530.139
585.220 520.488
590.847 519.148
590.730 517.086
581.352 517.459
582.558 505.803
564.103 501.779

Building 7 5 205.130
544.683 526.295
558.808 529.116
559.558 525.354
561.732 513.794
552.808 511.804
551.535 516.615
546.194 515.366

Building 4 4 83.551
552.808 511.804
559.089 513.204
561.648 500.842
555.281 499.023

Building 4 5 195.446
533.640 504.935
553.317 509.177
555.123 499.838
535.688 495.164

Building 5 3 46.812
544.434 513.173
551.916 515.175
552.808 511.804
553.317 509.177
545.651 507.524

Building 11 5 264.752
565.301 499.567
585.468 503.962
586.473 497.627
591.498 498.400
592.110 494.231
591.162 490.998
588.447 490.413
588.204 492.039
579.861 490.991
579.887 489.481
568.187 489.917

Building 5 7 51.609
585.468 503.962
594.613 505.005
593.601 498.537
591.498 498.400
586.473 497.627

Building 5 6 197.789
568.187 489.917
579.887 489.481
589.624 488.648
585.503 477.233
567.289 482.481

Building 4 7 299.887
568.548 480.154
584.839 475.224
578.960 458.043
564.356 461.118

Building 4 5 113.837
564.356 461.118
578.960 458.043
576.313 450.331
562.494 453.857

Building 6 7 142.401
545.183 469.528
563.003 467.002
561.920 459.969
552.182 462.242
551.010 455.393
547.554 456.016

Building 4 3 65.382
552.182 462.242
561.920 459.969
561.166 454.025
551.010 455.393

Building 4 6 66.579
561.184 451.153
568.770 449.398
566.579 441.030
559.072 442.915

Building 4 3 53.615
568.770 449.398
574.966 447.621
571.979 439.133
566.579 441.030

Building 5 1 75.978
565.013 441.423
566.579 441.030
571.979 439.133
569.688 429.320
562.650 430.963

Building 7 6 116.335
555.715 432.003
562.650 430.963
569.688 429.320
566.578 422.195
559.283 424.221
558.598 420.683
553.627 421.748

Building 5 2 45.855
559.283 424.221
566.578 422.195
565.530 416.346
558.271 418.086
558.598 420.683

Building 6 4 75.101
550.055 420.723
556.559 419.540
555.916 416.475
557.933 416.029
555.914 407.046
551.593 407.711

Building 6 7 111.444
557.933 416.029
565.695 414.500
562.917 402.044
552.403 404.148
552.685 407.543
555.914 407.046

Building 5 5 100.811
553.801 401.901
563.672 400.278
562.145 388.202
555.208 388.210
555.692 394.169

Building 9 4 227.694
542.406 404.394
550.173 406.303
551.549 402.394
553.801 401.901
555.692 394.169
555.208 388.210
538.557 389.392
537.546 396.760
543.538 397.327

Building 8 1 242.632
544.807 386.333
562.305 383.508
561.278 378.223
559.150 378.127
558.243 373.761
549.625 375.118
547.932 363.732
541.734 364.714

Building 4 5 192.700
541.734 364.714
558.558 362.117
556.510 350.796
539.892 353.617

Building 4 5 98.682
541.176 351.264
556.286 348.680
555.331 342.740
540.192 344.429

Building 5 1 107.024
527.880 353.448
541.176 351.264
540.192 344.429
530.893 344.576
526.207 345.447

Building 6 7 134.007
526.207 345.447
530.893 344.576
540.192 344.429
542.823 344.135
540.826 335.394
524.298 338.131

Building 4 4 71.741
542.823 344.135
550.442 343.286
548.690 334.029
540.826 335.394

Building 4 1 53.159
550.442 343.286
555.331 342.740
555.008 333.265
548.690 334.029

Building 6 5 166.335
538.279 333.961
555.918 330.649
554.394 322.064
541.690 324.257
541.283 322.546
536.629 323.383

Building 12 7 283.567
530.759 324.068
536.629 323.383
541.283 322.546
550.971 320.572
549.871 315.897
544.150 317.117
542.054 306.655
548.171 305.453
546.363 295.882
534.611 297.534
537.983 317.887
529.893 319.550

Building 10 4 111.708
544.150 317.117
549.871 315.897
550.971 320.572
555.100 319.598
556.052 314.107
555.419 313.783
551.245 314.185
549.895 305.313
548.171 305.453
542.054 306.655

Building 6 5 106.995
551.245 314.185
555.419 313.783
556.343 298.271
555.890 295.779
548.381 297.105
549.895 305.313

Building 5 6 109.857
534.611 297.534
546.363 295.882
548.240 295.460
546.828 287.365
533.796 289.650

Building 6 4 77.252
548.240 295.460
556.771 294.207
556.208 289.991
557.212 289.875
556.272 285.615
546.828 287.365

Building 4 3 177.285
543.166 285.399
559.102 283.353
556.230 271.161
540.894 276.056

Building 8 6 255.124
540.894 276.056
556.230 271.161
553.583 261.747
548.556 251.397
547.478 251.535
541.673 254.804
545.106 263.594
537.098 267.557

Building 6 7 97.537
537.098 267.557
545.106 263.594
541.673 254.804
537.223 256.941
536.166 255.879
531.852 258.434

Building 19 4 373.398
531.852 258.434
536.166 255.879
537.223 256.941
541.673 254.804
547.478 251.535
543.411 243.587
533.477 248.031
534.651 250.406
533.486 250.980
529.011 242.228
527.753 242.656
527.020 241.038
529.510 239.764
527.387 234.909
533.912 233.270
531.936 227.486
514.855 231.576
521.091 245.155
523.835 244.151

Building 8 6 161.366
532.783 246.785
542.851 242.028
538.871 234.031
537.188 226.541
531.936 227.486
533.912 233.270
527.387 234.909
529.510 239.764

Building 6 5 88.100
546.634 244.295
551.315 242.250
546.806 229.521
541.068 230.826
541.352 234.063
542.573 238.067

Building 4 5 95.911
526.120 227.787
537.755 225.358
536.294 217.743
524.384 219.703

Building 5 1 82.278
524.384 219.703
536.294 217.743
535.388 213.942
526.509 210.988
522.655 210.868

Building 6 4 223.351
522.354 207.416
532.905 211.573
539.955 192.523
534.826 190.169
534.333 190.926
529.755 188.919

Building 4 7 99.585
512.773 204.387
520.487 207.212
524.838 195.950
517.258 192.963

Building 17 5 286.076
517.258 192.963
524.838 195.950
529.033 185.353
531.079 185.781
532.424 180.343
523.562 178.641
522.363 184.589
519.400 183.910
519.321 181.934
509.108 180.255
506.932 180.828
505.625 186.351
506.756 186.528
505.211 192.671
513.922 194.911
515.781 188.363
518.820 189.214

Building 8 4 296.349
532.834 188.001
540.040 190.056
543.258 172.102
536.043 170.555
537.712 161.484
529.198 159.547
525.356 177.212
534.218 178.913

Building 5 3 111.400
536.043 170.555
543.258 172.102
548.151 172.586
549.054 163.439
537.712 161.484

Building 4 5 65.044
529.198 159.547
537.712 161.484
539.344 154.431
530.868 152.114

Building 5 4 89.189
537.712 161.484
549.054 163.439
550.483 155.767
539.752 153.778
539.344 154.431

Building 6 6 93.770
543.439 177.665
553.345 179.874
554.814 168.508
548.715 166.877
548.151 172.586
544.303 172.206

Building 5 5 84.609
554.814 168.508
557.888 155.323
550.483 155.767
549.054 163.439
548.715 166.877

Building 4 6 323.639
532.958 149.223
546.507 151.724
550.605 128.447
537.001 126.237

Building 6 6 292.864
548.607 151.903
553.699 153.057
556.065 152.954
558.529 151.638
568.289 131.806
552.661 128.665

Building 10 5 522.548
529.408 497.860
534.817 499.320
535.688 495.164
535.938 493.371
563.470 499.022
565.149 491.795
565.774 484.562
564.996 480.371
546.365 482.047
534.882 478.632

Building 4 4 56.548
534.882 478.632
541.961 480.738
543.962 473.233
537.093 471.177

Building 5 6 220.094
542.116 480.159
565.370 477.809
563.003 467.002
545.183 469.528
543.962 473.233

Building 4 7 45.208
537.630 468.864
542.966 470.207
544.385 461.003
540.138 460.113

Building 11 4 296.724
515.292 453.295
528.870 456.192
528.849 457.083
538.343 459.736
544.385 461.003
546.277 445.562
539.171 443.951
537.404 453.112
528.401 451.094
529.223 446.081
517.544 443.565

Building 6 3 100.389
524.603 465.132
536.220 468.733
538.524 459.774
528.849 457.083
527.990 461.283
525.827 460.782

Building 6 5 102.161
513.800 464.458
523.995 467.378
524.603 465.132
525.827 460.782
526.751 457.703
516.136 455.658

Building 11 6 198.355
501.249 474.204
512.978 476.803
514.079 473.978
521.490 475.979
523.995 467.378
513.800 464.458
511.642 464.090
511.095 467.208
505.705 465.863
505.088 468.145
500.862 467.310

Building 10 5 184.488
500.862 467.310
505.088 468.145
505.705 465.863
511.095 467.208
511.642 464.090
512.783 455.062
507.143 454.458
501.684 453.432
496.209 453.346
499.466 467.139

Building 4 2 47.162
495.330 450.136
500.978 451.761
502.022 444.851
494.198 443.020

Building 4 6 91.495
500.978 451.761
513.424 454.016
514.909 446.911
502.022 444.851

Building 8 1 298.969
474.288 458.223
492.667 451.918
492.934 444.207
485.650 441.191
479.795 440.129
469.578 441.304
470.703 447.148
472.134 451.829

Building 14 2 268.135
482.882 478.758
484.628 478.375
484.839 480.232
486.336 479.754
487.268 483.364
497.289 480.920
496.524 478.284
498.106 477.809
497.807 476.033
499.980 475.544
494.157 454.378
489.160 454.823
491.963 469.179
481.267 471.634

Building 5 2 125.216
485.545 501.942
499.323 498.670
497.221 489.737
484.537 492.092
485.591 495.605

Building 9 1 38.807
497.754 492.001
500.115 491.963
500.147 489.493
500.801 489.361
500.080 482.076
495.296 482.827
495.792 487.926
497.167 487.961
497.221 489.737

Building 9 6 411.140
487.030 439.822
515.543 444.844
519.372 430.135
504.396 427.121
493.640 426.259
492.680 433.093
489.273 432.643
489.178 436.507
487.707 436.817

Building 6 3 402.761
481.072 437.081
487.707 436.817
489.178 436.507
489.273 432.643
490.611 395.042
479.474 394.834

Building 4 1 67.689
469.242 440.366
475.361 439.341
473.778 428.734
467.495 429.668

Building 8 1 505.707
459.380 424.642
473.168 423.337
470.158 396.132
455.142 397.549
452.972 390.090
448.583 391.231
456.137 419.183
458.794 418.713

Building 6 4 194.307
433.229 438.937
457.372 432.552
455.237 425.897
436.441 430.622
435.222 427.026
430.592 428.850

Building 10 1 472.935
468.984 452.484
468.674 450.036
464.905 439.288
455.770 440.806
451.420 444.639
439.685 446.753
437.723 454.639
434.787 465.030
443.868 467.796
446.216 458.930

Building 6 4 240.650
403.367 467.315
430.466 474.123
434.320 458.053
429.481 456.811
427.033 466.202
405.232 460.642

Building 6 2 153.233
420.027 454.301
422.984 455.106
423.489 454.206
434.588 456.806
437.512 447.242
423.263 443.450

Building 8 4 151.845
415.778 436.522
422.421 437.872
425.300 424.696
428.372 424.835
429.087 421.174
426.713 420.521
427.049 417.766
420.006 416.860

Building 8 5 289.576
390.399 438.229
408.456 442.655
410.428 435.483
415.778 436.522
418.438 424.153
412.120 422.422
409.500 431.789
391.934 427.679

Building 4 6 121.441
397.432 428.966
409.500 431.789
412.011 422.813
399.166 419.491

Building 4 3 50.888
391.934 427.679
397.432 428.966
399.083 419.946
394.062 418.374

Building 4 3 129.449
396.416 459.782
402.776 461.790
408.456 442.655
402.191 441.120

Building 4 7 76.864
386.800 456.889
395.433 458.730
397.532 450.578
389.060 448.153

Building 4 4 80.685
389.060 448.153
397.532 450.578
400.040 441.746
391.289 439.524

Building 4 7 72.219
372.652 451.026
379.846 453.240
381.738 443.210
374.851 441.640

Building 6 5 180.475
374.851 441.640
381.738 443.210
379.846 453.240
385.748 454.221
389.689 435.301
376.756 433.164

Building 6 5 164.224
358.753 445.790
364.778 447.996
367.569 439.472
373.580 440.819
375.165 432.697
361.930 430.568

Building 4 4 62.244
364.778 447.996
371.580 450.345
373.580 440.819
367.569 439.472

Building 4 5 363.952
377.137 431.292
389.130 433.681
394.910 404.981
382.451 402.613

Building 4 6 119.574
382.451 402.613
394.910 404.981
396.568 395.444
384.693 393.228

Building 6 4 380.655
363.745 419.816
374.149 421.923
376.181 411.563
379.410 411.961
383.050 393.196
369.382 390.521

Building 7 5 147.820
361.689 428.831
375.739 431.439
379.410 411.961
376.181 411.563
374.149 421.923
373.998 423.385
363.079 421.464

Building 4 7 66.796
347.160 429.210
353.171 430.897
355.343 419.955
349.318 418.930

Building 4 2 68.658
353.171 430.897
359.337 431.794
361.471 421.118
355.343 419.955

Building 6 5 150.520
335.507 427.654
345.729 429.567
348.009 416.856
335.548 414.332
334.109 420.419
336.710 420.805

Building 4 4 71.963
335.548 414.332
348.009 416.856
349.004 411.816
336.306 408.349

Building 4 6 68.137
336.306 408.349
349.004 411.816
350.146 406.100
337.511 403.837

Building 8 4 225.241
348.084 416.426
361.288 419.202
365.496 399.729
362.421 399.107
363.235 395.463
359.105 394.283
356.687 407.658
350.146 406.100

Building 4 6 89.246
350.146 406.100
356.687 407.658
358.980 394.974
352.196 393.111

Building 6 6 50.849
334.632 403.150
337.511 403.837
339.536 391.818
334.637 391.288
334.197 395.652
334.037 398.395

Building 4 6 131.640
337.511 403.837
348.187 405.749
350.317 394.025
339.536 391.818

Building 4 4 214.499
315.896 403.925
332.613 406.490
332.205 391.777
318.154 390.954

Building 4 2 98.540
306.145 398.321
316.512 400.388
318.102 391.254
308.061 388.900

Building 8 4 340.630
288.147 405.695
299.359 408.595
301.933 397.462
304.016 398.018
305.888 388.407
308.061 388.900
308.857 384.344
293.862 380.266

Building 5 6 49.017
299.083 410.009
303.213 410.993
306.021 400.291
301.501 399.330
299.359 408.595

Building 5 4 108.252
305.406 426.259
309.423 415.833
302.323 413.206
300.424 412.418
296.005 422.135

Building 9 1 385.168
302.323 413.206
309.423 415.833
331.879 420.801
334.439 408.453
314.142 404.956
314.699 401.624
306.550 399.805
306.021 400.291
303.213 410.993

Building 7 5 183.117
308.289 425.000
318.827 428.270
319.624 425.002
324.211 426.203
331.494 427.473
331.879 420.801
310.804 416.139

Building 4 5 62.160
307.310 432.225
315.690 434.822
317.541 427.871
309.402 425.346

Building 4 2 52.245
305.622 437.833
314.231 440.533
315.690 434.822
307.310 432.225

Building 4 6 128.989
291.578 432.545
303.924 437.917
307.432 428.792
295.665 423.601

Building 4 6 100.540
289.543 393.586
292.345 380.240
285.538 378.667
282.175 392.561

Building 4 6 84.873
282.175 392.561
285.538 378.667
279.600 377.058
276.661 391.143

Building 8 3 121.956
273.124 400.903
286.895 405.310
288.287 399.044
284.982 398.413
285.340 395.868
281.923 395.043
282.175 392.561
276.661 391.143

Building 7 4 175.869
279.566 416.025
292.373 422.300
293.816 422.108
298.198 413.503
281.800 405.343
280.147 409.845
281.664 410.992

Building 7 3 111.416
267.813 410.927
278.539 415.091
280.147 409.845
281.800 405.343
272.459 402.214
271.562 403.703
270.512 403.243

Building 9 6 156.764
253.270 399.922
268.519 404.433
269.467 401.726
271.340 402.079
273.681 394.567
271.884 393.726
263.686 391.346
262.101 396.387
254.239 394.260

Building 4 5 133.381
250.998 408.843
264.763 413.041
267.101 404.013
253.270 399.922

Building 5 5 109.413
254.239 394.260
262.101 396.387
263.686 391.346
265.760 384.073
257.650 381.423

Building 6 3 73.680
263.686 391.346
271.884 393.726
273.289 388.945
275.478 389.422
275.983 386.316
265.760 384.073

Building 9 3 306.301
275.983 386.316
278.962 375.698
277.900 375.300
279.396 366.772
268.554 361.876
262.076 376.089
261.926 378.205
260.251 382.273
265.760 384.073

Building 4 3 249.408
247.751 374.797
259.345 380.345
266.616 361.762
255.686 356.432

Building 4 7 62.431
246.671 385.440
254.123 387.147
255.820 379.541
248.397 377.190

Building 4 3 108.048
234.659 383.124
246.671 385.440
248.397 377.190
236.336 374.174

Building 6 5 158.337
235.349 392.853
251.817 395.814
254.123 387.147
246.671 385.440
237.030 383.581
236.973 383.873

Building 6 4 93.814
228.502 391.495
235.349 392.853
237.030 383.581
234.659 383.124
235.899 376.506
231.696 375.718

Building 4 7 89.866
235.020 372.137
246.242 374.518
249.009 368.024
236.595 364.506

Building 6 3 67.057
219.838 381.460
227.541 383.581
229.527 376.123
219.351 373.782
218.921 376.127
220.703 376.691

Building 5 5 90.680
215.402 390.231
225.257 391.914
227.026 383.440
219.838 381.460
217.144 381.593

Building 18 4 279.086
207.077 389.523
213.513 389.937
215.659 381.042
217.144 381.593
219.838 381.460
220.703 376.691
218.921 376.127
219.351 373.782
229.527 376.123
230.063 373.912
234.655 374.791
235.020 372.137
220.731 368.087
221.180 366.956
213.428 364.554
212.447 366.802
211.073 374.048
207.788 381.084

Building 4 1 55.035
200.730 388.141
207.077 389.523
207.788 381.084
201.938 379.066

Building 7 6 106.081
201.938 379.066
207.788 381.084
211.073 374.048
212.447 366.802
207.597 364.829
202.369 374.169
201.406 377.478

Building 5 6 173.337
169.989 388.814
189.450 389.730
198.852 387.738
198.397 381.136
169.955 385.013

Building 5 7 161.859
169.955 385.013
191.271 382.107
190.404 374.309
169.756 377.629
169.663 383.470

Building 5 1 54.896
198.397 381.136
198.135 378.757
197.064 373.465
190.404 374.309
191.271 382.107

Building 6 4 84.266
170.234 375.985
182.200 373.681
180.695 364.514
177.250 365.034
177.797 368.752
168.875 370.226

Building 4 8 69.056
182.200 373.681
189.477 372.178
188.021 363.035
180.695 364.514

Building 6 4 105.754
189.477 372.178
201.359 370.178
199.897 363.877
198.675 363.730
198.264 361.297
188.021 363.035

Building 6 6 105.168
168.875 370.226
177.797 368.752
177.250 365.034
175.334 355.337
168.047 359.996
167.908 366.484

Building 10 5 198.364
198.264 361.297
197.814 358.388
194.948 358.337
193.551 352.757
190.864 353.086
190.261 351.650
175.334 355.337
177.250 365.034
180.695 364.514
188.021 363.035

Building 10 3 197.814
209.083 363.208
221.180 366.956
220.731 368.087
235.020 372.137
236.595 364.506
223.673 360.507
222.514 362.880
220.567 361.924
221.658 358.591
214.323 356.167

Building 4 3 189.656
229.114 403.952
248.257 407.799
249.692 397.916
230.821 394.481

Building 6 4 111.500
361.052 721.856
368.650 716.994
386.150 710.934
385.711 709.836
378.984 709.468
357.418 716.572

Building 6 2 498.812
358.330 712.702
385.240 704.077
379.766 686.999
358.845 692.973
359.590 695.789
353.717 697.401

Building 8 6 275.502
379.766 686.999
376.071 673.791
366.691 676.462
369.509 685.909
367.611 686.936
364.784 676.897
355.417 680.056
358.845 692.973

Building 4 2 100.173
353.717 697.401
359.590 695.789
355.417 680.056
349.387 682.044

Building 7 6 276.502
363.476 674.938
365.776 675.020
376.506 672.122
369.695 644.484
363.946 646.027
367.933 658.603
359.846 660.909

Building 4 7 107.330
359.846 660.909
367.933 658.603
363.946 646.027
356.406 648.089

Building 8 4 333.855
348.791 679.478
361.580 675.342
356.680 655.549
345.528 658.125
343.717 650.518
338.969 651.680
340.762 658.162
341.901 658.285

Building 4 7 89.967
343.717 650.518
345.528 658.125
356.680 655.549
354.983 647.914

Building 4 4 83.272
346.961 649.768
354.983 647.914
352.742 638.220
344.497 640.051

Building 4 6 84.551
338.969 651.680
346.961 649.768
344.497 640.051
336.212 641.791

Building 4 6 244.871
334.719 639.790
352.395 635.912
350.618 622.799
330.408 628.606

Building 5 5 120.673
355.555 644.758
360.580 644.317
359.738 632.883
358.485 623.101
352.545 623.411

Building 4 2 94.522
360.580 644.317
369.465 643.160
367.826 632.537
359.738 632.883

Building 7 6 282.326
359.738 632.883
367.826 632.537
366.725 619.168
364.986 608.364
350.786 610.329
352.545 623.411
358.485 623.101

Building 5 5 183.759
350.786 610.329
364.986 608.364
366.578 607.932
364.113 596.292
348.769 599.337

Building 5 4 216.582
366.578 607.932
382.429 604.876
379.771 591.924
363.890 594.649
364.113 596.292

Building 6 6 146.563
371.786 593.294
379.771 591.924
376.510 572.059
370.524 573.391
371.621 580.718
369.895 581.286

Building 5 3 59.027
358.396 595.633
363.890 594.649
367.402 594.046
366.127 587.436
357.385 589.378

Building 10 5 168.776
357.385 589.378
366.127 587.436
367.402 594.046
371.786 593.294
369.895 581.286
371.621 580.718
370.524 573.391
363.503 574.368
363.936 581.550
356.634 582.891

Building 11 4 331.694
329.481 626.721
343.368 623.280
342.161 616.827
343.647 616.407
342.576 611.278
338.221 612.058
336.217 602.370
331.418 603.405
327.789 603.310
324.273 603.047
324.187 611.807

Building 6 6 83.295
343.368 623.280
350.796 621.286
349.070 610.115
342.576 611.278
343.647 616.407
342.161 616.827

Building 4 3 114.986
336.217 602.370
338.221 612.058
349.070 610.115
347.550 599.787

Building 7 1 43.453
324.134 600.205
327.251 600.991
331.283 601.307
335.102 600.923
334.330 596.771
328.399 596.903
325.329 596.052

Building 5 3 109.806
335.102 600.923
346.886 598.473
345.255 589.608
333.414 591.855
334.330 596.771

Building 5 6 103.336
349.229 597.600
358.396 595.633
357.385 589.378
356.634 582.891
350.023 584.104

Building 5 7 91.716
326.023 592.612
333.414 591.855
335.233 591.510
332.706 578.447
328.401 578.720

Building 6 5 127.169
328.401 578.720
332.706 578.447
340.563 577.563
340.520 566.259
330.529 566.225
330.434 571.367

Building 8 5 169.548
335.233 591.510
345.255 589.608
347.380 588.199
346.492 581.887
347.715 580.842
347.954 577.132
340.563 577.563
332.706 578.447

Building 4 3 79.909
347.954 577.132
347.528 566.253
340.520 566.259
340.563 577.563

Building 4 6 99.860
349.605 573.180
363.224 572.310
362.709 565.116
349.217 565.689

Building 5 5 140.314
350.023 584.104
363.936 581.550
363.503 574.368
363.224 572.310
349.605 573.180

Building 6 4 117.359
363.503 574.368
370.524 573.391
376.510 572.059
374.683 563.307
362.709 565.116
363.224 572.310

Building 6 4 107.018
331.335 564.137
338.250 564.172
338.348 555.907
339.987 555.704
340.036 549.416
332.591 548.802

Building 5 7 62.498
338.250 564.172
345.722 564.193
345.894 556.051
339.987 555.704
338.348 555.907

Building 8 5 133.969
339.987 555.704
345.894 556.051
346.233 541.664
335.475 541.336
335.302 543.385
334.146 543.452
332.591 548.802
340.036 549.416

Building 9 4 178.202
347.940 563.502
358.875 563.403
359.750 557.310
354.867 557.168
356.074 541.159
351.646 540.642
350.979 544.806
348.970 544.399
348.043 549.026

Building 4 5 136.710
360.134 562.827
374.754 561.272
374.759 553.319
362.319 550.660

Building 6 6 119.714
362.319 550.660
367.080 551.678
369.051 542.497
371.451 543.041
372.708 533.800
365.526 531.774

Building 8 4 169.775
367.080 551.678
374.759 553.319
379.796 528.881
373.501 526.603
372.180 533.651
372.708 533.800
371.451 543.041
369.051 542.497

Building 4 3 46.877
365.526 531.774
372.180 533.651
373.389 527.199
367.627 524.377

Building 12 5 221.503
351.646 540.642
356.074 541.159
355.750 545.465
361.389 545.875
363.432 534.547
365.408 523.758
357.353 521.514
354.643 532.736
352.257 532.223
351.969 535.678
349.543 535.682
348.860 540.302

Building 5 5 76.374
352.257 532.223
354.643 532.736
357.158 522.325
350.406 520.334
347.891 531.210

Building 8 4 116.074
333.917 527.683
345.810 530.931
348.469 520.578
345.536 519.892
344.312 523.175
340.571 521.918
341.134 518.919
336.184 517.792

Building 9 6 121.362
319.423 545.707
332.591 548.802
334.146 543.452
335.302 543.385
335.475 541.336
335.434 537.893
327.656 536.196
326.665 542.088
320.525 540.649

Building 6 3 66.135
320.525 540.649
326.665 542.088
327.656 536.196
328.359 531.765
323.522 530.588
322.155 530.508

Building 10 4 151.994
323.522 530.588
328.359 531.765
327.656 536.196
334.644 537.721
335.939 531.512
333.196 530.092
333.917 527.683
336.184 517.792
331.467 516.587
323.725 529.577

Building 8 4 263.837
369.375 523.170
382.649 527.890
382.378 529.376
389.685 531.636
393.415 520.309
370.546 511.468
369.291 514.868
371.418 515.829

Building 6 6 198.692
371.590 510.375
394.152 518.549
396.137 511.983
383.807 507.756
384.981 504.361
374.566 500.774

Building 4 7 122.200
385.546 508.352
396.137 511.983
399.446 501.682
388.644 497.995

Building 4 6 54.715
388.644 497.995
394.208 499.894
396.587 489.950
391.855 488.500

Building 7 5 114.151
391.855 488.500
396.587 489.950
394.208 499.894
399.446 501.682
404.213 487.639
393.514 484.205
391.819 487.245

Building 8 5 445.384
334.209 514.983
351.930 519.020
357.030 499.538
358.544 500.056
360.306 494.149
358.345 493.520
358.468 491.815
347.186 488.289

Building 11 6 197.436
351.930 519.020
364.879 521.873
366.390 517.166
370.582 518.834
371.418 515.829
369.291 514.868
366.894 513.832
366.960 512.784
361.547 510.843
363.316 504.543
356.333 502.200

Building 14 3 233.216
362.049 509.055
368.815 511.116
371.177 502.796
372.278 503.012
372.471 501.232
375.277 493.143
366.637 489.696
365.906 490.914
361.751 489.723
360.306 494.149
358.544 500.056
357.030 499.538
356.333 502.200
363.316 504.543

Building 6 5 100.360
374.566 500.774
384.981 504.361
388.398 495.132
383.638 493.505
383.166 494.982
377.364 492.732

Building 7 5 100.835
388.398 495.132
391.496 485.591
383.747 482.879
382.001 485.623
380.408 485.004
378.162 491.097
383.638 493.505

Building 5 5 83.376
361.648 488.247
366.637 489.696
369.035 490.653
372.157 479.964
365.228 477.662

Building 4 7 79.991
369.035 490.653
375.277 493.143
379.126 482.007
372.157 479.964

Building 5 4 154.752
348.986 488.851
358.468 491.815
363.525 477.557
357.296 475.777
353.085 474.809

Building 4 5 74.189
355.527 472.009
362.915 474.612
365.423 465.119
358.258 462.860

Building 6 3 56.300
358.160 461.236
363.473 462.933
367.121 451.205
364.199 449.874
362.629 455.445
360.036 454.628

Building 8 5 137.818
363.473 462.933
374.663 466.168
376.646 462.090
375.113 461.173
377.877 455.416
373.985 453.820
367.595 450.544
367.121 451.205

Building 5 4 133.059
374.663 466.168
387.519 469.998
390.125 460.464
379.052 455.728
376.646 462.090

Building 6 4 218.532
365.129 475.362
384.377 481.045
387.519 469.998
378.456 467.298
378.210 468.412
367.764 465.524

Building 6 5 172.943
404.847 485.446
408.617 470.692
400.473 468.394
399.534 471.837
395.995 471.360
393.081 482.580

Building 5 8 177.851
384.377 481.045
393.081 482.580
395.995 471.360
397.992 463.124
390.125 460.464

Building 4 3 204.376
349.336 391.403
366.271 393.264
367.617 381.512
351.231 379.043

Building 8 5 174.792
368.564 388.671
383.575 391.482
386.070 378.024
381.601 377.649
381.577 379.435
376.487 378.715
376.334 380.148
369.928 379.081

Building 6 5 99.727
351.231 379.043
361.203 380.545
361.704 369.348
356.045 368.318
355.962 370.545
352.597 369.987

Building 4 4 70.313
367.617 381.512
367.757 370.248
361.704 369.348
361.203 380.545

Building 8 6 104.010
351.711 367.476
356.045 368.318
361.704 369.348
367.757 370.248
368.424 365.798
361.180 364.585
361.251 360.993
353.069 359.646

Building 8 4 75.810
361.180 364.585
368.424 365.798
368.186 358.006
367.094 354.748
356.666 357.540
356.882 358.896
361.220 358.834
361.251 360.993

Building 9 3 454.245
356.666 357.540
367.094 354.748
359.451 326.135
345.256 329.089
346.806 334.507
346.281 334.630
348.640 343.833
350.380 353.910
352.625 358.650

Building 5 4 113.708
362.757 332.601
373.006 330.010
372.818 327.150
370.583 319.673
360.572 322.130

Building 4 3 50.828
340.502 339.490
344.831 338.504
342.716 327.709
338.041 328.718

Building 10 4 193.752
338.041 328.718
358.497 324.304
356.508 314.717
345.290 316.976
346.154 321.588
342.033 322.582
341.375 320.358
343.701 319.726
343.034 316.893
336.210 318.649

Building 7 4 175.121
337.624 316.916
354.901 313.719
353.107 305.289
348.967 306.038
348.339 304.229
345.098 305.098
335.529 306.424

Building 5 6 91.811
335.529 306.424
345.098 305.098
345.281 303.773
343.055 295.301
333.767 298.043

Building 6 4 167.573
345.262 303.909
352.330 301.719
347.104 284.253
336.811 286.892
339.351 296.395
343.055 295.301

Building 4 5 144.572
332.098 288.186
347.104 284.253
344.780 274.967
330.276 278.995

Building 4 6 86.431
331.094 276.054
342.770 272.186
340.571 265.705
328.882 269.112

Building 4 4 47.088
328.882 269.112
334.596 267.446
332.391 260.081
326.347 261.837

Building 15 5 516.711
322.723 262.630
326.347 261.837
332.391 260.081
334.596 267.446
340.571 265.705
334.213 244.912
332.233 245.721
331.343 242.685
333.285 241.627
326.382 220.291
315.617 222.869
325.160 253.889
326.997 253.419
327.767 255.206
320.922 257.441

Building 4 4 54.898
307.527 278.594
315.722 277.618
314.482 270.703
306.655 272.119

Building 5 7 91.569
315.722 277.618
316.706 279.193
328.467 276.830
326.944 269.606
314.744 272.165

Building 5 4 75.972
314.744 272.165
326.944 269.606
325.481 263.492
313.841 266.064
314.482 270.703

Building 4 6 134.887
313.841 266.064
320.594 264.572
316.301 246.920
308.508 248.959

Building 8 8 125.983
320.922 257.441
327.767 255.206
326.997 253.419
325.160 253.889
319.827 236.556
312.075 238.662
314.008 245.779
317.780 244.941

Building 4 1 45.521
308.145 247.361
314.008 245.779
312.075 238.662
305.986 240.371

Building 5 5 93.138
305.881 238.728
317.742 235.779
315.572 228.526
305.202 230.879
303.875 231.538

Building 4 6 62.051
305.202 230.879
315.572 228.526
314.055 222.797
303.482 225.546

Building 8 7 384.568
300.676 222.968
326.156 217.638
323.180 205.528
312.043 207.771
311.372 204.635
304.798 205.958
304.603 204.284
296.781 206.226

Building 10 6 255.323
301.723 202.900
307.771 202.309
308.435 205.226
311.372 204.635
312.043 207.771
323.180 205.528
322.265 201.207
319.911 201.417
318.110 190.762
300.004 192.998

Building 8 2 99.868
540.880 284.882
538.997 277.015
533.785 277.960
534.876 281.660
532.600 282.424
531.602 277.492
526.824 278.551
528.755 287.929

Building 4 4 84.220
519.916 289.595
528.755 287.929
526.824 278.551
518.185 280.445

Building 4 6 85.781
512.021 291.709
519.916 289.595
518.185 280.445
508.549 282.535

Building 12 4 250.748
499.220 297.400
512.021 291.709
508.549 282.535
506.833 277.922
503.915 268.386
490.516 271.339
491.286 274.361
497.245 272.860
499.093 280.282
500.049 280.085
503.204 289.245
496.727 291.534

Building 9 5 248.595
486.065 303.428
499.220 297.400
496.727 291.534
503.204 289.245
500.049 280.085
499.093 280.282
491.839 282.830
493.129 286.893
482.754 289.708

Building 4 7 49.219
493.156 282.367
499.093 280.282
497.245 272.860
491.286 274.361

Building 7 6 60.219
482.754 289.708
493.129 286.893
491.839 282.830
491.638 282.066
486.645 283.500
485.631 282.182
481.281 283.313

Building 6 8 97.326
481.281 283.313
485.631 282.182
486.645 283.500
491.638 282.066
489.014 272.175
479.116 275.157

Building 4 3 102.612
469.479 287.979
480.217 285.533
477.756 276.128
467.375 279.125

Building 5 7 206.144
475.884 306.191
484.692 303.566
480.217 285.533
469.479 287.979
472.609 301.636

Building 8 4 195.413
458.750 300.033
469.365 297.636
465.174 278.233
463.411 278.706
462.791 276.060
458.848 277.615
460.759 285.833
455.733 286.874

Building 9 4 157.959
447.031 295.022
457.098 292.827
455.733 286.874
460.759 285.833
458.848 277.615
458.578 276.626
449.330 277.985
451.274 287.304
445.561 288.687

Building 4 7 68.347
448.614 302.562
457.366 300.763
455.520 293.171
447.031 295.022

Building 4 4 119.516
435.576 299.631
446.170 297.251
444.238 288.442
429.280 291.473

Building 4 5 54.315
439.678 304.739
447.383 302.746
446.170 297.251
435.576 299.631

Building 4 6 105.571
435.325 290.248
444.238 288.442
441.849 277.776
432.874 277.802

Building 4 5 56.615
445.561 288.687
451.274 287.304
449.330 277.985
443.915 278.157

Building 8 6 382.489
429.280 291.473
435.325 290.248
432.874 277.802
441.849 277.776
443.427 270.252
443.880 260.323
424.216 262.090
425.119 271.045

Building 4 8 41.225
397.490 298.697
405.265 296.798
403.997 291.879
396.515 293.296

Building 14 6 285.753
407.005 296.336
415.170 294.815
413.535 286.052
419.597 284.361
418.579 279.573
416.768 279.626
415.009 261.674
409.517 262.101
410.951 271.305
409.802 271.703
410.701 278.766
402.380 280.731
403.431 288.432
405.345 288.113

Building 4 5 56.292
415.170 294.815
421.409 292.891
419.597 284.361
413.535 286.052

Building 4 4 62.732
421.409 292.891
425.381 292.080
423.938 279.095
418.579 279.573

Building 5 7 121.810
416.768 279.626
418.579 279.573
423.514 279.132
421.662 261.091
415.009 261.674

Building 4 7 121.086
393.380 271.090
408.980 269.865
407.875 261.719
392.407 263.872

Building 5 7 41.352
405.708 279.946
410.701 278.766
409.802 271.703
409.724 271.430
404.501 271.397

Building 6 5 86.384
394.594 280.243
402.070 279.198
402.380 280.731
405.708 279.946
404.501 271.397
393.633 272.879

Building 8 3 92.666
403.997 291.879
403.431 288.432
402.380 280.731
402.070 279.198
394.594 280.243
396.224 291.214
399.182 290.942
399.587 292.714

Building 4 5 58.398
383.275 280.653
392.925 279.061
391.786 273.164
381.978 274.970

Building 4 8 72.100
385.273 289.244
393.180 287.684
391.718 279.260
383.275 280.653

Building 4 7 53.824
374.596 282.879
383.275 280.653
381.978 274.970
373.203 276.860

Building 4 3 49.330
379.797 290.693
385.273 289.244
383.275 280.653
377.948 282.019

Building 5 5 140.393
384.032 301.413
395.742 299.342
393.180 287.684
385.273 289.244
381.500 290.242

Building 6 6 86.068
379.348 302.667
384.032 301.413
381.500 290.242
379.797 290.693
377.948 282.019
374.596 282.879

Building 4 2 271.179
350.702 287.860
371.841 281.958
368.255 269.839
347.932 275.605

Building 4 5 187.848
369.387 305.300
377.496 302.670
371.841 281.958
363.328 284.335

Building 4 6 244.199
356.299 307.935
367.638 304.933
361.892 284.736
350.702 287.860

Building 6 7 68.827
123.361 536.626
132.248 537.864
133.038 530.063
125.864 528.701
125.730 530.366
124.077 530.435

Building 4 4 56.377
132.248 537.864
139.685 538.545
140.201 531.049
133.038 530.063

Building 7 7 241.281
121.992 545.698
145.635 548.351
147.564 532.073
140.201 531.049
139.685 538.545
139.202 540.252
122.583 538.435

Building 4 4 60.436
160.350 546.855
167.664 547.042
166.917 538.048
160.789 537.857

Building 4 5 87.832
167.664 547.042
176.769 546.704
176.406 536.892
166.917 538.048

Building 4 2 78.394
152.523 563.718
158.130 563.746
158.111 547.314
154.229 547.138

Building 5 5 110.796
158.124 558.676
168.119 557.940
167.664 547.042
160.350 546.855
158.111 547.314

Building 7 4 94.189
168.119 557.940
174.233 557.658
174.245 555.777
176.760 555.873
177.240 546.582
176.769 546.704
167.664 547.042

Building 9 7 160.750
147.276 563.815
152.523 563.718
154.229 547.138
158.111 547.314
158.268 540.451
156.150 540.557
156.495 536.165
150.465 535.748
149.818 548.021

Building 7 3 141.853
186.842 559.940
195.468 561.292
196.346 552.833
196.664 543.944
189.989 543.623
187.928 544.260
188.198 553.460

Building 8 5 214.502
177.687 559.245
186.842 559.940
188.198 553.460
187.928 544.260
189.989 543.623
189.476 536.284
179.763 536.971
179.664 546.884

Building 5 6 92.042
189.989 543.623
196.664 543.944
201.333 543.099
200.925 534.985
189.476 536.284

Building 5 3 70.737
196.346 552.833
203.553 553.322
204.206 543.874
201.333 543.099
196.664 543.944

Building 5 6 73.639
204.206 543.874
203.553 553.322
210.689 553.769
211.722 543.818
204.425 543.229

Building 5 4 134.752
195.468 561.292
210.035 563.111
211.741 554.135
210.689 553.769
196.346 552.833

Building 4 5 99.309
210.035 563.111
220.357 565.817
222.253 556.625
211.741 554.135

Building 9 5 213.772
204.425 543.229
211.722 543.818
210.689 553.769
211.741 554.135
220.262 556.154
223.066 543.870
213.814 541.729
215.127 535.755
204.287 534.455

Building 5 4 83.299
213.814 541.729
221.144 543.425
223.548 532.684
216.189 530.911
215.127 535.755

Building 5 4 61.679
220.262 556.154
222.253 556.625
225.208 556.993
227.778 544.921
223.066 543.870

Building 11 4 243.230
207.776 570.665
214.473 573.618
225.776 577.097
227.878 569.096
226.979 568.508
229.166 555.468
225.674 554.803
225.208 556.993
222.253 556.625
220.357 565.817
210.035 563.111

Building 4 6 96.963
229.091 567.883
237.334 570.560
239.886 560.304
230.915 557.103

Building 8 7 233.491
237.334 570.560
243.733 573.068
246.410 563.883
254.194 565.186
255.829 557.279
231.805 552.822
230.915 557.103
239.886 560.304

Building 7 5 147.811
244.184 571.520
256.617 574.676
259.053 566.558
260.468 558.381
255.829 557.279
254.194 565.186
246.410 563.883

Building 12 4 278.328
231.941 535.281
242.404 537.395
240.538 546.814
242.252 547.434
241.303 552.914
245.327 553.592
246.339 547.784
247.897 548.185
249.314 541.455
248.667 541.051
251.189 528.286
234.113 525.066

Building 4 6 58.742
229.786 544.772
235.730 546.036
237.781 536.461
231.941 535.281

Building 8 3 120.537
228.867 550.686
241.303 552.914
242.252 547.434
240.538 546.814
242.404 537.395
237.781 536.461
235.730 546.036
229.786 544.772

Building 8 6 131.395
245.327 553.592
257.265 555.615
258.641 550.203
256.566 549.360
257.823 542.761
249.314 541.455
247.897 548.185
246.339 547.784

Building 4 6 65.088
249.153 538.589
255.255 540.024
257.147 529.651
251.189 528.286

Building 4 7 156.069
257.938 537.696
273.433 541.306
275.578 531.723
259.759 528.242

Building 7 5 251.464
257.265 555.615
272.560 557.891
274.776 545.487
272.979 544.916
273.433 541.306
260.447 538.281
258.641 550.203

Building 4 4 119.496
277.059 532.884
289.492 535.722
291.914 526.411
279.225 524.108

Building 8 6 95.662
289.492 535.722
292.105 536.186
291.993 538.630
295.983 539.358
297.216 536.446
298.794 536.748
300.787 528.598
291.914 526.411

Building 9 1 63.458
292.134 547.774
300.499 549.635
301.442 545.779
297.232 544.243
298.728 537.962
298.794 536.748
297.216 536.446
295.983 539.358
294.061 539.007

Building 10 5 383.433
299.585 528.302
300.787 528.598
298.794 536.748
298.670 538.208
316.154 542.443
318.738 530.891
317.381 528.858
315.775 528.228
317.519 520.046
302.790 516.006

Building 6 5 75.846
285.112 546.166
292.134 547.774
294.061 539.007
291.993 538.630
292.105 536.186
287.457 535.258

Building 5 2 117.020
274.932 541.908
277.288 544.282
285.112 546.166
287.457 535.258
277.059 532.884

Building 6 2 83.361
275.651 551.750
287.664 554.800
288.988 549.328
282.614 547.326
282.992 545.655
277.288 544.282

Building 6 4 129.938
291.573 562.519
299.416 564.385
302.263 552.326
290.553 549.547
288.957 556.906
292.590 558.084

Building 7 5 93.200
274.341 557.314
291.573 562.519
292.590 558.084
288.957 556.906
283.767 555.749
284.186 553.917
275.651 551.750

Building 5 3 72.431
300.499 549.635
308.702 551.803
310.584 543.533
302.647 541.128
301.442 545.779

Building 6 5 53.584
308.702 551.803
314.917 553.236
316.566 548.183
315.462 547.643
316.201 544.766
310.584 543.533

Building 4 5 46.931
316.477 552.673
329.749 555.520
330.231 551.941
317.497 549.348

Building 8 4 190.903
384.647 605.002
398.039 601.916
399.268 604.717
405.755 602.309
403.250 589.816
395.649 591.859
396.523 595.500
383.329 598.189

Building 14 4 262.218
405.755 602.309
412.927 600.743
412.468 598.921
424.496 595.999
419.077 574.010
412.170 575.792
413.495 579.385
415.956 578.956
418.638 588.576
412.619 589.655
411.495 587.533
405.687 588.936
406.803 593.218
403.998 593.548

Building 8 5 99.901
409.526 588.008
411.495 587.533
412.619 589.655
418.638 588.576
415.956 578.956
413.495 579.385
412.170 575.792
406.974 577.133

Building 6 2 89.829
394.641 589.858
407.023 587.264
405.433 581.494
397.842 583.438
397.001 579.140
392.848 580.022

Building 9 6 149.519
392.848 580.022
397.001 579.140
404.884 577.269
401.997 564.404
390.068 567.034
390.970 570.734
393.723 570.023
394.638 574.069
392.062 574.701

Building 4 6 98.820
406.974 577.133
419.077 574.010
417.173 566.591
404.936 569.247

Building 4 5 81.113
383.329 598.189
394.325 595.948
392.474 588.711
382.133 590.845

Building 4 3 116.603
382.133 590.845
392.474 588.711
390.293 577.850
380.084 579.864

Building 8 4 103.756
380.084 579.864
390.293 577.850
389.372 573.490
387.694 573.942
386.928 569.420
388.701 568.818
387.998 567.268
378.214 569.070

Building 6 5 149.748
423.540 583.159
431.982 580.994
431.337 578.057
432.568 577.240
429.790 567.730
419.171 566.597

Building 4 7 131.198
434.862 579.956
444.021 578.273
447.430 569.387
431.903 567.585

Building 6 4 196.081
426.243 594.003
439.771 590.421
444.021 578.273
434.862 579.956
431.982 580.994
423.540 583.159

Building 4 1 36.855
453.927 583.670
458.808 585.678
460.498 577.402
457.206 575.989

Building 5 1 212.131
457.198 595.230
468.678 597.193
471.849 579.153
460.498 577.402
458.808 585.678

Building 5 4 104.156
443.081 587.511
455.665 592.514
458.808 585.678
453.927 583.670
445.996 580.390

Building 4 6 72.627
445.996 580.390
453.927 583.670
457.206 575.989
449.219 572.561

Building 4 4 99.436
449.219 572.561
460.498 577.402
461.953 567.563
451.202 565.433

Building 6 1 175.079
461.041 573.573
472.618 575.922
474.175 568.293
472.674 567.881
474.016 560.414
463.330 558.487

Building 4 4 296.135
519.140 593.974
540.383 600.674
543.517 587.239
522.759 581.247

Building 4 6 136.426
503.588 588.940
517.048 592.882
519.990 583.666
507.024 579.471

Building 7 4 204.545
489.887 587.221
503.588 588.940
507.024 579.471
492.896 574.260
483.135 571.723
482.944 575.907
492.338 578.154

Building 6 7 210.225
472.606 583.758
489.887 587.221
492.338 578.154
482.944 575.907
483.135 571.723
475.470 569.417

Building 8 6 205.984
523.252 607.531
531.913 609.194
537.199 611.427
540.001 602.238
534.874 600.322
531.932 599.708
519.015 595.206
517.265 603.273

Building 8 5 191.716
497.819 602.600
515.290 607.205
515.962 605.345
514.236 604.580
515.954 596.442
512.974 595.895
513.189 594.220
500.965 591.159

Building 5 4 113.950
488.390 599.596
497.819 602.600
500.965 591.159
490.501 589.655
488.395 597.981

Building 6 5 113.376
472.429 590.659
479.655 592.739
479.308 595.817
488.395 597.981
490.352 590.243
473.117 586.188

Building 9 4 176.484
469.886 601.750
489.742 606.291
490.970 602.084
488.185 601.065
488.390 599.596
488.395 597.981
479.308 595.817
479.655 592.739
472.429 590.659

Building 19 1 1430.080
319.183 697.388
329.766 695.046
333.733 695.797
345.605 693.044
345.543 681.386
341.582 672.399
331.502 646.164
317.671 651.285
314.178 641.514
312.868 638.286
305.356 640.900
305.349 645.787
309.276 655.525
308.314 656.502
310.995 662.352
308.001 664.544
309.988 668.286
308.711 669.087
318.322 690.384

Building 4 4 56.420
306.765 689.969
314.342 687.390
311.821 680.573
304.550 683.269

Building 4 4 49.700
304.721 680.238
311.429 678.303
309.536 672.670
301.579 673.141

Building 11 5 139.272
300.065 668.822
303.615 667.553
304.874 670.470
308.711 669.087
309.988 668.286
308.001 664.544
310.995 662.352
308.314 656.502
294.419 660.318
296.258 666.032
299.049 665.411

Building 4 4 83.091
294.419 660.318
305.302 657.329
303.411 650.231
292.722 652.959

Building 4 6 94.433
293.849 652.672
303.411 650.231
301.881 641.120
291.786 643.435

Building 5 3 91.851
287.510 643.896
291.786 643.435
301.881 641.120
300.392 634.989
286.511 637.895

Building 8 6 117.150
277.049 648.056
283.916 649.283
292.814 648.040
291.786 643.435
287.510 643.896
284.380 644.443
285.555 638.072
278.393 637.132

Building 4 4 54.125
270.415 647.771
275.223 648.473
276.054 637.533
270.901 637.124

Building 8 5 171.181
282.021 663.695
294.419 660.318
292.722 652.959
293.849 652.672
292.814 648.040
283.916 649.283
283.813 650.577
278.900 651.213

Building 4 7 75.038
286.980 677.212
291.932 675.604
287.167 662.293
282.021 663.695

Building 8 6 129.829
291.932 675.604
293.739 675.708
301.668 673.340
300.065 668.822
299.049 665.411
296.258 666.032
294.419 660.318
287.167 662.293

Building 8 2 53.392
274.040 663.519
278.339 662.911
276.929 654.766
275.377 654.667
274.384 650.089
271.901 650.244
271.926 652.808
273.194 660.975

Building 7 4 103.276
272.978 666.949
274.040 663.519
273.194 660.975
269.999 660.929
270.579 658.773
259.767 656.721
257.793 663.390

Building 8 5 142.064
271.193 656.463
271.386 650.066
267.492 649.848
268.766 638.369
264.411 638.392
263.131 649.026
256.697 648.097
256.167 654.387

Building 4 6 64.579
256.697 648.097
263.131 649.026
264.411 638.392
258.994 637.488

Building 4 4 77.702
241.834 659.965
255.680 663.120
256.579 657.463
243.179 654.702

Building 9 5 130.981
237.025 664.085
240.455 665.169
241.834 659.965
243.179 654.702
243.698 652.686
253.591 654.725
254.396 649.171
240.796 646.234
237.528 660.813

Building 7 1 96.703
225.687 667.990
235.640 670.266
237.025 664.085
237.528 660.813
236.071 660.804
228.932 658.876
227.575 659.078

Building 4 6 71.022
228.932 658.876
236.071 660.804
238.168 651.175
230.988 649.663

Building 4 2 49.355
233.190 650.127
238.168 651.175
240.173 642.115
234.837 640.861

Building 5 9 96.644
222.421 647.538
230.988 649.663
233.190 650.127
234.749 641.361
224.791 638.713

Building 7 5 64.818
231.348 640.457
234.749 641.361
234.837 640.861
235.491 639.131
240.510 640.546
241.892 633.987
233.330 632.236

Building 4 8 58.769
224.791 638.713
231.348 640.457
233.330 632.236
226.509 630.363

Building 7 6 196.376
215.076 675.650
226.513 679.295
228.252 668.577
225.687 667.990
227.575 659.078
224.548 658.033
219.612 657.225

Building 4 4 78.671
226.513 679.295
232.918 681.200
235.640 670.266
228.252 668.577

Building 12 5 189.830
204.364 673.516
215.076 675.650
216.406 670.247
215.110 669.602
218.916 654.306
215.641 653.436
215.074 656.023
210.844 654.870
208.481 664.284
204.696 663.219
203.924 665.762
206.059 666.650

Building 7 3 61.828
204.696 663.219
208.481 664.284
210.710 655.405
209.055 654.699
210.311 650.422
207.032 649.614
203.607 662.681

Building 4 4 42.471
219.612 657.225
224.548 658.033
226.752 650.461
221.399 649.120

Building 5 6 100.209
208.831 650.058
210.311 650.422
218.721 652.584
221.606 643.123
211.365 640.878

Building 7 5 184.659
195.675 656.822
204.572 658.999
207.032 649.614
208.831 650.058
211.365 640.878
202.293 638.687
198.174 647.586

Building 8 6 135.658
192.655 670.215
202.317 672.544
204.453 665.982
203.924 665.762
204.696 663.219
203.607 662.681
204.572 658.999
195.675 656.822

Building 7 5 160.178
175.858 672.140
186.041 672.270
191.287 673.079
194.534 656.639
183.704 661.979
185.746 666.141
176.445 666.073

Building 10 4 149.849
168.679 672.541
175.858 672.140
176.445 666.073
185.746 666.141
183.704 661.979
181.920 658.929
173.933 662.021
172.217 658.952
166.443 661.485
167.037 663.008

Building 4 5 75.423
161.931 674.291
168.679 672.541
167.037 663.008
158.294 665.947

Building 4 4 62.306
155.648 676.837
161.848 674.101
158.294 665.947
151.649 668.983

Building 4 1 594.998
152.671 666.643
196.213 648.571
191.045 636.960
147.672 655.108

Building 6 2 72.791
148.540 654.745
158.239 650.686
159.222 644.905
151.731 643.329
149.750 651.180
147.671 652.839

Building 5 5 127.841
160.490 647.403
164.567 648.039
173.461 644.317
174.556 637.315
162.840 635.238

Building 4 9 122.702
162.840 635.238
172.545 636.958
174.844 624.953
165.095 622.897

Building 5 7 88.788
173.461 644.317
182.761 640.426
184.176 633.109
175.760 631.354
174.556 637.315

Building 4 6 65.272
175.760 631.354
184.176 633.109
185.590 625.964
177.095 623.710

Building 7 7 104.952
182.761 640.426
191.045 636.960
192.230 635.948
193.748 626.908
186.017 625.286
185.590 625.964
184.176 633.109

Building 4 4 81.346
192.230 635.948
200.550 638.283
202.324 628.911
193.748 626.908

Building 7 5 95.820
141.836 652.816
147.671 652.839
149.750 651.180
151.613 643.800
140.854 641.807
140.417 644.571
140.489 646.774

Building 4 7 124.540
139.217 639.086
152.312 641.946
154.148 632.749
140.798 630.152

Building 4 6 44.653
152.312 641.946
159.750 643.176
160.502 637.298
153.540 635.796

Building 5 5 102.617
154.148 632.749
153.540 635.796
160.502 637.298
163.096 622.462
156.443 621.501

Building 4 6 157.372
140.798 630.152
154.148 632.749
156.443 621.501
143.132 618.721

Building 4 1 41.410
204.093 639.121
208.254 640.127
209.847 630.557
205.605 629.678

Building 5 4 73.365
208.254 640.127
214.162 641.492
216.171 629.709
211.000 627.997
209.847 630.557

Building 5 5 103.680
214.162 641.492
221.606 643.123
224.783 630.923
216.930 628.952
216.171 629.709

Building 4 4 55.129
247.900 646.507
252.750 647.689
254.875 636.683
250.199 635.474

Building 4 7 57.047
240.895 644.885
245.936 646.419
248.767 635.066
244.403 633.838

Building 12 5 228.394
562.619 293.421
591.832 288.176
590.259 281.024
585.671 281.676
585.826 283.573
577.867 285.448
577.138 283.249
568.554 285.199
567.548 279.997
561.674 281.588
562.644 286.822
561.206 287.307

Building 7 4 112.052
568.554 285.199
577.138 283.249
577.371 283.952
583.660 282.616
582.204 275.160
567.465 278.034
567.548 279.997

Building 13 5 462.556
599.403 319.041
602.807 317.880
603.337 319.593
608.949 318.439
600.684 285.050
598.829 285.402
595.166 273.928
595.194 270.410
585.578 272.395
584.312 274.956
585.671 281.676
590.259 281.024
591.832 288.176

Building 14 1 214.895
610.221 316.574
612.803 315.599
614.423 300.911
612.816 300.773
615.039 279.666
613.104 279.447
611.864 285.094
604.248 285.506
606.507 295.783
605.021 296.575
606.445 302.448
608.063 301.799
609.370 307.977
608.165 308.644

Building 9 4 257.415
600.684 285.050
604.420 284.001
610.731 284.183
613.210 266.937
599.957 267.541
600.035 269.442
595.194 270.410
595.166 273.928
598.829 285.402

Building 4 7 146.938
599.957 267.541
613.210 266.937
616.628 257.123
599.215 258.055

Building 5 5 92.306
587.155 269.320
599.957 267.541
599.436 260.880
584.884 262.420
586.611 265.248

Building 8 6 151.224
584.884 262.420
599.436 260.880
599.215 258.055
599.017 255.403
589.015 256.161
582.679 245.821
577.997 251.087
581.856 256.124

Building 5 3 85.495
604.797 256.611
616.078 256.395
615.644 248.961
612.183 248.277
604.327 249.946

Building 14 5 329.720
608.757 238.113
609.347 241.473
601.104 243.371
595.258 247.152
589.679 237.722
582.679 245.821
589.015 256.161
599.017 255.403
602.993 254.967
602.443 250.059
604.327 249.946
612.183 248.277
615.596 247.595
613.343 236.406

Building 5 6 84.394
589.679 237.722
595.258 247.152
600.933 243.481
597.745 236.779
594.271 232.508

Building 4 6 165.233
603.068 240.737
612.189 234.821
607.441 222.335
595.189 230.790

Building 7 5 313.555
560.313 277.367
583.391 271.845
584.088 266.411
578.370 256.253
566.246 260.105
568.253 266.074
558.287 269.542

Building 5 3 88.162
558.287 269.542
568.253 266.074
566.246 260.105
565.588 258.072
555.369 262.142

Building 5 3 134.977
566.246 260.105
577.751 256.450
572.192 245.589
561.845 249.543
565.588 258.072

Building 4 4 75.705
561.845 249.543
572.192 245.589
569.957 239.351
559.239 243.200

Building 4 4 100.318
555.369 262.142
565.588 258.072
561.845 249.543
552.271 252.999

Building 5 8 95.623
552.288 252.974
561.845 249.543
559.256 243.175
558.261 239.921
549.374 244.430

Building 4 4 61.377
434.380 259.357
440.212 258.455
438.577 248.262
432.656 249.182

Building 5 5 179.778
432.167 247.711
451.578 244.757
449.598 235.846
442.272 236.549
430.556 238.994

Building 6 6 90.626
433.593 236.399
442.709 235.205
441.112 226.135
430.461 228.030
431.136 232.614
433.118 232.770

Building 6 7 69.569
424.707 237.889
433.593 236.399
433.118 232.770
431.136 232.614
430.461 228.030
423.439 229.340

Building 4 6 77.872
423.230 227.615
431.851 226.135
430.068 217.255
421.286 219.366

Building 4 4 81.517
431.851 226.135
440.503 224.458
438.713 215.248
430.068 217.255

Building 5 4 211.812
427.045 217.981
437.528 215.523
431.852 197.040
421.127 200.769
423.432 209.034

Building 7 5 135.448
421.127 200.769
431.852 197.040
433.699 196.152
430.254 187.338
416.040 192.422
416.940 196.394
419.655 195.489

Building 5 7 119.104
418.924 191.390
430.254 187.338
428.630 178.538
415.757 182.136
417.729 188.340

Building 4 8 105.642
418.946 178.606
427.096 176.797
424.967 164.200
416.920 166.050

Building 6 5 132.589
408.912 182.486
418.946 178.606
416.920 166.050
409.095 167.821
408.045 172.900
408.093 176.224

Building 6 5 73.500
439.606 178.242
448.522 178.997
449.237 171.572
444.715 170.883
444.882 169.175
441.142 168.786

Building 12 6 258.515
427.096 176.797
432.042 176.404
439.606 178.242
441.142 168.786
444.882 169.175
444.715 170.883
449.237 171.572
450.423 166.895
449.342 162.007
432.775 165.196
431.988 162.586
424.967 164.200

Building 5 5 73.668
433.514 187.272
436.740 186.318
441.781 187.250
442.820 180.455
431.432 178.158

Building 6 4 114.483
435.445 197.259
446.745 194.690
448.077 188.282
441.781 187.250
436.740 186.318
433.514 187.272

Building 9 7 92.092
452.049 195.677
453.688 186.886
447.623 185.622
448.545 180.912
443.187 179.680
442.820 180.455
441.781 187.250
448.077 188.282
446.745 194.690

Building 4 1 68.819
424.663 159.429
431.131 158.034
429.088 148.156
422.237 149.584

Building 5 7 101.789
411.562 167.282
431.988 162.586
431.131 158.034
424.663 159.429
410.861 162.049

Building 5 3 195.799
449.342 162.007
446.780 150.658
430.293 153.986
431.988 162.586
432.775 165.196

Building 4 1 33.114
420.662 147.106
428.017 145.616
427.243 141.388
419.865 142.635

Building 4 6 42.268
419.865 142.635
427.243 141.388
425.856 135.447
418.864 137.331

Building 5 5 134.574
416.985 137.292
418.864 137.331
425.856 135.447
423.628 120.565
415.516 121.540

Building 14 1 1068.658
429.087 140.509
443.881 137.955
433.767 81.695
412.111 85.657
413.418 92.484
418.274 91.307
418.690 94.011
414.123 94.771
416.314 107.062
421.217 106.048
421.777 109.135
416.767 110.144
419.066 120.076
424.825 119.209

Building 7 6 119.512
449.342 162.007
452.512 161.314
451.535 158.014
454.549 157.358
451.811 140.824
445.272 142.200
446.780 150.658

Building 4 9 73.895
215.089 530.657
222.070 532.328
224.256 522.535
216.772 520.899

Building 6 5 156.631
222.070 532.328
223.548 532.684
221.144 543.425
227.778 544.921
232.216 524.413
224.256 522.535

Building 4 8 160.574
216.158 518.870
231.342 522.627
233.426 512.412
218.022 509.010

Building 4 4 181.284
223.280 510.172
233.426 512.412
237.267 495.559
227.102 493.098

Building 5 7 69.364
218.022 509.010
223.280 510.172
225.552 500.024
218.985 498.317
217.048 508.535

Building 4 6 42.862
218.189 496.633
225.945 498.267
227.102 493.098
218.484 491.608

Building 10 4 288.685
217.881 490.025
233.709 492.648
235.344 483.461
232.649 482.459
234.755 468.761
222.414 466.025
220.543 472.650
226.826 474.102
224.946 484.294
217.259 482.469

Building 7 1 95.428
233.709 492.648
239.816 493.936
241.640 487.881
243.650 488.390
245.117 482.869
236.027 480.588
235.344 483.461

Building 7 7 125.295
236.027 480.588
245.117 482.869
245.347 482.465
249.124 483.226
250.387 474.901
236.674 471.751
234.828 480.226

Building 5 5 71.144
216.079 471.657
220.543 472.650
222.414 466.025
223.346 462.064
215.253 460.224

Building 7 5 124.920
222.414 466.025
234.755 468.761
237.208 454.579
231.009 453.542
229.401 461.942
223.332 460.401
223.346 462.064

Building 7 5 150.274
215.240 458.557
223.332 460.401
225.521 452.174
223.773 451.259
225.474 444.979
214.406 442.454
215.282 449.886

Building 11 4 176.203
225.474 444.979
223.773 451.259
225.521 452.174
223.332 460.401
229.401 461.942
231.009 453.542
231.187 452.496
236.320 453.828
238.719 444.345
231.955 443.402
226.151 441.775

Building 5 7 86.483
231.955 443.402
238.719 444.345
240.126 433.388
239.575 429.469
234.927 430.095

Building 4 3 66.557
226.151 441.775
231.955 443.402
234.333 432.754
228.036 431.455

Building 7 8 131.522
214.406 442.454
225.474 444.979
226.104 441.994
227.844 432.507
225.379 432.039
223.518 432.131
214.864 434.358

Building 8 1 73.378
235.416 427.125
239.135 427.975
239.840 424.135
241.753 424.354
241.928 423.437
246.743 423.501
246.604 418.787
236.858 417.335

Building 4 7 81.777
224.218 429.875
230.568 428.754
232.278 416.468
226.069 415.945

Building 4 6 74.526
240.285 417.845
246.604 418.787
248.257 407.799
241.556 406.452

Building 8 3 201.207
210.452 404.581
227.184 406.471
227.633 400.408
223.822 399.926
224.176 396.711
228.557 397.562
228.399 393.464
211.949 392.205

Building 4 5 94.866
202.933 403.622
210.452 404.581
211.949 392.205
204.471 391.111

Building 8 5 241.234
201.778 436.318
208.283 434.941
209.579 424.525
211.923 423.997
212.935 407.401
203.150 406.396
201.694 422.675
203.993 423.637

Building 27 4 451.052
208.429 433.772
210.092 434.296
214.944 432.601
215.248 431.251
216.177 431.249
216.730 431.714
217.946 431.703
218.298 430.289
223.138 430.288
224.872 415.539
226.069 415.945
232.278 416.468
230.568 428.754
235.416 427.125
236.858 417.335
240.285 417.845
241.350 408.300
227.184 406.471
223.093 406.009
222.711 408.644
215.167 407.841
214.469 414.181
219.447 414.818
218.267 422.533
212.086 421.323
211.923 423.997
209.579 424.525

Building 4 1 26.305
212.340 417.150
212.086 421.323
218.267 422.533
218.868 418.606

Building 7 2 140.955
455.142 397.549
470.158 396.132
467.983 380.770
460.826 382.140
463.373 392.177
460.805 392.281
453.969 393.517

Building 6 4 94.450
453.969 393.517
460.805 392.281
458.591 382.677
446.424 386.307
448.583 391.231
452.972 390.090

Building 4 3 68.778
451.476 383.061
458.224 381.290
455.645 371.473
449.092 373.680

Building 4 7 120.439
439.449 386.679
451.476 383.061
449.092 373.680
437.002 377.593

Building 4 4 61.741
433.127 388.625
439.449 386.679
437.002 377.593
430.701 379.716

Building 8 5 136.957
432.108 379.242
445.784 374.794
443.176 365.433
437.031 367.126
438.320 370.803
436.457 371.338
434.723 367.796
429.105 369.297

Building 5 4 114.545
455.645 371.473
453.430 361.611
442.632 363.829
443.176 365.433
445.784 374.794

Building 5 4 91.118
455.471 359.019
464.141 357.431
462.303 347.823
460.561 347.722
453.129 349.322

Building 16 5 528.083
460.219 380.648
467.747 378.669
464.141 357.431
455.471 359.019
453.129 349.322
460.561 347.722
457.446 337.596
446.188 340.663
448.672 350.391
440.577 351.729
439.460 347.060
435.615 347.943
439.568 364.614
442.632 363.829
453.430 361.611
455.605 360.917

Building 5 6 64.711
446.378 338.867
453.761 336.760
452.244 331.398
448.702 328.042
444.669 329.406

Building 7 5 211.093
427.809 334.109
442.365 330.711
444.669 329.406
439.624 312.816
431.822 315.042
434.646 325.035
426.042 327.430

Building 4 3 68.890
429.924 341.533
438.466 339.708
436.528 332.074
427.809 334.109

Building 4 6 92.673
426.042 327.430
434.646 325.035
431.822 315.042
423.254 317.384

Building 6 5 253.676
410.239 337.484
425.779 333.483
421.585 316.882
407.946 320.419
410.501 331.270
408.787 332.007

Building 4 6 96.465
408.227 318.606
419.425 315.805
417.346 307.394
407.068 309.840

Building 4 7 77.152
419.425 315.805
427.984 313.631
426.162 305.249
417.346 307.394

Building 6 6 83.002
427.984 313.631
439.325 310.631
438.700 307.280
435.653 308.030
434.044 303.311
426.162 305.249

Building 4 4 94.508
407.560 308.522
417.843 306.020
415.873 297.209
405.909 299.525

Building 6 4 120.622
417.843 306.020
431.586 302.608
430.303 297.257
429.029 297.283
428.255 294.488
415.873 297.209

Building 4 2 182.778
425.416 403.181
445.810 398.313
443.669 389.526
423.189 395.208

Building 4 1 103.461
422.577 391.576
433.127 388.625
430.701 379.716
419.773 382.650

Building 5 3 103.232
419.559 381.243
429.667 378.642
427.106 369.375
426.452 369.191
417.014 371.624

Building 4 6 106.133
428.155 367.706
438.327 365.174
435.654 355.462
425.561 357.711

Building 6 6 108.527
417.014 371.624
426.452 369.191
423.303 357.301
419.508 358.142
420.034 360.168
414.373 361.694

Building 4 5 93.966
425.561 357.711
435.654 355.462
433.759 346.599
423.481 349.038

Building 4 5 46.612
423.481 349.038
433.759 346.599
432.613 342.653
422.232 344.450

Building 5 5 64.427
414.373 361.694
420.034 360.168
419.508 358.142
417.269 349.571
411.615 350.921

Building 6 1 47.377
419.508 358.142
423.303 357.301
420.691 344.798
417.753 345.743
418.813 349.157
417.269 349.571

Building 4 1 25.301
411.615 350.921
418.813 349.157
417.753 345.743
410.676 347.777

Building 4 6 38.452
412.073 345.244
416.859 344.493
414.644 336.350
410.239 337.484

Building 4 3 101.158
416.859 344.493
428.303 342.172
425.779 333.483
414.644 336.350

Building 8 4 137.795
435.615 347.943
439.503 347.239
439.981 349.239
446.145 347.759
442.365 330.711
436.528 332.074
438.466 339.708
433.826 340.699

Building 4 1 115.302
483.703 515.228
494.058 518.451
496.141 507.678
485.767 504.943

Building 5 4 142.272
481.337 525.510
494.877 529.070
496.885 518.975
494.058 518.451
483.703 515.228

Building 4 6 98.151
478.939 535.917
487.902 538.082
490.357 527.881
481.337 525.510

Building 7 7 111.129
487.902 538.082
497.398 539.699
498.461 536.755
500.152 536.986
501.451 530.313
494.877 529.070
490.357 527.881

Building 12 5 387.492
478.205 557.166
485.674 559.979
487.581 553.740
500.138 555.590
501.208 552.534
501.607 549.837
497.058 548.875
497.870 545.474
500.863 546.469
501.320 541.746
478.390 537.204
476.333 551.272

Building 4 4 92.262
485.674 559.979
497.357 563.531
500.138 555.590
487.581 553.740

Building 5 8 102.563
475.285 567.415
484.504 570.478
487.515 560.538
485.674 559.979
478.205 557.166

Building 4 5 106.292
484.504 570.478
494.033 573.556
497.357 563.531
487.515 560.538

Building 5 3 145.916
494.033 573.556
498.707 574.798
507.130 577.894
510.506 567.494
497.357 563.531

Building 4 6 157.812
497.357 563.531
510.506 567.494
514.338 556.909
501.208 552.534

Building 4 5 196.409
511.156 565.699
530.919 572.714
533.655 563.453
514.338 556.909

Building 6 4 98.990
530.919 572.714
544.837 576.471
545.888 573.115
539.161 570.680
541.093 565.439
533.655 563.453

Building 4 5 42.256
539.161 570.680
545.888 573.115
547.796 566.877
541.093 565.439

Building 4 5 144.636
198.527 623.625
207.336 625.517
210.202 609.698
201.218 608.036

Building 9 6 175.870
201.218 608.036
210.202 609.698
212.349 610.143
213.579 603.009
210.384 602.314
212.776 593.994
203.127 591.823
199.867 603.482
201.879 604.166

Building 5 5 76.801
213.579 603.009
219.231 604.100
221.461 595.929
212.776 593.994
210.384 602.314

Building 4 6 99.595
211.463 593.701
221.461 595.929
223.089 586.389
213.732 583.657

Building 4 5 89.678
203.127 591.823
211.463 593.701
213.732 583.657
205.208 581.606

Building 7 5 172.648
205.208 581.606
213.732 583.657
223.089 586.389
225.776 577.097
214.473 573.618
214.301 575.314
207.491 573.185

Building 6 5 227.475
226.889 580.214
247.000 587.517
250.612 575.718
247.164 574.084
246.320 575.937
230.431 570.716

Building 4 6 116.667
240.159 592.123
242.451 585.865
226.889 580.214
224.725 587.541

Building 11 5 203.384
221.983 603.850
233.796 607.002
237.594 595.932
241.544 597.035
242.617 592.904
239.896 592.045
226.457 588.055
225.660 591.081
230.305 593.425
229.190 596.543
224.388 595.226

Building 11 4 292.757
259.255 613.333
261.178 601.706
241.544 597.035
237.594 595.932
235.147 603.065
238.001 604.267
236.832 609.735
246.207 612.073
248.017 604.851
249.784 605.371
248.580 611.410

Building 5 7 106.008
233.558 618.739
244.376 621.565
246.207 612.073
236.832 609.735
235.606 609.413

Building 4 8 73.468
231.575 627.380
239.904 629.509
241.321 620.767
233.558 618.739

Building 4 5 87.110
209.629 624.675
219.222 625.614
221.477 616.895
211.529 615.961

Building 4 3 92.236
219.222 625.614
229.477 627.552
231.652 619.115
221.477 616.895

Building 4 5 104.444
221.477 616.895
231.652 619.115
233.643 609.393
223.294 607.099

Building 6 6 115.725
211.529 615.961
221.477 616.895
223.294 607.099
223.277 606.021
213.349 604.341
212.349 610.143

Building 8 7 269.520
410.146 710.623
424.316 711.103
424.457 707.994
421.178 707.738
418.139 684.453
413.579 685.052
408.408 689.598
410.386 705.371

Building 4 4 58.836
424.316 711.103
440.844 713.085
441.451 709.245
424.457 707.994

Building 4 7 236.666
423.008 707.881
432.578 708.592
429.174 682.681
419.784 684.112

Building 8 7 160.173
434.256 707.522
442.649 707.488
442.295 701.629
440.575 701.483
439.835 694.231
437.038 694.242
435.532 681.834
430.911 682.450

Building 9 5 184.180
442.649 707.488
452.222 707.337
459.738 708.364
460.523 701.765
451.072 700.754
451.387 695.372
439.835 694.231
440.575 701.483
442.295 701.629

Building 12 5 510.657
440.844 713.085
478.441 716.256
482.593 686.422
475.359 684.904
472.386 702.812
460.586 700.342
460.523 701.765
459.738 708.364
452.222 707.337
442.649 707.488
441.524 707.493
441.451 709.245

Building 7 5 195.364
482.787 695.175
492.555 696.785
504.589 697.948
505.284 689.524
492.594 688.366
492.738 686.722
484.086 685.609

Building 5 7 134.546
487.768 707.087
500.452 708.382
501.259 697.626
492.555 696.785
489.135 696.222

Building 4 6 60.594
481.321 706.108
487.768 707.087
488.923 697.908
482.577 696.747

Building 4 4 64.842
480.024 716.092
486.488 716.846
487.768 707.087
481.321 706.108

Building 4 6 69.068
486.488 716.846
493.482 717.580
494.725 707.798
487.768 707.087

Building 9 5 204.012
494.837 717.925
509.482 719.377
509.193 712.077
507.733 709.261
506.179 697.917
504.589 697.948
501.259 697.626
500.452 708.382
496.065 707.934

Building 4 1 39.415
474.075 722.624
481.527 723.545
482.136 718.520
474.241 717.475

Building 5 1 43.425
481.538 725.573
487.771 725.958
488.217 719.207
482.136 718.520
481.527 723.545

Building 5 1 88.239
487.771 725.958
499.805 727.121
500.240 719.853
488.554 718.638
488.217 719.207

Building 5 2 74.552
499.805 727.121
501.807 728.655
510.447 726.983
509.415 720.852
500.240 719.853

Building 4 5 70.348
512.057 735.293
510.447 726.983
501.807 728.655
504.257 736.701

Building 5 4 56.729
513.707 751.933
517.183 751.320
513.367 735.154
512.057 735.293
510.115 735.644

Building 6 4 29.336
513.397 757.842
518.190 757.256
518.346 755.714
517.183 751.320
513.707 751.933
512.505 752.888

Building 6 3 43.924
517.149 766.741
519.845 766.257
518.190 757.256
513.397 757.842
513.260 760.835
514.100 763.519

Building 4 4 189.383
524.521 779.557
542.293 775.564
540.038 765.452
522.616 769.041

Building 5 6 135.813
542.656 776.904
553.764 774.367
551.529 762.926
540.038 765.452
542.293 775.564

Building 10 7 222.871
553.764 774.367
574.364 770.602
573.856 768.643
581.546 767.230
579.612 755.352
570.774 757.240
572.195 763.882
564.453 765.468
564.283 767.264
552.794 769.402

Building 4 4 75.068
554.580 769.070
562.365 767.621
560.921 758.115
552.958 760.197

Building 4 4 53.786
564.453 765.468
572.195 763.882
570.774 757.240
562.940 758.910

Building 4 2 166.849
547.845 834.509
554.442 834.497
548.622 806.873
543.107 808.171

Building 6 2 46.121
537.759 833.056
540.862 833.162
540.882 834.228
544.761 833.991
542.852 825.105
538.864 825.475

Building 4 4 79.665
556.779 830.959
565.458 829.186
563.851 820.520
554.897 822.247

Building 4 2 50.473
566.043 832.272
576.912 832.454
577.553 826.742
565.458 829.186

Building 6 8 104.040
565.458 829.186
577.553 826.742
577.354 820.512
573.364 820.916
572.566 818.714
563.851 820.520

Building 4 7 49.812
580.611 830.112
586.477 830.205
586.616 821.859
580.505 821.823

Building 6 2 110.083
586.477 830.205
595.201 829.993
595.340 822.150
604.795 822.302
604.748 818.038
586.616 821.859

Building 4 4 73.226
595.201 829.993
604.761 829.863
604.795 822.302
595.340 822.150

Building 12 5 674.273
554.750 820.178
579.960 815.611
581.076 820.680
593.167 818.305
593.429 820.423
600.534 818.926
597.455 803.031
563.200 809.801
562.603 806.990
575.110 803.843
574.024 798.878
551.083 803.650

Building 8 4 376.891
600.490 807.197
607.741 807.636
609.859 758.857
607.345 757.186
603.510 757.281
603.324 769.625
601.222 769.584
600.077 801.472

Building 4 4 17.473
610.737 751.109
612.117 751.137
612.107 743.781
608.631 744.277

Building 4 6 58.791
606.419 742.802
612.641 741.914
610.357 732.186
604.744 733.342

Building 4 8 68.878
604.744 733.342
610.357 732.186
608.401 720.549
602.540 721.865

Building 4 4 61.233
602.540 721.865
608.401 720.549
606.273 710.645
600.358 711.918

Building 4 2 15.403
611.781 727.503
613.131 727.454
612.951 719.463
610.406 719.851

Building 4 5 34.074
610.406 719.851
612.951 719.463
612.985 709.343
608.748 710.163

Building 4 7 63.433
600.358 711.918
606.273 710.645
604.815 699.976
599.216 701.087

Building 4 6 64.750
608.748 710.163
612.985 709.343
614.385 698.032
607.064 699.110

Building 6 3 76.061
607.064 699.110
614.385 698.032
612.205 686.418
610.261 686.693
610.034 689.234
604.942 690.412

Building 4 8 76.327
599.216 701.087
604.815 699.976
602.624 687.931
595.975 689.303

Building 6 2 58.901
604.942 690.412
610.034 689.234
610.261 686.693
612.205 686.418
611.093 680.571
603.594 682.168

Building 4 5 66.507
593.990 684.452
598.797 683.166
594.261 670.232
589.662 671.689

Building 5 6 533.520
597.039 678.152
612.508 678.307
612.859 648.139
595.391 647.833
594.261 670.232

Building 5 6 66.939
591.128 671.224
594.261 670.232
594.948 656.619
589.813 656.550
589.645 667.338

Building 4 2 42.277
589.813 656.550
594.948 656.619
595.391 647.833
591.264 647.217

Building 4 2 511.814
592.767 640.303
610.904 643.700
615.435 616.514
597.029 613.104

Building 4 5 128.387
477.288 391.936
487.339 389.705
485.434 377.871
474.806 379.824

Building 4 7 65.994
496.881 392.297
505.870 390.538
504.426 383.598
496.033 384.387

Building 4 5 64.034
496.795 384.316
504.426 383.598
502.210 374.630
495.298 376.276

Building 4 6 135.164
508.759 391.562
519.541 389.884
516.340 377.537
505.514 380.176

Building 5 4 76.410
505.646 378.807
514.407 376.762
512.502 368.564
503.854 370.407
503.915 371.338

Building 4 3 49.278
496.538 375.981
502.210 374.630
500.985 366.668
494.776 368.038

Building 5 5 92.342
503.854 370.407
512.502 368.564
515.083 367.993
513.424 360.459
502.158 362.150

Building 11 6 194.884
514.407 376.762
518.630 375.784
519.136 377.560
528.958 375.735
526.476 362.768
523.382 363.212
522.716 360.398
515.603 361.898
516.545 367.750
515.083 367.993
512.502 368.564

Building 4 3 98.310
522.252 389.250
532.045 388.241
530.303 377.977
520.415 380.104

Building 5 2 281.837
532.045 388.241
544.807 386.333
541.734 364.714
528.715 367.441
530.303 377.977

Building 4 6 87.675
534.097 366.313
541.734 364.714
539.892 353.617
532.320 355.079

Building 5 3 67.847
528.715 367.441
534.097 366.313
532.320 355.079
532.093 353.771
526.974 355.036

Building 7 6 147.552
505.836 361.598
513.424 360.459
525.687 358.541
524.298 349.745
519.311 350.531
519.562 352.787
504.733 354.712

Building 7 5 286.314
502.158 362.150
505.836 361.598
504.733 354.712
517.697 353.029
515.316 338.683
497.466 340.867
499.465 350.788

Building 8 4 64.218
516.777 347.487
518.983 347.547
519.704 348.701
524.272 347.896
522.881 338.175
518.862 338.573
518.721 340.684
515.756 341.335

Building 4 4 95.356
517.310 336.908
524.318 336.063
522.621 323.125
515.014 324.298

Building 7 5 134.270
505.222 337.404
517.149 336.022
515.014 324.298
514.881 323.494
510.601 324.286
510.718 325.755
504.004 326.578

Building 4 4 93.556
496.616 338.451
505.222 337.404
504.004 326.578
494.929 328.618

Building 7 6 214.438
494.418 326.462
510.601 324.286
514.881 323.494
513.982 316.676
511.886 317.088
511.161 313.117
493.156 315.845

Building 6 6 222.635
507.092 311.723
520.510 309.627
530.353 308.089
528.380 299.024
517.414 300.068
505.718 302.598

Building 7 4 86.114
528.056 319.688
529.893 319.550
537.983 317.887
537.069 312.371
534.651 312.705
533.956 309.066
526.626 310.340

Building 6 4 152.543
519.761 299.845
528.380 299.024
530.353 308.089
534.153 307.592
532.115 289.821
519.058 291.651

Building 7 5 268.674
492.761 313.847
507.092 311.723
505.718 302.598
517.572 300.053
516.012 292.380
504.377 296.872
490.680 304.250

Building 10 4 196.356
508.549 282.535
521.018 279.837
519.344 273.326
515.474 274.172
514.838 271.565
517.839 270.842
514.911 262.868
505.037 265.214
508.029 277.702
506.833 277.922

Building 5 8 85.374
521.018 279.837
531.602 277.492
529.899 269.614
519.513 272.467
519.344 273.326

Building 5 4 54.333
531.602 277.492
538.636 275.751
536.838 271.072
535.220 267.787
529.899 269.614

Building 6 6 158.009
520.767 270.654
533.724 265.808
526.948 253.375
524.283 255.127
524.423 256.410
516.892 260.161

Building 6 4 49.260
373.635 204.010
378.310 203.254
376.898 194.594
370.134 195.580
371.439 200.097
373.495 199.975

Building 4 3 62.057
378.310 203.254
385.067 201.787
384.475 193.489
376.898 194.594

Building 9 5 256.182
382.620 209.303
386.345 208.075
388.494 208.280
388.840 211.357
399.406 209.202
394.683 187.345
385.329 188.963
387.351 203.770
381.756 204.591

Building 6 6 75.626
390.485 220.435
395.969 219.067
395.290 215.015
400.259 213.589
399.406 209.202
388.840 211.357

Building 9 3 191.932
377.511 220.948
384.761 219.167
386.840 229.880
390.945 228.972
388.521 219.601
386.345 208.075
382.620 209.303
381.756 204.591
374.454 206.201

Building 4 5 77.694
380.031 231.294
386.840 229.880
384.761 219.167
377.511 220.948

Building 4 4 52.894
363.570 232.830
370.613 231.361
369.004 224.047
362.102 225.648

Building 4 6 48.173
362.102 225.648
369.004 224.047
367.581 217.578
360.396 219.143

Building 4 5 99.089
370.613 231.361
377.447 229.917
374.387 215.995
367.581 217.578

Building 4 4 71.311
360.674 218.122
368.287 216.464
366.282 207.596
358.558 209.293

Building 6 6 179.309
341.640 217.262
351.812 215.214
350.580 209.262
355.951 207.811
354.321 200.918
338.175 205.050

Building 4 6 51.142
358.558 209.293
366.282 207.596
364.936 201.224
357.140 203.124

Building 4 7 57.630
357.140 203.124
364.936 201.224
363.511 194.303
355.444 196.276

Building 6 4 98.204
369.730 215.887
373.899 215.354
371.439 200.097
370.134 195.580
369.562 193.846
365.446 194.726

Building 4 2 104.852
334.196 197.713
346.337 195.753
345.370 187.425
333.100 189.174

Building 4 4 53.780
328.107 198.710
334.196 197.713
333.100 189.174
327.063 189.794

Building 4 6 55.851
322.051 199.742
328.107 198.710
327.063 189.794
321.023 190.484

Building 6 4 147.795
363.302 192.532
363.353 189.132
365.783 188.863
365.000 184.841
345.370 187.425
346.337 195.753

Building 13 5 334.365
363.302 192.532
365.446 194.726
369.562 193.846
370.134 195.580
384.475 193.489
383.468 187.257
402.664 183.587
400.983 175.777
393.348 177.357
393.418 180.351
365.000 184.841
365.783 188.863
363.353 189.132

Building 6 5 451.507
264.720 231.795
293.703 224.755
290.489 209.692
262.508 216.501
264.091 224.426
263.162 225.418

Building 4 3 81.405
293.703 224.755
300.676 222.968
298.098 211.889
291.284 213.417

Building 7 6 69.157
285.219 210.974
290.489 209.692
291.284 213.417
298.098 211.889
296.781 206.226
296.399 204.729
284.340 207.690

Building 12 6 675.808
174.830 206.840
211.777 212.048
216.091 214.374
217.765 213.247
219.353 204.931
222.593 205.834
224.118 201.159
242.714 203.822
243.545 196.194
212.569 192.164
210.514 201.739
172.720 199.870

Building 5 3 115.790
175.980 243.144
180.692 248.675
188.191 252.236
189.424 240.583
178.503 238.693

Building 10 4 259.313
178.503 238.693
189.424 240.583
190.724 232.210
179.611 230.881
182.242 212.331
169.877 211.342
170.107 215.756
173.232 217.026
175.965 236.377
178.983 236.459

Building 4 6 211.595
179.611 230.881
190.724 232.210
193.663 213.921
182.242 212.331

Building 6 5 519.712
189.489 252.187
209.706 261.211
212.880 240.945
202.470 238.488
204.354 226.757
193.531 225.086

Building 4 6 106.443
202.470 238.488
212.880 240.945
214.943 231.210
203.983 229.068

Building 5 9 57.186
203.983 229.068
214.943 231.210
215.554 226.082
204.915 223.936
204.354 226.757

Building 5 7 107.788
193.531 225.086
204.354 226.757
204.915 223.936
206.241 217.336
194.771 215.636

Building 8 6 149.715
204.915 223.936
215.554 226.082
217.995 225.816
216.847 232.048
221.945 232.654
223.764 221.189
216.575 219.092
206.241 217.336

Building 7 4 131.073
247.420 239.198
259.893 239.040
259.541 235.415
255.493 229.526
252.636 229.328
253.027 223.777
248.323 223.187

Building 4 5 115.674
234.662 233.465
245.574 234.990
247.490 224.799
236.767 222.905

Building 6 4 188.270
221.455 237.578
232.247 239.475
234.660 222.913
224.199 220.584
223.764 221.189
221.945 232.654

Building 6 7 69.125
214.647 243.860
220.479 244.894
221.455 237.578
221.945 232.654
216.847 232.048
216.592 232.244

Building 6 3 92.453
213.528 251.622
224.620 253.739
225.933 245.411
220.553 244.342
220.479 244.894
214.647 243.860

Building 8 5 242.901
217.146 263.919
228.046 265.292
232.247 239.475
221.455 237.578
220.553 244.342
225.933 245.411
224.620 253.739
218.641 252.598

Building 6 6 215.791
247.712 256.260
254.141 256.895
264.146 255.594
262.267 245.300
260.714 241.483
249.630 240.707

Building 4 4 72.700
240.488 265.500
249.235 267.620
251.285 258.931
242.120 258.482

Building 5 6 106.437
231.135 256.947
241.968 259.199
242.120 258.482
243.196 249.330
232.513 247.571

Building 8 7 235.972
232.513 247.571
243.196 249.330
242.522 255.062
247.712 256.260
249.580 241.112
244.527 240.019
245.574 234.990
234.662 233.465

Building 4 4 54.724
260.299 267.812
265.530 267.477
264.518 257.201
259.153 257.575

Building 4 3 70.562
253.221 274.246
264.443 278.229
266.197 272.237
254.837 268.841

Building 5 7 130.615
237.542 277.834
241.264 281.027
245.420 283.037
249.235 267.620
240.488 265.500

Building 5 9 140.274
229.521 268.191
234.289 271.156
238.336 274.665
241.968 259.199
231.135 256.947

Building 11 6 330.950
245.420 283.037
259.866 290.869
262.081 288.445
262.292 285.017
264.443 278.229
253.221 274.246
254.837 268.841
255.066 267.182
260.299 267.812
259.153 257.575
251.285 258.931

Building 6 5 563.525
274.135 263.156
296.865 258.115
294.114 246.282
287.956 247.615
284.137 231.974
267.312 235.296

Building 10 3 590.782
284.137 231.974
287.956 247.615
294.114 246.282
296.865 258.115
297.574 259.796
300.714 278.826
305.631 276.505
303.354 263.907
309.969 262.314
301.615 227.340

Building 6 5 363.321
274.081 273.229
282.646 271.692
284.663 278.967
300.714 278.826
297.574 259.796
272.016 265.505

Building 8 1 29.975
274.081 273.229
274.632 275.324
276.281 275.508
276.806 277.578
283.111 278.897
282.136 275.069
279.428 275.320
278.703 272.400

Building 4 7 53.488
304.648 271.070
311.992 269.797
309.969 262.314
303.354 263.907

Building 4 4 66.663
165.813 352.464
173.537 352.276
172.815 343.274
165.565 343.699

Building 4 5 60.773
165.565 343.699
172.815 343.274
172.119 334.864
164.977 335.294

Building 4 2 46.469
164.977 335.294
172.119 334.864
171.766 328.404
164.627 328.779

Building 4 6 57.792
164.627 328.779
171.766 328.404
171.382 320.276
164.122 320.915

Building 4 4 85.434
164.122 320.915
171.382 320.276
170.674 308.590
163.476 309.070

Building 4 6 51.549
174.601 343.392
181.761 343.131
181.300 335.823
174.163 336.325

Building 4 4 52.733
174.163 336.325
181.300 335.823
180.770 328.512
173.674 328.879

Building 5 1 111.095
181.300 335.823
188.655 335.090
190.454 322.900
180.742 322.323
180.770 328.512

Building 10 5 121.654
174.924 349.937
181.609 347.971
185.554 345.537
187.350 342.490
190.112 342.512
190.596 334.937
188.655 335.090
181.300 335.823
181.761 343.131
174.601 343.392

Building 5 5 103.145
173.674 328.879
180.770 328.512
180.742 322.323
180.038 314.283
172.978 314.617

Building 5 2 97.127
180.742 322.323
187.730 322.738
187.678 309.575
180.091 309.335
180.038 314.283

Building 5 7 44.507
172.978 314.617
180.038 314.283
180.091 309.335
179.906 308.090
172.669 308.519

Building 4 1 23.823
192.379 314.016
197.067 315.705
198.867 311.078
193.848 309.820

Building 4 5 50.163
199.177 314.117
205.636 316.368
207.619 309.239
201.511 306.866

Building 4 6 58.514
205.636 316.368
212.994 318.591
215.259 311.337
207.619 309.239

Building 5 6 257.362
195.294 322.019
230.061 333.558
232.710 326.975
197.625 315.593
197.067 315.705

Building 7 4 157.092
194.390 338.595
205.583 341.301
209.020 330.391
199.814 327.753
194.355 327.264
193.960 329.622
193.962 334.902

Building 12 5 186.858
207.417 341.318
211.387 343.031
213.928 343.160
220.784 345.723
226.387 340.738
228.122 341.155
229.560 336.911
219.560 333.837
218.459 337.131
216.689 336.215
217.682 332.850
210.863 330.694

Building 6 4 90.978
206.628 349.400
215.600 353.303
220.784 345.723
213.928 343.160
211.387 343.031
209.556 342.241

Building 4 3 53.399
191.038 350.543
195.527 352.440
199.473 341.993
194.788 340.527

Building 14 5 154.684
196.927 348.733
198.343 349.333
196.913 354.526
199.862 355.760
199.238 357.821
201.473 358.714
200.270 362.312
205.857 364.368
207.135 360.576
208.712 360.889
213.242 354.605
203.760 350.744
204.613 348.033
198.252 345.225

Building 5 1 21.724
199.897 363.877
200.917 368.272
203.022 368.277
205.857 364.368
200.270 362.312

Building 6 7 56.866
217.378 354.044
223.308 357.303
222.620 358.328
224.814 359.153
227.257 351.146
222.069 348.118

Building 4 6 64.918
224.814 359.153
232.524 361.174
235.000 353.894
227.257 351.146

Building 5 1 120.963
240.830 362.406
249.556 366.673
254.777 355.910
246.052 351.446
245.140 352.064

Building 6 4 72.433
232.524 361.174
240.106 364.046
243.601 355.756
237.446 353.565
236.974 354.709
235.000 353.894

Building 8 5 107.449
224.289 346.942
229.619 349.757
237.668 352.585
237.446 353.565
243.601 355.756
245.140 352.064
230.956 343.218
227.487 343.193

Building 4 5 141.431
235.903 295.352
245.370 300.316
251.360 288.395
241.876 283.589

Building 4 6 74.310
245.370 300.316
249.998 302.743
256.610 291.030
251.360 288.395

Building 12 5 542.690
212.994 318.591
236.205 325.784
249.998 302.743
235.903 295.352
231.888 300.937
229.267 299.261
225.265 308.909
227.138 310.444
224.673 317.153
222.715 316.313
223.281 313.384
215.259 311.337

Building 5 5 119.475
264.600 293.322
274.768 297.528
276.140 294.703
274.019 281.407
269.752 281.077

Building 10 2 150.735
275.835 292.788
279.228 292.883
279.261 290.650
287.823 290.693
288.065 287.645
299.112 287.732
299.284 283.959
287.971 283.654
288.010 282.796
274.327 283.338

Building 4 5 107.934
320.746 300.771
332.290 298.191
330.403 289.174
319.082 291.698

Building 4 3 117.338
319.082 291.698
330.403 289.174
328.163 279.173
317.156 281.601

Building 8 5 212.643
300.450 312.919
308.829 311.682
308.874 312.956
320.735 311.086
318.311 297.606
313.667 298.736
313.621 301.243
300.607 303.405

Building 9 8 115.097
295.733 322.937
299.962 323.722
301.363 322.014
309.939 320.609
308.874 312.956
308.829 311.682
300.450 312.919
300.368 315.315
296.390 316.279

Building 5 7 52.753
301.224 327.079
306.369 327.179
311.092 326.359
309.939 320.609
301.363 322.014

Building 5 2 96.469
288.611 331.767
298.513 333.204
299.962 323.722
295.733 322.937
290.360 322.012

Building 4 4 97.002
279.152 330.305
288.611 331.767
290.360 322.012
280.462 320.487

Building 4 6 97.047
280.462 320.487
295.733 322.937
296.390 316.279
282.157 314.338

Building 6 2 203.770
252.852 351.115
269.734 356.706
275.629 339.693
270.837 338.157
267.671 346.505
255.540 343.075

Building 5 1 35.822
269.079 358.778
272.429 360.426
275.071 349.018
272.721 348.085
269.734 356.706

Building 4 6 116.563
273.932 361.395
284.197 364.081
286.688 353.084
276.469 350.841

Building 5 5 99.963
285.822 352.894
286.688 353.084
296.305 354.949
297.519 345.302
286.859 344.007

Building 6 5 181.568
276.724 349.279
284.052 351.398
286.996 341.357
292.116 342.688
293.745 334.993
281.314 331.922

Building 4 2 42.066
293.667 343.514
298.394 343.590
298.948 334.472
294.650 334.072

Building 6 6 176.506
299.542 343.402
311.636 344.017
311.092 326.359
306.616 327.137
306.560 328.870
300.945 328.547

Building 4 4 51.391
320.350 342.245
326.115 340.896
324.613 332.591
318.603 333.798

Building 5 5 211.990
313.997 334.637
318.603 333.798
324.613 332.591
320.698 312.666
310.838 314.558

Building 6 6 59.304
330.678 341.341
333.638 340.681
331.092 330.082
325.769 331.123
327.497 340.676
330.513 340.306

Building 6 3 56.212
331.819 350.432
337.899 348.950
335.623 340.227
333.638 340.681
330.678 341.341
329.653 341.788

Building 8 7 156.246
337.899 348.950
346.648 346.819
344.831 338.504
340.502 339.490
338.041 328.718
331.092 330.082
333.638 340.681
335.623 340.227

Building 5 4 222.022
325.769 331.123
338.041 328.718
336.210 318.649
334.747 310.517
323.073 313.598

Building 4 6 152.779
323.073 313.598
334.747 310.517
332.290 298.191
320.746 300.771

Building 4 7 120.574
312.455 387.128
321.029 388.428
322.355 373.558
314.675 372.781

Building 6 4 191.565
322.341 388.058
339.264 389.682
339.959 382.732
334.170 381.879
334.464 375.448
324.441 373.974

Building 4 5 96.808
341.251 389.880
348.019 390.561
349.423 376.339
342.651 375.764

Building 5 3 54.991
334.170 381.879
339.959 382.732
341.927 383.060
342.651 375.764
334.464 375.448

Building 5 4 71.426
339.799 373.888
349.853 375.305
350.330 370.137
349.783 366.984
338.953 368.969

Building 6 5 97.614
338.953 368.969
349.783 366.984
348.577 359.367
342.295 360.046
342.270 358.326
337.340 358.894

Building 8 6 207.528
334.789 373.181
339.799 373.888
337.340 358.894
342.270 358.326
348.453 356.784
346.648 346.819
331.819 350.432
333.872 358.462

Building 8 6 127.668
319.928 371.925
320.794 354.468
312.564 354.162
312.516 355.744
310.646 355.865
310.474 363.420
315.617 363.480
315.121 371.329

Building 13 5 447.665
319.928 371.925
332.086 373.402
332.235 358.766
327.600 341.888
320.444 343.721
320.350 342.245
318.603 333.798
313.997 334.637
315.141 343.018
315.081 344.029
312.715 344.415
312.564 354.162
320.794 354.468

Building 5 6 86.665
281.907 374.950
291.538 377.310
293.409 368.836
288.027 367.217
284.059 366.385

Building 4 5 155.628
294.071 377.046
305.808 379.399
307.857 366.292
296.277 364.256

Building 4 1 74.674
307.049 380.211
311.499 381.065
314.540 363.468
310.474 363.420

Building 9 7 81.418
303.714 355.655
310.646 355.865
312.516 355.744
312.650 351.273
311.028 351.277
311.636 344.017
306.055 343.733
305.387 350.781
304.104 350.895

Building 7 7 168.537
296.277 364.256
307.857 366.292
309.506 355.831
303.714 355.655
304.104 350.895
304.478 345.722
299.555 345.396

Building 6 4 126.752
284.197 364.081
288.352 365.061
288.027 367.217
293.409 368.836
296.305 354.949
286.688 353.084

Building 4 4 77.093
369.344 376.111
377.586 377.611
378.378 367.335
370.835 367.102

Building 7 5 178.132
377.586 377.611
381.601 377.649
386.070 378.024
395.264 378.451
391.740 366.333
378.677 366.592
378.378 367.335

Building 5 4 101.752
395.264 378.451
397.019 378.266
402.768 376.260
399.325 364.049
391.673 366.101

Building 4 4 51.963
390.404 392.316
392.324 383.312
386.693 382.243
384.973 391.361

Building 6 7 60.905
386.693 382.243
392.324 383.312
398.589 384.541
399.283 378.523
395.264 378.451
387.391 378.086

Building 10 2 159.289
400.282 384.727
407.610 386.401
406.314 394.943
411.210 396.133
409.399 386.899
417.567 384.695
415.609 377.721
411.954 378.391
411.451 376.323
401.173 378.762

Building 6 6 142.458
390.404 392.316
406.314 394.943
407.610 386.401
400.282 384.727
398.589 384.541
392.324 383.312

Building 5 5 102.972
411.742 398.049
420.654 396.206
417.567 384.695
409.399 386.899
411.210 396.133

Building 4 5 144.873
404.694 376.677
414.953 374.655
411.433 361.209
400.851 364.030

Building 4 5 182.427
371.203 364.515
380.809 362.130
376.238 344.221
366.580 347.016

Building 8 4 130.784
371.552 365.940
384.838 365.406
390.858 364.406
387.431 350.949
380.434 352.936
382.397 361.377
380.809 362.130
371.203 364.515

Building 4 5 65.942
380.434 352.936
387.431 350.949
385.170 342.219
378.181 344.034

Building 4 5 100.731
389.419 350.523
400.143 347.846
397.548 338.860
386.904 342.057

Building 4 7 112.653
391.702 360.285
402.737 357.587
400.143 347.846
389.419 350.523

Building 7 4 73.148
403.596 361.514
412.198 359.945
409.405 350.448
403.080 351.988
404.301 357.191
402.737 357.587
402.344 357.683

Building 4 5 44.641
393.018 364.226
403.596 361.514
402.344 357.683
391.702 360.285

Building 6 6 146.500
403.080 351.988
409.405 350.448
408.003 343.595
409.895 342.237
407.307 332.358
398.338 335.183

Building 4 6 101.693
383.570 325.819
394.432 323.148
392.036 314.343
381.870 316.153

Building 4 4 98.968
396.846 323.979
406.121 322.027
404.037 311.689
394.486 314.385

Building 4 5 109.292
394.486 314.385
404.037 311.689
401.757 301.102
392.385 302.913

Building 4 6 123.667
381.870 316.153
392.036 314.343
390.571 302.556
379.637 305.293

Building 4 2 93.988
372.216 318.844
379.577 317.218
376.985 305.139
369.206 307.606

Building 4 4 140.471
360.572 322.130
370.583 319.673
367.995 306.898
356.836 310.037

Building 5 3 131.203
366.180 344.420
370.695 343.868
376.130 342.051
373.006 330.010
362.757 332.601

Building 4 6 97.034
377.352 341.763
384.863 339.868
382.165 327.853
374.452 329.635

Building 6 3 102.991
397.036 333.440
408.310 330.822
406.121 322.027
396.846 323.979
396.884 325.424
395.267 326.039

Building 5 4 85.848
374.452 329.635
382.165 327.853
379.577 317.218
372.216 318.844
372.268 319.981

Building 5 4 120.984
483.991 344.039
489.464 344.424
496.214 343.320
493.770 332.553
483.134 334.823

Building 4 5 67.275
483.134 334.823
493.770 332.553
492.559 326.552
482.433 328.226

Building 4 4 74.737
473.676 339.779
481.429 338.920
480.286 329.079
472.401 330.922

Building 4 3 40.109
474.448 344.654
482.316 344.174
481.429 338.920
473.676 339.779

Building 7 8 63.587
461.102 336.351
463.945 336.040
471.523 334.160
470.469 328.217
460.663 330.480
461.141 332.107
460.319 332.686

Building 4 1 71.685
466.262 345.340
472.995 344.060
471.523 334.160
463.945 336.040

Building 7 2 88.658
467.511 356.220
475.656 355.488
473.819 346.341
471.812 346.251
471.591 344.327
466.262 345.340
465.253 345.646

Building 4 3 63.348
475.656 355.488
481.632 354.812
480.973 345.037
473.819 346.341

Building 5 6 73.069
488.646 361.421
499.726 360.294
498.041 354.608
497.633 353.357
488.239 354.363

Building 4 9 70.125
490.402 354.131
497.633 353.357
496.214 343.320
489.464 344.424

Building 5 5 55.922
484.829 354.495
488.239 354.363
490.402 354.131
489.464 344.424
483.991 344.039

Building 15 6 367.078
487.305 389.498
489.293 389.159
490.282 392.319
496.881 392.297
496.033 384.387
496.795 384.316
495.298 376.276
496.538 375.981
494.776 368.038
494.538 365.493
484.562 366.164
484.535 368.693
473.129 370.179
474.806 379.824
485.434 377.871

Building 9 4 103.723
484.562 366.164
494.538 365.493
500.761 364.488
499.726 360.294
488.646 361.421
488.239 354.363
484.829 354.495
483.916 354.760
483.995 360.607

Building 5 3 137.902
472.310 368.756
483.016 367.590
481.632 354.812
475.656 355.488
471.001 355.906

Building 4 7 37.561
443.813 311.837
450.267 310.410
448.554 304.799
442.448 306.173

Building 12 4 261.791
445.422 318.200
456.244 315.630
457.053 319.104
471.521 316.114
471.021 313.445
470.090 313.403
469.316 309.931
462.936 311.258
460.513 302.314
448.554 304.799
450.267 310.410
443.813 311.837

Building 6 6 81.165
462.936 311.258
469.316 309.931
469.006 306.135
471.146 305.407
470.022 299.754
460.513 302.314

Building 15 5 214.695
471.021 313.445
471.521 316.114
457.053 319.104
456.244 315.630
445.422 318.200
447.673 323.355
449.222 323.459
450.109 326.730
451.660 326.800
458.394 324.527
457.849 322.852
478.871 318.509
476.179 307.869
471.249 309.193
472.023 313.421

Building 6 5 72.004
478.866 312.376
484.946 310.567
485.822 314.310
490.699 313.122
488.716 304.810
478.039 307.552

Building 6 6 165.318
482.433 328.226
492.559 326.552
490.699 313.122
485.822 314.310
484.946 310.567
478.866 312.376

Building 8 6 78.381
455.442 331.564
458.543 330.428
458.550 329.306
466.203 328.222
464.839 321.408
457.849 322.852
458.394 324.527
451.660 326.800

Building 6 7 118.602
480.286 329.079
478.871 318.509
466.339 321.098
467.601 327.603
471.764 327.440
472.401 330.922

Building 4 3 108.613
346.117 272.498
355.462 269.758
352.460 259.104
342.708 262.445

Building 4 4 60.500
357.815 269.658
363.265 268.289
360.385 257.984
354.822 259.555

Building 5 3 88.188
363.265 268.289
368.500 267.082
365.089 251.769
359.401 253.815
360.385 257.984

Building 5 6 118.865
340.977 262.538
342.708 262.445
352.460 259.104
349.296 249.749
338.421 252.695

Building 6 7 106.784
354.822 259.555
360.385 257.984
359.401 253.815
365.089 251.769
363.524 245.958
351.338 248.879

Building 4 5 103.806
338.421 252.695
349.296 249.749
346.740 240.662
336.021 243.993

Building 8 5 175.193
351.338 248.879
358.719 247.110
356.499 237.185
361.567 235.867
360.432 230.454
351.309 232.860
350.007 228.092
345.834 229.485

Building 4 6 51.978
363.524 245.958
361.567 235.867
356.499 237.185
358.719 247.110

Building 4 4 49.107
351.309 232.860
360.432 230.454
359.664 225.332
350.007 228.092

Building 4 4 124.459
336.021 243.993
346.740 240.662
343.369 229.786
332.869 233.608

Building 5 4 306.574
332.165 231.617
344.584 228.122
341.640 217.262
338.175 205.050
326.088 208.140

Building 6 5 199.651
344.584 228.122
359.136 224.036
355.951 207.811
350.580 209.262
351.812 215.214
341.640 217.262

Building 4 7 32.912
325.098 205.620
332.971 204.120
332.322 200.172
324.496 201.400

Building 4 5 39.216
332.971 204.120
343.397 201.910
342.824 198.584
332.322 200.172

Building 4 2 37.904
343.397 201.910
354.069 199.608
353.230 196.064
342.824 198.584

Building 5 4 132.147
397.621 253.240
409.008 251.176
408.897 249.075
407.135 239.989
395.671 242.255

Building 4 5 116.671
408.897 249.075
421.591 247.861
419.962 238.163
407.304 240.861

Building 5 6 127.820
411.213 261.969
421.662 261.091
421.137 249.508
409.008 251.176
409.070 251.280

Building 4 4 90.653
399.004 261.586
409.476 259.864
408.054 251.349
397.621 253.240

Building 4 5 157.603
375.182 262.159
383.140 261.075
380.225 241.695
372.188 243.016

Building 12 4 282.938
384.020 256.165
391.045 255.074
389.671 251.127
395.904 250.000
393.535 239.856
386.320 241.317
384.110 230.447
380.031 231.294
372.101 233.559
373.797 242.751
380.225 241.695
381.640 241.724

Building 5 6 39.725
364.676 238.916
372.887 237.822
372.101 233.559
368.002 233.368
363.876 234.172

Building 5 1 152.659
407.613 231.796
420.390 230.276
418.639 227.791
417.365 218.625
403.613 220.306

Building 4 4 49.614
414.282 237.769
421.385 236.474
420.390 230.276
412.422 231.224

Building 8 6 101.532
395.685 240.318
406.510 238.062
405.451 234.297
403.469 234.658
402.985 231.314
404.824 230.693
404.027 228.615
393.113 230.966

Building 5 5 82.277
393.535 239.856
391.385 229.014
390.945 228.972
384.110 230.447
386.320 241.317

Building 4 6 79.252
408.775 219.675
417.365 218.625
415.613 209.333
407.559 210.276

Building 5 4 82.140
403.246 228.784
400.259 213.589
395.290 215.015
395.969 219.067
397.784 229.960

Building 4 5 57.028
397.784 229.960
395.969 219.067
390.485 220.435
393.113 230.966

Building 4 7 35.032
408.959 238.628
414.282 237.769
412.422 231.224
407.613 231.796

Building 4 5 52.662
424.820 249.004
430.628 248.098
429.348 239.068
423.864 239.680

Building 8 4 197.451
403.613 220.306
408.775 219.675
407.559 210.276
415.613 209.333
413.396 198.234
399.476 201.740
400.860 209.268
402.140 209.595

Building 5 6 188.667
399.476 201.740
413.396 198.234
409.061 187.994
405.612 184.348
396.744 187.116

Building 4 7 49.758
421.286 219.366
427.045 217.981
423.432 209.034
419.027 210.210

Building 5 8 54.336
419.027 210.210
423.432 209.034
419.655 195.489
416.940 196.394
416.606 196.660

Building 4 4 38.169
413.359 190.629
417.918 188.823
415.757 182.136
410.040 184.891

Building 4 2 42.700
410.861 162.049
417.507 160.787
417.561 153.771
412.498 154.230

Building 6 1 164.841
369.410 263.488
375.182 262.159
372.188 243.016
373.797 242.751
372.887 237.822
364.676 238.916

Building 12 5 234.089
380.840 274.118
392.328 271.732
390.726 262.522
397.528 261.013
395.904 250.000
389.671 251.127
391.045 255.074
384.020 256.165
385.465 263.812
383.683 264.128
383.074 262.450
378.535 263.609

Building 4 4 92.383
372.609 275.770
380.840 274.118
378.535 263.609
369.803 265.590

Building 9 5 169.094
494.335 517.016
510.247 518.845
512.442 507.397
506.810 506.659
505.792 510.050
501.866 509.765
501.582 506.530
496.604 505.660
496.141 507.678

Building 4 6 140.802
511.829 520.850
521.813 523.181
524.223 509.379
514.839 506.914

Building 4 4 113.115
523.695 519.775
533.754 522.807
537.117 512.970
526.477 509.642

Building 10 6 236.902
533.754 522.807
542.035 525.813
544.707 515.730
542.614 514.292
544.017 507.172
533.640 504.935
534.817 499.320
529.408 497.860
526.477 509.642
537.117 512.970

Building 6 3 70.825
514.699 492.991
522.376 495.022
523.418 488.092
524.140 485.890
517.719 484.328
515.236 488.031

Building 6 6 110.266
503.473 486.984
515.175 488.600
515.236 488.031
515.751 487.262
516.187 479.309
504.292 478.118

Building 7 6 252.542
517.719 484.328
524.140 485.890
530.450 487.601
536.220 468.733
524.603 465.132
521.490 475.979
519.970 475.568

Building 8 4 198.704
511.836 504.691
517.350 505.002
524.694 507.432
529.610 489.886
523.418 488.092
522.376 495.022
514.699 492.991
513.562 493.022

Building 8 7 176.170
500.944 503.815
511.836 504.691
513.562 493.022
514.699 492.991
515.175 488.600
509.565 487.825
509.387 489.829
502.902 488.917

Building 4 2 52.773
535.516 418.964
541.595 420.442
543.099 411.710
537.240 410.689

Building 4 7 57.410
541.595 420.442
548.068 421.628
549.335 412.783
543.099 411.710

Building 5 5 179.863
526.925 408.195
522.759 423.818
533.779 426.757
535.516 418.964
537.240 410.689

Building 10 3 291.606
526.925 408.195
537.240 410.689
543.099 411.710
549.335 412.783
550.173 406.303
542.406 404.394
543.538 397.327
537.546 396.760
538.376 390.709
530.831 390.704

Building 4 4 97.805
501.561 421.417
507.553 422.547
510.303 406.172
504.460 405.564

Building 4 3 127.943
508.081 426.111
519.579 428.418
521.818 417.932
510.193 415.379

Building 4 7 110.666
510.193 415.379
521.818 417.932
523.624 408.630
512.126 406.323

Building 4 8 67.214
494.142 412.213
502.363 412.172
501.505 403.712
493.363 404.306

Building 8 7 66.072
492.956 424.568
495.670 424.897
496.226 421.038
499.426 421.286
499.900 416.185
501.426 416.048
501.299 413.533
493.196 413.270

Building 6 4 42.952
495.670 424.897
506.605 425.907
507.553 422.547
501.561 421.417
499.426 421.286
496.226 421.038

Building 7 3 192.568
493.363 404.306
501.505 403.712
501.693 405.563
504.841 405.604
510.303 406.172
511.750 393.382
492.465 395.225

Building 4 5 171.142
512.316 404.441
524.005 407.101
527.228 391.710
513.919 392.758

Building 6 4 159.568
518.140 441.647
526.108 443.872
528.599 433.271
532.168 434.004
533.402 428.252
521.840 425.594

Building 4 5 67.508
539.807 431.754
546.477 433.309
547.861 422.834
541.323 422.253

Building 10 6 190.130
532.168 434.004
534.345 434.719
533.472 441.257
544.638 443.103
546.477 433.309
539.807 431.754
541.323 422.253
534.933 421.577
533.779 426.757
533.402 428.252

Building 4 3 101.577
548.296 453.014
561.184 451.153
559.072 442.915
548.015 444.642

Building 6 8 181.479
548.015 444.642
559.072 442.915
565.013 441.423
562.650 430.963
555.715 432.003
547.647 433.340

Building 4 4 64.437
547.647 433.340
555.715 432.003
553.627 421.748
549.457 422.583

Building 4 5 54.000
527.647 546.786
529.312 542.083
519.308 538.812
517.660 543.894

Building 4 7 60.247
506.534 540.263
517.660 543.894
519.308 538.812
508.477 535.504

Building 6 8 158.978
527.647 546.786
537.091 550.203
540.792 540.230
520.975 534.076
519.308 538.812
529.312 542.083

Building 4 3 49.142
537.091 550.203
545.600 552.925
547.314 547.915
539.110 544.763

Building 6 6 99.715
545.600 552.925
550.624 554.600
553.791 544.272
540.792 540.230
539.110 544.763
547.314 547.915

Building 4 3 96.463
529.467 534.857
538.177 537.714
541.458 527.325
533.199 524.752

Building 4 7 44.779
538.177 537.714
545.562 540.072
547.294 535.047
540.023 531.870

Building 6 5 155.338
545.562 540.072
554.031 542.897
558.425 530.886
541.458 527.325
540.023 531.870
547.294 535.047

Building 4 7 89.249
509.679 529.211
519.343 532.001
521.813 523.181
512.068 520.905

Building 4 5 101.638
520.633 531.818
529.467 534.857
533.199 524.752
524.350 521.558

Building 4 7 57.075
508.477 535.504
519.308 538.812
520.975 534.076
510.273 530.711

Building 5 5 51.994
499.458 540.078
504.328 541.376
506.698 531.562
501.451 530.313
500.152 536.986

Building 5 8 126.917
494.877 529.070
501.451 530.313
506.698 531.562
509.342 521.584
496.885 518.975

Building 4 5 78.968
539.775 563.283
547.786 565.570
550.029 556.528
542.850 553.420

Building 4 3 173.059
523.014 558.263
539.775 563.283
542.591 554.249
526.680 548.289

Building 7 5 98.468
501.607 549.837
501.208 552.534
514.338 556.909
516.038 551.451
505.462 547.846
507.032 543.519
503.294 542.385

Building 7 2 155.920
514.720 555.682
523.014 558.263
526.444 548.931
507.652 542.239
507.082 543.381
505.462 547.846
516.038 551.451

Building 4 5 187.557
522.759 581.247
543.517 587.239
545.529 578.702
525.286 572.803

Building 7 6 193.311
507.024 579.471
519.990 583.666
521.861 584.405
522.759 581.247
525.286 572.803
510.506 567.494
507.130 577.894

Building 6 3 167.504
437.156 670.999
445.008 668.920
451.929 642.883
448.422 642.137
445.695 652.000
442.532 651.101

Building 8 6 127.232
433.400 666.465
438.059 667.657
442.532 651.101
445.695 652.000
447.083 646.978
441.177 645.216
440.429 647.314
438.188 646.541

Building 4 3 89.636
422.927 653.834
430.529 656.000
433.221 645.431
424.718 643.328

Building 6 5 149.886
430.529 656.000
433.808 656.801
438.735 637.362
427.390 633.962
424.718 643.328
433.221 645.431

Building 7 8 71.794
438.828 644.413
441.177 645.216
447.083 646.978
448.422 642.137
451.929 642.883
452.769 640.849
440.486 637.579

Building 6 6 219.646
448.603 665.547
459.315 668.438
465.884 644.055
459.768 642.609
456.524 654.665
451.606 653.481

Building 4 4 65.185
451.606 653.481
456.524 654.665
459.768 642.609
454.910 640.843

Building 5 5 98.523
431.420 678.107
443.149 678.363
445.008 668.920
437.156 670.999
429.797 672.809

Building 4 7 137.522
445.131 677.318
456.189 680.189
459.315 668.438
448.603 665.547

Building 14 5 229.243
437.038 694.242
439.835 694.231
439.961 692.243
448.750 693.362
449.203 692.523
451.894 693.332
453.066 688.634
453.918 688.336
455.544 682.223
451.547 681.251
446.749 679.694
437.842 679.635
435.458 680.421
435.532 681.834

Building 19 4 250.118
460.586 700.342
472.386 702.812
475.359 684.904
461.573 681.773
460.852 683.941
463.188 684.974
462.715 687.015
467.477 687.849
466.173 693.737
469.603 694.992
468.779 697.154
464.479 696.032
465.529 691.198
462.090 690.115
461.315 691.970
457.348 690.348
456.362 693.053
455.124 692.928
453.627 698.498

Building 5 3 73.038
458.850 680.894
461.573 681.773
471.469 684.088
472.655 678.803
460.207 675.387

Building 7 7 134.745
471.469 684.088
482.593 686.422
484.495 672.875
476.972 671.986
476.539 674.681
473.970 674.222
472.655 678.803

Building 4 5 58.563
460.207 675.387
472.655 678.803
473.970 674.222
461.120 671.269

Building 4 8 129.563
461.120 671.269
473.970 674.222
475.308 663.798
463.430 661.508

Building 4 6 69.932
476.972 671.986
484.495 672.875
485.389 663.876
477.630 662.872

Building 4 6 120.260
485.348 676.111
495.371 676.701
496.731 665.042
486.767 663.938

Building 6 3 162.527
478.543 661.023
496.869 663.535
498.332 651.915
490.752 650.025
489.619 656.677
479.895 654.106

Building 5 5 148.798
463.430 661.508
475.308 663.798
478.240 652.519
466.427 649.544
463.680 658.289

Building 4 4 71.525
466.427 649.544
478.240 652.519
479.835 647.091
467.936 643.735

Building 5 7 126.066
496.869 663.535
507.476 664.752
508.391 652.977
498.813 651.202
498.332 651.915

Building 4 8 77.880
495.863 672.480
506.684 673.344
507.141 666.237
496.731 665.042

Building 4 7 46.425
495.371 676.701
506.208 677.617
506.684 673.344
495.863 672.480

Building 4 8 101.856
494.863 688.573
505.284 689.524
506.013 679.803
495.442 678.995

Building 7 3 65.909
484.086 685.609
492.738 686.722
492.990 686.716
493.057 682.825
490.122 682.230
490.520 676.415
485.348 676.111

Building 6 5 65.485
517.507 144.451
519.147 145.170
520.077 143.708
531.160 145.606
531.894 141.342
518.315 138.580

Building 4 6 312.417
501.157 144.464
514.950 144.927
518.897 123.461
505.126 121.335

Building 4 8 112.311
518.315 138.580
525.533 140.048
527.853 124.671
520.845 123.334

Building 4 6 107.335
525.533 140.048
531.894 141.342
534.929 125.689
527.853 124.671

Building 4 6 67.534
493.452 127.572
501.639 129.042
502.996 121.232
494.434 119.676

Building 5 7 117.601
481.658 127.967
493.047 129.952
493.452 127.572
494.434 119.676
483.646 117.710

Building 4 7 66.012
568.738 140.376
577.721 140.997
578.878 133.369
571.927 131.980

Building 4 7 92.982
579.261 145.094
587.020 146.519
588.906 134.735
581.022 133.680

Building 4 5 112.391
587.020 146.519
596.404 147.803
598.383 136.345
588.906 134.735

Building 5 6 87.911
601.901 150.307
607.873 150.684
608.264 138.564
601.267 138.194
600.055 144.638

Building 4 2 96.003
614.509 154.260
619.135 154.577
620.615 137.511
614.175 136.736

Building 3 1 66.607
616.427 183.188
619.135 154.577
614.509 154.260

Building 4 12 1323.910
616.427 183.188
645.152 186.313
649.197 140.455
620.615 137.511

Building 4 1 71.019
646.427 171.863
649.462 172.275
652.114 151.986
648.207 151.687

Building 6 2 260.284
624.270 206.940
638.473 200.673
639.318 188.956
632.501 188.510
632.381 191.908
616.072 190.586

Building 6 3 86.659
616.072 190.586
632.381 191.908
632.501 188.510
628.449 188.018
627.894 185.793
615.547 184.685

Building 6 4 190.472
633.798 224.420
645.248 225.794
646.371 207.699
642.487 207.317
638.751 209.726
634.831 209.342

Building 9 9 614.439
624.315 279.951
631.131 281.076
631.119 282.791
633.308 282.758
634.088 281.071
638.292 281.553
642.482 239.215
628.737 237.700
627.956 238.180

Building 8 2 971.395
615.507 330.209
633.726 331.872
638.122 287.258
618.059 285.344
615.971 288.607
614.423 300.911
612.803 315.599
613.001 320.446

Building 7 2 570.571
615.640 366.029
624.694 373.257
632.091 373.866
635.249 339.524
618.952 338.358
618.970 349.798
613.426 350.676

Building 4 3 290.424
622.069 414.334
628.602 415.435
632.091 373.866
624.694 373.257

Building 7 1 165.841
619.628 448.919
624.895 449.372
628.320 416.873
622.857 415.981
621.037 441.679
621.625 444.176
619.745 445.165

Building 5 3 254.794
612.825 481.394
621.785 482.722
624.083 454.545
618.476 453.621
614.663 455.882

Building 5 1 29.132
618.476 453.621
624.083 454.545
624.895 449.372
619.628 448.919
618.798 449.505

Building 9 4 519.284
609.209 516.443
611.544 532.605
605.069 534.050
606.594 540.829
616.626 538.928
621.785 482.722
612.825 481.394
609.451 513.500
609.975 515.027

Building 7 6 617.728
602.037 609.786
614.008 610.683
615.568 596.823
616.442 566.074
616.130 561.065
617.586 551.624
608.545 552.290

Building 5 1 51.096
610.791 552.125
617.586 551.624
618.688 551.137
617.273 544.306
610.121 546.131

Building 5 3 218.730
152.229 699.660
160.735 702.783
164.747 675.954
162.709 675.965
155.187 678.798

Building 5 4 245.667
160.735 702.783
168.310 705.761
173.694 675.284
169.777 674.785
164.747 675.954

Building 4 3 277.182
168.310 705.761
176.153 708.909
182.586 675.525
173.694 675.284

Building 4 2 311.316
176.153 708.909
184.049 712.058
191.862 675.622
182.586 675.525

Building 4 5 55.869
186.693 713.415
193.213 715.085
195.100 707.024
188.618 705.287

Building 4 7 56.481
193.213 715.085
199.728 716.858
201.595 708.486
195.100 707.024

Building 13 4 222.683
199.728 716.858
208.906 719.300
210.919 711.520
217.252 712.734
219.221 704.402
217.718 704.025
218.987 698.926
214.855 697.914
213.075 704.365
205.534 702.374
204.815 704.507
202.937 704.044
201.595 708.486

Building 9 7 109.424
208.906 719.300
213.414 720.398
214.285 717.962
215.585 718.227
214.643 720.728
221.823 723.047
224.160 714.971
217.252 712.734
210.919 711.520

Building 4 6 90.902
221.823 723.047
231.764 726.177
234.494 717.810
224.160 714.971

Building 4 2 36.922
216.272 732.695
220.574 734.540
222.441 726.168
218.571 724.687

Building 6 2 68.518
215.270 744.062
221.481 746.439
224.045 737.171
216.213 734.755
215.254 739.868
216.664 740.756

Building 9 6 97.239
211.771 753.391
221.350 756.127
221.595 753.800
219.365 752.703
221.481 746.439
215.270 744.062
216.664 740.756
215.254 739.868
213.149 739.841

Building 6 4 90.397
211.598 764.004
218.479 766.068
221.350 756.127
211.771 753.391
210.255 759.372
212.928 760.593

Building 5 7 90.766
212.995 773.486
223.273 776.047
225.226 768.057
218.479 766.068
214.787 764.961

Building 6 5 155.067
212.200 778.056
229.207 782.983
233.424 770.800
225.226 768.057
223.273 776.047
212.995 773.486

Building 4 5 171.451
220.932 766.791
233.424 770.800
237.513 758.370
225.056 754.369

Building 4 6 43.282
211.761 782.367
221.243 784.961
222.597 781.068
212.200 778.056

Building 6 4 161.286
215.576 793.367
225.738 796.198
229.207 782.983
222.597 781.068
221.243 784.961
211.761 782.367

Building 4 6 150.154
225.738 796.198
238.247 799.822
241.489 789.313
228.696 784.930

Building 4 3 76.418
231.048 785.736
241.489 789.313
243.315 782.590
233.119 779.001

Building 6 5 61.858
233.119 779.001
243.315 782.590
245.043 778.028
238.474 775.153
238.847 773.795
235.087 772.937

Building 4 6 83.848
239.641 799.602
248.862 802.395
251.357 793.730
242.677 791.182

Building 4 7 100.424
244.001 789.768
253.339 792.918
256.717 783.303
247.538 780.072

Building 12 4 271.614
251.131 803.533
277.415 809.499
277.725 806.488
265.585 803.120
269.250 790.912
267.005 790.157
267.595 787.056
257.684 784.786
256.051 791.071
263.006 793.036
261.886 796.388
253.566 794.053

Building 6 6 99.042
277.725 806.488
279.449 799.725
275.084 798.531
275.467 796.933
268.030 794.973
265.585 803.120

Building 7 5 82.878
268.030 794.973
275.467 796.933
277.894 796.733
279.220 789.609
267.595 787.056
267.005 790.157
269.250 790.912

Building 4 7 68.891
302.194 812.131
310.568 814.778
312.303 807.019
303.923 804.510

Building 4 5 223.597
279.354 807.868
300.174 811.730
302.726 801.224
281.116 798.013

Building 4 4 54.722
303.923 804.510
312.303 807.019
314.133 800.984
305.011 798.818

Building 6 6 91.238
281.116 798.013
291.832 799.606
293.482 793.539
285.924 792.445
286.340 788.060
281.724 787.529

Building 9 2 84.956
292.479 797.228
303.785 798.982
305.326 791.374
302.703 790.727
302.092 792.987
298.231 792.351
298.895 789.055
294.658 788.318
293.482 793.539

Building 4 5 72.546
305.011 798.818
314.133 800.984
315.439 792.535
308.369 790.543

Building 4 4 115.802
308.369 790.543
315.439 792.535
319.563 777.340
312.142 775.733

Building 4 6 77.534
312.421 773.408
320.178 775.958
322.894 766.388
315.674 764.171

Building 4 4 69.809
315.674 764.171
322.894 766.388
325.740 757.751
318.388 755.391

Building 4 6 89.929
318.388 755.391
325.740 757.751
329.302 747.050
321.474 744.531

Building 4 6 173.121
319.591 739.634
330.708 742.714
332.932 726.522
322.114 725.208

Building 4 1 36.125
308.461 737.584
319.591 739.634
320.219 736.038
308.547 734.941

Building 16 4 533.621
308.547 734.941
320.219 736.038
322.114 725.208
323.489 725.375
324.121 713.749
320.371 713.442
320.456 711.590
330.235 712.204
330.335 697.909
311.210 700.035
310.866 711.363
318.040 711.549
317.750 713.358
310.581 713.068
310.597 725.581
309.010 725.544

Building 5 4 91.691
338.786 704.693
348.387 704.489
350.894 703.788
349.211 696.122
337.945 697.439

Building 4 5 56.117
330.279 705.898
337.341 706.321
336.407 697.238
330.335 697.909

Building 4 1 32.929
326.023 720.417
330.001 720.421
330.235 712.204
326.323 711.958

Building 6 7 116.887
330.001 720.421
333.291 720.482
333.210 723.712
337.310 723.963
337.341 706.321
330.279 705.898

Building 8 7 169.212
339.525 723.554
343.586 723.444
345.858 722.632
347.673 720.362
348.663 717.780
348.602 713.068
348.387 704.489
338.786 704.693

Building 4 3 61.658
342.604 734.366
355.959 725.510
353.840 722.070
340.574 731.370

Building 7 6 312.951
395.594 707.183
403.585 707.648
408.953 706.550
405.617 687.322
407.564 687.032
406.930 683.369
391.394 686.473

Building 5 8 54.293
386.072 706.994
393.440 706.708
392.062 699.083
384.752 700.334
385.240 704.077

Building 6 7 133.014
124.484 658.719
135.168 658.719
134.790 648.068
129.141 647.705
129.048 643.834
124.410 643.785

Building 8 5 388.312
124.410 643.785
129.048 643.834
129.141 647.705
134.790 648.068
136.637 614.691
119.655 614.353
121.344 623.452
124.859 623.289

Building 4 4 453.080
116.625 609.812
137.434 612.579
140.160 590.682
119.478 588.673

Building 4 5 121.433
117.796 584.139
133.147 585.907
134.055 577.838
118.735 576.555

Building 4 8 54.295
120.495 574.647
127.774 575.943
128.342 568.235
121.256 567.431

Building 4 7 143.773
121.197 565.173
128.912 566.381
130.730 546.678
123.914 545.913

Building 4 5 52.608
128.912 566.381
135.462 566.973
136.334 559.210
129.647 558.414

Building 4 8 56.858
129.747 557.332
136.436 557.736
137.149 549.657
130.565 548.462

Building 5 7 55.542
127.774 575.943
134.375 576.411
135.361 568.412
128.452 567.722
128.342 568.235

Building 6 7 168.464
124.462 527.256
147.751 530.749
148.690 523.780
124.270 520.098
124.402 522.510
124.884 522.532

Building 4 5 146.904
126.653 518.590
148.804 522.032
149.935 515.414
127.769 512.281

Building 9 4 265.255
89.354 502.742
99.853 506.517
103.830 508.656
104.574 506.730
107.548 506.658
107.662 508.691
115.364 508.661
116.008 496.832
90.244 496.114

Building 5 5 227.975
117.633 508.145
128.443 508.875
129.156 487.939
126.164 487.666
118.161 487.477

Building 4 4 369.217
130.180 509.024
154.287 512.853
155.950 497.675
131.998 494.014

Building 9 1 638.561
69.364 485.027
77.022 486.167
76.435 479.369
78.129 461.915
78.727 448.056
79.523 439.578
83.084 423.648
82.320 419.102
69.541 418.900

Building 7 6 165.270
76.854 484.216
85.064 484.214
85.402 483.591
94.196 483.637
93.725 474.574
76.943 474.136
76.435 479.369

Building 8 3 76.760
69.590 499.959
78.707 499.958
78.809 495.460
74.018 495.243
74.099 488.166
69.137 488.698
68.847 494.288
69.563 494.492

Building 11 1 68.419
89.354 502.742
90.584 496.124
89.976 494.418
81.454 494.239
79.776 488.629
77.356 488.691
77.975 491.779
78.809 495.460
82.104 495.884
83.908 498.750
86.674 501.693

Building 8 1 117.431
69.541 418.900
82.320 419.102
83.371 418.911
83.039 415.596
82.986 411.469
81.839 408.598
76.115 410.677
69.561 411.274

Building 5 6 154.776
88.652 428.808
96.867 427.392
93.750 408.655
88.011 409.565
85.973 411.088

Building 6 6 305.647
100.499 436.949
107.181 435.962
105.330 425.674
111.709 424.243
108.259 406.417
95.860 408.542

Building 4 1 246.070
114.676 426.633
135.867 422.220
133.607 411.430
112.565 414.937

Building 4 1 184.628
112.565 414.937
133.607 411.430
132.011 402.657
110.942 406.754

Building 6 1 230.946
137.434 430.455
145.692 428.035
139.943 401.458
132.011 402.657
133.607 411.430
135.867 422.220

Building 4 1 334.435
145.692 428.035
159.075 425.632
153.097 400.549
140.527 404.155

Building 4 5 149.859
168.563 399.798
185.753 400.306
185.929 391.721
169.192 390.750

Building 4 6 62.016
155.809 411.929
162.783 410.601
160.753 401.862
153.849 403.704

Building 4 7 38.238
157.500 419.025
162.372 417.906
161.346 410.874
155.809 411.929

Building 4 1 31.314
159.075 425.632
163.140 424.804
162.372 417.906
157.500 419.025

Building 4 6 102.336
167.781 421.912
175.428 421.906
175.416 408.596
167.848 408.320

Building 4 2 33.541
167.848 408.320
175.416 408.596
175.553 404.158
167.870 403.965

Building 6 4 97.177
177.070 407.244
185.633 407.378
185.626 412.559
192.361 412.835
192.443 403.589
177.161 403.095

Building 4 7 63.519
185.753 400.306
192.996 400.446
193.393 391.763
185.929 391.721

Building 4 4 45.884
194.735 399.539
200.682 400.033
200.964 391.992
195.299 391.821

Building 4 4 59.280
193.473 412.632
199.914 412.824
200.421 403.569
193.989 403.490

Building 6 7 183.499
177.183 421.721
191.942 421.996
192.361 412.835
185.626 412.559
185.633 407.378
177.070 407.244

Building 4 8 60.411
193.162 421.742
199.918 422.013
199.914 412.824
193.473 412.632

Building 10 1 3318.862
433.767 81.695
443.881 137.955
446.627 139.261
453.199 138.322
457.062 156.543
477.156 152.510
482.135 100.868
473.566 102.080
464.676 56.698
431.178 62.821

Building 10 1 173.784
428.017 145.616
431.616 145.403
433.522 153.335
443.733 151.273
442.197 141.746
446.583 140.225
446.627 139.261
443.881 137.955
429.087 140.509
427.243 141.388

Building 7 5 808.357
481.169 110.887
518.411 117.031
520.464 107.137
516.877 106.304
518.356 94.202
484.269 89.221
482.135 100.868

Building 4 3 54.431
575.110 803.843
585.669 801.804
584.812 796.932
574.024 798.878

Building 4 9 63.058
585.669 801.804
597.180 800.230
596.790 794.573
584.812 796.932

Building 8 6 186.835
551.083 803.650
562.104 801.358
561.917 799.656
572.836 796.874
571.597 790.910
560.874 792.950
560.169 791.843
548.861 793.696

Building 4 8 62.040
572.836 796.874
584.577 794.988
583.627 789.789
571.798 791.879

Building 4 7 65.268
584.577 794.988
596.619 792.417
595.884 787.228
583.627 789.789

Building 4 6 55.349
548.874 792.233
557.416 790.551
556.346 784.403
547.599 786.024

Building 4 4 59.962
557.416 790.551
566.965 788.843
565.837 782.778
556.346 784.403

Building 4 3 57.933
566.965 788.843
576.347 787.425
575.590 781.631
565.837 782.778

Building 4 4 146.476
578.686 788.843
597.687 785.488
596.191 777.713
577.310 781.709

Building 4 8 101.076
586.354 777.904
598.571 775.428
596.980 767.416
584.756 770.040

Building 4 4 75.075
576.884 779.381
586.354 777.904
584.756 770.040
575.512 771.697

Building 4 4 66.948
546.976 784.954
556.442 783.095
554.965 775.829
545.982 778.281

Building 4 4 69.116
556.442 783.095
565.654 781.203
564.297 774.112
554.965 775.829

Building 4 7 72.406
565.654 781.203
575.524 779.341
574.271 772.318
564.297 774.112

Building 4 8 87.952
583.303 767.874
592.096 766.021
590.086 756.171
581.691 758.041

Building 4 4 84.062
592.096 766.021
600.316 764.342
598.143 754.417
590.086 756.171

Building 4 3 59.486
571.445 754.976
579.645 753.378
578.234 746.517
569.959 747.922

Building 6 5 88.602
579.645 753.378
580.819 753.282
581.365 755.297
589.739 754.067
587.846 744.728
578.234 746.517

Building 4 6 77.309
589.739 754.067
597.737 752.205
596.063 743.215
587.846 744.728

Building 4 6 68.132
586.867 743.350
596.087 740.823
594.572 733.916
585.743 735.803

Building 4 5 60.240
576.554 735.790
585.239 734.256
583.849 727.439
575.418 728.985

Building 4 6 67.876
585.239 734.256
594.672 732.205
593.349 725.285
583.849 727.439

Building 4 8 65.181
567.491 737.401
576.554 735.790
575.418 728.985
566.176 730.364

Building 4 4 78.402
556.481 739.283
567.491 737.401
566.176 730.364
555.073 732.652

Building 4 7 113.108
541.014 743.098
556.481 739.283
555.073 732.652
539.474 735.830

Building 4 5 85.016
548.442 732.297
557.435 730.543
555.148 720.996
547.028 722.725

Building 4 6 84.677
557.435 730.543
565.940 728.768
564.184 719.711
555.148 720.996

Building 4 6 95.947
539.074 734.329
548.442 732.297
547.028 722.725
537.315 724.404

Building 4 4 150.380
551.682 719.569
571.902 716.524
570.741 708.870
550.634 712.683

Building 4 4 113.838
549.812 710.655
560.959 708.787
559.207 698.693
547.814 701.291

Building 6 7 142.681
531.726 714.102
549.812 710.655
547.814 701.291
539.698 703.797
539.455 705.846
530.362 707.888

Building 4 6 62.139
542.864 721.203
551.682 719.569
550.634 712.683
541.791 714.421

Building 4 5 66.603
533.530 722.924
542.864 721.203
541.791 714.421
532.438 715.809

Building 5 5 173.911
515.208 735.686
538.596 731.634
537.315 724.404
524.933 726.300
513.889 729.168

Building 7 7 76.386
541.231 754.203
549.506 752.799
547.914 743.410
540.873 744.320
540.853 745.695
541.569 747.718
540.382 748.088

Building 4 5 84.050
519.965 754.956
536.354 751.869
535.348 746.810
518.791 750.242

Building 11 8 262.103
518.791 750.242
535.348 746.810
540.853 745.695
540.873 744.320
541.014 743.098
539.474 735.830
539.074 734.329
538.596 731.634
533.871 732.453
534.556 736.224
516.812 739.696

Building 6 1 182.486
559.017 616.077
581.677 617.426
584.283 616.739
587.857 613.471
587.868 611.354
560.474 608.909

Building 6 1 47.250
581.317 610.769
587.868 611.354
590.029 611.557
590.922 606.897
583.327 605.051
581.995 605.795

Building 4 3 115.603
547.638 637.464
557.373 637.540
557.546 625.737
547.887 625.433

Building 4 7 89.422
557.510 628.220
566.365 628.418
566.710 618.674
557.945 617.715

Building 4 4 70.127
547.887 625.433
557.546 625.737
557.897 618.870
548.268 617.807

Building 5 6 118.941
566.365 628.418
566.478 634.676
574.751 634.753
574.838 620.464
566.649 620.393

Building 4 4 275.544
576.022 641.129
587.474 642.209
591.372 620.880
576.484 620.803

Building 5 2 157.242
573.379 652.433
586.771 653.589
587.474 642.209
576.022 641.129
573.552 640.732

Building 4 3 80.633
557.099 646.510
566.315 646.418
566.434 637.742
557.373 637.540

Building 5 2 68.426
535.770 648.463
545.515 650.496
546.081 643.238
545.420 642.992
537.146 641.571

Building 5 4 165.828
547.329 654.580
556.951 654.776
557.099 646.510
557.373 637.540
547.638 637.464

Building 5 7 174.449
547.175 664.017
566.439 663.744
566.433 655.020
556.951 654.776
547.329 654.580

Building 17 5 481.203
556.951 654.776
566.433 655.020
566.439 663.744
586.390 661.935
586.771 653.589
573.379 652.433
573.552 640.732
573.628 639.062
571.292 638.978
571.333 634.721
566.478 634.676
566.365 628.418
557.510 628.220
557.373 637.540
566.434 637.742
566.315 646.418
557.099 646.510

Building 7 7 145.837
555.979 675.743
559.296 675.765
572.896 673.289
571.580 665.755
562.569 667.444
561.818 665.250
554.542 666.658

Building 4 4 90.895
572.896 673.289
584.977 670.998
584.205 664.145
571.580 665.755

Building 4 5 65.003
576.105 680.824
585.981 679.301
584.306 672.640
574.681 674.725

Building 4 6 120.394
557.888 684.256
576.105 680.824
574.681 674.725
556.576 677.569

Building 4 5 113.504
542.249 687.799
557.888 684.256
556.576 677.569
540.976 680.486

Building 4 3 99.520
558.828 696.749
568.247 695.155
566.203 684.763
556.923 686.569

Building 4 6 101.760
568.247 695.155
577.700 692.980
575.651 682.744
566.203 684.763

Building 4 8 107.636
577.700 692.980
587.450 691.394
586.161 680.939
575.651 682.744

Building 4 3 52.767
537.538 695.649
547.805 693.366
546.897 688.756
536.463 690.443

Building 5 5 103.804
548.719 698.513
558.828 696.749
556.923 686.569
546.897 688.756
547.805 693.366

Building 6 6 142.606
560.959 708.787
579.012 705.283
577.987 700.075
569.362 701.869
568.387 697.027
559.207 698.693

Building 6 5 149.802
579.012 705.283
589.203 703.394
587.633 693.365
568.387 697.027
569.362 701.869
577.987 700.075

Building 4 4 175.572
565.940 728.768
584.483 725.248
582.676 716.035
564.184 719.711

Building 4 7 84.384
584.483 725.248
593.406 723.468
591.301 714.241
582.676 716.035

Building 4 6 157.762
571.902 716.524
591.352 713.119
589.832 704.911
570.741 708.870

Building 6 5 133.878
522.161 766.533
540.662 762.944
538.926 752.956
529.044 755.558
529.748 761.095
521.261 762.956

Building 4 3 33.561
520.430 760.653
528.603 759.159
528.438 755.319
520.331 756.287

Building 4 6 80.760
542.746 763.419
551.743 761.581
549.506 752.799
541.231 754.203

Building 4 7 133.336
569.588 746.477
586.867 743.350
585.743 735.803
568.398 739.045

Building 4 4 70.646
560.404 748.146
569.588 746.477
568.398 739.045
558.904 740.965

Building 4 6 66.913
551.320 749.820
560.404 748.146
558.904 740.965
550.055 742.583

Building 4 4 53.045
553.011 757.936
560.959 756.376
560.146 750.153
551.424 751.909

Building 5 4 73.707
561.223 757.149
571.445 754.976
569.959 747.922
560.146 750.153
560.959 756.376

Building 9 5 404.917
501.997 632.191
511.856 634.207
514.539 632.390
516.984 628.223
518.295 622.257
520.998 610.247
503.949 605.253
500.480 618.989
504.786 620.217

Building 5 2 102.751
517.384 626.305
519.257 627.133
527.074 619.705
529.347 614.460
520.998 610.247

Building 4 8 86.443
489.221 615.971
500.480 618.989
502.268 611.908
491.030 608.680

Building 4 6 72.998
491.030 608.680
502.268 611.908
503.786 605.898
492.738 602.542

Building 4 3 68.912
450.404 627.515
456.479 628.584
458.784 618.377
452.200 616.803

Building 4 7 126.276
456.479 628.584
468.838 630.901
470.640 621.105
458.784 618.377

Building 4 9 140.313
460.875 618.859
469.040 620.737
472.030 603.610
464.835 601.328

Building 5 4 308.193
470.251 623.222
479.140 625.162
485.926 627.276
489.423 607.822
473.997 604.414

Building 10 4 181.853
430.434 620.661
436.990 622.861
443.608 623.905
448.648 625.147
449.238 622.306
445.568 621.032
446.787 617.666
449.336 618.553
450.725 614.640
433.943 610.581

Building 4 5 94.162
433.943 610.581
441.298 612.360
444.049 598.101
438.654 596.990

Building 7 2 256.310
441.117 593.921
445.162 595.286
444.049 598.101
441.298 612.360
450.725 614.640
455.665 592.514
443.081 587.511

Building 4 4 151.806
452.200 616.803
460.875 618.859
464.686 601.988
456.410 599.840

Building 5 6 119.624
483.767 646.413
499.598 650.065
500.769 642.627
497.916 642.159
485.086 639.057

Building 4 8 66.236
499.598 650.065
508.415 651.593
509.322 644.143
500.769 642.627

Building 4 5 121.719
497.916 642.159
509.322 644.143
511.856 634.207
500.278 631.839

Building 5 2 70.847
468.838 630.901
470.425 631.318
477.402 632.574
479.615 625.310
470.251 623.222

Building 7 5 222.057
468.261 642.287
482.458 646.091
485.926 627.276
479.615 625.310
478.378 629.370
477.402 632.574
470.425 631.318

Building 10 4 221.753
447.140 637.508
459.271 640.523
460.305 637.224
462.519 637.925
461.990 640.868
468.261 642.287
469.767 634.149
470.425 631.318
468.838 630.901
450.404 627.515

Building 4 6 82.245
427.358 631.845
434.373 634.066
436.990 622.861
430.434 620.661

Building 4 3 74.287
434.373 634.066
440.014 635.621
443.608 623.905
436.990 622.861

Building 4 1 78.440
440.014 635.621
447.140 637.508
450.404 627.515
443.100 625.561

Building 4 5 83.852
404.698 632.737
416.361 630.720
414.924 623.501
403.247 626.165

Building 6 6 61.425
418.518 634.096
425.363 632.598
426.469 628.529
425.157 625.458
417.341 626.478
417.458 630.796

Building 6 4 129.227
417.341 626.478
425.157 625.458
427.554 624.362
429.745 614.535
428.521 613.781
415.027 617.243

Building 8 6 202.961
414.805 615.601
423.445 613.665
422.550 608.813
428.164 606.754
424.496 595.999
414.030 598.542
415.079 602.785
411.750 603.776

Building 5 9 52.681
423.445 613.665
430.711 612.250
433.417 605.233
428.164 606.754
422.550 608.813

Building 5 5 104.823
428.164 606.754
433.417 605.233
436.454 596.939
435.035 593.020
424.496 595.999

Building 7 5 129.919
370.901 632.160
377.092 630.682
376.806 626.332
383.150 625.222
382.023 618.088
380.864 618.035
369.051 619.646

Building 14 4 201.792
377.092 630.682
383.997 629.586
384.039 631.438
389.378 630.549
387.660 621.195
385.947 621.592
385.592 619.592
392.030 618.196
389.433 605.586
380.687 607.144
383.030 617.947
382.023 618.088
383.150 625.222
376.806 626.332

Building 5 7 46.491
389.378 630.549
390.252 630.657
394.252 629.684
392.044 620.071
387.660 621.195

Building 4 4 81.564
394.252 629.684
402.020 627.944
400.221 618.042
392.044 620.071

Building 4 6 98.845
392.030 618.196
399.835 616.532
396.722 604.129
389.433 605.586

Building 6 4 66.975
406.440 615.000
412.800 612.998
410.390 604.289
406.895 605.552
405.888 603.218
403.351 604.717

Building 4 6 109.101
403.247 626.165
414.924 623.501
413.275 614.803
401.281 617.200

Building 4 7 122.450
369.051 619.646
381.115 618.047
379.309 608.138
367.200 609.783

Building 4 6 77.983
396.222 643.512
404.105 642.369
402.485 632.616
394.496 634.182

Building 4 6 57.490
401.053 653.623
408.046 652.183
405.483 644.230
399.067 645.268

Building 6 2 97.610
374.883 657.580
380.395 656.544
379.503 647.810
384.929 646.770
383.693 642.731
372.874 645.026

Building 10 7 213.799
380.395 656.544
394.586 653.888
393.630 646.564
392.262 646.373
390.252 630.657
389.378 630.549
384.039 631.438
386.656 646.634
384.929 646.770
379.503 647.810

Building 4 6 54.070
371.895 643.021
377.841 642.097
376.192 632.654
370.635 634.315

Building 4 4 75.752
377.841 642.097
385.656 640.824
384.039 631.438
376.192 632.654

Building 4 4 255.139
384.752 700.334
392.062 699.083
385.469 666.883
377.460 668.577

Building 4 5 62.600
391.394 686.473
398.054 685.150
396.155 676.059
389.624 677.291

Building 7 2 77.069
406.930 683.369
405.907 677.468
402.084 678.208
400.606 674.099
396.193 674.837
396.155 676.059
398.054 685.150

Building 5 6 111.637
415.264 673.646
420.596 672.680
423.699 672.117
421.819 660.154
412.078 661.976

Building 4 5 60.007
417.113 682.571
423.367 681.468
421.954 672.433
415.264 673.646

Building 8 7 66.342
423.367 681.468
431.708 680.012
431.420 678.107
429.797 672.809
425.486 673.500
425.252 672.199
423.699 672.117
421.954 672.433

Building 10 7 174.175
425.252 672.199
425.486 673.500
429.797 672.809
437.156 670.999
438.059 667.657
433.400 666.465
431.358 665.988
433.808 656.801
422.927 653.834
422.674 654.131

Building 5 4 73.086
389.624 677.291
396.155 676.059
396.193 674.837
393.758 665.215
387.494 666.808

Building 8 5 197.862
377.223 666.792
388.654 664.874
389.408 666.321
393.758 665.215
393.617 663.443
396.711 663.075
394.586 653.888
374.883 657.580

Building 11 6 167.935
396.193 674.837
405.156 673.339
412.718 671.719
410.082 661.446
400.493 663.809
401.727 669.990
399.910 670.515
398.252 662.671
396.711 663.075
393.617 663.443
393.758 665.215

Building 6 4 117.577
407.564 687.032
415.301 681.562
412.718 671.719
400.606 674.099
402.084 678.208
405.907 677.468

Building 7 7 162.370
396.711 663.075
409.810 660.131
408.046 652.183
401.053 653.623
399.067 645.268
393.630 646.564
394.586 653.888

Building 4 8 112.198
412.078 661.976
421.819 660.154
422.025 649.991
409.772 652.111

Building 5 6 108.348
409.772 652.111
422.025 649.991
422.512 644.380
420.748 641.915
407.901 644.381

Building 4 6 84.606
406.262 642.956
414.623 641.350
412.564 631.376
404.698 632.737

Building 7 4 79.870
414.623 641.350
424.012 639.360
422.820 633.155
418.518 634.096
417.458 630.796
416.361 630.720
412.564 631.376

Building 6 1 178.501
558.967 586.973
564.273 589.966
569.091 575.518
575.864 569.228
570.896 564.334
562.931 570.314

Building 4 1 57.498
585.090 561.581
590.080 561.986
591.209 550.091
585.935 550.975

Building 11 4 471.208
589.790 565.386
592.307 565.468
589.611 595.650
587.760 595.692
587.473 599.987
594.632 601.046
595.409 598.193
598.751 598.657
602.386 553.336
590.985 552.453
590.080 561.986

Building 9 5 190.628
585.935 550.975
591.209 550.091
594.220 549.374
597.781 549.445
604.230 549.512
602.418 541.750
601.198 541.785
600.371 537.167
586.004 539.571

Building 6 4 85.388
576.375 551.968
585.935 550.975
586.004 539.571
580.837 539.385
581.247 545.583
576.466 545.941

Building 7 7 77.766
572.571 559.096
574.798 552.132
576.375 551.968
576.466 545.941
571.688 547.201
569.090 548.679
565.036 551.981

Building 6 9 79.026
570.800 543.591
573.415 544.369
574.356 543.179
578.433 544.154
580.809 534.604
573.161 532.966

Building 7 6 81.094
580.837 539.385
586.004 539.571
585.159 530.139
574.157 528.029
573.161 532.966
580.809 534.604
581.856 534.743

Building 5 3 143.214
586.004 539.571
600.371 537.167
601.533 536.865
599.819 527.848
585.159 530.139

Building 6 4 156.053
605.069 534.050
611.544 532.605
609.209 516.443
609.975 515.027
609.451 513.500
599.679 515.001

Building 8 5 109.482
585.167 528.780
599.829 526.274
597.409 516.019
593.422 517.333
593.786 519.477
587.092 521.272
586.948 524.427
585.196 524.327

Building 5 3 195.763
599.679 515.001
609.451 513.500
610.948 499.256
603.491 497.473
596.528 498.775

Building 5 6 152.206
590.730 517.086
597.198 514.748
595.800 506.826
582.558 505.803
581.352 517.459

Building 4 6 150.198
612.825 481.394
600.415 485.217
603.491 497.473
610.948 499.256

Building 4 8 92.205
596.528 498.775
603.491 497.473
600.415 485.217
592.665 487.791

Building 6 2 269.622
592.665 487.791
600.415 485.217
600.531 472.271
598.740 461.527
586.265 464.629
588.942 477.145

Building 6 4 130.343
600.415 485.217
612.825 481.394
613.322 474.492
607.005 474.864
607.828 470.579
600.531 472.271

Building 6 5 192.070
600.531 472.271
607.828 470.579
607.005 474.864
613.322 474.492
614.538 457.621
598.740 461.527

Building 4 7 54.791
583.758 463.214
590.712 461.103
588.227 454.254
581.117 455.819

Building 5 5 156.426
590.712 461.103
599.486 458.670
595.068 442.752
585.777 445.655
588.227 454.254

Building 4 5 64.027
581.117 455.819
588.227 454.254
585.777 445.655
578.546 447.888

Building 16 7 238.333
599.486 458.670
614.663 455.882
618.476 453.621
618.798 449.505
619.628 448.919
619.745 445.165
621.625 444.176
621.037 441.679
621.196 439.438
604.708 441.122
605.590 444.530
615.475 443.450
615.815 445.890
609.499 446.862
609.168 449.183
597.710 452.270

Building 4 4 55.230
596.988 449.671
604.195 447.431
602.309 440.295
595.068 442.752

Building 4 3 51.930
604.708 441.122
612.148 440.362
610.717 433.040
603.416 434.821

Building 6 5 85.102
612.148 440.362
621.196 439.438
621.820 430.623
616.163 430.367
616.075 432.295
610.717 433.040

Building 4 7 49.441
587.850 442.740
594.446 440.568
592.266 433.958
585.844 435.284

Building 5 5 114.264
577.881 446.470
587.850 442.740
585.844 435.284
584.968 433.307
574.250 436.116

Building 5 6 93.148
574.250 436.116
584.968 433.307
584.161 429.537
583.024 425.291
572.066 428.089

Building 9 3 107.271
585.844 435.284
592.266 433.958
594.446 440.568
602.792 438.544
601.486 432.995
594.621 434.725
592.943 427.502
584.161 429.537
584.968 433.307

Building 5 5 147.961
601.486 432.995
614.019 430.429
612.798 423.015
592.943 427.502
594.621 434.725

Building 6 4 104.635
600.881 425.709
612.798 423.015
611.623 420.289
606.945 414.588
598.352 416.602
599.273 421.369

Building 4 5 58.294
598.352 416.602
606.945 414.588
605.768 408.125
597.100 410.119

Building 4 2 76.075
584.161 429.537
600.881 425.709
599.273 421.369
583.024 425.291

Building 6 7 155.695
589.789 423.658
599.273 421.369
597.100 410.119
577.311 414.111
578.360 417.722
587.844 416.168

Building 6 5 159.930
570.374 426.300
589.311 421.815
587.844 416.168
578.360 417.722
577.311 414.111
568.103 415.937

Building 4 5 115.759
586.944 409.948
597.476 408.211
595.561 397.030
585.588 399.166

Building 5 4 138.018
577.510 411.648
586.944 409.948
585.588 399.166
584.838 395.970
575.159 398.004

Building 4 4 91.014
597.476 408.211
605.551 406.535
603.531 395.752
595.561 397.030

Building 7 5 154.941
605.551 406.535
612.626 405.274
611.189 398.799
612.305 384.450
603.777 385.301
605.102 395.506
603.531 395.752

Building 7 6 318.730
602.200 383.345
613.050 381.904
624.113 382.355
624.694 373.257
616.987 367.104
599.369 370.238
601.072 379.387

Building 4 5 135.250
613.848 397.030
623.138 397.613
624.044 383.436
613.979 383.293

Building 4 7 66.979
614.599 404.810
622.646 405.302
623.138 397.613
613.848 397.030

Building 10 6 169.976
614.480 419.068
622.614 419.410
622.857 415.981
622.069 414.334
622.646 405.302
614.599 404.810
614.619 406.514
607.785 407.584
609.298 414.292
611.383 416.686

Building 6 4 74.256
616.163 430.367
621.820 430.623
622.614 419.410
614.480 419.068
614.454 422.171
615.948 422.324

Building 9 5 198.660
595.561 397.030
603.531 395.752
602.200 383.345
601.072 379.387
584.868 381.631
586.147 389.636
597.597 387.780
597.810 389.206
594.728 389.878

Building 7 3 177.896
594.873 380.246
601.072 379.387
599.369 370.238
598.640 366.875
582.880 370.531
584.192 379.759
594.217 378.373

Building 4 6 138.250
567.960 413.372
577.510 411.648
575.159 398.004
565.152 399.621

Building 4 6 77.756
565.779 397.897
576.324 395.873
575.460 388.878
565.087 390.277

Building 4 5 61.875
576.324 395.873
585.243 394.063
584.275 387.437
575.460 388.878

Building 5 4 106.466
565.087 390.277
575.460 388.878
584.275 387.437
583.351 381.733
564.630 385.112

Building 6 4 68.847
584.838 395.970
585.588 399.166
595.561 397.030
594.728 389.878
586.293 391.293
586.878 395.574

Building 4 6 186.893
564.877 383.485
584.192 379.759
582.880 370.531
563.018 374.232

Building 4 4 147.214
563.018 374.232
574.975 372.004
572.938 359.964
560.522 363.111

Building 4 1 95.037
576.267 370.548
587.882 367.854
586.126 360.158
574.944 362.211

Building 4 1 49.156
574.944 362.211
586.126 360.158
585.526 355.853
574.209 358.027

Building 5 1 126.256
549.625 375.118
558.243 373.761
560.734 373.352
558.558 362.117
547.932 363.732

Building 4 7 47.642
586.541 355.715
596.462 354.299
595.600 349.421
585.828 351.170

Building 12 6 133.596
574.209 358.027
585.526 355.853
586.541 355.715
585.828 351.170
594.619 349.596
593.749 345.347
585.236 346.859
585.327 348.466
574.011 350.211
574.450 354.286
572.356 354.812
572.709 357.870

Building 6 7 164.755
572.002 348.877
585.236 346.859
593.749 345.347
592.482 338.553
580.795 339.791
570.296 341.638

Building 4 5 110.475
560.687 359.975
571.638 358.312
570.105 348.693
558.868 350.148

Building 4 7 69.183
558.868 350.148
570.105 348.693
568.752 342.353
558.022 344.223

Building 6 6 87.507
586.414 324.642
588.937 324.789
596.660 323.307
595.867 319.805
595.403 314.846
585.722 316.043

Building 5 3 71.479
589.809 331.598
600.477 329.660
598.891 323.375
596.660 323.307
588.937 324.789

Building 8 8 161.731
581.471 337.205
592.549 336.365
601.537 334.515
600.477 329.660
589.809 331.598
588.937 324.789
586.414 324.642
579.998 326.282

Building 8 4 228.056
559.670 341.943
580.735 337.563
578.590 325.118
575.079 325.106
575.242 329.383
568.183 330.612
567.968 329.347
558.526 330.281

Building 4 5 70.151
566.478 317.748
573.484 316.746
571.593 306.572
565.182 307.455

Building 6 4 83.352
572.765 312.878
582.239 311.511
581.275 302.217
574.341 303.277
574.709 306.022
571.593 306.572

Building 4 6 75.901
581.902 308.261
595.117 306.003
593.367 300.430
581.275 302.217

Building 4 4 191.324
574.341 303.277
593.367 300.430
590.983 290.021
573.045 293.625

Building 15 6 299.134
558.548 319.001
566.478 317.748
565.182 307.455
571.593 306.572
574.709 306.022
573.045 293.625
563.033 295.593
562.619 293.421
561.206 287.307
560.487 287.302
560.229 287.912
559.559 291.086
558.689 295.756
558.286 301.689
557.657 311.278

Building 5 7 74.006
585.722 316.043
595.403 314.846
596.780 314.188
594.966 307.860
584.302 309.733

Building 6 4 82.856
558.526 330.281
567.968 329.347
567.258 323.253
565.511 323.370
564.977 319.945
557.703 320.957

Building 13 8 208.686
567.258 323.253
567.968 329.347
568.183 330.612
575.242 329.383
575.079 325.106
578.590 325.118
584.451 323.778
582.239 311.511
572.765 312.878
573.484 316.746
570.242 317.209
570.211 319.005
566.776 319.405

Building 5 6 171.273
603.166 367.945
614.644 366.240
612.208 351.937
610.371 351.887
600.453 353.957

Building 9 5 250.916
596.462 354.299
600.453 353.957
610.371 351.887
609.601 349.135
611.683 348.316
610.901 343.147
611.206 336.456
594.103 338.300
595.600 349.421

Building 6 6 154.929
603.727 336.034
612.832 333.358
608.949 318.439
603.337 319.593
602.807 317.880
599.403 319.041

Building 6 1 56.011
618.967 348.047
618.952 338.358
618.833 336.315
614.092 336.417
614.216 342.573
614.439 348.446

Building 4 3 329.855
616.215 279.701
624.315 279.951
627.956 238.180
620.507 237.228

Building 4 5 114.394
594.431 225.590
603.587 219.824
598.797 210.899
588.912 216.804

Building 4 5 58.661
584.521 196.261
591.054 192.515
587.337 185.970
580.340 190.009

Building 4 6 266.495
599.404 197.383
610.587 192.589
608.458 170.038
593.712 184.686

Building 4 4 83.218
607.888 209.096
612.863 206.389
607.160 194.058
601.319 196.562

Building 8 1 162.062
599.404 197.383
607.713 214.837
620.240 208.620
613.415 194.918
608.423 196.791
612.863 206.389
607.888 209.096
601.319 196.562

Building 6 5 247.676
567.558 175.973
575.318 174.308
581.179 184.544
584.263 184.095
589.383 178.934
571.768 157.108

Building 5 4 596.167
571.768 157.108
589.383 178.934
606.352 161.863
594.362 149.248
580.275 147.864

Building 8 6 133.846
553.257 197.183
561.880 199.055
562.567 196.841
567.057 194.349
567.252 192.068
560.729 190.650
562.165 182.901
556.351 181.785

Building 4 5 142.501
541.394 191.168
551.755 196.487
554.795 182.253
544.007 180.373

Building 9 4 243.169
567.057 194.349
582.028 186.628
581.179 184.544
575.318 174.308
567.558 175.973
565.778 183.827
562.165 182.901
560.729 190.650
567.252 192.068

Building 11 6 135.315
551.740 243.229
558.261 239.921
559.239 243.200
569.957 239.351
568.171 234.060
557.618 236.888
556.055 231.903
551.968 232.868
551.974 234.018
548.544 234.468
551.315 242.250

Building 8 7 145.452
548.544 234.468
551.974 234.018
551.968 232.868
556.055 231.903
557.618 236.888
568.171 234.060
566.527 225.162
546.806 229.521

Building 4 1 231.655
541.068 230.826
556.303 227.422
553.639 212.709
538.522 216.193

Building 4 1 107.236
556.303 227.422
566.527 225.162
559.872 213.422
553.948 214.413

Building 9 2 227.789
537.095 213.283
553.214 210.620
553.639 212.709
553.948 214.413
559.872 213.422
560.544 201.237
550.235 198.069
548.096 205.072
536.297 206.723

Building 4 3 110.223
536.297 206.723
548.096 205.072
550.235 198.069
541.196 193.540

Building 8 4 317.764
554.681 179.823
565.041 182.177
567.977 165.289
569.831 157.290
571.587 151.441
563.199 149.355
561.718 156.114
559.225 155.373

Building 5 4 96.395
563.199 149.355
571.587 151.441
577.355 149.226
577.295 142.297
567.283 142.764

Building 7 4 100.926
576.783 247.843
589.409 234.388
586.352 231.778
578.129 236.694
578.747 237.700
573.190 242.421
573.792 244.403

Building 15 5 411.285
578.129 236.694
586.352 231.778
593.152 227.244
588.418 219.953
581.779 223.700
580.772 221.870
588.912 216.804
584.115 208.133
566.482 218.927
571.076 227.983
578.505 223.375
579.603 225.264
570.689 230.782
571.516 234.154
574.489 239.260

Building 6 4 262.537
566.482 218.927
584.115 208.133
577.325 196.744
562.150 205.983
564.131 209.037
561.800 210.683

Building 15 7 367.217
588.912 216.804
598.466 211.096
595.428 205.422
595.381 203.489
592.014 197.184
593.600 196.043
591.054 192.515
584.521 196.261
580.340 190.009
565.226 197.904
563.873 199.864
562.586 203.354
562.150 205.983
577.325 196.744
584.115 208.133

Building 4 5 122.524
475.633 262.880
485.813 260.287
483.897 248.883
473.539 251.424

Building 4 4 115.431
478.352 273.512
488.578 270.876
485.813 260.287
475.633 262.880

Building 4 6 129.931
490.516 271.339
503.915 268.386
502.024 258.999
488.375 262.468

Building 8 4 155.685
487.600 260.682
503.260 256.629
497.632 245.507
492.312 247.377
493.434 251.470
489.200 252.311
488.010 247.722
485.266 248.541

Building 8 5 146.422
473.035 249.605
483.428 247.290
481.684 238.884
475.217 240.362
472.842 230.105
466.725 231.670
468.581 237.457
470.309 237.176

Building 7 7 326.940
483.428 247.290
496.311 243.785
491.031 235.912
487.008 216.285
475.271 218.404
477.535 229.115
479.582 228.748

Building 7 5 133.506
473.986 229.753
477.535 229.115
475.271 218.404
481.961 217.196
480.506 208.693
469.845 210.748
470.809 216.316

Building 4 4 44.801
481.961 217.196
487.008 216.285
485.715 207.799
480.506 208.693

Building 5 1 315.102
469.845 210.748
485.715 207.799
482.527 188.912
466.784 191.793
467.503 200.762

Building 8 3 199.192
488.406 213.339
508.618 210.390
508.055 205.919
502.679 205.092
503.182 206.911
499.644 207.335
497.670 198.174
486.371 200.582

Building 6 5 187.411
486.371 200.582
497.670 198.174
496.745 191.755
494.481 191.922
493.185 181.759
483.734 180.254

Building 6 6 61.282
499.644 207.335
503.182 206.911
502.679 205.092
503.204 193.574
497.150 194.566
497.670 198.174

Building 6 6 80.049
504.361 202.833
511.907 204.566
513.922 194.911
505.211 192.671
504.394 196.187
506.193 197.302

Building 5 3 74.150
494.481 191.922
496.745 191.755
502.883 191.014
500.834 182.758
493.185 181.759

Building 9 4 208.997
452.049 195.677
463.082 198.182
464.622 190.377
465.188 186.838
464.863 184.467
464.543 180.716
450.048 180.693
448.932 185.895
453.688 186.886

Building 4 7 145.170
466.784 191.793
482.527 188.912
480.924 179.543
466.356 182.388

Building 4 4 87.464
483.352 177.944
490.746 176.640
488.924 165.320
481.265 166.727

Building 6 4 64.279
493.316 179.803
500.509 179.122
500.537 171.536
495.890 171.498
495.714 169.651
492.857 169.608

Building 6 5 179.124
503.433 180.203
518.155 177.793
517.701 171.909
519.214 171.661
518.980 167.634
501.417 168.069

Building 4 6 108.937
507.882 167.914
518.980 167.634
518.390 157.454
507.734 158.094

Building 4 2 63.588
501.417 168.069
507.882 167.914
507.734 158.094
501.477 157.897

Building 6 4 55.736
491.101 165.706
499.296 165.817
499.216 159.347
490.389 159.149
490.286 162.680
491.145 162.833

Building 5 3 110.668
501.477 157.897
507.734 158.094
512.414 157.813
512.454 147.672
501.432 148.123

Building 6 7 111.599
512.414 157.813
518.390 157.454
518.680 154.248
526.424 153.506
526.130 147.284
512.454 147.672

Building 11 4 187.552
451.264 178.736
466.530 177.590
467.308 179.263
468.978 179.317
468.366 172.958
464.297 173.133
463.265 168.056
458.572 168.069
458.081 162.029
452.023 163.282
451.591 165.822

Building 4 4 92.704
471.217 179.688
481.200 177.445
479.524 168.701
469.512 170.584

Building 6 3 43.469
456.240 162.410
458.081 162.029
458.572 168.069
463.265 168.056
462.349 159.175
456.186 160.075

Building 5 5 166.680
465.941 170.949
469.512 170.584
479.524 168.701
477.339 156.576
463.928 159.390

Building 7 6 67.773
480.806 164.025
487.316 162.701
485.382 154.060
477.385 155.170
477.339 156.576
477.885 159.609
479.926 159.423

Building 7 1 311.204
477.156 152.510
487.223 153.229
489.006 152.763
489.421 151.259
493.047 129.952
481.658 127.967
479.561 127.564

Building 8 1 260.508
487.449 153.170
487.727 156.981
499.379 156.718
499.085 143.123
501.639 129.042
493.452 127.572
489.421 151.259
489.006 152.763

Building 8 2 1224.831
604.456 127.087
653.070 128.211
654.499 111.516
646.482 111.716
646.097 105.516
627.010 106.441
626.476 97.884
602.016 99.538

Building 4 3 54.203
646.482 111.716
654.499 111.516
655.305 105.114
646.097 105.516

Building 11 8 202.827
519.321 181.934
519.400 183.910
522.363 184.589
523.562 178.641
528.111 153.657
526.424 153.506
518.680 154.248
518.390 157.454
519.214 171.661
517.701 171.909
518.155 177.793

Building 4 5 74.408
425.680 260.651
432.880 259.532
431.186 249.179
424.205 250.580

Building 9 5 138.131
440.212 258.455
455.824 255.295
454.634 248.669
453.091 245.607
449.203 246.017
449.781 249.497
443.554 250.931
443.115 247.647
438.577 248.262

Building 11 5 192.773
455.824 255.295
455.984 256.412
459.011 255.197
463.373 254.381
471.757 253.106
469.515 241.410
456.527 244.046
455.969 242.911
452.937 243.465
453.091 245.607
454.634 248.669

Building 8 10 119.578
452.937 243.465
455.969 242.911
467.389 240.539
465.452 233.692
458.391 234.984
457.928 233.603
454.926 233.509
450.643 235.199

Building 4 5 79.567
449.844 222.291
456.266 221.179
454.102 209.152
447.458 210.986

Building 4 6 88.013
440.503 224.458
449.844 222.291
447.960 213.363
438.713 215.248

Building 14 4 428.864
454.926 233.509
457.928 233.603
466.725 231.670
472.842 230.105
475.217 240.362
481.684 238.884
479.582 228.748
473.986 229.753
470.809 216.316
468.379 217.081
465.722 206.921
455.166 209.289
458.454 222.911
453.484 223.831

Building 5 3 124.981
442.709 235.205
450.643 235.199
454.926 233.509
453.484 223.831
441.112 226.135

Building 4 4 69.444
437.337 206.992
444.613 205.144
444.141 196.584
435.306 198.968

Building 12 5 185.601
444.613 205.144
449.063 204.896
451.253 204.774
454.552 205.344
460.120 206.305
460.448 208.104
465.722 206.921
464.990 198.196
463.082 198.182
452.049 195.677
451.884 196.934
444.141 196.584

Building 12 3 146.070
437.528 215.523
447.960 213.363
447.458 210.986
454.102 209.152
455.166 209.289
460.448 208.104
460.120 206.305
451.253 204.774
444.613 205.144
437.337 206.992
437.420 208.858
435.799 209.892

Building 7 5 307.310
499.263 244.442
515.683 238.120
513.253 231.601
504.392 232.836
502.505 222.351
490.059 224.372
491.888 233.971

Building 5 1 111.361
504.392 232.836
513.253 231.601
511.378 219.416
502.611 220.753
502.505 222.351

Building 7 5 126.405
502.611 220.753
511.378 219.416
514.175 218.595
512.169 206.404
508.055 205.919
508.618 210.390
500.917 211.514

Building 8 3 115.531
515.575 218.887
518.625 218.577
520.459 227.681
513.719 228.862
513.828 229.683
524.444 227.903
521.015 209.813
513.570 207.383

Building 5 7 60.199
513.888 259.459
518.053 257.456
513.785 249.480
506.497 252.944
510.097 256.868

Building 5 4 67.453
519.471 257.357
524.283 255.127
526.301 253.801
521.861 246.019
515.497 249.394

Building 6 3 33.836
504.594 262.941
512.455 261.162
509.949 258.035
508.799 257.878
507.612 256.255
503.726 258.465

Building 4 4 152.890
503.318 252.670
519.461 245.405
515.683 238.120
499.263 244.442

Building 6 3 93.199
452.215 276.333
460.991 275.244
460.917 270.406
462.419 270.202
460.910 265.487
451.220 266.807

Building 5 6 59.484
443.968 276.421
452.132 275.539
451.220 266.807
445.570 267.599
444.999 271.800

Building 5 6 74.467
452.618 266.617
460.910 265.487
459.011 255.197
455.984 256.412
452.258 257.415

Building 8 2 67.443
462.671 266.069
468.364 264.799
466.489 257.514
463.847 257.813
463.373 254.381
459.011 255.197
460.678 264.228
462.268 263.833

Building 4 7 60.144
445.570 267.599
452.618 266.617
452.258 257.415
445.951 258.784

Building 11 5 188.636
465.011 276.535
476.027 273.832
472.115 254.483
466.610 255.783
466.489 257.514
468.364 264.799
462.671 266.069
462.268 263.833
460.678 264.228
460.910 265.487
462.419 270.202

Building 5 6 121.773
410.923 407.483
423.581 407.921
420.654 396.206
411.742 398.049
409.709 404.419

Building 6 1 47.197
418.972 413.921
425.558 414.568
423.581 407.921
415.819 407.652
416.701 411.832
419.236 412.590

Building 6 5 108.874
406.140 419.320
417.029 422.074
418.972 413.921
419.236 412.590
416.701 411.832
408.583 409.920

Building 4 5 132.823
394.055 416.860
404.712 419.404
407.508 407.554
396.942 405.034

Building 4 6 102.179
396.942 405.034
407.508 407.554
409.662 398.417
399.495 395.658

Building 12 1 1283.343
237.024 333.365
250.593 338.571
255.331 340.389
263.560 343.546
267.381 333.965
274.755 336.123
278.132 320.838
282.499 307.001
280.565 303.054
275.620 300.164
261.694 294.833
253.539 305.131

Building 6 6 151.224
431.362 490.546
443.329 493.288
446.114 479.716
435.979 477.372
433.955 487.116
432.058 487.165

Building 6 7 134.615
444.844 497.668
452.957 499.831
453.120 498.533
461.504 499.409
462.033 491.753
446.661 489.487

Building 4 2 118.890
463.436 499.300
480.633 502.118
481.637 495.294
464.434 492.620

Building 4 2 152.627
450.904 487.898
473.035 487.634
472.857 480.785
450.554 481.013

Building 4 2 124.565
433.048 474.215
450.443 479.025
452.047 472.343
434.800 467.453

Building 4 1 61.662
467.516 474.422
473.049 472.775
470.058 462.379
464.600 464.288

Building 4 1 22.201
464.480 463.132
470.534 461.452
469.205 457.655
464.187 459.411

Building 6 5 125.982
415.210 522.342
423.590 524.654
426.890 509.686
419.830 507.986
418.828 511.690
417.589 511.910

Building 4 4 91.004
423.590 524.654
434.980 527.064
436.427 519.586
425.346 516.689

Building 4 3 82.686
425.346 516.689
436.427 519.586
437.834 512.312
426.890 509.686

Building 5 4 59.556
409.935 515.393
416.384 517.193
417.589 511.910
418.396 508.118
412.523 506.471

Building 5 6 56.512
407.270 522.535
414.451 525.070
415.210 522.342
416.384 517.193
409.935 515.393

Building 4 5 66.865
396.140 518.756
406.171 522.288
408.072 516.256
398.119 512.767

Building 4 4 110.352
398.119 512.767
408.072 516.256
411.187 506.213
401.149 502.839

Building 6 2 185.512
412.870 539.722
423.931 544.129
430.429 527.727
421.898 525.249
419.417 531.808
415.714 530.416

Building 5 6 135.901
402.547 536.531
412.870 539.722
415.714 530.416
416.802 527.426
406.583 524.557

Building 4 6 110.911
392.666 532.335
401.325 535.489
405.386 523.832
396.747 521.112

Building 4 5 120.306
388.242 545.012
396.825 547.699
401.325 535.489
392.666 532.335

Building 7 4 224.557
421.001 506.657
439.338 510.920
442.939 494.865
433.890 492.940
433.403 493.600
431.544 501.568
422.756 499.474

Building 8 6 139.905
410.387 503.548
421.001 506.657
422.756 499.474
416.599 498.120
418.599 490.430
406.083 487.186
405.347 489.957
413.393 492.721

Building 4 2 72.609
422.756 499.474
431.544 501.568
433.403 493.600
424.891 491.598

Building 4 7 99.230
401.867 501.016
410.387 503.548
413.393 492.721
405.347 489.957

Building 6 4 129.603
412.136 486.336
427.403 489.863
429.036 482.597
419.480 480.192
420.008 478.119
414.482 477.006

Building 11 5 215.804
406.306 485.085
412.136 486.336
414.482 477.006
420.008 478.119
419.480 480.192
429.036 482.597
427.403 489.863
431.362 490.546
432.058 487.165
434.154 477.710
409.962 471.497

Building 7 6 163.889
450.219 541.607
458.281 543.945
457.966 545.628
466.399 547.667
468.600 537.662
457.293 534.309
452.337 533.414

Building 11 5 251.024
437.808 554.624
444.040 556.208
443.445 558.826
451.914 560.946
455.903 547.390
457.542 547.977
457.966 545.628
458.281 543.945
450.219 541.607
449.636 543.949
441.288 541.795

Building 5 2 59.522
433.022 546.514
439.330 549.013
441.288 541.795
441.149 539.618
436.078 537.771

Building 7 6 81.802
425.874 545.006
428.131 545.069
432.796 547.135
433.022 546.514
436.078 537.771
436.839 535.871
430.146 533.950

Building 6 4 178.353
422.241 564.657
432.597 565.664
436.631 550.843
432.039 549.197
432.796 547.135
428.131 545.069

Building 4 7 115.238
408.373 565.500
420.445 563.999
422.591 555.912
412.698 553.014

Building 9 5 207.091
406.195 548.696
411.342 550.626
410.903 552.421
412.698 553.014
422.591 555.912
425.874 545.006
423.931 544.129
412.870 539.722
409.165 538.577

Building 9 6 244.180
395.230 563.041
404.452 561.618
407.637 562.299
410.903 552.421
411.342 550.626
406.195 548.696
408.723 540.083
401.919 538.121
398.593 547.563

Building 5 7 129.283
379.662 566.754
393.813 563.654
394.767 559.428
377.993 554.932
377.863 560.559

Building 4 5 168.841
376.961 553.216
393.440 557.417
395.994 548.137
378.701 543.608

Building 6 5 93.103
378.701 543.608
386.705 545.704
388.754 536.017
383.777 534.403
384.983 530.182
382.378 529.376

Building 8 4 124.808
435.320 564.814
449.115 567.529
450.285 563.221
451.459 563.096
451.914 560.946
443.445 558.826
444.040 556.208
437.808 554.624

Building 7 6 158.170
453.614 565.911
461.953 567.563
463.330 558.487
462.431 558.145
465.395 547.424
457.966 545.628
457.542 547.977

Building 7 7 115.188
463.330 558.487
474.016 560.414
474.291 554.615
474.050 549.473
466.399 547.667
465.395 547.424
462.431 558.145

Building 4 7 106.643
472.147 518.220
479.797 520.292
482.872 507.233
474.639 505.689

Building 4 6 59.863
471.518 527.936
477.948 529.583
479.797 520.292
474.039 518.732

Building 5 7 107.758
465.563 536.761
475.931 539.853
477.948 529.583
471.518 527.936
467.695 527.516

Building 6 5 93.387
430.146 533.950
436.839 535.871
436.078 537.771
441.149 539.618
444.675 531.345
432.062 527.996

Building 6 7 96.063
441.288 541.795
449.636 543.949
452.337 533.414
446.936 531.635
444.675 531.345
441.149 539.618

Building 4 5 80.867
457.293 534.309
465.563 536.761
467.695 527.516
459.499 525.172

Building 11 4 333.175
446.936 531.635
452.337 533.414
457.293 534.309
459.499 525.172
467.695 527.516
471.518 527.936
474.039 518.732
472.147 518.220
452.214 513.028
451.295 513.515
451.078 514.264

Building 10 5 326.755
434.980 527.064
445.236 529.523
449.336 512.995
451.295 513.515
452.509 511.350
455.164 500.677
452.957 499.831
444.844 497.668
441.235 512.629
437.834 512.312

Building 8 4 229.127
451.295 513.515
452.214 513.028
470.206 517.714
472.980 506.804
464.763 504.638
465.254 502.769
455.164 500.677
452.509 511.350

Building 11 1 104.768
480.633 502.118
483.304 503.178
483.417 494.785
481.769 487.391
480.334 487.191
471.045 457.792
469.205 457.655
470.534 461.452
470.058 462.379
473.049 472.775
481.637 495.294

Building 6 4 162.604
241.837 629.358
259.618 632.958
260.976 621.817
251.579 620.399
250.751 623.967
243.382 622.640

Building 5 5 152.510
274.005 634.381
283.975 635.241
286.527 621.613
276.746 619.079
274.955 625.300

Building 6 6 127.323
288.209 625.623
298.773 624.574
298.353 620.011
298.440 614.846
299.196 611.661
291.430 609.728

Building 4 5 43.435
298.773 624.574
308.809 623.335
307.654 619.089
298.353 620.011

Building 4 2 36.412
298.353 620.011
307.654 619.089
307.774 616.445
298.440 614.846

Building 4 2 28.913
298.440 614.846
307.774 616.445
308.112 613.499
299.196 611.661

Building 8 3 91.620
308.809 623.335
313.770 621.940
313.836 620.490
322.552 618.217
321.535 614.989
308.112 613.499
307.774 616.445
307.654 619.089

Building 7 5 141.711
311.324 601.835
315.406 603.104
321.083 603.839
323.362 593.163
321.381 592.441
321.468 589.749
313.042 588.123

Building 8 5 62.334
315.902 614.363
319.022 614.710
319.048 613.202
320.453 613.174
321.083 603.839
315.406 603.104
314.179 612.559
316.019 613.157

Building 6 4 124.209
310.275 587.549
313.042 588.123
321.468 589.749
323.901 589.858
325.639 581.346
312.175 578.714

Building 10 4 200.432
297.189 583.941
310.275 587.549
312.175 578.714
311.656 578.359
312.903 571.088
311.855 570.679
313.234 564.496
308.059 564.277
305.142 576.615
299.209 575.487

Building 5 1 109.362
299.209 575.487
305.142 576.615
308.059 564.277
309.026 559.347
303.035 558.049

Building 4 5 136.035
281.108 591.168
287.613 592.899
292.060 573.268
285.280 571.869

Building 4 4 52.082
287.613 592.899
292.723 594.193
294.978 584.638
289.775 583.357

Building 5 3 106.335
289.775 583.357
294.978 584.638
299.552 565.625
294.300 564.340
292.060 573.268

Building 4 3 56.255
274.904 578.225
281.556 579.868
283.297 571.669
276.709 570.249

Building 9 6 120.530
260.383 567.580
269.318 570.210
270.450 566.876
276.438 568.822
278.117 568.952
280.213 561.505
270.373 559.662
268.566 564.418
261.272 563.077

Building 4 3 41.755
261.272 563.077
268.566 564.418
270.373 559.662
261.791 557.784

Building 4 4 109.840
264.246 599.373
273.559 602.209
276.542 591.249
267.232 588.523

Building 6 4 91.610
253.828 588.469
263.803 591.169
266.221 581.201
261.114 579.852
260.613 582.797
255.132 581.400

Building 4 5 191.544
276.803 606.271
289.398 608.942
292.723 594.193
281.108 591.168

Building 10 5 278.296
291.430 609.728
299.196 611.661
301.010 605.615
303.794 606.387
305.043 601.346
303.647 600.921
306.098 591.610
309.388 592.016
310.275 587.549
297.189 583.941

Building 15 4 232.725
299.196 611.661
308.112 613.499
315.902 614.363
316.019 613.157
314.179 612.559
315.406 603.104
311.324 601.835
313.042 588.123
310.275 587.549
309.388 592.016
306.098 591.610
303.647 600.921
305.043 601.346
303.794 606.387
301.010 605.615

Building 4 5 234.527
315.024 639.373
329.362 634.795
323.702 619.622
309.503 625.942

Building 10 4 98.415
305.356 640.900
312.868 638.286
314.274 637.548
309.503 625.942
306.009 627.088
307.455 631.147
304.057 632.704
304.511 633.699
302.351 634.853
304.189 640.748

Building 4 1 144.673
314.367 642.045
317.671 651.285
331.374 646.211
328.006 636.803

Building 5 5 62.147
287.577 635.031
294.805 634.180
293.559 625.092
288.209 625.623
287.029 631.235

Building 7 6 67.012
294.805 634.180
300.716 633.417
300.654 628.301
302.710 628.210
302.411 624.125
298.773 624.574
293.559 625.092

Building 11 4 130.017
241.544 597.035
246.818 598.290
248.795 589.584
250.530 589.922
255.204 577.171
250.888 575.069
250.612 575.718
247.000 587.517
242.451 585.865
240.159 592.123
242.617 592.904

Building 13 6 265.516
246.818 598.290
261.178 601.706
260.547 605.543
271.720 608.708
273.559 602.209
264.246 599.373
267.232 588.523
264.629 587.762
263.803 591.169
253.828 588.469
252.715 590.718
250.530 589.922
248.795 589.584

Building 4 5 83.784
259.255 613.333
270.232 615.392
271.720 608.708
260.547 605.543

Building 10 4 195.844
143.736 475.946
149.719 476.146
149.344 467.358
160.147 467.004
159.836 458.359
153.268 458.624
153.367 461.084
150.246 461.504
149.804 457.274
143.089 457.672

Building 4 7 93.776
149.719 476.146
159.872 476.114
160.147 467.004
149.344 467.358

Building 4 5 66.410
131.700 475.340
142.191 474.827
141.851 468.434
131.585 468.958

Building 5 4 107.814
131.585 468.958
141.851 468.434
141.910 463.182
141.304 457.676
131.611 458.495

Building 6 7 73.745
131.611 458.495
141.304 457.676
140.536 448.794
134.101 450.389
134.492 451.710
131.645 451.805

Building 5 5 188.938
162.704 480.045
177.046 480.234
180.698 479.307
178.962 467.990
163.135 469.948

Building 4 4 165.668
163.135 469.948
178.962 467.990
178.354 457.903
164.654 457.542

Building 4 9 68.950
185.771 477.610
192.629 477.288
192.564 467.340
185.498 467.768

Building 4 4 66.243
192.629 477.288
199.646 477.289
198.588 466.951
192.564 467.340

Building 5 5 125.245
185.498 467.768
192.564 467.340
198.588 466.951
198.121 457.560
185.225 457.926

Building 4 8 52.146
180.326 467.850
185.498 467.768
185.225 457.926
179.855 457.913

Building 4 4 121.304
201.640 474.735
214.107 474.263
213.576 464.381
201.032 465.280

Building 4 5 109.970
201.032 465.280
213.576 464.381
213.358 455.863
200.298 456.681

Building 12 5 149.125
174.952 457.813
178.354 457.903
179.855 457.913
185.225 457.926
185.227 456.000
190.106 456.020
190.008 447.393
193.794 447.334
192.481 440.031
186.405 441.567
186.245 451.390
175.575 451.080

Building 5 9 69.270
190.106 456.020
198.599 455.311
197.912 446.945
193.794 447.334
190.008 447.393

Building 6 6 47.984
197.912 446.945
202.482 446.146
202.074 439.258
194.202 439.649
194.557 443.890
197.266 444.013

Building 4 6 73.539
204.107 454.842
213.445 453.970
212.193 445.952
203.404 446.820

Building 8 5 129.825
198.599 455.311
204.107 454.842
203.404 446.820
212.193 445.952
210.884 436.035
202.074 439.258
202.482 446.146
197.912 446.945

Building 6 7 214.230
185.625 437.584
199.482 437.447
199.195 421.984
193.162 421.742
191.942 421.996
185.617 421.878

Building 7 3 294.524
165.815 436.643
185.625 437.584
185.617 421.878
177.183 421.721
175.428 421.906
167.781 421.912
166.842 422.049

Building 9 8 161.501
143.089 457.672
149.804 457.274
151.610 457.244
150.754 441.397
144.627 441.210
143.894 439.470
139.530 440.171
140.536 448.794
142.554 448.077

Building 4 6 90.358
151.610 457.244
162.050 456.862
161.974 448.640
151.137 448.484

Building 5 5 84.217
151.137 448.484
161.974 448.640
161.958 447.023
161.898 440.418
150.754 441.397

Building 4 8 57.335
164.654 457.542
174.952 457.813
175.437 452.579
165.036 451.743

Building 5 6 115.342
165.036 451.743
175.437 452.579
175.575 451.080
176.212 441.155
166.405 440.532

Building 4 3 103.140
175.575 451.080
186.245 451.390
186.405 441.567
176.212 441.155

Building 7 1 584.350
119.474 452.558
134.101 450.389
140.536 448.794
139.530 440.171
137.434 430.455
135.867 422.220
114.676 426.633

Building 5 5 251.752
139.530 440.171
143.894 439.470
162.076 438.495
162.159 426.778
137.434 430.455

Building 4 4 117.908
106.171 466.238
117.305 464.495
115.209 454.071
104.200 456.044

Building 4 7 63.697
104.200 456.044
110.514 454.913
108.888 445.253
102.331 446.573

Building 5 3 62.103
110.514 454.913
115.209 454.071
116.867 453.338
114.942 444.089
108.888 445.253

Building 4 3 64.648
102.331 446.573
108.888 445.253
107.181 435.962
100.499 436.949

Building 4 2 102.047
78.129 461.915
88.409 460.333
87.263 450.020
78.610 450.750

Building 8 5 153.027
88.247 426.127
84.475 426.958
85.034 433.680
82.323 433.615
83.313 439.753
98.583 437.339
96.867 427.392
88.652 428.808

Building 4 7 126.941
108.888 445.253
114.942 444.089
111.709 424.243
105.330 425.674

Building 4 5 123.361
76.943 474.136
88.421 472.576
86.973 460.554
78.129 461.915

Building 4 4 54.262
95.502 482.728
101.641 482.976
101.819 474.017
95.976 473.609

Building 5 6 66.867
101.641 482.976
107.782 483.196
108.144 472.722
101.942 471.953
101.819 474.017

Building 7 7 161.975
107.782 483.196
116.905 483.235
117.330 466.325
106.171 466.238
106.590 470.852
108.113 470.881
108.144 472.722

Building 4 7 64.935
96.320 471.777
105.381 470.034
104.018 463.056
94.949 464.982

Building 19 4 399.138
88.421 472.576
96.320 471.777
94.949 464.982
104.018 463.056
101.485 450.714
95.252 451.801
94.313 447.983
100.701 446.505
98.583 437.339
91.357 438.482
91.643 440.221
81.634 442.086
83.057 450.375
87.073 450.036
88.429 449.786
90.413 458.266
94.938 457.514
95.435 459.983
87.132 461.875

Building 6 5 118.086
81.454 494.239
92.162 494.533
91.972 485.413
85.064 484.214
78.739 484.216
79.776 488.629

Building 4 6 88.187
92.162 494.533
101.335 494.747
101.326 484.830
91.972 485.413

Building 4 4 146.621
101.335 494.747
116.190 495.102
116.261 485.333
101.326 484.830

Building 8 2 244.780
144.062 395.242
161.217 395.029
160.199 375.807
151.238 376.390
151.339 385.062
146.853 385.488
146.918 388.006
143.578 388.034

Building 7 3 308.027
76.511 401.350
107.126 397.839
105.820 387.900
83.897 390.771
79.781 390.989
75.696 390.535
75.154 396.483

Building 6 4 66.972
191.369 519.482
198.551 519.030
197.662 511.287
195.777 511.461
195.306 509.140
190.250 509.831

Building 4 7 61.739
198.551 519.030
206.573 518.038
205.746 510.625
197.662 511.287

Building 4 6 84.918
197.662 511.287
205.746 510.625
204.606 499.978
196.750 500.818

Building 6 3 169.908
206.573 518.038
214.797 517.215
214.181 510.049
215.442 509.959
214.830 498.905
204.606 499.978

Building 7 7 161.788
177.547 510.987
190.250 509.831
195.306 509.140
195.059 499.399
183.067 499.372
182.742 504.453
177.982 504.274

Building 12 5 390.634
183.067 499.372
195.059 499.399
206.323 498.100
206.007 487.866
214.360 487.065
214.628 477.391
203.309 477.397
203.222 478.658
199.849 478.534
199.684 488.500
184.085 488.628
183.171 494.105

Building 4 7 88.837
206.323 498.100
215.231 497.308
214.360 487.065
206.007 487.866

Building 4 8 68.543
158.644 511.244
170.494 512.366
170.666 506.283
159.623 505.449

Building 6 6 58.643
170.494 512.366
177.400 512.490
177.547 510.987
177.982 504.274
170.800 504.061
170.666 506.283

Building 6 4 94.333
173.500 504.141
177.982 504.274
182.742 504.453
183.067 499.372
183.168 494.244
174.047 493.941

Building 4 8 80.533
160.948 503.144
170.800 504.061
171.185 495.842
161.467 494.984

Building 4 4 119.692
161.884 492.764
172.769 493.842
173.423 482.737
162.369 482.133

Building 7 6 124.946
172.769 493.842
174.047 493.941
183.168 494.244
184.085 488.628
184.127 482.697
173.548 482.282
173.423 482.737

Building 4 5 57.146
130.589 492.458
138.037 492.356
138.504 484.884
130.855 484.789

Building 4 9 57.469
130.855 484.789
138.504 484.884
138.414 477.178
131.054 477.180

Building 4 4 152.207
138.037 492.356
157.780 493.771
158.348 485.927
138.504 484.884

Building 4 5 160.221
138.504 484.884
158.348 485.927
158.890 477.757
138.414 477.178

Building 4 4 176.765
118.161 487.477
123.584 487.605
124.429 453.208
119.413 454.003

Building 4 6 199.756
123.584 487.605
129.156 487.939
130.350 452.811
124.429 453.208

Building 8 5 204.589
158.957 533.909
165.955 534.618
166.448 527.413
172.553 527.558
172.737 519.195
156.619 518.172
152.436 525.603
159.180 526.856

Building 5 2 57.823
169.152 534.403
177.881 534.634
176.462 527.571
172.553 527.558
168.578 527.464

Building 4 6 55.428
150.933 533.350
158.957 533.909
159.180 526.856
152.436 525.603

Building 4 6 75.617
194.893 532.623
202.133 532.362
200.472 521.233
193.859 522.144

Building 4 5 145.936
202.133 532.362
213.440 532.971
213.247 519.914
200.472 521.233

Building 10 5 292.355
179.040 534.425
194.893 532.623
193.859 522.144
182.672 523.241
182.353 520.153
191.369 519.482
190.250 509.831
179.740 510.788
180.774 519.460
177.063 520.143

Building 14 7 144.895
157.796 518.247
172.737 519.195
172.553 527.558
176.462 527.571
175.321 519.442
179.645 518.297
178.531 512.458
177.400 512.490
170.494 512.366
170.321 514.540
165.595 514.425
165.564 513.671
161.574 513.262
158.017 513.461

Building 6 6 147.619
273.884 764.501
282.202 766.716
285.978 749.208
278.480 747.029
275.080 758.526
276.031 759.080

Building 4 3 173.853
284.493 764.878
297.163 768.466
300.793 756.418
288.065 751.857

Building 4 7 106.097
253.213 763.005
262.527 767.002
266.406 757.367
257.255 753.172

Building 6 4 95.666
264.171 766.974
271.984 770.138
273.884 764.501
276.031 759.080
275.080 758.526
268.455 756.336

Building 8 7 203.649
268.455 756.336
275.080 758.526
278.480 747.029
285.978 749.208
288.248 739.959
281.201 738.006
280.233 740.108
274.174 737.893

Building 5 7 79.969
258.009 751.265
266.620 754.924
269.575 746.422
260.533 743.203
260.605 744.995

Building 6 6 83.337
260.533 743.203
269.575 746.422
273.061 737.536
269.277 736.087
268.287 737.524
263.651 735.628

Building 4 1 79.907
288.065 751.857
294.694 754.232
297.490 743.290
290.507 741.083

Building 7 6 141.894
292.030 741.565
297.490 743.290
294.694 754.232
300.793 756.418
306.234 739.546
294.237 738.084
292.595 739.185

Building 4 6 208.750
281.403 714.727
294.096 717.361
296.909 700.352
284.230 699.583

Building 4 2 43.167
273.703 721.611
278.213 722.726
280.254 713.269
275.956 712.420

Building 8 5 160.191
268.499 720.324
273.703 721.611
275.956 712.420
280.254 713.269
282.459 701.661
273.431 700.076
270.959 711.769
270.233 711.835

Building 4 8 139.483
252.918 701.358
269.803 706.433
271.674 698.606
255.117 693.713

Building 4 9 85.012
228.085 690.775
237.957 693.775
240.078 685.541
230.292 682.943

Building 5 2 87.959
238.680 690.966
252.608 694.793
253.811 688.715
241.414 685.287
240.078 685.541

Building 4 6 88.237
245.093 684.847
253.484 687.110
256.362 677.487
247.784 675.173

Building 6 5 58.186
235.134 680.064
241.019 681.963
240.399 683.567
243.381 684.581
245.498 677.351
237.114 674.461

Building 10 7 125.308
237.114 674.461
245.498 677.351
250.156 663.640
250.139 661.858
241.834 659.965
240.146 665.071
240.009 667.138
242.605 667.844
241.245 672.459
238.115 671.206

Building 4 4 98.259
247.784 675.173
256.362 677.487
259.687 666.458
251.903 664.242

Building 5 4 80.132
259.577 673.190
265.461 674.568
271.513 675.135
272.672 669.171
260.966 666.516

Building 8 5 79.421
281.139 676.584
283.363 675.377
279.605 664.121
275.548 665.180
273.743 664.478
272.978 666.949
274.028 667.531
273.455 672.182

Building 4 5 145.482
254.860 691.617
263.287 694.123
266.920 676.432
259.157 675.198

Building 4 9 78.348
263.287 694.123
271.031 695.781
272.910 686.285
265.338 684.135

Building 4 7 65.613
265.338 684.135
272.910 686.285
274.931 678.004
266.920 676.432

Building 6 5 391.376
248.519 720.740
258.029 722.702
255.659 731.895
261.941 733.712
269.803 706.433
252.918 701.358

Building 4 4 83.054
245.042 729.422
255.659 731.895
257.553 724.546
246.868 722.045

Building 5 5 159.133
264.000 733.235
276.198 735.912
278.213 722.726
268.499 720.324
267.360 720.077

Building 6 5 248.630
234.176 726.589
243.210 729.482
245.755 719.787
247.306 720.348
250.199 705.926
240.023 703.569

Building 4 4 101.973
224.160 714.971
234.494 717.810
236.753 708.643
226.395 705.684

Building 5 6 157.551
226.395 705.684
236.753 708.643
240.030 694.053
237.957 693.775
229.762 691.285

Building 7 6 132.615
240.023 703.569
250.199 705.926
252.608 694.793
238.680 690.966
237.957 693.775
240.030 694.053
241.846 694.560

Building 4 7 55.942
210.165 694.044
217.787 696.220
219.420 689.230
211.789 687.250

Building 4 5 64.361
211.789 687.250
219.420 689.230
221.388 681.372
213.796 679.263

Building 5 9 62.700
219.560 688.670
226.670 690.899
228.905 682.955
221.816 680.640
221.388 681.372

Building 4 5 72.243
191.465 691.302
199.444 692.840
201.136 683.970
193.752 682.216

Building 4 4 79.196
199.444 692.840
208.036 694.635
209.906 686.053
201.136 683.970

Building 5 6 145.252
193.752 682.216
209.906 686.053
211.834 677.638
199.895 674.318
195.823 674.265

Building 7 8 162.319
188.618 705.287
195.100 707.024
201.595 708.486
202.937 704.044
201.659 703.339
203.402 696.093
191.292 692.929

Building 4 5 51.618
205.534 702.374
213.075 704.365
214.743 698.320
206.861 695.890

Building 11 4 170.782
217.252 712.734
222.501 714.434
227.696 692.907
226.608 692.269
226.670 690.899
219.560 688.670
217.787 696.220
217.190 698.486
218.987 698.926
217.718 704.025
219.221 704.402

Building 4 3 121.132
278.541 489.411
289.384 493.694
292.478 482.781
282.068 479.792

Building 4 5 76.391
289.384 493.694
296.583 495.786
299.388 486.135
292.177 483.843

Building 6 1 72.540
282.068 479.792
292.478 482.781
294.968 474.293
291.061 472.776
289.762 476.772
283.316 474.747

Building 14 4 264.321
292.177 483.843
299.388 486.135
300.784 486.400
298.105 495.802
305.301 497.990
309.788 479.279
303.749 477.698
303.843 476.362
301.003 475.220
302.987 467.755
299.095 466.631
296.743 474.275
294.968 474.293
292.478 482.781

Building 4 6 77.568
303.090 513.739
309.785 515.350
312.468 503.339
306.842 502.070

Building 6 5 130.114
309.785 515.350
319.113 517.570
322.586 504.090
316.535 502.770
316.340 504.168
312.468 503.339

Building 4 5 120.179
321.095 518.052
327.241 520.161
334.746 507.616
324.397 504.728

Building 4 4 45.290
318.873 527.141
321.913 528.194
327.241 520.161
321.095 518.052

Building 8 5 255.645
254.446 501.206
270.900 506.365
276.141 487.275
269.868 485.062
267.475 493.587
260.399 491.219
260.956 490.284
257.652 489.252

Building 7 1 168.540
271.397 504.556
284.015 508.397
287.746 495.027
276.362 491.798
275.405 496.202
273.978 500.127
272.650 499.993

Building 4 6 104.671
244.628 498.680
254.446 501.206
257.135 491.178
247.202 488.813

Building 11 5 88.960
239.012 497.435
244.628 498.680
247.202 488.813
248.975 489.235
250.349 483.676
249.124 483.226
245.347 482.465
245.117 482.869
243.650 488.390
241.640 487.881
239.816 493.936

Building 5 6 152.668
269.477 463.303
284.003 467.078
286.343 457.263
279.164 455.139
272.030 453.435

Building 4 5 66.473
260.700 461.426
267.304 462.995
269.317 453.898
261.971 452.227

Building 6 3 87.829
250.329 458.984
260.700 461.426
261.971 452.227
258.996 451.067
258.639 452.453
252.113 451.237

Building 11 6 195.929
258.996 451.067
261.971 452.227
269.317 453.898
270.588 451.281
286.390 455.625
287.707 450.517
280.264 448.023
280.743 446.180
272.457 443.451
270.893 446.749
261.008 443.784

Building 7 5 136.037
261.008 443.784
270.893 446.749
272.457 443.451
276.350 429.268
271.966 428.107
269.354 437.889
262.580 435.657

Building 11 4 196.044
272.457 443.451
280.743 446.180
280.264 448.023
285.085 449.638
287.763 441.004
289.122 434.192
283.186 431.883
281.614 435.894
278.736 434.710
279.960 430.596
276.350 429.268

Building 4 2 64.127
299.532 451.103
304.598 452.567
307.828 440.676
303.154 438.922

Building 5 5 85.229
304.598 452.567
310.248 454.091
314.231 440.533
308.597 438.766
307.828 440.676

Building 7 3 105.690
288.988 446.615
292.792 447.815
294.812 442.797
301.323 445.081
303.154 438.922
291.280 434.888
289.558 440.914

Building 6 6 51.050
289.547 448.315
299.532 451.103
301.323 445.081
294.812 442.797
292.792 447.815
289.969 446.924

Building 4 4 80.069
323.914 459.818
330.874 462.393
334.114 451.782
326.860 449.856

Building 6 5 88.499
330.518 463.913
337.140 465.200
340.858 455.025
340.824 453.492
334.114 451.782
330.874 462.393

Building 5 4 73.774
313.042 460.374
318.971 461.541
321.833 461.614
322.827 453.738
314.330 451.921

Building 4 1 52.435
313.378 450.530
322.381 452.369
323.455 446.786
314.395 444.929

Building 7 4 104.340
315.024 442.517
321.583 444.427
323.595 434.741
322.263 433.936
324.211 426.203
319.624 425.002
318.827 428.270

Building 7 6 222.174
338.306 452.895
356.680 457.252
358.296 449.027
355.780 448.296
356.558 444.834
344.033 441.490
340.354 441.324

Building 4 6 100.139
326.860 449.856
338.306 452.895
339.837 444.292
328.979 441.461

Building 12 2 144.919
323.050 448.893
326.860 449.856
328.979 441.461
330.184 436.955
329.093 436.700
331.494 427.473
324.211 426.203
322.263 433.936
323.595 434.741
321.583 444.427
323.888 445.071
323.455 446.786

Building 5 5 106.759
333.622 440.128
340.354 441.324
344.033 441.490
345.545 431.751
335.539 429.824

Building 4 6 137.720
344.033 441.490
356.558 444.834
358.808 434.031
345.545 431.751

Building 4 5 119.273
264.071 422.651
274.285 426.816
278.234 416.536
267.513 412.896

Building 4 2 84.765
275.276 426.998
281.822 430.003
286.155 419.253
279.566 416.025

Building 4 1 65.504
282.594 428.088
288.872 431.041
292.373 422.300
286.155 419.253

Building 5 8 75.583
247.002 429.040
255.674 431.803
257.859 423.540
249.204 421.371
247.112 427.597

Building 4 7 142.672
248.403 418.719
262.293 422.365
264.763 413.041
250.998 408.843

Building 18 5 533.944
238.902 459.346
249.775 461.713
250.329 458.984
252.113 451.237
258.639 452.453
261.008 443.784
259.331 443.392
263.452 425.040
257.859 423.540
255.674 431.803
247.002 429.040
247.112 427.597
243.852 426.351
242.282 428.906
241.245 439.842
253.434 442.858
252.934 444.389
242.256 442.460

Building 6 5 137.309
250.428 481.563
261.897 484.653
263.049 482.064
262.342 481.690
264.519 473.250
252.652 470.587

Building 6 7 97.905
236.398 470.436
250.186 473.288
251.225 468.637
243.452 466.845
244.377 462.429
238.276 460.988

Building 8 4 175.935
251.105 469.174
265.403 471.987
267.304 462.995
253.116 459.625
252.246 463.757
244.377 462.429
243.452 466.845
251.225 468.637

Building 4 4 135.136
267.418 472.078
282.042 475.811
284.003 467.078
269.477 463.303

Building 8 4 143.176
299.403 465.469
300.826 460.859
309.693 463.191
311.173 455.884
305.299 454.631
300.965 453.952
295.533 453.158
292.780 463.239

Building 9 6 190.909
291.061 472.776
294.968 474.293
296.743 474.275
299.095 466.631
299.403 465.469
292.780 463.239
295.533 453.158
289.192 451.219
284.664 470.422

Building 11 5 130.131
303.843 476.362
310.081 477.366
311.477 470.949
308.681 470.308
310.300 463.523
309.693 463.191
300.826 460.859
299.403 465.469
299.095 466.631
302.987 467.755
301.003 475.220

Building 5 5 163.983
328.837 486.855
342.268 492.263
346.577 482.376
337.879 478.211
332.967 476.378

Building 5 7 116.680
316.898 471.434
327.886 473.531
330.518 463.913
321.833 461.614
319.266 461.549

Building 4 2 63.036
327.939 473.338
333.359 475.102
337.140 465.200
330.518 463.913

Building 5 6 70.287
332.967 476.378
337.879 478.211
342.787 466.451
337.404 464.477
333.359 475.102

Building 5 3 143.782
337.879 478.211
346.577 482.376
347.866 482.812
352.854 470.144
342.787 466.451

Building 9 4 176.831
337.404 464.477
352.854 470.144
356.075 459.875
348.111 457.198
347.491 458.420
345.818 457.670
346.660 454.876
340.824 453.492
340.858 455.025

Building 6 4 73.341
324.397 504.728
331.522 506.716
332.215 504.188
336.250 505.605
337.786 502.142
326.306 497.028

Building 4 3 143.318
326.306 497.028
337.786 502.142
342.268 492.263
328.837 486.855

Building 7 2 142.807
307.306 500.062
316.535 502.770
322.586 504.090
324.508 496.433
311.421 493.304
312.815 486.166
310.421 485.783

Building 9 1 120.554
311.239 481.015
313.838 481.857
314.848 477.102
326.956 479.775
322.645 495.987
324.508 496.433
327.164 485.785
329.674 475.155
313.535 472.253

Building 8 2 56.454
316.898 471.434
319.266 461.549
313.042 460.374
312.638 461.963
312.344 465.505
312.197 468.242
313.289 469.915
314.600 471.138

Building 17 4 264.599
248.975 489.235
257.135 491.178
257.652 489.252
260.956 490.284
260.399 491.219
267.475 493.587
269.868 485.062
270.409 483.837
278.042 485.691
280.293 477.117
266.774 473.660
264.519 482.302
263.049 482.064
261.897 484.653
260.161 484.185
259.753 485.585
250.349 483.676

Building 5 6 185.973
267.961 518.525
280.466 521.958
284.015 508.397
271.397 504.556
270.900 506.365

Building 7 7 121.397
288.448 523.401
297.944 525.922
301.607 512.851
296.212 511.785
295.448 513.430
293.273 512.783
291.796 512.682

Building 4 5 81.592
281.936 521.907
288.448 523.401
291.796 512.682
285.314 509.783

Building 6 2 54.959
293.273 512.783
295.448 513.430
296.212 511.785
301.607 512.851
303.182 507.025
295.388 504.924

Building 7 4 183.825
285.314 509.783
291.796 512.682
293.273 512.783
295.388 504.924
303.182 507.025
305.151 500.118
288.970 496.095

Building 9 4 250.251
243.584 526.852
251.189 528.286
257.147 529.651
259.183 516.969
256.570 516.097
258.879 504.748
252.614 503.127
249.522 516.532
245.575 515.462

Building 4 6 114.706
234.113 525.066
243.584 526.852
245.575 515.462
236.248 512.983

Building 5 7 181.696
236.248 512.983
245.575 515.462
249.522 516.532
252.487 503.680
239.428 499.925

Building 5 6 109.587
259.183 516.969
265.866 518.471
268.432 508.300
258.879 504.748
256.570 516.097

Building 4 2 41.411
259.759 528.242
264.871 529.367
266.176 521.532
261.483 520.003

Building 5 6 93.735
266.176 521.532
264.871 529.367
275.578 531.723
276.985 523.359
266.667 520.917

Building 6 6 83.321
303.035 558.049
309.026 559.347
308.059 564.277
313.234 564.496
315.304 555.442
303.982 552.907

Building 6 5 75.391
311.656 578.359
312.175 578.714
319.073 580.062
320.840 570.703
313.504 568.616
312.903 571.088

Building 7 5 256.037
313.504 568.616
320.840 570.703
319.073 580.062
325.639 581.346
329.650 557.394
317.100 555.352
314.380 565.139

Building 6 6 107.695
261.124 632.993
267.498 633.727
268.537 624.550
269.648 617.571
263.330 616.359
261.891 624.490

Building 4 2 59.692
267.498 633.727
274.005 634.381
274.955 625.300
268.537 624.550

Building 4 8 77.038
251.579 620.399
260.976 621.817
262.048 613.846
252.884 612.165

Building 8 3 84.242
268.537 624.550
274.955 625.300
276.746 619.079
279.235 606.787
276.803 606.271
273.877 616.253
273.359 618.266
269.648 617.571

Building 4 4 130.747
276.746 619.079
286.527 621.613
289.398 608.942
279.235 606.787

Building 8 6 73.660
162.281 590.223
168.360 590.849
168.450 588.878
171.399 588.989
171.452 589.541
174.029 589.350
174.458 583.817
162.861 583.314

Building 6 4 136.956
162.861 583.314
174.458 583.817
174.029 589.350
180.049 589.483
180.672 578.093
163.343 577.344

Building 8 5 140.568
180.049 589.483
186.836 589.481
187.201 578.456
185.524 578.209
186.130 572.476
175.076 571.633
174.861 577.841
180.672 578.093

Building 4 6 74.640
163.343 577.344
174.861 577.841
175.076 571.633
163.405 570.694

Building 4 4 136.209
151.525 589.463
159.990 590.428
160.575 573.824
152.355 573.521

Building 4 6 112.917
144.222 589.441
151.525 589.463
152.339 573.830
145.665 572.910

Building 4 6 62.318
133.147 585.907
140.990 586.278
141.534 578.141
134.055 577.838

Building 4 5 54.946
134.375 576.411
141.459 576.766
142.155 569.048
135.361 568.412

Building 4 7 54.692
135.462 566.973
142.661 567.780
143.222 560.198
136.334 559.210

Building 4 6 61.558
136.436 557.736
143.458 558.614
144.778 550.066
137.149 549.657

Building 5 7 51.882
153.721 571.489
160.641 571.078
160.667 563.749
158.130 563.746
153.829 563.724

Building 4 6 52.380
146.709 571.502
153.721 571.489
153.829 563.724
147.276 563.815

Building 4 2 112.935
175.076 571.633
186.130 572.476
186.900 562.395
175.424 561.739

Building 4 7 112.163
163.405 570.694
175.076 571.633
175.424 561.739
163.867 561.319

Building 7 6 73.650
187.201 578.456
195.041 579.195
196.355 572.144
187.581 570.189
187.474 572.510
186.130 572.476
185.524 578.209

Building 6 7 77.965
187.581 570.189
196.355 572.144
197.243 566.697
198.764 566.700
199.130 563.995
189.069 562.224

Building 9 4 167.204
196.675 585.918
202.291 586.750
206.473 564.942
199.130 563.995
198.764 566.700
197.243 566.697
196.355 572.144
195.041 579.195
198.180 579.995

Building 6 6 79.330
188.321 587.801
195.935 589.572
196.675 585.918
198.180 579.995
195.041 579.195
189.576 578.680

Building 4 2 62.445
285.280 571.869
292.060 573.268
294.300 564.340
287.528 563.205

Building 4 4 45.406
278.117 568.952
283.687 570.370
285.960 562.826
280.213 561.505

Building 5 5 83.051
258.156 578.749
261.114 579.852
266.221 581.201
268.775 571.753
260.437 569.525

Building 12 3 201.471
264.629 587.762
276.542 591.249
278.643 591.813
279.857 586.348
273.670 584.525
274.904 578.225
276.709 570.249
276.438 568.822
270.450 566.876
269.318 570.210
268.775 571.753
266.221 581.201

Building 4 4 122.501
170.768 619.239
182.766 621.291
184.358 611.315
172.357 609.333

Building 5 6 157.681
157.800 617.282
170.768 619.239
172.357 609.333
172.522 607.214
159.325 605.760

Building 4 7 159.291
182.766 621.291
198.527 623.625
200.208 613.959
184.358 611.315

Building 5 6 145.406
186.835 600.831
199.867 603.482
202.405 594.403
193.171 591.071
187.183 591.692

Building 11 4 549.667
159.325 605.760
172.522 607.214
172.357 609.333
200.208 613.959
201.879 604.166
199.867 603.482
194.062 602.301
193.458 604.423
184.391 602.298
184.714 592.197
161.001 592.428

Building 4 7 62.294
141.459 614.520
147.854 615.563
149.270 605.993
142.963 604.952

Building 4 5 73.294
147.854 615.563
155.305 616.860
156.709 607.219
149.270 605.993

Building 6 4 210.144
142.963 604.952
156.709 607.219
158.514 597.871
158.385 591.624
144.099 591.390
143.865 598.032

Building 4 6 70.153
273.660 698.026
282.897 699.438
284.088 692.223
275.468 690.118

Building 6 5 104.340
285.772 696.825
293.369 697.203
292.206 694.510
299.572 691.859
297.252 685.342
285.919 689.082

Building 4 6 98.707
275.185 688.014
284.775 689.930
285.832 679.334
277.433 677.374

Building 6 6 68.239
287.972 685.576
296.246 683.031
293.739 675.708
291.932 675.604
286.980 677.212
286.733 683.259

Building 7 1 19.671
280.224 678.028
285.832 679.334
286.891 679.383
286.980 677.212
286.210 675.113
283.363 675.377
281.139 676.584

Building 4 7 52.592
297.899 682.557
304.721 680.238
301.668 673.340
295.359 675.224

Building 10 8 120.835
293.369 697.203
301.109 697.757
301.206 695.128
308.020 694.624
307.876 689.591
306.765 689.969
304.550 683.269
297.252 685.342
299.572 691.859
292.206 694.510

Building 5 4 125.725
295.059 726.598
308.853 728.730
309.010 725.544
309.030 719.411
295.925 717.447

Building 6 5 183.334
295.925 717.447
307.948 719.249
308.544 707.310
305.621 706.629
306.480 701.314
298.653 699.862

Building 4 4 146.829
277.997 735.398
284.732 736.405
288.598 716.220
281.403 714.727

Building 9 5 120.512
287.269 733.203
295.747 734.679
296.862 726.876
295.059 726.598
292.966 726.048
294.096 717.361
288.598 716.220
286.824 725.484
288.542 725.926

Building 4 6 85.936
298.152 735.715
308.461 737.584
308.853 728.730
299.607 727.301

Building 4 5 192.151
303.111 757.133
314.040 760.709
319.345 744.953
308.462 741.223

Building 4 6 168.381
221.603 751.498
233.174 755.129
237.375 741.880
225.341 738.555

Building 5 6 250.246
235.734 755.057
251.880 761.497
256.564 747.674
250.950 744.977
240.317 742.196

Building 5 5 75.665
250.950 744.977
256.564 747.674
260.742 738.062
260.330 735.827
255.534 733.963

Building 4 4 103.635
241.048 740.552
251.495 743.144
253.583 733.562
243.888 730.851

Building 4 5 73.637
224.045 737.171
231.052 738.993
233.259 729.056
226.749 726.798

Building 5 7 85.701
231.052 738.993
238.779 740.978
241.111 730.720
233.654 728.401
233.259 729.056

Building 11 4 154.770
258.608 781.596
277.921 787.951
279.938 780.475
273.130 778.172
272.128 781.105
267.295 779.457
268.708 776.035
268.803 774.610
261.716 772.502
260.594 775.460
260.492 777.034

Building 4 6 59.323
280.829 785.222
289.002 787.368
290.410 780.435
282.700 778.134

Building 4 7 86.572
282.700 778.134
290.410 780.435
293.878 770.424
285.702 768.192

Building 6 2 103.372
294.997 786.553
306.098 789.666
308.356 780.483
298.754 777.666
297.594 781.675
296.360 781.447

Building 12 4 200.819
287.725 792.581
293.482 793.539
294.658 788.318
294.997 786.553
296.360 781.447
297.594 781.675
298.754 777.666
308.356 780.483
310.248 775.069
293.878 770.424
290.410 780.435
289.002 787.368

Building 6 1 59.204
261.716 772.502
268.803 774.610
272.302 775.682
273.839 771.031
271.984 770.138
264.171 766.974

Building 5 7 80.858
272.302 775.682
280.803 777.933
282.979 768.304
275.845 766.422
273.839 771.031

Building 6 4 168.501
235.087 772.937
238.847 773.795
238.474 775.153
245.043 778.028
250.579 763.088
240.316 759.240

Building 4 4 87.641
247.462 777.915
256.995 781.534
259.740 773.437
250.056 769.789

Building 4 5 74.150
250.056 769.789
259.740 773.437
262.527 767.002
253.213 763.005

Building 4 1 16.908
164.313 300.407
168.215 301.508
169.257 297.352
165.227 296.514

Building 4 1 1564.458
166.443 296.767
210.071 304.892
216.385 269.988
173.099 262.066

Building 4 1 45.547
267.943 210.608
277.008 208.087
275.869 203.331
266.839 205.931

Building 4 1 35.582
288.363 202.083
296.525 200.678
295.712 196.399
287.946 197.629

Building 9 2 162.599
530.206 631.586
545.426 633.772
546.765 617.607
542.262 616.980
541.558 621.166
538.571 620.977
537.832 625.941
536.110 625.809
531.291 624.973

Building 4 4 57.434
523.040 715.848
531.726 714.102
530.362 707.888
521.570 709.455

Building 8 4 99.868
530.417 655.960
545.250 659.438
545.482 656.477
541.493 655.242
542.470 649.861
534.088 648.149
533.047 650.364
531.673 650.322

Building 4 4 62.095
479.895 654.106
489.619 656.677
490.656 650.587
481.127 647.913

Building 8 4 122.636
184.085 488.628
197.655 488.517
198.030 479.379
190.495 479.404
187.084 478.962
186.975 480.776
184.213 480.796
184.127 482.697

Building 11 1 629.104
642.482 239.215
644.371 239.360
645.074 228.359
633.325 227.528
633.798 224.420
634.831 209.342
608.819 221.552
616.566 240.306
620.507 237.228
627.956 238.180
628.737 237.700

Building 5 4 141.409
490.059 224.372
502.505 222.351
502.611 220.753
500.917 211.514
488.406 213.339

Building 15 7 336.987
524.318 336.063
538.279 333.961
536.629 323.383
530.759 324.068
529.893 319.550
528.056 319.688
526.681 310.703
520.709 311.199
520.510 309.627
517.878 310.038
518.321 311.828
513.630 312.833
513.982 316.676
515.014 324.298
522.621 323.125

Building 5 1 585.076
435.222 427.026
436.441 430.622
455.237 425.897
445.810 398.313
425.416 403.181

Building 9 1 395.693
405.232 460.642
427.033 466.202
429.776 455.679
423.489 454.206
422.984 455.106
420.027 454.301
423.263 443.450
423.442 441.339
411.101 438.668

Building 13 1 860.412
564.273 589.966
587.473 599.987
587.760 595.692
589.611 595.650
592.307 565.468
589.790 565.386
590.080 561.986
585.090 561.581
585.935 550.975
574.798 552.132
570.896 564.334
575.864 569.228
569.091 575.518

Building 14 1 400.741
553.674 606.402
558.851 606.530
560.474 608.909
581.317 610.769
581.995 605.795
580.637 603.111
576.913 600.759
571.822 597.062
569.006 592.010
564.000 589.812
558.967 586.973
558.256 589.981
556.724 589.589
554.820 598.449

