ID, time, distance, start_x, start_y, end_x, end_y, state 
1,142.9,138.53,202.264,305.852,248.265,184.656,0
2,124.699,165.924,308.744,680.888,312.485,817.974,0
3,28.1001,33.27,146.764,660.143,149.741,693.176,0
4,4.2,3.18859,603.198,811.794,606.023,812.77,0
5,156.7,208.45,485.858,439.588,615.562,540.187,0
6,26.6001,39.7019,177.228,672.555,149.819,693.167,0
7,53.6998,68.676,562.248,782.831,611.161,754.983,0
8,6.6,7.66833,360.535,180.118,355.818,174.133,0
9,14.7,21.2967,260.058,203.659,252.618,183.934,0
10,75.0994,92.8339,365.973,200.914,350.437,174.975,0
11,110.099,154.295,527.329,177.611,648.126,190.999,0
12,31.1001,44.7238,599.321,320.547,630.423,334.074,0
13,19.9,31.8077,175.361,624.853,144.786,615.964,0
14,47.7998,49.582,115.22,399.661,67.7224,405.451,0
15,206.003,168.917,503.955,200.292,355.946,173.605,0
16,24.4001,28.9663,253.562,213.464,249.26,185.208,0
17,0,0,621.536,612.772,621.536,612.772,0
18,12.5,18.4515,404.915,96.4033,405.87,78.2262,0
19,83.8993,95.5047,168.288,534.019,139.865,611.062,0
20,70.9995,83.4033,557.847,352.917,630.352,334.464,0
21,96.8991,139.637,531.258,188.603,648.072,190.992,0
22,134.999,155.471,320.564,305.96,251.062,184.554,0
23,211.804,175.739,423.164,613.997,550.279,616.607,1
24,93.7991,110.556,558.957,376.819,630.359,334.313,0
25,121.299,181.976,482.236,698.3,612.153,752.593,0
26,108.499,114.913,257.389,632.895,144.723,615.649,0
27,195.503,229.523,496.358,505.548,615.585,539.879,0
28,5.2,5.98298,605.919,752.248,611.691,753.822,0
29,25.3001,30.3628,572.31,832.479,602.454,833.308,0
30,158.7,130.152,510.94,653.921,613.152,612.639,0
31,38.4,61.7439,596.22,229.778,648.357,198.122,0
32,211.804,187.206,393.289,338.21,321.01,191.027,1
33,119.199,136.262,531.456,147.664,653.49,130.029,0
34,152.2,143.977,277.441,644.519,144.677,615.607,0
35,130.899,135.1,298.569,295.744,251.053,184.599,0
36,111.899,124.824,276.222,297.235,249.792,185.102,0
37,79.6994,86.822,439.351,179,355.597,174.372,0
38,211.804,201.509,476.17,399.089,627.558,334.05,1
39,82.2993,106.393,204.268,562.487,144.636,615.64,0
40,88.6992,107.534,546.922,123.811,653.487,130.05,0
41,38.3,59.2394,193.333,679.733,149.374,693.318,0
42,209.904,188.423,498.021,539.339,613.297,612.552,0
43,211.804,205.901,478.994,414.088,619.231,334.117,1
44,211.804,173.83,213.373,438.762,75.4037,405.594,1
45,14.3,19.2329,151.972,674.273,149.724,693.162,0
46,94.1991,88.2156,541.832,635.338,613.23,612.762,0
47,211.804,103.132,448.727,480.204,519.33,443.484,1
48,190.902,225.037,352.225,360.52,349.883,174.606,0
49,115.199,129.888,536.159,152.806,653.536,130.009,0
50,211.804,181.273,248.069,416.615,93.9476,405.666,1
51,121.499,142.553,265.274,657.145,144.647,615.747,0
52,211.804,182.864,243.776,426.354,96.0586,405.557,1
53,69.1995,83.5612,583.226,187.694,647.829,191.553,0
54,211.804,214.378,425.143,434.932,593.321,495.981,1
55,38.9,57.7006,554.379,758.105,611.214,754.912,0
56,211.804,152.812,409.814,442.512,549.962,453.886,1
57,150.6,141.165,293.245,300.333,249.867,185.081,0
58,96.8991,123.615,534.918,131.305,653.513,129.956,0
59,57.6997,65.3648,589.296,661.625,613.269,612.565,0
60,211.804,183.52,254.412,354.048,248.71,187.796,1
61,114.199,183.478,534.368,303.723,647.938,197.661,0
62,208.404,218.536,394.19,329.316,349.468,174.463,0
63,97.7991,147.979,316.218,694.286,312.352,818.086,0
64,5.5,7.08517,623.427,333.286,630.341,334.113,0
65,102.399,168.059,533.965,288.049,648.028,197.773,0
66,179.402,208.69,253.598,501.43,139.761,611.06,0
67,90.6992,117.033,362.946,234.946,350.335,174.861,0
68,74.7994,116.754,320.509,712.769,312.191,818.189,0
69,81.1993,122.578,351.188,703.579,312.731,817.955,0
70,210.904,248.636,313.453,375.917,250.94,184.726,0
71,211.804,268.74,389.963,442.229,326.268,209.213,1
72,77.8994,120.149,583.294,278.677,648.067,197.81,0
73,211.804,177.676,469.974,370.553,587.606,336.834,1
74,210.604,204.573,278.878,372.073,249.749,185.207,0
75,211.804,141.717,419.109,506.4,516.278,449.808,1
76,88.6992,99.4021,264.427,280.216,249.866,185.117,0
77,211.804,134.81,444.894,487.243,547.439,446.251,1
78,87.3992,101.523,241.075,626.022,144.68,615.615,0
79,14.8,19.0258,595.573,614.719,613.204,612.741,0
80,211.804,213.077,580.665,537.511,573.076,546.391,1
81,98.7991,134.893,313.409,283.318,250.513,184.832,0
82,211.804,265.704,357.058,556.778,160.441,618.245,1
83,211.804,190.593,500.875,576.73,601.61,612.54,1
84,134.399,131.841,211.434,306.944,248.11,184.666,0
85,110.899,117.146,306.952,248.128,349.694,174.515,0
86,63.2996,79.1029,357.256,195.594,349.882,174.72,0
87,94.8991,90.2324,572.956,674.689,613.192,612.77,0
88,46.0999,60.4416,569.849,780.52,611.194,755.463,0
89,80.1993,115.165,573.006,442.172,615.825,540.846,0
90,78.5994,110.213,87.8419,472.994,67.7827,405.328,0
91,172.301,154.195,205.337,317.948,248.66,184.871,0
92,72.9995,93.0226,304.247,230.096,349.853,174.703,0
93,176.602,211.558,378.924,342.867,350.632,174.977,0
94,0,0,405.617,73.7946,405.617,73.7946,0
95,50.8998,73.6066,591.442,192.463,647.844,197.585,0
96,207.103,190.16,476.31,550.698,613.339,613.198,0
97,72.3995,110.097,575.623,446.331,615.791,540.925,0
98,138.199,115.325,225.091,294.28,248.737,184.896,0
99,132.499,209.169,513.567,259.651,648.104,197.976,0
100,211.804,172.727,388.698,517.112,505.635,453.336,1
101,94.3991,109.347,423.227,233.179,355.603,174.406,0
102,68.8995,103.28,541.376,495.618,615.756,540.762,0
103,211.804,164.311,422.903,403.148,532.247,353.213,1
104,15.2,23.8411,167.696,623.023,144.846,616.24,0
105,211.804,155.337,489.801,638.685,599.216,612.974,1
106,211.804,144.852,450.996,638.712,570.374,617.701,1
107,129.199,144.576,272.1,617.498,144.849,616.076,0
108,18.6,19.7258,87.0148,409.776,67.7723,405.022,0
109,38.4,48.4689,605.797,133.528,653.561,130.05,0
110,211.804,109.738,449.268,487.402,515.531,452.673,1
111,44.3999,68.2315,190.423,591.315,144.613,616.61,0
112,29.3001,30.7352,232.799,205.022,249.045,184.951,0
113,73.3995,101.521,244.592,631.142,144.714,616.174,0
114,30.1001,45.7699,612.423,192.95,648.369,198.158,0
115,167.301,219.101,385.039,645.766,312.656,818.025,0
116,66.4996,76.649,268.716,258.645,249.933,185.136,0
117,211.804,132.842,442.832,497.419,537.603,443.958,1
118,130.499,145.557,277.107,648.449,144.749,615.918,0
119,95.4991,137.827,233.61,775.701,152.706,701.685,0
120,117.599,185.428,534.131,305.375,647.914,197.721,0
121,103.599,130.687,525.75,706.958,612.421,751.9,0
122,61.6996,76.8573,188.981,211.898,248.257,184.831,0
123,62.6996,100.009,330.408,721.932,312.39,818.056,0
124,0,0,619.765,613.058,619.765,613.058,0
125,18.9,28.1066,159.186,600.817,144.538,616.703,0
126,121.099,118.687,126.777,515.013,139.583,611.243,0
127,73.6994,112.405,574.102,444.642,615.777,540.864,0
128,155.8,136.01,162.426,440.662,67.745,405.471,0
129,154.2,138.551,203.959,403.934,67.6586,405.541,0
130,110.599,123.566,514.607,337.044,630.413,334.493,0
131,187.902,173.96,244.062,343.776,249.495,185.228,0
132,202.903,179.928,244.764,350.141,249.118,185.147,0
133,211.804,228.028,405.087,395.816,323.477,207.289,1
134,17.7,26.1591,145.54,642.325,140.038,620.942,0
135,45.0999,65.3288,550.927,752.932,611.134,755.356,0
136,3.4,3.19077,138.044,608.386,139.02,611.423,0
137,45.6999,66.6387,593.826,199.696,647.854,197.589,0
138,40.9999,51.9187,613.206,146.39,653.503,130.01,0
139,66.4996,77.3205,230.742,258.287,248.981,184.982,0
140,211.804,221.352,443.355,437.553,599.913,519.4,1
141,0,0,248.686,175.68,248.686,175.68,0
142,78.6994,76.5501,423.08,157.795,356.196,173.311,0
143,44.2999,64.2309,550.767,753.698,611.154,755.474,0
144,59.2997,79.3849,173.864,561.139,139.872,611.105,0
145,50.9998,74.5829,347.593,201.123,350.174,174.896,0
146,131.099,147.804,517.411,136.785,653.52,130.048,0
147,185.502,291.823,377.964,572.706,312.206,818.169,0
148,192.303,166.303,173.634,301.568,248.256,184.666,0
149,211.804,160.483,399.08,508.217,513.119,453.6,1
150,51.1998,51.7496,119.133,398.95,67.7056,405.586,0
151,96.2991,109.868,428.823,228.007,356.204,173.373,0
152,211.804,259.871,295.221,411.203,250.838,185.165,1
153,21.3,23.1406,262.539,204.213,252.494,184.01,0
154,64.5996,80.9744,358.652,195.365,349.756,174.687,0
155,164.401,190.365,386.157,301.796,350.301,174.877,0
156,141.699,163.832,492.259,114.817,653.487,129.818,0
157,211.804,197.68,256.427,421.573,90.9289,404.415,1
158,152.1,119.079,197.96,258.543,249.393,185.182,0
159,203.803,334.988,397.501,589.543,312.702,818.007,0
160,211.804,192.536,407.248,615,551.216,616.122,1
161,211.804,234.362,358.31,419.067,324.259,201.718,1
162,132.599,107.426,233.032,288.859,249.105,185.107,0
163,122.899,122.584,549.703,563.813,613.271,612.775,0
164,211.804,202.472,259.151,422.771,86.4433,404.916,1
165,82.8993,103.609,176.337,535.626,139.87,611.161,0
166,211.804,265.115,315.448,401.024,251.077,189.645,1
167,0,0,250.926,181.607,250.926,181.607,0
168,41.4999,57.2519,144.236,554.657,140.103,611.057,0
169,60.5996,72.805,114.093,436.587,67.7223,404.796,0
170,185.102,170.211,199.119,340.374,67.7405,404.962,0
171,102.399,113.837,266.791,294.55,250.42,184.922,0
172,56.5997,64.3816,200.995,210.913,248.312,184.828,0
173,142.399,121.466,535.423,669.973,613.231,613.05,0
174,1.9,1.32517,254.568,183.412,253.322,182.959,0
175,125.099,113.436,181.278,401.143,67.8122,404.96,0
176,211.804,209.909,574.648,544.966,574.511,545.721,1
177,32.9001,43.8007,409.143,121.685,405.873,78.1295,0
178,77.4994,106.51,565.568,471.838,615.584,540.103,0
179,95.3991,110.963,461.725,180.675,356.223,173.341,0
180,55.1997,85.0613,579.209,477.489,615.966,540.969,0
181,34.6,46.0161,407.507,123.641,405.857,78.1095,0
182,203.403,167.93,194.062,445.127,67.6331,405.496,0
183,5,4.96415,140.579,606.497,139.505,611.279,0
184,0,0,610.112,836.521,610.112,836.521,0
185,57.1997,80.2842,331.678,233.735,350.435,174.969,0
186,75.9994,88.3111,272.63,269.922,249.912,185.134,0
187,24.7001,30.9544,153.489,590.739,139.864,611.067,0
188,147.2,183.736,183.511,522.716,140.05,611.109,0
189,0,0,408.11,70.7896,408.11,70.7896,0
190,211.804,82.3736,471.752,331.586,471.251,329.806,1
191,211.804,217.014,397.156,364.552,321.877,188.709,1
192,7.89999,9.86962,599.103,805.156,606.779,810.711,0
193,211.804,258.613,428.7,535.116,544.943,614.579,1
194,206.203,178.833,206.356,328.118,248.729,184.885,0
195,211.804,104.421,503.532,625.206,556.332,616.678,1
196,90.3992,109.054,560.422,377.087,630.353,333.83,0
197,211.804,190.42,479.093,530.565,594.16,613.478,1
198,124.199,156.819,228.534,567.329,144.739,616.035,0
199,16.2,19.2315,86.483,401.839,67.6374,404.869,0
200,89.1992,98.0005,566.717,683.74,612.275,752.372,0
201,211.804,222.867,348.603,574.398,174.423,619.84,1
202,131.499,154.347,424.781,278.926,355.569,174.306,0
203,143.3,226.377,500.914,248.427,648.071,198.048,0
204,178.702,176.616,474.629,564.342,613.178,612.658,0
205,7.99999,9.97859,252.493,194.184,248.996,184.922,0
206,211.804,116.803,422.458,473.161,516.895,444.088,1
207,60.1997,67.9371,592.385,178.903,648.181,190.853,0
208,183.202,149.14,487.673,623.998,613.272,613.181,0
209,110.599,172.675,413.165,711.987,313.458,818.269,0
210,64.5996,89.1724,151.17,523.322,139.784,611.132,0
211,211.804,105.4,476.067,490.122,515.054,446.392,1
212,90.2992,108.771,423.411,232.7,356.055,173.468,0
213,211.804,248.97,312.509,460.214,117.936,405.543,1
214,16.8,19.147,611.215,333.862,630.268,334.183,0
215,63.0996,85.5092,578.581,148.11,653.629,129.675,0
216,199.003,167.383,166.422,302.322,248.41,184.819,0
217,211.804,210.176,348.021,589.841,172.593,619.529,1
218,27.7001,38.1341,600.176,327.111,630.349,333.881,0
219,153.9,212.887,413.169,668.708,313.066,818.112,0
220,0,0,139.184,612.907,139.184,612.907,0
221,140.699,151.159,496.894,347.67,630.326,334.073,0
222,47.7998,71.282,592.336,194.057,647.964,197.869,0
223,211.804,96.0712,443.999,468.736,518.373,443.346,1
224,60.4996,73.2983,591.361,186.828,647.554,191.893,0
225,72.1995,79.6934,427.455,147.841,356.144,173.434,0
226,89.4992,114.536,349.894,251.262,350.051,174.841,0
227,209.604,157.665,504.057,188.404,356.014,173.636,0
228,149.3,159.308,444.475,264.316,355.571,174.34,0
229,211.804,229.291,442.563,365.407,401.348,175.504,1
230,95.7991,140.268,510.986,713.83,611.75,753.594,0
231,12,16.0709,598.168,745.331,612.34,752.055,0
232,27.9001,45.8827,322.899,773.725,312.834,818.018,0
233,211.804,148.912,388.063,458.511,515.548,447.724,1
234,211.804,198.553,88.9377,453.902,88.2955,460.38,1
235,108.799,128.529,202.634,538.102,140.239,611.272,0
236,24.6001,37.4933,597.953,514.782,615.56,540.415,0
237,114.799,173.959,296.895,683.163,149.344,693.284,0
238,211.804,165.235,375.036,494.425,506.247,453.322,1
239,73.4995,80.3549,398.837,203.609,355.561,174.401,0
240,118.599,130.762,298.152,292.633,250.769,184.681,0
241,57.5997,86.7229,566.047,492.12,615.977,541.226,0
242,192.103,278.026,286.188,502.035,139.941,611.157,0
243,195.903,141.931,223.571,312.428,248.992,185.015,0
244,159.001,137.201,192.354,413.63,67.6405,405.59,0
245,33.8001,47.6234,402.957,170.33,356.016,173.723,0
246,14.7,16.899,604.441,553.708,616.609,542.834,0
247,211.804,136.783,533.755,563.472,593.138,613.512,1
248,99.6991,115.968,224.554,605.685,144.626,615.638,0
249,38,39.6233,291.273,192.127,253.198,183.316,0
250,211.804,232.423,357.423,553.763,194.535,623.832,1
251,118.799,120.869,548.701,566.644,613.249,612.919,0
252,211.804,195.155,411.953,609.827,549.504,618.245,1
253,27.3001,37.365,616.301,199.461,647.97,198.044,0
254,122.699,128.843,352.085,272,350.025,174.733,0
255,65.9996,108.562,338.884,713.025,312.92,818.017,0
256,53.5998,72.0255,149.726,540.349,139.906,611.191,0
257,49.9998,80.3648,331.243,740.542,312.517,818.078,0
258,101.099,98.3866,218.563,274.728,248.576,184.919,0
259,191.202,224.571,476.128,426.76,615.509,539.872,0
260,96.4991,117.056,343.953,269.287,349.944,174.833,0
261,18.2,20.4028,85.8276,412.023,67.7204,405.33,0
262,54.4997,68.3432,575.772,706.299,612.211,752.553,0
263,74.0994,98.0437,205.748,570.222,144.82,615.766,0
264,55.9997,67.4614,588.777,690.291,612.256,752.255,0
265,166.801,210.609,512.957,505.764,615.534,539.871,0
266,200.603,202.643,477.43,399.617,630.297,334.12,0
267,211.804,218.036,441.496,567.745,543.465,616.374,1
268,4.6,5.31759,602.338,818.011,607.317,816.146,0
269,117.699,123.646,260.624,627.139,144.697,615.576,0
270,211.804,258.784,379.881,532.384,205.86,626.217,1
271,211.804,116.784,467.232,476.284,545.684,444.602,1
272,211.804,294.906,274.124,497.77,139.844,603.983,1
273,32.6001,45.307,183.266,673.638,149.561,693.189,0
274,105.599,152.245,282.816,705.74,311.622,818.37,0
275,43.4999,49.8645,604.034,294.637,635.876,282.373,0
276,84.0993,137.503,264.512,674.676,149.446,693.324,0
277,21.6,31.3171,599.752,335.143,630.356,334.048,0
278,54.6997,53.9105,121.361,401.661,67.7382,404.798,0
279,52.7998,87.7239,336.629,733.845,312.965,818.087,0
280,211.804,225.085,344.745,538.936,203.295,625.001,1
281,153.4,176.153,250.053,573.752,144.769,615.818,0
282,28.2001,27.4278,94.7879,402.829,67.7783,405.008,0
283,211.804,174.157,411.643,643.564,552.951,615.865,1
284,179.102,157.104,481.492,646.893,613.38,613.163,0
285,94.8991,157.293,544.893,286.562,647.967,197.747,0
286,183.502,166.626,197.674,349.599,67.7782,404.96,0
287,211.804,250.83,357.157,444.588,325.503,206.06,1
288,79.8994,93.0081,159.348,395.326,67.8101,405.15,0
289,211.804,206.041,455.091,500.494,557.752,615.531,1
290,132.199,121.519,187.318,400.799,67.7386,405.501,0
291,8.3,10.5872,77.8098,407.22,67.6107,404.905,0
292,149.3,149.714,495.913,338.419,630.328,334.075,0
293,96.9991,108.787,557.496,304.931,630.295,333.943,0
294,46.0999,34.3703,234.667,214.801,248.831,184.982,0
295,158.3,219.806,435.461,679.163,313.32,818.248,0
296,211.804,267.582,430.348,531.17,542.812,614.835,1
297,20.9,30.4329,599.194,726.043,612.061,752.734,0
298,211.804,246.458,431.587,379.313,400.433,175.997,1
299,126.199,129.564,169.595,494.231,139.629,611.212,0
300,29.7001,46.689,605.563,301.706,630.327,333.936,0
301,127.099,171.305,216.087,502.223,140.259,611.157,0
302,31.9001,33.5402,285.866,186.705,253.396,182.725,0
303,7.3,9.38527,347.666,183.841,350.351,174.85,0
304,60.8996,87.4342,537.544,748.061,611.088,755.374,0
305,211.804,248.771,403.206,580.958,543.388,614.996,1
306,211.804,287.682,323.407,481.861,142.648,575.077,1
307,45.3999,65.7268,146.853,546.699,139.857,611.075,0
308,211.804,238.137,409.077,568.309,546.511,614.299,1
309,197.303,291.078,306.859,515.93,139.845,611.146,0
310,84.7993,104.991,540.539,713.787,611.995,753.082,0
311,211.804,253.27,374.386,440.594,324.6,210.442,1
312,211.804,278.953,359.239,491.83,222.522,626.76,1
313,94.8991,136.221,511.305,717.414,611.766,753.518,0
314,41.8999,46.5204,602.34,291.196,636.035,282.629,0
315,44.3999,52.7342,609.103,164.738,647.551,191.983,0
316,85.0993,104.181,348.781,243.126,349.795,174.723,0
317,200.103,231.447,492.741,504.297,615.681,539.643,0
318,52.7998,49.7747,262.72,234.053,249.918,185.111,0
319,15.7,25.3279,623.559,184.41,647.893,191.25,0
320,122.299,166.264,518.749,208.533,648.547,190.782,0
321,211.804,174.371,433.337,607.451,550.13,617.301,1
322,34.9,56.7478,593.422,699.443,612.301,752.058,0
323,21,31.983,160.052,597.299,144.56,616.555,0
324,116.099,120.471,188.154,263.028,248.74,184.933,0
325,149.3,170.514,229.909,555.173,144.631,615.613,0
326,211.804,209.286,451.41,338.661,369.328,174.959,1
327,74.6994,120.405,355.631,707.973,313.221,818.209,0
328,134.899,168.243,229.138,557.151,144.845,616.034,0
329,211.804,160.313,518.439,179.405,371.542,174.324,1
330,30.7001,33.7395,143.135,578.025,139.91,611.178,0
331,211.804,200.805,395.27,618.648,548.362,615.438,1
332,211.804,181.698,255.064,352.446,250.587,190.327,1
333,71.3995,78.5951,200.596,587.827,144.646,615.701,0
334,179.002,126.568,223.553,304.616,249.462,185.249,0
335,92.8992,98.5678,164.262,403.62,67.7359,404.896,0
336,133.499,131.673,211.525,310.008,248.952,185.008,0
337,117.499,148.116,318.876,297.282,251.263,184.494,0
338,211.804,150.35,439.616,640.756,559.557,617.823,1
339,52.1998,65.4702,579.004,706.734,611.972,752.839,0
340,54.0997,75.0985,198.129,592.425,144.701,615.567,0
341,61.0996,75.0671,268.559,777.326,310.914,818.729,0
342,198.503,237.837,462.2,430.081,615.487,540.228,0
343,211.804,257.907,356.577,549.456,173.455,620.24,1
344,101.299,128.025,237.921,760.909,152.868,701.749,0
345,46.4999,66.2635,565.255,782.757,611.098,755.274,0
346,13,20.9846,172.468,709.162,152.848,701.781,0
347,114.999,150.63,598.427,451.07,615.471,539.949,0
348,150.9,141.593,288.162,308.575,249.451,185.239,0
349,152.5,148.519,285.385,641.273,144.77,615.959,0
350,70.3995,77.1353,268.56,259.383,250.007,184.996,0
351,173.701,214.917,370.61,633.271,313.15,818.177,0
352,211.804,212.241,448.013,571.931,544.384,617.252,1
353,211.804,90.6206,585.444,315.689,581.188,325.592,1
354,173.901,175.294,496.055,366.659,630.409,334.093,0
355,0,0,621.247,539.627,621.247,539.627,0
356,100.199,149.719,275.404,678.055,149.72,693.176,0
357,162.101,192.827,228.187,492.015,140.072,611.17,0
358,195.703,225.536,261.561,504.714,139.89,611.083,0
359,109.099,144.253,231.929,777.199,152.642,701.759,0
360,114.099,134.594,532.339,151.063,653.501,130.009,0
361,54.1997,95.0598,343.139,728.771,312.966,818.092,0
362,5.2,6.08669,344.84,177.209,350.238,174.819,0
363,159.701,185.181,213.169,476.451,140.113,611.052,0
364,62.8996,69.5259,593.887,182.03,647.74,191.844,0
365,211.804,198.989,460.672,336.286,379.815,175.029,1
366,211.804,214.737,419.903,389.425,580.986,337.503,1
367,100.399,97.15,576.489,370.875,630.408,334.484,0
368,146.7,173.311,421.123,293.414,355.593,174.367,0
369,68.9995,70.8515,196.486,210.795,249.241,185.097,0
370,171.801,150.753,503.086,182.666,356.064,173.645,0
371,62.9996,77.1139,195.225,641.496,144.826,616.144,0
372,211.804,156.7,505.666,679.533,612.787,613.211,1
373,194.803,216.629,395.742,319.758,350.057,174.776,0
374,211.804,227.339,313.205,380.906,249.955,200.248,1
375,211.804,210.218,426.907,413.847,558.9,342.227,1
376,36.1,36.1088,270.347,213.781,252.451,184.028,0
377,113.499,131.076,395.144,244.824,355.6,174.339,0
378,152.2,141.549,291.544,305.322,249.966,184.987,0
379,211.804,222.809,290.835,391.057,248.559,197.481,1
380,13.8,21.1987,257.076,205.006,249.937,185.099,0
381,83.8993,133.681,345.208,694.134,312.02,818.197,0
382,211.804,229.867,333.48,505.386,208.749,626.095,1
383,88.7992,133.182,347.163,695.26,312.795,817.958,0
384,130.299,180.06,522.406,229.307,648.497,190.794,0
385,173.801,151.306,472.295,602.965,613.341,613.14,0
386,174.801,250.501,374.459,606.43,312.26,818.192,0
387,35.7,38.0688,225.574,209.263,248.788,185.027,0
388,103.299,150.974,345.878,677.122,312.987,818.057,0
389,26.0001,33.0922,283.46,191.851,253.306,183.007,0
390,211.804,261.799,341.456,537.546,170.252,619.735,1
391,0,0,609.187,816.574,609.187,816.574,0
392,211.804,54.434,426.861,541.729,424.766,543.267,1
393,126.699,126.466,454.505,151.05,356.009,173.727,0
394,77.7994,99.3747,210.7,572.901,144.694,615.59,0
395,74.3994,91.6007,546.808,334.296,630.281,333.853,0
396,18.3,23.018,405.308,101.405,405.661,78.2062,0
397,136.699,134.76,472.498,157.543,356.016,173.62,0
398,211.804,200.515,458.292,338.615,378.968,175.039,1
399,136.399,186.419,406.48,689.701,312.421,818.1,0
400,211.804,235.664,452.699,416.729,604.463,534.996,1
401,161.301,155.343,279.426,326.514,251.294,184.541,0
402,42.2999,63.249,200.592,673.589,149.339,693.342,0
403,56.9997,66.8173,587.502,133.425,653.558,130.145,0
404,19.6,25.4316,143.924,668.868,149.674,693.276,0
405,49.0998,53.6238,589.116,649.251,613.335,613.237,0
406,211.804,250.732,271.338,454.572,112.256,404.986,1
407,211.804,224.726,455.51,435.42,605.296,536.153,1
408,7,8.9455,607.299,745.489,611.985,752.768,0
409,171.301,164.334,227.317,332.953,249.932,185.146,0
410,163.301,181.546,197.954,488.244,139.948,611.118,0
411,187.702,146.726,162.542,454.074,67.7321,405.336,0
412,38.9,51.8914,599.377,703.274,612.411,752.102,0
413,143.5,121.296,220.014,300.951,249.149,185.124,0
414,72.0995,85.1257,152.201,398.423,67.7456,404.899,0
415,53.9997,67.4947,411.668,150.975,355.78,174.328,0
416,24.6001,39.1625,261.372,222.162,249.83,185.088,0
417,135.799,141.788,483.533,188.468,355.981,173.738,0
418,38.2,40.1799,576.999,597.419,613.3,612.398,0
419,39.1,66.4153,214.437,725.404,152.442,701.753,0
420,10.8,14.7928,601.319,607.58,613.295,613.03,0
421,60.2997,75.3743,196.66,640.212,144.758,615.989,0
422,206.703,205.368,479.329,318.445,630.35,334.123,0
423,0,0,648.551,192.986,648.551,192.986,0
424,161.801,140.825,559.229,555.866,613.21,612.768,0
425,20.9,28.308,133.964,587.209,139.867,611.172,0
426,82.2993,104.048,114.616,465.093,67.6287,404.921,0
427,179.502,156.456,444.26,149.739,356.046,173.655,0
428,151.8,145.91,467.816,212.702,355.999,173.646,0
429,211.804,194.717,498.908,518.337,596.091,612.466,1
430,211.804,216.851,479.888,469.772,606.225,537.433,1
431,81.2993,92.5166,418.052,217.441,355.555,174.401,0
432,179.902,253.817,277.787,526.931,139.946,611.156,0
433,198.003,154.159,472.592,611.035,613.299,613.082,0
434,91.2992,108.643,558.597,153.093,653.555,130.047,0
435,39.7,60.1499,615.712,240.413,636.053,282.57,0
436,211.804,194.492,502.939,409.006,605.003,335.984,1
437,211.804,235.632,349.001,417.998,323.701,208.507,1
438,12.5,19.4956,630.246,205.669,648.039,197.831,0
439,26.5001,25.9081,273.656,197.846,252.554,183.995,0
440,206.103,222.367,480.582,427.071,615.58,539.626,0
441,113.699,122.845,456.152,161.676,356.076,173.603,0
442,74.3994,126.106,249.369,667.055,149.506,693.283,0
443,211.804,176.647,491.145,250.971,386.391,174.98,1
444,19.4,32.1556,261.286,215.023,250.5,184.736,0
445,211.804,258.072,357.754,459.68,325.066,212.161,1
446,115.099,165.375,290.385,686.04,149.655,693.195,0
447,54.9997,60.318,589.044,656.768,613.249,612.923,0
448,193.103,216.273,349.723,353.366,350.006,174.828,0
449,84.6993,139.735,560.241,279.288,647.909,197.83,0
450,186.902,163.361,277.967,597.794,144.715,615.62,0
451,163.101,221.34,408.393,661.019,312.96,818.103,0
452,120.699,90.7011,547.454,641.402,613.199,612.755,0
453,123.399,147.705,585.121,395.145,630.361,334.187,0
454,211.804,184.158,427.749,413.052,526.794,356.151,1
455,10,14.0281,616.883,331.178,630.434,334.365,0
456,211.804,146.352,420.868,392.842,526.699,362.823,1
457,95.9991,100.345,222.136,280.996,249.156,185.114,0
458,47.6998,65.0852,566.608,342.127,630.386,334.348,0
459,110.599,127.777,175.105,261.284,248.356,184.788,0
460,21.8,36.5632,613.021,186.261,647.856,191.468,0
461,175.201,174.491,445.016,277.166,355.561,174.354,0
462,130.499,130.312,550.448,555.57,613.206,612.753,0
463,116.699,130.227,250.792,307.417,249.711,185.187,0
464,90.6992,111.719,543.191,120.668,653.466,129.955,0
465,155.2,144.088,291.002,306.156,249.491,185.249,0
466,101.299,149.586,313.523,696.763,312.266,818.125,0
467,211.804,233.495,458.213,421.303,603.954,538.142,1
468,211.804,238.755,466.448,234.679,364.175,174.428,1
469,109.999,123.671,469.197,174.311,356.127,173.412,0
470,180.302,143.127,177.654,440.563,67.6444,405.546,0
471,201.403,170.751,242.791,342.628,249.619,185.246,0
472,73.6994,71.4745,593.46,361.082,630.377,334.277,0
473,211.804,232.436,305.335,383.051,249.4,188.293,1
474,136.699,172.242,200.75,477.336,139.938,611.087,0
475,37.2,50.1494,143.27,561.632,139.921,611.183,0
476,29.4001,43.9428,187.723,624.219,144.811,615.992,0
477,47.8998,43.4953,111.313,403.851,67.7126,404.87,0
478,185.602,168.775,171.942,303.412,249.242,185.063,0
479,211.804,181.713,234.27,429.556,88.4174,405.616,1
480,56.3997,63.9767,589.279,130.305,653.491,130.073,0
481,211.804,232.419,455.062,422.398,604.744,538.259,1
482,50.9998,68.3378,549.476,747.838,612.093,752.71,0
483,62.9996,110.587,258.49,734.341,153.631,700.205,0
484,140.999,171.479,245.318,572.605,144.662,615.646,0
485,40.5,59.9409,303.805,768.487,312.06,818.255,0
486,35.5,54.0588,589.92,704.26,612.115,752.569,0
487,117.499,164.496,203.881,518.713,140.124,611.116,0
488,211.804,175.655,246.73,350.71,248.923,190.262,1
489,38.1,57.3481,596.037,307.184,630.305,334.141,0
490,100.999,114.779,260.007,296.012,249.824,185.141,0
491,89.8992,100.491,263.804,282.303,249.942,185.043,0
492,68.5995,75.0678,601.53,684.029,612.357,752.051,0
493,198.703,173.648,526.042,534.705,613.265,613.134,0
494,126.199,142.204,578.811,395.743,630.252,334.272,0
495,97.5991,116.544,308.525,252.747,350.348,174.93,0
496,119.899,190.435,453.897,714.904,612.012,752.768,0
497,8.09999,10.3623,642.156,206.381,647.987,197.861,0
498,17,20.5376,601.748,601.968,613.246,613.003,0
499,176.202,242.052,271.624,519.698,139.933,611.07,0
500,97.7991,104.093,161.857,386.559,67.6193,404.825,0
501,0,0,610.01,833.573,610.01,833.573,0
502,111.599,155.799,307.927,698.904,312.208,818.159,0
503,3.2,2.95858,611.088,615.339,613.909,614.448,0
504,174.201,205.824,613.436,386.092,615.552,539.559,0
505,127.099,136.937,199.771,386.721,67.7261,405.085,0
506,20.7,22.1582,600.524,599.676,613.327,612.514,0
507,211.804,223.727,463.662,430.727,607.181,540.285,1
508,178.102,155.58,495.674,663.953,613.195,613.032,0
509,65.2996,112.977,260.529,734.687,153.611,700.195,0
510,43.2999,65.7818,185.024,594.935,144.632,616.415,0
511,47.2999,77.7406,325.903,745.464,312.807,817.997,0
512,68.3995,111.506,240.513,671.017,149.414,693.378,0
513,35.8,46.0505,151.285,572.025,139.851,611.158,0
514,159.001,200.375,214.92,462.483,140.072,611.118,0
515,88.1992,114.095,281.296,736.974,311.771,818.285,0
516,107.799,115.076,163.904,375.227,67.7439,404.788,0
517,107.299,137.629,311.872,292.319,250.945,184.676,0
518,54.4997,73.4304,542.09,615.253,613.161,612.709,0
519,211.804,125.839,440.957,511.454,517.318,443.046,1
520,138.799,130.49,527.154,572.717,613.264,612.77,0
521,87.7992,92.6342,301.239,226.944,350.613,174.985,0
522,48.1998,63.2841,132.589,557.68,139.876,611.097,0
523,121.099,159.143,532.073,445.737,615.604,539.582,0
524,195.003,171.271,521.916,391.272,630.27,334.054,0
525,18.1,23.4844,611.948,324.078,630.461,334.429,0
526,112.199,132.573,311.686,266.793,350.013,174.845,0
527,170.301,188.587,258.682,572.345,144.709,615.596,0
528,0.6,0.178333,403.782,77.5739,403.844,77.4065,0
529,198.003,233.345,491.417,505.248,615.543,540.014,0
530,75.6994,75.8901,591.737,355.882,630.338,334.157,0
531,26.9001,37.7001,616.577,200.111,648.374,198.118,0
532,38.2,37.8078,105.359,404.435,67.6967,405.536,0
533,211.804,228.804,233.709,481.28,100.655,406.135,1
534,28.0001,37.2079,580.859,769.462,611.089,755.005,0
535,200.503,297.247,334.11,423.588,251.369,184.528,0
536,156.1,165.535,530.073,434.599,615.45,540.052,0
537,16.2,23.6222,140.296,644.145,139.894,620.864,0
538,25.3001,28.5579,133.278,586.858,139.929,611.079,0
539,29.5001,37.0691,604.885,584.565,613.397,612.335,0
540,200.003,175.357,291.617,605.778,144.71,615.67,0
541,107.299,124.975,555.524,170.161,653.544,130.044,0
542,74.8994,89.3844,155.669,400.078,67.6685,404.95,0
543,156.2,135.917,466.787,156.307,356.025,173.662,0
544,211.804,209.534,350.213,382.082,320.546,193.286,1
545,119.899,165.246,550.089,211.154,647.952,191.371,0
546,201.203,222.47,386.17,342.216,350.024,174.845,0
547,34.6,44.4896,141.011,568.847,139.714,611.145,0
548,80.4993,82.5123,588.394,355.774,630.299,334.339,0
549,1.7,1.16754,134.853,613.031,135.964,613.392,0
550,165.301,164.744,445.344,268.942,355.609,174.362,0
551,53.1998,61.015,302.856,767.237,311.25,818.476,0
552,109.099,135.413,452.161,222.285,356.221,173.365,0
553,20.5,25.0793,83.2701,417.208,67.624,404.915,0
554,27.8001,33.0806,140.269,662.573,149.424,693.297,0
555,68.0995,89.1466,301.282,225.95,350.477,174.955,0
556,66.7996,75.5306,316.781,752.752,311.953,818.219,0
557,93.8991,115.471,194.442,254.959,248.792,185.049,0
558,89.5992,102.575,436.103,202.555,355.626,174.367,0
559,39.4,45.8945,97.8037,425.412,67.7337,404.932,0
560,75.6994,91.6308,246.981,774.764,310.587,818.777,0
561,195.803,200.282,477.719,397.245,630.392,334.09,0
562,207.803,226.921,480.463,464.056,615.536,540.056,0
563,57.1997,64.4955,594.8,175.014,648.393,190.806,0
564,62.4996,86.7807,148.61,524.996,139.788,611.138,0
565,211.804,211.739,326.013,556.034,185.731,621.74,1
566,0,0,406.306,71.699,406.306,71.699,0
567,39,49.5086,80.8287,441.422,67.8092,405.446,0
568,123.699,171.42,309.427,717.778,312.305,818.081,0
569,123.899,132.985,505.403,338.246,630.254,333.922,0
570,69.1995,73.0176,416.495,196.475,355.581,174.371,0
571,106.799,158.212,284.553,690.893,149.781,693.245,0
572,211.804,211.784,359.874,393.344,322.395,201.29,1
573,211.804,272.047,366.688,524.03,185.093,622.234,1
574,24.4001,37.5222,607.287,310.656,630.379,334.052,0
575,130.299,137.639,244.273,313.705,249.921,185.077,0
576,91.7992,96.5451,246.18,791.002,310.273,819.002,0
577,119.799,185.852,534.891,305.99,647.971,197.94,0
578,88.4992,107.429,204.457,562.767,144.614,615.63,0
579,72.0995,91.0844,563.644,122.807,653.559,130.043,0
580,59.9997,97.3857,332.882,723.386,312.579,817.983,0
581,126.899,167.339,522.557,214.838,648.245,190.979,0
582,200.503,177.326,166.802,301.212,248.241,184.721,0
583,83.4993,120.048,550.674,196.064,648.149,190.965,0
584,211.804,189.123,395.108,337.588,320.831,193.907,1
585,133.999,216.228,511.795,249.691,648.067,197.942,0
586,168.701,201.508,203.381,455.359,139.628,611.275,0
587,211.804,221.937,252.534,460.214,101.721,405.643,1
588,146.2,210.3,333.061,361.839,251.016,184.567,0
589,164.401,199.437,402.437,302.243,355.648,174.383,0
590,44.5999,60.9418,583.429,705.542,612.059,752.628,0
591,211.804,173.68,250.667,397.838,82.9335,405.641,1
592,12.4,16.6163,158.281,612.369,144.806,616.078,0
593,127.799,137.781,311.762,289.771,251.293,184.512,0
594,96.3991,111.368,558.371,156.487,653.534,130.04,0
595,155.5,133.764,490.096,607.947,613.293,613.114,0
596,211.804,184.499,439.924,444.482,590.716,482.943,1
597,26.3001,30.7323,83.124,423.65,67.7396,405.404,0
598,211.804,231.66,286.938,457.127,115.235,405.605,1
599,174.501,261.75,332.71,389.749,251.32,184.491,0
600,48.9998,42.4709,224.776,214.521,248.363,184.844,0
601,71.0995,90.0134,564.625,123.302,653.556,130.032,0
602,211.804,210.784,277.334,381.898,250.946,191.266,1
603,105.999,104.127,171.256,401.789,67.7435,404.787,0
604,187.402,198.15,404.09,307.462,355.586,174.369,0
605,108.799,129.797,580.605,382.07,630.323,334.148,0
606,89.8992,98.4598,205.824,573.069,144.624,615.556,0
607,211.804,181.033,251.42,395.777,75.0581,404.791,1
608,129.199,178.734,302.508,668.157,312.546,817.996,0
609,0,0,619.283,540.434,619.283,540.434,0
610,8.9,10.5446,639.384,203.015,648.43,198.099,0
611,211.804,186.738,298.447,346.277,248.838,189.406,1
612,211.804,212.833,488.425,462.731,608.762,540.915,1
613,4.4,4.94151,641.751,195.11,646.639,194.455,0
614,131.599,134.998,163.09,480.331,139.629,611.159,0
615,27.6001,37.7205,616.493,132.702,653.561,130.017,0
616,109.299,140.103,310.071,297.069,251.066,184.577,0
617,196.603,215.953,392.829,329.853,349.697,174.733,0
618,98.4991,102.859,169.227,403.215,67.7428,404.8,0
619,208.704,157.802,203.116,427.269,67.646,405.546,0
620,48.3998,52.4238,590.617,648.431,613.319,613.205,0
621,27.7001,33.4631,569.044,832.339,602.487,833.25,0
622,17.8,26.0743,578.372,827.674,602.494,833.243,0
623,130.199,166.431,528.558,436.778,615.518,540.177,0
624,114.999,182.872,532.565,266.685,648.054,197.851,0
625,51.9998,76.8807,204.399,703.01,152.467,701.832,0
626,184.602,184.967,484.721,301.694,630.261,334.121,0
627,102.599,126.624,527.914,123.811,653.504,129.951,0
628,80.2993,121.563,576.905,273.411,647.923,197.676,0
629,69.9995,83.2554,571.114,132.99,653.453,130.032,0
630,163.401,196.654,495.639,442.608,615.555,539.86,0
631,94.1991,119.739,343.053,272.389,350.324,174.858,0
632,16.2,22.1776,145.029,672.248,149.546,693.256,0
633,211.804,234.797,421.248,563.48,547.088,614.477,1
634,175.602,238.573,267.761,519.033,139.939,611.075,0
635,31.8001,48.7153,324.015,204.499,350.168,174.834,0
636,36.4,47.5686,143.604,564.151,139.938,611.194,0
637,138.099,162.14,282.739,666.063,144.847,615.937,0
638,211.804,207.867,424.656,592.129,550.862,614.915,1
639,179.802,172.916,510.232,324.304,630.252,334.115,0
640,114.899,105.017,163.797,412.096,67.6798,405.536,0
641,183.302,262.55,333.464,391.318,251.168,184.504,0
642,211.804,144.837,444.996,478.608,553.588,453.689,1
643,21.7,30.093,580.106,823.349,602.453,833.288,0
644,68.6995,81.4962,148.729,399.775,67.8357,405.317,0
645,74.6994,92.2281,569.92,142.119,653.503,130.089,0
646,32.7001,38.8521,563.234,832.866,602.401,833.316,0
647,15.7,19.8856,599.136,602.427,613.227,612.721,0
648,66.8996,91.2467,532.499,754.11,611.08,755.269,0
649,23.0001,33.305,621.09,136.008,653.456,130.063,0
650,111.599,132.644,393.75,236.65,355.641,174.399,0
651,34.7,35.7637,239.891,219.094,249.731,185.215,0
652,207.203,185.015,255.643,342.403,248.386,184.756,0
653,182.202,207.624,394.074,312.673,349.834,174.691,0
654,196.403,234.292,347.205,594.492,144.631,616.273,0
655,74.6994,115.075,560.351,208.179,647.848,191.542,0
656,43.3999,43.5216,289.062,206.272,252.364,184.015,0
657,211.804,95.7818,483.939,488.94,523.12,443.55,1
658,211.804,219.822,442.724,444.735,600.013,516.892,1
659,72.6995,89.3331,563.57,360.393,630.417,333.823,0
660,80.0993,102.856,246.166,631.691,144.737,616.06,0
661,204.003,227.566,388.529,349.824,349.55,174.569,0
662,211.804,126.205,450.053,485.06,544.571,444.755,1
663,11.3,14.313,251.208,199.173,249.485,185.131,0
664,211.804,265.619,359.623,548.847,166.344,619.163,1
665,65.0996,99.2805,522.472,776.909,611.214,754.914,0
666,150.6,183.75,236.033,508.215,139.94,611.172,0
667,154.5,130.333,524.81,667.945,613.336,613.076,0
668,211.804,191.329,526.339,521.642,607.683,612.674,1
669,211.804,299.203,311.316,478.435,139.956,591.64,1
670,140.399,191.245,432.526,713.584,313.132,818.103,0
671,144.6,169.454,486.139,116.572,653.546,129.93,0
672,143.9,199.911,418.937,685.458,312.991,818.146,0
673,172.101,196.677,611.816,395.362,615.618,539.677,0
674,53.4998,79.8577,211.728,681.278,149.41,693.279,0
675,19.6,23.0185,246.935,208.061,249.366,185.23,0
676,57.3997,64.5375,589.175,131.55,653.499,129.962,0
677,65.7996,72.5509,316.64,755.064,311.906,818.267,0
678,118.299,114.026,160.621,375.386,67.7082,404.86,0
679,146,149.031,290.165,635.724,144.581,615.486,0
680,211.804,244.639,438.107,549.287,547.758,615.279,1
681,211.804,130.337,417.722,497.635,507.905,454.504,1
682,123.299,134.07,531.206,681.717,613.208,612.828,0
683,21.8,29.4096,147.688,664.256,149.458,693.213,0
684,197.903,180.864,282.248,580.896,144.738,615.967,0
685,22.4,29.0722,600.323,776.983,611.214,755.189,0
686,211.804,297.642,333.043,428.149,250.623,187.228,1
687,125.699,159.898,507.462,145.312,653.583,130.115,0
688,211.804,223.598,363.593,417.285,323.253,206.203,1
689,35.5,41.3665,292.237,194.754,253.193,183.439,0
690,66.4996,115.439,261.967,737.712,153.679,700.173,0
691,15,21.463,317.942,797.598,312.667,818.011,0
692,177.602,164.915,517.565,544.143,613.238,612.724,0
693,104.099,107.912,156.388,506.855,139.628,611.181,0
694,17,26.2472,142.354,585.232,139.876,611.149,0
695,211.804,257.614,349.623,565.621,151.564,617.124,1
696,103.099,113.664,541.245,667.303,613.192,612.763,0
697,50.1998,66.392,315.299,760.685,311.77,818.414,0
698,211.804,198.212,422.421,400.438,560.536,341.63,1
699,150.2,157.398,425.296,281.842,356.03,173.722,0
700,93.9991,126.554,518.848,717.841,611.819,753.428,0
701,124.799,109.452,168.915,384.263,67.745,405.444,0
702,81.0993,93.8795,559.481,362.851,630.279,333.922,0
703,36.8,53.106,573.873,788.407,606.387,811.883,0
704,46.1999,45.1154,296.258,187.156,253.104,183.448,0
705,189.302,169.926,273.724,338.767,249.446,185.205,0
706,30.7001,50.4992,189.845,697.303,152.555,701.738,0
707,211.804,191.805,479.343,505.897,560.9,616.483,1
708,211.804,139.336,470.906,619.465,589.928,616.362,1
709,49.0998,66.9891,341.368,204.016,350.068,174.79,0
710,47.5998,59.4924,612.252,153.615,653.545,129.951,0
711,138.499,132.933,196.81,389.811,67.6522,404.897,0
712,44.7999,52.9422,298.327,202.085,252.585,183.965,0
713,92.4992,126.525,107.804,484.178,67.6702,405.46,0
714,211.804,220.676,295.485,435.767,109.365,406.142,1
715,177.002,114.284,195.597,263.76,248.333,184.779,0
716,10.7,14.5473,337.516,181.796,349.922,174.802,0
717,207.903,173.892,205.481,437.214,67.6609,405.541,0
718,150.4,156.542,174.049,338.983,67.6966,404.818,0
719,50.7998,60.9637,606.407,156.865,648.466,190.914,0
720,139.999,171.081,284.321,674.401,144.843,616.106,0
721,211.804,236.08,450.401,409.114,603.31,528.63,1
722,6.2,7.96923,608.481,745.71,611.97,752.806,0
723,110.399,160.085,284.998,688.268,149.569,693.208,0
724,191.602,204.668,445.199,325.076,356.03,173.596,0
725,150.1,195.286,361.207,646.626,312.922,817.952,0
726,198.003,164.456,511.884,178.982,356.035,173.641,0
727,13,19.9044,142.321,591.799,139.908,611.207,0
728,89.2992,101.193,433.402,201.933,356.118,173.443,0
729,47.1999,66.0055,281.426,777.756,311.32,818.552,0
730,174.201,199.976,344.394,334.567,349.866,174.672,0
731,108.799,172.404,529.888,289.824,647.901,197.84,0
732,114.899,104.319,224.088,285.374,249.098,185.063,0
733,124.899,169.796,516.217,206.106,648.652,190.782,0
734,34.2001,50.9815,617.036,249.37,635.989,282.586,0
735,211.804,108.246,496.634,630.475,559.102,616.716,1
736,167.801,217.864,508.642,505.395,615.598,540.158,0
737,211.804,128.426,421.5,497.564,516.24,450.397,1
738,121.799,162.226,301.868,695.202,312.635,818.021,0
739,104.699,127.608,304.154,284.474,249.543,185.18,0
740,159.601,201.339,526.433,458.883,615.589,540.104,0
741,119.199,178.44,463.714,715.856,612.06,752.772,0
742,107.999,110.939,127.754,519.628,139.575,611.185,0
743,147.2,151.787,215.267,391.188,67.7346,404.873,0
744,141.299,156.982,517.687,390.228,630.33,334.143,0
745,130.599,159.652,507.922,147.049,653.538,130.027,0
746,164.501,182.321,519.661,434.248,615.618,539.597,0
747,45.1999,65.6708,327.661,220.091,349.869,174.847,0
748,25.3001,30.7506,244.866,215.306,249.127,185.144,0
749,30.7001,31.5,250.108,217.384,249.908,185.097,0
750,211.804,209.008,483.772,514.597,591.687,613.951,1
751,1.5,0.823213,642.177,287.302,641.949,286.511,0
752,170.401,150.804,295.818,314.625,249.947,185.017,0
753,121.599,168.088,370.164,674.8,313.148,818.112,0
754,112.299,177.729,534.292,297.201,647.967,197.897,0
755,105.199,113.916,557.958,299.952,630.426,334.399,0
756,12.1,16.8318,154.571,677.103,149.638,693.166,0
757,105.299,105.107,167.56,388.274,67.7011,404.892,0
758,58.9997,72.3018,418.498,149.211,355.991,173.72,0
759,211.804,187.668,478.697,537.107,596.103,614.875,1
760,157.2,182.136,529.686,491.603,615.559,539.602,0
761,56.2997,70.3293,594.058,363.952,630.468,334.347,0
762,13.4,16.9722,243.37,200.636,249.718,185.19,0
763,142.499,213.534,333.106,362.007,251.517,184.368,0
764,58.8997,91.4186,573.017,480.349,615.637,539.59,0
765,91.6992,120.204,589.809,442.59,615.587,539.752,0
766,27.5001,41.4525,596.856,510.876,615.566,540.348,0
767,147.1,106.926,212.105,253.092,248.264,184.759,0
768,59.2997,72.5701,582.332,124.648,653.661,129.662,0
769,111.499,132.391,222.844,592.463,144.772,615.967,0
770,32.6001,55.9715,206.001,719.959,153.516,700.713,0
771,66.7996,79.005,585.096,185.231,648.404,190.751,0
772,75.4994,86.2807,153.006,399.814,67.7514,405.222,0
773,211.804,180.452,438.872,446.386,586.086,474.907,1
774,185.502,233.964,269.241,512.798,139.872,611.133,0
775,128.099,201.655,522.405,310.418,647.935,197.629,0
776,152.8,127.179,162.109,434.287,67.7285,405.35,0
777,211.804,164.303,378.31,481.34,509.366,453.004,1
778,46.2999,72.045,209.99,676.503,149.741,693.177,0
779,109.599,118.218,154,496.031,140.253,611.265,0
780,205.003,297.54,276.651,488.083,139.918,611.096,0
781,56.5997,60.4729,599.9,175.797,647.908,191.554,0
782,147.9,175.222,481.373,111.054,653.48,129.955,0
783,211.804,160.262,405.107,527.065,510.066,453.875,1
784,194.303,170.006,199.53,436.075,67.8042,405.3,0
785,122.799,169.502,372.03,673.469,312.909,817.955,0
786,129.199,132.107,280.917,294.179,249.457,185.232,0
787,118.999,134.824,251.563,655.073,144.799,615.901,0
788,91.0992,120.316,364.03,237.57,349.887,174.828,0
789,8.6,9.55041,610.258,547.901,616.167,541.71,0
790,48.2998,80.1653,333.299,741.246,312.805,817.993,0
791,52.0998,60.2217,601.651,176.194,647.793,191.602,0
792,135.999,147.289,519.732,382.98,630.353,333.999,0
793,120.899,136.496,355.301,271.565,349.806,174.674,0
794,158.3,179.577,205.283,475.166,139.524,611.225,0
795,150.5,153.151,335.4,290.119,349.709,174.744,0
796,203.303,216.659,389.582,333.832,350.058,174.76,0
797,211.804,219.001,349.511,590.28,162.217,618.515,1
798,148.9,125.297,166.002,430.594,67.6975,405.488,0
799,211.804,195.27,471.968,542.603,608.701,612.623,1
800,128.099,143.68,581.093,396.13,630.358,334.306,0
801,35,44.5725,558.261,835.314,602.463,833.322,0
802,159.201,213.667,432.381,679.187,313.028,818.077,0
803,201.703,186.354,247.277,396.7,67.7274,405.528,0
804,211.804,210.904,241.214,460.824,97.1971,405.623,1
805,115.899,128.801,480.463,178.877,356.123,173.604,0
806,96.7991,123.233,197.689,533.111,139.938,611.112,0
807,211.804,224.833,310.603,384.013,249.878,199.467,1
808,91.6992,105.123,560.509,371.014,630.336,333.854,0
809,106.299,129.053,536.528,153.256,653.588,130.044,0
810,170.301,168.007,198.705,355.625,67.6634,404.831,0
811,123.599,165.826,519.162,207.012,648.645,190.809,0
812,134.099,154.617,500.436,119.722,653.514,129.819,0
813,211.804,207.473,265.018,431.772,92.5896,404.809,1
814,29.6001,47.009,196.992,718.083,153.383,700.688,0
815,211.804,141.573,462.615,391.969,546.091,350.912,1
816,195.703,178.823,224.619,348.45,249.744,185.248,0
817,136.699,173.912,359.122,661.742,312.966,818.135,0
818,121.399,161.707,525.848,173.412,647.913,191.534,0
819,175.902,226.553,368.629,620.762,313.019,818.124,0
820,211.804,213.553,452.492,442.508,600.905,520.152,1
821,51.7998,72.0007,200.007,639.808,144.847,615.928,0
822,75.9994,81.8628,555.312,720.296,612.094,752.635,0
823,102.599,110.167,248.346,619.254,144.668,615.737,0
824,24.7001,39.9537,314.209,190.228,350.328,174.932,0
825,211.804,191.648,297.232,352.533,248.498,193.761,1
826,211.804,240.347,406.307,568.332,545.298,614.038,1
827,99.3991,106.413,252.941,763.343,311.073,818.623,0
828,211.804,196.584,434.046,457.164,587.841,480.022,1
829,47.9998,80.1639,221.38,731.261,153.451,700.068,0
830,34.3,42.82,559.676,833.941,602.395,833.254,0
831,85.7993,114.703,192.477,256.034,248.799,184.982,0
832,211.804,218.573,503.528,478.488,604.453,539.649,1
833,25.8001,24.1475,263.988,204.562,252.451,184.004,0
834,211.804,166.583,439.564,441.492,582.946,461.738,1
835,34.8,53.0283,580.249,334.239,630.269,334.127,0
836,95.7991,161.162,553.26,257.178,647.967,197.853,0
837,21.1,31.9518,141.24,652.468,139.899,620.933,0
838,211.804,284.736,318.865,478.24,145.403,572.807,1
839,190.802,153.388,214.509,412.533,67.6816,405.573,0
840,60.5996,93.6461,526.891,780.91,611.231,754.954,0
841,211.804,148.355,424.142,392.59,527.069,353.414,1
842,85.7993,82.8321,608.7,680.736,612.369,752.088,0
843,206.003,173.561,310.756,624.444,144.773,616.072,0
844,12.2,15.6467,599.362,606.948,613.176,612.985,0
845,16.7,17.8384,85.693,405.86,67.7201,405.261,0
846,125.099,151.049,504.669,116.672,653.475,129.89,0
847,4.2,4.92571,642.645,191.125,647.258,192.848,0
848,148.6,174.867,481.142,124.09,653.466,130.037,0
849,211.804,223.782,464.87,435.312,606.809,541.171,1
850,53.7998,81.3832,230.031,725.721,153.114,701.41,0
851,211.804,260.613,367.348,523.908,196.907,624.142,1
852,125.499,137.458,166.841,480.663,140.218,611.185,0
853,15.3,23.8128,603.039,731.303,612.099,752.725,0
854,40.9999,72.684,329.471,747.885,312.857,818.019,0
855,8.7,11.7201,137.406,632.17,140.042,620.837,0
856,114.999,159.359,344.797,668.333,313.056,818.132,0
857,110.999,102.766,228.262,284.393,249.535,185.216,0
858,16.4,15.6818,263.601,195.553,252.812,183.829,0
859,52.8998,73.0246,208.97,617.523,144.833,615.754,0
860,158.2,169.644,507.534,325.137,630.385,334.14,0
861,92.9992,125.487,271.946,736.61,311.858,818.318,0
862,211.804,93.9242,472.122,475.273,517.51,445.007,1
863,167.701,164.434,303.035,627.231,144.816,616.151,0
864,41.2999,42.8415,110.122,404.924,67.7415,404.899,0
865,211.804,193.716,241.155,365.601,70.4544,404.828,1
866,104.499,152.404,493.891,715.747,611.793,753.36,0
867,211.804,223.648,364.76,411.848,321.906,199.545,1
868,117.699,136.46,518.167,119.391,653.534,129.954,0
869,58.3997,64.379,231.681,245.518,248.848,184.967,0
870,198.903,223.059,368.253,370.841,349.736,174.669,0
871,211.804,275.233,348.856,544.602,150.789,616.691,1
872,9,10.4822,591.879,832.869,602.434,833.545,0
873,149.4,149.56,202.128,368.665,67.7787,405.068,0
874,25.4001,36.3105,617.906,217.231,647.912,197.748,0
875,205.203,184.705,276.147,351.811,248.902,185.038,0
876,211.804,226.417,484.937,469.892,612.907,540.868,1
877,211.804,184.689,497.723,548.444,601.62,613.137,1
878,186.602,151.318,471.502,606.588,613.257,612.539,0
879,120.499,165.07,513.427,682.769,612.436,752.005,0
880,211.804,220.749,498.554,478.502,606.307,541.47,1
881,211.804,190.277,479.232,532.893,594.733,613.445,1
882,211.804,69.8607,186.093,659.54,174.035,659.592,1
883,194.303,152.473,502.779,180.866,356.064,173.568,0
884,99.4991,164.359,537.093,288.253,647.899,197.846,0
885,5.1,5.09517,72.8551,404.804,67.8433,405.404,0
886,66.9995,82.5678,579.563,141.79,653.495,130.045,0
887,39.3,63.1056,612.643,236.489,647.965,197.81,0
888,94.3991,129.607,522.402,735.843,611.178,755.115,0
889,67.8995,112.532,352.944,714.644,312.845,817.963,0
890,206.903,169.281,517.761,180.977,355.961,173.691,0
891,211.804,206.272,399.703,363.582,321.287,199.962,1
892,112.599,169.756,297.772,701.302,149.588,693.301,0
893,195.703,213.922,327.876,593.118,144.764,615.889,0
894,115.199,127.656,309.61,259.05,349.765,174.627,0
895,30.1001,48.1668,595.419,504.653,615.862,540.852,0
896,211.804,140.306,464.992,650.99,553.923,618.704,1
897,0,0,652.253,197.689,652.253,197.689,0
898,84.0993,122.849,523.92,716.022,611.843,753.571,0
899,166.601,113.165,198.221,265.785,248.793,184.992,0
900,97.5991,111.767,288.672,282.972,249.759,185.065,0
901,56.5997,68.902,596.911,686.897,612.389,751.905,0
902,74.8994,96.7162,541.234,722.745,612.039,753.079,0
903,89.3992,130.048,597.449,440.653,615.66,540.47,0
904,35.7,56.6776,586.157,505.6,615.867,541.054,0
905,67.5995,116.497,249.745,710.126,153.601,700.186,0
906,36.9,64.3587,330.639,756.604,312.846,817.957,0
907,92.7992,103.849,564.716,319.619,630.393,334.451,0
908,211.804,243.165,358.343,437.37,326.112,205.732,1
909,58.7997,63.938,309.794,761.276,311.982,818.197,0
910,22.2,35.5805,317.268,186.452,350.653,175.031,0
911,211.804,96.8178,427.986,140.674,424.546,121.633,1
912,211.804,104.924,477.031,490.84,517.045,446.353,1
913,176.602,168.252,230.359,394.929,67.7163,404.839,0
914,25.8001,34.4778,596.598,335.852,630.41,334.028,0
915,211.804,210.957,282.468,431.583,104.13,404.661,1
916,50.3998,56.1946,575.07,636.149,613.298,612.366,0
917,40.7999,40.797,108.799,404.702,67.6746,405.597,0
918,141.999,123.794,163.599,429.71,67.6548,405.565,0
919,79.9994,84.2216,319.214,744.506,311.149,818.556,0
920,211.804,203.371,471.373,514.401,556.201,615.233,1
921,8.5,9.20039,359.199,182.638,355.791,174.278,0
922,76.1994,87.6382,439.285,179.196,355.577,174.404,0
923,21.8,34.3592,593.174,724.863,612.355,752.219,0
924,117.099,140.943,605.581,434.281,615.592,539.677,0
925,65.0996,82.3049,177.427,561.486,139.911,611.158,0
926,131.499,175.809,234.272,518.486,140.199,611.199,0
927,102.699,117.738,195.77,255.956,248.789,185.023,0
928,113.799,131.266,355.048,266.395,349.887,174.731,0
929,86.8992,106.504,367.582,211.781,349.659,174.744,0
930,110.599,137.306,314.911,283.659,250.752,184.678,0
931,157.3,154.169,497.308,347.764,630.364,334.104,0
932,97.8991,117.61,342.917,268.295,349.856,174.631,0
933,104.099,101.876,546.149,588.803,613.193,612.762,0
934,187.602,149.949,472.224,606.21,613.205,612.973,0
935,78.5994,101.635,221.435,648.926,144.667,615.589,0
936,92.5992,99.7877,221.377,278.818,248.269,184.688,0
937,70.9995,85.211,180.844,210.167,248.465,184.828,0
938,128.399,134.152,246.493,309.852,249.873,185.135,0
939,106.699,124.579,222.128,599.014,144.774,616.067,0
940,25.7001,40.9275,600.438,577.61,616.23,541.774,0
941,7.7,8.49391,594.276,834.339,602.358,833.281,0
942,119.599,157.113,306.991,699.718,312.293,818.147,0
943,82.8993,93.4746,433.833,192.934,355.568,174.4,0
944,92.0992,152.373,554.837,266.295,648.046,197.896,0
945,86.6992,105.933,547.719,125.881,653.507,129.952,0
946,170.401,170.056,508.869,324.738,630.284,334.121,0
947,47.5998,55.7173,260.567,237.512,250.234,184.855,0
948,135.299,184.872,312.288,325.484,251.569,184.421,0
949,126.799,133.142,281.938,304.588,251.074,184.56,0
950,43.4999,57.1895,597.364,698.114,612.306,752.218,0
951,211.804,268.131,326.129,451.105,111.159,404.269,1
952,10.8,15.9432,633.329,185.569,648.322,190.935,0
953,211.804,178.85,235.246,429.459,91.7504,405.632,1
954,114.499,140.418,535.591,390.077,630.473,333.819,0
955,107.799,162.705,403.845,709.852,313.43,818.249,0
956,146,227.534,496.008,259.194,647.886,197.828,0
957,148.5,115.23,511.182,639.096,613.36,613.137,0
958,185.902,179.697,226.224,360.019,67.6451,404.833,0
959,124.099,130.199,413.986,249.464,355.582,174.332,0
960,20.3,19.5921,87.4283,405.965,67.7016,405.468,0
961,211.804,152.887,452.727,679.359,554.077,617.201,1
962,0,0,151.593,700.97,151.593,700.97,0
963,29.1001,32.5446,99.4088,399.068,67.7866,405.132,0
964,211.804,163.399,397.005,514.012,514.275,453.359,1
965,211.804,204.679,405.218,602.833,548.559,614.429,1
966,46.7999,65.889,327.007,220.741,350.018,174.751,0
967,71.6995,87.3396,557.001,328.575,630.312,333.866,0
968,6.8,9.12306,312.782,808.838,312.761,817.952,0
969,145.6,159.939,471.991,587.087,613.196,612.623,0
970,189.702,224.121,351.243,358.5,349.951,174.796,0
971,60.4996,79.6091,355.016,200.405,350.169,174.827,0
972,211.804,253.8,377.895,538.408,205.301,625.987,1
973,199.503,209.967,473.544,383.351,630.34,334.145,0
974,12.5,16.6419,369.624,182.132,355.295,174.545,0
975,12,14.1441,264.347,191.563,252.703,183.866,0
976,74.6994,81.7475,305.482,748.002,311.643,818.377,0
977,178.102,133.331,165.334,439.349,67.7,405.488,0
978,117.999,157.755,583.576,411.945,615.465,539.888,0
979,120.499,102.305,230.087,284.468,249.146,185.107,0
980,61.2996,65.5077,598.38,179.607,648.042,191.193,0
981,38.7,57.2329,266.701,239.063,249.984,185.036,0
982,112.699,107.199,166.424,413.05,67.7164,404.758,0
983,80.9993,90.2329,156.346,402.893,67.6507,404.896,0
984,196.603,178.459,204.276,350.148,67.7463,405.55,0
985,211.804,202.817,400.144,614.498,549.69,614.735,1
986,120.299,143.642,511.48,116.524,653.589,130.015,0
987,147.8,157.322,371.771,280.311,349.768,174.656,0
988,154.4,177.169,337.358,316.895,349.889,174.742,0
989,203.503,160.515,502.758,187.977,356.024,173.613,0
990,211.804,80.596,174.065,661.711,174.604,659.655,1
991,148.2,193.731,521.649,455.993,615.509,540.018,0
992,43.1999,56.0773,89.9347,439.064,67.722,405.515,0
993,162.801,193.047,238.138,498.929,139.922,611.118,0
994,102.199,101.568,163.027,409.729,67.6294,404.848,0
995,205.503,217.139,423.859,324.573,355.637,174.406,0
996,78.4994,91.1725,136.745,529.499,139.892,611.072,0
997,0,0,310.679,823.597,310.679,823.597,0
998,211.804,212.55,423.256,353.927,399.363,175.309,1
999,211.804,221.965,296.784,423.579,111.281,405.433,1
1000,107.699,160.982,505.423,693.288,611.83,753.358,0
1001,27.5001,32.0595,582.816,603.229,613.214,612.656,0
1002,211.804,266.602,310.113,470.46,120.253,404.871,1
1003,192.803,238.592,328.333,567.135,144.727,616.122,0
1004,86.5993,95.4859,248.816,772.689,310.842,818.737,0
1005,147.7,131.108,196.02,403.267,67.6208,405.592,0
1006,180.802,229.434,498.537,501.666,615.499,540.178,0
1007,211.804,233.848,416.784,372.834,389.754,175.096,1
1008,27.6001,27.2061,94.4549,403.131,67.7545,405.023,0
1009,201.903,212.858,327.128,593.289,144.831,616.164,0
1010,6.6,7.91218,346.789,182.004,349.097,174.437,0
1011,51.1998,56.5731,588.566,652.075,613.362,613.223,0
1012,27.8001,39.8823,570.744,805.673,607.133,810.146,0
1013,0,0,405.641,78.1233,405.535,78.0951,0
1014,24.8001,35.9258,304.52,789.647,311.883,818.253,0
1015,101.099,154.624,507.105,700.221,611.734,753.575,0
1016,51.4998,87.7146,337.756,734.239,313.004,818.157,0
1017,109.399,134.356,520.27,122.615,653.557,129.965,0
1018,124.299,125.151,543.237,565.576,613.154,612.661,0
1019,211.804,176.258,395.147,523.112,512.136,453.629,1
1020,32.4001,28.2358,587.974,620.749,613.254,613.187,0
1021,152.2,175.075,371.039,305.181,350.118,174.794,0
1022,100.999,149.18,275.038,673.383,149.458,693.185,0
1023,56.7997,89.7951,227.212,679.666,149.59,693.256,0
1024,211.804,176.439,244.874,375.521,87.1434,404.753,1
1025,111.499,176.912,534.544,298.001,647.915,197.758,0
1026,66.5996,85.5558,581.739,291.621,630.356,334.485,0
1027,203.103,179.498,169.238,303.826,248.328,184.835,0
1028,13.2,16.1632,606.437,553.283,616.05,541.465,0
1029,179.602,147.237,149.504,440.046,67.655,405.568,0
1030,156,158.697,208.164,361.693,67.6773,404.83,0
1031,115.699,136.552,518.919,125.476,653.576,129.961,0
1032,74.0994,102.961,561.458,480.335,615.753,539.484,0
1033,174.901,160.792,508.859,179.344,356.087,173.589,0
1034,47.4998,62.6448,396.338,185.279,355.799,174.24,0
1035,211.804,271.692,370.646,465.316,327.169,212.81,1
1036,143,195.246,343.42,638.561,312.537,817.998,0
1037,211.804,234.284,425.228,565.531,546.645,614.891,1
1038,129.399,174.432,302.627,683.118,311.988,818.217,0
1039,45.0999,49.2102,300.709,183.576,253.129,183.477,0
1040,15.6,21.8596,404.106,99.5947,405.609,78.0661,0
1041,211.804,176.177,241.025,373.638,80.3302,404.793,1
1042,77.6994,96.8938,349.206,227.246,350.103,174.804,0
1043,155.9,216.469,432.309,679.013,313.188,818.169,0
1044,33.2001,29.9615,594.413,626.15,613.29,613.213,0
1045,180.702,143.09,489.822,619.634,613.285,613.166,0
1046,111.899,123.901,252.329,302.071,250.441,184.935,0
1047,31.2001,38.1298,604.678,583.624,613.358,612.064,0
1048,16.4,23.0575,411.949,100.201,405.762,78.1456,0
1049,17.1,24.304,578.12,833.262,602.417,833.264,0
1050,198.403,208.278,382.037,327.177,349.987,174.769,0
1051,211.804,190.753,327.975,624.206,150.499,615.995,1
1052,127.999,132.019,129.629,498.679,139.667,611.154,0
1053,129.999,152.581,519.421,386.84,630.37,334.21,0
1054,124.199,151.448,334.4,290.179,350.249,174.867,0
1055,45.9999,56.7509,597.936,135.504,653.451,129.954,0
1056,165.501,187.417,214.288,475.96,140.131,611.142,0
1057,88.7992,113.108,342.107,265.515,350.188,174.746,0
1058,211.804,246.631,289.997,450.398,95.0966,404.179,1
1059,39.8,39.4519,239.736,223.077,249.316,185.249,0
1060,211.804,113.513,443.369,478.672,528.154,443.865,1
1061,87.5992,119.015,237.239,757.49,152.714,701.717,0
1062,9.3,13.6194,636.163,186.017,648.772,190.82,0
1063,211.804,85.2954,471.657,329.575,470.682,329.523,1
1064,58.6997,65.9162,133.157,401.263,67.7329,404.777,0
1065,166.901,224.346,350.222,614.588,312.252,818.245,0
1066,200.803,203.52,305.369,350.636,250.855,184.735,0
1067,93.7991,90.2871,527.775,621.342,613.194,613,0
1068,211.804,243.171,370.152,431.724,326.133,206.272,1
1069,115.499,176.272,417.56,711.021,313.487,818.298,0
1070,80.3993,91.4374,230.533,272.248,249.053,185.04,0
1071,97.0991,116.244,417.878,237.922,356.337,173.146,0
1072,188.002,301.676,383.206,567.253,312.2,818.223,0
1073,56.3997,86.562,222.815,680.288,149.447,693.416,0
1074,110.199,156.831,342.131,670.711,312.932,817.952,0
1075,172.601,210.251,386.937,328.939,350.2,174.794,0
1076,1.6,0.991125,352.61,176.666,352.438,175.69,0
1077,35.1,32.3215,234.071,211.02,249.189,185.076,0
1078,211.804,187.557,465.415,324.223,400.921,174.918,1
1079,136.299,149.809,201.382,368.587,67.8422,405.007,0
1080,169.401,201.087,215.036,462.211,139.879,611.081,0
1081,211.804,181.742,471.117,402.963,604.091,335.853,1
1082,23.8001,27.6509,235.63,205.847,249.221,185.052,0
1083,211.804,31.4046,486.699,156.587,486.171,155.316,1
1084,211.804,272.562,322.645,453.113,102.361,404.179,1
1085,211.804,238.509,429.214,368.025,399.65,174.321,1
1086,113.999,141.096,263.04,655.899,144.846,616.135,0
1087,106.999,163.515,403.736,708.277,313.555,818.314,0
1088,61.0996,62.5003,203.94,214.445,249.278,185.24,0
1089,96.7991,124.147,347.784,275.157,349.55,174.609,0
1090,68.4995,84.8632,569.373,126.202,653.484,129.964,0
1091,97.8991,104.249,565.774,322.286,630.264,333.984,0
1092,211.804,211.392,443.321,441.379,598.627,509.859,1
1093,72.6995,88.1364,258.627,792.398,310.448,818.898,0
1094,14.8,21.3106,165.172,621.834,144.784,615.769,0
1095,106.799,128.557,395.232,242.894,355.614,174.414,0
1096,193.603,155.101,195.797,316.656,248.244,184.723,0
1097,17.6,23.9206,317.112,795.087,312.824,817.966,0
1098,166.701,188.74,199.216,463.324,139.663,611.126,0
1099,40.1,34.072,244.413,218.84,249.863,185.098,0
1100,211.804,233.125,427.329,565.898,543.371,617.424,1
1101,65.9996,77.5317,145.127,401.115,67.7391,404.991,0
1102,211.804,242.983,292.945,449.581,100.124,404.215,1
1103,37.7,63.4919,211.611,725.693,153.208,701.6,0
1104,211.804,147.508,393.101,461.378,514.613,447.092,1
1105,211.804,248.884,381.022,433.02,324.744,211.031,1
1106,211.804,169.65,234.901,343.194,249.175,185.764,1
1107,34.0001,36.0185,256.459,219.801,249.812,185.102,0
1108,141.799,177.803,395.031,284.064,355.61,174.335,0
1109,117.699,141.644,456.589,220.505,355.595,174.327,0
1110,147.4,177.232,481.188,123.509,653.508,130.029,0
1111,78.5994,103.139,240.666,738.424,152.588,701.781,0
1112,82.5993,118.213,552.586,194.838,647.896,191.356,0
1113,67.2995,72.2909,193.852,214.377,248.806,185.025,0
1114,18.8,20.8731,592.764,612.354,613.251,613.033,0
1115,125.199,198.932,504.457,295.377,647.95,197.606,0
1116,114.999,156.04,215.747,517.615,140.206,611.206,0
1117,211.804,204.81,443.079,444.614,597.494,503.927,1
1118,85.4993,139.175,561.85,281.422,647.815,197.625,0
1119,12.6,13.515,589.065,834.875,602.435,833.482,0
1120,164.201,154.182,527.74,547.329,613.195,612.558,0
1121,198.003,182.664,226.947,350.276,249.592,185.231,0
1122,60.1997,64.9646,267.988,246.592,249.784,185.126,0
1123,211.804,138.299,490.927,632.044,596.026,613.729,1
1124,30.5001,30.2857,232.409,203.9,248.905,184.992,0
1125,89.1992,106.27,248.632,631.58,144.667,616.282,0
1126,69.5995,118.656,224.619,706.689,149.428,693.284,0
1127,128.599,157.746,371.992,279.273,350.079,174.784,0
1128,114.199,154.916,216.972,519.431,140.209,611.201,0
1129,22.9001,36.2945,315.266,183.503,350.107,174.764,0
1130,37.9,50.9678,608.308,144.353,653.548,129.952,0
1131,143.1,140.223,270.213,647.398,144.728,615.572,0
1132,116.499,134.828,357.375,270.319,350.055,174.772,0
1133,17.1,22.6249,596.288,794.683,606.307,811.966,0
1134,52.0998,47.9374,218.392,215.129,249.207,185.149,0
1135,97.7991,120.344,610.764,730.041,612.419,752.073,0
1136,179.702,245.417,372.071,608.135,313.008,818.109,0
1137,1.8,0.991637,245.409,176.059,245.984,176.799,0
1138,40.8999,38.4765,259.213,221.866,249.904,185.089,0
1139,63.3996,74.1076,420.722,148.345,355.928,173.777,0
1140,60.9996,70.6022,573.707,706.771,612.102,752.604,0
1141,211.804,150.975,447.664,400.512,537.162,351.922,1
1142,27.7001,40.574,616.839,261.529,636.063,282.579,0
1143,108.499,122.023,466.566,188.578,356.147,173.289,0
1144,25.4001,36.5938,404.509,114.462,405.861,78.1807,0
1145,39.8,58.299,568.229,788.93,606.412,812.052,0
1146,144,141.51,289.145,298.387,251.14,184.536,0
1147,211.804,221.87,419.46,569.438,543.945,617.649,1
1148,49.6998,59.145,595.081,132.138,653.656,130.291,0
1149,36,26.5512,269.431,204.193,253.046,183.817,0
1150,7.99999,9.41387,648.813,137.222,653.451,129.902,0
1151,54.5997,85.4091,320.048,739.871,312.756,817.986,0
1152,32.3001,44.4645,174.015,636.32,144.783,615.815,0
1153,46.7999,61.8487,406.521,153.536,356.03,173.802,0
1154,211.804,216.898,479.557,466.208,605.983,538.439,1
1155,129.599,153.172,513.991,145.887,653.515,130.043,0
1156,80.2993,95.2821,266.103,277.315,249.924,185.111,0
1157,211.704,191.984,494.107,238.484,356.147,173.613,0
1158,44.6999,55.9246,90.1233,439.446,67.6583,405.536,0
1159,204.003,213.254,329.824,596.318,144.741,615.601,0
1160,66.0996,84.0556,179.065,559.613,139.938,611.115,0
1161,18.8,27.8117,320.344,791.507,312.766,818.047,0
1162,142.099,133.184,535.363,562.267,613.243,612.615,0
1163,211.804,85.6975,416.916,528.68,426.346,543.931,1
1164,111.399,140.418,234.935,770.082,152.666,701.798,0
1165,54.9997,64.4718,201.786,210.94,248.382,184.759,0
1166,27.5001,43.1498,159.876,646.698,140.149,620.781,0
1167,123.999,108.85,162.36,414.611,67.6167,405.495,0
1168,94.8991,119.848,116.811,483.347,67.8311,405.147,0
1169,143.5,141.39,539.445,552.067,613.356,612.429,0
1170,124.699,149.173,270.365,657.145,144.753,615.804,0
1171,69.6995,115.191,353.36,712.394,313.298,818.167,0
1172,143.9,152.397,334.424,294.281,350.244,174.854,0
1173,193.603,285.522,288.912,493.527,139.912,611.09,0
1174,211.804,157.743,378.506,489.796,505.784,454.372,1
1175,98.6991,117.096,610.988,725.662,612.404,751.951,0
1176,84.0993,101.214,347.358,237.614,349.693,174.739,0
1177,211.804,157.025,434.787,655.021,553.185,617.221,1
1178,115.799,178.664,481.353,702.876,611.951,753.086,0
1179,211.804,55.2475,187.135,655.564,174.366,659.089,1
1180,55.5997,53.8056,264.992,236.315,249.797,185.061,0
1181,52.2998,67.206,277.145,778.523,311.862,818.282,0
1182,211.804,138.912,395.239,461.167,515.75,451.58,1
1183,89.3992,127.74,236.355,767.078,152.957,701.634,0
1184,105.599,137.972,503.965,720.136,612.021,752.83,0
1185,109.899,157.663,343.189,669.529,312.319,818.111,0
1186,28.1001,45.6379,306.303,184.747,350.374,174.974,0
1187,211.804,235.018,463.578,242.548,370.551,174.323,1
1188,199.703,182.247,544.885,520.333,613.197,612.75,0
1189,27.4001,38.5961,260.069,222.153,249.826,185.114,0
1190,41.8999,59.9578,126.415,567.487,139.687,611.052,0
1191,10.8,16.5613,141.248,594.86,139.949,611.062,0
1192,63.8996,71.595,581.702,662.86,613.231,612.615,0
1193,177.802,212.01,379.588,342.785,350.258,174.87,0
1194,4.4,5.07781,606.421,753.593,611.192,755.298,0
1195,190.002,171.449,242.767,344.964,250.404,184.889,0
1196,11.5,16.4134,335.119,180.375,350.522,175.039,0
1197,114.999,164.324,340.651,663.69,312.473,818.007,0
1198,197.003,205.908,481.393,285.993,630.261,334.124,0
1199,46.8999,66.2779,149.074,546.387,139.866,611.184,0
1200,0,0,147.358,698.135,147.338,698.114,0
1201,186.502,193.207,473.283,304.794,630.382,334.063,0
1202,93.5991,90.3847,273.669,770.304,310.604,818.785,0
1203,186.502,170.876,168.289,308.263,248.234,184.652,0
1204,104.399,117.05,526.381,358.497,630.373,334.436,0
1205,36.5,41.9379,294.261,186.669,253.533,182.546,0
1206,61.3996,71.9624,415.784,196.195,355.557,174.323,0
1207,121.499,188.091,294.975,717.913,149.497,693.206,0
1208,211.804,188.879,505.989,518.794,600.34,612.258,1
1209,58.9997,76.1615,315.034,223.662,349.858,174.769,0
1210,211.804,98.8286,455.726,480.709,517.653,443.543,1
1211,211.804,228.162,395.81,403.455,324.042,207.473,1
1212,13.8,18.0899,149.092,675.144,149.727,693.163,0
1213,66.0996,61.8159,301.32,766.791,311.274,818.593,0
1214,17.8,27.8503,625.038,211.819,647.979,197.883,0
1215,146.8,178.212,199.368,470.886,139.508,611.228,0
1216,71.7995,101.793,563.046,478.569,615.756,539.504,0
1217,211.804,148.837,456.177,468.547,577.8,450.753,1
1218,59.7997,65.8644,587.595,128.83,653.471,130.049,0
1219,69.6995,81.9846,147.958,396.999,67.69,405.527,0
1220,111.099,146.261,319.096,296.423,251.059,184.577,0
1221,78.3994,131.378,266.704,718.171,153.725,700.253,0
1222,211.804,143.873,405.161,489.079,514.043,449.165,1
1223,211.804,163.704,451.973,693.367,552.855,618.559,1
1224,191.502,174.257,243.633,346.004,250.371,184.885,0
1225,211.804,253.205,351.058,476.623,216.265,624.99,1
1226,154,238.699,486.798,262.43,648.022,197.851,0
1227,31.3001,29.6675,234.224,207.424,249.12,185.083,0
1228,12.9,17.1231,598.11,798.131,606.594,811.297,0
1229,211.804,170.487,430.661,617.466,551.176,617.901,1
1230,12.9,17.9437,371.307,181.894,355.447,174.494,0
1231,33.4001,43.4631,569.146,756.602,611.262,754.864,0
1232,0,0,611.008,811.476,611.008,811.476,0
1233,147.8,208.84,311.848,349.236,251.496,184.433,0
1234,211.804,195.456,474.714,421.903,602.925,335.251,1
1235,211.804,121.449,503.091,621.194,578.725,617.771,1
1236,84.7993,95.1141,542.306,334.514,630.393,333.792,0
1237,198.503,314.956,391.197,575.665,312.813,818.131,0
1238,70.0995,79.5201,415.832,204.899,355.631,174.428,0
1239,112.199,115.069,246.808,612.796,144.724,615.719,0
1240,211.804,219.928,394.001,324.248,349.151,175.438,1
1241,161.501,198.901,402.003,298.569,355.623,174.376,0
1242,126.299,148.741,541.872,444.098,615.467,539.771,0
1243,10,12.0664,362.053,184.265,355.574,174.314,0
1244,50.9998,72.6886,318.562,754.13,311.861,818.321,0
1245,133.899,177.784,213.643,497.912,139.999,611.06,0
1246,44.6999,47.4538,299.751,185.571,253.275,183.145,0
1247,161.301,151.156,191.395,311.954,248.689,184.92,0
1248,81.9993,130.925,353.014,695.491,313.203,818.178,0
1249,211.804,223.751,387.241,365.092,338.814,183.191,1
1250,89.5992,111.395,213.753,654.053,144.815,616.076,0
1251,211.804,210.378,446.615,439.043,598.225,513.62,1
1252,51.3998,51.1131,215.304,217.003,248.279,184.777,0
1253,158.2,178.731,360.026,327.028,349.761,174.678,0
1254,26.8001,36.4092,616.181,265.053,635.883,282.313,0
1255,211.804,141.864,392.772,483.008,508.324,454.036,1
1256,211.804,209.047,293.867,379.473,249.076,199.372,1
1257,211.804,217.486,467.534,328.018,368.471,174.988,1
1258,28.6001,44.2355,607.481,214.651,647.883,197.666,0
1259,12.8,15.4549,248.559,200.394,249.41,185.123,0
1260,186.402,296.256,375.7,567.203,312.625,817.981,0
1261,211.804,218.361,320.852,549.881,173.316,619.648,1
1262,211.804,292.548,324.793,479.445,142.055,575.867,1
1263,142.199,156.265,503.535,126.563,653.573,130.107,0
1264,42.4999,61.968,325.992,217.895,349.731,174.7,0
1265,19.1,27.0966,300.7,798.973,312.068,818.186,0
1266,85.6993,105.636,548.846,121.091,653.47,130.033,0
1267,20.2,28.5971,384.235,174.594,355.781,174.232,0
1268,211.804,193.237,469.342,327.528,392.583,174.275,1
1269,129.099,180.199,521.634,228.471,648.523,190.761,0
1270,42.5999,48.9965,296.864,199.696,253.216,183.224,0
1271,126.999,135.173,246.301,311.326,249.992,185.025,0
1272,125.699,130.804,281.763,301.038,250.428,184.918,0
1273,197.603,206.695,472.843,393.757,630.257,334.056,0
1274,27.1001,36.8015,575.075,756.125,611.106,755.125,0
1275,121.699,104.277,208.269,267.365,248.584,184.911,0
1276,5.7,6.64044,609.27,542.424,615.672,540.66,0
1277,211.804,163.176,466.807,688.882,554.067,615.47,1
1278,33.1001,29.4091,97.3014,406.493,67.7304,405.28,0
1279,137.499,126.932,130.098,507.31,139.536,611.15,0
1280,211.804,224.326,397.511,396.534,322.971,205.69,1
1281,14.6,21.2112,136.181,641.405,139.868,620.841,0
1282,178.802,249.849,377.016,606.63,312.717,817.973,0
1283,211.804,146.111,452.819,648.056,565.665,617.765,1
1284,112.599,101.435,231.11,282.898,249.267,185.236,0
1285,2.8,2.27615,645.617,190.73,647.697,191.657,0
1286,211.804,240.224,434.545,548.844,544.722,616.047,1
1287,105.599,157.602,344.442,668.903,313.442,818.24,0
1288,64.0996,85.8434,578.707,149.089,653.462,129.767,0
1289,81.6993,88.6563,402.352,211.698,356.118,173.563,0
1290,167.101,199.686,374.802,332.121,350.138,174.753,0
1291,58.5997,98.799,341.719,723.712,312.901,818.003,0
1292,87.9992,112.566,187.83,253.942,248.859,185.03,0
1293,166.101,234.659,400.885,665.986,313.299,818.237,0
1294,200.303,151.057,492.741,621.886,613.333,613.164,0
1295,44.3999,35.271,251.687,220.121,249.854,185.139,0
1296,211.804,142.721,521.455,546.868,574.371,617.505,1
1297,68.1995,100.202,567.135,196.619,647.826,191.708,0
1298,13.3,16.174,83.7119,403.404,67.7134,405.22,0
1299,125.599,129.478,279.562,301.431,249.863,185.15,0
1300,31.3001,36.3598,286.863,195.595,253.215,183.364,0
1301,176.102,217.256,487.123,457.914,615.592,540.095,0
1302,179.902,158.478,202.538,425.44,67.687,404.934,0
1303,132.899,153.179,521.051,387.576,630.363,334.055,0
1304,99.899,100.576,164.367,407.193,67.6992,405.555,0
1305,43.5999,67.3691,209.249,622.708,144.714,615.936,0
1306,9.5,13.8112,598.974,748.449,611.828,753.422,0
1307,151.1,173.744,335.609,313.423,349.865,174.656,0
1308,115.199,140.911,553.217,402.745,630.311,334.096,0
1309,158.9,171.058,335.646,312.633,349.826,174.7,0
1310,211.804,218.525,388.057,339.409,342.621,178.277,1
1311,61.3996,83.3837,546.761,733.268,611.948,753.098,0
1312,101.899,128.421,130.647,478.754,67.7097,405.566,0
1313,188.402,205.619,492.362,415.547,630.317,334.154,0
1314,144.6,173.203,228.119,552.429,144.648,615.732,0
1315,211.804,230.25,295.018,452.898,112.981,405.892,1
1316,118.099,131.736,311.309,266.312,350.097,174.738,0
1317,78.7994,94.0482,565.393,141.473,653.519,130.081,0
1318,211.804,219.682,495.076,485.044,603.749,530.241,1
1319,211.804,220.164,314.804,517.77,202.654,625.791,1
1320,28.8001,38.9564,162.294,590.942,144.741,616.333,0
1321,31.0001,41.9995,612.37,176.102,648.358,190.911,0
1322,211.804,211.88,447.578,574.743,550.28,614.824,1
1323,211.804,210.17,412.594,362.504,397.851,174.852,1
1324,211.804,200.672,392.925,334.217,334.499,184.71,1
1325,211.804,195.982,324.146,602.543,151.626,616.2,1
1326,211.804,143.723,397.712,465.36,515.478,452.093,1
1327,211.804,152.516,204.85,436.835,84.2995,405.652,1
1328,211.804,177.419,221.815,430.939,83.547,405.593,1
1329,37.4,51.0661,614.485,165.652,648.241,190.968,0
1330,97.6991,128.115,598.269,441.539,615.562,539.66,0
1331,3.1,3.11315,251.296,187.941,250.179,185.035,0
1332,65.5996,83.0958,571.043,124.432,653.514,129.845,0
1333,149.8,114.93,230.72,296.597,249.195,185.069,0
1334,106.999,145.773,547.477,443.856,615.678,539.741,0
1335,72.3995,114.325,585.151,272.667,647.873,197.738,0
1336,211.804,233.739,456.768,549.07,546.711,617.498,1
1337,70.3995,88.059,579.451,190.327,647.76,191.457,0
1338,88.6992,87.1787,587.855,355.781,630.401,334.472,0
1339,136.699,138.064,313.149,288.939,250.244,184.938,0
1340,185.102,208.346,376.193,340.959,349.609,174.561,0
1341,62.2996,76.6706,199.708,593.345,144.753,615.76,0
1342,211.804,219.746,366.783,398.794,322.221,189.263,1
1343,125.999,185.013,408.11,691.791,313.215,818.243,0
1344,35,29.8596,591.742,624.652,613.303,613.187,0
1345,155,170.775,511.352,400.35,630.295,334.076,0
1346,19.8,28.6041,574.243,834.752,602.464,833.31,0
1347,55.7997,60.6605,606.873,647.542,613.155,612.652,0
1348,141.399,158.39,372.063,278.166,349.885,174.707,0
1349,211.804,225.661,396.056,400.093,323.162,206.783,1
1350,20.6,33.6036,318.434,184.25,350.577,174.991,0
1351,73.6994,91.1931,136.874,530.369,139.93,611.166,0
1352,211.804,146.59,459.158,456.465,581.514,457.318,1
1353,211.804,209.128,466.158,255.38,381.356,174.348,1
1354,3.7,3.93785,136.467,623.733,137.546,619.945,0
1355,70.1995,76.1303,588.794,367.714,630.37,334.498,0
1356,149.6,191.678,513.873,231.622,647.974,191.364,0
1357,211.804,219.16,437.029,354.706,395.588,174.304,1
1358,123.599,161.491,613.639,423.595,615.479,540.115,0
1359,0,0,314.783,821.436,314.783,821.436,0
1360,76.1994,70.6868,301.23,757.247,311.241,818.636,0
1361,211.804,233.401,288.088,556.648,158.531,617.64,1
1362,31.5001,44.7373,400.355,174.866,355.773,174.179,0
1363,204.703,165.446,486.832,637.879,613.32,613.165,0
1364,211.804,189.217,496.232,245.651,366.445,174.402,1
1365,116.299,160.15,344.695,667.444,312.971,818.074,0
1366,2.5,2.10608,609.135,754.428,611.15,755.031,0
1367,117.599,118.909,527.52,362.458,630.386,333.846,0
1368,25.1001,42.2621,321.215,777.131,312.789,818.109,0
1369,121.399,104.044,211.192,258.521,248.09,184.655,0
1370,7.2,8.76576,358.777,182.559,355.649,174.339,0
1371,211.804,164.345,428.708,620.301,553.415,618.411,1
1372,38.4,54.7225,406.944,163.177,355.901,173.893,0
1373,211.804,212.575,444.462,442.209,598.907,515.401,1
1374,59.7997,99.9524,344.123,723.578,313.064,818.13,0
1375,147.6,133.997,291.565,289.458,249.963,185.031,0
1376,5,5.94183,150.63,616.123,144.709,615.975,0
1377,85.5993,104.872,423.69,228.472,355.61,174.375,0
1378,141.899,144.85,330.9,284.158,349.793,174.713,0
1379,128.499,140.678,498.656,339.666,630.256,333.986,0
1380,9.5,12.9465,258.141,195.59,252.636,184.048,0
1381,211.804,159.646,444.072,677.024,551.697,617.619,1
1382,45.8999,79.5107,335.909,742.18,312.872,817.986,0
1383,70.5995,119.117,263.579,729.388,152.787,701.836,0
1384,211.804,168.52,385.988,505.137,512.889,454.424,1
1385,211.804,131.557,425.306,489.486,514.566,451.449,1
1386,92.0992,99.8337,263.544,282.219,250.303,184.862,0
1387,136.899,135.079,203.469,307.324,249.236,185.137,0
1388,142.399,197.945,354.743,639.095,312.375,818.083,0
1389,47.8998,66.8405,550.066,748.91,612.127,752.731,0
1390,42.5999,64.3482,561.748,789.869,606.203,812.2,0
1391,191.803,208.852,346.257,344.081,350.153,174.755,0
1392,211.804,195.095,401.87,350.229,323.119,199.319,1
1393,211.804,270.084,338.593,532.177,169.105,619.573,1
1394,53.5998,66.2649,598.274,148.398,653.662,129.737,0
1395,6.9,6.48519,630.791,281.568,635.835,282.107,0
1396,32.5001,47.3558,185.046,673.003,150.092,693.334,0
1397,111.499,134.792,519.912,124.305,653.574,129.964,0
1398,211.804,150.444,385.303,458.045,516.037,451.079,1
1399,156.8,143.82,195.728,307.343,249.045,185.047,0
1400,47.4998,59.7153,162.249,567.613,139.869,611.077,0
1401,71.9995,95.3809,179.269,545.415,140.116,611.088,0
1402,160.201,185.117,311.013,325.993,251.336,184.544,0
1403,21.9,30.7924,386.035,171.333,355.835,174.068,0
1404,90.0992,134.511,511.431,719.529,611.776,753.53,0
1405,211.804,89.9632,472.188,333.498,470.735,330.126,1
1406,204.403,211.74,280.641,376.203,250.714,184.771,0
1407,200.403,225.227,475.645,425.211,615.49,539.982,0
1408,4.4,4.70079,308.347,814.773,310.889,818.695,0
1409,62.9996,76.5106,577.478,131.558,653.594,130.262,0
1410,120.799,110.827,236.984,290.755,249.604,185.208,0
1411,41.2999,51.8174,605.719,170.441,647.702,191.965,0
1412,187.002,161,493.112,157.836,355.949,173.621,0
1413,151.4,236.333,488.286,261.145,648,197.777,0
1414,104.099,120.693,555.574,294.503,630.465,333.812,0
1415,207.903,206.836,469.148,298.279,630.375,334.064,0
1416,199.203,236.24,347.527,591.177,144.83,615.904,0
1417,108.399,130.302,524.294,123.3,653.557,129.986,0
1418,148.3,175.092,336.419,315.101,349.803,174.688,0
1419,211.804,190.906,468.669,359.406,590.895,336.6,1
1420,139.399,160.627,425.403,284.249,355.628,174.338,0
1421,74.8994,115.369,358.162,715.537,312.739,817.99,0
1422,145.3,179.341,211.376,498.699,139.939,611.083,0
1423,51.1998,76.805,214.975,675.703,149.53,693.237,0
1424,81.2993,90.948,163.431,535.06,139.922,611.088,0
1425,126.599,135.214,515.905,365.682,630.42,333.835,0
1426,211.804,186.492,256.97,381.966,85.6649,404.68,1
1427,195.003,148.202,181.662,441.211,67.6633,405.531,0
1428,88.2992,116.871,562.613,460.604,615.563,539.666,0
1429,211.804,210.684,457.821,500.832,558.297,615.387,1
1430,81.4993,117.624,586.319,444.652,615.806,540.563,0
1431,72.4995,94.1235,347.064,228.721,349.838,174.636,0
1432,11.6,14.1747,600.27,745.045,612.267,752.302,0
1433,160.101,199.94,330.774,348.626,250.757,184.655,0
1434,128.599,173.083,216.599,500.747,140.076,611.12,0
1435,211.804,268.147,322.376,445.459,113.614,404.327,1
1436,142.199,116.285,223.88,297.169,248.482,184.821,0
1437,57.7997,64.7006,130.593,399.518,67.633,405.594,0
1438,211.804,79.7353,304.441,398.676,306.328,390.542,1
1439,211.804,184.905,322.989,618.934,149.512,615.814,1
1440,170.901,174.6,442.862,279.854,355.61,174.381,0
1441,24.8001,33.1075,582.814,601.246,613.272,612.492,0
1442,55.4997,67.9023,595.003,149.726,653.672,130.303,0
1443,211.804,223.429,318.005,548.783,164.425,618.319,1
1444,201.803,171.548,304.046,645.509,144.714,615.625,0
1445,211.804,157.796,447.992,667.307,556.798,618.755,1
1446,43.9999,43.6655,110.953,399.684,67.8079,405.395,0
1447,131.699,134.228,464.915,166.274,356.045,173.674,0
1448,207.203,211.365,246.829,417.451,67.7242,404.83,0
1449,43.2999,59.2603,161.489,568.739,139.843,611.142,0
1450,211.804,161.62,456.99,597.891,609.856,612.598,1
1451,6.6,8.32882,140.393,602.912,139.902,611.202,0
1452,25.0001,32.8458,601.143,331.678,630.406,334.014,0
1453,211.804,187.055,480.084,280.242,382.378,175.073,1
1454,211.804,218.595,466.981,442.292,605.991,540.962,1
1455,28.8001,35.9756,566.537,833.801,602.496,833.313,0
1456,48.2998,68.0491,591.906,233.961,648.409,198.169,0
1457,136.199,104.571,517.588,628.849,613.268,612.762,0
1458,209.604,178.976,252.669,343.398,248.701,184.903,0
1459,40.3,64.1702,193.123,684.203,152.444,701.739,0
1460,191.803,277.114,336.061,404.02,250.952,184.625,0
1461,122.999,169.599,306.526,680.407,312.228,818.164,0
1462,79.0994,78.6825,589.415,356.722,630.448,333.779,0
1463,157.5,180.586,381.974,246.383,350.214,174.787,0
1464,105.299,130.663,346.908,282.785,350.262,174.871,0
1465,17.6,27.3426,177.858,712.437,152.734,701.789,0
1466,64.9996,85.2507,530.303,611.087,613.23,612.767,0
1467,85.7993,91.7158,159.105,398.412,67.8397,405.116,0
1468,31.7001,29.6637,584.744,616.815,613.347,613.215,0
1469,200.003,293.997,304.791,505.734,139.842,611.062,0
1470,166.601,174.903,447.226,277.235,355.578,174.396,0
1471,14.4,19.1014,332.706,181.41,350.167,174.914,0
1472,112.499,154.641,507.346,698.697,611.982,752.807,0
1473,80.6993,99.2487,555.251,121.682,653.584,130.046,0
1474,54.1997,77.0747,590.39,288.584,630.396,334.39,0
1475,211.804,198.742,296.126,364.148,249.984,197.897,1
1476,138.699,149.854,504.246,121.14,653.542,129.757,0
1477,180.302,261.461,381.582,612.76,312.289,818.139,0
1478,211.804,225.194,453.906,436.512,605.39,535.576,1
1479,209.504,165.707,487.458,662.213,613.195,612.973,0
1480,211.804,151.263,451.665,470.439,577.004,450.244,1
1481,96.3991,140.213,604.786,443.841,615.665,540.405,0
1482,59.7997,84.0759,148.21,527.815,139.945,611.084,0
1483,181.402,203.183,370.193,344.522,349.6,174.649,0
1484,100.599,158.229,399.964,709.111,313.431,818.185,0
1485,125.699,132.584,548.141,299.724,630.351,333.889,0
1486,86.7992,116.774,612.154,457.723,615.702,539.635,0
1487,19.1,18.9945,262.474,199.33,252.49,184.009,0
1488,46.2999,59.2294,399.327,185.625,355.785,174.279,0
1489,72.9995,92.4821,117.908,456.355,67.6788,404.869,0
1490,98.5991,112.56,228.078,606.795,144.686,615.563,0
1491,20.9,30.4836,600.605,785.105,606.412,811.684,0
1492,155.4,140.846,290.907,304.43,250.195,184.997,0
1493,162.101,216.051,511.629,504.802,615.606,539.997,0
1494,96.3991,111.467,555.237,686.577,611.935,753.119,0
1495,74.3994,75.5599,593.971,358.064,630.351,334.449,0
1496,130.599,159.423,549.492,422.482,615.604,539.613,0
1497,176.902,216.413,272.656,559.671,144.603,615.659,0
1498,211.804,208.041,445.919,386.316,602.06,336.195,1
1499,154.5,207.028,371.367,643.578,312.348,818.119,0
1500,211.804,262.016,374.906,451.997,324.795,213.154,1
1501,211.804,65.921,445.894,338.665,443.644,331.751,1
1502,23.9001,23.4626,271.061,197.853,252.526,184.006,0
1503,81.3993,103.45,189.928,246.644,248.629,184.888,0
1504,211.804,210.671,294.392,379.541,248.639,198.96,1
1505,211.804,190.767,511.222,515.477,597.309,612.231,1
1506,211.804,207.169,280.499,561.071,148.153,615.756,1
1507,211.804,234.38,412.285,361.184,376.41,174.629,1
1508,88.8992,98.4511,215.408,269.648,248.133,184.716,0
1509,211.804,220.424,439.299,389.988,601.874,334.865,1
1510,13.3,19.7837,375.13,178.106,355.913,174.002,0
1511,168.801,155.154,445.448,149.004,355.93,173.868,0
1512,122.499,149.905,597.611,451.252,615.572,539.656,0
1513,193.003,166.388,278.102,597.052,144.562,615.552,0
1514,129.899,126.149,212.645,302.779,248.845,184.966,0
1515,122.899,192.509,528.559,254.235,647.872,197.821,0
1516,0,0,606.63,811.165,606.63,811.165,0
1517,211.804,138.98,403.92,489.924,510.828,454.409,1
1518,114.499,122.54,532.24,671.346,613.16,612.829,0
1519,25.4001,40.0662,313.682,189.599,350.626,174.988,0
1520,68.4995,75.8457,588.79,364.708,630.468,334.479,0
1521,89.2992,102.437,168.421,392.821,67.837,405.184,0
1522,211.804,294.188,278.609,476.427,139.835,597.143,1
1523,69.1995,66.9556,304.77,759.923,311.562,818.379,0
1524,0,0,642.135,286.143,642.135,286.143,0
1525,135.499,155.367,424.319,280.157,355.675,174.347,0
1526,106.899,151.56,277.422,689.964,149.212,693.459,0
1527,49.4998,63.1916,590.323,308.586,630.37,334.083,0
1528,57.6997,98.5536,581.116,257.755,647.95,197.701,0
1529,160.701,165.244,501.32,326.772,630.345,334.028,0
1530,112.599,137.106,313.1,291.854,250.765,184.669,0
1531,135.299,128.693,491.141,603.163,613.237,612.613,0
1532,13.5,16.3547,636.007,209.136,648.214,198.144,0
1533,211.804,277.021,376.086,559.425,159.018,618.38,1
1534,12.1,14.0926,245.908,198.627,249.29,185.195,0
1535,211.804,228.012,285.543,395.645,249.954,196.868,1
1536,107.399,127.045,510.945,336.807,630.313,333.863,0
1537,6.1,7.57574,655.417,206.034,652.203,199.174,0
1538,154.4,156.25,237.074,329.844,250.028,185.014,0
1539,85.4993,138.142,378.932,707.73,313.387,818.168,0
1540,137.199,214.085,517.191,253.592,647.888,197.678,0
1541,211.804,218.929,394.53,328.858,348.316,176.733,1
1542,133.599,159.32,508.328,146.252,653.535,130.158,0
1543,7.2,9.41284,153.812,684.862,151.344,693.946,0
1544,110.299,148.594,546.384,440.781,615.528,539.773,0
1545,132.999,139.014,246.468,315.265,250.396,184.946,0
1546,142.199,187.529,383.674,666.508,312.956,818.12,0
1547,31.2001,48.4282,323.673,203.838,350.067,174.84,0
1548,152.1,198.014,512.698,463.684,615.532,540.157,0
1549,8.5,11.6177,604.441,543.493,615.581,540.214,0
1550,112.599,144.324,587.144,422.744,615.656,539.691,0
1551,122.899,117.552,217.111,296.011,248.201,184.662,0
1552,211.804,176.335,217.679,432.927,79.3558,405.647,1
1553,79.0994,92.0283,122.548,452.44,67.7438,404.97,0
1554,179.702,152.502,298.734,312.187,249.821,185.121,0
1555,50.7998,60.8045,265.017,242.939,250.333,184.928,0
1556,81.3993,112.629,526.788,725.801,611.782,753.425,0
1557,11.5,15.8855,338.098,185.15,349.756,174.621,0
1558,68.7995,90.9305,153.167,521.634,139.89,611.078,0
1559,211.804,221.279,455.072,489.272,555.127,615.045,1
1560,140.899,219.659,504.594,257.453,648.056,198.014,0
1561,211.804,212.594,484.027,437.703,612.889,539.79,1
1562,41.0999,60.735,599.962,201.77,647.958,197.811,0
1563,107.799,101.726,234.545,282.544,249.119,185.133,0
1564,131.999,133.006,303.779,293.016,250.746,184.705,0
1565,125.399,117.091,509.866,592.142,613.248,612.766,0
1566,177.202,140.904,162.02,446.961,67.724,405.553,0
1567,99.0991,109.877,260.585,291.462,249.956,185.04,0
1568,27.5001,40.2796,411.948,117.342,405.889,78.1428,0
1569,19.1,25.6514,585.499,805.179,606.997,810.385,0
1570,99.5991,119.341,611.646,730.176,612.386,751.936,0
1571,167.001,157.884,499.068,351.671,630.308,334.15,0
1572,177.102,230.312,497.514,501.974,615.468,540.131,0
1573,211.804,220.971,463.79,456.155,604.003,534.658,1
1574,178.302,188.729,496.511,299.471,630.382,334.083,0
1575,136.299,214.731,522.408,257.324,648.012,197.996,0
1576,91.4992,133.701,348.779,693.372,313.055,818.1,0
1577,211.804,91.8211,463.263,465.71,529.118,444.095,1
1578,77.9994,120.922,362.431,712.827,313.378,818.153,0
1579,14.8,20.2052,601.977,530.979,615.597,540.343,0
1580,103.499,147.386,495.768,718.257,611.79,753.425,0
1581,168.101,231.414,380.257,630.346,312.318,818.122,0
1582,211.804,149.352,467.098,597.766,605.088,613.037,1
1583,211.804,199.264,264.808,367.354,248.961,195.319,1
1584,211.804,222.253,450.97,564.169,549.15,614.559,1
1585,75.9994,90.1827,223.239,267.688,249.07,185.125,0
1586,25.0001,41.0396,185.896,705.797,152.694,701.818,0
1587,6.7,8.70611,594.313,830.214,602.718,832.483,0
1588,58.3997,66.1254,587.848,127.568,653.525,129.819,0
1589,211.804,195.838,478.018,408.609,616.63,333.568,1
1590,118.699,146.661,398.371,258.38,355.555,174.305,0
1591,168.301,210.295,333.016,358.783,250.849,184.749,0
1592,71.6995,90.578,191.274,233.799,248.263,184.776,0
1593,9.4,12.1006,590.817,830.759,602.461,833.36,0
1594,55.9997,61.0806,126.628,399.056,67.6806,405.594,0
1595,179.502,157.715,558.847,532.055,613.341,612.463,0
1596,202.903,153.282,498.448,618.576,613.277,613.156,0
1597,114.199,135.998,257.968,654.743,144.646,615.552,0
1598,211.804,216.604,390.129,358.145,332.45,183.096,1
1599,11.4,15.2885,603.275,763.083,611.206,754.792,0
1600,8.8,12.7402,164.52,706.602,152.763,701.796,0
1601,140.799,132.3,463.309,162.516,355.613,174.324,0
1602,211.804,188.948,463.576,347.345,400.316,174.722,1
1603,178.802,136.724,164.457,442.049,67.6937,405.54,0
1604,118.799,143.031,519.106,130.704,653.602,129.755,0
1605,29.8001,36.313,286.948,194.36,253.474,182.502,0
1606,187.502,176.477,219.57,348.865,67.7269,404.805,0
1607,64.1996,72.6849,594.492,360.167,630.356,334.276,0
1608,86.5993,112.03,186.906,533.571,139.865,611.162,0
1609,16.7,25.3789,319.484,793.493,312.998,818.054,0
1610,82.4993,97.3939,418.098,223.128,356.135,173.594,0
1611,106.699,100.814,164.952,406.85,67.7573,405.427,0
1612,30.1001,36.4134,602.486,584.912,613.359,612.187,0
1613,16.4,23.9909,578.83,835.459,602.524,833.298,0
1614,35.7,56.8889,192.234,677.611,149.485,693.194,0
1615,151.3,156.063,498.325,351.01,630.337,334.008,0
1616,184.302,244.494,272.874,520.306,139.987,611.076,0
1617,68.4995,114.534,257.655,722.823,153.437,701.129,0
1618,211.804,181.482,413.239,436.083,579.558,452.713,1
1619,143,158.748,504.373,377.712,630.391,334.123,0
1620,123.499,134.018,248.995,311.213,250.241,184.903,0
1621,43.6999,59.2653,162.466,568.813,139.874,611.085,0
1622,192.503,160.301,501.007,165.313,356.077,173.621,0
1623,27.6001,31.6975,586.365,767.883,611.079,755.256,0
1624,120.599,129.368,318.678,254.287,350.201,174.885,0
1625,44.9999,60.2983,571.078,339.777,630.349,334.158,0
1626,129.799,178.305,324.454,327.561,251.667,184.318,0
1627,211.804,212.819,318.698,526.624,197.769,623.524,1
1628,23.5001,23.7074,91.6515,403.193,67.7916,405.181,0
1629,211.804,222.885,364.308,415.037,323.274,204.037,1
1630,87.9992,99.9884,273.456,281.094,250.01,185.034,0
1631,45.5999,58.9362,611.153,153.038,653.586,130.048,0
1632,46.1999,72.4785,547.87,776.495,611.184,754.805,0
1633,175.802,202.061,490.92,441.374,615.738,539.534,0
1634,31.5001,41.9934,173.321,633.93,144.816,615.947,0
1635,39.9,58.9157,553.074,759.073,611.23,754.871,0
1636,211.804,230.885,288.187,393.814,250.477,199.508,1
1637,211.804,216.119,302.087,539.825,189.081,622.264,1
1638,211.804,213.92,456.141,337.345,363.194,174.552,1
1639,105.099,115.674,270.697,747.342,310.76,818.833,0
1640,18.6,22.6356,599.194,734.681,612.156,752.53,0
1641,10.8,16.6807,412.571,93.541,406.683,77.9486,0
1642,209.104,193.216,271.52,363.173,250.663,184.815,0
1643,18.4,28.0792,625.963,134.061,653.569,129.896,0
1644,132.699,133.874,115.755,508.588,139.694,611.161,0
1645,211.804,180.447,423.177,663.844,550.996,616.676,1
1646,40.1,44.3039,583.37,780.194,611.088,755.351,0
1647,97.0991,133.153,520.778,734.831,611.202,755.111,0
1648,79.3994,78.7399,423.701,157.15,356.295,173.205,0
1649,211.804,264.861,352.923,457.954,326.08,209.762,1
1650,88.8992,119.041,117.049,482.703,67.7428,405.491,0
1651,146,121.636,165.045,428.593,67.7843,405.376,0
1652,71.8995,88.6781,560.261,358.153,630.443,334.443,0
1653,41.6999,55.4285,89.1371,439.547,67.6843,405.61,0
1654,149.7,138.453,530.469,561.691,613.236,612.736,0
1655,86.9992,115.636,228.747,658.421,144.734,616.255,0
1656,104.999,125.073,253.232,646.434,144.817,616.121,0
1657,101.099,117.774,556.728,162.556,653.597,130.046,0
1658,39,61.8136,338.611,197.973,350.057,174.775,0
1659,211.804,223.891,236.789,468.408,95.9706,406.148,1
1660,170.001,155.012,188.235,314.794,249.434,185.211,0
1661,71.0995,117.083,349.204,708.755,313.273,818.171,0
1662,145.6,163.427,425.935,287.527,355.725,174.342,0
1663,158.5,190.961,614.219,401.951,615.661,539.612,0
1664,142.6,219.942,502.729,255.529,647.917,197.74,0
1665,24.9001,42.482,594.647,714.884,612.213,752.619,0
1666,211.804,203.385,403.401,333.384,329.163,185.191,1
1667,199.303,205.336,255.707,383.154,67.7146,404.862,0
1668,100.699,138.939,567.471,416.342,615.582,539.66,0
1669,135.199,147.72,161.241,465.42,140.123,611.1,0
1670,146.6,187.34,518.682,221.99,647.844,191.577,0
1671,175.301,159.464,276.709,329.287,249.786,185.126,0
1672,211.804,217.037,291.619,434.288,105.928,404.63,1
1673,168.801,172.989,237.575,393.21,67.7399,405.009,0
1674,114.399,152.144,489.817,718.789,612.014,752.799,0
1675,91.6992,105.55,225.532,648.955,144.832,615.817,0
1676,211.804,196.94,265.343,365.582,248.44,196.119,1
1677,25.1001,30.7604,255.337,215.22,249.673,185.175,0
1678,144,125.862,503.901,590.599,613.177,612.836,0
1679,99.4991,111.109,543.073,663.638,613.22,612.859,0
1680,211.804,212.255,235.772,468.934,104.853,405.783,1
1681,211.804,223.764,297.976,551.177,153.047,616.599,1
1682,107.799,129.873,533.275,137.404,653.51,130.037,0
1683,177.602,179.738,489.436,225.405,356.038,173.506,0
1684,211.804,223.405,401.164,363.506,323.76,187.147,1
1685,51.0998,80.53,565.589,498.269,615.987,541.099,0
1686,174.201,123.942,219.635,304.677,248.925,185.034,0
1687,134.499,166.924,547.497,212.446,647.864,191.508,0
1688,13.5,18.0699,599.51,797.155,606.188,812.266,0
1689,82.1993,81.3534,607.545,680.286,612.429,751.967,0
1690,211.804,206.627,269.211,411.531,99.8181,404.731,1
1691,111.099,116.158,525.747,347.955,630.35,334.045,0
1692,134.499,182.127,334.221,647.011,312.642,818.016,0
1693,53.6998,56.7823,122.866,398.131,67.6935,405.59,0
1694,100.499,89.8195,538.333,600.671,613.291,612.749,0
1695,211.804,297.323,273.936,497.471,139.949,607.469,1
1696,20.5,32.1407,620.219,212.383,648.338,198.08,0
1697,211.804,252.913,402.614,582.171,541.373,616.704,1
1698,71.6995,84.5422,546.83,635.97,613.224,612.827,0
1699,211.804,241.673,425.498,547.579,543.775,614.534,1
1700,211.804,137.977,403.488,494.441,508.484,454.617,1
1701,140.299,132.797,283.096,294.714,249.747,185.128,0
1702,202.003,144.954,226.328,311.153,248.762,184.978,0
1703,211.804,202.16,475.573,391.576,630.027,334.108,1
1704,165.801,191.486,218.314,473.082,139.707,611.103,0
1705,37.3,56.1841,572.148,728.169,612.118,752.648,0
1706,88.9992,129.795,523.43,736.732,611.077,755.121,0
1707,23.8001,34.8955,278.599,808.574,311.793,818.294,0
1708,131.699,144.688,296.78,304.668,251.315,184.538,0
1709,127.699,135.719,549.078,303.2,630.458,333.735,0
1710,211.804,222.367,297.834,423.271,111.915,405.616,1
1711,195.803,156.299,159.954,460.444,67.649,405.563,0
1712,32.9001,36.4186,581.304,598.102,613.342,612.512,0
1713,211.804,256.03,372.921,448.855,325.382,213.286,1
1714,211.804,264.929,321.56,445.088,120.781,404.302,1
1715,103.499,126.868,270.298,735.631,311.493,818.432,0
1716,9.3,11.4121,602.677,746.082,612.284,752.174,0
1717,67.4995,87.8826,576.309,151.232,653.475,130.045,0
1718,211.804,201.724,268.265,433.577,101.077,404.766,1
1719,27.7001,33.0832,284.996,185.744,253.185,183.181,0
1720,161.001,194.646,295.102,585.262,144.698,615.857,0
1721,211.804,258.749,357.748,462.182,324.471,212.016,1
1722,20.6,34.1564,184.979,711.592,152.811,701.717,0
1723,126.399,122.803,556.577,578.021,613.158,612.77,0
1724,130.699,159.346,186.477,478.16,140.128,611.145,0
1725,0,0,649.404,192.329,649.404,192.329,0
1726,209.004,215.328,489.039,459.733,615.489,539.93,0
1727,21.7,22.7213,593.656,617.334,613.4,613.239,0
1728,26.6001,34.6196,390.224,177.068,355.932,174.141,0
1729,19,31.496,617.289,184.739,647.845,191.597,0
1730,163.501,165.59,227.733,390.85,67.6735,404.846,0
1731,211.804,193.32,423.311,668.371,553.617,615.07,1
1732,187.202,163.688,176.552,300.647,248.194,184.646,0
1733,134.499,176.308,376.009,669.762,313.288,818.175,0
1734,149.2,157.046,276.991,605.331,144.758,616.207,0
1735,211.804,264.123,355.13,463.642,327.029,210.697,1
1736,211.804,200.4,399.56,609.802,546.536,616.727,1
1737,13.2,18.8075,403.528,96.6436,405.787,78.1698,0
1738,101.899,100.34,216.875,259.217,248.4,184.741,0
1739,123.199,144.827,517.391,132.927,653.468,129.888,0
1740,210.304,216.134,247.738,423.477,67.6489,404.823,0
1741,87.9992,143.629,264.716,665.521,149.476,693.159,0
1742,109.199,155.587,274.828,683.619,149.415,693.281,0
1743,1,0.386493,247.29,184.719,247.316,184.329,0
1744,127.999,132.521,273.06,636.865,144.799,616.122,0
1745,66.8996,90.9422,233.312,631.418,144.786,616.088,0
1746,211.804,230.664,395.407,402.099,325.557,205.476,1
1747,81.5993,94.7859,359.166,212.521,349.846,174.718,0
1748,211.804,245.286,360.35,557.526,177.603,620.938,1
1749,109.799,110.848,137.076,512.426,139.648,611.223,0
1750,77.7994,76.533,423.781,156.289,356.208,173.307,0
1751,22.2,34.0637,178.296,621.386,144.808,615.769,0
1752,41.9999,68.1355,217.141,724.222,153.467,700.858,0
1753,117.599,180.885,481.832,700.591,611.924,753.081,0
1754,211.804,191.586,444.778,337.515,392.56,175.147,1
1755,211.804,189.5,237.292,428.901,82.0984,404.757,1
1756,6.2,7.9176,609.838,546.41,616.719,542.732,0
1757,144.1,162.632,492.39,114.739,653.508,130.035,0
1758,211.804,183.677,474.411,380.299,602.982,334.544,1
1759,211.804,183.791,481.97,515.044,569.131,617.835,1
1760,201.203,238.097,357.042,597.458,144.681,616.23,0
1761,199.503,296.072,304.973,504.005,139.921,611.204,0
1762,211.804,162.381,420.629,641.709,553.399,617.815,1
1763,116.999,135.376,331.078,277.946,350.215,174.727,0
1764,211.804,213.238,292.319,383.178,250.306,200.73,1
1765,77.1994,88.4572,556.99,711.396,611.914,753.198,0
1766,107.099,115.178,177.345,523.44,140.137,611.058,0
1767,40.4,39.5422,287.432,201.217,252.663,183.938,0
1768,211.804,143.45,431.656,391.897,527.66,353.377,1
1769,167.201,124.192,225.204,301.55,249.59,185.234,0
1770,17.1,25.9205,138.104,646.636,139.816,620.815,0
1771,26.0001,42.9486,320.117,775.971,312.871,817.973,0
1772,111.599,151.911,546.786,438.017,615.594,540.197,0
1773,47.2999,74.3887,587.871,479.62,615.739,540.711,0
1774,172.601,227.054,499.235,502.612,615.536,540.185,0
1775,145.1,196.165,342.054,638.984,312.422,818.091,0
1776,153.9,177.768,382.269,247.831,349.637,174.649,0
1777,180.202,192.508,347.795,326.74,350.033,174.83,0
1778,102.699,133.079,116.091,497.496,67.6593,405.501,0
1779,92.8992,119.778,563.372,453.538,615.59,539.566,0
1780,211.804,208.067,471.249,249.813,377.79,174.393,1
1781,111.999,132.723,533.83,149.95,653.49,130.039,0
1782,211.804,158.602,450.91,680.658,555.343,618.166,1
1783,211.804,231.448,395.913,402.847,326.503,206.693,1
1784,104.699,128.194,533.695,136.173,653.527,129.956,0
1785,211.804,191.799,369.097,512.552,505.404,453.909,1
1786,21.8,22.8181,90.6643,402.618,67.8238,405.099,0
1787,146.6,166.063,534.469,474.934,615.604,539.633,0
1788,69.7995,78.6073,591.722,678.285,612.427,751.965,0
1789,211.804,253.367,358.539,451.187,326.254,208.173,1
1790,93.9991,96.9383,235.407,276.347,249.389,185.226,0
1791,9.9,9.91624,260.512,190.383,253.049,183.771,0
1792,148,190.182,519.133,221.985,647.848,191.475,0
1793,211.804,223.287,290.509,449.854,113.926,405.624,1
1794,98.3991,114.857,279.164,738.632,311.514,818.418,0
1795,137.899,163.397,492.704,115.118,653.557,129.727,0
1796,55.9997,67.2611,307.342,759.527,311.973,818.266,0
1797,110.999,126.193,378.14,230.487,355.594,174.361,0
1798,207.003,158.582,213.343,416.48,67.7225,405.536,0
1799,211.804,229.363,414.376,361.746,381.495,175.089,1
1800,44.8999,69.2397,597.244,194.339,647.919,197.58,0
1801,35.3,50.2168,561.683,757.671,611.173,754.907,0
1802,6.9,8.93295,602.416,756.389,611.187,755.094,0
1803,39.1,53.647,404.373,183.234,355.889,174.143,0
1804,114.199,156.231,525.57,178.838,648.357,190.843,0
1805,134.399,182.25,519.21,436.488,615.601,540.102,0
1806,92.0992,116.508,177.517,524.737,139.893,611.109,0
1807,94.2991,115.799,287.792,729.6,311.637,818.389,0
1808,158.5,157.072,232.367,325.683,249.527,185.181,0
1809,26.7001,41.6124,309.97,182.885,350.364,174.914,0
1810,204.203,201.22,469.878,311.785,630.303,334.133,0
1811,164.501,177.886,367.517,300.039,349.776,174.659,0
1812,187.202,268.996,254.185,541.44,139.911,611.191,0
1813,114.999,177.61,480.386,704.934,611.939,753.139,0
1814,110.999,92.6227,534.289,598.779,613.242,612.827,0
1815,140.399,191.575,529.018,498.842,615.599,540.167,0
1816,102.599,143.99,547.168,445.883,615.652,540.235,0
1817,0,0,633.453,336.195,633.453,336.195,0
1818,60.8996,74.4728,549.477,606.911,613.21,612.818,0
1819,123.699,193.935,508.872,293.879,647.867,197.66,0
1820,133.599,136.376,161.749,478.669,139.633,611.186,0
1821,50.0998,72.2356,593.908,192.482,647.91,197.628,0
1822,110.399,120.453,262.055,634.196,144.832,616.115,0
1823,100.899,118.734,469.65,180.774,356.203,173.29,0
1824,90.9992,82.0796,589.266,360.438,630.388,334.392,0
1825,6,6.69889,600.828,807.896,607.058,810.354,0
1826,183.702,150.364,213.866,409.268,67.6369,405.539,0
1827,76.9994,114.707,588.862,270.987,647.939,197.768,0
1828,0,0,67.0205,406.008,67.0205,406.008,0
1829,69.5995,110.867,567.486,229.232,647.976,197.786,0
1830,121.899,134.465,312.825,268.772,350.223,174.84,0
1831,211.804,232.717,395.374,402.436,324.365,204.641,1
1832,211.804,125.757,464.096,470.139,556.984,453.194,1
1833,211.804,257.808,364.849,449.46,326.016,207.055,1
1834,114.399,122.194,456.482,157.7,355.564,174.337,0
1835,182.802,144.686,177.479,437.448,67.7154,405.557,0
1836,98.8991,115.315,190.694,536.129,139.928,611.09,0
1837,39.8,56.7873,405.148,158.12,355.915,173.816,0
1838,144.3,149.166,177.683,480.932,139.807,611.064,0
1839,188.102,301.848,383.191,566.752,313.171,818.157,0
1840,207.903,203.068,282.38,369.997,249.59,185.21,0
1841,32.3001,35.3617,286.465,194.178,253.214,183.237,0
1842,211.804,237.042,327.082,521.993,179.017,621.182,1
1843,58.2997,76.9645,199.937,588.746,144.843,615.911,0
1844,75.6994,76.706,599.745,680.093,612.392,751.995,0
1845,107.299,104.482,240.516,281.422,249.572,185.209,0
1846,91.7992,116.557,278.238,736.165,311.485,818.386,0
1847,37.5,32.5277,279.328,202.257,252.633,184.039,0
1848,82.8993,103.499,337.796,255.744,349.864,174.69,0
1849,182.302,196.723,509.219,419.563,630.303,334.104,0
1850,121.799,161.451,537.631,451.113,615.57,539.96,0
1851,211.804,128.949,412.196,469.746,516.366,447.321,1
1852,168.901,212.18,370.562,636.425,312.233,818.239,0
1853,211.804,174.445,508.479,532.623,594.387,612.924,1
1854,187.902,212.139,385.956,331.917,349.674,174.534,0
1855,85.9993,98.1386,541.231,352.547,630.483,333.819,0
1856,118.099,123.469,193.151,262.273,248.857,185.03,0
1857,208.304,206.384,496.544,412.919,630.315,334.138,0
1858,142.9,155.576,350.262,304.203,350.203,174.858,0
1859,108.499,156.197,359.011,678.279,313.072,818.089,0
1860,92.6992,104.309,550.468,699.673,611.757,753.334,0
1861,13.3,16.1244,267.02,191.394,253.111,183.623,0
1862,90.9992,97.2529,163.889,403.736,67.7553,405.015,0
1863,90.3992,105.046,456.179,178.891,355.592,174.336,0
1864,175.702,148.493,490.774,168.411,356.069,173.564,0
1865,120.299,106.269,166.99,385.386,67.7439,405.157,0
1866,168.701,169.633,509.263,325.172,630.347,334.155,0
1867,15.5,22.3592,137.661,642.89,139.966,620.901,0
1868,61.3996,82.3057,558.061,333.09,630.283,334.128,0
1869,60.1997,63.0229,304.932,763.421,311.289,818.452,0
1870,211.804,187.426,404.216,332.36,321.372,198.95,1
1871,208.104,195.101,285.27,569.693,144.834,616.081,0
1872,8.6,11.9472,367.572,173.959,355.965,173.711,0
1873,42.4999,64.3361,205.189,632.023,144.636,615.689,0
1874,102.799,133.455,278.48,723.703,311.781,818.32,0
1875,177.902,162.783,177.21,302.993,248.25,184.763,0
1876,149.1,189.356,479.925,126.092,653.538,129.96,0
1877,32.9001,41.0069,142.452,569.855,139.927,611.143,0
1878,123.799,126.678,213.382,303.71,248.193,184.698,0
1879,131.399,146.894,550.163,406.881,630.391,334.443,0
1880,144,169.692,283.997,672.428,144.805,615.791,0
1881,56.1997,69.1233,593.479,148.427,653.68,129.687,0
1882,95.2991,109.469,249.14,637.753,144.796,616.18,0
1883,145.9,164.495,548.997,425.346,615.587,539.717,0
1884,140.499,111.053,223.016,290.015,248.586,184.925,0
1885,15.7,19.333,597.738,796.49,606.442,811.894,0
1886,188.502,233.414,490.965,503.536,615.629,539.583,0
1887,102.899,113.857,163.586,377.319,67.6694,404.897,0
1888,29.3001,46.1238,316.319,775.554,312.874,817.983,0
1889,114.299,121.842,169.825,504.312,139.625,611.194,0
1890,37.8,50.2766,405.87,173.708,355.775,174.169,0
1891,141.799,178.575,234.735,513.462,139.92,611.091,0
1892,71.4995,114.223,586.727,271.687,647.959,197.815,0
1893,4.9,5.67788,354.601,180.816,353.051,175.355,0
1894,72.5995,75.2931,589.923,360.453,630.398,334.408,0
1895,61.6996,91.2277,560.255,512.041,615.602,540.131,0
1896,28.5001,30.6304,601.841,591.146,613.219,612.755,0
1897,211.804,269.997,389.104,444.126,326.888,209.136,1
1898,87.8992,134.577,350.084,691.513,313.174,818.179,0
1899,35.8,63.4424,327.779,757.015,312.866,818.016,0
1900,211.804,189.233,473.97,405.708,603.862,336.405,1
1901,211.804,202.849,449.876,460.474,594.497,500.665,1
1902,181.402,263.987,331.579,390.091,251.237,184.441,0
1903,124.199,140.854,533.675,143.612,653.557,129.962,0
1904,98.8991,142.971,545.93,179.043,647.693,192.013,0
1905,7.89999,9.90102,601.642,752.719,611.269,754.876,0
1906,87.0992,128.84,304.703,288.015,250.449,184.936,0
1907,144.7,141.061,305.067,301.238,251.234,184.509,0
1908,144.5,139.256,172.914,355.669,67.6345,404.905,0
1909,143.7,145.87,446.74,246.454,355.618,174.335,0
1910,145,130.189,522.662,647.443,613.264,613.172,0
1911,211.804,234.299,424.401,556.329,544.346,614.506,1
1912,41.1999,59.3897,559.961,773.4,611.073,754.996,0
1913,25.6001,28.8613,85.0024,421.355,67.7536,405.239,0
1914,40.2,60.1607,408.637,137.763,405.851,78.0928,0
1915,194.303,171.647,232.586,343.319,250.327,184.938,0
1916,211.804,202.811,479.472,413.142,616.814,334.139,1
1917,211.804,203.172,434.379,348.352,401.04,176.026,1
1918,40.8999,54.0922,147.417,558.18,139.89,611.101,0
1919,121.499,146.42,390.47,224.064,355.626,174.343,0
1920,54.6997,65.0443,306.931,761.74,311.887,818.274,0
1921,54.6997,63.1423,596.511,173.526,648.678,190.82,0
1922,56.5997,86.8935,234.615,727.223,152.576,701.74,0
1923,32.7001,37.3975,573.657,755.708,611.207,754.934,0
1924,0,0,139.861,613.079,139.861,613.079,0
1925,192.103,205.051,492.712,415.397,630.31,334.059,0
1926,161.401,154.926,218.518,390.953,67.8274,405.443,0
1927,33.5001,36.6427,145.775,656.67,149.426,693.34,0
1928,109.499,118.34,260.917,636.528,144.699,615.723,0
1929,172.401,178.886,370.704,307.075,349.641,174.594,0
1930,180.402,183.733,428.942,304.102,355.581,174.347,0
1931,139.299,220.141,503.577,253.22,647.98,198.022,0
1932,9.1,12.0717,618.538,335.515,630.29,334.122,0
1933,95.5991,104.881,515.977,600.524,613.246,612.848,0
1934,211.804,265.661,364.519,477.836,224.216,627.37,1
1935,175.502,147.928,150.128,440.822,67.723,405.555,0
1936,65.9996,73.0763,414.704,198.564,355.593,174.387,0
1937,21.7,31.0447,623.018,134.135,653.513,129.962,0
1938,167.901,144.14,480.921,166.092,355.999,173.796,0
1939,144.8,163.459,529.001,210.878,647.756,191.574,0
1940,66.0996,87.144,577.092,150.402,653.508,130.073,0
1941,0,0,614.504,613.325,614.504,613.325,0
1942,126.599,160.999,387.738,209.788,355.615,174.349,0
1943,211.804,208.433,466.143,326.572,397.864,174.255,1
1944,69.4995,87.8664,247.061,779.956,310.798,818.692,0
1945,185.002,160.028,280.98,660.944,144.7,615.702,0
1946,34.9,33.1212,100.609,401.915,67.7166,405.155,0
1947,45.3999,66.4507,603.407,250.147,635.934,282.524,0
1948,1.3,0.701324,149.239,703.588,149.366,702.899,0
1949,34.5,54.0834,312.111,771.875,311.655,818.415,0
1950,151.6,216.196,413.033,665.657,313.141,818.217,0
1951,22.4,27.7621,299.489,800.154,311.674,818.434,0
1952,211.804,224.441,457.991,436.272,606.019,536.903,1
1953,26.8001,29.7798,83.0639,422.079,67.7995,405.236,0
1954,89.8992,98.0825,164.22,397.507,67.7313,405.19,0
1955,16.5,21.1836,250.423,206.534,249.346,185.187,0
1956,108.899,135.36,117.219,499.998,67.6646,404.934,0
1957,83.7993,100.119,451.531,179.513,355.572,174.4,0
1958,211.804,225.971,484.898,483.332,603.938,533.843,1
1959,86.3993,129.322,519.763,736.691,611.165,755.112,0
1960,186.202,138.882,225.728,313.408,249.505,185.204,0
1961,133.399,117.007,170.031,375.835,67.7217,405.515,0
1962,63.8996,79.7207,580.919,348.34,630.361,333.853,0
1963,31.1001,50.8829,616.131,250.957,635.966,282.792,0
1964,16.8,27.0164,625.351,211.055,648.191,198.002,0
1965,107.299,130.167,333.853,275.667,350.398,174.905,0
1966,48.2998,59.3293,555.719,615.997,613.308,612.481,0
1967,136.699,120.679,161.734,426.025,67.8209,405.391,0
1968,211.804,204.246,236.948,456.194,100.286,405.662,1
1969,98.3991,117.098,248.093,643.641,144.785,616.129,0
1970,121.499,112.57,179.02,401.363,67.7833,405.066,0
1971,211.804,187.524,471.045,540.511,598.455,613.119,1
1972,14.6,21.757,377.153,178.481,355.902,174.001,0
1973,96.0991,106.467,264.651,287.902,249.747,185.091,0
1974,86.4993,119.993,343.35,271.669,349.883,174.806,0
1975,6.1,7.17675,352.078,182.798,352.337,175.672,0
1976,211.804,50.0397,450.516,237.89,450.055,237.776,1
1977,52.4998,61.0758,595.662,694.549,612.335,752.244,0
1978,109.099,167.883,408.858,706.81,313.428,818.239,0
1979,19.3,25.3012,594.082,551.534,616.668,543.011,0
1980,48.8998,67.3937,267.685,785.872,311.86,818.287,0
1981,211.804,65.4405,444.439,331.819,444.243,331.539,1
1982,211.804,228.953,285.733,455.499,117.441,405.248,1
1983,211.804,231.687,311.837,385.05,250.785,195.891,1
1984,211.804,166.817,485.179,662.188,610.445,612.982,1
1985,211.804,222.25,294.846,424.46,105.357,404.801,1
1986,166.401,199.942,526.01,509.838,615.675,539.732,0
1987,211.804,174.44,398.882,520.927,514.299,450.919,1
1988,80.7993,112.811,94.2922,482.285,67.745,405.46,0
1989,192.603,271.903,286.169,506.661,139.885,611.148,0
1990,56.4997,62.4678,128.544,395.354,67.6684,404.851,0
1991,211.804,243.624,287.925,443.328,90.3412,404.382,1
1992,112.999,132.26,429.104,249.261,356.063,173.499,0
1993,131.299,157.58,536.811,447.49,615.596,539.586,0
1994,211.804,222.133,463.806,457.32,603.8,535.245,1
1995,87.7992,97.6086,557.827,315.834,630.442,334.468,0
1996,82.3993,90.2945,159.734,542.286,139.919,611.133,0
1997,211.804,256.301,386.21,434.378,325.503,209.22,1
1998,173.201,186.352,507.277,313.247,630.327,334.077,0
1999,211.804,188.45,498.468,243.495,369.546,174.367,1
2000,154.3,177.22,517.252,438.637,615.702,539.562,0
2001,110.399,131.73,533.159,139.436,653.469,129.964,0
2002,20.3,27.8318,582.827,804.683,606.99,810.541,0
2003,120.899,148.23,142.172,465.177,67.719,405.177,0
2004,7.79999,10.3291,620.29,335.49,630.289,333.855,0
2005,211.804,184.431,214.334,455.491,86.1719,405.859,1
2006,66.6996,88.3582,302.323,224.916,350.152,174.817,0
2007,47.4998,50.5811,589.734,644.922,613.329,613.235,0
2008,211.804,161.365,452.793,681.267,556.239,618.767,1
2009,93.6991,118.066,192.531,533.335,139.95,611.117,0
2010,21.5,32.1305,602.107,568.954,616.171,541.868,0
2011,17.3,19.2801,270.993,189.259,252.917,183.789,0
2012,46.2999,77.5584,327.505,744.086,312.501,818.041,0
2013,131.599,139.409,224.702,586.822,144.743,615.675,0
2014,118.699,118.685,525.446,361.695,630.461,333.849,0
2015,86.0993,89.5655,544.567,597.202,613.27,612.812,0
2016,68.6995,95.0477,237.657,630.635,144.823,616.185,0
2017,23.0001,37.7657,612.291,180.79,647.721,191.911,0
2018,211.804,253.391,264.367,478.389,106.178,405.72,1
2019,211.804,215.515,453.71,336.853,359.714,175.061,1
2020,172.201,172.414,464.929,575.912,613.255,612.728,0
2021,127.399,143.678,363.789,269.781,350.742,174.993,0
2022,211.804,189.848,378.573,513.562,513.63,453.288,1
2023,9.4,12.5837,410.88,89.6725,407.507,77.5494,0
2024,17.4,26.6066,623.798,208.672,648.197,198.069,0
2025,10.2,14.4139,403.224,92.2667,406.035,78.1594,0
2026,54.2997,60.1921,602.054,166.579,647.879,191.594,0
2027,79.1994,92.7537,561.143,127.085,653.518,129.841,0
2028,42.0999,64.2318,419.252,139.528,405.952,78.1628,0
2029,211.804,174.014,457.917,466.553,587.182,477.485,1
2030,33.8001,53.573,577.423,338.858,630.327,334.13,0
2031,211.804,217.709,291.303,431.412,102.829,405.575,1
2032,211.804,122.783,441.753,508.267,516.636,448.156,1
2033,178.702,201.69,224.181,474.045,139.649,611.272,0
2034,156.4,150.941,299.157,311.341,250.879,184.692,0
2035,99.0991,117.724,469.324,180.274,356.231,173.208,0
2036,96.1991,103.756,162.246,386.24,67.6871,404.958,0
2037,54.9997,85.7863,221.591,680.774,149.446,693.401,0
2038,138.599,146.679,438.479,260.399,355.98,173.609,0
2039,211.804,142.723,447.717,395.07,528.255,353.36,1
2040,199.903,162.127,498.217,171.341,356.057,173.626,0
2041,30.8001,48.528,591.961,709.371,612.114,752.673,0
2042,193.403,293.961,332.741,422.087,251.343,184.442,0
2043,107.099,122.406,179.576,259.811,248.398,184.753,0
2044,206.303,223.275,351.966,361.193,349.938,174.787,0
2045,164.901,222.023,421.928,706.795,313.267,818.241,0
2046,75.7994,93.7193,155.469,520.114,139.873,611.186,0
2047,2.1,1.56155,351.808,164.396,352.176,165.912,0
2048,67.1995,85.4668,177.491,553.549,139.918,611.107,0
2049,140.199,182.252,185.494,519.958,139.931,611.119,0
2050,100.499,117.148,536.766,703.266,612.165,752.505,0
2051,31.9001,49.5223,581.618,338.054,630.327,334.144,0
2052,34.0001,35.4228,286.957,191.232,253.216,183.221,0
2053,21,29.6916,604.925,567.206,616.296,542.042,0
2054,25.9001,37.4105,617.274,136.903,653.598,130.01,0
2055,10.1,14.6754,339.027,184.494,349.881,174.764,0
2056,22.9001,28.8929,151.309,590.703,139.904,611.168,0
2057,211.804,232.22,410.594,342.968,357.867,174.85,1
2058,64.5996,104.265,571.949,235.119,648.008,197.858,0
2059,100.999,110.907,252.971,633.466,144.748,615.586,0
2060,44.4999,67.0041,559.168,790.252,606.592,811.451,0
2061,174.701,146.588,201.446,414.772,67.714,405.579,0
2062,107.199,148.248,526.9,191.077,648.299,190.857,0
2063,197.003,188.24,283.037,574.052,144.797,616.061,0
2064,211.804,224.883,458.9,432.967,604.524,536.626,1
2065,211.804,207.005,483.664,515.175,593.661,613.269,1
2066,95.5991,129.393,553.86,453.759,615.657,539.677,0
2067,85.9993,124.928,302.038,282.136,250.45,184.783,0
2068,211.804,207.452,436.715,354.09,399.066,174.207,1
2069,211.804,237.085,300.405,451.721,109.487,404.761,1
2070,120.799,138.95,585.35,386.05,630.325,334.224,0
2071,211.804,151.541,159.927,457.79,71.6127,405.583,1
2072,72.3995,80.6576,265.773,263.57,249.835,185.143,0
2073,22.2,19.2732,266.52,197.112,252.417,184.006,0
2074,204.503,180.317,299.799,335.637,249.413,185.212,0
2075,73.3995,97.9374,207.112,570.201,144.683,615.575,0
2076,108.999,137.221,141.138,477.076,67.6411,405.593,0
2077,96.8991,86.2227,542.497,636.42,613.206,612.964,0
2078,0,0,611.712,808.229,611.712,808.229,0
2079,86.7992,134.379,349.223,692.203,313.325,818.213,0
2080,173.201,208.219,519.563,507.783,615.648,539.65,0
2081,211.804,158.559,463.591,462.807,584.115,466.73,1
2082,75.2994,79.8274,431.173,177.171,356.077,173.461,0
2083,144,185.304,515.143,193.251,648.351,190.794,0
2084,126.199,149.719,280.764,648.97,144.808,616.107,0
2085,137.399,148.916,181.653,350.534,67.7034,404.949,0
2086,115.099,127.394,465.007,194.059,355.606,174.339,0
2087,18.5,28.6722,601.338,523.217,615.762,540.622,0
2088,70.4995,88.1647,563.924,361.892,630.338,334.014,0
2089,48.3998,73.7962,217.206,626.4,144.762,615.913,0
2090,42.9999,51.0548,602.534,132.214,653.461,129.937,0
2091,119.599,138.667,349.593,289.428,350.145,174.767,0
2092,181.202,152.02,489.529,164.496,356.124,173.626,0
2093,160.301,130.301,520.565,646.334,613.236,612.772,0
2094,31.3001,49.8814,603.003,213.933,648.378,198.178,0
2095,211.804,217.209,335.108,510.046,215.309,625.439,1
2096,119.299,104.504,233.116,285.933,248.88,185.027,0
2097,211.804,213.582,451.391,442.979,601.243,521.423,1
2098,50.9998,57.5529,602.821,165.466,647.717,191.685,0
2099,117.899,124.176,457.393,156.684,355.984,173.62,0
2100,211.804,193.292,470.304,365.706,597.452,336.094,1
2101,183.502,174.339,505.436,391.672,630.33,334.105,0
2102,113.799,164.284,293.44,697.691,149.461,693.277,0
2103,68.2995,105.697,295.431,259.724,250.293,184.919,0
2104,207.703,223.881,351.135,359.52,350.213,174.939,0
2105,211.804,206.518,467.073,502.73,559.327,615.718,1
2106,62.2996,72.5053,414.234,146.253,356.044,173.729,0
2107,93.3991,97.9027,162.803,405.721,67.7217,405.435,0
2108,76.3994,90.7944,284.939,754.951,311.746,818.405,0
2109,187.302,240.576,485.881,504.764,615.537,540.177,0
2110,52.3998,84.5524,331.692,736.12,312.504,817.978,0
2111,211.804,222.969,318.316,545.583,166.624,618.636,1
2112,211.804,188.172,259.379,421.745,101.131,405.724,1
2113,80.9993,105.699,293.721,735.945,311.651,818.412,0
2114,166.901,192.274,344.905,329.965,349.57,174.577,0
2115,98.4991,118.253,436.582,226.515,355.615,174.365,0
2116,211.804,223.005,294.303,422.185,107.165,404.847,1
2117,100.199,144.203,607.594,446.6,615.699,540.329,0
2118,28.7001,46.4155,581.353,726.435,612.332,752.298,0
2119,153.2,172.89,533.133,482.921,615.562,539.647,0
2120,154.8,181.773,353.839,325.321,349.673,174.71,0
2121,66.2996,85.1415,540.404,603.159,613.153,612.885,0
2122,190.702,186.18,292.521,343.781,250.988,184.627,0
2123,131.099,139.302,516.459,569.185,613.251,612.655,0
2124,211.804,178.856,467.417,376.431,592.539,336.836,1
2125,5.6,5.00616,141.178,606.227,140.211,611.205,0
2126,90.3992,121.053,89.7072,483.708,67.723,405.229,0
2127,211.804,231.924,405.969,396.843,323.779,202.076,1
2128,5.7,6.87975,599.651,810.158,606.222,812.187,0
2129,211.804,157.807,405.951,524.867,509.106,454.28,1
2130,51.6998,43.4269,221.044,212.379,248.776,185.033,0
2131,195.603,176.219,448.806,277.847,355.532,174.317,0
2132,184.002,260.258,393.637,632.497,312.627,817.987,0
2133,29.8001,38.0927,393.028,170.307,355.73,174.309,0
2134,211.804,167.83,452.631,696.086,553.491,615.67,1
2135,63.5996,109.18,584.195,267.584,647.936,197.833,0
2136,1.5,0.878952,605.854,814.795,606.678,814.49,0
2137,169.801,183.172,278.963,350.928,251.344,184.548,0
2138,29.5001,44.6125,608.061,215.576,648.213,198.133,0
2139,196.403,213.9,422.816,319.98,355.532,174.327,0
2140,53.3998,60.5702,601.341,175.419,648.599,190.79,0
2141,65.2996,77.7938,188.525,211.499,248.264,184.826,0
2142,82.0993,97.4572,560.275,320.279,630.375,333.926,0
2143,211.804,209.056,463.212,491.733,554.538,615.854,1
2144,71.8995,79.3008,430.292,179.382,355.606,174.373,0
2145,211.804,188.561,514.039,475.785,593.539,498.41,1
2146,51.7998,68.2249,407.939,147.553,355.794,174.246,0
2147,211.804,286.505,446.459,528.946,543.582,613.949,1
2148,185.702,217.224,604.012,385.021,615.635,539.722,0
2149,67.7995,84.7424,542.45,602.205,613.161,612.77,0
2150,28.9001,38.8319,407.45,116.313,405.912,78.1089,0
2151,79.4994,92.3213,557.021,321.862,630.323,334.165,0
2152,18.2,28.0011,285.62,809.483,311.979,818.221,0
2153,95.9991,117.099,361.23,231.115,349.887,174.765,0
2154,0.7,0.234438,611.733,752.681,611.953,752.761,0
2155,28.4001,35.6848,390.978,178.704,355.99,173.84,0
2156,134.299,119.806,538.172,659.064,613.263,612.662,0
2157,211.804,214.838,427.093,335.886,372.327,175.012,1
2158,211.804,211.225,320.338,518.373,208.533,625.526,1
2159,150.2,229.146,496.271,260.336,648.011,197.797,0
2160,80.0993,122.107,552.805,191.405,647.668,191.875,0
2161,172.801,249.789,395.753,645.903,313.315,818.189,0
2162,94.6991,143.874,273.29,694.973,149.557,693.26,0
2163,53.3998,64.526,589.324,126.582,653.551,130.304,0
2164,108.899,107.302,163.012,511.71,139.619,611.197,0
2165,211.804,185.027,434.312,391.846,564.683,341.511,1
2166,62.5996,67.0798,294.793,768.999,311.702,818.357,0
2167,56.4997,69.5942,551.444,741.05,611.995,752.874,0
2168,211.804,226.954,308.494,383.901,250.303,195.547,1
2169,211.804,292.098,320.957,481.539,141.325,579.967,1
2170,167.101,237.798,323.591,377.831,251.021,184.57,0
2171,9.1,13.3295,122.346,614.112,135.67,614.307,0
2172,145.1,167.07,500.98,137.681,653.589,129.989,0
2173,211.804,148.276,397.321,454.35,513.946,451.399,1
2174,99.4991,113.392,258.144,293.426,249.586,185.219,0
2175,211.804,162.329,494.542,682.924,604.444,613.138,1
2176,107.799,152.127,282.703,705.028,311.569,818.395,0
2177,29.3001,35.9759,575.86,819.294,602.483,833.253,0
2178,211.804,202.347,444.462,441.039,596.986,502.004,1
2179,64.3996,64.3983,203.188,214.643,249.162,185.074,0
2180,211.804,226.05,347.799,565.874,178.439,620.54,1
2181,59.2997,67.4167,264.696,250.288,249.877,185.122,0
2182,93.9991,144.828,264.931,666.346,149.443,693.337,0
2183,167.701,158.443,181.853,308.801,248.289,184.77,0
2184,52.4998,77.1886,211.457,679.598,149.583,693.264,0
2185,211.804,283.332,323.217,491.406,149.37,572.743,1
2186,98.8991,147.232,316.523,695.734,311.917,818.271,0
2187,172.701,159.848,191.531,344.169,67.7067,404.868,0
2188,211.804,200.232,465.101,254.829,391.077,174.281,1
2189,211.804,282.034,324.292,482.352,148.454,572.604,1
2190,38.1,53.5848,266.995,235.135,250.061,184.97,0
2191,167.601,173.322,507.693,389.668,630.355,334.089,0
2192,143.2,141.15,480.596,168.649,355.97,173.677,0
2193,165.001,162.382,276.652,596.881,144.776,616.1,0
2194,17.8,23.4725,606.669,561.72,616.831,543.105,0
2195,211.804,297.919,314.364,488.059,140.42,590.858,1
2196,211.804,246.926,266.28,470.296,109.371,405.539,1
2197,46.8999,38.3084,229.392,217.528,248.423,184.806,0
2198,211.804,140.861,450.126,655.131,554.912,617.077,1
2199,209.604,188.035,299.765,326.665,249.505,185.224,0
2200,211.804,210.179,464.362,343.965,385.344,174.32,1
2201,55.9997,85.8276,533.404,779.479,611.058,755.164,0
2202,69.7995,74.956,420.069,146.803,356.09,173.494,0
2203,211.804,167.049,414.816,641.701,551.131,617.278,1
2204,48.4998,73.2626,592.73,191.172,648.024,197.792,0
2205,11.1,15.0906,634.539,204.354,648.018,197.792,0
2206,91.6992,134.928,526.628,736.774,611.121,755.109,0
2207,66.5996,110.238,568.137,229.469,647.905,197.821,0
2208,88.1992,107.722,547.224,122.188,653.482,129.952,0
2209,20.9,34.041,265.366,215.302,252.102,184.07,0
2210,159.401,150.084,477.602,586.402,613.358,613.089,0
2211,59.4997,101.514,237.356,709.632,153.583,700.421,0
2212,143.5,182.898,183.912,521.844,139.993,611.076,0
2213,129.899,153.236,162.793,461.299,140.132,611.072,0
2214,88.6992,95.866,544.19,589.06,613.236,612.772,0
2215,122.299,93.8159,541.756,634.188,613.221,612.833,0
2216,4.3,4.89134,631.239,283.869,635.815,282.146,0
2217,24.2001,30.5668,141.55,664.363,149.661,693.2,0
2218,22.1,28.4596,403.608,106.324,405.843,78.2422,0
2219,85.1993,138.779,257.812,665.844,149.416,693.282,0
2220,35.5,61.3834,594.9,226.008,648.355,198.052,0
2221,211.804,157.046,452.94,606.62,594.404,611.861,1
2222,155.8,163.309,527.657,403.273,630.299,334.091,0
2223,122.999,158.564,141.75,455.621,67.669,405.473,0
2224,211.804,144.884,450.179,651.011,558.43,618.562,1
2225,55.8997,71.0424,415.763,148.065,355.93,173.788,0
2226,211.804,150.73,461.983,662.062,568.325,617.515,1
2227,205.403,228.363,471.6,427.567,615.491,540.204,0
2228,211.804,196.336,463.801,339.77,387.324,174.966,1
2229,122.099,130.906,302.022,292.269,249.943,185.108,0
2230,41.9999,55.0833,407.53,182.31,355.818,174.183,0
2231,211.804,214.841,480.927,467.851,605.359,538.22,1
2232,211.804,177.683,482.354,516.089,564.943,617.727,1
2233,77.0994,73.142,596.55,355.977,630.359,334.041,0
2234,128.199,107.674,232.551,288.236,248.745,184.942,0
2235,211.804,227.974,458.028,427.004,604.399,537.663,1
2236,206.603,297.957,306.198,501.748,139.862,611.127,0
2237,29.5001,26.4746,267.827,205.418,253.028,183.779,0
2238,211.804,218.548,503.59,476.979,604.185,537.111,1
2239,150.2,142.302,485.307,587.02,613.251,612.537,0
2240,153,146.578,446.902,248.326,355.981,173.65,0
2241,59.1997,68.3585,196.652,214.896,248.323,184.835,0
2242,55.1997,79.1143,552.395,784.682,611.073,755.065,0
2243,40.1,67.2962,576.265,502.715,615.863,541.011,0
2244,211.804,168.848,425.908,429.296,578.426,451.371,1
2245,75.2994,93.8446,540.991,746.721,611.105,755.112,0
2246,197.403,179.709,450.649,275.709,355.941,173.711,0
2247,19.9,29.2994,624.804,134.745,653.467,130.034,0
2248,24.9001,36.0142,413.376,112.744,405.93,78.2216,0
2249,137.799,180.546,378.821,666.961,312.289,818.056,0
2250,141.299,154.624,185.178,346.255,67.7415,405.115,0
2251,112.399,124.068,454.739,155.022,356.031,173.503,0
2252,55.1997,88.0559,335.238,733.961,312.603,818.043,0
2253,211.804,236.56,406.917,565.912,544.864,615.466,1
2254,211.804,185.461,232.108,430.059,84.8979,405.609,1
2255,103.799,158.37,344.957,668.711,313.442,818.205,0
2256,115.899,183.585,531.57,267.816,647.931,197.792,0
2257,12.3,16.2369,268.014,190.058,253.038,183.672,0
2258,48.7998,73.579,211.255,676.556,149.756,693.175,0
2259,211.804,240.091,430.662,375.471,398.377,175.312,1
2260,211.804,231.117,297.843,549.506,147.365,616.454,1
2261,211.804,210.871,366.138,401.586,322.227,200.717,1
2262,211.804,150.352,440.329,645.534,554.663,616.538,1
2263,47.7998,42.3823,225.145,214.031,249.02,184.997,0
2264,211.804,220.645,341.327,392.133,324.529,202.242,1
2265,127.199,149.503,599.787,451.442,615.618,539.702,0
2266,43.8999,60.7917,300.673,771.975,312.083,818.24,0
2267,211.804,201.762,261.328,435.289,104.13,406.176,1
2268,52.9998,86.6852,234.76,728.156,152.545,701.924,0
2269,211.804,194.565,473.424,421.247,601.258,336.903,1
2270,64.2996,69.5439,585.059,663.533,613.19,612.927,0
2271,149.6,171.073,538.933,420.431,615.51,539.913,0
2272,77.8994,126.668,257.937,694.586,149.531,693.301,0
2273,211.804,204.569,459.115,499.361,558.242,615.982,1
2274,158.2,156.589,446.799,258.173,355.945,173.633,0
2275,53.2998,66.3315,418.438,179.802,355.844,174.119,0
2276,211.804,164.87,505.326,688.754,612.09,612.584,1
2277,87.0992,106.381,423.555,230.373,355.649,174.411,0
2278,211.804,250.4,356.431,447.54,324.018,210.28,1
2279,211.804,131.236,408.585,469.91,515.276,444.599,1
2280,71.8995,94.0198,187.378,563.488,139.566,611.18,0
2281,100.099,135.836,366.232,253.023,350.175,174.925,0
2282,139.199,157.825,372.353,280.674,349.685,174.735,0
2283,135.499,169.362,500.255,143.187,653.568,130.253,0
2284,148.9,182.864,215.714,490.358,140.084,611.17,0
2285,211.804,267.983,346.794,457.978,326.142,213.517,1
2286,90.5992,101.9,543.153,711.905,612.017,753.002,0
2287,92.4992,111.27,543.934,662.362,613.27,612.746,0
2288,139.499,130.749,465.478,170.015,356.041,173.654,0
2289,63.4996,80.3105,176.12,561.6,139.934,611.106,0
2290,94.4991,124.534,592.548,441.834,615.621,540.308,0
2291,17.4,21.2319,88.0873,400.775,67.6764,404.945,0
2292,5.9,6.02159,138.643,605.434,139.817,611.136,0
2293,133.799,175.745,377.246,671.006,312.287,818.062,0
2294,26.5001,37.22,617.603,136.811,653.528,130.017,0
2295,23.6001,31.6836,387.176,171.274,356.028,173.742,0
2296,113.199,155.398,308.184,693.401,311.87,818.266,0
2297,121.499,186.281,515.838,291.611,647.921,197.647,0
2298,109.299,132.401,563.381,400.736,630.312,333.952,0
2299,211.804,233.119,355.873,418.991,324.822,203.553,1
2300,9.3,13.7647,252.403,198.426,249.213,185.092,0
2301,211.804,220.015,501.475,481.669,603.372,538.02,1
2302,42.7999,63.9532,594.301,231.196,648.238,198.112,0
2303,211.804,187.492,497.826,575.34,602.306,612.101,1
2304,113.399,138.104,258.749,657.768,144.843,616.138,0
2305,72.0995,99.2247,99.1847,472.487,67.6384,405.489,0
2306,41.2999,54.4102,406.237,182.089,355.92,173.938,0
2307,208.904,243.085,361.857,595.525,144.742,616.194,0
2308,140.799,141.155,160.094,474.508,139.946,611.072,0
2309,178.002,168.403,243.331,336.149,250.057,184.965,0
2310,211.804,215.497,280.604,433.766,98.5182,404.702,1
2311,68.2995,88.6499,247.08,779.635,310.688,818.844,0
2312,112.999,118.088,523.155,359.262,630.311,334.08,0
2313,16,22.4866,611.423,325.127,630.291,334.055,0
2314,40.6,57.2155,410.204,162.486,355.81,174.132,0
2315,57.6997,62.5888,598.946,178.196,647.903,191.709,0
2316,173.701,172.17,304.036,648.55,144.794,615.814,0
2317,48.5998,74.3016,211.274,676.699,149.39,693.385,0
2318,164.501,190.056,200.35,461.809,139.646,611.23,0
2319,153.5,141.947,201.708,394.188,67.7317,405.461,0
2320,211.804,154.078,408.361,503.088,514.764,448.106,1
2321,134.099,111.616,515.344,595.09,613.341,613.152,0
2322,3.8,4.0118,405.942,82.1088,405.942,78.097,0
2323,29.1001,35.7693,391.242,175.9,355.989,173.889,0
2324,138.699,136.652,162.544,478.262,139.822,611.105,0
2325,23.1001,33.087,617.495,210.449,647.408,196.599,0
2326,68.7995,84.2726,545.294,634.263,613.197,612.834,0
2327,121.299,141.683,524.424,146.453,653.576,130.028,0
2328,71.4995,100.92,524.013,755.054,611.146,755.105,0
2329,183.502,195.711,435.312,313.937,355.641,174.39,0
2330,126.899,122.028,218.247,301.733,248.696,184.899,0
2331,109.399,120.083,543.97,679.056,613.226,612.916,0
2332,12.4,15.2196,253.06,199.687,249.781,185.149,0
2333,211.204,237.84,306.421,377.265,250.414,184.919,0
2334,65.5996,102.073,326.594,724.861,312.443,818.098,0
2335,211.804,91.3227,465.694,473.623,527.001,444.206,1
2336,54.4997,65.5592,597.62,148.552,653.529,130.032,0
2337,211.804,177.179,476.798,559.988,601.237,611.931,1
2338,108.499,141.699,500.31,718.655,612.041,752.927,0
2339,115.299,121.03,175.067,376.49,67.8307,405.004,0
2340,24.6001,37.2982,603.592,574.639,616.254,541.74,0
2341,211.804,135.658,472.084,367.519,541.127,351.324,1
2342,32.2001,35.3176,284.985,196.362,252.655,183.921,0
2343,172.401,213.587,333.167,362.335,250.738,184.706,0
2344,39.9,46.866,606.652,130.679,653.469,130.129,0
2345,22.3,34.528,591.205,528.401,615.741,540.723,0
2346,211.804,186.889,455.542,382.253,589.263,336.889,1
2347,83.2993,102.169,240.972,624.364,144.73,615.829,0
2348,161.801,140.252,290.782,306.959,250.771,184.659,0
2349,165.301,181.313,511.168,444.334,615.606,539.707,0
2350,211.804,148.803,437.941,390.824,538.586,351.716,1
2351,150.8,186.831,521.451,427.036,630.276,334.285,0
2352,1.4,0.772657,401.491,76.8479,402.152,76.4469,0
2353,126.499,113.357,231.471,291.721,248.218,184.673,0
2354,211.804,126.074,411.358,471.13,516.315,449.216,1
2355,211.804,278.523,375.458,467.47,326.643,213.097,1
2356,11.8,16.3418,119.613,613.244,135.668,614.358,0
2357,4.3,4.37867,71.3006,408.216,67.2175,406.637,0
2358,49.6998,65.5392,411.667,192.31,355.733,174.262,0
2359,16.7,24.6904,144.38,669.49,149.775,693.276,0
2360,57.7997,94.1577,235.675,717.087,153.19,701.27,0
2361,211.804,37.2897,584.573,318.564,584.496,322.527,1
2362,80.9993,94.1644,419.608,218.642,356.047,173.522,0
2363,0,0,247.429,179.581,247.429,179.581,0
2364,8.2,10.0466,152.045,683.723,149.295,693.296,0
2365,144.8,188.701,336.268,641.071,312.894,818.05,0
2366,42.3999,48.867,603.198,293.888,635.87,282.385,0
2367,166.301,166.792,192.828,338.248,67.6246,404.844,0
2368,183.502,191.888,439.793,311.825,355.977,173.652,0
2369,211.804,98.4297,464.36,465.949,539.971,443.825,1
2370,211.804,171.443,446.769,393.596,558.02,343.256,1
2371,26.0001,38.7182,612.71,212.867,647.937,197.604,0
2372,5.3,6.08932,73.4087,402.7,67.5259,404.272,0
2373,28.0001,43.5855,610.055,217.264,647.937,197.812,0
2374,137.299,181.938,515.554,196.447,648.351,190.911,0
2375,76.7994,91.7153,159.18,543.065,139.936,611.183,0
2376,211.804,239.433,450.846,413.083,604.903,535.311,1
2377,43.7999,63.5066,342.243,198.21,350.03,174.746,0
2378,153.5,163.38,182.063,470.786,139.784,611.133,0
2379,211.804,186.652,349.265,584.263,204.081,624.876,1
2380,23.3001,30.1299,140.877,665.488,149.361,693.369,0
2381,38.1,41.8393,614.189,190.901,647.695,191.779,0
2382,81.8993,123.712,516.308,740.19,611.169,755.115,0
2383,84.2993,86.3096,543.284,600.669,613.22,612.833,0
2384,211.804,202.858,478.1,406.842,624.782,334.103,1
2385,155.3,171.771,357.75,319.995,350.18,174.789,0
2386,190.002,166.823,172.059,298.168,248.571,184.903,0
2387,62.5996,68.0491,197.7,213.517,248.751,184.89,0
2388,101.699,92.3254,525.003,608.294,613.297,613.24,0
2389,58.1997,96.8958,235.917,714.05,153.625,700.219,0
2390,23.7001,35.4302,575.937,806.876,606.59,811.227,0
2391,8.5,10.4474,620.112,336.006,630.3,334.003,0
2392,211.804,134.003,408.134,477.115,515.845,445.324,1
2393,6.3,7.1965,349.535,182.322,351.637,175.441,0
2394,123.799,139.254,260.856,655.604,144.647,615.635,0
2395,147,231.774,493.05,260.246,647.998,197.885,0
2396,5.3,6.00199,605.233,755.937,611.123,755.181,0
2397,91.4992,87.7417,528.27,609.332,613.246,612.888,0
2398,101.399,123.407,542.996,688.59,612.333,752.066,0
2399,174.401,157.314,278.997,328.444,249.945,184.97,0
2400,52.7998,64.271,559.028,610.022,613.343,612.529,0
2401,200.303,160.732,218.716,415.519,67.6312,405.548,0
2402,64.5996,90.3004,539.271,746.852,611.152,755.368,0
2403,65.0996,107.295,242.743,685.666,149.551,693.276,0
2404,34.4,52.109,324.508,208.033,350.156,174.907,0
2405,95.1991,110.263,236.14,607.123,144.738,615.622,0
2406,110.699,129.075,259.434,744.57,311.018,818.725,0
2407,211.804,229.403,283.07,432.059,88.4818,404.411,1
2408,44.1999,65.6276,594.286,199.272,647.984,197.798,0
2409,175.001,188.973,483.849,297.577,630.286,334.067,0
2410,181.702,191.364,477.877,307.929,630.317,334.114,0
2411,184.102,162.536,488.754,663.038,613.27,612.873,0
2412,83.1993,128.849,580.451,283.506,647.857,197.686,0
2413,16.3,26.1665,624.629,209.166,648.169,198.056,0
2414,55.0997,80.7329,216.611,698.365,153.186,701.497,0
2415,211.804,190.349,241.374,365.867,73.327,404.911,1
2416,0.5,0.126182,652.488,189.81,652.445,189.929,0
2417,160.001,151.071,188.651,312.099,249.296,185.207,0
2418,211.804,186.359,224.888,415.807,89.5006,406.03,1
2419,98.5991,145.258,272.622,701.876,149.607,693.254,0
2420,10.9,14.4318,408.372,92.186,405.849,78.1285,0
2421,121.299,87.8473,542.591,637.415,613.33,613.052,0
2422,126.099,143.173,511.342,121.348,653.46,129.836,0
2423,205.803,298.879,306.427,498.435,139.946,611.179,0
2424,211.804,211.137,416.78,345.448,389.066,174.747,1
2425,207.203,203.063,290.63,562.296,144.662,615.608,0
2426,130.299,115.358,182.929,402.998,67.6648,404.905,0
2427,123.399,135.837,199.485,391.561,67.6625,404.917,0
2428,211.804,191.546,298.969,343.653,248.13,188.727,1
2429,185.402,159.912,501.147,163.544,355.976,173.638,0
2430,0,0,631.143,332.234,631.143,332.234,0
2431,40.5,41.8328,222.011,208.639,248.683,184.866,0
2432,16.8,20.4429,590.517,804.364,606.838,810.673,0
2433,36.8,46.3622,571.169,771.438,611.174,755.369,0
2434,175.702,178.359,504.211,313.32,630.277,334.051,0
2435,208.604,227.474,467.75,442.007,615.621,539.684,0
2436,211.804,204.85,479.513,469.683,601.519,527.049,1
2437,211.804,220.213,363.567,411.917,323.043,203.194,1
2438,82.5993,109.741,282.875,274.995,250.326,184.941,0
2439,64.5996,79.6784,574.11,131.638,653.578,130.08,0
2440,141.099,148.472,241.791,323.541,250.137,184.976,0
2441,176.702,199.614,221.326,475.098,139.573,611.203,0
2442,35.3,52.4457,324.182,208.172,349.88,174.67,0
2443,46.6999,71.3815,594.015,192.568,648,197.967,0
2444,7.3,9.35222,600.303,805.61,606.507,811.701,0
2445,191.002,180.986,276.867,581.456,144.778,616.023,0
2446,66.8996,75.8287,577.766,693.224,612.429,751.951,0
2447,54.4997,67.8222,101.986,447.187,67.7055,405.602,0
2448,167.501,145.57,484.643,588.2,613.261,613.098,0
2449,88.5992,134.3,541.723,188.253,647.975,191.369,0
2450,185.402,200.905,442.96,321.549,355.563,174.353,0
2451,205.303,187.499,250.144,397.241,67.7993,405.422,0
2452,41.5999,47.4362,299.34,186.271,253.379,182.789,0
2453,29.5001,34.0718,127.293,586.492,139.809,611.124,0
2454,59.1997,69.8832,584.272,124.812,653.567,130.255,0
2455,211.804,141.493,388.141,459.566,509.715,454.426,1
2456,77.9994,96.8716,572.194,292.619,630.291,334.064,0
2457,208.204,200.995,471.312,276.505,355.614,174.382,0
2458,138.699,143.901,242.88,319.419,249.668,185.23,0
2459,3,2.96971,644.299,196.893,647.057,195.793,0
2460,18.3,27.9165,320.62,791.306,313.409,818.168,0
2461,12.1,13.3216,608.061,551.562,616.811,543.159,0
2462,22,32.414,618.492,210.481,647.997,197.957,0
2463,191.803,178.407,279.61,583.804,144.645,615.593,0
2464,211.804,190.497,504.425,519.552,595.052,614.471,1
2465,65.5996,86.3498,552.384,721.178,611.828,753.28,0
2466,119.499,152.896,513.667,690.89,612.342,752.085,0
2467,44.9999,52.7161,601.437,133.075,653.462,129.953,0
2468,5,5.99951,317.73,813.567,315.673,819.203,0
2469,183.402,198.75,345.187,335.933,350.014,174.752,0
2470,211.804,233.431,319.144,549.205,157.843,618.248,1
2471,202.003,294.972,304.053,504.159,139.863,611.139,0
2472,32.4001,50.6221,603.492,209.84,648.282,198.115,0
2473,130.199,204.874,522.847,245.683,647.995,197.966,0
2474,211.804,190.182,422.051,392.458,562.058,341.911,1
2475,19.7,28.0445,605.349,565.509,615.853,541.003,0
2476,160.901,156.902,220.592,391.697,67.7307,404.896,0
2477,164.901,195.944,238.524,496.663,139.937,611.143,0
2478,211.804,256.435,369.499,451.492,325.719,211.805,1
2479,211.804,215.9,480.017,466.644,605.402,541.041,1
2480,33.7001,58.2571,206.628,723.534,152.643,701.807,0
2481,211.804,251.748,398.266,563.183,543.185,614.398,1
2482,211.804,222.414,420.177,571.465,546.153,617.447,1
2483,211.804,125.556,421.596,491.503,513.689,450.888,1
2484,211.804,199.156,490.83,272.801,383.217,174.337,1
2485,182.502,171.954,232.64,344.184,250.004,185.009,0
2486,211.804,192.345,264.429,358.089,249.929,190.212,1
2487,211.804,206.07,243.222,426.864,71.4006,404.817,1
2488,61.9996,104.761,228.3,693.014,149.501,693.212,0
2489,90.0992,98.1703,221.14,277.637,248.316,184.795,0
2490,211.804,259.942,379.706,535.175,199.222,624.831,1
2491,202.903,212.799,386.272,333.64,349.62,174.626,0
2492,211.804,211.706,445.675,575.431,549.32,615.196,1
2493,26.5001,34.2896,576.847,820.017,602.446,833.292,0
2494,68.3995,76.673,551.379,733.374,611.961,752.802,0
2495,26.4001,31.45,142.051,580.311,139.942,611.098,0
2496,180.102,212.628,512.346,505.697,615.683,539.585,0
2497,54.7997,76.2526,209.698,614.415,144.748,615.908,0
2498,211.804,224.799,462.958,432.646,605.824,537.896,1
2499,16.4,22.2893,260.623,204.469,252.302,184.144,0
2500,115.499,105.27,241.092,282.472,249.462,185.201,0
2501,101.399,114.667,527.097,358.191,630.426,333.844,0
2502,8.9,11.6957,156.279,617.372,144.765,615.992,0
2503,27.6001,22.6434,271.496,194.878,252.416,183.985,0
2504,116.499,136.11,278.498,636.236,144.823,616.142,0
2505,113.499,137.203,558.086,401.972,630.334,334.046,0
2506,140.799,190.641,386.159,665.599,312.22,818.224,0
2507,211.804,274.667,365.456,470.332,326.945,211.284,1
2508,40.4,39.2409,106.577,403.203,67.6654,404.851,0
2509,206.403,185.44,501.359,541.822,613.241,612.659,0
2510,24.1001,30.709,596.836,777.834,611.058,755.252,0
2511,211.804,201.885,464.911,348.719,390.914,174.949,1
2512,67.1995,113.327,248.915,687.025,149.511,693.197,0
2513,147.4,172.185,308.395,623.9,144.832,616.064,0
2514,211.804,247.64,407.384,578.853,541.958,616.739,1
2515,132.499,151.033,614.42,430.724,615.645,539.632,0
2516,56.5997,71.801,598.002,358.622,630.255,334.034,0
2517,211.804,182.896,455.988,439.278,593.881,491.698,1
2518,185.302,212.547,389.015,328.096,350.047,174.847,0
2519,168.701,174.054,281.435,586.675,144.826,616.143,0
2520,122.399,157.783,308.742,693.548,312.245,818.211,0
2521,147.2,200.357,419.056,684.392,313.17,818.184,0
2522,211.804,144.214,397.369,451.988,514.701,453.873,1
2523,181.702,167.973,305.469,625.521,144.67,615.571,0
2524,184.602,145.558,200.405,413.952,67.727,405.515,0
2525,38.3,43.8257,574.823,770.653,611.107,755.434,0
2526,134.999,118.716,166.403,425.429,67.8236,405.263,0
2527,34.9,53.2701,576.261,785.29,606.307,812.331,0
2528,116.499,157.493,313.761,684.792,312.028,818.151,0
2529,189.002,197.883,480.848,391.983,630.332,334.149,0
2530,65.4996,77.2099,289.992,226.894,250.118,184.968,0
2531,56.6997,98.3583,581.651,256.865,647.993,197.87,0
2532,186.602,145.18,493.887,619.758,613.319,613.136,0
2533,65.7996,77.9767,593.546,189.718,647.764,191.412,0
2534,154.1,149.828,444.159,143.715,356.003,173.706,0
2535,21,25.9323,238.048,204.869,249.939,185.109,0
2536,52.9998,54.9173,111.314,418.979,67.7083,404.804,0
2537,197.303,183.117,506.581,536.444,613.286,612.772,0
2538,121.099,181.361,408.421,695.758,313.398,818.232,0
2539,211.804,207.567,388.745,620.584,545.561,615.163,1
2540,53.8997,81.4833,219.093,679.075,149.6,693.292,0
2541,30.7001,44.7515,582.094,789.948,606.944,810.668,0
2542,211.804,184.26,473.785,393.223,608.863,334.583,1
2543,85.4993,127.976,513.096,730.691,611.818,753.55,0
2544,38.3,40.5818,223.269,208.381,248.6,184.923,0
2545,143.5,185.549,614.5,405.294,615.542,539.789,0
2546,8.2,10.1176,592.35,833.673,602.446,833.325,0
2547,137.699,133.969,480.836,175.027,355.926,173.629,0
2548,14.5,20.1457,597.623,766.297,611.291,754.945,0
2549,112.499,136.329,518.364,119.288,653.493,129.975,0
2550,153,169.62,306.042,624.739,144.738,616.06,0
2551,130.999,205.2,515.526,263.33,648.073,197.83,0
2552,211.804,203.868,473.82,258.649,374.084,174.388,1
2553,136.999,162.329,274.532,663.528,144.778,616.07,0
2554,116.399,126.084,549.531,295.377,630.319,334.123,0
2555,211.804,217.573,250.922,461.879,103.513,405.718,1
2556,50.8998,72.2187,199.876,639.719,144.685,615.769,0
2557,49.3998,75.4199,213.129,676.748,149.482,693.29,0
2558,0,0,312.885,821.164,312.885,821.164,0
2559,72.2995,80.4578,574.809,664.636,613.257,612.752,0
2560,211.804,166.895,476.889,670.006,595.239,613.914,1
2561,211.804,207.81,427.769,335.709,380.37,174.388,1
2562,110.299,131.258,207.129,533.334,140.259,611.214,0
2563,211.804,229.711,466.494,429.973,614.899,539.745,1
2564,175.502,240.708,367.38,608.048,312.495,817.962,0
2565,115.999,162.809,289.155,698.562,149.419,693.291,0
2566,21,32.127,317.184,786.504,312.847,818.021,0
2567,115.899,125.185,469.235,174.019,355.561,174.342,0
2568,44.9999,69.9843,550.515,811.282,602.515,833.316,0
2569,211.804,183.893,249.199,414.611,89.9083,404.789,1
2570,0,0,639.877,285.878,639.877,285.878,0
2571,177.202,201.257,297.162,577.029,144.757,615.936,0
2572,1.8,1.17484,255.08,179.064,253.946,179.371,0
2573,35.7,47.5659,81.396,439.868,67.7217,405.453,0
2574,18.2,26.3125,318.327,792.676,312.531,817.959,0
2575,52.8998,65.4435,594.805,689.897,612.449,751.89,0
2576,211.804,204.991,426.696,594.338,551.659,615.562,1
2577,26.8001,33.9314,258.477,218.128,249.541,185.148,0
2578,85.4993,124.81,353.444,701.903,312.815,817.986,0
2579,196.103,166.191,195.283,445.248,67.6325,404.899,0
2580,211.804,149.573,451.541,477.826,568.751,449.859,1
2581,211.804,288.157,318.838,494.675,143.063,574.365,1
2582,103.699,129.001,526.16,120.438,653.589,129.952,0
2583,210.304,222.341,380.313,357.427,350.215,174.941,0
2584,115.899,161.174,217.002,512.771,140.173,611.255,0
2585,134.999,139.497,310.228,296.283,250.439,184.78,0
2586,33.0001,51.2113,601.604,215.514,648.152,198.082,0
2587,14.2,18.2546,162.315,618.643,144.653,615.585,0
2588,54.8997,68.7229,410.276,148.162,355.822,174.321,0
2589,88.0992,107.286,547.909,665.988,613.191,612.728,0
2590,85.9993,112.262,582.898,446.555,615.707,539.724,0
2591,211.804,180.988,429.918,389.772,559.973,341.746,1
2592,18.3,28.2564,171.935,622.02,144.779,615.875,0
2593,94.6991,127.808,363.705,245.567,349.511,174.565,0
2594,5.8,6.82611,642.26,188.357,648.565,190.805,0
2595,0.2,0.0247532,615.726,759.166,615.731,759.142,0
2596,25.5001,30.7142,614.225,270.613,635.951,282.375,0
2597,90.1992,131.781,350.632,694.045,312.942,817.992,0
2598,211.804,233.335,457.754,421.591,604.85,540.842,1
2599,69.4995,117.982,265.743,734.791,153.614,700.205,0
2600,107.799,124.874,251.505,302.805,250.471,184.813,0
2601,113.399,148.007,528.001,192.424,647.799,191.51,0
2602,42.2999,46.0445,569.295,617.217,613.347,612.383,0
2603,70.9995,78.5579,588.074,678.021,612.17,752.384,0
2604,63.2996,100.628,578.787,455.01,615.69,540.653,0
2605,0,0,605.324,836.064,605.324,836.064,0
2606,211.804,186.587,429.983,415.191,533.661,352.976,1
2607,211.804,165.208,479.986,414.987,579.455,338.23,1
2608,135.799,126.68,528.573,670.663,613.279,612.973,0
2609,149,196.69,373.263,650.828,312.329,818.082,0
2610,91.1992,116.751,566.425,451.047,615.553,539.831,0
2611,9.1,11.9816,407.652,89.6184,405.471,78.0389,0
2612,37,50.8545,562.708,759.647,611.151,754.839,0
2613,155.9,187.275,348.955,327.093,349.869,174.841,0
2614,37.9,65.5268,328.678,755.111,312.861,817.992,0
2615,4.8,4.27239,358.781,177.224,355.576,174.273,0
2616,211.804,211.768,478.985,415.793,623.845,334.196,1
2617,163.801,154.248,520.107,377.895,630.374,334.133,0
2618,80.1993,94.5767,554.675,320.467,630.302,333.92,0
2619,90.7992,101.407,214.388,259.33,248.345,184.75,0
2620,84.4993,84.2717,586.445,359.369,630.476,334.366,0
2621,137.799,218.178,510.194,250.57,647.988,198.035,0
2622,211.804,100.737,465.039,477.414,531.629,444.01,1
2623,211.504,235.448,351.563,370.804,349.889,174.824,0
2624,141.999,146.23,437.099,260.388,356.027,173.684,0
2625,99.899,141.167,232.589,778.817,152.727,701.81,0
2626,211.804,224.736,320.708,538.889,176.199,620.702,1
2627,206.103,184.547,247.161,395.189,67.7249,405.562,0
2628,138.899,194.893,341.16,638.633,312.165,818.21,0
2629,211.804,202.035,471.276,254.289,382.432,174.361,1
2630,77.7994,120.509,353.905,706.14,312.801,817.98,0
2631,13.4,20.0836,603.682,735.02,612.169,752.797,0
2632,158.4,142.866,306.167,302.165,250.581,184.848,0
2633,88.8992,96.0933,162.716,402.224,67.6503,404.898,0
2634,97.4991,121.524,220.484,604.439,144.719,616.294,0
2635,22.2,35.4603,596.292,721.584,612.354,752.193,0
2636,30.0001,26.2704,275.374,195.888,252.535,184.024,0
2637,85.5993,122.528,239.042,761.29,152.615,701.769,0
2638,99.899,148.527,347.758,678.789,312.813,818.002,0
2639,211.804,232.205,326.543,492.984,213.342,625.306,1
2640,181.302,152.097,296.492,315.78,250.142,184.988,0
2641,6.2,7.06579,641.601,200.523,647.851,197.374,0
2642,177.102,192.587,379.9,312.119,349.493,174.511,0
2643,203.403,170.855,200.049,342.496,67.6398,404.817,0
2644,11.1,15.02,599.028,609.101,613.201,612.749,0
2645,211.804,198.228,424.627,431.175,589.039,478.203,1
2646,94.0991,107.68,557.41,684.991,612.415,751.915,0
2647,83.2993,111.606,574.079,443.671,615.604,539.652,0
2648,111.699,157.853,341.064,669.692,312.966,818.051,0
2649,40.7999,63.2,417.97,139.055,405.944,78.1096,0
2650,129.099,151.017,504.561,118.469,653.503,129.963,0
2651,211.804,90.054,471.929,333.279,471.833,329.742,1
2652,118.899,161.073,306.275,705.768,312.098,818.211,0
2653,15.7,20.6614,600.852,532.132,615.649,539.629,0
2654,204.203,155.028,160.488,459.988,67.7056,405.458,0
2655,59.2997,58.4508,113.46,422.004,67.7195,405.597,0
2656,35.8,49.071,402.893,178.224,355.809,173.973,0
2657,9.6,13.8779,148.047,679.669,149.603,693.211,0
2658,122.099,128.637,278.582,301.069,250.908,184.732,0
2659,57.4997,78.0823,356.746,195.325,350.043,174.754,0
2660,85.6993,102.81,206.595,566.13,144.721,615.645,0
2661,167.001,157.808,499.632,165.739,356.011,173.777,0
2662,3.4,3.17776,254.353,174.139,253.119,177.048,0
2663,116.699,162.254,216.861,512.201,140.159,611.184,0
2664,211.804,197.658,444.966,595.612,551.073,615.473,1
2665,211.804,206.656,387.784,351.599,327.511,184.989,1
2666,132.499,108.45,546.215,658.68,613.264,613.202,0
2667,7.3,8.55444,641.128,201.785,648.674,198.157,0
2668,153,185.846,203.935,498.423,139.939,611.089,0
2669,9.2,10.8298,257.793,193.43,252.852,183.778,0
2670,211.804,225.904,438.642,450.639,599.277,513.456,1
2671,113.599,129.118,306.286,276.859,249.443,185.168,0
2672,175.101,172.53,198.824,341.091,67.6567,404.792,0
2673,168.701,252.743,322.667,389.962,251.334,184.533,0
2674,211.804,301.652,312.528,482.731,139.97,595.543,1
2675,71.3995,105.724,564.862,472.613,615.787,540.653,0
2676,108.499,118.975,190.335,261.364,248.742,184.941,0
2677,211.804,196.782,442.622,585.122,548.966,616.634,1
2678,88.9992,129.163,307.523,281.699,250.443,184.826,0
2679,14.2,20.6685,411.904,97.8515,405.834,78.2174,0
2680,43.7999,53.5189,608.257,165.805,648.191,190.851,0
2681,160.001,169.156,508.02,325.908,630.256,334.137,0
2682,211.804,57.4561,435.138,528.334,426.312,543.349,1
2683,211.804,155.688,449.566,461.343,579.072,452.061,1
2684,180.302,135.636,462.246,156.2,356.121,173.565,0
2685,119.099,130.91,250.802,308.526,249.466,185.192,0
2686,64.8996,107.229,349.583,718.957,312.742,818,0
2687,186.202,130.906,224.188,308.265,248.779,184.974,0
2688,211.804,208.724,439.281,442.143,597.814,506.021,1
2689,32.3001,43.9986,411.735,121.268,405.945,78.116,0
2690,72.0995,104.071,535.639,724.651,611.912,753.169,0
2691,28.4001,23.2126,266.454,201.459,253.22,183.313,0
2692,79.2994,90.8145,266.279,273.013,249.824,185.082,0
2693,211.804,200.792,472.559,252.179,384.385,174.277,1
2694,45.6999,62.6388,594.913,301.996,630.291,334.188,0
2695,27.1001,34.484,579.477,819.433,602.482,833.331,0
2696,155.5,150.825,160.669,469.563,140.011,611.107,0
2697,53.1998,72.6079,570.584,351.063,630.295,333.986,0
2698,211.804,83.0187,445.705,342.02,444.846,331.459,1
2699,79.2994,121.99,349.822,704.788,312.192,818.208,0
2700,129.799,160.276,533.892,449.635,615.712,539.548,0
2701,211.804,210.177,430.204,341.823,380.652,175.035,1
2702,45.2999,65.8987,591.459,229.305,648.272,198.108,0
2703,126.599,146.43,520.413,146.561,653.483,130.119,0
2704,211.804,259.155,317.617,444.118,116.102,404.296,1
2705,211.804,148.85,456.496,598.393,594.055,614.061,1
2706,12.8,14.1929,588.437,833.51,602.569,832.906,0
2707,211.804,222.833,374.552,377.947,338.861,180.639,1
2708,40.8999,54.0653,610.403,163.83,648.294,190.939,0
2709,83.3993,99.3836,157.841,515.041,139.939,611.126,0
2710,68.2995,77.3664,583.762,671.54,613.218,612.818,0
2711,64.6996,75.8862,590.04,362.514,630.386,334.333,0
2712,124.799,133.514,515.711,366.361,630.364,334.003,0
2713,171.401,148.248,295.334,309.305,249.365,185.239,0
2714,55.0997,78.9869,331.536,232.54,350.694,175.001,0
2715,211.804,198.58,280.799,375.168,250.021,195.033,1
2716,39.2,44.8619,295.091,196.428,253.216,183.298,0
2717,145.3,146.967,181.082,350.824,67.7347,404.905,0
2718,210.404,233.342,353.69,597.084,144.846,616.135,0
2719,188.402,194.208,380.156,314.062,350.169,174.921,0
2720,203.903,237.401,487.034,503.406,615.704,539.628,0
2721,152.5,188.947,199.12,460.441,139.652,611.178,0
2722,211.804,248.848,408.821,558.867,541.251,616.123,1
2723,104.999,113.6,163.528,505.452,139.604,611.158,0
2724,164.301,211.372,369.212,635.758,312.542,817.969,0
2725,48.8998,63.4039,595.989,691.647,612.376,751.881,0
2726,52.3998,72.3732,604.976,241.539,648.4,198.133,0
2727,211.804,184.318,254.195,390.939,78.7432,404.769,1
2728,211.804,214.123,460.624,344.346,373.27,174.989,1
2729,88.8992,107.633,158.015,506.256,139.902,611.192,0
2730,78.5994,111.294,606.186,457.875,615.754,539.486,0
2731,14.1,19.0033,583.926,835.305,602.478,833.247,0
2732,16.4,25.8153,177.276,710.823,153.534,700.71,0
2733,12.6,16.5736,339.49,187.54,349.882,174.847,0
2734,153.3,207.829,518.423,506.338,615.46,540.188,0
2735,65.3996,87.0366,318.198,232.129,350.065,174.826,0
2736,26.0001,33.9824,389.32,172.063,355.912,173.808,0
2737,65.4996,81.1513,253.453,780.282,310.49,818.945,0
2738,145.6,138.398,282.912,309.546,250.397,184.905,0
2739,149.3,141.302,522.35,659.577,613.258,613.013,0
2740,211.804,140.881,493.042,634.207,596.167,614.312,1
2741,211.804,175.891,545.259,518.739,606.351,612.465,1
2742,120.599,181.407,388.198,678.859,313.003,818.09,0
2743,175.502,256.083,327.096,390.597,250.912,184.676,0
2744,6.9,9.28071,161.131,705.539,152.709,701.766,0
2745,57.1997,89.4769,530.006,780.218,611.145,755.193,0
2746,125.899,173.294,302.375,681.989,312.26,818.099,0
2747,211.804,124.692,444.148,478.373,541.119,443.966,1
2748,114.699,111.092,166.332,379.696,67.7022,404.927,0
2749,211.804,202.962,473.882,509.122,566.682,617.162,1
2750,211.804,216.472,263.782,433.889,87.6033,404.367,1
2751,211.804,102.235,477.903,492.993,507.846,452.834,1
2752,150.4,188.861,396.25,292.381,355.548,174.35,0
2753,19,24.893,412.153,101.451,405.62,78.0842,0
2754,60.8996,81.4236,571.993,359.777,630.284,334.173,0
2755,211.804,227.938,364.69,394.43,330.259,184.274,1
2756,211.804,139.394,403.011,463.169,511.13,453.296,1
2757,90.1992,109.758,560.208,155.219,653.477,129.951,0
2758,151.4,185.471,382.015,667.036,312.56,818.016,0
2759,97.1991,108.128,250.318,762.161,310.559,818.806,0
2760,158.5,158.576,277.576,601.743,144.577,615.557,0
2761,17.9,25.3178,149.708,667.743,149.745,693.228,0
2762,211.804,221.446,385.865,385.429,321.909,200.2,1
2763,39.6,59.9139,182.228,591.748,144.799,616.163,0
2764,3.9,3.46327,311.097,815.022,312.696,818.041,0
2765,48.6998,55.6867,598.542,126.56,653.6,129.741,0
2766,211.804,209.476,409.073,347.389,389.825,174.288,1
2767,199.503,180.365,242.963,395.839,67.7322,405.569,0
2768,65.6996,108.368,570.552,231.648,648.066,197.736,0
2769,108.899,93.6167,525.147,622.919,613.223,612.771,0
2770,81.2993,89.5194,157.183,401.026,67.8472,405.248,0
2771,211.804,189.992,416.487,624.301,547.942,616.143,1
2772,16.1,19.5844,599.022,550.029,616.429,542.433,0
2773,167.001,163.696,197.552,351.867,67.6808,405.553,0
2774,47.8998,64.8634,591.932,691.35,612.264,752.09,0
2775,211.804,218.86,445.812,395.675,601.317,335.796,1
2776,129.199,157.256,525.972,401.564,630.283,334.203,0
2777,36.9,32.6574,234.681,213.638,248.705,184.844,0
2778,128.999,155.208,393.028,262.647,355.602,174.362,0
2779,72.4995,92.5666,150.148,519.67,139.956,611.138,0
2780,103.299,111.777,163.995,378.757,67.8191,404.989,0
2781,211.804,209.076,484.389,248.299,362.372,174.421,1
2782,24.6001,30.8334,156.255,665.452,150.077,693.324,0
2783,175.402,149.015,280.055,318.675,250.351,184.912,0
2784,54.1997,68.1171,276.127,777.453,311.256,818.527,0
2785,169.801,188.894,322.479,616.545,144.706,616.094,0
2786,211.804,50.455,595.713,355.382,613.85,366.821,1
2787,22.3,32.8536,578.39,803.618,606.367,811.674,0
2788,211.804,206.113,390.803,334.908,336.686,181.066,1
2789,211.804,193.662,238.595,363.829,68.7204,404.877,1
2790,68.9995,96.8298,542.348,722.288,611.927,753.281,0
2791,130.099,177.517,336.793,651.405,312.545,817.956,0
2792,211.804,227.506,459.231,437.606,607.198,541.697,1
2793,206.503,207.708,424.536,316.588,355.578,174.31,0
2794,27.5001,42.2378,310.314,187.598,350.089,174.842,0
2795,211.804,252.868,358.529,453.575,325.121,209.906,1
2796,211.804,259.923,311.3,466.669,116.259,405.559,1
2797,211.804,197.923,399.31,614.232,546.098,614.742,1
2798,49.3998,65.0203,590.211,691.97,612.211,752.422,0
2799,153.1,129.436,489.526,606.345,613.17,612.777,0
2800,211.804,105.611,461.101,467.682,543.538,444.103,1
2801,52.7998,70.2291,413.359,147.832,355.966,173.628,0
2802,211.804,215.492,477.919,468.189,605.848,536.345,1
2803,139.099,176.287,522.936,416.42,630.312,334.286,0
2804,79.8994,108.292,227.964,754.24,152.536,701.808,0
2805,211.804,196.8,422.818,344.203,398.471,174.271,1
2806,206.403,184.523,235.743,407.109,67.7118,404.806,0
2807,164.501,161.376,234.406,333.804,249.817,185.086,0
2808,203.803,310.09,330.971,438.303,251.148,184.574,0
2809,106.299,125.635,200.36,534.206,140.187,611.174,0
2810,124.299,109.605,222.452,289.086,248.979,185.026,0
2811,80.1993,97.5435,556.47,123.498,653.545,129.955,0
2812,104.099,138.653,567.728,418.028,615.8,539.538,0
2813,207.303,255.521,342.543,565.788,144.83,616.129,0
2814,165.901,220.834,437.538,678.294,312.214,818.195,0
2815,211.804,236.498,309.359,365.319,250.448,197.198,1
2816,95.3991,117.325,562.919,386.055,630.374,333.848,0
2817,159.801,148.305,199.931,316.139,248.262,184.743,0
2818,209.904,221.558,395.145,334.59,349.823,174.739,0
2819,211.804,237.092,409.686,565.734,544.74,614.021,1
2820,172.601,247.093,372.077,607.121,312.361,818.119,0
2821,211.804,226.648,419.817,565.189,545.814,617.954,1
2822,114.999,152.025,513.719,695.55,612.387,752.015,0
2823,100.399,129.203,117.078,494.147,67.8197,405.16,0
2824,211.804,294.171,317.313,488.824,141.562,583.296,1
2825,173.701,195.134,219.819,479.228,139.957,611.099,0
2826,97.8991,97.024,227.114,278.025,249.11,185.112,0
2827,163.401,166.115,235.862,338.527,249.851,185.117,0
2828,202.503,154.826,220.21,406.465,67.7059,405.546,0
2829,40.6,38.2684,576.023,619.291,613.327,612.45,0
2830,90.4992,113.738,188.365,534.432,139.948,611.109,0
2831,44.9999,62.2833,286.392,787.4,311.414,818.54,0
2832,110.199,120.555,309.477,253.607,349.896,174.77,0
2833,172.201,258.169,328.187,389.889,251.29,184.536,0
2834,94.7991,126.858,596.497,441.075,615.627,539.687,0
2835,211.804,56.4405,177.068,658.399,173.812,658.999,1
2836,16.6,24.7524,304.399,800.127,312.032,818.168,0
2837,15.8,21.1561,250.777,205.76,249.523,185.143,0
2838,7.79999,9.89106,348.409,184.767,352.184,175.703,0
2839,20.7,29.7943,385.576,175.182,355.935,173.722,0
2840,12.4,18.5611,635.599,134.092,653.625,129.767,0
2841,185.302,260.474,391.91,630.851,312.775,817.996,0
2842,211.804,232.617,326.914,490.458,214.6,625.955,1
2843,42.7999,63.1295,408.79,140.802,405.862,78.1378,0
2844,211.804,190.839,472.876,507.333,557.356,616.661,1
2845,52.1998,57.4153,573.384,637.345,613.269,612.768,0
2846,188.802,170.258,564.989,527.081,613.205,612.584,0
2847,109.699,150.121,508.378,702.14,611.864,753.102,0
2848,211.804,351.321,391.453,530.558,312.635,813.992,1
2849,114.999,97.1393,520.19,608.481,613.156,612.765,0
2850,93.1992,96.76,151.616,516.194,139.868,611.151,0
2851,17,24.9098,318.55,794.009,312.582,818.069,0
2852,12.2,14.0629,637.313,206.23,648.253,198.066,0
2853,177.402,260.785,384.186,604.693,312.33,818.078,0
2854,24.4001,25.0052,594.573,620.596,613.351,613.237,0
2855,52.1998,75.768,329.858,230.528,350.185,174.895,0
2856,211.804,166.632,477.207,662.569,607.052,612.729,1
2857,19,28.4581,150.758,589.844,139.91,611.184,0
2858,125.899,134.771,422.067,258.849,355.678,174.307,0
2859,176.802,170.023,247.123,337.604,250.059,184.985,0
2860,4.5,5.00848,610.957,542.319,615.514,540.241,0
2861,143.3,222.018,333.64,371.028,251.543,184.356,0
2862,47.7998,55.7204,602.874,172.496,647.988,191.294,0
2863,26.2001,26.0887,93.6746,403.069,67.6945,404.83,0
2864,211.804,133.367,417.45,496.278,507.265,452.865,1
2865,211.104,230.826,368.461,378.168,349.987,174.774,0
2866,32.7001,45.6505,261.664,228.345,250.043,185.019,0
2867,96.2991,110.912,553.937,686.308,612.355,751.88,0
2868,12.3,15.5699,614.757,333.396,630.301,333.997,0
2869,64.4996,73.0043,589.422,684.341,612.311,752.312,0
2870,209.704,301.86,271.789,485.593,139.972,611.124,0
2871,40,69.6439,331.347,751.634,312.86,818.051,0
2872,66.7996,83.9383,255.862,790.537,310.576,818.752,0
2873,93.8991,146.228,317.569,696.311,312.137,818.212,0
2874,40.5,62.2804,594.693,228.677,648.433,198.219,0
2875,115.599,127.584,311.728,259.763,349.853,174.732,0
2876,211.804,195.658,323.541,530.291,220.494,625.861,1
2877,18.5,27.1806,575.71,836.099,602.493,833.327,0
2878,176.902,193.585,497.515,442.984,615.58,539.61,0
2879,211.804,90.9744,314.956,401.017,307.37,390.449,1
2880,211.804,198.108,464.447,350.207,394.056,175.132,1
2881,142.299,135.154,286.812,299.118,250.949,184.623,0
2882,112.399,129.272,439.679,236.322,355.549,174.327,0
2883,211.804,201.124,280.192,373.166,250.485,189.74,1
2884,22.3,32.7457,160.004,596.17,144.527,616.637,0
2885,211.804,250.61,373.665,440.791,324.313,211.437,1
2886,211.804,209.727,422.417,581.155,546.007,616.179,1
2887,22.9001,23.4834,591.946,618.473,613.308,613.119,0
2888,211.804,226.11,348.177,591.288,153.981,616.597,1
2889,107.799,147.952,544.014,443.395,615.567,540.188,0
2890,111.699,131.908,528.615,372.335,630.326,334.14,0
2891,56.7997,87.7414,576.984,478.698,615.731,540.386,0
2892,107.099,104.904,162.561,384.852,67.6456,404.823,0
2893,108.599,130.304,304.964,288.923,250.598,184.756,0
2894,122.199,180.314,480.788,701.664,612.21,752.38,0
2895,211.804,46.425,443.826,529.383,425.77,543.132,1
2896,18.3,24.7327,612.023,343.001,630.254,333.895,0
2897,101.299,118.268,561.194,386.341,630.476,334.503,0
2898,203.103,208.537,492.21,418.696,630.344,334.051,0
2899,160.901,143.033,478.957,153.488,355.986,173.655,0
2900,102.999,106.893,252.18,763.776,310.57,818.798,0
2901,172.601,177.451,503.189,391.354,630.338,334.152,0
2902,211.804,211.824,491.729,411.063,625.722,334.139,1
2903,163.101,158.619,301.16,635.325,144.669,615.679,0
2904,211.804,98.2001,315.959,404.34,306.423,391.139,1
2905,128.199,132.165,480.96,175.983,355.966,173.603,0
2906,132.499,140.241,296.974,303.116,251.448,184.397,0
2907,0,0,620.667,538.677,620.667,538.677,0
2908,211.804,154.95,459.594,684.321,555.879,618.092,1
2909,19.3,24.1044,405.745,102.239,406.054,78.2439,0
2910,113.199,167.076,479.901,713.566,611.917,753.22,0
2911,40.4,45.7641,297.622,182.73,253.354,182.727,0
2912,211.804,58.6047,285.283,347.712,284.881,350.264,1
2913,13.6,17.8938,584.698,832.329,602.374,833.357,0
2914,61.3996,103.971,350.254,724.243,313.099,818.103,0
2915,109.399,156.095,307.034,699.952,311.983,818.207,0
2916,211.804,242.223,288.706,408.182,250.214,193.311,1
2917,47.6998,72.2657,215.699,625.579,144.622,615.571,0
2918,0,0,617.196,612.68,617.196,612.68,0
2919,82.8993,91.2186,223.455,269.643,249.75,185.058,0
2920,211.804,183.218,249.82,352.599,248.123,187.073,1
2921,211.804,226.382,360.826,420.433,323.323,204.629,1
2922,13.3,19.092,635.319,133.698,653.454,130.152,0
2923,143.3,193.843,413.337,685.257,313.077,818.09,0
2924,211.804,226.191,285.052,394.53,248.932,201.151,1
2925,47.8998,59.8841,579.654,328.321,630.269,333.896,0
2926,63.4996,101.464,338.051,719.821,312.584,818.014,0
2927,0,0,355.208,172.749,355.208,172.749,0
2928,105.099,154.384,309.125,694.197,312.319,818.057,0
2929,176.902,197.445,444.209,315.165,355.61,174.359,0
2930,211.804,225.256,433.338,391.203,602.003,336.866,1
2931,64.2996,84.7617,332.412,238.77,350.217,174.855,0
2932,144.3,158.216,532.035,444.867,615.678,539.63,0
2933,115.999,127.711,145.136,493.108,139.592,611.252,0
2934,75.0994,92.3457,567.547,140.395,653.473,129.9,0
2935,173.501,195.561,449.205,302.716,355.565,174.411,0
2936,28.7001,45.2505,585.636,338.464,630.297,333.914,0
2937,7.6,10.3814,602.195,749.552,611.881,753.28,0
2938,63.8996,87.2129,536.686,750.76,611.232,755.502,0
2939,3.7,3.52286,655.189,201.764,654.07,198.424,0
2940,4.5,5.1455,153.098,689.099,151.358,693.941,0
2941,38.4,37.5232,105.427,405.858,67.7425,404.869,0
2942,49.6998,51.8563,118.041,396.258,67.6563,404.824,0
2943,211.804,248.631,339.636,530.636,191.097,623.041,1
2944,1,0.43355,654.835,133.942,655.112,133.608,0
2945,125.299,145.937,455.439,215.77,355.925,173.598,0
2946,211.804,262.87,381.37,532.585,198.593,624.169,1
2947,211.804,131.073,450.296,485.994,546.642,445.251,1
2948,38.6,57.1689,616.69,243.916,635.933,282.548,0
2949,34.5,44.2956,615.431,172.724,648.452,190.857,0
2950,211.804,156.742,538.148,525.152,578.172,617.33,1
2951,64.4996,80.9363,147,395.773,67.7399,405.437,0
2952,160.101,179.178,516.043,449.031,615.604,539.591,0
2953,87.6992,138.227,324.281,697.617,312.256,818.135,0
2954,36.3,46.2096,556.908,834.361,602.459,833.287,0
2955,9.9,13.2442,636.603,203.671,648.454,198.097,0
2956,51.1998,63.8869,599.121,147.108,653.534,129.895,0
2957,178.202,205.789,392.669,308.415,349.901,174.725,0
2958,1.2,0.601571,401.359,70.88,401.906,71.1317,0
2959,120.799,134.119,452.692,223.935,355.945,173.608,0
2960,64.9996,94.1764,549.24,498.185,615.67,539.669,0
2961,211.804,267.784,377.671,542.984,184.169,622.108,1
2962,49.5998,77.3558,209.783,690.517,153.036,701.695,0
2963,10.7,15.1595,137.681,635.924,139.961,620.889,0
2964,211.804,249.202,404.954,579.696,541.994,615.475,1
2965,178.902,194.155,363.569,285.332,350.12,174.784,0
2966,211.804,185.322,477.867,410.14,603.297,336.59,1
2967,204.503,225.51,466.89,439.163,615.534,540.007,0
2968,211.804,216.44,291.343,385.691,250.115,196.114,1
2969,139.799,129.096,524.73,668.339,613.167,613.013,0
2970,202.503,188.99,210.052,327.051,248.26,184.66,0
2971,211.804,204.354,392.558,333.184,336.333,183.843,1
2972,210.604,207.155,475.305,402.574,630.284,334.048,0
2973,211.804,187.117,485.196,255.159,387.004,174.382,1
2974,211.804,172.274,431.262,615.383,549.076,617.821,1
2975,187.602,258.626,281.669,518.054,139.874,611.071,0
2976,211.804,175.89,433.951,610.533,552.242,617.86,1
2977,211.804,58.1246,446.937,526.568,425.303,543.458,1
2978,51.6998,63.64,602.24,153.246,653.58,130.035,0
2979,39,61.9919,184.882,654.629,149.81,693.243,0
2980,187.602,286.751,334.137,415.328,251.376,184.524,0
2981,175.502,147.836,553.57,543.09,613.242,612.887,0
2982,38.8,51.8745,608.594,166.73,648.364,190.906,0
2983,2.3,1.75826,313.763,816.487,313.295,818.182,0
2984,51.7998,79.8901,584.04,477.44,615.684,540.344,0
2985,180.602,255.464,257.32,529.585,140.068,611.054,0
2986,28.8001,44.5735,280.064,799.209,312.135,818.198,0
2987,199.603,215.271,389.322,325.631,350.058,174.772,0
2988,173.501,160.117,212.087,366.239,67.8128,405.015,0
2989,211.804,213.816,293.734,374.565,250.244,191.461,1
2990,178.602,162.604,178.566,299.58,249.066,185.094,0
2991,201.603,227.734,369.197,368.998,349.544,174.525,0
2992,211.804,235.75,409.592,345.268,358.762,175.013,1
2993,139.999,121.993,164.181,426.748,67.8339,405.428,0
2994,196.403,211.518,368.054,356.909,350.195,174.82,0
2995,211.804,137.799,446.928,638.172,558.253,617.435,1
2996,44.1999,40.3991,285.837,206.7,253.098,183.525,0
2997,96.4991,125.612,111.439,484.778,67.6201,405.517,0
2998,122.999,133.172,223.307,590.717,144.844,615.873,0
2999,8.6,12.0337,641.679,128.826,653.473,129.847,0
3000,113.899,152.949,313.227,689.576,312.299,818.129,0
3001,65.0996,82.0908,571.676,130.839,653.519,130.028,0
3002,211.804,142.777,418.115,511.443,514.662,450.466,1
3003,211.804,216.705,418.842,416.569,556.822,348.733,1
3004,32.3001,54.1212,324.765,765.957,312.846,818.027,0
3005,211.804,147.876,412.947,506.023,510.492,453.369,1
3006,103.699,142.829,605.213,433.494,615.604,540.187,0
3007,17.6,18.292,85.8836,405.13,67.678,405.476,0
3008,211.804,82.1087,185.472,660.425,173.454,659.495,1
3009,211.804,96.0104,323.025,405.221,308.008,382.329,1
3010,31.8001,51.029,577.423,786.831,606.341,812.012,0
3011,157.2,174.361,420.69,296.092,355.609,174.377,0
3012,165.401,164.508,303.707,627.618,144.648,615.623,0
3013,211.804,137.381,440.587,507.96,530.667,443.76,1
3014,211.804,237.827,340.019,539.195,194.287,623.029,1
3015,211.804,267.846,360.924,550.231,163.871,618.766,1
3016,117.299,157.552,542.465,213.408,647.775,191.606,0
3017,83.9993,128.558,514.004,734.792,611.19,755.127,0
3018,151.2,195.597,512.047,462.808,615.525,539.937,0
3019,181.102,146.254,201.55,413.483,67.7325,405.585,0
3020,114.799,154.044,539.861,213.212,647.938,191.168,0
3021,171.201,156.526,500.521,174.16,355.954,173.926,0
3022,14,17.2032,603.854,553.144,616.836,543.185,0
3023,211.804,108.324,451.458,463.811,535.187,443.903,1
3024,211.804,195.922,484.568,510.783,574.949,617.342,1
3025,168.501,190.31,404.88,297.215,355.58,174.361,0
3026,44.4999,59.8911,409.506,157.496,355.78,174.272,0
3027,211.804,224.165,465.646,454.65,603.859,539.14,1
3028,73.2995,118.843,266.253,735.084,153.639,700.232,0
3029,60.8996,69.0251,584.721,127.65,653.564,130.027,0
3030,2.8,2.53922,628.334,331.977,630.781,332.654,0
3031,57.1997,55.3687,210.643,215.559,248.782,185.01,0
3032,108.599,155.861,308.989,701.792,312.003,818.225,0
3033,143.3,152.539,336.495,292.111,349.736,174.635,0
3034,211.804,120.086,472.798,474.735,548.18,447.395,1
3035,211.804,78.0107,308.326,398.994,306.941,390.847,1
3036,211.204,303.595,307.597,493.135,139.908,611.097,0
3037,211.804,231.275,423.973,565.412,541.846,616.171,1
3038,65.4996,77.2054,144.99,401.906,67.7348,405.407,0
3039,211.804,213.074,261.186,376.084,248.364,195.281,1
3040,60.2997,79.5869,174.387,560.576,139.856,611.065,0
3041,115.399,120.986,255.856,643.656,144.764,615.793,0
3042,43.0999,69.9897,203.972,695.84,152.497,701.881,0
3043,211.804,240.4,365.423,531.495,207.764,624.646,1
3044,130.099,98.241,546.196,646.641,613.256,612.923,0
3045,50.4998,62.8664,597.119,144.949,653.586,129.683,0
3046,211.804,276.205,351.28,541.652,154.154,617.53,1
3047,62.6996,70.9255,398.196,194.778,355.728,174.346,0
3048,41.3999,40.5736,576.478,621.915,613.294,612.383,0
3049,33.0001,48.2692,325.912,199.127,350.352,174.85,0
3050,106.799,113.779,248.869,639.938,144.623,615.485,0
3051,73.5994,91.8067,121.548,453.443,67.7597,404.953,0
3052,151.9,139.922,288.867,306.323,250.575,184.83,0
3053,36.9,57.5902,596.678,307.931,630.403,334.098,0
3054,165.701,209.644,351.538,626.84,312.778,817.986,0
3055,92.0992,104.491,373.173,209.335,356.138,173.459,0
3056,211.804,194.296,250.315,366.969,250.734,193.61,1
3057,164.201,144.496,269.358,617.457,144.817,615.882,0
3058,211.804,213.785,480.255,464.292,606.276,539.615,1
3059,26.2001,43.8352,309.822,190.795,350.478,175.046,0
3060,12.7,16.1199,147.207,677.49,149.47,693.159,0
3061,211.804,225.243,298.422,435.807,104.723,404.702,1
3062,58.1997,64.8581,593.822,174.804,648.016,191,0
3063,211.804,283.047,322.025,479.905,150.494,572.54,1
3064,175.001,206.811,518.284,506.418,615.566,539.691,0
3065,211.804,216.183,475.64,460.044,604.217,538.662,1
3066,10.3,16.059,316.74,802.821,312.336,818.161,0
3067,71.7995,105.754,244.492,742.198,152.534,701.93,0
3068,0,0,603.898,832.841,603.898,832.841,0
3069,20.5,29.4043,624.305,129.275,653.583,130.044,0
3070,157.8,214.037,421.425,697.886,312.891,818.007,0
3071,70.4995,113.143,570.005,226.297,647.955,197.812,0
3072,211.804,226.317,400.27,378.482,323.617,200.187,1
3073,211.804,216.88,235.023,476.712,107.693,405.708,1
3074,57.6997,96.7312,232.65,682.665,149.466,693.263,0
3075,68.1995,100.122,221.5,752.264,152.52,701.876,0
3076,31.1001,47.4549,564.393,806.707,606.444,811.835,0
3077,125.199,145.864,316.984,297.644,251.049,184.573,0
3078,149.2,162.104,529.528,437.455,615.699,539.688,0
3079,177.602,169.32,278.615,340.189,250.98,184.544,0
3080,145,171.837,349.815,315.646,349.925,174.661,0
3081,187.202,152.639,488.499,623.021,613.179,612.65,0
3082,211.804,171.159,411.944,436.611,562.265,451.184,1
3083,61.7996,89.1086,223.646,740.11,152.48,701.735,0
3084,79.0994,128.679,252.817,697.279,149.438,693.308,0
3085,36.9,61.3117,202.231,630.146,144.717,615.877,0
3086,171.801,162.402,196.491,352.092,67.7386,404.823,0
3087,165.901,159.865,525.5,546.157,613.172,612.714,0
3088,59.7997,69.7197,583.363,692.953,612.395,752.045,0
3089,24.8001,35.3568,154.759,642.93,139.826,620.857,0
3090,30.5001,32.7122,285.003,185.259,253.333,182.949,0
3091,211.804,243.392,343.03,491.208,211.558,625.896,1
3092,34.4,45.0619,80.3567,437.327,67.8292,405.417,0
3093,139.599,176.452,601.071,407.54,615.63,539.722,0
3094,61.5996,103.291,570.372,235.699,647.956,197.775,0
3095,211.804,164.448,457.522,640.213,594.714,612.389,1
3096,181.602,175.281,226.259,342.606,249.508,185.21,0
3097,0,0,313.754,820.961,313.754,820.961,0
3098,211.804,221.476,319.378,542.013,175.609,620.05,1
3099,211.804,289.199,321.186,486.995,141.396,577.693,1
3100,6.4,7.98292,594.337,834.348,602.421,833.182,0
3101,38.1,51.8289,598.742,703.161,612.271,752.124,0
3102,211.804,240.957,329.91,516.771,181.077,621.519,1
3103,88.4992,104.691,533.33,336.406,630.283,333.859,0
3104,12,15.5062,596.239,800.595,606.631,811.402,0
3105,181.002,220.029,262.162,504.177,139.587,611.256,0
3106,123.499,129.651,281.041,296.861,249.739,185.233,0
3107,50.3998,59.972,162.825,568.612,139.853,611.153,0
3108,36.2,54.7075,617.621,247.207,636.114,282.635,0
3109,61.8996,85.9416,582.155,291.046,630.324,334.003,0
3110,163.101,139.336,481.217,169.794,355.981,173.646,0
3111,211.804,110.644,456.38,594.766,557.933,616.933,1
3112,207.803,156.076,487.515,629.965,613.172,613.041,0
3113,211.804,229.43,461.189,465.059,603.693,535.832,1
3114,46.0999,65.2019,120.231,564.903,139.942,611.084,0
3115,87.6992,99.2078,171.801,534.861,139.933,611.052,0
3116,123.799,168.274,515.899,205.629,647.796,191.467,0
3117,140.199,192.404,332.44,637.987,312.225,818.203,0
3118,145,177.698,522.598,418.794,630.329,334.149,0
3119,211.804,206.651,367.849,382.59,322.544,188.088,1
3120,7.5,9.98065,403.296,87.7849,405.975,78.1535,0
3121,171.001,168.784,235.562,341.457,250.808,184.714,0
3122,29.4001,37.486,581.462,763.658,611.167,754.931,0
3123,211.804,193.487,263.043,355.816,249.368,187.326,1
3124,211.804,207.857,400.389,366.881,322.774,203.744,1
3125,211.804,271.127,387.572,447.318,326.662,209.663,1
3126,29.1001,35.5778,267.473,214.924,252.531,184.044,0
3127,22.8001,36.202,603.962,573.568,616.285,541.725,0
3128,182.902,174.919,474.106,569.07,613.37,612.543,0
3129,30.5001,43.0748,611.722,137.607,653.597,129.956,0
3130,94.5991,136.529,345.894,691.407,312.708,818.017,0
3131,71.4995,90.8521,332.452,244.771,349.847,174.729,0
3132,131.699,128.158,213.68,306.879,248.833,184.98,0
3133,137.399,170.069,519.616,407.317,630.375,334.056,0
3134,176.402,253.862,401.472,630.083,313.434,818.273,0
3135,147.2,133.162,205.677,304.618,248.813,185.008,0
3136,84.7993,135.744,326.94,697.093,312.388,818.09,0
3137,41.4999,66.909,208.318,622.944,144.742,615.709,0
3138,182.002,165.5,518.887,545.685,613.163,612.632,0
3139,211.804,301.142,281.12,479.483,139.867,609.166,1
3140,211.804,256.691,359.697,473.843,226.292,627.525,1
3141,65.4996,80.3907,584.62,185.353,648.488,190.854,0
3142,137.299,169.937,522.288,443.219,615.582,540.171,0
3143,36.9,61.5121,595.71,228.262,648.399,198.077,0
3144,84.1993,132.093,538.811,196.163,648,190.98,0
3145,154.7,164.3,443.759,269.607,355.584,174.312,0
3146,165.101,185.187,376.614,304.777,349.73,174.71,0
3147,211.804,206.364,318.819,529.954,200.567,624.239,1
3148,33.3001,50.9942,611.724,256.937,636.062,282.578,0
3149,211.804,141.795,399.925,484.658,514.772,449.897,1
3150,67.5995,101.131,564.192,478.811,615.831,540.84,0
3151,170.501,205.083,495.404,451.755,615.568,539.969,0
3152,90.7992,108.936,204.777,563.671,144.712,615.571,0
3153,46.8999,72.3211,210.215,675.259,149.458,693.195,0
3154,138.399,143.068,444.111,246.876,355.613,174.339,0
3155,122.399,147.257,268.252,657.638,144.629,615.634,0
3156,28.8001,41.6634,179.204,672.597,149.906,693.151,0
3157,117.199,167.622,479.123,711.273,612.07,752.59,0
3158,211.804,187.961,287.02,342.37,250.405,188.934,1
3159,84.6993,88.0856,544.401,597.343,613.154,612.824,0
3160,91.2992,136.076,349.002,690.941,313.533,818.331,0
3161,92.9992,97.7932,606.064,708.22,612.417,752.027,0
3162,85.1993,108.808,565.757,468.413,615.7,539.702,0
3163,194.203,242.151,276.036,534.885,144.664,615.643,0
3164,109.799,127.793,303.334,286.808,249.869,185.146,0
3165,23.4001,33.9651,142.467,654.038,139.888,620.941,0
3166,104.199,166.477,541.511,279.054,648.033,197.869,0
3167,34.9,45.7155,608.278,132.995,653.454,130.028,0
3168,203.803,180.168,192.13,318.935,248.271,184.824,0
3169,211.804,188.453,426.981,427.256,585.594,467.512,1
3170,103.399,138.175,213.63,534.703,140.13,611.133,0
3171,211.804,253.939,351.757,476.79,217.324,625.383,1
3172,91.1992,109.603,248.634,637.188,144.677,616.268,0
3173,211.804,191.751,474.393,544.152,607.842,613.25,1
3174,59.1997,73.1669,198.431,638.7,144.688,615.56,0
3175,170.101,252.548,395.579,641.498,313.243,818.164,0
3176,211.804,230.275,302.309,425.785,107.739,404.697,1
3177,14.3,21.0901,414.344,97.3557,408.521,77.0442,0
3178,19.9,28.2078,134.805,586.139,139.831,611.206,0
3179,34.7,38.7714,577.304,600.261,613.305,612.427,0
3180,211.804,236.073,378.748,418.001,323.816,201.328,1
3181,19.4,27.0307,626.763,131.433,653.479,129.952,0
3182,60.9996,67.2737,133.586,394.917,67.7066,405.573,0
3183,94.1991,104.77,566.572,321.411,630.469,333.78,0
3184,211.804,232.343,452.261,415.201,603.466,531.821,1
3185,3.4,2.75527,645.275,189.909,647.864,191.294,0
3186,67.2995,75.1383,266.538,257.005,249.379,185.21,0
3187,211.804,150.964,437.697,636.606,557.353,618.67,1
3188,44.1999,64.4838,411.263,141.743,405.932,78.2485,0
3189,211.804,192.229,471.549,504.794,559.521,616.287,1
3190,211.804,190.338,512.057,514.682,593.663,612.665,1
3191,211.804,224.23,335.317,505.716,211.677,625.307,1
3192,14.9,20.4302,332.619,184.066,350.024,174.762,0
3193,101.799,142.102,567.465,415.019,615.49,540.048,0
3194,211.804,81.2452,564.631,182.155,563.672,182.625,1
3195,131.299,119.934,217.995,298.517,249.491,185.216,0
3196,32.2001,42.1197,81.9209,434.331,67.7841,405.411,0
3197,100.599,124.398,278.607,730.364,311.677,818.407,0
3198,196.003,320.913,395.655,556.119,312.775,818.018,0
3199,211.804,231.762,287.831,402.929,249.415,201.455,1
3200,174.401,153.327,279.736,324.991,249.408,185.238,0
3201,211.804,189.904,417.994,380.102,552.722,349.784,1
3202,211.804,153.762,425.758,425.581,555.588,453.382,1
3203,169.901,197.17,491.664,403.246,630.356,334.076,0
3204,100.099,148.658,316.845,692.783,312.167,818.203,0
3205,28.2001,46.3489,616.927,255.878,635.997,282.532,0
3206,211.804,223.759,418.675,568.283,543.838,617.049,1
3207,36.8,47.3516,606.375,127.348,653.567,129.951,0
3208,91.9992,105.652,358.093,225.286,350.13,174.792,0
3209,63.1996,83.1123,554.943,719.401,611.893,753.115,0
3210,211.804,107.116,446.491,489.924,519.852,443.005,1
3211,16,23.4285,315.406,794.952,312.713,817.967,0
3212,82.0993,135.887,257.221,663.852,149.458,693.229,0
3213,192.303,146.48,492.222,617.118,613.342,613.097,0
3214,211.804,198.255,249.455,443.129,98.9442,405.757,1
3215,141.699,119.062,509.424,643.693,613.313,613.145,0
3216,37.8,52.8517,573.965,788.233,606.515,811.69,0
3217,69.8995,106.743,561.927,199.549,648.466,190.772,0
3218,99.4991,128.831,526.888,118.185,653.53,129.951,0
3219,211.804,198.503,395.973,617.709,545.701,616.835,1
3220,105.799,144.753,367.75,259.269,349.909,174.615,0
3221,94.5991,106.645,375.007,212.415,356.197,173.435,0
3222,211.804,206.502,268.086,430.803,94.9242,404.754,1
3223,139.699,141.972,160.012,473.158,139.822,611.066,0
3224,61.9996,82.7555,295.974,227.758,250.343,184.878,0
3225,123.299,128.445,463.504,155.657,355.96,173.637,0
3226,211.804,239.166,437.288,555.49,548.187,614.876,1
3227,211.804,114.295,450.373,459.78,548.306,449.019,1
3228,49.7998,52.7075,598.286,645.881,613.316,612.381,0
3229,84.8993,101.87,208.536,568.046,144.724,615.584,0
3230,0,0,151.833,695.341,151.833,695.341,0
3231,211.804,209.396,466.884,490.684,554.576,615.26,1
3232,92.5992,109.074,406.403,232.01,355.642,174.416,0
3233,158.5,161.993,211.464,364.486,67.6694,404.824,0
3234,149,169.417,374.858,290.538,349.591,174.561,0
3235,93.7991,118.514,536.713,127.463,653.53,130.046,0
3236,197.303,223.592,381.517,358.648,350.178,174.779,0
3237,33.2001,43.9208,611.428,137.708,653.478,129.953,0
3238,211.804,125.18,465.375,467.594,559.164,451.478,1
3239,187.102,199.191,505.892,426.295,630.371,334.056,0
3240,211.804,206.292,417.399,421.387,549.356,350.358,1
3241,141.699,132.491,284.042,297.839,249.888,185.132,0
3242,137.299,111.251,546.329,660.366,613.271,613.016,0
3243,73.4995,102.381,279.166,281.192,250.283,184.926,0
3244,154.9,170.205,179.964,464.256,139.76,611.05,0
3245,23.6001,35.9802,173.572,673.246,149.776,693.282,0
3246,15.7,23.2072,161.171,675.025,149.607,693.298,0
3247,72.4995,121.975,251.705,704.219,153.154,701.492,0
3248,145.9,123.268,493.966,602.384,613.296,613.218,0
3249,18.2,20.7941,597.875,737.501,612.289,752.35,0
3250,70.8995,89.6645,162.729,537.196,139.938,611.197,0
3251,211.804,222.305,351.447,360.752,346.437,177.369,1
3252,181.102,257.985,385.698,605.731,312.767,817.958,0
3253,6,7.71881,150.018,685.532,149.719,693.201,0
3254,96.9991,143.767,345.867,684.625,312.112,818.219,0
3255,112.199,117.035,523.418,339.677,630.321,333.85,0
3256,23.3001,36.7676,320.163,192.994,350.419,174.976,0
3257,113.999,108.882,204.955,259.188,248.244,184.652,0
3258,161.801,216.374,350.661,619.883,312.33,818.092,0
3259,154.6,149.372,191.069,302.816,248.2,184.727,0
3260,88.5992,144.092,557.23,285.542,648.006,197.914,0
3261,211.804,200.489,479.402,504.991,577.276,617.341,1
3262,211.804,177.815,482.886,484.045,591.491,485.183,1
3263,211.804,211.673,365.791,398.443,320.9,198.257,1
3264,64.0996,107.964,249.983,721.044,153.603,700.586,0
3265,189.102,160.668,186.227,309.493,248.239,184.746,0
3266,141.399,148.699,162.499,466.261,139.874,611.179,0
3267,55.6997,64.3698,393.519,186.165,355.641,174.314,0
3268,189.702,179.204,268.064,344.281,250.945,184.6,0
3269,171.001,161.409,211.754,365.875,67.7375,404.819,0
3270,211.804,189.075,257.113,355.629,249.051,186.81,1
3271,208.003,186.9,251.858,398.77,67.6675,404.825,0
3272,201.803,170.298,214.55,354.028,67.6928,404.886,0
3273,28.7001,41.5178,615.211,195.518,648.41,198.117,0
3274,179.702,164.075,277.549,597.133,144.664,615.708,0
3275,75.5994,75.5053,195.804,213.171,248.342,184.789,0
3276,37,52.5162,408.15,130.011,405.905,78.2202,0
3277,119.199,164.258,519.358,209.179,648.445,190.883,0
3278,211.804,251.145,330.541,475.465,214.951,626.442,1
3279,211.804,91.8552,469.366,478.255,520.693,443.233,1
3280,37.4,49.8773,609.479,144.156,653.577,130.036,0
3281,165.001,163.261,280.738,330.629,251.288,184.497,0
3282,28.6001,44.5169,319.916,200.422,350.538,175.036,0
3283,211.804,292.963,319.744,480.994,141.805,582.722,1
3284,20,27.6995,603.179,727.171,612.339,752.276,0
3285,144.8,178.452,205.372,475.511,139.924,611.146,0
3286,62.9996,77.9,143.794,398.977,67.6317,405.602,0
3287,211.804,153.87,399.556,505.819,514.18,451.887,1
3288,63.7996,97.4705,592.543,461.481,615.726,539.476,0
3289,158.2,114.559,197.327,264.66,248.529,184.836,0
3290,65.8996,80.3424,191.672,638.135,144.837,616.099,0
3291,159.601,129.386,214.72,306.336,248.827,185.011,0
3292,139.599,168.59,500.067,149.799,653.481,130.036,0
3293,211.804,231.715,334.514,506.457,206.832,626.198,1
3294,32.9001,35.103,281.723,200.739,252.447,184.017,0
3295,106.399,116.154,256.852,750.794,310.606,818.837,0
3296,102.699,118.018,250.508,743.613,152.963,701.7,0
3297,211.804,219.038,291.479,425.355,108.286,405.665,1
3298,1.8,1.26384,602.345,830.08,603.555,830.444,0
3299,211.804,217.969,384.065,392.873,321.739,201.069,1
3300,211.804,139.643,421.716,507.361,514.933,452.718,1
3301,153.2,202.604,370.862,646.651,312.122,818.222,0
3302,134.799,193.048,328.91,639.062,312.091,818.244,0
3303,147.7,151.577,518.068,382.518,630.314,334.061,0
3304,142.8,152.318,179.705,480.093,139.659,611.16,0
3305,211.804,200.049,332.127,550.403,209.143,625.33,1
3306,29.8001,37.0148,582.769,766.533,611.127,755.196,0
3307,49.4998,74.4954,351.536,195.039,350.086,174.837,0
3308,211.804,236.424,408.273,564.038,544.126,616.021,1
3309,97.1991,122.867,237.714,655.767,144.724,615.885,0
3310,14.4,17.1994,84.8359,404.741,67.7057,405.201,0
3311,69.5995,83.8169,569.871,130.301,653.589,129.978,0
3312,48.3998,65.0712,570.545,344.461,630.319,334.149,0
3313,127.799,137.768,328.214,274.554,350.313,174.85,0
3314,211.804,282.543,324.108,483.496,151.886,572.859,1
3315,102.399,122.902,353.193,257.834,350.054,174.809,0
3316,63.7996,80.6164,320.429,746.854,311.377,818.508,0
3317,70.2995,91.3687,312.848,741.898,311.773,818.277,0
3318,38.1,60.3869,326.945,215.899,350.228,174.884,0
3319,211.804,131.56,458.996,376.62,544.972,350.945,1
3320,86.9992,99.5131,271.705,281.124,249.874,185.118,0
3321,144.5,196.862,497.436,443.559,615.54,540.113,0
3322,211.804,127.77,418.99,498.41,513.361,454.761,1
3323,146.5,130.675,524.069,671.736,613.197,613.002,0
3324,81.8993,115.904,292.504,283.258,250.336,184.85,0
3325,211.804,108.598,432.075,468.094,524.821,443.77,1
3326,149.9,114.369,200.837,263.257,248.138,184.657,0
3327,61.6996,69.1392,397.044,192.652,355.816,174.343,0
3328,76.8994,86.4428,432.045,147.952,356.198,173.403,0
3329,22.3,33.6552,608.221,314.376,630.267,334.096,0
3330,61.2996,94.9162,589.732,461.468,615.92,541.204,0
3331,211.804,221.459,322.241,549.388,170.916,619.254,1
3332,132.899,138.083,265.813,614.716,144.693,615.633,0
3333,116.599,147.804,151.549,476.299,67.7687,405.403,0
3334,182.202,210.836,515.6,505.272,615.677,539.655,0
3335,146,204.778,414.116,676.923,313.129,818.112,0
3336,45.3999,57.4485,614.648,158.839,648.407,190.839,0
3337,110.799,126.262,422.578,251.561,356.088,173.449,0
3338,9.5,13.9996,143.569,597.88,139.488,611.203,0
3339,211.804,187.941,398.982,339.256,321.619,198.372,1
3340,61.6996,98.3241,522.297,781.571,611.289,754.855,0
3341,106.199,151.882,314.684,697.896,311.953,818.287,0
3342,27.1001,26.1444,275.96,195.497,253.037,183.82,0
3343,49.8998,59.8473,594.351,696.05,612.418,751.924,0
3344,211.804,195.621,463.467,347.551,394.588,174.84,1
3345,161.401,184.621,515.282,453.218,615.574,539.633,0
3346,38.3,37.3259,285.074,200.597,253.009,183.747,0
3347,68.5995,84.5928,553.729,332.376,630.304,333.96,0
3348,126.399,143.69,173.39,481.084,140.101,611.091,0
3349,178.902,201.518,469.89,307.728,630.343,334.101,0
3350,211.804,206.918,474.278,466.811,602.466,528.051,1
3351,36.7,37.7795,579.248,597.932,613.338,612.387,0
3352,23.0001,35.5494,576.01,754.673,611.077,755.232,0
3353,121.999,129.304,172.391,496.434,139.94,611.139,0
3354,211.804,190.533,415.444,437.088,581.775,458.57,1
3355,192.203,215.699,368.622,362.724,349.802,174.623,0
3356,40.6,57.7622,570.023,728.823,612.214,752.422,0
3357,54.9997,55.3206,212.57,212.899,248.934,185.007,0
3358,197.703,184.457,235.347,373.527,67.6751,404.847,0
3359,44.8999,60.3245,307.433,766.06,312.013,818.206,0
3360,0,0,612.575,816.89,612.575,816.89,0
3361,116.699,142.338,518.161,129.993,653.462,129.976,0
3362,70.9995,77.6435,398.953,200.816,355.643,174.418,0
3363,8.6,11.819,601.623,611.914,613.272,612.782,0
3364,180.302,220.159,274.104,554.565,144.621,615.714,0
3365,210.204,189.505,285.37,352.57,249.109,185.087,0
3366,118.499,113.438,201.728,259.461,248.248,184.672,0
3367,211.804,241.399,291.985,407.809,249.987,201.222,1
3368,63.6996,77.5793,575.855,129.697,653.467,130.101,0
3369,156.7,208.402,315.547,639.661,312.135,818.258,0
3370,21.1,21.6378,601.18,600.419,613.164,612.818,0
3371,118.599,167.785,360.24,667.815,313.057,818.106,0
3372,144.3,159.579,373.181,279.816,349.64,174.621,0
3373,67.9995,79.5189,424.944,146.748,356.145,173.64,0
3374,211.804,119.394,420.587,472.356,516.292,448.63,1
3375,9,11.2004,365.53,179.246,355.762,174.33,0
3376,126.599,200.742,524.801,248.839,647.872,197.699,0
3377,59.2997,77.428,537.627,614.262,613.174,612.732,0
3378,211.804,238.224,292.768,408.942,250.439,198.914,1
3379,71.2995,113.295,338.853,708.338,312.757,817.986,0
3380,111.299,122.252,191.492,263.191,248.32,184.751,0
3381,135.999,181.849,503.045,204.907,648.239,190.864,0
3382,172.101,173.18,304.847,649.419,144.664,616.24,0
3383,209.104,300.758,306.822,497.299,139.878,611.177,0
3384,0,0,250.795,178.635,250.795,178.635,0
3385,211.804,156.654,385.662,481.625,514.196,449.727,1
3386,157.6,166.307,181.965,467.809,139.889,611.175,0
3387,115.599,95.8465,520.881,608.117,613.25,612.807,0
3388,90.9992,99.5572,267.02,282.524,249.989,184.96,0
3389,85.4993,111.63,362.69,228.635,350.169,174.85,0
3390,211.804,134.849,401.222,465.877,515.2,446.963,1
3391,74.2994,77.7515,600.162,679.859,612.415,751.957,0
3392,26.6001,38.9953,161.956,590.806,144.309,616.966,0
3393,182.902,246.373,259.589,518.218,139.949,611.101,0
3394,86.5993,101.652,403.696,224.662,356.128,173.48,0
3395,44.9999,57.8157,409.737,183.795,355.933,173.656,0
3396,31.7001,28.7013,274.764,200.002,252.375,184.012,0
3397,211.804,145.733,451.235,618.523,571.546,617.787,1
3398,211.804,273.346,365.314,467.486,327.348,211.703,1
3399,1.8,1.21894,151.347,703.69,151.016,702.517,0
3400,74.2994,93.4163,172.568,208.247,248.356,184.845,0
3401,58.8997,66.5048,587.276,662.645,613.264,612.875,0
3402,129.199,138.084,247.845,314.164,250.878,184.698,0
3403,134.499,147.697,518.175,378.823,630.36,334.253,0
3404,204.803,176.094,227.769,402.847,67.7365,404.838,0
3405,91.5992,99.3659,149.071,514.196,139.89,611.076,0
3406,211.804,216.091,301.246,379.879,249.324,200.34,1
3407,23.4001,38.6845,582.232,735.018,612.286,752.378,0
3408,178.602,166.828,227.137,334.625,249.865,185.131,0
3409,211.804,157.894,457.191,594.065,605.324,612.485,1
3410,30.0001,29.0242,95.3526,410.184,67.7585,405.162,0
3411,117.699,117.373,126.136,513.671,139.564,611.178,0
3412,211.804,167.761,467.902,695.894,551.756,618.212,1
3413,81.4993,92.6396,311.56,738.47,311.338,818.455,0
3414,60.7996,80.6909,175.384,561.631,139.93,611.124,0
3415,140.499,155.437,614.273,427.253,615.658,539.558,0
3416,50.2998,61.6081,559.453,740.344,612.128,752.802,0
3417,211.804,287.031,319.061,478.48,142.009,576.936,1
3418,197.403,150.21,183.673,437.867,67.6542,405.613,0
3419,29.9001,41.1133,570.065,806.012,607.246,809.801,0
3420,48.5998,50.1255,116.16,401.795,67.7565,405.44,0
3421,96.3991,144.206,265.376,665.27,149.57,693.247,0
3422,206.703,217.476,385.43,334.065,349.603,174.541,0
3423,167.801,192.909,379.118,313.736,349.853,174.693,0
3424,200.303,171.995,232.808,344.362,249.753,185.149,0
3425,4.2,4.33351,649.437,130.698,653.607,129.701,0
3426,176.402,120.64,224.818,301.051,248.754,184.998,0
3427,0,0,609.08,814.47,609.08,814.47,0
3428,132.599,177.131,513.143,202.064,648.642,190.837,0
3429,118.299,120.633,162.508,494.555,140.004,611.177,0
3430,26.4001,38.2215,611.532,188.06,647.915,191.414,0
3431,103.999,122.303,253.814,644.289,144.74,616.165,0
3432,211.804,208.165,430.398,439.475,595.355,495.806,1
3433,24.2001,30.5143,152.706,590.123,139.935,611.095,0
3434,3.3,3.23085,253.777,186.843,252.639,183.821,0
3435,11.3,14.7222,595.477,802.297,606.806,810.782,0
3436,188.502,205.849,405.039,313.695,355.588,174.406,0
3437,160.601,134.803,193.091,410.474,67.641,405.56,0
3438,30.5001,48.4617,606.605,221.867,647.943,197.779,0
3439,100.699,122.539,522.97,717.273,611.918,753.201,0
3440,211.804,184.299,252.036,396.118,75.9931,404.897,1
3441,101.599,112.955,542.449,576.191,613.159,612.647,0
3442,128.499,168.733,368.178,681.53,312.671,818.032,0
3443,109.499,116.226,160.603,374.746,67.6758,404.843,0
3444,148.4,188.544,527.813,425.556,630.301,334.141,0
3445,211.804,206.79,416.009,345.072,391.944,174.295,1
3446,211.804,205.813,492.16,430.208,614.886,333.583,1
3447,7.5,9.45822,76.8638,403.592,67.706,405.353,0
3448,159.601,140.737,284.086,311.96,249.834,185.069,0
3449,55.8997,67.392,198.139,213.653,248.426,184.828,0
3450,99.5991,127.427,277.572,728.332,311.612,818.354,0
3451,152.1,160.561,180.765,473.343,140.089,611.052,0
3452,211.804,220.116,331.711,552.175,182.699,621.267,1
3453,211.804,234.817,326.535,489.148,213.705,626.407,1
3454,211.804,208.157,469.282,289.218,355.877,174.47,1
3455,173.401,161.174,278.109,331.625,250.604,184.848,0
3456,43.1999,38.9434,589.164,634.602,613.351,612.429,0
3457,168.301,212.979,351.395,623.104,313.077,818.058,0
3458,107.299,130.64,546.62,387.789,630.441,334.43,0
3459,60.0997,82.8031,333.441,237.043,349.881,174.672,0
3460,97.2991,145.57,272.223,691.562,149.49,693.151,0
3461,60.0997,87.2793,538.53,750.277,611.17,755.298,0
3462,211.804,165.063,451.927,611.379,598.146,612.16,1
3463,69.2995,76.6843,576.851,694.457,612.16,752.396,0
3464,64.5996,70.3263,269.674,251.566,249.904,185.112,0
3465,125.799,118.667,247.222,610.554,144.661,615.65,0
3466,161.901,215.22,421.369,700.281,312.91,817.955,0
3467,197.803,168.091,192.667,330.357,249.083,185.121,0
3468,211.804,182.537,446.385,390.157,573.414,339.486,1
3469,42.4999,61.0002,557.684,773.754,611.126,755.229,0
3470,211.804,179.258,523.864,520.506,599.343,611.894,1
3471,63.1996,94.9676,520.533,764.878,611.151,755.26,0
3472,44.9999,66.6186,418.944,142.33,405.851,78.2356,0
3473,43.4999,65.0033,417.172,140.754,405.951,78.1357,0
3474,57.9997,75.36,314.372,222.387,350.143,174.801,0
3475,86.7992,107.513,560.211,376.467,630.361,333.855,0
3476,211.804,128.18,466.149,463.557,561.499,451.908,1
3477,108.099,113.563,247.42,641.311,144.799,616.054,0
3478,30.9001,44.4119,188.522,622.894,144.834,615.907,0
3479,64.2996,75.9974,268.227,778.687,310.691,818.797,0
3480,109.199,123.052,184.449,264.022,249.377,185.219,0
3481,53.1998,82.6743,322.016,741.925,312.773,817.977,0
3482,96.2991,104.372,557.147,310.052,630.378,333.825,0
3483,211.804,291.251,277.608,474.796,139.973,594.008,1
3484,211.804,172.363,477.336,535.599,580.816,617.35,1
3485,54.0997,65.2459,162.593,562.757,139.939,611.104,0
3486,190.902,154.382,185.443,308.081,249.201,185.073,0
3487,211.804,229.097,379.772,416.549,323.67,207.939,1
3488,140.999,133.616,484.849,178.936,356.052,173.64,0
3489,196.803,286.676,284.466,492.512,139.847,611.146,0
3490,211.804,193.111,459.985,339.139,388.49,174.534,1
3491,211.804,183.383,470.746,543.711,596.682,612.572,1
3492,211.804,212.185,400.198,362.951,320.697,198.982,1
3493,199.903,171.941,172.624,313.989,248.649,184.926,0
3494,46.6999,78.892,327.458,742.26,312.904,818.078,0
3495,121.999,153.735,142.005,459.801,67.718,405.445,0
3496,58.0997,56.7789,112.434,420.962,67.7197,404.777,0
3497,211.804,257.558,356.145,459.446,324.637,212.574,1
3498,57.7997,85.4814,531.121,766.854,611.157,755.3,0
3499,47.7998,79.8277,334.951,741.568,312.625,818.011,0
3500,211.804,205.741,475.873,420.451,600.825,335.464,1
3501,19.1,28.1994,163.399,629.819,144.671,615.627,0
3502,70.6995,86.0737,529.696,612.756,613.183,612.816,0
3503,152.2,166.248,491.136,315.762,630.266,334.047,0
3504,34.2001,46.7693,128.202,576.567,140.049,611.071,0
3505,200.103,220.15,326.687,585.865,144.626,616.244,0
3506,53.9997,75.5377,315.065,221.948,349.951,174.731,0
3507,29.7001,46.8409,420.737,119.878,405.934,78.16,0
3508,39.5,51.4725,603.213,136.364,653.502,129.765,0
3509,183.602,161.391,280.414,330.747,249.713,185.223,0
3510,211.804,217.325,386.211,392.022,323.098,199.9,1
3511,188.402,166.559,192.26,328.206,248.254,184.78,0
3512,191.602,151.188,216.994,407.635,67.6393,405.576,0
3513,0,0,659.527,132.943,659.527,132.943,0
3514,211.804,208.98,464.121,336.966,375.228,174.96,1
3515,76.0994,117.274,592.179,270.24,648.01,197.752,0
3516,81.7993,124.653,573.939,274.647,647.942,197.659,0
3517,211.804,219.04,238.735,471.626,102.266,404.771,1
3518,211.804,217.721,345.743,358.424,343.654,181.054,1
3519,118.299,186.47,518.089,293.541,648.005,197.963,0
3520,83.6993,86.0022,606.203,698.356,612.417,751.993,0
3521,193.703,198.818,473.792,545.419,613.191,612.758,0
3522,43.7999,66.974,193.635,661.348,149.41,693.412,0
3523,78.8994,99.2627,359.153,218.033,349.774,174.7,0
3524,64.3996,99.5256,329.153,724.64,312.379,818.08,0
3525,27.6001,32.3905,141.887,579.353,139.928,611.11,0
3526,42.5999,59.1454,572.8,341.116,630.284,334.047,0
3527,211.804,180.827,480.058,524.173,576.017,617.313,1
3528,7.99999,9.86414,253.756,193.94,251.126,184.434,0
3529,189.102,178.728,308.391,653.213,144.773,616.101,0
3530,23.0001,29.0532,588.662,600.296,613.281,612.537,0
3531,80.5993,95.1861,220.676,273.515,248.274,184.64,0
3532,10.4,15.6111,159.311,621.526,144.475,616.687,0
3533,19.2,17.6975,268.025,193.466,252.989,183.75,0
3534,65.8996,113.583,249.709,712.422,152.943,701.64,0
3535,59.4997,76.3358,586.421,182.77,648.564,190.823,0
3536,24.2001,31.7048,622.089,128.28,653.527,129.965,0
3537,141.299,165.147,489.912,116.898,653.555,130.195,0
3538,211.804,221.788,504.328,475.896,605.936,535.775,1
3539,174.501,192.831,404.271,292.43,355.545,174.362,0
3540,65.3996,89.4008,534.274,753.762,611.119,755.27,0
3541,66.5996,95.2251,543.641,722.773,611.858,753.133,0
3542,6,6.49084,360.735,178.294,355.65,174.295,0
3543,68.5995,104.597,563.912,198.247,648.572,190.819,0
3544,18.3,23.9831,594.93,794.632,606.158,812.085,0
3545,180.902,169.151,197.949,357.808,67.795,405.026,0
3546,56.4997,93.2182,334.527,727.912,312.766,818.031,0
3547,168.201,198.695,392.322,305.609,350.002,174.834,0
3548,181.102,140.926,216.116,230.876,248.498,184.782,0
3549,156.6,206.09,415.274,673.931,312.941,818.048,0
3550,211.804,146.691,443.424,624.672,556.47,618.203,1
3551,95.3991,102.269,265.083,284.825,249.916,185.071,0
3552,117.199,130.943,305.266,289.571,250.726,184.774,0
3553,211.804,273.842,350.587,540.646,155.761,618.079,1
3554,143.9,135.059,203.87,305.765,248.348,184.774,0
3555,13.5,20.0813,601.616,532.144,615.76,540.695,0
3556,9.7,12.9812,137.013,633.345,140.104,620.845,0
3557,75.4994,125.548,257.176,693.437,149.493,693.169,0
3558,211.804,187.771,469.229,374.891,601.506,336.354,1
3559,211.804,176.249,254.127,394.288,83.3546,404.747,1
3560,70.4995,73.834,549.868,743.444,612.004,753.005,0
3561,161.301,139.32,508.671,658.37,613.242,612.798,0
3562,62.2996,69.1333,598.95,360.664,630.274,334.132,0
3563,24.1001,30.7613,281.512,194.85,253.177,183.246,0
3564,211.804,207.147,445.578,444.545,598.187,507.901,1
3565,37.6,55.1927,566.144,738.406,612.255,752.233,0
3566,211.804,242.726,358.735,441.684,324.264,208.737,1
3567,14.6,19.1674,597.004,796.591,606.428,811.81,0
3568,211.804,157.981,201.457,430.07,72.5122,405.563,1
3569,27.5001,44.5675,321.584,200.266,350.715,174.953,0
3570,205.303,184.752,282.381,579.399,144.66,615.621,0
3571,49.2998,80.3864,224.485,732.091,153.662,700.224,0
3572,37.1,42.9576,260.256,226.127,249.814,185.068,0
3573,211.804,167.124,210.781,436.079,78.3599,405.645,1
3574,211.804,227.341,452.86,437.69,605.178,534.806,1
3575,164.501,195.536,313.308,336.55,250.945,184.553,0
3576,28.0001,43.8851,187.133,625.314,144.636,615.747,0
3577,211.804,109.667,435.675,478.43,513.746,452.281,1
3578,133.199,178.491,514.657,213.661,647.827,191.428,0
3579,211.804,194.782,305.061,328.605,248.174,185.553,1
3580,73.6994,69.7309,301.023,759.646,311.726,818.378,0
3581,189.702,201.572,475.472,389.76,630.401,334.107,0
3582,149.8,231.487,339.748,375.093,251.476,184.434,0
3583,134.999,146.68,506.893,121.013,653.46,129.815,0
3584,73.7994,89.8113,176.129,210.474,248.765,184.972,0
3585,8.4,11.132,247.888,195.968,249.503,185.136,0
3586,16.8,26.9971,627.897,137.529,653.606,129.707,0
3587,33.5001,44.4625,408.199,122.229,405.87,78.1053,0
3588,0,0,618.886,541.933,618.886,541.933,0
3589,48.0998,60.6865,302.28,769.436,311.876,818.338,0
3590,83.9993,115.804,219.349,765.967,152.996,701.609,0
3591,182.302,139.675,217.12,226.176,248.126,184.745,0
3592,10.2,11.738,364.621,181.29,355.942,173.926,0
3593,125.399,169.709,611.32,416.814,615.502,540.087,0
3594,58.2997,75.2093,558.823,338.533,630.357,334.221,0
3595,162.001,175.975,369.302,310.281,350.424,174.892,0
3596,211.804,191.476,497.48,479.248,597.131,509.404,1
3597,140.899,111.955,229.095,292.856,249.139,185.086,0
3598,211.804,221.814,460.707,434.952,606.405,538.008,1
3599,211.804,212.687,356.889,596.59,169.853,619.084,1
3600,211.804,191.706,233.489,430.506,77.4044,405.632,1
3601,157.2,213.326,432.529,679.988,312.436,818.145,0
3602,133.499,122.091,514.448,645.208,613.241,612.705,0
3603,53.3998,63.4256,277.003,229.929,250.281,184.93,0
3604,154.1,134.735,286.631,295.278,251.032,184.584,0
3605,38.6,63.2536,591.614,490.066,615.869,540.805,0
3606,169.301,174.627,507.007,389.986,630.401,334.135,0
3607,58.7997,75.6782,103.435,456.065,67.6851,405.461,0
3608,164.401,142.201,281.461,314.79,250.359,184.9,0
3609,131.099,129.553,192.388,390.85,67.7459,404.916,0
3610,204.503,179.996,165.56,305.38,248.734,184.894,0
3611,59.7997,65.9021,132.695,398.407,67.7086,404.836,0
3612,211.804,165.062,455.302,639.578,588.227,616.782,1
3613,61.2996,99.1768,329.676,724.41,312.505,818.019,0
3614,4,4.29961,658.677,188.994,654.848,190.898,0
3615,103.399,122.636,399.883,239.84,355.492,174.404,0
3616,119.499,139.227,498.765,339.783,630.378,334.079,0
3617,112.499,118.724,525.899,345.533,630.263,334.273,0
3618,65.5996,70.1232,566.054,717.436,612.094,752.717,0
3619,188.402,192.202,438.288,311.737,355.991,173.637,0
3620,112.699,132.874,223.041,590.84,144.728,615.975,0
3621,44.8999,66.235,587.688,490.089,615.671,539.705,0
3622,211.804,188.396,479.098,412.73,604.561,336.987,1
3623,101.499,159.906,401.086,708.808,313.365,818.215,0
3624,118.499,139.948,527.115,153.34,653.549,130.229,0
3625,176.502,140.213,202.182,395.507,67.6537,405.464,0
3626,17.8,25.8456,325.915,183.567,349.573,174.573,0
3627,124.999,135.618,424.841,259.979,355.663,174.339,0
3628,113.199,135.11,268.773,645.379,144.717,615.695,0
3629,27.0001,36.6431,617.192,133.317,653.454,129.997,0
3630,211.804,260.707,284.402,469.805,98.8784,404.229,1
3631,207.603,164.679,517.017,180.979,356.059,173.602,0
3632,89.3992,138.25,325.153,696.467,312.159,818.176,0
3633,211.804,71.8877,430.552,530.866,426.261,542.772,1
3634,60.2997,77.0269,586.076,146.806,653.524,129.969,0
3635,113.399,149.403,265.38,666.388,149.565,693.265,0
3636,5.4,6.47774,596.682,836.356,602.904,834.554,0
3637,154.3,154.035,174.216,341.089,67.7149,404.85,0
3638,55.0997,71.9609,572.81,348.706,630.345,333.883,0
3639,81.6993,88.19,273.399,769.229,310.497,818.897,0
3640,157.9,156.66,235.238,329.349,249.852,185.137,0
3641,108.599,117.231,452.843,160.558,355.627,174.395,0
3642,3.4,3.38636,649.277,186.804,650.435,189.986,0
3643,29.8001,34.6515,285.935,193.36,253.247,183.231,0
3644,44.8999,73.6217,195.438,649.712,149.841,693.22,0
3645,211.804,202.616,278.706,379.502,249.039,196.492,1
3646,211.804,187.747,290.684,344.081,248.738,185.355,1
3647,19.6,25.1536,611.107,343.143,630.366,334.135,0
3648,62.9996,87.2189,141.398,531.066,139.948,611.195,0
3649,31.5001,48.5804,572.484,736.715,612.308,752.276,0
3650,211.804,183.22,465.101,355.518,576.262,338.885,1
3651,73.3995,81.9491,571.463,664.885,613.235,612.764,0
3652,7.1,8.55516,609.436,546.998,616.455,542.526,0
3653,46.7999,45.8051,576.24,626.543,613.332,613.202,0
3654,180.002,226.607,330.42,373.934,250.363,184.941,0
3655,74.8994,80.8251,586.135,676.759,612.34,752.336,0
3656,18.5,24.8147,238.955,204.66,249.298,185.182,0
3657,210.904,214.193,274.833,557.738,144.662,615.734,0
3658,0,0,409.667,72.7369,409.708,72.6451,0
3659,211.804,208.542,266.58,433.449,98.3351,406.14,1
3660,11.4,17.276,594.156,753.266,611.162,755.452,0
3661,128.599,158.313,508.573,147.726,653.51,130.047,0
3662,108.099,94.8096,522.087,610.048,613.337,612.532,0
3663,151.7,162.851,501.771,360.446,630.277,334.161,0
3664,118.999,148.334,142.364,465.043,67.7205,405.492,0
3665,211.804,239.163,473.574,344.425,621.821,334.271,1
3666,10.9,13.9797,599.64,801.031,606.195,812.059,0
3667,66.0996,88.7437,299.914,223.765,250.341,184.929,0
3668,211.804,166.297,464.138,656.021,594.548,615.318,1
3669,148.2,180.603,215.059,492.3,139.945,611.183,0
3670,103.099,146.175,533.781,181.086,648.021,191.048,0
3671,30.9001,44.9537,598.285,710.454,612.397,752.096,0
3672,4.7,5.84007,654.276,204.625,652.201,199.166,0
3673,59.2997,99.7354,236.18,683.982,149.575,693.271,0
3674,34.1001,57.1139,328.691,763.526,312.801,817.982,0
3675,211.804,255.582,397.611,582.387,542.581,615.373,1
3676,36.8,55.8667,560.001,749.606,612.316,752.27,0
3677,30.8001,40.2608,396.003,174.53,355.989,173.781,0
3678,211.804,160.305,196.306,438.153,70.7206,405.554,1
3679,130.399,169.008,367.582,682.683,313.143,818.086,0
3680,211.804,163.106,454.015,696.233,552.378,616.59,1
3681,211.804,107.371,471.759,476.337,538.683,443.927,1
3682,186.902,179.883,229.936,406.216,67.791,405.269,0
3683,125.299,134.036,306.42,272.364,249.32,185.166,0
3684,44.8999,42.4685,222.33,210.49,248.753,185.021,0
3685,211.804,224.13,341.065,385.898,324.742,202.934,1
3686,88.7992,105.384,405.459,228.134,355.587,174.364,0
3687,211.804,159.544,420.822,394.022,534.037,352.474,1
3688,211.804,137.363,452.287,477.673,553.902,452.586,1
3689,169.501,164.633,193.776,341.603,67.6686,404.839,0
3690,85.0993,126.857,553.923,187.462,647.828,191.707,0
3691,185.802,282.045,329.489,407.542,251.228,184.54,0
3692,38.1,40.358,293.138,185.525,253.438,182.776,0
3693,211.804,278.113,369.486,477.895,217.786,626.064,1
3694,204.903,203.686,305.196,346.199,249.913,185.089,0
3695,87.5992,112.927,583.385,445.724,615.591,539.711,0
3696,3,2.35172,150.76,705.18,150.073,702.931,0
3697,30.6001,29.2931,594.617,625.059,613.288,613.176,0
3698,185.902,206.885,382.594,325.914,350.175,174.876,0
3699,69.1995,89.4259,191.636,232.261,248.173,184.681,0
3700,119.799,184.063,387.653,676.759,313.535,818.264,0
3701,211.804,225.39,340.627,386.245,324.084,200.637,1
3702,19,25.6471,239.637,208.424,249.317,185.223,0
3703,211.804,248.244,305.15,437.21,92.4556,404.224,1
3704,33.5001,47.7352,276.628,798.2,311.959,818.264,0
3705,211.804,139.35,424.764,437.682,548.063,452.139,1
3706,57.6997,78.4408,149.698,533.651,139.871,611.063,0
3707,100.999,127.32,132.427,477.105,67.7303,405.588,0
3708,121.499,126.085,551.6,295.139,630.256,334.298,0
3709,211.804,295.461,318.805,486.234,141.006,586.671,1
3710,150.1,112.076,201.896,261.079,248.626,184.945,0
3711,6.8,8.58123,622.114,332.129,630.395,334.264,0
3712,77.0994,88.4029,543.1,598.701,613.202,612.777,0
3713,40.3,54.6689,576.402,339.305,630.263,334.104,0
3714,157.6,194.335,329.067,344.539,250.829,184.736,0
3715,185.602,170.195,277.033,340.194,249.84,185.065,0
3716,211.804,212.43,313.125,516.515,214.271,625.101,1
3717,92.2992,106.693,531.625,353.79,630.306,334.023,0
3718,211.804,218.923,236.128,470.043,99.6171,405.571,1
3719,54.6997,80.1811,209.596,688.405,152.441,701.829,0
3720,202.003,196.747,467.57,275.928,355.642,174.41,0
3721,102.899,139.494,546.071,459.553,615.686,539.656,0
3722,93.0992,94.646,227.089,275.694,249.056,185.144,0
3723,35.1,54.4098,599.982,208.17,648.057,197.854,0
3724,37.5,56.1797,598.096,209.128,647.962,197.832,0
3725,3.3,3.0929,627.271,333.61,630.264,334.323,0
3726,200.803,143.988,450.319,139.193,355.966,173.665,0
3727,29.9001,31.1025,254.542,215.269,249.891,185.132,0
3728,211.804,179.69,474.973,543.676,594.134,612.378,1
3729,85.8993,133.334,556.851,181.735,647.956,191.128,0
3730,23.2001,26.0025,237.444,204.702,249.511,185.186,0
3731,8.7,11.1034,263.504,186.425,252.95,183.731,0
3732,72.9995,75.8229,420.161,146.082,356.146,173.526,0
3733,12.9,13.5558,261.495,194.092,252.639,184.012,0
3734,60.9996,100.042,234.138,677.871,149.595,693.251,0
3735,107.699,120.729,430.298,240.293,355.6,174.385,0
3736,98.4991,90.0153,542.788,595.353,613.186,612.585,0
3737,211.804,170.761,501.275,519.718,569.987,617.243,1
3738,125.699,104.741,207.6,267.005,248.189,184.744,0
3739,28.3001,24.5847,268.704,202.531,252.462,183.979,0
3740,60.5996,102.509,582.92,261.42,648.018,197.865,0
3741,130.099,147.485,506.61,118.609,653.533,129.968,0
3742,76.6994,124.278,255.291,682.008,149.496,693.225,0
3743,189.002,212.495,378.749,346.743,349.745,174.722,0
3744,24.1001,36.9869,140.819,657.44,139.849,620.912,0
3745,10.2,12.073,599.439,756.752,611.123,755.276,0
3746,31.1001,47.5429,609.147,193.534,647.883,197.831,0
3747,25.7001,41.0418,160.925,642.137,144.668,615.924,0
3748,52.1998,67.7049,412.914,193.84,355.98,173.684,0
3749,26.1001,34.7702,615.14,266.826,635.982,282.718,0
3750,159.101,150.552,443.45,145.037,356.033,173.64,0
3751,211.804,235.503,360.497,426.836,324.177,202.724,1
3752,22.1,28.6742,255.668,212.559,249.764,185.107,0
3753,211.804,206.099,337.662,601.89,157.716,617.582,1
3754,59.0997,97.1552,337.439,724.122,312.504,817.965,0
3755,99.2991,143.736,500.175,719.688,611.844,753.532,0
3756,209.504,176.113,200.222,342.868,67.7301,404.807,0
3757,15.4,18.7523,592.715,754.515,611.211,755.641,0
3758,125.299,168.735,366.863,681.389,312.998,818.126,0
3759,122.399,135.222,546.662,387.41,630.288,334.263,0
3760,81.8993,100.555,178.267,538.78,139.876,611.159,0
3761,86.9992,106.232,290.906,739.067,311.76,818.413,0
3762,211.804,107.244,443.325,496.933,515.229,445.768,1
3763,208.204,188.126,476.554,552.637,613.25,612.598,0
3764,24.3001,29.7482,572.744,834.837,602.403,833.352,0
3765,86.0993,98.23,264.144,280.994,249.948,185.132,0
3766,45.2999,61.5772,560.515,740.472,612.077,752.734,0
3767,20.6,29.922,413.242,107.112,405.938,78.2327,0
3768,102.499,148.95,273.552,688.619,149.425,693.286,0
3769,176.402,191.695,508.398,418.269,630.323,334.144,0
3770,207.803,349.316,389.505,536.181,312.75,818.131,0
3771,211.804,147.883,432.942,634.431,555.786,617.054,1
3772,51.9998,76.223,590.041,190.216,647.864,197.593,0
3773,109.199,145.749,543.782,465.111,615.457,539.852,0
3774,86.3993,99.7334,436.059,197.173,355.599,174.38,0
3775,171.401,134.678,502.295,651.159,613.346,613.098,0
3776,211.804,219.462,301.188,379.674,248.8,198.395,1
3777,0,0,614.21,759.002,614.21,759.002,0
3778,65.3996,109.927,351.045,717.054,313.201,818.168,0
3779,65.4996,74.1791,421.696,150.637,355.982,173.807,0
3780,80.9993,80.5111,574.877,665.006,613.16,612.855,0
3781,72.9995,94.451,189.275,560.653,139.945,611.065,0
3782,15.2,20.6888,376.208,175.813,355.857,174.114,0
3783,193.503,224.191,373.148,366.349,349.733,174.657,0
3784,145.5,151.839,240.625,326.026,249.47,185.214,0
3785,211.804,159.486,218.372,418.376,67.9074,405.56,1
3786,172.601,163.374,226.036,323.611,249.946,185.102,0
3787,95.4991,98.432,165.881,398.938,67.8409,405.199,0
3788,87.6992,135.448,555.039,180.774,647.924,191.409,0
3789,211.804,155.42,445.457,386.036,555.374,348.835,1
3790,47.0999,65.612,589.096,692.643,612.009,752.992,0
3791,0,0,352.992,169.673,352.992,169.673,0
3792,64.2996,69.8687,594.745,183.128,647.9,191.615,0
3793,211.804,266.689,363.375,464.25,327.19,212.259,1
3794,207.203,154.501,493.566,627.701,613.254,612.638,0
3795,104.299,121.312,219.469,604.617,144.822,615.852,0
3796,186.802,297.115,376.479,568.099,313.172,818.19,0
3797,211.804,223.844,388.94,351.266,344.737,178.714,1
3798,102.199,119.406,561.18,386.247,630.304,334.348,0
3799,47.1999,57.5372,611.587,159.261,648.438,190.916,0
3800,116.799,105.543,215.987,280.571,248.455,184.751,0
3801,40.8999,43.9556,289.51,204.201,252.336,184.148,0
3802,211.804,193.233,391.438,337.176,327.142,186.089,1
3803,47.5998,74.2087,542.307,762.224,611.106,755.448,0
3804,109.999,162.763,285.889,697.289,311.068,818.736,0
3805,60.2997,88.6743,554.767,499.153,615.643,540.266,0
3806,211.804,228.13,415.277,375.61,323.49,205.372,1
3807,206.403,228.517,482.614,468.049,615.482,540.178,0
3808,3.9,4.16185,632.466,284.921,636.472,283.793,0
3809,211.804,234.116,422.548,559.568,546.379,615.489,1
3810,0,0,353.514,170.572,353.514,170.572,0
3811,60.6996,98.8822,337.87,722.459,312.831,818.019,0
3812,190.902,134.242,225.855,304.81,248.573,184.918,0
3813,118.999,140.893,361.444,269.445,349.889,174.794,0
3814,98.9991,114.704,551.971,154.187,653.549,130.044,0
3815,77.9994,112.121,527.607,725.842,611.791,753.362,0
3816,34.0001,44.7225,408.188,122.251,405.943,78.183,0
3817,190.502,162.807,474.033,644.505,613.199,612.717,0
3818,42.2999,64.3464,121.6,566.715,140.108,611.077,0
3819,211.804,23.3351,561.827,551.895,561.502,554.755,1
3820,108.899,126.15,540.085,152.945,653.499,130.05,0
3821,211.804,123.389,499.742,633.166,573.108,617.435,1
3822,93.1992,106.092,560.392,375.108,630.267,333.951,0
3823,15.4,23.5106,414.65,99.8855,408.531,77.1857,0
3824,25.9001,29.2597,132.943,586.834,139.912,611.159,0
3825,194.003,168.182,170.505,306.923,249.162,185.085,0
3826,70.3995,88.6323,302.96,227.131,350.399,174.869,0
3827,11.3,17.1602,636.563,129.054,653.53,129.999,0
3828,211.804,254.503,301.667,410.956,250.6,197.77,1
3829,211.804,222.426,306.161,378.019,249.036,197.854,1
3830,32.8001,43.9984,174.539,636.436,144.801,615.981,0
3831,211.804,255.688,376.089,556.937,182.804,621.858,1
3832,211.804,201.419,510.326,477.651,599.607,515.184,1
3833,83.8993,123.037,355.429,704.693,313.044,818.098,0
3834,62.1996,72.3393,138.795,396.771,67.8289,405.228,0
3835,161.601,160.834,237.381,334.491,249.952,185.037,0
3836,192.603,197.291,476.57,391.94,630.264,334.103,0
3837,211.804,163.478,459.78,598.174,610.954,612.515,1
3838,46.0999,70.9311,207.47,676.011,149.388,693.388,0
3839,6.2,7.97892,639.39,197.853,647.082,195.736,0
3840,211.804,227.261,307.523,375.177,248.779,199.903,1
3841,117.199,135.12,531.739,148.261,653.508,130.061,0
3842,97.2991,97.4103,519.657,608.918,613.182,612.76,0
3843,54.3997,68.6049,409.426,146.914,355.931,173.783,0
3844,18.5,27.3994,583.847,754.972,611.086,755.327,0
3845,211.804,206.72,413.42,362.925,400.745,175.485,1
3846,43.0999,50.7292,605.167,296.237,635.959,282.484,0
3847,49.1998,70.257,186.017,599.231,144.8,615.762,0
3848,11.1,9.92614,608.054,547.939,616.366,542.403,0
3849,59.1997,65.4173,393.086,186.213,355.582,174.298,0
3850,188.302,265.299,284.04,511.119,139.897,611.153,0
3851,135.999,148.508,518.053,137.6,653.551,129.811,0
3852,59.6997,70.9256,566.486,718.396,611.948,753.059,0
3853,160.101,157.968,215.81,382.461,67.7343,404.792,0
3854,34.7,54.2577,197.557,625.361,144.741,615.972,0
3855,84.6993,95.3391,217.202,267.304,248.88,185.049,0
3856,136.399,160.086,507.328,147.479,653.486,130.209,0
3857,165.901,184.027,483.392,304.913,630.297,334.139,0
3858,25.4001,31.3699,140.85,664.256,149.29,693.306,0
3859,45.9999,42.6587,110.03,407.796,67.7442,405.337,0
3860,211.804,131.495,420.561,491.667,514.482,448.779,1
3861,149.9,157.353,220.586,391.418,67.7429,405.365,0
3862,52.1998,49.321,218.945,218.702,248.268,184.735,0
3863,134.599,149.287,408.349,261.979,355.584,174.348,0
3864,40.8999,59.9462,193.161,680.257,149.723,693.29,0
3865,211.804,198.239,391.874,335.845,330.895,186.377,1
3866,55.7997,76.2914,349.912,201.235,349.902,174.741,0
3867,123.499,123.748,159.806,490.505,139.689,611.064,0
3868,211.804,232.748,264.15,433.036,72.2666,404.835,1
3869,125.999,109.262,515.758,633.864,613.294,612.921,0
3870,3.5,3.38156,358.107,176.652,355.724,174.255,0
3871,111.799,153.186,538.23,215.224,647.917,191.303,0
3872,131.799,212.007,515.432,248.497,647.869,197.758,0
3873,211.804,186.251,437.613,599.711,545.218,616.368,1
3874,63.8996,77.6413,200.1,586.751,144.669,615.715,0
3875,51.6998,77.7476,354.21,196.86,349.982,174.814,0
3876,101.199,108.994,287.071,279.892,250.375,184.866,0
3877,211.804,181.866,258.539,381.169,91.411,404.757,1
3878,77.5994,90.189,154.064,403.695,67.7313,405.027,0
3879,211.804,119.519,447.021,526.371,427.86,594.769,1
3880,66.6996,82.8343,586.948,290.427,630.32,333.916,0
3881,34.4,45.3017,608.713,131.672,653.451,129.962,0
3882,68.9995,77.4422,268.413,259.525,249.877,185.101,0
3883,211.804,208.258,280.359,433.351,108.856,405.834,1
3884,180.702,161.263,211.626,319.207,249.006,185.015,0
3885,119.899,140.954,589.526,379.8,630.375,334.395,0
3886,54.1997,82.4105,584.209,472.736,615.613,540.416,0
3887,159.601,150.663,287.206,627.244,144.603,615.574,0
3888,96.9991,134.86,568.62,421.161,615.563,539.697,0
3889,30.9001,50.275,324.642,769.953,312.862,818.081,0
3890,95.8991,125.149,530.852,119.124,653.548,129.949,0
3891,5.5,6.6185,73.2569,401.052,66.8687,402.783,0
3892,78.0994,92.8653,568.221,140.519,653.465,130.044,0
3893,148.5,159.126,228.445,565.99,144.835,615.88,0
3894,16.4,22.9069,378.296,177.976,355.913,174.109,0
3895,211.804,207.838,399.824,365.246,322.063,201.786,1
3896,68.2995,85.9013,177.632,553.137,139.924,611.162,0
3897,211.804,176.869,305.249,652.262,147.513,615.758,1
3898,181.902,168.671,237.293,342.611,250.796,184.658,0
3899,0,0,356.114,173.447,356.114,173.447,0
3900,166.901,138.786,508.124,661.889,613.329,613.168,0
3901,85.1993,96.4923,541.957,353.054,630.321,334.197,0
3902,211.804,298.674,279.132,475.645,139.956,600.208,1
3903,41.3999,61.5825,409.552,139.13,405.852,78.1907,0
3904,156.8,159.008,191.214,346.382,67.7169,404.826,0
3905,191.502,165.945,170.937,305.977,248.265,184.8,0
3906,161.301,223.779,441.512,679.22,313.306,818.165,0
3907,80.4993,94.1685,432.688,192.293,355.632,174.424,0
3908,165.401,166.082,503.942,377.62,630.354,334.13,0
3909,145.8,162.861,183.757,471.047,139.709,611.149,0
3910,146.7,163.343,383.384,262.371,349.868,174.645,0
3911,174.601,204.811,346.502,341.994,349.875,174.775,0
3912,56.7997,62.3029,264.088,245.06,249.887,185.138,0
3913,211.804,248.703,411.132,408.254,326.696,213.703,1
3914,40.3,64.6934,204.012,633.364,144.731,615.83,0
3915,211.804,153.053,406.778,503.465,512.625,453.92,1
3916,211.804,190.925,410.124,615.025,550.123,618.075,1
3917,184.302,228.294,275.227,548.727,144.612,615.669,0
3918,74.0994,90.4907,563.414,127.257,653.558,130.045,0
3919,30.7001,40.3509,82.0857,432.573,67.7145,405.469,0
3920,211.804,235.266,286.698,456.341,111.641,404.659,1
3921,158.7,194.999,295.346,585.717,144.711,616.008,0
3922,132.399,125.206,189.802,390.356,67.8189,405.021,0
3923,38.6,32.4031,581.911,619.283,613.324,613.221,0
3924,14.2,21.3813,142.753,590.267,139.857,611.086,0
3925,25.1001,29.591,614.037,271.974,636.113,282.868,0
3926,108.299,148.742,272.959,702.184,149.217,693.457,0
3927,149.7,154.623,337.699,292.075,350.038,174.832,0
3928,81.4993,105.046,241.242,621.382,144.733,616.176,0
3929,60.2997,77.1083,103.465,457.12,67.6635,405.553,0
3930,33.8001,41.8104,560.568,833.529,602.475,833.328,0
3931,211.804,231.308,410.99,566.23,542.556,616.789,1
3932,211.804,183.566,479.107,278.146,383.75,174.853,1
3933,45.1999,70.7645,201.421,638.582,144.702,615.598,0
3934,211.804,293.135,318.025,478.91,141.534,581.92,1
3935,1.7,1.06629,316.892,818.424,316.105,819.385,0
3936,211.804,228.047,364.795,406.07,320.611,190.385,1
3937,112.999,115.329,543.143,672.702,613.164,612.738,0
3938,211.804,256.54,374.943,440.959,325.912,208.654,1
3939,98.9991,118.362,179.538,250.88,248.694,184.862,0
3940,33.5001,50.6538,604.056,209.277,648.155,198.041,0
3941,71.1995,67.1082,301.591,761.984,311.478,818.515,0
3942,0,0,646.918,194.166,646.918,194.166,0
3943,135.899,105.328,205.853,264.833,248.297,184.762,0
3944,138.799,166.105,534.798,476.649,615.536,539.884,0
3945,54.7997,92.2007,577.377,252.626,648.357,198.208,0
3946,211.804,211.555,355.606,369.386,326.458,186.968,1
3947,18.8,29.4307,625.529,137.954,653.536,129.936,0
3948,149.1,233.332,491.404,260.533,647.966,197.815,0
3949,211.804,138.376,402.213,462.506,514.383,447.649,1
3950,83.4993,116.234,98.509,482.979,67.7829,405.226,0
3951,171.201,202.634,332.528,627.558,144.847,615.999,0
3952,95.6991,137.191,529.244,735.095,611.11,755.124,0
3953,144.1,147.825,467.756,213.572,355.925,173.607,0
3954,158,124.038,221.17,302.616,249.187,185.064,0
3955,211.804,183.846,474.721,546.551,603.124,612.961,1
3956,93.3991,106.355,244.724,622.042,144.821,616.102,0
3957,0,0,152.398,696.585,152.398,696.585,0
3958,211.804,257.111,270.076,458.031,111.124,406.012,1
3959,124.699,130.962,281.056,303.07,250.55,184.822,0
3960,211.804,214.623,426.438,416.169,561.095,341.778,1
3961,132.999,122.567,546.636,565.551,613.274,612.75,0
3962,72.5995,85.1493,181.388,209.151,248.692,184.857,0
3963,211.804,146.064,424.06,436.724,548.046,446.471,1
3964,15.6,22.4129,318.695,796.575,312.58,818.082,0
3965,211.804,203.558,466.051,504.586,563.419,617.382,1
3966,186.202,234.648,274.425,540.805,144.615,615.633,0
3967,74.2994,84.3779,429.586,145.913,355.646,174.375,0
3968,165.501,151.027,484.988,153.39,355.934,173.724,0
3969,211.804,209.151,296.673,564.306,146.71,615.7,1
3970,50.6998,76.3448,213.928,676.822,149.416,693.371,0
3971,185.902,185.477,494.65,300.533,630.295,334.165,0
3972,102.899,150.378,281.496,700.037,149.572,693.204,0
3973,53.4998,83.5738,580.499,477.361,615.973,541.134,0
3974,0,0,403.448,72.2556,403.448,72.2556,0
3975,186.902,169.746,272.259,338.526,250.772,184.736,0
3976,92.9992,111.585,269.608,750.784,311.136,818.634,0
3977,122.899,133.406,139.872,495.194,139.466,611.206,0
3978,211.804,210.462,422.088,582.539,547.265,615.85,1
3979,211.804,139.53,397.641,471.106,514.133,448.326,1
3980,211.804,155.742,455.102,687.712,554.355,617.713,1
3981,73.2995,114.683,561.244,207.504,648.192,190.929,0
3982,89.3992,105.769,561.503,374.418,630.383,333.72,0
3983,114.599,144.745,562.292,415.83,615.519,539.828,0
3984,127.699,132.487,524.967,673.1,613.198,612.755,0
3985,29.0001,46.3352,305.915,187.165,350.355,175.021,0
3986,30.0001,36.2026,143.298,657.839,149.528,693.202,0
3987,193.503,183.71,235.133,375.39,67.7137,404.793,0
3988,146.2,162.149,355.203,309.034,350.099,174.781,0
3989,194.303,284.337,302.193,514.75,139.923,611.083,0
3990,211.804,160.763,451.354,639.694,585.849,617.274,1
3991,26.5001,34.9715,616.3,210.922,647.916,197.805,0
3992,211.804,187.451,261.903,354.241,249.057,193.543,1
3993,27.3001,25.6195,592.432,620.583,613.26,613.191,0
3994,157,131.796,510.841,653.426,613.276,612.575,0
3995,211.804,204.688,459.365,329.807,372.407,174.359,1
3996,148,142.223,199.649,304.141,248.408,184.786,0
3997,211.804,237.914,377.837,423.978,326.513,208.672,1
3998,101.999,109.117,250.945,632.341,144.642,615.758,0
3999,133.799,138.144,472.098,154.43,355.58,174.336,0
4000,45.4999,71.127,589.889,482.475,615.811,540.941,0
4001,35.1,61.3359,209.588,724.108,152.569,701.749,0
4002,211.804,175.398,461.467,664.333,595.548,615.127,1
4003,103.299,171.954,550.028,246.677,647.991,197.736,0
4004,120.099,126.637,537.616,679.776,613.161,612.832,0
4005,121.699,124.017,127.146,510.199,139.659,611.278,0
4006,199.303,220.052,455.83,335.184,355.644,174.408,0
4007,98.1991,111.16,374.87,216.23,356.159,173.211,0
4008,53.1998,59.3789,600.117,174.867,647.759,191.515,0
4009,80.9993,106.066,357.632,224.937,350.193,174.833,0
4010,57.6997,80.247,556.041,348.831,630.266,334.06,0
4011,33.7001,26.5245,266.86,206.15,252.541,184.001,0
4012,211.804,184.464,425.263,411.356,540.659,351.829,1
4013,94.1991,101.317,168.565,400.417,67.7398,405.26,0
4014,147.8,159.47,186.055,477.93,139.657,611.238,0
4015,9.1,10.2869,607.359,547.085,616.612,542.733,0
4016,97.6991,116.794,258.623,296.626,250.501,184.767,0
4017,139.499,139.63,201.278,394.278,67.6213,404.921,0
4018,149.6,208.292,352.065,629.923,312.273,818.128,0
4019,168.101,199.072,525.74,505.376,615.693,539.62,0
4020,84.3993,105.265,251.878,763.957,310.735,818.761,0
4021,176.902,233.527,267.94,514.62,140.102,611.076,0
4022,172.001,177.529,489.909,306.007,630.31,334.069,0
4023,211.804,245.079,349.085,431.876,326.564,207.27,1
4024,114.199,100.634,215.469,258.875,248.765,185.025,0
4025,141.399,177.151,377.775,670.434,312.289,818.147,0
4026,211.804,296.866,310.304,476.694,141.342,587.577,1
4027,211.804,191.805,477.45,400.237,619.74,333.804,1
4028,179.002,164.073,175.449,302.758,248.482,184.766,0
4029,211.804,206.999,248.447,442.673,91.3406,406.069,1
4030,166.301,193.856,217.478,478.255,140.06,611.054,0
4031,65.0996,98.7013,221.292,750.349,152.461,701.817,0
4032,211.804,177.662,406.232,450.642,548.066,451.286,1
4033,109.899,113.3,544.143,576.723,613.228,612.774,0
4034,134.799,151.588,615.485,445.363,615.633,539.639,0
4035,211.804,244.948,358.778,553.181,180.792,620.94,1
4036,34.6,54.4831,561.148,748.081,612.067,752.554,0
4037,202.903,190.251,284.799,572.033,144.666,615.62,0
4038,211.804,168.375,237.004,346.916,248.921,191.035,1
4039,211.804,154.384,461.556,686.472,553.12,616.596,1
4040,132.199,155.949,354.773,303.51,349.924,174.734,0
4041,211.804,279.035,372.626,479.773,216.264,626.03,1
4042,51.0998,69.0118,584.642,309.529,630.277,334.125,0
4043,182.402,238.807,267.962,520.114,139.837,611.054,0
4044,191.502,194.828,492.308,401.543,630.325,334.093,0
4045,22.2,26.808,142.538,668.333,149.771,693.232,0
4046,105.499,141.704,213.819,530.863,140.005,611.149,0
4047,60.0997,68.7313,420.164,179.477,355.584,174.31,0
4048,19.5,19.0047,86.4381,404.975,67.6714,404.848,0
4049,45.5999,63.31,406.67,151.458,356.011,173.732,0
4050,127.599,152.487,516.058,142.372,653.493,130.03,0
4051,86.9992,102.175,546.271,322.11,630.404,334.403,0
4052,97.8991,112.902,169.51,513.256,139.945,611.139,0
4053,94.6991,121.995,197.057,534.295,139.942,611.075,0
4054,116.799,121.276,128.963,509.906,139.57,611.224,0
4055,16.1,22.0751,331.977,186.444,349.876,174.69,0
4056,211.804,228.794,401.814,395.099,322.667,201.896,1
4057,211.804,133.558,451.87,643.494,558.927,617.458,1
4058,120.499,125.12,185.261,263.632,248.604,184.872,0
4059,194.603,161.521,179.082,302.611,248.741,184.93,0
4060,14.3,23.43,175.009,709.365,152.89,701.671,0
4061,61.8996,71.6689,266.697,254.139,249.783,185.138,0
4062,0,0,604.422,831.134,604.419,831.132,0
4063,6.7,8.39214,152.086,620.007,144.094,617.447,0
4064,171.401,197.363,363.431,284.931,349.887,174.85,0
4065,0,0,612.119,815.35,612.119,815.35,0
4066,33.9001,30.706,584.419,619.352,613.262,613.161,0
4067,38.1,57.4209,556.695,820.931,602.498,833.341,0
4068,158.4,203.915,372.107,643.845,312.357,818.118,0
4069,160.201,186.269,377.444,305.829,349.921,174.82,0
4070,5.1,5.21687,360.381,176.429,355.868,174.074,0
4071,167.601,204.802,204.172,455.737,139.484,611.198,0
4072,167.301,199.793,243.48,499.644,140.005,611.09,0
4073,105.399,115.694,258.87,297.158,250.02,185.039,0
4074,59.0997,63.6002,595.782,175.61,647.689,191.887,0
4075,117.299,156.817,92.613,494.806,67.7398,405.58,0
4076,137.399,169.54,499.406,142.912,653.524,130.159,0
4077,26.0001,37.5232,614.973,213.428,648.386,198.152,0
4078,15.4,18.9184,605.79,556.272,616.252,541.786,0
4079,78.2994,89.0909,222.423,266.209,248.654,184.93,0
4080,25.0001,25.1922,92.6395,406.23,67.7391,404.885,0
4081,10.4,15.5313,601.366,537.904,615.742,540.683,0
4082,160.501,188.977,216.107,482.476,139.999,611.136,0
4083,211.804,185.389,224.934,417.972,88.3766,406.208,1
4084,124.299,192.057,535.777,311.389,648.006,198.017,0
4085,7.5,9.08364,358.126,183.185,354.593,174.818,0
4086,144.8,134.986,205.643,305.989,248.31,184.837,0
4087,163.701,147.713,502.754,665.586,613.238,612.613,0
4088,6.6,8.02864,608.171,541.757,615.776,539.553,0
4089,24.8001,30.5482,588.494,769.02,611.187,754.998,0
4090,211.804,232.598,375.249,551.739,209.387,624.782,1
4091,16.7,24.4027,275.058,193.757,253.164,183.204,0
4092,77.8994,92.0253,243.702,782.58,310.246,819.048,0
4093,211.804,193.242,222.68,431.103,68.8878,405.547,1
4094,106.199,143.218,544.074,463.541,615.652,539.629,0
4095,164.601,174.577,420.281,294.35,355.958,173.692,0
4096,49.7998,75.7193,121.658,555.442,139.951,611.15,0
4097,109.699,176.058,525.509,289.244,648.03,197.897,0
4098,39.5,57.5705,412.541,134.49,405.926,78.1815,0
4099,12.8,11.0927,606.694,547.376,616.373,542.232,0
4100,207.103,217.929,498.59,464.874,615.692,539.584,0
4101,92.8992,107.481,286.255,280.339,250.103,184.988,0
4102,38.3,58.5277,314.148,768.035,311.887,818.275,0
4103,211.804,245.328,347.758,422.552,324.271,203.316,1
4104,159.901,152.86,442.744,259.988,355.625,174.407,0
4105,0,0,656.783,133.182,656.783,133.182,0
4106,18.1,25.8798,148.153,590.511,139.943,611.214,0
4107,3.2,2.88959,133.065,613.242,135.75,614.31,0
4108,156.4,141.72,521.43,655.652,613.161,612.871,0
4109,83.5993,104.955,356.868,225.856,350.154,174.783,0
4110,57.3997,80.8703,224.048,626.874,144.816,615.971,0
4111,211.804,165.424,387.718,517.526,507.505,454.066,1
4112,136.999,131.977,208.169,306.695,248.126,184.745,0
4113,6.8,8.7611,152.277,684.904,149.926,693.343,0
4114,170.201,152.91,485.768,199.853,355.981,173.94,0
4115,122.699,143.278,528.529,159.468,653.604,130.3,0
4116,82.4993,112.546,190.721,255.219,248.751,184.988,0
4117,17.3,19.9799,163.483,619.062,144.734,616.06,0
4118,44.8999,60.6696,570.719,781.902,611.211,754.827,0
4119,205.103,200.959,472.028,276.74,355.967,173.633,0
4120,101.099,144.34,532.02,182.99,647.995,191.119,0
4121,146,162.341,275.079,664.78,144.814,616.037,0
4122,211.804,178.284,374.523,499.919,508.585,453.374,1
4123,211.804,190.694,504.934,519.688,594.991,611.824,1
4124,89.0992,86.5346,530.151,611.466,613.177,612.945,0
4125,67.1995,90.9899,105.771,470.967,67.8153,405.415,0
4126,211.804,213.626,390.815,337.623,345.605,179.954,1
4127,202.603,193.634,475.908,548.442,613.157,612.602,0
4128,46.5999,59.8901,592.618,696.872,612.188,752.558,0
4129,184.502,206.468,446.899,323.993,355.628,174.431,0
4130,160.301,177.621,234.873,553.063,144.818,615.842,0
4131,92.6992,144.695,386.097,709.677,313.215,818.174,0
4132,62.6996,89.2842,279.196,263.869,250.175,184.993,0
4133,95.7991,118.199,295.778,282.496,250.455,184.772,0
4134,89.9992,101.12,155.319,516.181,139.916,611.198,0
4135,67.8995,65.0121,300.93,762.824,311.326,818.533,0
4136,211.804,252.001,310.987,461.378,116.839,405.235,1
4137,122.599,164.728,537.982,226.611,647.845,191.589,0
4138,10.7,13.1338,602.764,743.23,612.275,752.434,0
4139,163.801,233.627,433.132,703.023,313.229,818.226,0
4140,211.804,195.9,472.66,511.817,555.612,615.956,1
4141,104.799,162.722,340.187,665.795,313.475,818.262,0
4142,211.804,267.603,324.78,449.597,110.081,404.725,1
4143,211.804,241.371,359.175,435.412,323.94,203.807,1
4144,92.6992,139.922,531.881,188.833,648.318,190.852,0
4145,211.804,217.392,460.648,335.647,361.57,175.07,1
4146,7.1,8.73734,593.911,832.043,602.484,833.544,0
4147,98.4991,126.966,129.716,476.546,67.6709,405.457,0
4148,2.2,1.61639,247.144,174.621,247.808,176.095,0
4149,211.804,95.3174,132.193,538.843,124.915,538.03,1
4150,42.6999,61.152,314.156,764.999,311.988,818.318,0
4151,194.803,315.813,391.62,574.773,312.815,818.071,0
4152,51.3998,52.1479,111.946,416.433,67.6423,404.796,0
4153,100.899,110.559,246.751,759.699,310.751,818.724,0
4154,5.4,6.21252,641.928,189.268,647.563,191.883,0
4155,193.503,178.516,275.623,582.286,144.758,616.035,0
4156,211.804,234.558,348.016,523.914,211.079,625.279,1
4157,163.601,157.746,447.48,257.968,356.086,173.573,0
4158,74.6994,112.743,574.842,444.413,615.864,540.726,0
4159,211.804,170.705,393.748,519.165,506.808,452.432,1
4160,58.3997,91.7163,573.448,479.352,615.77,540.946,0
4161,211.804,140.594,414.346,505.487,509.162,454.877,1
4162,160.701,181.457,435.352,303.743,355.635,174.39,0
4163,43.8999,35.412,245.546,220.301,249.385,185.227,0
4164,17.5,19.9238,596.7,604.007,613.212,612.796,0
4165,155.6,187.483,396.55,294.657,355.564,174.347,0
4166,167.901,154.353,564.456,545.983,613.27,612.763,0
4167,144.8,116.053,225.375,296.22,249.399,185.222,0
4168,118.499,118.521,251.819,612.093,144.649,615.649,0
4169,20.5,29.1961,620.801,207.85,647.9,197.425,0
4170,70.5995,108.415,577.356,447.205,615.791,540.905,0
4171,62.9996,82.2077,225.652,628.965,144.742,615.55,0
4172,76.4994,90.968,231.605,623.665,144.744,615.852,0
4173,138.299,190.995,409.952,685.774,313.139,818.094,0
4174,158.9,152.084,187.544,307.548,248.337,184.8,0
4175,176.702,165.972,488.226,214.909,356.119,173.607,0
4176,36.8,36.9189,289.219,185.639,253.201,183.324,0
4177,211.804,249.327,263.111,481.314,110.506,405.676,1
4178,27.3001,38.1526,174.193,630.862,144.757,615.931,0
4179,92.2992,106.815,234.714,606.639,144.736,615.767,0
4180,104.299,122.861,430.06,240.026,356.19,173.315,0
4181,135.899,122.633,165.382,369.881,67.6611,405.514,0
4182,211.804,96.7454,460.401,475.513,516.884,448.709,1
4183,17.8,21.8161,273.201,190.479,253.191,183.433,0
4184,13.2,17.4264,585.059,833.977,602.448,833.264,0
4185,117.399,124.86,166.65,365.563,67.7285,404.997,0
4186,211.804,214.608,472.273,250.67,367.642,174.409,1
4187,58.3997,74.8812,554.278,731.581,612.022,753.086,0
4188,94.1991,98.5302,138.794,520.775,139.86,611.054,0
4189,70.2995,91.7465,146.459,522.021,139.937,611.086,0
4190,128.599,134.146,293.134,293.119,251.365,184.498,0
4191,3.1,2.61739,603.391,811.814,606.124,812.563,0
4192,193.103,283.028,287.088,493.292,139.821,611.154,0
4193,23.8001,36.7524,589.065,529.083,615.945,541.027,0
4194,94.6991,140.248,531.207,186.552,647.795,191.613,0
4195,83.1993,101.218,553.588,123.661,653.528,130.034,0
4196,10.9,15.9828,256.303,199.68,250.806,184.681,0
4197,10.3,13.8599,244.96,197.632,249.925,185.092,0
4198,169.901,208.529,612.842,382.151,615.473,540.012,0
4199,118.199,87.6425,542.871,636.918,613.265,612.785,0
4200,211.804,251.134,286.402,457.541,97.8283,404.17,1
4201,107.099,131.989,513.48,719.019,612.137,752.77,0
4202,42.7999,43.6418,219.725,207.207,248.568,184.946,0
4203,111.499,128.869,311.467,263.914,349.957,174.727,0
4204,91.9992,115.383,192.416,256.974,248.616,184.941,0
4205,33.6001,40.4163,604.572,581.862,613.525,612.053,0
4206,211.804,140.88,497.02,625.063,597.278,613.978,1
4207,211.804,107.213,432.798,466.271,517.924,442.947,1
4208,32.6001,47.5529,402.695,171.414,355.993,173.717,0
4209,211.804,216.653,365.188,407.566,322.692,202.719,1
4210,40.7999,62.6784,563.641,791.524,606.238,812.421,0
4211,211.804,150.818,469.746,367.592,557.694,343.775,1
4212,99.0991,99.6909,230.645,280.952,249.202,185.103,0
4213,76.7994,91.9818,121.941,452.468,67.7244,405.174,0
4214,50.5998,62.0246,591.91,132.35,653.518,130.244,0
4215,169.801,148.434,496.673,620.321,613.281,612.671,0
4216,48.4998,60.1183,609.622,154.056,653.628,130.249,0
4217,42.6999,57.1321,407.194,159.455,355.754,174.292,0
4218,211.804,258.689,367.64,563.494,165.254,618.444,1
4219,206.003,167.431,486.578,637.322,613.291,613.098,0
4220,129.599,106.585,207.033,266.302,248.295,184.816,0
4221,123.899,170.263,373.304,674.255,313.085,818.134,0
4222,201.103,326.794,396.53,551.175,312.703,818.108,0
4223,111.799,114.2,163.763,420.073,67.6957,404.841,0
4224,39.5,48.9282,613.187,168.792,647.893,191.549,0
4225,156.5,174.749,368.95,305.092,349.908,174.674,0
4226,149.2,142.681,294.144,304.221,251.141,184.504,0
4227,182.602,225.749,475.151,430.225,615.57,540.213,0
4228,154.6,179.112,211.14,498.099,140.009,611.18,0
4229,211.804,205.969,467.098,364.227,603.066,337.173,1
4230,144.4,138.072,287.979,304.92,250.348,184.893,0
4231,25.5001,37.0165,174.582,672.9,149.851,693.238,0
4232,96.4991,141.271,381.318,705.807,313.063,818.094,0
4233,147.3,130.454,528.282,655.858,613.368,613.145,0
4234,93.5991,105.552,220.555,650.276,144.629,615.535,0
4235,125.799,197.479,518.804,271.92,648.066,197.95,0
4236,192.303,176.15,223.216,346.199,249.804,185.108,0
4237,0.7,0.209339,247.733,184.82,247.894,184.648,0
4238,211.804,45.0664,450.922,236.778,450.557,237.447,1
4239,189.102,160.237,201.777,427.418,67.6509,405.549,0
4240,34.9,58.0068,324.558,761.78,312.821,818.014,0
4241,136.899,158.969,355.978,307.522,349.906,174.718,0
4242,210.304,223.407,484.297,466.857,615.588,540.053,0
4243,86.1993,93.125,159.734,402.025,67.6209,405.599,0
4244,128.299,126.269,528.784,671.156,613.155,612.76,0
4245,121.299,137.629,328.587,278.451,350.009,174.804,0
4246,130.699,131.022,208.572,307.297,248.283,184.837,0
4247,211.804,169.368,240.996,375.052,95.4961,405.759,1
4248,57.2997,94.9998,339.427,727.281,312.534,817.994,0
4249,81.1993,85.2395,568.175,695.605,612.186,752.444,0
4250,211.804,143.681,450.656,460.607,573.564,450.155,1
4251,9.4,13.6678,634.566,187.858,647.565,191.981,0
4252,27.4001,45.543,263.495,228.419,250.484,184.796,0
4253,118.699,133.217,582.09,381.597,630.473,334.449,0
4254,211.804,204.038,403.369,354.578,322.526,199.394,1
4255,211.804,253.453,316.455,452.097,114.913,404.777,1
4256,202.603,219.84,472.766,440.892,615.687,539.655,0
4257,211.804,187.625,215.284,458.936,87.0872,406.073,1
4258,98.0991,119.101,544.247,677.406,613.248,612.822,0
4259,32.1001,42.9319,611.133,132.909,653.577,129.951,0
4260,46.7999,43.1183,253.038,227.824,250.27,184.906,0
4261,81.6993,97.4186,566.105,144.397,653.545,129.953,0
4262,130.699,135.529,463.26,165.872,355.917,173.635,0
4263,140.299,218.945,503.125,262.781,647.943,197.635,0
4264,29.5001,37.89,82.4276,430.171,67.8193,405.374,0
4265,64.3996,71.5349,418.896,155.426,356.01,173.761,0
4266,186.302,217.404,602.974,384.25,615.525,539.753,0
4267,51.9998,64.8858,163.398,563.934,139.502,611.233,0
4268,211.804,143.579,416.163,506.586,507.355,454.714,1
4269,58.2997,62.2178,253.757,240.3,249.94,185.055,0
4270,211.804,244.598,405.419,576.091,542.987,615.796,1
4271,53.3998,59.9906,205.586,217.058,248.559,184.859,0
4272,55.4997,66.2275,587.967,125.677,653.617,129.705,0
4273,211.804,222.333,366.652,397.691,324.681,186.995,1
4274,119.199,123.91,529.66,668.533,613.25,612.681,0
4275,74.3994,84.5671,430.495,148.881,356.167,173.449,0
4276,77.1994,125.845,265.804,724.036,152.833,701.8,0
4277,211.804,198.305,240.946,444.257,92.3475,405.593,1
4278,87.9992,113.08,341.492,265.302,350.096,174.849,0
4279,211.804,221.89,463.731,437.945,607.311,540.867,1
4280,115.499,141.983,307.644,301.687,251.342,184.527,0
4281,31.4001,35.1492,244.023,218.72,249.833,185.111,0
4282,41.9999,52.7173,611.135,147.424,653.577,130.05,0
4283,153.1,135.099,286.265,297.62,249.543,185.184,0
4284,190.402,315.567,396.745,562.835,312.644,818.096,0
4285,45.1999,55.7695,90.4113,439.538,67.7838,405.314,0
4286,190.602,219.805,602.942,388.385,615.66,539.606,0
4287,21,30.7709,623.241,132.627,653.5,129.955,0
4288,196.503,159.522,501.909,677.568,613.21,612.612,0
4289,211.804,150.814,457.24,592.961,595.2,612.761,1
4290,211.804,228.553,459.163,428.482,606.582,538.576,1
4291,69.4995,82.8729,183.303,208.508,248.708,184.89,0
4292,58.4997,93.4091,232.291,740.402,152.42,701.833,0
4293,15,20.2198,293.179,812.644,311.85,818.363,0
4294,209.304,217.987,480.772,329.903,630.343,334.129,0
4295,69.0995,101.488,518.617,758.902,611.112,755.125,0
4296,7.89999,10.4863,406.76,88.4111,406.134,78.1594,0
4297,46.8999,46.2363,113.296,398.035,67.6215,405.5,0
4298,97.2991,126.902,278.708,728.583,311.572,818.361,0
4299,82.8993,104.856,292.534,737.414,311.752,818.343,0
4300,22.4,23.8491,91.1882,405.087,67.6818,404.877,0
4301,54.1997,62.4329,203.198,216.058,248.471,184.78,0
4302,211.804,263.606,376.992,560.287,171.28,619.886,1
4303,211.804,165.786,427.666,624.33,555.088,618.721,1
4304,121.999,136.823,501.224,339.992,630.317,333.968,0
4305,23.6001,32.6664,616.512,349.607,630.297,334.021,0
4306,211.804,216.586,497.972,463.003,613.879,540.13,1
4307,177.902,204.398,247.547,501.355,139.496,611.216,0
4308,211.804,177.834,213.764,458.112,90.861,405.71,1
4309,176.702,153.45,277.891,326.466,249.496,185.223,0
4310,94.4991,133.734,311.294,280.677,250.453,184.779,0
4311,119.999,152.879,229.627,572.335,144.756,615.928,0
4312,211.804,166.095,419.046,641.43,549.608,616.67,1
4313,211.804,191.67,469.301,384.049,612.417,333.959,1
4314,32.0001,53.952,202.317,722.596,152.617,701.789,0
4315,63.0996,79.2849,186.958,209.271,248.266,184.786,0
4316,83.7993,81.5117,583.392,368.963,630.368,334.411,0
4317,123.699,151.372,526.155,166.04,653.529,130.093,0
4318,211.804,169.755,412.651,435.944,572.369,449.913,1
4319,211.804,193.821,477.699,368.598,595.768,335.874,1
4320,0,0,637.596,332.621,637.596,332.621,0
4321,125.699,111.827,176.746,405.354,67.7428,405.29,0
4322,88.5992,103.48,292.953,738.121,311.282,818.479,0
4323,184.202,171.977,216.922,351.6,67.8081,405.069,0
4324,134.999,149.17,370.723,270.977,350.15,174.869,0
4325,172.601,152.306,518.857,557.732,613.355,613.128,0
4326,65.0996,76.991,198.544,644.456,144.707,615.927,0
4327,87.6992,129.873,520.465,735.277,611.13,755.124,0
4328,27.9001,38.8386,616.48,198.261,648.471,198.169,0
4329,41.4999,67.9859,202.504,694.541,152.554,701.801,0
4330,155,143.609,195.882,304.846,248.815,185.047,0
4331,42.7999,65.9891,554.048,774.391,611.214,754.756,0
4332,174.401,175.962,227.988,401.778,67.677,404.903,0
4333,127.899,122.343,176.936,376.234,67.7442,404.951,0
4334,211.804,221.152,279.9,414.128,96.0857,404.765,1
4335,0,0,604.886,831.502,604.889,831.505,0
4336,201.203,227.265,407.768,333.834,355.574,174.375,0
4337,105.799,91.5434,547.245,640.686,613.311,613.131,0
4338,211.804,127.98,544.534,540.544,564.065,617.157,1
4339,135.899,158.676,582.578,411.109,615.482,539.916,0
4340,211.804,200.764,459.619,465.706,596.369,506.595,1
4341,113.299,144.595,143.009,468.402,67.7521,405.404,0
4342,165.601,137.528,514.619,655.698,613.263,613.128,0
4343,87.2992,139.609,268.742,697.426,149.457,693.406,0
4344,63.6996,73.691,592.387,682.588,612.38,752.088,0
4345,1.8,1.09241,652.954,188.9,652.663,189.953,0
4346,41.9999,73.4162,332.308,747.725,312.821,818.019,0
4347,211.804,150.08,468.44,365.133,558.407,347.193,1
4348,0.8,0.293042,407.66,77.8155,407.569,77.537,0
4349,117.699,108.202,237.45,287.35,249.444,185.224,0
4350,30.0001,28.7741,594.41,624.559,613.335,613.177,0
4351,211.804,264.361,376.847,452.444,326.066,210.353,1
4352,0,0,138.873,613.989,138.873,613.989,0
4353,74.9994,94.2615,172.915,209.124,248.394,184.816,0
4354,171.201,144.481,165.195,448.747,67.7015,405.565,0
4355,211.804,167.421,487.915,216.39,359.209,174.507,1
4356,109.999,132.494,534.855,150.872,653.594,130.036,0
4357,154.7,173.663,227.862,551.504,144.664,615.598,0
4358,74.8994,95.5628,238.305,633.225,144.707,615.599,0
4359,211.804,232.689,307.216,374.404,250.792,193.013,1
4360,107.699,113.807,249.049,616.555,144.679,615.571,0
4361,34.4,57.4325,593.006,496.182,616.167,541.434,0
4362,23.1001,19.682,269.069,194.521,253.063,183.631,0
4363,100.399,95.8529,230.997,276.916,248.866,185.012,0
4364,211.804,196.901,267.329,359.421,248.429,192.518,1
4365,43.4999,65.8242,593.967,199.697,648.01,197.81,0
4366,108.199,116.105,526.849,357.557,630.359,333.897,0
4367,91.7992,111.295,550.6,137.287,653.587,129.956,0
4368,31.4001,38.8589,579.149,768.372,611.061,755,0
4369,19.8,30.1454,139.126,650.871,139.829,620.835,0
4370,48.8998,68.7196,606.557,239.061,648.389,198.193,0
4371,101.899,121.28,345.029,272.187,349.979,174.756,0
4372,12.3,18.528,317.432,800.357,312.48,818.004,0
4373,53.2998,41.9335,223.107,212.537,249.122,185.113,0
4374,211.804,145.223,459.224,600.163,597.289,612.809,1
4375,25.5001,25.6492,598.964,596.751,613.266,612.372,0
4376,161.201,175.403,368.688,309.607,349.667,174.645,0
4377,80.1993,91.9779,417.746,217.928,356.135,173.469,0
4378,42.4999,37.486,227.815,211.675,249.041,184.971,0
4379,83.8993,103.92,289.288,741.885,311.273,818.483,0
4380,139.399,116.053,232.67,295.66,249.505,185.237,0
4381,138.799,127.01,212.628,304.281,248.325,184.752,0
4382,50.6998,65.9232,600.632,363.985,630.347,334.092,0
4383,38.8,53.7686,577.656,339.763,630.278,334.108,0
4384,37.5,46.6862,580.858,780.044,611.129,755.42,0
4385,28.7001,46.4457,590.833,519.906,615.873,541.23,0
4386,197.003,178.708,295.014,332.743,249.837,185.116,0
4387,96.2991,132.357,293.553,290.262,250.649,184.838,0
4388,58.1997,90.8329,529.797,779.816,611.109,755.027,0
4389,12.4,16.6389,371.079,180.397,355.844,174.275,0
4390,211.804,193.252,244.849,364.917,76.9381,404.847,1
4391,211.804,197.086,265.538,367.578,248.996,195.904,1
4392,196.303,286.166,302.975,514.856,139.918,611.143,0
4393,171.201,215.534,371.683,632.923,312.324,818.059,0
4394,83.9993,93.7166,159.893,395.539,67.7467,405.242,0
4395,140.899,124.11,167.52,367.389,67.657,405.494,0
4396,185.702,163.034,478.204,654.886,613.18,612.653,0
4397,30.5001,47.1721,324.523,199.841,350.573,174.965,0
4398,120.199,157.047,307.95,691.673,312.322,818.134,0
4399,140.899,163.719,491.707,114.306,653.527,129.783,0
4400,211.804,189.509,474.958,381.307,610.642,335.566,1
4401,43.2999,60.979,592.209,307.646,630.41,334.139,0
4402,211.804,152.278,462.491,641.633,579.602,617.347,1
4403,211.804,207.961,281.333,377.15,248.239,189.435,1
4404,211.804,158.913,485.905,665.779,608.478,613.25,1
4405,169.901,194.423,442.432,313.538,355.531,174.351,0
4406,211.804,150.363,433.005,426.339,559.946,452.247,1
4407,211.804,193.047,223.239,461.987,90.3796,406.065,1
4408,194.503,238.046,330.125,570.927,144.698,615.955,0
4409,188.902,167.289,277.595,593.767,144.677,615.615,0
4410,211.804,217.703,427.874,410.434,567.028,340.638,1
4411,135.199,114.129,199.955,257.358,248.545,184.755,0
4412,55.5997,75.3716,202.467,703.625,153.749,700.256,0
4413,80.3993,89.4065,536.588,600.813,613.265,612.732,0
4414,59.9997,76.9274,584.568,314.883,630.285,334.317,0
4415,2.5,1.72397,652.79,188.267,652.114,189.853,0
4416,211.804,254.676,309.864,466.547,118.43,405.25,1
4417,41.4999,66.7643,589.362,487.722,615.904,541.142,0
4418,203.103,245.667,507.439,489.596,615.484,539.774,0
4419,162.901,183.943,379.904,303.934,350.188,174.758,0
4420,193.403,151.446,487.375,648.897,613.318,613.077,0
4421,173.301,205.628,367.759,352.932,350.413,174.882,0
4422,33.5001,26.4615,274.506,198.626,253,183.652,0
4423,67.5995,111.621,585.565,270.502,647.964,197.852,0
4424,133.599,166.502,524.726,444.021,615.689,539.713,0
4425,138.799,149.919,278.36,655.127,144.636,615.641,0
4426,33.4001,42.6782,119.827,587.229,139.942,611.173,0
4427,145,132.083,211.846,310.155,248.825,185.02,0
4428,61.3996,75.3376,318.153,751.94,311.786,818.268,0
4429,175.301,198.815,239.044,495.465,139.607,611.229,0
4430,119.299,114.865,169.34,378.733,67.8122,405.135,0
4431,211.804,228.385,414.472,376.72,323.112,207.761,1
4432,84.6993,99.8909,433.73,198.597,355.614,174.401,0
4433,12.1,15.6952,403.55,93.3816,405.851,78.1604,0
4434,147.8,142.165,277.373,644.456,144.69,615.638,0
4435,162.301,239.536,319.184,371.922,251.25,184.452,0
4436,51.9998,75.8529,202.301,702.431,153.605,700.601,0
4437,211.804,195.277,481.589,520.555,586.864,617.031,1
4438,20.5,31.6053,134.98,651.914,139.96,620.937,0
4439,211.804,229.333,411.029,346.697,366.839,174.987,1
4440,211.804,255.232,269.479,458.971,112.512,405.519,1
4441,42.5999,58.776,577.093,715.861,612.335,752.191,0
4442,120.699,142.376,517.967,132.07,653.486,129.979,0
4443,211.804,143.779,409.34,504.68,511.784,454.502,1
4444,3.5,3.24543,310.954,815.137,311.619,818.406,0
4445,86.0993,142.589,263.469,664.97,149.471,693.275,0
4446,22.9001,34.8024,153.922,643.657,140.09,620.861,0
4447,87.8992,108.94,231.465,606.449,144.824,615.993,0
4448,35.7,45.0319,583.273,779.614,611.129,755.255,0
4449,193.203,161.665,156.024,458.491,67.6404,405.53,0
4450,124.499,155.278,553.853,421.18,615.666,539.667,0
4451,211.804,199,440.105,590.276,548.758,618.316,1
4452,211.804,159.202,483.867,358.996,548.136,350.583,1
4453,12.9,19.2492,374.261,179.582,355.893,174.106,0
4454,159.401,191.002,521.217,425.51,630.358,334.089,0
4455,79.0994,116.203,561.544,209.004,648.365,190.924,0
4456,211.804,151.847,397.826,507.793,511.603,453.872,1
4457,69.8995,112.921,337.666,708.518,312.793,817.955,0
4458,211.804,177.783,433.443,665.343,548.249,618.599,1
4459,8.9,9.814,358.046,183.83,355.099,174.483,0
4460,42.6999,65.495,269.689,247.374,250.314,184.896,0
4461,57.8997,64.5608,393.512,186.192,355.991,173.785,0
4462,9.4,12.6901,79.805,408.257,67.6532,404.876,0
4463,211.804,205.968,423.557,398.051,570.503,339.659,1
4464,82.9993,92.7474,546.203,333.369,630.448,333.75,0
4465,211.804,180.437,428.723,414.43,529.229,353.612,1
4466,211.804,247.669,329.841,474.388,218.42,625.489,1
4467,167.701,131.387,150.383,428.128,67.7165,405.483,0
4468,206.703,169.875,166.728,306.842,249.038,185.037,0
4469,211.804,238.781,356.359,433.251,323.786,209.108,1
4470,55.1997,68.3187,600.608,362.732,630.452,334.476,0
4471,205.603,187.357,205.707,346.679,67.7068,404.8,0
4472,31.9001,32.479,99.0493,399.514,67.6914,404.854,0
4473,211.804,201.244,465.17,501.061,560.857,617.167,1
4474,108.899,141.05,568.009,416.13,615.601,539.653,0
4475,177.002,142.574,497.89,650.511,613.353,613.174,0
4476,124.599,184.023,389.017,676,313.062,818.124,0
4477,136.499,178.94,514.246,198.502,647.665,192.017,0
4478,109.299,153.267,538.868,213.322,648.26,190.896,0
4479,74.9994,107.699,602.325,459.703,615.668,539.559,0
4480,87.7992,98.639,539.18,352.796,630.438,333.811,0
4481,211.804,226.4,411.45,375.628,324.929,205.54,1
4482,110.199,105.423,167.426,387.292,67.7276,404.803,0
4483,108.299,152.569,529.51,211.058,647.968,191.093,0
4484,43.0999,61.7918,566.859,729.685,612.08,752.624,0
4485,79.8994,101.155,297.572,736.39,311.718,818.386,0
4486,211.804,213.08,456.1,383.184,615.357,334.499,1
4487,198.903,161.344,217.254,417.732,67.6351,405.577,0
4488,117.399,155.405,308.018,692.471,311.995,818.232,0
4489,127.199,137.381,166.36,481.332,139.642,611.273,0
4490,39.5,55.7395,607.549,368.011,630.355,334.073,0
4491,211.804,234.539,285.182,546.557,155.265,616.887,1
4492,51.1998,65.3016,595.677,689.974,612.33,752.075,0
4493,14.8,19.9981,409.228,97.3578,405.656,78.0258,0
4494,211.804,257.46,312.229,465.552,114.156,404.754,1
4495,58.2997,80.947,146.705,531.485,139.917,611.157,0
4496,147.6,208.364,316.097,640.868,312.413,818.135,0
4497,79.4994,102.856,117.923,466.51,67.7543,405.256,0
4498,211.804,266.864,388.363,445.969,324.903,211.573,1
4499,211.804,129.171,408.453,469.777,515.794,448.889,1
4500,76.5994,107.936,557.156,479.334,615.749,539.509,0
4501,158.1,187.583,517.808,455.203,615.596,539.955,0
4502,211.804,153.848,451.947,680.472,553.769,616.694,1
4503,50.2998,43.0343,224.658,216.458,248.697,184.9,0
4504,211.804,230.446,425.386,392.649,600.945,336.435,1
4505,211.804,183.554,214.178,459.781,87.618,405.725,1
4506,45.6999,66.2697,553.814,774.919,611.202,754.956,0
4507,7.79999,9.5652,357.523,183.917,353.382,175.287,0
4508,197.703,278.504,299.521,521.629,139.949,611.078,0
4509,10.5,11.0258,591.23,834.192,602.357,833.051,0
4510,58.5997,64.7793,268.001,246.365,249.532,185.225,0
4511,211.804,192.368,443.921,597.288,549.578,616.013,1
4512,123.999,132.981,115.938,506.645,139.97,611.168,0
4513,211.804,184.88,470.542,379.411,602.659,336.178,1
4514,204.403,297.236,273.983,485.89,139.902,611.16,0
4515,211.804,240.456,370.244,430.535,324.754,206.101,1
4516,3.4,3.43593,650.483,131.857,653.792,130.93,0
4517,182.702,176.839,240.806,395.371,67.7872,404.965,0
4518,164.901,177.357,511.96,404.574,630.39,334.073,0
4519,86.8992,115.607,184.113,254.496,248.674,184.884,0
4520,211.804,206.641,471.891,384.849,629.127,334.054,1
4521,211.804,115.079,448.229,463.362,542.349,444.236,1
4522,98.8991,156.503,343.82,671.386,313.271,818.183,0
4523,16.7,21.1094,595.919,739.228,612.2,752.408,0
4524,120.699,169.291,230.251,523.468,139.968,611.157,0
4525,84.6993,101.642,552.069,125.373,653.554,130.049,0
4526,111.499,118.31,167.613,505.006,139.614,611.267,0
4527,136.599,140.251,308.025,299.821,250.988,184.62,0
4528,133.499,190.431,409.47,686.429,313.449,818.231,0
4529,211.804,244.841,330.965,476.619,219.772,626.122,1
4530,64.2996,99.1043,521.795,777.721,611.2,754.944,0
4531,30.8001,34.4071,582.953,600.013,613.32,612.451,0
4532,211.804,233.375,456.375,547.648,545.55,617.403,1
4533,75.7994,111.607,289.726,280.238,250.406,184.869,0
4534,81.2993,129.305,371.203,711.645,313.295,818.198,0
4535,31.9001,35.1752,581.251,600.438,613.324,612.389,0
4536,133.899,191.208,431.423,712.243,313.001,818.087,0
4537,40,60.4154,589.13,697.339,612.334,752.203,0
4538,189.602,165.672,275.168,597.695,144.663,615.676,0
4539,17.8,25.2007,168.424,622.683,144.743,615.981,0
4540,198.403,197.771,330.07,628.399,144.723,615.938,0
4541,66.6996,72.6655,572.009,707.921,612.179,752.543,0
4542,210.604,301.19,280.472,484.084,139.943,611.069,0
4543,25.0001,30.4758,600.448,784.423,606.696,810.975,0
4544,170.001,158.619,181.611,301.267,248.36,184.806,0
4545,103.899,133.04,306.32,273.381,250.644,184.812,0
4546,133.899,189.505,513.715,229.539,648.525,190.808,0
4547,211.804,246.467,276.803,453.801,108.316,404.566,1
4548,100.499,120.198,545.747,153.109,653.462,129.957,0
4549,26.7001,33.1853,593.72,776.566,611.159,755.337,0
4550,141.899,157.609,526.664,398.438,630.374,334.083,0
4551,112.899,120.222,185.966,262.809,248.608,184.858,0
4552,95.3991,117.165,184.981,257.944,248.884,184.968,0
4553,36.8,54.8318,600.809,206.719,647.925,197.706,0
4554,182.902,213.717,493.235,426.348,630.376,334.143,0
4555,11.7,15.9647,151.752,677.734,149.661,693.241,0
4556,56.6997,85.713,233.766,724.269,153.727,700.244,0
4557,128.399,114.424,164.755,420.662,67.8003,405.172,0
4558,62.1996,83.4249,337.287,231.805,349.842,174.684,0
4559,32.6001,38.6171,581.557,765.696,611.194,755.516,0
4560,88.3992,92.4342,605.346,702.93,612.38,752.006,0
4561,4.8,4.80077,601.392,813.567,606.077,812.701,0
4562,211.804,140.521,549.846,528.853,567.8,617.228,1
4563,211.804,234.457,458.544,421.728,606.724,539.199,1
4564,163.601,188.82,258.046,581.222,144.783,615.957,0
4565,211.804,210.989,316.73,518.474,206.768,625.286,1
4566,162.901,185.312,514.123,454.86,615.602,539.715,0
4567,211.804,212.621,343.124,599.571,158.944,617.194,1
4568,211.804,193.701,529.03,522.559,613.044,612.669,1
4569,49.3998,71.4539,605.067,240.205,647.795,197.628,0
4570,119.499,184.035,295.065,714.26,149.458,693.288,0
4571,163.201,182.561,342.714,320.117,349.653,174.631,0
4572,0,0,636.912,333.607,636.912,333.607,0
4573,211.804,219.498,419.885,574.909,548.89,615.988,1
4574,169.001,170.13,239.177,341.756,249.716,185.228,0
4575,190.202,215.982,490.919,427.613,630.293,334.142,0
4576,134.499,165.483,502.11,145.746,653.495,130.244,0
4577,87.7992,143.285,559.42,285.118,648.032,197.904,0
4578,98.3991,97.6341,167.579,530.613,139.844,611.062,0
4579,31.8001,47.6254,310.983,778.305,311.957,818.335,0
4580,43.8999,45.4126,98.5089,425.912,67.7029,404.81,0
4581,151,169.718,283.885,673.47,144.773,616.02,0
4582,211.804,174.44,484.124,480.54,588.462,482.41,1
4583,53.6998,73.3131,603.755,242.639,647.908,197.644,0
4584,211.804,280.956,325.681,480.344,153.507,572.758,1
4585,4.1,3.9591,357.29,177.932,355.533,174.387,0
4586,211.804,233.184,456.767,420.837,603.87,539.754,1
4587,52.8998,77.9714,355.758,195.453,349.826,174.621,0
4588,37.6,34.7638,230.658,210.427,249.078,185.085,0
4589,84.4993,133.604,374.854,709.429,313.463,818.253,0
4590,89.6992,90.5105,272.505,769.226,310.83,818.746,0
4591,123.499,117.266,213.358,293.718,248.728,184.892,0
4592,61.9996,78.1526,192.762,639.985,144.735,616.181,0
4593,211.804,230.521,412.5,359.208,377.988,175.035,1
4594,2.9,2.63767,140.424,623.404,139.832,620.838,0
4595,58.9997,87.075,528.646,766.466,611.115,755.164,0
4596,211.804,262.458,356.573,463.371,325.025,213.771,1
4597,106.999,170.202,531.98,287.843,647.973,197.788,0
4598,102.099,148.207,534.706,211.164,647.945,191.338,0
4599,20.1,18.9839,266.19,197.265,253.24,183.31,0
4600,196.303,234.054,466.611,428.091,615.457,540.205,0
4601,192.003,180.023,212.518,438.522,67.7518,404.997,0
4602,211.804,97.6446,463.476,479.365,521.577,443.191,1
4603,211.804,207.685,369.183,391.363,320.389,197.201,1
4604,190.202,208.548,323.571,597.419,144.742,615.925,0
4605,87.8992,93.9458,161.108,399.47,67.7321,405.534,0
4606,211.804,213.445,347.034,597.804,162.997,618.101,1
4607,211.804,203.277,395.162,618.526,547.64,614.631,1
4608,94.8991,111.39,557.022,155.139,653.587,129.954,0
4609,175.402,158.954,180.474,302.511,248.161,184.743,0
4610,29.3001,30.871,604.008,591.432,613.159,612.892,0
4611,167.001,118.718,196.155,261.416,248.294,184.775,0
4612,166.301,193.361,252.849,585.895,144.634,615.563,0
4613,167.601,238.541,322.69,378.532,251.295,184.521,0
4614,165.501,193.658,343.659,330.737,350.118,174.829,0
4615,116.099,159.019,533.644,441.557,615.509,540.169,0
4616,211.804,210.961,328.192,550.673,190.365,622.46,1
4617,201.903,200.683,478.963,314.826,630.338,334.078,0
4618,16.9,23.2561,413.027,100.192,405.839,78.2424,0
4619,136.999,200.031,312.933,341.463,251.45,184.473,0
4620,85.1993,103.312,563.039,148.949,653.51,129.951,0
4621,9.3,12.5475,644.307,138.807,653.808,130.868,0
4622,15.7,22.0038,581.087,831.557,602.5,833.31,0
4623,130.199,131.766,129.415,498.08,139.683,611.079,0
4624,211.804,233.066,252.895,469.889,106.764,405.605,1
4625,35.9,45.8407,613.161,140.99,653.458,129.856,0
4626,111.999,117.192,510.403,593.128,613.219,612.779,0
4627,211.804,238.949,255.939,470.323,104.137,405.576,1
4628,102.799,131.28,566.768,398.159,630.28,334.097,0
4629,39.4,42.1812,289.135,203.138,252.527,183.993,0
4630,27.6001,44.339,599.684,710.866,612.309,752.13,0
4631,33.9001,47.1495,608.394,139.84,653.559,130.048,0
4632,80.7993,103.725,178.278,536.233,139.87,611.087,0
4633,129.699,148.033,519.382,380.433,630.469,333.858,0
4634,3,2.78686,152.078,691.266,151.125,693.885,0
4635,45.6999,67.7764,187.299,586.926,144.715,616.208,0
4636,113.099,156.928,540.441,469.82,615.488,540.221,0
4637,79.1994,101.98,213.322,574.762,144.684,615.742,0
4638,90.3992,112.805,281.369,737.589,311.3,818.472,0
4639,118.299,163.79,342.176,664.202,312.37,818.108,0
4640,211.804,265.053,312.9,451.52,101.191,404.177,1
4641,41.5999,54.6923,576.679,783.321,606.161,812.326,0
4642,41.9999,64.794,186.557,592.721,144.4,616.919,0
4643,101.399,169.772,547.65,250.708,647.98,197.678,0
4644,113.499,100.206,527.53,597.103,613.256,612.814,0
4645,103.599,147.25,387.687,707.304,312.485,817.964,0
4646,155.8,111.876,201.897,260.752,248.206,184.686,0
4647,39.4,59.2152,308.4,767.243,311.989,818.184,0
4648,90.6992,138.452,533.284,188.373,648.25,190.968,0
4649,211.804,245.215,406.4,576.04,544.096,615.032,1
4650,211.804,220.68,503.679,481.722,603.957,536.369,1
4651,211.804,212,448.194,573.827,547.715,617.732,1
4652,133.899,113.872,199.434,259.463,248.434,184.757,0
4653,15.1,19.2569,250.642,204.249,249.574,185.209,0
4654,68.6995,115.051,356.45,714.737,313.206,818.212,0
4655,30.3001,37.7666,574.2,756.459,611.192,755.587,0
4656,211.804,194.361,473.387,377.871,608.581,336.141,1
4657,127.199,201.87,524.442,246.911,648.019,198.034,0
4658,11.9,14.2713,636.776,206.147,647.947,197.687,0
4659,146,139.572,198.643,305.577,248.781,185.034,0
4660,90.2992,134.873,311.717,286.879,250.445,184.79,0
4661,54.0997,59.4431,265.655,241.945,249.843,185.07,0
4662,211.804,230.304,289.456,434.167,93.1779,404.758,1
4663,115.699,130.005,508.046,337.454,630.34,334.125,0
4664,211.804,261.337,321.485,446.155,119.85,404.427,1
4665,46.6999,64.3875,599.569,369.686,630.394,334.054,0
4666,107.899,133.119,523.48,708.436,612.284,752.057,0
4667,180.902,169.321,243.688,337.517,249.517,185.18,0
4668,73.0995,77.8467,575.912,694.809,612.129,752.802,0
4669,199.303,236.822,486.707,505.013,615.686,539.558,0
4670,82.5993,120.607,588.494,442.892,615.733,540.549,0
4671,46.8999,48.7334,115.351,400.263,67.6697,404.874,0
4672,13.8,18.1945,335.296,184.863,350.162,174.845,0
4673,102.499,118.942,415.775,238.247,356.292,173.061,0
4674,211.804,197.72,472.91,511.738,556.727,616.092,1
4675,137.099,131.805,207.245,306.489,248.684,184.922,0
4676,11.2,15.6929,157.541,613.068,144.756,616.021,0
4677,209.404,172.834,240.978,345.45,250.107,185.004,0
4678,128.999,181.47,337.265,645.862,313.232,818.216,0
4679,153.6,183.487,523.581,419.249,630.4,334.1,0
4680,46.8999,59.656,596.724,695.69,612.31,752.081,0
4681,211.804,222.937,399.313,378.294,323.207,201.392,1
4682,95.1991,114.645,406.946,239.605,355.56,174.383,0
4683,65.7996,79.8937,355.365,200.392,349.696,174.674,0
4684,107.999,149.526,215.56,525.316,140.175,611.196,0
4685,36.4,49.5595,279.23,793.75,311.837,818.273,0
4686,211.704,352.918,384.866,534.22,312.769,817.988,0
4687,211.804,158.027,474.176,541.411,565.606,617.168,1
4688,79.8994,101.065,358.174,217.842,350.206,174.779,0
4689,48.1998,62.6519,311.265,763.426,311.3,818.455,0
4690,143.8,180.99,216.192,493.206,139.502,611.151,0
4691,147.7,138.218,543.833,553.866,613.234,612.771,0
4692,164.301,190.88,492.683,399.121,630.397,334.15,0
4693,211.804,227.883,459.549,439.785,605.717,541.538,1
4694,68.8995,90.9902,204.868,577.216,144.69,615.615,0
4695,23.9001,37.1121,315.661,186.921,350.437,174.988,0
4696,110.399,119.007,525.345,362.308,630.35,333.931,0
4697,29.6001,44.9999,160.495,648.395,140.126,620.77,0
4698,84.8993,91.8728,553.36,711.538,612.24,752.37,0
4699,35.5,37.6841,579.969,598.351,613.337,612.511,0
4700,67.8995,83.2741,116.563,447.499,67.7414,405.518,0
4701,85.7993,100.996,403.695,224.344,356.126,173.465,0
4702,150.4,145.827,298.291,306.16,251.03,184.614,0
4703,73.6994,111.164,558.61,199.006,647.576,191.963,0
4704,163.801,132.717,167.368,437.691,67.6913,405.551,0
4705,132.099,178.845,333.16,650.484,312.892,817.977,0
4706,21.4,32.0507,386.845,180.611,355.713,174.223,0
4707,4,4.08439,141.052,607.183,139.95,611.115,0
4708,190.702,168.533,304.693,627.204,144.69,615.735,0
4709,170.101,195.257,242.005,499.254,140.041,611.106,0
4710,206.803,247.943,336.101,564.915,144.763,616.121,0
4711,34.9,46.0452,613.432,170.846,647.748,191.731,0
4712,153.1,149.609,499.661,182.168,355.568,174.359,0
4713,30.7001,45.7415,162.356,584.628,144.608,616.559,0
4714,205.003,221.668,347.706,357.624,350.216,174.89,0
4715,132.299,148.104,584.315,395.487,630.278,334.315,0
4716,139.899,193.954,342.443,639.117,312.756,818.001,0
4717,11.8,15.1126,367,183.75,355.44,174.54,0
4718,211.804,269.483,361.732,483.624,225.635,627.486,1
4719,31.0001,43.2594,611.665,137.999,653.546,130.037,0
4720,116.799,129.229,479.975,179.123,355.564,174.307,0
4721,182.302,160.505,300.733,636.154,144.725,615.963,0
4722,19.4,29.177,621.047,205.758,648.071,197.878,0
4723,82.3993,105.742,118.589,469.776,67.8327,405.416,0
4724,18.4,20.2147,595.699,616.446,613.302,613.211,0
4725,4.5,4.71419,252.149,189.246,250.613,184.789,0
4726,129.899,133.226,464.622,164.213,355.597,174.333,0
4727,137.699,148.484,369.406,268.997,350.469,174.973,0
4728,67.2995,73.5955,421.402,155.504,355.941,173.778,0
4729,6.4,7.9363,656.345,205.958,654.296,198.291,0
4730,211.804,199.604,401.693,612.363,541.604,617.232,1
4731,198.503,176.578,204.099,346.028,67.6932,404.856,0
4732,211.804,227.499,266.317,407.706,82.6967,404.627,1
4733,23.2001,39.0018,262.762,221.824,251.375,184.54,0
4734,127.399,145.136,584.809,390.978,630.264,334.283,0
4735,84.1993,102.618,422.509,227.997,356.082,173.52,0
4736,89.4992,100.393,563.653,319.819,630.357,334.458,0
4737,102.599,112.741,542.975,670.161,613.165,612.714,0
4738,43.9999,52.2092,601.695,134.721,653.481,129.969,0
4739,14.3,16.8947,268.711,187.817,253.1,183.471,0
4740,89.1992,140.785,259.644,665.438,149.447,693.371,0
4741,203.703,202.83,470.558,298.99,630.321,334.07,0
4742,196.303,137.057,220.6,310.818,249.311,185.23,0
4743,52.0998,53.3305,118.988,400.939,67.6583,405.567,0
4744,186.602,180.049,233.229,375.097,67.6799,404.936,0
4745,73.0995,88.6051,229.191,270.13,249.174,185.124,0
4746,211.804,228.267,423.271,564.909,543.142,616.868,1
4747,187.602,199.012,331.934,627.656,144.73,615.969,0
4748,6.4,8.42028,254.71,192.241,251.412,184.494,0
4749,82.6993,122.99,352.824,703.438,312.796,817.95,0
4750,24.0001,26.8258,86.1377,418.516,67.687,405.556,0
4751,89.5992,135.014,553.972,179.146,648.038,191.059,0
4752,69.3995,82.307,532.791,615.562,613.3,612.792,0
4753,55.6997,61.7185,597.122,175.169,647.753,191.917,0
4754,110.699,162.932,507.032,690.365,611.871,753.272,0
4755,199.703,173.735,190.873,326.075,248.135,184.659,0
4756,35.2,49.1671,403.975,168.49,355.804,174.105,0
4757,38.6,49.6059,298.394,198.467,253.523,182.563,0
4758,208.104,229.235,388.653,350.703,349.904,174.708,0
4759,78.3994,109.831,555.509,480.579,615.652,540.733,0
4760,13.9,21.3902,594.322,741.521,612.204,752.404,0
4761,69.6995,104.171,540.036,495.485,615.756,540.767,0
4762,162.601,159.027,210.232,364.318,67.6586,404.835,0
4763,67.0995,101.563,565.558,476.672,615.769,539.5,0
4764,211.804,204.411,278.057,381.166,249.126,197.27,1
4765,15.5,24.1489,615.594,277.099,636.037,282.643,0
4766,108.099,132.427,564.512,401.255,630.468,334.449,0
4767,132.199,179.843,334.089,649.935,312.306,818.108,0
4768,103.099,108.817,221.319,287.974,248.314,184.847,0
4769,198.003,184.554,274.153,355.485,250.835,184.67,0
4770,10.1,12.684,604.429,742.841,612.322,752.367,0
4771,0,0,350.674,171.707,350.674,171.707,0
4772,211.804,186.742,252.203,420.107,93.9728,404.862,1
4773,211.804,191.524,470.049,374.087,602.42,334.652,1
4774,122.799,173.258,216.345,502.251,140.054,611.162,0
4775,211.804,199.107,463.022,348.632,393.607,174.371,1
4776,99.5991,119.493,568.922,383.69,630.359,334.257,0
4777,94.2991,118.399,344.675,269.239,349.802,174.712,0
4778,174.201,230.634,497.994,504.502,615.664,540.237,0
4779,75.0994,96.1012,190.798,561.17,140.176,611.224,0
4780,37.1,52.197,406.579,168.297,355.723,174.156,0
4781,92.5992,138.478,379.893,708.007,312.633,818.017,0
4782,159.201,187.851,395.903,295.613,355.575,174.357,0
4783,125.199,175.069,305.906,671.597,312.049,818.175,0
4784,148,127.449,214.658,305.012,249.058,185.05,0
4785,77.0994,125.24,265.02,723.794,153.667,700.202,0
4786,24.8001,32.4812,387.554,178.187,355.948,173.76,0
4787,147.6,138.615,303.776,300.002,250.939,184.689,0
4788,211.804,275.141,399.914,440.873,325.313,214.314,1
4789,210.204,209.644,296.675,563.817,144.697,615.679,0
4790,107.499,153.142,310.853,692.113,312.192,818.212,0
4791,91.8992,108.667,545.292,664.609,613.169,612.76,0
4792,211.804,221.661,348.753,540.567,207.556,625.537,1
4793,196.903,171.07,199.608,341.742,67.6712,404.855,0
4794,179.202,219.088,332.338,596.511,144.694,615.698,0
4795,210.204,301.939,307.081,494.054,139.855,611.145,0
4796,77.1994,89.7541,365.212,196.634,349.662,174.731,0
4797,124.799,175.774,193.948,521.54,139.953,611.074,0
4798,204.903,189.896,474.534,555.911,613.275,612.656,0
4799,59.7997,94.4855,581.338,460.614,615.926,541.004,0
4800,23.5001,24.6751,589.948,615.813,613.265,613.172,0
4801,211.804,269.798,365.135,463.801,326.653,210.248,1
4802,211.804,219.526,419.917,572.816,544.62,617.806,1
4803,211.804,126.906,439.341,511.853,516.312,444.003,1
4804,135.399,184.563,336.046,646.077,312.326,818.135,0
4805,191.903,232.071,348.69,602.346,144.792,616.103,0
4806,7.7,10.126,363.931,179.918,355.734,174.241,0
4807,36.9,62.3903,192.243,685.64,152.479,701.849,0
4808,211.804,226.58,288.365,395.936,248.776,200.586,1
4809,120.099,148.588,558.528,416.14,615.657,539.555,0
4810,160.401,122.448,195.49,263.463,248.314,184.821,0
4811,42.8999,60.4696,334.205,205.834,350.215,174.787,0
4812,211.804,226.215,466.674,234.076,378.744,174.427,1
4813,154.2,169.462,511.438,396.526,630.275,334.06,0
4814,211.804,201.132,239.129,448.053,94.4067,406.043,1
4815,78.5994,90.2665,221.75,265.636,249.2,185.146,0
4816,21.7,20.2629,87.4311,404.201,67.6598,405.622,0
4817,129.199,132.456,484.746,180.351,355.99,173.663,0
4818,94.1991,97.8848,223.633,274.104,248.257,184.848,0
4819,138.199,162.452,505.313,147.655,653.523,130.243,0
4820,211.804,207.776,437.229,446.203,596.614,499.913,1
4821,211.804,213.773,366.206,398.229,320.352,196.189,1
4822,172.701,202.437,247.865,500.063,139.94,611.109,0
4823,93.6991,103.896,163.149,386.868,67.8148,405.078,0
4824,211.804,224.044,422.871,347.107,386.132,174.368,1
4825,19.9,32.3471,319.838,184.036,350.652,175.061,0
4826,146.8,127.036,193.036,404.18,67.7447,405.56,0
4827,203.803,219.493,370.381,363.619,350.145,174.803,0
4828,211.804,215.604,476.763,467.753,605.731,535.085,1
4829,114.399,133.811,312.426,278.42,250.933,184.551,0
4830,211.804,229.48,316.597,549.678,159.481,617.37,1
4831,90.7992,93.2127,524.862,621.885,613.204,612.757,0
4832,207.103,224.104,292.947,372.298,250.576,184.81,0
4833,175.402,120.564,226.198,302.743,248.728,184.941,0
4834,71.6995,95.424,573.198,193.772,647.836,191.519,0
4835,189.102,312.01,393.675,564.423,312.618,818.075,0
4836,113.599,136.453,519.407,124.807,653.475,129.995,0
4837,211.804,191.52,492.776,250.671,375.055,174.385,1
4838,211.804,238.953,288.581,408.546,249.803,201.818,1
4839,79.7994,112.713,576.364,443.079,615.747,539.518,0
4840,40.2,56.0471,614.166,160.492,648.476,190.783,0
4841,85.4993,112.886,177.377,526.425,139.93,611.094,0
4842,59.8997,71.1959,284.685,227.763,250.246,184.988,0
4843,33.1001,53.9455,325.595,765.969,312.811,817.999,0
4844,127.399,150.253,286.882,629.078,144.812,616.109,0
4845,211.804,282.874,360.664,493.091,223.465,627.157,1
4846,182.902,212.859,607.887,382.68,615.631,539.613,0
4847,14.4,19.4145,416.24,93.7951,407.06,77.8423,0
4848,191.803,162.845,177.495,307.936,249.313,185.175,0
4849,165.701,166.868,238.75,337.804,249.483,185.189,0
4850,211.804,247.917,361.301,554.508,176.964,620.289,1
4851,55.2997,85.5932,222.961,679.895,149.57,693.235,0
4852,42.3999,47.5155,293.49,205.079,252.469,183.981,0
4853,171.601,191.505,614.161,400.438,615.63,539.733,0
4854,87.4992,100.331,452.189,178.859,356.109,173.436,0
4855,7.5,10.7645,155.063,617.823,144.591,615.755,0
4856,211.804,148.529,429.741,476.205,547.524,450.105,1
4857,139.399,111.082,226.755,292.085,248.806,185.001,0
4858,158.2,128.434,163.828,434.968,67.68,405.596,0
4859,211.804,188.077,417.07,616.241,552.495,615.49,1
4860,208.504,227.694,474.376,250.105,356.051,173.568,0
4861,211.804,173.232,483.31,483.702,589.746,480.626,1
4862,211.204,223.659,345.4,599.159,144.828,615.994,0
4863,22.9001,31.7597,281.6,809.376,311.317,818.462,0
4864,184.102,183.959,299.236,336.858,251.174,184.452,0
4865,60.6996,102.662,250.867,732.404,153.626,700.269,0
4866,33.3001,33.3731,252.943,218.847,249.912,185.052,0
4867,149,174.172,199.245,482.058,139.494,611.242,0
4868,31.5001,37.6744,565.356,835.121,602.437,833.253,0
4869,33.6001,44.3746,82.1936,436.628,67.7342,405.49,0
4870,109.499,144.151,523.945,692.67,612.395,751.864,0
4871,118.699,152.961,556.542,419.896,615.674,539.634,0
4872,178.502,150.089,501.778,181.131,356.111,173.569,0
4873,35.9,50.7289,328.252,200.604,350.174,174.788,0
4874,107.199,113.502,541.003,668.12,613.157,612.782,0
4875,82.8993,110.084,247.068,742.188,152.623,701.82,0
4876,41.9999,43.0597,294.783,184.745,253.089,183.401,0
4877,89.3992,125.981,570.908,431.275,615.579,539.575,0
4878,4.5,5.06998,350.068,180.322,351.791,175.42,0
4879,211.804,229.739,315.168,557.086,158.386,617.07,1
4880,13.2,18.7037,333.176,181.795,349.92,174.698,0
4881,128.899,109.781,203.24,261.241,248.4,184.779,0
4882,188.102,174.898,475.294,566.682,613.27,612.747,0
4883,48.6998,73.3446,271.589,253.963,250.38,184.924,0
4884,26.7001,39.3681,580.712,797.507,606.26,811.87,0
4885,171.101,116.789,228.398,299.061,248.767,185.018,0
4886,207.503,299.019,305.821,499.456,139.853,611.076,0
4887,111.599,126.615,430.613,243.864,356.132,173.539,0
4888,211.804,167.766,504.857,199.181,357.298,174.082,1
4889,94.9991,118.644,546.75,687.625,612.441,752.034,0
4890,14.1,17.4503,251.322,202.331,249.382,185.224,0
4891,33.8001,51.56,593.628,705.146,612.169,752.489,0
4892,211.804,283.206,322.176,487.184,146.532,572.527,1
4893,35.7,41.6044,611.847,190.674,647.863,191.254,0
4894,211.804,209.595,363.475,594.959,179.861,620.784,1
4895,211.804,135.311,423.661,508.66,513.879,454.471,1
4896,211.804,103.284,459.978,476.724,534.084,443.764,1
4897,26.4001,30.609,149.579,662.564,149.397,693.33,0
4898,27.2001,41.745,606.324,306.765,630.262,334.301,0
4899,62.9996,77.99,282.87,765.388,310.609,818.767,0
4900,35,58.296,195.424,672.04,149.703,693.219,0
4901,24.3001,34.2475,389.383,179.118,355.762,174.295,0
4902,115.099,125.895,275.34,299.941,249.866,185.106,0
4903,211.804,156.818,522.122,524.896,562.606,617.03,1
4904,135.599,157.719,582.873,411.421,615.603,539.635,0
4905,181.102,180.107,307.643,656.553,144.842,615.869,0
4906,185.102,282.403,335.46,408.833,251.194,184.44,0
4907,8.3,11.4056,138.481,631.898,140.086,620.809,0
4908,211.804,234.48,313.516,377.419,250.896,194.613,1
4909,211.804,230.526,290.852,387.815,250.457,186.435,1
4910,65.4996,79.1111,201.785,590.092,144.628,615.577,0
4911,145.4,189.379,512.445,222.95,648.408,190.783,0
4912,178.702,175.094,442.668,280.775,355.607,174.331,0
4913,57.7997,70.7075,272.975,777.569,311.071,818.735,0
4914,211.804,278.685,348.67,545.332,145.873,616.395,1
4915,211.804,180.168,253.369,348.134,249.535,191.836,1
4916,164.401,216.265,510.357,506.702,615.575,540.185,0
4917,76.2994,99.2869,176.907,540.813,139.914,611.096,0
4918,17.2,25.2855,146.926,668.462,149.75,693.203,0
4919,25.7001,36.7139,156.126,643.299,139.808,620.932,0
4920,18,22.0659,588.767,803.564,606.902,810.466,0
4921,121.799,124.258,457.855,157.081,355.954,173.651,0
4922,211.804,239.975,356.941,551.229,188.302,622.099,1
4923,69.7995,95.3587,238.373,631.001,144.823,616.196,0
4924,104.499,121.868,344.689,273.605,349.454,174.458,0
4925,156.7,175.632,226.711,550.639,144.729,616.033,0
4926,211.804,227.767,381.866,402.606,326.073,205.16,1
4927,118.899,163.165,536.971,466.562,615.529,540.1,0
4928,34.4,34.4038,278.145,206.827,252.488,184.026,0
4929,133.899,168.82,521.594,407.161,630.459,333.841,0
4930,124.099,162.086,483.667,718.392,612.339,752.309,0
4931,0.6,0.178126,66.5354,408.858,66.4109,408.73,0
4932,101.099,97.094,235.064,277.531,249.153,185.126,0
4933,211.804,197.913,428.073,342.981,394.809,174.268,1
4934,6,7.54936,639.96,191.045,647.109,193.465,0
4935,146.2,174.504,482.053,112.301,653.519,129.973,0
4936,95.8991,126.56,270.852,736.484,311.718,818.378,0
4937,34.5,50.9957,601.492,214.834,648.042,197.902,0
4938,49.4998,59.8713,608.681,157.472,648.291,190.993,0
4939,211.804,216.002,489.75,464.646,609.029,541.529,1
4940,211.804,238.237,345.994,539.795,189.556,622.791,1
4941,104.399,123.741,200.846,534.739,140.013,611.094,0
4942,97.7991,109.161,406.087,232.137,355.554,174.37,0
4943,137.999,158.417,505.611,378.92,630.393,334.136,0
4944,57.0997,75.1942,197.442,587.809,144.578,615.525,0
4945,208.804,173.417,203.239,341.641,67.6848,404.836,0
4946,211.804,199.709,402.094,610.974,548.747,615.014,1
4947,108.899,159.035,284.432,698.321,311.18,818.616,0
4948,153.1,166.751,383.142,273.634,350.009,174.841,0
4949,152.6,239.884,488.339,264.872,647.987,197.913,0
4950,33.2001,41.379,588.586,820.268,602.385,833.253,0
4951,184.402,278.57,379.658,587.313,312.11,818.159,0
4952,9.7,14.3968,256.491,197.887,251.145,184.532,0
4953,49.4998,62.7523,298.132,770.248,311.461,818.496,0
4954,124.799,117.776,540.076,668.864,613.157,612.879,0
4955,54.5997,85.0281,531.498,766.872,611.071,755.287,0
4956,211.804,242.817,347.369,486.496,215.925,625.533,1
4957,52.2998,67.327,600.117,362.017,630.379,334.052,0
4958,211.804,226.068,464.612,458.131,604.879,540.054,1
4959,62.8996,73.7567,547.746,742.914,612.124,752.657,0
4960,157,140.7,281.809,311.534,249.554,185.169,0
4961,178.802,259.564,391.45,633.975,312.18,818.242,0
4962,211.804,191.675,398.95,341.504,321.114,197.075,1
4963,96.0991,114.995,422.783,238.799,355.575,174.386,0
4964,211.304,196.094,465.939,276.342,355.555,174.35,0
4965,0,0,146.987,695.937,146.987,695.937,0
4966,137.999,182.148,325.581,333.679,251.081,184.572,0
4967,83.5993,118.299,296.11,280.182,250.344,184.88,0
4968,25.0001,38.5642,161.758,592.029,144.413,617.174,0
4969,29.9001,44.5334,598.525,711.089,612.313,752.322,0
4970,101.599,136.44,547.261,455.53,615.677,539.625,0
4971,122.099,190.558,532.491,308.523,648.044,197.928,0
4972,191.002,169.515,198.444,359.466,67.7296,404.862,0
4973,13.8,18.2458,632.485,206.731,647.891,197.823,0
4974,211.804,259.679,356.569,473.941,220.899,626.806,1
4975,153.4,210.593,314.298,638.746,312.527,817.956,0
4976,211.804,131.41,418.585,489.877,516.115,447.864,1
4977,147.5,187.407,503.06,202.169,648.457,190.816,0
4978,211.804,119.947,442.098,509.213,516.703,446.837,1
4979,83.1993,90.3259,156.982,399.269,67.6389,404.916,0
4980,24.7001,40.3443,263.099,223.041,251.08,184.537,0
4981,68.2995,87.1301,365.338,194.69,349.769,174.677,0
4982,207.803,245.774,329.728,561.019,144.747,615.73,0
4983,107.499,134.044,113.911,496.023,67.6635,405.597,0
4984,46.0999,61.6671,308.378,764.976,312.043,818.245,0
4985,211.804,165.092,408.715,523.981,504.594,452.764,1
4986,33.7001,38.9483,162.156,662.806,149.939,693.19,0
4987,28.0001,35.0251,390.373,171.594,355.711,174.26,0
4988,129.199,140.398,162.6,473.464,139.668,611.173,0
4989,120.699,188.725,526.132,269.361,647.971,197.857,0
4990,24.6001,20.2868,265.217,199.87,253.039,183.667,0
4991,72.6995,114.82,352.359,712.043,312.802,818.002,0
4992,211.804,276.485,374.819,466.747,326.641,212.486,1
4993,41.2999,66.1976,188.37,652.125,149.703,693.153,0
4994,71.5995,84.8952,569.143,127.375,653.557,129.967,0
4995,55.4997,95.0151,572.773,244.036,648.097,198.002,0
4996,75.7994,122.984,265.46,726.379,153.675,700.349,0
4997,37.6,53.0692,552.951,826.014,602.498,833.277,0
4998,211.804,236.727,352.367,418.378,324.653,204.124,1
4999,93.8991,154.14,547.429,286.56,648.041,197.895,0
5000,140.399,161.321,501.396,131.355,653.591,130.252,0
5001,211.804,264.04,357.906,474.457,215.84,626.451,1
5002,20.9,31.976,614.318,350.171,630.262,334.102,0
5003,18,26.2042,381.329,180.483,355.907,174.016,0
5004,0,0,409.504,73.1012,409.463,73.193,0
5005,157.3,145.645,244.871,654.186,144.703,615.621,0
5006,109.999,116.097,250.027,613.63,144.75,615.691,0
5007,9.5,11.0282,607.513,743.222,612.006,752.849,0
5008,211.804,244.746,345.483,489.356,210.923,625.855,1
5009,43.4999,53.2949,608.404,146.683,653.469,130.035,0
5010,45.7999,58.4353,597.321,696.601,612.311,752.132,0
5011,61.8996,87.927,527.27,766.324,611.116,755.25,0
5012,119.299,165.726,365.457,678.68,313.042,818.093,0
5013,48.5998,74.7639,587.892,479.157,615.802,540.929,0
5014,211.804,148.192,459.651,463.657,580.224,453.475,1
5015,15,22.3747,630.341,210.357,647.937,197.794,0
5016,7.3,8.95832,627.051,283.271,635.933,282.503,0
5017,80.8993,107.593,283.277,276.755,250.246,185.033,0
5018,211.804,301.242,275.158,496.534,139.892,610.593,1
5019,120.799,163.94,536.7,226.081,648.357,190.761,0
5020,211.804,216.376,456.859,429.78,602.674,526.434,1
5021,62.6996,72.4642,589.158,667.759,613.263,612.804,0
5022,211.804,211.913,367.023,394.901,320.7,194.547,1
5023,106.499,118.695,562.841,386.276,630.425,334.437,0
5024,66.5996,83.062,571.354,125.494,653.573,129.815,0
5025,26.0001,26.4899,588.438,618.036,613.264,613.226,0
5026,82.1993,96.0345,348.112,228.122,350.244,174.794,0
5027,211.804,270.105,325.299,452.738,109.165,404.249,1
5028,208.504,298.913,308.977,502.033,139.884,611.149,0
5029,168.701,157.702,338.284,294.776,350.053,174.791,0
5030,21.2,33.0529,176.707,623.029,144.816,615.899,0
5031,62.7996,105.978,235.367,672.316,149.537,693.208,0
5032,209.704,261.072,347.922,563.604,144.741,616.155,0
5033,162.301,147.57,556.715,540.246,613.289,613.051,0
5034,123.099,123.007,457.642,156.817,355.645,174.316,0
5035,87.1992,104.004,560.66,148.76,653.513,130.048,0
5036,211.804,295.556,313.889,484.007,140.656,589.642,1
5037,6,7.83416,647.604,135.268,653.99,130.878,0
5038,58.5997,70.6991,597.682,685.201,612.378,751.937,0
5039,211.804,164.406,485.01,481.631,585.402,472.632,1
5040,35.9,29.2103,592.971,626.03,613.338,613.208,0
5041,21.9,30.2056,305.625,794.859,311.961,818.313,0
5042,211.804,122.768,464.917,473.739,548.046,453.569,1
5043,109.799,136.772,558.605,402.64,630.354,334.119,0
5044,0,0,616.906,758.26,616.906,758.26,0
5045,211.804,165.991,391.094,518.044,509.153,453.565,1
5046,211.804,240.842,349.153,579.931,152.25,617.402,1
5047,89.7992,108.819,550.876,135.186,653.591,130.049,0
5048,194.803,177.663,443.784,281.159,355.552,174.335,0
5049,147.4,171.35,596.325,409.731,615.623,539.652,0
5050,133.299,151.691,353.63,300.785,350.033,174.82,0
5051,189.302,209.905,485.139,440.055,615.552,539.65,0
5052,159.401,188.546,379.063,310.634,349.971,174.757,0
5053,166.101,137.892,202.087,395.992,67.7079,405.569,0
5054,92.6992,111.279,186.806,535.91,139.974,611.093,0
5055,71.8995,114.379,337.913,707.583,312.267,818.094,0
5056,151.5,159.151,209.752,364.237,67.6351,404.8,0
5057,126.999,171.242,359.551,664.877,312.32,818.13,0
5058,61.9996,66.1786,594.712,178.034,648.109,191.043,0
5059,15.5,22.5669,629.268,209.496,648.167,197.964,0
5060,105.099,169.971,532.048,289.455,647.891,197.788,0
5061,62.6996,74.1391,141.869,401.079,67.712,404.812,0
5062,177.702,138.356,215.337,227.908,248.825,185.035,0
5063,14.2,21.5844,318.823,797.445,313.202,818.296,0
5064,173.801,179.192,205.924,350.493,67.6855,405.579,0
5065,193.803,195.031,481.914,290.665,630.355,334.062,0
5066,92.9992,137.192,528.761,734.294,611.059,755.115,0
5067,52.9998,83.7796,581.698,246.646,648.036,198.009,0
5068,37.4,49.0684,80.0366,441.007,67.7317,405.511,0
5069,192.903,174.818,243.579,347.504,250.917,184.685,0
5070,25.9001,32.4103,599.329,783.031,606.47,811.683,0
5071,14.2,22.4871,316.139,796.247,312.664,818.032,0
5072,148.5,138.343,295.982,298.836,250.657,184.822,0
5073,211.804,98.201,449.902,514.996,425.725,542.526,1
5074,35.6,45.2038,592.093,819.119,602.389,833.307,0
5075,96.9991,106.865,290.171,735.59,311.109,818.62,0
5076,50.7998,65.7418,394.906,188.502,355.759,174.31,0
5077,6.2,7.99882,141.039,628.672,139.715,620.887,0
5078,14.1,19.1268,301.826,805.284,311.961,818.313,0
5079,211.804,196.267,468.156,370.772,603.415,334.927,1
5080,71.1995,85.8272,543.314,600.868,613.172,612.747,0
5081,211.804,224.538,446.774,443.475,602.392,525.255,1
5082,23.1001,30.3226,622.043,203.435,648.011,198.034,0
5083,175.201,197.478,346.348,334.522,350.253,174.935,0
5084,209.004,156.64,502.95,187.296,355.64,174.341,0
5085,211.804,249.87,286.08,471.454,114.5,405.503,1
5086,211.804,88.9163,558.635,182.167,563.802,182.039,1
5087,42.8999,61.2234,273.271,787.705,311.465,818.453,0
5088,211.804,216.7,466.401,490.51,557.253,615.199,1
5089,195.603,216.782,395.368,324.254,349.729,174.716,0
5090,11.8,17.6569,373.27,173.179,355.997,173.823,0
5091,211.804,100.665,498.108,624.689,560.071,616.761,1
5092,180.902,161.347,555.444,529.949,613.259,612.645,0
5093,9.6,10.2465,600.878,755.337,611.073,755.218,0
5094,36.3,52.0829,603.656,209.282,648.053,197.972,0
5095,130.499,152.679,335.41,290.165,349.791,174.714,0
5096,123.299,136.456,328.624,275.805,350.152,174.824,0
5097,103.899,153.099,317.227,688.099,311.935,818.299,0
5098,208.804,189.917,512.643,530.614,613.179,612.673,0
5099,119.699,144.831,423.101,268.064,356.138,173.624,0
5100,55.7997,72.1359,284.765,228.367,250.358,184.932,0
5101,31.0001,37.37,573.965,755.768,611.134,755.306,0
5102,104.799,140.211,546.572,459.082,615.602,539.665,0
5103,137.999,188.316,514.818,222.951,647.973,190.959,0
5104,20,21.8646,591.725,610.449,613.224,612.958,0
5105,64.2996,77.1011,115.167,440.761,67.6381,404.774,0
5106,211.804,196.033,417.506,381.171,558.167,345.33,1
5107,211.804,227.773,298.631,551.184,149.985,616.439,1
5108,28.6001,28.8584,235.224,207.622,249.371,185.207,0
5109,12.5,19.5557,318.778,799.578,313.456,818.396,0
5110,32.1001,33.5841,228.547,204.331,249.18,185.097,0
5111,82.3993,126.194,572.829,276.923,648.069,197.99,0
5112,122.499,110.392,167.836,383.038,67.7439,405.056,0
5113,126.599,108.405,162.987,415.722,67.7245,405.405,0
5114,71.9995,123.353,254.595,683.598,149.493,693.261,0
5115,211.804,205.43,489.961,414.439,628.41,334.149,1
5116,87.8992,110.237,117.918,474.25,67.6261,404.891,0
5117,89.1992,103.486,277.361,283.131,249.509,185.171,0
5118,50.3998,49.016,112.072,412.794,67.6505,405.573,0
5119,97.8991,110.145,558.291,154.991,653.484,129.955,0
5120,194.803,179.746,208.626,330.196,248.176,184.748,0
5121,117.299,164.849,289.605,687.412,149.691,693.196,0
5122,4.8,5.04395,310.942,813.261,312.711,817.983,0
5123,65.5996,89.6955,149.024,522.529,139.862,611.175,0
5124,188.902,154.578,504.859,678.801,613.26,613.174,0
5125,121.699,145.025,528.87,158.952,653.529,129.953,0
5126,125.299,142.37,496.05,338.174,630.328,334.215,0
5127,211.804,141.846,399.229,484.641,514.421,452.409,1
5128,98.1991,120.146,557.665,386.329,630.41,334.516,0
5129,58.1997,68.232,586.318,125.22,653.656,130.267,0
5130,123.499,142.482,310.885,300.959,251.146,184.59,0
5131,153.4,128.676,163.036,436.165,67.6738,404.824,0
5132,187.802,129.124,224.219,310.793,248.686,184.871,0
5133,52.0998,61.4787,597.738,171.886,648.616,190.78,0
5134,29.9001,35.1603,583.857,820.244,602.445,833.292,0
5135,183.902,243.752,262.715,519.545,139.774,611.107,0
5136,132.099,151.041,494.856,329.806,630.379,333.85,0
5137,211.804,165.149,494.5,687.728,599.03,612.404,1
5138,194.803,179.073,482.14,570.395,613.235,612.678,0
5139,211.804,150.818,451.712,463.237,580.561,454.465,1
5140,173.901,245.228,399.255,644.799,312.65,818.029,0
5141,77.6994,94.3706,560.282,123.606,653.588,129.966,0
5142,66.6996,95.1345,566.777,484.658,615.727,540.547,0
5143,211.804,92.887,472.935,477.948,517.482,444.173,1
5144,211.804,210.342,268.506,437.551,96.9453,404.761,1
5145,43.8999,72.1564,216.145,731.938,153.291,701.437,0
5146,172.901,139.022,162.323,445.302,67.7099,405.535,0
5147,20.2,25.3246,614.218,344.049,630.382,334.004,0
5148,211.804,231.637,462.964,424.508,609.324,540.554,1
5149,110.099,102.607,216.041,256.252,248.825,185.008,0
5150,211.804,152.797,430.532,634.45,556.194,615.834,1
5151,91.6992,105.12,282.301,280.915,249.783,185.118,0
5152,45.8999,66.4295,411.097,143.783,405.914,78.1842,0
5153,127.499,137.268,453.474,142.074,355.572,174.312,0
5154,149.8,183.252,234.861,509.47,139.994,611.144,0
5155,115.699,160.645,522.736,209.797,648.018,191.047,0
5156,13.3,17.7785,151.01,675.649,149.734,693.212,0
5157,82.1993,85.0025,578.352,672.659,613.245,612.791,0
5158,128.699,165.382,528.393,438.362,615.54,540.238,0
5159,71.7995,80.1615,589.646,677.193,612.4,752.069,0
5160,25.0001,20.5775,264.408,200.626,252.497,184.033,0
5161,14.6,24.6018,629.082,130.965,653.521,130.036,0
5162,90.9992,138.513,263.716,674.995,149.488,693.232,0
5163,77.0994,99.7802,211.168,572.731,144.744,615.745,0
5164,118.899,130.711,249.659,308.066,249.967,185.028,0
5165,56.3997,69.9239,282.518,773.489,310.762,818.665,0
5166,176.002,263.961,333.986,392.993,251.281,184.521,0
5167,168.601,155.701,183.622,300.445,248.671,184.934,0
5168,167.101,144.219,200.577,412.029,67.6732,404.914,0
5169,177.002,195.385,473.001,307.351,630.365,334.056,0
5170,62.0996,76.7602,283.157,767.702,310.874,818.726,0
5171,207.503,195.016,237.234,352.775,249.947,185.042,0
5172,21.6,32.3182,318.149,786.358,312.686,818.085,0
5173,211.804,240.047,330.786,561.716,149.379,616.4,1
5174,63.2996,71.2284,592.569,367.478,630.43,334.456,0
5175,197.203,175.951,167.417,303.019,248.607,184.941,0
5176,7.6,10.8796,637.661,187.555,647.834,191.41,0
5177,83.3993,101.194,418.463,225.924,356.056,173.576,0
5178,34.1001,35.5588,227.166,201.615,249.033,184.975,0
5179,56.8997,77.6377,220.608,627.452,144.841,616.084,0
5180,29.1001,37.0227,137.186,659.804,149.341,693.36,0
5181,211.804,90.8368,127.983,538.154,124.58,538.492,1
5182,211.804,237.875,293.633,424.669,91.8921,404.412,1
5183,19.2,29.6061,621.095,208.768,648.384,198.214,0
5184,125.299,127.277,269.079,638.576,144.776,615.934,0
5185,66.3996,85.4305,204.752,582.111,144.657,615.691,0
5186,147.1,174.179,247.475,572.877,144.701,615.657,0
5187,142.099,148.793,239.109,321.269,249.45,185.201,0
5188,106.799,122.867,556.667,168.433,653.522,129.961,0
5189,33.8001,55.1703,564.893,800.201,606.156,812.469,0
5190,211.804,101.498,573.799,292.314,589.533,289.802,1
5191,50.1998,79.8721,539.433,778.016,611.051,755.157,0
5192,75.2994,96.6149,178.217,544.237,139.64,611.246,0
5193,74.4994,103.398,94.9691,473.041,67.7914,405.377,0
5194,23.7001,35.6692,617.789,214.872,648.404,198.187,0
5195,142.399,164.911,238.555,572.601,144.825,615.909,0
5196,135.299,142.274,273.016,649.193,144.744,615.587,0
5197,48.4998,46.1819,258.373,229.549,249.254,185.236,0
5198,6.2,6.96707,74.3773,402.982,67.7625,405.302,0
5199,208.404,183.464,246.638,349.911,248.301,184.791,0
5200,183.402,175.554,290.739,603.092,144.735,615.554,0
5201,76.9994,94.5461,273.007,275.494,249.788,185.122,0
5202,94.1991,121.845,238.532,653.883,144.694,616.285,0
5203,145.7,225.589,331.581,373.674,251.51,184.415,0
5204,211.804,104.088,476.643,483.652,522.057,443.968,1
5205,71.7995,98.6713,275.53,279.215,250.28,184.853,0
5206,20.5,28.6732,316.859,790.024,312.679,817.956,0
5207,136.199,189.481,312.245,330.845,251.537,184.429,0
5208,52.0998,78.1923,214.749,678.654,149.413,693.252,0
5209,110.499,123.403,252.872,300.833,250.213,185.004,0
5210,39.7,31.2459,592.635,626.791,613.33,612.384,0
5211,185.502,137.75,508.757,661.636,613.253,613.154,0
5212,20.3,29.9697,601.722,566.412,616.161,541.67,0
5213,0,0,312.811,825.24,312.811,825.24,0
5214,129.199,126.176,529.544,572.623,613.249,612.759,0
5215,198.203,142.085,222.089,307.513,248.571,184.936,0
5216,183.602,230.331,328.548,578.147,144.803,616.14,0
5217,211.804,198.444,442.895,585.423,550.338,615.947,1
5218,211.804,191.412,397.188,336.803,321.012,189.967,1
5219,211.804,94.9119,475.177,481.412,515.277,445.188,1
5220,205.803,210.311,295.766,360.908,250.566,184.785,0
5221,206.503,201.536,285.411,562.653,144.688,615.673,0
5222,211.804,268.828,346.957,540.515,158.441,618.214,1
5223,86.8992,84.9456,604.576,696.242,612.436,752.085,0
5224,100.299,109.318,557.478,305.831,630.393,333.839,0
5225,74.0994,88.7253,156.619,540.185,139.884,611.06,0
5226,211.804,221.677,417.88,566.847,542.384,615.94,1
5227,201.603,206.654,491.607,246.166,355.938,173.645,0
5228,137.499,180.261,186.517,520.569,140.129,611.058,0
5229,174.001,164.112,559.3,526.834,613.201,612.692,0
5230,211.804,96.2731,448.273,487.654,516.458,445.441,1
5231,141.999,194.288,526.66,501.03,615.553,540.139,0
5232,64.4996,86.9544,316.907,741.747,311.829,818.282,0
5233,211.804,250.066,308.048,423.726,96.3186,404.212,1
5234,211.804,251.104,359.696,451.406,324.155,210.864,1
5235,42.1999,34.4287,247.517,219.482,249.573,185.223,0
5236,211.804,166.075,213.85,445.967,89.0928,405.594,1
5237,30.9001,42.1788,179.758,674.611,149.893,693.249,0
5238,20.3,31.7593,175.482,622.517,144.789,615.83,0
5239,16.7,20.9187,603.465,557.839,616.487,542.369,0
5240,1.2,0.631508,654.194,199.043,653.994,198.444,0
5241,179.502,137.07,216.057,226.667,248.374,184.834,0
5242,99.1991,102.942,161.296,388.602,67.6972,405.476,0
5243,90.7992,136.114,512.288,717.626,611.751,753.525,0
5244,189.502,179.23,507.383,541.638,613.177,612.779,0
5245,90.1992,93.1691,230.786,275.013,248.874,185.016,0
5246,149.1,156.723,236.121,328.519,249.708,185.205,0
5247,53.8997,62.3825,299.745,769.083,311.902,818.297,0
5248,171.301,132.34,216.413,230.771,248.211,184.742,0
5249,95.7991,135.931,554.299,178.607,648.061,191.135,0
5250,181.902,264.3,283.505,513.392,139.933,611.161,0
5251,100.599,138.279,315.09,288.517,250.799,184.667,0
5252,140.099,160.595,495.416,115.403,653.564,129.712,0
5253,11.4,13.8294,639.12,208.117,648.283,198.127,0
5254,0,0,139.333,614.781,139.333,614.781,0
5255,99.0991,109.849,245.974,619.11,144.722,616.023,0
5256,84.2993,97.8307,274.069,278.687,249.456,185.198,0
5257,38.9,46.7806,572.918,594.301,613.309,612.476,0
5258,211.804,203.284,270.506,432.446,102.288,405.834,1
5259,22.5,26.6035,83.6886,419.64,67.808,405.421,0
5260,100.599,124.481,354.263,258.711,349.758,174.702,0
5261,56.8997,61.8932,268.022,242.95,249.334,185.233,0
5262,10.7,16.1625,371.205,179.295,356.189,173.402,0
5263,141.599,149.449,291.919,301.543,251.449,184.438,0
5264,111.099,118.042,260.807,633.094,144.754,615.804,0
5265,55.6997,91.5436,337.07,730.24,312.651,817.966,0
5266,192.503,309.817,387.529,569.366,312.779,818.079,0
5267,52.5998,67.7692,599.079,151.864,653.498,130.045,0
5268,33.0001,53.606,310.635,772.072,311.983,818.252,0
5269,105.699,136.818,111.449,495.01,67.8032,405.352,0
5270,19.7,28.5855,411.32,106.053,405.662,78.211,0
5271,148.4,152.536,238.751,326.303,249.799,185.144,0
5272,211.804,168.776,428.072,419.324,551.853,453.203,1
5273,211.804,105.726,497.655,634.746,556.935,617.196,1
5274,211.804,120.205,432.345,492.952,515.431,453.264,1
5275,162.601,221.945,369.643,628.498,312.244,818.218,0
5276,131.299,120.214,173.581,375.942,67.8235,405.396,0
5277,200.803,221.066,386.952,340.715,350.129,174.839,0
5278,26.6001,38.0021,587.446,528.891,615.603,540.182,0
5279,137.499,128.767,192.832,390.743,67.7102,405.526,0
5280,132.699,153.266,351.359,302.812,349.987,174.801,0
5281,38.7,53.347,573.423,789.116,606.201,812.051,0
5282,40.1,55.0766,139.822,559.116,139.913,611.141,0
5283,144.4,130.455,282.1,297.422,249.812,185.149,0
5284,55.9997,86.6838,566.826,492.96,615.856,541.054,0
5285,193.103,226.502,604.6,393.411,615.592,539.749,0
5286,211.804,241.228,285.942,464.519,112.329,404.39,1
5287,196.603,219.011,473.576,439.77,615.634,539.644,0
5288,194.103,212.791,480.02,436.471,615.551,539.675,0
5289,17.4,21.5635,602.8,557.313,616.154,541.879,0
5290,211.804,224.657,340.123,387.74,322.511,199.993,1
5291,205.203,254.948,341.96,564.287,144.789,616.217,0
5292,80.7993,108.539,235.371,607.411,144.791,616.124,0
5293,177.702,247.84,276.863,521.796,140.074,611.054,0
5294,181.502,168.115,303.768,627.452,144.748,616.193,0
5295,194.503,202.873,479.622,316.198,630.322,334.051,0
5296,79.6994,115.078,566.525,175.076,653.57,130.046,0
5297,69.6995,101.667,237.628,744.354,152.434,701.845,0
5298,170.901,245.104,399.727,643.379,312.931,817.962,0
5299,69.8995,83.4341,149.886,400.961,67.7254,404.882,0
5300,19.3,29.5936,322.071,181.279,350.614,175.013,0
5301,61.2996,75.4657,578.331,131.351,653.517,129.793,0
5302,41.1999,61.6553,554.525,749.972,612.102,752.69,0
5303,129.499,202.23,516.591,264.483,647.851,197.819,0
5304,13.7,17.403,613.402,330.622,630.363,334.01,0
5305,140.299,197.232,321.007,343.421,251.395,184.478,0
5306,105.199,124.198,175.092,258.559,248.442,184.812,0
5307,7.5,9.36336,303.645,814.181,311.884,818.316,0
5308,72.5995,81.9219,417.873,206.968,355.626,174.428,0
5309,177.102,252.943,400.017,631.51,313.108,818.072,0
5310,184.502,153.331,481.778,153.022,356.018,173.715,0
5311,61.9996,99.3093,337.541,721.911,312.731,817.966,0
5312,201.203,155.85,471.647,613.3,613.29,613.066,0
5313,162.201,190.274,387.262,301.943,349.892,174.749,0
5314,41.2999,60.0003,313.01,766.525,312.155,818.184,0
5315,50.8998,83.2175,223.76,736.328,152.464,701.776,0
5316,78.7994,118.397,592.908,268.522,647.957,197.605,0
5317,1.7,1.09867,610.875,757.631,611.907,757.256,0
5318,87.9992,101.818,373.856,206.805,355.572,174.355,0
5319,84.9993,112.653,212.872,652.691,144.847,616.177,0
5320,211.804,200.488,477.681,423.397,606.904,336.653,1
5321,190.402,195.419,402.716,303.105,355.586,174.366,0
5322,38,56.2903,118.299,574.166,139.94,611.187,0
5323,211.804,183.972,219.087,431.226,76.4182,405.587,1
5324,169.001,198.815,220.607,474.972,139.935,611.149,0
5325,60.6996,75.5725,264.314,257.157,250.191,185.003,0
5326,115.899,117.991,261.194,633.329,144.83,616.01,0
5327,211.804,132.48,425.16,394.661,527.709,376.647,1
5328,77.8994,95.8857,188.116,565.809,139.928,611.099,0
5329,196.403,158.548,492.813,157.038,355.953,173.628,0
5330,14.9,19.2669,613.613,338.216,630.379,334.051,0
5331,66.5996,88.6358,161.687,536.702,139.853,611.101,0
5332,70.6995,74.8598,422.548,152.283,356.054,173.435,0
5333,211.804,192.142,324.345,613.52,144.992,615.738,1
5334,7,8.83937,255.459,192.12,252.772,183.72,0
5335,41.1999,40.6197,224.079,210.576,248.621,184.868,0
5336,69.8995,76.57,583.613,672.053,613.193,612.787,0
5337,54.9997,75.3611,554.736,731.957,612.038,752.984,0
5338,141.299,106.69,517.799,631.728,613.224,612.662,0
5339,211.804,112.74,427.604,135.58,423.963,121.899,1
5340,211.804,77.3615,129.298,538.964,125.047,537.476,1
5341,136.099,154.896,228.992,572.035,144.724,615.682,0
5342,48.9998,59.663,555.386,618.185,613.251,612.366,0
5343,163.001,245.48,313.712,371.522,251.269,184.492,0
5344,0.9,0.364988,147.676,693.558,147.801,693.901,0
5345,96.9991,110.865,446.415,195.281,355.584,174.313,0
5346,141.499,174.623,535.396,421.298,615.556,539.574,0
5347,211.804,179.893,471.759,382.464,601.838,335.528,1
5348,211.804,218.535,456.796,432.773,602.534,530.197,1
5349,211.804,250.096,304.528,398.952,250.976,192.388,1
5350,183.502,266.287,293.562,525.291,139.936,611.182,0
5351,202.903,209.066,406.801,317.666,355.58,174.346,0
5352,160.701,194.238,524.598,455.476,615.583,539.878,0
5353,211.804,175.815,422.233,656.032,552.287,618.462,1
5354,185.902,286.517,378.726,579.344,313.231,818.203,0
5355,211.804,144.115,403.956,490.107,514.997,447.554,1
5356,86.3993,125.466,572.103,431.834,615.745,540.493,0
5357,116.199,179.085,419.925,711.868,313.515,818.268,0
5358,170.201,242.605,405.047,639.228,312.288,818.144,0
5359,211.804,203.729,401.502,614.495,551.455,614.99,1
5360,170.401,187.485,224.185,492.539,139.558,611.161,0
5361,132.199,176.354,192.108,520.522,140.003,611.051,0
5362,211.804,197.199,266.679,365.65,249.036,194.14,1
5363,20.8,32.1993,593.666,527.689,615.755,540.833,0
5364,5.2,5.91694,147.873,687.635,149.69,693.262,0
5365,211.804,221.682,322.329,510.355,205.792,625.32,1
5366,194.003,207.992,424.525,316.775,355.56,174.308,0
5367,211.804,220.829,363.112,417.058,322.95,205.095,1
5368,211.804,231.033,307.424,377.605,249.031,192.948,1
5369,211.804,183.938,473.411,385.834,606.347,336.067,1
5370,0,0,140.562,618.164,140.562,618.164,0
5371,147,168.97,498.896,366.418,630.292,334.1,0
5372,44.2999,47.4951,590.236,643.158,613.324,613.204,0
5373,211.804,127.354,460.703,389.995,536.315,352.541,1
5374,110.799,153.211,314.602,688.2,312.298,818.062,0
5375,169.701,202.68,367.45,644.405,312.778,818.034,0
5376,185.502,138.168,172.15,437.178,67.8437,405.446,0
5377,147,146.121,467.613,212.13,355.96,173.697,0
5378,12.4,19.4482,598.63,738.52,612.169,752.428,0
5379,168.801,187.32,612.437,402.014,615.649,539.579,0
5380,115.099,131.071,160.669,482.49,139.611,611.156,0
5381,143.6,165.031,489.415,118.032,653.513,129.974,0
5382,36.7,30.8132,590.846,624.207,613.298,613.209,0
5383,71.3995,80.5115,426.977,148.453,356.205,173.429,0
5384,106.499,134.201,298.075,296.548,250.89,184.742,0
5385,14.3,19.1615,596.527,605.268,613.247,612.656,0
5386,211.804,246.853,358.072,520.47,210.336,625.928,1
5387,135.199,148.642,176.66,480.593,139.534,611.21,0
5388,35.1,24.8617,271.338,199.719,252.648,184.026,0
5389,5.2,5.76175,607.661,614.528,613.252,613.229,0
5390,30.5001,36.8571,565.536,835.159,602.486,833.328,0
5391,87.1992,93.0642,228.739,274.352,249.17,185.116,0
5392,36.5,34.5972,236.491,216.516,249.188,185.088,0
5393,152.5,139.818,523.537,572.18,613.159,612.736,0
5394,208.304,182.753,220.871,347.213,248.874,184.985,0
5395,2.1,1.56457,634.376,282.921,635.851,282.4,0
5396,181.902,135.691,169.49,438.415,67.6926,405.576,0
5397,23.2001,29.9432,612.643,272.301,635.988,282.723,0
5398,22.2,32.8837,318.061,786.052,312.838,817.964,0
5399,130.999,173.827,513.361,210.627,647.849,191.628,0
5400,70.5995,84.2705,150.694,395.817,67.7443,404.875,0
5401,85.9993,98.5462,213.886,267.02,248.251,184.673,0
5402,72.8995,75.224,601.132,681.749,612.397,752.05,0
5403,10.8,10.4594,609.88,549.053,616.983,543.309,0
5404,211.804,284.172,323.137,485.3,144.557,572.998,1
5405,211.804,196.977,435.407,591.64,553.068,615.275,1
5406,29.1001,42.1909,120.25,586.734,139.883,611.168,0
5407,139.599,135.559,284.597,303.678,250.32,184.913,0
5408,211.804,192.561,438.104,592.648,550.694,618.269,1
5409,116.799,180.1,408.275,696.732,313.367,818.243,0
5410,110.599,108.537,139.747,513.99,139.643,611.161,0
5411,16.2,25.0697,261.291,207.404,251.778,184.212,0
5412,211.804,233.036,424.373,566.135,547.22,615.055,1
5413,211.804,183.889,403.595,459.699,548.936,453.674,1
5414,119.199,187.05,528.63,268.213,647.915,197.62,0
5415,70.4995,117.526,262.713,731.033,153.75,700.261,0
5416,12,18.7045,259.418,201.293,252.15,184.098,0
5417,90.4992,120.002,216.45,666.291,144.808,616.071,0
5418,87.1992,93.8264,159.02,544.202,139.911,611.087,0
5419,132.499,133.385,307.121,291.47,249.725,185.169,0
5420,17.5,22.567,406.064,100.624,405.661,78.1792,0
5421,28.7001,38.1357,616.218,135.027,653.538,130.047,0
5422,182.802,258.671,329.898,391.293,250.766,184.706,0
5423,96.2991,116.425,191.682,534.64,139.939,611.192,0
5424,78.1994,85.5914,576.502,673.571,613.17,612.832,0
5425,211.804,238.479,377.161,424.606,324.203,208.147,1
5426,85.3993,86.5766,530.46,618.541,613.25,612.771,0
5427,44.1999,67.9019,589.639,486.289,615.907,540.964,0
5428,76.5994,92.2776,568.805,142.424,653.523,130.047,0
5429,100.999,118.877,404.248,240.283,355.558,174.374,0
5430,211.804,186.196,247.934,414.467,84.5644,404.749,1
5431,48.0998,71.4708,589.926,481.879,615.59,539.618,0
5432,59.4997,101.914,249.833,731.197,152.572,701.85,0
5433,102.999,102.256,221.189,281.74,249.415,185.234,0
5434,54.5997,63.8792,263.203,246.037,250.268,184.903,0
5435,91.8992,82.2275,605.728,678.307,612.31,752.373,0
5436,211.804,251.411,358.739,451.84,325.034,208.566,1
5437,33.5001,47.4645,191.483,623.326,144.718,615.815,0
5438,129.799,175.211,513.479,201.575,647.863,191.571,0
5439,44.7999,65.7682,344.126,196.957,350.171,174.79,0
5440,75.2994,88.3362,433.023,186.644,355.542,174.348,0
5441,49.6998,50.4763,234.254,232.035,249.137,185.125,0
5442,25.4001,35.7148,618.164,132.947,653.582,130.019,0
5443,211.804,226.418,461.527,424.418,606.504,540.259,1
5444,39.8,36.2561,235.281,217.593,248.805,184.963,0
5445,106.699,117.703,229.721,755.85,152.747,701.819,0
5446,49.1998,75.917,544.87,777.025,611.09,755.05,0
5447,72.5995,108.159,561.134,199.586,648.475,190.928,0
5448,92.7992,109.95,556.206,153.863,653.528,130.046,0
5449,140.799,135.188,523.235,655.427,613.327,613.183,0
5450,47.3998,70.5601,594.214,194.164,648.399,198.06,0
5451,57.3997,82.5546,274.054,263.044,250.232,184.955,0
5452,32.0001,51.4145,599.488,703.742,612.257,752.394,0
5453,48.9998,66.208,597.485,366.651,630.307,334.133,0
5454,211.804,223.922,302.568,552.502,148.76,616.781,1
5455,72.0995,115.682,357.416,713.903,313.206,818.17,0
5456,211.804,147.136,429.826,390.028,530.319,353.582,1
5457,7.7,10.6652,77.3838,409.747,67.3038,406.271,0
5458,26.6001,36.5652,612.988,354.816,630.269,334.098,0
5459,105.899,155.212,342.572,672.117,312.506,817.994,0
5460,22.5,30.821,386.007,177.65,355.812,174.278,0
5461,211.804,150.885,438.481,635.304,564.18,617.764,1
5462,114.899,133.281,421.843,256.347,356.125,173.617,0
5463,198.403,194.574,463.393,272.719,355.568,174.377,0
5464,139.499,197.373,312.578,340.041,251.298,184.487,0
5465,18.4,26.8022,262.286,208.533,252.117,184.064,0
5466,73.2995,114.13,323.021,713.538,312.259,818.12,0
5467,158.9,198.189,526.813,458.28,615.451,540.094,0
5468,14.9,20.1418,150.314,673.229,149.696,693.228,0
5469,101.299,109.031,163.03,382.045,67.6767,404.926,0
5470,200.103,181.824,233.938,374.973,67.7252,404.874,0
5471,133.099,176.41,215.715,498.168,140.028,611.101,0
5472,99.4991,102.923,209.14,263.941,248.338,184.751,0
5473,210.704,169.42,539.963,539.224,613.196,612.631,0
5474,168.701,141.217,205.821,405.936,67.6938,405.579,0
5475,0,0,648.093,192.497,648.093,192.497,0
5476,136.999,178.245,375.808,669.468,312.119,818.24,0
5477,28.2001,34.8608,567.832,833.244,602.408,833.251,0
5478,75.2994,91.9831,554.787,711.565,611.775,753.312,0
5479,211.804,133.587,498.336,620.138,595.609,613.206,1
5480,41.5999,39.11,280.277,210.677,252.457,184.014,0
5481,211.804,137.152,497.99,624.47,596.639,614.781,1
5482,155,146.256,180.72,351.386,67.6824,405.505,0
5483,50.6998,72.3425,317.805,220.789,349.742,174.679,0
5484,163.601,142.433,561.683,554.941,613.253,613.19,0
5485,72.8995,100.108,98.0277,472.584,67.718,405.457,0
5486,211.804,161.086,484.831,676.712,596.74,614.185,1
5487,211.804,210.483,447.423,569.24,545.537,615.805,1
5488,211.804,69.0145,603.209,284.442,609.94,284.533,1
5489,67.5995,74.3722,598.605,354.217,630.433,334.378,0
5490,211.804,161.725,443.612,678.052,552.429,617.186,1
5491,17.7,24.7271,616.463,276.61,635.932,282.473,0
5492,58.0997,95.1536,336.802,726.725,312.681,818.011,0
5493,134.899,152.163,594.345,388.468,630.355,334.048,0
5494,34.1001,53.1987,595.22,702.879,612.257,752.096,0
5495,139.199,124.264,191.528,402.619,67.6961,405.594,0
5496,170.701,203.646,367.142,350.652,350.216,174.809,0
5497,167.601,188.468,439.967,308.665,355.574,174.366,0
5498,23.6001,36.3413,605.875,574.205,616.224,541.792,0
5499,66.7996,105.365,324.957,719.573,312.811,817.959,0
5500,94.2991,99.382,565.424,684.463,611.957,752.807,0
5501,33.5001,43.0812,574.693,768.898,611.086,755.379,0
5502,19.1,28.3426,140.472,648.862,139.928,620.872,0
5503,133.899,147.086,200.779,372.627,67.7355,405.035,0
5504,169.601,137.515,162.732,444.029,67.7007,405.571,0
5505,13.6,18.8571,372.291,182.296,355.287,174.508,0
5506,112.599,103.366,163.859,410.445,67.8333,405.351,0
5507,139.099,170.426,285.271,673.697,144.794,615.924,0
5508,186.802,199.402,344.802,334.717,349.975,174.75,0
5509,155.9,170.459,473.783,572.398,613.257,612.766,0
5510,211.804,156.311,452.52,639.043,582.45,617.879,1
5511,134.699,133.951,281.506,303.484,249.801,185.135,0
5512,173.101,192.963,322.016,612.242,144.777,616.092,0
5513,50.3998,82.9868,322.369,741.633,312.76,818.007,0
5514,41.4999,62.5464,595.254,229.318,648.212,198.063,0
5515,19.6,28.9834,284.458,810.451,311.971,818.247,0
5516,122.899,139.205,524.166,376.968,630.315,333.927,0
5517,144.4,159.818,516.32,391.387,630.391,334.054,0
5518,114.499,129.244,306.889,278.81,250.382,184.9,0
5519,211.804,223.256,288.397,395.671,249.488,200.881,1
5520,99.999,114.391,519.075,588.824,613.214,612.75,0
5521,166.401,174.28,496.81,365.157,630.261,334.071,0
5522,58.6997,72.1113,283.777,771.749,310.764,818.714,0
5523,127.299,174.993,541.589,237.05,647.493,192.187,0
5524,83.2993,88.259,573.712,673.585,613.264,612.787,0
5525,198.103,291.089,296.055,495.811,139.925,611.052,0
5526,10.9,14.8173,147.61,678.568,149.605,693.215,0
5527,211.804,209.778,317.361,545.802,187.044,621.919,1
5528,76.4994,90.6725,526.013,609.8,613.291,612.778,0
5529,211.804,269.781,378.515,454.916,326.121,214.126,1
5530,63.7996,75.8846,190.407,209.891,248.74,184.856,0
5531,188.702,180.024,293.383,337.43,249.873,185.114,0
5532,211.804,200.2,239.276,449.515,94.9002,405.714,1
5533,70.9995,88.7049,246.773,778.769,310.593,818.771,0
5534,211.804,188.7,88.3091,454.288,89.899,459.695,1
5535,200.203,205.106,443.574,324.504,355.558,174.354,0
5536,211.804,131.147,419.521,490.739,515.057,448.746,1
5537,127.599,130.915,299.842,292.706,249.798,185.125,0
5538,134.099,131.613,212.249,309.129,249.187,185.124,0
5539,52.0998,62.0019,591.707,127.333,653.454,129.965,0
5540,211.804,266.787,310.795,460.061,103.596,404.219,1
5541,110.499,119.514,544.458,674.906,613.154,612.745,0
5542,168.201,203.054,532.839,427.396,630.391,334.066,0
5543,211.804,215.982,275.945,423.539,93.5543,404.294,1
5544,195.303,177.333,281.538,584.218,144.715,615.734,0
5545,10.5,10.5204,260.836,189.975,253.063,183.65,0
5546,106.099,118.022,404.142,238.649,356.171,173.203,0
5547,211.804,207.077,428.524,429.686,592.352,487.366,1
5548,211.804,196.442,459.092,384.117,603.662,337.104,1
5549,23.8001,29.8397,408.479,107.444,405.873,78.1539,0
5550,211.804,160.003,507.739,687.163,609.39,612.975,1
5551,90.4992,131.538,552.419,453.175,615.741,540.451,0
5552,161.801,154.469,191.578,315.601,248.227,184.688,0
5553,205.303,240.999,478.57,344.408,630.275,334.115,0
5554,179.202,178.767,315.41,620.464,144.719,616.297,0
5555,22,33.2578,605.244,571.054,615.978,541.449,0
5556,138.399,179.324,334.136,649.755,312.586,818.029,0
5557,162.301,196.38,215.233,467.754,139.538,611.168,0
5558,56.9997,68.9983,413.425,194.777,355.965,173.706,0
5559,2.2,1.68798,646.473,198.583,647.936,197.743,0
5560,112.599,155.456,212.676,519.272,140.193,611.185,0
5561,47.3998,41.8527,575.042,621.943,613.284,612.415,0
5562,68.1995,78.0326,429.227,178.654,355.62,174.408,0
5563,24.1001,37.7124,615.586,188.086,647.804,191.412,0
5564,11.4,17.5688,170.07,706.714,153.561,700.705,0
5565,169.401,200.748,380.525,321.085,349.519,174.604,0
5566,209.904,222.983,460.238,332.5,355.602,174.377,0
5567,211.804,164.352,463.395,641.442,597.855,611.638,1
5568,117.899,128.647,509.987,339.013,630.361,334.249,0
5569,211.804,194.017,391.468,339.774,325.139,186.363,1
5570,79.3994,125.936,561.507,215.844,647.979,197.952,0
5571,18.1,25.9826,328.933,188.149,350.106,174.768,0
5572,211.804,168.759,467.06,363.45,569.671,340.232,1
5573,184.702,166.013,532.442,536.127,613.259,612.591,0
5574,129.599,95.9989,522.63,624.726,613.3,613.101,0
5575,31.5001,41.8058,612.247,132.708,653.53,129.972,0
5576,91.2992,106.28,405.039,229.498,356.064,173.457,0
5577,98.4991,112.659,525.81,336.887,630.276,334.094,0
5578,196.703,173.149,269.891,340.624,250.505,184.821,0
5579,70.5995,84.4632,569.482,127.928,653.58,129.957,0
5580,80.3993,88.4136,556.25,710.576,612.015,752.949,0
5581,58.7997,83.4498,149.717,529.086,139.884,611.105,0
5582,211.804,177.938,474.6,424.008,582.769,337.549,1
5583,94.2991,109.364,232.001,606.84,144.746,615.572,0
5584,211.804,190.831,401.097,345.322,323.582,202.745,1
5585,211.804,114.613,503.097,626.528,569.035,617.243,1
5586,89.6992,79.1498,600.646,679.363,612.437,751.955,0
5587,37.5,56.0616,608.013,367.469,630.387,334.099,0
5588,202.503,228.908,481.709,345.128,630.401,334.094,0
5589,211.804,126.243,425.319,490.864,516.87,447.639,1
5590,11.9,17.4153,601.398,535.166,615.802,540.551,0
5591,211.804,187.97,512.626,510.019,588.866,615.278,1
5592,79.8994,101.081,276.47,281.24,250.265,184.937,0
5593,211.804,198.213,265.208,368.4,249.893,198.651,1
5594,62.0996,83.8193,532.51,610.138,613.22,612.798,0
5595,211.804,149.222,454.503,476.096,570.109,450.04,1
5596,160.901,185.002,200.199,464.567,139.665,611.115,0
5597,27.4001,31.7438,87.7533,423.736,67.7305,405.553,0
5598,211.804,212.991,575.738,544.482,578.998,545.307,1
5599,163.101,151.856,191.505,315.147,248.548,184.79,0
5600,211.804,215.4,246.642,462.736,99.2227,404.724,1
5601,165.201,138.787,552.451,554.676,613.269,612.674,0
5602,105.299,133.742,303.546,294.406,250.949,184.566,0
5603,60.2997,100.58,236.249,684.459,149.454,693.3,0
5604,184.902,155.499,504.983,678.773,613.31,613.159,0
5605,48.1998,40.0652,254.453,225.076,249.92,185.126,0
5606,211.804,228.641,454.834,422.378,604.782,535.884,1
5607,65.4996,84.1197,555.162,333.105,630.319,333.856,0
5608,211.804,204.348,239.412,444.535,92.6059,406.135,1
5609,117.299,162.071,342.091,664.474,312.552,817.963,0
5610,82.0993,92.9652,267.442,274.622,249.854,185.062,0
5611,211.804,234.417,451.901,415.662,604.319,535.538,1
5612,146.4,145.213,315.615,297.09,249.961,185.023,0
5613,3.3,3.34203,633.882,286.045,637.091,285.113,0
5614,149.9,164.349,504.307,375.912,630.289,334.2,0
5615,211.804,264.284,312.492,472.692,117.774,404.767,1
5616,45.2999,72.0763,206.818,695.647,152.695,701.848,0
5617,211.804,231.165,325.343,499.837,210.489,625.352,1
5618,198.403,218.885,478.36,431.885,615.753,539.539,0
5619,36.6,59.0677,325.724,214.338,349.921,174.694,0
5620,211.804,144.001,462.18,664.971,562.856,617.591,1
5621,67.5995,80.7542,115.859,444.7,67.7148,404.93,0
5622,52.4998,75.8073,541.13,761.549,611.203,755.301,0
5623,30.0001,49.2154,618.73,253.074,636.066,282.721,0
5624,103.099,160.453,402.017,709.519,313.483,818.304,0
5625,71.0995,92.2729,345.157,228.165,350.061,174.731,0
5626,61.8996,86.5101,149.651,526.103,139.94,611.074,0
5627,130.599,156.516,392.334,262.788,355.549,174.322,0
5628,34.7,56.8871,191.738,677.009,149.306,693.316,0
5629,136.899,154.141,495.273,326.567,630.307,334.07,0
5630,90.8992,95.6786,233.694,275.621,249.174,185.144,0
5631,83.2993,138.163,263.459,674.176,149.452,693.193,0
5632,183.202,267.12,382.755,598.312,313.145,818.198,0
5633,21.4,31.5474,169.46,673.806,149.663,693.269,0
5634,62.7996,98.3127,221.135,750.382,152.666,701.765,0
5635,45.0999,48.2511,593.631,644.587,613.331,613.192,0
5636,97.2991,112.262,160.562,502.534,139.875,611.127,0
5637,211.804,185.475,215.206,453.714,82.1045,405.534,1
5638,152.1,127.224,154.218,426.865,67.7011,405.491,0
5639,107.599,134.014,450.788,223.425,356.337,173.235,0
5640,49.9998,66.8188,565.543,342.369,630.258,334.108,0
5641,2.5,1.80407,149.653,704.812,149.65,703.009,0
5642,211.804,264.375,358.288,473.524,215.471,625.988,1
5643,71.4995,99.2315,241.93,631.633,144.712,616.253,0
5644,211.804,168.883,405.263,455.343,551.667,454.091,1
5645,113.099,131.91,535.229,149.878,653.577,130.049,0
5646,67.6995,70.6287,597.98,358.523,630.405,333.804,0
5647,105.999,173.077,547.681,246.084,647.99,197.803,0
5648,94.9991,102.137,211.595,259.515,248.374,184.844,0
5649,211.804,151.978,424.994,438.34,558.059,452.347,1
5650,103.199,103.762,156.52,509.673,139.637,611.183,0
5651,41.1999,57.1464,579.646,330.706,630.331,334.079,0
5652,99.3991,127.613,351.761,273.111,349.541,174.605,0
5653,50.4998,44.4938,246.952,229.875,249.803,185.092,0
5654,142.499,179.742,231.673,533.251,140.093,611.151,0
5655,211.804,222.039,508.897,478.378,603.034,536.914,1
5656,77.7994,115.68,555.836,198.764,647.966,191.344,0
5657,92.0992,115.236,183.526,252.587,249.171,185.105,0
5658,211.804,197.67,443.506,441.626,595.986,497.921,1
5659,162.201,158.728,445.534,264.97,355.573,174.312,0
5660,211.804,157.085,463.429,687.404,553.917,618.105,1
5661,182.702,255.827,396.825,632.887,312.649,818,0
5662,211.804,252.71,263.442,477.966,107.191,406.026,1
5663,143.2,159.195,289.484,619.107,144.789,616.12,0
5664,184.402,202.604,497.083,451.384,615.633,539.596,0
5665,141.999,137.362,169.344,354.44,67.8162,404.987,0
5666,37.4,55.4076,160.66,574.887,144.495,616.648,0
5667,171.001,198.753,221.025,474.353,139.948,611.146,0
5668,48.8998,81.2436,221.688,734.43,152.473,701.87,0
5669,143.1,164.385,491.643,115.8,653.512,130.03,0
5670,83.8993,102.173,213.486,573.424,144.661,615.734,0
5671,139.199,127.925,498.454,590.078,613.19,612.758,0
5672,39.8,68.0524,217.3,723.677,153.576,700.27,0
5673,116.599,116.904,520.308,586.391,613.167,612.836,0
5674,28.8001,39.3455,586.977,788.272,606.741,810.903,0
5675,46.0999,43.8836,111.849,405.665,67.7428,404.757,0
5676,161.801,115.895,234.869,296.191,249.44,185.179,0
5677,211.804,235.994,363.652,539.351,203.707,625.916,1
5678,21.3,26.7169,612.87,275.294,635.959,282.561,0
5679,146.5,196.956,362.735,644.549,312.29,818.113,0
5680,201.503,181.019,521.136,532.724,613.242,612.674,0
5681,11.3,16.0625,119.9,611.2,135.664,614.334,0
5682,141.699,225.142,501.144,251.196,648.03,197.864,0
5683,211.804,110.841,437.231,475.996,514.733,444.851,1
5684,61.4996,70.958,137.02,396.989,67.8289,405.045,0
5685,140.299,154.526,206.111,366.507,67.8497,404.984,0
5686,211.804,301.912,310.771,485.098,139.922,602.23,1
5687,50.0998,62.1511,409.767,155,355.94,173.693,0
5688,80.2993,93.6369,552.202,711.387,611.801,753.53,0
5689,31.6001,38.8987,615.786,190.37,647.685,191.776,0
5690,95.5991,109.9,527.915,336.729,630.351,334.428,0
5691,211.804,212.732,454.024,435.584,601.81,523.345,1
5692,17.8,23.6676,254.114,208.146,249.601,185.232,0
5693,48.7998,49.1075,115.352,400.161,67.7023,404.836,0
5694,156.2,173.774,202.472,477.794,139.582,611.24,0
5695,37.8,52.229,609.763,257.291,635.991,282.726,0
5696,53.5998,73.7419,187.724,580.72,144.69,615.915,0
5697,211.804,266.058,379.158,454.154,325.225,212.709,1
5698,33.9001,37.2806,600.818,584.461,613.278,612.483,0
5699,40.8999,70.4013,219.827,724.015,153.679,700.225,0
5700,99.999,110.476,253.76,631.917,144.75,615.894,0
5701,131.699,162.019,505.574,147.552,653.578,129.832,0
5702,172.201,218.622,351.421,618.14,313.044,818.114,0
5703,211.804,57.1427,483.307,363.295,482.942,366.347,1
5704,211.804,251.315,342.539,430.597,324.365,206.554,1
5705,211.804,195.32,266.483,360.769,248.955,191.695,1
5706,197.203,316.9,396.989,563.762,312.804,818.018,0
5707,2.5,1.70599,317.04,818.226,316.042,819.386,0
5708,144.7,168.611,427.052,293.57,355.621,174.299,0
5709,211.804,159.777,461.705,685.349,557.856,618.538,1
5710,105.199,113.896,376.254,218.12,355.632,174.391,0
5711,152.8,192.624,327.422,341.896,251.082,184.607,0
5712,97.1991,118.439,193.621,260.157,248.903,184.974,0
5713,94.2991,109.504,558.561,154.854,653.497,130.044,0
5714,41.5999,67.9186,551.788,812.686,602.401,833.246,0
5715,10.5,14.8969,615.431,333.879,630.291,334.11,0
5716,98.4991,126.201,534.168,133.243,653.595,129.963,0
5717,211.804,205.594,467.13,491.603,551.748,616.722,1
5718,211.804,149.558,402.194,496.194,505.709,452.351,1
5719,50.8998,68.9458,148.986,543.467,139.941,611.148,0
5720,188.302,155.339,159.387,458.085,67.7291,405.548,0
5721,146.3,192.357,517.247,189.267,648.536,190.764,0
5722,138.999,146.806,562.43,181.681,653.462,130.186,0
5723,22.1,29.0838,613.643,294.125,636.028,282.6,0
5724,177.802,188.609,440.043,307.755,355.645,174.351,0
5725,160.201,208.179,376.781,644.172,312.105,818.194,0
5726,8.8,12.1876,410.264,89.5173,405.926,78.1383,0
5727,211.804,218.942,451.966,562.583,547.269,616.488,1
5728,177.702,203.724,479.074,398.421,630.259,334.143,0
5729,211.804,223.25,390.178,353.871,340.651,179.26,1
5730,211.804,114.73,463.285,471.944,547.799,449.33,1
5731,156.3,175.391,232.792,551.661,144.712,615.729,0
5732,211.804,239.388,330.067,483.189,216.952,625.852,1
5733,43.9999,60.748,551.537,758.659,611.214,754.791,0
5734,137.399,188.499,409.595,687.794,313.135,818.073,0
5735,12.3,17.7559,593.587,755.345,611.106,755.137,0
5736,52.3998,68.8875,281.673,229.856,250.328,184.94,0
5737,188.802,131.804,217.777,311,248.826,185.016,0
5738,77.9994,94.7646,303.029,736.77,311.811,818.272,0
5739,50.9998,71.9268,589.04,236.304,648.419,198.101,0
5740,154.9,210.995,352.367,626.185,313.021,818.066,0
5741,120.599,149.661,398.478,261.037,355.565,174.317,0
5742,35.4,38.676,259.01,221.642,249.956,185.009,0
5743,190.002,158.196,486.253,153.347,355.976,173.609,0
5744,99.0991,132.869,568.208,425.287,615.613,540.224,0
5745,162.601,156.037,233.328,327.896,249.875,185.131,0
5746,211.804,235.735,295.042,421.499,97.237,404.239,1
5747,119.699,132.336,165.513,358.416,67.8235,405.25,0
5748,103.399,116.989,268.87,295.48,250.466,184.772,0
5749,209.504,175.368,205.807,436.839,67.6531,405.537,0
5750,81.5993,87.5412,578.662,370.299,630.367,334.451,0
5751,154.3,138.044,544.499,553.373,613.367,612.519,0
5752,131.899,174.206,533.564,483.104,615.503,540.046,0
5753,206.303,243.394,311.147,383.376,250.965,184.578,0
5754,211.804,255.715,317.011,443.731,118.364,404.662,1
5755,211.804,96.0787,476.167,482.512,516.949,445.16,1
5756,211.804,258.274,311.293,450.787,117.275,404.145,1
5757,211.804,220.096,469.648,444.222,607.673,541.333,1
5758,149.8,155.103,238.483,330.047,250.325,184.927,0
5759,211.804,212.062,448.079,570.389,547.131,617.937,1
5760,177.502,169.494,171.661,324.286,67.6532,404.853,0
5761,22.8001,29.4857,281.082,186.252,253.174,183.2,0
5762,37.9,38.2285,239.945,221.571,249.497,185.21,0
5763,1.1,0.461742,649.311,189.907,649.426,190.354,0
5764,154.6,201.268,528.174,457.407,615.586,540.049,0
5765,164.501,155.569,189.47,317.817,248.31,184.805,0
5766,4.5,3.40572,645.135,189.606,647.995,191.19,0
5767,4.4,4.85185,611.552,543.183,616.236,541.918,0
5768,33.3001,33.9751,286.064,187.814,253.402,182.723,0
5769,158.3,152.962,557.021,535.24,613.272,612.636,0
5770,211.804,168.48,482.891,686.336,595.047,615.027,1
5771,211.804,254.848,361.029,452.862,325.644,208.01,1
5772,43.8999,59.9148,409.468,157.326,355.723,174.252,0
5773,176.902,161.241,278.862,333.37,250.689,184.761,0
5774,87.8992,76.9941,602.744,681.974,612.14,752.712,0
5775,211.804,179.725,475.6,539.991,591.697,615.906,1
5776,48.0998,60.0269,411.167,157.549,355.875,173.957,0
5777,182.002,205.106,443.414,324.314,355.601,174.37,0
5778,211.804,265.319,316.924,472.193,116.665,404.091,1
5779,211.804,250.636,306.325,424.811,95.6829,404.304,1
5780,152.6,151.986,335.756,290.854,349.98,174.813,0
5781,149.2,119.174,234.621,296.92,248.808,184.981,0
5782,0,0,349.948,168.342,349.948,168.342,0
5783,91.9992,138.884,580.169,424.437,615.559,540.215,0
5784,56.8997,63.3623,311.765,761.913,311.453,818.354,0
5785,49.2998,80.0416,323.33,744.956,312.799,817.962,0
5786,170.001,237.985,347.073,375.205,250.799,184.739,0
5787,151.5,187.885,200.122,462.311,140.08,611.101,0
5788,194.403,211.905,346.837,347.449,350.101,174.723,0
5789,35.1,46.5007,143.535,565.392,139.931,611.108,0
5790,20.8,27.8945,241.094,211.468,249.37,185.165,0
5791,71.4995,83.9818,273.502,264.484,249.362,185.171,0
5792,81.6993,112.198,236.136,753.021,153.512,700.823,0
5793,196.403,205.961,480.39,281.662,630.342,334.076,0
5794,3.7,3.85138,650.987,203.149,651.619,199.371,0
5795,157.3,127.422,533.769,658.884,613.243,613.035,0
5796,204.303,165.733,501.351,160.716,355.982,173.669,0
5797,211.804,183.361,475.031,540.305,596.303,611.906,1
5798,15.9,19.3602,85.8438,410.907,67.7988,405.407,0
5799,46.9999,38.7322,280.04,211.356,253.149,183.552,0
5800,113.299,118.893,159.595,495.047,139.584,611.175,0
5801,121.199,135.663,570.303,397.619,630.366,333.855,0
5802,190.202,217.112,480.182,433.185,615.55,539.991,0
5803,211.804,103.996,445.937,484.713,514.741,445.415,1
5804,9.3,13.7071,319.977,806.223,315.289,819.103,0
5805,46.1999,65.6004,593.986,232.849,648.436,198.069,0
5806,211.804,185.698,252.595,350.841,248.491,186.6,1
5807,211.804,219.603,292.89,374.476,251.215,188.278,1
5808,102.099,125.169,541.211,152.801,653.537,130.049,0
5809,7.4,8.8061,150.759,684.863,149.356,693.404,0
5810,110.999,127.615,539.076,154.081,653.587,130.027,0
5811,24.6001,23.5966,91.7725,404.898,67.7928,405.336,0
5812,44.7999,50.3138,116.17,397.215,67.6575,404.855,0
5813,104.599,113.749,259.791,752.56,311.321,818.511,0
5814,84.8993,107.151,117.819,469.98,67.788,405.14,0
5815,35.6,33.4173,95.2319,414.294,67.7463,404.837,0
5816,211.804,224.434,349.449,361.632,346.934,178.304,1
5817,188.002,182.055,274.525,583.436,144.649,615.606,0
5818,71.2995,86.2249,550.749,720.891,611.929,753.144,0
5819,24.2001,24.8457,595.219,599.397,613.249,612.658,0
5820,211.804,171.239,417.933,379.706,526.729,359.154,1
5821,160.601,161.198,232.684,330.862,249.498,185.238,0
5822,57.0997,76.7711,583.497,315.122,630.308,334.025,0
5823,211.804,270.57,310.071,465.694,105.114,404.25,1
5824,25.2001,31.9202,282.687,193.772,253.178,183.176,0
5825,89.9992,113.782,287.592,731.34,311.763,818.33,0
5826,15.5,21.3769,243.599,205.464,249.09,185.075,0
5827,6.9,8.57773,645.989,134.407,653.904,131.087,0
5828,78.6994,83.9893,570.364,665.376,613.166,612.795,0
5829,139.599,133.648,207.794,306.578,248.256,184.667,0
5830,137.899,160.182,533.717,448.918,615.69,539.595,0
5831,128.999,153.928,353.429,302.88,350.017,174.842,0
5832,202.003,156.383,488.409,627.404,613.176,612.832,0
5833,76.9994,90.0335,224.862,270.144,248.677,184.911,0
5834,1.1,0.502725,612.656,613.013,613.19,612.909,0
5835,119.099,119.726,154.598,494.682,140.045,611.135,0
5836,41.0999,35.1968,279.583,205.676,253.216,183.384,0
5837,77.1994,80.9408,385.094,195.358,355.547,174.354,0
5838,43.6999,74.6592,333.079,746.581,312.807,817.969,0
5839,54.0997,64.4027,589.445,131.435,653.585,129.918,0
5840,116.699,189.595,532.448,247.254,648.023,197.85,0
5841,211.804,266.033,370.554,477.605,223.895,626.458,1
5842,211.804,161.757,462.688,685.993,554.505,618.656,1
5843,183.802,213.146,349.35,348.084,349.589,174.525,0
5844,53.4998,77.9107,355.813,195.016,350.361,174.937,0
5845,63.9996,106.344,227.399,695.182,149.529,693.318,0
5846,211.804,209.085,447.179,346.356,397.272,174.169,1
5847,153.8,140.347,521.523,664.876,613.242,612.855,0
5848,98.5991,117.039,537.837,703.483,611.957,752.793,0
5849,193.403,156.002,485.689,204.233,356.027,173.643,0
5850,22.8001,32.6342,621.124,215.076,648.392,198.199,0
5851,30.5001,37.517,162.926,664.184,149.484,693.222,0
5852,28.5001,43.8839,262.431,226.682,250.088,184.98,0
5853,135.299,111.531,223.019,292.518,249.329,185.187,0
5854,23.6001,28.3987,615.363,271.937,635.79,282.282,0
5855,76.2994,104.365,95.6973,474.83,67.7911,405.392,0
5856,58.5997,98.181,234.244,682.715,149.49,693.283,0
5857,61.2996,74.6485,196.568,638.66,144.834,615.953,0
5858,211.804,217.122,313.59,516.708,204.665,625.412,1
5859,81.1993,134.027,257.357,674.403,149.43,693.348,0
5860,155.3,234.128,323.946,373.707,251.445,184.348,0
5861,211.804,74.8133,447.327,522.944,425.236,542.854,1
5862,77.1994,101.238,353.693,226.883,350.241,174.898,0
5863,127.899,175.526,192.943,521.483,140.24,611.211,0
5864,211.804,185.446,463.05,464.169,593.848,493.942,1
5865,166.801,230.317,408.005,650.257,313.097,818.139,0
5866,211.804,178.016,472.961,390.626,603.273,335.732,1
5867,199.003,154.085,506.004,180.581,355.94,173.665,0
5868,105.199,100.848,227.145,281.814,249.124,185.098,0
5869,143.6,181.897,521.294,423.782,630.35,334.061,0
5870,51.8998,64.5191,162.853,563.133,140.093,611.092,0
5871,44.1999,61.1092,191.72,682.039,149.591,693.173,0
5872,211.804,136.85,403.5,466.154,517.198,447.138,1
5873,211.804,240.868,311.5,389.122,251.003,188.885,1
5874,99.6991,104.502,167.696,389.189,67.7543,404.996,0
5875,211.804,196.163,412.781,317.518,377.123,174.678,1
5876,132.099,170.028,513.822,207.5,647.773,191.534,0
5877,74.3994,114.387,589.643,269.695,647.963,197.638,0
5878,211.804,153.749,462.647,664.243,572.526,617.653,1
5879,197.803,228.483,369.038,376.334,349.766,174.744,0
5880,44.0999,38.7795,276.434,211.441,252.503,184.023,0
5881,173.001,116.435,196.32,261.67,248.4,184.746,0
5882,75.2994,77.9281,584.639,672.775,613.285,612.778,0
5883,93.8991,108.629,421.48,234.246,356.075,173.533,0
5884,178.302,173.519,228.861,382.078,67.6508,404.842,0
5885,61.7996,103.433,237.968,707.28,153.658,700.459,0
5886,211.804,183.899,422.218,391.858,557.734,344.584,1
5887,4.9,5.52839,597.025,833.984,602.441,833.082,0
5888,79.1994,124.062,351.404,702.232,313.266,818.173,0
5889,0,0,63.8169,404.727,63.8169,404.727,0
5890,18.7,26.9467,605.637,564.544,616.064,541.581,0
5891,53.5998,55.4307,603.122,644.684,613.195,612.692,0
5892,47.7998,73.6857,549.65,806.772,602.518,833.255,0
5893,128.799,149.506,547.602,437.882,615.564,539.648,0
5894,69.4995,84.3722,574.345,362.902,630.403,334.533,0
5895,199.303,186.329,475.298,558.085,613.359,613.081,0
5896,78.0994,97.1703,274.345,277.56,250.118,185.006,0
5897,68.2995,78.038,286.32,766.973,311.774,818.251,0
5898,190.802,206.761,471.667,397.766,630.362,334.13,0
5899,184.902,238.161,498.55,492.695,615.496,540.128,0
5900,197.303,214.722,423.005,320.942,355.603,174.393,0
5901,211.804,213.487,489.628,461.108,610.465,540.819,1
5902,97.5991,109.753,241.359,641.377,144.712,615.576,0
5903,60.3997,73.0712,600.041,356.467,630.345,333.968,0
5904,37.4,57.3941,308.535,769.255,312.236,818.23,0
5905,116.899,128.913,415.695,248.826,356.038,173.642,0
5906,79.1994,100.017,177.829,540.254,139.856,611.178,0
5907,120.899,188.474,295.333,719.711,149.457,693.175,0
5908,211.804,218.152,472.166,454.204,605.605,537.328,1
5909,185.602,227.579,326.723,579.124,144.794,615.96,0
5910,98.8991,137.415,545.199,456.538,615.703,539.677,0
5911,148.8,152.539,336.721,287.492,350.156,174.75,0
5912,79.0994,101.707,278.102,281.753,250.282,184.86,0
5913,110.999,132.402,521.938,707.387,612.139,752.671,0
5914,68.1995,82.0601,147.797,396.398,67.8461,404.964,0
5915,65.0996,81.2496,117.191,444.378,67.7653,404.965,0
5916,13.6,18.4784,413.098,95.0984,406.193,78.0055,0
5917,46.0999,65.9123,269.012,785.736,311.395,818.511,0
5918,168.401,154.804,516.086,556.165,613.184,612.693,0
5919,32.9001,48.5166,594.382,348.128,630.42,334.079,0
5920,97.6991,151.146,391.947,708.637,313.435,818.203,0
5921,111.699,161.063,288.036,687.859,149.657,693.207,0
5922,163.301,190.277,327.023,339.902,250.76,184.731,0
5923,60.0997,73.2246,191.975,212.904,248.348,184.81,0
5924,59.6997,63.6061,202.775,215.839,248.835,185.04,0
5925,210.504,235.245,389,355.385,349.628,174.549,0
5926,41.3999,43.4231,235.736,225.578,249.092,185.139,0
5927,46.3999,65.6786,343.339,197.805,350.165,174.78,0
5928,26.9001,31.41,129.584,587.632,139.88,611.051,0
5929,82.7993,94.2742,544.149,590.742,613.256,612.853,0
5930,148.4,213.094,429.64,683.177,313.289,818.161,0
5931,82.6993,83.2032,588.341,356.116,630.263,334.319,0
5932,72.8995,107.846,575.181,449.748,615.606,539.683,0
5933,166.501,165.018,228.366,334.724,250.331,184.929,0
5934,0,0,652.359,192.866,652.359,192.866,0
5935,106.299,120.317,611.898,731.053,612.377,752.031,0
5936,36.4,53.2181,414.436,129.956,405.851,78.1333,0
5937,205.103,218.885,489.697,458.65,615.687,539.62,0
5938,211.804,198.602,465.593,502.983,557.238,615.801,1
5939,211.804,167.436,421.052,389.062,539.626,352.047,1
5940,1.3,0.657551,245.859,176.155,246.351,176.672,0
5941,211.804,222.044,293.475,373.896,251.055,186.394,1
5942,211.804,230.762,340.894,521.024,209.656,625.635,1
5943,20.1,20.4787,263.467,200.806,252.387,184.007,0
5944,103.699,100.492,517.382,605.546,613.262,612.996,0
5945,78.0994,102.987,355.774,226.266,349.94,174.791,0
5946,194.303,172.363,238.988,343.241,249.598,185.229,0
5947,95.4991,111.341,306.773,245.254,349.929,174.734,0
5948,142.7,174.292,392.082,279.293,355.682,174.319,0
5949,102.099,101.808,516.217,606.484,613.151,612.736,0
5950,92.6992,106.867,349.71,244.295,350.262,174.927,0
5951,28.1001,42.4517,606.531,305.833,630.301,334.303,0
5952,23.2001,30.9944,588.462,795.71,606.453,811.82,0
5953,6,7.66038,305.654,814.161,311.694,818.488,0
5954,192.903,175.754,199.708,362.671,67.6395,404.881,0
5955,211.804,234.394,307.805,439.126,103.458,404.803,1
5956,114.199,152.617,546.375,435.904,615.664,539.579,0
5957,211.804,154.055,470.971,615.555,606.435,613.059,1
5958,75.2994,102.506,244.891,632.956,144.707,616.15,0
5959,55.1997,61.2101,610.386,156.805,648.044,190.986,0
5960,62.8996,98.1604,523.185,777.565,611.227,754.932,0
5961,4.9,5.77971,601.66,807.903,607.15,809.708,0
5962,211.804,228.981,381.222,407.565,323.518,200.822,1
5963,100.099,117.483,377.604,223.242,355.604,174.389,0
5964,211.804,231.178,316.922,555.412,157.19,617.259,1
5965,211.804,184.487,413.919,616.689,550.584,617.681,1
5966,22.6,27.4084,615.48,273.723,635.879,282.203,0
5967,211.804,248.508,345.93,534.1,184.358,621.539,1
5968,211.804,139.067,400.727,463.64,514.652,445.976,1
5969,161.801,196.006,530.138,426.128,630.384,334.078,0
5970,60.5996,100.987,244.444,724.928,152.623,701.82,0
5971,43.9999,64.3114,280.447,779.276,311.455,818.502,0
5972,23.0001,34.9232,179.172,621.177,144.731,616.026,0
5973,86.0993,93.6176,303.706,737.343,311.249,818.622,0
5974,63.9996,82.6234,177.244,557.206,139.923,611.109,0
5975,107.999,141.59,567.928,414.606,615.641,539.617,0
5976,36.3,46.7406,606.839,130.462,653.514,130.166,0
5977,13.6,16.091,599.298,606.973,613.219,612.828,0
5978,30.5001,40.1281,406.597,118.234,405.89,78.1059,0
5979,171.901,207.504,250.912,502.44,139.95,611.149,0
5980,211.804,154.893,389.608,493.027,509.896,453.296,1
5981,40,40.0544,291.524,192.268,253.24,183.438,0
5982,65.8996,99.6136,520.572,773.953,611.095,755.118,0
5983,22.3,31.3742,622.258,129.933,653.568,130.039,0
5984,146.3,155.585,186.079,345.028,67.6665,404.803,0
5985,104.199,113.493,236.524,747.458,152.705,701.81,0
5986,45.6999,46.5175,575.506,627.171,613.277,612.379,0
5987,174.801,146.816,490.845,618.582,613.372,613.139,0
5988,200.603,158.6,555.435,541.225,613.253,612.633,0
5989,67.1995,78.6631,585.77,673.481,613.24,612.901,0
5990,107.899,152.998,394.121,710.196,312.5,817.954,0
5991,39.5,49.4875,578.436,780.449,611.169,755.352,0
5992,91.1992,147.7,556.854,269.364,647.852,197.806,0
5993,211.804,180.564,491.033,229.662,358.246,174.314,1
5994,201.403,174.794,175.64,304.639,248.237,184.714,0
5995,211.804,167.913,433.145,665.393,552.823,617.957,1
5996,211.804,215.161,276.77,390.151,248.601,196.885,1
5997,79.3994,111.462,565.571,466.811,615.875,540.962,0
5998,130.399,133.793,188.383,373.801,67.663,405.485,0
5999,39.6,60.8174,600.361,201.89,648.377,198.131,0
6000,211.804,199.412,281.036,373.697,249.002,192.342,1
6001,206.903,175.471,241.803,347.701,249.5,185.246,0
6002,8.4,10.8905,603.594,746.21,612.206,752.454,0
6003,105.699,134.086,521.622,118.089,653.471,129.954,0
6004,211.804,217.096,435.218,346.765,384.605,175.051,1
6005,211.804,140.744,427.039,508.336,514.075,450.296,1
6006,173.401,185.793,344.257,319.18,349.593,174.597,0
6007,211.804,195.358,267.987,361.919,250.306,194.514,1
6008,101.699,136.521,306.243,296.233,250.805,184.644,0
6009,83.7993,98.0929,540.03,334.558,630.45,333.817,0
6010,67.7995,79.9438,265.949,263.151,249.838,185.134,0
6011,38.9,57.6684,409.662,135.109,405.863,78.128,0
6012,135.499,149.584,201.887,368.702,67.6602,404.941,0
6013,165.501,195.047,325.54,624.392,144.806,616.23,0
6014,73.5994,89.8563,564.442,126.641,653.475,129.988,0
6015,38.6,66.2465,214.883,725.239,153.642,700.222,0
6016,175.802,217.143,334.449,601.33,144.791,616.134,0
6017,64.7996,77.0582,188.725,209.95,248.646,184.934,0
6018,89.3992,111.361,186.073,536.097,139.919,611.188,0
6019,127.799,132.066,291.815,288.426,250.724,184.811,0
6020,25.1001,36.0988,581.698,762.673,611.084,755.281,0
6021,73.6994,85.115,430.905,147.266,356.124,173.551,0
6022,158.9,142.306,286.302,313.919,251.024,184.575,0
6023,164.001,213.549,351.272,623.874,312.12,818.184,0
6024,41.4999,50.84,602.768,130.495,653.531,129.991,0
6025,11.3,13.5396,259.183,195.314,252.816,183.802,0
6026,43.9999,41.2066,588.744,635.316,613.285,612.406,0
6027,78.2994,103.261,241.021,624.269,144.721,616.155,0
6028,172.201,146.476,201.776,413.811,67.6162,405.484,0
6029,196.403,299.213,333.179,427.164,251.331,184.487,0
6030,63.7996,108.273,352.746,720.35,313.13,818.104,0
6031,17.8,26.9758,286.733,811.13,312.153,818.234,0
6032,24.8001,34.0682,619.678,129.061,653.548,129.961,0
6033,76.7994,112.73,518.29,750.395,611.215,755.123,0
6034,178.702,208.088,484.807,437.996,615.563,540.091,0
6035,42.8999,74.9257,329.32,745.626,312.878,818.03,0
6036,201.303,291.766,298.124,497.567,139.914,611.077,0
6037,86.5993,93.9943,160.539,400.208,67.7452,404.94,0
6038,77.5994,127.525,339.475,695.161,312.289,818.116,0
6039,211.804,91.0859,454.703,465.767,523.424,444.245,1
6040,190.702,268.169,257.33,541.361,139.785,611.126,0
6041,32.8001,32.8152,99.9259,405.696,67.6848,404.832,0
6042,211.804,112.776,470.42,478.671,536.42,443.871,1
6043,211.804,148.966,449.52,655.014,558.15,618.016,1
6044,211.804,183.411,436.125,599.621,552.109,615.93,1
6045,125.499,130.474,160.371,485.449,139.623,611.234,0
6046,90.3992,129.449,514.368,734.137,611.215,755.128,0
6047,42.6999,37.9252,591.876,633.541,613.35,613.209,0
6048,211.804,221.125,477.223,477.275,603.607,537.022,1
6049,44.3999,66.1729,614.173,239.609,648.379,198.162,0
6050,211.804,189.72,505.636,518.838,595.442,612.214,1
6051,87.0992,119.028,88.9362,484.471,67.8486,405.216,0
6052,106.799,123.058,550.795,563.819,613.227,612.753,0
6053,95.3991,123.482,530.081,124.74,653.567,130.049,0
6054,89.4992,143.808,557.791,283.752,647.86,197.764,0
6055,124.299,117.727,171.779,377.207,67.8041,405.024,0
6056,173.501,220.06,385.209,645.285,312.263,818.162,0
6057,174.401,204.767,491.066,412.273,630.259,334.144,0
6058,211.804,199.299,398.236,608.732,545.207,617.874,1
6059,69.4995,101.78,566.117,475.759,615.735,539.501,0
6060,211.804,161.092,473.395,375.699,568.023,340.573,1
6061,137.499,165.092,240.001,571.625,144.78,615.818,0
6062,165.401,156.827,206.321,365.156,67.7208,405.361,0
6063,138.499,118.492,164.769,425.091,67.7281,405.488,0
6064,22.6,32.78,413.205,109.759,405.928,78.2189,0
6065,109.199,126.886,537.766,689.139,612.266,752.305,0
6066,51.7998,54.9782,600.972,646.813,613.299,613.182,0
6067,211.804,150.551,457.558,678.857,556.99,618.174,1
6068,138.399,148.161,327.19,267.236,349.901,174.708,0
6069,104.199,118.331,548.185,154.919,653.561,130.035,0
6070,211.804,250.406,298.317,408.831,250.401,198.321,1
6071,163.101,183.988,411.234,296.064,355.596,174.35,0
6072,31.7001,51.3009,594.519,501.53,615.72,540.669,0
6073,172.001,214.067,271.069,558.785,144.636,615.677,0
6074,52.2998,68.9616,281.919,774.918,311.248,818.576,0
6075,36.5,39.8084,106.558,400.754,67.6811,404.898,0
6076,79.9994,95.1073,312.571,238.121,349.679,174.621,0
6077,80.2993,101.44,207.347,566.614,144.637,615.514,0
6078,65.6996,99.0786,579.888,455.905,615.545,540.002,0
6079,35.1,50.4447,407.361,128.329,405.87,78.2056,0
6080,24.7001,32.2049,618.715,205.559,648.014,197.831,0
6081,202.403,224.964,482.182,464.307,615.527,540.232,0
6082,48.8998,61.0992,410.733,157.619,355.922,173.861,0
6083,132.099,152.84,503.528,117.128,653.555,130.018,0
6084,43.2999,38.8129,280.657,209.629,252.944,183.794,0
6085,200.403,280.371,335.307,408.456,250.322,184.939,0
6086,211.804,203.097,318.855,538.82,196.447,623.329,1
6087,140.299,137.417,277.998,639.305,144.577,615.546,0
6088,184.402,164.974,173.405,307.406,249.131,185.08,0
6089,84.1993,97.4585,268.894,279.792,249.992,185.032,0
6090,192.903,168.604,234.486,343.308,249.567,185.249,0
6091,113.499,130.332,525.86,707.639,612.294,752.242,0
6092,115.699,141.389,316.937,290.808,250.786,184.672,0
6093,81.5993,113.668,608.725,457.87,615.685,539.588,0
6094,211.804,234.766,292.01,429.096,89.178,404.256,1
6095,9.1,13.4281,152.949,680.566,149.27,693.386,0
6096,198.703,225.901,276.126,388.775,251.285,184.467,0
6097,211.804,295.866,273.508,498.657,139.871,605.787,1
6098,159.801,172.295,303.669,648.135,144.789,616.003,0
6099,117.899,166.264,368.971,675.198,313.099,818.1,0
6100,42.9999,61.479,191.329,682.555,149.363,693.365,0
6101,211.804,148.908,401.921,496.98,515.767,449.465,1
6102,28.5001,33.2584,83.3813,425.577,67.698,405.517,0
6103,211.804,215.952,387.341,392.779,322.77,204.383,1
6104,4.9,5.7788,608.947,748.066,612.273,752.622,0
6105,129.299,175.313,234.074,518.406,140.245,611.152,0
6106,187.102,294.681,377.84,569.305,312.252,818.121,0
6107,89.8992,114.908,341.446,267.295,349.664,174.661,0
6108,211.804,195.545,260.083,423.302,96.6204,405.756,1
6109,19.3,25.7356,589.73,743.26,612.226,752.361,0
6110,195.203,169.141,533.281,536.194,613.203,612.85,0
6111,89.7992,90.1688,572.321,675.095,613.27,612.741,0
6112,75.0994,88.3313,270.705,269.017,249.54,185.211,0
6113,181.902,163.158,177.49,306.521,248.595,184.914,0
6114,91.9992,99.8255,162.14,390.828,67.686,404.954,0
6115,90.2992,86.9739,528.951,610.104,613.28,612.853,0
6116,63.6996,88.6562,105.534,468.344,67.6519,405.612,0
6117,204.603,250.397,336.216,564.578,144.745,616.178,0
6118,18.6,23.1444,596.267,552.082,617.169,543.486,0
6119,211.804,190.235,468.917,547.615,604.665,612.581,1
6120,188.802,283.282,335.099,409.996,251.325,184.498,0
6121,72.5995,86.9934,566.299,129.576,653.556,129.962,0
6122,211.804,149.398,433.73,445.917,566.134,449.995,1
6123,151.1,111.774,200.371,263.5,248.521,184.831,0
6124,203.803,213.06,300.651,563.4,144.838,616.177,0
6125,72.8995,78.021,586.529,672.696,613.247,612.853,0
6126,51.5998,71.6689,606.46,241.851,648.369,198.135,0
6127,51.0998,57.4158,575.85,637.541,613.271,612.517,0
6128,181.602,210.273,394.035,316.233,350.154,174.85,0
6129,136.799,165.008,544.328,421.532,615.574,539.633,0
6130,211.804,240.086,298.616,452.879,106.522,404.645,1
6131,111.599,167.373,479.845,713.919,611.87,753.254,0
6132,211.804,215.398,328.412,550.373,187.584,622.598,1
6133,14.4,18.8897,336.07,187.657,349.527,174.62,0
6134,211.804,206.691,239.041,449.687,93.6119,406.181,1
6135,171.501,197.429,481.015,392.13,630.302,334.08,0
6136,11.6,17.605,314.605,800.818,312.76,818.045,0
6137,135.699,212.743,509.981,257.533,647.939,197.629,0
6138,46.1999,46.4342,261.518,228.898,249.893,185.114,0
6139,211.804,199.907,412.875,602.985,549.221,617.252,1
6140,84.4993,109.008,183.945,535.517,139.877,611.189,0
6141,166.201,199.755,323.374,607.933,144.805,616.152,0
6142,211.804,248.866,269.346,454.209,115.868,404.848,1
6143,70.2995,92.5343,535.902,747.623,611.221,755.172,0
6144,117.199,119.849,535.853,659.6,613.268,612.767,0
6145,101.599,126.046,534.984,134.404,653.566,129.951,0
6146,73.9994,82.7134,150.415,399.935,67.7639,405.239,0
6147,3,2.9716,70.7354,405.272,67.7669,405.182,0
6148,211.804,235.848,307.872,371.781,250.388,192.57,1
6149,211.804,65.125,444.615,332.632,444.094,332.136,1
6150,211.804,140.791,403.584,492.879,513.396,454.125,1
6151,146.8,168.793,484.314,117.201,653.466,129.957,0
6152,39,51.1578,613.481,147.213,653.479,130.049,0
6153,36.1,32.9416,249.356,218.532,249.88,185.138,0
6154,17.6,19.4655,610.874,334.528,630.257,334.03,0
6155,63.4996,72.9227,265.219,256.027,249.9,185.102,0
6156,151.1,163.66,185.133,469.629,139.794,611.102,0
6157,34.5,48.2883,404.157,174.645,355.964,173.758,0
6158,101.899,116.834,271.223,745.016,311.281,818.56,0
6159,2.1,1.42588,255.749,180.035,254.365,180.376,0
6160,76.1994,88.4465,304.007,227.559,349.859,174.742,0
6161,156.3,155.353,234.125,327.271,249.83,185.097,0
6162,91.9992,142.937,319.96,697.712,312.141,818.158,0
6163,98.6991,120.777,309.692,256.373,350.201,174.94,0
6164,211.804,126.714,410.533,470.926,516.535,446.026,1
6165,21.7,31.4301,602.625,723.625,612.108,752.734,0
6166,211.804,200.104,478.339,277.629,365.338,174.565,1
6167,111.799,154.956,217.234,520.811,140.224,611.186,0
6168,211.804,209.992,425.262,404.296,562.572,341.399,1
6169,23.5001,31.076,144.539,581.032,139.912,611.098,0
6170,44.3999,61.1862,602.566,367.781,630.398,334.076,0
6171,174.001,166.25,274.133,337.555,251.004,184.584,0
6172,79.5994,90.6978,244.498,781.721,310.576,818.778,0
6173,13,14.0876,606.222,550.677,617.113,543.602,0
6174,16.1,23.3828,378.298,176.903,355.571,174.335,0
6175,183.102,166.856,172.559,298.406,249.325,185.184,0
6176,211.804,210.299,316.132,518.713,209.821,626.206,1
6177,77.6994,88.7324,526.685,608.779,613.181,612.755,0
6178,173.301,154.98,184.881,306.871,248.937,184.993,0
6179,191.202,181.902,503.939,541.344,613.205,612.64,0
6180,164.701,141.981,486.475,587.994,613.222,612.844,0
6181,188.902,276.821,286.711,499.594,139.895,611.058,0
6182,85.9993,107.617,241.554,640.578,144.703,616.182,0
6183,168.001,186.651,258.092,574.021,144.644,615.589,0
6184,74.7994,124.811,252.618,701.718,152.784,701.813,0
6185,175.702,155.259,189.81,315.576,249.352,185.228,0
6186,42.4999,51.5526,602.378,133.997,653.47,130.049,0
6187,38.8,57.3468,276.66,787.621,311.773,818.362,0
6188,154.3,193.51,295.065,586.77,144.752,616.14,0
6189,105.199,150.804,391.505,707.06,312.956,818.117,0
6190,113.499,126.413,167.285,494.661,140.163,611.257,0
6191,174.701,214.381,326.658,593.912,144.605,615.548,0
6192,191.402,311.51,389.771,571.892,312.704,818.07,0
6193,128.999,158.054,227.735,566.261,144.718,615.653,0
6194,211.804,209.529,472.936,408.767,626.707,334.065,1
6195,194.203,150.789,496.976,623.403,613.156,612.843,0
6196,20.5,29.7199,598.909,776.582,611.2,755.255,0
6197,155,141.743,283.459,313.724,250.916,184.745,0
6198,63.2996,75.2129,592.323,187.887,648.458,190.776,0
6199,108.499,127.317,351.296,272.008,350.255,174.807,0
6200,116.099,111.105,513.418,635.589,613.159,612.78,0
6201,38.1,63.401,205.131,631.398,144.72,615.654,0
6202,211.804,195.895,420.9,437.741,588.521,475.291,1
6203,27.5001,44.4863,593.367,712.984,612.064,752.648,0
6204,145.1,140.765,490.901,177.305,356.029,173.699,0
6205,0,0,656.665,132.327,656.665,132.327,0
6206,211.804,227.091,461.672,455.841,603.573,538.612,1
6207,57.1997,71.6109,167.464,560.194,139.944,611.116,0
6208,0.9,0.364988,630.344,335.422,630.687,335.297,0
6209,93.5991,138.672,543.137,183.41,647.819,191.878,0
6210,67.7995,88.0922,159.67,538.241,139.885,611.166,0
6211,211.804,163.835,410.524,525.194,504.813,453.873,1
6212,211.804,230.969,361.17,425.211,325.2,205.008,1
6213,46.5999,46.6768,567.984,617.933,613.282,612.378,0
6214,211.804,209.657,454.445,337.236,365.89,174.8,1
6215,76.0994,119.957,361.517,713.584,313.276,818.176,0
6216,155,160.602,472.732,579.51,613.184,612.704,0
6217,59.3997,69.2053,550.433,745.791,612.165,752.54,0
6218,36.4,49.3528,402.992,178.824,355.841,173.94,0
6219,211.804,219.516,302.737,556.067,148.887,615.806,1
6220,79.4994,95.2903,171.716,211.06,248.253,184.648,0
6221,73.0995,88.1515,566.374,126.265,653.552,130.035,0
6222,211.804,134.241,482.331,360.455,531.149,352.947,1
6223,150.5,128.969,551.552,557.723,613.238,612.964,0
6224,168.801,144.701,507.873,668.364,613.2,613.008,0
6225,169.601,195.17,512.315,462.636,615.603,539.624,0
6226,188.302,187.846,292.445,344.641,250.938,184.664,0
6227,204.103,190.428,251.773,396.79,67.712,404.802,0
6228,165.701,238.485,323.762,377.32,251.308,184.449,0
6229,40.4,48.5767,605.033,129.376,653.51,129.909,0
6230,32.2001,47.4245,401.748,167.833,355.71,174.283,0
6231,57.9997,61.8984,302.627,766.414,311.864,818.321,0
6232,15.3,20.7302,613.988,326.129,630.355,334.013,0
6233,74.5994,90.0319,247.681,258.518,249.849,185.092,0
6234,22.7001,25.2594,251.913,209.834,249.893,185.083,0
6235,32.9001,50.8451,586.083,714.984,612.161,752.613,0
6236,211.804,197.043,464.491,500.867,558.806,616.002,1
6237,211.804,165.53,377.825,489.316,506.362,454.222,1
6238,126.999,109.55,517.737,593.31,613.153,612.752,0
6239,185.902,159.466,278.43,328.868,250.561,184.797,0
6240,31.8001,40.6199,143.834,571.155,139.909,611.069,0
6241,199.503,174.011,236.241,345.31,249.38,185.171,0
6242,29.6001,46.2557,323.177,201.707,350.376,174.856,0
6243,211.804,216.275,384.448,389.805,322.251,202.343,1
6244,30.4001,36.9017,392.237,177.118,355.791,174.319,0
6245,114.199,152.222,515.073,693.423,612.373,752.016,0
6246,83.3993,120.489,588.995,443.138,615.659,540.678,0
6247,211.804,210.184,463.597,329.421,370.33,174.96,1
6248,124.999,138.994,358.851,272.175,350.296,174.856,0
6249,131.399,189.056,514.296,231.194,648.536,190.826,0
6250,211.804,203.501,422.576,416.539,547.174,350.227,1
6251,209.904,228.217,296.148,379.915,250.687,184.761,0
6252,103.899,154.912,275.562,684.065,149.42,693.258,0
6253,25.9001,25.1244,275.06,194.525,253.087,183.575,0
6254,0,0,649.062,194.54,649.062,194.54,0
6255,211.804,164.564,445.194,676.699,554.75,618.124,1
6256,30.0001,37.1609,125.219,586.339,139.965,611.194,0
6257,150.1,168.573,195.823,477.505,139.518,611.186,0
6258,211.804,241.818,359.008,441.294,323.892,209.675,1
6259,211.804,209.767,319.946,522.169,207.286,625.003,1
6260,54.5997,71.5617,135.828,548.881,139.876,611.159,0
6261,132.399,190.441,431.721,713.673,313.41,818.161,0
6262,211.804,227.526,458.941,425.462,605.631,539.228,1
6263,7.99999,9.42214,601.899,754.847,611.244,755.45,0
6264,39.1,66.6854,331.413,754.595,312.765,818.112,0
6265,73.3995,114.673,583.42,273.227,648.205,198,0
6266,52.5998,81.6697,562.29,503.642,615.896,541.057,0
6267,110.699,99.07,235.036,279.285,249.078,185.106,0
6268,138.199,178.143,215.911,496.597,139.945,611.18,0
6269,133.799,141.581,275.685,643.007,144.645,615.6,0
6270,117.699,123.301,546.187,565.394,613.274,612.772,0
6271,211.804,200.911,468.936,363.411,602.345,335.239,1
6272,211.804,204.376,239.334,454.504,97.5698,406.092,1
6273,39.6,60.1409,561.905,740.037,612.135,752.575,0
6274,26.1001,32.1911,598.517,779.994,611.167,755.192,0
6275,211.804,252.565,299.835,412.141,249.338,202.602,1
6276,0,0,141.188,613.422,141.188,613.422,0
6277,155.3,213.334,351.92,624.833,312.333,818.122,0
6278,4,4.55319,603.155,807.877,607.444,809.396,0
6279,81.1993,118.695,566.008,178.712,653.573,130.045,0
6280,8.2,10.3588,261.755,188.86,252.734,183.863,0
6281,2.9,2.2406,313.096,815.816,312.711,818.021,0
6282,101.799,116.641,242.359,758.248,310.626,818.835,0
6283,168.301,164.477,233.361,337.219,249.767,185.093,0
6284,92.8992,147.969,273.462,673.456,149.55,693.263,0
6285,1.3,0.59656,649.868,189.575,650.125,190.114,0
6286,57.4997,68.0582,415.439,153.442,355.791,174.323,0
6287,211.804,114.92,466.09,463.377,550.285,454.421,1
6288,202.503,191.946,461.748,275.19,356.053,173.593,0
6289,166.801,143.202,491.563,620.155,613.259,612.577,0
6290,78.0994,90.9593,418.587,215.164,355.61,174.335,0
6291,61.6996,75.9143,577.999,128.428,653.454,130.03,0
6292,211.804,136.75,501.771,623.773,594.504,614.691,1
6293,99.799,156.702,398.003,707.708,313.354,818.197,0
6294,151.1,138.348,449.25,139.075,355.943,173.656,0
6295,146.9,113.968,513.977,593.86,613.341,612.536,0
6296,37.3,60.0376,326.526,215.464,350.064,174.804,0
6297,61.3996,65.8087,201.029,211.457,248.744,184.891,0
6298,96.6991,151.816,343.913,675.265,313.633,818.261,0
6299,99.2991,115.33,407.233,237.816,355.623,174.326,0
6300,131.299,134.557,515.347,365.189,630.342,333.856,0
6301,5.8,6.93131,641.902,200.704,648.397,198.157,0
6302,139.899,152.728,371.975,264.082,349.629,174.65,0
6303,29.3001,46.3278,595.956,709.915,612.262,752.239,0
6304,178.702,210.5,611.234,382.233,615.753,539.522,0
6305,164.501,136.329,165.092,442.102,67.8465,405.311,0
6306,163.901,117.677,198.555,259.333,248.504,184.821,0
6307,109.299,128.021,175.028,260.568,248.352,184.79,0
6308,210.504,213.136,423.557,322.021,355.63,174.395,0
6309,60.3997,67.344,585.107,662.267,613.232,612.62,0
6310,39.9,40.296,107.467,403.957,67.7441,405.558,0
6311,136.399,152.001,519.876,388.036,630.253,334.348,0
6312,55.3997,72.9692,195.658,591.918,144.679,615.697,0
6313,106.599,117.562,525.649,347.656,630.353,333.807,0
6314,18.5,28.6677,258.276,212.362,249.883,185.054,0
6315,211.804,224.161,352.06,367.587,341.126,182.138,1
6316,18.8,25.8942,613.036,321.236,630.314,334.035,0
6317,70.7995,118.127,225.76,707.062,149.485,693.24,0
6318,155.4,163.706,290.31,614.842,144.623,615.723,0
6319,116.399,126.64,250.118,302.882,250.494,184.8,0
6320,7.2,9.7963,603.613,614.006,613.188,612.751,0
6321,105.999,104.027,219.176,281.007,248.428,184.792,0
6322,61.4996,66.8521,588.925,662.1,613.249,612.792,0
6323,23.2001,29.3004,407.39,107.238,405.923,78.1825,0
6324,39.5,59.4651,196.757,672.284,149.459,693.295,0
6325,211.804,288.579,321.237,487.378,141.259,578.771,1
6326,151.5,129.243,498.972,590.578,613.271,613.167,0
6327,211.804,149.716,386.06,458.551,505.967,453.806,1
6328,14.5,16.3854,635.285,207.389,647.853,197.739,0
6329,42.0999,63.7991,610.619,236.761,648.407,198.082,0
6330,28.6001,48.0298,325.669,771.95,312.661,817.979,0
6331,0,0,651.675,190.517,651.675,190.517,0
6332,14.5,21.1755,629.854,207.797,648.354,198.224,0
6333,103.399,118.765,221.732,605.121,144.691,615.594,0
6334,135.399,152.749,295.07,634.191,144.82,616.131,0
6335,105.399,113.507,248.189,641.344,144.636,615.601,0
6336,0,0,614.802,615.656,614.802,615.656,0
6337,8.3,12.4903,341.033,183.674,349.657,174.666,0
6338,76.6994,117.597,552.235,197.152,647.997,191.396,0
6339,211.804,124.734,422.839,493.483,515.621,446.209,1
6340,28.0001,27.2946,586.761,614.956,613.272,613.228,0
6341,211.804,218.379,479.482,470.048,604.42,540.435,1
6342,26.0001,42.0035,579.08,736.631,612.286,752.14,0
6343,37.4,37.7741,105.119,398.351,67.6465,404.858,0
6344,92.9992,102.445,523.02,595.274,613.161,612.739,0
6345,99.899,149.278,277.815,700.639,149.454,693.315,0
6346,152.8,152.469,192.595,313.358,248.017,184.636,0
6347,102.699,121.381,544.072,688.693,612.323,752.095,0
6348,136.199,159.521,183.152,474.086,139.582,611.165,0
6349,202.603,182.324,207.698,340.145,67.6199,404.824,0
6350,42.1999,59.9879,561.311,738.552,612.098,752.613,0
6351,207.403,217.993,457.357,332.399,355.601,174.384,0
6352,114.699,132.186,532.95,140.403,653.583,129.996,0
6353,13.1,17.3711,596.002,613.32,613.3,612.758,0
6354,211.804,206.497,507.633,476.796,600.462,518.607,1
6355,132.199,134.16,534.796,562.188,613.168,612.685,0
6356,62.1996,69.4563,592.133,686.917,612.336,752.124,0
6357,4.8,5.05235,641.78,192.934,646.596,194.386,0
6358,63.8996,99.992,237.689,742.971,152.602,701.845,0
6359,26.3001,39.8403,301.244,790.561,312.187,818.164,0
6360,101.599,118.959,246.321,645.37,144.747,616.167,0
6361,211.804,187.257,224.529,430.82,74.4482,405.609,1
6362,183.802,126.41,224.78,305.089,248.153,184.709,0
6363,211.804,144.14,438.734,638.647,556.324,617.412,1
6364,168.801,158.499,277.552,603.67,144.695,615.55,0
6365,76.7994,105.16,220.475,652.02,144.772,616.203,0
6366,195.103,227.401,499.346,500.751,615.639,539.599,0
6367,67.9995,99.4784,522.512,762.335,611.138,755.085,0
6368,35.7,60.8701,204.767,625.589,144.761,615.82,0
6369,189.502,260.707,283.047,515.199,139.902,611.144,0
6370,37.4,39.679,579.314,596.89,613.304,612.405,0
6371,152.6,218.018,434.261,679.695,313.275,818.221,0
6372,211.804,178.222,430.937,425.954,581.012,455.402,1
6373,211.804,163.549,429.049,622.265,553.962,616.058,1
6374,170.701,159.237,525.683,548.061,613.213,612.569,0
6375,181.202,200.048,477.743,396.238,630.383,334.134,0
6376,0,0,651.627,199.238,651.627,199.238,0
6377,162.801,169.152,304,646.083,144.803,616.184,0
6378,171.301,256.632,326.393,388.624,251.337,184.474,0
6379,211.804,190.565,233.805,429.757,80.2213,405.636,1
6380,141.199,153.742,286.158,624.301,144.719,616.09,0
6381,211.804,133.919,455.782,468.58,563.446,450.821,1
6382,15.1,23.9261,175.742,709.407,153.627,700.282,0
6383,211.804,217.076,502.796,477.516,605.422,536.786,1
6384,128.099,156.378,391.037,263.432,355.616,174.327,0
6385,98.4991,166.132,550.796,253.356,647.979,197.931,0
6386,142.399,157.315,349.966,305.526,349.808,174.681,0
6387,165.301,124.722,218.786,303.356,248.817,184.965,0
6388,171.501,192.112,215.967,479.574,139.61,611.255,0
6389,130.499,145.728,580.905,395.723,630.364,334.052,0
6390,81.7993,126.439,553.909,188.332,648.253,190.896,0
6391,93.5991,107.092,264.145,289.139,250.398,184.873,0
6392,211.804,213.985,371.754,389.323,321.29,188.966,1
6393,44.0999,37.6375,229.39,214.791,248.82,185.037,0
6394,19.4,21.8384,271.919,193.344,253.202,183.15,0
6395,146.4,165.091,283.115,667.697,144.823,616.15,0
6396,211.804,197.328,329.205,603.003,159.945,617.686,1
6397,84.5993,122.301,590.268,443.749,615.806,540.599,0
6398,211.804,184.213,490.71,250.723,379.514,174.404,1
6399,127.999,175.862,512.422,202.389,648.499,190.934,0
6400,190.002,171.658,272.44,338.172,249.743,185.128,0
6401,211.804,145.114,459.758,672.158,557.575,618.038,1
6402,78.4994,82.2496,585.765,675.873,612.331,752.286,0
6403,56.6997,77.9421,149.724,534.21,139.812,611.109,0
6404,148.5,147.29,449.218,248.67,355.642,174.346,0
6405,120.899,120.973,261.385,629.725,144.813,616.108,0
6406,96.8991,117.499,189.435,259.854,248.34,184.849,0
6407,55.2997,79.2126,355.22,198.869,349.769,174.638,0
6408,211.804,157.837,458.305,374.338,563.391,341.164,1
6409,104.399,119.625,421.205,245.09,355.624,174.37,0
6410,31.5001,49.8423,312.551,775.793,312.714,817.962,0
6411,53.6998,88.04,332.635,732.63,312.567,817.955,0
6412,201.203,205.514,473.682,386.973,630.272,334.072,0
6413,202.903,310.949,332.631,438.191,251.197,184.459,0
6414,211.804,207.202,485.837,255.491,368.614,174.404,1
6415,159.701,142.036,519.674,655.351,613.268,612.745,0
6416,211.804,190.85,369.532,509.452,506.71,453.019,1
6417,131.499,123.552,531.872,657.923,613.267,612.948,0
6418,177.802,160.581,276.88,601.579,144.663,615.688,0
6419,119.899,186.517,295.067,718.428,149.599,693.185,0
6420,198.703,288.589,282.302,492.599,139.927,611.197,0
6421,13.5,21.1702,615.062,283.94,635.982,282.505,0
6422,86.4993,107.657,228.144,650.366,144.62,615.573,0
6423,211.804,226.609,287.965,441.85,101.671,404.656,1
6424,71.1995,88.0146,269.713,270.436,249.896,185.083,0
6425,32.2001,41.6039,604.511,286.923,635.982,282.555,0
6426,112.099,117.665,187.987,260.178,248.722,184.895,0
6427,76.0994,92.5017,562.104,124.712,653.479,129.95,0
6428,211.804,160.156,408.598,523.861,510.744,454.996,1
6429,61.5996,76.5072,313.665,222.844,350.051,174.786,0
6430,0.7,0.223846,410.62,72.2656,410.41,72.3413,0
6431,174.801,207.534,249.986,502.283,139.951,611.126,0
6432,80.8993,130.941,331.332,695.651,312.218,818.206,0
6433,52.8998,52.8989,120.565,401.533,67.6835,405.591,0
6434,92.2992,115.509,538.673,123.529,653.559,129.957,0
6435,101.799,120.782,414.651,239.257,355.6,174.373,0
6436,125.399,165.211,537.682,463.773,615.705,539.523,0
6437,5.5,5.56058,349.933,180.641,351.503,175.44,0
6438,1.9,1.32517,657.644,194.851,656.339,194.62,0
6439,189.402,311.311,393.326,565.224,312.784,817.951,0
6440,15.8,17.4395,156.854,610.515,144.737,615.832,0
6441,9.1,11.34,358.423,185.565,354.227,175.033,0
6442,160.301,152.787,279.849,324.038,250.289,184.915,0
6443,211.804,190.642,286.015,345.06,249.797,185.77,1
6444,211.804,224.679,468.101,255.272,362.456,175.023,1
6445,34.2001,48.5872,192.613,624.261,144.745,615.749,0
6446,69.0995,95.3498,571.755,156.077,653.587,130.01,0
6447,31.0001,31.8709,266.565,212.54,252.63,183.934,0
6448,8.3,11.2866,153.668,682.665,150.568,693.516,0
6449,211.804,278.288,323.212,485.337,152.778,572.521,1
6450,48.6998,74.2127,554.851,784.276,611.128,755.307,0
6451,96.9991,104.052,167.218,389.119,67.6869,404.832,0
6452,211.804,202.517,477.184,274.092,360.705,175.056,1
6453,106.099,109.411,155.661,504.877,139.593,611.244,0
6454,29.9001,29.7247,240.193,212.787,249.157,185.103,0
6455,121.299,139.411,296.416,300.139,251.447,184.434,0
6456,175.001,146.632,492.118,649.875,613.23,612.662,0
6457,47.7998,66.261,564.377,782.519,611.27,754.888,0
6458,156.4,183.299,229.797,537.779,140.021,611.114,0
6459,35.1,44.0973,601.787,289.145,635.985,282.629,0
6460,139.899,189.069,513.412,224.441,648.165,190.93,0
6461,119.499,141.246,224.87,583.23,144.646,615.65,0
6462,211.804,143.786,196.983,437.773,85.604,405.669,1
6463,96.9991,102.594,263.081,284.774,250.219,185.017,0
6464,151.5,170.899,430.619,294.282,355.541,174.343,0
6465,23.1001,27.111,265.134,207.129,252.383,183.988,0
6466,41.6999,55.3648,597.093,700.107,612.355,752.082,0
6467,55.3997,65.5639,286.882,789.959,311.161,818.582,0
6468,211.804,123.86,455.594,599.307,572.153,617.08,1
6469,27.7001,42.445,187.281,704.03,152.527,701.758,0
6470,208.904,180.41,251.204,348.831,249.07,185.096,0
6471,137.499,140.605,467.175,205.539,355.534,174.314,0
6472,6.4,7.83089,257.195,190.067,253.093,183.521,0
6473,90.9992,93.2963,158.317,545.583,139.888,611.086,0
6474,120.799,132.785,247.342,309.117,250.181,185.041,0
6475,181.702,172.803,171.619,320.007,67.8436,404.996,0
6476,46.8999,66.9356,409.063,144.899,405.886,78.1966,0
6477,195.203,200.358,255.039,387.551,67.6442,404.813,0
6478,211.804,117.335,496.188,635.447,562.059,617.455,1
6479,57.6997,67.9366,584.927,692.284,612.277,752.143,0
6480,6.6,8.52258,75.9716,406.977,67.8079,405.013,0
6481,83.7993,129.045,579.79,284.195,647.96,197.987,0
6482,15.6,24.2001,327.747,183.65,350.287,174.887,0
6483,167.701,152.03,190.434,313.104,249.112,185.115,0
6484,47.4998,77.9265,197.474,646.015,149.836,693.265,0
6485,67.9995,87.5292,225.281,265.358,248.547,184.833,0
6486,24.3001,33.7881,618.743,201.545,647.852,197.545,0
6487,38.5,59.2272,181.159,590.064,144.578,616.592,0
6488,157.9,140.838,543.376,552.323,613.212,613.026,0
6489,115.899,156.143,316.713,688.147,312.349,818.07,0
6490,133.899,131.077,282.318,292.571,249.891,185.147,0
6491,211.804,252.104,403.524,580.663,544.145,613.927,1
6492,211.804,250.966,402.42,579.858,545.52,614.587,1
6493,149.3,140.865,475.072,156.167,355.954,173.671,0
6494,195.803,159.881,480.188,649.795,613.208,612.826,0
6495,34.8,32.7224,234.714,213.181,248.752,184.941,0
6496,64.1996,82.3847,225.852,627.82,144.826,615.98,0
6497,25.2001,24.7767,593.872,620.28,613.345,613.234,0
6498,116.399,144.209,605.524,448.672,615.676,539.547,0
6499,150.6,163.384,527.482,440.207,615.604,539.733,0
6500,211.804,239.928,378.065,424.805,323.757,206.753,1
6501,196.403,168.029,192.574,330.874,248.227,184.701,0
6502,1.9,1.11206,612.158,613.155,613.212,612.967,0
6503,211.804,183.51,236.231,372.996,69.7365,405.566,1
6504,122.199,103.962,213.883,255.301,249,185.018,0
6505,140.099,149.401,439.604,260.269,356.048,173.569,0
6506,37,45.1223,602.409,290.54,636.069,282.544,0
6507,211.804,209.791,463.885,487.864,556.731,615.487,1
6508,20.6,26.4391,615.804,274.595,635.988,282.512,0
6509,121.699,117.846,510.426,641.313,613.249,612.777,0
6510,46.5999,60.2445,612.763,155.496,653.526,130.037,0
6511,79.4994,120.138,355.411,707.574,312.803,817.95,0
6512,88.9992,127.839,511.939,730.638,611.791,753.413,0
6513,211.804,257.019,347.108,540.989,168.769,618.931,1
6514,25.6001,42.4195,597.71,713.534,612.277,752.613,0
6515,211.804,166.305,212.438,447.519,93.1817,405.771,1
6516,55.9997,58.6533,571.392,635.979,613.33,613.233,0
6517,110.899,148.382,543.075,177.69,647.75,191.812,0
6518,131.699,113.184,213.447,249.177,248.272,184.764,0
6519,211.804,243.598,347.525,563.018,159.094,617.796,1
6520,84.9993,108.39,298.257,728.316,311.756,818.395,0
6521,174.301,196.971,196.135,506.268,139.712,611.178,0
6522,94.9991,105.524,292.175,739.172,311.212,818.574,0
6523,4.9,5.72895,352.189,181.333,352.346,175.618,0
6524,71.2995,86.5926,152.18,395.119,67.632,404.862,0
6525,7,7.66711,351.116,183.094,352.506,175.603,0
6526,118.299,111.15,176.807,404.829,67.8076,405.448,0
6527,10.2,11.5663,599.163,803.695,606.775,810.826,0
6528,32.7001,45.2842,609.323,135.864,653.554,130.045,0
6529,211.804,191.631,240.814,440.947,98.0149,405.633,1
6530,29.1001,37.5519,259.474,220.919,249.888,185.089,0
6531,211.804,279.986,363.94,471.616,327.185,213.384,1
6532,175.802,172.041,217.146,352.269,67.7043,404.829,0
6533,65.6996,73.2367,588.528,669.588,613.205,612.814,0
6534,211.804,163.354,216.13,433.039,86.7186,405.608,1
6535,184.602,169.816,288.508,333.173,250.701,184.847,0
6536,110.899,139.087,143.435,474.153,67.6814,405.47,0
6537,211.804,137.296,524.692,546.375,570.939,617.257,1
6538,184.202,160.487,178.42,305.554,248.604,184.946,0
6539,60.8996,75.9,190.603,601.67,144.783,615.831,0
6540,190.702,163.975,487.014,210.021,356.056,173.599,0
6541,211.804,147.18,458.071,599.581,595.632,614.529,1
6542,211.804,232.755,287.603,451.638,109.89,405.839,1
6543,211.804,177.593,499.614,538.641,602.678,612.567,1
6544,182.402,155.394,488.995,157.525,356.029,173.645,0
6545,211.804,78.9193,472.365,336.433,471.494,329.261,1
6546,114.899,128.372,352.167,271.652,350.374,174.991,0
6547,49.1998,41.4683,254.222,226.53,249.927,185.106,0
6548,102.099,115.613,522.605,337.411,630.417,333.762,0
6549,98.2991,136.12,350.286,690.622,312.786,817.965,0
6550,211.804,228.862,425.987,415.138,574.613,338.829,1
6551,211.804,210.492,426.138,392.325,584.366,336.929,1
6552,195.503,167.828,171.513,311.014,248.293,184.753,0
6553,110.399,129.857,526.152,708.208,612.4,751.904,0
6554,69.4995,84.4393,553.778,332.311,630.345,333.936,0
6555,146.7,201.259,418.707,684.831,312.741,817.959,0
6556,193.003,200.839,404.017,309.41,355.645,174.357,0
6557,211.804,242.977,392.845,415.459,325.647,206.6,1
6558,159.701,184.958,362.226,333.023,349.6,174.617,0
6559,125.299,105.984,215.413,252.145,248.656,184.876,0
6560,211.804,190.152,300.405,344.43,249.644,189.318,1
6561,24.1001,25.1646,92.3383,402.473,67.7188,404.788,0
6562,211.804,185.225,369.203,510.071,507.827,453.434,1
6563,108.899,121.967,256.78,645.484,144.734,615.901,0
6564,202.503,186.311,229.921,351.216,249.637,185.208,0
6565,205.503,347.597,407.955,538.298,312.78,818.02,0
6566,211.804,159.636,422.657,403.697,527.26,353.954,1
6567,211.804,265.429,356.477,466.252,326.437,210.816,1
6568,86.6992,133.614,541.923,187.086,647.619,191.927,0
6569,184.502,175.331,268.566,338.679,249.812,185.126,0
6570,96.0991,103.518,551.096,665.993,613.227,612.781,0
6571,99.999,127.883,527.108,118.838,653.488,130.045,0
6572,118.699,119.722,128.613,511.465,139.726,611.136,0
6573,200.703,290.7,309.261,516.62,139.872,611.115,0
6574,75.7994,108.966,579.149,446.078,615.61,540.292,0
6575,79.3994,87.2643,540.617,601.155,613.242,612.773,0
6576,211.804,218.584,426.838,416.514,564.045,341.385,1
6577,211.804,197.131,287.872,366.642,249.008,194.732,1
6578,211.804,246.381,413.861,409.322,324.891,207.708,1
6579,23.7001,41.2867,190.882,717.247,152.673,701.793,0
6580,37.3,54.7415,177.439,657.033,149.599,693.251,0
6581,96.6991,162.207,539.566,286.96,648.055,197.856,0
6582,113.399,138.275,350.315,289.452,350.074,174.824,0
6583,24.4001,35.5578,408.848,113.407,405.89,78.158,0
6584,44.4999,52.1287,601.628,131.942,653.471,130.032,0
6585,40.9999,62.6749,185.529,589.733,144.779,616.149,0
6586,211.804,179.486,425.127,416.027,527.317,352.886,1
6587,178.002,256.069,399.146,631.152,313.068,818.1,0
6588,211.804,255.735,358.821,451.297,326.09,207.599,1
6589,211.804,207.77,278.571,377.996,248.364,190.027,1
6590,106.899,119.975,422.563,245.988,356.217,173.251,0
6591,138.899,164.969,500.682,362.005,630.37,333.794,0
6592,119.199,123.545,178.751,260.934,248.327,184.803,0
6593,139.699,169.662,364.315,307.762,350.101,174.817,0
6594,21.5,23.3554,249.435,208.988,249.289,185.226,0
6595,6.5,6.70305,629.57,283.85,636.058,282.718,0
6596,24.2001,38.207,314.075,186.283,350.01,174.784,0
6597,211.804,222.721,273.503,396.059,250.669,191.875,1
6598,152.6,145.643,194.324,305.482,248.569,184.928,0
6599,98.9991,81.1459,184.612,655.617,149.673,693.167,0
6600,211.804,180.78,378.244,513.829,506.918,454.016,1
6601,131.899,131.694,281.076,291.734,249.876,185.084,0
6602,18.6,25.4484,144.428,669.383,149.688,693.296,0
6603,151.6,223.742,332.444,371.867,251.53,184.444,0
6604,103.499,130.693,579.925,380.949,630.35,334.196,0
6605,20,28.9391,320.463,790.435,312.769,818.076,0
6606,189.102,153.975,444.776,149.703,355.953,173.613,0
6607,93.2991,116.925,538.109,121.954,653.504,129.954,0
6608,42.7999,61.3088,146.032,550.881,139.855,611.108,0
6609,50.1998,69.257,589.676,220.905,648.375,198.118,0
6610,122.799,132.641,296.095,292.842,251.052,184.649,0
6611,19.6,26.6838,381.958,171.278,355.941,173.832,0
6612,211.804,287.838,323.407,490.486,143.829,573.539,1
6613,150,146.078,272.204,614.65,144.613,615.663,0
6614,105.999,131.007,296.597,290.586,250.528,184.813,0
6615,24.6001,32.1123,613.512,296.992,635.872,282.416,0
6616,22.8001,28.6708,143.861,665.858,149.909,693.228,0
6617,211.804,207.323,477.277,424.584,605.049,336.637,1
6618,211.804,226.5,349.105,537.641,208.044,625.18,1
6619,108.399,116.977,268.908,296.999,249.846,185.128,0
6620,44.8999,40.5337,576.395,622.086,613.336,612.39,0
6621,211.804,184.036,427.337,428.928,583.456,464.254,1
6622,3,2.65331,600.624,830.846,603.081,831.844,0
6623,69.6995,86.0654,318.519,232.677,349.848,174.726,0
6624,211.804,186.357,472.225,377.142,601.376,335.166,1
6625,14.6,21.5528,599.434,735.639,612.288,752.411,0
6626,211.804,64.1524,438.275,528.482,425.782,543.757,1
6627,133.499,148.504,276.491,653.643,144.747,616.084,0
6628,211.804,241.95,301.495,453.393,113.371,405.449,1
6629,211.804,234.398,275.415,414.349,81.0395,404.826,1
6630,205.403,228.976,369.493,375.014,349.916,174.763,0
6631,198.103,144.257,150.567,440.248,67.7243,405.616,0
6632,76.1994,102.069,221.215,753.549,152.458,701.783,0
6633,37.4,31.2675,593.997,627.408,613.313,613.129,0
6634,211.804,257.314,315.164,441.497,117.148,405.758,1
6635,211.804,208.906,349.702,378.543,320.528,191.695,1
6636,0,0,144.258,616.381,144.258,616.381,0
6637,156.5,190.614,396.363,298.384,355.557,174.352,0
6638,104.299,133.048,130.428,482.845,67.7298,405.319,0
6639,211.804,205.928,424.619,594.712,550.493,615.382,1
6640,11,13.2785,262.366,193.096,253.18,183.409,0
6641,12.8,17.7666,414.398,93.6569,408.593,77.0992,0
6642,5.3,6.52415,150.899,618.55,144.73,616.439,0
6643,108.899,127.078,350.038,271.673,349.718,174.619,0
6644,173.201,167.19,290.123,611.804,144.535,615.519,0
6645,172.201,145.948,279.562,317.277,249.453,185.214,0
6646,30.6001,37.8069,590.626,778.273,611.162,754.925,0
6647,188.202,308.439,390.133,564.789,312.616,817.97,0
6648,69.7995,84.0351,228.245,264.971,249.629,185.184,0
6649,211.804,224.276,392.874,393.074,324.393,201.145,1
6650,123.099,159.058,494.741,711.107,612.176,752.353,0
6651,37.1,51.5538,586.696,522.703,615.798,540.883,0
6652,66.4996,79.4881,145.94,400.179,67.7803,405.218,0
6653,99.1991,115.232,524.822,350.957,630.252,333.851,0
6654,211.804,241.639,424.989,550.519,542.784,617.347,1
6655,211.804,172.737,413.39,439.021,567.467,450.18,1
6656,123.299,148.019,546.048,441.158,615.659,539.55,0
6657,144.2,146.839,180.219,351.552,67.7379,405.479,0
6658,186.002,270.695,284.573,507.607,139.945,611.177,0
6659,200.903,149.149,183.332,438.358,67.7069,405.551,0
6660,105.199,127.125,425.924,248.895,356.139,173.243,0
6661,45.4999,44.2856,235.782,226.096,249.245,185.089,0
6662,106.599,116.351,259.016,296.876,249.748,185.103,0
6663,16.8,23.5589,413.81,100.348,406.852,77.849,0
6664,46.1999,45.3475,219.341,206.611,248.253,184.824,0
6665,15.6,19.6889,599.364,550.963,616.759,543.077,0
6666,158.2,178.071,415.874,295.707,355.59,174.365,0
6667,84.1993,122.822,565.043,182.513,653.56,130.03,0
6668,28.2001,43.9146,415.229,120.56,405.893,78.1454,0
6669,82.3993,121.385,517.658,726.141,611.781,753.507,0
6670,93.5991,114.492,465.29,180.715,355.57,174.387,0
6671,69.8995,93.2999,177.81,547.456,139.93,611.162,0
6672,58.1997,62.5755,608.544,646.865,613.264,612.809,0
6673,211.804,223.286,425.659,359.059,391.558,175.12,1
6674,3.3,3.00224,69.7205,408.116,66.8237,407.328,0
6675,45.6999,45.185,293.797,204.546,252.547,183.971,0
6676,16.3,26.3875,258.323,210.133,249.848,185.142,0
6677,84.4993,114.168,609.594,458.628,615.693,539.586,0
6678,211.804,156.537,449.903,678.899,555.62,615.356,1
6679,209.804,199.18,474.465,391.756,630.258,334.096,0
6680,7.3,7.87098,640.954,201.227,648.049,197.848,0
6681,57.3997,74.6163,548.534,743.715,611.999,752.918,0
6682,211.804,194.467,415.926,626.104,549.673,617.673,1
6683,45.2999,62.8426,269.266,243.774,250.268,184.868,0
6684,101.799,120.536,414.96,238.779,356.185,173.409,0
6685,40.3,33.3894,593.323,629.1,613.354,613.159,0
6686,77.9994,88.1051,155.432,395.899,67.7719,405.176,0
6687,26.6001,38.6177,175.422,630.812,144.763,615.87,0
6688,117.399,130.785,225.532,595.476,144.766,616.068,0
6689,187.402,300.074,383.219,567.314,312.754,817.984,0
6690,211.804,196.439,473.989,386.911,622.854,334.008,1
6691,107.199,136.689,277.363,637.535,144.688,616.266,0
6692,25.3001,37.2918,615.593,188.585,647.777,191.534,0
6693,16.8,22.3181,330.802,185.231,349.803,174.656,0
6694,29.5001,39.3127,301.763,791.722,311.997,818.297,0
6695,157.2,238.549,322.001,377.406,251.311,184.539,0
6696,141.199,109.992,202.312,260.553,248.391,184.82,0
6697,34.3,52.2053,189.732,672.99,149.78,693.171,0
6698,197.503,299.658,331.553,427.304,251.315,184.49,0
6699,148.1,141.783,170.973,352.41,67.6587,404.909,0
6700,102.999,112.428,260.933,293.022,249.956,184.979,0
6701,12.9,19.961,259.228,202.717,251.143,184.469,0
6702,6.4,7.91368,604.092,751.743,611.579,754.298,0
6703,187.802,176.969,224.869,346.217,250.328,184.884,0
6704,154.1,141.939,198.072,308.026,248.557,184.832,0
6705,211.804,191.96,506.098,579.027,598.716,611.694,1
6706,172.501,146.778,482.287,166.167,355.985,173.632,0
6707,58.4997,53.1325,215.099,215.683,248.275,184.756,0
6708,211.804,238.213,341.492,538.096,193.067,622.871,1
6709,27.1001,32.1925,140.266,663.296,149.475,693.25,0
6710,211.804,80.13,415.92,522.894,425.753,544.355,1
6711,24.4001,36.5297,616.233,214.264,648.395,198.102,0
6712,101.399,146.34,387.072,707.126,312.802,817.969,0
6713,16.9,22.5381,599.55,769.969,611.071,755.209,0
6714,176.302,258.296,380.523,610.476,312.281,818.123,0
6715,36.7,37.8942,104.079,399.782,67.6719,405.548,0
6716,50.8998,77.6859,550.787,784.52,611.104,755.153,0
6717,211.804,223.876,324.15,500.346,212.599,625.432,1
6718,211.804,180.509,426.83,428.697,582.323,459.499,1
6719,32.4001,42.1779,119.977,584.619,139.859,611.165,0
6720,146.4,157.049,520.597,390.771,630.382,334.134,0
6721,103.799,97.1896,234.033,277.48,248.907,185.01,0
6722,136.399,145.748,350.448,292.277,350.175,174.753,0
6723,113.799,126.344,189.831,391.541,67.6206,404.832,0
6724,211.004,164.243,202.556,431.882,67.7367,405.553,0
6725,52.7998,64.5058,160.106,563.644,140.116,611.095,0
6726,203.403,185.889,534.069,523.239,613.184,612.71,0
6727,211.804,206.773,423.025,415.158,558.543,346.01,1
6728,21.3,29.3478,590.093,768.197,611.277,754.775,0
6729,98.2991,116.323,248.679,742.454,152.816,701.692,0
6730,60.0997,72.3716,316.639,755.583,312.046,818.221,0
6731,14.1,20.1109,375.645,174.761,355.724,174.103,0
6732,151.5,141.183,518.968,568.875,613.193,612.572,0
6733,72.7995,62.4802,299.969,767.718,311.079,818.616,0
6734,205.103,315.244,330.334,441.691,251.046,184.606,0
6735,128.399,127.36,268.232,635.858,144.76,615.781,0
6736,157.6,159.643,189.664,344.543,67.7466,404.817,0
6737,126.499,169.868,310.59,714.79,312.977,818.122,0
6738,152.4,176.868,417.871,294.976,355.586,174.344,0
6739,42.7999,69.396,574.094,502.286,616.084,541.627,0
6740,82.3993,96.3743,215.89,263.551,248.242,184.691,0
6741,41.0999,58.5506,593.654,697.587,612.362,752.091,0
6742,199.103,193.357,287.511,344.006,249.79,185.088,0
6743,104.499,146.462,274.182,690.717,149.591,693.193,0
6744,210.704,162.909,500.557,160.193,356.138,173.597,0
6745,112.599,143.706,523.003,693.842,612.398,752.067,0
6746,49.6998,82.4788,548.254,798.58,602.444,833.246,0
6747,142.7,119.251,212.658,243.011,248.905,185.043,0
6748,49.1998,63.7751,564.685,730.628,611.983,753.016,0
6749,211.804,238.678,347.817,420.457,323.837,206.144,1
6750,84.3993,93.3725,160.045,395.023,67.7522,405.139,0
6751,211.804,225.43,349.079,586.484,155.873,617.408,1
6752,180.302,260.399,394.9,632.246,313.308,818.204,0
6753,211.804,55.1337,221.955,763.118,224.255,739.85,1
6754,211.104,179.441,265.33,343.318,249.15,185.143,0
6755,179.502,200.54,454.148,303.025,355.591,174.365,0
6756,51.8998,44.8062,258.422,229.585,249.904,185.096,0
6757,211.804,119.819,494.28,640.896,567.252,617.458,1
6758,31.0001,36.0487,579.321,817.957,602.389,833.252,0
6759,211.804,132.95,448.767,479.287,547.798,452.754,1
6760,77.4994,93.9808,243.727,257.21,250.237,184.935,0
6761,114.999,142.709,244.26,654.755,144.817,616.129,0
6762,99.799,143.833,531.707,183.723,647.762,191.359,0
6763,156.9,117.471,197.34,261.754,248.225,184.677,0
6764,3.6,3.88602,598.666,832.638,602.464,833.426,0
6765,78.8994,88.7199,401.903,211.13,355.563,174.368,0
6766,30.0001,46.5533,305.86,186.529,350.11,174.8,0
6767,78.1994,79.3159,574.554,694.012,611.998,752.767,0
6768,169.201,177.401,337.555,316.818,350.077,174.807,0
6769,64.6996,74.7862,593.604,187.709,648.596,190.8,0
6770,211.004,194.193,215.298,449.723,67.685,404.855,0
6771,82.3993,111.841,552.15,480.178,615.584,539.616,0
6772,190.002,160.991,218.163,416.373,67.6154,405.52,0
6773,29.0001,43.4124,188.083,704.614,152.554,701.8,0
6774,19.2,20.1562,87.6902,403.538,67.7916,405.428,0
6775,115.799,107.032,166.18,383.899,67.7558,405.237,0
6776,42.4999,42.2802,110.083,402.004,67.6546,405.602,0
6777,27.9001,37.5473,574.743,806.351,606.466,811.547,0
6778,133.799,152.797,424.831,277.69,356.003,173.777,0
6779,39.1,32.7586,233.701,212.997,249.158,185.132,0
6780,211.804,195.695,499.979,248.192,363.889,174.956,1
6781,21.5,23.6628,274.084,193.893,252.97,183.813,0
6782,142.499,190.126,513.339,225.291,648.492,190.898,0
6783,77.3994,92.1593,145.767,521.732,139.868,611.135,0
6784,46.5999,76.107,202.554,701.136,152.752,701.766,0
6785,16,15.2364,265.436,192.451,253.145,183.47,0
6786,211.804,197.757,281.806,371.307,249.931,194.048,1
6787,126.099,142.645,199.191,382.38,67.8439,405.015,0
6788,73.1995,126.812,250.202,667.809,149.504,693.261,0
6789,3.4,3.36656,359.283,174.835,356.226,173.425,0
6790,72.5995,78.403,195.479,643.882,144.723,615.925,0
6791,211.804,183.026,434.671,607.028,547.202,618.533,1
6792,108.199,139.721,109.092,495.717,67.7144,405.62,0
6793,211.804,231.597,263.672,426.591,67.8201,404.885,1
6794,141.199,186.971,332.67,642.208,313.021,818.132,0
6795,211.804,209.301,446.219,576.952,549.895,615.311,1
6796,117.799,126.545,277.411,295.773,250.115,184.972,0
6797,97.8991,96.169,273.983,770.511,310.558,818.77,0
6798,134.799,137.56,482.307,185.26,356.048,173.781,0
6799,118.499,161.139,322.497,310.906,251.336,184.512,0
6800,211.804,217.513,393.238,326.008,349.681,175.719,1
6801,99.5991,139.565,316.854,284.419,250.621,184.787,0
6802,148,225.898,499.452,259.669,647.942,197.849,0
6803,75.0994,116.406,591.324,269.956,647.959,198.032,0
6804,11.4,13.5487,589.575,830.202,602.413,833.394,0
6805,113.899,162.494,392.736,698.059,312.986,818.077,0
6806,19.6,28.7591,590.936,768.419,611.055,755.07,0
6807,109.599,129.356,394.572,241.617,355.596,174.334,0
6808,211.804,211.661,421.761,583.067,547.831,616.789,1
6809,41.8999,41.9008,589.665,637.614,613.354,613.218,0
6810,42.8999,47.0746,113.652,396.476,67.715,404.818,0
6811,130.899,158.404,287.189,620.768,144.839,616.002,0
6812,105.799,154.707,489.654,718.491,611.84,753.406,0
6813,68.1995,110.828,338.755,710.627,312.334,818.059,0
6814,211.804,270.677,379.318,537.714,186.238,622.429,1
6815,211.804,260.926,429.114,535.13,545.945,614.152,1
6816,55.8997,98.353,571.977,240.742,647.908,197.785,0
6817,69.8995,88.7714,177.011,210.085,248.216,184.666,0
6818,22.4,22.1782,601.237,599.537,613.284,612.408,0
6819,211.804,158.991,198.634,437.875,73.4915,405.591,1
6820,198.503,179.768,275.159,350.672,250.236,184.933,0
6821,211.804,249.646,376.203,526.032,222.134,626.128,1
6822,136.299,185.197,356.524,649.999,313.432,818.188,0
6823,125.999,170.698,513.201,205.593,647.678,191.703,0
6824,211.804,220.071,349.388,592.724,161.529,617.888,1
6825,76.0994,89.312,155.908,398.487,67.6637,404.931,0
6826,122.599,144.519,510.526,116.909,653.63,129.727,0
6827,211.804,195.494,401.911,614.025,548.379,616.545,1
6828,211.804,190.119,460.12,344.298,396.68,174.263,1
6829,20.1,26.8579,406.09,105.148,405.972,78.2402,0
6830,14.9,20.6624,272.392,190.245,253.113,183.47,0
6831,169.001,217.792,385.379,640.963,313.219,818.179,0
6832,143.6,155.012,186.406,345.744,67.7313,405.024,0
6833,211.804,112.097,460.324,478.488,532.79,443.88,1
6834,151.5,139.271,299.514,302.284,250.958,184.643,0
6835,8.3,11.5,604.178,540.51,615.55,539.649,0
6836,104.099,149.217,535.059,212.205,647.931,191.185,0
6837,100.499,165.39,540.206,280.323,648.064,197.8,0
6838,186.602,253.157,259.637,527.324,139.879,611.165,0
6839,26.1001,33.38,598.318,781.97,606.985,810.313,0
6840,211.804,188.461,488.099,485.453,591.001,490.622,1
6841,175.301,215.488,268.707,558.281,144.676,615.707,0
6842,4.5,4.8159,72.4786,404.393,67.7533,405.331,0
6843,205.803,172.437,246.728,339.052,249.773,185.145,0
6844,50.4998,53.4981,587.158,649.468,613.161,613.044,0
6845,100.299,128.272,202.116,536.95,140.115,611.128,0
6846,118.599,180.041,295.328,711.043,149.689,693.251,0
6847,54.1997,74.8604,558.097,340.347,630.43,333.791,0
6848,8.8,9.98123,601.046,754.542,611.091,755.242,0
6849,211.804,235.483,411.26,421.808,558.521,342.846,1
6850,0,0,403.804,69.9745,403.804,69.9745,0
6851,176.102,195.858,405.252,304.828,355.667,174.334,0
6852,24.0001,29.214,246.713,213.865,249.839,185.063,0
6853,211.804,220.568,365.318,404.059,320.905,195.955,1
6854,116.399,107.643,174.513,401.346,67.6908,404.912,0
6855,104.199,114.545,260.872,295.19,249.934,185.131,0
6856,8.09999,10.8171,644.369,136.28,653.986,131.446,0
6857,102.399,116.111,176.546,523.462,139.881,611.159,0
6858,211.804,217.994,502.103,477.78,605.051,539.486,1
6859,10.5,14.7632,153.567,679.122,149.567,693.318,0
6860,124.399,131.439,158.964,481.922,139.651,611.118,0
6861,81.0993,84.4514,608.671,678.579,612.496,751.86,0
6862,211.804,158.84,467.56,645.092,597.992,612.736,1
6863,95.9991,123.899,572.256,431.801,615.592,539.918,0
6864,125.499,143.641,299.892,303.265,251.579,184.349,0
6865,104.499,120.948,181.845,261.296,248.638,184.926,0
6866,35.1,44.148,582.872,779.576,611.143,755.448,0
6867,211.804,187.208,475.971,504.134,557.649,617.46,1
6868,78.7994,76.9457,587.6,365.493,630.271,334.319,0
6869,4.3,3.64774,645.172,189.372,648.387,190.912,0
6870,211.804,150.118,460.411,595.985,600.884,612.99,1
6871,100.899,123.049,255.027,645.203,144.747,616.166,0
6872,55.5997,74.9207,148.769,537.032,139.885,611.08,0
6873,76.5994,76.7637,588.358,363.991,630.356,334.413,0
6874,126.099,172.299,311.55,313.847,251.507,184.44,0
6875,140.699,182.371,504.253,202.414,647.819,191.676,0
6876,211.804,242.248,377.051,557.554,192.906,623.456,1
6877,38.8,56.7651,559.397,749.46,612.114,752.633,0
6878,152.4,203.562,420.004,688.272,312.718,818,0
6879,211.804,169.06,223.976,428.784,89.9607,405.639,1
6880,157.2,145.738,482.888,164.723,355.952,173.622,0
6881,176.002,149.717,278.734,650.794,144.69,615.563,0
6882,95.4991,147.286,315.977,699.472,312.25,818.057,0
6883,152.1,162.379,536.143,452.133,615.657,539.571,0
6884,211.804,219.032,286.856,431.433,97.8675,404.769,1
6885,11.7,16.535,596.744,612.832,613.271,612.711,0
6886,211.804,207.31,467.875,370.831,611.95,335.136,1
6887,98.9991,103.079,516.336,600.2,613.252,612.768,0
6888,162.001,153.67,287.557,625.078,144.703,615.836,0
6889,141.599,177.378,524.495,222.278,647.838,191.656,0
6890,64.8996,73.2559,417.565,155.32,355.63,174.337,0
6891,51.0998,79.0546,327.281,742.089,312.522,818.008,0
6892,66.9995,75.143,415.531,200.972,355.619,174.402,0
6893,113.299,181.774,542.961,239.351,648.058,197.867,0
6894,127.599,173.378,303.326,683.563,312.207,818.169,0
6895,103.499,115.489,453.618,161.781,356.002,173.666,0
6896,211.804,212.017,482.292,248.275,360.187,174.538,1
6897,71.6995,116.125,250.595,709.952,153.602,700.192,0
6898,28.1001,37.9348,616.602,135.923,653.462,130.013,0
6899,107.799,176.271,543.827,244.374,647.976,197.951,0
6900,22.4,27.0073,236.233,204.384,249.307,185.149,0
6901,52.9998,57.9006,605.341,642.906,613.24,613.018,0
6902,0,0,615.978,614.898,615.978,614.898,0
6903,211.804,80.2549,176.545,659.969,174.929,659.051,1
6904,139.199,192.998,434.212,712.831,313.061,818.053,0
6905,211.804,241.186,332.021,477.617,225.09,626.696,1
6906,211.804,232.93,464.956,426.162,611.698,541.078,1
6907,118.199,152.974,515.021,693.508,612.257,752.095,0
6908,124.599,148.244,518.668,146.63,653.456,130.109,0
6909,56.9997,71.3409,96.6169,448.163,67.6803,405.559,0
6910,35.8,51.8619,409.126,129.46,405.928,78.0878,0
6911,140.199,145.009,496.31,343.37,630.346,334.12,0
6912,156.9,184.202,236.607,508.918,139.851,611.089,0
6913,211.804,238.551,453.223,415.285,603.796,537.584,1
6914,136.499,140.167,432.963,257.041,355.626,174.352,0
6915,86.4993,86.01,568.586,666.286,613.172,612.802,0
6916,95.6991,96.7888,132.165,529.293,139.893,611.074,0
6917,206.103,244.935,471.833,345.311,630.369,334.117,0
6918,7.4,8.90906,138.734,602.465,139.976,611.198,0
6919,4,4.56876,148.201,688.963,149.679,693.285,0
6920,72.6995,100.701,528.739,758.538,611.102,755.143,0
6921,200.603,180.997,317.933,619.523,144.798,615.805,0
6922,129.399,120.138,163.944,424.92,67.8262,405.18,0
6923,36.2,56.2199,307.004,771.758,312.276,818.223,0
6924,79.5994,96.6886,191.298,239.439,248.751,185.01,0
6925,211.804,217.513,334.234,511.281,215.104,624.88,1
6926,108.399,124.339,540.837,680.026,613.27,612.887,0
6927,97.6991,97.9754,218.981,276.054,248.417,184.781,0
6928,196.503,185.623,282.263,577.048,144.844,615.778,0
6929,169.501,188.147,323.13,617.968,144.724,615.609,0
6930,132.199,156.311,286.765,622.611,144.818,615.921,0
6931,41.1999,63.8438,340.876,196.85,350.277,174.829,0
6932,0,0,611.636,809.35,611.636,809.35,0
6933,211.804,178.95,385.622,515.764,512.37,454.702,1
6934,87.6992,101.859,560.215,676.914,613.263,612.842,0
6935,211.804,291.069,321.013,482.669,141.407,580.898,1
6936,29.9001,40.9583,613.04,133.499,653.584,129.954,0
6937,83.6993,98.1164,218.941,274.415,248.464,184.777,0
6938,122.799,184.819,424.422,711.36,313.44,818.234,0
6939,179.702,210.077,368.318,355.441,349.911,174.653,0
6940,101.999,143.546,509.857,708.648,611.904,753.164,0
6941,211.804,267.704,348.944,544.472,157.032,618.196,1
6942,164.201,170.515,229.7,384.589,67.7156,404.823,0
6943,57.6997,96.1429,340.264,726.288,312.995,818.069,0
6944,124.299,139.321,574.287,397.813,630.365,334.337,0
6945,211.804,195.454,331.298,549.064,208.03,626.232,1
6946,48.4998,38.5665,234.185,220.051,248.731,184.945,0
6947,33.5001,38.7841,610.871,185.917,647.962,191.334,0
6948,90.9992,131.25,235.376,770.828,152.726,701.778,0
6949,55.4997,95.0945,340.269,727.222,313.102,818.114,0
6950,211.804,225.646,338.376,504.34,215.685,624.978,1
6951,202.903,179.069,313.971,621.08,144.793,616.206,0
6952,155.2,139.801,475.184,153.025,355.977,173.652,0
6953,93.5991,108.05,261.322,289.229,249.829,185.063,0
6954,35.8,61.559,211.323,721.158,153.298,700.914,0
6955,211.804,215.868,311.394,516.785,208.523,624.816,1
6956,211.804,236.01,436.444,554.196,544.986,617.309,1
6957,148.3,128.604,195.118,402.623,67.7459,405.576,0
6958,211.804,235.768,309.381,368.695,250.606,196.461,1
6959,138.899,187.389,518.36,221.642,647.784,191.807,0
6960,203.803,296.402,304.451,503.5,139.837,611.061,0
6961,180.502,174.06,490.085,309.166,630.36,334.083,0
6962,37.7,50.9692,280.288,792.966,311.738,818.35,0
6963,211.804,235.455,361.388,430.102,324.064,205.156,1
6964,40,61.6399,338.623,198.029,350.17,174.813,0
6965,140.299,109.991,544.302,651.904,613.247,612.741,0
6966,211.804,199.818,476.186,473.069,599.544,517.284,1
6967,91.4992,96.5475,249.508,771.155,310.783,818.731,0
6968,120.099,117.703,525.745,347.835,630.253,333.867,0
6969,63.7996,83.3035,333.748,237.089,350.08,174.788,0
6970,99.999,117.746,421.682,243.37,356.252,173.098,0
6971,119.699,126.4,453.865,151.746,355.524,174.307,0
6972,142.7,155.48,190.425,349.583,67.7743,405.169,0
6973,72.7995,92.9715,268.31,274.492,250.35,184.893,0
6974,211.804,160.099,445.669,395.058,551.487,350.007,1
6975,211.804,200.697,492.668,424.912,613.399,333.644,1
6976,165.001,119.73,222.84,299.929,249.404,185.206,0
6977,78.7994,77.8668,601.072,679.983,612.498,751.862,0
6978,151.9,158.999,333.774,301.234,349.592,174.623,0
6979,25.1001,38.3652,313.121,183.07,349.973,174.834,0
6980,15.8,21.7074,418.259,93.0825,406.803,77.8166,0
6981,111.199,144.397,142.444,469.291,67.6903,404.843,0
6982,192.403,204.535,494.372,452.672,615.622,539.641,0
6983,186.202,145.931,484.167,193.193,355.942,173.629,0
6984,211.804,195.846,415.366,623.168,552.043,615.105,1
6985,92.6992,110.064,246.454,621.471,144.616,616.269,0
6986,23.5001,34.099,620.479,136.639,653.517,129.996,0
6987,87.6992,106.044,559.496,150.144,653.518,130.047,0
6988,116.699,149.96,515.674,693.772,612.402,752.089,0
6989,142.499,156.001,521.88,390.42,630.389,334.136,0
6990,10.6,16.1839,259.093,198.792,252.617,183.986,0
6991,106.499,126.391,354.702,261.019,350.133,174.814,0
6992,54.5997,84.7871,581.08,246.754,647.906,197.662,0
6993,193.403,189.242,273.321,358.027,250.559,184.836,0
6994,211.804,229.169,460.856,435.326,608.23,541.729,1
6995,147.2,154.395,240.055,327.945,249.449,185.19,0
6996,52.9998,68.0062,560.87,731.377,612.062,752.711,0
6997,81.2993,97.7716,240.021,632.564,144.683,615.597,0
6998,127.699,125.203,214.339,302.691,248.29,184.762,0
6999,95.6991,151.218,344.763,676.916,313.561,818.269,0
7000,62.4996,92.5144,550.59,496.877,615.765,540.693,0
7001,34.0001,36.1983,103.38,399.425,67.7862,405.063,0
7002,36,42.388,602.774,580.58,613.357,612.21,0
7003,130.599,105.204,228.452,286.405,249.348,185.207,0
7004,187.702,198.652,480.749,393.479,630.278,334.045,0
7005,211.804,105.96,479.457,492.258,515.724,450.048,1
7006,211.304,175.492,193.866,324.504,248.343,184.763,0
7007,200.903,173.653,237.895,345.943,249.309,185.182,0
7008,184.502,278.254,380.225,586.042,313.141,818.228,0
7009,56.1997,70.6216,165.909,558.968,139.938,611.087,0
7010,18.7,26.7875,327.746,188.352,350.116,174.846,0
7011,211.804,223.603,318.435,543.459,171.912,619.426,1
7012,44.2999,64.2878,118.91,565.699,139.92,611.174,0
7013,62.1996,76.8372,577.566,126.986,653.506,129.987,0
7014,211.804,90.1435,446.815,346.882,444.661,332.031,1
7015,19.2,27.84,574.896,835.174,602.417,833.303,0
7016,40.8999,48.2113,580.022,780.031,611.205,755.456,0
7017,211.804,271.083,326.813,462.892,117.192,404.734,1
7018,50.2998,71.0665,187.132,583.56,144.679,615.803,0
7019,193.203,204.785,492.813,415.522,630.348,334.052,0
7020,136.699,122.496,249.342,611.844,144.744,615.722,0
7021,46.6999,41.8602,257.952,225.041,249.385,185.191,0
7022,3.1,2.84303,253.139,173.792,251.938,176.369,0
7023,185.502,206.638,494.1,412.072,630.393,334.08,0
7024,22,22.6506,594.948,602.091,613.239,612.854,0
7025,158.4,182.979,225.698,498.28,140.063,611.103,0
7026,169.601,159.02,210.537,319.44,249.005,184.972,0
7027,21.6,29.2118,409.842,106.888,405.969,78.2265,0
7028,199.303,178.015,268.499,343.542,250.862,184.677,0
7029,199.703,327.932,397.662,549.385,312.803,817.972,0
7030,135.299,176.69,513.858,200.773,648.465,190.931,0
7031,70.8995,87.3412,227.45,268.265,249.049,184.968,0
7032,106.999,153.479,393.917,706.692,312.997,818.093,0
7033,211.804,108.959,479.45,492.671,516.222,446.521,1
7034,46.2999,71.4512,549.179,809.111,602.395,833.277,0
7035,91.5992,137.85,533.448,189.551,647.762,191.885,0
7036,140.599,144.828,321.464,280.479,350.123,174.726,0
7037,211.804,262.304,378.906,455.931,325.634,213.798,1
7038,211.804,94.3968,456.021,477.332,515.863,444.702,1
7039,114.599,104.812,209.187,263.633,248.271,184.84,0
7040,21.9,26.1708,277.427,191.9,253.247,183.33,0
7041,161.401,182.602,220.755,490.663,139.926,611.154,0
7042,30.8001,30.0493,97.3801,400.843,67.6517,404.84,0
7043,211.804,175.072,477.75,537.216,581.756,617.351,1
7044,129.499,130.299,281.916,295.726,250.119,185.005,0
7045,152.3,140.87,487.699,588.348,613.356,613.119,0
7046,113.499,126.766,277.253,299.757,250.751,184.683,0
7047,148.7,132.201,488.72,606.303,613.27,612.656,0
7048,152.9,170.201,495.715,313.553,630.376,334.145,0
7049,79.7994,91.5959,164.882,535.69,139.939,611.135,0
7050,0,0,650.016,190.39,650.016,190.39,0
7051,7.2,9.32643,252.956,193.796,249.967,184.962,0
7052,95.1991,98.7469,129.972,529.042,139.857,611.075,0
7053,4.4,4.13073,602.289,810.898,606.254,812.056,0
7054,3.7,3.74608,607.72,756.635,611.283,755.482,0
7055,147,170.926,323.835,318.754,251.451,184.352,0
7056,19.6,27.9943,601.62,727.671,612.05,752.891,0
7057,165.201,172.397,234.78,394.996,67.7134,404.839,0
7058,148.1,145.35,480.126,153.315,355.983,173.652,0
7059,211.804,174.808,478.245,536.323,583.087,617.251,1
7060,108.099,158.135,285.028,690.011,149.765,693.188,0
7061,96.1991,105.98,247.984,630.83,144.559,615.552,0
7062,211.804,254.387,309.89,356.024,250.465,190.908,1
7063,198.803,196.65,480.656,391.988,630.273,334.061,0
7064,152.3,131.926,195.001,395.086,67.718,404.805,0
7065,87.0992,128.343,352.494,698.074,312.761,817.986,0
7066,177.302,207.021,373.629,343.087,350.025,174.76,0
7067,211.804,213.389,445.735,388.108,602.591,336.772,1
7068,203.603,203.086,304.309,348.432,250.2,184.977,0
7069,188.302,177.764,307.518,653.456,144.784,616.12,0
7070,47.0999,62.355,604.629,155.067,653.506,129.999,0
7071,46.1999,62.6704,601.418,367.782,630.393,334.075,0
7072,67.2995,85.3935,224.805,633.147,144.635,615.561,0
7073,211.804,210.269,444.853,391.078,598.922,335.732,1
7074,184.902,269.247,296.119,526.298,139.901,611.086,0
7075,0,0,635.85,334.567,635.85,334.567,0
7076,18.7,25.5993,380.621,178.922,355.923,173.926,0
7077,133.799,147.805,369.684,267.283,350.216,174.87,0
7078,211.804,211.454,460.342,334.037,367.644,175.043,1
7079,116.199,139.724,529.495,146.088,653.579,130.043,0
7080,31.4001,27.9918,95.5744,403.201,67.7794,405.37,0
7081,211.804,219.779,494.419,484.752,604.434,532.49,1
7082,87.0992,140.546,561.565,283.518,647.973,197.661,0
7083,119.399,136.737,314.99,281.3,250.915,184.661,0
7084,33.3001,48.0064,402.114,166.029,355.837,174.285,0
7085,211.804,267.591,378.425,455.456,325.415,210.786,1
7086,105.799,124.849,512.348,338.256,630.26,334.067,0
7087,131.399,171.132,360.211,664.596,312.606,817.994,0
7088,38.2,56.8077,413.317,133.898,405.954,78.2307,0
7089,56.5997,77.6295,269.894,259.306,250.353,184.935,0
7090,47.7998,77.2639,211.631,694.526,152.621,701.836,0
7091,211.804,118.054,496.041,629.873,576.735,617.67,1
7092,28.8001,48.039,618.442,254.282,636.105,282.626,0
7093,17.3,24.1057,591.368,743.113,612.299,752.382,0
7094,93.1992,141.817,582.438,423.498,615.605,540.163,0
7095,26.0001,40.4492,598.995,511.939,615.983,541.141,0
7096,211.804,189.959,467.609,371.952,600.134,335.803,1
7097,104.899,113.398,524.469,336.895,630.475,333.74,0
7098,211.804,203.465,465.772,500.958,558.864,615.356,1
7099,211.804,196.426,268.315,358.623,248.365,191.607,1
7100,153.3,233.904,324.676,373.88,251.442,184.43,0
7101,183.502,172.375,532.631,536.373,613.172,612.617,0
7102,211.804,241.422,258.112,470.605,105.461,405.599,1
7103,43.4999,46.0751,589.98,641.728,613.306,613.186,0
7104,98.9991,124.238,347.534,274.68,349.831,174.709,0
7105,7.3,9.74941,621.109,337.106,630.509,334.518,0
7106,27.7001,40.7693,300.362,791.945,312.284,818.181,0
7107,156.2,238.117,347.086,376.082,251.447,184.549,0
7108,145.7,156.836,499.543,354.411,630.315,334.123,0
7109,190.402,207.749,367.384,353.249,350.213,174.83,0
7110,156.3,147.24,198.826,314.557,248.663,184.903,0
7111,29.2001,46.387,607.57,302.189,630.369,334.058,0
7112,168.901,141.355,283.449,312.052,250.404,184.933,0
7113,124.199,134.883,320.105,258.054,349.666,174.725,0
7114,192.203,207.483,423.881,314.725,355.538,174.317,0
7115,165.401,120.196,230.804,300.179,248.252,184.722,0
7116,38.1,55.0935,557.233,759.063,611.199,754.87,0
7117,68.5995,111.95,583.876,269.736,648.03,197.741,0
7118,48.7998,82.6743,335.596,738.535,312.672,817.953,0
7119,91.0992,107.308,426.367,227.851,355.594,174.356,0
7120,51.5998,71.8308,559.417,342.676,630.272,334.062,0
7121,211.804,149.544,490.095,636.251,596.039,615.489,1
7122,143.3,177.7,513.46,201.792,647.909,191.476,0
7123,32.3001,47.3338,278.627,796.755,312.105,818.167,0
7124,77.6994,90.3532,272.677,768.939,310.771,818.747,0
7125,205.503,159.065,470.678,612.53,613.164,612.758,0
7126,186.502,193.592,443.402,310.769,355.563,174.377,0
7127,134.299,157.397,334.395,297.22,349.693,174.683,0
7128,19.3,26.8333,382.568,174.222,355.753,174.206,0
7129,43.1999,50.5534,301.165,184.821,253.275,182.946,0
7130,103.599,132.083,513.654,718.332,611.961,752.832,0
7131,211.804,256.568,268.133,462.202,108.871,404.771,1
7132,9.3,11.1068,640.649,206.193,647.966,197.883,0
7133,27.3001,36.4749,391.42,179.613,355.787,174.268,0
7134,211.804,116.044,580.881,291.004,599.126,319.42,1
7135,163.501,143.986,289.84,309.22,249.173,185.126,0
7136,211.804,197.028,419.88,437.532,587.883,472.941,1
7137,138.699,217.761,504.117,262.959,647.858,197.678,0
7138,18.4,26.4548,140.466,646.944,139.812,620.933,0
7139,111.499,123.8,187.742,391.438,67.7229,405.49,0
7140,44.5999,61.5578,268.997,242.721,250.422,184.944,0
7141,211.804,132.172,419.955,490.405,510.887,453.841,1
7142,120.199,148.72,558.759,417.535,615.46,540.036,0
7143,143.2,133.391,281.832,290.944,249.795,185.063,0
7144,2.4,1.94953,649.648,200.843,650.315,199.011,0
7145,155.8,169.136,304.721,644.371,144.825,615.957,0
7146,26.9001,40.8356,412.984,117.938,405.85,78.2412,0
7147,30.3001,49.1227,605.209,299.377,630.353,334.325,0
7148,211.804,199.984,464.691,349.303,395.176,174.953,1
7149,0,0,147.692,698.485,147.732,698.527,0
7150,211.804,164.89,453.205,639.374,593.165,614.661,1
7151,58.9997,73.5491,198.18,637.821,144.8,616.135,0
7152,122.399,104.341,227.588,285.587,249.474,185.238,0
7153,211.804,199.174,402.84,609.081,547.741,618.315,1
7154,119.999,121.718,126.164,509.554,139.666,611.092,0
7155,97.6991,131.27,514.439,719.31,611.917,753.202,0
7156,166.201,193.385,328.498,343.834,250.895,184.746,0
7157,170.401,158.559,173.247,334.438,67.701,405.561,0
7158,82.6993,98.4826,555.861,123.396,653.545,129.994,0
7159,55.0997,68.5447,160.587,559.239,139.936,611.116,0
7160,11.6,14.5505,404.99,92.4819,405.844,78.235,0
7161,112.399,119.219,152.524,496.657,139.603,611.223,0
7162,191.602,268.857,259.802,540.56,139.748,611.11,0
7163,136.899,150.522,504.277,118.753,653.517,129.813,0
7164,0,0,644.263,284.563,644.263,284.563,0
7165,187.602,176.152,449.612,277.734,356.042,173.461,0
7166,181.402,262.285,384.024,602.114,312.209,818.222,0
7167,211.804,155.518,484.507,484.305,583.549,462.855,1
7168,73.9994,66.9933,300.02,762.289,310.819,818.653,0
7169,211.804,40.2837,534.051,279.371,533.387,279.46,1
7170,61.1996,71.2885,599.218,685.535,612.435,752.064,0
7171,49.5998,52.7174,99.0089,433.291,67.6431,405.504,0
7172,6.7,7.79854,639.024,195.802,646.608,194.315,0
7173,26.5001,37.3202,408.577,114.723,405.937,78.1967,0
7174,144.2,192.192,387.815,668.839,312.393,818.151,0
7175,12.4,18.435,85.6294,400.363,67.7341,404.995,0
7176,0,0,62.2831,402.306,62.2831,402.306,0
7177,21.9,35.3361,316.477,183.7,350.222,174.778,0
7178,104.699,139.601,367.565,255.681,349.974,174.738,0
7179,118.199,139.86,267.117,615.996,144.736,616.163,0
7180,125.899,172.835,540.796,234.664,648.456,190.786,0
7181,203.403,177.297,216.566,331.333,249.541,185.217,0
7182,173.201,187.457,230.481,540.423,139.765,611.054,0
7183,211.804,195.59,423.58,321.133,374.31,174.944,1
7184,93.0992,133.288,234.53,771.902,152.764,701.803,0
7185,117.099,180.065,296.752,710.11,149.317,693.385,0
7186,87.0992,90.5695,534.232,600.16,613.207,612.767,0
7187,119.699,142.949,511.47,119.961,653.459,129.962,0
7188,34.1001,42.6994,576.216,771.598,611.257,754.93,0
7189,211.804,235.264,370.539,562.751,191.572,622.674,1
7190,211.804,179.753,373.552,500.715,506.169,452.735,1
7191,211.804,170.189,545.052,509.295,583.934,617.083,1
7192,21.1,31.0353,597.523,726.179,612.352,752.028,0
7193,44.5999,58.0927,596.56,697.183,612.256,752.062,0
7194,211.804,197.555,464.824,255.831,393.452,174.963,1
7195,58.5997,102.113,571.157,237.188,647.976,197.93,0
7196,95.9991,115.326,246.912,643.594,144.742,616.125,0
7197,36.8,47.4079,556.149,830.222,602.454,833.325,0
7198,50.0998,77.7265,213.904,678.906,149.422,693.411,0
7199,106.999,118.603,179.729,255.399,248.966,184.983,0
7200,211.804,198.785,467.179,500.396,557.696,616.18,1
7201,160.701,122.107,497.145,602.825,613.16,612.954,0
7202,211.804,185.922,252.384,377.082,86.4095,404.317,1
7203,191.302,206.618,457.831,298.66,355.592,174.332,0
7204,196.603,157.736,465.195,600.442,613.33,613.206,0
7205,169.201,134.839,489.207,610.526,613.161,612.824,0
7206,29.3001,37.7024,616.556,132.905,653.5,130.011,0
7207,189.302,174.239,208.004,352.468,67.7118,404.848,0
7208,41.9999,44.7801,259.63,228.146,250.005,185.003,0
7209,160.601,217.126,352.138,621.29,313.08,818.086,0
7210,62.7996,83.8841,333.282,237.133,349.894,174.668,0
7211,185.102,127.805,195.042,263.122,248.279,184.8,0
7212,82.4993,90.9132,310.371,741.244,310.794,818.71,0
7213,211.804,225.239,447.168,399.907,600.852,334.887,1
7214,211.804,198.171,386.606,337.417,332.314,185.079,1
7215,178.302,177.677,267.495,342.513,250.945,184.59,0
7216,211.804,219.661,237.871,471.183,100.477,404.716,1
7217,36,40.299,292.146,183.894,253.447,182.781,0
7218,32.1001,37.033,576.296,817.093,602.425,833.343,0
7219,112.799,174.763,409.559,701.714,313.439,818.301,0
7220,28.6001,38.6213,610.371,184.877,647.751,191.528,0
7221,128.099,146.109,508.174,120.723,653.503,129.951,0
7222,211.804,189.236,489.538,273.125,387.978,175.105,1
7223,150.8,208.222,419.929,692.856,313.187,818.169,0
7224,17.5,26.137,159.229,602.937,144.535,616.766,0
7225,211.804,296.907,315.484,489.024,140.339,588.549,1
7226,41.0999,40.3574,590.915,636.197,613.346,613.199,0
7227,26.2001,30.1431,585.05,604.465,613.361,612.394,0
7228,62.6996,107.991,351.961,719.66,313.04,818.108,0
7229,142.6,164.829,502.382,136.639,653.476,129.913,0
7230,18.2,21.7392,594.563,603.825,613.25,612.666,0
7231,196.003,178.335,296.267,333.079,250.869,184.662,0
7232,113.399,140.657,545.623,460.044,615.688,539.634,0
7233,117.699,105.365,219.665,284.031,248.347,184.805,0
7234,92.9992,108.112,426.835,227.867,356.087,173.531,0
7235,201.703,305.387,339.89,430.607,251.254,184.525,0
7236,23.1001,30.4497,386.076,175.143,355.828,174.013,0
7237,43.5999,68.1399,552.437,812.237,602.425,833.291,0
7238,100.699,130.066,204.685,534.22,139.94,611.065,0
7239,197.403,248.595,277.196,527.963,144.7,615.674,0
7240,201.003,223.131,482.416,462.536,615.593,539.956,0
7241,92.0992,147.046,272.192,675.673,149.428,693.351,0
7242,63.2996,81.517,540.464,607.975,613.27,612.808,0
7243,38.6,36.2573,284.09,201.342,252.36,183.981,0
7244,206.303,174.137,233.679,344.53,248.16,184.669,0
7245,211.804,144.301,484.686,488.226,574.867,450.047,1
7246,198.203,232.254,483.205,348.645,630.26,334.151,0
7247,211.804,163.262,459.451,469.045,583.4,465.578,1
7248,177.002,171.12,463.506,575.779,613.159,612.606,0
7249,51.7998,73.7647,542.019,761.591,611.182,755.463,0
7250,95.7991,149.787,274.576,673.842,149.46,693.362,0
7251,137.099,141.313,553.367,549,613.343,612.532,0
7252,71.2995,90.9456,117.131,455.651,67.7034,405.48,0
7253,211.804,141.258,417.773,511.214,514.85,453.299,1
7254,211.804,71.4591,188.275,656.523,173.193,658.977,1
7255,105.899,147.149,571.233,413.816,615.597,540.18,0
7256,184.002,204.162,497.652,452,615.53,539.973,0
7257,49.3998,76.9559,588.483,476.688,615.78,540.912,0
7258,211.804,223.817,267.517,410.433,83.9664,404.768,1
7259,211.804,218.517,453.445,462.327,600.193,521.392,1
7260,211.804,162.277,398.446,509.468,514.64,449.33,1
7261,124.299,118.06,252.126,287.268,249.559,185.181,0
7262,80.3993,103.536,348.888,240.433,349.718,174.696,0
7263,113.799,167.762,338.653,659.615,313.492,818.328,0
7264,13.8,17.1359,156.917,610.586,144.79,616.058,0
7265,65.4996,74.1376,601.794,684.371,612.338,752.092,0
7266,40.1,64.1059,268.839,246.121,250.428,184.896,0
7267,193.603,309.623,387.497,569.396,312.718,818.016,0
7268,211.804,257.922,359.031,552.971,167.917,619.396,1
7269,104.899,106.378,166.054,383.75,67.7385,405.254,0
7270,9.6,11.0899,600.151,803.456,606.732,811.027,0
7271,155.1,160.233,207.173,360.743,67.7395,404.87,0
7272,84.9993,98.6614,276.85,278.38,250.001,185.03,0
7273,111.299,119.498,280.182,739.359,311.057,818.583,0
7274,91.5992,97.8615,608.352,708.613,612.474,751.835,0
7275,211.804,148.451,481.224,368.314,553.776,349.122,1
7276,65.9996,107.073,243.495,684.721,149.461,693.236,0
7277,118.899,131.567,482.548,181.626,355.93,173.64,0
7278,211.804,138.399,419.042,509.768,511.918,455.088,1
7279,191.602,156.679,507.182,680.777,613.316,613.082,0
7280,188.802,309.233,390.986,566.722,313.086,818.1,0
7281,42.0999,56.7087,611.743,159.629,647.589,191.904,0
7282,99.999,107.615,163.833,513.156,139.684,611.134,0
7283,19.3,27.9195,316.277,790.646,312.84,818.081,0
7284,211.804,219.363,389.551,339.839,348.136,176.16,1
7285,46.6999,71.3394,589.528,482.433,616.004,541.345,0
7286,112.499,115.205,549.346,576.974,613.189,612.766,0
7287,211.804,268.227,325.33,460.81,118.789,404.234,1
7288,96.8991,113.325,226.306,754.478,152.89,701.692,0
7289,142.499,157.928,613.598,425.553,615.551,539.684,0
7290,211.804,154.645,427.36,633.143,555.353,617.576,1
7291,160.801,179.864,342.371,316.02,350.173,174.741,0
7292,81.9993,92.1027,381.733,203.901,355.629,174.442,0
7293,205.703,214.471,390.037,326.887,349.482,174.627,0
7294,20,30.0714,623.387,213.893,647.971,197.94,0
7295,120.499,132.098,297.076,293.977,250.616,184.814,0
7296,125.899,144.497,327.345,268.996,349.902,174.686,0
7297,192.403,150.813,217.386,405.538,67.6736,405.61,0
7298,190.202,282.296,289.764,495.983,139.898,611.188,0
7299,15.3,21.4283,413.914,98.0017,406.139,78.1888,0
7300,211.804,285.895,359.773,490.611,216.512,625.491,1
7301,211.804,248.793,346.511,550.51,167.545,618.779,1
7302,68.8995,74.1419,422.647,153.736,356.112,173.531,0
7303,211.304,206.014,471.567,399.315,630.335,334.124,0
7304,211.804,230.572,436.059,367.534,395.925,174.893,1
7305,60.0997,70.0282,418.042,150.64,356.01,173.691,0
7306,78.3994,88.6253,307.057,738.397,311.324,818.479,0
7307,112.699,153.091,537.257,216.085,648.299,190.852,0
7308,211.804,221.855,499.03,476.711,606.168,539.012,1
7309,37.6,52.9311,408.912,130.615,405.878,78.2296,0
7310,131.399,147.317,368.448,268.707,350.177,174.731,0
7311,211.804,198.391,476.125,267.548,371.353,175.001,1
7312,211.804,239.688,450.438,411.804,604.938,534.026,1
7313,80.3993,123.318,365.558,713.587,313.217,818.162,0
7314,13.7,16.3531,83.8136,406.716,67.8363,405.261,0
7315,134.299,122.104,188.393,401.554,67.816,405.177,0
7316,173.101,135.122,526.298,648.555,613.259,612.657,0
7317,112.399,157.803,360.272,676.319,312.893,817.964,0
7318,80.4993,75.6344,603.574,684.056,612.419,752.055,0
7319,4.2,4.70082,608.54,612.61,613.212,612.796,0
7320,86.1993,141.076,558.037,276.933,648.141,197.938,0
7321,18,19.8508,261.852,200.952,252.621,183.912,0
7322,211.804,124.612,451.697,480.983,548.481,447.914,1
7323,14,16.5676,614.293,332.183,630.465,334.525,0
7324,211.804,187.67,250.481,405.516,74.1601,404.794,1
7325,211.804,225.631,460.832,430.127,605.308,540.453,1
7326,31.7001,43.3591,407.014,121.2,405.858,78.1079,0
7327,47.5998,68.5153,329.298,222.622,350.174,174.779,0
7328,211.804,60.9789,483.06,357.429,483.532,366.455,1
7329,73.8994,93.7616,313.706,237.212,349.912,174.72,0
7330,201.003,181.949,205.111,341.658,67.6811,404.907,0
7331,50.4998,43.3979,253.753,227.833,249.154,185.134,0
7332,109.599,158.646,285.847,690.416,149.632,693.302,0
7333,116.399,132.915,225.828,591.307,144.697,615.616,0
7334,203.703,200.517,404.604,307.846,355.57,174.36,0
7335,102.099,150.885,312.868,695.65,312.015,818.198,0
7336,200.103,197.826,473.091,304.702,630.337,334.053,0
7337,182.702,215.94,348.893,352.057,349.771,174.669,0
7338,17.6,23.7836,587.579,754.866,611.142,755.303,0
7339,202.403,295.842,277.281,488.647,139.942,611.137,0
7340,36.2,51.0776,561.46,759.852,611.151,754.989,0
7341,20.3,22.1488,248.65,207.085,249.635,185.171,0
7342,211.804,160.35,532.409,523.82,580.338,617.907,1
7343,127.099,147.225,518.256,136.053,653.482,129.969,0
7344,211.804,234.778,261.055,441.015,79.563,404.793,1
7345,211.804,229.502,458.998,461.89,605.665,534.478,1
7346,67.9995,82.7417,576.698,141.647,653.513,130.043,0
7347,96.6991,117.49,560.127,384.855,630.467,334.385,0
7348,46.3999,44.1037,283.017,210.86,252.628,183.914,0
7349,8.2,11.8273,155.697,620.112,144.302,616.943,0
7350,174.301,160.122,189.595,320.394,248.255,184.715,0
7351,181.802,259.541,392.754,633.686,313.1,818.068,0
7352,179.802,142.438,493.595,649.461,613.17,612.87,0
7353,99.999,142.805,584.24,423.22,615.747,539.542,0
7354,76.0994,123.161,337.144,698.768,312.262,818.06,0
7355,131.199,177.633,358.249,659.403,312.138,818.22,0
7356,35.8,52.8394,576.592,784.26,606.369,811.814,0
7357,147.7,175.637,518.128,440.329,615.514,539.929,0
7358,90.2992,147.459,556.391,271.139,648.055,198.007,0
7359,27.0001,31.323,282.142,194.73,253.182,183.265,0
7360,211.804,140.061,450.795,623.35,559.727,617.254,1
7361,172.401,190.985,216.609,479.471,139.554,611.27,0
7362,23.1001,30.8858,602.015,333.346,630.351,334.122,0
7363,211.804,152.596,482.453,484.573,582.325,460.685,1
7364,3.4,2.86481,603.133,813.019,605.97,812.84,0
7365,163.001,132.847,162.227,439.075,67.7135,405.574,0
7366,211.804,198.112,458.494,377.123,600.655,336.003,1
7367,105.399,155.397,281.837,689.56,149.52,693.226,0
7368,211.804,224.6,462.514,434.825,605.924,540.369,1
7369,22.3,32.3761,136.495,652.622,139.836,620.892,0
7370,84.3993,104.483,219.887,651.607,144.82,616.061,0
7371,116.499,148.637,533.179,181.047,648.053,190.993,0
7372,135.799,142.271,244.734,318.654,249.864,185.103,0
7373,211.804,191.019,260.595,355.912,248.449,190.631,1
7374,211.804,185.012,484.642,486.026,593.135,489.586,1
7375,211.804,234.589,410.726,396.159,324.358,209.293,1
7376,156.6,147.502,179.058,348.976,67.7266,405.54,0
7377,77.0994,110.879,568.306,171.372,653.467,130.025,0
7378,14.4,18.1296,612.116,334.353,630.316,334.009,0
7379,211.804,133.45,478.991,162.222,373.28,174.381,1
7380,184.102,198.504,478.79,392.393,630.405,334.095,0
7381,2.3,1.85675,69.0886,407.094,67.3773,406.374,0
7382,69.3995,92.0787,186.967,560.634,139.935,611.185,0
7383,211.804,194.792,90.2113,458.76,91.7454,460.433,1
7384,55.2997,94.0738,577.034,254.558,647.834,197.573,0
7385,102.899,121.861,217.87,604.645,144.754,616.01,0
7386,137.899,118.93,538.724,658.253,613.267,612.772,0
7387,129.999,139.226,349.103,289.482,349.996,174.784,0
7388,70.5995,112.907,324.793,712.991,312.273,818.112,0
7389,47.5998,67.6722,411.208,143.869,405.946,78.1914,0
7390,211.804,209.623,364.235,397.041,320.335,198.057,1
7391,172.201,187.157,408.351,297.945,355.608,174.398,0
7392,130.099,163.413,238.118,572.384,144.684,615.719,0
7393,208.204,186.128,230.68,350.548,250.498,184.763,0
7394,181.602,149.618,506.937,673.476,613.329,613.116,0
7395,192.903,154.21,187.524,307.596,248.671,184.891,0
7396,211.804,205.187,459.708,459.085,598.966,511.732,1
7397,211.804,201.513,476.864,270.399,364.77,174.755,1
7398,59.8997,74.0791,271.001,779.418,310.519,818.857,0
7399,133.099,183.596,311.395,324.008,251.466,184.418,0
7400,171.601,134.516,501.971,651.074,613.252,612.56,0
7401,211.804,224.043,368.196,387.312,334.62,181.871,1
7402,211.804,228.41,466.162,426.458,611.852,540.011,1
7403,180.402,266.225,333.802,394.767,251.352,184.548,0
7404,211.804,137.48,405.285,487.722,514.107,453.923,1
7405,211.804,157.378,464.092,643.226,597.296,613.394,1
7406,28.9001,40.1483,174.601,632.547,144.681,615.736,0
7407,211.804,228.978,434.561,562.728,546.546,618.07,1
7408,135.499,187.576,388.214,672.279,313.115,818.05,0
7409,174.001,143.692,481.654,164.471,355.994,173.684,0
7410,39.4,35.3795,592.409,631.237,613.31,613.113,0
7411,211.804,197.449,468.991,385.801,617.92,333.724,1
7412,42.0999,68.446,269.918,250.134,250.755,184.714,0
7413,62.7996,67.6404,269.152,248.744,249.379,185.189,0
7414,211.804,246.082,358.534,443.753,324.466,209.885,1
7415,0,0,61.6882,407.275,61.6882,407.275,0
7416,104.799,129.215,612.592,739.655,612.371,752.02,0
7417,54.8997,67.3562,596.153,688.245,612.414,752.076,0
7418,121.999,156.028,231.63,569.844,144.763,616.028,0
7419,152,121.122,226.509,299.003,248.88,184.979,0
7420,146.1,199.182,525.399,506.124,615.569,540.217,0
7421,211.804,79.8806,585.828,320.234,580.621,325.395,1
7422,112.599,131.857,355.099,270.18,349.73,174.735,0
7423,171.001,152.683,286.063,625.77,144.69,615.593,0
7424,101.399,150.857,277.51,675.759,149.555,693.193,0
7425,76.2994,91.2062,555.002,324.63,630.325,333.935,0
7426,91.3992,114.856,131.586,464.508,67.7145,405.417,0
7427,173.201,181.733,430.475,303.629,356.021,173.688,0
7428,211.804,186.798,254.553,354.33,248.112,187.844,1
7429,141.799,156.96,278.857,662.987,144.74,615.612,0
7430,2.3,1.8149,606.448,817.819,607.564,816.39,0
7431,45.8999,50.4616,593.24,647.212,613.267,613.204,0
7432,143.3,135.958,522.69,672.733,613.199,613.006,0
7433,34.6,37.132,287.734,193.99,253.334,183.072,0
7434,56.6997,71.4501,554.42,606.438,613.281,612.796,0
7435,211.804,218.547,289.434,431.75,102.864,404.664,1
7436,67.0995,90.0017,334.98,243.486,349.807,174.715,0
7437,76.0994,82.336,431.835,182.78,356.139,173.521,0
7438,211.804,154.246,428.774,393.613,527.907,353.941,1
7439,26.3001,43.7951,193.848,716.53,152.702,701.844,0
7440,134.899,126.037,527.22,667.589,613.154,613.011,0
7441,5.3,5.58696,607.87,611.555,613.266,612.656,0
7442,82.3993,131.812,343.753,695.995,312.195,818.168,0
7443,211.804,241.619,326.707,493.843,207.43,626.25,1
7444,211.804,201.311,470.544,517.088,555.096,615.654,1
7445,105.999,114.168,376.608,217.912,355.624,174.417,0
7446,35,50.2454,280.999,794.299,312.007,818.28,0
7447,211.804,156.66,500.249,160.469,361.255,174.49,1
7448,39.5,57.6965,119.448,572.995,139.579,611.162,0
7449,144.2,225.804,499.153,258.581,647.875,197.807,0
7450,211.804,150.064,478.212,480.421,580.811,456.607,1
7451,121.799,154.696,507.536,695.765,612.524,751.821,0
7452,61.2996,84.8562,157.159,536.358,139.915,611.099,0
7453,69.7995,90.2245,232.922,629.942,144.659,615.571,0
7454,111.899,170.787,391.7,689.373,313.529,818.279,0
7455,59.1997,75.2198,576.241,348.948,630.299,334.083,0
7456,92.9992,154.682,547.656,287.095,647.853,197.772,0
7457,33.1001,31.5851,234.249,211.052,249.112,185.131,0
7458,39.8,42.1303,294.414,187.004,253.363,182.944,0
7459,126.299,108.315,224.504,288.537,249.471,185.243,0
7460,15.4,18.4548,593.122,754.149,611.136,755.046,0
7461,160.101,214.843,382.446,641.317,312.681,818.017,0
7462,51.8998,82.0462,537.166,776.856,611.167,754.903,0
7463,43.1999,55.0005,407.163,182.625,355.953,173.747,0
7464,211.804,226.026,490.227,484.61,603.354,536.361,1
7465,52.2998,71.7361,194.175,590.509,144.638,615.586,0
7466,31.0001,42.5946,409.962,120.12,405.948,78.2435,0
7467,49.7998,60.3144,573.767,640.034,613.255,613.183,0
7468,211.804,204.359,492.639,488.293,597.706,511.559,1
7469,211.804,207.833,479.418,274.65,356.896,174.741,1
7470,102.199,159.514,394.079,700.655,313.417,818.193,0
7471,88.9992,117.827,186.359,259.715,248.713,184.86,0
7472,80.2993,101.592,197.087,562.028,139.857,611.112,0
7473,104.999,148.029,527.567,194.314,647.82,191.495,0
7474,19.2,27.1017,614.597,292.585,635.952,282.501,0
7475,109.299,158.68,285.693,698.552,310.441,818.866,0
7476,113.199,125.37,275.816,299.926,249.909,185.112,0
7477,74.7994,107.652,284.717,282.23,250.414,184.942,0
7478,17.2,24.9235,380.704,175.356,355.93,174.023,0
7479,118.199,154.889,540.724,213.437,647.774,191.777,0
7480,81.5993,91.5145,230.449,272.373,249.186,185.143,0
7481,65.7996,73.1882,598.651,355.922,630.45,334.364,0
7482,5.5,6.58436,357.961,180.429,355.485,174.335,0
7483,178.702,260.424,331.303,389.019,251.325,184.523,0
7484,211.804,90.6326,460.809,469.63,524.921,444.362,1
7485,159.401,163.131,195.988,354.152,67.6697,404.84,0
7486,150.6,147.617,199.842,370.785,67.7008,405.61,0
7487,211.804,155.639,494.147,683.617,596.711,613.523,1
7488,10.8,16.4843,638.086,135.664,653.649,130.245,0
7489,90.1992,121.76,572.21,433.93,615.663,539.628,0
7490,2.5,1.99144,654.212,200.475,653.408,198.653,0
7491,159.801,147.654,178.767,349.588,67.6464,405.577,0
7492,133.399,210.153,512.824,259.682,647.93,197.607,0
7493,202.403,330.836,393.743,590.205,312.74,818.048,0
7494,211.804,254.798,328.772,473.696,213.419,625.891,1
7495,75.6994,116.21,563.166,209.288,647.763,191.897,0
7496,54.0997,83.1356,536.073,778.264,611.104,755.227,0
7497,55.8997,76.3124,556.639,339.142,630.337,333.915,0
7498,13.1,20.4074,135.853,640.732,139.929,620.899,0
7499,129.799,189.537,428.866,712.883,313.184,818.182,0
7500,54.6997,46.4984,256.24,229.82,249.491,185.226,0
7501,162.201,164.506,193.637,341.552,67.8208,405.41,0
7502,149,188.391,513.566,220.305,648.432,190.885,0
7503,128.699,176.995,541.917,238.034,647.889,191.63,0
7504,82.4993,110.861,230.221,652.823,144.828,616.192,0
7505,43.4999,52.4525,263.598,234.619,250.18,185.021,0
7506,5.9,7.42871,259.511,186.843,252.768,183.783,0
7507,55.5997,59.4885,125.978,397.428,67.7216,404.815,0
7508,211.804,234.007,269.755,425.542,69.7895,404.963,1
7509,166.301,159.299,408.174,270.135,355.932,173.681,0
7510,211.804,221.182,477.002,472.194,604.616,539.084,1
7511,59.4997,78.074,312.185,220.631,349.912,174.796,0
7512,211.804,233.753,455.296,417.434,604.661,534.516,1
7513,0,0,607.311,815.382,607.311,815.382,0
7514,5.7,6.61507,142.763,605.189,140.916,611.541,0
7515,211.804,238.738,330.856,563.458,146.139,615.864,1
7516,144.7,131.299,508.838,655.008,613.192,612.676,0
7517,62.9996,80.4046,570.508,359.412,630.257,333.919,0
7518,186.402,208.707,329.793,602.507,144.769,616.019,0
7519,20.5,27.7423,602.254,727.028,612.256,752.07,0
7520,163.201,172.99,506.662,387.793,630.405,334.068,0
7521,97.5991,162.393,552.472,256.377,647.882,197.829,0
7522,211.804,194.22,400.629,612.877,546.661,616.14,1
7523,74.7994,82.7068,546.477,633.454,613.267,612.888,0
7524,92.4992,97.3236,567.8,683.932,612.001,752.8,0
7525,97.8991,128.343,554.57,454.564,615.457,540.075,0
7526,54.0997,60.2807,607.532,647.052,613.248,612.83,0
7527,47.2999,49.9542,295.535,204.28,252.798,183.89,0
7528,195.303,192.539,446.127,297.15,356.068,173.55,0
7529,211.804,173.488,509.068,533.13,594.649,614.041,1
7530,211.804,131.54,492.43,636.4,584.502,617.563,1
7531,211.804,126.729,411.146,469.982,515.399,451.107,1
7532,211.804,191.389,437.427,447.554,589.002,484.905,1
7533,32.8001,52.0818,563.366,747.626,612.463,752.117,0
7534,190.202,171.871,200.387,341.63,67.6659,404.828,0
7535,16.3,23.2573,588.003,754.642,611.05,755.29,0
7536,209.104,207.719,281.355,560.266,144.749,615.659,0
7537,166.801,196.163,251.107,555.044,144.621,615.657,0
7538,211.804,126.068,440.351,507.298,516.826,443.389,1
7539,32.5001,43.4767,609.208,175.239,647.617,191.943,0
7540,211.804,156.397,441.867,386.476,550.301,349.704,1
7541,24.4001,35.2727,308.235,790.767,311.443,818.494,0
7542,11.8,15.9282,137.717,635.999,139.805,620.825,0
7543,74.1994,85.4392,542.603,601.288,613.164,612.765,0
7544,105.199,126.717,540.274,150.686,653.503,130.048,0
7545,88.2992,99.4761,157.7,514.869,139.898,611.08,0
7546,31.8001,47.0396,162.785,647.976,140.137,620.774,0
7547,182.902,219.849,332.364,594.845,144.787,615.948,0
7548,66.7996,73.9623,588.11,667.986,613.241,612.728,0
7549,31.2001,30.7112,131.641,586.388,139.881,611.123,0
7550,50.1998,78.829,586.773,475.124,615.602,540.217,0
7551,47.9998,66.4645,340.659,203.039,349.588,174.626,0
7552,35.7,56.3633,591.807,700.724,612.261,752.115,0
7553,0,0,653.263,195.681,653.263,195.681,0
7554,107.799,117.152,255.855,751.381,310.612,818.795,0
7555,139.299,160.685,188.413,478.537,139.92,611.163,0
7556,121.299,132.241,296.069,293.286,250.906,184.719,0
7557,106.999,105.234,133.488,520.308,139.627,611.239,0
7558,211.804,186.664,424.747,439.348,586.058,469.095,1
7559,211.804,105.442,475.571,490.423,518.705,442.846,1
7560,19.4,28.3775,600.267,786.89,606.314,811.942,0
7561,53.7998,54.4078,112.374,418.102,67.7176,404.815,0
7562,67.0995,81.9989,582.35,185.232,647.889,191.568,0
7563,211.804,190.028,500.274,519.265,590.371,614.576,1
7564,79.7994,138.542,268.484,711.244,153.667,700.271,0
7565,71.2995,109.784,559.518,200.803,648.62,190.826,0
7566,211.804,201.567,351.853,371.854,320.552,192.455,1
7567,170.901,173.409,506.207,388.125,630.295,334.143,0
7568,29.7001,41.7019,614.424,175.142,648.193,191.032,0
7569,40.4,61.6091,597.706,201.635,648.008,197.817,0
7570,31.0001,46.8393,277.915,797.294,311.912,818.311,0
7571,49.5998,55.2617,598.516,128.429,653.644,129.71,0
7572,154.2,141.226,286.81,311.867,249.433,185.243,0
7573,21.2,27.4855,403.824,105.123,405.735,78.1446,0
7574,169.401,178.736,416.818,294.926,356.024,173.677,0
7575,135.499,143.338,495.792,337.874,630.365,334.183,0
7576,211.804,129.893,419.377,494.24,510.194,454.76,1
7577,0,0,350.996,174.725,350.996,174.725,0
7578,30.1001,49.9913,326.381,770.258,312.704,818.065,0
7579,89.1992,110.149,544.668,124.055,653.477,129.957,0
7580,85.9993,104.356,178.938,535.686,139.845,611.108,0
7581,211.804,210.757,265.43,430.02,89.2191,404.855,1
7582,5.5,6.76094,347.218,180.944,349.597,174.616,0
7583,211.804,137.814,484.879,486.743,565.032,450.6,1
7584,211.804,160.911,459.223,459.375,585.818,470.927,1
7585,30.5001,47.2029,310.273,778.818,312.201,818.178,0
7586,209.204,216.326,389.859,335.127,349.868,174.658,0
7587,29.6001,40.4359,579.492,796.083,606.494,811.817,0
7588,18.4,29.6437,622.814,212.59,648.26,198.12,0
7589,153.9,183.182,235.282,508.388,139.967,611.1,0
7590,161.701,163.423,211.007,359.729,67.6456,404.89,0
7591,5.8,6.84306,639.826,194.759,646.608,194.6,0
7592,25.9001,33.2428,569.725,834.515,602.477,833.238,0
7593,211.804,200.704,409.526,602.328,548.256,617.998,1
7594,15,17.8457,84.8714,409.496,67.7337,405.176,0
7595,30.9001,49.4285,302.969,187.136,350.353,174.853,0
7596,109.899,132.249,355.373,269.019,350.164,174.774,0
7597,14.8,21.4616,581.096,831.502,602.447,833.264,0
7598,51.1998,66.8895,282.417,776.766,311.329,818.555,0
7599,191.702,283.985,334.234,410.882,251.499,184.406,0
7600,211.804,265.885,323.568,458.134,112.915,404.513,1
7601,110.599,176.408,534.041,296.425,647.947,197.699,0
7602,211.804,203.408,430.978,593.146,552.597,614.894,1
7603,210.304,164.88,218.99,418.016,67.6485,405.537,0
7604,43.5999,64.6394,561.188,789.916,606.191,812.218,0
7605,104.599,110.974,546.375,662.333,613.178,612.775,0
7606,211.804,212.387,485.324,458.318,606.86,539.777,1
7607,211.804,236.411,338.606,533.31,201.281,625.344,1
7608,81.0993,109.608,229.377,755.388,152.736,701.844,0
7609,182.802,190.161,405.103,296.01,355.645,174.399,0
7610,0.8,0.296647,65.9672,401.216,65.8189,401.473,0
7611,211.804,233.427,423.029,558.234,542.199,617.288,1
7612,211.804,185.047,371.366,506.222,505.036,453.326,1
7613,211.804,228.34,342.51,541.528,202.009,624.669,1
7614,174.201,174.237,280.312,586.171,144.829,616.104,0
7615,133.799,144.906,567.741,412.845,630.483,334.414,0
7616,211.304,153.099,487.54,627.642,613.249,613.038,0
7617,211.804,137.737,449.012,638.496,560.72,617.752,1
7618,128.599,202.186,517.224,265.736,647.963,198.048,0
7619,208.104,247.176,308.714,370.288,251.047,184.559,0
7620,103.099,117.45,548.315,153.878,653.474,130.045,0
7621,42.2999,63.4902,595.293,201.464,647.863,197.756,0
7622,42.4999,59.9645,191.949,681.335,149.748,693.153,0
7623,211.804,148.928,460.658,667.285,566.679,617.763,1
7624,207.203,213.924,472.773,406.571,630.255,334.052,0
7625,162.101,145.855,445.342,142.641,356.049,173.574,0
7626,211.804,271.209,323.183,457.277,110.644,404.561,1
7627,211.804,219.428,419.212,416.256,559.487,342.053,1
7628,127.799,188.058,427.62,711.925,313.378,818.182,0
7629,86.1993,105.201,549.26,127.555,653.53,129.954,0
7630,159.901,137.718,474.628,155.627,356.08,173.58,0
7631,211.804,249.175,351.501,476.343,226.249,626.926,1
7632,134.899,210.13,518.738,258.75,648.017,197.735,0
7633,186.302,214.099,384.866,333.921,349.624,174.535,0
7634,195.003,287.312,285.244,492.52,139.882,611.107,0
7635,126.499,133.686,331.908,276.89,350.033,174.796,0
7636,211.804,210.266,271.977,414.322,102.993,406.147,1
7637,20.9,34.8159,319.499,189.908,350.121,174.739,0
7638,57.2997,77.0074,538.531,613.521,613.239,612.894,0
7639,114.199,155.971,93.2042,495.498,67.6775,405.529,0
7640,211.804,195.265,485.428,272.747,375.826,174.746,1
7641,132.899,146.679,507.566,121.642,653.558,130.204,0
7642,52.1998,52.0311,118.772,399.397,67.6485,404.792,0
7643,1.8,1.29088,139.317,609.849,139.733,611.07,0
7644,153.6,133.155,212.815,310.43,249.097,185.083,0
7645,211.804,96.5316,460.976,470.372,515.684,450.6,1
7646,124.899,164.847,538.222,228.028,647.863,191.69,0
7647,90.4992,139.27,323.475,697.728,312.326,818.09,0
7648,44.9999,59.8177,161.226,567.459,139.95,611.176,0
7649,77.3994,92.2998,191.545,234.775,248.251,184.801,0
7650,211.804,162.831,465.675,648.689,597.241,611.645,1
7651,192.203,172.929,462.293,575.364,613.306,612.508,0
7652,51.1998,64.4131,408.618,152.058,355.931,173.818,0
7653,0,0,610.41,809.477,610.41,809.477,0
7654,0,0,618.485,538.541,618.485,538.541,0
7655,179.202,174.395,219.274,357.688,67.6257,404.89,0
7656,133.999,140.227,312.645,294.101,251.069,184.545,0
7657,211.804,183.451,475.373,406.103,603.753,335.384,1
7658,55.2997,58.0133,125.505,401.164,67.7197,405.607,0
7659,75.9994,83.0239,532.372,614.226,613.288,612.853,0
7660,167.301,162.341,303.104,638.327,144.793,615.877,0
7661,113.999,115.105,513.415,637.772,613.204,612.775,0
7662,32.1001,34.8956,240.431,218.423,249.784,185.137,0
7663,49.2998,67.6608,147.754,544.578,139.918,611.135,0
7664,0.1,0.00729726,406.01,78.2219,406.115,78.2428,0
7665,179.802,214.403,509.031,505.693,615.59,540.075,0
7666,89.9992,142.604,272.189,697.312,149.521,693.279,0
7667,169.301,117.846,194.263,261.906,248.377,184.821,0
7668,145.2,125.81,164.133,432.435,67.6898,405.473,0
7669,211.804,167.379,393.581,518.396,506.785,454.611,1
7670,137.199,139.208,244.436,314.584,249.713,185.218,0
7671,211.804,211.75,435.466,441.82,595.479,504.115,1
7672,4.3,4.55481,137.471,624.87,139.344,620.718,0
7673,101.299,126.143,362.801,240.816,350.421,174.957,0
7674,211.804,127.391,457.222,479.764,548.81,454.26,1
7675,211.804,233.544,407.425,567.759,543.539,615.573,1
7676,33.4001,49.239,171.3,590.587,144.505,616.431,0
7677,56.3997,70.7544,413.843,146.785,356.024,173.741,0
7678,67.2995,94.7745,283.998,261.438,250.332,184.948,0
7679,112.899,154.757,309.044,689.946,312.405,818.091,0
7680,107.699,113.24,307.225,246.064,349.865,174.615,0
7681,24.0001,40.3542,322.119,779.139,312.808,818.011,0
7682,0.9,0.349401,640.889,287.338,640.799,287,0
7683,5.7,6.39693,599.614,812.905,605.993,812.841,0
7684,105.399,116.931,546.421,572.032,613.206,612.77,0
7685,138.299,135.343,525.69,666.519,613.173,612.994,0
7686,211.804,190.532,471.051,501.649,555.463,616.548,1
7687,211.804,243.449,408.105,407.653,325.104,207.147,1
7688,82.1993,100.913,553.405,127.916,653.521,130.037,0
7689,73.2995,90.0666,548.264,333.705,630.331,333.928,0
7690,74.5994,122.033,264.62,727.385,153.584,700.187,0
7691,127.499,184.281,388.787,676.005,312.853,818.029,0
7692,34.1001,60.1075,210.118,720.652,153.598,700.483,0
7693,104.099,129.14,527.133,708.116,612.263,752.262,0
7694,111.099,149.926,215.863,524.328,140.245,611.258,0
7695,189.502,192.942,440.336,312.462,355.572,174.369,0
7696,204.803,216.05,492.08,423.66,630.394,334.149,0
7697,41.5999,62.0162,279.972,781.886,311.643,818.428,0
7698,32.3001,31.1932,232.415,206.306,248.625,184.889,0
7699,6.1,8.01466,622.854,336.942,630.489,334.509,0
7700,111.399,160.162,284.566,695.662,149.362,693.307,0
7701,69.2995,85.6089,116.936,450.254,67.7861,405.05,0
7702,36.8,62.8628,212.332,722.712,153.738,700.266,0
7703,82.5993,90.9772,553.795,710.615,611.965,752.947,0
7704,133.299,136.454,169.374,355.275,67.6631,404.949,0
7705,36.8,38.5048,277.581,210.189,252.488,184.016,0
7706,41.2999,59.8284,614.541,240.29,635.866,282.526,0
7707,15.3,20.7875,593.446,608.119,613.293,612.905,0
7708,60.8996,72.5557,418.702,149.765,355.962,173.739,0
7709,41.9999,45.0037,111.652,396.344,67.7295,404.774,0
7710,42.7999,55.7291,610.826,160.757,648.015,191.001,0
7711,95.0991,150.046,344.862,677.293,313.211,818.201,0
7712,157.8,153.003,293.738,634.335,144.746,615.91,0
7713,10.3,13.316,637.778,206.046,648.432,198.089,0
7714,52.7998,70.8172,583.393,309.307,630.367,334.198,0
7715,0,0,313.986,824.737,313.986,824.737,0
7716,211.804,275.724,364.428,472.246,326.749,211.85,1
7717,14.1,16.5567,606.522,554.331,616.048,541.395,0
7718,211.804,209.459,502.13,484.215,600.938,522.708,1
7719,81.5993,92.1874,524.011,608.361,613.244,612.78,0
7720,90.2992,104.265,534.359,354.425,630.447,334.465,0
7721,56.5997,82.3484,540.819,754.014,611.095,755.158,0
7722,139.599,154.135,523.612,389.796,630.377,334.024,0
7723,48.6998,53.8601,608.097,168.004,647.77,191.781,0
7724,28.1001,39.3802,160.904,589.364,139.851,611.144,0
7725,211.804,96.6154,473.968,480.887,517.072,445.747,1
7726,151.1,202.477,352.534,635.387,312.166,818.21,0
7727,124.299,134.129,452.387,223.209,355.965,173.633,0
7728,25.7001,40.5219,311.948,187.301,350.282,174.936,0
7729,83.1993,87.268,577.661,681.531,612.344,752.297,0
7730,10.8,13.6328,364.347,184.737,355.796,174.156,0
7731,85.8993,93.19,234.584,272.94,249.3,185.239,0
7732,29.2001,43.7646,610.508,218.139,647.854,197.754,0
7733,147.6,185.268,395.144,290.337,355.612,174.361,0
7734,16.6,26.2925,614.918,291.289,636.133,282.652,0
7735,210.304,174.114,462.158,574.682,613.3,613.137,0
7736,211.804,213.617,242.573,460.36,99.5301,406.165,1
7737,159.901,176.696,199.586,473.391,139.527,611.251,0
7738,211.804,193.581,475.273,411.686,609.248,335.43,1
7739,27.0001,44.703,195.206,716.641,153.637,700.28,0
7740,76.5994,108.231,564.117,470.381,615.659,540.68,0
7741,162.601,137.33,483.556,606.442,613.253,612.639,0
7742,208.504,195.172,474.786,545.413,613.303,613.142,0
7743,192.803,167.431,565.671,527.982,613.151,612.707,0
7744,77.4994,91.0875,564.277,361.11,630.319,334.151,0
7745,77.2994,87.9221,179.698,210.668,249.314,185.17,0
7746,194.203,175.258,224.747,397.657,67.6626,404.769,0
7747,132.899,141.867,422.509,267.405,355.673,174.32,0
7748,181.202,174.936,446.111,276.626,355.644,174.362,0
7749,86.4993,91.9771,553.049,710.199,611.873,753.107,0
7750,63.4996,76.4328,142.399,395.995,67.6438,404.801,0
7751,148.7,186.001,356.858,649.714,312.851,818.047,0
7752,211.804,178.454,373.865,500.113,505.345,452.824,1
7753,91.7992,110.924,562.217,380.865,630.432,334.448,0
7754,87.8992,87.7155,307.65,742.826,310.714,818.856,0
7755,191.002,169.717,242.033,339.946,249.773,185.133,0
7756,23.7001,29.9051,572.835,832.424,602.437,833.236,0
7757,211.804,215.705,286.155,378.219,250.359,185.562,1
7758,111.499,114.272,542.484,670.11,613.165,612.932,0
7759,211.804,230.008,291.578,430.967,94.2115,404.319,1
7760,138.099,143.53,241.657,318.198,249.827,185.077,0
7761,70.4995,95.2935,206.519,572.919,144.739,615.665,0
7762,10.9,12.2664,590.346,834.934,602.369,833.31,0
7763,200.103,225.816,370.232,370.247,349.6,174.508,0
7764,151.4,132.245,164.493,438.631,67.7288,405.441,0
7765,80.0993,132.675,253.278,664.202,149.457,693.388,0
7766,211.804,181.028,519.17,532.29,611.318,612.996,1
7767,110.399,127.94,417.708,248.605,355.55,174.342,0
7768,211.804,159.74,426.999,627.797,555.677,618.654,1
7769,162.501,120.058,224.315,298.969,249.001,185.024,0
7770,31.3001,34.3053,286.415,189.35,253.401,182.794,0
7771,204.003,162.839,507.127,684.128,613.224,612.745,0
7772,211.804,240.936,267.431,404.11,250.72,187.942,1
7773,37.7,57.8352,194.497,677.899,149.659,693.178,0
7774,15.9,26.2765,627.266,129.477,653.497,129.976,0
7775,123.999,131.589,531.945,681.63,613.233,613.012,0
7776,101.999,101.589,238.209,279.812,249.208,185.09,0
7777,211.804,213.658,316.614,526.265,195.422,623.108,1
7778,84.9993,100.262,403.549,223.339,356.093,173.459,0
7779,83.3993,92.3658,223.594,271.8,248.997,185.039,0
7780,211.804,262.336,350.412,455.94,326.359,211.402,1
7781,168.101,199.499,222.226,475.777,139.95,611.113,0
7782,50.5998,51.0285,119.049,403.949,67.6362,404.819,0
7783,211.804,231.484,281.575,432.35,85.0897,404.459,1
7784,164.001,188.637,228.884,541.249,139.94,611.101,0
7785,101.699,108.31,157.398,505.481,139.915,611.216,0
7786,87.9992,107.295,538.102,714.294,611.82,753.276,0
7787,4.4,4.62305,643.012,198.096,647.402,196.647,0
7788,36.6,52.3096,610.133,165.049,648.1,191.17,0
7789,175.902,164.508,487.497,663.313,613.158,612.752,0
7790,116.599,101.114,231.963,282.75,249.15,185.081,0
7791,59.3997,92.1181,527.77,779.977,611.052,755.3,0
7792,1.6,0.938474,402.244,68.8685,402.76,69.6526,0
7793,12.8,17.2696,84.0057,409.964,67.7611,405.179,0
7794,80.8993,123.997,584.83,282.479,648.011,198.03,0
7795,6.9,9.27525,645.6,207.032,648.903,198.367,0
7796,58.6997,75.3773,573.841,353.426,630.328,333.95,0
7797,22.4,38.8358,188.901,715.579,152.643,701.842,0
7798,143.4,128.11,176.178,420.537,67.6578,405.515,0
7799,211.804,166.446,482.91,685.246,593.148,612.902,1
7800,190.102,177.108,474.14,563.667,613.184,613.018,0
7801,83.6993,100.86,553.892,121.772,653.469,129.865,0
7802,67.8995,84.7299,204.673,583.033,144.645,615.757,0
7803,211.804,199.206,283.834,365.26,250.154,188.122,1
7804,191.903,247.794,507.38,489.136,615.456,540.154,0
7805,153.4,155.905,234.265,327.244,250.246,184.902,0
7806,23.0001,34.6798,319.322,784.39,312.826,818.02,0
7807,109.899,101.286,166.143,406.84,67.6687,405.607,0
7808,68.2995,103.311,598.645,461.465,615.59,539.62,0
7809,114.299,141.906,566.028,412.461,630.423,334.368,0
7810,118.299,171.535,297.668,697.747,149.416,693.371,0
7811,98.2991,141.707,502.223,719.64,611.825,753.523,0
7812,157.4,147.462,199.577,372.49,67.7106,405.582,0
7813,211.804,147.791,459.087,598.21,597.193,614.585,1
7814,133.099,150.064,517.85,138.603,653.675,129.634,0
7815,188.502,179.833,224.057,359.436,67.7035,404.849,0
7816,66.2996,71.8647,423.479,177.862,355.976,173.863,0
7817,211.804,250.344,267.514,469.415,105.686,406.155,1
7818,8.8,12.6525,345.978,186.754,350.458,174.923,0
7819,18.8,27.4654,323.562,181.126,349.537,174.645,0
7820,76.3994,118.502,361.129,715.173,312.802,817.99,0
7821,69.2995,107.048,325.576,717.838,312.351,818.102,0
7822,209.504,352.165,388.526,533.039,312.756,817.99,0
7823,46.6999,70.5256,194.028,590.718,144.847,615.786,0
7824,171.201,182.568,344.436,321.624,349.426,174.53,0
7825,162.401,176.187,504.127,393.49,630.405,334.173,0
7826,16.4,18.3015,158.07,609.841,144.726,615.887,0
7827,166.601,161.05,229.304,324.763,249.79,185.131,0
7828,145.1,227.265,498.435,258.667,648.069,197.896,0
7829,103.999,119.541,352.243,255.013,350.301,174.888,0
7830,65.1996,73.6711,267.322,255.607,249.562,185.195,0
7831,156.1,178.23,515.815,445.941,615.733,539.523,0
7832,143,139.733,307.06,299.37,250.445,184.808,0
7833,195.103,177.098,248.519,347.042,249.884,185.133,0
7834,211.804,142.962,423.868,431.962,548.212,448.431,1
7835,14.1,17.8403,260.247,199.651,252.729,183.909,0
7836,154,177.74,314.524,622.43,144.737,615.76,0
7837,62.5996,103.488,577.14,238.299,647.982,197.876,0
7838,181.102,214.672,606.347,383.405,615.588,539.656,0
7839,180.002,184.143,275.721,352.146,250.906,184.681,0
7840,118.299,131.574,333.218,277.028,349.667,174.711,0
7841,130.199,164.419,317.334,311.786,251.175,184.484,0
7842,140.899,135.208,300.159,297.317,250.931,184.67,0
7843,27.5001,39.9049,615.186,176.713,647.841,191.516,0
7844,135.499,151.613,335.183,291.127,349.893,174.659,0
7845,35.4,38.837,290.307,190.657,253.366,182.9,0
7846,94.7991,115.147,564.433,384.982,630.296,334.099,0
7847,211.804,202.085,483.713,510.198,585.271,616.707,1
7848,182.502,257.054,395.778,633.709,312.175,818.191,0
7849,211.804,97.2921,426.084,132.966,424.045,121.288,1
7850,44.1999,65.6462,604.159,251.422,635.998,282.555,0
7851,146.5,158.445,182.223,474.075,140.024,611.122,0
7852,88.5992,140.528,380.774,706.599,313.289,818.161,0
7853,127.999,124.296,215.774,303.305,249.303,185.241,0
7854,85.8993,101.208,562.124,370.911,630.351,334.468,0
7855,211.804,210.497,472.281,369.906,618.379,334.111,1
7856,111.899,142.57,585.673,423.154,615.608,539.661,0
7857,128.999,112.436,176.138,406.605,67.7554,405.225,0
7858,119.699,128.454,170.055,494.377,140.066,611.134,0
7859,106.399,91.9787,535.173,599.418,613.201,613.034,0
7860,187.402,213.433,348.862,349.374,350.176,174.75,0
7861,127.199,145.212,271.306,655.213,144.682,615.68,0
7862,18.6,24.091,412.212,101.356,406.132,78.2328,0
7863,211.804,220.312,265.236,426.529,77.9067,404.853,1
7864,202.403,213.393,294.446,365.522,250.761,184.729,0
7865,6.1,6.89646,606.523,613.468,613.281,612.808,0
7866,79.7994,87.5606,567.383,665.339,613.169,612.78,0
7867,88.3992,108.461,421.105,233.635,356.114,173.417,0
7868,188.902,210.055,490.471,441.393,615.553,540.213,0
7869,74.3994,83.9796,354.905,202.215,349.809,174.671,0
7870,211.804,201.334,414.316,600.466,548.35,617.412,1
7871,73.9994,89.7116,533.783,753.4,611.137,755.111,0
7872,210.104,227.841,469.233,427.747,615.615,539.585,0
7873,23.6001,32.1964,620.099,202.317,647.838,197.637,0
7874,211.804,222.612,445.222,438.568,601.482,524.589,1
7875,25.6001,33.8526,389.207,176.139,355.687,174.314,0
7876,211.804,214.898,445.856,568.688,547.286,617.352,1
7877,202.003,206.155,284.617,366.445,250.199,184.978,0
7878,57.3997,66.7475,113.325,430.284,67.6876,404.821,0
7879,211.804,189.252,393.521,337.485,323.458,188.15,1
7880,9.5,11.7742,156.252,618.408,144.821,615.785,0
7881,146,135.697,482.566,184.834,356.04,173.755,0
7882,211.804,206.358,445.305,575.622,544.361,616.676,1
7883,106.699,123.609,277.39,728.532,311.323,818.494,0
7884,120.699,114.941,251.683,617.53,144.672,615.682,0
7885,43.0999,63.4172,550.943,762.363,611.253,755.443,0
7886,194.603,197.311,298.105,349.981,250.945,184.658,0
7887,211.804,164.094,460.314,637.524,595.746,611.69,1
7888,28.2001,35.9082,602.424,586.063,613.398,612.319,0
7889,138.499,142.681,244.548,318.774,250.579,184.827,0
7890,31.6001,50.3765,602.3,213.983,648.019,197.91,0
7891,147.2,154.165,354.321,304.614,349.825,174.684,0
7892,150.4,156.235,499.19,353.784,630.253,333.869,0
7893,211.804,191.562,515.908,483.922,591.946,492.735,1
7894,23.1001,29.6496,573.234,835.8,602.485,833.356,0
7895,27.0001,44.4395,321.33,774.976,312.834,818.093,0
7896,39.1,52.0998,123.793,576.624,139.9,611.152,0
7897,182.402,152.448,563.54,548.132,613.347,613.197,0
7898,170.401,149.38,521.76,558.997,613.171,613.046,0
7899,65.9996,80.3614,186.261,211.977,248.396,184.745,0
7900,7.5,9.19839,354.439,184.404,352.048,175.517,0
7901,29.5001,41.7343,179.913,673.553,149.733,693.176,0
7902,183.002,162.683,178.274,300.592,248.751,184.86,0
7903,211.804,208.277,347.878,391.012,322.433,203.254,1
7904,74.2994,90.7657,229.395,271.947,249.15,185.148,0
7905,178.902,245.214,259.364,517.294,140.096,611.145,0
7906,195.103,293.248,332.045,420.979,251.342,184.448,0
7907,211.804,268.84,349.102,525.529,174.853,620.48,1
7908,73.6994,115.406,350.908,711.013,313.139,818.112,0
7909,15,18.7621,591.734,802.809,606.907,810.449,0
7910,94.4991,103.892,293.13,735.018,310.588,818.83,0
7911,211.804,142.122,455.245,457.938,571.119,449.826,1
7912,134.499,136.929,167.189,482.253,139.954,611.137,0
7913,18.8,23.4894,594.875,766.363,611.202,754.831,0
7914,109.799,168.245,409.757,707.397,313.435,818.203,0
7915,75.5994,108.259,568.068,168.397,653.506,130.047,0
7916,211.804,175.161,432.396,425.569,575.94,450.355,1
7917,211.804,215.284,421.938,344.739,385.27,175.075,1
7918,211.804,189.412,395.142,336.051,321.405,189.542,1
7919,0,0,617.469,542.449,617.469,542.449,0
7920,198.303,186.915,506.661,535.723,613.262,612.662,0
7921,136.099,166.418,193.963,478.044,140.153,611.206,0
7922,11.4,15.0843,369.159,181.004,355.796,174.279,0
7923,64.3996,98.3689,579.742,457.185,615.835,540.792,0
7924,211.804,162.571,541.894,526.88,587.39,615.765,1
7925,211.804,227.529,450.195,408.094,594.225,336.55,1
7926,211.804,261.197,288.672,475.672,106.987,404.273,1
7927,211.804,254.083,356.981,472.667,227.141,627.869,1
7928,187.402,167.41,230.278,339.523,249.806,185.128,0
7929,210.904,225.356,475.737,459.34,615.558,539.971,0
7930,73.7994,101.29,222.517,752.222,152.474,701.828,0
7931,26.0001,36.4665,413.882,113.617,405.945,78.1732,0
7932,69.0995,87.2424,340.244,230.792,350.253,174.906,0
7933,211.804,176.896,477.369,414.64,586.098,337.092,1
7934,33.8001,51.1579,323.612,206.86,350.015,174.795,0
7935,96.4991,112.526,541.804,701.248,612.237,752.481,0
7936,36.3,51.3488,174.092,592.032,144.727,615.834,0
7937,72.2995,76.8877,286.091,768.212,311.766,818.304,0
7938,27.3001,27.9354,235.439,204.911,249.207,185.061,0
7939,84.9993,95.9552,132.35,528.759,139.922,611.151,0
7940,51.7998,82.9164,332.707,738.183,312.763,817.953,0
7941,53.2998,85.0971,234,726.657,153.673,700.214,0
7942,187.802,208.629,485.37,439.616,615.668,539.667,0
7943,11.9,17.0377,142.813,594.506,139.791,611.119,0
7944,59.8997,78.7104,536.671,615.432,613.273,612.87,0
7945,59.5997,102.33,582.973,260.503,647.862,197.721,0
7946,153.8,188.603,398.535,292.173,355.602,174.38,0
7947,132.299,143.781,434.859,260.137,355.736,174.27,0
7948,211.804,209.422,428.18,429.577,589.724,487.288,1
7949,145.7,166.822,489.415,115.64,653.541,130.124,0
7950,63.8996,70.8601,416.479,195.146,355.563,174.296,0
7951,97.8991,145.405,535.432,208.183,648.021,191.317,0
7952,168.001,163.088,211.096,359.198,67.8395,405.159,0
7953,46.1999,57.7273,606.575,161.305,647.967,191.416,0
7954,91.8992,106.655,406.78,229.404,355.601,174.371,0
7955,4.8,5.6144,254.563,189.236,252.77,183.919,0
7956,72.0995,86.2218,203.649,580.868,144.622,615.67,0
7957,191.102,281.512,301.285,517.923,139.975,611.051,0
7958,106.099,149.672,535.694,213.619,647.815,191.699,0
7959,211.804,185.323,436.327,603.38,551.24,618.502,1
7960,194.203,224.521,481.663,461.451,615.561,540.23,0
7961,87.9992,127.119,556.242,451.935,615.631,540.441,0
7962,211.804,170.785,469.434,367.03,577.797,338.166,1
7963,211.804,168.157,250.167,396.245,88.0475,404.816,1
7964,138.799,136.964,292.506,295.684,251.204,184.546,0
7965,70.4995,89.3953,118.296,453.129,67.6487,405.489,0
7966,211.804,244.719,366.183,523.997,209.948,625.116,1
7967,211.804,84.0301,604.936,296,609.469,284.146,1
7968,36.3,54.8976,176.93,590.743,144.499,616.761,0
7969,40.6,59.6942,279.304,783.988,311.47,818.529,0
7970,119.699,104.417,518.819,627.056,613.234,612.761,0
7971,13.2,20.5552,318.287,798.605,312.401,818.148,0
7972,86.1993,126.7,351.929,700.381,312.06,818.212,0
7973,53.0998,70.1357,148.193,542.211,139.625,611.176,0
7974,80.3993,110.652,553.927,481.327,615.582,539.636,0
7975,211.804,249.281,379.578,538.493,206.281,625.68,1
7976,184.802,232.289,347.52,596.377,144.747,616.25,0
7977,181.602,200.454,234.214,493.47,139.576,611.249,0
7978,105.899,112.206,249.356,618.816,144.673,615.747,0
7979,211.804,185.177,274.286,358.978,248.715,188.608,1
7980,204.703,214.942,453.94,331.544,355.561,174.382,0
7981,211.804,223.635,417.19,373.255,396.517,174.976,1
7982,13.9,21.03,139.939,641.549,139.851,620.829,0
7983,156.9,184.056,379,306.653,349.894,174.746,0
7984,75.0994,90.124,555.341,324.466,630.331,334.055,0
7985,67.0995,101.267,238.912,740.285,152.489,701.853,0
7986,211.804,179.857,249.392,350.978,249.97,186.969,1
7987,38.7,56.6984,598.091,208.066,648.008,197.94,0
7988,127.899,114.702,167.662,420.763,67.7047,405.55,0
7989,0,0,356.296,168.964,356.296,168.964,0
7990,211.804,221.284,392.201,393.641,323.054,200.476,1
7991,211.804,163.624,210.368,434.51,81.3185,405.605,1
7992,47.1999,62.3379,299.518,771.508,311.995,818.239,0
7993,122.399,127.418,467.514,172.373,355.661,174.305,0
7994,211.804,292.247,279.38,476.771,140.078,592.985,1
7995,97.4991,129.838,116.359,493.715,67.7454,405.575,0
7996,12.5,17.4366,414.551,92.5426,406.51,77.9922,0
7997,97.3991,111.523,557.541,157.053,653.463,130.04,0
7998,211.804,240.969,305.544,453.935,113.391,404.866,1
7999,93.8991,144.509,386.499,708.796,313.147,818.22,0
8000,0,0,408.171,71.5394,408.171,71.5394,0
