ID,time,distance,start_x,start_y,end_x,end_y,state,free_flow_time_lower_bound,delay_above_free_flow,time_to_free_flow_ratio
1,159.001,136.867,202.264,305.852,248.928,184.968,0,85.5419,73.4586,1.85874
2,142.8,167.179,308.744,680.888,312.62,818.02,0,104.487,38.3128,1.36668
3,32.4001,33.722,146.764,660.143,150.092,693.264,0,21.0762,11.3239,1.53728
4,4.9,3.18496,603.198,811.794,606.021,812.764,0,1.9906,2.9094,2.46157
5,195.903,208.462,485.858,439.588,615.677,540.494,0,130.289,65.614,1.5036
6,31.6001,39.2079,177.228,672.555,149.944,693.236,0,24.5049,7.09516,1.28954
7,58.3997,66.9611,562.248,782.831,611.201,754.917,0,41.8507,16.549,1.39543
8,7.89999,7.66097,360.535,180.118,355.868,174.091,0,4.78811,3.11189,1.64992
9,18.1,21.3653,260.058,203.659,252.321,184.024,0,13.3533,4.74674,1.35547
10,111.399,95.4672,365.973,200.914,349.816,174.668,0,59.667,51.7318,1.86701
11,128.999,152.312,527.329,177.611,648.251,190.959,0,95.1952,33.8034,1.3551
12,36.1,44.2779,599.321,320.547,630.308,334.133,0,27.6737,8.42632,1.30449
13,24.4001,31.8502,175.361,624.853,144.688,616.257,0,19.9064,4.49367,1.22574
14,53.1998,48.1254,115.22,399.661,67.7015,404.951,0,30.0784,23.1214,1.7687
15,242.706,171.915,503.955,200.292,356.094,173.488,0,107.447,135.259,2.25884
16,27.6001,28.958,253.562,213.464,249.847,185.119,0,18.0987,9.50132,1.52497
17,0,0,621.536,612.772,621.536,612.772,0,0,0,0
18,15.2,18.458,404.915,96.4033,405.856,78.2204,0,11.5363,3.66377,1.31759
19,108.899,96.2979,168.288,534.019,139.519,611.221,0,60.1862,48.7127,1.80937
20,78.0994,83.8095,557.847,352.917,630.38,333.798,0,52.3809,25.7185,1.49099
21,112.699,138.646,531.258,188.603,647.766,191.676,0,86.6536,26.0453,1.30057
22,153.2,156.339,320.564,305.96,251.502,184.445,0,97.7116,55.4886,1.56788
23,333.211,239.936,423.164,613.997,613.272,612.496,0,149.96,183.251,2.222
24,111.499,107.739,558.957,376.819,630.391,333.685,0,67.3368,44.1621,1.65584
25,139.899,181.964,482.236,698.3,612.125,752.643,0,113.727,26.172,1.23013
26,134.899,115.047,257.389,632.895,144.739,615.571,0,71.9043,62.9948,1.87609
27,207.503,227.633,496.358,505.548,615.546,540.116,0,142.271,65.2328,1.45851
28,6.1,5.95238,605.919,752.248,611.673,753.769,0,3.72024,2.37976,1.63968
29,28.1001,30.3786,572.31,832.479,602.379,833.329,0,18.9866,9.11342,1.47999
30,155.4,129.711,510.94,653.921,613.307,612.367,0,81.0696,74.3307,1.91688
31,47.2999,61.8148,596.22,229.778,648.368,198.204,0,38.6342,8.66563,1.2243
32,298.509,226.321,393.289,338.21,349.654,174.718,0,141.45,157.059,2.11034
33,131.299,135.808,531.456,147.664,653.605,130.249,0,84.88,46.4188,1.54688
34,166.701,143.677,277.441,644.519,144.669,615.715,0,89.7983,76.9027,1.85639
35,140.799,134.09,298.569,295.744,251.21,184.493,0,83.8064,56.993,1.68006
36,120.599,124.004,276.222,297.235,250.29,184.871,0,77.5024,43.0963,1.55606
37,92.1992,87.5465,439.351,179,355.633,174.417,0,54.7166,37.4826,1.68503
38,248.006,200.97,476.17,399.089,630.355,334.13,0,125.606,122.399,1.97447
39,104.799,106.149,204.268,562.487,144.654,615.687,0,66.343,38.456,1.57965
40,103.899,107.548,546.922,123.811,653.526,130.052,0,67.2176,36.6814,1.54571
41,45.0999,58.2164,193.333,679.733,149.586,693.213,0,36.3853,8.71463,1.23951
42,244.906,190.424,498.021,539.339,613.307,612.411,0,119.015,125.891,2.05777
43,282.208,216.914,478.994,414.088,630.323,334.133,0,135.571,146.637,2.08162
44,266.907,179.472,213.373,438.762,67.7399,405.639,0,112.17,154.737,2.37948
45,17.3,19.2441,151.972,674.273,149.655,693.206,0,12.0276,5.27246,1.43836
46,117.299,88.3782,541.832,635.338,613.317,612.55,0,55.2364,62.0624,2.12358
47,344.412,236.431,448.727,480.204,599.629,515.081,1,147.77,196.642,2.33073
48,248.706,222.216,352.225,360.52,350.05,174.809,0,138.885,109.821,1.79074
49,129.399,129.497,536.159,152.806,653.608,129.585,0,80.9359,48.4628,1.59878
50,272.907,207.245,248.069,416.615,67.7395,405.615,0,129.528,143.379,2.10694
51,154,143.337,265.274,657.145,144.749,616.274,0,89.5858,64.4144,1.71903
52,271.307,214.555,243.776,426.354,67.5995,405.682,0,134.097,137.211,2.02322
53,75.0994,81.8579,583.226,187.694,648.74,190.832,0,51.1612,23.9382,1.4679
54,321.41,269.018,425.143,434.932,615.621,539.604,0,168.136,153.274,1.91161
55,46.1999,57.6515,554.379,758.105,611.214,754.792,0,36.0322,10.1677,1.28218
56,344.412,282.639,409.814,442.512,605.456,538.28,1,176.649,167.763,1.94969
57,157,146.031,293.245,300.333,251.435,184.436,0,91.2691,65.7313,1.72019
58,111.399,123.349,534.918,131.305,653.497,129.767,0,77.0928,34.306,1.445
59,66.8996,65.1942,589.296,661.625,613.176,612.974,0,40.7463,26.1532,1.64185
60,237.905,186.769,254.412,354.048,248.877,185.049,0,116.73,121.175,2.03808
61,138.899,183.061,534.368,303.723,648.147,198.01,0,114.413,24.4864,1.21402
62,260.407,218.179,394.19,329.316,349.542,174.567,0,136.362,124.045,1.90968
63,113.399,148.17,316.218,694.286,312.63,818.015,0,92.6063,20.7926,1.22453
64,6.4,7.06255,623.427,333.286,630.316,334.015,0,4.41409,1.9859,1.4499
65,123.499,167.484,533.965,288.049,647.857,197.735,0,104.677,18.8214,1.1798
66,202.703,206.309,253.598,501.43,139.581,611.237,0,128.943,73.7602,1.57204
67,110.099,117.332,362.946,234.946,349.728,174.718,0,73.3326,36.7663,1.50136
68,87.7992,116.077,320.509,712.769,312.682,817.983,0,72.5484,15.2509,1.21022
69,93.2991,122.703,351.188,703.579,312.771,818.028,0,76.6896,16.6096,1.21658
70,254.006,243.408,313.453,375.917,249.982,185.021,0,152.13,101.876,1.66967
71,343.712,324.767,389.963,442.229,349.793,174.698,0,202.979,140.732,1.69333
72,95.7991,119.779,583.294,278.677,648.018,197.895,0,74.8617,20.9375,1.27968
73,314.51,227.738,469.974,370.553,630.297,334.132,0,142.336,172.174,2.20963
74,237.105,204.758,278.878,372.073,249.458,185.25,0,127.974,109.131,1.85276
75,344.412,250.255,419.109,506.4,590.499,482.579,1,156.409,188.003,2.20199
76,96.7991,98.5429,264.427,280.216,250.115,185,0,61.5893,35.2098,1.57169
77,344.412,265.12,444.894,487.243,605.305,537.709,1,165.7,178.712,2.07853
78,86.8992,100.841,241.075,626.022,144.842,616.242,0,63.0259,23.8734,1.37879
79,17.6,19.0229,595.573,614.719,613.228,612.988,0,11.8893,5.71072,1.48032
80,344.412,265.132,580.665,537.511,578.076,545.19,1,165.707,178.705,2.07844
81,113.199,134.77,313.409,283.318,250.645,184.849,0,84.2315,28.9674,1.3439
82,290.909,280.676,357.058,556.778,144.71,615.68,0,175.423,115.486,1.65833
83,247.406,197.544,500.875,576.73,613.17,612.699,0,123.465,123.941,2.00386
84,153.8,129.74,211.434,306.944,248.319,184.759,0,81.0876,72.7125,1.89672
85,114.199,112.041,306.952,248.128,349.768,174.711,0,70.0259,44.1729,1.63081
86,76.4994,79.014,357.256,195.594,349.765,174.737,0,49.3837,27.1157,1.54908
87,96.6991,90.1032,572.956,674.689,613.266,613.178,0,56.3145,40.3846,1.71713
88,51.5998,58.9068,569.849,780.52,611.079,755.097,0,36.8168,14.783,1.40153
89,96.6991,115.524,573.006,442.172,615.638,540.387,0,72.2026,24.4965,1.33927
90,89.5992,109.619,87.8419,472.994,67.6818,405.493,0,68.5119,21.0873,1.30779
91,183.502,154.899,205.337,317.948,248.12,184.66,0,96.8121,86.6899,1.89545
92,88.1992,92.1099,304.247,230.096,349.61,174.638,0,57.5687,30.6306,1.53207
93,211.804,210.389,378.924,342.867,349.568,174.633,0,131.493,80.3108,1.61076
94,0,0,405.617,73.7946,405.617,73.7946,0,0,0,0
95,60.8996,73.3592,591.442,192.463,647.877,197.638,0,45.8495,15.0502,1.32825
96,229.805,191.375,476.31,550.698,613.34,613.159,0,119.61,110.195,1.92129
97,88.5992,109.733,575.623,446.331,615.583,540.436,0,68.5832,20.016,1.29185
98,163.101,114.944,225.091,294.28,248.697,184.92,0,71.8402,91.2606,2.27033
99,160.501,208.047,513.567,259.651,647.899,197.818,0,130.03,30.4711,1.23434
100,344.412,251.583,388.698,517.112,572.65,449.862,1,157.24,187.172,2.19036
101,118.599,108.717,423.227,233.179,356.142,173.45,0,67.9482,50.6506,1.74543
102,81.8993,102.398,541.376,495.618,615.682,540.276,0,63.9986,17.9007,1.27971
103,329.511,274.393,422.903,403.148,630.302,334.144,0,171.495,158.016,1.9214
104,18.8,23.9193,167.696,623.023,144.712,616.436,0,14.9496,3.85045,1.25756
105,237.905,168.276,489.801,638.685,613.337,613.211,0,105.173,132.733,2.26205
106,287.708,192.205,450.996,638.712,613.358,613.205,0,120.128,167.58,2.39501
107,194.803,145.476,272.1,617.498,144.693,615.623,0,90.9223,103.88,2.14252
108,22.1,20.1418,87.0148,409.776,67.6637,405.525,0,12.5886,9.51142,1.75556
109,46.6999,48.0586,605.797,133.528,653.475,129.805,0,30.0366,16.6632,1.55476
110,344.412,243.092,449.268,487.402,600.761,519.644,1,151.932,192.479,2.26688
111,54.0997,66.8851,190.423,591.315,144.763,615.887,0,41.8032,12.2966,1.29415
112,33.7001,30.1268,232.799,205.022,249.18,185.13,0,18.8293,14.8708,1.78977
113,95.1991,101.65,244.592,631.142,144.633,615.589,0,63.531,31.6681,1.49847
114,35.7,45.1083,612.423,192.95,647.959,197.925,0,28.1927,7.50736,1.26629
115,191.102,219.581,385.039,645.766,312.473,818.057,0,137.238,53.8645,1.39249
116,75.9994,76.7211,268.716,258.645,249.905,185.093,0,47.9507,28.0487,1.58495
117,344.412,244.291,442.832,497.419,597.566,504.627,1,152.682,191.73,2.25574
118,168.801,145.989,277.107,648.449,144.767,615.789,0,91.2434,77.5577,1.85001
119,146.5,145.55,233.61,775.701,152.831,701.821,0,90.9688,55.5309,1.61044
120,143.2,185.132,534.131,305.375,647.933,197.604,0,115.707,27.4922,1.2376
121,118.299,129.523,525.75,706.958,612.058,752.642,0,80.9517,37.347,1.46135
122,70.9995,76.5974,188.981,211.898,248.259,184.791,0,47.8734,23.1261,1.48307
123,74.9994,99.7371,330.408,721.932,312.665,817.979,0,62.3357,12.6637,1.20315
124,0,0,619.765,613.058,619.765,613.058,0,0,0,0
125,22.9001,27.929,159.186,600.817,144.583,616.537,0,17.4556,5.44441,1.3119
126,130.199,117.024,126.777,515.013,139.486,611.156,0,73.14,57.0588,1.78013
127,92.6992,112.702,574.102,444.642,615.682,540.433,0,70.4386,22.2606,1.31603
128,185.302,134.933,162.426,440.662,67.6449,405.608,0,84.3334,100.969,2.19726
129,176.502,137.277,203.959,403.934,67.6387,405.608,0,85.798,90.7036,2.05718
130,129.999,124.106,514.607,337.044,630.355,334.327,0,77.5665,52.4323,1.67597
131,215.804,172.991,244.062,343.776,249.444,185.181,0,108.119,107.685,1.99598
132,223.004,178.82,244.764,350.141,250.5,184.808,0,111.762,111.242,1.99534
133,320.21,282.408,405.087,395.816,349.66,174.662,0,176.505,143.706,1.81417
134,22,26.1186,145.54,642.325,139.845,620.871,0,16.3241,5.67593,1.3477
135,53.4998,64.9269,550.927,752.932,611.169,755.395,0,40.5793,12.9204,1.3184
136,3.9,3.11088,138.044,608.386,138.969,611.356,0,1.9443,1.9557,2.00587
137,53.3998,65.7814,593.826,199.696,648.035,197.797,0,41.1134,12.2864,1.29884
138,48.6998,51.4725,613.206,146.39,653.608,130.276,0,32.1703,16.5295,1.51381
139,71.4995,76.415,230.742,258.287,249.237,185.104,0,47.7593,23.7401,1.49708
140,315.11,251.776,443.355,437.553,615.565,539.958,0,157.36,157.75,2.00248
141,0,0,248.686,175.68,248.686,175.68,0,0,0,0
142,93.4991,75.9769,423.08,157.795,356.252,173.111,0,47.4856,46.0136,1.969
143,50.9998,64.2504,550.767,753.698,611.091,755.248,0,40.1565,10.8433,1.27003
144,68.3995,78.7042,173.864,561.139,140.177,611.161,0,49.1901,19.2094,1.39051
145,62.6996,74.7279,347.593,201.123,349.774,174.708,0,46.705,15.9947,1.34246
146,149.3,146.997,517.411,136.785,653.651,129.593,0,91.8732,57.4267,1.62507
147,214.604,289.136,377.964,572.706,312.666,818.005,0,180.71,33.894,1.18756
148,219.104,166.296,173.634,301.568,248.258,184.7,0,103.935,115.169,2.10809
149,344.412,233.14,399.08,508.217,569.829,450.202,1,145.712,198.699,2.36364
150,58.8997,51.7856,119.133,398.95,67.6919,405.615,0,32.366,26.5337,1.8198
151,119.799,110.66,428.823,228.007,356.082,173.409,0,69.1623,50.6364,1.73214
152,264.507,255.817,295.221,411.203,249.078,185.082,0,159.886,104.621,1.65435
153,24.5001,23.6049,262.539,204.213,252.427,184.039,0,14.7531,9.747,1.66068
154,80.1993,81.0667,358.652,195.365,349.902,174.828,0,50.6667,29.5326,1.58288
155,192.903,188.483,386.157,301.796,349.841,174.675,0,117.802,75.1009,1.63752
156,161.501,163.601,492.259,114.817,653.552,130.361,0,102.251,59.25,1.57946
157,268.307,218.63,256.427,421.573,67.6681,404.836,0,136.644,131.663,1.96355
158,162.901,117.913,197.96,258.543,248.153,184.737,0,73.6957,89.2051,2.21045
159,245.206,332.084,397.501,589.543,312.648,818.088,0,207.553,37.6532,1.18142
160,344.412,244.069,407.248,615,597.267,613.683,1,152.543,191.869,2.2578
161,308.21,279.253,358.31,419.067,349.549,174.595,0,174.533,133.676,1.76591
162,155.8,109.748,233.032,288.859,249.507,185.191,0,68.5927,87.2076,2.27138
163,129.299,123.361,549.703,563.813,613.356,612.523,0,77.1004,52.1982,1.67702
164,280.808,221.589,259.151,422.771,67.7355,404.827,0,138.493,142.315,2.02759
165,94.7991,103.167,176.337,535.626,140.031,611.098,0,64.4795,30.3196,1.47022
166,344.412,118.329,315.448,401.024,306.247,390.44,1,73.9557,270.456,4.657
167,0,0,250.926,181.607,250.926,181.607,0,0,0,0
168,47.7998,56.6835,144.236,554.657,139.885,611.106,0,35.4272,12.3727,1.34924
169,71.1995,72.4668,114.093,436.587,67.7216,405.608,0,45.2917,25.9078,1.57202
170,210.904,172.388,199.119,340.374,67.7049,404.806,0,107.742,103.161,1.95748
171,116.099,114.43,266.791,294.55,249.651,185.232,0,71.519,44.5798,1.62333
172,67.4995,64.4922,200.995,210.913,248.617,184.881,0,40.3076,27.1919,1.67461
173,131.499,120.287,535.423,669.973,613.359,613.189,0,75.1791,56.3197,1.74914
174,2.2,1.35252,254.568,183.412,253.297,182.949,0,0.845325,1.35468,2.60255
175,148.4,114.017,181.278,401.143,67.7475,405.578,0,71.2609,77.1389,2.08249
176,344.412,265.881,574.648,544.966,578.082,544.613,1,166.175,178.236,2.07258
177,40.2,43.9678,409.143,121.685,405.949,78.1271,0,27.4799,12.7201,1.46289
178,89.0992,105.171,565.568,471.838,615.608,539.554,0,65.732,23.3673,1.35549
179,111.699,110.618,461.725,180.675,355.584,174.438,0,69.1363,42.5626,1.61563
180,65.7996,84.2833,579.209,477.489,615.707,540.67,0,52.6771,13.1225,1.24911
181,41.5999,45.917,407.507,123.641,405.947,78.1619,0,28.6981,12.9018,1.44957
182,259.907,165.356,194.062,445.127,67.7238,405.583,0,103.347,156.559,2.51488
183,5.7,4.87281,140.579,606.497,139.515,611.181,0,3.04551,2.65449,1.87161
184,0,0,610.112,836.521,610.112,836.521,0,0,0,0
185,74.4994,79.684,331.678,233.735,349.979,174.779,0,49.8025,24.6969,1.4959
186,83.0993,88.3445,272.63,269.922,250.008,185.024,0,55.2153,27.884,1.50501
187,27.8001,30.6575,153.489,590.739,139.945,611.087,0,19.1609,8.63916,1.45087
188,175.602,180.996,183.511,522.716,140.259,611.246,0,113.123,62.479,1.55231
189,0,0,408.11,70.7896,408.11,70.7896,0,0,0,0
190,344.412,114.055,471.752,331.586,471.063,329.35,1,71.2843,273.128,4.83153
191,271.507,247.286,397.156,364.552,349.951,174.804,0,154.553,116.954,1.75672
192,9.4,9.89419,599.103,805.156,606.866,810.561,0,6.18387,3.21613,1.52008
193,344.412,301.156,428.7,535.116,587.201,615.39,1,188.222,156.189,1.82981
194,225.405,175.832,206.356,328.118,248.27,184.828,0,109.895,115.509,2.05109
195,291.309,162.571,503.532,625.206,613.263,613.107,0,101.607,189.701,2.86701
196,110.999,107.437,560.422,377.087,630.375,334.505,0,67.1484,43.8505,1.65304
197,272.307,212.424,479.093,530.565,613.25,612.517,0,132.765,139.542,2.05104
198,156.5,157.219,228.534,567.329,144.731,615.633,0,98.2621,58.2382,1.59268
199,18.6,19.2259,86.483,401.839,67.696,404.939,0,12.0162,6.58386,1.54792
200,99.2991,98.2508,566.717,683.74,612.052,752.638,0,61.4067,37.8923,1.61707
201,245.606,253.783,348.603,574.398,144.84,616.078,0,158.615,86.9911,1.54844
202,160.501,154.882,424.781,278.926,355.452,174.397,0,96.8013,63.6993,1.65804
203,177.902,225.824,500.914,248.427,648.006,197.817,0,141.14,36.7617,1.26046
204,207.203,176.722,474.629,564.342,613.335,612.424,0,110.452,96.7519,1.87597
205,9.3,9.77759,252.493,194.184,249.137,185.109,0,6.11099,3.189,1.52185
206,344.412,241.466,422.458,473.161,596.185,498.371,1,150.916,193.496,2.28214
207,68.9995,68.3696,592.385,178.903,648.519,190.778,0,42.731,26.2685,1.61474
208,193.803,147.682,487.673,623.998,613.303,612.404,0,92.3016,101.501,2.09967
209,132.499,172.549,413.165,711.987,313.693,818.355,0,107.843,24.6559,1.22863
210,77.6994,88.7945,151.17,523.322,139.662,611.06,0,55.4965,22.2028,1.40008
211,344.412,248.089,476.067,490.122,600.677,525.462,1,155.056,189.356,2.22122
212,108.499,108.902,423.411,232.7,355.545,174.41,0,68.0638,40.4352,1.59408
213,297.209,299.211,312.509,460.214,67.5874,404.559,0,187.007,110.202,1.5893
214,18.9,19.1201,611.215,333.862,630.376,334.069,0,11.9501,6.94995,1.58158
215,72.6995,84.6846,578.581,148.11,653.632,130.28,0,52.9279,19.7716,1.37356
216,227.305,170.657,166.422,302.322,248.297,184.829,0,106.66,120.644,2.13111
217,233.105,237.095,348.021,589.841,144.832,616.054,0,148.184,84.9209,1.57308
218,33.7001,37.7577,600.176,327.111,630.298,333.887,0,23.5986,10.1015,1.42805
219,174.301,211.161,413.169,668.708,313.253,818.21,0,131.976,42.3257,1.32071
220,0,0,139.184,612.907,139.184,612.907,0,0,0,0
221,175.802,151.067,496.894,347.67,630.303,334.093,0,94.417,81.3846,1.86197
222,56.7997,71.4045,592.336,194.057,647.902,197.746,0,44.6278,12.1719,1.27274
223,344.412,261.423,443.999,468.736,614.177,539.606,1,163.389,181.022,2.10792
224,71.7995,73.9293,591.361,186.828,648.082,191.004,0,46.2058,25.5937,1.55391
225,94.5991,80.3152,427.455,147.841,356.283,173.103,0,50.197,44.4022,1.88456
226,110.799,113.242,349.894,251.262,349.978,174.801,0,70.7761,40.0228,1.56548
227,233.905,159.231,504.057,188.404,356.191,173.26,0,99.5192,134.386,2.35035
228,186.702,159.008,444.475,264.316,355.39,174.459,0,99.3802,87.322,1.87867
229,291.509,269.136,442.563,365.407,355.525,174.417,0,168.21,123.299,1.733
230,118.799,137.762,510.986,713.83,611.817,753.266,0,86.1011,32.6976,1.37976
231,14.3,15.9119,598.168,745.331,612.353,752.044,0,9.94496,4.35506,1.43792
232,34.1001,45.6105,322.899,773.725,312.79,817.974,0,28.5066,5.5935,1.19622
233,344.412,194.031,388.063,458.511,548.15,449.087,1,121.269,223.143,2.84006
234,344.412,277.585,88.9377,453.902,90.1312,461.015,1,173.491,170.921,1.98519
235,118.599,127.553,202.634,538.102,140.147,611.126,0,79.7206,38.8781,1.48768
236,29.1001,37.4249,597.953,514.782,615.612,540.209,0,23.3906,5.70951,1.24409
237,137.999,171.421,296.895,683.163,149.877,693.258,0,107.138,30.8611,1.28805
238,344.412,224.371,375.036,494.425,548.173,451.839,1,140.232,204.18,2.45602
239,84.4993,80.0783,398.837,203.609,355.641,174.43,0,50.0489,34.4503,1.68833
240,131.999,131.422,298.152,292.633,250.236,184.921,0,82.139,49.8598,1.60702
241,68.7995,86.6465,566.047,492.12,615.716,540.493,0,54.1541,14.6455,1.27044
242,217.904,272.936,286.188,502.035,140.019,611.131,0,170.585,47.319,1.27739
243,218.404,138.408,223.571,312.428,248.551,184.774,0,86.5048,131.899,2.52476
244,183.302,138.619,192.354,413.63,67.6457,405.614,0,86.6371,96.6649,2.11575
245,40.5,47.8687,402.957,170.33,355.786,174.342,0,29.9179,10.582,1.3537
246,17.9,16.9874,604.441,553.708,616.257,542.054,0,10.6171,7.28293,1.68596
247,168.401,136.436,533.755,563.472,613.28,612.426,0,85.2723,83.1287,1.97486
248,121.799,116.095,224.554,605.685,144.75,615.64,0,72.5597,49.2391,1.6786
249,41.7999,39.6403,291.273,192.127,253.205,183.374,0,24.7752,17.0248,1.68717
250,287.908,280.907,357.423,553.763,144.74,616.096,0,175.567,112.342,1.63988
251,118.599,118.627,548.701,566.644,613.309,612.538,0,74.1419,44.4569,1.59962
252,344.412,246.023,411.953,609.827,603.654,612.965,1,153.764,190.647,2.23987
253,31.5001,36.9565,616.301,199.461,647.952,197.963,0,23.0978,8.40225,1.36377
254,138.099,128.23,352.085,272,349.734,174.669,0,80.1435,57.9557,1.72315
255,79.0994,108.587,338.884,713.025,312.771,817.968,0,67.867,11.2324,1.16551
256,63.6996,72.1041,149.726,540.349,139.624,611.199,0,45.0651,18.6345,1.4135
257,60.7996,80.4263,331.243,740.542,312.825,817.965,0,50.2665,10.5332,1.20955
258,107.099,97.6975,218.563,274.728,248.295,184.797,0,61.0609,46.038,1.75397
259,228.005,223.37,476.128,426.76,615.559,539.667,0,139.606,88.3983,1.6332
260,109.599,117.282,343.953,269.287,349.967,174.772,0,73.3012,36.2977,1.49519
261,21.2,20.1384,85.8276,412.023,67.7226,405.484,0,12.5865,8.61352,1.68434
262,66.2996,68.4896,575.772,706.299,612.099,752.753,0,42.806,23.4935,1.54884
263,91.7992,97.8424,205.748,570.222,144.567,615.547,0,61.1515,30.6477,1.50118
264,65.9996,67.8164,588.777,690.291,612.384,751.953,0,42.3853,23.6143,1.55714
265,190.002,210.407,512.957,505.764,615.589,540.347,0,131.505,58.4979,1.44484
266,252.606,201.03,477.43,399.617,630.338,334.114,0,125.644,126.962,2.01049
267,344.412,261.318,441.496,567.745,572.355,617.027,1,163.324,181.088,2.10877
268,5.4,5.34583,602.338,818.011,607.338,816.125,0,3.34114,2.05885,1.61621
269,129.599,123.401,260.624,627.139,144.773,616.1,0,77.1257,52.473,1.68036
270,305.509,318.333,379.881,532.384,144.751,616.123,0,198.958,106.551,1.53554
271,344.412,203.344,467.232,476.284,593.43,490.428,1,127.09,217.322,2.70999
272,252.606,298.353,274.124,497.77,139.908,611.137,0,186.47,66.1358,1.35467
273,37.6,44.9837,183.266,673.638,149.855,693.159,0,28.1148,9.48522,1.33737
274,121.099,148.863,282.816,705.74,310.575,818.831,0,93.0394,28.0593,1.30158
275,51.9998,49.5733,604.034,294.637,635.877,282.247,0,30.9833,21.0165,1.67831
276,107.699,138.59,264.512,674.676,149.466,693.292,0,86.6187,21.0803,1.24337
277,27.8001,31.3112,599.752,335.143,630.326,333.878,0,19.5695,8.23055,1.42058
278,62.6996,55.0929,121.361,401.661,67.7233,404.797,0,34.433,28.2666,1.82091
279,64.2996,87.6127,336.629,733.845,313.261,818.194,0,54.758,9.54163,1.17425
280,274.708,284.264,344.745,538.936,144.838,616.142,0,177.665,97.0425,1.54621
281,180.402,175.62,250.053,573.752,144.645,615.583,0,109.763,70.639,1.64356
282,32.2001,27.3702,94.7879,402.829,67.7147,404.758,0,17.1064,15.0937,1.88234
283,343.312,239.782,411.643,643.564,613.336,612.414,0,149.864,193.448,2.29082
284,202.503,158.565,481.492,646.893,613.305,613.19,0,99.1033,103.4,2.04335
285,114.499,156.568,544.893,286.562,648.086,197.986,0,97.8553,16.6436,1.17008
286,194.303,165.289,197.674,349.599,67.7153,404.806,0,103.306,90.997,1.88085
287,331.311,302.077,357.157,444.588,349.767,174.68,0,188.798,142.513,1.75484
288,92.2992,93.4501,159.348,395.326,67.6461,404.795,0,58.4063,33.8929,1.58029
289,332.311,264.556,455.091,500.494,613.254,613.215,0,165.347,166.964,2.00978
290,150.5,120.642,187.318,400.799,67.7095,405.576,0,75.4011,75.0989,1.99599
291,9.9,10.3895,77.8098,407.22,67.8055,405.044,0,6.49345,3.40655,1.52461
292,152.6,142.103,495.913,338.419,630.27,334.053,0,88.8141,63.786,1.7182
293,117.099,109.394,557.496,304.931,630.405,333.764,0,68.3715,48.7272,1.71268
294,47.6998,34.4856,234.667,214.801,248.255,184.799,0,21.5535,26.1463,2.21309
295,189.302,214.893,435.461,679.163,313.223,818.175,0,134.308,54.9944,1.40946
296,344.412,305.018,430.348,531.17,568.536,617.13,1,190.636,153.776,1.80665
297,24.7001,30.4186,599.194,726.043,612.123,752.605,0,19.0116,5.68844,1.29921
298,300.709,288.673,431.587,379.313,355.458,174.4,0,180.421,120.289,1.66671
299,131.299,128.764,169.595,494.231,140.318,611.247,0,80.4775,50.8214,1.6315
300,36.8,46.3574,605.563,301.706,630.336,334.057,0,28.9734,7.82663,1.27013
301,146.3,170.613,216.087,502.223,140.312,611.251,0,106.633,39.6666,1.37199
302,37.9,33.7032,285.866,186.705,253.425,182.865,0,21.0645,16.8355,1.79923
303,8.7,9.3065,347.666,183.841,350.267,174.908,0,5.81656,2.88344,1.49573
304,74.3994,88.4792,537.544,748.061,611.173,755.221,0,55.2995,19.0999,1.34539
305,344.412,297.723,403.206,580.958,589.587,614.259,1,186.077,158.335,1.85091
306,278.608,320.721,323.407,481.861,139.855,611.114,0,200.45,78.1574,1.38991
307,54.7997,65.2959,146.853,546.699,139.858,611.129,0,40.8099,13.9898,1.3428
308,344.412,280.481,409.077,568.309,590.709,616.406,1,175.301,169.111,1.96469
309,224.605,286.129,306.859,515.93,139.886,611.163,0,178.83,45.7741,1.25596
310,100.299,105.473,540.539,713.787,611.759,753.277,0,65.9203,34.3787,1.52152
311,319.01,307.115,374.386,440.594,349.67,174.655,0,191.947,127.063,1.66197
312,326.711,355.713,359.239,491.83,144.763,616.094,0,222.321,104.39,1.46955
313,111.699,136.324,511.305,717.414,611.766,753.5,0,85.2023,26.4966,1.31098
314,44.7999,45.5219,602.34,291.196,636.073,282.56,0,28.4512,16.3487,1.57462
315,49.0998,53.5405,609.103,164.738,648.654,190.832,0,33.4628,15.637,1.4673
316,105.599,105.055,348.781,243.126,349.717,174.72,0,65.6591,39.9398,1.60829
317,212.804,231.074,492.741,504.297,615.626,539.556,0,144.421,68.3823,1.47349
318,55.1997,51.2353,262.72,234.053,250.302,184.899,0,32.0221,23.1777,1.7238
319,19.1,25.3143,623.559,184.41,647.835,191.389,0,15.8215,3.27857,1.20722
320,151.6,165.227,518.749,208.533,647.72,191.901,0,103.267,48.3334,1.46804
321,344.412,231.69,433.337,607.451,595.836,615.258,1,144.806,199.606,2.37843
322,46.2999,56.8104,593.422,699.443,612.259,752.13,0,35.5065,10.7934,1.30398
323,25.4001,31.7277,160.052,597.299,144.677,616.343,0,19.8298,5.57025,1.2809
324,124.899,121.065,188.154,263.028,248.264,184.697,0,75.6656,49.233,1.65067
325,167.801,169.851,229.909,555.173,144.687,615.622,0,106.157,61.6444,1.58069
326,260.207,223.634,451.41,338.661,355.535,174.426,0,139.771,120.436,1.86166
327,87.4992,119.813,355.631,707.973,313.107,818.103,0,74.8832,12.616,1.16848
328,172.201,167.611,229.138,557.151,144.735,615.705,0,104.757,67.4442,1.64381
329,250.406,167.751,518.439,179.405,356.152,173.269,0,104.845,145.562,2.38836
330,34.1001,33.9531,143.135,578.025,139.969,611.062,0,21.2207,12.8794,1.60693
331,344.412,247.833,395.27,618.648,594.315,614.773,1,154.896,189.516,2.22351
332,233.305,190.635,255.064,352.446,248.158,184.736,0,119.147,114.158,1.95812
333,77.0994,77.7324,200.596,587.827,144.756,615.902,0,48.5828,28.5166,1.58697
334,221.704,139.871,223.553,304.616,249.04,185.018,0,87.4193,134.285,2.5361
335,104.599,98.5397,164.262,403.62,67.7331,404.848,0,61.5873,43.0116,1.69838
336,150.7,133.412,211.525,310.008,248.146,184.685,0,83.3824,67.3176,1.80734
337,134.599,147.607,318.876,297.282,251.547,184.355,0,92.2542,42.3448,1.459
338,293.809,203.584,439.616,640.756,613.315,612.518,0,127.24,166.569,2.30909
339,63.2996,65.6911,579.004,706.734,612.183,752.553,0,41.0569,22.2427,1.54175
340,66.4996,74.535,198.129,592.425,144.762,615.831,0,46.5844,19.9152,1.42751
341,73.8994,75.056,268.559,777.326,310.686,818.807,0,46.91,26.9894,1.57535
342,247.906,234.844,462.2,430.081,615.57,539.663,0,146.778,101.128,1.68899
343,283.408,286.178,356.577,549.456,144.737,616.058,0,178.861,104.547,1.58451
344,101.599,120.486,237.921,760.909,152.741,701.728,0,75.304,26.295,1.34918
345,54.9997,65.2647,565.255,782.757,611.121,755.064,0,40.7905,14.2093,1.34835
346,15.7,20.9867,172.468,709.162,152.878,701.731,0,13.1167,2.58332,1.19695
347,143.4,150.378,598.427,451.07,615.677,539.651,0,93.9864,49.4132,1.52575
348,158.1,139.765,288.162,308.575,249.75,185.135,0,87.353,70.7475,1.8099
349,179.502,148.789,285.385,641.273,144.655,615.664,0,92.9934,86.5084,1.93026
350,78.7994,77.2765,268.56,259.383,249.818,185.099,0,48.2978,30.5016,1.63153
351,184.902,214.593,370.61,633.271,312.469,818.015,0,134.12,50.7817,1.37863
352,344.412,253.898,448.013,571.931,588.225,616.983,1,158.686,185.726,2.1704
353,344.412,110.831,585.444,315.689,580.661,325.329,1,69.2695,275.142,4.97205
354,220.104,173.009,496.055,366.659,630.381,334.091,0,108.131,111.974,2.03554
355,0,0,621.247,539.627,621.247,539.627,0,0,0,0
356,118.299,149.616,275.404,678.055,149.434,693.313,0,93.5102,24.7885,1.26509
357,187.702,190.758,228.187,492.015,140.257,611.242,0,119.224,68.4783,1.57437
358,198.503,215.168,261.561,504.714,140.229,611.246,0,134.48,64.0228,1.47608
359,126.699,140.133,231.929,777.199,152.815,701.779,0,87.5829,39.1157,1.44661
360,128.999,133.817,532.339,151.063,653.523,130.227,0,83.6357,45.3629,1.54239
361,65.7996,94.9461,343.139,728.771,313.207,818.163,0,59.3413,6.45824,1.10883
362,6,5.95903,344.84,177.209,350.093,174.834,0,3.7244,2.2756,1.611
363,180.702,186.76,213.169,476.451,139.604,611.26,0,116.725,63.9766,1.5481
364,70.8995,69.7769,593.887,182.03,647.694,191.794,0,43.6106,27.2889,1.62574
365,297.209,224.692,460.672,336.286,356.078,173.482,0,140.432,156.777,2.11639
366,344.412,168.422,419.903,389.425,527.929,376.656,1,105.264,239.148,3.27189
367,99.899,88.3463,576.489,370.875,630.296,334.143,0,55.2165,44.6826,1.80923
368,176.102,172.938,421.123,293.414,355.469,174.436,0,108.086,68.0153,1.62927
369,64.4996,69.109,196.486,210.795,248.298,184.849,0,43.1931,21.3065,1.49328
370,223.004,155.394,503.086,182.666,356.21,173.364,0,97.1215,125.883,2.29614
371,70.3995,76.2835,195.225,641.496,144.794,615.921,0,47.6772,22.7223,1.47659
372,201.203,155.606,505.666,679.533,613.25,613.229,0,97.254,103.949,2.06884
373,219.804,213.052,395.742,319.758,349.877,174.681,0,133.157,86.647,1.65071
374,265.707,248.938,313.205,380.906,249.431,185.21,0,155.586,110.121,1.70778
375,322.51,282.499,426.907,413.847,630.297,334.023,0,176.562,145.949,1.82661
376,38.7,35.7493,270.347,213.781,252.448,184.032,0,22.3433,16.3567,1.73206
377,130.299,130.834,395.144,244.824,355.485,174.408,0,81.7712,48.5276,1.59346
378,160.501,140.898,291.544,305.322,250.603,184.811,0,88.0614,72.4392,1.8226
379,249.606,231.198,290.835,391.057,249.946,185.127,0,144.499,105.107,1.72739
380,16.9,21.1445,257.076,205.006,249.906,185.136,0,13.2153,3.68473,1.27882
381,96.8991,133.302,345.208,694.134,312.58,817.989,0,83.314,13.5851,1.16306
382,324.111,293.207,333.48,505.386,144.694,615.653,0,183.254,140.856,1.76864
383,102.099,133.02,347.163,695.26,312.828,817.961,0,83.1378,18.9612,1.22807
384,154.6,178.813,522.406,229.307,648.353,190.863,0,111.758,42.8419,1.38334
385,186.902,149.153,472.295,602.965,613.356,613.216,0,93.2206,93.6817,2.00495
386,200.203,247.041,374.459,606.43,312.598,818.037,0,154.401,45.8022,1.29664
387,40.8999,38.0762,225.574,209.263,248.421,184.782,0,23.7976,17.1023,1.71866
388,114.099,150.189,345.878,677.122,312.824,818.039,0,93.868,20.2309,1.21552
389,29.5001,32.3148,283.46,191.851,253.191,183.369,0,20.1967,9.30334,1.46064
390,299.009,286.034,341.456,537.546,144.744,615.582,0,178.771,120.238,1.67258
391,0,0,609.187,816.574,609.187,816.574,0,0,0,0
392,344.412,95.465,426.861,541.729,426.233,543.06,1,59.6656,284.746,5.77237
393,150.8,126.371,454.505,151.05,356.222,173.394,0,78.9821,71.8179,1.90929
394,96.0991,99.9895,210.7,572.901,144.691,615.697,0,62.4934,33.6057,1.53775
395,90.5992,91.2383,546.808,334.296,630.412,333.783,0,57.0239,33.5753,1.58879
396,21.8,23.2816,405.308,101.405,405.641,78.0884,0,14.551,7.24906,1.49818
397,157.3,137.316,472.498,157.543,356.087,173.446,0,85.8226,71.4778,1.83286
398,265.307,224.407,458.292,338.615,355.521,174.424,0,140.254,125.053,1.89161
399,151.8,186.496,406.48,689.701,313.083,818.1,0,116.56,35.2398,1.30233
400,273.007,249.716,452.699,416.729,615.569,540.167,0,156.072,116.935,1.74924
401,186.702,155.88,279.426,326.514,251.327,184.513,0,97.4249,89.2773,1.91637
402,49.8998,63.013,200.592,673.589,149.37,693.303,0,39.3831,10.5167,1.26704
403,67.4995,66.6546,587.502,133.425,653.632,129.627,0,41.6591,25.8404,1.62028
404,23.1001,25.5754,143.924,668.868,149.665,693.18,0,15.9846,7.11541,1.44514
405,58.3997,52.9085,589.116,649.251,613.353,612.366,0,33.0678,25.3319,1.76606
406,323.01,294.631,271.338,454.572,67.6506,405.627,0,184.144,138.866,1.75412
407,293.009,238.817,455.51,435.42,615.662,539.652,0,149.261,143.748,1.96306
408,8.3,9.03468,607.299,745.489,612.161,752.725,0,5.64667,2.65332,1.46989
409,188.502,166.264,227.317,332.953,250.384,184.914,0,103.915,84.5874,1.81401
410,167.501,178.158,197.954,488.244,140.23,611.154,0,111.349,56.1524,1.50429
411,222.304,147.608,162.542,454.074,67.6685,405.571,0,92.2553,130.049,2.40967
412,44.0999,51.6002,599.377,703.274,612.333,752.144,0,32.2501,11.8498,1.36743
413,171.601,121.58,220.014,300.951,248.801,184.976,0,75.9872,95.6141,2.25829
414,82.7993,85.7136,152.201,398.423,67.6445,404.766,0,53.571,29.2283,1.5456
415,62.9996,67.2317,411.668,150.975,355.783,174.31,0,42.0198,20.9798,1.49928
416,29.9001,38.9418,261.372,222.162,250.199,184.991,0,24.3386,5.56144,1.2285
417,191.202,140.051,483.533,188.468,356.249,173.16,0,87.5316,103.671,2.18438
418,45.7999,40.7043,576.999,597.419,613.278,612.428,0,25.4402,20.3597,1.80029
419,46.6999,66.0098,214.437,725.404,152.946,701.584,0,41.2561,5.44373,1.13195
420,12.1,14.5646,601.319,607.58,613.159,612.906,0,9.10285,2.99716,1.32926
421,73.5994,75.4863,196.66,640.212,144.629,615.545,0,47.1789,26.4205,1.56001
422,249.006,201.473,479.329,318.445,630.272,334.158,0,125.921,123.085,1.97749
423,0,0,648.551,192.986,648.551,192.986,0,0,0,0
424,176.202,140.932,559.229,555.866,613.288,612.382,0,88.0827,88.1189,2.00041
425,24.2001,27.9973,133.964,587.209,139.929,611.085,0,17.4983,6.70177,1.383
426,93.8991,103.703,114.616,465.093,67.747,405.613,0,64.8143,29.0849,1.44874
427,212.904,152.939,444.26,149.739,356.164,173.259,0,95.587,117.317,2.22733
428,194.803,146.653,467.816,212.702,356.06,173.411,0,91.6581,103.145,2.12532
429,264.807,214.926,498.908,518.337,613.169,612.62,0,134.329,130.478,1.97134
430,283.808,228.608,479.888,469.772,615.63,539.553,0,142.88,140.928,1.98634
431,93.1992,92.2782,418.052,217.441,355.565,174.359,0,57.6739,35.5253,1.61597
432,207.503,250.743,277.787,526.931,140.034,611.152,0,156.715,50.7888,1.32408
433,217.304,157.795,472.592,611.035,613.279,613.208,0,98.6222,118.682,2.2034
434,101.999,108.268,558.597,153.093,653.497,130.128,0,67.6677,34.3313,1.50735
435,49.3998,61.0515,615.712,240.413,636.064,282.716,0,38.1572,11.2426,1.29464
436,261.807,213.122,502.939,409.006,630.354,334.12,0,133.202,128.605,1.96549
437,323.811,287.141,349.001,417.998,350.106,174.784,0,179.463,144.347,1.80433
438,15,19.3255,630.246,205.669,647.881,197.795,0,12.0784,2.92157,1.24188
439,33.2001,25.2946,273.656,197.846,253.105,183.562,0,15.8092,17.3909,2.10005
440,231.305,224.013,480.582,427.071,615.55,539.598,0,140.008,91.2967,1.65208
441,137.599,120.849,456.152,161.676,355.545,174.426,0,75.5309,62.0683,1.82176
442,92.7992,126.539,249.369,667.055,149.465,693.34,0,79.0866,13.7125,1.17339
443,269.207,207.072,491.145,250.971,356.156,173.406,0,129.42,139.787,2.0801
444,23.8001,32.0883,261.286,215.023,250.611,184.773,0,20.0552,3.74485,1.18673
445,344.412,307.836,357.754,459.68,346.613,178.718,1,192.397,152.014,1.79011
446,140.999,165.661,290.385,686.04,149.32,693.356,0,103.538,37.4612,1.36181
447,63.5996,60.3994,589.044,656.768,613.242,612.979,0,37.7496,25.85,1.68477
448,223.704,218.143,349.723,353.366,349.67,174.611,0,136.34,87.3648,1.64079
449,103.599,139.235,560.241,279.288,648.392,198.103,0,87.0218,16.5772,1.19049
450,182.702,161.466,277.967,597.794,144.785,616.152,0,100.916,81.7859,1.81044
451,192.103,222.758,408.393,661.019,312.655,818.058,0,139.224,52.8787,1.37981
452,123.999,90.7806,547.454,641.402,613.29,612.504,0,56.7379,67.2608,2.18546
453,191.502,150.014,585.121,395.145,630.331,334.086,0,93.7588,97.7437,2.0425
454,334.111,285.551,427.749,413.052,630.359,334.104,0,178.47,155.642,1.87209
455,11.9,13.9239,616.883,331.178,630.364,334.154,0,8.70241,3.1976,1.36744
456,344.412,267.926,420.868,392.842,624.4,334.246,1,167.454,176.958,2.05676
457,107.099,101.198,222.136,280.996,249.186,185.098,0,63.2486,43.8504,1.6933
458,56.5997,65.5726,566.608,342.127,630.289,334.108,0,40.9829,15.6168,1.38106
459,134.299,128.499,175.105,261.284,248.164,184.698,0,80.312,53.987,1.67221
460,26.5001,36.4675,613.021,186.261,647.771,191.531,0,22.7922,3.7079,1.16268
461,199.303,173.165,445.016,277.166,355.436,174.4,0,108.228,91.0746,1.8415
462,147.6,130.649,550.448,555.57,613.262,612.386,0,81.6557,65.9441,1.80759
463,126.599,129.354,250.792,307.417,249.527,185.208,0,80.8463,45.7523,1.56592
464,105.099,111.733,543.191,120.668,653.476,130.137,0,69.8334,35.2656,1.505
465,176.502,143.389,291.002,306.156,249.575,185.208,0,89.618,86.8835,1.96949
466,114.699,149.209,313.523,696.763,312.513,818.048,0,93.2555,21.4433,1.22994
467,261.007,243.688,458.213,421.303,615.728,540.421,0,152.305,108.702,1.71371
468,266.007,241.455,466.448,234.679,356.155,173.421,0,150.909,115.098,1.76269
469,133.899,123.583,469.197,174.311,356.197,173.43,0,77.2393,56.6597,1.73356
470,217.204,143.155,177.654,440.563,67.7225,405.614,0,89.4719,127.732,2.42762
471,201.203,170.747,242.791,342.628,249.707,185.182,0,106.717,94.4861,1.88539
472,88.6992,70.8668,593.46,361.082,630.269,334.35,0,44.2917,44.4075,2.00261
473,258.807,234.259,305.335,383.051,249.08,185.15,0,146.412,112.395,1.76766
474,175.301,173.446,200.75,477.336,139.496,611.202,0,108.404,66.8975,1.61711
475,42.6999,49.7683,143.27,561.632,139.95,611.055,0,31.1052,11.5948,1.37276
476,36.3,43.8935,187.723,624.219,144.773,615.779,0,27.4335,8.86657,1.3232
477,53.9997,43.4838,111.313,403.851,67.7719,405.001,0,27.1774,26.8224,1.98694
478,222.604,165.305,171.942,303.412,248.228,184.687,0,103.316,119.289,2.15461
479,265.107,204.564,234.27,429.556,67.5588,405.738,0,127.853,137.254,2.07353
480,64.8996,64.416,589.279,130.305,653.62,130.389,0,40.26,24.6396,1.61201
481,272.707,244.377,455.062,422.398,615.645,539.598,0,152.736,119.972,1.78549
482,61.4996,68.1035,549.476,747.838,611.963,753.005,0,42.5647,18.9349,1.44485
483,77.7994,110.579,258.49,734.341,153.682,700.205,0,69.112,8.68741,1.1257
484,185.302,172.317,245.318,572.605,144.669,615.643,0,107.698,77.604,1.72057
485,48.4998,59.9682,303.805,768.487,311.913,818.283,0,37.4802,11.0197,1.29401
486,42.4999,53.8401,589.92,704.26,612.091,752.613,0,33.6501,8.84987,1.263
487,140.799,162.958,203.881,518.713,140.304,611.171,0,101.849,38.9507,1.38244
488,231.805,181.53,246.73,350.71,249.944,185.12,0,113.456,118.349,2.04313
489,47.6998,57.5737,596.037,307.184,630.257,334.124,0,35.9836,11.7163,1.3256
490,114.399,114.439,260.007,296.012,249.878,185.11,0,71.5244,42.8744,1.59944
491,101.899,100.585,263.804,282.303,250.268,184.927,0,62.8656,39.0334,1.6209
492,77.7994,74.9798,601.53,684.029,612.424,752.016,0,46.8624,30.937,1.66017
493,199.103,173.45,526.042,534.705,613.309,612.553,0,108.406,90.6967,1.83664
494,147.6,141.45,578.811,395.743,630.311,334.263,0,88.406,59.1938,1.66957
495,131.399,119.931,308.525,252.747,349.995,174.808,0,74.9571,56.4417,1.75299
496,140.799,188.425,453.897,714.904,612.199,752.361,0,117.766,23.0337,1.19559
497,9.4,10.4011,642.156,206.381,647.989,197.858,0,6.5007,2.8993,1.446
498,18.4,20.2292,601.748,601.968,613.168,612.854,0,12.6432,5.75679,1.45533
499,204.403,239.273,271.624,519.698,140.049,611.164,0,149.546,54.8578,1.36683
500,110.999,103.42,161.857,386.559,67.6519,404.854,0,64.6376,46.3613,1.71725
501,0,0,610.01,833.573,610.01,833.573,0,0,0,0
502,127.799,156.203,307.927,698.904,312.359,818.117,0,97.6271,30.1715,1.30905
503,3.7,2.93348,611.088,615.339,613.893,614.482,0,1.83343,1.86657,2.01808
504,195.203,203.963,613.436,386.092,615.523,540.232,0,127.477,67.7257,1.53128
505,149.5,136.23,199.771,386.721,67.6922,404.798,0,85.1437,64.3563,1.75585
506,24.2001,21.987,600.524,599.676,613.401,612.336,0,13.7419,10.4582,1.76105
507,249.706,234.122,463.662,430.727,615.587,539.617,0,146.326,103.38,1.7065
508,195.603,154.064,495.674,663.953,613.26,613.207,0,96.2898,99.313,2.0314
509,79.1994,112.803,260.529,734.687,153.629,700.473,0,70.5021,8.6973,1.12336
510,53.0998,65.015,185.024,594.935,144.736,616.078,0,40.6344,12.4654,1.30677
511,58.0997,77.5886,325.903,745.464,312.663,818.046,0,48.4929,9.60678,1.19811
512,82.4993,111.467,240.513,671.017,149.452,693.289,0,69.667,12.8324,1.1842
513,41.9999,46.3409,151.285,572.025,139.948,611.086,0,28.9631,13.0369,1.45012
514,186.602,200.79,214.92,462.483,139.505,611.207,0,125.494,61.1083,1.48694
515,99.3991,113.404,281.296,736.974,312.142,818.157,0,70.8772,28.5218,1.40241
516,129.499,115.411,163.904,375.227,67.6489,404.804,0,72.1321,57.3666,1.7953
517,126.699,136.708,311.872,292.319,251.056,184.618,0,85.4425,41.2562,1.48285
518,64.6996,73.0146,542.09,615.253,613.168,612.663,0,45.6341,19.0655,1.41779
519,344.412,175.751,440.957,511.454,546.215,445.38,1,109.844,234.568,3.13546
520,145.6,129.014,527.154,572.717,613.253,612.404,0,80.6338,64.9659,1.80569
521,85.0993,89.8628,301.239,226.944,349.743,174.643,0,56.1643,28.935,1.51519
522,55.4997,63.5579,132.589,557.68,139.943,611.094,0,39.7237,15.776,1.39714
523,147.6,158.708,532.073,445.737,615.605,540.373,0,99.1923,48.4075,1.48802
524,189.902,156.589,521.916,391.272,630.299,334.143,0,97.8682,92.0341,1.94039
525,21.1,23.145,611.948,324.078,630.375,334.099,0,14.4657,6.63439,1.45863
526,135.199,130.518,311.686,266.793,349.59,174.648,0,81.5736,53.6254,1.65739
527,187.402,186.327,258.682,572.345,144.653,615.644,0,116.454,70.9481,1.60924
528,0.6,0.142567,403.782,77.5739,403.829,77.4394,0,0.0891046,0.510895,6.73366
529,215.204,231.828,491.417,505.248,615.476,539.995,0,144.892,70.3115,1.48527
530,117.099,83.8597,591.737,355.882,630.269,334.348,0,52.4123,64.6865,2.23418
531,32.1001,37.5889,616.577,200.111,648.352,198.14,0,23.4931,8.60699,1.36636
532,42.0999,37.3238,105.359,404.435,67.6846,404.798,0,23.3274,18.7725,1.80474
533,303.009,259.916,233.709,481.28,67.6586,405.635,0,162.448,140.562,1.86527
534,34.7,37.0392,580.859,769.462,611.076,755.398,0,23.1495,11.5505,1.49895
535,228.805,294.048,334.11,423.588,251.59,184.356,0,183.78,45.0245,1.24499
536,175.702,164.869,530.073,434.599,615.667,539.639,0,103.043,72.6581,1.70512
537,19.6,23.5624,140.296,644.145,139.871,620.898,0,14.7265,4.87351,1.33093
538,29.3001,28.666,133.278,586.858,139.955,611.074,0,17.9162,11.3839,1.63539
539,34.9,37.4132,604.885,584.565,613.363,612.111,0,23.3833,11.5168,1.49252
540,235.505,174.888,291.617,605.778,144.744,615.689,0,109.305,126.2,2.15457
541,118.599,124.134,555.524,170.161,653.662,130.302,0,77.5836,41.0152,1.52866
542,87.4992,88.1656,155.669,400.078,67.8048,405.158,0,55.1035,32.3958,1.58791
543,151.9,130.316,466.787,156.307,356.338,173.215,0,81.4477,70.4524,1.865
544,282.208,247.838,350.213,382.082,349.837,174.704,0,154.899,127.309,1.82188
545,141.999,163.976,550.089,211.154,648.621,190.78,0,102.485,39.5146,1.38557
546,240.505,221.184,386.17,342.216,349.715,174.664,0,138.24,102.266,1.73977
547,39,43.8437,141.011,568.847,139.925,611.097,0,27.4023,11.5977,1.42324
548,103.599,80.9407,588.394,355.774,630.359,334.494,0,50.5879,53.011,2.0479
549,2,1.24525,134.853,613.031,136.04,613.408,0,0.778284,1.22172,2.56976
550,201.103,163.182,445.344,268.942,356.227,173.286,0,101.989,99.1144,1.97182
551,59.5997,60.9917,302.856,767.237,311.765,818.345,0,38.1198,21.4798,1.56348
552,140.599,133.303,452.161,222.285,356.191,173.39,0,83.3146,57.2847,1.68757
553,23.8001,24.3043,83.2701,417.208,67.8297,405.392,0,15.1902,8.60985,1.5668
554,33.0001,32.84,140.269,662.573,149.309,693.283,0,20.525,12.4751,1.6078
555,82.4993,89.0678,301.282,225.95,349.579,174.611,0,55.6674,26.8319,1.482
556,75.5994,74.9847,316.781,752.752,312.162,818.208,0,46.8655,28.734,1.61312
557,106.599,114.832,194.442,254.959,248.771,185.036,0,71.7697,34.8292,1.48529
558,112.199,102.475,436.103,202.555,356.056,173.428,0,64.047,48.1519,1.75182
559,47.4998,44.6275,97.8037,425.412,67.707,404.81,0,27.8922,19.6077,1.70298
560,91.2992,91.9537,246.981,774.764,310.772,818.682,0,57.4711,33.8281,1.58861
561,226.905,200.116,477.719,397.245,630.338,334.119,0,125.072,101.832,1.81419
562,238.105,225.388,480.463,464.056,615.627,540.415,0,140.867,97.238,1.69028
563,64.2996,64.116,594.8,175.014,647.652,191.962,0,40.0725,24.2271,1.60458
564,74.4994,86.9405,148.61,524.996,139.57,611.161,0,54.3378,20.1616,1.37104
565,261.307,247.748,326.013,556.034,144.735,616.059,0,154.842,106.464,1.68757
566,0,0,406.306,71.699,406.306,71.699,0,0,0,0
567,47.1999,49.4698,80.8287,441.422,67.712,405.558,0,30.9186,16.2812,1.52658
568,139.599,171.221,309.427,717.778,312.283,818.132,0,107.013,32.586,1.3045
569,169.801,134.676,505.403,338.246,630.278,334.101,0,84.1723,85.6288,2.0173
570,77.7994,72.6117,416.495,196.475,355.626,174.38,0,45.3823,32.4171,1.71431
571,128.799,156.177,284.553,690.893,149.895,693.206,0,97.6108,31.1878,1.31951
572,268.807,254.299,359.874,393.344,349.694,174.628,0,158.937,109.87,1.69128
573,290.108,310.607,366.688,524.03,144.804,616.107,0,194.129,95.979,1.49441
574,29.2001,37.318,607.287,310.656,630.35,334.106,0,23.3238,5.87632,1.25195
575,147.3,139.154,244.273,313.705,249.466,185.221,0,86.9715,60.3283,1.69366
576,97.4991,95.247,246.18,791.002,310.793,818.671,0,59.5294,37.9697,1.63783
577,148,186.233,534.891,305.99,647.889,197.833,0,116.396,31.6042,1.27152
578,109.399,109.023,204.457,562.767,144.74,615.603,0,68.1394,41.2595,1.60552
579,83.8993,90.9775,563.644,122.807,653.486,129.879,0,56.861,27.0383,1.47552
580,71.8995,97.5211,332.882,723.386,312.721,818.056,0,60.9507,10.9488,1.17963
581,147.9,165.474,522.557,214.838,647.638,191.99,0,103.421,44.4787,1.43007
582,223.604,174.433,166.802,301.212,248.166,184.686,0,109.021,114.584,2.05103
583,94.4991,117.962,550.674,196.064,648.025,191.206,0,73.7261,20.773,1.28176
584,272.107,224.086,395.108,337.588,349.905,174.682,0,140.054,132.053,1.94288
585,166.301,215.941,511.795,249.691,648.137,197.99,0,134.963,31.338,1.2322
586,185.502,197.295,203.381,455.359,139.492,611.159,0,123.309,62.1929,1.50437
587,286.708,255.558,252.534,460.214,67.6406,405.771,0,159.724,126.984,1.79502
588,180.402,211.494,333.061,361.839,251.264,184.521,0,132.184,48.2181,1.36478
589,191.702,197.012,402.437,302.243,355.598,174.435,0,123.132,68.57,1.55688
590,57.2997,60.5234,583.429,705.542,612.017,752.883,0,37.8271,19.4726,1.51478
591,246.206,186.929,250.667,397.838,67.7313,404.812,0,116.83,129.375,2.10738
592,15.2,16.4388,158.281,612.369,144.846,616.012,0,10.2742,4.92579,1.47943
593,139.299,137.138,311.762,289.771,251.135,184.513,0,85.7114,53.5879,1.62521
594,106.399,110.472,558.371,156.487,653.563,130.291,0,69.0451,37.3538,1.54101
595,177.502,131.725,490.096,607.947,613.299,613.121,0,82.3282,95.1734,2.15602
596,296.009,254.621,439.924,444.482,615.554,539.625,0,159.138,136.871,1.86007
597,31.9001,30.981,83.124,423.65,67.724,405.568,0,19.3631,12.5369,1.64746
598,288.108,279.4,286.938,457.127,67.6489,404.48,0,174.625,113.483,1.64987
599,210.004,260.429,332.71,389.749,251.5,184.439,0,162.768,47.2354,1.2902
600,59.1997,40.6974,224.776,214.521,248.843,185.04,0,25.4359,33.7638,2.32741
601,82.6993,89.9487,564.625,123.302,653.45,129.853,0,56.218,26.4814,1.47105
602,247.306,214.075,277.334,381.898,249.597,185.222,0,133.797,113.509,1.84837
603,123.099,104.206,171.256,401.789,67.7462,405.541,0,65.1289,57.9697,1.89008
604,230.105,199.022,404.09,307.462,355.503,174.413,0,124.389,105.716,1.84989
605,128.599,131.649,580.605,382.07,630.382,334.085,0,82.2803,46.3183,1.56293
606,84.9993,94.6781,205.824,573.069,144.653,615.593,0,59.1738,25.8255,1.43643
607,261.807,188.092,251.42,395.777,67.6688,404.85,0,117.557,144.249,2.22705
608,146.3,180.455,302.508,668.157,312.256,818.142,0,112.784,33.5154,1.29716
609,0,0,619.283,540.434,619.283,540.434,0,0,0,0
610,10.2,10.2584,639.384,203.015,648.177,198.099,0,6.41153,3.78848,1.59089
611,235.805,189.381,298.447,346.277,248.658,184.945,0,118.363,117.442,1.99222
612,234.905,218.547,488.425,462.731,615.527,539.987,0,136.592,98.3133,1.71976
613,5.1,4.9705,641.751,195.11,646.66,194.464,0,3.10656,1.99343,1.64168
614,141.799,133.135,163.09,480.331,140.302,611.227,0,83.2093,58.5901,1.70413
615,33.5001,37.6651,616.493,132.702,653.56,129.966,0,23.5407,9.95939,1.42307
616,153.6,140.765,310.071,297.069,251.055,184.649,0,87.978,65.6222,1.74589
617,231.305,215.108,392.829,329.853,350.006,174.831,0,134.443,96.8624,1.72047
618,114.299,102.549,169.227,403.215,67.6384,404.904,0,64.0929,50.2059,1.78333
619,212.804,160.1,203.116,427.269,67.6418,405.605,0,100.063,112.741,2.12671
620,56.2997,52.1599,590.617,648.431,613.293,613.222,0,32.5999,23.6998,1.72699
621,31.6001,33.5891,569.044,832.339,602.481,833.315,0,20.9932,10.6069,1.50526
622,21.4,25.9471,578.372,827.674,602.443,833.318,0,16.217,5.18309,1.31961
623,176.402,164.702,528.558,436.778,615.652,539.66,0,102.939,73.4628,1.71366
624,137.999,181.183,532.565,266.685,647.913,197.64,0,113.24,24.7597,1.21865
625,57.7997,75.4748,204.399,703.01,153.39,700.981,0,47.1718,10.6279,1.2253
626,236.405,185.505,484.721,301.694,630.36,334.056,0,115.941,120.464,2.03902
627,119.899,126.674,527.914,123.811,653.656,129.634,0,79.1714,40.7274,1.51442
628,97.7991,120.941,576.905,273.411,647.901,197.585,0,75.5883,22.2108,1.29384
629,81.0993,83.579,571.114,132.99,653.622,129.614,0,52.2369,28.8625,1.55253
630,195.703,195.604,495.639,442.608,615.663,539.646,0,122.252,73.4506,1.60081
631,119.299,120.31,343.053,272.389,349.637,174.624,0,75.1937,44.1051,1.58655
632,19.5,22.0851,145.029,672.248,149.595,693.271,0,13.8032,5.69684,1.41272
633,344.412,260.994,421.248,563.48,566.171,617.555,1,163.121,181.29,2.11138
634,202.203,235.488,267.761,519.033,140.119,611.154,0,147.18,55.023,1.37385
635,39.2,48.7672,324.015,204.499,349.792,174.662,0,30.4795,8.7205,1.28611
636,43.4999,47.5414,143.604,564.151,139.869,611.134,0,29.7133,13.7866,1.46399
637,157.8,162.18,282.739,666.063,144.814,616.171,0,101.362,56.4382,1.5568
638,344.412,248.095,424.656,592.129,596.775,614.012,1,155.059,189.352,2.22116
639,213.104,169.08,510.232,324.304,630.292,334.077,0,105.675,107.428,2.01659
640,128.399,105.588,163.797,412.096,67.6895,405.483,0,65.9925,62.4061,1.94565
641,216.104,260.117,333.464,391.318,251.405,184.488,0,162.573,53.5311,1.32927
642,344.412,260.63,444.996,478.608,607.385,540.746,1,162.894,181.518,2.11433
643,24.9001,29.8945,580.106,823.349,602.404,833.286,0,18.684,6.21601,1.33269
644,79.5994,81.6997,148.729,399.775,67.6643,404.949,0,51.0623,28.537,1.55887
645,85.6993,91.269,569.92,142.119,653.452,130.135,0,57.0431,28.6562,1.50236
646,39.3,39.1767,563.234,832.866,602.434,833.543,0,24.4854,14.8145,1.60503
647,19.1,19.8541,599.136,602.427,613.241,612.722,0,12.4088,6.6912,1.53923
648,82.8993,90.9952,532.499,754.11,611.055,755.244,0,56.872,26.0273,1.45765
649,28.3001,33.3314,621.09,136.008,653.552,129.901,0,20.8321,7.46796,1.35848
650,131.399,131.998,393.75,236.65,355.556,174.404,0,82.4985,48.9003,1.59274
651,36.8,35.6965,239.891,219.094,249.182,185.084,0,22.3103,14.4897,1.64946
652,232.605,182.979,255.643,342.403,248.138,184.673,0,114.362,118.243,2.03394
653,214.504,205.733,394.074,312.673,349.97,174.772,0,128.583,85.9207,1.66821
654,273.607,233.942,347.205,594.492,144.762,616.171,0,146.214,127.394,1.87128
655,88.6992,114.075,560.351,208.179,647.852,191.402,0,71.2971,17.4021,1.24408
656,53.0998,44.4057,289.062,206.272,253.178,183.42,0,27.7536,25.3462,1.91326
657,333.811,252.15,483.939,488.94,615.485,540.145,0,157.593,176.218,2.11818
658,300.309,253.728,442.724,444.735,615.567,539.625,0,158.58,141.729,1.89374
659,89.7992,88.2384,563.57,360.393,630.375,334.501,0,55.149,34.6502,1.6283
660,91.1992,103.543,246.166,631.691,144.573,616.494,0,64.7142,26.485,1.40926
661,246.606,226.292,388.529,349.824,349.7,174.56,0,141.432,105.174,1.74363
662,344.412,256.786,450.053,485.06,605.45,538.859,1,160.492,183.92,2.14598
663,13.1,14.4613,251.208,199.173,249.738,185.192,0,9.0383,4.06171,1.44939
664,278.808,284.816,359.623,548.847,144.799,616.061,0,178.01,100.798,1.56625
665,81.3993,98.4625,522.472,776.909,611.203,755.474,0,61.5391,19.8603,1.32273
666,190.102,184.136,236.033,508.215,139.523,611.165,0,115.085,75.0171,1.65184
667,150.5,131.122,524.81,667.945,613.319,613.207,0,81.9515,68.5484,1.83645
668,238.905,194.194,526.339,521.642,613.355,612.542,0,121.371,117.534,1.96839
669,258.107,314.64,311.316,478.435,139.855,611.063,0,196.65,61.4566,1.31252
670,159.401,191.519,432.526,713.584,313.017,818.095,0,119.699,39.7013,1.33168
671,164.401,169.078,486.139,116.572,653.476,129.963,0,105.674,58.7273,1.55574
672,168.101,200.397,418.937,685.458,313.272,818.247,0,125.248,42.8529,1.34214
673,181.602,193.803,611.816,395.362,615.556,539.585,0,121.127,60.475,1.49927
674,64.1996,78.5042,211.728,681.278,149.723,693.178,0,49.0652,15.1344,1.30846
675,24.0001,23.5556,246.935,208.061,249.831,185.072,0,14.7223,9.27779,1.63019
676,66.4996,64.8415,589.175,131.55,653.667,129.637,0,40.526,25.9736,1.64091
677,84.3993,72.2474,316.64,755.064,311.42,818.523,0,45.1546,39.2447,1.86912
678,119.499,114.818,160.621,375.386,67.6409,404.804,0,71.7614,47.7374,1.66522
679,175.402,147.998,290.165,635.724,144.749,615.629,0,92.4986,82.9029,1.89626
680,344.412,278.863,438.107,549.287,581.571,617.943,1,174.289,170.122,1.97609
681,344.412,183.227,417.722,497.635,547.918,453.415,1,114.517,229.895,3.00753
682,135.399,131.253,531.206,681.717,613.292,613.142,0,82.0334,53.3657,1.65054
683,24.8001,29.1886,147.688,664.256,149.755,693.241,0,18.2429,6.55717,1.35944
684,233.705,181.9,282.248,580.896,144.645,615.632,0,113.688,120.017,2.05567
685,26.3001,29.0623,600.323,776.983,611.153,755.093,0,18.1639,8.13612,1.44793
686,234.405,298.09,333.043,428.149,250.981,184.579,0,186.306,48.0989,1.25817
687,149.9,160.275,507.462,145.312,653.638,130.375,0,100.172,49.7282,1.49643
688,297.909,269.616,363.593,417.285,349.747,174.693,0,168.51,129.399,1.7679
689,40.4,41.1026,292.237,194.754,253.211,183.222,0,25.6891,14.7108,1.57265
690,80.5993,115.379,261.967,737.712,153.638,700.189,0,72.1121,8.48726,1.1177
691,18.1,21.4412,317.942,797.598,312.706,818.016,0,13.4008,4.69925,1.35067
692,203.103,166.508,517.565,544.143,613.358,612.415,0,104.068,99.0357,1.95165
693,115.099,107.058,156.388,506.855,139.523,611.178,0,66.9115,48.1873,1.72016
694,21.4,26.3892,142.354,585.232,139.841,611.103,0,16.4932,4.90682,1.29751
695,249.106,263.551,349.623,565.621,144.784,616.093,0,164.72,84.3863,1.5123
696,115.899,112.944,541.245,667.303,613.268,613.126,0,70.5899,45.3089,1.64186
697,60.6996,66.3918,315.299,760.685,311.822,818.272,0,41.4949,19.2048,1.46282
698,344.412,274.96,422.421,400.438,626.917,334.157,1,171.85,172.562,2.00414
699,164.601,157.15,425.296,281.842,355.533,174.425,0,98.2189,66.3819,1.67586
700,106.199,128.066,518.848,717.841,611.807,753.587,0,80.0415,26.1574,1.3268
701,139.199,109.037,168.915,384.263,67.7127,405.604,0,68.1483,71.051,2.0426
702,95.7991,93.9634,559.481,362.851,630.352,333.781,0,58.7271,37.072,1.63126
703,43.6999,52.5695,573.873,788.407,606.549,811.589,0,32.8559,10.844,1.33005
704,44.4999,43.8233,296.258,187.156,253.534,182.535,0,27.3896,17.1103,1.6247
705,188.802,168.808,273.724,338.767,251.544,184.405,0,105.505,83.2972,1.78951
706,37.5,49.8374,189.845,697.303,152.817,701.803,0,31.1484,6.35161,1.20391
707,299.809,239.623,479.343,505.897,613.218,612.925,0,149.765,150.045,2.00187
708,221.604,162.639,470.906,619.465,613.317,613.214,0,101.649,119.955,2.18009
709,59.2997,67.921,341.368,204.016,349.595,174.646,0,42.4506,16.8491,1.39691
710,55.5997,59.4565,612.252,153.615,653.609,130.319,0,37.1603,18.4394,1.49621
711,155.6,133.931,196.81,389.811,67.7012,405.599,0,83.7071,71.8932,1.85887
712,53.0998,53.2519,298.327,202.085,252.631,183.974,0,33.2824,19.8173,1.59543
713,106.199,126,107.804,484.178,67.7064,405.477,0,78.7501,27.4489,1.34856
714,301.209,256.414,295.485,435.767,67.714,404.829,0,160.258,140.951,1.87952
715,178.802,118.227,195.597,263.76,248.21,184.662,0,73.8917,104.91,2.41978
716,12.6,14.4478,337.516,181.796,349.871,174.826,0,9.02987,3.57014,1.39537
717,248.606,171.472,205.481,437.214,67.7407,405.626,0,107.17,141.436,2.31974
718,165.901,154.694,174.049,338.983,67.7393,404.797,0,96.6839,69.2171,1.71591
719,58.8997,62.2633,606.407,156.865,648.426,190.759,0,38.9146,19.9851,1.51356
720,166.101,170.136,284.321,674.401,144.786,616.137,0,106.335,59.7659,1.56205
721,291.009,256.891,450.401,409.114,615.561,539.614,0,160.557,130.451,1.81249
722,7.3,8.00444,608.481,745.71,612.022,752.799,0,5.00277,2.29722,1.45919
723,132.099,158.101,284.998,688.268,149.905,693.195,0,98.813,33.2859,1.33686
724,253.406,206.483,445.199,325.076,355.502,174.401,0,129.052,124.355,1.9636
725,173.401,194.324,361.207,646.626,312.709,817.96,0,121.453,51.9488,1.42773
726,241.606,164.695,511.884,178.982,356.127,173.46,0,102.934,138.671,2.34718
727,15.8,19.824,142.321,591.799,139.86,611.138,0,12.39,3.41003,1.27522
728,109.799,101.085,433.402,201.933,356.194,173.424,0,63.1782,46.6207,1.73792
729,55.6997,65.7868,281.426,777.756,311.223,818.592,0,41.1167,14.583,1.35467
730,208.604,199.01,344.394,334.567,349.593,174.585,0,124.381,84.2224,1.67713
731,130.299,171.614,529.888,289.824,648.057,197.958,0,107.259,23.0401,1.21481
732,130.099,105.271,224.088,285.374,249.376,185.24,0,65.7944,64.3043,1.97735
733,158,169.19,516.217,206.106,647.7,191.82,0,105.743,52.257,1.49419
734,43.0999,52.2891,617.036,249.37,636.065,282.578,0,32.6807,10.4193,1.31882
735,296.809,161.648,496.634,630.475,613.328,613.075,0,101.03,195.779,2.93784
736,203.803,214.492,508.642,505.395,615.586,539.645,0,134.057,69.7458,1.52027
737,344.412,219.299,421.5,497.564,583.418,462.703,1,137.062,207.35,2.51282
738,133.699,161.898,301.868,695.202,312.798,817.95,0,101.186,32.5125,1.32131
739,104.799,127.051,304.154,284.474,250.552,184.832,0,79.4068,25.3922,1.31977
740,205.503,197.885,526.433,458.883,615.458,540.081,0,123.678,81.8253,1.6616
741,137.599,178.637,463.714,715.856,612.077,752.765,0,111.648,25.9508,1.23243
742,119.799,110.37,127.754,519.628,139.508,611.215,0,68.9815,50.8172,1.73668
743,179.502,151.191,215.267,391.188,67.6617,404.785,0,94.4944,85.0074,1.8996
744,178.002,156.066,517.687,390.228,630.279,334.073,0,97.541,80.4606,1.82489
745,145.5,159.193,507.922,147.049,653.64,130.326,0,99.4959,46.0038,1.46237
746,168.801,182.799,519.661,434.248,615.719,540.52,0,114.249,54.5517,1.47748
747,53.9997,65.3248,327.661,220.091,349.762,174.742,0,40.828,13.1717,1.32262
748,30.2001,31.0331,244.866,215.306,249.082,185.085,0,19.3957,10.8044,1.55705
749,36.1,31.7959,250.108,217.384,249.912,185.12,0,19.8725,16.2276,1.81659
750,282.408,229.961,483.772,514.597,613.255,612.612,0,143.726,138.682,1.96491
751,1.7,0.813693,642.177,287.302,641.962,286.517,0,0.508558,1.19144,3.34278
752,191.803,151.446,295.818,314.625,250.259,184.894,0,94.6538,97.1487,2.02636
753,137.999,167.145,370.164,674.8,312.85,818.045,0,104.465,33.5337,1.321
754,134.799,177.525,534.292,297.201,648.229,197.949,0,110.953,23.8462,1.21492
755,125.099,116.159,557.958,299.952,630.301,333.858,0,72.5991,52.4995,1.72314
756,14.7,16.7986,154.571,677.103,149.861,693.218,0,10.4991,4.20087,1.40012
757,126.899,104.951,167.56,388.274,67.6433,404.838,0,65.5945,61.3041,1.93459
758,71.5995,72.169,418.498,149.211,356.109,173.611,0,45.1056,26.4938,1.58737
759,258.207,204.995,478.697,537.107,613.26,612.533,0,128.122,130.085,2.01532
760,174.701,181.147,529.686,491.603,615.637,539.739,0,113.217,61.4845,1.54307
761,71.0995,70.7385,594.058,363.952,630.386,334.414,0,44.2116,26.8879,1.60816
762,15.9,17.1558,243.37,200.636,249.743,185.237,0,10.7224,5.17766,1.48288
763,170.201,212.825,333.106,362.007,251.451,184.406,0,133.016,37.1856,1.27956
764,72.0995,90.6925,573.017,480.349,615.536,540.199,0,56.6828,15.4166,1.27198
765,110.299,120.203,589.809,442.59,615.559,539.584,0,75.1267,35.1722,1.46817
766,33.0001,41.3522,596.856,510.876,615.687,540.33,0,25.8451,7.15495,1.27684
767,155.9,107.909,212.105,253.092,248.301,184.789,0,67.4429,88.4574,2.31159
768,70.1995,72.5152,582.332,124.648,653.609,130.382,0,45.322,24.8775,1.54891
769,132.599,131.594,222.844,592.463,144.669,615.603,0,82.2463,50.3526,1.61222
770,40,55.8913,206.001,719.959,153.582,700.747,0,34.9321,5.06789,1.14508
771,73.4995,79.2324,585.096,185.231,648.663,190.787,0,49.5202,23.9792,1.48423
772,84.9993,86.3451,153.006,399.814,67.6948,404.798,0,53.9657,31.0336,1.57506
773,300.909,258.057,438.872,446.386,615.656,540.438,0,161.286,139.623,1.86569
774,205.603,229.214,269.241,512.798,139.753,611.084,0,143.259,62.3445,1.43519
775,155.8,200.502,522.405,310.418,647.933,197.599,0,125.314,30.4864,1.24328
776,175.502,127.447,162.109,434.287,67.6415,405.614,0,79.6544,95.8471,2.20329
777,344.412,216.483,378.31,481.34,548.69,453.85,1,135.302,209.11,2.54551
778,55.3997,71.584,209.99,676.503,149.839,693.215,0,44.74,10.6597,1.23826
779,127.999,118.218,154,496.031,139.524,611.176,0,73.8865,54.1121,1.73237
780,233.705,292.099,276.651,488.083,139.934,611.17,0,182.562,51.1432,1.28014
781,62.9996,60.7116,599.9,175.797,647.695,191.809,0,37.9448,25.0549,1.6603
782,165.801,174.4,481.373,111.054,653.463,129.954,0,109,56.8012,1.52111
783,344.412,233.152,405.107,527.065,558.07,452.467,1,145.72,198.692,2.36351
784,250.306,166.078,199.53,436.075,67.6786,405.598,0,103.799,146.507,2.41145
785,141.899,169.822,372.03,673.469,312.415,818.071,0,106.139,35.7608,1.33693
786,145.5,132.27,280.917,294.179,249.847,185.114,0,82.6688,62.8309,1.76003
787,156.9,135.87,251.563,655.073,144.74,616.188,0,84.9187,71.9817,1.84765
788,108.899,120.052,364.03,237.57,349.632,174.593,0,75.0327,33.8662,1.45135
789,10.1,9.54687,610.258,547.901,616.356,541.9,0,5.96679,4.13321,1.6927
790,58.7997,80.232,333.299,741.246,312.804,817.973,0,50.145,8.65468,1.17259
791,61.6996,59.7443,601.651,176.194,647.773,191.749,0,37.3402,24.3594,1.65236
792,173.601,148.998,519.732,382.98,630.385,334.098,0,93.124,80.4774,1.8642
793,146.6,132.647,355.301,271.565,349.842,174.682,0,82.9044,63.6953,1.7683
794,182.802,179.676,205.283,475.166,139.535,611.263,0,112.298,70.5042,1.62783
795,163.401,149.9,335.4,290.119,349.48,174.605,0,93.6878,69.713,1.7441
796,240.005,216.094,389.582,333.832,349.865,174.654,0,135.059,104.947,1.77704
797,257.707,234.53,349.511,590.28,144.684,615.594,0,146.581,111.126,1.75812
798,163.601,125.831,166.002,430.594,67.6805,405.589,0,78.6442,84.9566,2.08027
799,249.806,199.321,471.968,542.603,613.256,612.603,0,124.576,125.231,2.00526
800,154.7,144.231,581.093,396.13,630.351,334.14,0,90.1442,64.556,1.71614
801,41.5999,44.4464,558.261,835.314,602.428,833.502,0,27.779,13.8209,1.49753
802,182.102,213.891,432.381,679.187,313.144,818.233,0,133.682,48.4202,1.36221
803,236.005,184.106,247.277,396.7,67.6585,404.787,0,115.066,120.939,2.05103
804,294.009,242.079,241.214,460.824,67.7425,405.635,0,151.299,142.71,1.94323
805,139.399,129.805,480.463,178.877,356.25,173.42,0,81.1281,58.2712,1.71826
806,114.399,121.035,197.689,533.111,140.144,611.063,0,75.647,38.7519,1.51227
807,242.306,239.938,310.603,384.013,250.355,184.88,0,149.961,92.3444,1.61579
808,106.599,104.675,560.509,371.014,630.4,333.691,0,65.4221,41.1768,1.6294
809,126.699,129.302,536.528,153.256,653.506,130.227,0,80.8138,45.8848,1.56778
810,199.503,165.35,198.705,355.625,67.6681,404.786,0,103.344,96.159,1.93048
811,143.5,164.722,519.162,207.012,647.665,191.885,0,102.951,40.5482,1.39386
812,158.3,153.787,500.436,119.722,653.564,130.382,0,96.1168,62.1837,1.64696
813,251.506,234.834,265.018,431.772,67.6133,404.585,0,146.771,104.735,1.71359
814,35.8,47.0037,196.992,718.083,153.013,701.63,0,29.3773,6.42271,1.21863
815,313.01,231.17,462.615,391.969,630.306,334.11,0,144.481,168.529,2.16644
816,215.504,179.431,224.619,348.45,249.91,185.068,0,112.144,103.36,1.92167
817,154.3,174.566,359.122,661.742,312.374,818.07,0,109.104,45.1965,1.41425
818,137.499,159.822,525.848,173.412,648.361,190.784,0,99.8885,37.6106,1.37653
819,192.603,228.624,368.629,620.762,312.481,817.968,0,142.89,49.7122,1.34791
820,286.308,241.942,452.492,442.508,615.56,540.014,0,151.214,135.094,1.8934
821,60.4996,71.8477,200.007,639.808,144.758,616.078,0,44.9048,15.5948,1.34729
822,83.4993,81.5683,555.312,720.296,611.814,753.365,0,50.9802,32.5191,1.63788
823,118.899,109.997,248.346,619.254,144.743,615.659,0,68.7479,50.1509,1.72949
824,31.0001,39.9052,314.209,190.228,350.282,174.866,0,24.9407,6.05936,1.24295
825,208.003,198.622,297.232,352.533,251.398,184.46,0,124.139,83.8649,1.67557
826,344.412,262.613,406.307,568.332,574.457,617.03,1,164.133,180.279,2.09837
827,115.499,106.957,252.941,763.343,310.942,818.713,0,66.8483,48.6505,1.72778
828,305.809,269.072,434.046,457.164,615.581,539.647,0,168.17,137.639,1.81845
829,56.3997,79.8076,221.38,731.261,153.728,700.22,0,49.8797,6.51998,1.13071
830,40.7,42.8959,559.676,833.941,602.468,833.343,0,26.8099,13.89,1.51809
831,95.7991,114.433,192.477,256.034,248.358,184.837,0,71.5207,24.2784,1.33946
832,264.707,229.704,503.528,478.488,615.681,539.551,0,143.565,121.142,1.84381
833,29.5001,24.5244,263.988,204.562,252.32,183.997,0,15.3278,14.1723,1.92462
834,308.81,256.092,439.564,441.492,615.63,539.637,0,160.058,148.752,1.92936
835,40.3,52.771,580.249,334.239,630.273,334.1,0,32.9819,7.31806,1.22188
836,115.699,160.731,553.26,257.178,647.947,197.695,0,100.457,15.2417,1.15172
837,26.1001,31.9545,141.24,652.468,139.945,620.941,0,19.9715,6.12852,1.30686
838,271.707,321.557,318.865,478.24,139.87,611.15,0,200.973,70.7341,1.35196
839,208.104,154.284,214.509,412.533,67.6463,405.609,0,96.4275,111.676,2.15813
840,73.5994,92.3175,526.891,780.91,611.057,755.285,0,57.6985,15.901,1.27559
841,344.412,238.111,424.142,392.59,580.879,337.778,1,148.819,195.592,2.3143
842,95.4991,82.9752,608.7,680.736,612.385,752.067,0,51.8595,43.6396,1.8415
843,214.504,172.34,310.756,624.444,144.721,615.68,0,107.712,106.792,1.99145
844,14.5,15.6483,599.362,606.948,613.173,612.831,0,9.78019,4.71983,1.48259
845,19.6,17.9199,85.693,405.86,67.6915,404.833,0,11.2,8.40009,1.75001
846,142.6,150.988,504.669,116.672,653.651,129.594,0,94.3676,48.2319,1.51111
847,4.9,4.99129,642.645,191.125,647.319,192.87,0,3.11955,1.78044,1.57074
848,168.401,173.979,481.142,124.09,653.56,130.046,0,108.737,59.6645,1.54871
849,239.905,228.595,464.87,435.312,615.535,540.178,0,142.872,97.0336,1.67917
850,60.5996,81.0249,230.031,725.721,153.627,700.189,0,50.6405,9.95911,1.19666
851,301.509,310.828,367.348,523.908,144.802,616.07,0,194.267,107.242,1.55203
852,145.2,137.058,166.841,480.663,139.564,611.242,0,85.6613,59.5383,1.69504
853,18.6,23.4999,603.039,731.303,612.273,752.385,0,14.6875,3.91258,1.26639
854,50.6998,72.6287,329.471,747.885,312.814,817.973,0,45.3929,5.30689,1.11691
855,10.3,11.6699,137.406,632.17,139.955,620.869,0,7.29372,3.00629,1.41217
856,128.399,158.513,344.797,668.333,313.58,818.281,0,99.0704,29.3282,1.29603
857,123.699,103.28,228.262,284.393,249.436,185.238,0,64.55,59.1487,1.91632
858,17.4,15.7225,263.601,195.553,252.75,183.947,0,9.82656,7.57347,1.77071
859,62.4996,72.4641,208.97,617.523,144.808,616.185,0,45.2901,17.2095,1.37998
860,204.903,169.097,507.534,325.137,630.323,334.09,0,105.686,99.2175,1.9388
861,106.199,124.174,271.946,736.61,312.142,818.161,0,77.609,28.59,1.36838
862,344.412,233.914,472.122,475.273,600.574,523.173,1,146.196,198.215,2.35582
863,226.905,168.129,303.035,627.231,144.718,615.684,0,105.081,121.824,2.15933
864,51.1998,42.5933,110.122,404.924,67.7253,405.624,0,26.6208,24.579,1.9233
865,225.805,197.292,241.155,365.601,67.7362,404.808,0,123.308,102.497,1.83123
866,126.899,149.733,493.891,715.747,612.131,752.735,0,93.5831,33.3155,1.356
867,294.509,264.667,364.76,411.848,349.55,174.545,0,165.417,129.092,1.7804
868,132.599,137.34,518.167,119.391,653.628,129.591,0,85.8376,46.7612,1.54476
869,64.6996,64.0085,231.681,245.518,249.607,185.205,0,40.0053,24.6943,1.61727
870,226.005,221.919,368.253,370.841,349.53,174.564,0,138.699,87.3053,1.62946
871,266.507,278.289,348.856,544.602,144.793,616.136,0,173.931,92.5762,1.53226
872,10.7,10.6739,591.879,832.869,602.543,833.564,0,6.67121,4.02879,1.60391
873,170.101,151.234,202.128,368.665,67.7154,404.792,0,94.521,75.5802,1.79961
874,30.3001,36.6639,617.906,217.231,648.388,198.144,0,22.9149,7.38515,1.32229
875,200.703,182.983,276.147,351.811,251.313,184.532,0,114.364,86.3387,1.75494
876,250.806,225.845,484.937,469.892,615.621,539.605,0,141.153,109.653,1.77684
877,233.505,188.741,497.723,548.444,613.322,612.482,0,117.963,115.542,1.97947
878,206.703,151.378,471.502,606.588,613.348,613.228,0,94.6115,112.092,2.18476
879,133.199,162.903,513.427,682.769,612.256,752.122,0,101.814,31.3848,1.30826
880,268.307,230.147,498.554,478.502,615.57,539.614,0,143.842,124.465,1.86529
881,270.107,208.592,479.232,532.893,613.232,612.64,0,130.37,139.737,2.07185
882,344.412,101.494,186.093,659.54,173.399,659.046,1,63.4336,280.978,5.42949
883,205.403,153.269,502.779,180.866,356.185,173.359,0,95.7932,109.61,2.14424
884,118.899,163.868,537.093,288.253,648.101,198.035,0,102.417,16.4815,1.16092
885,6,5.09542,72.8551,404.804,67.8469,405.379,0,3.18464,2.81536,1.88404
886,77.6994,82.5671,579.563,141.79,653.629,129.591,0,51.6044,26.095,1.50567
887,46.7999,62.2203,612.643,236.489,647.995,198.001,0,38.8877,7.91217,1.20346
888,111.299,127.201,522.402,735.843,611.159,755.183,0,79.5009,31.7979,1.39997
889,79.6994,112.834,352.944,714.644,313.302,818.227,0,70.5215,9.17787,1.13014
890,261.407,168.26,517.761,180.977,356.139,173.431,0,105.163,156.244,2.48574
891,271.007,251.919,399.703,363.582,349.701,174.632,0,157.449,113.558,1.72123
892,140.999,169.272,297.772,701.302,149.889,693.165,0,105.795,35.2046,1.33276
893,253.306,213.377,327.876,593.118,144.644,615.712,0,133.361,119.946,1.89941
894,123.599,121.432,309.61,259.05,349.511,174.648,0,75.8951,47.7036,1.62855
895,36.2,47.7471,595.419,504.653,615.588,540.347,0,29.8419,6.35807,1.21306
896,268.607,182.223,464.992,650.99,613.322,613.217,0,113.89,154.718,2.35849
897,0,0,652.253,197.689,652.253,197.689,0,0,0,0
898,102.499,122.327,523.92,716.022,611.769,753.551,0,76.4544,26.0446,1.34066
899,174.801,115.013,198.221,265.785,248.078,184.706,0,71.8829,102.919,2.43175
900,91.8992,111.235,288.672,282.972,250.514,184.806,0,69.5221,22.3771,1.32187
901,67.9995,69.0126,596.911,686.897,612.353,752.057,0,43.1329,24.8667,1.57651
902,85.6993,97.8453,541.234,722.745,611.826,753.534,0,61.1533,24.5459,1.40138
903,115.899,128.359,597.449,440.653,615.638,539.629,0,80.2244,35.6744,1.44468
904,41.3999,56.1722,586.157,505.6,615.678,540.638,0,35.1076,6.29231,1.17923
905,81.8993,116.04,249.745,710.126,153.59,700.63,0,72.5248,9.37453,1.12926
906,45.5999,64.4033,330.639,756.604,312.76,818.055,0,40.2521,5.34781,1.13286
907,105.299,101.415,564.716,319.619,630.384,333.702,0,63.3842,41.9147,1.66128
908,309.41,291.903,358.343,437.37,349.597,174.629,0,182.44,126.97,1.69596
909,74.2994,64.1725,309.794,761.276,311.508,818.396,0,40.1078,34.1916,1.85249
910,27.2001,35.4113,317.268,186.452,350.31,174.936,0,22.132,5.06802,1.22899
911,344.412,115.447,427.986,140.674,424.34,121.398,1,72.1544,272.257,4.77326
912,344.412,210.494,477.031,490.84,587.583,474.902,1,131.559,212.853,2.61794
913,181.502,165.833,230.359,394.929,67.6568,404.782,0,103.646,77.8562,1.75118
914,29.9001,33.9423,596.598,335.852,630.252,334.044,0,21.2139,8.68617,1.40946
915,260.807,247.432,282.468,431.583,67.5985,404.654,0,154.645,106.161,1.68648
916,55.2997,55.4187,575.07,636.149,613.263,612.386,0,34.6367,20.663,1.59656
917,46.3999,41.3207,108.799,404.702,67.6593,405.609,0,25.8254,20.5744,1.79667
918,178.402,128.063,163.599,429.71,67.7042,405.622,0,80.0394,98.3623,2.22892
919,81.5993,84.8029,319.214,744.506,312.09,818.202,0,53.0018,28.5975,1.53956
920,316.61,256.096,471.373,514.401,613.168,612.603,0,160.06,156.55,1.97807
921,10,9.22605,359.199,182.638,355.785,174.311,0,5.76628,4.23372,1.73422
922,95.9991,87.6387,439.285,179.196,356.273,173.205,0,54.7742,41.2249,1.75263
923,26.5001,34.1635,593.174,724.863,612.271,752.075,0,21.3522,5.14786,1.24109
924,135.199,141.444,605.581,434.281,615.497,539.803,0,88.4024,46.7966,1.52936
925,74.5994,81.288,177.427,561.486,140.14,611.054,0,50.805,23.7944,1.46835
926,152.5,173.59,234.272,518.486,140.276,611.227,0,108.494,44.0064,1.40561
927,109.499,115.385,195.77,255.956,248.721,184.93,0,72.1154,37.3835,1.51839
928,127.899,129.944,355.048,266.395,349.682,174.693,0,81.2149,46.6838,1.57482
929,98.6991,106.096,367.582,211.781,349.74,174.644,0,66.3099,32.3892,1.48845
930,112.799,136.383,314.911,283.659,251.119,184.581,0,85.2391,27.5598,1.32332
931,175.101,149.658,497.308,347.764,630.382,334.103,0,93.5366,81.5649,1.87201
932,116.999,117.328,342.917,268.295,349.628,174.577,0,73.3299,43.6689,1.59551
933,108.999,97.9543,546.149,588.803,613.236,612.701,0,61.2214,47.7775,1.7804
934,192.703,148.183,472.224,606.21,613.29,613.223,0,92.6141,100.088,2.0807
935,84.4993,101.503,221.435,648.926,144.731,616.329,0,63.4393,21.06,1.33197
936,108.999,100.465,221.377,278.818,248.23,184.75,0,62.7908,46.2081,1.73591
937,82.3993,86.3584,180.844,210.167,248.986,185.029,0,53.974,28.4253,1.52665
938,143.2,134.575,246.493,309.852,249.871,185.072,0,84.1094,59.0901,1.70254
939,129.199,123.609,222.128,599.014,144.737,615.781,0,77.2559,51.9428,1.67235
940,31.8001,40.745,600.438,577.61,616.224,541.936,0,25.4656,6.33447,1.24875
941,9,8.50568,594.276,834.339,602.386,833.247,0,5.31605,3.68395,1.69299
942,128.999,156.844,306.991,699.718,312.336,818.154,0,98.0277,30.971,1.31594
943,100.999,92.9663,433.833,192.934,356.041,173.659,0,58.1039,42.8951,1.73825
944,111.299,151.18,554.837,266.295,647.853,197.691,0,94.4876,16.8113,1.17792
945,101.499,106.398,547.719,125.881,653.541,129.768,0,66.4989,35.0001,1.52633
946,209.404,168.72,508.869,324.738,630.337,334.068,0,105.45,103.954,1.98581
947,57.6997,53.6794,260.567,237.512,249.917,185.098,0,33.5496,24.1501,1.71983
948,185.802,184.414,312.288,325.484,250.006,185.044,0,115.259,70.5436,1.61205
949,150.9,133.008,281.938,304.588,249.872,185.106,0,83.1301,67.7699,1.81523
950,49.2998,57.0154,597.364,698.114,612.261,752.163,0,35.6346,13.6652,1.38348
951,305.609,310.971,326.129,451.105,67.5985,404.646,0,194.357,111.253,1.57241
952,13,15.8973,633.329,185.569,648.26,190.947,0,9.93579,3.06422,1.3084
953,272.107,201.215,235.246,429.459,67.6878,405.593,0,125.76,146.348,2.16371
954,146.4,140.712,535.591,390.077,630.336,334.074,0,87.9448,58.455,1.66468
955,125.899,162.032,403.845,709.852,313.649,818.323,0,101.27,24.6288,1.2432
956,180.402,227.355,496.008,259.194,648.036,197.814,0,142.097,38.3048,1.26957
957,165.701,114.745,511.182,639.096,613.316,613.203,0,71.7159,93.9851,2.31052
958,237.705,179.574,226.224,360.019,67.6967,404.783,0,112.234,125.472,2.11795
959,146.7,131.066,413.986,249.464,355.633,174.434,0,81.9162,64.7836,1.79085
960,23.3001,19.9424,87.4283,405.965,67.6691,404.818,0,12.464,10.8361,1.86939
961,321.21,214.946,452.727,679.359,613.364,613.059,0,134.341,186.869,2.391
962,0,0,151.593,700.97,151.593,700.97,0,0,0,0
963,33.4001,32.6319,99.4088,399.068,67.654,404.8,0,20.3949,13.0051,1.63767
964,344.412,259.513,397.005,514.012,584.286,464.643,1,162.196,182.216,2.12344
965,344.412,263.087,405.218,602.833,605.766,612.294,1,164.429,179.983,2.09459
966,56.6997,65.244,327.007,220.741,349.767,174.736,0,40.7775,15.9222,1.39047
967,82.6993,86.6462,557.001,328.575,630.429,333.699,0,54.1539,28.5454,1.52712
968,8.09999,9.18472,312.782,808.838,312.712,818.016,0,5.74045,2.35955,1.41104
969,173.301,157.147,471.991,587.087,613.359,612.41,0,98.2169,75.0844,1.76448
970,237.705,223.955,351.243,358.5,349.661,174.564,0,139.972,97.7334,1.69824
971,71.8995,79.1285,355.016,200.405,349.652,174.575,0,49.4553,22.4442,1.45383
972,297.909,308.634,377.895,538.408,144.805,616.171,0,192.897,105.012,1.5444
973,281.408,210.107,473.544,383.351,630.259,334.076,0,131.317,150.091,2.14297
974,14.9,16.5975,369.624,182.132,355.416,174.527,0,10.3734,4.5266,1.43636
975,13.9,14.095,264.347,191.563,253.086,183.446,0,8.80938,5.09064,1.57787
976,84.1993,82.0773,305.482,748.002,312.137,818.228,0,51.2983,32.901,1.64137
977,186.302,132.702,165.334,439.349,67.6423,405.596,0,82.9389,103.363,2.24626
978,156.6,157.548,583.576,411.945,615.639,539.632,0,98.4675,58.1329,1.59038
979,132.699,102.894,230.087,284.468,249.137,185.123,0,64.3087,68.3902,2.06347
980,66.3996,63.0234,598.38,179.607,647.547,192.056,0,39.3896,27.01,1.68571
981,46.2999,57.1793,266.701,239.063,250.341,184.936,0,35.7371,10.5628,1.29557
982,131.599,106.75,166.424,413.05,67.7203,404.804,0,66.7184,64.8804,1.97245
983,91.2992,90.0709,156.346,402.893,67.6375,404.814,0,56.2943,35.0049,1.62182
984,249.806,179.757,204.276,350.148,67.7364,404.785,0,112.348,137.458,2.2235
985,344.412,260,400.144,614.498,610.859,612.488,1,162.5,181.912,2.11946
986,135.599,143.696,511.48,116.524,653.636,129.591,0,89.8103,45.7888,1.50984
987,153.8,156.635,371.771,280.311,349.418,174.5,0,97.8968,55.9034,1.57104
988,216.304,182.159,337.358,316.895,349.872,174.676,0,113.849,102.455,1.89991
989,264.807,158.816,502.758,187.977,356.187,173.391,0,99.2599,165.547,2.66781
990,344.412,102.684,174.065,661.711,173.875,659.362,1,64.1772,280.235,5.36657
991,172.101,192.751,521.649,455.993,615.588,540.419,0,120.47,51.6317,1.42859
992,50.1998,55.0864,89.9347,439.064,67.7437,405.543,0,34.429,15.7708,1.45807
993,185.802,192.694,238.138,498.929,140.306,611.151,0,120.434,65.3684,1.54278
994,117.399,102.277,163.027,409.729,67.6763,405.473,0,63.9229,53.4759,1.83657
995,246.106,218.225,423.859,324.573,355.598,174.427,0,136.391,109.715,1.80442
996,94.1991,92.175,136.745,529.499,139.6,611.182,0,57.6094,36.5898,1.63514
997,0,0,310.679,823.597,310.679,823.597,0,0,0,0
998,297.509,257.191,423.256,353.927,355.532,174.448,0,160.744,136.765,1.85082
999,278.408,264.56,296.784,423.579,67.6414,404.519,0,165.35,113.058,1.68375
1000,134.599,158.232,505.423,693.288,612.341,752.084,0,98.8953,35.7038,1.36103
1001,31.2001,32.383,582.816,603.229,613.335,612.413,0,20.2393,10.9607,1.54156
1002,322.81,308.871,310.113,470.46,67.6823,404.782,0,193.044,129.766,1.67221
1003,248.806,237.818,328.333,567.135,144.679,615.701,0,148.636,100.17,1.67393
1004,93.5991,93.8841,248.816,772.689,310.769,818.836,0,58.6775,34.9216,1.59514
1005,169.601,128.877,196.02,403.267,67.6925,405.604,0,80.5481,89.0531,2.10559
1006,208.204,228.11,498.537,501.666,615.624,540.417,0,142.569,65.6346,1.46037
1007,294.509,268.302,416.784,372.834,355.51,174.425,0,167.689,126.82,1.75628
1008,31.3001,26.792,94.4549,403.131,67.7785,405.229,0,16.745,14.5551,1.86922
1009,226.405,211.945,327.128,593.289,144.811,616.095,0,132.465,93.9393,1.70916
1010,7.89999,8.00359,346.789,182.004,349.095,174.342,0,5.00224,2.89775,1.57929
1011,60.1997,55.7383,588.566,652.075,613.262,612.424,0,34.8364,25.3632,1.72807
1012,33.5001,40.6449,570.744,805.673,606.63,811.314,0,25.4031,8.097,1.31874
1013,0,0,405.641,78.1233,405.535,78.0951,0,0,0,0
1014,29.1001,35.5691,304.52,789.647,311.966,818.337,0,22.2307,6.86937,1.309
1015,123.299,153.246,507.105,700.221,611.764,753.358,0,95.7789,27.5198,1.28733
1016,62.6996,87.5006,337.756,734.239,313.372,818.209,0,54.6879,8.01173,1.1465
1017,127.299,133.724,520.27,122.615,653.663,129.685,0,83.5772,43.7214,1.52313
1018,152.1,128.242,543.237,565.576,613.253,612.371,0,80.1514,71.9486,1.89766
1019,344.412,255.473,395.147,523.112,576.39,450.273,1,159.671,184.741,2.15701
1020,36.4,28.7629,587.974,620.749,613.283,613.181,0,17.9768,18.4232,2.02483
1021,177.202,174.379,371.039,305.181,349.875,174.719,0,108.987,68.2144,1.62589
1022,122.699,149.313,275.038,673.383,149.332,693.336,0,93.3208,29.3779,1.31481
1023,69.2995,90.5493,227.212,679.666,149.456,693.353,0,56.5933,12.7062,1.22452
1024,277.708,197.966,244.874,375.521,67.7045,404.833,0,123.729,153.979,2.24449
1025,135.799,176.732,534.544,298.001,647.852,197.81,0,110.458,25.3415,1.22942
1026,99.3991,91.8711,581.739,291.621,630.339,333.866,0,57.4194,41.9796,1.7311
1027,221.604,172.682,169.238,303.826,248.332,184.79,0,107.927,113.678,2.05329
1028,15.9,16.029,606.437,553.283,616.22,541.891,0,10.0181,5.88191,1.58713
1029,215.004,148.469,149.504,440.046,67.7368,405.609,0,92.7934,122.211,2.31702
1030,176.402,157.385,208.164,361.693,67.7234,404.789,0,98.3654,78.0361,1.79333
1031,134.599,136.885,518.919,125.476,653.642,129.59,0,85.5534,49.0456,1.57327
1032,87.2992,102.674,561.458,480.335,615.6,540.368,0,64.1712,23.128,1.36041
1033,245.806,158.098,508.859,179.344,356.173,173.402,0,98.8112,146.995,2.48763
1034,55.0997,62.1955,396.338,185.279,355.835,174.309,0,38.8722,16.2275,1.41746
1035,344.412,316.591,370.646,465.316,340.282,182.946,1,197.869,146.542,1.7406
1036,166.501,196.203,343.42,638.561,312.536,817.988,0,122.627,43.874,1.35778
1037,344.412,263.522,425.228,565.531,575.581,617.815,1,164.701,179.71,2.09113
1038,148.5,173.867,302.627,683.118,312.263,818.059,0,108.667,39.8331,1.36656
1039,52.1998,49.0969,300.709,183.576,253.127,183.411,0,30.6856,21.5142,1.70112
1040,18.7,21.6723,404.106,99.5947,405.857,78.1695,0,13.5452,5.15483,1.38056
1041,244.306,198.509,241.025,373.638,67.7323,404.857,0,124.068,120.237,1.96912
1042,91.8992,96.4136,349.206,227.246,349.451,174.529,0,60.2585,31.6407,1.52508
1043,187.902,215.114,432.309,679.013,313.066,818.122,0,134.446,53.4562,1.3976
1044,39.6,29.889,594.413,626.15,613.312,613.242,0,18.6806,20.9193,2.11984
1045,187.802,145.424,489.822,619.634,613.331,613.209,0,90.8899,96.9124,2.06626
1046,124.199,124.823,252.329,302.071,249.92,185.107,0,78.0146,46.184,1.59199
1047,38,38.3061,604.678,583.624,613.405,612.073,0,23.9413,14.0587,1.58721
1048,19.2,23.0649,411.949,100.201,405.691,78.2361,0,14.4156,4.78449,1.3319
1049,20.5,24.2734,578.12,833.262,602.387,833.276,0,15.1709,5.32914,1.35127
1050,194.403,204.998,382.037,327.177,349.887,174.719,0,128.124,66.2789,1.5173
1051,197.503,194.005,327.975,624.206,144.804,616.101,0,121.253,76.2498,1.62885
1052,148.5,131.439,129.629,498.679,139.519,611.244,0,82.1496,66.3503,1.80768
1053,165.301,154.404,519.421,386.84,630.341,334.144,0,96.5022,68.7987,1.71292
1054,149.4,149,334.4,290.179,349.806,174.71,0,93.125,56.2749,1.60429
1055,55.6997,56.5107,597.936,135.504,653.646,129.625,0,35.3192,20.3805,1.57704
1056,179.602,185.813,214.288,475.96,139.592,611.216,0,116.133,63.4685,1.54651
1057,107.599,113.553,342.107,265.515,349.683,174.683,0,70.9703,36.6286,1.51611
1058,279.908,271.808,289.997,450.398,67.6207,404.556,0,169.88,110.028,1.64768
1059,43.9999,39.5318,239.736,223.077,249.515,185.24,0,24.7074,19.2925,1.78084
1060,344.412,258.368,443.369,478.672,604.856,540.353,1,161.48,182.932,2.13284
1061,99.799,116.952,237.239,757.49,152.61,701.763,0,73.0949,26.7041,1.36533
1062,11.1,13.5615,636.163,186.017,648.671,190.829,0,8.47596,2.62405,1.30959
1063,344.412,119.549,471.657,329.575,470.532,329.639,1,74.7179,269.694,4.6095
1064,68.4995,66.2216,133.157,401.263,67.6851,404.779,0,41.3885,27.111,1.65504
1065,193.603,220.91,350.222,614.588,312.61,818.022,0,138.069,55.5341,1.40222
1066,214.004,203.661,305.369,350.636,251.384,184.468,0,127.288,86.7156,1.68125
1067,114.799,91.216,527.775,621.342,613.263,613.193,0,57.01,57.7889,2.01366
1068,338.411,295.278,370.152,431.724,349.837,174.73,0,184.549,153.863,1.83372
1069,136.299,176.897,417.56,711.021,313.722,818.361,0,110.56,25.7387,1.2328
1070,82.6993,90.9917,230.533,272.248,248.386,184.828,0,56.8698,25.8295,1.45419
1071,122.299,117.063,417.878,237.922,355.398,174.399,0,73.1643,49.1344,1.67156
1072,217.704,298.745,383.206,567.253,312.542,818.035,0,186.715,30.9887,1.16597
1073,67.9995,85.0773,222.815,680.288,149.642,693.197,0,53.1733,14.8262,1.27883
1074,120.599,157.284,342.131,670.711,312.822,818.053,0,98.3027,22.296,1.22681
1075,206.603,209.561,386.937,328.939,349.881,174.674,0,130.975,75.6281,1.57742
1076,1.8,0.968068,352.61,176.666,352.442,175.713,0,0.605042,1.19496,2.975
1077,40,32.1958,234.071,211.02,249.114,185.127,0,20.1224,19.8776,1.98784
1078,295.509,230.589,465.415,324.223,355.512,174.439,0,144.118,151.39,2.05046
1079,184.302,149.792,201.382,368.587,67.6466,405.623,0,93.6199,90.6822,1.96862
1080,189.102,201.876,215.036,462.211,139.529,611.209,0,126.172,62.9301,1.49876
1081,249.806,208.191,471.117,402.963,630.34,334.123,0,130.119,119.687,1.91982
1082,28.5001,27.6186,235.63,205.847,249.049,185.021,0,17.2616,11.2385,1.65107
1083,344.412,38.9935,486.699,156.587,486.205,155.372,1,24.3709,320.041,14.1321
1084,303.109,306.554,322.645,453.113,67.57,404.515,0,191.597,111.513,1.58202
1085,300.409,273.677,429.214,368.025,356.12,173.434,0,171.048,129.361,1.75629
1086,136.199,139.562,263.04,655.899,144.837,616.016,0,87.226,48.9731,1.56145
1087,124.699,162.581,403.736,708.277,313.596,818.333,0,101.613,23.0853,1.22719
1088,61.0996,61.7869,203.94,214.445,248.286,184.808,0,38.6168,22.4828,1.5822
1089,130.499,126.221,347.784,275.157,349.833,174.734,0,78.8881,51.6107,1.65423
1090,78.7994,84.8302,569.373,126.202,653.624,130.301,0,53.0188,25.7805,1.48625
1091,113.699,104.005,565.774,322.286,630.405,333.778,0,65.0032,48.6957,1.74913
1092,296.209,249.542,443.321,441.379,615.547,540.144,0,155.964,140.245,1.89922
1093,82.6993,87.5849,258.627,792.398,310.772,818.797,0,54.7406,27.9587,1.51075
1094,17.4,21.2247,165.172,621.834,144.828,616,0,13.2654,4.13462,1.31168
1095,129.199,127.953,395.232,242.894,355.503,174.441,0,79.9707,49.228,1.61558
1096,229.405,164.751,195.797,316.656,248.422,184.768,0,102.969,126.436,2.2279
1097,21.1,23.8278,317.112,795.087,312.762,817.956,0,14.8924,6.20765,1.41683
1098,171.501,185.561,199.216,463.324,139.969,611.11,0,115.976,55.5258,1.47877
1099,43.5999,34.106,244.413,218.84,249.912,185.075,0,21.3163,22.2836,2.04538
1100,344.412,279.822,427.329,565.898,592.475,613.226,1,174.889,169.523,1.96932
1101,76.7994,77.7875,145.127,401.115,67.7296,404.785,0,48.6172,28.1822,1.57968
1102,312.21,271.559,292.945,449.581,67.6582,405.625,0,169.724,142.486,1.83951
1103,45.4999,63.8475,211.611,725.693,152.536,701.774,0,39.9047,5.59519,1.14021
1104,344.412,241.539,393.101,461.378,586.399,470.721,1,150.962,193.45,2.28145
1105,340.712,303.972,381.022,433.02,349.764,174.657,0,189.982,150.729,1.79339
1106,225.805,171.14,234.901,343.194,250.752,184.688,0,106.963,118.842,2.11106
1107,39.9,36.1083,256.459,219.801,249.892,185.074,0,22.5677,17.3323,1.76801
1108,170.601,175.823,395.031,284.064,355.606,174.417,0,109.889,60.712,1.55248
1109,154.7,139.573,456.589,220.505,355.641,174.432,0,87.2332,67.467,1.77341
1110,166.601,178.85,481.188,123.509,653.54,130.034,0,111.781,54.8195,1.49042
1111,81.5993,103.495,240.666,738.424,152.63,701.847,0,64.6845,16.9148,1.2615
1112,95.6991,118.527,552.586,194.838,647.964,190.957,0,74.0792,21.6199,1.29185
1113,71.9995,72.2353,193.852,214.377,248.754,185,0,45.1471,26.8524,1.59478
1114,22.5,20.9902,592.764,612.354,613.341,613.18,0,13.1189,9.3812,1.71509
1115,152.8,197.786,504.457,295.377,648.197,198.03,0,123.616,29.1841,1.23609
1116,134.299,154.799,215.747,517.615,140.261,611.196,0,96.7497,37.5493,1.38811
1117,307.01,252.469,443.079,444.614,615.557,539.575,0,157.793,149.216,1.94565
1118,102.799,138.553,561.85,281.422,647.899,197.664,0,86.5956,16.2034,1.18712
1119,15,13.7088,589.065,834.875,602.455,833.493,0,8.56797,6.43205,1.75071
1120,181.002,153.431,527.74,547.329,613.351,613.142,0,95.8941,85.1077,1.88752
1121,223.104,184.374,226.947,350.276,249.382,185.181,0,115.234,107.87,1.9361
1122,70.1995,65.4319,267.988,246.592,249.913,185.147,0,40.8949,29.3046,1.71658
1123,261.807,159.297,490.927,632.044,613.299,613.199,0,99.5607,162.246,2.62962
1124,35.3,29.9986,232.409,203.9,248.921,185.049,0,18.7491,16.5509,1.88276
1125,115.799,105.655,248.632,631.58,144.842,615.821,0,66.0343,49.7645,1.75362
1126,84.9993,118.592,224.619,706.689,149.462,693.351,0,74.1198,10.8794,1.14678
1127,162.201,156.624,371.992,279.273,349.942,174.756,0,97.89,64.3107,1.65697
1128,133.299,152.969,216.972,519.431,140.225,611.213,0,95.6058,37.6931,1.39426
1129,27.9001,36.1506,315.266,183.503,350.023,174.838,0,22.5941,5.30597,1.23484
1130,44.7999,50.7405,608.308,144.353,653.524,130.038,0,31.7128,13.0871,1.41267
1131,161.001,139.216,270.213,647.398,144.707,615.614,0,87.01,73.9906,1.85037
1132,133.099,135.609,357.375,270.319,349.802,174.735,0,84.7558,48.3431,1.57038
1133,20.4,22.2628,596.288,794.683,606.529,811.591,0,13.9143,6.48577,1.46612
1134,60.7996,49.156,218.392,215.129,249.211,185.081,0,30.7225,30.0771,1.97899
1135,110.399,118.855,610.764,730.041,612.365,751.908,0,74.2846,36.1142,1.48616
1136,201.703,244.412,372.071,608.135,312.621,818.037,0,152.757,48.9458,1.32042
1137,2.1,1.01555,245.409,176.059,245.985,176.828,0,0.634719,1.46528,3.30855
1138,44.6999,38.5526,259.213,221.866,249.989,185.035,0,24.0954,20.6045,1.85512
1139,83.2993,74.2026,420.722,148.345,355.638,174.436,0,46.3766,36.9227,1.79615
1140,72.6995,70.5898,573.707,706.771,611.968,753.023,0,44.1187,28.5808,1.64782
1141,315.21,250.595,447.664,400.512,630.253,334.074,0,156.622,158.588,2.01255
1142,33.0001,39.8731,616.839,261.529,635.772,282.174,0,24.9207,8.07939,1.3242
1143,124.299,122.518,466.566,188.578,355.475,174.416,0,76.5738,47.7249,1.62325
1144,31.0001,36.4071,404.509,114.462,405.923,78.2134,0,22.7544,8.24564,1.36237
1145,48.1998,57.9444,568.229,788.93,606.343,811.883,0,36.2152,11.9846,1.33093
1146,166.401,140.816,289.145,298.387,250.469,184.775,0,88.0101,78.3908,1.8907
1147,344.412,274.274,419.46,569.438,599.432,612.792,1,171.421,172.99,2.00915
1148,58.8997,58.7099,595.081,132.138,653.559,130.311,0,36.6937,22.206,1.60517
1149,40.7,26.8141,269.431,204.193,252.977,183.84,0,16.7588,23.9411,2.42857
1150,9.5,9.31435,648.813,137.222,653.529,130.078,0,5.82147,3.67853,1.63189
1151,65.6996,85.488,320.048,739.871,312.615,817.961,0,53.43,12.2696,1.22964
1152,39.6,44.3686,174.015,636.32,144.64,615.596,0,27.7304,11.8696,1.42803
1153,53.7998,61.9911,406.521,153.536,355.73,174.321,0,38.7444,15.0553,1.38858
1154,249.906,227.753,479.557,466.208,615.581,540.357,0,142.346,107.561,1.75563
1155,142.9,153.243,513.991,145.887,653.457,130.246,0,95.7769,47.1226,1.492
1156,92.7992,95.2353,266.103,277.315,250.146,185.033,0,59.5221,33.2771,1.55907
1157,251.606,190.49,494.107,238.484,356.2,173.286,0,119.056,132.55,2.11334
1158,51.9998,55.1571,90.1233,439.446,67.7157,405.493,0,34.4732,17.5266,1.50841
1159,247.906,216.039,329.824,596.318,144.8,616.08,0,135.025,112.881,1.836
1160,75.8994,83.4895,179.065,559.613,140.1,611.108,0,52.181,23.7184,1.45454
1161,22.6,27.6307,320.344,791.507,312.723,817.968,0,17.2692,5.33086,1.30869
1162,148.8,133.173,535.363,562.267,613.261,612.41,0,83.2331,65.5668,1.78775
1163,344.412,131.852,416.916,528.68,425.851,542.577,1,82.4072,262.005,4.17939
1164,344.412,80.6845,234.935,770.082,224.253,739.822,1,50.4278,293.984,6.8298
1165,62.3996,63.9725,201.786,210.94,248.446,184.782,0,39.9828,22.4168,1.56066
1166,33.4001,42.6706,159.876,646.698,139.812,620.922,0,26.6691,6.73092,1.25239
1167,135.099,107.849,162.36,414.611,67.7359,405.565,0,67.4054,67.6936,2.00428
1168,106.699,119.136,116.811,483.347,67.762,405.042,0,74.4599,32.239,1.43297
1169,157.1,142.197,539.445,552.067,613.355,612.422,0,88.8729,68.2274,1.7677
1170,143.1,147.112,270.365,657.145,144.842,616.178,0,91.9447,51.1548,1.55636
1171,82.8993,114.851,353.36,712.394,313.083,818.129,0,71.7816,11.1177,1.15488
1172,166.501,151.21,334.424,294.281,349.664,174.728,0,94.5065,71.9944,1.76179
1173,223.904,280.389,288.912,493.527,139.863,611.132,0,175.243,48.6615,1.27768
1174,344.412,219.877,378.506,489.796,547.123,445.982,1,137.423,206.989,2.50621
1175,101.499,114.065,610.988,725.662,612.155,752.411,0,71.2907,30.2083,1.42373
1176,97.1991,99.5628,347.358,237.614,349.781,174.729,0,62.2267,34.9724,1.56202
1177,311.41,218.217,434.787,655.021,613.204,612.618,0,136.386,175.024,2.2833
1178,135.599,177.319,481.353,702.876,612.006,752.81,0,110.824,24.775,1.22355
1179,344.412,86.2081,187.135,655.564,174.361,659.698,1,53.88,290.532,6.3922
1180,62.4996,53.8956,264.992,236.315,249.897,185.068,0,33.6848,28.8149,1.85543
1181,59.6997,66.6063,277.145,778.523,311.095,818.578,0,41.629,18.0707,1.43409
1182,344.412,251.203,395.239,461.167,589.375,478.74,1,157.002,187.41,2.19368
1183,114.999,129.209,236.355,767.078,152.812,701.797,0,80.7555,34.2433,1.42404
1184,114.899,139.032,503.965,720.136,611.765,753.552,0,86.8953,28.0035,1.32227
1185,123.199,157.881,343.189,669.529,312.77,818.024,0,98.6757,24.523,1.24852
1186,34.9,45.3512,306.303,184.747,349.776,174.73,0,28.3445,6.55555,1.23128
1187,270.107,243.278,463.578,242.548,356.21,173.308,0,152.049,118.058,1.77645
1188,223.704,181.012,544.885,520.333,613.308,612.414,0,113.133,110.572,1.97736
1189,33.2001,38.5695,260.069,222.153,250.044,185.032,0,24.106,9.0941,1.37726
1190,50.0998,59.3077,126.415,567.487,139.863,611.073,0,37.0673,13.0325,1.35159
1191,12.9,16.6427,141.248,594.86,139.906,611.136,0,10.4017,2.49831,1.24018
1192,75.3994,73.2672,581.702,662.86,613.236,612.712,0,45.792,29.6074,1.64656
1193,206.003,211.004,379.588,342.785,349.783,174.67,0,131.877,74.1262,1.56208
1194,5,4.93681,606.421,753.593,611.059,755.244,0,3.08551,1.91449,1.62048
1195,196.903,171.717,242.767,344.964,250.435,184.946,0,107.323,89.5795,1.83467
1196,13.6,16.0554,335.119,180.375,350.199,174.936,0,10.0346,3.56539,1.35531
1197,131.499,163.828,340.651,663.69,312.844,817.956,0,102.392,29.1065,1.28426
1198,230.705,200.717,481.393,285.993,630.325,334.053,0,125.448,105.257,1.83905
1199,58.6997,66.0929,149.074,546.387,139.913,611.154,0,41.308,17.3916,1.42102
1200,0,0,147.358,698.135,147.338,698.114,0,0,0,0
1201,229.805,196.684,473.283,304.794,630.309,334.179,0,122.928,106.877,1.86943
1202,98.8991,88.2556,273.669,770.304,310.675,818.763,0,55.1597,43.7393,1.79296
1203,217.004,169.013,168.289,308.263,248.164,184.719,0,105.633,111.371,2.05432
1204,137.999,117.105,526.381,358.497,630.269,334.09,0,73.1904,64.8088,1.88548
1205,43.7999,41.9098,294.261,186.669,253.383,182.832,0,26.1936,17.6063,1.67216
1206,75.6994,71.8883,415.784,196.195,355.562,174.349,0,44.9302,30.7692,1.68482
1207,148.5,187.402,294.975,717.913,149.445,693.316,0,117.126,31.3734,1.26786
1208,298.609,216.353,505.989,518.794,613.332,612.432,0,135.221,163.388,2.20831
1209,70.5995,76.0798,315.034,223.662,349.888,174.639,0,47.5499,23.0496,1.48475
1210,344.412,255.456,455.726,480.709,605.233,539.608,1,159.66,184.752,2.15716
1211,344.412,273.046,395.81,403.455,339.357,185.09,1,170.654,173.758,2.01819
1212,16.6,18.14,149.092,675.144,149.712,693.217,0,11.3375,5.26253,1.46417
1213,70.2995,62.2851,301.32,766.791,312.125,818.212,0,38.9282,31.3713,1.80588
1214,21.8,27.8481,625.038,211.819,648.013,197.929,0,17.4051,4.39499,1.25251
1215,177.402,178.742,199.368,470.886,139.492,611.168,0,111.714,65.6877,1.588
1216,83.0993,101.402,563.046,478.569,615.773,540.474,0,63.3761,19.7232,1.31121
1217,343.212,252.09,456.177,468.547,615.621,539.632,0,157.556,185.656,2.17835
1218,68.4995,66.1354,587.595,128.83,653.617,129.611,0,41.3347,27.1649,1.65719
1219,78.3994,81.8394,147.958,396.999,67.6562,404.771,0,51.1497,27.2497,1.53275
1220,130.499,145.935,319.096,296.423,251.471,184.448,0,91.2093,39.2895,1.43076
1221,98.3991,130.929,266.704,718.171,153.471,700.846,0,81.8306,16.5685,1.20247
1222,344.412,191.181,405.161,489.079,535.496,443.901,1,119.488,224.924,2.8824
1223,338.811,223.004,451.973,693.367,613.325,613.194,0,139.377,199.434,2.43089
1224,212.704,174.33,243.633,346.004,249.989,184.982,0,108.956,103.747,1.95219
1225,316.91,325.671,351.058,476.623,144.757,616.069,0,203.545,113.366,1.55696
1226,188.102,235.673,486.798,262.43,648.019,197.948,0,147.296,40.8064,1.27704
1227,34.3,29.9984,234.224,207.424,248.743,184.889,0,18.749,15.551,1.82943
1228,15.3,16.8587,598.11,798.131,607.025,810.172,0,10.5367,4.76336,1.45208
1229,344.412,226.254,430.661,617.466,609.71,613.246,1,141.409,203.003,2.43558
1230,15.7,17.9782,371.307,181.894,355.374,174.432,0,11.2364,4.46363,1.39725
1231,38.7,42.8118,569.146,756.602,611.21,754.834,0,26.7573,11.9426,1.44633
1232,0,0,611.008,811.476,611.008,811.476,0,0,0,0
1233,167.601,206.62,311.848,349.236,251.347,184.465,0,129.137,38.4638,1.29785
1234,289.708,226.092,474.714,421.903,630.371,334.059,0,141.308,148.401,2.05019
1235,267.407,157.672,503.091,621.194,613.303,613.2,0,98.5447,168.862,2.71356
1236,92.8992,94.7912,542.306,334.514,630.376,333.757,0,59.2445,33.6547,1.56806
1237,238.505,313.299,391.197,575.665,312.668,818.018,0,195.812,42.6934,1.21803
1238,82.2993,79.4194,415.832,204.899,355.614,174.372,0,49.6371,32.6622,1.65802
1239,139.699,115.73,246.808,612.796,144.653,615.59,0,72.3313,67.3681,1.93138
1240,213.204,215.857,394.001,324.248,349.372,174.467,0,134.911,78.293,1.58033
1241,195.103,197.121,402.003,298.569,355.473,174.408,0,123.201,71.9019,1.58362
1242,131.899,149.779,541.872,444.098,615.579,540.38,0,93.6121,38.2868,1.40899
1243,11.7,12.0601,362.053,184.265,355.528,174.37,0,7.53757,4.16244,1.55223
1244,61.8996,72.9676,318.562,754.13,311.941,818.315,0,45.6048,16.2949,1.35731
1245,159.001,174.689,213.643,497.912,140.289,611.261,0,109.181,49.8198,1.45631
1246,49.1998,47.2616,299.751,185.571,253.387,182.907,0,29.5385,19.6613,1.66562
1247,172.401,151.092,191.395,311.954,248.467,184.77,0,94.4325,77.9689,1.82566
1248,97.9991,131.103,353.014,695.491,313.307,818.228,0,81.9395,16.0595,1.19599
1249,255.606,237.762,387.241,365.092,349.594,174.648,0,148.602,107.005,1.72008
1250,97.6991,111.545,213.753,654.053,144.743,616.319,0,69.7157,27.9834,1.40139
1251,299.109,247.292,446.615,439.043,615.659,539.686,0,154.558,144.551,1.93526
1252,57.6997,51.6893,215.304,217.003,248.259,184.686,0,32.3058,25.3939,1.78605
1253,178.602,178.898,360.026,327.028,349.772,174.662,0,111.812,66.7901,1.59735
1254,32.4001,36.1944,616.181,265.053,636.051,282.632,0,22.6215,9.77857,1.43227
1255,344.412,217.171,392.772,483.008,563.074,451.252,1,135.732,208.68,2.53744
1256,233.505,223.293,293.867,379.473,249.973,184.987,0,139.558,93.9471,1.67318
1257,270.407,230.422,467.534,328.018,355.477,174.433,0,144.014,126.393,1.87765
1258,34.7,43.935,607.481,214.651,647.9,197.749,0,27.4594,7.24067,1.26369
1259,15.2,15.3256,248.559,200.394,249.406,185.144,0,9.57848,5.62154,1.58689
1260,218.404,295.308,375.7,567.203,312.728,818.021,0,184.567,33.8367,1.18333
1261,270.107,245.68,320.852,549.881,144.796,616.204,0,153.55,116.557,1.75908
1262,277.608,326.204,324.793,479.445,139.948,611.129,0,203.877,73.7302,1.36164
1263,155.1,156.278,503.535,126.563,653.562,129.583,0,97.674,57.4262,1.58794
1264,52.2998,62.0217,325.992,217.895,349.707,174.706,0,38.7636,13.5362,1.3492
1265,22.8001,26.7117,300.7,798.973,311.703,818.413,0,16.6948,6.10522,1.3657
1266,100.499,105.927,548.846,121.091,653.591,129.646,0,66.2044,34.2947,1.51801
1267,24.6001,28.3665,384.235,174.594,355.844,174.3,0,17.7291,6.87099,1.38755
1268,277.508,232.166,469.342,327.528,355.503,174.438,0,145.104,132.404,1.91248
1269,171.301,182.663,521.634,228.471,647.709,191.806,0,114.164,57.1372,1.50048
1270,51.1998,48.7995,296.864,199.696,253.232,183.381,0,30.4997,20.7001,1.6787
1271,147,134.636,246.301,311.326,249.946,185.083,0,84.1474,62.8524,1.74693
1272,137.199,130.424,281.763,301.038,249.879,185.127,0,81.5147,55.6844,1.68312
1273,251.206,202.033,472.843,393.757,630.326,334.15,0,126.271,124.935,1.98942
1274,31.5001,36.7155,575.075,756.125,611.115,754.952,0,22.9472,8.55293,1.37272
1275,124.099,103.421,208.269,267.365,248.44,184.811,0,64.6384,59.4603,1.91989
1276,6.8,6.75943,609.27,542.424,615.814,540.73,0,4.22464,2.57535,1.6096
1277,342.812,222.666,466.807,688.882,613.338,613.212,0,139.166,203.645,2.46332
1278,36,29.4382,97.3014,406.493,67.7062,405.638,0,18.3989,17.6012,1.95665
1279,138.399,121.366,130.098,507.31,139.494,611.213,0,75.8536,62.5456,1.82456
1280,315.81,274.6,397.511,396.534,350.155,174.825,0,171.625,144.185,1.84012
1281,17.6,21.1176,136.181,641.405,139.894,620.903,0,13.1985,4.40153,1.33349
1282,200.703,250.621,377.016,606.63,312.501,817.977,0,156.638,44.0651,1.28132
1283,305.209,192.637,452.819,648.056,613.268,613.208,0,120.398,184.811,2.535
1284,124.399,101.852,231.11,282.898,248.935,185.037,0,63.6574,60.7412,1.95419
1285,3.2,2.28565,645.617,190.73,647.693,191.687,0,1.42853,1.77147,2.24006
1286,344.412,293.822,434.545,548.844,595.092,612.433,1,183.638,160.773,1.87549
1287,129.399,158.175,344.442,668.903,312.77,818.053,0,98.8595,30.5392,1.30892
1288,73.9994,84.6594,578.707,149.089,653.475,130.244,0,52.9121,21.0873,1.39853
1289,91.2992,88.3335,402.352,211.698,355.566,174.362,0,55.2084,36.0908,1.65372
1290,202.903,201.602,374.802,332.121,349.898,174.686,0,126.001,76.9021,1.61033
1291,70.5995,98.7669,341.719,723.712,313.335,818.17,0,61.7293,8.87021,1.1437
1292,97.2991,111.418,187.83,253.942,248.733,184.926,0,69.636,27.6631,1.39725
1293,195.503,233.664,400.885,665.986,313.124,818.232,0,146.04,49.4628,1.33869
1294,186.902,146.017,492.741,621.886,613.25,612.38,0,91.2608,95.6414,2.048
1295,48.2998,35.0839,251.687,220.121,249.949,185.002,0,21.9274,26.3724,2.20271
1296,192.003,160.122,521.455,546.868,613.336,612.421,0,100.077,91.926,1.91856
1297,81.7993,102.528,567.135,196.619,647.699,191.85,0,64.0801,17.7193,1.27652
1298,15.9,16.1488,83.7119,403.404,67.7514,404.97,0,10.093,5.80705,1.57536
1299,134.499,129.377,279.562,301.431,249.979,185.034,0,80.8604,53.6386,1.66335
1300,36.7,36.4535,286.863,195.595,253.146,183.477,0,22.7834,13.9166,1.61082
1301,227.305,217.776,487.123,457.914,615.557,540.307,0,136.11,91.1949,1.67001
1302,219.404,155.145,202.538,425.44,67.6569,405.616,0,96.9658,122.438,2.2627
1303,181.002,153.744,521.051,387.576,630.368,334.059,0,96.0899,84.912,1.88367
1304,113.099,100.352,164.367,407.193,67.7237,404.839,0,62.7199,50.379,1.80324
1305,52.5998,67.2471,209.249,622.708,144.758,615.936,0,42.0294,10.5703,1.2515
1306,11.3,13.7138,598.974,748.449,611.783,753.333,0,8.57113,2.72888,1.31838
1307,173.201,170.98,335.609,313.423,349.562,174.596,0,106.862,66.3391,1.62079
1308,149.3,141.432,553.217,402.745,630.355,334.108,0,88.395,60.9049,1.68901
1309,174.301,170.847,335.646,312.633,349.527,174.637,0,106.779,67.5223,1.63235
1310,261.207,220.262,388.057,339.409,349.926,174.755,0,137.664,123.543,1.89742
1311,76.8994,83.3431,546.761,733.268,611.77,753.37,0,52.0894,24.81,1.4763
1312,116.499,127.692,130.647,478.754,67.6413,404.9,0,79.8074,36.6914,1.45975
1313,240.705,204.438,492.362,415.547,630.363,334.034,0,127.774,112.931,1.88384
1314,169.501,171.72,228.119,552.429,144.808,616.107,0,107.325,62.1763,1.57933
1315,284.708,277.455,295.018,452.898,67.6168,404.635,0,173.409,111.299,1.64183
1316,137.499,130,311.309,266.312,349.75,174.723,0,81.2499,56.2493,1.6923
1317,93.9991,93.8175,565.393,141.473,653.455,129.774,0,58.636,35.3632,1.6031
1318,306.209,241.424,495.076,485.044,615.588,540.404,0,150.89,155.319,2.02935
1319,322.91,283.484,314.804,517.77,144.7,615.661,0,177.177,145.733,1.82253
1320,33.2001,38.1268,162.294,590.942,144.797,616.246,0,23.8293,9.3708,1.39325
1321,37.9,41.6685,612.37,176.102,647.685,191.736,0,26.0428,11.8572,1.4553
1322,344.412,259.991,447.578,574.743,595.404,614.603,1,162.494,181.918,2.11953
1323,287.508,254.641,412.594,362.504,355.518,174.395,0,159.151,128.357,1.80651
1324,251.706,218.926,392.925,334.217,349.471,174.473,0,136.829,114.877,1.83957
1325,256.606,204.05,324.146,602.543,144.741,615.608,0,127.532,129.075,2.0121
1326,344.412,239.996,397.712,465.36,585.31,475.104,1,149.997,194.415,2.29612
1327,245.906,174.342,204.85,436.835,67.5711,405.674,0,108.964,136.942,2.25676
1328,269.407,188.683,221.815,430.939,67.7204,405.613,0,117.927,151.48,2.28452
1329,43.5999,51.4666,614.485,165.652,648.682,190.821,0,32.1666,11.4333,1.35544
1330,112.799,128.898,598.269,441.539,615.513,540.244,0,80.5614,32.2374,1.40016
1331,3.6,3.18936,251.296,187.941,250.142,184.967,0,1.99335,1.60665,1.806
1332,76.7994,83.299,571.043,124.432,653.65,129.607,0,52.0619,24.7375,1.47516
1333,173.001,116.213,230.72,296.597,248.877,185.031,0,72.6332,100.368,2.38185
1334,140.699,145.286,547.477,443.856,615.616,539.552,0,90.8039,49.8954,1.54949
1335,88.5992,113.749,585.151,272.667,647.926,197.681,0,71.093,17.5062,1.24624
1336,344.412,290.465,456.768,549.07,600.39,611.877,1,181.541,162.871,1.89716
1337,76.4994,86.0438,579.451,190.327,647.586,191.936,0,53.7774,22.722,1.42252
1338,101.699,85.1933,587.855,355.781,630.395,334.379,0,53.2458,48.4532,1.90999
1339,141.399,137.199,313.149,288.939,250.682,184.765,0,85.7495,55.6499,1.64898
1340,212.604,207.751,376.193,340.959,349.86,174.735,0,129.845,82.7592,1.63737
1341,74.4994,77.0463,199.708,593.345,144.758,615.752,0,48.1539,26.3455,1.54711
1342,278.108,252.026,366.783,398.794,349.81,174.727,0,157.516,120.591,1.76558
1343,148.9,184.45,408.11,691.791,313.211,818.18,0,115.281,33.6188,1.29162
1344,38.6,29.9158,591.742,624.652,613.323,613.197,0,18.6974,19.9026,2.06446
1345,198.103,171.587,511.352,400.35,630.255,334.144,0,107.242,90.8611,1.84726
1346,24.0001,28.5149,574.243,834.752,602.374,833.331,0,17.8218,6.17823,1.34667
1347,65.8996,60.7798,606.873,647.542,613.211,612.903,0,37.9873,27.9122,1.73478
1348,154.5,156.063,372.063,278.166,349.683,174.674,0,97.5391,56.9612,1.58398
1349,294.009,276.662,396.056,400.093,349.827,174.694,0,172.914,121.095,1.70032
1350,25.2001,33.4255,318.434,184.25,350.215,174.87,0,20.8909,4.30915,1.20627
1351,87.0992,91.4656,136.874,530.369,139.613,611.185,0,57.166,29.9333,1.52362
1352,282.908,241.159,459.158,456.465,615.632,539.666,0,150.724,132.184,1.87699
1353,285.508,232.237,466.158,255.38,355.547,174.432,0,145.148,140.36,1.96702
1354,4.2,3.84735,136.467,623.733,137.471,620.019,0,2.40459,1.79541,1.74666
1355,81.7993,76.0063,588.794,367.714,630.414,334.415,0,47.5039,34.2954,1.72195
1356,172.801,189.631,513.873,231.622,647.64,191.901,0,118.519,54.2822,1.458
1357,290.509,253.325,437.029,354.706,355.491,174.398,0,158.328,132.18,1.83485
1358,158.9,158.522,613.639,423.595,615.6,540.387,0,99.0763,59.8242,1.60382
1359,0,0,314.783,821.436,314.783,821.436,0,0,0,0
1360,79.9994,71.0901,301.23,757.247,312.064,818.226,0,44.4313,35.5681,1.80052
1361,255.506,246.482,288.088,556.648,144.685,615.603,0,154.051,101.455,1.65858
1362,37.7,44.698,400.355,174.866,355.796,174.348,0,27.9362,9.76377,1.3495
1363,248.006,172.337,486.832,637.879,613.251,613.052,0,107.711,140.295,2.30252
1364,256.906,204.49,496.232,245.651,356.133,173.41,0,127.806,129.1,2.01012
1365,132.599,159.878,344.695,667.444,312.624,818.012,0,99.9236,32.6753,1.327
1366,2.8,2.02807,609.135,754.428,611.077,755.004,0,1.26755,1.53245,2.20899
1367,155.4,121.017,527.52,362.458,630.269,333.996,0,75.6356,79.7647,2.05459
1368,30.8001,42.2561,321.215,777.131,312.812,818.079,0,26.41,4.39005,1.16623
1369,143.2,103.775,211.192,258.521,248.375,184.771,0,64.8592,78.3403,2.20785
1370,8.4,8.76458,358.777,182.559,355.582,174.376,0,5.47786,2.92213,1.53344
1371,344.412,219.422,428.708,620.301,602.54,613.047,1,137.139,207.273,2.51141
1372,44.7999,54.2445,406.944,163.177,355.806,174.327,0,33.9028,10.8971,1.32142
1373,323.311,251.981,444.462,442.209,615.604,539.564,0,157.488,165.822,2.05292
1374,72.1995,99.8846,344.123,723.578,313.201,818.161,0,62.4279,9.77157,1.15653
1375,143.8,133.459,291.565,289.458,250.481,184.793,0,83.412,60.3876,1.72397
1376,5.8,5.86196,150.63,616.123,144.789,615.961,0,3.66373,2.13627,1.58309
1377,106.199,104.526,423.69,228.472,356.26,173.179,0,65.3289,40.8701,1.6256
1378,147.7,142.361,330.9,284.158,349.452,174.594,0,88.9758,58.724,1.66
1379,162.401,141.553,498.656,339.666,630.329,334.127,0,88.4709,73.9298,1.83564
1380,11.5,12.9955,258.141,195.59,252.314,184.006,0,8.12216,3.37785,1.41588
1381,343.812,223.507,444.072,677.024,613.327,613.193,0,139.692,204.12,2.46122
1382,55.9997,79.5247,335.909,742.18,312.784,817.999,0,49.7029,6.29681,1.12669
1383,86.1993,118.904,263.579,729.388,153.422,700.693,0,74.315,11.8843,1.15992
1384,344.412,259.822,385.988,505.137,580.656,456.165,1,162.388,182.023,2.12091
1385,344.412,257.076,425.306,489.486,598.369,508.56,1,160.673,183.739,2.14356
1386,99.999,99.6689,263.544,282.219,249.584,185.244,0,62.2931,37.706,1.6053
1387,153,135.319,203.469,307.324,248.518,184.829,0,84.5744,68.4257,1.80906
1388,165.101,197.974,354.743,639.095,312.501,817.974,0,123.734,41.3673,1.33433
1389,58.1997,66.6402,550.066,748.91,611.976,752.837,0,41.6501,16.5495,1.39735
1390,51.5998,63.9001,561.748,789.869,606.419,811.792,0,39.9376,11.6622,1.29201
1391,222.604,208.124,346.257,344.081,349.916,174.776,0,130.077,92.5269,1.71132
1392,316.21,244.739,401.87,350.229,349.469,174.594,0,152.962,163.248,2.06725
1393,295.709,292.813,338.593,532.177,144.839,616.128,0,183.008,112.7,1.61582
1394,62.0996,65.4286,598.274,148.398,653.589,129.646,0,40.8929,21.2068,1.51859
1395,7.7,6.29597,630.791,281.568,635.799,282.028,0,3.93498,3.76501,1.95681
1396,39.2,47.3643,185.046,673.003,149.582,693.244,0,29.6027,9.59731,1.3242
1397,131.499,134.907,519.912,124.305,653.554,129.591,0,84.3166,47.1822,1.55958
1398,344.412,199.912,385.303,458.045,547.583,448.892,1,124.945,219.467,2.7565
1399,176.502,144.72,195.728,307.343,248.905,185.021,0,90.4498,86.0518,1.95138
1400,57.1997,59.6538,162.249,567.613,139.921,611.136,0,37.2836,19.9161,1.53418
1401,83.4993,94.1506,179.269,545.415,140.131,611.155,0,58.8441,24.6552,1.41899
1402,155.6,181.925,311.013,325.993,251.265,184.485,0,113.703,41.8972,1.36848
1403,26.0001,30.639,386.035,171.333,355.746,174.207,0,19.1494,6.8507,1.35775
1404,107.399,134.073,511.431,719.529,611.829,753.555,0,83.7954,23.6035,1.28168
1405,344.412,100.151,472.188,333.498,471.653,329.155,1,62.5941,281.818,5.5023
1406,251.106,210.016,280.641,376.203,249.11,185.137,0,131.26,119.846,1.91304
1407,223.804,227.373,475.645,425.211,615.693,540.536,0,142.108,81.6962,1.57489
1408,5.2,4.73003,308.347,814.773,310.902,818.72,0,2.95627,2.24373,1.75897
1409,73.2995,76.3797,577.478,131.558,653.561,129.612,0,47.7373,25.5622,1.53548
1410,143.4,110.918,236.984,290.755,249.077,185.123,0,69.3238,74.0757,2.06855
1411,47.6998,52.3922,605.719,170.441,647.71,191.882,0,32.7451,14.9547,1.4567
1412,228.305,158.905,493.112,157.836,356.247,173.409,0,99.3155,128.989,2.29878
1413,184.702,234.869,488.286,261.145,648.01,197.907,0,146.793,37.9088,1.25825
1414,148,123.852,555.574,294.503,630.381,333.84,0,77.4075,70.5923,1.91196
1415,254.106,201.539,469.148,298.279,630.376,334.078,0,125.962,128.144,2.01732
1416,262.107,234.051,347.527,591.177,144.813,616.147,0,146.282,115.825,1.79179
1417,124.999,130.165,524.294,123.3,653.579,129.695,0,81.353,43.6457,1.5365
1418,171.601,171.833,336.419,315.101,349.867,174.832,0,107.396,64.2057,1.59784
1419,316.71,230.829,468.669,359.406,630.337,334.146,0,144.268,172.442,2.19529
1420,165.601,160.69,425.403,284.249,355.528,174.398,0,100.431,65.1695,1.6489
1421,84.3993,115.198,358.162,715.537,313.103,818.12,0,71.9987,12.4006,1.17223
1422,165.301,177.593,211.376,498.699,140.307,611.181,0,110.996,54.3051,1.48925
1423,62.2996,77.9167,214.975,675.703,149.384,693.374,0,48.698,13.6017,1.27931
1424,90.6992,90.6137,163.431,535.06,139.616,611.227,0,56.6336,34.0656,1.60151
1425,163.801,132.894,515.905,365.682,630.262,334.089,0,83.0588,80.742,1.97211
1426,263.307,208.211,256.97,381.966,67.6343,405.791,0,130.132,133.175,2.02339
1427,227.005,148.063,181.662,441.211,67.6883,405.624,0,92.5391,134.466,2.45307
1428,103.899,116.152,562.613,460.604,615.472,539.789,0,72.5948,31.3042,1.43122
1429,323.411,263.37,457.821,500.832,613.218,613.026,0,164.606,158.805,1.96476
1430,106.099,116.307,586.319,444.652,615.656,539.609,0,72.6916,33.4073,1.45958
1431,93.8991,94.7893,347.064,228.721,350.033,174.752,0,59.2433,34.6558,1.58497
1432,13.7,14.1621,600.27,745.045,612.288,752.177,0,8.85131,4.8487,1.54779
1433,162.201,199.639,330.774,348.626,251.638,184.324,0,124.774,37.4264,1.29995
1434,151.6,172.49,216.599,500.747,140.271,611.177,0,107.806,43.7937,1.40622
1435,325.411,309.843,322.376,445.459,67.6791,404.78,0,193.652,131.759,1.68039
1436,165.901,117.455,223.88,297.169,249.129,185.094,0,73.4092,92.4918,2.25995
1437,67.3995,63.818,130.593,399.518,67.7302,404.801,0,39.8863,27.5133,1.68979
1438,256.406,251.465,304.441,398.676,250.146,184.959,0,157.166,99.2408,1.63144
1439,189.702,187.019,322.989,618.934,144.84,616.207,0,116.887,72.8158,1.62296
1440,215.204,174.999,442.862,279.854,356.185,173.311,0,109.374,105.83,1.96759
1441,29.3001,32.9451,582.814,601.246,613.334,612.411,0,20.5907,8.7094,1.42298
1442,63.8996,67.5284,595.003,149.726,653.586,130.379,0,42.2052,21.6944,1.51402
1443,262.207,242.549,318.005,548.783,144.748,615.553,0,151.593,110.614,1.72968
1444,174.201,170.034,304.046,645.509,144.764,616.215,0,106.271,67.93,1.63921
1445,329.611,215.612,447.992,667.307,613.337,613.206,0,134.758,194.853,2.44595
1446,49.2998,43.8096,110.953,399.684,67.6545,405.602,0,27.381,21.9188,1.80051
1447,160.601,133.208,464.915,166.274,356.147,173.471,0,83.2551,77.3455,1.92902
1448,253.806,207.424,246.829,417.451,67.6306,404.578,0,129.64,124.166,1.95778
1449,48.4998,58.9813,161.489,568.739,139.93,611.055,0,36.8633,11.6365,1.31567
1450,252.906,164.702,456.99,597.891,613.352,613.143,0,102.939,149.967,2.45685
1451,7.79999,8.29457,140.393,602.912,139.861,611.175,0,5.1841,2.61589,1.5046
1452,30.6001,32.713,601.143,331.678,630.281,334.063,0,20.4456,10.1545,1.49666
1453,273.107,210.838,480.084,280.242,356.317,173.238,0,131.774,141.334,2.07255
1454,235.705,228.865,466.981,442.292,615.596,540.344,0,143.04,92.6647,1.64782
1455,34.1001,36.0666,566.537,833.801,602.36,833.339,0,22.5416,11.5584,1.51276
1456,59.3997,68.1468,591.906,233.961,648.405,198.243,0,42.5917,16.8079,1.39463
1457,126.299,103.384,517.588,628.849,613.198,612.561,0,64.6149,61.6838,1.95464
1458,212.004,178.059,252.669,343.398,251.156,184.458,0,111.287,100.717,1.90502
1459,48.2998,63.7999,193.123,684.203,152.548,701.835,0,39.875,8.42488,1.21128
1460,211.204,275.558,336.061,404.02,251.615,184.42,0,172.224,38.9798,1.22633
1461,144.6,168.787,306.526,680.407,312.931,818.04,0,105.492,39.1075,1.37071
1462,105.499,80.8663,589.415,356.722,630.383,334.52,0,50.5415,54.9575,2.08737
1463,177.902,178.619,381.974,246.383,349.721,174.748,0,111.637,66.2649,1.59358
1464,129.899,131.675,346.908,282.785,349.687,174.57,0,82.2968,47.6019,1.57842
1465,21.4,27.3189,177.858,712.437,152.799,701.731,0,17.0743,4.32573,1.25335
1466,78.2994,85.4579,530.303,611.087,613.222,612.696,0,53.4112,24.8882,1.46597
1467,94.6991,92.2647,159.105,398.412,67.6982,404.789,0,57.6655,37.0337,1.64222
1468,34.0001,29.1983,584.744,616.815,613.328,613.216,0,18.2489,15.7511,1.86312
1469,228.205,289.596,304.791,505.734,139.896,611.083,0,180.998,47.2071,1.26082
1470,210.704,174.933,447.226,277.235,355.416,174.412,0,109.333,101.371,1.92718
1471,16.7,18.7287,332.706,181.41,349.676,174.705,0,11.7054,4.99459,1.42669
1472,124.899,154.617,507.346,698.697,611.93,753.292,0,96.6357,28.263,1.29247
1473,92.1992,99.6611,555.251,121.682,653.52,129.807,0,62.2882,29.911,1.4802
1474,61.6996,76.7632,590.39,288.584,630.403,334.366,0,47.977,13.7226,1.28602
1475,252.706,213.659,296.126,364.148,249.107,185.07,0,133.537,119.169,1.89241
1476,152.2,151.001,504.246,121.14,653.64,129.585,0,94.3754,57.8247,1.61271
1477,205.203,256.786,381.582,612.76,312.58,817.997,0,160.491,44.712,1.27859
1478,274.408,240.981,453.906,436.512,615.562,540.309,0,150.613,123.795,1.82194
1479,228.705,165.015,487.458,662.213,613.262,613.182,0,103.134,125.57,2.21754
1480,344.412,249.268,451.665,470.439,606.491,538.285,1,155.792,188.62,2.21071
1481,125.899,138.035,604.786,443.841,615.629,539.689,0,86.2718,39.6268,1.45933
1482,71.3995,83.9324,148.21,527.815,139.62,611.156,0,52.4577,18.9418,1.36109
1483,196.603,201.369,370.193,344.522,349.918,174.754,0,125.855,70.7475,1.56213
1484,118.399,157.983,399.964,709.111,313.411,818.252,0,98.7395,19.6592,1.1991
1485,138.899,130.073,548.141,299.724,630.322,334.091,0,81.2953,57.6039,1.70858
1486,102.899,115.507,612.154,457.723,615.59,539.662,0,72.192,30.707,1.42535
1487,20.2,18.693,262.474,199.33,252.629,184.009,0,11.6831,8.5169,1.72899
1488,52.3998,58.7068,399.327,185.625,355.747,174.349,0,36.6917,15.708,1.42811
1489,86.1993,92.0268,117.908,456.355,67.742,405.615,0,57.5168,28.6825,1.49868
1490,110.399,110.713,228.078,606.795,144.747,615.989,0,69.1954,41.2035,1.59547
1491,24.4001,29.9016,600.605,785.105,606.321,811.855,0,18.6885,5.71154,1.30562
1492,166.401,140.932,290.907,304.43,249.445,185.214,0,88.0823,78.3186,1.88915
1493,191.302,213.588,511.629,504.802,615.57,540.261,0,133.493,57.8099,1.43306
1494,104.499,109.529,555.237,686.577,612.312,752.169,0,68.4557,36.0433,1.52652
1495,86.9992,74.0361,593.971,358.064,630.44,334.483,0,46.2726,40.7267,1.88015
1496,152.8,160.094,549.492,422.482,615.565,540.189,0,100.059,52.7411,1.5271
1497,205.903,213.705,272.656,559.671,144.72,615.612,0,133.565,72.338,1.54159
1498,296.709,237.274,445.919,386.316,630.276,334.077,0,148.296,148.413,2.00079
1499,176.302,205.419,371.367,643.578,312.608,817.976,0,128.387,47.9145,1.3732
1500,336.311,319.002,374.906,451.997,349.689,174.746,0,199.377,136.935,1.68681
1501,344.412,221.151,445.894,338.665,407.032,181.325,1,138.22,206.192,2.49177
1502,28.3001,23.2978,271.061,197.853,252.416,184.04,0,14.5611,13.7389,1.94353
1503,90.8992,103.079,189.928,246.644,249.057,185.068,0,64.4245,26.4747,1.41094
1504,259.907,223.243,294.392,379.541,249.92,185.075,0,139.527,120.38,1.86277
1505,245.806,203.729,511.222,515.477,613.326,612.472,0,127.33,118.475,1.93046
1506,240.906,206.024,280.499,561.071,144.685,615.634,0,128.765,112.141,1.87089
1507,298.309,254.065,412.285,361.184,356.098,173.416,0,158.791,139.518,1.87863
1508,97.3991,97.2991,215.408,269.648,248.164,184.707,0,60.8119,36.5871,1.60164
1509,300.209,244.416,439.299,389.988,630.336,334.071,0,152.76,147.449,1.96523
1510,15.9,19.7204,375.13,178.106,356.018,173.815,0,12.3253,3.57476,1.29004
1511,199.003,155.045,445.448,149.004,356.138,173.463,0,96.9028,102.1,2.05363
1512,145.6,148.885,597.611,451.252,615.628,539.571,0,93.0532,52.5465,1.56469
1513,200.403,163.53,278.102,597.052,144.637,615.734,0,102.206,98.1966,1.96077
1514,146.1,126.017,212.645,302.779,248.09,184.706,0,78.7604,67.3393,1.85499
1515,150,193.505,528.559,254.235,647.853,197.683,0,120.941,29.0593,1.24028
1516,0,0,606.63,811.165,606.63,811.165,0,0,0,0
1517,344.412,235.875,403.92,489.924,582.332,464.448,1,147.422,196.99,2.33623
1518,130.299,122.493,532.24,671.346,613.263,613.178,0,76.5579,53.7409,1.70196
1519,31.5001,39.6391,313.682,189.599,349.952,174.83,0,24.7744,6.72567,1.27148
1520,82.7993,76.6896,588.79,364.708,630.441,334.43,0,47.931,34.8683,1.72747
1521,101.399,102.817,168.421,392.821,67.6852,404.811,0,64.2605,37.1385,1.57794
1522,253.706,304.109,278.609,476.427,139.923,611.078,0,190.068,63.6383,1.33482
1523,73.5994,67.2,304.77,759.923,312.143,818.206,0,42,31.5995,1.75237
1524,0,0,642.135,286.143,642.135,286.143,0,0,0,0
1525,163.601,156.604,424.319,280.157,355.52,174.417,0,97.8777,65.723,1.67148
1526,127.199,150.2,277.422,689.964,149.33,693.276,0,93.875,33.3236,1.35498
1527,54.4997,62.435,590.323,308.586,630.326,334.09,0,39.0219,15.4778,1.39664
1528,70.1995,98.05,581.116,257.755,648.031,198.042,0,61.2812,8.91825,1.14553
1529,194.403,161.544,501.32,326.772,630.262,334.134,0,100.965,93.4375,1.92544
1530,130.099,137.942,313.1,291.854,250.744,184.724,0,86.2138,43.8849,1.50902
1531,163.601,128.198,491.141,603.163,613.273,612.392,0,80.1236,83.4772,2.04186
1532,15.7,16.6296,636.007,209.136,648.411,198.093,0,10.3935,5.30652,1.51056
1533,275.608,287.945,376.086,559.425,144.83,616.154,0,179.965,95.6422,1.53145
1534,14.1,14.0457,245.908,198.627,249.473,185.144,0,8.77856,5.32146,1.60619
1535,259.607,242.868,285.543,395.645,249.099,185.119,0,151.793,107.814,1.71027
1536,136.699,126.586,510.945,336.807,630.327,334.072,0,79.1163,57.5829,1.72783
1537,7.2,7.6356,655.417,206.034,652.074,199.169,0,4.77225,2.42775,1.50872
1538,170.901,155.936,237.074,329.844,249.844,185.135,0,97.4602,73.441,1.75355
1539,100.399,137.769,378.932,707.73,313.407,818.216,0,86.1057,14.2934,1.166
1540,167.301,213.779,517.191,253.592,647.887,197.625,0,133.612,33.6892,1.25214
1541,263.107,221.95,394.53,328.858,349.718,174.725,0,138.719,124.388,1.8967
1542,148.8,158.423,508.328,146.252,653.623,130.367,0,99.0146,49.7853,1.50281
1543,8.5,9.28201,153.812,684.862,151.514,693.855,0,5.80125,2.69874,1.4652
1544,139.399,148.564,546.384,440.781,615.535,540.18,0,92.8527,46.5466,1.50129
1545,151.2,139.247,246.468,315.265,249.371,185.249,0,87.0295,64.1705,1.73734
1546,167.401,186.464,383.674,666.508,312.747,818.033,0,116.54,50.8611,1.43643
1547,38.7,48.2542,323.673,203.838,350.089,174.788,0,30.1589,8.5411,1.2832
1548,181.702,196.089,512.698,463.684,615.636,540.402,0,122.556,59.146,1.4826
1549,10.2,11.6801,604.441,543.493,615.676,540.322,0,7.30005,2.89995,1.39725
1550,136.699,144.507,587.144,422.744,615.651,539.553,0,90.3166,46.3826,1.51356
1551,133.699,117.626,217.111,296.011,249.489,185.208,0,73.5162,60.1828,1.81863
1552,255.806,185.827,217.679,432.927,67.5701,405.694,0,116.142,139.664,2.20253
1553,90.0992,92.1396,122.548,452.44,67.7969,405.163,0,57.5873,32.5119,1.56457
1554,192.003,151.071,298.734,312.187,249.743,185.21,0,94.4192,97.5834,2.03351
1555,60.9996,60.8728,265.017,242.939,249.925,185.117,0,38.0455,22.9542,1.60334
1556,97.1991,112.251,526.788,725.801,611.682,753.614,0,70.1571,27.042,1.38545
1557,13.9,15.8893,338.098,185.15,349.692,174.744,0,9.93079,3.96923,1.39969
1558,82.0993,91.2196,153.167,521.634,139.58,611.157,0,57.0123,25.0871,1.44003
1559,339.912,277.611,455.072,489.272,613.306,612.484,0,173.507,166.404,1.95906
1560,171.801,218.438,504.594,257.453,647.846,197.634,0,136.524,35.2775,1.2584
1561,220.104,209.77,484.027,437.703,615.67,539.65,0,131.106,88.9979,1.67882
1562,46.7999,59.8025,599.962,201.77,647.757,197.459,0,37.3765,9.42331,1.25212
1563,117.599,102.101,234.545,282.544,249.675,185.227,0,63.8131,53.7857,1.84286
1564,137.699,134.129,303.779,293.016,251.219,184.546,0,83.8308,53.8684,1.64258
1565,131.399,116.908,509.866,592.142,613.353,612.488,0,73.0677,58.3311,1.79832
1566,213.904,140.066,162.02,446.961,67.6962,405.607,0,87.541,126.363,2.44347
1567,109.599,110.992,260.585,291.462,250.356,184.869,0,69.3698,40.2291,1.57992
1568,33.3001,40.2709,411.948,117.342,405.912,78.1573,0,25.1693,8.13076,1.32304
1569,22.3,25.312,585.499,805.179,606.895,810.414,0,15.82,6.48005,1.40961
1570,113.499,119.241,611.646,730.176,612.366,751.946,0,74.5256,38.9732,1.52295
1571,182.502,155.909,499.068,351.671,630.357,334.074,0,97.4433,85.0586,1.8729
1572,205.903,228.091,497.514,501.974,615.68,540.549,0,142.557,63.3467,1.44436
1573,301.309,239.112,463.79,456.155,615.576,539.823,0,149.445,151.864,2.01619
1574,227.705,186.671,496.511,299.471,630.354,334.117,0,116.669,111.035,1.95171
1575,165.401,212.349,522.408,257.324,647.9,197.679,0,132.718,32.6831,1.24626
1576,103.499,133.579,348.779,693.372,312.824,817.953,0,83.4868,20.0122,1.2397
1577,344.412,235.317,463.263,465.71,604.922,539.114,1,147.073,197.339,2.34177
1578,91.7992,120.759,362.431,712.827,313.135,818.121,0,75.4744,16.3248,1.2163
1579,17.5,20.0465,601.977,530.979,615.547,540.128,0,12.5291,4.97096,1.39675
1580,123.799,145.698,495.768,718.257,611.965,752.787,0,91.061,32.7377,1.35951
1581,196.803,223.999,380.257,630.346,312.529,817.999,0,139.999,56.8033,1.40574
1582,207.803,156.663,467.098,597.766,613.287,613.194,0,97.9146,109.889,2.12229
1583,244.706,207.699,264.808,367.354,249.122,185.122,0,129.812,114.894,1.88508
1584,344.412,282.295,450.97,564.169,607.945,612.451,1,176.434,167.977,1.95207
1585,80.9993,89.6218,223.239,267.688,248.667,184.873,0,56.0136,24.9857,1.44606
1586,30.6001,40.2153,185.896,705.797,153.409,701.096,0,25.1346,5.46553,1.21745
1587,7.99999,8.79257,594.313,830.214,602.839,832.363,0,5.49535,2.50464,1.45577
1588,66.8996,65.9635,587.848,127.568,653.592,130.384,0,41.2272,25.6724,1.62271
1589,266.407,209.793,478.018,408.609,630.378,334.14,0,131.12,135.287,2.03178
1590,140.599,145.693,398.371,258.38,355.464,174.403,0,91.0583,49.5411,1.54406
1591,158.1,209.392,333.016,358.783,251.539,184.377,0,130.87,27.2308,1.20808
1592,80.2993,89.7256,191.274,233.799,248.23,184.739,0,56.0785,24.2209,1.43191
1593,11,11.9082,590.817,830.759,602.383,833.292,0,7.44263,3.55738,1.47797
1594,66.1996,60.3683,126.628,399.056,67.6956,405.612,0,37.7302,28.4694,1.75455
1595,198.003,157.454,558.847,532.055,613.26,612.48,0,98.4087,99.5942,2.01205
1596,240.005,155.778,498.448,618.576,613.317,613.221,0,97.3612,142.644,2.4651
1597,133.799,135.212,257.968,654.743,144.802,616.197,0,84.5072,49.2917,1.58328
1598,261.707,236.109,390.129,358.145,349.717,174.733,0,147.568,114.138,1.77346
1599,13.3,14.9233,603.275,763.083,611.075,754.963,0,9.32706,3.97296,1.42596
1600,10.5,12.6829,164.52,706.602,152.848,701.76,0,7.92682,2.57318,1.32462
1601,154.1,131.563,463.309,162.516,356.095,173.46,0,82.2272,71.873,1.87408
1602,292.609,234.787,463.576,347.345,356.172,173.341,0,146.742,145.867,1.99404
1603,196.303,136.136,164.457,442.049,67.6843,405.603,0,85.0848,111.218,2.30714
1604,138.599,141.461,519.106,130.704,653.594,129.591,0,88.4134,50.1859,1.56763
1605,37.8,35.7019,286.948,194.36,253.202,183.43,0,22.3137,15.4863,1.69403
1606,204.303,178.362,219.57,348.865,67.7027,404.793,0,111.476,92.8269,1.8327
1607,73.2995,72.9072,594.492,360.167,630.43,334.409,0,45.567,27.7325,1.60861
1608,101.699,110.644,186.906,533.571,140.05,611.057,0,69.1528,32.5462,1.47064
1609,20.4,25.5122,319.484,793.493,313.256,818.233,0,15.9451,4.45489,1.27939
1610,95.6991,97.1754,418.098,223.128,355.646,174.391,0,60.7346,34.9645,1.57569
1611,114.099,101.156,164.952,406.85,67.7174,405.571,0,63.2224,50.8764,1.80472
1612,36.3,36.594,602.486,584.912,613.413,612.241,0,22.8712,13.4288,1.58715
1613,19.7,23.9039,578.83,835.459,602.469,833.251,0,14.94,4.76008,1.31861
1614,43.0999,56.1162,192.234,677.611,149.539,693.207,0,35.0726,8.02728,1.22888
1615,183.902,155.451,498.325,351.01,630.316,334.056,0,97.1572,86.7449,1.89283
1616,206.803,240.531,272.874,520.306,139.8,611.058,0,150.332,56.4713,1.37564
1617,84.2993,115.312,257.655,722.823,152.921,701.729,0,72.0701,12.2292,1.16968
1618,341.612,278.866,413.239,436.083,615.529,539.944,0,174.291,167.32,1.96
1619,202.603,161.154,504.373,377.712,630.274,334.141,0,100.721,101.882,2.01152
1620,139.499,135.169,248.995,311.213,249.755,185.068,0,84.4804,55.0189,1.65126
1621,52.3998,59.0972,162.466,568.813,139.903,611.059,0,36.9358,15.464,1.41867
1622,232.805,158.354,501.007,165.313,356.211,173.342,0,98.9712,133.834,2.35225
1623,30.7001,31.6326,586.365,767.883,611.253,754.928,0,19.7704,10.9297,1.55283
1624,132.499,129.511,318.678,254.287,349.879,174.676,0,80.9447,51.5542,1.63691
1625,51.3998,60.0974,571.078,339.777,630.315,334.133,0,37.5609,13.8389,1.36844
1626,161.001,178.266,324.454,327.561,251.473,184.367,0,111.416,49.5846,1.44504
1627,294.409,267.398,318.698,526.624,144.64,615.674,0,167.124,127.285,1.76162
1628,26.9001,24.0534,91.6515,403.193,67.6704,404.917,0,15.0334,11.8667,1.78935
1629,279.908,266.991,364.308,415.037,349.698,174.746,0,166.869,113.039,1.67741
1630,97.2991,99.9162,273.456,281.094,249.759,185.099,0,62.4476,34.8515,1.55809
1631,54.4997,58.7027,611.153,153.038,653.588,130.267,0,36.6892,17.8105,1.48544
1632,57.4997,72.1525,547.87,776.495,611.101,755.079,0,45.0953,12.4044,1.27507
1633,202.303,202.781,490.92,441.374,615.634,539.566,0,126.738,75.5653,1.59623
1634,35.6,41.4523,173.321,633.93,144.754,616.029,0,25.9077,9.69235,1.37411
1635,48.2998,58.5804,553.074,759.073,611.063,755.305,0,36.6127,11.6871,1.31921
1636,249.106,237.357,288.187,393.814,250.447,184.913,0,148.348,100.758,1.6792
1637,302.109,263.415,302.087,539.825,144.723,615.687,0,164.634,137.475,1.83503
1638,252.406,223.535,456.141,337.345,355.528,174.405,0,139.71,112.697,1.80665
1639,111.799,114.749,270.697,747.342,310.909,818.696,0,71.7183,40.0805,1.55886
1640,21.5,22.6055,599.194,734.681,612.201,752.52,0,14.1284,7.37162,1.52176
1641,13,16.8119,412.571,93.541,406.619,77.8426,0,10.5074,2.49257,1.23722
1642,219.304,193.344,271.52,363.173,251.059,184.56,0,120.84,98.4642,1.81483
1643,21.6,28.0435,625.963,134.061,653.459,129.992,0,17.5272,4.07288,1.23238
1644,135.399,132.373,115.755,508.588,140.272,611.184,0,82.733,52.6661,1.63658
1645,332.111,245.438,423.177,663.844,613.254,612.538,0,153.399,178.712,2.16501
1646,42.0999,44.7495,583.37,780.194,611.204,755.46,0,27.9685,14.1315,1.50526
1647,106.899,128.886,520.778,734.831,611.162,755.195,0,80.5538,26.3451,1.32705
1648,97.0991,78.609,423.701,157.15,356.127,173.502,0,49.1306,47.9684,1.97634
1649,344.412,309.375,352.923,457.954,343.736,181.587,1,193.359,151.052,1.7812
1650,104.099,118.237,117.049,482.703,67.7039,405.507,0,73.8982,30.2008,1.40868
1651,162.601,121.942,165.045,428.593,67.6983,405.596,0,76.2136,86.3871,2.13349
1652,86.3993,89.6839,560.261,358.153,630.366,333.873,0,56.0525,30.3468,1.5414
1653,48.0998,54.4305,89.1371,439.547,67.6853,405.602,0,34.0191,14.0808,1.41391
1654,154.6,138.783,530.469,561.691,613.331,612.424,0,86.7391,67.8611,1.78236
1655,103.499,115.44,228.747,658.421,144.743,616.303,0,72.1502,31.3488,1.43449
1656,125.399,123.788,253.232,646.434,144.751,616.081,0,77.3673,48.0314,1.62082
1657,114.899,116.819,556.728,162.556,653.587,130.317,0,73.0121,41.8868,1.5737
1658,46.0999,61.0064,338.611,197.973,349.88,174.81,0,38.129,7.97086,1.20905
1659,297.909,245.986,236.789,468.408,67.7284,404.792,0,153.741,144.168,1.93773
1660,188.502,153.823,188.235,314.794,248.621,184.946,0,96.1396,92.3627,1.96072
1661,88.5992,117.232,349.204,708.755,312.723,817.993,0,73.2699,15.3294,1.20922
1662,174.001,163.707,425.935,287.527,355.802,174.286,0,102.317,71.6844,1.70061
1663,184.702,187.93,614.219,401.951,615.669,539.612,0,117.456,67.2459,1.57252
1664,172.601,219.798,502.729,255.529,648.229,198.104,0,137.373,35.2279,1.25644
1665,30.2001,42.2446,594.647,714.884,612.154,752.416,0,26.4029,3.79718,1.14382
1666,275.408,229.519,403.401,333.384,349.852,174.699,0,143.449,131.958,1.9199
1667,245.106,202.618,255.707,383.154,67.7087,404.815,0,126.636,118.469,1.93551
1668,120.399,142.248,567.471,416.342,615.623,540.401,0,88.9052,31.4935,1.35424
1669,150.6,148.501,161.241,465.42,140.259,611.156,0,92.8132,57.7868,1.62261
1670,174.001,186.777,518.682,221.99,648.578,190.824,0,116.736,57.2655,1.49056
1671,175.301,158.467,276.709,329.287,251.132,184.615,0,99.0421,76.2594,1.76997
1672,270.607,256.107,291.619,434.288,67.603,404.503,0,160.067,110.541,1.69059
1673,218.304,174.301,237.575,393.21,67.6839,405.613,0,108.938,109.366,2.00393
1674,126.499,153.278,489.817,718.789,611.858,753.275,0,95.7986,30.7,1.32046
1675,89.0992,104.953,225.532,648.955,144.582,616.463,0,65.5958,23.5034,1.35831
1676,239.705,208.62,265.343,365.582,248.711,184.879,0,130.388,109.318,1.8384
1677,30.3001,31.0094,255.337,215.22,249.809,185.139,0,19.3809,10.9192,1.5634
1678,156.7,124,503.901,590.599,613.261,613.228,0,77.4997,79.2006,2.02195
1679,108.499,110.768,543.073,663.638,613.287,613.077,0,69.2301,39.2688,1.56722
1680,297.609,248.938,235.772,468.934,67.7182,405.612,0,155.586,142.023,1.91282
1681,252.106,230.497,297.976,551.177,144.714,615.702,0,144.06,108.046,1.75
1682,122.999,129.234,533.275,137.404,653.552,129.663,0,80.7711,42.2275,1.5228
1683,258.207,174.237,489.436,225.405,356.048,173.491,0,108.898,149.308,2.37108
1684,292.809,253.26,401.164,363.506,349.866,174.798,0,158.288,134.521,1.84985
1685,62.1996,79.8835,565.589,498.269,615.755,540.733,0,49.9272,12.2724,1.24581
1686,184.502,126.927,219.635,304.677,248.89,184.98,0,79.3297,105.172,2.32576
1687,139.599,161.063,547.497,212.446,647.704,191.79,0,100.664,38.9348,1.38678
1688,15.9,17.9315,599.51,797.155,606.282,811.992,0,11.2072,4.69286,1.41874
1689,93.9991,81.3863,607.545,680.286,612.365,751.991,0,50.8664,43.1327,1.84796
1690,253.106,239.182,269.211,411.531,67.6222,404.702,0,149.489,103.618,1.69315
1691,121.799,116.256,525.747,347.955,630.255,334.051,0,72.6599,49.1388,1.67628
1692,149.9,182.753,334.221,647.011,312.272,818.076,0,114.221,35.6794,1.31237
1693,61.7996,56.3194,122.866,398.131,67.746,404.78,0,35.1996,26.6,1.75569
1694,118.399,88.2829,538.333,600.671,613.332,613.2,0,55.1768,63.2219,2.14581
1695,249.306,298.948,273.936,497.471,139.888,611.13,0,186.842,62.4635,1.33431
1696,25.0001,32.098,620.219,212.383,648.359,198.166,0,20.0612,4.93882,1.24619
1697,344.412,293.428,402.614,582.171,583.035,617.187,1,183.392,161.019,1.878
1698,98.6991,86.022,546.83,635.97,613.272,613.167,0,53.7637,44.9353,1.83579
1699,344.412,295.192,425.498,547.579,594.009,612.523,1,184.495,159.917,1.86678
1700,344.412,227.15,403.488,494.441,575.519,449.872,1,141.969,202.443,2.42597
1701,153.9,132.881,283.096,294.714,249.771,185.11,0,83.0506,70.8496,1.85309
1702,212.204,128.856,226.328,311.153,249.476,185.179,0,80.535,131.669,2.63493
1703,233.505,200.323,475.573,391.576,630.303,334.139,0,125.202,108.303,1.86503
1704,183.902,190.562,218.314,473.082,139.523,611.154,0,119.101,64.8006,1.54408
1705,46.1999,55.7488,572.148,728.169,612.105,752.672,0,34.843,11.3569,1.32594
1706,103.599,127.791,523.43,736.732,611.103,755.194,0,79.8692,23.7298,1.29711
1707,27.4001,34.863,278.599,808.574,311.757,818.354,0,21.7894,5.61067,1.2575
1708,145.8,144.612,296.78,304.668,251.628,184.365,0,90.3824,55.4173,1.61314
1709,158.8,136.56,549.078,303.2,630.304,334.053,0,85.3498,73.4507,1.86058
1710,308.91,262.08,297.834,423.271,67.8067,404.965,0,163.8,145.11,1.8859
1711,246.806,154.069,159.954,460.444,67.6861,405.61,0,96.2931,150.513,2.56307
1712,37.6,36.3948,581.304,598.102,613.195,612.608,0,22.7468,14.8532,1.65298
1713,344.412,305.258,372.921,448.855,343.13,180.245,1,190.786,153.626,1.80522
1714,324.011,311.826,321.56,445.088,67.6785,405.621,0,194.891,129.119,1.66252
1715,119.799,124.993,270.298,735.631,310.748,818.786,0,78.1206,41.6782,1.53351
1716,11,11.4586,602.677,746.082,612.316,752.225,0,7.16163,3.83838,1.53596
1717,77.3994,87.8929,576.309,151.232,653.657,130.263,0,54.933,22.4663,1.40898
1718,298.809,234.866,268.265,433.577,67.6824,404.832,0,146.791,152.018,2.0356
1719,30.8001,32.9072,284.996,185.744,253.441,182.942,0,20.567,10.2331,1.49755
1720,247.606,194.157,295.102,585.262,144.715,615.672,0,121.348,126.258,2.04046
1721,344.412,317.869,357.748,462.182,349.451,175.32,1,198.668,145.744,1.7336
1722,25.1001,34.001,184.979,711.592,152.94,701.626,0,21.2506,3.84943,1.18114
1723,124.999,117.727,556.577,578.021,613.216,612.619,0,73.5795,51.4192,1.69883
1724,152.6,158.666,186.477,478.16,139.547,611.169,0,99.1664,53.4337,1.53883
1725,0,0,649.404,192.329,649.404,192.329,0,0,0,0
1726,224.805,214.582,489.039,459.733,615.503,540.181,0,134.114,90.6909,1.67622
1727,25.1001,22.3655,593.656,617.334,613.295,613.245,0,13.9784,11.1216,1.79563
1728,32.8001,34.7856,390.224,177.068,355.965,173.606,0,21.741,11.059,1.50867
1729,23.3001,31.5428,617.289,184.739,647.863,191.684,0,19.7143,3.58579,1.18189
1730,203.703,165.149,227.733,390.85,67.6996,405.613,0,103.218,100.485,1.97352
1731,336.311,251.494,423.311,668.371,613.282,612.494,0,157.184,179.127,2.1396
1732,204.203,162.522,176.552,300.647,248.349,184.791,0,101.577,102.627,2.01034
1733,155,175.203,376.009,669.762,313.185,818.232,0,109.502,45.4985,1.41551
1734,177.402,155.128,276.991,605.331,144.722,615.722,0,96.9552,80.4465,1.82973
1735,344.412,315.069,355.13,463.642,344.945,179.691,1,196.918,147.494,1.74901
1736,344.412,247.16,399.56,609.802,591.945,615.91,1,154.475,189.937,2.22956
1737,16,18.7324,403.528,96.6436,405.704,78.241,0,11.7078,4.29226,1.36662
1738,111.599,100.792,216.875,259.217,248.226,184.707,0,62.9947,48.6042,1.77156
1739,144.5,144.382,517.391,132.927,653.599,129.584,0,90.2385,54.2611,1.60131
1740,259.807,212.196,247.738,423.477,67.7372,404.884,0,132.622,127.184,1.95899
1741,106.199,143.111,264.716,665.521,149.541,693.222,0,89.4447,16.7543,1.18731
1742,128.899,154.308,274.828,683.619,149.305,693.285,0,96.4425,32.4561,1.33653
1743,1.1,0.364937,247.29,184.719,247.303,184.348,0,0.228086,0.871915,4.82275
1744,130.599,131.59,273.06,636.865,144.786,616.137,0,82.2436,48.3551,1.58795
1745,84.0993,90.066,233.312,631.418,144.833,615.815,0,56.2913,27.808,1.494
1746,327.011,283.294,395.407,402.099,349.874,174.813,0,177.058,149.952,1.84691
1747,87.8992,93.0214,359.166,212.521,350.034,174.827,0,58.1384,29.7608,1.5119
1748,291.209,281.526,360.35,557.526,144.818,616.113,0,175.953,115.255,1.65503
1749,126.899,111.572,137.076,512.426,139.503,611.181,0,69.7328,57.1659,1.81979
1750,86.4993,75.8716,423.781,156.289,356.177,173.438,0,47.4198,39.0795,1.82412
1751,27.4001,34.1972,178.296,621.386,144.719,615.59,0,21.3732,6.02683,1.28198
1752,51.3998,68.4034,217.141,724.222,152.762,701.793,0,42.7521,8.64765,1.20227
1753,140.899,179.594,481.832,700.591,612.487,751.847,0,112.247,28.6528,1.25527
1754,344.412,80.1357,444.778,337.515,443.894,331.675,1,50.0848,294.327,6.87657
1755,267.807,207.779,237.292,428.901,67.5865,405.686,0,129.862,137.945,2.06225
1756,7.2,7.92931,609.838,546.41,616.782,542.815,0,4.95582,2.24418,1.45284
1757,157.1,162.994,492.39,114.739,653.64,129.587,0,101.871,55.2294,1.54215
1758,271.807,212.085,474.411,380.299,630.32,334.112,0,132.553,139.255,2.05056
1759,295.109,229.737,481.97,515.044,613.335,612.532,0,143.585,151.523,2.05528
1760,229.705,238.621,357.042,597.458,144.817,616.081,0,149.138,80.5666,1.54021
1761,231.605,292.771,304.973,504.005,139.94,611.167,0,182.982,48.6231,1.26573
1762,340.812,226.622,420.629,641.709,613.349,613.164,0,141.639,199.173,2.4062
1763,142.199,134.828,331.078,277.946,350.09,174.79,0,84.2674,57.9321,1.68748
1764,258.107,226.063,292.319,383.178,249.917,185.07,0,141.289,116.817,1.82679
1765,90.9992,88.6509,556.99,711.396,611.75,753.296,0,55.4068,35.5923,1.64238
1766,109.299,114.786,177.345,523.44,140.066,611.09,0,71.7414,37.5575,1.52351
1767,45.8999,39.6785,287.432,201.217,253.012,183.805,0,24.799,21.1008,1.85087
1768,302.309,253.785,431.656,391.897,630.286,334.112,0,158.615,143.694,1.90593
1769,201.503,120.115,225.204,301.55,248.755,185.008,0,75.0718,126.431,2.68414
1770,21.4,25.7721,138.104,646.636,139.998,620.936,0,16.1076,5.29246,1.32857
1771,32.0001,42.9889,320.117,775.971,312.729,818.042,0,26.8681,5.13201,1.19101
1772,136.099,152.053,546.786,438.017,615.557,540.283,0,95.0331,41.066,1.43212
1773,57.1997,74.2448,587.871,479.62,615.655,540.48,0,46.403,10.7967,1.23267
1774,211.704,225.25,499.235,502.612,615.583,539.576,0,140.781,70.9226,1.50378
1775,169.601,193.362,342.054,638.984,313.291,818.164,0,120.851,48.7497,1.40339
1776,175.201,178.661,382.269,247.831,349.829,174.723,0,111.663,63.5381,1.56901
1777,193.403,187.435,347.795,326.74,349.673,174.681,0,117.147,76.2554,1.65094
1778,115.199,133.55,116.091,497.496,67.7329,405.529,0,83.4686,31.7302,1.38015
1779,107.899,119.443,563.372,453.538,615.558,539.689,0,74.6521,33.2469,1.44536
1780,274.308,230.684,471.249,249.813,356.162,173.395,0,144.177,130.13,1.90257
1781,132.399,132.535,533.83,149.95,653.556,130.255,0,82.8344,49.5645,1.59836
1782,337.811,215.178,450.91,680.658,613.261,613.035,0,134.486,203.325,2.51187
1783,324.211,282.708,395.913,402.847,349.455,174.641,0,176.692,147.518,1.83489
1784,121.999,128.393,533.695,136.173,653.64,129.652,0,80.2457,41.753,1.52031
1785,344.412,253.986,369.097,512.552,559.434,451.94,1,158.741,185.67,2.16964
1786,24.7001,23.276,90.6643,402.618,67.6706,404.837,0,14.5475,10.1526,1.69789
1787,160.301,164.433,534.469,474.934,615.586,539.616,0,102.771,57.5297,1.55979
1788,84.8993,78.1032,591.722,678.285,612.386,751.959,0,48.8145,36.0848,1.73922
1789,333.411,305.512,358.539,451.187,349.669,174.741,0,190.945,142.466,1.74611
1790,112.599,97.0582,235.407,276.347,248.924,184.998,0,60.6614,51.9375,1.85619
1791,11.1,10.046,260.512,190.383,252.956,183.819,0,6.27873,4.82128,1.76787
1792,170.601,187.999,519.133,221.985,648.302,190.872,0,117.499,53.1019,1.45193
1793,294.709,268.779,290.509,449.854,67.7204,404.834,0,167.987,126.722,1.75435
1794,104.699,115.843,279.164,738.632,311.967,818.228,0,72.4018,32.2972,1.44608
1795,158,162.859,492.704,115.118,653.568,129.582,0,101.787,56.2137,1.55227
1796,68.7995,67.7088,307.342,759.527,312.102,818.203,0,42.318,26.4816,1.62578
1797,127.199,124.952,378.14,230.487,355.544,174.411,0,78.095,49.1036,1.62877
1798,226.005,155.529,213.343,416.48,67.6753,405.626,0,97.2056,128.799,2.32502
1799,283.608,254.624,414.376,361.746,355.482,174.397,0,159.14,124.468,1.78213
1800,52.3998,68.2885,597.244,194.339,647.92,197.725,0,42.6803,9.71946,1.22773
1801,39.7,50.1717,561.683,757.671,611.163,754.908,0,31.3573,8.34266,1.26605
1802,7.99999,8.79414,602.416,756.389,611.062,755.167,0,5.49634,2.50366,1.45551
1803,46.6999,53.8523,404.373,183.234,355.928,173.634,0,33.6577,13.0422,1.38749
1804,131.099,153.481,525.57,178.838,648.594,190.793,0,95.9258,35.173,1.36667
1805,180.102,179.188,519.21,436.488,615.553,539.566,0,111.993,68.109,1.60816
1806,105.199,113.305,177.517,524.737,139.937,611.103,0,70.8155,34.3834,1.48554
1807,111.799,113.68,287.792,729.6,311.663,818.387,0,71.0497,40.7491,1.57353
1808,180.402,156.7,232.367,325.683,250.153,185.047,0,97.9377,82.4641,1.84201
1809,33.0001,41.3518,309.97,182.885,349.866,174.806,0,25.8448,7.15522,1.27685
1810,251.906,204.505,469.878,311.785,630.296,334.073,0,127.815,124.091,1.97086
1811,184.502,176.248,367.517,300.039,349.711,174.665,0,110.155,74.3473,1.67493
1812,218.404,264.536,254.185,541.44,139.691,611.136,0,165.335,53.0691,1.32098
1813,139.199,176.053,480.386,704.934,612.49,751.816,0,110.033,29.1662,1.26507
1814,116.299,94.5361,534.289,598.779,613.224,612.628,0,59.0851,57.2137,1.96833
1815,183.502,189.575,529.018,498.842,615.617,539.625,0,118.485,65.0173,1.54874
1816,131.099,141.545,547.168,445.883,615.598,539.58,0,88.4654,42.6334,1.48192
1817,0,0,633.453,336.195,633.453,336.195,0,0,0,0
1818,72.7995,75.2421,549.477,606.911,613.31,613.206,0,47.0263,25.7732,1.54806
1819,150.9,193.204,508.872,293.879,648.219,198.057,0,120.752,30.1477,1.24967
1820,140.399,135.566,161.749,478.669,139.482,611.254,0,84.7287,55.6707,1.65705
1821,58.1997,71.4247,593.908,192.482,648.022,197.861,0,44.6405,13.5592,1.30374
1822,132.299,119.086,262.055,634.196,144.735,616.125,0,74.4286,57.8703,1.77753
1823,126.199,117.834,469.65,180.774,356.148,173.36,0,73.6462,52.5524,1.71358
1824,93.6991,76.7074,589.266,360.438,630.253,334.147,0,47.9421,45.757,1.95442
1825,7.1,6.69491,600.828,807.896,607.062,810.323,0,4.18432,2.91568,1.69681
1826,205.903,150.892,213.866,409.268,67.6637,405.611,0,94.3077,111.596,2.18331
1827,92.7992,114.275,588.862,270.987,648.093,197.99,0,71.4219,21.3773,1.29931
1828,0,0,67.0205,406.008,67.0205,406.008,0,0,0,0
1829,84.9993,110.711,567.486,229.232,647.981,197.81,0,69.1943,15.805,1.22841
1830,139.299,131.793,312.825,268.772,349.575,174.588,0,82.3704,56.9289,1.69113
1831,330.711,281.248,395.374,402.436,349.851,174.677,0,175.78,154.931,1.88139
1832,344.412,242.292,464.096,470.139,604.403,538.783,1,151.432,192.979,2.27436
1833,323.311,309.323,364.849,449.46,349.692,174.641,0,193.327,129.984,1.67235
1834,126.199,121.539,456.482,157.7,355.483,174.417,0,75.9621,50.2366,1.66134
1835,210.504,142.252,177.479,437.448,67.6951,405.597,0,88.9073,121.596,2.36768
1836,107.099,114.781,190.694,536.129,140.083,611.061,0,71.7384,35.3606,1.49291
1837,48.2998,56.9351,405.148,158.12,355.701,174.343,0,35.5844,12.7154,1.35733
1838,154.9,148.685,177.683,480.932,139.508,611.185,0,92.9283,61.972,1.66688
1839,220.304,298.741,383.191,566.752,312.766,818.015,0,186.713,33.5911,1.17991
1840,235.705,204.565,282.38,369.997,249.877,185.063,0,127.853,107.852,1.84356
1841,34.6,35.1755,286.465,194.178,253.274,182.981,0,21.9847,12.6154,1.57383
1842,295.509,273.79,327.082,521.993,144.696,615.661,0,171.119,124.39,1.72692
1843,69.4995,76.2374,199.937,588.746,144.748,615.598,0,47.6484,21.8511,1.45859
1844,86.1993,77.0862,599.745,680.093,612.37,751.962,0,48.1789,38.0204,1.78915
1845,122.099,103.543,240.516,281.422,249.132,185.131,0,64.7143,57.3844,1.88673
1846,114.299,116.602,278.238,736.165,311.805,818.269,0,72.8761,41.4227,1.5684
1847,40.6,32.5631,279.328,202.257,252.446,184.032,0,20.352,20.248,1.99489
1848,92.7992,102.396,337.796,255.744,350.073,174.801,0,63.9972,28.802,1.45005
1849,208.604,192.162,509.219,419.563,630.269,334.144,0,120.101,88.5024,1.7369
1850,155.3,159.374,537.631,451.113,615.542,540.17,0,99.6086,55.6917,1.55911
1851,344.412,188.495,412.196,469.746,548.952,453.314,1,117.809,226.603,2.92347
1852,186.402,210.457,370.562,636.425,312.464,818.01,0,131.536,54.8665,1.41712
1853,255.406,187.905,508.479,532.623,613.317,613.044,0,117.441,137.966,2.17477
1854,229.505,212.975,385.956,331.917,349.856,174.673,0,133.109,96.3956,1.72418
1855,120.599,101.096,541.231,352.547,630.451,333.792,0,63.1851,57.4136,1.90866
1856,136.299,122.575,193.151,262.273,249.053,185.097,0,76.6097,59.6894,1.77914
1857,229.105,204.926,496.544,412.919,630.263,334.134,0,128.079,101.026,1.78878
1858,164.401,156.251,350.262,304.203,350.05,174.794,0,97.6571,66.7437,1.68345
1859,119.299,155.582,359.011,678.279,312.824,817.999,0,97.2391,22.0597,1.22686
1860,104.699,103.828,550.468,699.673,611.907,753.102,0,64.8923,39.8067,1.61343
1861,15.1,16.1603,267.02,191.394,252.982,183.645,0,10.1002,4.99984,1.49502
1862,100.199,97.5424,163.889,403.736,67.6574,404.852,0,60.964,39.235,1.64358
1863,114.299,105.566,456.179,178.891,356.196,173.432,0,65.9789,48.3199,1.73235
1864,231.705,151.619,490.774,168.411,356.187,173.371,0,94.7617,136.943,2.44513
1865,132.699,106.491,166.99,385.386,67.6354,404.812,0,66.557,66.1419,1.99376
1866,218.404,174.242,509.263,325.172,630.342,334.138,0,108.901,109.503,2.00553
1867,18.6,22.3839,137.661,642.89,139.963,620.88,0,13.9899,4.6101,1.32953
1868,73.3995,81.722,558.061,333.09,630.41,333.829,0,51.0763,22.3232,1.43706
1869,68.8995,63.3952,304.932,763.421,311.397,818.461,0,39.622,29.2775,1.73892
1870,288.908,229.757,404.216,332.36,350.012,174.818,0,143.598,145.31,2.01192
1871,221.504,190.723,285.27,569.693,144.811,616.174,0,119.202,102.303,1.85823
1872,10.3,11.9617,367.572,173.959,355.939,173.604,0,7.47605,2.82395,1.37773
1873,51.5998,64.3453,205.189,632.023,144.651,615.563,0,40.2158,11.384,1.28307
1874,118.499,132.077,278.48,723.703,311.531,818.368,0,82.5483,35.9504,1.43551
1875,215.004,169.079,177.21,302.993,248.192,184.658,0,105.675,109.329,2.03458
1876,169.001,186.241,479.925,126.092,653.514,129.956,0,116.4,52.6006,1.45189
1877,37.5,41.5061,142.452,569.855,139.921,611.138,0,25.9413,11.5587,1.44557
1878,147.3,125.832,213.382,303.71,248.65,184.881,0,78.6449,68.6549,1.87297
1879,161.601,145.041,550.163,406.881,630.327,334.146,0,90.6509,70.9498,1.78267
1880,168.301,168.68,283.997,672.428,144.799,616.098,0,105.425,62.8758,1.5964
1881,65.8996,68.614,593.479,148.427,653.618,130.381,0,42.8837,23.0158,1.5367
1882,101.599,109.929,249.14,637.753,144.758,616.198,0,68.7058,32.8932,1.47875
1883,162.101,164.865,548.997,425.346,615.669,539.708,0,103.041,59.0601,1.57317
1884,148.5,110.618,223.016,290.015,248.518,184.777,0,69.1361,79.3637,2.14793
1885,18.3,18.6979,597.738,796.49,607.1,810.005,0,11.6862,6.61384,1.56595
1886,210.804,235.701,490.965,503.536,615.716,540.52,0,147.313,63.4905,1.43099
1887,121.499,112.393,163.586,377.319,67.6905,404.801,0,70.2458,51.2529,1.72962
1888,36,45.9335,316.319,775.554,312.298,818.059,0,28.7084,7.29159,1.25399
1889,125.799,120.101,169.825,504.312,139.504,611.207,0,75.0632,50.7355,1.6759
1890,45.2999,50.2463,405.87,173.708,356.052,173.61,0,31.404,13.8959,1.44249
1891,156.8,179.283,234.735,513.462,140.27,611.193,0,112.052,44.7482,1.39935
1892,87.3992,113.751,586.727,271.687,647.981,197.921,0,71.0947,16.3046,1.22934
1893,5.7,5.60863,354.601,180.816,353.148,175.4,0,3.50539,2.1946,1.62607
1894,107.199,81.7838,589.923,360.453,630.357,334.507,0,51.1149,56.084,2.09722
1895,71.1995,90.2001,560.255,512.041,615.671,540.524,0,56.3751,14.8244,1.26296
1896,34.1001,30.9006,601.841,591.146,613.335,612.46,0,19.3129,14.7872,1.76566
1897,339.912,323.085,389.104,444.126,349.779,174.642,0,201.928,137.983,1.68333
1898,104.699,134.836,350.084,691.513,312.848,817.979,0,84.2724,20.4266,1.24239
1899,44.0999,63.3895,327.779,757.015,312.851,817.955,0,39.6185,4.48143,1.11311
1900,269.107,212.438,473.97,405.708,630.361,334.054,0,132.774,136.333,2.02681
1901,309.81,252.003,449.876,460.474,615.63,539.633,0,157.502,152.308,1.96702
1902,205.003,259.161,331.579,390.091,251.69,184.291,0,161.976,43.0275,1.26564
1903,139.199,140.207,533.675,143.612,653.473,130.249,0,87.6293,51.57,1.5885
1904,117.399,142.057,545.93,179.043,647.783,191.517,0,88.7858,28.613,1.32227
1905,9.2,9.80694,601.642,752.719,611.204,754.847,0,6.12934,3.07066,1.50098
1906,122.399,129.015,304.703,288.015,250.789,184.713,0,80.6343,41.7644,1.51795
1907,159.201,141.074,305.067,301.238,251.252,184.504,0,88.1711,71.0294,1.80559
1908,167.001,138.555,172.914,355.669,67.667,404.804,0,86.5966,80.4043,1.92849
1909,177.102,146.089,446.74,246.454,356.222,173.434,0,91.3055,85.7961,1.93966
1910,167.201,130.793,522.662,647.443,613.254,612.408,0,81.7455,85.4555,2.04538
1911,344.412,268.52,424.401,556.329,574.356,617.822,1,167.825,176.587,2.05221
1912,47.4998,58.8311,559.961,773.4,611.153,754.936,0,36.7694,10.7304,1.29183
1913,28.1001,28.5931,85.0024,421.355,67.7314,405.561,0,17.8707,10.2294,1.57241
1914,48.1998,60.1586,408.637,137.763,405.856,78.1619,0,37.5991,10.6007,1.28194
1915,203.303,171.158,232.586,343.319,250.183,185.048,0,106.974,96.3292,1.90049
1916,279.208,218.134,479.472,413.142,630.319,334.116,0,136.334,142.874,2.04797
1917,290.309,247.912,434.379,348.352,356.237,173.437,0,154.945,135.363,1.87362
1918,44.0999,54.1595,147.417,558.18,139.865,611.055,0,33.8497,10.2502,1.30282
1919,139.599,145.304,390.47,224.064,355.471,174.407,0,90.8151,48.7842,1.53718
1920,62.6996,64.6398,306.931,761.74,311.954,818.188,0,40.3999,22.2997,1.55197
1921,63.4996,63.1796,596.511,173.526,648.661,190.79,0,39.4873,24.0123,1.6081
1922,67.1995,85.688,234.615,727.223,153.197,701.515,0,53.555,13.6445,1.25478
1923,37.2,38.2507,573.657,755.708,611.176,754.781,0,23.9067,13.2933,1.55605
1924,0,0,139.861,613.079,139.861,613.079,0,0,0,0
1925,262.507,204.171,492.712,415.397,630.326,334.075,0,127.607,134.9,2.05715
1926,171.201,154.142,218.518,390.953,67.6727,404.802,0,96.3386,74.8627,1.77708
1927,35.5,36.4972,145.775,656.67,149.678,693.173,0,22.8108,12.6893,1.55628
1928,120.899,118.593,260.917,636.528,144.815,616.184,0,74.1204,46.7783,1.63111
1929,181.602,176.809,370.704,307.075,349.688,174.733,0,110.505,71.0964,1.64337
1930,190.702,181.74,428.942,304.102,355.615,174.447,0,113.587,77.115,1.6789
1931,170.001,219.564,503.577,253.22,647.885,197.776,0,137.228,32.7734,1.23882
1932,10.8,12.0807,618.538,335.515,630.291,334.243,0,7.55041,3.24959,1.43039
1933,110.799,104.291,515.977,600.524,613.165,612.615,0,65.182,45.6169,1.69984
1934,333.911,348.867,364.519,477.836,144.802,616.037,0,218.042,115.869,1.53141
1935,231.105,145.73,150.128,440.822,67.7475,405.629,0,91.0812,140.024,2.53735
1936,76.7994,72.5883,414.704,198.564,355.562,174.35,0,45.3677,31.4317,1.69282
1937,26.2001,31.0415,623.018,134.135,653.497,130.033,0,19.401,6.79911,1.35045
1938,200.203,142.903,480.921,166.092,356.086,173.475,0,89.3141,110.889,2.24156
1939,134.499,154.151,529.001,210.878,648.659,190.808,0,96.3441,38.1549,1.39603
1940,75.6994,86.6514,577.092,150.402,653.536,130.206,0,54.1571,21.5423,1.39777
1941,0,0,614.504,613.325,614.504,613.325,0,0,0,0
1942,151.8,160.594,387.738,209.788,355.602,174.437,0,100.371,51.4289,1.51239
1943,344.412,43.2246,466.143,326.572,466.669,326.866,1,27.0154,317.396,12.7487
1944,85.9993,87.5115,247.061,779.956,310.744,818.763,0,54.6947,31.3046,1.57235
1945,155.9,157.688,280.98,660.944,144.8,616.198,0,98.5548,57.3455,1.58186
1946,40.7,33.4014,100.609,401.915,67.7103,404.81,0,20.8758,19.8241,1.94962
1947,54.2997,65.0685,603.407,250.147,635.964,282.332,0,40.6678,13.6319,1.3352
1948,1.5,0.728262,149.239,703.588,149.358,702.87,0,0.455164,1.04484,3.29552
1949,41.2999,54.2281,312.111,771.875,312.038,818.206,0,33.8925,7.4074,1.21856
1950,178.902,214.648,413.033,665.657,313.28,818.255,0,134.155,44.747,1.33355
1951,24.6001,27.6008,299.489,800.154,311.849,818.317,0,17.2505,7.34956,1.42605
1952,276.308,235.436,457.991,436.272,615.628,539.687,0,147.148,129.16,1.87776
1953,29.0001,29.3298,83.0639,422.079,67.6943,405.585,0,18.3312,10.6689,1.58201
1954,102.599,97.3355,164.22,397.507,67.6919,404.844,0,60.8347,41.7643,1.68652
1955,19.3,21.4985,250.423,206.534,249.441,185.153,0,13.4366,5.86349,1.43638
1956,119.799,135.356,117.219,499.998,67.6783,405.481,0,84.5976,35.2011,1.4161
1957,102.999,100.163,451.531,179.513,356.057,173.566,0,62.602,40.397,1.6453
1958,290.309,242.665,484.898,483.332,615.669,540.287,0,151.665,138.643,1.91414
1959,96.2991,126.223,519.763,736.691,611.098,755.198,0,78.8895,17.4096,1.22068
1960,213.504,142.202,225.728,313.408,248.703,184.93,0,88.8763,124.628,2.40226
1961,136.899,117.557,170.031,375.835,67.6808,404.836,0,73.4731,63.426,1.86326
1962,70.7995,79.8833,580.919,348.34,630.469,333.818,0,49.927,20.8725,1.41806
1963,39,50.2365,616.131,250.957,636.008,282.533,0,31.3978,7.60219,1.24213
1964,20.5,26.8646,625.351,211.055,648.24,198.127,0,16.7904,3.70964,1.22094
1965,135.899,131.618,333.853,275.667,349.68,174.626,0,82.2615,53.6376,1.65204
1966,59.0997,59.42,555.719,615.997,613.251,612.381,0,37.1375,21.9622,1.59138
1967,159.601,119.903,161.734,426.025,67.7051,405.601,0,74.9392,84.6613,2.12973
1968,286.008,233.52,236.948,456.194,67.7213,405.579,0,145.95,140.058,1.95963
1969,114.999,115.984,248.093,643.641,144.824,615.827,0,72.4902,42.5086,1.58641
1970,145.5,112.466,179.02,401.363,67.6747,404.886,0,70.2915,75.2081,2.06995
1971,254.106,199.054,471.045,540.511,613.348,612.49,0,124.409,129.698,2.04251
1972,17.7,21.7688,377.153,178.481,355.857,173.989,0,13.6055,4.09456,1.30095
1973,107.499,105.745,264.651,287.902,249.87,185.129,0,66.0907,41.4083,1.62654
1974,108.199,119.021,343.35,271.669,349.852,174.799,0,74.3882,33.8107,1.45452
1975,7.1,7.15638,352.078,182.798,352.363,175.696,0,4.47274,2.62726,1.58739
1976,344.412,60.159,450.516,237.89,450.05,237.752,1,37.5994,306.812,9.16004
1977,59.2997,60.8778,595.662,694.549,612.296,752.078,0,38.0486,21.251,1.55852
1978,127.099,167.631,408.858,706.81,313.649,818.259,0,104.77,22.329,1.21312
1979,23.6001,25.4613,594.082,551.534,617.138,543.499,0,15.9133,7.68677,1.48304
1980,58.5997,66.3418,267.685,785.872,311.215,818.602,0,41.4636,17.1361,1.41328
1981,344.412,90.315,444.439,331.819,444.47,331.693,1,56.4469,287.965,6.10152
1982,316.01,278.442,285.733,455.499,67.7377,405.633,0,174.026,141.984,1.81588
1983,250.406,242.953,311.837,385.05,248.685,184.927,0,151.846,98.5602,1.64908
1984,242.106,166.246,485.179,662.188,613.334,613.186,0,103.904,138.202,2.33009
1985,284.008,260.981,294.846,424.46,67.6959,404.84,0,163.113,120.895,1.74117
1986,177.302,202.098,526.01,509.838,615.592,540.404,0,126.311,50.9906,1.40369
1987,344.412,258.171,398.882,520.927,581.424,456.934,1,161.357,183.055,2.13448
1988,92.0992,111.332,94.2922,482.285,67.7381,405.585,0,69.5823,22.5169,1.3236
1989,215.204,267.882,286.169,506.661,139.93,611.171,0,167.426,47.7777,1.28537
1990,64.5996,62.5902,128.544,395.354,67.6833,404.801,0,39.1189,25.4807,1.65137
1991,307.51,263.917,287.925,443.328,67.7499,405.637,0,164.948,142.562,1.86428
1992,144.2,129.508,429.104,249.261,356.147,173.222,0,80.9428,63.2568,1.7815
1993,141.899,158.894,536.811,447.49,615.614,540.315,0,99.3086,42.5909,1.42887
1994,305.009,237.139,463.806,457.32,615.514,539.878,0,148.212,156.798,2.05793
1995,102.199,97.8266,557.827,315.834,630.422,333.674,0,61.1416,41.0574,1.67151
1996,93.0992,90.7685,159.734,542.286,139.61,611.258,0,56.7303,36.3688,1.64108
1997,321.61,310.176,386.21,434.378,349.719,174.717,0,193.86,127.75,1.65898
1998,222.404,180.807,507.277,313.247,630.32,334.049,0,113.004,109.4,1.96811
1999,262.507,198.508,498.468,243.495,356.228,173.414,0,124.067,138.439,2.11584
2000,168.201,175.377,517.252,438.637,615.538,539.752,0,109.61,58.5907,1.53454
2001,126.099,132.155,533.159,139.436,653.573,129.67,0,82.5968,43.5018,1.52668
2002,24.5001,28.2313,582.827,804.683,607.005,810.254,0,17.6446,6.8555,1.38853
2003,133.099,146.185,142.172,465.177,67.6872,405.6,0,91.3654,41.7335,1.45678
2004,9.3,10.4651,620.29,335.49,630.423,333.849,0,6.54071,2.75929,1.42186
2005,249.406,200.894,214.334,455.491,67.6925,405.591,0,125.559,123.847,1.98637
2006,80.7993,88.7524,302.323,224.916,349.971,174.807,0,55.4702,25.3291,1.45662
2007,55.4997,49.4116,589.734,644.922,613.307,613.204,0,30.8822,24.6175,1.79714
2008,330.311,215.298,452.793,681.267,613.34,613.131,0,134.561,195.75,2.45473
2009,110.399,116.553,192.531,533.335,140.086,611.107,0,72.8457,37.5532,1.51552
2010,26.4001,32.1658,602.107,568.954,616.316,542.049,0,20.1036,6.29647,1.3132
2011,19.3,19.3592,270.993,189.259,253.23,183.418,0,12.0995,7.20052,1.59511
2012,55.2997,77.3373,327.505,744.086,312.775,818.03,0,48.3358,6.96391,1.14407
2013,143,136.533,224.702,586.822,144.684,615.651,0,85.3334,57.6661,1.67577
2014,131.299,119.084,525.446,361.695,630.267,334.057,0,74.4274,56.8715,1.76412
2015,106.599,88.0192,544.567,597.202,613.195,612.751,0,55.012,51.5869,1.93774
2016,79.4994,94.6162,237.657,630.635,144.825,616.172,0,59.1351,20.3643,1.34437
2017,28.2001,37.7565,612.291,180.79,647.894,191.673,0,23.5978,4.60227,1.19503
2018,305.009,292.676,264.367,478.389,67.608,405.66,0,182.923,122.087,1.66742
2019,259.007,220.605,453.71,336.853,355.543,174.449,0,137.878,121.128,1.87852
2020,185.802,170.132,464.929,575.912,613.311,612.389,0,106.333,79.4696,1.74737
2021,145.9,142.067,363.789,269.781,349.502,174.629,0,88.792,57.1077,1.64316
2022,344.412,250.321,378.573,513.562,552.594,453.357,1,156.45,187.961,2.20141
2023,11.3,12.6048,410.88,89.6725,407.668,77.4842,0,7.878,3.42201,1.43438
2024,21.2,26.4099,623.798,208.672,647.959,197.999,0,16.5062,4.69384,1.28437
2025,12.1,14.3432,403.224,92.2667,405.981,78.2135,0,8.96452,3.13549,1.34977
2026,53.7998,56.7032,602.054,166.579,647.588,191.889,0,35.4395,18.3602,1.51807
2027,91.2992,92.5442,561.143,127.085,653.622,130.253,0,57.8401,33.4591,1.57847
2028,51.2998,64.3088,419.252,139.528,405.861,78.1877,0,40.193,11.1068,1.27634
2029,344.412,247.821,457.917,466.553,610.736,541.193,1,154.888,189.524,2.22362
2030,42.1999,54.1664,577.423,338.858,630.375,334.118,0,33.854,8.3459,1.24653
2031,299.309,253.469,291.303,431.412,67.724,405.565,0,158.418,140.891,1.88936
2032,344.412,231.976,441.753,508.267,590.938,484.753,1,144.985,199.427,2.3755
2033,199.803,200.309,224.181,474.045,140.146,611.069,0,125.193,74.6098,1.59596
2034,172.901,153.113,299.157,311.341,250.716,184.817,0,95.6956,77.2057,1.80678
2035,120.799,117.787,469.324,180.274,356.162,173.43,0,73.6171,47.1816,1.64091
2036,112.099,103.865,162.246,386.24,67.693,404.837,0,64.9157,47.1831,1.72684
2037,66.0996,84.1514,221.591,680.774,149.686,693.281,0,52.5946,13.5049,1.25677
2038,172.001,147.451,438.479,260.399,356.167,173.403,0,92.1571,79.8442,1.86639
2039,293.409,246.613,447.717,395.07,630.305,334.133,0,154.133,139.276,1.90361
2040,225.105,156.142,498.217,171.341,356.202,173.37,0,97.589,127.516,2.30666
2041,37.3,48.6429,591.961,709.371,612.121,752.623,0,30.4018,6.8982,1.2269
2042,230.605,291.472,332.741,422.087,251.212,184.546,0,182.17,48.435,1.26588
2043,118.499,120.625,179.576,259.811,248.555,184.886,0,75.3906,43.1082,1.5718
2044,246.006,226.749,351.966,361.193,349.916,174.772,0,141.718,104.288,1.73588
2045,192.403,223.091,421.928,706.795,313.1,818.1,0,139.432,52.9706,1.3799
2046,85.8993,93.471,155.469,520.114,139.595,611.251,0,58.4194,27.4799,1.47039
2047,2.4,1.55561,351.808,164.396,352.178,165.905,0,0.972254,1.42775,2.46849
2048,77.1994,84.6118,177.491,553.549,140.032,611.16,0,52.8824,24.317,1.45983
2049,163.301,181.057,185.494,519.958,140.318,611.215,0,113.161,50.1402,1.44309
2050,108.999,118.011,536.766,703.266,612.124,752.672,0,73.7569,35.242,1.47781
2051,39.2,49.1989,581.618,338.054,630.252,334.104,0,30.7493,8.45069,1.27483
2052,33.7001,35.3848,286.957,191.232,253.544,182.644,0,22.1155,11.5845,1.52382
2053,25.9001,29.6323,604.925,567.206,616.766,542.872,0,18.5202,7.37986,1.39848
2054,30.8001,37.1636,617.274,136.903,653.471,130.025,0,23.2273,7.57281,1.32603
2055,11.7,14.6491,339.027,184.494,349.751,174.73,0,9.1557,2.54431,1.27789
2056,25.1001,28.6663,151.309,590.703,139.934,611.171,0,17.9164,7.18362,1.40095
2057,266.307,234.321,410.594,342.968,355.54,174.439,0,146.45,119.857,1.81841
2058,78.8994,103.788,571.949,235.119,648.103,198.017,0,64.8675,14.0318,1.21632
2059,117.999,110.879,252.971,633.466,144.741,615.728,0,69.2995,48.6993,1.70274
2060,53.7998,66.5347,559.168,790.252,606.669,811.301,0,41.5842,12.2156,1.29376
2061,206.903,145.277,201.446,414.772,67.7207,405.614,0,90.7981,116.105,2.27872
2062,119.699,145.031,526.9,191.077,647.693,191.698,0,90.6442,29.0545,1.32053
2063,237.705,188.502,283.037,574.052,144.727,615.603,0,117.814,119.892,2.01764
2064,265.807,238.157,458.9,432.967,615.587,539.633,0,148.848,116.959,1.78576
2065,300.609,227.948,483.664,515.175,613.311,613.212,0,142.468,158.141,2.11002
2066,110.299,130.918,553.86,453.759,615.605,540.273,0,81.8238,28.4751,1.348
2067,100.299,124.313,302.038,282.136,250.584,184.828,0,77.6959,22.6032,1.29092
2068,302.609,248.717,436.715,354.09,356.265,173.202,0,155.448,147.161,1.94669
2069,289.908,282.332,300.405,451.721,67.5248,404.461,0,176.457,113.451,1.64294
2070,137.299,139.153,585.35,386.05,630.29,334.136,0,86.9708,50.3284,1.57868
2071,211.704,155.182,159.927,457.79,67.6334,405.583,0,96.9889,114.715,2.18276
2072,78.9994,81.9906,265.773,263.57,250.392,184.918,0,51.2441,27.7552,1.54163
2073,23.7001,18.8704,266.52,197.112,252.391,184.028,0,11.794,11.9061,2.0095
2074,210.904,181.506,299.799,335.637,250.69,184.834,0,113.441,97.4624,1.85914
2075,88.2992,96.9749,207.112,570.201,144.715,615.637,0,60.6093,27.6899,1.45686
2076,121.999,135.677,141.138,477.076,67.7284,405.543,0,84.7979,37.2008,1.4387
2077,129.199,87.907,542.497,636.42,613.276,613.199,0,54.9418,74.2568,2.35155
2078,0,0,611.712,808.229,611.712,808.229,0,0,0,0
2079,101.899,133.905,349.223,692.203,313.249,818.198,0,83.6904,18.2086,1.21757
2080,182.502,204.43,519.563,507.783,615.498,539.98,0,127.769,54.7333,1.42838
2081,284.708,241.548,463.591,462.807,615.605,540.283,0,150.968,133.74,1.88589
2082,89.8992,79.111,431.173,177.171,356.212,173.225,0,49.4444,40.4548,1.81819
2083,163.401,183.363,515.143,193.251,647.583,191.962,0,114.602,48.7988,1.42581
2084,151.8,149.257,280.764,648.97,144.643,616.238,0,93.2856,58.5144,1.62726
2085,163.901,147.232,181.653,350.534,67.6784,404.809,0,92.0197,71.8811,1.78115
2086,138.299,126.595,465.007,194.059,356.25,173.347,0,79.1221,59.1772,1.74792
2087,22,28.2928,601.338,523.217,615.565,540.22,0,17.683,4.31702,1.24413
2088,83.4993,88.4255,563.924,361.892,630.333,333.899,0,55.266,28.2333,1.51086
2089,59.3997,73.6687,217.206,626.4,144.724,615.919,0,46.043,13.3567,1.29009
2090,52.3998,51.3956,602.534,132.214,653.587,129.654,0,32.1222,20.2775,1.63126
2091,142.9,140.04,349.593,289.428,349.861,174.772,0,87.5251,55.3745,1.63267
2092,210.704,150.617,489.529,164.496,356.197,173.441,0,94.1354,116.568,2.23831
2093,175.602,131.222,520.565,646.334,613.321,613.226,0,82.0135,93.588,2.14113
2094,37.7,49.7478,603.003,213.933,648.218,197.98,0,31.0924,6.60763,1.21252
2095,317.61,288.212,335.108,510.046,144.739,615.698,0,180.132,137.478,1.7632
2096,134.799,105.454,233.116,285.933,248.906,185.037,0,65.9085,68.8905,2.04525
2097,309.41,247.08,451.391,442.979,615.598,540.293,0,154.425,154.985,2.00362
2098,55.6997,57.411,602.821,165.466,647.698,191.786,0,35.8819,19.8178,1.55231
2099,149.4,123.003,457.393,156.684,356.222,173.441,0,76.8768,72.5231,1.94337
2100,306.509,223.267,470.304,365.706,630.334,334.089,0,139.542,166.967,2.19654
2101,224.705,169.821,505.436,391.672,630.379,334.136,0,106.138,118.566,2.11709
2102,139.499,165.003,293.44,697.691,149.552,693.238,0,103.127,36.3722,1.35269
2103,76.1994,104.603,295.431,259.724,250.495,184.789,0,65.3769,10.8226,1.16554
2104,239.005,224.303,351.135,359.52,349.737,174.714,0,140.189,98.8162,1.70488
2105,305.109,252.252,467.073,502.73,613.271,612.542,0,157.658,147.452,1.93526
2106,67.0995,71.6893,414.234,146.253,356.091,173.581,0,44.8058,22.2938,1.49756
2107,105.699,98.0789,162.803,405.721,67.6746,404.935,0,61.2993,44.3997,1.72431
2108,92.7992,88.6397,284.939,754.951,311.457,818.413,0,55.3998,37.3993,1.67508
2109,219.804,237.215,485.881,504.764,615.566,540.239,0,148.259,71.545,1.48257
2110,64.6996,84.6674,331.692,736.12,312.792,817.964,0,52.9171,11.7825,1.22266
2111,292.009,251.999,318.316,545.583,144.716,615.684,0,157.499,134.509,1.85403
2112,250.806,222.676,259.379,421.745,67.5652,404.746,0,139.173,111.633,1.80212
2113,90.3992,103.676,293.721,735.945,312.191,818.217,0,64.7972,25.602,1.39511
2114,191.202,191.597,344.905,329.965,349.552,174.612,0,119.748,71.4546,1.59671
2115,122.799,118.367,436.582,226.515,356.216,173.413,0,73.9793,48.8194,1.65991
2116,273.607,264.862,294.303,422.185,67.6023,404.55,0,165.539,108.069,1.65283
2117,127.299,141.451,607.594,446.6,615.622,539.615,0,88.407,38.8916,1.43992
2118,34.5,46.4189,581.353,726.435,612.252,752.385,0,29.0118,5.48821,1.18917
2119,171.501,173.959,533.133,482.921,615.666,539.646,0,108.725,62.7767,1.57739
2120,189.102,180.892,353.839,325.321,349.632,174.566,0,113.058,76.0447,1.67262
2121,80.7993,85.3036,540.404,603.159,613.258,613.154,0,53.3147,27.4846,1.51552
2122,220.804,185.009,292.521,343.781,250.447,184.833,0,115.631,105.174,1.90956
2123,178.602,143.411,516.459,569.185,613.315,612.379,0,89.6316,88.9701,1.99262
2124,305.709,215.931,467.417,376.431,630.351,334.139,0,134.957,170.753,2.26524
2125,6.5,4.99378,141.178,606.227,140.21,611.175,0,3.12111,3.37888,2.08259
2126,101.999,120.346,89.7072,483.708,67.6394,405.455,0,75.216,26.783,1.35608
2127,311.01,280.448,405.969,396.843,349.711,174.709,0,175.28,135.73,1.77436
2128,6.7,6.80338,599.651,810.158,606.169,812.098,0,4.25211,2.44789,1.57569
2129,344.412,245.732,405.951,524.867,577.765,450.84,1,153.583,190.829,2.24252
2130,55.6997,44.7837,221.044,212.379,248.112,184.663,0,27.9898,27.7099,1.99
2131,219.804,175.213,448.806,277.847,356.15,173.376,0,109.508,110.296,2.00719
2132,213.904,258.439,393.637,632.497,312.763,818.03,0,161.524,52.3797,1.32428
2133,35.5,37.8806,393.028,170.307,356.006,173.603,0,23.6753,11.8247,1.49945
2134,344.412,219.345,452.631,696.086,600.412,612.988,1,137.091,207.321,2.51229
2135,77.6994,108.975,584.195,267.584,647.865,197.701,0,68.1093,9.59007,1.1408
2136,1.7,0.87034,605.854,814.795,606.67,814.492,0,0.543963,1.15604,3.12522
2137,224.104,182.007,278.963,350.928,249.434,185.2,0,113.754,110.35,1.97007
2138,35.1,44.7521,608.061,215.576,648.384,198.134,0,27.9701,7.12997,1.25491
2139,267.007,212.121,422.816,319.98,356.205,173.35,0,132.575,134.432,2.014
2140,60.0997,58.712,601.341,175.419,647.58,191.962,0,36.695,23.4047,1.63782
2141,72.2995,77.482,188.525,211.499,248.207,184.688,0,48.4262,23.8732,1.49298
2142,118.199,103.078,560.275,320.279,630.454,333.794,0,64.4235,53.7753,1.83472
2143,326.911,270.938,463.212,491.733,613.168,612.564,0,169.336,157.574,1.93054
2144,81.1993,78.9937,430.292,179.382,355.596,174.411,0,49.3711,31.8283,1.64467
2145,303.509,242.397,514.039,475.785,615.596,540.233,0,151.498,152.011,2.00339
2146,61.4996,68.0126,407.939,147.553,355.776,174.306,0,42.5079,18.9918,1.44678
2147,344.412,318.99,446.459,528.946,577.69,617.162,1,199.369,145.043,1.72751
2148,203.003,214.274,604.012,385.021,615.617,539.646,0,133.921,69.0822,1.51584
2149,76.4994,84.392,542.45,602.205,613.231,612.669,0,52.745,23.7544,1.45036
2150,34.5,38.7056,407.45,116.313,405.882,78.1556,0,24.191,10.3091,1.42615
2151,89.2992,92.7422,557.021,321.862,630.381,333.848,0,57.9639,31.3353,1.5406
2152,22,28.0742,285.62,809.483,312.007,818.221,0,17.5464,4.45369,1.25382
2153,102.699,112.318,361.23,231.115,349.832,174.722,0,70.1986,32.5004,1.46298
2154,0.8,0.237318,611.733,752.681,611.956,752.762,0,0.148324,0.651676,5.39361
2155,34.1001,35.6522,390.978,178.704,356.01,173.606,0,22.2826,11.8174,1.53034
2156,160.901,119.457,538.172,659.064,613.32,612.399,0,74.6608,86.2399,2.15509
2157,262.307,230.334,427.093,335.886,355.531,174.446,0,143.959,118.348,1.8221
2158,299.109,276.136,320.338,518.373,144.842,616.142,0,172.585,126.524,1.73311
2159,179.002,227.201,496.271,260.336,647.964,198.027,0,142.001,37.001,1.26057
2160,98.1991,122.373,552.805,191.405,647.731,191.841,0,76.4831,21.7159,1.28393
2161,203.103,248.4,395.753,645.903,312.656,817.996,0,155.25,47.8535,1.30824
2162,114.899,142.268,273.29,694.973,149.6,693.191,0,88.9176,25.9813,1.29219
2163,62.9996,64.9625,589.324,126.582,653.644,130.378,0,40.6016,22.398,1.55165
2164,111.399,105.697,163.012,511.71,140.126,611.073,0,66.0607,45.3382,1.68631
2165,299.409,251.622,434.312,391.846,630.28,334.147,0,157.264,142.145,1.90386
2166,70.9995,66.5194,294.793,768.999,311.323,818.51,0,41.5746,29.4249,1.70776
2167,66.9995,70.3477,551.444,741.05,611.919,753.1,0,43.9673,23.0322,1.52385
2168,238.305,238.934,308.494,383.901,250.051,184.991,0,149.334,88.9718,1.59579
2169,268.707,321.75,320.957,481.539,139.895,611.199,0,201.094,67.6135,1.33623
2170,190.902,237.759,323.591,377.831,251.615,184.387,0,148.599,42.3032,1.28468
2171,11,13.453,122.346,614.112,135.791,614.34,0,8.40815,2.59186,1.30826
2172,163.101,166.504,500.98,137.681,653.554,129.803,0,104.065,59.0355,1.56729
2173,344.412,230.103,397.321,454.35,580.055,454.173,1,143.814,200.598,2.39484
2174,111.499,112.204,258.144,293.426,250.113,185.043,0,70.1273,41.3716,1.58995
2175,344.412,185.511,494.542,682.924,596.257,612.453,1,115.945,228.467,2.97049
2176,121.299,151.296,282.703,705.028,311.559,818.395,0,94.5601,26.7386,1.28277
2177,33.3001,35.4388,575.86,819.294,602.368,833.265,0,22.1492,11.1508,1.50344
2178,292.409,249.39,444.462,441.039,615.511,540.171,0,155.869,136.54,1.87599
2179,66.3996,62.7379,203.188,214.643,249.018,184.993,0,39.2112,27.1883,1.69338
2180,242.206,260.373,347.799,565.874,144.849,616.101,0,162.733,79.4725,1.48836
2181,65.5996,67.6442,264.696,250.288,249.819,185.125,0,42.2776,23.322,1.55164
2182,112.899,143.295,264.931,666.346,149.551,693.277,0,89.5595,23.3394,1.2606
2183,208.003,160.137,181.853,308.801,248.267,184.843,0,100.086,107.918,2.07826
2184,63.8996,77.877,211.457,679.598,149.415,693.27,0,48.6731,15.2265,1.31283
2185,279.608,324.972,323.217,491.406,139.904,611.146,0,203.108,76.5003,1.37665
2186,109.399,146.708,316.523,695.734,312.653,817.954,0,91.6922,17.7067,1.19311
2187,193.403,158.306,191.531,344.169,67.8091,405.231,0,98.941,94.4616,1.95473
2188,284.508,233.551,465.101,254.829,355.556,174.43,0,145.969,138.539,1.9491
2189,282.708,325.282,324.292,482.352,139.942,611.072,0,203.301,79.4068,1.39059
2190,42.9999,53.5849,266.995,235.135,250.284,184.93,0,33.4906,9.50937,1.28394
2191,206.403,171.019,507.693,389.668,630.321,334.141,0,106.887,99.5165,1.93105
2192,183.102,140.968,480.596,168.649,356.154,173.202,0,88.1049,94.9971,2.07823
2193,208.104,164.677,276.652,596.881,144.682,615.604,0,102.923,105.18,2.02193
2194,21.3,23.4088,606.669,561.72,617.019,543.533,0,14.6305,6.66952,1.45586
2195,261.407,314.977,314.364,488.059,139.887,611.128,0,196.861,64.5459,1.32788
2196,306.609,285.57,266.28,470.296,67.6582,404.817,0,178.481,128.128,1.71788
2197,55.8997,39.9161,229.392,217.528,248.891,184.984,0,24.9476,30.9522,2.24069
2198,318.61,201.108,450.126,655.131,613.181,613.005,0,125.693,192.918,2.53484
2199,202.503,188.772,299.765,326.665,251.304,184.467,0,117.982,84.5209,1.71639
2200,286.808,235.349,464.362,343.965,356.17,173.331,0,147.093,139.715,1.94984
2201,68.3995,85.8717,533.404,779.479,611.074,755.232,0,53.6698,14.7297,1.27445
2202,74.8994,74.8038,420.069,146.803,356.105,173.61,0,46.7524,28.1471,1.60205
2203,341.712,228.064,414.816,641.701,613.254,613.209,0,142.54,199.172,2.39731
2204,58.6997,72.9379,592.73,191.172,647.826,197.563,0,45.5862,13.1135,1.28766
2205,13,14.943,634.539,204.354,647.89,197.842,0,9.33938,3.66063,1.39196
2206,109.599,133.266,526.628,736.774,611.098,755.173,0,83.2915,26.3074,1.31585
2207,81.2993,109.691,568.137,229.469,647.986,198.038,0,68.5571,12.7422,1.18586
2208,102.699,107.45,547.224,122.188,653.561,129.874,0,67.1563,35.5427,1.52925
2209,25.5001,33.8793,265.366,215.302,252.265,184.113,0,21.1746,4.32547,1.20428
2210,171.401,149.375,477.602,586.402,613.338,612.412,0,93.3591,78.0421,1.83593
2211,74.2994,101.827,237.356,709.632,152.535,701.765,0,63.6417,10.6578,1.16747
2212,168.801,181.862,183.912,521.844,140.259,611.194,0,113.664,55.1371,1.48509
2213,161.501,153.728,162.793,461.299,139.512,611.262,0,96.08,65.4206,1.6809
2214,107.699,97.6164,544.19,589.06,613.251,612.599,0,61.0103,46.6887,1.76526
2215,88.6992,87.0494,541.756,634.188,613.25,612.682,0,54.4059,34.2933,1.63032
2216,5,4.93906,631.239,283.869,635.859,282.131,0,3.08691,1.91308,1.61974
2217,29.5001,30.8317,141.55,664.363,149.338,693.346,0,19.2698,10.2302,1.53089
2218,26.9001,28.4456,403.608,106.324,405.863,78.1714,0,17.7785,9.12154,1.51306
2219,100.399,138.041,257.812,665.844,149.448,693.291,0,86.2755,14.1236,1.1637
2220,43.4999,61.0856,594.9,226.008,648.31,198.142,0,38.1785,5.3214,1.13938
2221,271.007,175.408,452.94,606.62,613.252,613.216,0,109.63,161.377,2.47202
2222,172.801,158.35,527.657,403.273,630.276,334.052,0,98.9686,73.8327,1.74602
2223,143.3,156.414,141.75,455.621,67.7217,405.549,0,97.7588,45.5408,1.46585
2224,314.81,200.021,450.179,651.011,613.276,613.089,0,125.013,189.797,2.51822
2225,70.4995,71.4107,415.763,148.065,356.138,173.61,0,44.6317,25.8678,1.57958
2226,293.609,192.632,461.983,662.062,613.252,613.158,0,120.395,173.214,2.43872
2227,232.805,226.333,471.6,427.567,615.572,539.604,0,141.458,91.3469,1.64575
2228,291.509,228.354,463.801,339.77,356.161,173.308,0,142.721,148.787,2.0425
2229,127.799,131.041,302.022,292.269,250.487,184.814,0,81.9003,45.8983,1.56042
2230,48.6998,55.0365,407.53,182.31,356.029,173.691,0,34.3978,14.302,1.41578
2231,252.806,226.208,480.927,467.851,615.572,539.598,0,141.38,111.426,1.78813
2232,276.408,227.863,482.354,516.089,613.304,612.477,0,142.414,133.993,1.94087
2233,94.8991,73.0769,596.55,355.977,630.42,334.359,0,45.673,49.2261,2.07779
2234,146.5,107.296,232.551,288.236,249.341,185.218,0,67.0601,79.4396,2.1846
2235,264.207,243.512,458.028,427.004,615.657,540.417,0,152.195,112.012,1.73598
2236,237.005,293.247,306.198,501.748,139.901,611.147,0,183.279,53.726,1.29314
2237,37.9,26.8123,267.827,205.418,252.701,183.934,0,16.7577,21.1423,2.26165
2238,260.007,228.92,503.59,476.979,615.521,540.11,0,143.075,116.932,1.81728
2239,172.301,142.293,485.307,587.02,613.264,612.384,0,88.933,83.3684,1.93743
2240,187.102,146.395,446.902,248.326,356.201,173.412,0,91.4971,95.6051,2.0449
2241,70.0995,69.1369,196.652,214.896,248.597,184.918,0,43.2106,26.889,1.62228
2242,66.9995,77.8744,552.395,784.682,611.231,754.841,0,48.6715,18.3281,1.37657
2243,48.7998,66.7004,576.265,502.715,615.786,540.699,0,41.6878,7.11205,1.1706
2244,340.212,273.222,425.908,429.296,615.549,540.235,0,170.764,169.448,1.99229
2245,80.8993,88.6567,540.991,746.721,611.076,755.092,0,55.4104,25.4889,1.46
2246,215.404,178.149,450.649,275.709,355.396,174.396,0,111.343,104.061,1.93459
2247,23.8001,29.3187,624.804,134.745,653.567,130.025,0,18.3242,5.47585,1.29883
2248,30.3001,36.0127,413.376,112.744,405.925,78.1458,0,22.5079,7.79216,1.3462
2249,157.6,180.306,378.821,666.961,312.649,818.012,0,112.691,44.909,1.39851
2250,161.801,154.094,185.178,346.255,67.7345,404.819,0,96.3089,65.4917,1.68002
2251,132.899,123.557,454.739,155.022,356.099,173.428,0,77.2232,55.6757,1.72097
2252,66.3996,87.6406,335.238,733.961,312.776,818.002,0,54.7754,11.6242,1.21222
2253,344.412,267.612,406.917,565.912,576.588,617.837,1,167.257,177.154,2.05917
2254,253.806,202.542,232.108,430.059,67.7105,405.618,0,126.589,127.217,2.00497
2255,126.799,158.226,344.957,668.711,312.742,817.988,0,98.8911,27.9076,1.28221
2256,140.099,182.19,531.57,267.816,648.042,197.803,0,113.869,26.2304,1.23036
2257,15.8,16.4529,268.014,190.058,253.098,183.485,0,10.2831,5.51694,1.53651
2258,59.2997,74.442,211.255,676.556,149.289,693.325,0,46.5262,12.7734,1.27454
2259,298.709,283.871,430.662,375.471,355.489,174.417,0,177.42,121.289,1.68363
2260,258.807,233.065,297.843,549.506,144.675,615.579,0,145.666,113.141,1.77672
2261,285.808,256.887,366.138,401.586,349.731,174.715,0,160.554,125.254,1.78013
2262,306.109,209.807,440.329,645.534,613.253,613.193,0,131.13,174.98,2.3344
2263,57.6997,41.6091,225.145,214.031,249.148,185.107,0,26.0057,31.694,2.21873
2264,300.109,264.48,341.327,392.133,349.802,174.695,0,165.3,134.809,1.81554
2265,144.7,147.43,599.787,451.442,615.658,539.637,0,92.1438,52.5558,1.57037
2266,52.4998,60.9328,300.673,771.975,311.945,818.322,0,38.083,14.4168,1.37856
2267,293.309,237.243,261.328,435.289,67.7495,404.928,0,148.277,145.032,1.97811
2268,64.9996,86.7414,234.76,728.156,152.502,701.805,0,54.2134,10.7862,1.19896
2269,277.008,224.18,473.424,421.247,630.356,334.043,0,140.113,136.895,1.97704
2270,74.7994,69.5325,585.059,663.533,613.296,613.103,0,43.4578,31.3416,1.7212
2271,163.501,169.394,538.933,420.431,615.58,539.594,0,105.871,57.6294,1.54433
2272,93.8991,125.993,257.937,694.586,149.539,693.226,0,78.7458,15.1534,1.19243
2273,323.911,262.568,459.115,499.361,613.204,612.743,0,164.105,159.806,1.9738
2274,180.102,156.019,446.799,258.173,355.574,174.376,0,97.512,82.5898,1.84697
2275,64.6996,66.5245,418.438,179.802,355.97,173.624,0,41.5778,23.1218,1.55611
2276,220.804,164.102,505.326,688.754,613.282,612.439,0,102.564,118.24,2.15285
2277,108.899,105.945,423.555,230.373,356.073,173.43,0,66.2153,42.6836,1.64462
2278,337.511,304.446,356.431,447.54,349.485,174.618,0,190.279,147.233,1.77377
2279,344.412,186.964,408.585,469.91,548.038,450.111,1,116.852,227.56,2.94741
2280,82.2993,92.9524,187.378,563.488,140.145,611.087,0,58.0953,24.204,1.41663
2281,124.199,136.376,366.232,253.023,349.762,174.723,0,85.2349,38.9638,1.45713
2282,164.601,157.418,372.353,280.674,349.512,174.634,0,98.3864,66.2144,1.673
2283,155.1,168.017,500.255,143.187,653.558,130.383,0,105.01,50.0898,1.477
2284,178.702,180.399,215.714,490.358,140.26,611.21,0,112.749,65.9526,1.58495
2285,344.412,310.689,346.794,457.978,334.159,182.673,1,194.18,150.231,1.77367
2286,103.099,102.12,543.153,711.905,611.952,753.032,0,63.8252,39.2738,1.61533
2287,110.399,110.642,543.934,662.362,613.215,612.961,0,69.151,41.2479,1.59649
2288,153,129.303,465.478,170.015,356.314,173.171,0,80.8143,72.1858,1.89323
2289,72.0995,79.4593,176.12,561.6,140.104,611.111,0,49.6621,22.4374,1.4518
2290,112.999,122.648,592.548,441.834,615.64,539.655,0,76.6548,36.3441,1.47413
2291,20.4,21.0421,88.0873,400.775,67.695,404.891,0,13.1513,7.24873,1.55118
2292,6.8,5.89173,138.643,605.434,139.802,611.058,0,3.68233,3.11766,1.84665
2293,152.4,175.521,377.246,671.006,312.79,818.037,0,109.701,42.6996,1.38924
2294,32.1001,36.9939,617.603,136.811,653.53,130.03,0,23.1212,8.97891,1.38834
2295,28.8001,31.916,387.176,171.274,355.743,174.326,0,19.9475,8.85255,1.44379
2296,131.799,154.909,308.184,693.401,312.275,818.094,0,96.8179,34.981,1.36131
2297,145.1,186.427,515.838,291.611,647.922,197.687,0,116.517,28.5827,1.24531
2298,132.599,131.602,563.381,400.736,630.257,334.05,0,82.2515,50.3474,1.61211
2299,295.909,280.054,355.873,418.991,349.65,174.743,0,175.034,120.875,1.69058
2300,11,13.7084,252.403,198.426,249.308,185.118,0,8.56776,2.43224,1.28388
2301,269.507,231.843,501.475,481.669,615.641,539.554,0,144.902,124.606,1.85993
2302,54.6997,64.2822,594.301,231.196,648.386,198.146,0,40.1764,14.5234,1.36149
2303,225.305,196.877,497.826,575.34,613.351,613.15,0,123.048,102.257,1.83103
2304,144,137.121,258.749,657.768,144.761,616.1,0,85.7005,58.2991,1.68027
2305,81.7993,98.1651,99.1847,472.487,67.7456,405.426,0,61.3532,20.4461,1.33325
2306,46.2999,54.4243,406.237,182.089,355.628,174.329,0,34.0152,12.2847,1.36115
2307,275.908,242.816,361.857,595.525,144.7,615.595,0,151.76,124.147,1.81805
2308,146.3,139.732,160.094,474.508,139.511,611.253,0,87.3328,58.9669,1.6752
2309,190.902,168.446,243.331,336.149,249.902,185.07,0,105.279,85.6236,1.8133
2310,262.407,247.716,280.604,433.766,67.6163,404.568,0,154.822,107.584,1.69489
2311,81.1993,88.5538,247.08,779.635,310.771,818.728,0,55.3461,25.8532,1.46712
2312,163.001,120.67,523.155,359.262,630.31,334.08,0,75.4189,87.5818,2.16127
2313,19.4,22.5474,611.423,325.127,630.31,334.089,0,14.0921,5.30792,1.37666
2314,47.3998,56.8873,410.204,162.486,356.021,173.67,0,35.5546,11.8453,1.33316
2315,68.0995,62.9771,598.946,178.196,647.665,191.995,0,39.3607,28.7389,1.73014
2316,177.702,173.212,304.036,648.55,144.815,616.149,0,108.258,69.4439,1.64147
2317,57.4997,72.8144,211.274,676.699,149.87,693.15,0,45.509,11.9907,1.26348
2318,172.401,187.803,200.35,461.809,140.316,611.222,0,117.377,55.0243,1.46878
2319,167.601,140.426,201.708,394.188,67.715,405.613,0,87.7666,79.8345,1.90962
2320,344.412,234.139,408.361,503.088,579.094,453.771,1,146.337,198.075,2.35355
2321,140.299,110.811,515.344,595.09,613.272,613.184,0,69.2571,71.0423,2.02578
2322,4.4,3.99064,405.942,82.1088,405.942,78.1181,0,2.49415,1.90585,1.76413
2323,35.1,36.1684,391.242,175.9,355.646,174.316,0,22.6053,12.4948,1.55274
2324,160.301,139.404,162.544,478.262,139.497,611.24,0,87.1275,73.1731,1.83984
2325,27.9001,33.1277,617.495,210.449,647.422,196.563,0,20.7048,7.19526,1.34752
2326,83.3993,83.6843,545.294,634.263,613.234,612.957,0,52.3027,31.0966,1.59455
2327,138.199,142.695,524.424,146.453,653.622,130.264,0,89.1846,49.0146,1.54959
2328,87.7992,99.2384,524.013,755.054,611.071,755.159,0,62.024,25.7752,1.41557
2329,218.204,196.907,435.312,313.937,355.438,174.404,0,123.067,95.137,1.77305
2330,140.599,122.031,218.247,301.733,249.148,185.077,0,76.2695,64.3299,1.84345
2331,112.899,118.071,543.97,679.056,613.308,613.197,0,73.7943,39.1045,1.52991
2332,14.6,15.1622,253.06,199.687,249.7,185.144,0,9.47635,5.12367,1.54068
2333,258.907,237.347,306.421,377.265,249.995,184.985,0,148.342,110.564,1.74533
2334,78.2994,101.719,326.594,724.861,312.667,817.955,0,63.5744,14.725,1.23162
2335,344.412,245.977,465.694,473.623,606.264,541.342,1,153.735,190.676,2.24029
2336,64.2996,65.7935,597.62,148.552,653.594,129.655,0,41.121,23.1786,1.56367
2337,209.804,182.169,476.798,559.988,613.28,612.385,0,113.855,95.9483,1.84272
2338,135.299,142.697,500.31,718.655,612.381,751.865,0,89.1856,46.1134,1.51705
2339,130.599,119.891,175.067,376.49,67.6902,404.805,0,74.9317,55.6671,1.74291
2340,30.3001,37.1644,603.592,574.639,616.323,542.033,0,23.2277,7.07235,1.30448
2341,290.309,223.285,472.084,367.519,630.28,334.036,0,139.553,150.755,2.08027
2342,34.9,34.9048,284.985,196.362,253.117,183.422,0,21.8155,13.0845,1.59978
2343,166.601,213.654,333.167,362.335,251.754,184.339,0,133.534,33.0671,1.24763
2344,48.0998,47.4919,606.652,130.679,653.661,129.751,0,29.6825,18.4174,1.62048
2345,26.0001,33.8325,591.205,528.401,615.487,540.212,0,21.1453,4.85478,1.22959
2346,321.81,228.283,455.542,382.253,630.292,334.116,0,142.677,179.134,2.25552
2347,100.599,102.517,240.972,624.364,144.698,615.593,0,64.073,36.526,1.57007
2348,170.801,141.407,290.782,306.959,250.345,184.887,0,88.3792,82.422,1.9326
2349,170.801,179.531,511.168,444.334,615.559,540.037,0,112.207,58.5944,1.5222
2350,305.009,248.019,437.941,390.824,630.278,334.132,0,155.012,149.997,1.96765
2351,186.902,184.243,521.451,427.036,630.319,334.118,0,115.152,71.7503,1.62309
2352,1.6,0.780161,401.491,76.8479,402.16,76.446,0,0.487601,1.1124,3.28137
2353,150.2,111.032,231.471,291.721,249.246,185.14,0,69.3948,80.8052,2.16443
2354,344.412,261.809,411.358,471.13,599.224,513.02,1,163.63,180.781,2.10482
2355,344.412,323.442,375.458,467.47,340.761,180.386,1,202.151,142.26,1.70373
2356,13.9,16.1888,119.613,613.244,135.573,614.449,0,10.118,3.78203,1.37379
2357,5.1,4.43917,71.3006,408.216,67.1627,406.613,0,2.77448,2.32552,1.83818
2358,55.9997,65.6554,411.667,192.31,355.808,174.289,0,41.0346,14.9651,1.36469
2359,20.2,24.6131,144.38,669.49,149.752,693.19,0,15.3832,4.81685,1.31312
2360,68.5995,93.3608,235.675,717.087,153.195,701.401,0,58.3505,10.249,1.17565
2361,344.412,48.1332,584.573,318.564,584.616,322.531,1,30.0833,314.329,11.4486
2362,99.3991,94.116,419.608,218.642,356.251,173.161,0,58.8225,40.5765,1.68981
2363,0,0,247.429,179.581,247.429,179.581,0,0,0,0
2364,9.8,10.0232,152.045,683.723,149.398,693.286,0,6.26452,3.53549,1.56437
2365,161.801,187.928,336.268,641.071,312.642,817.952,0,117.455,44.346,1.37756
2366,46.6999,47.4966,603.198,293.888,636.03,282.619,0,29.6854,17.0145,1.57316
2367,220.704,164.21,192.828,338.248,67.6433,404.775,0,102.631,118.073,2.15046
2368,197.203,191.984,439.793,311.825,355.457,174.437,0,119.99,77.213,1.6435
2369,344.412,240.001,464.36,465.949,608.97,540.62,1,150.001,194.411,2.29607
2370,300.909,244.319,446.769,393.596,630.332,334.105,0,152.7,148.21,1.9706
2371,31.4001,38.5369,612.71,212.867,647.808,197.313,0,24.0856,7.31451,1.30369
2372,6.3,6.25134,73.4087,402.7,67.3442,404.217,0,3.90709,2.39291,1.61245
2373,32.7001,43.479,610.055,217.264,648.256,198.148,0,27.1744,5.52568,1.20334
2374,166.001,180.859,515.554,196.447,647.739,191.843,0,113.037,52.9644,1.46856
2375,89.4992,90.9024,159.18,543.065,139.611,611.22,0,56.814,32.6852,1.5753
2376,286.908,256.693,450.846,413.083,615.588,539.609,0,160.433,126.475,1.78833
2377,53.4998,63.6228,342.243,198.21,349.981,174.84,0,39.7643,13.7355,1.34542
2378,159.901,161.31,182.063,470.786,140.3,611.243,0,100.819,59.0815,1.58602
2379,250.206,242.57,349.265,584.263,144.836,616.071,0,151.606,98.5997,1.65037
2380,27.2001,29.7912,140.877,665.488,149.479,693.201,0,18.6195,8.58055,1.46084
2381,40.9999,40.5677,614.189,190.901,647.694,191.768,0,25.3548,15.6452,1.61705
2382,93.6991,120.79,516.308,740.19,611.183,755.177,0,75.4934,18.2057,1.24116
2383,81.3993,85.4632,543.284,600.669,613.203,612.707,0,53.4145,27.9849,1.52392
2384,298.909,222.665,478.1,406.842,630.293,334.134,0,139.165,159.744,2.14787
2385,189.802,176.077,357.75,319.995,349.756,174.731,0,110.048,79.7544,1.72472
2386,203.203,168.696,172.059,298.168,248.137,184.668,0,105.435,97.7679,1.92728
2387,74.8994,68.9999,197.7,213.517,249.239,185.11,0,43.1249,31.7745,1.7368
2388,92.0992,91.5869,525.003,608.294,613.183,612.653,0,57.2418,34.8573,1.60895
2389,69.6995,96.4161,235.917,714.05,153.66,700.204,0,60.26,9.43946,1.15665
2390,28.7001,35.144,575.937,806.876,606.822,810.777,0,21.965,6.7351,1.30663
2391,10.1,10.4664,620.112,336.006,630.339,334.009,0,6.54153,3.55847,1.54398
2392,344.412,229.517,408.134,477.115,582.971,468.343,1,143.448,200.964,2.40095
2393,7.5,7.17724,349.535,182.322,351.54,175.432,0,4.48577,3.01422,1.67195
2394,134.699,137.455,260.856,655.604,144.843,616.153,0,85.9094,48.7896,1.56792
2395,183.102,229.582,493.05,260.246,647.983,197.93,0,143.489,39.6132,1.27607
2396,6.3,6.04103,605.233,755.937,611.164,755.234,0,3.77564,2.52436,1.66859
2397,94.0991,88.3672,528.27,609.332,613.312,613.132,0,55.2295,38.8696,1.70378
2398,111.399,122.337,542.996,688.59,611.985,752.877,0,76.4606,34.9383,1.45694
2399,185.302,158.266,278.997,328.444,250.784,184.67,0,98.9161,86.386,1.87333
2400,63.3996,63.9188,559.028,610.022,613.305,612.389,0,39.9492,23.4504,1.587
2401,247.706,164.727,218.716,415.519,67.6862,405.575,0,102.954,144.752,2.40598
2402,76.5994,90.4474,539.271,746.852,611.098,755.295,0,56.5296,20.0698,1.35503
2403,79.8994,107.044,242.743,685.666,149.399,693.351,0,66.9027,12.9966,1.19426
2404,42.5999,51.9846,324.508,208.033,349.935,174.751,0,32.4904,10.1095,1.31116
2405,102.799,107.913,236.14,607.123,144.777,615.806,0,67.4457,35.3533,1.52417
2406,120.099,122.665,259.434,744.57,311.537,818.4,0,76.6653,43.4334,1.56653
2407,258.607,248.03,283.07,432.059,67.5808,404.454,0,155.019,103.588,1.66822
2408,54.5997,66.3168,594.286,199.272,647.874,197.608,0,41.448,13.1517,1.31731
2409,223.204,187.02,483.849,297.577,630.303,334.148,0,116.887,106.317,1.90957
2410,228.405,192.074,477.877,307.929,630.326,334.14,0,120.046,108.358,1.90264
2411,205.703,159.467,488.754,663.038,613.354,613.209,0,99.6668,106.037,2.06391
2412,101.199,128.075,580.451,283.506,647.894,197.597,0,80.0471,21.1519,1.26424
2413,19.8,26.093,624.629,209.166,648.006,198.018,0,16.3081,3.49194,1.21412
2414,65.9996,80.5482,216.611,698.365,153.721,700.226,0,50.3426,15.6569,1.31101
2415,226.805,198.582,241.374,365.867,67.6534,404.77,0,124.114,102.691,1.82739
2416,0.6,0.142013,652.488,189.81,652.44,189.944,0,0.0887582,0.511242,6.75994
2417,197.803,153.398,188.651,312.099,248.645,184.929,0,95.8735,101.929,2.06316
2418,279.908,206.764,224.888,415.807,67.6624,405.604,0,129.228,150.68,2.16601
2419,118.799,145.604,272.622,701.876,149.566,693.233,0,91.0025,27.7962,1.30544
2420,12.9,14.4183,408.372,92.186,405.803,78.1486,0,9.01144,3.88857,1.43151
2421,136.899,88.9183,542.591,637.415,613.258,613.227,0,55.574,81.3252,2.46337
2422,140.599,143.173,511.342,121.348,653.612,129.593,0,89.4834,51.116,1.57123
2423,239.205,295.882,306.427,498.435,139.851,611.12,0,184.926,54.2793,1.29352
2424,286.508,243.766,416.78,345.448,355.509,174.411,0,152.354,134.154,1.88054
2425,245.406,205.504,290.63,562.296,144.641,615.66,0,128.44,116.966,1.91067
2426,151.6,116.717,182.929,402.998,67.6533,405.566,0,72.9479,78.6522,2.0782
2427,144.4,136.628,199.485,391.561,67.6477,404.85,0,85.3926,59.007,1.69101
2428,227.405,191.489,298.969,343.653,250.595,184.774,0,119.68,107.724,1.9001
2429,227.305,160.49,501.147,163.544,356.153,173.432,0,100.306,126.999,2.26611
2430,0,0,631.143,332.234,631.143,332.234,0,0,0,0
2431,50.3998,41.8586,222.011,208.639,248.756,185.041,0,26.1616,24.2382,1.92648
2432,19.3,20.2339,590.517,804.364,606.502,811.49,0,12.6462,6.65387,1.52616
2433,44.2999,46.9666,571.169,771.438,611.225,754.842,0,29.3541,14.9458,1.50915
2434,211.004,181.637,504.211,313.32,630.365,334.117,0,113.523,97.4809,1.85869
2435,230.905,225.904,467.75,442.007,615.577,539.939,0,141.19,89.7148,1.63542
2436,271.707,227.186,479.513,469.683,615.603,539.568,0,141.991,129.716,1.91355
2437,284.208,265.987,363.567,411.917,349.824,174.717,0,166.242,117.966,1.7096
2438,89.5992,109.069,282.875,274.995,250.52,184.796,0,68.168,21.4312,1.31439
2439,75.0994,79.7777,574.11,131.638,653.664,129.607,0,49.8611,25.2383,1.50617
2440,160.001,148.659,241.791,323.541,249.938,185.122,0,92.9119,67.0886,1.72207
2441,201.503,197.061,221.326,475.098,139.78,611.141,0,123.163,78.3398,1.63607
2442,43.2999,52.1942,324.182,208.172,349.9,174.7,0,32.6214,10.6785,1.32735
2443,53.7998,70.4818,594.015,192.568,647.845,197.629,0,44.0511,9.74861,1.2213
2444,8.5,9.26958,600.303,805.61,606.489,811.553,0,5.79349,2.70651,1.46716
2445,228.105,180.111,276.867,581.456,144.647,615.687,0,112.569,115.536,2.02635
2446,75.0994,75.9112,577.766,693.224,612.279,752.07,0,47.4445,27.6549,1.58289
2447,64.0996,66.5842,101.986,447.187,67.6713,405.567,0,41.6152,22.4844,1.54029
2448,167.801,142.616,484.643,588.2,613.286,612.505,0,89.1347,78.6663,1.88255
2449,104.499,133.083,541.723,188.253,647.956,191.02,0,83.1767,21.3223,1.25635
2450,241.506,201.386,442.96,321.549,355.602,174.446,0,125.866,115.639,1.91875
2451,254.506,186.006,250.144,397.241,67.7489,404.781,0,116.254,138.252,2.18923
2452,47.5998,46.9513,299.34,186.271,253.463,182.73,0,29.3446,18.2553,1.6221
2453,34.9,34.1457,127.293,586.492,139.707,611.145,0,21.3411,13.559,1.63535
2454,69.4995,70.1069,584.272,124.812,653.611,129.6,0,43.8168,25.6827,1.58614
2455,344.412,266.168,388.141,459.566,591.884,488.89,1,166.355,178.057,2.07034
2456,282.908,168.39,572.194,292.619,630.25,334.087,0,105.244,177.664,2.68812
2457,235.105,199.168,471.312,276.505,355.59,174.427,0,124.48,110.625,1.88869
2458,156.9,144.565,242.88,319.419,249.93,185.07,0,90.3533,66.547,1.73652
2459,3.5,3.06435,644.299,196.893,647.139,195.742,0,1.91522,1.58478,1.82747
2460,22.4,28.0727,320.62,791.306,313.793,818.43,0,17.5455,4.85458,1.27669
2461,14.8,13.6115,608.061,551.562,617.172,543.621,0,8.50718,6.29284,1.73971
2462,26.1001,32.7589,618.492,210.481,648.335,198.095,0,20.4743,5.62575,1.27477
2463,195.403,175.3,279.61,583.804,144.848,616.102,0,109.563,85.8401,1.78348
2464,260.607,206.422,504.425,519.552,613.332,612.43,0,129.014,131.593,2.02
2465,86.3993,85.0142,552.384,721.178,612.027,753.082,0,53.1339,33.2654,1.62607
2466,130.399,153.395,513.667,690.89,612.264,752.063,0,95.8717,34.527,1.36014
2467,54.5997,52.7314,601.437,133.075,653.584,129.634,0,32.9571,21.6426,1.65669
2468,5.9,6.05017,317.73,813.567,315.653,819.25,0,3.78136,2.11864,1.56029
2469,217.404,200.215,345.187,335.933,349.489,174.64,0,125.134,92.2698,1.73737
2470,269.107,245.979,319.144,549.205,144.74,615.662,0,153.737,115.37,1.75044
2471,230.605,291.514,304.053,504.159,139.858,611.07,0,182.196,48.4086,1.26569
2472,39.1,50.6648,603.492,209.84,648.168,198.047,0,31.6655,7.43448,1.23478
2473,158.5,203.642,522.847,245.683,648.19,197.968,0,127.276,31.2243,1.24533
2474,341.312,258.842,422.051,392.458,630.263,334.112,0,161.776,179.535,2.10978
2475,24.5001,27.8598,605.349,565.509,616.612,542.67,0,17.4124,7.08766,1.40705
2476,187.302,156.964,220.592,391.697,67.648,405.59,0,98.1026,89.1996,1.90925
2477,196.103,196.576,238.524,496.663,139.504,611.238,0,122.86,73.2428,1.59615
2478,344.412,312.96,369.499,451.492,347.641,177.427,1,195.6,148.812,1.76079
2479,266.807,225.362,480.017,466.644,615.582,539.592,0,140.851,125.956,1.89425
2480,41.2999,58.3316,206.628,723.534,152.588,701.772,0,36.4572,4.8427,1.13283
2481,344.412,263.184,398.266,563.183,567.999,617.744,1,164.49,179.922,2.09382
2482,344.412,271.895,420.177,571.465,596.399,615.124,1,169.934,174.477,2.02673
2483,344.412,232.107,421.596,491.503,586.684,479.692,1,145.067,199.345,2.37416
2484,272.407,220.136,490.83,272.801,355.46,174.426,0,137.585,134.823,1.97992
2485,204.703,172.244,232.64,344.184,250,185.007,0,107.653,97.0505,1.90151
2486,238.605,199.896,264.429,358.089,249.456,185.167,0,124.935,113.67,1.90983
2487,273.707,214.541,243.222,426.864,67.5612,405.728,0,134.088,139.619,2.04125
2488,76.2994,103.747,228.3,693.014,149.337,693.383,0,64.8418,11.4576,1.1767
2489,102.599,98.8574,221.14,277.637,248.656,184.886,0,61.7859,40.8131,1.66056
2490,296.909,315.224,379.706,535.175,144.769,616.099,0,197.015,99.8941,1.50704
2491,218.204,213.904,386.272,333.64,349.947,174.833,0,133.69,84.5141,1.63216
2492,344.412,262.598,445.675,575.431,598.711,612.32,1,164.124,180.288,2.09849
2493,29.7001,33.8906,576.847,820.017,602.375,833.256,0,21.1816,8.51847,1.40216
2494,75.5994,78.5185,551.379,733.374,611.835,753.407,0,49.0741,26.5254,1.54052
2495,30.1001,31.6466,142.051,580.311,139.943,611.069,0,19.7791,10.3209,1.52181
2496,187.902,213.547,512.346,505.697,615.652,540.407,0,133.467,54.4351,1.40785
2497,67.1995,76.0587,209.698,614.415,144.842,615.754,0,47.5367,19.6628,1.41363
2498,259.907,235.331,462.958,432.646,615.588,539.558,0,147.082,112.825,1.76709
2499,19.6,22.1782,260.623,204.469,252.314,184.075,0,13.8614,5.73866,1.414
2500,128.799,105.725,241.092,282.472,249.748,185.118,0,66.0783,62.7204,1.94918
2501,122.599,114.965,527.097,358.191,630.354,334.062,0,71.8529,50.7458,1.70625
2502,10.5,11.6327,156.279,617.372,144.827,615.932,0,7.27043,3.22957,1.44421
2503,29.0001,22.143,271.496,194.878,252.937,183.837,0,13.8394,15.1607,2.09547
2504,148,136.253,278.498,636.236,144.82,616.162,0,85.158,62.8419,1.73794
2505,144.9,137.555,558.086,401.972,630.271,334.074,0,85.972,58.9276,1.68543
2506,162.401,189.735,386.159,665.599,312.458,817.987,0,118.585,43.8162,1.36949
2507,344.412,315.587,365.456,470.332,330.05,187.878,1,197.242,147.17,1.74614
2508,44.6999,38.762,106.577,403.203,67.7618,405.433,0,24.2262,20.4737,1.8451
2509,222.704,182.153,501.359,541.822,613.186,612.584,0,113.846,108.859,1.95619
2510,29.0001,30.5952,596.836,777.834,611.155,755.424,0,19.122,9.87806,1.51658
2511,280.608,239.903,464.911,348.719,355.503,174.435,0,149.939,130.669,1.87148
2512,83.4993,112.383,248.915,687.025,149.54,693.229,0,70.2394,13.2599,1.18878
2513,209.304,169.984,308.395,623.9,144.68,615.609,0,106.24,103.064,1.9701
2514,344.412,284.108,407.384,578.853,579.753,617.25,1,177.568,166.844,1.93961
2515,150,150.176,614.42,430.724,615.477,539.8,0,93.8597,56.1403,1.59813
2516,80.3993,71.086,598.002,358.622,630.374,334.439,0,44.4287,35.9706,1.80962
2517,269.107,239.801,455.988,439.278,615.669,540.32,0,149.876,119.231,1.79553
2518,221.704,212.364,389.015,328.096,349.49,174.569,0,132.727,88.9769,1.67037
2519,199.803,174.377,281.435,586.675,144.823,616.102,0,108.986,90.8174,1.8333
2520,130.199,154.415,308.742,693.548,312.344,818.11,0,96.5093,33.6895,1.34908
2521,166.501,199.715,419.056,684.392,313.336,818.243,0,124.822,41.6791,1.33391
2522,344.412,204.911,397.369,451.988,546.789,445.205,1,128.069,216.342,2.68926
2523,231.505,170.723,305.469,625.521,144.72,615.726,0,106.702,124.803,2.16965
2524,197.503,145.227,200.405,413.952,67.646,404.799,0,90.767,106.736,2.17593
2525,42.4999,43.2029,574.823,770.653,611.208,754.808,0,27.0018,15.4981,1.57397
2526,154.6,118.119,166.403,425.429,67.6881,405.606,0,73.8246,80.7757,2.09416
2527,39.4,51.9656,576.261,785.29,606.63,811.278,0,32.4785,6.92147,1.21311
2528,140.799,158.612,313.761,684.792,312.379,818.064,0,99.1323,41.6671,1.42032
2529,207.903,195.658,480.848,391.983,630.31,334.141,0,122.287,85.617,1.70013
2530,69.8995,77.174,289.992,226.894,250.25,184.894,0,48.2338,21.6657,1.44918
2531,69.0995,98.2651,581.651,256.865,647.839,197.646,0,61.4157,7.68386,1.12511
2532,200.203,146.279,493.887,619.758,613.349,613.182,0,91.4246,108.778,2.18982
2533,73.9994,76.123,593.546,189.718,647.626,191.924,0,47.5769,26.4226,1.55537
2534,188.202,148.176,444.159,143.715,356.182,173.285,0,92.6099,95.5924,2.0322
2535,23.3001,25.1116,238.048,204.869,249.559,185.187,0,15.6947,7.60532,1.48458
2536,61.9996,54.4374,111.314,418.979,67.7383,405.628,0,34.0234,27.9762,1.82227
2537,206.203,182.119,506.581,536.444,613.302,612.506,0,113.825,92.3789,1.81159
2538,141.799,180.544,408.421,695.758,313.65,818.455,0,112.84,28.9596,1.25664
2539,344.412,261.648,388.745,620.584,595.67,612.488,1,163.53,180.882,2.10611
2540,65.6996,82.4661,219.093,679.075,149.432,693.348,0,51.5413,14.1583,1.2747
2541,35.9,44.1832,582.094,789.948,606.765,811.054,0,27.6145,8.28555,1.30004
2542,276.208,199.117,473.785,393.223,630.308,334.145,0,124.448,151.759,2.21946
2543,104.099,127.568,513.096,730.691,611.677,753.579,0,79.73,24.369,1.30564
2544,47.1999,40.1264,223.269,208.381,248.681,184.937,0,25.079,22.1209,1.88205
2545,166.101,187.585,614.5,405.294,615.631,540.395,0,117.241,48.8604,1.41675
2546,9.7,10.0532,592.35,833.673,602.387,833.298,0,6.28322,3.41678,1.54379
2547,179.602,132.953,480.836,175.027,356.216,173.354,0,83.0958,96.506,2.16138
2548,16.6,19.9287,597.623,766.297,611.233,754.944,0,12.4554,4.14458,1.33275
2549,128.299,136.827,518.364,119.288,653.589,129.591,0,85.517,42.7816,1.50027
2550,184.002,169.213,306.042,624.739,144.842,616.223,0,105.758,78.2439,1.73984
2551,159.501,202.777,515.526,263.33,647.906,197.835,0,126.735,32.7652,1.25853
2552,268.407,219.734,473.82,258.649,355.452,174.399,0,137.334,131.074,1.95442
2553,162.801,161.739,274.532,663.528,144.789,616.141,0,101.087,61.7137,1.6105
2554,140.799,126.919,549.531,295.377,630.291,334.081,0,79.3246,61.4748,1.77498
2555,296.709,250.793,250.922,461.879,67.6872,405.571,0,156.745,139.964,1.89294
2556,57.4997,71.6871,199.876,639.719,144.776,615.999,0,44.8044,12.6953,1.28335
2557,59.3997,75.0787,213.129,676.748,149.836,693.215,0,46.9242,12.4755,1.26586
2558,0,0,312.885,821.164,312.885,821.164,0,0,0,0
2559,85.6993,78.6522,574.809,664.636,613.181,612.967,0,49.1576,36.5417,1.74336
2560,285.508,187.662,476.889,670.006,613.339,613.186,0,117.289,168.219,2.43423
2561,274.408,228.35,427.769,335.709,355.443,174.405,0,142.719,131.689,1.92272
2562,119.699,131.297,207.129,533.334,140.103,611.124,0,82.0607,37.638,1.45866
2563,229.705,231.467,466.494,429.973,615.697,540.428,0,144.667,85.0381,1.58782
2564,197.603,242.136,367.38,608.048,312.631,817.989,0,151.335,46.268,1.30573
2565,136.799,160.996,289.155,698.562,149.52,693.181,0,100.622,36.1768,1.35953
2566,25.7001,32.0602,317.184,786.504,312.801,817.958,0,20.0376,5.66245,1.28259
2567,130.599,123.957,469.235,174.019,356.106,173.413,0,77.4733,53.1255,1.68573
2568,52.7998,68.6523,550.515,811.282,602.469,833.252,0,42.9077,9.8921,1.23054
2569,276.008,205.364,249.199,414.611,67.7131,404.838,0,128.353,147.655,2.15039
2570,0,0,639.877,285.878,639.877,285.878,0,0,0,0
2571,239.705,202.717,297.162,577.029,144.75,615.678,0,126.698,113.007,1.89194
2572,2,1.12907,255.08,179.064,253.985,179.341,0,0.705671,1.29433,2.83418
2573,42.3999,47.4615,81.396,439.868,67.6843,405.52,0,29.6635,12.7365,1.42937
2574,21.8,26.356,318.327,792.676,312.727,818.023,0,16.4725,5.32756,1.32342
2575,63.5996,65.6281,594.805,689.897,612.361,751.989,0,41.0176,22.582,1.55055
2576,344.412,245.954,426.696,594.338,596.738,613.393,1,153.721,190.691,2.2405
2577,33.9001,34.4532,258.477,218.128,249.716,185.18,0,21.5332,12.3668,1.57431
2578,97.7991,124.772,353.444,701.903,312.76,818.029,0,77.9824,19.8167,1.25412
2579,235.505,166.954,195.283,445.248,67.6741,405.619,0,104.346,131.159,2.25696
2580,344.412,257.029,451.541,477.826,607.873,541.177,1,160.643,183.769,2.14396
2581,272.707,321.873,318.838,494.675,139.909,611.149,0,201.17,71.537,1.3556
2582,120.899,129.063,526.16,120.438,653.596,129.642,0,80.6641,40.2346,1.49879
2583,233.005,224.511,380.313,357.427,349.68,174.681,0,140.319,92.6857,1.66053
2584,136.499,159.101,217.002,512.771,140.3,611.167,0,99.4384,37.0608,1.3727
2585,129.499,137.415,310.228,296.283,251.155,184.478,0,85.8842,43.6145,1.50783
2586,39.7,51.3338,601.604,215.514,648.038,198.05,0,32.0836,7.61634,1.23739
2587,17.2,18.2921,162.315,618.643,144.666,615.6,0,11.4325,5.76749,1.50448
2588,59.2997,68.0378,410.276,148.162,355.936,173.65,0,42.5237,16.776,1.39451
2589,99.899,107.059,547.909,665.988,613.317,613.168,0,66.9119,32.9872,1.49299
2590,100.099,111.228,582.898,446.555,615.579,539.739,0,69.5172,30.5818,1.43992
2591,339.912,254.022,429.918,389.772,630.289,334.118,0,158.764,181.148,2.14099
2592,22.2,28.2453,171.935,622.02,144.739,615.856,0,17.6533,4.54676,1.25756
2593,113.499,127.653,363.705,245.567,349.741,174.686,0,79.7833,33.7156,1.42259
2594,6.8,6.76488,642.26,188.357,648.483,190.793,0,4.22805,2.57195,1.60831
2595,0.2,0.019574,615.726,759.166,615.73,759.147,0,0.0122337,0.187766,16.3482
2596,30.6001,31.0375,614.225,270.613,636.028,282.758,0,19.3985,11.2016,1.57745
2597,100.999,132.395,350.632,694.045,312.766,817.951,0,82.7471,18.252,1.22058
2598,258.007,244.473,457.754,421.591,615.647,540.245,0,152.796,105.211,1.68857
2599,87.4992,118.196,265.743,734.791,153.704,700.251,0,73.8725,13.6268,1.18446
2600,124.999,125.213,251.505,302.805,249.465,185.191,0,78.2583,46.7403,1.59726
2601,126.299,145.29,528.001,192.424,648.569,190.783,0,90.806,35.4926,1.39086
2602,49.7998,45.7768,569.295,617.217,613.344,612.389,0,28.6105,21.1893,1.74062
2603,79.9994,79.7344,588.074,678.021,612.402,751.95,0,49.834,30.1653,1.60532
2604,80.8993,100.369,578.787,455.01,615.593,539.552,0,62.7309,18.1685,1.28963
2605,0,0,605.324,836.064,605.324,836.064,0,0,0,0
2606,331.911,286.736,429.983,415.191,630.275,334.139,0,179.21,152.701,1.85208
2607,269.707,215.789,479.986,414.987,630.294,334.131,0,134.868,134.839,1.99978
2608,152.3,127.84,528.573,670.663,613.299,613.151,0,79.9001,72.4,1.90613
2609,167.901,197.008,373.263,650.828,312.55,817.975,0,123.13,44.7711,1.36361
2610,98.7991,116.844,566.425,451.047,615.57,540.303,0,73.0277,25.7714,1.3529
2611,10.8,12.0442,407.652,89.6184,405.455,77.9568,0,7.52763,3.27237,1.43471
2612,40.7999,50.5546,562.708,759.647,611.228,754.789,0,31.5966,9.20332,1.29128
2613,199.003,189.994,348.955,327.093,349.896,174.692,0,118.747,80.2564,1.67586
2614,46.7999,65.5161,328.678,755.111,312.8,817.979,0,40.9475,5.85232,1.14292
2615,5.6,4.2526,358.781,177.224,355.59,174.327,0,2.65788,2.94212,2.10695
2616,280.708,216.926,478.985,415.793,630.315,334.136,0,135.579,145.129,2.07044
2617,156.6,145.022,520.107,377.895,630.252,334.048,0,90.6389,65.9615,1.72774
2618,94.5991,95.105,554.675,320.467,630.361,333.845,0,59.4406,35.1585,1.59149
2619,104.499,101.675,214.388,259.33,248.405,184.786,0,63.5471,40.9519,1.64443
2620,102.599,79.4614,586.445,359.369,630.358,334.504,0,49.6634,52.9356,2.06589
2621,168.101,216.984,510.194,250.57,648.22,198.049,0,135.615,32.4861,1.23955
2622,344.412,238.512,465.039,477.414,602.046,524.096,1,149.07,195.342,2.3104
2623,257.406,232.798,351.563,370.804,349.547,174.609,0,145.499,111.908,1.76913
2624,162.601,145.441,437.099,260.388,355.475,174.417,0,90.9005,71.7003,1.78878
2625,137.699,144.619,232.589,778.817,152.76,701.711,0,90.3871,47.3121,1.52344
2626,289.808,253.962,320.708,538.889,144.68,615.694,0,158.726,131.082,1.82584
2627,243.506,183.74,247.161,395.189,67.7034,404.791,0,114.837,128.668,2.12044
2628,161.001,194.35,341.16,638.633,312.382,818.124,0,121.469,39.5319,1.32545
2629,282.208,226.805,471.276,254.289,356.203,173.328,0,141.753,140.455,1.99084
2630,91.7992,120.975,353.905,706.14,312.56,818.017,0,75.6092,16.1899,1.21413
2631,16,19.9102,603.682,735.02,612.214,752.59,0,12.4439,3.55617,1.28578
2632,147.9,142.352,306.167,302.165,251.56,184.448,0,88.9699,58.9299,1.66236
2633,98.0991,96.6779,162.716,402.224,67.6563,404.879,0,60.4237,37.6754,1.62352
2634,123.699,119.916,220.484,604.439,144.701,615.592,0,74.9474,48.7513,1.65047
2635,27.3001,35.4152,596.292,721.584,612.352,752.218,0,22.1345,5.16559,1.23337
2636,34.8,26.4143,275.374,195.888,252.651,183.932,0,16.5089,18.2911,2.10795
2637,128.999,129.31,239.042,761.29,152.745,701.713,0,80.8189,48.1798,1.59615
2638,111.399,148.202,347.758,678.789,312.817,818.033,0,92.6261,18.7728,1.20267
2639,312.31,302.057,326.543,492.984,144.775,616.12,0,188.785,123.524,1.65431
2640,193.703,151.837,296.492,315.78,250.393,184.9,0,94.8982,98.8045,2.04116
2641,7.1,6.91152,641.601,200.523,647.662,197.341,0,4.3197,2.78029,1.64363
2642,195.003,191.155,379.9,312.119,349.754,174.658,0,119.472,75.5307,1.6322
2643,219.604,172.346,200.049,342.496,67.7142,404.79,0,107.716,111.888,2.03873
2644,13,14.8888,599.028,609.101,613.156,612.828,0,9.30547,3.69454,1.39703
2645,344.412,271.669,424.627,431.175,606.682,540.846,1,169.793,174.619,2.02842
2646,105.099,107.827,557.41,684.991,612.487,751.871,0,67.3919,37.707,1.55952
2647,95.2991,113.263,574.079,443.671,615.555,540.292,0,70.7894,24.5097,1.34623
2648,124.499,158.295,341.064,669.692,312.802,818.02,0,98.9343,25.5644,1.2584
2649,48.9998,63.1167,417.97,139.055,405.95,78.1442,0,39.4479,9.55188,1.24214
2650,150.2,150.697,504.561,118.469,653.575,129.578,0,94.1859,56.014,1.59472
2651,344.412,117.582,471.929,333.279,471.026,329.97,1,73.4885,270.923,4.68661
2652,133.199,159.405,306.275,705.768,312.322,818.119,0,99.6279,33.5711,1.33696
2653,19,20.6357,600.852,532.132,615.674,539.714,0,12.8973,6.10272,1.47318
2654,228.005,155.57,160.488,459.988,67.728,405.62,0,97.2312,130.774,2.34498
2655,65.0996,57.4668,113.46,422.004,67.7456,405.634,0,35.9168,29.1828,1.81251
2656,42.6999,49.0155,402.893,178.224,355.757,174.336,0,30.6347,12.0652,1.39384
2657,11.7,13.9371,148.047,679.669,149.553,693.267,0,8.71071,2.9893,1.34317
2658,133.199,128.188,278.582,301.069,250.076,184.969,0,80.1176,53.0813,1.66254
2659,69.6995,78.2129,356.746,195.325,349.844,174.688,0,48.8831,20.8164,1.42584
2660,93.0992,101.095,206.595,566.13,144.555,615.552,0,63.1843,29.9149,1.47345
2661,229.405,155.706,499.632,165.739,356.228,173.332,0,97.3163,132.088,2.35731
2662,3.9,3.12328,254.353,174.139,253.136,176.993,0,1.95205,1.94795,1.9979
2663,138.799,160.36,216.861,512.201,140.316,611.211,0,100.225,38.5742,1.38488
2664,344.412,246.004,444.966,595.612,595.272,612.998,1,153.753,190.659,2.24004
2665,251.206,229.158,387.784,351.599,349.872,174.734,0,143.224,107.982,1.75394
2666,144.8,109.936,546.215,658.68,613.351,613.227,0,68.7102,76.0895,2.1074
2667,8.4,8.42127,641.128,201.785,648.516,198.203,0,5.2633,3.1367,1.59596
2668,192.003,184.56,203.935,498.423,139.508,611.171,0,115.35,76.6528,1.66452
2669,12.1,11.2024,257.793,193.43,252.629,183.943,0,7.00148,5.09853,1.72821
2670,314.61,264.294,438.642,450.639,615.551,539.593,0,165.184,149.426,1.9046
2671,107.599,127.588,306.286,276.859,250.442,184.942,0,79.7423,27.8566,1.34933
2672,208.003,168.914,198.824,341.091,67.849,405.014,0,105.572,102.432,1.97026
2673,195.403,250.726,322.667,389.962,251.652,184.339,0,156.704,38.699,1.24696
2674,259.207,314.307,312.528,482.731,139.933,611.098,0,196.442,62.765,1.31951
2675,83.7993,104.944,564.862,472.613,615.657,539.561,0,65.59,18.2093,1.27762
2676,140.799,121.758,190.335,261.364,248.573,184.904,0,76.0987,64.7007,1.85022
2677,344.412,250.307,442.622,585.122,596.571,614.57,1,156.442,187.97,2.20153
2678,109.699,129.441,307.523,281.699,250.936,184.706,0,80.9004,28.7985,1.35597
2679,17.3,20.7058,411.904,97.8515,405.9,78.1578,0,12.9411,4.35888,1.33682
2680,50.3998,53.3912,608.257,165.805,647.627,191.926,0,33.3695,17.0303,1.51035
2681,197.403,169.897,508.02,325.908,630.313,334.076,0,106.186,91.217,1.85903
2682,344.412,310.994,435.138,528.334,585.062,616.408,1,194.371,150.041,1.77193
2683,311.41,255.843,449.566,461.343,615.663,540.291,0,159.902,151.508,1.9475
2684,147,127.087,462.246,156.2,356.023,173.683,0,79.4296,67.5702,1.85069
2685,132.799,131.812,250.802,308.526,251.24,184.456,0,82.3824,50.4165,1.61198
2686,77.4994,107.35,349.583,718.957,312.813,817.983,0,67.0941,10.4053,1.15509
2687,217.304,130.047,224.188,308.265,248.768,184.979,0,81.2793,136.025,2.67355
2688,307.91,254.375,439.281,442.143,615.581,539.614,0,158.985,148.925,1.93673
2689,38.1,43.7622,411.735,121.268,405.986,78.1756,0,27.3514,10.7486,1.39298
2690,88.9992,103.735,535.639,724.651,611.831,753.578,0,64.8344,24.1648,1.37272
2691,32.1001,22.6557,266.454,201.459,252.578,184.044,0,14.1598,17.9402,2.26698
2692,85.9993,90.3859,266.279,273.013,249.908,185.098,0,56.4912,29.5081,1.52235
2693,281.108,228.765,472.559,252.179,356.186,173.383,0,142.978,138.13,1.96609
2694,52.1998,62.4647,594.913,301.996,630.31,334.144,0,39.0404,13.1594,1.33707
2695,30.8001,34.5424,579.477,819.433,602.479,833.242,0,21.589,9.21109,1.42666
2696,158,144.753,160.669,469.563,139.485,611.223,0,90.4706,67.5299,1.74643
2697,60.7996,71.7758,570.584,351.063,630.324,334.058,0,44.8599,15.9398,1.35532
2698,344.412,97.2876,445.705,342.02,444.311,331.14,1,60.8048,283.607,5.66422
2699,90.6992,121.821,349.822,704.788,312.738,818.029,0,76.1382,14.561,1.19124
2700,169.301,159.849,533.892,449.635,615.57,539.663,0,99.9056,69.3955,1.69461
2701,281.608,234.872,430.204,341.823,355.523,174.435,0,146.795,134.813,1.91837
2702,51.7998,65.6112,591.459,229.305,648.388,198.148,0,41.007,10.7928,1.26319
2703,136.999,146.177,520.413,146.561,653.559,130.275,0,91.3604,45.6388,1.49955
2704,326.111,304.656,317.617,444.118,67.6598,405.618,0,190.41,135.701,1.71267
2705,236.505,166.665,456.496,598.393,613.269,613.217,0,104.166,132.34,2.27047
2706,14.8,14.0204,588.437,833.51,602.518,832.972,0,8.76275,6.03727,1.68897
2707,276.808,235.952,374.552,377.947,349.93,174.847,0,147.47,129.338,1.87705
2708,49.0998,54.0933,610.403,163.83,647.675,192.01,0,33.8083,15.2915,1.4523
2709,103.599,99.6089,157.841,515.041,139.605,611.24,0,62.2556,41.3434,1.66409
2710,85.0993,78.2833,583.762,671.54,613.258,612.609,0,48.9271,36.1722,1.73931
2711,77.9994,76.0894,590.04,362.514,630.359,334.429,0,47.5559,30.4435,1.64016
2712,144.3,131.425,515.711,366.361,630.372,334.126,0,82.1407,62.1589,1.75674
2713,184.402,147.994,295.334,309.305,249.901,185.067,0,92.4964,91.9057,1.99361
2714,67.3995,78.3867,331.536,232.54,349.917,174.713,0,48.9917,18.4078,1.37573
2715,222.504,209.793,280.799,375.168,251.071,184.593,0,131.121,91.3836,1.69694
2716,43.2999,44.334,295.091,196.428,253.205,183.295,0,27.7087,15.5912,1.56268
2717,158.7,147.819,181.082,350.824,67.7147,404.821,0,92.3867,66.3138,1.71779
2718,227.505,235.491,353.69,597.084,144.777,616.082,0,147.182,80.3228,1.54574
2719,199.703,191.494,380.156,314.062,349.844,174.7,0,119.684,80.019,1.66859
2720,216.304,237.643,487.034,503.406,615.665,540.28,0,148.527,67.7773,1.45633
2721,186.802,190.923,199.12,460.441,140.305,611.199,0,119.327,67.4751,1.56546
2722,344.412,277.531,408.821,558.867,584.067,616.822,1,173.457,170.955,1.98558
2723,129.199,113.546,163.528,505.452,139.507,611.249,0,70.9664,58.2322,1.82056
2724,183.302,212.762,369.212,635.758,312.516,817.979,0,132.976,50.3258,1.37846
2725,58.2997,63.9645,595.989,691.647,612.409,752.059,0,39.9778,18.3219,1.4583
2726,59.7997,71.9885,604.976,241.539,647.819,197.56,0,44.9928,14.8068,1.32909
2727,242.506,195.862,254.195,390.939,67.6548,404.875,0,122.414,120.092,1.98104
2728,284.508,234.948,460.624,344.346,356.183,173.34,0,146.843,137.665,1.9375
2729,111.399,107.364,158.015,506.256,139.532,611.155,0,67.1023,44.2966,1.66014
2730,92.0992,110.768,606.186,457.875,615.561,539.656,0,69.2298,22.8693,1.33034
2731,16.9,18.7791,583.926,835.305,602.389,833.256,0,11.737,5.16307,1.4399
2732,20,25.8576,177.276,710.823,153.486,700.736,0,16.161,3.83907,1.23755
2733,15,16.7115,339.49,187.54,349.936,174.751,0,10.4447,4.55533,1.43614
2734,193.003,205.365,518.423,506.338,615.551,539.966,0,128.353,64.6494,1.50368
2735,84.3993,86.5606,318.198,232.129,349.829,174.684,0,54.1004,30.2989,1.56005
2736,31.5001,34.0911,389.32,172.063,355.757,174.335,0,21.3069,10.1931,1.4784
2737,79.2994,81.8318,253.453,780.282,310.952,818.697,0,51.1449,28.1545,1.55048
2738,158.1,138.312,282.912,309.546,250.954,184.565,0,86.4447,71.6557,1.82892
2739,162.201,137.611,522.35,659.577,613.25,613.183,0,86.0068,76.1939,1.88591
2740,256.706,159.459,493.042,634.207,613.289,613.195,0,99.6616,157.045,2.57578
2741,235.805,183.52,545.259,518.739,613.306,612.525,0,114.7,121.105,2.05584
2742,138.999,181.902,388.198,678.859,313.623,818.431,0,113.689,25.3103,1.22263
2743,203.203,254.854,327.096,390.597,251.408,184.53,0,159.284,43.9195,1.27573
2744,8.09999,9.15458,161.131,705.539,152.847,701.781,0,5.72161,2.37838,1.41568
2745,71.1995,89.4574,530.006,780.218,611.219,754.919,0,55.9109,15.2886,1.27345
2746,140.499,172.941,302.375,681.989,312.927,818.006,0,108.088,32.4113,1.29986
2747,344.412,259.825,444.148,478.373,605.582,536.637,1,162.39,182.021,2.12089
2748,127.899,111.168,166.332,379.696,67.704,404.858,0,69.4797,58.4189,1.8408
2749,308.11,250.655,473.882,509.122,613.295,613.057,0,156.659,151.45,1.96675
2750,288.708,234.042,263.782,433.889,67.6918,404.786,0,146.277,142.432,1.97372
2751,344.412,212.781,477.903,492.993,587.438,482.454,1,132.988,211.424,2.58979
2752,177.102,184.574,396.25,292.381,355.456,174.428,0,115.359,61.7427,1.53522
2753,22.4,24.6846,412.153,101.451,405.695,78.1858,0,15.4279,6.97216,1.45192
2754,71.6995,80.7204,571.993,359.777,630.331,334.05,0,50.4503,21.2492,1.42119
2755,285.008,249.784,364.69,394.43,349.832,174.721,0,156.115,128.893,1.82563
2756,344.412,248.819,403.011,463.169,588.594,484.502,1,155.512,188.9,2.21469
2757,103.199,108.698,560.208,155.219,653.483,130.097,0,67.9365,35.2625,1.51905
2758,168.801,184.994,382.015,667.036,312.663,818.031,0,115.621,53.18,1.45995
2759,102.999,106.041,250.318,762.161,310.762,818.821,0,66.2753,36.7237,1.55411
2760,181.302,158.307,277.576,601.743,144.679,615.708,0,98.9417,82.3601,1.83241
2761,22.5,25.578,149.708,667.743,149.71,693.223,0,15.9863,6.51379,1.40746
2762,293.409,267.539,385.865,385.429,349.688,174.679,0,167.212,126.197,1.75471
2763,48.3998,58.8534,182.228,591.748,144.668,615.746,0,36.7834,11.6165,1.31581
2764,4.5,3.42102,311.097,815.022,312.723,817.981,0,2.13813,2.36186,2.10464
2765,56.6997,55.3942,598.542,126.56,653.563,129.639,0,34.6214,22.0783,1.63771
2766,282.608,240.516,409.073,347.389,355.512,174.422,0,150.322,132.286,1.88001
2767,234.005,180.499,242.963,395.839,67.7454,404.775,0,112.812,121.193,2.07429
2768,80.0993,107.731,570.552,231.648,647.883,197.836,0,67.3316,12.7677,1.18962
2769,128.199,93.8524,525.147,622.919,613.157,612.751,0,58.6578,69.5409,2.18554
2770,92.9992,89.9555,157.183,401.026,67.7425,405.399,0,56.2222,36.777,1.65414
2771,344.412,245.578,416.487,624.301,600.622,612.427,1,153.486,190.926,2.24393
2772,19.6,19.7524,599.022,550.029,616.17,541.819,0,12.3453,7.25476,1.58766
2773,187.402,163.761,197.552,351.867,67.6762,404.777,0,102.351,85.0514,1.83098
2774,60.1997,64.7715,591.932,691.35,612.397,751.881,0,40.4822,19.7175,1.48707
2775,310.01,245.643,445.812,395.675,630.311,334.135,0,153.527,156.483,2.01925
2776,176.502,159.171,525.972,401.564,630.261,334.037,0,99.4816,77.0199,1.77421
2777,46.3999,33.1582,234.681,213.638,248.74,184.894,0,20.7239,25.676,2.23896
2778,150.9,154.624,393.028,262.647,355.516,174.428,0,96.6397,54.2603,1.56147
2779,88.2992,92.7667,150.148,519.67,139.603,611.172,0,57.9792,30.32,1.52295
2780,118.499,112.139,163.995,378.757,67.6952,404.873,0,70.0871,48.4117,1.69074
2781,248.106,212.58,484.389,248.299,356.153,173.305,0,132.862,115.243,1.86739
2782,28.6001,30.5458,156.255,665.452,149.669,693.214,0,19.0911,9.50896,1.49808
2783,179.502,147.805,280.055,318.675,249.467,185.228,0,92.3783,87.1234,1.94311
2784,62.0996,67.128,276.127,777.453,310.88,818.684,0,41.955,20.1446,1.48015
2785,220.704,187.831,322.479,616.545,144.706,615.661,0,117.395,103.31,1.88002
2786,98.8991,74.6955,595.713,355.382,630.304,334.147,0,46.6847,52.2144,2.11845
2787,26.3001,32.6155,578.39,803.618,606.636,811.295,0,20.3847,5.91537,1.29019
2788,235.505,215.439,390.803,334.908,349.657,174.747,0,134.65,100.856,1.74902
2789,256.406,191.377,238.595,363.829,67.7213,404.803,0,119.611,136.796,2.14368
2790,92.0992,95.3231,542.348,722.288,611.773,753.524,0,59.577,32.5222,1.54589
2791,143.1,176.871,336.793,651.405,313.477,818.284,0,110.544,32.5554,1.2945
2792,274.408,234.467,459.231,437.606,615.624,539.705,0,146.542,127.865,1.87255
2793,238.305,207.447,424.536,316.588,355.569,174.421,0,129.654,108.651,1.838
2794,33.7001,41.847,310.314,187.598,349.657,174.681,0,26.1544,7.5457,1.28851
2795,334.811,310.626,358.529,453.575,349.671,174.627,0,194.141,140.67,1.72457
2796,315.51,304.571,311.3,466.669,67.663,404.776,0,190.357,125.153,1.65747
2797,344.412,257.64,399.31,614.232,603.314,612.272,1,161.025,183.387,2.13888
2798,60.6996,65.6445,590.211,691.97,612.054,752.731,0,41.0278,19.6718,1.47948
2799,149.9,130.481,489.526,606.345,613.307,612.404,0,81.5504,68.3495,1.83813
2800,344.412,221.366,461.101,467.682,601.353,521.776,1,138.353,206.058,2.48936
2801,65.9996,69.9502,413.359,147.832,356.041,173.704,0,43.7189,22.2807,1.50963
2802,258.707,228.206,477.919,468.189,615.477,539.792,0,142.629,116.078,1.81384
2803,186.102,176.506,522.936,416.42,630.28,334.138,0,110.316,75.7861,1.68699
2804,110.199,108.761,227.964,754.24,152.809,701.735,0,67.9753,42.2236,1.62116
2805,299.409,241.659,422.818,344.203,356.112,173.43,0,151.037,148.372,1.98235
2806,247.006,187.383,235.743,407.109,67.6969,404.773,0,117.114,129.892,2.1091
2807,183.502,161.133,234.406,333.804,249.842,185.107,0,100.708,82.794,1.82212
2808,236.505,308.389,330.971,438.303,251.095,184.554,0,192.743,43.7621,1.22705
2809,115.499,123.857,200.36,534.206,140.183,611.182,0,77.4107,38.0881,1.49203
2810,136.299,109.95,222.452,289.086,248.41,184.807,0,68.719,67.5801,1.98343
2811,93.2991,98.3413,556.47,123.498,653.582,129.61,0,61.4633,31.8359,1.51797
2812,123.799,138.037,567.728,418.028,615.554,540.091,0,86.2729,37.5258,1.43497
2813,279.508,254.902,342.543,565.788,144.672,615.702,0,159.314,120.194,1.75445
2814,190.902,218.217,437.538,678.294,313.053,818.158,0,136.385,54.517,1.39973
2815,262.507,248.61,309.359,365.319,249.083,185.061,0,155.381,107.126,1.68944
2816,112.599,116.388,562.919,386.055,630.423,333.699,0,72.7424,39.8564,1.54791
2817,174.701,148.591,199.931,316.139,249.53,185.236,0,92.8692,81.8323,1.88116
2818,268.107,221.137,395.145,334.59,349.905,174.738,0,138.211,129.897,1.93985
2819,344.412,262.898,409.686,565.734,572.157,617.767,1,164.311,180.101,2.09609
2820,199.203,245.834,372.077,607.121,312.574,818.066,0,153.646,45.557,1.29651
2821,344.412,261.056,419.817,565.189,582.107,617.319,1,163.16,181.252,2.11088
2822,127.899,152.209,513.719,695.55,612.417,752.081,0,95.1305,32.7681,1.34445
2823,113.099,130.059,117.078,494.147,67.7024,405.596,0,81.2871,31.8117,1.39135
2824,262.407,315.93,317.313,488.824,139.875,611.066,0,197.456,64.9507,1.32894
2825,196.503,192.126,219.819,479.228,140.227,611.23,0,120.079,76.4242,1.63645
2826,110.799,96.6623,227.114,278.025,249.432,185.225,0,60.414,50.3849,1.83399
2827,186.802,165.872,235.862,338.527,249.87,185.141,0,103.67,83.1324,1.8019
2828,213.904,155.081,220.21,406.465,67.6762,404.802,0,96.9255,116.978,2.20689
2829,44.3999,39.0666,576.023,619.291,613.289,613.177,0,24.4166,19.9833,1.81843
2830,102.899,112.711,188.365,534.432,140.098,611.08,0,70.4446,32.4544,1.46071
2831,51.3998,61.7872,286.392,787.4,311.451,818.368,0,38.617,12.7828,1.33101
2832,118.299,118.027,309.477,253.607,349.509,174.546,0,73.7669,44.5318,1.60368
2833,198.903,255.171,328.187,389.889,251.696,184.332,0,159.482,39.4212,1.24718
2834,113.999,126.654,596.497,441.075,615.6,539.63,0,79.1587,34.8401,1.44013
2835,291.509,127.587,177.068,658.399,149.738,693.283,0,79.7421,211.766,3.65564
2836,19.4,24.7991,304.399,800.127,312.008,818.334,0,15.4994,3.90062,1.25166
2837,18.7,20.8612,250.777,205.76,249.513,185.199,0,13.0383,5.66178,1.43424
2838,9.4,9.89969,348.409,184.767,352.168,175.701,0,6.18731,3.21269,1.51924
2839,25.2001,29.789,385.576,175.182,356.049,173.577,0,18.6181,6.58195,1.35352
2840,14.9,18.4271,635.599,134.092,653.519,129.853,0,11.5169,3.3831,1.29375
2841,210.804,262.396,391.91,630.851,312.548,817.982,0,163.997,46.8065,1.28541
2842,321.81,303.755,326.914,490.458,144.695,615.693,0,189.847,131.963,1.6951
2843,50.4998,63.0576,408.79,140.802,405.949,78.1957,0,39.411,11.0888,1.28136
2844,291.609,247.719,472.876,507.333,613.194,612.561,0,154.824,136.784,1.88348
2845,56.5997,57.1677,573.384,637.345,613.342,612.424,0,35.7298,20.8699,1.5841
2846,212.704,167.103,564.989,527.081,613.311,612.389,0,104.439,108.264,2.03662
2847,121.699,151.57,508.378,702.14,611.771,753.293,0,94.7314,26.9673,1.28467
2848,259.507,352.506,391.453,530.558,312.646,818.053,0,220.317,39.1901,1.17788
2849,105.199,96.2086,520.19,608.481,613.269,612.627,0,60.1304,45.0686,1.74951
2850,99.999,96.4809,151.616,516.194,139.653,611.085,0,60.3006,39.6985,1.65834
2851,20.2,24.7809,318.55,794.009,312.578,817.958,0,15.4881,4.71197,1.30423
2852,14.6,14.1674,637.313,206.23,648.393,198.092,0,8.85461,5.74541,1.64886
2853,204.203,258.315,384.186,604.693,312.685,817.958,0,161.447,42.7563,1.26483
2854,28.2001,24.5621,594.573,620.596,613.254,613.227,0,15.3513,12.8487,1.83698
2855,63.5996,75.6313,329.858,230.528,350.2,174.843,0,47.2696,16.33,1.34547
2856,231.005,172.063,477.207,662.569,613.35,613.195,0,107.54,123.465,2.14809
2857,22.4,28.4645,150.758,589.844,139.924,611.093,0,17.7903,4.60973,1.25911
2858,144.4,134.389,422.067,258.849,355.552,174.361,0,83.9932,60.4064,1.71918
2859,195.203,170.254,247.123,337.604,250.162,185.008,0,106.409,88.7941,1.83446
2860,5.2,5.00072,610.957,542.319,615.479,540.185,0,3.12545,2.07455,1.66376
2861,171.001,221.541,333.64,371.028,251.525,184.378,0,138.463,32.5379,1.23499
2862,54.3997,56.6406,602.874,172.496,648.651,190.818,0,35.4004,18.9994,1.5367
2863,31.0001,26.5264,93.6746,403.069,67.66,404.792,0,16.579,14.4211,1.86984
2864,344.412,242.286,417.45,496.278,589.589,486.597,1,151.429,192.983,2.27441
2865,244.906,231.767,368.461,378.168,349.703,174.628,0,144.854,100.052,1.69071
2866,39.1,45.4607,261.664,228.345,250.236,184.874,0,28.4129,10.687,1.37613
2867,109.499,112.763,553.937,686.308,612.355,752.016,0,70.477,39.0219,1.55368
2868,14.6,15.6629,614.757,333.396,630.365,334.12,0,9.78929,4.81073,1.49143
2869,71.4995,72.6514,589.422,684.341,612.357,752.044,0,45.4071,26.0924,1.57463
2870,247.106,298.238,271.789,485.593,139.912,611.15,0,186.398,60.7074,1.32569
2871,49.4998,69.6165,331.347,751.634,312.816,817.999,0,43.5103,5.98951,1.13766
2872,78.8994,82.5377,255.862,790.537,310.334,818.878,0,51.5861,27.3133,1.52947
2873,106.899,145.403,317.569,696.311,312.593,817.971,0,90.8772,16.0218,1.1763
2874,49.1998,62.5325,594.693,228.677,648.412,198.122,0,39.0828,10.117,1.25886
2875,133.899,124.067,311.728,259.763,350.025,174.828,0,77.5418,56.3572,1.7268
2876,298.009,264.791,323.541,530.291,144.66,615.575,0,165.494,132.515,1.80072
2877,22.3,27.1381,575.71,836.099,602.492,833.282,0,16.9613,5.33871,1.31476
2878,183.802,194.318,497.515,442.984,615.623,540.282,0,121.449,62.3533,1.51341
2879,344.412,118.006,314.956,401.017,307.129,390.068,1,73.754,270.658,4.66973
2880,303.209,242.436,464.447,350.207,355.76,174.253,0,151.522,151.687,2.00108
2881,159.501,134.75,286.812,299.118,249.484,185.209,0,84.2188,75.2818,1.89388
2882,138.599,129.727,439.679,236.322,355.479,174.423,0,81.0796,57.5196,1.70942
2883,242.506,207.485,280.192,373.166,248.767,185.011,0,129.678,112.828,1.87006
2884,27.2001,31.9578,160.004,596.17,144.744,616.145,0,19.9736,7.22646,1.3618
2885,344.412,296.462,373.665,440.791,337.205,185.602,1,185.288,159.123,1.85879
2886,344.412,260.954,422.417,581.155,595.564,611.895,1,163.096,181.316,2.11171
2887,26.2001,23.8741,591.946,618.473,613.263,613.225,0,14.9213,11.2787,1.75588
2888,238.805,235.948,348.177,591.288,144.764,616.149,0,147.468,91.3376,1.61937
2889,149.2,147.451,544.014,443.395,615.737,539.526,0,92.1566,57.0433,1.61898
2890,141.399,130.308,528.615,372.335,630.259,334.137,0,81.4423,59.9571,1.73619
2891,67.6995,86.5667,576.984,478.698,615.585,539.747,0,54.1042,13.5954,1.25128
2892,115.299,105.758,162.561,384.852,67.6991,404.854,0,66.099,49.1998,1.74433
2893,118.499,130.403,304.964,288.923,250.859,184.675,0,81.502,36.9967,1.45394
2894,139.199,177.86,480.788,701.664,612.308,752.388,0,111.162,28.037,1.25222
2895,344.412,308.434,443.826,529.383,571.142,617.258,1,192.771,151.64,1.78663
2896,21.9,24.8499,612.023,343.001,630.297,334.163,0,15.5312,6.36884,1.41007
2897,123.199,117.984,561.194,386.341,630.268,334.126,0,73.7399,49.4588,1.67072
2898,275.508,208.944,492.21,418.696,630.342,334.089,0,130.59,144.918,2.10972
2899,217.504,151.062,478.957,153.488,356.201,173.398,0,94.4137,123.09,2.30373
2900,108.899,105.016,252.18,763.776,310.887,818.721,0,65.6348,43.2641,1.65916
2901,214.604,175.421,503.189,391.354,630.384,334.14,0,109.638,104.966,1.95738
2902,213.804,202.202,491.729,411.063,630.26,334.126,0,126.377,87.4273,1.6918
2903,199.203,159.94,301.16,635.325,144.743,615.675,0,99.9627,99.2403,1.99277
2904,344.412,101.739,315.959,404.34,307.012,390.861,1,63.5866,280.825,5.41642
2905,156.2,133.646,480.96,175.983,356.101,173.527,0,83.5288,72.6715,1.87002
2906,171.701,142.148,296.974,303.116,251.115,184.571,0,88.8422,82.859,1.93265
2907,0,0,620.667,538.677,620.667,538.677,0,0,0,0
2908,320.41,212.937,459.594,684.321,613.263,612.54,0,133.086,187.324,2.40755
2909,23.2001,24.0358,405.745,102.239,406.027,78.1741,0,15.0224,8.17768,1.54437
2910,132.299,166.294,479.901,713.566,611.968,752.813,0,103.934,28.365,1.27291
2911,46.4999,45.4536,297.622,182.73,253.51,182.745,0,28.4085,18.0914,1.63683
2912,344.412,67.1025,285.283,347.712,284.895,350.303,1,41.9391,302.473,8.2122
2913,16.3,17.9109,584.698,832.329,602.419,833.311,0,11.1943,5.10569,1.4561
2914,73.7994,103.788,350.254,724.243,313.195,818.235,0,64.8677,8.93174,1.13769
2915,125.099,155.433,307.034,699.952,312.329,818.131,0,97.1459,27.9528,1.28774
2916,265.507,251.157,288.706,408.182,249.943,185.11,0,156.973,108.534,1.69142
2917,56.3997,71.9075,215.699,625.579,144.844,615.775,0,44.9422,11.4575,1.25494
2918,0,0,617.196,612.68,617.196,612.68,0,0,0,0
2919,92.1992,90.558,223.455,269.643,249.08,185.077,0,56.5988,35.6004,1.629
2920,234.305,184.463,249.82,352.599,248.615,184.894,0,115.29,119.015,2.03232
2921,313.31,279.406,360.826,420.433,349.796,174.744,0,174.629,138.681,1.79415
2922,16.1,19.1569,635.319,133.698,653.516,130.061,0,11.973,4.12698,1.34469
2923,163.501,192.204,413.337,685.257,313.26,818.225,0,120.128,43.3733,1.36106
2924,245.706,239.92,285.052,394.53,250.161,185.008,0,149.95,95.756,1.63859
2925,52.7998,59.4746,579.654,328.321,630.303,334.061,0,37.1716,15.6281,1.42043
2926,75.8994,101.686,338.051,719.821,312.811,818.02,0,63.5538,12.3456,1.19425
2927,0,0,355.208,172.749,355.208,172.749,0,0,0,0
2928,122.699,155.826,309.125,694.197,312.316,818.133,0,97.3912,25.3075,1.25985
2929,222.104,196.261,444.209,315.165,355.431,174.409,0,122.663,99.4415,1.81069
2930,333.411,252.301,433.338,391.203,630.369,334.136,0,157.688,175.723,2.11437
2931,78.0994,84.4231,332.412,238.77,349.859,174.776,0,52.7644,25.3349,1.48015
2932,159.401,158.971,532.035,444.867,615.64,539.57,0,99.3567,60.0438,1.60433
2933,134.499,127.789,145.136,493.108,139.558,611.222,0,79.8681,54.6309,1.68401
2934,87.4992,91.8312,567.547,140.395,653.461,129.841,0,57.3945,30.1047,1.52452
2935,220.104,195.578,449.205,302.716,355.467,174.409,0,122.236,97.8683,1.80065
2936,34.7,45.4043,585.636,338.464,630.257,333.978,0,28.3777,6.32238,1.22279
2937,9,10.2862,602.195,749.552,611.773,753.289,0,6.42886,2.57114,1.39994
2938,72.9995,86.8071,536.686,750.76,611.145,755.151,0,54.2544,18.7451,1.3455
2939,4.3,3.49089,655.189,201.764,654.097,198.449,0,2.1818,2.11819,1.97084
2940,5.2,5.06596,153.098,689.099,151.383,693.866,0,3.16623,2.03377,1.64233
2941,43.3999,37.757,105.427,405.858,67.6794,405.617,0,23.5981,19.8018,1.83912
2942,56.8997,51.937,118.041,396.258,67.7486,404.77,0,32.4607,24.4391,1.75288
2943,312.11,294.732,339.636,530.636,144.655,615.638,0,184.208,127.902,1.69434
2944,1.1,0.40935,654.835,133.942,655.096,133.627,0,0.255844,0.844157,4.2995
2945,161.801,145.039,455.439,215.77,356.064,173.414,0,90.6492,71.1515,1.78491
2946,304.209,315.307,381.37,532.585,144.797,616.188,0,197.067,107.143,1.54369
2947,344.412,254.808,450.296,485.994,602.422,531.717,1,159.255,185.157,2.16264
2948,47.3998,56.1996,616.69,243.916,635.85,282.396,0,35.1247,12.2751,1.34947
2949,38.9,43.7433,615.431,172.724,648.607,190.801,0,27.3396,11.5604,1.42285
2950,300.909,197.8,538.148,525.152,613.298,612.53,0,123.625,177.284,2.43405
2951,74.9994,80.0785,147,395.773,67.7494,404.783,0,50.049,24.9504,1.49852
2952,177.302,178.994,516.043,449.031,615.575,539.652,0,111.871,65.4303,1.58487
2953,102.699,138.513,324.281,697.617,312.572,817.996,0,86.5706,16.1284,1.1863
2954,42.7999,45.2173,556.908,834.361,602.364,833.326,0,28.2608,14.5391,1.51446
2955,11.5,12.883,636.603,203.671,648.001,197.984,0,8.05191,3.4481,1.42823
2956,61.9996,63.538,599.121,147.108,653.617,130.39,0,39.7112,22.2884,1.56126
2957,198.103,199.528,392.669,308.415,349.553,174.605,0,124.705,73.3979,1.58857
2958,1.3,0.553346,401.359,70.88,401.858,71.1197,0,0.345841,0.954159,3.75895
2959,148.2,133.866,452.692,223.935,356.059,173.486,0,83.6663,64.5336,1.77132
2960,78.9994,94.1235,549.24,498.185,615.67,540.457,0,58.8272,20.1722,1.34291
2961,302.809,304.307,377.671,542.984,144.805,616.111,0,190.192,112.617,1.59212
2962,61.8996,77.124,209.783,690.517,153.542,700.574,0,48.2025,13.6971,1.28416
2963,12.8,15.1047,137.681,635.924,140.032,620.95,0,9.44044,3.35957,1.35587
2964,344.412,283.716,404.954,579.696,577.505,617.87,1,177.323,167.089,1.94229
2965,201.203,193.576,363.569,285.332,349.885,174.738,0,120.985,80.2179,1.66304
2966,267.707,212.256,477.867,410.14,630.332,334.143,0,132.66,135.047,2.018
2967,225.505,227.312,466.89,439.163,615.616,540.448,0,142.07,83.4348,1.58728
2968,251.606,226.819,291.343,385.691,249.863,185.081,0,141.762,109.844,1.77485
2969,160.201,129.377,524.73,668.339,613.303,613.212,0,80.8604,79.3401,1.9812
2970,228.005,185.776,210.052,327.051,248.844,184.981,0,116.11,111.895,1.96369
2971,274.208,223.676,392.558,333.184,349.715,174.696,0,139.798,134.41,1.96146
2972,243.706,206.24,475.305,402.574,630.288,334.114,0,128.9,114.805,1.89065
2973,259.007,222.339,485.196,255.159,356.139,173.41,0,138.962,120.045,1.86387
2974,344.412,223.708,431.262,615.383,606.218,613.235,1,139.818,204.594,2.46329
2975,208.604,254.262,281.669,518.054,139.975,611.056,0,158.914,49.6898,1.31268
2976,331.111,238.801,433.951,610.533,613.206,612.576,0,149.251,181.86,2.21849
2977,344.412,118.624,446.937,526.568,425.252,542.703,1,74.1399,270.272,4.64543
2978,59.9997,63.3681,602.24,153.246,653.66,130.365,0,39.6051,20.3946,1.51495
2979,46.0999,61.739,184.882,654.629,149.758,693.174,0,38.5869,7.51299,1.1947
2980,219.104,284.714,334.137,415.328,251.615,184.396,0,177.946,41.1578,1.23129
2981,271.007,166.351,553.57,543.09,613.2,612.564,0,103.969,167.038,2.60661
2982,44.9999,51.9027,608.594,166.73,648.601,190.761,0,32.4392,12.5607,1.38721
2983,2.6,1.73572,313.763,816.487,313.325,818.167,0,1.08482,1.51518,2.3967
2984,61.1996,79.3131,584.04,477.44,615.641,539.657,0,49.5707,11.6289,1.23459
2985,213.804,253.09,257.32,529.585,139.943,611.113,0,158.181,55.6227,1.35164
2986,33.2001,44.3377,280.064,799.209,312.066,818.218,0,27.7111,5.48899,1.19808
2987,224.204,212.737,389.322,325.631,349.935,174.76,0,132.96,91.244,1.68625
2988,195.403,161.01,212.087,366.239,67.6864,404.812,0,100.632,94.7712,1.94176
2989,231.405,222.154,293.734,374.565,251.313,184.466,0,138.846,92.5589,1.66663
2990,197.503,161.726,178.566,299.58,248.147,184.673,0,101.079,96.4239,1.95395
2991,231.605,222.38,369.197,368.998,349.564,174.627,0,138.988,92.6173,1.66637
2992,276.408,235.839,409.592,345.268,355.54,174.445,0,147.399,129.008,1.87523
2993,160.601,119.757,164.181,426.748,67.7045,405.599,0,74.8481,85.7525,2.14569
2994,224.605,210.277,368.054,356.909,349.674,174.72,0,131.423,93.1814,1.70902
2995,309.01,193.07,446.928,638.172,613.32,613.211,0,120.669,188.341,2.56081
2996,45.8999,41.1677,285.837,206.7,252.463,184.047,0,25.7298,20.17,1.78392
2997,107.699,125.69,111.439,484.778,67.6575,405.468,0,78.5561,29.1428,1.37098
2998,147.5,133.093,223.307,590.717,144.816,615.767,0,83.1832,64.3166,1.77319
2999,10.3,12.0463,641.679,128.826,653.493,129.881,0,7.52892,2.77109,1.36806
3000,121.199,152.643,313.227,689.576,312.397,818.057,0,95.4021,25.7966,1.2704
3001,75.9994,82.0945,571.676,130.839,653.629,129.603,0,51.3091,24.6904,1.48121
3002,344.412,188.963,418.115,511.443,538.947,443.985,1,118.102,226.31,2.91623
3003,330.411,289.668,418.842,416.569,630.378,334.126,0,181.043,149.368,1.82504
3004,40.8999,54.124,324.765,765.957,312.845,818.057,0,33.8275,7.07244,1.20907
3005,344.412,233.475,412.947,506.023,580.336,458.567,1,145.922,198.49,2.36025
3006,125.699,141.348,605.213,433.494,615.572,540.3,0,88.3426,37.3561,1.42286
3007,20.5,18.3599,85.8836,405.13,67.6856,405.583,0,11.4749,9.02512,1.78651
3008,51.9998,62.9493,185.472,660.425,149.653,693.175,0,39.3433,12.6564,1.32169
3009,252.206,280.254,323.025,405.221,250.292,184.891,0,175.159,77.0475,1.43987
3010,38,50.2992,577.423,786.831,606.558,811.492,0,31.437,6.56297,1.20877
3011,178.102,173.667,420.69,296.092,355.467,174.396,0,108.542,69.5597,1.64085
3012,204.403,165.158,303.707,627.618,144.842,616.134,0,103.224,101.179,1.98019
3013,344.412,265.884,440.587,507.96,599.525,518.702,1,166.178,178.234,2.07255
3014,305.309,286.694,340.019,539.195,144.643,615.631,0,179.184,126.126,1.70389
3015,293.509,283.845,360.924,550.231,144.762,616.113,0,177.403,116.106,1.65447
3016,136.399,156.005,542.465,213.408,647.673,191.919,0,97.5031,38.8961,1.39892
3017,98.1991,125.928,514.004,734.792,611.114,755.181,0,78.705,19.4941,1.24769
3018,193.503,193.642,512.047,462.808,615.578,539.631,0,121.026,72.4762,1.59885
3019,194.303,144.908,201.55,413.483,67.6638,405.6,0,90.5678,103.735,2.14538
3020,135.899,153.995,539.861,213.212,648.518,190.793,0,96.2468,39.6523,1.41199
3021,220.904,156.606,500.521,174.16,356.201,173.449,0,97.879,123.025,2.25691
3022,17.1,17.2564,603.854,553.144,616.434,542.12,0,10.7852,6.3148,1.5855
3023,344.412,248.216,451.458,463.811,606.82,541.789,1,155.135,189.277,2.22008
3024,285.508,232.822,484.568,510.783,613.251,612.51,0,145.514,139.994,1.96207
3025,203.203,188.972,404.88,297.215,355.508,174.43,0,118.108,85.0957,1.72049
3026,50.7998,59.5997,409.506,157.496,355.984,173.646,0,37.2498,13.55,1.36376
3027,275.508,236.169,465.646,454.65,615.627,539.571,0,147.606,127.902,1.86651
3028,88.9992,118.713,266.253,735.084,153.737,700.208,0,74.1957,14.8035,1.19952
3029,70.4995,69.2879,584.721,127.65,653.608,129.602,0,43.3049,27.1946,1.62798
3030,3.3,2.64422,628.334,331.977,630.893,332.643,0,1.65264,1.64736,1.99681
3031,61.5996,54.8585,210.643,215.559,248.784,185.012,0,34.2865,27.3131,1.79661
3032,119.899,154.679,308.989,701.792,312.389,818.087,0,96.6746,23.2242,1.24023
3033,170.901,151.473,336.495,292.111,349.496,174.544,0,94.6704,76.2308,1.80522
3034,344.412,205.287,472.798,474.735,591.286,491.354,1,128.304,216.107,2.68433
3035,344.412,102.376,308.326,398.994,306.436,391.008,1,63.9851,280.427,5.38268
3036,246.006,300.507,307.597,493.135,139.864,611.183,0,187.817,58.189,1.30982
3037,344.412,282.845,423.973,565.412,594.966,611.869,1,176.778,167.633,1.94827
3038,73.0995,77.9715,144.99,401.906,67.6533,405.629,0,48.7322,24.3673,1.50003
3039,247.106,219.476,261.186,376.084,249.079,185.12,0,137.173,109.933,1.80142
3040,69.4995,79.1336,174.387,560.576,140.151,611.16,0,49.4585,20.041,1.40521
3041,127.899,121.8,255.856,643.656,144.846,616.195,0,76.1248,51.7738,1.68012
3042,52.1998,68.4359,203.972,695.84,153.628,700.689,0,42.7725,9.42731,1.22041
3043,319.81,303.541,365.423,531.495,144.698,615.649,0,189.713,130.097,1.68576
3044,149.5,97.7806,546.196,646.641,613.272,613.222,0,61.1129,88.3871,2.44629
3045,58.8997,62.995,597.119,144.949,653.605,129.63,0,39.3719,19.5278,1.49598
3046,280.608,280.919,351.28,541.652,144.733,615.667,0,175.574,105.034,1.59823
3047,78.1994,70.1212,398.196,194.778,356.107,173.572,0,43.8257,34.3737,1.78433
3048,46.7999,40.2973,576.478,621.915,613.289,612.394,0,25.1858,21.614,1.85818
3049,40,48.1948,325.912,199.127,349.993,174.771,0,30.1218,9.87819,1.32794
3050,122.799,113.524,248.869,639.938,144.782,615.793,0,70.9528,51.8459,1.73071
3051,84.3993,91.3954,121.548,453.443,67.8018,405.164,0,57.1221,27.2772,1.47752
3052,169.201,140.296,288.867,306.323,250.373,184.942,0,87.6848,81.5164,1.92965
3053,44.9999,56.2568,596.678,307.931,630.372,334.062,0,35.1605,9.83941,1.27984
3054,184.302,210.122,351.538,626.84,312.641,818.032,0,131.326,52.9756,1.40339
3055,102.899,103.253,373.173,209.335,355.533,174.418,0,64.5333,38.3657,1.59451
3056,245.506,201.812,250.315,366.969,249.116,185.101,0,126.133,119.373,1.94641
3057,140.699,142.436,269.358,617.457,144.818,616.167,0,89.0225,51.6769,1.58049
3058,255.006,223.993,480.255,464.292,615.561,539.657,0,139.996,115.011,1.82153
3059,32.7001,43.9057,309.822,190.795,350.415,174.997,0,27.441,5.25904,1.19165
3060,15.1,16.181,147.207,677.49,149.463,693.232,0,10.1131,4.9869,1.49311
3061,290.208,260.443,298.422,435.807,67.7444,404.825,0,162.777,127.432,1.78286
3062,64.9996,65.5665,593.822,174.804,648.632,190.777,0,40.9791,24.0205,1.58616
3063,275.608,322.51,322.025,479.905,139.947,611.072,0,201.569,74.039,1.36731
3064,185.302,208.677,518.284,506.418,615.608,540.341,0,130.423,54.8791,1.42078
3065,246.806,228.237,475.64,460.044,615.66,540.302,0,142.648,104.158,1.73017
3066,12.3,15.9814,316.74,802.821,312.436,818.092,0,9.98835,2.31166,1.23144
3067,90.2992,105.559,244.492,742.198,152.722,701.847,0,65.9743,24.3249,1.3687
3068,0,0,603.898,832.841,603.898,832.841,0,0,0,0
3069,24.5001,29.3988,624.305,129.275,653.534,130.043,0,18.3742,6.12583,1.33339
3070,180.602,213.604,421.425,697.886,312.889,817.98,0,133.503,47.0992,1.3528
3071,86.0993,112.539,570.005,226.297,647.976,197.9,0,70.3369,15.7624,1.2241
3072,299.409,268.196,400.27,378.482,349.905,174.686,0,167.622,131.787,1.78621
3073,298.409,260.617,235.023,476.712,67.6107,405.646,0,162.886,135.523,1.83201
3074,70.0995,95.586,232.65,682.665,149.551,693.253,0,59.7413,10.3582,1.17338
3075,83.1993,100.585,221.5,752.264,152.501,701.785,0,62.8656,20.3337,1.32345
3076,36.9,46.9856,564.393,806.707,606.508,811.532,0,29.366,7.53404,1.25656
3077,163.501,147.475,316.984,297.644,250.806,184.709,0,92.172,71.3287,1.77387
3078,151,164.879,529.528,437.455,615.689,540.305,0,103.049,47.9508,1.46532
3079,199.303,170.802,278.615,340.189,250.834,184.689,0,106.751,92.5519,1.86699
3080,185.202,171.974,349.815,315.646,349.7,174.571,0,107.484,77.7183,1.72307
3081,218.304,148.983,488.499,623.021,613.277,613.23,0,93.1142,125.19,2.34448
3082,344.412,278.143,411.944,436.611,609.206,541.189,1,173.839,170.572,1.98121
3083,72.5995,88.7734,223.646,740.11,152.651,701.84,0,55.4834,17.1161,1.30849
3084,96.3991,127.759,252.817,697.279,149.53,693.196,0,79.8493,16.5498,1.20726
3085,46.6999,61.7318,202.231,630.146,144.673,615.688,0,38.5824,8.11747,1.21039
3086,189.402,164.06,196.491,352.092,67.6491,404.815,0,102.537,86.8649,1.84715
3087,328.211,190.238,525.5,546.157,613.176,612.599,0,118.899,209.312,2.76042
3088,71.6995,69.9307,583.363,692.953,612.029,752.788,0,43.7067,27.9928,1.64047
3089,29.1001,34.361,154.759,642.93,139.955,620.903,0,21.4756,7.62448,1.35503
3090,32.9001,32.7955,285.003,185.259,253.394,182.931,0,20.4972,12.4029,1.6051
3091,332.111,310.512,343.03,491.208,144.667,615.706,0,194.07,138.041,1.7113
3092,40.4,44.8386,80.3567,437.327,67.7333,405.621,0,28.0241,12.3758,1.44161
3093,166.601,176.627,601.071,407.54,615.624,539.603,0,110.392,56.2094,1.50918
3094,75.0994,103.214,570.372,235.699,648.048,197.999,0,64.5086,10.5909,1.16418
3095,286.608,186.337,457.522,640.213,613.347,613.206,0,116.461,170.147,2.46098
3096,202.203,172.415,226.259,342.606,250.335,184.939,0,107.759,94.444,1.87644
3097,0,0,313.754,820.961,313.754,820.961,0,0,0,0
3098,282.908,249.734,319.378,542.013,144.724,615.664,0,156.084,126.824,1.81254
3099,274.608,320.25,321.186,486.995,139.894,611.059,0,200.156,74.4514,1.37197
3100,7.4,7.96827,594.337,834.348,602.415,833.253,0,4.98017,2.41983,1.48589
3101,41.8999,51.7923,598.742,703.161,612.312,752.094,0,32.3702,9.52977,1.2944
3102,308.81,278.547,329.91,516.771,144.655,615.592,0,174.092,134.718,1.77383
3103,109.999,104.77,533.33,336.406,630.371,334.5,0,65.4811,44.5178,1.67986
3104,14.6,15.4519,596.239,800.595,606.589,811.355,0,9.65744,4.94258,1.51179
3105,200.803,216.415,262.162,504.177,140.103,611.106,0,135.259,65.544,1.48458
3106,132.099,129.336,281.041,296.861,249.581,185.239,0,80.835,51.2638,1.63418
3107,56.3997,59.2992,162.825,568.612,139.91,611.059,0,37.062,19.3377,1.52177
3108,45.6999,54.0983,617.621,247.207,635.943,282.525,0,33.8114,11.8884,1.35161
3109,74.4994,85.618,582.155,291.046,630.381,334.445,0,53.5113,20.9882,1.39222
3110,190.202,138.397,481.217,169.794,356.246,173.364,0,86.4982,103.704,2.19892
3111,274.108,172.029,456.38,594.766,613.354,613.172,0,107.518,166.589,2.5494
3112,257.907,157.522,487.515,629.965,613.359,613.152,0,98.451,159.456,2.61964
3113,289.808,245.515,461.189,465.059,615.558,539.559,0,153.447,136.362,1.88866
3114,53.9997,64.2143,120.231,564.903,139.944,611.153,0,40.1339,13.8658,1.34549
3115,102.399,99.2272,171.801,534.861,139.708,611.124,0,62.017,40.382,1.65114
3116,146.5,166.955,515.899,205.629,647.751,191.813,0,104.347,42.1527,1.40397
3117,166.001,191.038,332.44,637.987,312.741,818.046,0,119.399,46.6019,1.3903
3118,193.003,178.668,522.598,418.794,630.376,334.149,0,111.667,81.3352,1.72837
3119,267.607,240.433,367.849,382.59,349.638,174.559,0,150.271,117.336,1.78083
3120,8.9,9.94838,403.296,87.7849,405.837,78.1552,0,6.21773,2.68226,1.43139
3121,189.802,167.174,235.562,341.457,250.04,184.988,0,104.484,85.3186,1.81657
3122,32.7001,36.97,581.462,763.658,611.152,754.965,0,23.1063,9.59381,1.4152
3123,237.505,196.959,263.043,355.816,248.42,184.823,0,123.099,114.406,1.92938
3124,290.709,252.741,400.389,366.881,349.822,174.73,0,157.963,132.746,1.84036
3125,344.412,314.386,387.572,447.318,338.627,181.258,1,196.491,147.921,1.75281
3126,33.9001,35.3024,267.473,214.924,252.461,184.029,0,22.064,11.8361,1.53644
3127,27.9001,36.0443,603.962,573.568,616.412,542.23,0,22.5277,5.37241,1.23848
3128,198.103,171.874,474.106,569.07,613.354,613.224,0,107.421,90.6815,1.84417
3129,36.9,42.9888,611.722,137.607,653.575,129.98,0,26.868,10.032,1.37338
3130,106.299,136.589,345.894,691.407,312.849,818.011,0,85.3679,20.9311,1.24519
3131,89.7992,91.6228,332.452,244.771,349.959,174.805,0,57.2643,32.5349,1.56815
3132,145.5,128.524,213.68,306.879,249.255,185.241,0,80.3276,65.1721,1.81133
3133,180.202,169.235,519.616,407.317,630.283,334.095,0,105.772,74.43,1.70369
3134,208.404,252.233,401.472,630.083,312.638,818.003,0,157.646,50.7577,1.32197
3135,165.801,134.438,205.677,304.618,248.266,184.82,0,84.0239,81.777,1.97326
3136,98.3991,135.652,326.94,697.093,312.75,818.002,0,84.7824,13.6167,1.16061
3137,50.2998,66.8551,208.318,622.944,144.776,615.761,0,41.7845,8.51535,1.20379
3138,287.708,180.358,518.887,545.685,613.36,612.412,0,112.724,174.984,2.55233
3139,248.206,298.845,281.12,479.483,139.904,611.131,0,186.778,61.4281,1.32888
3140,319.41,335.891,359.697,473.843,144.744,616.081,0,209.932,109.478,1.52149
3141,78.2994,80.8234,584.62,185.353,648.632,190.78,0,50.5146,27.7847,1.55003
3142,160.901,169.755,522.288,443.219,615.521,540.192,0,106.097,54.8038,1.51654
3143,45.4999,61.4126,595.71,228.262,648.401,198.185,0,38.3828,7.11703,1.18542
3144,100.699,131.113,538.811,196.163,647.652,191.654,0,81.9457,18.7533,1.22885
3145,197.903,162.332,443.759,269.607,356.182,173.41,0,101.458,96.4454,1.9506
3146,180.802,182.784,376.614,304.777,350.045,174.84,0,114.24,66.5621,1.58265
3147,287.508,262.766,318.819,529.954,144.733,615.662,0,164.229,123.28,1.75066
3148,40.3,49.2756,611.724,256.937,635.987,282.487,0,30.7973,9.50269,1.30856
3149,344.412,265.967,399.925,484.658,592.573,493.651,1,166.229,178.182,2.07191
3150,80.1993,100.695,564.192,478.811,615.729,540.431,0,62.9343,17.265,1.27433
3151,208.003,202.534,495.404,451.755,615.628,539.607,0,126.584,81.4196,1.64321
3152,107.099,105.981,204.777,563.671,144.788,615.77,0,66.238,40.861,1.61688
3153,58.4997,72.9054,210.215,675.259,149.732,693.185,0,45.5659,12.9338,1.28385
3154,158.3,143.361,444.111,246.876,355.505,174.434,0,89.6007,68.6998,1.76673
3155,141.899,145.673,268.252,657.638,144.796,616.213,0,91.0456,50.8538,1.55855
3156,34.8,41.6293,179.204,672.597,150.121,693.254,0,26.0183,8.78176,1.33752
3157,133.899,168.207,479.123,711.273,612.019,752.811,0,105.129,28.7698,1.27366
3158,213.504,191.253,287.02,342.37,250.821,184.707,0,119.533,93.9707,1.78615
3159,93.3991,88.314,544.401,597.343,613.157,612.654,0,55.1962,38.2029,1.69213
3160,107.599,135.372,349.002,690.941,312.882,818,0,84.6078,22.9911,1.27174
3161,101.299,96.9755,606.064,708.22,612.447,751.893,0,60.6097,40.6893,1.67133
3162,95.5991,107.153,565.757,468.413,615.462,539.843,0,66.9705,28.6286,1.42748
3163,225.805,238.546,276.036,534.885,144.704,615.679,0,149.091,76.7136,1.51454
3164,115.399,127.679,303.334,286.808,250.959,184.63,0,79.7992,35.5996,1.44611
3165,30.0001,34.4606,142.467,654.038,139.951,620.839,0,21.5379,8.46218,1.3929
3166,125.899,165.544,541.511,279.054,648.062,197.76,0,103.465,22.4334,1.21682
3167,42.1999,45.5949,608.278,132.995,653.487,130.08,0,28.4968,13.7031,1.48086
3168,193.203,154.672,192.13,318.935,249.373,185.249,0,96.6701,96.5325,1.99858
3169,336.911,276.043,426.981,427.256,615.604,539.625,0,172.527,164.384,1.9528
3170,122.199,137.685,213.63,534.703,140.068,611.121,0,86.0529,36.1458,1.42004
3171,322.11,324.369,351.757,476.79,144.812,616.085,0,202.73,119.38,1.58886
3172,119.799,110.614,248.634,637.188,144.72,615.56,0,69.1339,50.6648,1.73285
3173,229.205,196.221,474.393,544.152,613.288,612.402,0,122.638,106.567,1.86895
3174,63.4996,72.871,198.431,638.7,144.744,616.059,0,45.5444,17.9552,1.39424
3175,203.603,250.431,395.579,641.498,312.681,817.981,0,156.52,47.0837,1.30082
3176,310.11,269.638,302.309,425.785,67.7224,404.797,0,168.524,141.586,1.84016
3177,17.5,21.1004,414.344,97.3557,408.786,76.9788,0,13.1877,4.3123,1.32699
3178,23.3001,28.1135,134.805,586.139,139.85,611.161,0,17.571,5.7291,1.32606
3179,39.1,38.7818,577.304,600.261,613.276,612.382,0,24.2386,14.8614,1.61313
3180,314.51,285.449,378.748,418.001,349.917,174.803,0,178.406,136.104,1.76289
3181,23.1001,26.9921,626.763,131.433,653.459,129.959,0,16.87,6.23001,1.36929
3182,69.3995,67.1677,133.586,394.917,67.7003,404.782,0,41.9798,27.4197,1.65316
3183,107.799,103.911,566.572,321.411,630.363,333.722,0,64.9443,42.8547,1.65987
3184,283.908,252.512,452.261,415.201,615.519,540.131,0,157.82,126.088,1.79894
3185,3.9,2.79259,645.275,189.909,647.88,191.346,0,1.74537,2.15463,2.23449
3186,77.0994,74.5399,266.538,257.005,250.154,185.034,0,46.5874,30.512,1.65494
3187,312.71,203.487,437.697,636.606,613.266,613.192,0,127.18,185.53,2.4588
3188,52.8998,64.3589,411.263,141.743,405.855,78.2225,0,40.2243,12.6754,1.31512
3189,304.209,249.459,471.549,504.794,613.344,612.535,0,155.912,148.297,1.95116
3190,256.906,212.957,512.057,514.682,613.157,612.552,0,133.098,123.808,1.93021
3191,316.61,289.239,335.317,505.716,144.637,615.689,0,180.775,135.836,1.75141
3192,17.9,20.2331,332.619,184.066,349.898,174.839,0,12.6457,5.25434,1.4155
3193,125.199,142.046,567.465,415.019,615.697,539.556,0,88.7788,36.4198,1.41023
3194,344.412,109.372,564.631,182.155,563.714,181.813,1,68.3576,276.054,5.03839
3195,140.399,119.735,217.995,298.517,249.736,185.183,0,74.8342,65.5652,1.87614
3196,37.8,41.8498,81.9209,434.331,67.7456,405.575,0,26.1561,11.6439,1.44517
3197,108.599,124.489,278.607,730.364,311.924,818.303,0,77.8054,30.7935,1.39578
3198,236.805,317.957,395.655,556.119,312.7,817.971,0,198.723,38.0824,1.19164
3199,253.106,244.815,287.831,402.929,249.926,185.072,0,153.01,100.097,1.65419
3200,179.602,154.1,279.736,324.991,251.079,184.611,0,96.3124,83.2893,1.86478
3201,334.911,275.397,417.994,380.102,630.354,334.072,0,172.123,162.788,1.94577
3202,344.412,271.418,425.758,425.581,605.451,540.302,1,169.636,174.776,2.0303
3203,211.604,193.838,491.664,403.246,630.269,334.125,0,121.149,90.4551,1.74665
3204,111.999,148.372,316.845,692.783,312.699,817.966,0,92.7324,19.2665,1.20776
3205,33.7001,45.8376,616.927,255.878,635.961,282.398,0,28.6485,5.05154,1.17633
3206,344.412,278.497,418.675,568.283,596.158,611.866,1,174.06,170.351,1.97869
3207,45.3999,47.3859,606.375,127.348,653.464,129.979,0,29.6162,15.7837,1.53294
3208,114.899,106.147,358.093,225.286,349.786,174.676,0,66.3416,48.5572,1.73193
3209,78.7994,83.3994,554.943,719.401,611.757,753.402,0,52.1246,26.6748,1.51175
3210,344.412,253.498,446.491,489.924,603.225,528.258,1,158.436,185.975,2.17382
3211,19.3,23.4185,315.406,794.952,312.629,817.984,0,14.6366,4.66346,1.31862
3212,98.8991,135.891,257.221,663.852,149.525,693.169,0,84.9319,13.9672,1.16445
3213,191.702,146.061,492.222,617.118,613.331,613.213,0,91.2883,100.414,2.09997
3214,275.908,231.037,249.455,443.129,67.5098,405.94,0,144.398,131.51,1.91075
3215,171.401,122.16,509.424,643.693,613.263,613.218,0,76.35,95.0513,2.24494
3216,45.2999,52.5676,573.965,788.233,606.359,812.097,0,32.8548,12.4451,1.37879
3217,79.8994,106.092,561.927,199.549,648.399,190.765,0,66.3077,13.5917,1.20498
3218,118.799,128.362,526.888,118.185,653.635,129.632,0,80.2265,38.5723,1.48079
3219,344.412,251.98,395.973,617.709,594.71,615.232,1,157.488,186.924,2.18691
3220,128.499,143.423,367.75,259.269,349.522,174.627,0,89.6395,38.8591,1.4335
3221,107.399,106.169,375.007,212.415,355.609,174.447,0,66.3557,41.0432,1.61853
3222,282.508,232.713,268.086,430.803,67.673,404.826,0,145.445,137.063,1.94236
3223,157.1,141.215,160.012,473.158,139.524,611.253,0,88.2596,68.8408,1.77998
3224,71.7995,83.0212,295.974,227.758,250.374,184.935,0,51.8883,19.9112,1.38373
3225,149.1,128.673,463.504,155.657,355.797,174.202,0,80.4206,68.6793,1.854
3226,344.412,291.279,437.288,555.49,597.905,611.486,1,182.049,162.363,1.89186
3227,335.611,254.921,450.373,459.78,615.558,540.364,0,159.326,176.286,2.10645
3228,57.1997,52.7649,598.286,645.881,613.343,613.233,0,32.978,24.2217,1.73448
3229,89.9992,100.014,208.536,568.046,144.737,615.599,0,62.5086,27.4906,1.43979
3230,0,0,151.833,695.341,151.833,695.341,0,0,0,0
3231,319.51,268.745,466.884,490.684,613.198,612.665,0,167.965,151.545,1.90224
3232,109.599,108.872,406.403,232.01,355.513,174.41,0,68.0447,41.5542,1.61069
3233,177.502,162.417,211.464,364.486,67.6397,404.79,0,101.511,75.9911,1.7486
3234,166.101,167.681,374.858,290.538,350.028,174.808,0,104.801,61.3004,1.58492
3235,110.399,118.793,536.713,127.463,653.66,129.746,0,74.2454,36.1535,1.48695
3236,238.505,224.742,381.517,358.648,349.912,174.671,0,140.464,98.0415,1.69798
3237,40.7999,43.8444,611.428,137.708,653.485,130.019,0,27.4028,13.3972,1.4889
3238,344.412,209.719,465.375,467.594,595.748,505.741,1,131.074,213.338,2.62761
3239,231.305,197.341,505.892,426.295,630.308,334.124,0,123.338,107.967,1.87538
3240,336.311,299.75,417.399,421.387,630.361,334.01,0,187.344,148.967,1.79516
3241,148.5,132.684,284.042,297.839,250.337,184.946,0,82.9275,65.5724,1.79072
3242,170.401,114.755,546.329,660.366,613.262,613.193,0,71.7216,98.6796,2.37587
3243,88.6992,102.128,279.166,281.192,250.447,184.933,0,63.83,24.8692,1.38962
3244,164.301,167.167,179.964,464.256,139.568,611.238,0,104.479,59.8215,1.57257
3245,27.6001,35.6996,173.572,673.246,149.808,693.183,0,22.3122,5.28782,1.23699
3246,18.7,23.1215,161.171,675.025,149.738,693.237,0,14.4509,4.24911,1.29404
3247,88.6992,121.823,251.705,704.219,152.889,701.698,0,76.1391,12.5601,1.16496
3248,156.1,124.005,493.966,602.384,613.337,613.155,0,77.5034,78.597,2.01411
3249,20.8,20.7503,597.875,737.501,612.25,752.284,0,12.969,7.83108,1.60383
3250,84.5993,89.887,162.729,537.196,139.57,611.163,0,56.1794,28.4199,1.50588
3251,248.406,224.367,351.447,360.752,349.513,174.624,0,140.229,108.177,1.77143
3252,205.903,259.283,385.698,605.731,312.651,817.955,0,162.052,43.8517,1.2706
3253,7,7.70279,150.018,685.532,149.689,693.185,0,4.81424,2.18575,1.45402
3254,110.099,142.608,345.867,684.625,312.823,817.996,0,89.1301,20.9688,1.23526
3255,121.199,114.714,523.418,339.677,630.272,334.137,0,71.6964,49.5024,1.69044
3256,28.5001,36.7884,320.163,192.994,349.976,174.787,0,22.9927,5.50735,1.23953
3257,135.099,108.901,204.955,259.188,248.176,184.682,0,68.0632,67.0359,1.98491
3258,189.002,216.803,350.661,619.883,312.709,818.035,0,135.502,53.5004,1.39483
3259,177.102,149.557,191.069,302.816,248.373,184.786,0,93.4732,83.6284,1.89468
3260,108.099,144.817,557.23,285.542,647.924,197.842,0,90.5104,17.5885,1.19433
3261,299.509,243.492,479.402,504.991,613.254,612.452,0,152.182,147.327,1.96809
3262,344.412,246.051,482.886,484.045,608.562,541.542,1,153.782,190.63,2.23961
3263,274.808,254.043,365.791,398.443,349.798,174.748,0,158.777,116.031,1.73078
3264,76.3994,107.408,249.983,721.044,153.578,700.652,0,67.1299,9.26947,1.13808
3265,175.602,153.197,186.227,309.493,248.521,184.761,0,95.7479,79.8536,1.834
3266,171.101,150.95,162.499,466.261,139.539,611.245,0,94.3435,76.7578,1.8136
3267,61.9996,64.0585,393.519,186.165,356.049,173.577,0,40.0365,21.9631,1.54858
3268,204.803,177.683,268.064,344.281,250.937,184.741,0,111.052,93.7516,1.84422
3269,202.403,160.14,211.754,365.875,67.7025,404.784,0,100.087,102.316,2.02227
3270,243.806,189.696,257.113,355.629,249.671,185.239,0,118.56,125.246,2.05639
3271,253.106,190.331,251.858,398.77,67.6647,405.623,0,118.957,134.149,2.12772
3272,205.203,169.04,214.55,354.028,67.6983,404.786,0,105.65,99.5534,1.94229
3273,34.0001,41.1678,615.211,195.518,647.902,197.729,0,25.7299,8.2702,1.32142
3274,204.803,162.504,277.549,597.133,144.721,615.633,0,101.565,103.238,2.01647
3275,66.8996,69.8734,195.804,213.171,248.175,184.685,0,43.6709,23.2287,1.5319
3276,44.4999,52.4697,408.15,130.011,405.851,78.1634,0,32.7936,11.7063,1.35697
3277,143.4,162.867,519.358,209.179,648.648,190.826,0,101.792,41.6074,1.40875
3278,330.511,318.899,330.541,475.465,144.713,615.661,0,199.312,131.199,1.65826
3279,344.412,248.457,469.366,478.255,605.975,538.033,1,155.285,189.126,2.21793
3280,43.4999,49.7506,609.479,144.156,653.528,130.05,0,31.0941,12.4058,1.39898
3281,188.802,161.841,280.738,330.629,250.968,184.619,0,101.151,87.6516,1.86655
3282,35.4,44.4144,319.916,200.422,350.376,174.882,0,27.759,7.64101,1.27526
3283,267.607,320.104,319.744,480.994,139.849,611.122,0,200.065,67.5419,1.3376
3284,23.3001,27.4217,603.179,727.171,612.379,752.026,0,17.1386,6.16146,1.35951
3285,176.402,178.94,205.372,475.511,139.54,611.168,0,111.838,64.5638,1.5773
3286,74.1994,77.2634,143.794,398.977,67.6555,404.785,0,48.2896,25.9098,1.53655
3287,344.412,254.804,399.556,505.819,585.607,468.72,1,159.252,185.16,2.16268
3288,75.6994,96.6509,592.543,461.481,615.59,539.57,0,60.4068,15.2926,1.25316
3289,179.802,118.168,197.327,264.66,248.219,184.656,0,73.8552,105.947,2.43452
3290,73.5994,79.5713,191.672,638.135,144.729,616.183,0,49.732,23.8674,1.47992
3291,177.902,128.436,214.72,306.336,249.53,185.203,0,80.2726,97.629,2.21622
3292,156.2,167.865,500.067,149.799,653.609,130.377,0,104.916,51.2845,1.48882
3293,314.41,288.565,334.514,506.457,144.658,615.633,0,180.353,134.057,1.74331
3294,37.6,34.7536,281.723,200.739,252.263,184.088,0,21.721,15.879,1.73104
3295,113.799,115.77,256.852,750.794,310.799,818.66,0,72.3561,41.4427,1.57276
3296,152,129.858,250.508,743.613,152.75,701.724,0,81.1611,70.8389,1.87282
3297,267.307,260.423,291.479,425.355,67.6235,404.516,0,162.764,104.543,1.6423
3298,2.1,1.32396,602.345,830.08,603.616,830.45,0,0.827478,1.27252,2.53783
3299,296.709,260.089,384.065,392.873,349.881,174.715,0,162.556,134.153,1.82527
3300,344.412,207.532,421.716,507.361,566.128,450.012,1,129.708,214.704,2.65529
3301,170.801,202.38,370.862,646.651,312.671,818.01,0,126.487,44.314,1.35034
3302,155.2,191.116,328.91,639.062,312.72,818.033,0,119.448,35.7525,1.29932
3303,177.302,149.103,518.068,382.518,630.319,334.112,0,93.1892,84.1125,1.9026
3304,159.101,151.423,179.705,480.093,139.503,611.165,0,94.6392,64.4613,1.68113
3305,296.609,260.502,332.127,550.403,144.694,615.656,0,162.814,133.795,1.82177
3306,33.7001,36.5926,582.769,766.533,611.12,755.354,0,22.8704,10.8297,1.47352
3307,60.4996,73.3595,351.536,195.039,349.854,174.842,0,45.8497,14.65,1.31952
3308,344.412,266.659,408.273,564.038,573.429,617.85,1,166.662,177.75,2.06653
3309,115.299,122.994,237.714,655.767,144.652,616.342,0,76.871,38.4278,1.4999
3310,16.9,17.0755,84.8359,404.741,67.7807,405.099,0,10.6722,6.22787,1.58356
3311,80.2993,83.7325,569.871,130.301,653.637,129.578,0,52.3328,27.9665,1.5344
3312,55.8997,65.2608,570.545,344.461,630.335,334.041,0,40.788,15.1117,1.37049
3313,151.5,136.296,328.214,274.554,349.668,174.706,0,85.185,66.3151,1.77848
3314,286.308,325.056,324.108,483.496,139.947,611.108,0,203.16,83.1481,1.40927
3315,112.899,121.802,353.193,257.834,349.715,174.672,0,76.1266,36.7723,1.48304
3316,71.4995,80.9519,320.429,746.854,312.085,818.166,0,50.5949,20.9045,1.41317
3317,78.2994,90.5415,312.848,741.898,312.135,818.186,0,56.5885,21.7109,1.38366
3318,47.3998,60.7019,326.945,215.899,350.213,174.865,0,37.9387,9.46116,1.24938
3319,287.308,224.79,458.996,376.62,630.25,334.141,0,140.494,146.815,2.04499
3320,94.1991,98.9007,271.705,281.124,250.157,185.028,0,61.813,32.3862,1.52394
3321,180.902,194.804,497.436,443.559,615.554,539.945,0,121.752,59.1496,1.48582
3322,344.412,176.567,418.99,498.41,542.424,443.825,1,110.354,234.057,3.12096
3323,155.2,131.35,524.069,671.736,613.277,613.203,0,82.094,73.1062,1.89052
3324,97.9991,115.207,292.504,283.258,250.634,184.825,0,72.0043,25.9948,1.36102
3325,344.412,265.823,432.075,468.094,605.247,540.871,1,166.14,178.272,2.07303
3326,161.401,112.95,200.837,263.257,248.602,184.941,0,70.5936,90.8071,2.28634
3327,72.1995,67.9904,397.044,192.652,355.576,174.366,0,42.494,29.7054,1.69905
3328,87.5992,85.6606,432.045,147.952,356.192,173.335,0,53.5378,34.0614,1.63621
3329,25.5001,33.6243,608.221,314.376,630.358,334.119,0,21.0152,4.48488,1.21341
3330,73.8994,94.1652,589.732,461.468,615.634,540.212,0,58.8532,15.0462,1.25566
3331,288.608,250.323,322.241,549.388,144.74,615.673,0,156.452,132.157,1.84471
3332,158.8,137.75,265.813,614.716,144.689,615.605,0,86.0936,72.7068,1.84451
3333,130.099,145.574,151.549,476.299,67.6913,405.541,0,90.984,39.1148,1.42991
3334,188.202,207.869,515.6,505.272,615.66,539.731,0,129.918,58.2842,1.44862
3335,171.201,203.417,414.116,676.923,313.229,818.178,0,127.136,44.0657,1.3466
3336,51.6998,57.7962,614.648,158.839,648.674,190.833,0,36.1226,15.5772,1.43123
3337,136.599,127.111,422.578,251.561,355.488,174.408,0,79.4447,57.1545,1.71942
3338,11.4,13.9821,143.569,597.88,139.592,611.196,0,8.73879,2.66122,1.30453
3339,281.308,225.421,398.982,339.256,350.116,174.805,0,140.888,140.42,1.99668
3340,75.0994,97.1303,522.297,781.571,611.055,755.22,0,60.7064,14.393,1.23709
3341,110.699,147.875,314.684,697.896,312.701,817.978,0,92.4218,18.2771,1.19776
3342,30.6001,26.1902,275.96,195.497,253.13,183.421,0,16.3689,14.2312,1.86941
3343,53.8997,59.7182,594.351,696.05,612.283,752.052,0,37.3238,16.5759,1.44411
3344,288.508,234.86,463.467,347.551,355.51,174.414,0,146.788,141.721,1.96548
3345,176.302,183.769,515.282,453.218,615.607,540.41,0,114.855,61.4461,1.53499
3346,43.1999,37.0383,285.074,200.597,252.623,183.973,0,23.149,20.0509,1.86617
3347,80.4993,83.9712,553.729,332.376,630.456,333.764,0,52.482,28.0173,1.53385
3348,142.7,143.607,173.39,481.084,140.312,611.175,0,89.7543,52.9452,1.58989
3349,246.106,201.439,469.89,307.728,630.351,334.012,0,125.899,120.207,1.95478
3350,294.709,232.283,474.278,466.811,615.696,539.491,0,145.177,149.532,2.03
3351,41.2999,37.8503,579.248,597.932,613.277,612.426,0,23.6564,17.6435,1.74582
3352,27.5001,35.4357,576.01,754.673,611.154,755.155,0,22.1473,5.35275,1.24169
3353,132.199,128.691,172.391,496.434,140.308,611.152,0,80.4319,51.767,1.64361
3354,335.911,279.765,415.444,437.088,615.74,539.555,0,174.853,161.058,1.9211
3355,228.205,217.523,368.622,362.724,349.662,174.604,0,135.952,92.2529,1.67857
3356,50.1998,58.0386,570.023,728.823,612.098,752.764,0,36.2741,13.9257,1.3839
3357,63.6996,55.0458,212.57,212.899,249.23,185.136,0,34.4036,29.296,1.85154
3358,241.606,182.902,235.347,373.527,67.7188,404.822,0,114.314,127.292,2.11353
3359,53.5998,59.7864,307.433,766.06,311.931,818.288,0,37.3665,16.2332,1.43443
3360,0,0,612.575,816.89,612.575,816.89,0,0,0,0
3361,137.599,141.962,518.161,129.993,653.618,129.596,0,88.7261,48.8731,1.55083
3362,78.8994,76.8362,398.953,200.816,355.633,174.381,0,48.0226,30.8767,1.64296
3363,10.3,11.7305,601.623,611.914,613.19,612.816,0,7.33153,2.96847,1.40489
3364,211.404,218.453,274.104,554.565,144.705,615.62,0,136.533,74.8708,1.54837
3365,232.705,188.823,285.37,352.57,249.077,185.125,0,118.014,114.691,1.97184
3366,138.299,111.873,201.728,259.461,248.289,184.788,0,69.9203,68.3789,1.97795
3367,246.606,252.515,291.985,407.809,250.526,184.807,0,157.822,88.7839,1.56256
3368,74.2994,77.8518,575.855,129.697,653.648,129.595,0,48.6574,25.6421,1.52699
3369,172.301,208.031,315.547,639.661,312.683,818.029,0,130.019,42.2818,1.3252
3370,22.1,21.3807,601.18,600.419,613.217,612.696,0,13.363,8.73708,1.65383
3371,136.199,167.24,360.24,667.815,312.908,818.026,0,104.525,31.6744,1.30303
3372,162.801,158.999,373.181,279.816,349.857,174.676,0,99.3744,63.4263,1.63826
3373,77.0994,78.935,424.944,146.748,356.121,173.557,0,49.3344,27.765,1.56279
3374,344.412,167.742,420.587,472.356,541.514,443.734,1,104.839,239.573,3.28516
3375,10.7,11.1594,365.53,179.246,355.806,174.139,0,6.9746,3.7254,1.53414
3376,153.8,199.536,524.801,248.839,647.868,197.76,0,124.71,29.0905,1.23327
3377,71.4995,77.0221,537.627,614.262,613.243,612.571,0,48.1388,23.3607,1.48528
3378,264.607,255.375,292.768,408.942,249.929,185.089,0,159.609,104.998,1.65784
3379,83.7993,113.323,338.853,708.338,312.807,818.025,0,70.8268,12.9725,1.18316
3380,133.599,122.029,191.492,263.191,248.554,184.917,0,76.268,57.331,1.7517
3381,167.801,180.843,503.045,204.907,648.385,190.875,0,113.027,54.7743,1.48461
3382,187.702,174.157,304.847,649.419,144.812,616.231,0,108.848,78.8541,1.72444
3383,242.606,294.2,306.822,497.299,139.949,611.172,0,183.875,58.7308,1.31941
3384,0,0,250.795,178.635,250.795,178.635,0,0,0,0
3385,344.412,238.442,385.662,481.625,578.705,451.967,1,149.026,195.386,2.31109
3386,172.401,165.304,181.965,467.809,139.481,611.254,0,103.315,69.086,1.66869
3387,111.799,95.5234,520.881,608.117,613.269,612.376,0,59.7021,52.0968,1.87261
3388,96.9991,100.179,267.02,282.524,250.684,184.773,0,62.6116,34.3875,1.54922
3389,106.399,112.319,362.69,228.635,349.856,174.762,0,70.1996,36.1993,1.51566
3390,344.412,217.038,401.222,465.877,580.163,455.345,1,135.649,208.763,2.53899
3391,88.1992,77.5664,600.162,679.859,612.398,752.016,0,48.479,39.7202,1.81933
3392,31.0001,38.8107,161.956,590.806,144.534,616.525,0,24.2567,6.74341,1.278
3393,210.404,242.928,259.589,518.218,139.672,611.058,0,151.83,58.5736,1.38578
3394,100.399,101.701,403.696,224.662,355.568,174.347,0,63.5628,36.8362,1.57952
3395,51.5998,57.7204,409.737,183.795,355.982,173.611,0,36.0752,15.5246,1.43034
3396,35.5,28.7905,274.764,200.002,252.396,184.04,0,17.994,17.506,1.97288
3397,311.01,189.016,451.235,618.523,613.328,613.213,0,118.135,192.875,2.63266
3398,344.412,307.324,365.314,467.486,328.412,185.558,1,192.078,152.334,1.79309
3399,2.1,1.27394,151.347,703.69,151.019,702.459,0,0.79621,1.30379,2.6375
3400,85.7993,93.4709,172.568,208.247,248.336,184.758,0,58.4193,27.3799,1.46868
3401,69.3995,67.1527,587.276,662.645,613.272,613.216,0,41.9704,27.4291,1.65353
3402,141.799,136.422,247.845,314.164,249.664,185.234,0,85.264,56.5354,1.66306
3403,151.3,144.963,518.175,378.823,630.369,334.062,0,90.6022,60.6979,1.66994
3404,203.403,174.117,227.769,402.847,67.6591,404.799,0,108.823,94.5799,1.86911
3405,107.699,98.985,149.071,514.196,139.509,611.177,0,61.8656,45.8333,1.74085
3406,256.106,229.294,301.246,379.879,249.068,185.07,0,143.309,112.797,1.78709
3407,28.7001,38.6214,582.232,735.018,612.324,752.375,0,24.1384,4.56172,1.18898
3408,199.503,166.093,227.137,334.625,250.046,185.047,0,103.808,95.6947,1.92184
3409,275.608,168.49,457.191,594.065,613.286,613.229,0,105.306,170.301,2.6172
3410,34.0001,28.7623,95.3526,410.184,67.7486,404.766,0,17.9764,16.0236,1.89137
3411,132.399,117.479,126.136,513.671,139.508,611.257,0,73.4246,58.9743,1.8032
3412,341.012,239.648,467.902,695.894,613.266,612.482,0,149.78,191.231,2.27675
3413,88.9992,93.3807,311.56,738.47,312.141,818.229,0,58.3629,30.6363,1.52493
3414,70.7995,80.1787,175.384,561.631,140.081,611.111,0,50.1117,20.6878,1.41283
3415,154.5,154.981,614.273,427.253,615.679,539.665,0,96.8631,57.6371,1.59504
3416,62.8996,62.067,559.453,740.344,611.923,753.178,0,38.7919,24.1077,1.62146
3417,273.707,319.995,319.061,478.48,139.891,611.168,0,199.997,73.7104,1.36856
3418,241.906,147.53,183.673,437.867,67.732,405.6,0,92.2064,149.699,2.62352
3419,35.2,40.9728,570.065,806.012,607.27,809.93,0,25.608,9.59204,1.37457
3420,57.8997,49.8234,116.16,401.795,67.7285,404.782,0,31.1396,26.7601,1.85936
3421,112.099,144.85,265.376,665.27,149.448,693.37,0,90.5311,21.5678,1.23824
3422,220.404,213.345,385.43,334.065,349.867,174.795,0,133.34,87.0638,1.65294
3423,207.303,193.468,379.118,313.736,349.962,174.805,0,120.917,86.3861,1.71442
3424,219.804,172.755,232.808,344.362,249.88,185.075,0,107.972,111.832,2.03575
3425,4.9,4.30991,649.437,130.698,653.575,129.694,0,2.69369,2.20631,1.81906
3426,186.602,119.959,224.818,301.051,248.367,184.82,0,74.9745,111.628,2.48888
3427,0,0,609.08,814.47,609.08,814.47,0,0,0,0
3428,155.5,174.916,513.143,202.064,647.659,191.849,0,109.322,46.178,1.4224
3429,126.299,120.535,162.508,494.555,140.163,611.251,0,75.3344,50.9642,1.67651
3430,35.9,38.69,611.532,188.06,647.961,191.341,0,24.1812,11.7188,1.48462
3431,122.299,121.877,253.814,644.289,144.768,616.118,0,76.1731,46.1256,1.60554
3432,320.31,262.251,430.398,439.475,615.477,540.107,0,163.907,156.403,1.95422
3433,26.8001,30.0914,152.706,590.123,139.852,611.102,0,18.8071,7.99293,1.42499
3434,3.8,3.20663,253.777,186.843,252.641,183.846,0,2.00414,1.79585,1.89607
3435,13.2,14.6179,595.477,802.297,606.956,810.288,0,9.13622,4.0638,1.4448
3436,237.205,203.859,405.039,313.695,355.605,174.445,0,127.412,109.794,1.86172
3437,177.402,133.823,193.091,410.474,67.7373,405.614,0,83.6396,93.7621,2.12103
3438,36.7,48.7187,606.605,221.867,648.399,198.094,0,30.4492,6.25086,1.20529
3439,113.099,122.785,522.97,717.273,611.891,753.2,0,76.7409,36.358,1.47378
3440,256.706,189.476,252.036,396.118,67.6882,405.612,0,118.423,138.284,2.16772
3441,142.6,116.059,542.449,576.191,613.337,612.475,0,72.5368,70.0627,1.96589
3442,149.4,168.269,368.178,681.53,312.747,817.962,0,105.168,44.2316,1.42058
3443,123.499,115.148,160.603,374.746,67.6678,404.81,0,71.9678,51.5309,1.71603
3444,210.204,196.285,527.813,425.556,630.37,334.143,0,122.678,87.5252,1.71345
3445,273.407,243.576,416.009,345.072,355.467,174.431,0,152.235,121.172,1.79596
3446,242.106,215.249,492.16,430.208,630.383,334.072,0,134.53,107.575,1.79963
3447,9,9.44221,76.8638,403.592,67.723,405.171,0,5.90138,3.09862,1.52507
3448,175.201,140.744,284.086,311.96,250.138,185.05,0,87.9653,87.2362,1.99171
3449,63.2996,66.8988,198.139,213.653,248.447,184.82,0,41.8118,21.4878,1.51392
3450,117.599,125.488,277.572,728.332,311.616,818.403,0,78.4302,39.1686,1.49941
3451,168.201,159.018,180.765,473.343,139.503,611.169,0,99.3863,68.8147,1.6924
3452,285.308,258.67,331.711,552.175,144.648,615.714,0,161.669,123.639,1.76477
3453,314.61,304.833,326.535,489.148,144.762,616.13,0,190.521,124.089,1.65131
3454,254.906,205.97,469.282,289.218,356.119,173.552,0,128.731,126.175,1.98014
3455,198.703,161.513,278.109,331.625,249.533,185.238,0,100.946,97.7573,1.96842
3456,47.7998,39.7797,589.164,634.602,613.287,612.414,0,24.8623,22.9375,1.92258
3457,190.502,213.368,351.395,623.104,312.667,818.047,0,133.355,57.1474,1.42854
3458,127.199,129.835,546.62,387.789,630.255,334.158,0,81.1468,46.0518,1.56751
3459,75.1994,82.4375,333.441,237.043,349.754,174.694,0,51.5234,23.676,1.45952
3460,114.299,144.14,272.223,691.562,149.447,693.274,0,90.0876,24.2112,1.26875
3461,69.3995,86.5478,538.53,750.277,611.145,755.376,0,54.0924,15.3071,1.28298
3462,251.806,177.804,451.927,611.379,613.155,612.577,0,111.128,140.679,2.26592
3463,77.2994,76.8911,576.851,694.457,611.97,752.824,0,48.0569,29.2425,1.6085
3464,71.4995,69.4354,269.674,251.566,249.832,185.094,0,43.3971,28.1023,1.64756
3465,141.899,116.983,247.222,610.554,144.744,615.615,0,73.1146,68.7849,1.94078
3466,184.902,215.514,421.369,700.281,313.12,818.155,0,134.696,50.2061,1.37274
3467,220.504,166.259,192.667,330.357,248.613,184.901,0,103.912,116.593,2.12204
3468,344.412,239.629,446.385,390.157,626.17,333.958,1,149.768,194.643,2.29963
3469,49.3998,62.3022,557.684,773.754,611.221,754.842,0,38.9389,10.4609,1.26865
3470,230.205,192.296,523.864,520.506,613.279,612.473,0,120.185,110.02,1.91542
3471,82.2993,95.4514,520.533,764.878,611.158,755.019,0,59.6571,22.6422,1.37954
3472,53.7998,66.5554,418.944,142.33,405.949,78.1661,0,41.5971,12.2026,1.29335
3473,52.0998,64.8,417.172,140.754,405.944,78.201,0,40.5,11.5998,1.28641
3474,68.1995,75.5857,314.372,222.387,349.732,174.64,0,47.2411,20.9585,1.44365
3475,108.199,105.776,560.211,376.467,630.431,334.503,0,66.1098,42.0891,1.63665
3476,344.412,234.963,466.149,463.557,604.921,538.505,1,146.852,197.56,2.3453
3477,128.299,114.944,247.42,641.311,144.64,615.663,0,71.8397,56.4589,1.7859
3478,37.4,44.5691,188.522,622.894,144.807,615.907,0,27.8557,9.54434,1.34264
3479,76.9994,75.0369,268.227,778.687,310.74,818.762,0,46.8981,30.1013,1.64184
3480,128.099,122.834,184.449,264.022,248.833,185.008,0,76.771,51.3276,1.66858
3481,63.9996,82.4815,322.016,741.925,312.765,817.998,0,51.5509,12.4487,1.24148
3482,109.099,104.121,557.147,310.052,630.408,333.701,0,65.0755,44.0234,1.6765
3483,254.806,304.747,277.608,474.796,139.938,611.136,0,190.467,64.3392,1.3378
3484,273.107,205.826,477.336,535.599,613.31,613.189,0,128.641,144.466,2.12302
3485,63.8996,64.8688,162.593,562.757,140.229,611.171,0,40.543,23.3566,1.57609
3486,209.904,156.652,185.443,308.081,248.267,184.778,0,97.9073,111.996,2.1439
3487,314.01,285.949,379.772,416.549,349.781,174.674,0,178.718,135.292,1.75701
3488,175.101,134.95,484.849,178.936,355.373,174.429,0,84.3437,90.7578,2.07605
3489,227.305,283.873,284.466,492.512,139.855,611.098,0,177.421,49.884,1.28116
3490,278.608,226.596,459.985,339.139,355.463,174.4,0,141.622,136.985,1.96726
3491,266.107,198.953,470.746,543.711,613.357,612.515,0,124.345,141.762,2.14006
3492,283.608,252.21,400.198,362.951,349.853,174.655,0,157.631,125.977,1.79919
3493,226.005,176.568,172.624,313.989,248.782,185.009,0,110.355,115.65,2.04798
3494,56.8997,78.7837,327.458,742.26,312.797,818.034,0,49.2398,7.6599,1.15556
3495,140.199,152.168,142.005,459.801,67.7233,405.586,0,95.1051,45.0942,1.47415
3496,62.8996,56.7561,112.434,420.962,67.6992,405.621,0,35.4726,27.427,1.77319
3497,344.412,308.755,356.145,459.446,344.26,178.007,1,192.972,151.44,1.78478
3498,66.8996,85.0337,531.121,766.854,611.161,755.43,0,53.146,13.7535,1.25879
3499,57.7997,79.6849,334.951,741.568,313.061,818.14,0,49.803,7.99665,1.16057
3500,285.208,223.058,475.873,420.451,630.348,334.133,0,139.411,145.797,2.04581
3501,23.3001,28.0263,163.399,629.819,144.679,615.621,0,17.5165,5.7836,1.33018
3502,78.8994,85.7945,529.696,612.756,613.155,612.768,0,53.6216,25.2778,1.47141
3503,184.702,166.672,491.136,315.762,630.361,334.138,0,104.17,80.5323,1.77309
3504,40.3,46.6054,128.202,576.567,139.947,611.078,0,29.1284,11.1716,1.38353
3505,219.004,220.519,326.687,585.865,144.844,616.107,0,137.824,81.18,1.58901
3506,66.5996,75.3994,315.065,221.948,349.825,174.655,0,47.1246,19.4749,1.41326
3507,36.6,46.5994,420.737,119.878,405.939,78.233,0,29.1246,7.4754,1.25667
3508,47.3998,51.1108,603.213,136.364,653.464,130.167,0,31.9443,15.4556,1.48383
3509,186.002,161.595,280.414,330.747,251.214,184.546,0,100.997,85.0052,1.84166
3510,290.108,261.606,386.211,392.022,349.661,174.712,0,163.504,126.605,1.77433
3511,199.403,162.846,192.26,328.206,248.517,184.8,0,101.779,97.624,1.95918
3512,216.104,150.347,216.994,407.635,67.75,405.613,0,93.967,122.137,2.29979
3513,0,0,659.527,132.943,659.527,132.943,0,0,0,0
3514,283.308,228.764,464.121,336.966,356.19,173.23,0,142.978,140.33,1.98149
3515,93.7991,116.802,592.179,270.24,648.04,197.994,0,73.0013,20.7979,1.2849
3516,99.5991,124.171,573.939,274.647,647.892,197.673,0,77.607,21.992,1.28338
3517,295.709,253.932,238.735,471.626,67.6633,405.636,0,158.707,137.002,1.86323
3518,247.206,224.184,345.743,358.424,349.684,174.683,0,140.115,107.091,1.76431
3519,141.999,184.864,518.089,293.541,648.08,198.019,0,115.54,26.4593,1.22901
3520,100.299,87.215,606.203,698.356,612.379,752.027,0,54.5094,45.7897,1.84003
3521,232.405,194.656,473.792,545.419,613.344,612.471,0,121.66,110.745,1.91028
3522,53.3998,65.8255,193.635,661.348,149.8,693.151,0,41.1409,12.2588,1.29797
3523,93.0992,99.3853,359.153,218.033,349.511,174.565,0,62.1158,30.9833,1.4988
3524,76.6994,99.2445,329.153,724.64,312.651,818.012,0,62.0278,14.6716,1.23653
3525,31.7001,32.2689,141.887,579.353,139.925,611.1,0,20.1681,11.532,1.5718
3526,50.6998,59.1274,572.8,341.116,630.275,334.04,0,36.9547,13.7451,1.37195
3527,280.308,217.543,480.058,524.173,613.269,612.488,0,135.965,144.343,2.06162
3528,9.5,9.79213,253.756,193.94,251.216,184.486,0,6.12008,3.37992,1.55227
3529,232.605,178.163,308.391,653.213,144.705,615.71,0,111.352,121.253,2.08892
3530,26.2001,28.8546,588.662,600.296,613.404,612.304,0,18.0341,8.16595,1.45281
3531,91.8992,95.2963,220.676,273.515,248.155,184.671,0,59.5602,32.339,1.54296
3532,12.7,15.6988,159.311,621.526,144.312,616.941,0,9.81175,2.88826,1.29437
3533,20.8,17.9954,268.025,193.466,253.159,183.4,0,11.2471,9.55292,1.84937
3534,80.1993,113.81,249.709,712.422,152.617,701.824,0,71.1315,9.06786,1.12748
3535,67.2995,75.5339,586.421,182.77,648.285,190.886,0,47.2087,20.0908,1.42558
3536,29.4001,31.6576,622.089,128.28,653.457,129.966,0,19.786,9.6141,1.4859
3537,160.901,165.44,489.912,116.898,653.552,129.585,0,103.4,57.5007,1.5561
3538,246.206,229.219,504.328,475.896,615.649,539.57,0,143.262,102.944,1.71857
3539,213.504,192.355,404.271,292.43,355.446,174.439,0,120.222,93.2819,1.77591
3540,78.0994,87.9273,534.274,753.762,611.126,755.237,0,54.9545,23.1448,1.42116
3541,84.4993,95.0836,543.641,722.773,611.768,753.473,0,59.4272,25.0721,1.4219
3542,7.1,6.45806,360.735,178.294,355.715,174.269,0,4.03629,3.06371,1.75904
3543,78.8994,103.771,563.912,198.247,647.595,192.008,0,64.857,14.0423,1.21651
3544,21.7,23.6179,594.93,794.632,606.472,811.639,0,14.7612,6.93884,1.47007
3545,224.805,164.384,197.949,357.808,67.7221,404.778,0,102.74,122.065,2.1881
3546,68.7995,93.3076,334.527,727.912,312.781,817.982,0,58.3172,10.4823,1.17975
3547,200.503,198.661,392.322,305.609,349.807,174.715,0,124.163,76.3402,1.61484
3548,194.303,130.047,216.116,230.876,248.2,184.675,0,81.2791,113.024,2.39056
3549,175.602,206.45,415.274,673.931,312.702,818.058,0,129.031,46.5704,1.36092
3550,288.508,204.783,443.424,624.672,613.321,613.189,0,127.989,160.519,2.25416
3551,105.699,102.794,265.083,284.825,250.193,184.978,0,64.2464,41.4526,1.64521
3552,124.199,130.38,305.266,289.571,250.942,184.597,0,81.4873,42.7113,1.52415
3553,281.808,282.544,350.587,540.646,144.683,615.668,0,176.59,105.218,1.59583
3554,170.601,136.112,203.87,305.765,248.573,184.875,0,85.07,85.5312,2.00542
3555,15.6,19.8338,601.616,532.144,615.606,540.354,0,12.3961,3.20392,1.25846
3556,11.6,12.9859,137.013,633.345,140.041,620.811,0,8.11619,3.48381,1.42924
3557,91.2992,124.757,257.176,693.437,149.539,693.272,0,77.9728,13.3264,1.17091
3558,303.009,217.259,469.229,374.891,630.326,334.076,0,135.787,167.222,2.2315
3559,263.407,191.889,254.127,394.288,67.7075,404.851,0,119.931,143.476,2.19632
3560,80.8993,73.4294,549.868,743.444,611.838,753.267,0,45.8934,35.0059,1.76277
3561,179.802,134.66,508.671,658.37,613.256,613.192,0,84.1626,95.6392,2.13636
3562,65.8996,69.9638,598.95,360.664,630.295,334.14,0,43.7274,22.1722,1.50706
3563,27.9001,30.6734,281.512,194.85,253.234,183.194,0,19.1709,8.72921,1.45534
3564,287.408,249.49,445.578,444.545,615.632,540.403,0,155.932,131.477,1.84317
3565,45.0999,54.9556,566.144,738.406,612.342,752.249,0,34.3473,10.7526,1.31306
3566,325.611,295.984,358.735,441.684,349.793,174.738,0,184.99,140.621,1.76015
3567,18.1,19.0236,597.004,796.591,606.386,811.734,0,11.8897,6.21029,1.52232
3568,237.705,161.979,201.457,430.07,67.7262,405.612,0,101.237,136.468,2.34801
3569,34.4,44.5008,321.584,200.266,350.137,174.765,0,27.813,6.58703,1.23683
3570,224.805,182.708,282.381,579.399,144.679,615.664,0,114.192,110.612,1.96865
3571,59.0997,80.2814,224.485,732.091,153.704,700.308,0,50.1759,8.92378,1.17785
3572,41.5999,43.1413,260.256,226.127,250.191,184.996,0,26.9633,14.6366,1.54283
3573,232.105,179.328,210.781,436.079,67.674,405.619,0,112.08,120.025,2.07089
3574,288.608,241.332,452.86,437.69,615.583,540.374,0,150.833,137.776,1.91343
3575,153.9,194.754,313.308,336.55,251.755,184.326,0,121.721,32.1792,1.26437
3576,36.9,43.6552,187.133,625.314,144.825,616.091,0,27.2845,9.61551,1.35242
3577,344.412,242.263,435.675,478.43,597.918,506.586,1,151.414,192.998,2.27463
3578,159.301,178.321,514.657,213.661,648.537,190.81,0,111.45,47.8501,1.42934
3579,214.704,192.704,305.061,328.605,250.538,184.78,0,120.44,94.2637,1.78266
3580,88.0992,70.3219,301.023,759.646,311.53,818.389,0,43.9512,44.1481,2.00448
3581,232.105,200.462,475.472,389.76,630.303,334.179,0,125.289,106.816,1.85256
3582,182.202,230.713,339.748,375.093,251.493,184.444,0,144.196,38.0061,1.26357
3583,153.1,147.505,506.893,121.013,653.662,130.381,0,92.1903,60.9098,1.6607
3584,88.2992,90.7862,176.129,210.474,249.147,185.147,0,56.7414,31.5579,1.55617
3585,10.1,11.0984,247.888,195.968,249.465,185.156,0,6.93652,3.16348,1.45606
3586,20.2,26.8796,627.897,137.529,653.51,129.813,0,16.7998,3.40026,1.2024
3587,39.4,44.206,408.199,122.229,405.95,78.2291,0,27.6287,11.7712,1.42605
3588,0,0,618.886,541.933,618.886,541.933,0,0,0,0
3589,53.6998,60.0639,302.28,769.436,311.272,818.462,0,37.5399,16.1598,1.43047
3590,132.299,122.699,219.349,765.967,152.749,701.707,0,76.6866,55.6122,1.72519
3591,208.904,141.386,217.12,226.176,248.673,184.934,0,88.3665,120.537,2.36406
3592,11.9,11.6756,364.621,181.29,355.956,173.93,0,7.29726,4.60275,1.63075
3593,167.601,166.181,611.32,416.814,615.675,539.672,0,103.863,63.7376,1.61367
3594,67.3995,76.089,558.823,338.533,630.318,334.145,0,47.5556,19.8439,1.41728
3595,187.602,177.302,369.302,310.281,349.59,174.537,0,110.814,76.7885,1.69295
3596,281.608,233.148,497.48,479.248,615.574,540.419,0,145.718,135.89,1.93256
3597,160.201,111.804,229.095,292.856,248.948,185.014,0,69.8775,90.323,2.29259
3598,252.006,236.802,460.707,434.952,615.618,540.259,0,148.001,104.005,1.70273
3599,251.406,237.366,356.889,596.59,144.78,616.064,0,148.353,103.053,1.69464
3600,276.208,202.904,233.489,430.506,67.7085,405.538,0,126.815,149.393,2.17804
3601,179.302,214.589,432.529,679.988,312.735,817.957,0,134.118,45.1839,1.3369
3602,158.1,120.941,514.448,645.208,613.252,613.208,0,75.5884,82.512,2.0916
3603,58.6997,62.6018,277.003,229.929,250.132,185.032,0,39.1261,19.5735,1.50027
3604,176.802,135.302,286.631,295.278,250.398,184.913,0,84.5636,92.238,2.09075
3605,46.9999,62.9438,591.614,490.066,615.674,540.316,0,39.3399,7.66,1.19471
3606,199.603,173.08,507.007,389.986,630.251,334.146,0,108.175,91.4282,1.84519
3607,68.1995,76.0275,103.435,456.065,67.7346,405.62,0,47.5172,20.6824,1.43526
3608,176.802,143.375,281.461,314.79,251.116,184.627,0,89.6094,87.1922,1.97303
3609,146.4,128.378,192.388,390.85,67.7452,404.794,0,80.2361,66.1636,1.82461
3610,228.205,187.09,165.56,305.38,248.174,184.71,0,116.931,111.274,1.95162
3611,68.9995,65.7745,132.695,398.407,67.7315,405.627,0,41.109,27.8905,1.67845
3612,279.308,185.332,455.302,639.578,613.275,613.212,0,115.833,163.475,2.4113
3613,73.4995,99.038,329.676,724.41,312.681,818.035,0,61.8988,11.6007,1.18741
3614,4.7,4.35872,658.677,188.994,654.816,190.957,0,2.7242,1.9758,1.72528
3615,123.299,122.957,399.883,239.84,355.444,174.421,0,76.8479,46.4508,1.60445
3616,166.901,140.595,498.765,339.783,630.381,334.122,0,87.8716,79.0294,1.89937
3617,125.899,117.741,525.899,345.533,630.346,334.112,0,73.5882,52.3104,1.71085
3618,80.6993,70.6583,566.054,717.436,612.077,752.648,0,44.1615,36.5379,1.82737
3619,209.704,191.556,438.288,311.737,355.412,174.432,0,119.723,89.9808,1.75158
3620,138.199,132.771,223.041,590.84,144.757,615.776,0,82.9816,55.2177,1.66542
3621,52.2998,66.0822,587.688,490.089,615.875,540.835,0,41.3014,10.9984,1.2663
3622,271.007,214.423,479.098,412.73,630.277,334.138,0,134.014,136.993,2.02223
3623,119.699,159.904,401.086,708.808,313.55,818.345,0,99.9401,19.7586,1.1977
3624,134.799,137.929,527.115,153.34,653.631,130.254,0,86.2058,48.5932,1.56369
3625,184.402,138.693,202.182,395.507,67.7392,404.781,0,86.6833,97.7188,2.12731
3626,21.5,25.9404,325.915,183.567,349.608,174.571,0,16.2128,5.28728,1.32612
3627,152.7,135.654,424.841,259.979,355.569,174.379,0,84.7839,67.9162,1.80105
3628,145.1,134.725,268.773,645.379,144.822,616.128,0,84.2033,60.8964,1.72321
3629,32.8001,36.7369,617.192,133.317,653.484,130.011,0,22.9606,9.83949,1.42854
3630,293.709,291.883,284.402,469.805,67.5347,404.409,0,182.427,111.282,1.61001
3631,243.806,166.479,517.017,180.979,356.051,173.416,0,104.049,139.756,2.34317
3632,100.399,137.218,325.153,696.467,312.621,817.979,0,85.7611,14.6379,1.17068
3633,344.412,292.992,430.552,530.866,570.85,617.843,1,183.12,161.292,1.8808
3634,69.0995,76.8584,586.076,146.806,653.626,130.374,0,48.0365,21.063,1.43848
3635,133.699,149.937,265.38,666.388,149.352,693.298,0,93.7104,39.9885,1.42672
3636,6.4,6.50095,596.682,836.356,602.95,834.633,0,4.06309,2.3369,1.57515
3637,159.701,153.335,174.216,341.089,67.7461,404.815,0,95.8346,63.866,1.66642
3638,62.6996,71.3945,572.81,348.706,630.281,334.137,0,44.6216,18.078,1.40514
3639,88.6992,88.0069,273.399,769.229,310.869,818.693,0,55.0043,33.6949,1.61259
3640,175.802,155.522,235.238,329.349,249.788,185.15,0,97.2014,78.6001,1.80863
3641,134.999,116.584,452.843,160.558,356.191,173.444,0,72.865,62.134,1.85273
3642,4,3.46616,649.277,186.804,650.463,190.061,0,2.16635,1.83365,1.84642
3643,32.1001,34.6305,285.935,193.36,253.307,183.02,0,21.6441,10.456,1.48309
3644,54.4997,73.3616,195.438,649.712,149.659,693.278,0,45.851,8.64874,1.18863
3645,227.605,213.58,278.706,379.502,251.329,184.483,0,133.488,94.1171,1.70506
3646,204.303,186.053,290.684,344.081,251.312,184.543,0,116.283,88.0201,1.75695
3647,24.0001,25.2242,611.107,343.143,630.306,334.061,0,15.7651,8.23491,1.52235
3648,75.4994,87.1149,141.398,531.066,139.583,611.151,0,54.4468,21.0526,1.38666
3649,38.1,48.5378,572.484,736.715,612.213,752.517,0,30.3361,7.76386,1.25593
3650,337.011,242.329,465.101,355.518,630.313,334.132,0,151.455,185.556,2.22515
3651,91.7992,84.5102,571.463,664.885,613.303,613.191,0,52.8189,38.9803,1.738
3652,8.3,8.63194,609.436,546.998,616.537,542.522,0,5.39496,2.90503,1.53847
3653,54.3997,47.2239,576.24,626.543,613.33,612.392,0,29.5149,24.8848,1.84313
3654,175.902,226.654,330.42,373.934,251.5,184.446,0,141.659,34.243,1.24173
3655,82.9993,81.5837,586.135,676.759,612.354,751.911,0,50.9898,32.0095,1.62776
3656,19.9,24.3404,238.955,204.66,249.406,185.25,0,15.2128,4.68729,1.30812
3657,230.905,211.866,274.833,557.738,144.747,616.075,0,132.416,98.4885,1.74378
3658,0,0,409.667,72.7369,409.708,72.6451,0,0,0,0
3659,272.907,234.822,266.58,433.449,67.7153,404.811,0,146.764,126.144,1.8595
3660,13.8,17.365,594.156,753.266,611.254,755.449,0,10.8531,2.94691,1.27153
3661,146.6,158.264,508.573,147.726,653.616,130.34,0,98.9152,47.6845,1.48207
3662,126.399,95.5096,522.087,610.048,613.304,613.19,0,59.6935,66.7052,2.11746
3663,169.101,163.295,501.771,360.446,630.361,334.134,0,102.059,67.042,1.65689
3664,136.199,146.759,142.364,465.043,67.6384,405.576,0,91.7241,44.475,1.48488
3665,255.606,245.103,473.574,344.425,630.367,334.081,0,153.189,102.417,1.66857
3666,13.1,13.9714,599.64,801.031,606.402,811.876,0,8.7321,4.36791,1.50021
3667,77.9994,87.2326,299.914,223.765,250.194,185.03,0,54.5203,23.479,1.43065
3668,282.908,184.222,464.138,656.021,613.319,613.18,0,115.139,167.769,2.4571
3669,174.501,178.344,215.059,492.3,140.264,611.201,0,111.465,63.0364,1.56553
3670,126.599,145.643,533.781,181.086,647.681,191.783,0,91.0269,35.5717,1.39078
3671,37.3,44.963,598.285,710.454,612.413,752.099,0,28.1019,9.19813,1.32731
3672,5.5,5.89425,654.276,204.625,652.184,199.115,0,3.68391,1.81609,1.49298
3673,72.7995,100.362,236.18,683.982,149.487,693.178,0,62.7261,10.0734,1.16059
3674,41.7999,57.2393,328.691,763.526,312.817,818.072,0,35.7745,6.02539,1.16843
3675,344.412,291.174,397.611,582.387,575.521,617.097,1,181.984,162.428,1.89254
3676,44.5999,56.1059,560.001,749.606,612.113,752.569,0,35.0662,9.53368,1.27188
3677,36.8,40.0938,396.003,174.53,356.115,173.63,0,25.0586,11.7414,1.46856
3678,240.705,163.866,196.306,438.153,67.6634,405.632,0,102.416,138.289,2.35027
3679,148.4,168.568,367.582,682.683,312.857,818.02,0,105.355,43.0448,1.40857
3680,344.412,223.111,454.015,696.233,608.84,613.229,1,139.444,204.967,2.46989
3681,344.412,187.144,471.759,476.337,584.47,472.864,1,116.965,227.447,2.94458
3682,229.505,177.668,229.936,406.216,67.7152,404.779,0,111.043,118.462,2.06682
3683,111.099,131.818,306.42,272.364,250.742,184.809,0,82.3866,28.7123,1.34851
3684,45.2999,41.5719,222.33,210.49,248.34,184.825,0,25.9824,19.3174,1.74348
3685,300.709,268.892,341.065,385.898,349.741,174.672,0,168.057,132.652,1.78933
3686,101.799,104.9,405.459,228.134,355.518,174.397,0,65.5624,36.2366,1.5527
3687,317.41,265.89,420.822,394.022,630.261,334.097,0,166.181,151.229,1.91003
3688,344.412,247.956,452.287,477.673,606.008,538.654,1,154.972,189.439,2.22241
3689,192.803,165.153,193.776,341.603,67.8486,405.031,0,103.221,89.582,1.86787
3690,102.099,126.988,553.923,187.462,648.268,191.01,0,79.3672,22.7318,1.28641
3691,220.404,279.287,329.489,407.542,251.265,184.455,0,174.555,45.8496,1.26267
3692,42.1999,40.7206,293.138,185.525,253.395,182.752,0,25.4503,16.7496,1.65813
3693,330.811,347.131,369.486,477.895,144.772,616.097,0,216.957,113.854,1.52478
3694,237.305,197.638,305.196,346.199,250.783,184.694,0,123.524,113.781,1.92113
3695,104.799,112.778,583.385,445.724,615.639,539.684,0,70.4862,34.3128,1.4868
3696,3.5,2.35669,150.76,705.18,150.093,702.92,0,1.47293,2.02707,2.37621
3697,37.4,29.3851,594.617,625.059,613.32,613.179,0,18.3657,19.0343,2.03641
3698,216.804,204.521,382.594,325.914,349.695,174.718,0,127.826,88.9783,1.69609
3699,78.7994,89.0273,191.636,232.261,248.236,184.688,0,55.642,23.1573,1.41618
3700,144.5,183.558,387.653,676.759,313.552,818.307,0,114.724,29.7758,1.25954
3701,302.109,269.452,340.627,386.245,349.881,174.709,0,168.408,133.702,1.79392
3702,23.8001,26.0335,239.637,208.424,249.132,185.107,0,16.2709,7.52911,1.46273
3703,307.51,269.002,305.15,437.21,67.6661,404.833,0,168.126,139.383,1.82904
3704,40.3,47.2952,276.628,798.2,311.642,818.431,0,29.5595,10.7404,1.36335
3705,317.11,273.543,424.764,437.682,615.587,540.391,0,170.964,146.146,1.85483
3706,68.3995,78.6991,149.698,533.651,139.546,611.25,0,49.1869,19.2126,1.3906
3707,112.099,126.294,132.427,477.105,67.6536,405.583,0,78.9339,33.165,1.42016
3708,131.999,124.367,551.6,295.139,630.303,334.231,0,77.7292,54.2697,1.69819
3709,265.507,318.042,318.805,486.234,139.917,611.058,0,198.776,66.7307,1.33571
3710,164.701,109.66,201.896,261.079,248.672,184.923,0,68.5374,96.1635,2.40308
3711,7.99999,8.55326,622.114,332.129,630.387,334.196,0,5.34579,2.65421,1.49651
3712,87.5992,87.0056,543.1,598.701,613.232,612.764,0,54.3785,33.2207,1.61092
3713,47.0999,54.748,576.402,339.305,630.368,334.056,0,34.2175,12.8824,1.37649
3714,166.301,193.57,329.067,344.539,251.216,184.527,0,120.981,45.3197,1.3746
3715,194.703,171.246,277.033,340.194,251.193,184.466,0,107.029,87.6737,1.81916
3716,311.01,278.683,313.125,516.515,144.695,615.603,0,174.177,136.833,1.7856
3717,109.099,107.183,531.625,353.79,630.417,334.451,0,66.9891,42.1098,1.62861
3718,306.71,253.301,236.128,470.043,67.6713,405.621,0,158.313,148.396,1.93736
3719,66.4996,79.8592,209.596,688.405,152.526,701.754,0,49.912,16.5875,1.33234
3720,237.305,195.14,467.57,275.928,356.18,173.429,0,121.963,115.343,1.94572
3721,123.899,139.94,546.071,459.553,615.657,539.505,0,87.4622,36.4365,1.4166
3722,103.899,95.2283,227.089,275.694,249.006,185.039,0,59.5177,44.3813,1.74568
3723,41.7999,54.347,599.982,208.17,647.952,197.865,0,33.9669,7.83307,1.23061
3724,44.9999,56.1957,598.096,209.128,648.008,197.768,0,35.1223,9.87757,1.28123
3725,3.9,3.17046,627.271,333.61,630.338,334.336,0,1.98154,1.91846,1.96817
3726,162.701,139.786,450.319,139.193,356.211,173.349,0,87.3661,75.3346,1.86229
3727,31.2001,30.9238,254.542,215.269,249.941,185.104,0,19.3274,11.8727,1.6143
3728,241.306,197.773,474.973,543.676,613.275,612.526,0,123.608,117.697,1.95218
3729,103.099,132.236,556.851,181.735,647.774,191.524,0,82.6474,20.4516,1.24746
3730,26.2001,26.1218,237.444,204.702,249.173,185.149,0,16.3261,9.87392,1.60479
3731,10.8,11.1476,263.504,186.425,253.095,183.409,0,6.96727,3.83273,1.55011
3732,90.9992,75.0816,420.161,146.082,356.293,173.143,0,46.926,44.0732,1.93921
3733,14.9,13.584,261.495,194.092,252.581,184.036,0,8.49002,6.41,1.755
3734,74.8994,100.661,234.138,677.871,149.509,693.264,0,62.9134,11.9861,1.19052
3735,135.499,121.798,430.298,240.293,355.537,174.428,0,76.1238,59.3753,1.77998
3736,96.6991,90.0913,542.788,595.353,613.235,612.579,0,56.307,40.3921,1.71735
3737,252.806,209.451,501.275,519.718,613.276,612.524,0,130.907,121.899,1.93119
3738,138.999,106.975,207.6,267.005,248.144,184.747,0,66.8592,72.1401,2.07899
3739,30.4001,25.2119,268.704,202.531,252.392,184.036,0,15.7574,14.6427,1.92925
3740,73.9994,102.121,582.92,261.42,647.959,197.667,0,63.8254,10.1741,1.15941
3741,147.3,148.026,506.61,118.609,653.555,129.58,0,92.5162,54.7835,1.59215
3742,90.1992,124.318,255.291,682.008,149.455,693.322,0,77.6985,12.5007,1.16089
3743,227.705,212.603,378.749,346.743,349.953,174.832,0,132.877,94.8278,1.71365
3744,31.0001,37.0879,140.819,657.44,139.881,620.84,0,23.1799,7.82017,1.33737
3745,12.1,11.991,599.439,756.752,611.175,755.258,0,7.49436,4.60565,1.61455
3746,37.1,47.3806,609.147,193.534,647.99,197.831,0,29.6129,7.4871,1.25283
3747,30.8001,40.4549,160.925,642.137,144.671,615.746,0,25.2843,5.51579,1.21815
3748,67.2995,68.6731,412.914,193.84,355.555,174.322,0,42.9207,24.3788,1.568
3749,31.1001,34.1491,615.14,266.826,635.793,282.256,0,21.3432,9.75688,1.45714
3750,183.802,150.009,443.45,145.037,355.502,174.416,0,93.7557,90.0463,1.96044
3751,301.209,283.349,360.497,426.836,349.82,174.745,0,177.093,124.116,1.70085
3752,25.7001,28.3577,255.668,212.559,249.9,185.087,0,17.7235,7.97652,1.45005
3753,221.704,216.735,337.662,601.89,144.746,615.598,0,135.459,86.2452,1.63669
3754,71.0995,97.3579,337.439,724.122,312.769,818.01,0,60.8487,10.2508,1.16846
3755,131.599,140.882,500.175,719.688,612.42,752.076,0,88.0514,43.5474,1.49457
3756,231.505,173.153,200.222,342.868,67.7061,404.883,0,108.221,123.284,2.13919
3757,17.9,18.5615,592.715,754.515,611.054,755.178,0,11.6009,6.2991,1.54298
3758,142.099,167.612,366.863,681.389,312.988,818.105,0,104.757,37.3422,1.35646
3759,124.799,130.432,546.662,387.41,630.35,334.29,0,81.52,43.2786,1.5309
3760,92.3992,99.7625,178.267,538.78,140.034,611.073,0,62.3516,30.0476,1.48191
3761,107.699,105.478,290.906,739.067,311.746,818.415,0,65.9236,41.7753,1.63369
3762,344.412,254.999,443.325,496.933,599.857,520.996,1,159.374,185.038,2.16103
3763,224.204,189.131,476.554,552.637,613.323,613.137,0,118.207,105.998,1.89672
3764,27.4001,29.8563,572.744,834.837,602.438,833.275,0,18.6602,8.73988,1.46837
3765,98.2991,99.237,264.144,280.994,249.553,185.24,0,62.0231,36.2759,1.58488
3766,56.3997,61.1178,560.515,740.472,611.991,753.025,0,38.1987,18.2011,1.47648
3767,24.9001,30.0993,413.242,107.112,406.018,78.1757,0,18.8121,6.088,1.32362
3768,124.399,147.635,273.552,688.619,149.814,693.174,0,92.2722,32.1265,1.34817
3769,237.805,190.381,508.398,418.269,630.351,334.096,0,118.988,118.817,1.99856
3770,251.306,345.916,389.505,536.181,312.644,818.014,0,216.197,35.1089,1.16239
3771,314.31,209.48,432.942,634.431,613.302,612.455,0,130.925,183.385,2.40069
3772,61.7996,75.733,590.041,190.216,647.906,197.601,0,47.3331,14.4665,1.30563
3773,128.699,146.35,543.782,465.111,615.636,540.315,0,91.469,37.2297,1.40702
3774,107.699,98.4445,436.059,197.173,356.066,173.435,0,61.5278,46.1711,1.75041
3775,162.701,135.13,502.295,651.159,613.261,612.409,0,84.4563,78.2444,1.92645
3776,256.906,232.787,301.188,379.674,249.125,185.098,0,145.492,111.414,1.76578
3777,0,0,614.21,759.002,614.21,759.002,0,0,0,0
3778,78.3994,109.441,351.045,717.054,313.217,818.166,0,68.4003,9.99904,1.14618
3779,79.2994,74.2559,421.696,150.637,356.081,173.544,0,46.4099,32.8894,1.70867
3780,81.8993,78.5768,574.877,665.006,613.185,612.882,0,49.1105,32.7888,1.66765
3781,84.3993,93.6337,189.275,560.653,140.159,611.155,0,58.5211,25.8782,1.4422
3782,18.4,20.6396,376.208,175.813,355.886,174.069,0,12.8997,5.50029,1.42639
3783,236.505,221.848,373.148,366.349,349.909,174.837,0,138.655,97.8501,1.70571
3784,163.601,151.233,240.625,326.026,250.049,185.016,0,94.5204,69.0804,1.73085
3785,238.605,163.62,218.372,418.376,67.7028,405.517,0,102.262,136.343,2.33327
3786,187.902,163.978,226.036,323.611,249.295,185.182,0,102.487,85.4157,1.83343
3787,105.099,98.7545,165.881,398.938,67.7023,405.552,0,61.7216,43.3774,1.70279
3788,99.4991,132.841,555.039,180.774,648.055,191.13,0,83.0258,16.4733,1.19841
3789,323.311,238.505,445.457,386.036,630.374,334.123,0,149.066,174.245,2.16891
3790,56.4997,64.7303,589.096,692.643,612.413,751.967,0,40.4565,16.0432,1.39656
3791,0,0,352.992,169.673,352.992,169.673,0,0,0,0
3792,69.4995,69.4197,594.745,183.128,647.596,191.966,0,43.3873,26.1122,1.60184
3793,344.412,300.168,363.375,464.25,326.967,186.753,1,187.605,156.807,1.83583
3794,253.906,155.423,493.566,627.701,613.314,613.199,0,97.1391,156.767,2.61384
3795,125.899,121.111,219.469,604.617,144.663,615.649,0,75.6946,50.2041,1.66325
3796,217.004,294.378,376.479,568.099,312.626,818.015,0,183.986,33.018,1.17946
3797,254.106,230.417,388.94,351.266,349.476,174.572,0,144.011,110.096,1.7645
3798,116.099,117.754,561.18,386.247,630.427,333.833,0,73.5959,42.5029,1.57752
3799,52.7998,57.5218,611.587,159.261,648.299,190.869,0,35.9511,16.8486,1.46865
3800,130.399,104.86,215.987,280.571,248.466,184.825,0,65.5374,64.8614,1.98969
3801,49.9998,43.303,289.51,204.201,253.113,183.476,0,27.0644,22.9354,1.84744
3802,270.007,218.369,391.438,337.176,349.886,174.734,0,136.481,133.527,1.97835
3803,56.4997,73.6612,542.307,762.224,611.076,755.274,0,46.0382,10.4615,1.22723
3804,123.599,159.801,285.889,697.289,311.082,818.728,0,99.8753,23.7233,1.23753
3805,70.0995,88.6217,554.767,499.153,615.652,540.397,0,55.3886,14.7109,1.2656
3806,302.609,275.356,415.277,375.61,349.676,174.69,0,172.098,130.512,1.75836
3807,241.506,225.426,482.614,468.049,615.672,539.556,0,140.891,100.614,1.71413
3808,4.5,4.12938,632.466,284.921,636.456,283.855,0,2.58086,1.91913,1.7436
3809,344.412,281.478,422.548,559.568,588.336,614.887,1,175.924,168.488,1.95773
3810,0,0,353.514,170.572,353.514,170.572,0,0,0,0
3811,72.6995,99.04,337.87,722.459,312.803,818.002,0,61.9,10.7995,1.17447
3812,194.703,124.449,225.855,304.81,249.276,185.194,0,77.7806,116.922,2.50323
3813,134.799,138.797,361.444,269.445,349.983,174.81,0,86.7483,48.0508,1.55391
3814,113.699,114.011,551.971,154.187,653.576,130.286,0,71.2567,42.4421,1.59562
3815,95.5991,111.425,527.607,725.842,611.699,753.673,0,69.6409,25.9582,1.37274
3816,40.8999,44.78,408.188,122.251,405.854,78.1474,0,27.9875,12.9125,1.46137
3817,215.404,163.157,474.033,644.505,613.255,613.166,0,101.973,113.431,2.11236
3818,50.8998,64.0163,121.6,566.715,139.949,611.165,0,40.0102,10.8896,1.27217
3819,192.803,148.021,561.827,551.895,613.308,612.388,0,92.5129,100.29,2.08406
3820,121.799,125.538,540.085,152.945,653.557,130.314,0,78.4616,43.3372,1.55234
3821,259.407,162.928,499.742,633.166,613.332,612.378,0,101.83,157.576,2.54744
3822,106.399,104.952,560.392,375.108,630.422,334.362,0,65.5949,40.804,1.62206
3823,19,23.6335,414.65,99.8855,408.793,76.9903,0,14.7709,4.2291,1.28631
3824,28.5001,28.8749,132.943,586.834,139.968,611.085,0,18.0468,10.4533,1.57923
3825,210.004,169.33,170.505,306.923,248.835,184.977,0,105.831,104.172,1.98432
3826,78.7994,88.4843,302.96,227.131,349.699,174.644,0,55.3027,23.4967,1.42487
3827,13.6,17.0734,636.563,129.054,653.458,129.965,0,10.6709,2.92914,1.2745
3828,257.206,265.45,301.667,410.956,250.046,184.978,0,165.906,91.3005,1.55032
3829,238.205,235.868,306.161,378.019,250.732,184.808,0,147.418,90.7877,1.61585
3830,40.3,44.0243,174.539,636.436,144.813,615.938,0,27.5152,12.7847,1.46464
3831,281.108,291.351,376.089,556.937,144.782,616.067,0,182.094,99.0136,1.54375
3832,302.609,234.485,510.326,477.651,615.46,539.947,0,146.553,156.056,2.06484
3833,93.9991,122.653,355.429,704.693,313.213,818.239,0,76.658,17.3411,1.22621
3834,71.2995,72.7323,138.795,396.771,67.6986,404.77,0,45.4577,25.8418,1.56848
3835,181.002,161.305,237.381,334.491,249.81,185.137,0,100.816,80.186,1.79537
3836,232.805,200.041,476.57,391.94,630.338,334.063,0,125.025,107.78,1.86206
3837,213.304,162.455,459.78,598.174,613.322,613.21,0,101.534,111.769,2.1008
3838,55.6997,70.5668,207.47,676.011,149.297,693.343,0,44.1043,11.5955,1.26291
3839,7.4,7.99662,639.39,197.853,647.11,195.773,0,4.99789,2.40211,1.48063
3840,244.506,240.276,307.523,375.177,250.344,184.881,0,150.172,94.3334,1.62817
3841,130.099,134.83,531.739,148.261,653.499,130.233,0,84.269,45.8298,1.54385
3842,136.099,97.9964,519.657,608.918,613.269,613.183,0,61.2477,74.8514,2.22211
3843,60.7996,68.4143,409.426,146.914,355.948,173.818,0,42.7589,18.0407,1.42192
3844,23.3001,27.7491,583.847,754.972,611.109,755.239,0,17.3432,5.95685,1.34347
3845,292.509,260.237,413.42,362.925,355.501,174.427,0,162.648,129.861,1.79842
3846,50.0998,49.9508,605.167,296.237,635.818,282.326,0,31.2193,18.8806,1.60477
3847,60.0997,69.721,186.017,599.231,144.66,615.731,0,43.5756,16.524,1.3792
3848,12.4,10.0452,608.054,547.939,616.466,542.447,0,6.27828,6.12173,1.97507
3849,68.4995,64.6826,393.086,186.213,355.574,174.35,0,40.4267,28.0729,1.69441
3850,211.804,262.984,284.04,511.119,139.946,611.162,0,164.365,47.4388,1.28862
3851,151.2,147.668,518.053,137.6,653.609,129.589,0,92.2925,58.9075,1.63827
3852,69.7995,70.4841,566.486,718.396,611.895,753.237,0,44.0526,25.7469,1.58446
3853,186.402,157.359,215.81,382.461,67.7033,404.779,0,98.3492,88.053,1.89531
3854,43.8999,54.21,197.557,625.361,144.737,615.679,0,33.8812,10.0187,1.2957
3855,91.7992,94.4974,217.202,267.304,248.718,184.917,0,59.0609,32.7383,1.55431
3856,150.9,159.767,507.328,147.479,653.552,130.382,0,99.8541,51.0459,1.5112
3857,224.004,187.593,483.392,304.913,630.359,334.06,0,117.246,106.759,1.91055
3858,30.5001,31.2031,140.85,664.256,149.307,693.269,0,19.5019,10.9981,1.56395
3859,52.5998,43.09,110.03,407.796,67.7456,405.515,0,26.9312,25.6685,1.95311
3860,344.412,258.202,420.561,491.667,595.216,503.26,1,161.376,183.035,2.13421
3861,189.302,158.408,220.586,391.418,67.7365,405.567,0,99.005,90.2973,1.91205
3862,55.1997,48.5031,218.945,218.702,248.554,184.817,0,30.3144,24.8853,1.82091
3863,159.401,149.017,408.349,261.979,355.46,174.411,0,93.1357,66.2648,1.71149
3864,50.4998,59.3629,193.161,680.257,149.588,693.222,0,37.1018,13.398,1.36111
3865,259.007,217.762,391.874,335.845,349.514,174.565,0,136.101,122.906,1.90305
3866,64.8996,75.9118,349.912,201.235,349.862,174.826,0,47.4449,17.4547,1.36789
3867,131.299,123.334,159.806,490.505,139.508,611.209,0,77.0837,54.2151,1.70333
3868,285.708,232.942,264.15,433.036,67.6773,404.837,0,145.589,140.119,1.96243
3869,147.6,108.705,515.758,633.864,613.283,613.214,0,67.9408,79.659,2.17248
3870,3.9,3.26376,358.107,176.652,355.806,174.339,0,2.03985,1.86015,1.9119
3871,133.199,152.428,538.23,215.224,647.674,192.088,0,95.2672,37.9317,1.39816
3872,162.501,211.341,515.432,248.497,647.915,197.811,0,132.088,30.4126,1.23024
3873,344.412,234.918,437.613,599.711,597.635,612.586,1,146.824,197.588,2.34575
3874,75.1994,77.3166,200.1,586.751,144.671,615.715,0,48.3229,26.8766,1.55619
3875,61.8996,76.2219,354.21,196.86,349.75,174.741,0,47.6387,14.261,1.29936
3876,102.999,108.583,287.071,279.892,250.281,184.94,0,67.8646,35.1344,1.51771
3877,260.707,207.939,258.539,381.169,67.6144,405.81,0,129.962,130.745,2.00602
3878,89.3992,89.7385,154.064,403.695,67.6926,404.816,0,56.0866,33.3126,1.59395
3879,344.412,318.802,447.021,526.371,567.727,617.136,1,199.251,145.16,1.72853
3880,344.412,83.6825,586.948,290.427,589.642,289.863,1,52.3016,292.11,6.58511
3881,41.4999,45.4862,608.713,131.672,653.517,129.924,0,28.4289,13.071,1.45978
3882,74.2994,77.7727,268.413,259.525,249.956,185.048,0,48.6079,25.6915,1.52855
3883,304.209,245.491,280.359,433.351,67.6766,405.6,0,153.432,150.777,1.9827
3884,212.304,161.39,211.626,319.207,248.785,185.044,0,100.868,111.435,2.10476
3885,142.8,139.847,589.526,379.8,630.307,334.127,0,87.4042,55.3953,1.63378
3886,62.9996,81.9743,584.209,472.736,615.667,539.563,0,51.2339,11.7657,1.22965
3887,167.101,150.306,287.206,627.244,144.829,616.094,0,93.9411,73.1599,1.77878
3888,117.599,135,568.62,421.161,615.674,539.551,0,84.3751,33.2237,1.39376
3889,37.3,50.0359,324.642,769.953,312.814,818.016,0,31.2724,6.02755,1.19274
3890,113.399,124.128,530.852,119.124,653.555,129.771,0,77.5802,35.8186,1.4617
3891,6.5,6.63346,73.2569,401.052,66.8259,402.678,0,4.14591,2.35408,1.56781
3892,89.7992,92.1475,568.221,140.519,653.519,129.759,0,57.5922,32.207,1.55923
3893,159.801,157.953,228.445,565.99,144.741,615.637,0,98.7205,61.08,1.61872
3894,19.8,22.8685,378.296,177.976,355.947,173.861,0,14.2928,5.50725,1.38532
3895,295.509,253.521,399.824,365.246,349.876,174.687,0,158.451,137.058,1.86499
3896,78.3994,84.7567,177.632,553.137,140.136,611.116,0,52.9729,25.4265,1.47999
3897,232.005,180.705,305.249,652.262,144.775,616.07,0,112.941,119.064,2.05422
3898,209.604,170.311,237.293,342.611,250.979,184.63,0,106.444,103.159,1.96914
3899,0,0,356.114,173.447,356.114,173.447,0,0,0,0
3900,175.402,136.504,508.124,661.889,613.307,612.389,0,85.3148,90.0867,2.05593
3901,96.9991,96.5197,541.957,353.054,630.368,333.697,0,60.3248,36.6743,1.60795
3902,257.006,305.535,279.132,475.645,139.872,611.064,0,190.959,66.0471,1.34587
3903,49.6998,61.5126,409.552,139.13,405.852,78.2106,0,38.4454,11.2544,1.29274
3904,173.301,159.332,191.214,346.382,67.6635,404.803,0,99.5825,73.7189,1.74028
3905,216.904,168.723,170.937,305.977,249.429,185.241,0,105.452,111.452,2.0569
3906,195.303,222.532,441.512,679.22,312.578,818.007,0,139.082,56.2203,1.40422
3907,94.9991,92.7994,432.688,192.293,355.558,174.345,0,57.9996,36.9995,1.63793
3908,188.402,162.672,503.942,377.62,630.316,334.12,0,101.67,86.7323,1.85308
3909,155.8,160.598,183.757,471.047,140.098,611.057,0,100.374,55.4267,1.5522
3910,156.5,161.924,383.384,262.371,349.655,174.656,0,101.202,55.2981,1.54641
3911,209.304,205.818,346.502,341.994,350.015,174.773,0,128.636,80.6674,1.6271
3912,60.5996,62.9065,264.088,245.06,250.288,184.922,0,39.3166,21.2831,1.54133
3913,344.412,281.628,411.132,408.254,327.226,188.691,1,176.017,168.395,1.95669
3914,49.0998,64.2528,204.012,633.364,144.841,615.904,0,40.158,8.94185,1.22267
3915,344.412,197.005,406.778,503.465,547.893,446.847,1,123.128,221.284,2.79718
3916,344.412,238.951,410.124,615.025,596.216,613.047,1,149.344,195.068,2.30616
3917,215.604,225.391,275.227,548.727,144.668,615.711,0,140.869,74.7348,1.53053
3918,86.2993,90.6516,563.414,127.257,653.464,129.887,0,56.6573,29.642,1.52318
3919,37,40.4094,82.0857,432.573,67.6807,405.539,0,25.2559,11.7441,1.46501
3920,286.308,277.895,286.698,456.341,67.6495,404.576,0,173.685,112.624,1.64844
3921,202.503,192.377,295.346,585.717,144.746,615.591,0,120.235,82.2677,1.68422
3922,156.6,125.366,189.802,390.356,67.6934,405.611,0,78.354,78.2463,1.99863
3923,44.7999,33.1955,581.911,619.283,613.25,612.385,0,20.7472,24.0527,2.15932
3924,17.4,21.3747,142.753,590.267,139.876,611.094,0,13.3592,4.04085,1.30248
3925,29.7001,29.1497,614.037,271.974,635.956,282.736,0,18.2185,11.4815,1.63021
3926,120.099,143.698,272.959,702.184,149.594,693.182,0,89.8114,30.2874,1.33723
3927,169.101,153.125,337.699,292.075,349.553,174.618,0,95.7033,73.3978,1.76693
3928,110.899,105.006,241.242,621.382,144.799,615.793,0,65.629,45.2699,1.68978
3929,70.2995,76.8333,103.465,457.12,67.6603,405.616,0,48.0208,22.2787,1.46394
3930,40,41.6716,560.568,833.529,602.451,833.252,0,26.0448,13.9552,1.53582
3931,344.412,267.578,410.99,566.23,579.636,617.913,1,167.236,177.175,2.05943
3932,275.408,210.45,479.107,278.146,355.476,174.417,0,131.531,143.877,2.09386
3933,54.7997,70.5289,201.421,638.582,144.704,615.599,0,44.0806,10.7192,1.24317
3934,270.707,320.365,318.025,478.91,139.912,611.132,0,200.228,70.4795,1.352
3935,1.9,1.04924,316.892,818.424,316.117,819.373,0,0.655777,1.24422,2.89732
3936,288.508,262.684,364.795,406.07,349.603,174.557,0,164.177,124.331,1.7573
3937,124.299,116.372,543.143,672.702,613.339,613.142,0,72.7324,51.5663,1.70899
3938,321.21,305.583,374.943,440.959,349.997,174.793,0,190.99,130.221,1.68182
3939,114.399,118.953,179.538,250.88,249.082,185.123,0,74.3455,40.0533,1.53874
3940,40.5,50.5074,604.056,209.277,648.012,197.999,0,31.5671,8.93283,1.28298
3941,80.9993,65.873,301.591,761.984,311.475,818.488,0,41.1707,39.8287,1.9674
3942,0,0,646.918,194.166,646.918,194.166,0,0,0,0
3943,147.5,107.098,205.853,264.833,248.082,184.689,0,66.9365,80.5633,2.20358
3944,165.501,166.099,534.798,476.649,615.557,539.725,0,103.812,61.6888,1.59423
3945,64.7996,91.6951,577.377,252.626,648.016,198.002,0,57.3095,7.49013,1.1307
3946,241.806,234.391,355.606,369.386,349.814,174.712,0,146.494,95.3114,1.65062
3947,22.2,29.1481,625.529,137.954,653.477,129.954,0,18.2176,3.98248,1.21861
3948,181.702,231.549,491.404,260.533,647.966,197.938,0,144.718,36.9837,1.25556
3949,344.412,225.327,402.213,462.506,582.055,459.975,1,140.829,203.582,2.4456
3950,96.6991,115.929,98.509,482.979,67.7124,405.623,0,72.4557,24.2434,1.3346
3951,209.104,199.171,332.528,627.558,144.79,616.193,0,124.482,84.6216,1.67979
3952,114.799,135.151,529.244,735.095,611.091,755.178,0,84.4693,30.3295,1.35906
3953,192.403,146.916,467.756,213.572,356.153,173.444,0,91.8227,100.58,2.09537
3954,181.102,123.573,221.17,302.616,248.655,184.925,0,77.2331,103.869,2.34487
3955,228.205,196.884,474.721,546.551,613.209,612.555,0,123.052,105.152,1.85453
3956,109.199,106.325,244.724,622.042,144.754,616.218,0,66.4534,42.7455,1.64324
3957,0,0,152.398,696.585,152.398,696.585,0,0,0,0
3958,315.11,298.284,270.076,458.031,67.6685,405.619,0,186.428,128.682,1.69025
3959,135.999,130.645,281.056,303.07,250.251,184.923,0,81.6531,54.346,1.66557
3960,342.012,289.069,426.438,416.169,630.305,334.137,0,180.668,161.344,1.89304
3961,130.299,121.172,546.636,565.551,613.288,612.41,0,75.7328,54.566,1.72051
3962,76.1994,84.3602,181.388,209.151,248.129,184.664,0,52.7251,23.4743,1.44522
3963,327.711,271.258,424.06,436.724,615.649,540.251,0,169.536,158.174,1.93298
3964,18.8,22.3501,318.695,796.575,312.667,818.047,0,13.9688,4.83125,1.34586
3965,315.61,257.203,466.051,504.586,613.358,612.514,0,160.752,154.858,1.96334
3966,219.604,232.406,274.425,540.805,144.72,615.703,0,145.254,74.3507,1.51187
3967,83.4993,83.7458,429.586,145.913,356.114,173.417,0,52.3411,31.1582,1.59529
3968,176.002,149.917,484.988,153.39,356.177,173.339,0,93.6982,82.3033,1.87839
3969,244.306,210.005,296.673,564.306,144.636,615.644,0,131.253,113.053,1.86133
3970,60.8996,75.8817,213.928,676.822,149.823,693.256,0,47.4261,13.4736,1.2841
3971,215.404,184.338,494.65,300.533,630.375,334.072,0,115.211,100.193,1.86965
3972,122.799,148.763,281.496,700.037,149.86,693.201,0,92.9767,29.822,1.32075
3973,63.7996,82.8978,580.499,477.361,615.612,540.322,0,51.8111,11.9885,1.23139
3974,0,0,403.448,72.2556,403.448,72.2556,0,0,0,0
3975,197.003,170.144,272.259,338.526,251.114,184.641,0,106.34,90.6628,1.85258
3976,104.399,110.271,269.608,750.784,310.767,818.801,0,68.9193,35.4796,1.5148
3977,149.5,133.754,139.872,495.194,140.226,611.246,0,83.5961,65.9038,1.78836
3978,344.412,260.524,422.088,582.539,594.868,614.635,1,162.828,181.584,2.11519
3979,344.412,192.922,397.641,471.106,548.282,447.501,1,120.576,223.836,2.85638
3980,344.412,217.152,455.102,687.712,612.566,613.22,1,135.72,208.692,2.53766
3981,87.2992,112.986,561.244,207.504,647.596,191.908,0,70.616,16.6833,1.23625
3982,103.299,105.482,561.503,374.418,630.435,333.696,0,65.926,37.3729,1.56689
3983,132.499,145.557,562.292,415.83,615.589,539.629,0,90.9728,41.5261,1.45647
3984,145.8,131.659,524.967,673.1,613.353,613.209,0,82.2869,63.5128,1.77185
3985,36,46.0005,305.915,187.165,349.61,174.631,0,28.7503,7.24969,1.25216
3986,33.4001,36.1194,143.298,657.839,149.585,693.165,0,22.5746,10.8254,1.47954
3987,216.704,183.503,235.133,375.39,67.7269,404.79,0,114.69,102.014,1.88948
3988,167.701,160.362,355.203,309.034,349.86,174.739,0,100.226,67.4745,1.67322
3989,220.304,281.932,302.193,514.75,139.935,611.159,0,176.207,44.0969,1.25026
3990,297.709,188.506,451.354,639.694,613.301,613.211,0,117.817,179.892,2.52689
3991,29.8001,34.677,616.3,210.922,648.021,197.908,0,21.6731,8.12697,1.37498
3992,240.605,195.277,261.903,354.241,249.137,185.088,0,122.048,118.558,1.9714
3993,30.3001,25.4393,592.432,620.583,613.321,613.209,0,15.8996,14.4005,1.90572
3994,182.202,137.041,510.841,653.426,613.303,613.139,0,85.6505,96.5514,2.12727
3995,261.307,220.727,459.365,329.807,355.531,174.438,0,137.954,123.353,1.89416
3996,168.701,139.668,199.649,304.141,248.276,184.816,0,87.2925,81.4086,1.9326
3997,318.41,291.979,377.837,423.978,349.657,174.616,0,182.487,135.923,1.74484
3998,113.399,107.928,250.945,632.341,144.798,616.042,0,67.455,45.9439,1.6811
3999,173.501,136.227,472.098,154.43,356.209,173.45,0,85.1422,88.3592,2.03778
4000,55.9997,70.7339,589.889,482.475,615.668,539.548,0,44.2087,11.791,1.26671
4001,42.5999,61.1414,209.588,724.108,152.73,701.835,0,38.2134,4.38654,1.11479
4002,277.808,195.366,461.467,664.333,613.283,613.183,0,122.104,155.704,2.27517
4003,124.599,170.954,550.028,246.677,648.112,197.969,0,106.846,17.7524,1.16615
4004,117.499,124.451,537.616,679.776,613.207,613.042,0,77.7821,39.7167,1.51061
4005,130.399,121.267,127.146,510.199,140.317,611.262,0,75.7916,54.6071,1.72049
4006,275.608,218.107,455.83,335.184,356.068,173.483,0,136.317,139.291,2.02181
4007,110.699,109.802,374.87,216.23,355.501,174.4,0,68.6264,42.0724,1.61306
4008,60.3997,59.3593,600.117,174.867,648.514,190.789,0,37.0996,23.3001,1.62804
4009,97.8991,106.156,357.632,224.937,350.057,174.833,0,66.3473,31.5517,1.47555
4010,69.3995,79.8573,556.041,348.831,630.368,333.841,0,49.9108,19.4887,1.39047
4011,31.4001,26.8095,266.86,206.15,252.407,184.002,0,16.7559,14.6441,1.87397
4012,339.211,279.11,425.263,411.356,630.346,334.105,0,174.444,164.768,1.94453
4013,108.699,101.163,168.565,400.417,67.6703,404.854,0,63.2267,45.4723,1.71919
4014,163.201,158.613,186.055,477.93,139.489,611.194,0,99.1334,64.0674,1.64627
4015,10.7,10.263,607.359,547.085,616.576,542.792,0,6.41435,4.28565,1.66813
4016,116.999,116.278,258.623,296.626,249.966,184.994,0,72.6737,44.3251,1.60992
4017,150.5,139.523,201.278,394.278,67.709,404.808,0,87.2019,63.2981,1.72588
4018,183.502,206.1,352.065,629.923,313.065,818.121,0,128.813,54.6895,1.42457
4019,189.102,197.072,525.74,505.376,615.654,539.623,0,123.17,65.9322,1.53529
4020,99.999,105.346,251.878,763.957,310.781,818.817,0,65.8412,34.1578,1.51879
4021,205.103,231.163,267.94,514.62,140.061,611.088,0,144.477,60.6261,1.41962
4022,217.604,175.706,489.909,306.007,630.294,334.07,0,109.817,107.788,1.98152
4023,306.71,296.635,349.085,431.876,349.518,174.59,0,185.397,121.313,1.65434
4024,121.899,100.726,215.469,258.875,248.476,184.826,0,62.9538,58.945,1.93632
4025,158.3,177.323,377.775,670.434,312.401,818.148,0,110.827,47.4736,1.42836
4026,263.507,317.849,310.304,476.694,139.928,611.147,0,198.656,64.8509,1.32645
4027,256.306,203.119,477.45,400.237,630.267,334.146,0,126.95,129.357,2.01896
4028,205.103,163.476,175.449,302.758,249.48,185.196,0,102.173,102.931,2.00742
4029,287.408,227.705,248.447,442.673,67.7135,405.598,0,142.316,145.093,2.01951
4030,190.902,193.743,217.478,478.255,140.263,611.209,0,121.089,69.8132,1.57654
4031,77.2994,97.694,221.292,750.349,152.592,701.833,0,61.0587,16.2407,1.26598
4032,342.612,294.02,406.232,450.642,615.524,540.183,0,183.763,158.849,1.86442
4033,135.199,114.063,544.143,576.723,613.276,612.549,0,71.2896,63.9095,1.89648
4034,147,149.852,615.485,445.363,615.592,539.563,0,93.6573,53.3425,1.56955
4035,286.808,280.167,358.778,553.181,144.745,616.071,0,175.104,111.704,1.63793
4036,43.3999,54.6907,561.148,748.081,612.062,752.616,0,34.1817,9.21823,1.26968
4037,234.605,190.442,284.799,572.033,144.652,615.596,0,119.026,115.579,1.97104
4038,231.805,175.925,237.004,346.916,248.366,184.829,0,109.953,121.852,2.10822
4039,335.411,215.583,461.556,686.472,613.34,613.214,0,134.74,200.672,2.48933
4040,159.001,155.046,354.773,303.51,349.892,174.71,0,96.9037,62.0968,1.64081
4041,329.011,349.692,372.626,479.773,144.838,616.033,0,218.557,110.454,1.50538
4042,57.5997,68.2048,584.642,309.529,630.317,334.148,0,42.628,14.9717,1.35122
4043,208.003,237.331,267.962,520.114,139.694,611.119,0,148.332,59.6716,1.40228
4044,204.103,192.364,492.308,401.543,630.28,334.139,0,120.228,83.8755,1.69764
4045,25.5001,26.6,142.538,668.333,149.665,693.153,0,16.625,8.87507,1.53384
4046,123.999,139.843,213.819,530.863,140.255,611.182,0,87.4019,36.5968,1.41872
4047,70.9995,68.6138,420.164,179.477,355.55,174.365,0,42.8836,28.1159,1.65563
4048,21.7,18.8508,86.4381,404.975,67.7237,404.77,0,11.7818,9.91829,1.84184
4049,52.8998,63.096,406.67,151.458,356.051,173.64,0,39.435,13.4648,1.34144
4050,141.799,152.111,516.058,142.372,653.531,130.187,0,95.0695,46.7299,1.49153
4051,104.299,102.652,546.271,322.11,630.46,333.684,0,64.1578,40.1412,1.62566
4052,121.099,113.883,169.51,513.256,139.698,611.099,0,71.1767,49.922,1.70138
4053,112.399,119.817,197.057,534.295,140.077,611.099,0,74.8858,37.5131,1.50094
4054,135.399,120.419,128.963,509.906,139.495,611.168,0,75.2618,60.1372,1.79904
4055,19.7,22.2856,331.977,186.444,349.986,174.818,0,13.9285,5.77156,1.41437
4056,328.311,282.8,401.814,395.099,349.672,174.724,0,176.75,151.561,1.85749
4057,304.009,190.592,451.87,643.494,613.255,613.211,0,119.12,184.889,2.55212
4058,128.199,123.24,185.261,263.632,248.254,184.827,0,77.0251,51.1735,1.66437
4059,216.004,160.886,179.082,302.611,248.674,184.937,0,100.554,115.45,2.14814
4060,17.3,23.4117,175.009,709.365,152.928,701.637,0,14.6323,2.66772,1.18232
4061,72.7995,71.9372,266.697,254.139,249.576,185.235,0,44.9608,27.8387,1.61918
4062,0,0,604.422,831.134,604.419,831.132,0,0,0,0
4063,7.89999,8.32163,152.086,620.007,144.159,617.477,0,5.20102,2.69898,1.51893
4064,211.404,196.092,363.431,284.931,349.958,174.834,0,122.557,88.8463,1.72494
4065,0,0,612.119,815.35,612.119,815.35,0,0,0,0
4066,43.3999,30.5958,584.419,619.352,613.303,613.208,0,19.1224,24.2775,2.26959
4067,44.9999,56.4467,556.695,820.931,602.381,833.326,0,35.2792,9.72071,1.27554
4068,177.502,203.508,372.107,643.845,313.184,818.271,0,127.192,50.3094,1.39554
4069,175.802,183.316,377.444,305.829,349.663,174.691,0,114.573,61.229,1.53441
4070,5.9,5.13084,360.381,176.429,355.927,174.071,0,3.20677,2.69322,1.83986
4071,187.902,197.503,204.172,455.737,139.528,611.178,0,123.44,64.4626,1.52222
4072,193.303,196.346,243.48,499.644,140.283,611.162,0,122.716,70.5861,1.5752
4073,119.899,117.093,258.87,297.158,249.878,185.128,0,73.1833,46.7155,1.63834
4074,65.3996,64.2056,595.782,175.61,647.87,191.426,0,40.1285,25.2711,1.62975
4075,138.199,155.556,92.613,494.806,67.6773,405.599,0,97.2227,40.9765,1.42147
4076,157.3,169.045,499.406,142.912,653.649,130.376,0,105.653,51.6471,1.48884
4077,31.0001,37.4682,614.973,213.428,648.271,198.122,0,23.4176,7.58245,1.32379
4078,18.8,18.7434,605.79,556.272,616.377,542.159,0,11.7146,7.08539,1.60483
4079,86.6992,89.546,222.423,266.209,249.534,185.244,0,55.9663,30.733,1.54913
4080,29.4001,24.9834,92.6395,406.23,67.7026,404.79,0,15.6146,13.7855,1.88286
4081,12.2,15.3469,601.366,537.904,615.594,540.381,0,9.59183,2.60818,1.27192
4082,193.003,189.119,216.107,482.476,139.49,611.23,0,118.2,74.803,1.63285
4083,259.107,207.686,224.934,417.972,67.6094,405.749,0,129.804,129.303,1.99614
4084,149,190.645,535.777,311.389,648.211,197.971,0,119.153,29.8468,1.25049
4085,8.8,9.20369,358.126,183.185,354.416,174.764,0,5.75231,3.04769,1.52982
4086,161.901,134.46,205.643,305.989,248.111,184.684,0,84.0375,77.8632,1.92653
4087,193.703,146.303,502.754,665.586,613.353,613.194,0,91.4395,102.263,2.11837
4088,7.7,7.82861,608.171,541.757,615.565,539.576,0,4.89288,2.80711,1.57371
4089,28.0001,29.8455,588.494,769.02,611.055,755.161,0,18.6534,9.34665,1.50107
4090,289.008,297.455,375.249,551.739,144.779,616.089,0,185.91,103.099,1.55456
4091,20.2,24.3006,275.058,193.757,253.267,183.07,0,15.1879,5.01213,1.33001
4092,90.1992,92.7637,243.702,782.58,310.665,818.764,0,57.9773,32.2219,1.55577
4093,245.206,189.778,222.68,431.103,67.6721,405.49,0,118.611,126.595,2.06731
4094,127.299,144.444,544.074,463.541,615.54,540.209,0,90.2778,37.0208,1.41008
4095,179.102,174.286,420.281,294.35,355.494,174.415,0,108.929,70.1728,1.64421
4096,59.5997,74.7605,121.658,555.442,139.935,611.092,0,46.7253,12.8743,1.27553
4097,132.499,175.57,525.509,289.244,648.05,197.994,0,109.732,22.7674,1.20748
4098,47.3998,57.5632,412.541,134.49,405.949,78.1934,0,35.977,11.4228,1.3175
4099,13.9,11.1717,606.694,547.376,616.44,542.377,0,6.98232,6.9177,1.99074
4100,229.605,216.217,498.59,464.874,615.732,539.554,0,135.135,94.4694,1.69907
4101,104.299,107.56,286.255,280.339,249.575,185.197,0,67.225,37.074,1.55149
4102,45.9999,58.1491,314.148,768.035,311.982,818.282,0,36.3432,9.65672,1.26571
4103,304.309,290.342,347.758,422.552,350.022,174.75,0,181.464,122.845,1.67697
4104,184.802,151.367,442.744,259.988,356.149,173.55,0,94.6047,90.1974,1.95341
4105,0,0,656.783,133.182,656.783,133.182,0,0,0,0
4106,20,25.3207,148.153,590.511,139.859,611.061,0,15.8255,4.17459,1.26379
4107,3.7,2.85789,133.065,613.242,135.714,614.315,0,1.78618,1.91382,2.07146
4108,169.301,136.821,521.43,655.652,613.266,613.123,0,85.513,83.7881,1.97983
4109,101.299,104.607,356.868,225.856,349.905,174.771,0,65.3791,35.9199,1.54941
4110,69.7995,80.3443,224.048,626.874,144.808,616.028,0,50.2152,19.5843,1.39001
4111,344.412,249.657,387.718,517.526,570.714,449.845,1,156.036,188.376,2.20726
4112,157.8,132.091,208.169,306.695,248.56,184.938,0,82.5569,75.2435,1.91141
4113,7.99999,8.77129,152.277,684.904,150.012,693.377,0,5.48206,2.51794,1.4593
4114,218.604,152.046,485.768,199.853,356.222,173.349,0,95.0286,123.575,2.3004
4115,143.6,144.065,528.529,159.468,653.663,129.6,0,90.0406,53.5589,1.59483
4116,93.4991,112.782,190.721,255.219,248.441,184.798,0,70.4889,23.0103,1.32644
4117,20.5,19.6786,163.483,619.062,144.836,615.966,0,12.2991,8.20094,1.66679
4118,50.6998,59.0352,570.719,781.902,611.224,754.848,0,36.897,13.8028,1.37409
4119,236.205,199.763,472.028,276.74,355.54,174.399,0,124.852,111.353,1.89188
4120,121.099,143.328,532.02,182.99,648.081,191.197,0,89.5799,31.5188,1.35185
4121,180.202,162.41,275.079,664.78,144.811,616.176,0,101.506,78.6957,1.77528
4122,344.412,232.899,374.523,499.919,547.768,452.493,1,145.562,198.85,2.36609
4123,306.509,215.122,504.934,519.688,613.36,612.499,0,134.451,172.058,2.27971
4124,83.8993,85.855,530.151,611.466,613.228,612.697,0,53.6594,30.2399,1.56355
4125,75.9994,91.1055,105.771,470.967,67.6974,405.625,0,56.9409,19.0585,1.33471
4126,265.507,218.669,390.815,337.623,349.881,174.697,0,136.668,128.839,1.94271
4127,231.305,192.544,475.908,548.442,613.319,612.499,0,120.34,110.965,1.92209
4128,52.9998,59.8434,592.618,696.872,612.187,752.421,0,37.4021,15.5976,1.41703
4129,232.105,205.649,446.899,323.993,355.525,174.411,0,128.53,103.574,1.80584
4130,184.202,176.478,234.873,553.063,144.716,615.636,0,110.299,73.9031,1.67003
4131,107.099,144.313,386.097,709.677,313.421,818.268,0,90.1956,16.9033,1.18741
4132,73.9994,88.9824,279.196,263.869,250.463,184.788,0,55.614,18.3854,1.33059
4133,103.899,117.79,295.778,282.496,250.422,184.912,0,73.619,30.28,1.41131
4134,96.4991,97.0002,155.319,516.181,139.585,611.229,0,60.6251,35.874,1.59173
4135,78.1994,66.2916,300.93,762.824,311.46,818.482,0,41.4322,36.7671,1.8874
4136,314.51,295.671,310.987,461.378,67.7395,404.775,0,184.794,129.716,1.70195
4137,145,163.37,537.982,226.611,647.707,191.832,0,102.106,42.8936,1.42009
4138,12.8,13.1876,602.764,743.23,612.344,752.384,0,8.24227,4.55774,1.55297
4139,197.203,231.497,433.132,703.023,312.94,818.065,0,144.686,52.5169,1.36297
4140,310.41,252.637,472.66,511.817,613.323,612.5,0,157.898,152.512,1.96589
4141,128.199,162.507,340.187,665.795,312.737,818.057,0,101.567,26.6315,1.26221
4142,328.611,313.133,324.78,449.597,67.7103,404.918,0,195.708,132.903,1.67908
4143,332.011,289.829,359.175,435.412,349.839,174.699,0,181.143,150.868,1.83287
4144,114.099,138.674,531.881,188.833,647.75,191.876,0,86.6711,27.4278,1.31646
4145,256.606,222.486,460.648,335.647,355.575,174.446,0,139.054,117.553,1.84538
4146,8.3,8.70491,593.911,832.043,602.471,833.463,0,5.44057,2.85943,1.52557
4147,108.799,126.389,129.716,476.546,67.7491,405.454,0,78.9934,29.8055,1.37732
4148,2.5,1.58321,247.144,174.621,247.817,176.054,0,0.989506,1.51049,2.52651
4149,344.412,119.093,132.193,538.843,125.182,537.994,1,74.4331,269.979,4.62713
4150,50.8998,61.0462,314.156,764.999,311.833,818.262,0,38.1539,12.7459,1.33407
4151,233.505,312.89,391.62,574.773,312.672,817.963,0,195.556,37.9491,1.19406
4152,56.9997,52.3687,111.946,416.433,67.6562,405.602,0,32.7304,24.2693,1.74149
4153,106.999,110.4,246.751,759.699,310.666,818.841,0,69.0001,37.9989,1.55071
4154,6.4,6.30449,641.928,189.268,647.614,191.99,0,3.94031,2.45969,1.62424
4155,213.504,178.104,275.623,582.286,144.655,615.625,0,111.315,102.189,1.91801
4156,315.41,302.635,348.016,523.914,144.713,615.689,0,189.147,126.263,1.66754
4157,184.602,157.645,447.48,257.968,355.546,174.413,0,98.528,86.0741,1.8736
4158,92.8992,110.95,574.842,444.413,615.46,539.937,0,69.3436,23.5555,1.33969
4159,344.412,220.382,393.748,519.165,544.066,444.078,1,137.738,206.673,2.50048
4160,69.6995,90.7612,573.448,479.352,615.723,539.516,0,56.7258,12.9738,1.22871
4161,344.412,223.45,414.346,505.487,574.601,450.332,1,139.656,204.756,2.46614
4162,189.702,182.025,435.352,303.743,355.514,174.44,0,113.765,75.937,1.66749
4163,48.0998,35.7491,245.546,220.301,249.254,185.176,0,22.3432,25.7567,2.15278
4164,21.3,19.8877,596.7,604.007,613.22,612.788,0,12.4298,8.87023,1.71363
4165,183.002,185.845,396.55,294.657,355.5,174.429,0,116.153,66.8487,1.57552
4166,278.408,170.064,564.456,545.983,613.323,612.524,0,106.29,172.118,2.61932
4167,171.401,115.22,225.375,296.22,249.478,185.208,0,72.0128,99.3885,2.38015
4168,155.3,121.543,251.819,612.093,144.655,615.688,0,75.9646,79.3357,2.04438
4169,24.1001,29.0997,620.801,207.85,647.699,197.322,0,18.1873,5.91274,1.3251
4170,91.1992,108.34,577.356,447.205,615.663,540.261,0,67.7125,23.4867,1.34686
4171,71.7995,82.4502,225.652,628.965,144.643,615.604,0,51.5314,20.2681,1.39332
4172,105.899,93.7342,231.605,623.665,144.679,615.695,0,58.5838,47.3151,1.80765
4173,163.301,190.817,409.952,685.774,312.718,818.034,0,119.26,44.0404,1.36928
4174,186.302,152.124,187.544,307.548,249.425,185.169,0,95.0774,91.2248,1.95948
4175,240.505,167.087,488.226,214.909,356.163,173.417,0,104.429,136.076,2.30305
4176,38.5,37.2716,289.219,185.639,253.53,182.731,0,23.2948,15.2052,1.65273
4177,310.31,289.566,263.111,481.314,67.746,405.633,0,180.979,129.331,1.71462
4178,33.9001,38.1213,174.193,630.862,144.719,615.852,0,23.8258,10.0743,1.42283
4179,113.199,107.785,234.714,606.639,144.69,615.566,0,67.3656,45.8333,1.68037
4180,134.499,121.4,430.06,240.026,355.498,174.396,0,75.875,58.624,1.77264
4181,147.5,120.753,165.382,369.881,67.6654,404.805,0,75.4706,72.0292,1.9544
4182,344.412,222.656,460.401,475.513,598.896,516.487,1,139.16,205.252,2.47494
4183,21.8,21.9375,273.201,190.479,253.193,183.243,0,13.7109,8.08912,1.58998
4184,15.7,17.3874,585.059,833.977,602.39,833.31,0,10.8671,4.83288,1.44472
4185,135.799,125.47,166.65,365.563,67.7039,404.827,0,78.4186,57.3804,1.73172
4186,272.207,228.299,472.273,250.67,356.237,173.441,0,142.687,129.52,1.90772
4187,73.4995,73.6793,554.278,731.581,611.933,753.182,0,46.0496,27.4499,1.59609
4188,104.799,98.7275,138.794,520.775,139.58,611.256,0,61.7047,43.0943,1.6984
4189,83.1993,91.8384,146.459,522.021,139.569,611.159,0,57.399,25.8003,1.44949
4190,150.8,133.559,293.134,293.119,250.591,184.84,0,83.4744,67.3256,1.80654
4191,3.5,2.59317,603.391,811.814,606.086,812.546,0,1.62073,1.87927,2.15952
4192,222.404,279.395,287.088,493.292,139.88,611.111,0,174.622,47.7822,1.27363
4193,27.8001,36.3402,589.065,529.083,615.678,540.408,0,22.7126,5.08747,1.22399
4194,110.799,139.221,531.207,186.552,647.796,191.497,0,87.0129,23.786,1.27336
4195,96.3991,101.384,553.588,123.661,653.636,129.713,0,63.3651,33.034,1.52133
4196,13.2,15.9074,256.303,199.68,250.95,184.717,0,9.94212,3.2579,1.32769
4197,12.4,13.6304,244.96,197.632,249.586,185.231,0,8.519,3.88101,1.45557
4198,194.603,207.7,612.842,382.151,615.63,539.638,0,129.813,64.7901,1.4991
4199,132.499,87.8863,542.871,636.918,613.345,613.192,0,54.929,77.5699,2.41219
4200,317.01,278.789,286.402,457.541,67.7094,405.627,0,174.243,142.767,1.81935
4201,120.899,131.943,513.48,719.019,611.959,752.997,0,82.4641,38.4346,1.46608
4202,50.1998,43.4653,219.725,207.207,248.258,184.701,0,27.1658,23.034,1.8479
4203,124.999,128.57,311.467,263.914,350.016,174.761,0,80.356,44.6426,1.55556
4204,105.399,114.982,192.416,256.974,248.476,184.849,0,71.8635,33.5355,1.46666
4205,40,40.2733,604.572,581.862,613.488,612.064,0,25.1708,14.8292,1.58914
4206,244.906,151.004,497.02,625.063,613.283,613.221,0,94.3773,150.528,2.59496
4207,344.412,257.905,432.798,466.271,602.985,533.696,1,161.191,183.221,2.13668
4208,39.2,47.8889,402.695,171.414,355.695,174.324,0,29.9306,9.26938,1.3097
4209,281.508,263.248,365.188,407.566,349.62,174.587,0,164.53,116.978,1.71098
4210,50.4998,62.6675,563.641,791.524,606.63,811.377,0,39.1672,11.3326,1.28934
4211,320.31,225.54,469.746,367.592,630.291,334.132,0,140.963,179.348,2.2723
4212,113.099,99.9085,230.645,280.952,249.712,185.242,0,62.4428,50.6561,1.81124
4213,88.2992,91.8468,121.941,452.468,67.671,405.574,0,57.4043,30.895,1.5382
4214,60.9996,61.9566,591.91,132.35,653.556,129.641,0,38.7229,22.2768,1.57529
4215,185.002,147.412,496.673,620.321,613.292,613.178,0,92.1325,92.8696,2.008
4216,56.6997,59.7195,609.622,154.056,653.598,130.292,0,37.3247,19.375,1.51909
4217,49.4998,56.9121,407.194,159.455,356.02,173.603,0,35.57,13.9298,1.39162
4218,271.407,279.321,367.64,563.494,144.708,615.596,0,174.576,96.8316,1.55467
4219,236.805,165.711,486.578,637.322,613.17,612.617,0,103.569,133.236,2.28644
4220,144.8,106.592,207.033,266.302,247.966,184.589,0,66.6198,78.1798,2.17352
4221,147.5,171.486,373.304,674.255,312.386,818.06,0,107.179,40.3208,1.3762
4222,240.205,323.581,396.53,551.175,312.644,818.048,0,202.238,37.9671,1.18773
4223,141.299,114.566,163.763,420.073,67.6532,405.575,0,71.6039,69.6955,1.97335
4224,44.8999,48.4039,613.187,168.792,647.579,192.013,0,30.2524,14.6475,1.48417
4225,182.402,173.769,368.95,305.092,349.778,174.673,0,108.605,73.7965,1.67949
4226,151.1,141.852,294.144,304.221,251.229,184.528,0,88.6577,62.4423,1.70431
4227,229.205,223.047,475.151,430.225,615.525,540.086,0,139.405,89.8002,1.64417
4228,169.901,178.031,211.14,498.099,140.302,611.226,0,111.269,58.6321,1.52694
4229,307.11,234.173,467.098,364.227,630.251,334.14,0,146.358,160.752,2.09835
4230,165.501,137.447,287.979,304.92,249.869,185.067,0,85.9041,79.5968,1.92658
4231,29.6001,36.7731,174.582,672.9,149.888,693.226,0,22.9832,6.61687,1.2879
4232,105.799,141.123,381.318,705.807,313.407,818.227,0,88.2018,17.5972,1.19951
4233,177.902,128.695,528.282,655.858,613.231,612.791,0,80.4341,97.4676,2.21177
4234,89.3992,103.072,220.555,650.276,144.671,615.719,0,64.4201,24.9791,1.38775
4235,152,195.764,518.804,271.92,647.932,197.594,0,122.353,29.6475,1.24231
4236,211.104,176.976,223.216,346.199,250.019,184.991,0,110.61,100.494,1.90854
4237,0.8,0.213077,247.733,184.82,247.9,184.646,0,0.133173,0.666827,6.00722
4238,344.412,54.7726,450.922,236.778,450.56,237.436,1,34.2329,310.179,10.0608
4239,224.104,160.37,201.777,427.418,67.6851,405.6,0,100.231,123.873,2.23587
4240,42.8999,57.9458,324.558,761.78,312.701,818.031,0,36.2161,6.6838,1.18455
4241,157.8,158.19,355.978,307.522,349.744,174.69,0,98.8687,58.9318,1.59606
4242,242.906,224.079,484.297,466.857,615.656,539.695,0,140.049,102.856,1.73443
4243,96.9991,92.4211,159.734,402.025,67.813,405.009,0,57.7632,39.2359,1.67926
4244,141.399,125.8,528.784,671.156,613.331,613.184,0,78.6251,62.7744,1.7984
4245,144,136.982,328.587,278.451,350.01,174.808,0,85.6135,58.3861,1.68197
4246,151.8,130.767,208.572,307.297,248.606,184.881,0,81.7291,70.071,1.85736
4247,268.507,191.109,240.996,375.052,67.7286,405.602,0,119.443,149.064,2.248
4248,69.5995,95.0047,339.427,727.281,312.771,818.006,0,59.3779,10.2216,1.17214
4249,88.2992,85.5804,568.175,695.605,611.951,752.861,0,53.4878,34.8115,1.65083
4250,316.11,252.018,450.656,460.607,615.521,539.865,0,157.511,158.599,2.00691
4251,11.3,13.7084,634.566,187.858,647.611,191.969,0,8.56777,2.73223,1.3189
4252,33.6001,45.6243,263.495,228.419,251.028,184.555,0,28.5152,5.08486,1.17832
4253,134.599,132.333,582.09,381.597,630.329,334.117,0,82.7083,51.8907,1.62739
4254,309.91,247.845,403.369,354.578,349.97,174.771,0,154.903,155.007,2.00067
4255,326.411,300.499,316.455,452.097,67.7053,404.783,0,187.812,138.599,1.73796
4256,226.605,219.97,472.766,440.892,615.66,539.563,0,137.481,89.1232,1.64826
4257,271.307,200.849,215.284,458.936,67.7487,404.805,0,125.53,145.777,2.16129
4258,107.299,118.682,544.247,677.406,613.309,613.116,0,74.176,33.123,1.44655
4259,38.8,43.0568,611.133,132.909,653.531,130.046,0,26.9105,11.8895,1.44182
4260,54.1997,43.648,253.038,227.824,249.25,185.072,0,27.28,26.9198,1.98679
4261,91.4992,96.06,566.105,144.397,653.58,129.724,0,60.0375,31.4617,1.52403
4262,158.4,134.556,463.26,165.872,356.104,173.466,0,84.0974,74.3031,1.88354
4263,170.901,216.582,503.125,262.781,648.246,197.996,0,135.364,35.5374,1.26253
4264,34.7,37.7938,82.4276,430.171,67.7281,405.521,0,23.6211,11.0789,1.46903
4265,68.2995,71.3854,418.896,155.426,356.105,173.619,0,44.6158,23.6837,1.53084
4266,206.903,215.327,602.974,384.25,615.654,539.595,0,134.579,72.3241,1.53741
4267,57.9997,64.2447,163.398,563.934,139.918,611.153,0,40.1529,17.8468,1.44447
4268,344.412,247.669,416.163,506.586,586.32,477.331,1,154.793,189.619,2.22498
4269,63.5996,62.3575,253.757,240.3,249.957,185.041,0,38.9735,24.6261,1.63187
4270,344.412,286.462,405.419,576.091,578.731,617.224,1,179.039,165.373,1.92367
4271,64.8996,60.6498,205.586,217.058,248.818,184.972,0,37.9061,26.9935,1.71211
4272,65.3996,66.1006,587.967,125.677,653.621,129.642,0,41.3129,24.0867,1.58303
4273,264.907,252.071,366.652,397.691,349.755,174.669,0,157.544,107.363,1.68148
4274,153.3,126.658,529.66,668.533,613.303,613.184,0,79.1613,74.1388,1.93655
4275,85.3993,84.0405,430.495,148.881,356.193,173.432,0,52.5253,32.8739,1.62587
4276,96.7991,125.207,265.804,724.036,153.739,700.235,0,78.2543,18.5448,1.23698
4277,290.309,222.267,240.946,444.257,67.6656,405.576,0,138.917,151.391,2.0898
4278,102.199,112.094,341.492,265.302,349.624,174.564,0,70.0587,32.1403,1.45876
4279,248.606,230.41,463.731,437.945,615.62,539.607,0,144.006,104.6,1.72636
4280,131.499,140.526,307.644,301.687,251.557,184.392,0,87.8291,43.6698,1.49721
4281,37,34.4179,244.023,218.72,249.905,185.128,0,21.5112,15.4888,1.72003
4282,50.9998,52.6708,611.135,147.424,653.604,130.309,0,32.9192,18.0806,1.54924
4283,160.801,135.001,286.265,297.62,249.775,185.118,0,84.3759,76.4247,1.90576
4284,228.905,313.554,396.745,562.835,312.654,818.108,0,195.971,32.9335,1.16805
4285,53.6998,55.3528,90.4113,439.538,67.7444,405.619,0,34.5955,19.1042,1.55222
4286,210.104,217.798,602.942,388.385,615.726,539.543,0,136.124,73.9796,1.54347
4287,25.3001,30.8338,623.241,132.627,653.588,129.983,0,19.2711,6.02896,1.31285
4288,209.104,159.474,501.909,677.568,613.344,613.184,0,99.6712,109.432,2.09793
4289,243.706,168.318,457.24,592.961,613.323,612.396,0,105.199,138.507,2.31662
4290,256.706,237.405,459.163,428.482,615.556,539.619,0,148.378,108.328,1.73008
4291,73.8994,82.764,183.303,208.508,248.263,184.783,0,51.7275,22.172,1.42863
4292,70.2995,93.0325,232.291,740.402,152.492,701.83,0,58.1453,12.1542,1.20903
4293,17.1,19.8446,293.179,812.644,311.751,818.28,0,12.4029,4.69716,1.37872
4294,257.106,218.278,480.772,329.903,630.292,334.082,0,136.423,120.683,1.88462
4295,86.3993,102.444,518.617,758.902,611.109,755.192,0,64.0274,22.3718,1.34941
4296,9.4,10.6035,406.76,88.4111,406.163,78.0385,0,6.62717,2.77283,1.4184
4297,49.5998,47.1304,113.296,398.035,67.6947,404.796,0,29.4565,20.1433,1.68383
4298,112.899,126.268,278.708,728.583,311.966,818.326,0,78.9173,33.9816,1.4306
4299,93.3991,103.687,292.534,737.414,312.05,818.164,0,64.8042,28.595,1.44125
4300,25.7001,23.5385,91.1882,405.087,67.7377,404.791,0,14.7116,10.9885,1.74693
4301,67.8995,63.0945,203.198,216.058,249.607,185.218,0,39.4341,28.4655,1.72185
4302,276.808,288.961,376.992,560.287,144.775,616.154,0,180.601,96.2068,1.5327
4303,339.612,223.181,427.666,624.33,613.268,613.185,0,139.488,200.123,2.4347
4304,148.7,136.725,501.224,339.992,630.27,333.916,0,85.453,63.2469,1.74014
4305,28.3001,32.4967,616.512,349.607,630.279,334.196,0,20.3105,7.9896,1.39337
4306,211.204,213.645,497.972,463.003,615.485,539.965,0,133.528,77.6753,1.58171
4307,198.303,201.933,247.547,501.355,139.529,611.226,0,126.208,72.0947,1.57124
4308,265.207,200.271,213.764,458.112,67.6817,404.864,0,125.169,140.038,2.11879
4309,174.401,154.817,277.891,326.466,251.233,184.531,0,96.7604,77.641,1.8024
4310,107.299,133.109,311.294,280.677,250.881,184.687,0,83.1934,24.1055,1.28975
4311,152.2,152.469,229.627,572.335,144.645,615.562,0,95.2929,56.9072,1.59718
4312,321.61,225.766,419.046,641.43,613.193,612.71,0,141.104,180.507,2.27925
4313,325.611,210.601,469.301,384.049,630.333,334.083,0,131.626,193.985,2.47376
4314,39.2,53.8786,202.317,722.596,152.674,701.818,0,33.6741,5.52583,1.1641
4315,78.0994,79.5859,186.958,209.271,248.477,184.778,0,49.7412,28.3582,1.57012
4316,97.0991,81.0685,583.392,368.963,630.351,334.468,0,50.6678,46.4313,1.91639
4317,144.3,151.22,526.155,166.04,653.641,130.295,0,94.5127,49.7869,1.52677
4318,344.412,276.89,412.651,435.944,605.655,541.344,1,173.056,171.355,1.99017
4319,311.51,225.334,477.699,368.598,630.288,334.14,0,140.834,170.676,2.2119
4320,0,0,637.596,332.621,637.596,332.621,0,0,0,0
4321,144.3,111.648,176.746,405.354,67.7286,405.575,0,69.7798,74.5198,2.06793
4322,91.7992,104.54,292.953,738.121,312.007,818.2,0,65.3373,26.4618,1.405
4323,215.804,172.272,216.922,351.6,67.6759,404.794,0,107.67,108.134,2.00431
4324,152.4,147.852,370.723,270.977,349.468,174.539,0,92.4077,59.9924,1.64921
4325,184.102,150.37,518.857,557.732,613.264,613.209,0,93.9812,90.1208,1.95892
4326,71.4995,77.226,198.544,644.456,144.822,616.174,0,48.2662,23.2332,1.48136
4327,101.699,126.959,520.465,735.277,611.057,755.172,0,79.3495,22.3495,1.28166
4328,33.6001,38.2655,616.48,198.261,648.213,197.994,0,23.9159,9.68413,1.40492
4329,49.5998,67.1939,202.504,694.541,152.849,701.841,0,41.9962,7.60364,1.18106
4330,165.101,143.148,195.882,304.846,248.147,184.687,0,89.4673,75.6335,1.84538
4331,52.5998,65.2549,554.048,774.391,611.084,755.205,0,40.7843,11.8154,1.28971
4332,227.805,175.475,227.988,401.778,67.6705,404.781,0,109.672,118.133,2.07715
4333,148.5,122.973,176.936,376.234,67.6942,404.806,0,76.8579,71.642,1.93214
4334,264.007,251.316,279.9,414.128,67.6101,404.521,0,157.072,106.935,1.6808
4335,0,0,604.886,831.502,604.889,831.505,0,0,0,0
4336,250.406,225.78,407.768,333.834,355.564,174.414,0,141.113,109.294,1.77451
4337,121.799,91.2085,547.245,640.686,613.292,612.42,0,57.0053,64.7934,2.13662
4338,191.002,154.117,544.534,540.544,613.285,612.409,0,96.323,94.6794,1.98294
4339,140.899,158.323,582.578,411.109,615.564,540.232,0,98.952,41.9474,1.42392
4340,325.911,250.885,459.619,465.706,615.66,540.296,0,156.803,169.108,2.07847
4341,131.099,143.128,143.009,468.402,67.6682,405.592,0,89.455,41.6438,1.46553
4342,180.502,135.108,514.619,655.698,613.267,612.424,0,84.4423,96.0596,2.13758
4343,108.399,137.899,268.742,697.426,149.58,693.155,0,86.1871,22.2118,1.25772
4344,74.0994,73.4445,592.387,682.588,612.397,752.058,0,45.9028,28.1966,1.61427
4345,2.1,1.14568,652.954,188.9,652.665,190.009,0,0.716052,1.38395,2.93275
4346,51.9998,73.4279,332.308,747.725,312.789,818.087,0,45.8924,6.10735,1.13308
4347,291.809,228.952,468.44,365.133,630.274,334.12,0,143.095,148.714,2.03926
4348,0.9,0.288682,407.66,77.8155,407.571,77.541,0,0.180426,0.719574,4.98819
4349,137.699,108.817,237.45,287.35,249.515,185.207,0,68.0109,69.6883,2.02466
4350,35,28.245,594.41,624.559,613.27,613.228,0,17.6531,17.3469,1.98265
4351,344.312,322.458,376.847,452.444,349.921,174.799,0,201.536,142.776,1.70844
4352,0,0,138.873,613.989,138.873,613.989,0,0,0,0
4353,84.5993,92.8547,172.915,209.124,248.449,184.823,0,58.0342,26.5651,1.45775
4354,209.404,145.437,165.195,448.747,67.6628,405.599,0,90.8981,118.505,2.30372
4355,249.206,174.922,487.915,216.39,356.221,173.335,0,109.326,139.88,2.27947
4356,127.899,131.416,534.855,150.872,653.527,130.225,0,82.1352,45.7634,1.55717
4357,182.302,173.267,227.862,551.504,144.645,615.682,0,108.292,74.0102,1.68343
4358,86.2993,95.2132,238.305,633.225,144.799,615.937,0,59.5082,26.791,1.45021
4359,251.406,239.118,307.216,374.404,250.371,184.909,0,149.449,101.957,1.68222
4360,131.499,112.81,249.049,616.555,144.643,615.637,0,70.5065,60.9923,1.86506
4361,43.2999,56.6922,593.006,496.182,615.676,540.421,0,35.4326,7.86727,1.22203
4362,24.1001,20.1466,269.069,194.521,253.225,183.273,0,12.5916,11.5084,1.91397
4363,105.099,95.6002,230.997,276.916,249.108,185.14,0,59.7501,45.3489,1.75898
4364,241.006,203.827,267.329,359.421,248.628,184.914,0,127.392,113.613,1.89184
4365,50.3998,65.0809,593.967,199.697,647.823,197.441,0,40.6755,9.72425,1.23907
4366,123.899,115.26,526.849,357.557,630.309,334.062,0,72.0375,51.8611,1.71992
4367,107.599,110.684,550.6,137.287,653.648,130.258,0,69.1774,38.4215,1.55541
4368,36.6,38.4322,579.149,768.372,611.159,755.447,0,24.0201,12.5799,1.52372
4369,24.5001,30.0834,139.126,650.871,139.871,620.905,0,18.8021,5.69795,1.30305
4370,56.9997,68.2261,606.557,239.061,648.423,198.078,0,42.6413,14.3584,1.33673
4371,123.099,121.223,345.029,272.187,349.907,174.816,0,75.7646,47.3341,1.62475
4372,15,18.569,317.432,800.357,312.641,818.081,0,11.6056,3.39441,1.29248
4373,56.9997,41.4071,223.107,212.537,248.536,184.803,0,25.8794,31.1203,2.20251
4374,232.005,161.561,459.224,600.163,613.26,613.102,0,100.976,131.029,2.29763
4375,28.5001,25.5122,598.964,596.751,613.289,612.389,0,15.9451,12.5549,1.78738
4376,192.003,176.558,368.688,309.607,349.532,174.624,0,110.349,81.6539,1.73996
4377,98.6991,92.0702,417.746,217.928,356.133,173.537,0,57.5439,41.1552,1.7152
4378,53.1998,37.6598,227.815,211.675,248.621,184.872,0,23.5374,29.6624,2.26023
4379,101.799,103.148,289.288,741.885,311.677,818.413,0,64.4672,37.3318,1.57908
4380,161.501,116.039,232.67,295.66,249.174,185.072,0,72.5247,88.976,2.22684
4381,152.1,128.114,212.628,304.281,248.065,184.728,0,80.0711,72.029,1.89956
4382,55.1997,65.8506,600.632,363.985,630.28,334.142,0,41.1566,14.0431,1.34121
4383,46.3999,53.6705,577.656,339.763,630.326,334.104,0,33.544,12.8558,1.38325
4384,44.3999,46.1868,580.858,780.044,611.138,755.402,0,28.8668,15.5331,1.5381
4385,34.6,45.7875,590.833,519.906,615.779,540.409,0,28.6172,5.98287,1.20907
4386,207.103,175.349,295.014,332.743,250.276,184.928,0,109.593,97.51,1.88974
4387,116.199,131.529,293.553,290.262,251.157,184.47,0,82.2056,33.9932,1.41351
4388,70.2995,89.6373,529.797,779.816,611.166,755.265,0,56.0233,14.2762,1.25483
4389,14.6,16.5697,371.079,180.397,355.794,174.174,0,10.3561,4.24393,1.4098
4390,248.906,202.382,244.849,364.917,67.5939,404.639,0,126.489,122.417,1.96781
4391,248.506,210.852,265.538,367.578,248.709,184.877,0,131.782,116.724,1.88573
4392,223.104,282.341,302.975,514.856,139.929,611.124,0,176.463,46.6412,1.26431
4393,194.303,214.731,371.683,632.923,312.574,817.99,0,134.207,60.0957,1.44778
4394,95.8991,93.7369,159.893,395.539,67.7121,404.89,0,58.5856,37.3135,1.63691
4395,133.699,123.984,167.52,367.389,67.6918,404.81,0,77.4898,56.2091,1.72537
4396,216.304,165.186,478.204,654.886,613.286,613.197,0,103.241,113.063,2.09513
4397,37.6,46.9562,324.523,199.841,350.344,174.913,0,29.3476,8.25239,1.28119
4398,138.699,157.115,307.95,691.673,312.615,818.038,0,98.1971,40.5022,1.41246
4399,160.001,163.756,491.707,114.306,653.65,129.591,0,102.347,57.6533,1.56331
4400,284.408,210.798,474.958,381.307,630.359,334.087,0,131.749,152.659,2.15871
4401,49.9998,60.8006,592.209,307.646,630.314,334.15,0,38.0004,11.9994,1.31577
4402,260.707,177.106,462.491,641.633,613.308,613.207,0,110.691,150.016,2.35526
4403,229.105,211.875,281.333,377.15,250.054,185.017,0,132.422,96.6828,1.73011
4404,246.206,168.76,485.905,665.779,613.276,613.081,0,105.475,140.731,2.33426
4405,208.704,195.694,442.432,313.538,355.379,174.404,0,122.309,86.3946,1.70636
4406,344.412,271.771,433.005,426.339,605.986,539.276,1,169.857,174.555,2.02766
4407,284.808,209.833,223.239,461.987,67.7399,405.591,0,131.146,153.662,2.17169
4408,222.704,235.242,330.125,570.927,144.823,616.189,0,147.026,75.6781,1.51472
4409,210.304,167.332,277.595,593.767,144.652,615.595,0,104.583,105.721,2.01088
4410,328.111,279.661,427.874,410.434,630.339,334.141,0,174.788,153.322,1.87719
4411,149.9,113.181,199.955,257.358,248.644,184.918,0,70.7378,79.1621,2.11909
4412,63.3996,76.7616,202.467,703.625,152.799,701.692,0,47.976,15.4236,1.32149
4413,94.5991,88.138,536.588,600.813,613.224,612.709,0,55.0863,39.5129,1.71729
4414,69.8995,75.7967,584.568,314.883,630.354,334.342,0,47.373,22.5265,1.47551
4415,2.8,1.62622,652.79,188.267,652.133,189.755,0,1.01639,1.78361,2.75485
4416,321.01,302.053,309.864,466.547,67.6996,404.779,0,188.783,132.227,1.70042
4417,50.3998,66.3938,589.362,487.722,615.705,540.629,0,41.4961,8.9037,1.21457
4418,221.204,246.181,507.439,489.596,615.603,540.383,0,153.863,67.3409,1.43767
4419,176.502,182.353,379.904,303.934,349.653,174.604,0,113.97,62.5311,1.54866
4420,194.703,151.958,487.375,648.897,613.339,613.189,0,94.9739,99.7288,2.05007
4421,203.403,205.755,367.759,352.932,349.596,174.61,0,128.597,74.806,1.58171
4422,39.5,26.6101,274.506,198.626,252.564,184.017,0,16.6313,22.8687,2.37504
4423,83.6993,111.682,585.565,270.502,647.975,198.032,0,69.8012,13.8981,1.19911
4424,157,168.343,524.726,444.021,615.699,540.497,0,105.214,51.7861,1.4922
4425,162.101,149.471,278.36,655.127,144.687,615.632,0,93.4197,68.681,1.73519
4426,39.6,42.0817,119.827,587.229,139.883,611.093,0,26.301,13.2989,1.50564
4427,161.801,132.774,211.846,310.155,249.658,185.204,0,82.9836,78.8171,1.94979
4428,66.9995,74.8759,318.153,751.94,311.92,818.272,0,46.7975,20.2021,1.43169
4429,189.702,196.579,239.044,495.465,140.311,611.216,0,122.862,66.8408,1.54403
4430,138.999,113.517,169.34,378.733,67.7431,404.833,0,70.9484,68.0509,1.95916
4431,304.709,279.593,414.472,376.72,349.689,174.633,0,174.746,129.964,1.74373
4432,105.299,99.1504,433.73,198.597,356.144,173.5,0,61.969,43.33,1.69922
4433,14.5,15.6087,403.55,93.3816,405.828,78.2354,0,9.75541,4.74461,1.48636
4434,153,141.353,277.373,644.456,144.731,615.713,0,88.3457,64.6545,1.73184
4435,184.702,238.084,319.184,371.922,251.457,184.371,0,148.803,35.8995,1.24126
4436,60.4996,76.2702,202.301,702.431,152.797,701.696,0,47.6689,12.8308,1.26916
4437,290.409,222.37,481.589,520.555,613.275,612.522,0,138.981,151.428,2.08956
4438,25.4001,31.574,134.98,651.914,139.855,620.945,0,19.7337,5.66634,1.28714
4439,269.407,240.427,411.029,346.697,355.47,174.427,0,150.267,119.14,1.79286
4440,313.11,298.19,269.479,458.971,67.7127,405.628,0,186.369,126.741,1.68006
4441,50.9998,59.2429,577.093,715.861,612.295,752.073,0,37.0268,13.973,1.37738
4442,141.599,143.282,517.967,132.07,653.657,129.597,0,89.5513,52.0481,1.58121
4443,344.412,217.842,409.34,504.68,564.479,451.001,1,136.151,208.261,2.52963
4444,4,3.21939,310.954,815.137,311.56,818.394,0,2.01212,1.98788,1.98796
4445,105.199,142.799,263.469,664.97,149.435,693.274,0,89.2496,15.9493,1.1787
4446,27.6001,34.4975,153.922,643.657,139.971,620.857,0,21.561,6.0391,1.28009
4447,116.899,109.939,231.465,606.449,144.642,615.585,0,68.7117,48.1871,1.70129
4448,41.2999,44.3005,583.273,779.614,611.095,755.337,0,27.6878,13.6122,1.49163
4449,239.705,157.879,156.024,458.491,67.7082,405.613,0,98.6744,141.031,2.42926
4450,148.1,155.51,553.853,421.18,615.591,539.608,0,97.194,50.9058,1.52375
4451,344.412,254.081,440.105,590.276,608.807,612.388,1,158.801,185.611,2.16883
4452,344.412,239.86,483.867,358.996,625.334,334.183,1,149.912,194.5,2.29742
4453,16,19.373,374.261,179.582,355.701,174.322,0,12.1081,3.89192,1.32143
4454,192.203,183.783,521.217,425.51,630.269,334.043,0,114.864,77.3382,1.6733
4455,92.9992,115.341,561.544,209.004,647.955,191.31,0,72.0881,20.911,1.29008
4456,344.412,206.416,397.826,507.793,544.803,445.082,1,129.01,215.402,2.66965
4457,82.1993,112.946,337.666,708.518,312.803,818.03,0,70.5913,11.608,1.16444
4458,344.412,229.094,433.443,665.343,610.743,613.249,1,143.184,201.228,2.40538
4459,10.4,9.75048,358.046,183.83,355.13,174.546,0,6.09405,4.30595,1.70658
4460,50.7998,65.7544,269.689,247.374,250.786,184.739,0,41.0965,9.70328,1.23611
4461,65.9996,64.7764,393.512,186.192,355.545,174.306,0,40.4853,25.5143,1.63021
4462,11.3,12.512,79.805,408.257,67.8125,404.991,0,7.82,3.48001,1.44501
4463,319.61,265.125,423.557,398.051,630.333,334.084,0,165.703,153.907,1.92881
4464,92.9992,91.3967,546.203,333.369,630.261,334.31,0,57.1229,35.8762,1.62805
4465,344.412,280.541,428.723,414.43,629.527,334.067,1,175.338,169.074,1.96427
4466,328.711,319.79,329.841,474.388,144.657,615.728,0,199.869,128.842,1.64463
4467,188.302,131.409,150.383,428.128,67.6966,405.586,0,82.1306,106.172,2.29272
4468,220.004,175.922,166.728,306.842,248.159,184.703,0,109.951,110.053,2.00092
4469,329.411,290.539,356.359,433.251,349.947,174.786,0,181.587,147.824,1.81407
4470,61.9996,67.7934,600.608,362.732,630.256,333.998,0,42.3709,19.6287,1.46326
4471,252.206,184.287,205.707,346.679,67.7006,404.806,0,115.179,137.027,2.18968
4472,36.6,32.8127,99.0493,399.514,67.722,404.784,0,20.5079,16.0921,1.78468
4473,309.01,255.73,465.17,501.061,613.25,612.573,0,159.831,149.178,1.93335
4474,133.399,141.11,568.009,416.13,615.607,539.663,0,88.1939,45.2051,1.51257
4475,189.402,141.208,497.89,650.511,613.278,613.226,0,88.2551,101.147,2.14608
4476,147.5,183.746,389.017,676,313.24,818.218,0,114.841,32.6585,1.28438
4477,174.501,178.887,514.246,198.502,647.769,191.882,0,111.804,62.6971,1.56078
4478,131.399,153.09,538.868,213.322,647.748,191.755,0,95.6812,35.7176,1.3733
4479,86.4993,106.809,602.325,459.703,615.676,539.552,0,66.7558,19.7435,1.29576
4480,100.799,99.3502,539.18,352.796,630.436,333.705,0,62.0939,38.7052,1.62333
4481,307.81,275.061,411.45,375.628,349.912,174.77,0,171.913,135.896,1.79049
4482,132.099,106.074,167.426,387.292,67.6782,405.602,0,66.2959,65.8029,1.99256
4483,129.899,152.789,529.51,211.058,647.743,191.841,0,95.4931,34.4057,1.36029
4484,54.5997,61.785,566.859,729.685,612.012,752.879,0,38.6156,15.9841,1.41393
4485,99.6991,99.1542,297.572,736.39,311.502,818.397,0,61.9714,37.7276,1.60879
4486,295.709,228.81,456.1,383.184,630.253,334.102,0,143.006,152.703,2.0678
4487,229.905,162.697,217.254,417.732,67.7432,405.623,0,101.686,128.219,2.26093
4488,135.599,156.856,308.018,692.471,312.42,818.12,0,98.0352,37.5639,1.38317
4489,153.8,138.063,166.36,481.332,139.53,611.219,0,86.2897,67.5105,1.78237
4490,64.0996,59.6867,607.549,368.011,630.467,334.351,0,37.3042,26.7954,1.71829
4491,270.207,247.368,285.182,546.557,144.733,615.609,0,154.605,115.602,1.74773
4492,61.2996,65.1873,595.677,689.974,612.411,751.945,0,40.7421,20.5576,1.50458
4493,17.8,19.9411,409.228,97.3578,405.517,78.0458,0,12.4632,5.33687,1.42821
4494,299.909,305.382,312.229,465.552,67.5593,404.475,0,190.864,109.046,1.57133
4495,69.3995,81.008,146.705,531.485,139.538,611.18,0,50.63,18.7695,1.37072
4496,181.102,207.826,316.097,640.868,312.618,817.955,0,129.891,51.2104,1.39426
4497,91.0992,102.332,117.923,466.51,67.6351,405.571,0,63.9577,27.1415,1.42437
4498,327.611,322.806,388.363,445.969,349.757,174.748,0,201.754,125.857,1.62381
4499,344.412,220.018,408.453,469.777,582.894,461.003,1,137.511,206.901,2.50461
4500,90.2992,106.636,557.156,479.334,615.609,539.623,0,66.6478,23.6514,1.35487
4501,178.402,186.925,517.808,455.203,615.479,539.97,0,116.828,61.5736,1.52704
4502,331.111,215.59,451.947,680.472,613.271,613.215,0,134.744,196.367,2.45734
4503,58.4997,44.3501,224.658,216.458,248.322,184.848,0,27.7188,30.7809,2.11047
4504,324.811,257.249,425.386,392.649,630.276,334.116,0,160.781,164.03,2.02021
4505,265.907,200.432,214.178,459.781,67.7155,405.59,0,125.27,140.637,2.12267
4506,54.2997,65.2331,553.814,774.919,611.159,755.011,0,40.7707,13.5291,1.33183
4507,9.3,9.63916,357.523,183.917,353.303,175.25,0,6.02447,3.27552,1.5437
4508,219.704,274.374,299.521,521.629,139.872,611.167,0,171.484,48.2203,1.28119
4509,12.9,11.2441,591.23,834.192,602.486,832.974,0,7.02754,5.87247,1.83564
4510,66.9995,64.6157,268.001,246.365,249.275,185.19,0,40.3848,26.6147,1.65903
4511,344.412,253.491,443.921,597.288,607.298,612.362,1,158.432,185.98,2.17388
4512,151.5,133.004,115.938,506.645,139.506,611.201,0,83.1274,68.3726,1.8225
4513,277.708,213.239,470.542,379.411,630.331,334.11,0,133.274,144.433,2.08373
4514,238.105,295.711,273.983,485.89,139.943,611.135,0,184.819,53.2862,1.28832
4515,322.41,294.447,370.244,430.535,349.867,174.652,0,184.029,138.381,1.75195
4516,4,3.54901,650.483,131.857,653.914,130.949,0,2.21813,1.78187,1.80332
4517,223.404,176.503,240.806,395.371,67.846,405.321,0,110.314,113.09,2.02517
4518,196.703,177.537,511.96,404.574,630.311,334.079,0,110.961,85.7419,1.77272
4519,98.9991,114.752,184.113,254.496,248.469,184.811,0,71.7199,27.2792,1.38036
4520,283.708,206.451,471.891,384.849,630.367,334.139,0,129.032,154.676,2.19875
4521,325.111,255.69,448.229,463.362,615.61,539.651,0,159.806,165.304,2.0344
4522,121.699,156.587,343.82,671.386,312.832,817.951,0,97.867,23.8317,1.24351
4523,19.3,21.3123,595.919,739.228,612.207,752.493,0,13.3202,5.97987,1.44893
4524,143.7,166.955,230.251,523.468,140.308,611.222,0,104.347,39.353,1.37714
4525,98.2991,102.31,552.069,125.373,653.646,129.65,0,63.9439,34.3552,1.53727
4526,123.699,117.84,167.613,505.006,139.538,611.174,0,73.6498,50.0488,1.67955
4527,133.799,139.623,308.025,299.821,251.295,184.515,0,87.2646,46.5344,1.53326
4528,160.301,189.972,409.47,686.429,312.734,817.992,0,118.732,41.5683,1.3501
4529,315.71,320.107,330.965,476.619,144.836,616.084,0,200.067,115.643,1.57802
4530,79.0994,98.4533,521.795,777.721,611.152,754.877,0,61.5333,17.5661,1.28547
4531,32.4001,33.9753,582.953,600.013,613.298,612.51,0,21.2346,11.1655,1.52582
4532,344.412,287.509,456.375,547.648,597.948,612.08,1,179.693,164.719,1.91667
4533,100.999,110.674,289.726,280.238,250.166,185.023,0,69.1713,31.8277,1.46013
4534,95.2991,129.029,371.203,711.645,313.231,818.268,0,80.6432,14.656,1.18174
4535,35.5,34.9412,581.251,600.438,613.312,612.545,0,21.8383,13.6617,1.62559
4536,157.9,190.552,431.423,712.243,313.169,818.168,0,119.095,38.8055,1.32584
4537,55.8997,60.7171,589.13,697.339,612.166,752.457,0,37.9482,17.9515,1.47305
4538,190.702,162.218,275.168,597.695,144.754,616.156,0,101.386,89.3162,1.88095
4539,21.3,25.1441,168.424,622.683,144.741,615.949,0,15.7151,5.58498,1.35539
4540,236.605,197.636,330.07,628.399,144.692,615.687,0,123.523,113.083,1.91548
4541,75.4994,72.417,572.009,707.921,612.02,752.781,0,45.2606,30.2388,1.6681
4542,241.406,296.785,280.472,484.084,139.852,611.072,0,185.491,55.915,1.30144
4543,27.3001,30.9079,600.448,784.423,606.352,811.999,0,19.3174,7.98266,1.41324
4544,191.002,158.163,181.611,301.267,248.638,184.945,0,98.8516,92.1509,1.93221
4545,119.799,132.366,306.32,273.381,250.936,184.658,0,82.7284,37.0703,1.4481
4546,161.701,187.944,513.715,229.539,648.593,190.761,0,117.465,44.2358,1.37659
4547,320.91,286.954,276.803,453.801,67.737,405.628,0,179.347,141.564,1.78933
4548,117.299,119.423,545.747,153.109,653.622,130.258,0,74.6393,42.6595,1.57154
4549,32.1001,33.0871,593.72,776.566,611.055,755.26,0,20.6794,11.4207,1.55227
4550,164.601,155.063,526.664,398.438,630.326,334.107,0,96.9143,67.6866,1.69842
4551,120.999,120.585,185.966,262.809,249.005,185.041,0,75.3656,45.6331,1.60549
4552,103.599,116.004,184.981,257.944,248.471,184.822,0,72.5027,31.0963,1.4289
4553,43.7999,54.6671,600.809,206.719,647.98,197.922,0,34.1669,9.63296,1.28194
4554,225.405,213.763,493.235,426.348,630.339,334.131,0,133.602,91.8027,1.68714
4555,13.9,15.886,151.752,677.734,149.675,693.207,0,9.92873,3.97129,1.39998
4556,64.5996,85.4747,233.766,724.269,153.587,700.603,0,53.4217,11.1779,1.20924
4557,147.4,114.012,164.755,420.662,67.7167,405.567,0,71.2575,76.1423,2.06855
4558,72.7995,83.0867,337.287,231.805,349.856,174.762,0,51.9292,20.8703,1.4019
4559,37.7,37.9352,581.557,765.696,611.149,755.313,0,23.7095,13.9905,1.59008
4560,102.399,91.4873,605.346,702.93,612.427,751.969,0,57.1795,45.2195,1.79083
4561,5.6,4.71228,601.392,813.567,605.994,812.747,0,2.94517,2.65482,1.90142
4562,205.003,167.677,549.846,528.853,613.308,612.387,0,104.798,100.205,1.95617
4563,257.106,243.639,458.544,421.728,615.655,540.256,0,152.274,104.832,1.68844
4564,193.703,187.939,258.046,581.222,144.644,615.593,0,117.462,76.2407,1.64907
4565,307.51,276.238,316.73,518.474,144.713,615.643,0,172.648,134.861,1.78113
4566,169.701,187.121,514.123,454.86,615.566,540.312,0,116.951,52.7505,1.45105
4567,213.704,223.828,343.124,599.571,144.796,616.093,0,139.892,73.8114,1.52763
4568,246.706,192.481,529.03,522.559,613.192,612.593,0,120.3,126.406,2.05075
4569,60.3997,70.3031,605.067,240.205,648.4,198.1,0,43.9394,16.4602,1.37461
4570,144.3,183.889,295.065,714.26,149.473,693.226,0,114.93,29.3691,1.25554
4571,191.102,180.542,342.714,320.117,350.118,174.794,0,112.838,78.264,1.69359
4572,0,0,636.912,333.607,636.912,333.607,0,0,0,0
4573,344.412,265.533,419.885,574.909,595.46,614.028,1,165.958,178.454,2.07529
4574,200.503,169.168,239.177,341.756,249.837,185.076,0,105.73,94.7731,1.89637
4575,254.806,219.664,490.919,427.613,630.327,334.128,0,137.29,117.516,1.85597
4576,152,165.502,502.11,145.746,653.6,130.382,0,103.439,48.5611,1.46947
4577,106.199,142.559,559.42,285.118,647.869,197.724,0,89.0992,17.0997,1.19192
4578,98.8991,97.29,167.579,530.613,139.63,611.228,0,60.8063,38.0928,1.62646
4579,37.7,47.5087,310.983,778.305,311.997,818.299,0,29.6929,8.00706,1.26966
4580,50.5998,45.0935,98.5089,425.912,67.7222,404.776,0,28.1834,22.4164,1.79537
4581,164.901,168.888,283.885,673.47,144.804,616.139,0,105.555,59.3461,1.56223
4582,310.71,241.923,484.124,480.54,615.569,539.578,0,151.202,159.508,2.05494
4583,62.5996,73.3484,603.755,242.639,648.167,198.073,0,45.8428,16.7568,1.36553
4584,280.608,324.962,325.681,480.344,139.91,611.079,0,203.101,77.5069,1.38162
4585,4.8,4.00468,357.29,177.932,355.455,174.375,0,2.50292,2.29708,1.91776
4586,278.408,245.48,456.767,420.837,615.545,539.768,0,153.425,124.983,1.81462
4587,64.1996,77.9818,355.758,195.453,349.848,174.664,0,48.7386,15.461,1.31722
4588,42.5999,34.0799,230.658,210.427,248.647,184.887,0,21.2999,21.3,2
4589,99.1991,133.166,374.854,709.429,313.337,818.262,0,83.229,15.9701,1.19188
4590,96.5991,89.5097,272.505,769.226,310.893,818.723,0,55.9435,40.6556,1.72672
4591,137.299,117.584,213.358,293.718,248.395,184.833,0,73.4901,63.8091,1.86827
4592,76.0994,78.2765,192.762,639.985,144.804,616.214,0,48.9228,27.1766,1.5555
4593,301.409,250.16,412.5,359.208,356.249,173.367,0,156.35,145.059,1.92778
4594,3.3,2.5857,140.424,623.404,139.845,620.888,0,1.61606,1.68394,2.042
4595,71.4995,87.6615,528.646,766.466,611.141,755.337,0,54.7885,16.711,1.30501
4596,344.412,301.007,356.573,463.371,325.886,188.028,1,188.13,156.282,1.83072
4597,129.199,169.392,531.98,287.843,647.901,197.842,0,105.87,23.3284,1.22035
4598,122.199,147.209,534.706,211.164,647.674,191.862,0,92.0055,30.1932,1.32817
4599,21.5,19.0734,266.19,197.265,252.364,183.998,0,11.9209,9.57917,1.80356
4600,239.105,231.091,466.611,428.091,615.663,539.566,0,144.432,94.6733,1.65549
4601,261.507,180.672,212.518,438.522,67.7369,405.605,0,112.92,148.587,2.31586
4602,344.412,244.456,463.476,479.365,604.16,537.407,1,152.785,191.627,2.25423
4603,266.007,242.37,369.183,391.363,349.821,174.708,0,151.481,114.526,1.75604
4604,244.506,207.991,323.571,597.419,144.811,616.085,0,129.995,114.511,1.88089
4605,100.799,93.8135,161.108,399.47,67.823,405.329,0,58.6335,42.1656,1.71914
4606,216.404,229.055,347.034,597.804,144.759,616.161,0,143.159,73.2447,1.51163
4607,344.412,237.684,395.162,618.526,578.512,617.866,1,148.552,195.859,2.31845
4608,109.799,110.097,557.022,155.139,653.632,130.291,0,68.8105,40.9884,1.59567
4609,194.903,159.145,180.474,302.511,248.655,184.872,0,99.4659,95.4368,1.95949
4610,32.3001,31.0494,604.008,591.432,613.31,613.241,0,19.4059,12.8942,1.66445
4611,192.203,121.071,196.155,261.416,248.521,184.834,0,75.6695,116.533,2.54003
4612,190.402,192.66,252.849,585.895,144.654,615.641,0,120.413,69.9897,1.58125
4613,193.003,238.029,322.69,378.532,251.689,184.254,0,148.768,44.2346,1.29734
4614,197.503,192.554,343.659,330.737,349.896,174.643,0,120.346,77.1564,1.64112
4615,153.5,157.436,533.644,441.557,615.534,539.78,0,98.3977,55.1024,1.56
4616,272.407,251.987,328.192,550.673,144.844,616.175,0,157.492,114.916,1.72966
4617,235.005,198.009,478.963,314.826,630.374,334.062,0,123.756,111.249,1.89894
4618,20.2,23.2467,413.027,100.192,405.915,78.1785,0,14.5292,5.67088,1.39031
4619,164.601,199.429,312.933,341.463,251.722,184.285,0,124.643,39.958,1.32058
4620,94.4991,102.085,563.039,148.949,653.54,130.172,0,63.8029,30.6962,1.48111
4621,11.3,12.5649,644.307,138.807,653.898,130.988,0,7.85306,3.44695,1.43893
4622,18.9,21.8894,581.087,831.557,602.425,833.241,0,13.6809,5.21913,1.38149
4623,147.4,131,129.415,498.08,139.521,611.189,0,81.8751,65.5247,1.8003
4624,289.208,272.919,252.895,469.889,67.6323,405.66,0,170.574,118.634,1.6955
4625,44.1999,45.7594,613.161,140.99,653.456,129.845,0,28.5996,15.6003,1.54547
4626,143.5,116.31,510.403,593.128,613.264,612.408,0,72.694,70.8056,1.97402
4627,302.109,273.347,255.939,470.323,67.6624,405.615,0,170.842,131.267,1.76835
4628,142.099,132.672,566.768,398.159,630.312,334.065,0,82.9202,59.1793,1.71369
4629,48.5998,41.9401,289.135,203.138,252.849,183.85,0,26.2125,22.3873,1.85407
4630,35.1,44.2056,599.684,710.866,612.356,752.179,0,27.6285,7.47153,1.27043
4631,39.5,47.2833,608.394,139.84,653.565,129.958,0,29.5521,9.94789,1.33662
4632,93.5991,102.412,178.278,536.233,140.041,611.073,0,64.0075,29.5916,1.46231
4633,158.2,144.816,519.382,380.433,630.377,334.156,0,90.5102,67.6903,1.74787
4634,3.4,2.70909,152.078,691.266,151.152,693.812,0,1.69318,1.70682,2.00805
4635,55.9997,66.9232,187.299,586.926,144.752,615.965,0,41.827,14.1727,1.33884
4636,143.6,155.774,540.441,469.82,615.602,540.34,0,97.3586,46.241,1.47496
4637,99.2991,100.828,213.322,574.762,144.713,615.744,0,63.0173,36.2818,1.57574
4638,97.0991,114.024,281.369,737.589,312.062,818.191,0,71.2652,25.8339,1.3625
4639,136.699,164.194,342.176,664.202,312.477,817.959,0,102.621,34.0777,1.33207
4640,318.21,293.608,312.9,451.52,67.7225,404.772,0,183.505,134.705,1.73407
4641,49.4998,53.5603,576.679,783.321,606.511,811.571,0,33.4752,16.0246,1.4787
4642,51.4998,63.3973,186.557,592.721,144.752,616.19,0,39.6233,11.8765,1.29973
4643,122.399,169.017,547.65,250.708,648.043,197.78,0,105.635,16.7634,1.15869
4644,114.099,98.5836,527.53,597.103,613.268,612.509,0,61.6147,52.4841,1.85181
4645,110.799,146.244,387.687,707.304,313.594,818.259,0,91.4024,19.3965,1.21221
4646,189.402,112.624,201.897,260.752,248.311,184.761,0,70.39,119.012,2.69076
4647,47.1999,58.9995,308.4,767.243,312.022,818.155,0,36.8747,10.3251,1.28001
4648,108.199,137.272,533.284,188.373,647.9,191.284,0,85.7948,22.4041,1.26114
4649,344.412,276.096,406.4,576.04,570.161,617.234,1,172.56,171.852,1.99589
4650,281.808,233.201,503.679,481.722,615.563,539.645,0,145.751,136.057,1.93349
4651,344.412,256.812,448.194,573.827,597.31,613.084,1,160.508,183.904,2.14577
4652,167.801,113.416,199.434,259.463,248.296,184.786,0,70.8848,96.9163,2.36724
4653,17.4,19.2178,250.642,204.249,249.447,185.237,0,12.0111,5.3889,1.44866
4654,81.2993,114.283,356.45,714.737,313.124,818.15,0,71.4269,9.87242,1.13822
4655,36.2,37.6855,574.2,756.459,611.1,754.99,0,23.5535,12.6466,1.53693
4656,295.009,214.638,473.387,377.871,630.335,334.054,0,134.149,160.86,2.19912
4657,154.7,201.412,524.442,246.911,648.161,198.036,0,125.882,28.8178,1.22893
4658,14.1,14.1556,636.776,206.147,647.921,197.77,0,8.84724,5.25278,1.59372
4659,168.901,140.448,198.643,305.577,249.757,185.079,0,87.7802,81.1209,1.92414
4660,131.699,135.53,311.717,286.879,251.027,184.626,0,84.7059,46.9929,1.55478
4661,56.8997,60.2117,265.655,241.945,250.367,184.884,0,37.6323,19.2674,1.51199
4662,265.707,254.076,289.456,434.167,67.6198,404.455,0,158.797,106.91,1.67325
4663,143.5,129.244,508.046,337.454,630.309,334.051,0,80.7775,62.7221,1.77648
4664,321.91,309.33,321.485,446.155,67.7041,404.777,0,193.332,128.579,1.66507
4665,59.4997,64.8379,599.569,369.686,630.374,334.128,0,40.5237,18.976,1.46827
4666,119.499,131.912,523.48,708.436,612.382,751.97,0,82.4451,37.0536,1.44943
4667,202.503,168.509,243.688,337.517,249.58,185.174,0,105.318,97.1848,1.92277
4668,83.3993,78.0441,575.912,694.809,612.084,752.74,0,48.7776,34.6217,1.70979
4669,213.804,238.154,486.707,505.013,615.654,540.273,0,148.847,64.9573,1.4364
4670,99.999,120.647,588.494,442.892,615.611,540.341,0,75.4046,24.5945,1.32617
4671,54.8997,48.7865,115.351,400.263,67.6669,404.799,0,30.4916,24.4081,1.80049
4672,16.9,18.3398,335.296,184.863,350.249,174.903,0,11.4624,5.43767,1.47439
4673,125.099,119.158,415.775,238.247,356.149,173.365,0,74.4735,50.6252,1.67977
4674,307.51,255.692,472.91,511.738,613.297,612.495,0,159.807,147.702,1.92425
4675,159.601,133.572,207.245,306.489,248.255,184.698,0,83.4823,76.1183,1.91179
4676,13.2,15.7373,157.541,613.068,144.705,615.609,0,9.83581,3.3642,1.34204
4677,217.604,173.556,240.978,345.45,249.912,185.148,0,108.473,109.131,2.00607
4678,152.9,183.811,337.265,645.862,312.34,818.139,0,114.882,38.0181,1.33093
4679,183.202,178.382,523.581,419.249,630.351,334.142,0,111.489,71.7134,1.64324
4680,55.2997,59.561,596.724,695.69,612.377,751.93,0,37.2256,18.0741,1.48553
4681,305.309,272.524,399.313,378.294,349.455,174.617,0,170.327,134.982,1.79249
4682,114.899,115.395,406.946,239.605,355.571,174.435,0,72.1217,42.7772,1.59312
4683,82.0993,80.2483,355.365,200.392,349.971,174.811,0,50.1552,31.9441,1.63691
4684,125.099,146.896,215.56,525.316,140.137,611.088,0,91.8102,33.2885,1.36258
4685,41.7999,49.5485,279.23,793.75,311.558,818.4,0,30.9678,10.8321,1.34979
4686,256.206,349.73,384.866,534.22,312.656,818.017,0,218.581,37.625,1.17213
4687,275.408,201.296,474.176,541.411,613.246,612.573,0,125.81,149.598,2.18908
4688,96.4991,99.8354,358.174,217.842,349.959,174.846,0,62.3972,34.1019,1.54653
4689,57.3997,62.6133,311.265,763.426,311.779,818.307,0,39.1333,18.2664,1.46677
4690,179.802,178.811,216.192,493.206,140.284,611.181,0,111.757,68.0448,1.60886
4691,211.804,142.776,543.833,553.866,613.309,612.378,0,89.2351,122.569,2.37355
4692,205.603,188.377,492.683,399.121,630.28,334.069,0,117.735,87.8679,1.74632
4693,254.206,234.509,459.549,439.785,615.652,540.257,0,146.568,107.638,1.73439
4694,82.1993,89.9432,204.868,577.216,144.646,615.634,0,56.2145,25.9848,1.46224
4695,29.4001,37.0992,315.661,186.921,350.318,174.943,0,23.187,6.21308,1.26796
4696,127.799,119.387,525.345,362.308,630.3,334.046,0,74.6172,53.1815,1.71272
4697,35.1,44.508,160.495,648.395,139.83,620.822,0,27.8175,7.28252,1.2618
4698,96.9991,91.2935,553.36,711.538,612.002,753.001,0,57.0584,39.9407,1.7
4699,40.3,37.6075,579.969,598.351,613.288,612.482,0,23.5047,16.7953,1.71455
4700,76.9994,83.2547,116.563,447.499,67.7161,405.629,0,52.0342,24.9652,1.47979
4701,103.999,100.769,403.695,224.344,356.112,173.514,0,62.9805,41.0185,1.65129
4702,172.801,144.029,298.291,306.16,251.247,184.536,0,90.0184,82.783,1.91962
4703,83.0993,109.463,558.61,199.006,647.95,191.273,0,68.4147,14.6846,1.21464
4704,190.402,131.582,167.368,437.691,67.6876,405.607,0,82.2386,108.164,2.31524
4705,145.6,178.971,333.16,650.484,312.89,817.97,0,111.857,33.7428,1.30166
4706,26.7001,32.1772,386.845,180.611,355.742,174.317,0,20.1107,6.58934,1.32765
4707,4.6,4.10253,141.052,607.183,139.98,611.141,0,2.56408,2.03592,1.79402
4708,229.205,169.159,304.693,627.204,144.695,615.677,0,105.724,123.48,2.16795
4709,195.003,194.985,242.005,499.254,139.493,611.165,0,121.866,73.1369,1.60014
4710,265.707,247.404,336.101,564.915,144.65,615.573,0,154.628,111.079,1.71837
4711,43.6999,46.3344,613.432,170.846,647.683,191.955,0,28.959,14.7409,1.50903
4712,204.403,149.884,499.661,182.168,355.524,174.433,0,93.6773,110.726,2.18199
4713,39.2,45.1063,162.356,584.628,144.809,616.088,0,28.1914,11.0085,1.39049
4714,242.406,222.995,347.706,357.624,349.692,174.642,0,139.372,103.033,1.73927
4715,166.101,150.682,584.315,395.487,630.322,334.088,0,94.1763,71.9246,1.76372
4716,163.801,195.477,342.443,639.117,312.457,818.036,0,122.173,41.6276,1.34073
4717,13.8,15.0075,367,183.75,355.429,174.447,0,9.37968,4.42033,1.47127
4718,327.611,346.961,361.732,483.624,144.664,615.663,0,216.851,110.76,1.51077
4719,37.4,43.1608,611.665,137.999,653.45,130.05,0,26.9755,10.4245,1.38644
4720,137.299,129.582,479.975,179.123,356.149,173.382,0,80.9889,56.3102,1.69528
4721,192.503,159.764,300.733,636.154,144.688,615.605,0,99.8524,92.6502,1.92787
4722,22.7001,28.9865,621.047,205.758,647.852,197.717,0,18.1165,4.58351,1.253
4723,95.7991,105.64,118.589,469.776,67.7034,405.616,0,66.0252,29.7739,1.45095
4724,20.2,19.8051,595.699,616.446,613.25,612.721,0,12.3782,7.82186,1.63191
4725,5.3,4.71552,252.149,189.246,250.613,184.788,0,2.9472,2.3528,1.79832
4726,164.901,132.522,464.622,164.213,356.207,173.326,0,82.8261,82.0748,1.99093
4727,155.7,147.582,369.406,268.997,349.866,174.835,0,92.2388,63.4615,1.68801
4728,80.3993,74.1014,421.402,155.504,356.036,173.633,0,46.3134,34.086,1.73599
4729,7.6,8.01043,656.345,205.958,654.381,198.193,0,5.00652,2.59348,1.51802
4730,344.412,263.079,401.693,612.363,604.869,612.447,1,164.425,179.987,2.09465
4731,235.005,178.61,204.099,346.028,67.6895,404.834,0,111.631,123.374,2.1052
4732,282.308,238.839,266.317,407.706,67.7215,405.639,0,149.274,133.034,1.8912
4733,28.6001,39.0842,262.762,221.824,251.563,184.413,0,24.4276,4.17247,1.17081
4734,157.4,146.759,584.809,390.978,630.325,334.098,0,91.7247,65.6757,1.71601
4735,98.0991,103.344,422.509,227.997,355.584,174.388,0,64.5903,33.5088,1.51879
4736,104.599,100.628,563.653,319.819,630.391,334.513,0,62.8926,41.7064,1.66314
4737,113.899,113.34,542.975,670.161,613.364,613.159,0,70.8375,43.0613,1.60789
4738,52.0998,52.5049,601.695,134.721,653.606,130.282,0,32.8156,19.2842,1.58766
4739,16.7,16.7914,268.711,187.817,253.093,183.454,0,10.4946,6.20539,1.59129
4740,103.799,138.705,259.644,665.438,149.53,693.221,0,86.6904,17.1086,1.19735
4741,237.105,201.087,470.558,298.99,630.291,334.134,0,125.68,111.426,1.88658
4742,211.104,135.093,220.6,310.818,248.583,184.92,0,84.4329,126.671,2.50025
4743,59.8997,52.9029,118.988,400.939,67.6564,405.591,0,33.0643,26.8354,1.81161
4744,230.805,179.316,233.229,375.097,67.8081,405.092,0,112.072,118.732,2.05943
4745,79.8994,88.4362,229.191,270.13,248.946,185.049,0,55.2726,24.6267,1.44555
4746,344.412,282.877,423.271,564.909,594.681,612.861,1,176.798,167.614,1.94805
4747,198.603,200.578,331.934,627.656,144.786,616.105,0,125.361,73.2415,1.58424
4748,7.5,8.50082,254.71,192.241,251.36,184.43,0,5.31301,2.18698,1.41163
4749,94.6991,123.049,352.824,703.438,312.751,818.039,0,76.9053,17.7938,1.23137
4750,26.7001,26.5959,86.1377,418.516,67.7105,405.613,0,16.6224,10.0776,1.60627
4751,105.699,133.767,553.972,179.146,647.677,191.756,0,83.6044,22.0945,1.26427
4752,74.1994,82.5087,532.791,615.562,613.257,612.601,0,51.568,22.6315,1.43887
4753,61.9996,62.0251,597.122,175.169,648.713,190.828,0,38.7657,23.2339,1.59934
4754,137.699,163.242,507.032,690.365,612.384,751.953,0,102.026,35.673,1.34965
4755,230.105,179.348,190.873,326.075,248.052,184.614,0,112.093,118.012,2.05281
4756,41.8999,49.209,403.975,168.49,355.749,174.292,0,30.7556,11.1443,1.36235
4757,48.4998,49.179,298.394,198.467,253.188,183.168,0,30.7369,17.763,1.5779
4758,252.306,227.107,388.653,350.703,349.946,174.847,0,141.942,110.364,1.77753
4759,93.7991,108.605,555.509,480.579,615.556,540.128,0,67.8781,25.9211,1.38188
4760,16.7,21.2739,594.322,741.521,612.273,752.26,0,13.2962,3.40384,1.256
4761,85.8993,103.714,540.036,495.485,615.692,540.567,0,64.8213,21.0779,1.32517
4762,209.004,160.535,210.232,364.318,67.6829,404.898,0,100.334,108.669,2.08307
4763,79.3994,100.413,565.558,476.672,615.665,539.542,0,62.758,16.6413,1.26517
4764,250.006,214.493,278.057,381.166,249.202,185.1,0,134.058,115.948,1.86491
4765,18.3,24.0291,615.594,277.099,636.027,282.538,0,15.0182,3.28187,1.21853
4766,135.999,132.349,564.512,401.255,630.331,334.112,0,82.7184,53.2807,1.64412
4767,146.9,179.03,334.089,649.935,312.797,817.98,0,111.893,35.0063,1.31285
4768,122.999,108.964,221.319,287.974,248.476,184.777,0,68.1025,54.8962,1.80608
4769,207.003,186.382,274.153,355.485,251.003,184.633,0,116.489,90.5146,1.77702
4770,11.8,12.4922,604.429,742.841,612.285,752.158,0,7.80761,3.9924,1.51135
4771,0,0,350.674,171.707,350.674,171.707,0,0,0,0
4772,281.408,212.77,252.203,420.107,67.707,405.582,0,132.981,148.427,2.11615
4773,307.91,219.599,470.049,374.087,630.352,334.063,0,137.249,170.66,2.24343
4774,144.5,171.107,216.345,502.251,140.31,611.207,0,106.942,37.5576,1.3512
4775,279.608,236.964,463.022,348.632,355.496,174.426,0,148.103,131.505,1.88793
4776,119.099,118.378,568.922,383.69,630.291,334.221,0,73.9865,45.1123,1.60974
4777,119.899,118.583,344.675,269.239,349.837,174.654,0,74.1146,45.7841,1.61775
4778,201.503,228.62,497.994,504.502,615.719,540.462,0,142.887,58.6158,1.41022
4779,86.4993,95.1815,190.798,561.17,139.985,611.15,0,59.4884,27.0108,1.45405
4780,43.9999,51.945,406.579,168.297,355.8,174.338,0,32.4656,11.5343,1.35528
4781,103.199,138.236,379.893,708.007,313.383,818.24,0,86.3975,16.8015,1.19447
4782,188.902,186.369,395.903,295.613,355.473,174.398,0,116.481,72.4218,1.62175
4783,144.9,175.195,305.906,671.597,312.333,818.113,0,109.497,35.4029,1.32332
4784,156.3,127.484,214.658,305.012,248.834,185,0,79.6776,76.6228,1.96166
4785,95.1991,124.899,265.02,723.794,153.665,700.535,0,78.0621,17.137,1.21953
4786,29.2001,32.2586,387.554,178.187,356.106,173.635,0,20.1617,9.03842,1.4483
4787,145.1,138.308,303.776,300.002,251.241,184.49,0,86.4422,58.6574,1.67857
4788,344.412,316.413,399.914,440.873,331.119,184.311,1,197.758,146.654,1.74158
4789,243.106,209.589,296.675,563.817,144.717,615.635,0,130.993,112.113,1.85587
4790,123.799,153.237,310.853,692.113,312.417,818.085,0,95.7731,28.0255,1.29262
4791,104.599,108.203,545.292,664.609,613.244,612.843,0,67.6271,36.9718,1.5467
4792,258.707,282.682,348.753,540.567,144.783,616.176,0,176.677,82.03,1.46429
4793,214.804,171.602,199.608,341.742,67.7472,404.784,0,107.251,107.553,2.00281
4794,211.604,219.776,332.338,596.511,144.744,616.154,0,137.36,74.244,1.54051
4795,244.806,299.751,307.081,494.054,139.931,611.05,0,187.344,57.4614,1.30672
4796,90.7992,89.6881,365.212,196.634,349.848,174.731,0,56.0551,34.7441,1.61982
4797,145.4,173.734,193.948,521.54,140.316,611.257,0,108.584,36.8159,1.33906
4798,220.504,186.201,474.534,555.911,613.28,613.161,0,116.375,104.129,1.89477
4799,74.7994,94.2717,581.338,460.614,615.721,540.436,0,58.9198,15.8796,1.26951
4800,27.1001,24.3008,589.948,615.813,613.252,613.224,0,15.188,11.9121,1.78431
4801,344.412,324.505,365.135,463.801,348.39,176.192,1,202.816,141.596,1.69815
4802,344.412,275.177,419.917,572.816,601.437,612.149,1,171.986,172.426,2.00256
4803,344.412,198.448,439.341,511.853,568.038,450.235,1,124.03,220.382,2.77684
4804,157,183.667,336.046,646.077,312.424,818.113,0,114.792,42.2087,1.3677
4805,236.005,230.183,348.69,602.346,144.746,616.07,0,143.864,92.141,1.64047
4806,9.1,10.0321,363.931,179.918,355.843,174.258,0,6.27007,2.82993,1.45134
4807,43.9999,61.9588,192.243,685.64,152.705,701.787,0,38.7243,5.27562,1.13624
4808,255.306,240.151,288.365,395.936,248.743,184.865,0,150.095,105.212,1.70097
4809,142.099,148.39,558.528,416.14,615.668,539.654,0,92.7434,49.356,1.53218
4810,195.203,126.063,195.49,263.463,248.108,184.706,0,78.7894,116.413,2.47752
4811,50.0998,60.0869,334.205,205.834,349.925,174.802,0,37.5543,12.5455,1.33406
4812,289.108,250.014,466.674,234.076,356.204,173.239,0,156.259,132.849,1.85019
4813,203.403,169.184,511.438,396.526,630.349,334.078,0,105.74,97.6634,1.92362
4814,278.008,229.253,239.129,448.053,67.5939,405.725,0,143.283,134.725,1.94027
4815,87.5992,89.9401,221.75,265.636,248.373,184.764,0,56.2126,31.3867,1.55836
4816,24.7001,19.9916,87.4311,404.201,67.7356,405.623,0,12.4948,12.2053,1.97683
4817,171.401,133.323,484.746,180.351,355.947,173.804,0,83.3268,88.0745,2.05698
4818,100.499,93.851,223.633,274.104,248.923,185.048,0,58.6569,41.8422,1.71334
4819,154.1,162.516,505.313,147.655,653.612,130.383,0,101.573,52.5276,1.51714
4820,303.909,257.85,437.229,446.203,615.655,539.657,0,161.156,142.753,1.8858
4821,273.007,251.457,366.206,398.229,349.863,174.741,0,157.16,115.847,1.73713
4822,194.303,200.766,247.865,500.063,140.31,611.156,0,125.479,68.8241,1.54849
4823,109.599,103.972,163.149,386.868,67.7096,404.891,0,64.9827,44.6161,1.68658
4824,299.709,244.405,422.871,347.107,355.506,174.426,0,152.753,146.956,1.96205
4825,24.4001,32.1955,319.838,184.036,350.401,174.929,0,20.1222,4.27787,1.21259
4826,164.601,128.87,193.036,404.18,67.6941,405.594,0,80.5437,84.0571,2.04362
4827,230.205,216.33,370.381,363.619,349.881,174.734,0,135.206,94.9987,1.70262
4828,262.307,229.641,476.763,467.753,615.651,539.694,0,143.525,118.781,1.8276
4829,120.899,133.733,312.426,278.42,251.077,184.621,0,83.5831,37.3156,1.44645
4830,264.607,244.65,316.597,549.678,144.652,615.616,0,152.906,111.701,1.73052
4831,123.199,93.6605,524.862,621.885,613.328,613.192,0,58.5378,64.6609,2.1046
4832,232.305,219.646,292.947,372.298,249.589,185.236,0,137.279,95.0259,1.69221
4833,193.003,123.406,226.198,302.743,248.729,184.936,0,77.1288,115.874,2.50234
4834,77.6994,94.0213,573.198,193.772,647.551,192.234,0,58.7633,18.9361,1.32224
4835,224.304,309.778,393.675,564.423,312.675,818.035,0,193.611,30.6935,1.15853
4836,130.499,136.406,519.407,124.807,653.632,129.595,0,85.2537,45.2451,1.53071
4837,268.107,215.369,492.776,250.671,356.177,173.415,0,134.606,133.501,1.9918
4838,243.706,251.86,288.581,408.546,250.718,184.822,0,157.413,86.293,1.5482
4839,94.6991,112.139,576.364,443.079,615.608,539.649,0,70.0868,24.6124,1.35117
4840,47.6998,56.2259,614.166,160.492,648.624,190.764,0,35.1412,12.5587,1.35738
4841,99.4991,112.003,177.377,526.425,140.076,611.146,0,70.0022,29.4969,1.42137
4842,69.0995,71.931,284.685,227.763,250.395,184.861,0,44.9569,24.1426,1.53702
4843,39.9,53.8425,325.595,765.969,312.801,818.058,0,33.6516,6.2484,1.18568
4844,155.1,148.515,286.882,629.078,144.693,616.257,0,92.8218,62.2785,1.67095
4845,327.911,357.269,360.664,493.091,144.756,616.076,0,223.293,104.618,1.46852
4846,199.803,210.565,607.887,382.68,615.553,539.619,0,131.603,68.2001,1.51823
4847,16.8,19.5603,416.24,93.7951,407.457,77.5232,0,12.2252,4.57484,1.37421
4848,191.402,162.039,177.495,307.936,248.101,184.714,0,101.274,90.1284,1.88995
4849,194.303,165.801,238.75,337.804,249.83,185.065,0,103.625,90.6772,1.87505
4850,267.707,280.324,361.301,554.508,144.843,616.168,0,175.203,92.5044,1.52798
4851,67.3995,86.6457,222.961,679.895,149.409,693.258,0,54.1536,13.246,1.2446
4852,52.0998,46.6197,293.49,205.079,252.611,183.998,0,29.1373,22.9625,1.78808
4853,185.902,189.852,614.161,400.438,615.685,539.548,0,118.658,67.2446,1.56671
4854,104.399,101.235,452.189,178.859,355.543,174.43,0,63.2722,41.1268,1.65
4855,8.7,10.6007,155.063,617.823,144.746,615.822,0,6.62545,2.07455,1.31312
4856,344.412,250.877,429.741,476.205,598.776,510.81,1,156.798,187.614,2.19653
4857,152.9,110.901,226.755,292.085,249.418,185.206,0,69.313,83.5872,2.20594
4858,173.501,128.901,163.828,434.968,67.707,405.613,0,80.5633,92.9381,2.1536
4859,344.412,236.376,417.07,616.241,595.969,614.671,1,147.735,196.677,2.33128
4860,263.707,222.841,474.376,250.105,356.169,173.423,0,139.276,124.431,1.89342
4861,329.111,245.254,483.31,483.702,615.62,540.276,0,153.284,175.827,2.14707
4862,266.907,226.929,345.4,599.159,144.665,615.637,0,141.831,125.076,1.88187
4863,25.9001,31.6693,281.6,809.376,311.345,818.464,0,19.7933,6.10672,1.30852
4864,225.805,182.84,299.236,336.858,249.938,185.145,0,114.275,111.53,1.97598
4865,73.4995,102.447,250.867,732.404,153.638,700.639,0,64.0293,9.47011,1.1479
4866,38.4,33.8077,252.943,218.847,249.898,185.081,0,21.1298,17.2702,1.81734
4867,166.401,172.211,199.245,482.058,139.492,611.223,0,107.632,58.7689,1.54602
4868,38,37.6777,565.356,835.121,602.561,833.579,0,23.5486,14.4514,1.61368
4869,39.6,44.0425,82.1936,436.628,67.6917,405.613,0,27.5266,12.0734,1.43861
4870,122.699,142.186,523.945,692.67,612.427,752.053,0,88.8662,33.8325,1.38071
4871,133.599,153.345,556.542,419.896,615.505,540.227,0,95.8405,37.7585,1.39397
4872,214.004,150.142,501.778,181.131,356.231,173.382,0,93.8388,120.165,2.28055
4873,41.4999,49.8909,328.252,200.604,349.871,174.843,0,31.1818,10.3181,1.3309
4874,119.699,113.427,541.003,668.12,613.352,613.073,0,70.8918,48.8069,1.68847
4875,103.899,109.523,247.068,742.188,152.807,701.735,0,68.452,35.447,1.51784
4876,47.2999,43.1372,294.783,184.745,253.219,183.411,0,26.9607,20.3391,1.7544
4877,106.299,126.49,570.908,431.275,615.625,540.324,0,79.0562,27.2427,1.3446
4878,5.1,4.96342,350.068,180.322,351.743,175.516,0,3.10214,1.99786,1.64403
4879,260.807,241.624,315.168,557.086,144.701,615.728,0,151.015,109.792,1.72703
4880,15.5,18.4892,333.176,181.795,349.74,174.719,0,11.5558,3.94426,1.34132
4881,149.6,110.953,203.24,261.241,248.099,184.744,0,69.3457,80.2542,2.15731
4882,201.103,172.745,475.294,566.682,613.256,612.576,0,107.966,93.1376,1.86266
4883,57.5997,73.0228,271.589,253.963,250.47,184.85,0,45.6392,11.9605,1.26207
4884,31.2001,38.8487,580.712,797.507,606.515,811.521,0,24.2804,6.91964,1.28499
4885,206.503,125.886,228.398,299.061,248.753,185.016,0,78.6789,127.825,2.62464
4886,234.705,296.467,305.821,499.456,139.856,611.07,0,185.292,49.4133,1.26668
4887,133.399,124.718,430.613,243.864,355.497,174.438,0,77.9491,55.4499,1.71136
4888,230.505,170.616,504.857,199.181,356.241,173.346,0,106.635,123.87,2.16162
4889,107.899,118.637,546.75,687.625,612.395,751.97,0,74.1482,33.7507,1.45518
4890,16.6,17.5758,251.322,202.331,249.381,185.153,0,10.9849,5.61514,1.51117
4891,39.4,51.4619,593.628,705.146,612.257,752.158,0,32.1637,7.23631,1.22498
4892,283.808,318.72,322.176,487.184,139.851,611.082,0,199.2,84.6084,1.42474
4893,42.0999,41.9878,611.847,190.674,648.667,190.785,0,26.2424,15.8576,1.60427
4894,263.407,243.133,363.475,594.959,144.703,615.585,0,151.958,111.449,1.73342
4895,344.412,253.714,423.661,508.66,592.141,486.676,1,158.572,185.84,2.17196
4896,344.412,181.868,459.978,476.724,581.332,462.586,1,113.668,230.744,3.02999
4897,30.8001,30.851,149.579,662.564,150.063,693.255,0,19.2819,11.5182,1.59736
4898,32.7001,41.4632,606.324,306.765,630.36,334.077,0,25.9145,6.78558,1.26185
4899,75.5994,78.3499,282.87,765.388,310.766,818.829,0,48.9687,26.6307,1.54383
4900,42.0999,57.8287,195.424,672.04,149.502,693.246,0,36.143,5.95697,1.16482
4901,30.2001,34.3828,389.383,179.118,355.693,174.322,0,21.4892,8.71085,1.40536
4902,122.299,124.631,275.34,299.941,249.754,185.102,0,77.8945,44.4042,1.57006
4903,302.809,196.696,522.122,524.896,613.198,612.553,0,122.935,179.874,2.46317
4904,155.7,157.926,582.873,411.421,615.671,539.553,0,98.7035,56.9968,1.57745
4905,206.703,180.145,307.643,656.553,144.777,616.156,0,112.59,94.1129,1.83589
4906,214.604,279.577,335.46,408.833,251.586,184.423,0,174.736,39.8681,1.22816
4907,9.8,11.2919,138.481,631.898,140.134,620.916,0,7.05743,2.74258,1.38861
4908,263.507,245.91,313.516,377.419,249.076,185.093,0,153.693,109.813,1.7145
4909,251.806,230.588,290.852,387.815,248.859,185.016,0,144.118,107.688,1.74723
4910,79.9994,78.183,201.785,590.092,144.749,615.889,0,48.8644,31.135,1.63717
4911,177.802,186.154,512.445,222.95,647.759,191.685,0,116.346,61.4556,1.52821
4912,214.404,175.472,442.668,280.775,355.475,174.434,0,109.67,104.734,1.95499
4913,65.8996,70.0527,272.975,777.569,310.81,818.709,0,43.783,22.1166,1.50514
4914,253.906,277.851,348.67,545.332,144.742,616.062,0,173.657,80.2495,1.46212
4915,233.705,182.65,253.369,348.134,249.442,185.183,0,114.156,119.549,2.04724
4916,194.003,215.483,510.357,506.702,615.758,540.578,0,134.677,59.3258,1.4405
4917,87.5992,98.2677,176.907,540.813,140.011,611.086,0,61.4173,26.1819,1.4263
4918,20.9,25.2464,146.926,668.462,149.716,693.218,0,15.779,5.12105,1.32455
4919,32.2001,36.5807,156.126,643.299,139.855,620.837,0,22.8629,9.33716,1.4084
4920,20.7,21.6691,588.767,803.564,607.148,809.96,0,13.5432,7.15687,1.52845
4921,145.1,123.639,457.855,157.081,356.193,173.398,0,77.2745,67.8251,1.87772
4922,264.207,283.678,356.941,551.229,144.85,616.155,0,177.299,86.9079,1.49018
4923,81.0993,95.3619,238.373,631.001,144.739,616.239,0,59.6012,21.4982,1.3607
4924,115.899,121.133,344.689,273.605,350.003,174.788,0,75.7084,40.1904,1.53086
4925,198.203,177.97,226.711,550.639,144.64,615.693,0,111.231,86.9719,1.7819
4926,310.41,271.485,381.866,402.606,349.761,174.742,0,169.678,140.731,1.8294
4927,146.4,161.261,536.971,466.562,615.502,540.112,0,100.788,45.6114,1.45255
4928,43.9999,34.8869,278.145,206.827,253.132,183.442,0,21.8043,22.1956,2.01795
4929,174.301,169.056,521.594,407.161,630.313,334.143,0,105.66,68.6414,1.64964
4930,129.299,158.578,483.667,718.392,611.88,753.166,0,99.1111,30.1876,1.30458
4931,0.7,0.186965,66.5354,408.858,66.403,408.726,0,0.116853,0.583147,5.99044
4932,113.799,97.9679,235.064,277.531,248.902,184.974,0,61.23,52.5689,1.85855
4933,289.508,236.074,428.073,342.981,355.493,174.399,0,147.546,141.962,1.96216
4934,7.1,7.50036,639.96,191.045,647.067,193.431,0,4.68773,2.41227,1.51459
4935,167.301,174.238,482.053,112.301,653.456,129.968,0,108.899,58.4023,1.5363
4936,110.499,126.011,270.852,736.484,311.969,818.192,0,78.7571,31.7417,1.40303
4937,41.0999,51.1686,601.492,214.834,648.427,198.073,0,31.9804,9.11957,1.28516
4938,55.2997,59.9706,608.681,157.472,648.394,190.752,0,37.4816,17.8181,1.47538
4939,240.105,221.337,489.75,464.646,615.567,539.588,0,138.336,101.77,1.73567
4940,265.407,281.788,345.994,539.795,144.84,616.149,0,176.117,89.2895,1.50699
4941,117.599,124.444,200.846,534.739,140.201,611.251,0,77.7776,39.8212,1.51199
4942,113.899,109.328,406.087,232.137,355.51,174.416,0,68.3302,45.5686,1.66689
4943,189.202,162.146,505.611,378.92,630.328,334.1,0,101.342,87.8608,1.86698
4944,72.5995,75.1068,197.442,587.809,144.785,616.022,0,46.9417,25.6577,1.54659
4945,223.804,175.966,203.239,341.641,67.7424,404.827,0,109.979,113.826,2.03498
4946,344.412,244.953,402.094,610.974,586.159,615.893,1,153.096,191.316,2.24965
4947,122.499,157.345,284.432,698.321,311.352,818.535,0,98.3407,24.158,1.24566
4948,168.701,165.159,383.142,273.634,349.894,174.658,0,103.224,65.4768,1.63432
4949,186.402,238.263,488.339,264.872,648.043,197.95,0,148.914,37.4879,1.25174
4950,38.9,40.8308,588.586,820.268,602.41,833.137,0,25.5192,13.3807,1.52434
4951,212.504,275.944,379.658,587.313,312.657,818.014,0,172.465,40.0388,1.23216
4952,11.8,14.4763,256.491,197.887,250.927,184.541,0,9.0477,2.75231,1.3042
4953,61.0996,62.688,298.132,770.248,311.114,818.601,0,39.18,21.9196,1.55946
4954,121.999,114.85,540.076,668.864,613.342,613.206,0,71.7815,50.2172,1.69959
4955,64.0996,83.6555,531.498,766.872,611.07,755.333,0,52.2847,11.8149,1.22597
4956,320.81,314.396,347.369,486.496,144.713,615.611,0,196.498,124.313,1.63264
4957,72.2995,68.1041,600.117,362.017,630.302,334.132,0,42.5651,29.7344,1.69856
4958,263.507,236.445,464.612,458.131,615.591,539.599,0,147.778,115.729,1.78312
4959,79.0994,73.2729,547.746,742.914,611.99,752.846,0,45.7956,33.3038,1.72723
4960,167.801,141.15,281.809,311.534,249.669,185.214,0,88.2188,79.5822,1.9021
4961,209.104,257.891,391.45,633.975,312.534,817.982,0,161.182,47.922,1.29732
4962,277.408,228.852,398.95,341.504,349.611,174.603,0,143.032,134.375,1.93948
4963,118.099,114.559,422.783,238.799,355.469,174.416,0,71.5993,46.4995,1.64944
4964,229.105,194.298,465.939,276.342,355.49,174.425,0,121.436,107.668,1.88662
4965,0,0,146.987,695.937,146.987,695.937,0,0,0,0
4966,164.201,184.067,325.581,333.679,251.217,184.522,0,115.042,49.159,1.42731
4967,99.2991,117.669,296.11,280.182,250.628,184.804,0,73.5433,25.7557,1.35021
4968,29.6001,37.5258,161.758,592.029,144.704,616.385,0,23.4536,6.14644,1.26207
4969,33.1001,44.2375,598.525,711.089,612.275,752.276,0,27.6484,5.45162,1.19718
4970,130.799,136.852,547.261,455.53,615.543,540.101,0,85.5323,45.2665,1.52923
4971,147.1,189.627,532.491,308.523,648.015,197.757,0,118.517,28.5828,1.24117
4972,206.203,169.162,198.444,359.466,67.6817,404.792,0,105.726,100.477,1.95036
4973,16.2,18.1262,632.485,206.731,647.955,197.851,0,11.3289,4.87116,1.42998
4974,331.611,334.442,356.569,473.941,144.78,616.093,0,209.026,122.585,1.58646
4975,175.201,210.126,314.298,638.746,312.405,818.14,0,131.329,43.8725,1.33407
4976,344.412,185.351,418.585,489.877,545.549,444.485,1,115.844,228.568,2.97306
4977,164.601,180.573,503.06,202.169,647.977,191.364,0,112.858,51.7425,1.45847
4978,344.412,242.145,442.098,509.213,595.416,496.387,1,151.341,193.071,2.27574
4979,94.9991,89.649,156.982,399.269,67.6572,405.593,0,56.0307,38.9685,1.69548
4980,30.3001,40.2987,263.099,223.041,251.348,184.505,0,25.1867,5.11342,1.20302
4981,82.9993,86.7023,365.338,194.69,349.736,174.742,0,54.189,28.8103,1.53166
4982,273.607,247.305,329.728,561.019,144.663,615.579,0,154.565,119.042,1.77017
4983,118.599,133.696,113.911,496.023,67.7174,405.507,0,83.56,35.0388,1.41933
4984,54.6997,61.1686,308.378,764.976,311.966,818.203,0,38.2304,16.4694,1.43079
4985,344.412,245.152,408.715,523.981,577.148,450.509,1,153.22,191.192,2.24782
4986,37,37.215,162.156,662.806,149.315,693.26,0,23.2594,13.7406,1.59076
4987,33.7001,35.1922,390.373,171.594,355.666,174.325,0,21.9951,11.705,1.53216
4988,155.9,141.71,162.6,473.464,139.479,611.252,0,88.5689,67.3314,1.76022
4989,146,187.691,526.132,269.361,648.19,197.964,0,117.307,28.6926,1.24459
4990,25.4001,20.4589,265.217,199.87,252.909,183.803,0,12.7868,12.6133,1.98643
4991,85.3993,114.874,352.359,712.043,312.724,817.981,0,71.7963,13.6029,1.18947
4992,344.412,318.103,374.819,466.747,335.45,184.463,1,198.814,145.598,1.73233
4993,48.7998,65.7772,188.37,652.125,149.764,693.157,0,41.1108,7.68908,1.18703
4994,81.9993,84.8035,569.143,127.375,653.649,130.299,0,53.0022,28.9971,1.54709
4995,66.6996,94.5668,572.773,244.036,647.997,197.881,0,59.1042,7.59531,1.12851
4996,93.5991,122.791,265.46,726.379,153.75,700.237,0,76.7441,16.855,1.21963
4997,44.3999,53.1974,552.951,826.014,602.36,833.252,0,33.2484,11.1515,1.3354
4998,306.209,283.542,352.367,418.378,349.924,174.762,0,177.214,128.996,1.72791
4999,113.499,153.663,547.429,286.56,647.941,197.698,0,96.0396,17.4593,1.18179
5000,159.401,161.472,501.396,131.355,653.596,130.379,0,100.92,58.4805,1.57947
5001,325.511,331.684,357.906,474.457,144.813,616.08,0,207.302,118.208,1.57022
5002,24.6001,31.7791,614.318,350.171,630.316,334.035,0,19.8619,4.73811,1.23855
5003,22.1,26.3476,381.329,180.483,355.748,174.147,0,16.4673,5.63279,1.34206
5004,0,0,409.504,73.1012,409.463,73.193,0,0,0,0
5005,137.199,141.763,244.871,654.186,144.801,616.186,0,88.6022,48.597,1.54849
5006,135.699,116.228,250.027,613.63,144.814,615.838,0,72.6425,63.0565,1.86804
5007,10.5,10.7514,607.513,743.222,611.96,752.75,0,6.71965,3.78035,1.56258
5008,325.211,310.332,345.483,489.356,144.727,615.658,0,193.957,131.253,1.67671
5009,49.7998,52.8823,608.404,146.683,653.552,130.282,0,33.0514,16.7484,1.50674
5010,52.2998,58.4619,597.321,696.601,612.354,751.971,0,36.5387,15.7611,1.43135
5011,75.8994,87.6397,527.27,766.324,611.069,755.212,0,54.7748,21.1246,1.38566
5012,139.499,164.429,365.457,678.68,312.877,817.963,0,102.768,36.7314,1.35742
5013,58.6997,74.7041,587.892,479.157,615.786,540.475,0,46.6901,12.0096,1.25722
5014,329.611,243.737,459.651,463.657,615.64,539.555,0,152.335,177.275,2.16372
5015,18.2,22.2912,630.341,210.357,647.852,197.798,0,13.932,4.268,1.30634
5016,8.7,8.99335,627.051,283.271,635.959,282.391,0,5.62084,3.07915,1.54781
5017,91.1992,107.414,283.277,276.755,250.363,184.884,0,67.1335,24.0657,1.35847
5018,243.706,295.119,275.158,496.534,139.856,611.153,0,184.449,59.2564,1.32126
5019,144.9,162.925,536.7,226.081,648.639,190.759,0,101.828,43.0714,1.42298
5020,294.809,243.662,456.859,429.78,615.458,539.98,0,152.289,142.52,1.93585
5021,71.8995,71.0933,589.158,667.759,613.172,613.003,0,44.4333,27.4662,1.61814
5022,267.007,248.277,367.023,394.901,349.868,174.83,0,155.173,111.834,1.72071
5023,120.399,118.511,562.841,386.276,630.466,334.382,0,74.0692,46.3295,1.62549
5024,78.4994,83.1938,571.354,125.494,653.629,129.596,0,51.9961,26.5033,1.50972
5025,33.1001,26.5785,588.438,618.036,613.268,613.23,0,16.6116,16.4885,1.99259
5026,95.8991,96.4706,348.112,228.122,349.817,174.717,0,60.2941,35.605,1.59052
5027,320.11,308.135,325.299,452.738,67.6749,404.773,0,192.584,127.526,1.66218
5028,240.305,295.212,308.977,502.033,139.916,611.085,0,184.508,55.7979,1.30242
5029,160.801,154.115,338.284,294.776,349.813,174.683,0,96.3217,64.4789,1.66941
5030,28.5001,33.3871,176.707,623.029,144.735,615.92,0,20.8669,7.63315,1.3658
5031,78.4994,106.38,235.367,672.316,149.45,693.277,0,66.4873,12.0121,1.18067
5032,255.206,258.194,347.922,563.604,144.754,616.133,0,161.371,93.8349,1.58148
5033,196.903,150.598,556.715,540.246,613.343,612.422,0,94.1235,102.779,2.09196
5034,204.403,133.792,457.642,156.817,356.14,173.504,0,83.6201,120.783,2.44443
5035,99.5991,103.597,560.66,148.76,653.567,130.277,0,64.7483,34.8507,1.53825
5036,260.307,312.393,313.889,484.007,139.922,611.081,0,195.246,65.0612,1.33323
5037,6.9,7.71061,647.604,135.268,653.928,131.011,0,4.81913,2.08087,1.43179
5038,70.3995,70.9304,597.682,685.201,612.359,751.966,0,44.3315,26.068,1.58802
5039,344.412,241.578,485.01,481.631,610.815,540.317,1,150.986,193.425,2.28108
5040,41.4999,30.4316,592.971,626.03,613.268,613.201,0,19.0198,22.4802,2.18194
5041,26.0001,30.0919,305.625,794.859,312.015,818.22,0,18.8074,7.19263,1.38244
5042,344.412,246.953,464.917,473.739,604.331,539.365,1,154.346,190.066,2.23143
5043,140.099,137.341,558.605,402.64,630.318,334.136,0,85.8381,54.2613,1.63213
5044,0,0,616.906,758.26,616.906,758.26,0,0,0,0
5045,344.412,228.382,391.094,518.044,547.861,450.995,1,142.739,201.673,2.41288
5046,274.608,247.292,349.153,579.931,144.73,615.587,0,154.558,120.05,1.77673
5047,104.499,108.916,550.876,135.186,653.501,129.901,0,68.0725,36.4265,1.53511
5048,202.403,175.402,443.784,281.159,355.442,174.401,0,109.626,92.7769,1.8463
5049,149.4,173.166,596.325,409.731,615.558,540.336,0,108.229,41.1714,1.38041
5050,152.1,151.335,353.63,300.785,350.007,174.822,0,94.5844,57.5156,1.60809
5051,213.604,209.387,485.139,440.055,615.584,539.635,0,130.867,82.737,1.63222
5052,186.402,188.42,379.063,310.634,350.047,174.792,0,117.763,68.6396,1.58286
5053,182.302,139.832,202.087,395.992,67.7062,405.617,0,87.3949,94.907,2.08596
5054,100.699,110.573,186.806,535.91,140.056,611.15,0,69.108,31.5911,1.45713
5055,86.0993,114.296,337.913,707.583,312.81,817.965,0,71.4352,14.6641,1.20528
5056,169.101,159.353,209.752,364.237,67.6428,404.805,0,99.5957,69.5055,1.69788
5057,143.7,170.472,359.551,664.877,312.818,818.008,0,106.545,37.1543,1.34872
5058,72.7995,67.4737,594.712,178.034,647.587,191.958,0,42.1711,30.6284,1.72629
5059,19,22.5715,629.268,209.496,648.229,197.965,0,14.1072,4.89286,1.34683
5060,126.999,169.674,532.048,289.455,647.914,197.733,0,106.046,20.9524,1.19758
5061,72.2995,74.6037,141.869,401.079,67.7038,404.78,0,46.6273,25.6721,1.55058
5062,188.202,135.691,215.337,227.908,248.135,184.697,0,84.8067,103.396,2.21919
5063,16.9,21.5673,318.823,797.445,313.299,818.286,0,13.4796,3.42044,1.25375
5064,225.005,179.174,205.924,350.493,67.6842,405.626,0,111.984,113.021,2.00926
5065,239.905,196.365,481.914,290.665,630.285,334.053,0,122.728,117.177,1.95477
5066,112.999,134.013,528.761,734.294,611.089,755.157,0,83.7581,29.2407,1.34911
5067,63.8996,84.2217,581.698,246.646,648.245,198.086,0,52.6386,11.261,1.21393
5068,45.4999,49.1051,80.0366,441.007,67.7081,405.483,0,30.6907,14.8092,1.48253
5069,214.604,174.351,243.579,347.504,249.523,185.176,0,108.969,105.635,1.9694
5070,28.2001,32.1397,599.329,783.031,606.312,811.997,0,20.0873,8.11276,1.40388
5071,17,22.3838,316.139,796.247,312.714,817.972,0,13.9899,3.01016,1.21517
5072,154.1,137.901,295.982,298.836,250.348,184.874,0,86.1882,67.912,1.78795
5073,344.412,333.712,449.902,514.996,573.162,617.216,1,208.57,135.842,1.6513
5074,41.8999,44.9764,592.093,819.119,602.369,833.072,0,28.1102,13.7897,1.49056
5075,102.599,107.083,290.171,735.59,312.034,818.231,0,66.9267,35.6723,1.53301
5076,58.1997,65.1608,394.906,188.502,355.65,174.322,0,40.7255,17.4742,1.42907
5077,7.3,7.96356,141.039,628.672,139.793,620.921,0,4.97723,2.32277,1.46668
5078,16,19.0573,301.826,805.284,311.966,818.314,0,11.9108,4.08922,1.34332
5079,331.111,223.615,468.156,370.772,630.269,334.135,0,139.759,191.352,2.36915
5080,80.2993,85.0296,543.314,600.868,613.213,612.757,0,53.1435,27.1558,1.51099
5081,297.509,247.058,446.774,443.475,615.562,539.564,0,154.411,143.098,1.92673
5082,25.9001,30.177,622.043,203.435,647.892,197.721,0,18.8607,7.03941,1.37323
5083,204.303,198.068,346.348,334.522,349.846,174.638,0,123.792,80.511,1.65037
5084,222.004,156.08,502.95,187.296,356.174,173.415,0,97.5499,124.454,2.2758
5085,312.81,291.53,286.08,471.454,67.6587,404.825,0,182.206,130.604,1.71679
5086,212.204,169.13,558.635,182.167,653.498,130.034,0,105.706,106.498,2.00749
5087,50.0998,60.7045,273.271,787.705,311.326,818.493,0,37.9403,12.1595,1.32049
5088,335.311,269.859,466.401,490.51,613.3,612.407,0,168.662,166.649,1.98807
5089,232.205,217.008,395.368,324.254,349.851,174.808,0,135.63,96.5748,1.71204
5090,14.3,17.632,373.27,173.179,356.034,173.79,0,11.02,3.28,1.29764
5091,298.609,155.754,498.108,624.689,613.287,613.21,0,97.3465,201.263,3.06749
5092,190.102,161.104,555.444,529.949,613.308,612.412,0,100.69,89.4125,1.888
5093,11.2,10.2916,600.878,755.337,611.059,755.214,0,6.43228,4.76773,1.74122
5094,43.1999,52.0357,603.656,209.282,647.931,197.77,0,32.5223,10.6776,1.32832
5095,159.801,149.101,335.41,290.165,349.669,174.56,0,93.1879,66.6126,1.71482
5096,143.6,136.052,328.624,275.805,349.624,174.561,0,85.0323,58.5672,1.68876
5097,117.299,153.086,317.227,688.099,312.496,818.054,0,95.6786,21.6202,1.22597
5098,224.905,189.256,512.643,530.614,613.358,612.527,0,118.285,106.62,1.90138
5099,155.9,143.779,423.101,268.064,355.566,174.43,0,89.8617,66.0386,1.73489
5100,62.1996,71.7579,284.765,228.367,250.347,184.902,0,44.8487,17.3509,1.38688
5101,34.1001,37.5083,573.965,755.768,611.127,754.963,0,23.4427,10.6574,1.45461
5102,119.899,139.055,546.572,459.082,615.616,539.684,0,86.9093,32.9895,1.37958
5103,176.002,186.191,514.818,222.951,647.558,191.882,0,116.369,59.6324,1.51244
5104,24.2001,21.9141,591.725,610.449,613.352,613.26,0,13.6963,10.5037,1.7669
5105,73.2995,76.2732,115.167,440.761,67.6733,404.784,0,47.6708,25.6287,1.53762
5106,344.412,281.326,417.506,381.171,628.609,334.138,1,175.829,168.583,1.95879
5107,234.705,229.901,298.631,551.184,144.767,616.146,0,143.688,91.0173,1.63344
5108,29.2001,28.8364,235.224,207.622,249.125,185.076,0,18.0227,11.1774,1.62018
5109,15,19.4807,318.778,799.578,313.777,818.406,0,12.1754,2.82459,1.23199
5110,38.5,34,228.547,204.331,248.941,185.045,0,21.25,17.25,1.81176
5111,100.499,125.824,572.829,276.923,648.422,198.083,0,78.6401,21.8589,1.27796
5112,137.999,110.144,167.836,383.038,67.6598,404.857,0,68.8401,69.1592,2.00464
5113,142.199,108.94,162.987,415.722,67.6993,404.843,0,68.0875,74.1119,2.08848
5114,87.6992,122.739,254.595,683.598,149.47,693.259,0,76.7121,10.9871,1.14323
5115,259.407,209.066,489.961,414.439,630.33,334.069,0,130.666,128.741,1.98526
5116,99.899,109.786,117.918,474.25,67.6906,405.53,0,68.6163,31.2827,1.45591
5117,93.8991,104.449,277.361,283.131,250.671,184.809,0,65.2809,28.6183,1.43839
5118,57.8997,48.3671,112.072,412.794,67.6916,405.608,0,30.2294,27.6703,1.91534
5119,110.899,110.323,558.291,154.991,653.58,130.285,0,68.9519,41.947,1.60835
5120,226.305,184.966,208.626,330.196,248.082,184.71,0,115.604,110.701,1.95759
5121,138.299,163.923,289.605,687.412,149.412,693.281,0,102.452,35.8474,1.3499
5122,5.7,5.06745,310.942,813.261,312.728,818.002,0,3.16716,2.53284,1.79972
5123,79.9994,89.6398,149.024,522.529,139.581,611.189,0,56.0248,23.9745,1.42793
5124,204.703,157.554,504.859,678.801,613.327,613.211,0,98.4711,106.232,2.07882
5125,135.899,143.044,528.87,158.952,653.589,130.267,0,89.4028,46.4963,1.52008
5126,185.402,145.893,496.05,338.174,630.276,334.062,0,91.183,94.2192,2.0333
5127,344.412,194.516,399.229,484.641,550.323,453.55,1,121.572,222.839,2.83298
5128,118.299,119.651,557.665,386.329,630.386,334.366,0,74.7818,43.517,1.58192
5129,67.9995,68.2364,586.318,125.22,653.635,130.374,0,42.6477,25.3518,1.59445
5130,135.799,142.353,310.885,300.959,251.589,184.424,0,88.9709,46.8282,1.52633
5131,180.302,130.464,163.036,436.165,67.7492,405.619,0,81.5402,98.7616,2.2112
5132,224.705,142.381,224.219,310.793,248.649,184.871,0,88.988,135.717,2.52511
5133,58.4997,61.9318,597.738,171.886,647.598,191.972,0,38.7074,19.7923,1.51133
5134,37.6,35.5782,583.857,820.244,602.354,833.068,0,22.2363,15.3636,1.69093
5135,203.203,238.722,262.715,519.545,140.12,611.074,0,149.201,54.002,1.36194
5136,171.301,154.133,494.856,329.806,630.295,334.053,0,96.3329,74.9684,1.77822
5137,243.206,177.554,494.5,687.728,613.294,613.101,0,110.972,132.234,2.1916
5138,217.904,179.418,482.14,570.395,613.254,612.413,0,112.136,105.768,1.94321
5139,318.01,251.702,451.712,463.237,615.583,539.631,0,157.314,160.697,2.0215
5140,198.603,243.181,399.255,644.799,312.604,818.017,0,151.988,46.615,1.3067
5141,89.3992,94.4653,560.282,123.606,653.651,130.248,0,59.0408,30.3584,1.51419
5142,76.3994,93.9053,566.777,484.658,615.75,540.437,0,58.6908,17.7086,1.30173
5143,344.412,244.693,472.935,477.948,602.038,529.616,1,152.933,191.479,2.25204
5144,268.907,240.75,268.506,437.551,67.6116,404.528,0,150.469,118.438,1.78713
5145,53.3998,72.6094,216.145,731.938,152.65,701.826,0,45.3808,8.01891,1.1767
5146,199.403,139.872,162.323,445.302,67.6853,405.612,0,87.4199,111.983,2.28098
5147,23.3001,24.7897,614.218,344.049,630.316,334.085,0,15.4936,7.80647,1.50385
5148,244.906,234.032,462.964,424.508,615.587,539.599,0,146.27,98.6358,1.67434
5149,131.199,104.3,216.041,256.252,248.251,184.683,0,65.1877,66.0111,2.01263
5150,324.711,212.42,430.532,634.45,613.238,612.978,0,132.763,191.948,2.4458
5151,82.7993,104.187,282.301,280.915,250.52,184.816,0,65.1169,17.6824,1.27155
5152,54.5997,66.4531,411.097,143.783,405.851,78.1791,0,41.5332,13.0666,1.31461
5153,159.601,134.743,453.474,142.074,356.056,173.494,0,84.2144,75.3861,1.89517
5154,166.301,182.446,234.861,509.47,140.284,611.187,0,114.029,52.272,1.45841
5155,138.199,158.24,522.736,209.797,647.715,191.699,0,98.9002,39.299,1.39736
5156,15.9,17.7303,151.01,675.649,149.687,693.175,0,11.0814,4.81861,1.43484
5157,84.5993,83.627,578.352,672.659,613.194,612.949,0,52.2669,32.3324,1.6186
5158,155.8,165.156,528.393,438.362,615.749,540.65,0,103.222,52.578,1.50937
5159,81.8993,79.1211,589.646,677.193,612.351,752.009,0,49.4507,32.4486,1.65618
5160,27.5001,20.5123,264.408,200.626,252.583,183.999,0,12.8202,14.6799,2.14506
5161,17.6,24.5425,629.082,130.965,653.48,129.993,0,15.339,2.26098,1.1474
5162,102.899,137.61,263.716,674.995,149.462,693.356,0,86.0062,16.8928,1.19641
5163,101.999,100.243,211.168,572.731,144.643,615.713,0,62.6516,39.3474,1.62804
5164,128.199,129.759,249.659,308.066,250.011,185.038,0,81.0992,47.0995,1.58076
5165,67.1995,70.3624,282.518,773.489,310.991,818.714,0,43.9765,23.2231,1.52808
5166,217.204,262.057,333.986,392.993,251.35,184.51,0,163.786,53.4184,1.32615
5167,187.302,156.432,183.622,300.445,248.092,184.667,0,97.7703,89.5319,1.91574
5168,204.803,143.884,200.577,412.029,67.6442,405.609,0,89.9273,114.876,2.27743
5169,244.506,195.829,473.001,307.351,630.374,334.114,0,122.393,122.113,1.99771
5170,72.2995,75.5895,283.157,767.702,310.671,818.786,0,47.2434,25.0561,1.53036
5171,228.805,193.916,237.234,352.775,249.502,185.236,0,121.197,107.607,1.88787
5172,26.4001,32.1589,318.149,786.358,312.695,817.972,0,20.0993,6.30075,1.31348
5173,228.705,246.221,330.786,561.716,144.804,616.101,0,153.888,74.8165,1.48617
5174,68.6995,72.4911,592.569,367.478,630.312,334.144,0,45.3069,23.3926,1.51631
5175,219.904,172.901,167.417,303.019,249.251,185.236,0,108.063,111.841,2.03496
5176,9,10.8071,637.661,187.555,647.766,191.386,0,6.75446,2.24554,1.33245
5177,97.0991,100.76,418.463,225.924,355.64,174.441,0,62.9752,34.1239,1.54186
5178,41.0999,35.6794,227.166,201.615,248.961,184.975,0,22.2996,18.8003,1.84308
5179,64.7996,77.3347,220.608,627.452,144.768,615.984,0,48.3342,16.4654,1.34066
5180,34.6,36.8719,137.186,659.804,149.297,693.336,0,23.0449,11.5551,1.50142
5181,344.412,118.268,127.983,538.154,124.771,538.419,1,73.9175,270.494,4.65941
5182,305.809,259.295,293.633,424.669,67.6633,405.621,0,162.059,143.75,1.88702
5183,23.5001,29.5192,621.095,208.768,648.009,198,0,18.4495,5.05057,1.27375
5184,150.2,127.499,269.079,638.576,144.742,615.684,0,79.6871,70.5128,1.88487
5185,82.9993,85.1305,204.752,582.111,144.763,615.778,0,53.2065,29.7928,1.55995
5186,178.502,173.433,247.475,572.877,144.659,615.668,0,108.396,70.1059,1.64676
5187,157.1,147.881,239.109,321.269,249.441,185.238,0,92.4257,64.6747,1.69975
5188,120.799,122.87,556.667,168.433,653.664,130.316,0,76.7937,44.005,1.57303
5189,40.7,55.1514,564.893,800.201,606.217,812.118,0,34.4696,6.23035,1.18075
5190,81.4993,93.9247,573.799,292.314,630.34,333.873,0,58.703,22.7964,1.38833
5191,62.5996,80.5571,539.433,778.016,611.18,755.009,0,50.3482,12.2514,1.24333
5192,85.3993,94.5446,178.217,544.237,140.107,611.123,0,59.0904,26.3089,1.44523
5193,85.3993,102.43,94.9691,473.041,67.7369,405.569,0,64.0188,21.3805,1.33397
5194,27.9001,35.3746,617.789,214.872,648.389,198.087,0,22.1091,5.79092,1.26192
5195,165.601,164.236,238.555,572.601,144.641,615.65,0,102.648,62.9534,1.6133
5196,174.401,142.895,273.016,649.193,144.719,615.645,0,89.3091,85.0924,1.95278
5197,54.0997,45.1612,258.373,229.549,249.844,185.143,0,28.2258,25.874,1.91668
5198,7.3,6.83943,74.3773,402.982,67.8456,405.178,0,4.27464,3.02535,1.70774
5199,230.905,182.906,246.638,349.911,248.025,184.559,0,114.316,116.588,2.01987
5200,171.801,175.451,290.739,603.092,144.767,616.131,0,109.657,62.1447,1.56672
5201,84.0993,93.3897,273.007,275.494,250.116,185.004,0,58.3686,25.7307,1.44083
5202,112.199,120.826,238.532,653.883,144.763,616.22,0,75.5163,36.6825,1.48576
5203,173.401,224.934,331.581,373.674,251.58,184.417,0,140.584,32.8177,1.23344
5204,344.412,211.672,476.643,483.652,589.805,488.904,1,132.295,212.117,2.60336
5205,84.9993,98.1167,275.53,279.215,250.321,184.901,0,61.3229,23.6764,1.38609
5206,25.0001,28.7603,316.859,790.024,312.809,818.058,0,17.9752,7.0249,1.39081
5207,169.401,189.388,312.245,330.845,251.417,184.471,0,118.367,51.0338,1.43115
5208,62.4996,76.77,214.749,678.654,149.797,693.217,0,47.9812,14.5184,1.30258
5209,118.799,122.956,252.872,300.833,249.95,184.984,0,76.8476,41.9512,1.5459
5210,45.3999,30.5332,592.635,626.791,613.268,613.16,0,19.0833,26.3166,2.37904
5211,200.003,137.915,508.757,661.636,613.247,612.569,0,86.197,113.806,2.3203
5212,24.9001,30.1256,601.722,566.412,616.004,541.419,0,18.8285,6.07154,1.32246
5213,0,0,312.811,825.24,312.811,825.24,0,0,0,0
5214,134.399,124.724,529.544,572.623,613.315,612.474,0,77.9525,56.4465,1.72411
5215,204.103,128.975,222.089,307.513,249.171,185.111,0,80.6095,123.494,2.532
5216,249.906,228.363,328.548,578.147,144.666,615.659,0,142.727,107.179,1.75094
5217,344.412,256.17,442.895,585.423,605.009,613.172,1,160.106,184.305,2.15114
5218,291.609,223.027,397.188,336.803,349.809,174.72,0,139.392,152.217,2.09201
5219,344.412,252.329,475.177,481.412,605.037,534.646,1,157.706,186.706,2.18389
5220,208.704,207.548,295.766,360.908,251.486,184.444,0,129.717,78.9863,1.60891
5221,238.705,201.858,285.411,562.653,144.688,615.584,0,126.162,112.544,1.89206
5222,260.007,282.487,346.957,540.515,144.805,616.096,0,176.554,83.4526,1.47267
5223,93.4991,83.5312,604.576,696.242,612.231,752.361,0,52.207,41.2921,1.79093
5224,114.599,108.95,557.478,305.831,630.393,333.731,0,68.0935,46.5053,1.68296
5225,81.0993,88.2713,156.619,540.185,139.571,611.242,0,55.1695,25.9298,1.47
5226,344.412,267.465,417.88,566.847,584.71,617.559,1,167.166,177.246,2.0603
5227,260.207,205.86,491.607,246.166,356.139,173.423,0,128.663,131.544,2.02239
5228,161.901,178.891,186.517,520.569,140.298,611.25,0,111.807,50.0941,1.44804
5229,194.903,161.932,559.3,526.834,613.267,612.516,0,101.208,93.6951,1.92577
5230,344.412,196.729,448.273,487.654,587.283,472.731,1,122.956,221.456,2.80111
5231,190.002,191.804,526.66,501.03,615.642,539.657,0,119.877,70.125,1.58497
5232,77.0994,86.6649,316.907,741.747,312.128,818.174,0,54.1655,22.9339,1.4234
5233,314.11,278.088,308.048,423.726,67.6808,405.623,0,173.805,140.305,1.80725
5234,342.112,308.022,359.696,451.406,349.855,174.813,0,192.514,149.598,1.77708
5235,46.2999,34.4996,247.517,219.482,249.557,185.238,0,21.5623,24.7376,2.14726
5236,252.206,191.793,213.85,445.967,67.5836,405.7,0,119.87,132.336,2.10399
5237,34.0001,41.382,179.758,674.611,149.962,693.305,0,25.8638,8.1363,1.31458
5238,24.6001,31.7057,175.482,622.517,144.824,615.784,0,19.8161,4.78399,1.24142
5239,20.2,20.9092,603.465,557.839,616.524,542.511,0,13.0682,7.13181,1.54574
5240,1.4,0.669974,654.194,199.043,653.985,198.407,0,0.418734,0.981267,3.34342
5241,205.603,137.881,216.057,226.667,248.597,184.927,0,86.1754,119.428,2.38587
5242,109.999,102.039,161.296,388.602,67.8227,405.259,0,63.7743,46.2246,1.72481
5243,110.399,135.784,512.288,717.626,611.766,753.576,0,84.8652,25.5336,1.30087
5244,273.407,188.759,507.383,541.638,613.198,612.563,0,117.974,155.433,2.31752
5245,96.4991,93.2809,230.786,275.013,249.201,185.117,0,58.3006,38.1985,1.6552
5246,169.701,155.966,236.121,328.519,249.534,185.174,0,97.479,72.2222,1.7409
5247,64.7996,62.9249,299.745,769.083,311.927,818.299,0,39.3281,25.4715,1.64767
5248,205.003,137.741,216.413,230.771,248.165,184.73,0,86.088,118.915,2.38132
5249,116.799,137.657,554.299,178.607,648.485,190.802,0,86.0355,30.7633,1.35757
5250,209.904,260.004,283.505,513.392,140.087,611.102,0,162.502,47.4013,1.2917
5251,121.699,138.171,315.09,288.517,251.208,184.523,0,86.3571,35.3417,1.40925
5252,159.001,160.053,495.416,115.403,653.618,129.588,0,100.033,58.9676,1.58948
5253,13.4,13.7883,639.12,208.117,648.38,198.117,0,8.61767,4.78235,1.55495
5254,0,0,139.333,614.781,139.333,614.781,0,0,0,0
5255,124.699,109.519,245.974,619.11,144.731,615.737,0,68.4491,56.2496,1.82177
5256,95.5991,97.9988,274.069,278.687,250.184,185.029,0,61.2492,34.3499,1.56082
5257,43.7999,46.1646,572.918,594.301,613.324,612.391,0,28.8529,14.947,1.51804
5258,257.006,237.637,270.506,432.446,67.6088,404.455,0,148.523,108.483,1.73041
5259,25.7001,26.5091,83.6886,419.64,67.7197,405.532,0,16.5682,9.13189,1.55117
5260,116.399,121.923,354.263,258.711,349.795,174.709,0,76.2016,40.1972,1.52751
5261,62.1996,61.9004,268.022,242.95,249.144,185.125,0,38.6878,23.5119,1.60773
5262,12.9,16.3283,371.205,179.295,356.036,173.398,0,10.2052,2.69484,1.26407
5263,152.1,142.937,291.919,301.543,251.412,184.453,0,89.3355,62.7646,1.70257
5264,144.5,119.651,260.807,633.094,144.673,615.61,0,74.7821,69.7175,1.93228
5265,68.0995,91.4703,337.07,730.24,312.793,818.051,0,57.169,10.9306,1.1912
5266,230.405,307.085,387.529,569.366,312.766,818.082,0,191.928,38.4769,1.20048
5267,60.9996,66.9619,599.079,151.864,653.627,130.38,0,41.8512,19.1485,1.45754
5268,39.6,53.3442,310.635,772.072,311.988,818.218,0,33.3401,6.25985,1.18776
5269,124.199,136.875,111.449,495.01,67.7493,405.555,0,85.5471,38.6516,1.45182
5270,23.6001,28.6618,411.32,106.053,405.758,78.242,0,17.9136,5.68645,1.31744
5271,162.301,151.832,238.751,326.303,250.321,184.88,0,94.8952,67.4055,1.71031
5272,344.412,280.661,428.072,419.324,606.515,538.988,1,175.413,168.998,1.96343
5273,280.508,161.36,497.655,634.746,613.251,613.187,0,100.85,179.658,2.78143
5274,344.412,179.324,432.345,492.952,557.496,451.723,1,112.077,232.335,3.07299
5275,189.502,219.36,369.643,628.498,312.478,817.972,0,137.1,52.4022,1.38222
5276,141.099,120.632,173.581,375.942,67.7433,404.827,0,75.3952,65.7042,1.87146
5277,234.405,219.994,386.952,340.715,349.636,174.553,0,137.496,96.9087,1.70481
5278,30.5001,37.8576,587.446,528.891,615.652,540.54,0,23.661,6.83911,1.28905
5279,140.099,129.103,192.832,390.743,67.6741,404.828,0,80.6894,59.4099,1.73628
5280,158.5,153.922,351.359,302.812,349.693,174.559,0,96.2012,62.2993,1.64759
5281,46.5999,52.5383,573.423,789.116,606.462,811.718,0,32.8365,13.7634,1.41915
5282,46.2999,55.4887,139.822,559.116,139.943,611.135,0,34.6804,11.6194,1.33504
5283,148.6,131.766,282.1,297.422,249.809,185.128,0,82.354,66.2459,1.8044
5284,66.6996,86.6302,566.826,492.96,615.65,540.403,0,54.1439,12.5557,1.2319
5285,214.804,225.266,604.6,393.411,615.645,539.633,0,140.791,74.0128,1.52569
5286,316.41,282.058,285.942,464.519,67.678,404.778,0,176.286,140.124,1.79486
5287,218.104,219.025,473.576,439.77,615.493,539.86,0,136.891,81.2135,1.59327
5288,223.604,213.574,480.02,436.471,615.6,539.609,0,133.484,90.1207,1.67514
5289,21.2,21.5109,602.8,557.313,616.179,541.869,0,13.4443,7.75573,1.57688
5290,283.008,267.556,340.123,387.74,349.665,174.618,0,167.223,115.785,1.6924
5291,293.209,253.951,341.96,564.287,144.686,615.678,0,158.72,134.489,1.84734
5292,112.199,110.331,235.371,607.411,144.679,615.58,0,68.9569,43.2419,1.62709
5293,209.304,244.946,276.863,521.796,139.732,611.14,0,153.091,56.2121,1.36718
5294,217.404,166.843,303.768,627.452,144.712,615.703,0,104.277,113.127,2.08487
5295,241.406,202.44,479.622,316.198,630.318,334.139,0,126.525,114.88,1.90797
5296,92.8992,114.3,566.525,175.076,653.538,130.142,0,71.4377,21.4615,1.30042
5297,91.9992,101.561,237.628,744.354,152.589,701.781,0,63.4756,28.5235,1.44936
5298,198.403,245.225,399.727,643.379,313.157,818.163,0,153.265,45.1375,1.29451
5299,79.9994,82.7591,149.886,400.961,67.6961,405.628,0,51.7245,28.2749,1.54664
5300,23.5001,29.4106,322.071,181.279,350.4,174.922,0,18.3816,5.11844,1.27845
5301,71.4995,75.5306,578.331,131.351,653.643,129.592,0,47.2066,24.2928,1.51461
5302,51.7998,61.7673,554.525,749.972,612.061,752.791,0,38.6046,13.1952,1.3418
5303,157.6,202.172,516.591,264.483,647.88,197.717,0,126.357,31.243,1.24726
5304,15.9,17.3495,613.402,330.622,630.289,334.092,0,10.8434,5.05658,1.46633
5305,187.302,197.432,321.007,343.421,250.903,184.745,0,123.395,63.9074,1.51791
5306,126.199,124.577,175.092,258.559,248.882,184.998,0,77.8604,48.3383,1.62083
5307,8.9,9.32038,303.645,814.181,311.716,818.44,0,5.82524,3.07476,1.52783
5308,86.9992,82.6054,417.873,206.968,355.602,174.38,0,51.6284,35.3709,1.68511
5309,201.403,251.819,400.017,631.51,313.127,818.055,0,157.387,44.0159,1.27967
5310,175.001,147.147,481.778,153.022,356.101,173.507,0,91.967,83.0344,1.90287
5311,74.2994,99.5267,337.541,721.911,312.785,818.011,0,62.2042,12.0953,1.19444
5312,241.006,159.405,471.647,613.3,613.274,613.168,0,99.6281,141.377,2.41905
5313,195.803,189.991,387.262,301.943,349.638,174.633,0,118.745,77.0582,1.64894
5314,49.9998,59.8875,313.01,766.525,312.003,818.248,0,37.4297,12.5701,1.33583
5315,62.0996,82.8945,223.76,736.328,152.516,701.839,0,51.8091,10.2906,1.19862
5316,94.9991,117.753,592.908,268.522,647.946,197.669,0,73.5957,21.4034,1.29082
5317,1.9,1.06013,610.875,757.631,611.871,757.269,0,0.662584,1.23742,2.86756
5318,99.2991,100.299,373.856,206.805,355.605,174.417,0,62.6871,36.612,1.58404
5319,99.799,112.481,212.872,652.691,144.698,616.352,0,70.3004,29.4986,1.41961
5320,310.81,227.394,477.681,423.397,630.368,334.061,0,142.121,168.689,2.18694
5321,219.104,194.982,402.716,303.105,355.495,174.437,0,121.864,97.2403,1.79794
5322,44.7999,55.6355,118.299,574.166,139.943,611.086,0,34.7722,10.0277,1.28838
5323,234.505,188.582,219.087,431.226,67.6911,405.632,0,117.864,116.641,1.98963
5324,197.203,197.433,220.607,474.972,139.515,611.251,0,123.395,73.8074,1.59814
5325,76.9994,75.2616,264.314,257.157,249.246,185.128,0,47.0385,29.9609,1.63695
5326,151.2,120.09,261.194,633.329,144.752,615.796,0,75.0564,76.1437,2.01449
5327,344.412,262.801,425.16,394.661,622.203,334.18,1,164.251,180.161,2.09687
5328,88.7992,94.7014,188.116,565.809,140.045,611.091,0,59.1884,29.6108,1.50028
5329,226.205,159.449,492.813,157.038,356.155,173.381,0,99.6557,126.549,2.26986
5330,17.4,19.0615,613.613,338.216,630.323,334.042,0,11.9135,5.48657,1.46054
5331,78.8994,88.7393,161.687,536.702,139.642,611.161,0,55.4621,23.4373,1.42258
5332,84.3993,74.8756,422.548,152.283,356.209,173.436,0,46.7973,37.602,1.80351
5333,194.503,191.809,324.345,613.52,144.746,616.157,0,119.881,74.6221,1.62247
5334,8.2,8.71765,255.459,192.12,252.798,183.853,0,5.44853,2.75146,1.50499
5335,43.7999,40.1861,224.079,210.576,248.537,184.78,0,25.1163,18.6836,1.74388
5336,82.6993,77.5788,583.613,672.053,613.335,613.055,0,48.4868,34.2125,1.70561
5337,67.9995,74.9719,554.736,731.957,611.871,753.149,0,46.8574,21.1421,1.4512
5338,153.3,107.145,517.799,631.728,613.315,612.386,0,66.9657,86.3344,2.28923
5339,282.808,164.124,427.604,135.58,405.852,78.2301,0,102.578,180.23,2.75701
5340,344.412,90.0298,129.298,538.964,124.899,537.481,1,56.2686,288.143,6.12085
5341,154.2,152.826,228.992,572.035,144.748,615.717,0,95.5162,58.684,1.61439
5342,60.9996,58.7972,555.386,618.185,613.257,612.37,0,36.7483,24.2514,1.65993
5343,194.103,243.678,313.712,371.522,251.645,184.309,0,152.299,41.8036,1.27448
5344,1,0.351322,147.676,693.558,147.796,693.888,0,0.219576,0.780424,4.55423
5345,117.499,110.489,446.415,195.281,356.146,173.432,0,69.0559,48.4429,1.7015
5346,164.501,173.914,535.396,421.298,615.552,539.628,0,108.696,55.8044,1.5134
5347,308.61,208.438,471.759,382.464,630.314,334.128,0,130.273,178.336,2.36894
5348,270.307,238.697,456.796,432.773,615.576,539.649,0,149.186,121.122,1.81189
5349,260.707,257.821,304.528,398.952,249.965,185.01,0,161.138,99.5688,1.61791
5350,215.904,263.765,293.562,525.291,139.872,611.166,0,164.853,51.0508,1.30967
5351,245.006,208.182,406.801,317.666,355.564,174.422,0,130.114,114.892,1.88301
5352,179.502,194.575,524.598,455.476,615.649,540.448,0,121.61,57.8921,1.47605
5353,344.412,237.788,422.233,656.032,611.641,613.199,1,148.617,195.794,2.31744
5354,216.304,283.672,378.726,579.344,312.429,818.15,0,177.295,39.0093,1.22003
5355,344.412,185.238,403.956,490.107,543.212,444.518,1,115.774,228.638,2.97487
5356,104.399,125.385,572.103,431.834,615.552,540.429,0,78.3654,26.0336,1.33221
5357,137.599,178.391,419.925,711.868,313.778,818.461,0,111.494,26.1049,1.23414
5358,199.903,240.347,405.047,639.228,313.098,818.052,0,150.217,49.6861,1.33076
5359,344.412,240.34,401.502,614.495,583.705,617.732,1,150.213,194.199,2.29283
5360,194.003,186.556,224.185,492.539,139.498,611.191,0,116.598,77.4049,1.66386
5361,154.6,174.386,192.108,520.522,140.21,611.19,0,108.992,45.6087,1.41846
5362,248.406,206.091,266.679,365.65,250.188,184.964,0,128.807,119.599,1.92851
5363,24.5001,31.7751,593.666,527.689,615.659,540.335,0,19.8595,4.6406,1.23367
5364,6.1,5.92516,147.873,687.635,149.641,693.285,0,3.70323,2.39677,1.64721
5365,309.91,282.471,322.329,510.355,144.671,615.64,0,176.544,133.366,1.75542
5366,239.405,209.144,424.525,316.775,355.552,174.412,0,130.715,108.69,1.8315
5367,297.309,272.703,363.112,417.058,349.906,174.709,0,170.439,126.869,1.74437
5368,262.507,238.468,307.424,377.605,249.929,185.082,0,149.043,113.464,1.76129
5369,268.407,206.019,473.411,385.834,630.329,334.115,0,128.762,139.645,2.08452
5370,0,0,140.562,618.164,140.562,618.164,0,0,0,0
5371,196.003,169.555,498.896,366.418,630.362,334.127,0,105.972,90.0308,1.84957
5372,52.4998,46.7272,590.236,643.158,613.321,612.395,0,29.2045,23.2952,1.79766
5373,332.711,228.652,460.703,389.995,630.356,334.107,0,142.908,189.803,2.32815
5374,126.499,153.023,314.602,688.2,312.315,818.162,0,95.6396,30.8591,1.32266
5375,174.001,202.06,367.45,644.405,312.417,818.127,0,126.287,47.7142,1.37782
5376,197.303,137.802,172.15,437.178,67.732,405.605,0,86.1261,111.177,2.29086
5377,182.002,145.463,467.613,212.13,356.202,173.263,0,90.9142,91.0877,2.00191
5378,15.1,19.5171,598.63,738.52,612.241,752.431,0,12.1982,2.90182,1.23789
5379,191.102,189.131,612.437,402.014,615.661,539.603,0,118.207,72.8955,1.61668
5380,139.399,130.618,160.669,482.49,139.49,611.245,0,81.6364,57.7629,1.70756
5381,162.701,165.566,489.415,118.032,653.633,130.305,0,103.478,59.2223,1.57232
5382,40.7,29.693,590.846,624.207,613.291,613.227,0,18.5581,22.1419,2.19311
5383,81.3993,80.206,426.977,148.453,356.133,173.52,0,50.1287,31.2706,1.62381
5384,142.9,136.432,298.075,296.548,251.507,184.42,0,85.2701,57.6294,1.67585
5385,17.2,19.0773,596.527,605.268,613.194,612.613,0,11.9233,5.2767,1.44255
5386,313.41,304.46,358.072,520.47,144.776,616.154,0,190.288,123.122,1.64703
5387,150.5,147.374,176.66,480.593,139.502,611.217,0,92.1088,58.3912,1.63394
5388,36.3,24.9352,271.338,199.719,252.379,184.029,0,15.5845,20.7155,2.32924
5389,6.1,5.81728,607.661,614.528,613.324,613.233,0,3.6358,2.46419,1.67776
5390,36.7,37.0149,565.536,835.159,602.369,833.52,0,23.1343,13.5657,1.58639
5391,95.5991,92.8704,228.739,274.352,249.149,185.077,0,58.044,37.5551,1.64701
5392,41.9999,34.7448,236.491,216.516,249.092,185.101,0,21.7155,20.2844,1.9341
5393,165.401,134.243,523.537,572.18,613.32,612.398,0,83.902,81.4989,1.97136
5394,219.204,181.246,220.871,347.213,249.458,185.187,0,113.278,105.926,1.93509
5395,2.5,1.66527,634.376,282.921,635.947,282.368,0,1.04079,1.45921,2.40201
5396,192.303,137.453,169.49,438.415,67.7357,405.226,0,85.9083,106.394,2.23846
5397,27.5001,29.8151,612.643,272.301,636.047,282.607,0,18.6344,8.86562,1.47577
5398,27.3001,32.913,318.061,786.052,312.735,817.975,0,20.5706,6.72944,1.32714
5399,162.401,174.807,513.361,210.627,647.998,191.166,0,109.254,53.1463,1.48644
5400,80.8993,85.0301,150.694,395.817,67.7488,405.634,0,53.1438,27.7555,1.52227
5401,100.799,98.7034,213.886,267.02,248.36,184.824,0,61.6896,39.1094,1.63397
5402,79.0994,75.4585,601.132,681.749,612.422,751.977,0,47.1616,31.9378,1.6772
5403,13.2,10.5373,609.88,549.053,617.094,543.54,0,6.58583,6.61418,2.0043
5404,281.708,320.136,323.137,485.3,139.881,611.154,0,200.085,81.6228,1.40794
5405,344.412,247.86,435.407,591.64,601.59,612.87,1,154.913,189.499,2.22326
5406,36.1,41.9218,120.25,586.734,139.946,611.155,0,26.2011,9.8989,1.3778
5407,154.6,134.808,284.597,303.678,249.611,185.199,0,84.2553,70.3449,1.8349
5408,344.412,236.618,438.104,592.648,566.666,617.051,1,147.887,196.525,2.32889
5409,140.399,179.023,408.275,696.732,313.646,818.412,0,111.89,28.5097,1.2548
5410,124.699,109.198,139.747,513.99,139.523,611.184,0,68.2489,56.4498,1.82712
5411,19.9,24.9991,261.291,207.404,251.604,184.361,0,15.6244,4.2756,1.27365
5412,344.412,272.847,424.373,566.135,582.747,617.811,1,170.53,173.882,2.01966
5413,344.412,306.307,403.595,459.699,613.313,540.692,1,191.442,152.97,1.79904
5414,144.1,185.212,528.63,268.213,648.222,197.954,0,115.757,28.3422,1.24484
5415,83.2993,117.391,262.713,731.033,153.633,700.197,0,73.3692,9.93011,1.13534
5416,14.3,18.6426,259.418,201.293,252.067,184.18,0,11.6516,2.64837,1.2273
5417,107.799,119.256,216.45,666.291,144.8,615.929,0,74.5351,33.2638,1.44628
5418,104.099,92.7417,159.02,544.202,140.049,611.1,0,57.9636,46.1354,1.79594
5419,136.199,133.091,307.121,291.47,251.066,184.608,0,83.1821,53.017,1.63736
5420,20.7,22.5643,406.064,100.624,405.745,78.2286,0,14.1027,6.59733,1.46781
5421,35.5,38.3152,616.218,135.027,653.574,130.044,0,23.947,11.5531,1.48244
5422,200.103,257.832,329.898,391.293,251.703,184.269,0,161.145,38.9579,1.24176
5423,108.199,115.743,191.682,534.64,140.11,611.079,0,72.3392,35.8597,1.49572
5424,90.4992,85.6014,576.502,673.571,613.331,613.121,0,53.5009,36.9983,1.69155
5425,325.011,295.419,377.161,424.606,349.885,174.815,0,184.637,140.374,1.76027
5426,101.999,86.5324,530.46,618.541,613.252,613.221,0,54.0827,47.9163,1.88598
5427,53.0998,67.8683,589.639,486.289,615.657,539.525,0,42.4177,10.6821,1.25183
5428,88.5992,92.1857,568.805,142.424,653.559,129.625,0,57.6161,30.9832,1.53775
5429,120.199,117.073,404.248,240.283,355.48,174.431,0,73.1708,47.0279,1.64271
5430,238.605,207.924,247.934,414.467,67.7222,404.843,0,129.952,108.653,1.8361
5431,57.6997,71.1644,589.926,481.879,615.67,539.525,0,44.4778,13.2219,1.29727
5432,72.0995,101.3,249.833,731.197,153.743,700.277,0,63.3125,8.78699,1.13879
5433,119.199,103.829,221.189,281.74,248.261,184.777,0,64.893,54.3057,1.83685
5434,66.8996,63.4313,263.203,246.037,249.95,184.999,0,39.6446,27.255,1.68748
5435,96.3991,82.6916,605.728,678.307,612.457,751.82,0,51.6822,44.7169,1.86523
5436,332.811,306.197,358.739,451.84,349.785,174.668,0,191.373,141.438,1.73907
5437,41.2999,47.5331,191.483,623.326,144.702,615.702,0,29.7082,11.5917,1.39019
5438,157.5,175.179,513.479,201.575,648.488,190.798,0,109.487,48.0135,1.43853
5439,58.9997,66.4113,344.126,196.957,350.029,174.75,0,41.507,17.4926,1.42144
5440,88.0992,87.4869,433.023,186.644,355.643,174.39,0,54.6793,33.4199,1.6112
5441,52.9998,49.8702,234.254,232.035,249.192,185.125,0,31.1689,21.8309,1.70041
5442,31.5001,35.8855,618.164,132.947,653.528,129.86,0,22.4285,9.07162,1.40447
5443,244.506,235.609,461.527,424.418,615.623,540.431,0,147.256,97.2498,1.66041
5444,48.5998,36.5963,235.281,217.593,248.738,184.905,0,22.8727,25.7271,2.1248
5445,106.199,111.997,229.721,755.85,152.806,701.767,0,69.9984,36.2005,1.51716
5446,59.8997,74.8239,544.87,777.025,611.18,755.105,0,46.7649,13.1348,1.28087
5447,80.4993,106.641,561.134,199.586,647.697,191.764,0,66.6506,13.8488,1.20778
5448,105.799,109.241,556.206,153.863,653.55,129.839,0,68.2759,37.523,1.54958
5449,148.5,132.609,523.235,655.427,613.268,613.176,0,82.8806,65.6192,1.79173
5450,55.6997,70.3862,594.214,194.164,647.908,197.661,0,43.9914,11.7084,1.26615
5451,65.6996,82.5094,274.054,263.044,250.391,184.916,0,51.5684,14.1312,1.27403
5452,38.6,51.2513,599.488,703.742,612.3,752.397,0,32.0321,6.56792,1.20504
5453,75.9994,66.6941,597.485,366.651,630.291,334.134,0,41.6838,34.3156,1.82323
5454,254.406,228.83,302.568,552.502,144.649,615.67,0,143.019,111.388,1.77883
5455,85.7993,115.77,357.416,713.903,313.212,818.248,0,72.3561,13.4432,1.18579
5456,344.412,244.194,429.826,390.028,621.217,334.059,1,152.621,191.791,2.25664
5457,9.1,10.5549,77.3838,409.747,67.3932,406.356,0,6.5968,2.5032,1.37946
5458,32.3001,36.1861,612.988,354.816,630.4,334.36,0,22.6163,9.68376,1.42818
5459,117.899,155.836,342.572,672.117,312.824,817.953,0,97.3972,20.5015,1.21049
5460,27.2001,30.6781,386.007,177.65,355.994,173.609,0,19.1738,8.02626,1.41861
5461,316.91,204.46,438.481,635.304,613.273,613.216,0,127.787,189.123,2.47998
5462,143.4,131.469,421.843,256.347,355.537,174.404,0,82.1683,61.2313,1.74519
5463,224.104,191.742,463.393,272.719,355.443,174.409,0,119.839,104.266,1.87005
5464,155.1,198.466,312.578,340.041,251.73,184.301,0,124.042,31.0587,1.25039
5465,22.5,26.583,262.286,208.533,252.126,184.226,0,16.6144,5.8857,1.35425
5466,84.5993,113.496,323.021,713.538,312.617,817.994,0,70.9352,13.6641,1.19263
5467,198.603,197.023,526.813,458.28,615.493,539.834,0,123.139,75.4636,1.61283
5468,18.2,20.0777,150.314,673.229,149.6,693.227,0,12.5486,5.65146,1.45037
5469,117.499,107.839,163.03,382.045,67.7163,404.883,0,67.3995,50.0993,1.74332
5470,248.206,182.386,233.938,374.973,67.7035,404.88,0,113.991,134.215,2.17741
5471,153.5,174.284,215.715,498.168,140.271,611.193,0,108.927,44.5729,1.4092
5472,127.899,103.249,209.14,263.941,249.409,185.21,0,64.5304,63.3682,1.98199
5473,279.208,172.342,539.963,539.224,613.151,612.616,0,107.714,171.494,2.59213
5474,198.403,138.744,205.821,405.936,67.652,405.603,0,86.7153,111.688,2.28798
5475,0,0,648.093,192.497,648.093,192.497,0,0,0,0
5476,159.501,178.341,375.808,669.468,312.43,818.086,0,111.463,48.0376,1.43097
5477,32.3001,34.5451,567.832,833.244,602.452,833.268,0,21.5907,10.7094,1.49602
5478,95.5991,90.3036,554.787,711.565,611.906,753.082,0,56.4398,39.1593,1.69383
5479,250.106,152.411,498.336,620.138,613.292,613.152,0,95.2566,154.849,2.6256
5480,48.1998,39.2619,280.277,210.677,252.442,184.011,0,24.5387,23.6612,1.96424
5481,265.207,152.569,497.99,624.47,613.287,613.11,0,95.3555,169.851,2.78124
5482,157.7,147.988,180.72,351.386,67.6675,404.82,0,92.4924,65.208,1.70501
5483,60.9996,72.5342,317.805,220.789,349.532,174.639,0,45.3339,15.6658,1.34556
5484,184.702,144.463,561.683,554.941,613.338,612.414,0,90.2893,94.4128,2.04567
5485,84.0993,99.6646,98.0277,472.584,67.661,405.608,0,62.2904,21.8089,1.35012
5486,259.807,180.505,484.831,676.712,613.318,613.198,0,112.816,146.991,2.30293
5487,344.412,270.295,447.423,569.24,602.692,612.466,1,168.934,175.478,2.03873
5488,344.412,31.4621,603.209,284.442,609.351,284.299,1,19.6638,324.748,17.515
5489,84.6993,74.2672,598.605,354.217,630.445,334.47,0,46.417,38.2823,1.82475
5490,334.211,228.974,443.612,678.052,613.347,612.489,0,143.109,191.102,2.33536
5491,21,24.4907,616.463,276.61,635.879,282.382,0,15.3067,5.69336,1.37195
5492,70.2995,95.1037,336.802,726.725,312.761,817.955,0,59.4398,10.8597,1.1827
5493,167.601,151.816,594.345,388.468,630.37,334.117,0,94.8851,72.716,1.76636
5494,40.6,52.8985,595.22,702.879,612.281,752.082,0,33.0615,7.53841,1.22801
5495,161.601,124.986,191.528,402.619,67.7022,405.604,0,78.1161,83.4846,2.06872
5496,204.803,203.94,367.142,350.652,349.874,174.8,0,127.463,77.3407,1.60677
5497,207.603,188.042,439.967,308.665,355.565,174.436,0,117.527,90.0769,1.76644
5498,29.0001,36.2322,605.875,574.205,616.269,541.98,0,22.6452,6.35492,1.28063
5499,79.7994,105.365,324.957,719.573,312.791,818.03,0,65.8532,13.9461,1.21178
5500,106.299,98.978,565.424,684.463,611.999,753,0,61.8613,44.4377,1.71834
5501,40.4,43.0128,574.693,768.898,611.238,755.507,0,26.883,13.5169,1.50281
5502,23.7001,28.2968,140.472,648.862,139.867,620.882,0,17.6855,6.01456,1.34008
5503,168.001,146.413,200.779,372.627,67.7078,404.799,0,91.5084,76.4927,1.83591
5504,202.603,136.223,162.732,444.029,67.7105,405.619,0,85.1391,117.464,2.37967
5505,16.7,18.8045,372.291,182.296,355.38,174.471,0,11.7528,4.94724,1.42094
5506,129.099,103.778,163.859,410.445,67.7518,405.309,0,64.8612,64.2375,1.99038
5507,173.001,169.215,285.271,673.697,144.78,616.182,0,105.759,67.242,1.6358
5508,207.903,195.552,344.802,334.717,349.67,174.643,0,122.22,85.6834,1.70106
5509,176.802,169.189,473.783,572.398,613.323,612.525,0,105.743,71.0585,1.67199
5510,284.108,189.886,452.52,639.043,613.309,613.19,0,118.679,165.43,2.39393
5511,144.8,131.993,281.506,303.484,249.934,185.051,0,82.4959,62.3037,1.75523
5512,224.004,192.902,322.016,612.242,144.813,616.136,0,120.564,103.441,1.85798
5513,62.3996,82.5993,322.369,741.633,312.694,818.031,0,51.6245,10.7751,1.20872
5514,50.4998,62.47,595.254,229.318,648.405,198.169,0,39.0437,11.4561,1.29342
5515,23.8001,28.9077,284.458,810.451,311.842,818.303,0,18.0673,5.73276,1.3173
5516,160.301,139.444,524.166,376.968,630.378,333.974,0,87.1524,73.1482,1.83931
5517,193.703,161.242,516.32,391.387,630.37,334.079,0,100.776,92.9264,1.92211
5518,123.299,129.515,306.889,278.81,250.259,184.864,0,80.9466,42.3521,1.52321
5519,260.607,238.275,288.397,395.671,249.073,185.088,0,148.922,111.685,1.74996
5520,112.799,113.184,519.075,588.824,613.215,612.563,0,70.7403,42.0586,1.59455
5521,201.903,173.961,496.81,365.157,630.327,334.063,0,108.726,93.1776,1.857
5522,68.2995,71.739,283.777,771.749,310.597,818.81,0,44.8369,23.4626,1.52329
5523,153.5,174.179,541.589,237.05,647.577,191.857,0,108.862,44.6382,1.41004
5524,89.2992,88.6353,573.712,673.585,613.2,612.917,0,55.3971,33.9021,1.61198
5525,226.605,285.926,296.055,495.811,139.943,611.118,0,178.704,47.9009,1.26805
5526,13,14.8305,147.61,678.568,149.579,693.23,0,9.26905,3.73096,1.40252
5527,272.407,245.313,317.361,545.802,144.717,615.588,0,153.321,119.087,1.77671
5528,103.399,89.7314,526.013,609.8,613.301,613.191,0,56.0821,47.3169,1.84371
5529,337.011,323.081,378.515,454.916,349.86,174.662,0,201.926,135.086,1.66899
5530,74.7994,76.2343,190.407,209.891,248.68,184.909,0,47.6464,27.153,1.56989
5531,217.904,178.669,293.383,337.43,250.811,184.716,0,111.668,106.236,1.95135
5532,291.209,227.904,239.276,449.515,67.7181,405.614,0,142.44,148.769,2.04443
5533,84.2993,88.839,246.773,778.769,310.618,818.761,0,55.5244,28.7749,1.51824
5534,344.412,272.208,88.3091,454.288,91.8871,459.762,1,170.13,174.282,2.02441
5535,234.105,205.014,443.574,324.504,355.588,174.435,0,128.134,105.971,1.82703
5536,344.412,232.117,419.521,490.739,588.819,476.62,1,145.073,199.339,2.37405
5537,138.899,131.63,299.842,292.706,250.043,185.007,0,82.2686,56.6306,1.68836
5538,148.8,131.328,212.249,309.129,249.288,185.244,0,82.0798,66.7201,1.81287
5539,59.9997,62.1537,591.707,127.333,653.625,129.643,0,38.8461,21.1536,1.54455
5540,321.91,298.518,310.795,460.061,67.7262,405.628,0,186.574,135.337,1.72538
5541,127.199,117.502,544.458,674.906,613.355,613.168,0,73.4388,53.7599,1.73204
5542,201.203,196.499,532.839,427.396,630.332,334.119,0,122.812,78.3912,1.6383
5543,296.309,240.76,275.945,423.539,67.6802,404.838,0,150.475,145.834,1.96915
5544,223.804,178.262,281.538,584.218,144.658,615.672,0,111.414,112.391,2.00877
5545,12.1,10.1693,260.836,189.975,253.101,183.574,0,6.35581,5.7442,1.90377
5546,121.299,118.046,404.142,238.649,355.439,174.408,0,73.779,47.5197,1.64408
5547,318.51,272.682,428.524,429.686,615.561,540.424,0,170.426,148.084,1.86891
5548,288.908,228.639,459.092,384.117,630.385,334.14,0,142.9,146.009,2.02176
5549,28.8001,29.7193,408.479,107.444,405.936,78.2227,0,18.5746,10.2255,1.55051
5550,223.104,162.393,507.739,687.163,613.361,613.161,0,101.496,121.609,2.19817
5551,118.799,130.064,552.419,453.175,615.62,539.641,0,81.2898,37.509,1.46142
5552,184.702,152.924,191.578,315.601,249.446,185.194,0,95.5776,89.1245,1.93248
5553,242.906,232.766,478.57,344.408,630.332,334.095,0,145.479,97.4271,1.6697
5554,202.303,178.504,315.41,620.464,144.792,616.162,0,111.565,90.7381,1.81332
5555,27.2001,33.3419,605.244,571.054,616.021,541.392,0,20.8387,6.36137,1.30527
5556,151,180.682,334.136,649.755,312.285,818.06,0,112.926,38.074,1.33716
5557,176.602,193.829,215.233,467.754,140.285,611.223,0,121.143,55.4587,1.4578
5558,69.6995,69.5281,413.425,194.777,355.618,174.403,0,43.4551,26.2444,1.60394
5559,2.5,1.66343,646.473,198.583,647.909,197.745,0,1.03964,1.46036,2.40467
5560,129.399,153.461,212.676,519.272,140.296,611.247,0,95.9129,33.4858,1.34913
5561,53.3998,41.3416,575.042,621.943,613.296,612.393,0,25.8385,27.5613,2.06667
5562,82.4993,77.5923,429.227,178.654,356.107,173.482,0,48.4952,34.0041,1.70119
5563,29.7001,37.771,615.586,188.086,647.883,191.68,0,23.6069,6.09322,1.25811
5564,13.8,17.598,170.07,706.714,153.534,700.695,0,10.9988,2.80125,1.25469
5565,201.803,199.497,380.525,321.085,349.748,174.693,0,124.686,77.1174,1.61849
5566,267.407,222.456,460.238,332.5,355.434,174.397,0,139.035,128.372,1.92331
5567,254.806,176.141,463.395,641.442,613.343,613.194,0,110.088,144.718,2.31457
5568,156,131.063,509.987,339.013,630.314,334.187,0,81.9142,74.0862,1.90444
5569,269.307,220.192,391.468,339.774,349.664,174.698,0,137.62,131.687,1.95689
5570,97.7991,125.308,561.507,215.844,648.275,198.113,0,78.3177,19.4814,1.24875
5571,21.1,25.5861,328.933,188.149,350.065,174.805,0,15.9913,5.10873,1.31947
5572,294.109,231.975,467.06,363.45,630.26,334.136,0,144.984,149.125,2.02856
5573,237.805,170.825,532.442,536.127,613.284,612.515,0,106.766,131.04,2.22736
5574,133.899,97.0326,522.63,624.726,613.259,613.195,0,60.6454,73.2536,2.2079
5575,38.1,41.6826,612.247,132.708,653.498,130.009,0,26.0516,12.0484,1.46248
5576,106.499,106.22,405.039,229.498,355.608,174.447,0,66.3873,40.1117,1.60421
5577,115.099,113.334,525.81,336.887,630.377,334.364,0,70.8336,44.2652,1.62492
5578,195.903,175.609,269.891,340.624,251.167,184.495,0,109.756,86.1471,1.7849
5579,81.8993,84.4833,569.482,127.928,653.568,129.703,0,52.8021,29.0973,1.55106
5580,94.0991,89.2534,556.25,710.576,611.905,753.168,0,55.7834,38.3157,1.68687
5581,70.3995,83.2109,149.717,529.086,139.638,611.235,0,52.0068,18.3927,1.35366
5582,292.609,226.363,474.6,424.008,630.26,334.088,0,141.477,151.132,2.06824
5583,100.999,107.191,232.001,606.84,144.79,616.067,0,66.9944,34.0046,1.50757
5584,289.508,239.44,401.097,345.322,349.822,174.709,0,149.65,139.858,1.93457
5585,281.208,163.605,503.097,626.528,613.269,612.452,0,102.253,178.955,2.75012
5586,91.8992,77.9335,600.646,679.363,612.386,751.896,0,48.7085,43.1907,1.88672
5587,45.5999,55.3615,608.013,367.469,630.273,334.035,0,34.601,10.9989,1.31788
5588,246.706,232.916,481.709,345.128,630.322,334.178,0,145.573,101.133,1.69473
5589,344.412,217.07,425.319,490.864,584.746,466.722,1,135.669,208.743,2.53862
5590,13.9,17.2733,601.398,535.166,615.677,540.298,0,10.7958,3.1042,1.28754
5591,261.707,212.668,512.626,510.019,613.254,612.549,0,132.917,128.79,1.96895
5592,99.1991,100.982,276.47,281.24,250.047,185.009,0,63.1135,36.0855,1.57176
5593,244.406,211.827,265.208,368.4,248.694,184.947,0,132.392,112.014,1.84608
5594,70.4995,83.6515,532.51,610.138,613.257,612.475,0,52.2822,18.2173,1.34844
5595,344.412,256.491,454.503,476.096,612.62,539.753,1,160.307,184.105,2.14845
5596,170.201,184.575,200.199,464.567,139.839,611.081,0,115.36,54.8415,1.4754
5597,32.7001,32.1004,87.7533,423.736,67.6681,405.63,0,20.0627,12.6373,1.62989
5598,344.412,255.116,575.738,544.482,578.163,545.774,1,159.447,184.964,2.16003
5599,179.302,151.497,191.505,315.147,248.899,185.049,0,94.6855,84.6163,1.89366
5600,292.209,247.84,246.642,462.736,67.6793,405.632,0,154.9,137.309,1.88644
5601,159.801,135.633,552.451,554.676,613.259,612.383,0,84.7705,75.03,1.8851
5602,138.099,132.971,303.546,294.406,250.396,184.879,0,83.1068,54.9924,1.66171
5603,73.5994,99.3086,236.249,684.459,149.566,693.285,0,62.0679,11.5316,1.18579
5604,202.103,160.365,504.983,678.773,613.307,612.458,0,100.228,101.875,2.01643
5605,47.2999,40.4257,254.453,225.076,249.933,185.106,0,25.2661,22.0338,1.87207
5606,267.807,246.107,454.834,422.378,615.629,540.399,0,153.817,113.99,1.74108
5607,74.5994,82.7436,555.162,333.105,630.331,333.871,0,51.7148,22.8847,1.44252
5608,288.408,223.75,239.412,444.535,67.7003,405.605,0,139.844,148.565,2.06236
5609,130.599,163.152,342.091,664.474,312.726,818.021,0,101.97,28.6291,1.28076
5610,90.3992,92.3664,267.442,274.622,250.149,185.04,0,57.729,32.6702,1.56592
5611,280.308,250.718,451.901,415.662,615.557,540.325,0,156.699,123.609,1.78883
5612,128.499,143.733,315.615,297.09,251.547,184.368,0,89.8334,38.6652,1.43041
5613,3.7,3.21578,633.882,286.045,636.98,285.185,0,2.00986,1.69014,1.84092
5614,212.404,162.675,504.307,375.912,630.276,334.125,0,101.672,110.732,2.08911
5615,309.11,313.427,312.492,472.692,67.5179,404.408,0,195.892,113.218,1.57796
5616,53.8997,71.161,206.818,695.647,153.525,700.65,0,44.4756,9.42412,1.21189
5617,318.11,297.789,325.343,499.837,144.744,616.057,0,186.118,131.992,1.70918
5618,224.905,219.799,478.36,431.885,615.622,539.581,0,137.375,87.5299,1.63716
5619,44.0999,58.85,325.724,214.338,349.598,174.564,0,36.7813,7.31864,1.19898
5620,292.709,195.43,462.18,664.971,613.206,612.748,0,122.144,170.565,2.39643
5621,75.9994,80.4352,115.859,444.7,67.6721,404.778,0,50.272,25.7274,1.51176
5622,61.6996,74.2677,541.13,761.549,611.059,755.344,0,46.4173,15.2823,1.32924
5623,36.3,48.7447,618.73,253.074,635.919,282.414,0,30.4654,5.83461,1.19152
5624,122.299,160.833,402.017,709.519,313.243,818.233,0,100.521,21.778,1.21665
5625,86.1993,92.1408,345.157,228.165,349.827,174.716,0,57.588,28.6113,1.49683
5626,73.5994,86.0186,149.651,526.103,139.553,611.242,0,53.7616,19.8378,1.369
5627,157.2,153.912,392.334,262.788,355.519,174.417,0,96.195,61.0054,1.63418
5628,40.3,56.2698,191.738,677.009,149.572,693.256,0,35.1687,5.13131,1.14591
5629,198.903,158.948,495.273,326.567,630.36,334.055,0,99.3423,99.5606,2.0022
5630,101.499,95.1725,233.694,275.621,249.566,185.193,0,59.4828,42.0162,1.70636
5631,101.399,137.088,263.459,674.176,149.533,693.227,0,85.6801,15.7189,1.18346
5632,207.403,263.765,382.755,598.312,312.523,818.036,0,164.853,42.5504,1.25811
5633,24.2001,31.3166,169.46,673.806,149.588,693.263,0,19.5729,4.62719,1.23641
5634,75.6994,98.2171,221.135,750.382,152.74,701.69,0,61.3857,14.3137,1.23318
5635,53.6998,48.8079,593.631,644.587,613.266,613.222,0,30.505,23.1948,1.76036
5636,116.299,112.055,160.562,502.534,139.539,611.201,0,70.0345,46.2643,1.66059
5637,242.806,199.139,215.206,453.714,67.7115,405.546,0,124.462,118.344,1.95084
5638,172.501,127.592,154.218,426.865,67.7448,405.619,0,79.7451,92.7563,2.16316
5639,136.199,133.81,450.788,223.425,356.126,173.412,0,83.6314,52.5677,1.62856
5640,58.1997,66.5162,565.543,342.369,630.451,333.81,0,41.5726,16.6271,1.39995
5641,2.9,1.82413,149.653,704.812,149.653,702.989,0,1.14008,1.75992,2.54367
5642,333.311,333.729,358.288,473.524,144.846,615.759,0,208.581,124.73,1.598
5643,91.2992,99.2257,241.93,631.633,144.76,615.986,0,62.0161,29.2831,1.47219
5644,344.412,301.364,405.263,455.343,603.847,530.479,1,188.352,156.06,1.82855
5645,124.399,130.377,535.229,149.878,653.482,130.183,0,81.4856,42.9131,1.52663
5646,91.8992,71.9372,597.98,358.523,630.461,334.462,0,44.9607,46.9384,2.04399
5647,127.999,172.146,547.681,246.084,647.991,197.992,0,107.591,20.4075,1.18968
5648,117.299,102.675,211.595,259.515,248.499,184.831,0,64.172,53.1268,1.82788
5649,339.011,274.147,424.994,438.34,615.606,539.629,0,171.342,167.67,1.97857
5650,110.099,104.103,156.52,509.673,139.529,611.185,0,65.0644,45.0345,1.69215
5651,48.4998,56.92,579.646,330.706,630.362,334.088,0,35.575,12.9248,1.36331
5652,121.699,127.252,351.761,273.111,349.603,174.629,0,79.5324,42.1663,1.53018
5653,56.1997,45.0229,246.952,229.875,250.026,185.038,0,28.1393,28.0604,1.9972
5654,160.901,179.218,231.673,533.251,140.301,611.245,0,112.011,48.8895,1.43647
5655,322.81,237.944,508.897,478.378,615.494,539.95,0,148.715,174.095,2.17066
5656,85.9993,111.778,555.836,198.764,648.031,190.98,0,69.861,16.1383,1.23101
5657,98.4991,114.103,183.526,252.587,248.991,184.984,0,71.3142,27.1849,1.3812
5658,319.91,251.769,443.506,441.626,615.591,539.602,0,157.356,162.554,2.03304
5659,195.903,159.067,445.534,264.97,356.056,173.413,0,99.417,96.4857,1.97051
5660,313.31,218.217,463.429,687.404,613.251,612.628,0,136.386,176.924,2.29723
5661,210.204,255.723,396.825,632.887,312.684,818.03,0,159.827,50.3769,1.3152
5662,309.51,289.175,263.442,477.966,67.6615,405.628,0,180.735,128.775,1.71251
5663,191.402,159.132,289.484,619.107,144.708,615.577,0,99.4574,91.9451,1.92447
5664,209.704,202.368,497.083,451.384,615.529,540.039,0,126.48,83.2235,1.658
5665,160.801,138.481,169.344,354.44,67.6799,404.817,0,86.5507,74.2499,1.85788
5666,44.8999,53.9413,160.66,574.887,144.704,615.608,0,33.7133,11.1866,1.33181
5667,203.803,197.773,221.025,474.353,139.7,611.083,0,123.608,80.1951,1.64878
5668,59.0997,80.7766,221.688,734.43,152.639,701.843,0,50.4854,8.61428,1.17063
5669,160.501,163.666,491.643,115.8,653.606,130.376,0,102.291,58.2092,1.56905
5670,97.8991,102.42,213.486,573.424,144.707,615.617,0,64.0125,33.8866,1.52937
5671,169.401,129.532,498.454,590.078,613.205,612.551,0,80.9572,88.4439,2.09248
5672,49.0998,67.9548,217.3,723.677,153.704,700.213,0,42.4717,6.62809,1.15606
5673,119.699,116.449,520.308,586.391,613.293,612.476,0,72.7804,46.9183,1.64466
5674,32.4001,38.2772,586.977,788.272,606.682,810.861,0,23.9233,8.47683,1.35433
5675,54.9997,44.3847,111.849,405.665,67.665,405.625,0,27.7404,27.2593,1.98266
5676,164.501,117.376,234.869,296.191,249.842,185.146,0,73.3602,91.1406,2.24237
5677,285.608,296.534,363.652,539.351,144.832,616.075,0,185.334,100.274,1.54105
5678,22.6,26.1756,612.87,275.294,635.986,282.501,0,16.3598,6.24028,1.38144
5679,169.401,196.564,362.735,644.549,312.638,818.041,0,122.853,46.5485,1.3789
5680,217.004,181.104,521.136,532.724,613.322,612.54,0,113.19,103.814,1.91717
5681,13.4,16.1043,119.9,611.2,135.691,614.324,0,10.0652,3.3348,1.33132
5682,173.601,223.193,501.144,251.196,647.882,197.811,0,139.496,34.1058,1.24449
5683,344.412,256.814,437.231,475.996,602.571,526.073,1,160.508,183.903,2.14575
5684,70.2995,71.4424,137.02,396.989,67.6778,404.788,0,44.6515,25.648,1.5744
5685,175.402,153.503,206.111,366.507,67.6835,404.791,0,95.9394,79.4621,1.82825
5686,255.906,310.032,310.771,485.098,139.851,611.1,0,193.77,62.1364,1.32067
5687,56.4997,61.6288,409.767,155,356.014,173.643,0,38.518,17.9817,1.46684
5688,93.1992,93.4283,552.202,711.387,611.748,753.593,0,58.3927,34.8064,1.59607
5689,42.3999,40.786,615.786,190.37,647.765,191.885,0,25.4913,16.9087,1.66331
5690,112.999,112.069,527.915,336.729,630.44,334.488,0,70.0432,42.9557,1.61327
5691,285.208,240.12,454.024,435.584,615.6,539.649,0,150.075,135.133,1.90044
5692,20.7,23.8231,254.114,208.146,249.402,185.142,0,14.8895,5.81058,1.39025
5693,55.9997,48.6301,115.352,400.161,67.6986,405.613,0,30.3938,25.6059,1.84247
5694,174.301,175.473,202.472,477.794,139.556,611.215,0,109.671,64.6305,1.58931
5695,43.7999,52.0999,609.763,257.291,635.87,282.306,0,32.5625,11.2374,1.3451
5696,63.8996,73.0224,187.724,580.72,144.824,615.825,0,45.639,18.2606,1.40011
5697,342.812,322.343,379.158,454.154,349.736,174.656,0,201.465,141.347,1.7016
5698,37.2,37.0336,600.818,584.461,613.398,612.163,0,23.146,14.054,1.60719
5699,50.5998,70.3637,219.827,724.015,153.691,700.242,0,43.9773,6.62248,1.15059
5700,126.699,110.688,253.76,631.917,144.714,615.608,0,69.1797,57.5189,1.83144
5701,147.7,161.227,505.574,147.552,653.613,130.355,0,100.767,46.9327,1.46575
5702,188.002,219.516,351.421,618.14,312.508,818.026,0,137.198,50.8047,1.3703
5703,344.412,72.35,483.307,363.295,483.319,366.302,1,45.2188,299.193,7.61657
5704,344.412,303.671,342.539,430.597,348.484,176.785,1,189.794,154.618,1.81466
5705,240.605,202.636,266.483,360.769,249.721,185.202,0,126.647,113.958,1.89981
5706,235.205,313.139,396.989,563.762,312.746,818.053,0,195.712,39.4932,1.20179
5707,2.9,1.71312,317.04,818.226,316.036,819.39,0,1.0707,1.8293,2.70851
5708,169.401,169.548,427.052,293.57,355.574,174.382,0,105.967,63.4337,1.59862
5709,328.611,218.279,461.705,685.349,613.317,613.168,0,136.424,192.186,2.40874
5710,119.199,112.079,376.254,218.12,355.449,174.394,0,70.0496,49.1492,1.70163
5711,149.8,190.965,327.422,341.896,251.699,184.339,0,119.353,30.4466,1.2551
5712,113.599,117.978,193.621,260.157,248.34,184.77,0,73.7362,39.8626,1.54061
5713,108.699,109.767,558.561,154.854,653.66,130.294,0,68.6042,40.0947,1.58444
5714,49.1998,67.5259,551.788,812.686,602.406,833.254,0,42.2037,6.99612,1.16577
5715,12.7,14.8715,615.431,333.879,630.264,334.063,0,9.29471,3.4053,1.36637
5716,114.499,125.825,534.168,133.243,653.603,129.71,0,78.6405,35.8583,1.45598
5717,318.01,269.271,467.13,491.603,613.233,612.604,0,168.295,149.716,1.8896
5718,344.412,199.205,402.194,496.194,548.197,448.211,1,124.503,219.909,2.7663
5719,61.2996,68.8773,148.986,543.467,139.564,611.164,0,43.0483,18.2513,1.42397
5720,229.105,153.353,159.387,458.085,67.6614,405.618,0,95.8458,133.259,2.39035
5721,169.501,188.688,517.247,189.267,648.158,190.951,0,117.93,51.5712,1.4373
5722,344.412,97.4374,562.43,181.681,563.568,182.378,1,60.8984,283.513,5.65552
5723,25.5001,28.8429,613.643,294.125,635.9,282.347,0,18.0268,7.47323,1.41456
5724,205.503,187.827,440.043,307.755,355.41,174.409,0,117.392,88.1113,1.75057
5725,177.702,207.516,376.781,644.172,312.615,818.012,0,129.697,48.0044,1.37013
5726,10.5,12.1912,410.264,89.5173,406,78.155,0,7.6195,2.8805,1.37804
5727,344.412,277.996,451.966,562.583,604.091,612.554,1,173.748,170.664,1.98225
5728,258.707,202.204,479.074,398.421,630.281,334.126,0,126.377,132.329,2.0471
5729,237.005,231.656,390.178,353.871,349.705,174.725,0,144.785,92.2202,1.63695
5730,344.412,209.974,463.285,471.944,597.203,502.658,1,131.234,213.178,2.62441
5731,176.402,174.966,232.792,551.661,144.662,615.687,0,109.354,67.0478,1.61313
5732,324.411,318.873,330.067,483.189,144.758,616.089,0,199.296,125.115,1.62779
5733,49.2998,60.4915,551.537,758.659,611.096,755.435,0,37.8072,11.4926,1.30398
5734,156.4,188.066,409.595,687.794,313.2,818.212,0,117.541,38.8594,1.3306
5735,14.7,17.7238,593.587,755.345,611.075,755.171,0,11.0774,3.62263,1.32703
5736,59.4997,67.851,281.673,229.856,250.17,185.045,0,42.4069,17.0928,1.40307
5737,202.703,135.01,217.777,311,249.008,185.032,0,84.3813,118.322,2.40223
5738,97.9991,93.3882,303.029,736.77,311.669,818.357,0,58.3676,39.6315,1.679
5739,61.7996,71.8579,589.04,236.304,648.354,198.204,0,44.9112,16.8884,1.37604
5740,180.102,210.977,352.367,626.185,312.554,818.02,0,131.861,48.2411,1.36585
5741,141.599,147.55,398.478,261.037,355.535,174.423,0,92.2189,49.3805,1.53547
5742,40.8999,38.375,259.01,221.642,249.9,185.104,0,23.9844,16.9155,1.70527
5743,186.502,149.738,486.253,153.347,355.886,174.008,0,93.5862,92.916,1.99284
5744,115.099,133.355,568.208,425.287,615.665,540.264,0,83.3466,31.7522,1.38097
5745,182.402,157.948,233.328,327.896,249.566,185.188,0,98.7173,83.6846,1.84772
5746,300.309,266.542,295.042,421.499,67.5665,405.697,0,166.589,133.72,1.8027
5747,154.6,131.328,165.513,358.416,67.6887,404.811,0,82.0802,72.52,1.88353
5748,117.199,116.554,268.87,295.48,250.739,184.686,0,72.8464,44.3524,1.60885
5749,262.607,171.589,205.807,436.839,67.6959,405.622,0,107.243,155.364,2.44871
5750,96.0991,87.3295,578.662,370.299,630.381,334.484,0,54.581,41.5182,1.76067
5751,157.4,135.654,544.499,553.373,613.211,612.909,0,84.7835,72.6169,1.8565
5752,160.201,173.697,533.564,483.104,615.658,540.365,0,108.56,51.6402,1.47568
5753,257.807,241.803,311.147,383.376,249.067,185.075,0,151.127,106.68,1.70589
5754,325.011,305.588,317.011,443.731,67.6462,405.624,0,190.993,134.018,1.70169
5755,344.412,168.972,476.167,482.512,573.528,450.281,1,105.608,238.804,3.26124
5756,319.91,295.74,311.293,450.787,67.7495,405.626,0,184.837,135.073,1.73077
5757,238.005,226.672,469.648,444.222,615.557,539.652,0,141.67,96.3352,1.68
5758,166.901,156.174,238.483,330.047,249.892,185.124,0,97.6089,69.2921,1.70989
5759,344.412,273.188,448.079,570.389,605.498,612.828,1,170.743,173.669,2.01714
5760,196.403,170.869,171.661,324.286,67.7296,404.813,0,106.793,89.6095,1.83909
5761,26.3001,29.1942,281.082,186.252,253.199,183.227,0,18.2464,8.05371,1.44139
5762,42.2999,38.1151,239.945,221.571,249.921,185.146,0,23.8219,18.478,1.77567
5763,1.3,0.498221,649.311,189.907,649.426,190.392,0,0.311388,0.988612,4.17485
5764,205.803,197.09,528.174,457.407,615.652,539.515,0,123.181,82.622,1.67073
5765,185.002,156.072,189.47,317.817,248.343,184.782,0,97.5453,87.4568,1.89658
5766,5.2,3.35259,645.135,189.606,647.949,191.191,0,2.09537,3.10463,2.48166
5767,5.2,4.97742,611.552,543.183,616.377,541.963,0,3.11089,2.08911,1.67155
5768,36.1,33.8711,286.064,187.814,253.538,182.697,0,21.1695,14.9306,1.70529
5769,170.301,152.807,557.021,535.24,613.292,612.394,0,95.5045,74.7967,1.78318
5770,269.607,187.519,482.891,686.336,613.334,613.195,0,117.199,152.408,2.30042
5771,344.412,303.231,361.029,452.862,345.151,180.254,1,189.52,154.892,1.81729
5772,54.2997,59.9519,409.468,157.326,356.025,173.695,0,37.4699,16.8298,1.44916
5773,178.302,162.421,278.862,333.37,251.145,184.593,0,101.513,76.7884,1.75644
5774,89.8992,76.7666,602.744,681.974,611.963,752.915,0,47.9792,41.92,1.87371
5775,263.907,200.674,475.6,539.991,613.335,612.478,0,125.421,138.486,2.10417
5776,60.0997,61.1929,411.167,157.549,355.782,174.269,0,38.2456,21.8541,1.57141
5777,240.505,205.249,443.414,324.314,355.536,174.402,0,128.281,112.225,1.87484
5778,311.81,316.79,316.924,472.193,67.6191,404.693,0,197.994,113.816,1.57485
5779,313.61,275.229,306.325,424.811,67.7272,404.779,0,172.018,141.592,1.82312
5780,167.101,151.776,335.756,290.854,349.701,174.722,0,94.8603,72.2407,1.76155
5781,190.902,121.242,234.621,296.92,249.311,185.176,0,75.7761,115.126,2.5193
5782,0,0,349.948,168.342,349.948,168.342,0,0,0,0
5783,117.099,137.706,580.169,424.437,615.474,540.012,0,86.0662,31.0326,1.36057
5784,63.8996,63.8894,311.765,761.913,311.982,818.284,0,39.9309,23.9687,1.60026
5785,59.6997,79.6872,323.33,744.956,312.743,818.044,0,49.8045,9.89513,1.19868
5786,183.502,238.225,347.073,375.205,251.475,184.38,0,148.891,34.6115,1.23246
5787,181.602,188.34,200.122,462.311,139.589,611.15,0,117.712,63.8894,1.54276
5788,226.805,211.824,346.837,347.449,349.791,174.696,0,132.39,94.4147,1.71316
5789,41.2999,46.3991,143.535,565.392,139.849,611.177,0,28.9995,12.3005,1.42416
5790,25.2001,27.9558,241.094,211.468,249.158,185.132,0,17.4724,7.7277,1.44228
5791,81.7993,83.6663,273.502,264.484,249.742,185.227,0,52.2915,29.5079,1.5643
5792,135.799,121.382,236.136,753.021,152.743,701.672,0,75.8636,59.9355,1.79004
5793,248.406,206.769,480.39,281.662,630.4,333.728,0,129.23,119.176,1.92219
5794,4.3,3.87129,650.987,203.149,651.587,199.346,0,2.41956,1.88044,1.77718
5795,138.099,121.68,533.769,658.884,613.349,613.205,0,76.0503,62.049,1.81589
5796,247.006,162.012,501.351,160.716,356.136,173.413,0,101.257,145.749,2.43939
5797,272.007,201.481,475.031,540.305,613.301,613.166,0,125.926,146.082,2.16006
5798,19,19.5294,85.8438,410.907,67.6449,405.466,0,12.2059,6.79417,1.55663
5799,49.2998,40.0673,280.04,211.356,252.347,184.002,0,25.042,24.2578,1.96868
5800,120.599,118.381,159.595,495.047,139.558,611.248,0,73.988,46.6108,1.62998
5801,139.499,133.408,570.303,397.619,630.33,334.145,0,83.3803,56.119,1.67305
5802,216.504,216.835,480.182,433.185,615.596,539.614,0,135.522,80.9824,1.59756
5803,344.412,193.26,445.937,484.713,582.051,458.467,1,120.787,223.625,2.85139
5804,11.1,13.6128,319.977,806.223,315.321,819.015,0,8.50802,2.59199,1.30465
5805,55.8997,65.6575,593.986,232.849,648.389,198.109,0,41.0359,14.8638,1.36221
5806,235.105,184.789,252.595,350.841,249.308,185.188,0,115.493,119.612,2.03566
5807,235.805,221.7,292.89,374.476,250.715,184.833,0,138.562,97.243,1.7018
5808,119.599,124.54,541.211,152.801,653.568,130.322,0,77.8377,41.7611,1.53652
5809,8.7,8.69752,150.759,684.863,149.39,693.286,0,5.43595,3.26405,1.60046
5810,125.699,126.5,539.076,154.081,653.663,130.254,0,79.0622,46.6364,1.58987
5811,28.7001,23.8956,91.7725,404.898,67.6819,404.772,0,14.9348,13.7653,1.9217
5812,51.3998,49.7074,116.17,397.215,67.7006,404.773,0,31.0672,20.3326,1.65447
5813,110.499,112.487,259.791,752.56,310.945,818.659,0,70.3041,40.1947,1.57173
5814,97.8991,106.12,117.819,469.98,67.669,405.621,0,66.3251,31.574,1.47605
5815,38.7,32.935,95.2319,414.294,67.7017,405.596,0,20.5844,18.1156,1.88006
5816,254.306,224.456,349.449,361.632,350.055,174.78,0,140.285,114.021,1.81278
5817,222.804,181.881,274.525,583.436,144.741,615.593,0,113.676,109.129,1.96
5818,81.5993,88.54,550.749,720.891,611.764,753.428,0,55.3375,26.2618,1.47458
5819,27.8001,25.0567,595.219,599.397,613.287,612.526,0,15.6604,12.1397,1.77518
5820,344.412,267.446,417.933,379.706,620.359,334.142,1,167.154,177.258,2.06045
5821,179.102,158.593,232.684,330.862,249.877,185.11,0,99.1205,79.9812,1.80691
5822,65.2996,75.0559,583.497,315.122,630.332,334.083,0,46.91,18.3896,1.39202
5823,317.31,302.47,310.071,465.694,67.7026,404.782,0,189.044,128.266,1.6785
5824,29.3001,31.9194,282.687,193.772,253.442,182.876,0,19.9496,9.35046,1.4687
5825,100.699,113.426,287.592,731.34,312.031,818.231,0,70.8912,29.8078,1.42047
5826,18.1,21.0379,243.599,205.464,249.347,185.223,0,13.1487,4.95138,1.37657
5827,8.2,8.65578,645.989,134.407,653.928,130.966,0,5.40986,2.79013,1.51575
5828,91.0992,83.4764,570.364,665.376,613.215,612.591,0,52.1727,38.9265,1.74611
5829,158.7,132.254,207.794,306.578,248.303,184.786,0,82.6589,76.0416,1.91995
5830,145,160.355,533.717,448.918,615.564,540.425,0,100.222,44.7778,1.44679
5831,160.301,151.715,353.429,302.88,349.988,174.76,0,94.8218,65.4788,1.69055
5832,215.604,152.582,488.409,627.404,613.32,612.383,0,95.3638,120.24,2.26086
5833,81.9993,89.6595,224.862,270.144,248.469,184.845,0,56.0372,25.9621,1.4633
5834,1.2,0.476886,612.656,613.013,613.164,612.913,0,0.298054,0.901946,4.02612
5835,133.399,119.55,154.598,494.682,139.507,611.153,0,74.7188,58.6802,1.78535
5836,42.3999,34.9941,279.583,205.676,252.454,184.003,0,21.8713,20.5286,1.93861
5837,85.7993,80.4908,385.094,195.358,355.582,174.382,0,50.3068,35.4925,1.70552
5838,54.0997,74.5594,333.079,746.581,312.804,817.98,0,46.5996,7.50014,1.16095
5839,63.1996,64.2592,589.445,131.435,653.601,129.661,0,40.162,23.0376,1.57362
5840,141.099,189.41,532.448,247.254,647.895,197.726,0,118.381,22.7184,1.19191
5841,332.711,347.178,370.554,477.605,144.797,616.059,0,216.986,115.725,1.53333
5842,329.411,215.966,462.688,685.993,613.308,612.463,0,134.979,194.432,2.44046
5843,226.305,213.282,349.35,348.084,350.009,174.814,0,133.301,93.0034,1.69769
5844,65.5996,77.7928,355.813,195.016,349.644,174.604,0,48.6205,16.9791,1.34922
5845,77.1994,105.254,227.399,695.182,149.564,693.254,0,65.784,11.4154,1.17353
5846,344.412,102.544,447.179,346.356,444.961,331.984,1,64.0901,280.322,5.37387
5847,159.101,137.83,521.523,664.876,613.255,613.206,0,86.1438,72.9568,1.84692
5848,105.699,116.347,537.837,703.483,612.329,752.109,0,72.7167,32.9823,1.45357
5849,211.804,156.964,485.689,204.233,356.225,173.411,0,98.1026,113.701,2.159
5850,26.9001,32.7235,621.124,215.076,648.393,198.154,0,20.4522,6.44791,1.31527
5851,38.4,37.9203,162.926,664.184,149.735,693.156,0,23.7002,14.6998,1.62024
5852,34.4,43.8721,262.431,226.682,250.239,184.872,0,27.4201,6.97997,1.25456
5853,154.3,112.87,223.019,292.518,248.914,184.98,0,70.544,83.7562,2.18729
5854,27.9001,28.3837,615.363,271.937,635.841,282.182,0,17.7398,10.1602,1.57274
5855,86.9992,103.428,95.6973,474.83,67.7851,405.401,0,64.6426,22.3567,1.34585
5856,71.3995,97.4606,234.244,682.715,149.475,693.216,0,60.9129,10.4866,1.17216
5857,65.8996,74.4215,196.568,638.66,144.775,616.048,0,46.5135,19.3861,1.41678
5858,304.309,274.73,313.59,516.708,144.654,615.592,0,171.706,132.603,1.77227
5859,97.8991,132.746,257.357,674.403,149.451,693.284,0,82.9662,14.9329,1.17999
5860,179.002,233.056,323.946,373.707,251.499,184.359,0,145.66,33.3417,1.2289
5861,344.412,138.265,447.327,522.944,425.815,543.707,1,86.4159,257.996,3.98552
5862,103.899,101.507,353.693,226.883,349.88,174.699,0,63.442,40.457,1.6377
5863,148.2,174.277,192.943,521.483,140.248,611.23,0,108.923,39.2765,1.36059
5864,327.211,243.391,463.05,464.169,615.577,539.556,0,152.12,175.091,2.15101
5865,194.003,231.375,408.005,650.257,312.991,818.082,0,144.61,49.393,1.34156
5866,239.205,202.777,472.961,390.626,630.304,334.126,0,126.736,112.47,1.88744
5867,238.405,154.054,506.004,180.581,356.15,173.391,0,96.284,142.121,2.47607
5868,116.299,100.609,227.145,281.814,249.075,185.103,0,62.8809,53.4179,1.84951
5869,178.702,181.056,521.294,423.782,630.263,334.141,0,113.16,65.5416,1.57919
5870,62.6996,64.6751,162.853,563.133,140.136,611.114,0,40.422,22.2776,1.55113
5871,53.1998,61.6592,191.72,682.039,149.363,693.29,0,38.537,14.6628,1.38049
5872,344.412,252.594,403.5,466.154,593.32,492.477,1,157.871,186.541,2.1816
5873,243.006,245.563,311.5,389.122,250.698,184.775,0,153.477,89.5287,1.58334
5874,124.499,104.689,167.696,389.189,67.7242,404.809,0,65.4308,59.0679,1.90275
5875,242.706,216.68,412.781,317.518,355.563,174.421,0,135.425,107.28,1.79218
5876,149.4,169.558,513.822,207.5,647.621,191.97,0,105.974,43.4261,1.40978
5877,89.6992,113.695,589.643,269.695,647.956,197.951,0,71.0592,18.64,1.26232
5878,295.609,192.875,462.647,664.243,613.277,613.185,0,120.547,175.062,2.45223
5879,244.006,232.578,369.038,376.334,349.881,174.684,0,145.361,98.6447,1.67862
5880,44.9999,39.1852,276.434,211.441,252.425,184.039,0,24.4907,20.5091,1.83742
5881,180.702,116.849,196.32,261.67,248.177,184.688,0,73.0304,107.671,2.47434
5882,88.2992,78.0561,584.639,672.775,613.356,613.091,0,48.785,39.5142,1.80997
5883,115.299,109.212,421.48,234.246,356.154,173.274,0,68.2574,47.0414,1.68918
5884,201.503,173.715,228.861,382.078,67.6661,404.791,0,108.572,92.9312,1.85594
5885,74.9994,103.498,237.968,707.28,153.678,700.241,0,64.686,10.3134,1.15944
5886,321.11,261.894,422.218,391.858,630.337,334.07,0,163.683,157.427,1.96178
5887,5.6,5.48767,597.025,833.984,602.413,833.124,0,3.4298,2.1702,1.63275
5888,96.1991,124.464,351.404,702.232,312.773,818.009,0,77.79,18.4091,1.23665
5889,0,0,63.8169,404.727,63.8169,404.727,0,0,0,0
5890,23.0001,26.6129,605.637,564.544,616.318,541.94,0,16.6331,6.367,1.38279
5891,62.3996,56.3088,603.122,644.684,613.257,612.418,0,35.193,27.2066,1.77307
5892,56.4997,72.9415,549.65,806.772,602.441,833.275,0,45.5884,10.9113,1.23934
5893,151.9,148.247,547.602,437.882,615.509,539.769,0,92.6542,59.2458,1.63943
5894,78.9994,84.2813,574.345,362.902,630.367,333.901,0,52.6758,26.3236,1.49973
5895,221.904,183.264,475.298,558.085,613.307,612.554,0,114.54,107.364,1.93735
5896,86.6992,96.3406,274.345,277.56,250.285,184.948,0,60.2129,26.4864,1.43988
5897,86.0993,77.0314,286.32,766.973,311.476,818.5,0,48.1446,37.9546,1.78835
5898,272.607,204.803,471.667,397.766,630.326,334.073,0,128.002,144.605,2.12971
5899,212.204,236.745,498.55,492.695,615.692,540.43,0,147.966,64.2379,1.43414
5900,247.206,212.732,423.005,320.942,355.624,174.446,0,132.958,114.248,1.85928
5901,226.605,215.925,489.628,461.108,615.499,540.141,0,134.953,91.6514,1.67913
5902,105.199,107.788,241.359,641.377,144.835,616.029,0,67.3676,37.8314,1.56157
5903,79.4994,71.8287,600.041,356.467,630.367,334.214,0,44.8929,34.6064,1.77087
5904,44.3999,56.8198,308.535,769.255,312.039,818.201,0,35.5124,8.88751,1.25027
5905,142.499,130.403,415.695,248.826,355.582,174.423,0,81.5022,60.9973,1.74841
5906,89.9992,98.8281,177.829,540.254,140.019,611.097,0,61.7676,28.2316,1.45706
5907,146.8,188.285,295.333,719.711,149.51,693.24,0,117.678,29.1219,1.24747
5908,256.106,231.862,472.166,454.204,615.562,540.002,0,144.914,111.193,1.7673
5909,214.904,227.555,326.723,579.124,144.796,616.07,0,142.222,72.6818,1.51104
5910,120.999,137.937,545.199,456.538,615.592,539.657,0,86.2105,34.7882,1.40353
5911,153.6,150.754,336.721,287.492,350.009,174.804,0,94.2212,59.379,1.63021
5912,81.2993,101.924,278.102,281.753,250.454,184.8,0,63.7023,17.597,1.27624
5913,121.699,133.601,521.938,707.387,612.185,752.508,0,83.5009,38.1978,1.45745
5914,77.9994,81.8369,147.797,396.398,67.663,405.625,0,51.1481,26.8513,1.52497
5915,73.9994,80.5709,117.191,444.378,67.7326,405.612,0,50.3568,23.6426,1.4695
5916,15.9,18.3641,413.098,95.0984,406.256,78.1289,0,11.4776,4.42245,1.38531
5917,54.7997,65.1559,269.012,785.736,311.191,818.565,0,40.7224,14.0773,1.34569
5918,269.307,171.119,516.086,556.165,613.348,612.455,0,106.95,162.358,2.51808
5919,37.6,48.1911,594.382,348.128,630.38,334.078,0,30.1194,7.48055,1.24836
5920,113.399,150.884,391.947,708.637,313.5,818.358,0,94.3023,19.0965,1.2025
5921,133.799,160.267,288.036,687.859,149.896,693.207,0,100.167,33.6321,1.33576
5922,168.601,190.444,327.023,339.902,251.317,184.52,0,119.028,49.5734,1.41649
5923,69.0995,73.7266,191.975,212.904,248.262,184.658,0,46.0792,23.0204,1.49958
5924,69.6995,64.7264,202.775,215.839,249.156,185.089,0,40.454,29.2455,1.72293
5925,256.906,233.728,389,355.385,350.229,174.879,0,146.08,110.827,1.75867
5926,45.2999,43.3185,235.736,225.578,249.1,185.118,0,27.074,18.2258,1.67319
5927,55.0997,64.9266,343.339,197.805,349.878,174.815,0,40.5791,14.5206,1.35783
5928,31.0001,31.6541,129.584,587.632,139.887,611.059,0,19.7838,11.2163,1.56694
5929,98.1991,95.8147,544.149,590.742,613.238,612.633,0,59.8842,38.3149,1.63982
5930,176.002,211.374,429.64,683.177,313.144,818.159,0,132.109,43.8928,1.33225
5931,114.099,88.1041,588.341,356.116,630.454,334.534,0,55.065,59.0338,2.07207
5932,85.0993,106.545,575.181,449.748,615.569,539.552,0,66.5906,18.5086,1.27795
5933,188.202,165.124,228.366,334.724,249.837,185.088,0,103.203,84.9996,1.82362
5934,0,0,652.359,192.866,652.359,192.866,0,0,0,0
5935,114.699,120.728,611.898,731.053,612.396,751.936,0,75.4549,39.2439,1.5201
5936,43.6999,53.1387,414.436,129.956,405.854,78.2432,0,33.2117,10.4882,1.3158
5937,221.404,216.382,489.697,458.65,615.575,539.597,0,135.239,86.1654,1.63714
5938,309.91,254.544,465.593,502.983,613.277,613.175,0,159.09,150.82,1.94802
5939,344.212,263.058,421.052,389.062,630.289,334.115,0,164.411,179.8,2.0936
5940,1.5,0.684408,245.859,176.155,246.369,176.692,0,0.427755,1.07225,3.50668
5941,247.306,220.266,293.475,373.896,248.535,184.825,0,137.666,109.64,1.79642
5942,307.81,293.106,340.894,521.024,144.75,616.101,0,183.191,124.618,1.68026
5943,22.7001,20.2825,263.467,200.806,252.615,183.961,0,12.6766,10.0235,1.79071
5944,120.999,99.3941,517.382,605.546,613.257,613.146,0,62.1213,58.8774,1.94778
5945,107.099,104.039,355.774,226.266,349.813,174.681,0,65.0246,42.0743,1.64705
5946,203.603,170.366,238.988,343.241,249.704,185.195,0,106.479,97.1243,1.91215
5947,104.399,109.214,306.773,245.254,349.971,174.824,0,68.2587,36.1403,1.52946
5948,167.501,172.137,392.082,279.293,355.578,174.396,0,107.586,59.9153,1.55691
5949,141.499,101.002,516.217,606.484,613.153,612.662,0,63.1265,78.3729,2.24152
5950,100.799,105.905,349.71,244.295,349.685,174.637,0,66.1906,34.6084,1.52286
5951,34.0001,42.368,606.531,305.833,630.376,334.417,0,26.48,7.52003,1.28399
5952,25.6001,30.5388,588.462,795.71,606.243,812.179,0,19.0867,6.51334,1.34125
5953,7,7.50992,305.654,814.161,311.509,818.45,0,4.6937,2.3063,1.49136
5954,239.705,169.781,199.708,362.671,67.6522,404.779,0,106.113,133.592,2.25897
5955,283.108,274.203,307.805,439.126,67.6438,404.572,0,171.377,111.731,1.65196
5956,137.399,154.165,546.375,435.904,615.571,540.246,0,96.3531,41.0461,1.426
5957,233.205,160.361,470.971,615.555,613.294,613.064,0,100.226,132.979,2.3268
5958,92.7992,102.095,244.891,632.956,144.775,616.125,0,63.8095,28.9896,1.45432
5959,57.0997,60.679,610.386,156.805,648.541,190.806,0,37.9244,19.1753,1.50562
5960,77.4994,97.7429,523.185,777.565,611.116,755.095,0,61.0893,16.41,1.26862
5961,5.7,5.83829,601.66,807.903,607.218,809.688,0,3.64893,2.05106,1.5621
5962,312.31,273.552,381.222,407.565,349.966,174.773,0,170.97,141.34,1.8267
5963,125.199,118.076,377.604,223.242,355.553,174.412,0,73.7975,51.4012,1.69652
5964,267.907,244.77,316.922,555.412,144.742,615.584,0,152.981,114.926,1.75124
5965,342.212,249.834,413.919,616.689,613.168,612.556,0,156.146,186.065,2.19161
5966,26.2001,27.4407,615.48,273.723,635.823,282.345,0,17.1505,9.0496,1.52766
5967,303.209,287.062,345.93,534.1,144.697,615.628,0,179.414,123.795,1.69
5968,344.412,261.066,400.727,463.64,593.507,498.116,1,163.166,181.245,2.1108
5969,220.804,201.01,530.138,426.128,630.262,334.132,0,125.632,95.1727,1.75755
5970,70.9995,100.009,244.444,724.928,153.337,701.243,0,62.5056,8.49389,1.13589
5971,52.6998,63.7549,280.447,779.276,311.261,818.476,0,39.8468,12.8529,1.32256
5972,29.4001,35.0809,179.172,621.177,144.775,615.849,0,21.9255,7.47453,1.34091
5973,95.7991,92.2392,303.706,737.343,311.418,818.452,0,57.6495,38.1496,1.66175
5974,73.2995,82.2344,177.244,557.206,140.146,611.064,0,51.3965,21.9029,1.42616
5975,134.699,142.5,567.928,414.606,615.67,539.651,0,89.0623,45.6367,1.51241
5976,42.7999,46.6039,606.839,130.462,653.465,129.89,0,29.1275,13.6725,1.4694
5977,16.3,16.0256,599.298,606.973,613.264,612.762,0,10.016,6.28401,1.6274
5978,36,40.2563,406.597,118.234,405.86,78.1471,0,25.1602,10.8398,1.43083
5979,197.503,205.452,250.912,502.44,140.326,611.218,0,128.407,69.0955,1.5381
5980,344.412,232.354,389.608,493.027,566.768,450.464,1,145.221,199.19,2.37163
5981,45.6999,40.4164,291.524,192.268,253.2,183.316,0,25.2603,20.4396,1.80916
5982,85.0993,97.573,520.572,773.953,611.078,755.125,0,60.9831,24.1162,1.39546
5983,26.8001,31.2147,622.258,129.933,653.454,129.953,0,19.5092,7.29088,1.37372
5984,172.201,155.084,186.079,345.028,67.6998,404.787,0,96.9276,75.2737,1.7766
5985,96.7991,106.089,236.524,747.458,152.819,701.798,0,66.3057,30.4934,1.45989
5986,52.7998,46.0704,575.506,627.171,613.337,613.206,0,28.794,24.0058,1.83371
5987,174.601,142.567,490.845,618.582,613.268,613.225,0,89.1045,85.497,1.95951
5988,181.502,148.906,555.435,541.225,613.278,612.429,0,93.066,88.4358,1.95025
5989,76.9994,77.7677,585.77,673.481,613.211,612.75,0,48.6048,28.3946,1.58419
5990,115.899,152.994,394.121,710.196,313.547,818.368,0,95.621,20.2778,1.21206
5991,45.6999,49.1473,578.436,780.449,611.131,755.395,0,30.7171,14.9828,1.48777
5992,110.199,147.94,556.854,269.364,648.137,197.992,0,92.4625,17.7364,1.19182
5993,253.706,183.047,491.033,229.662,356.167,173.258,0,114.404,139.302,2.21763
5994,207.103,164.12,175.64,304.639,248.313,184.78,0,102.575,104.528,2.01904
5995,344.412,227.339,433.145,665.393,606.961,613.081,1,142.087,202.325,2.42395
5996,255.606,223.714,276.77,390.151,249.927,185.123,0,139.821,115.785,1.8281
5997,101.499,108.548,565.571,466.811,615.643,539.636,0,67.8422,33.6568,1.4961
5998,143.3,133.166,188.383,373.801,67.6893,404.851,0,83.2285,60.071,1.72176
5999,47.8998,60.2605,600.361,201.89,647.917,197.798,0,37.6628,10.237,1.27181
6000,229.005,206.714,281.036,373.697,251.059,184.581,0,129.196,99.8085,1.77253
6001,231.105,174.761,241.803,347.701,249.194,185.126,0,109.226,121.879,2.11584
6002,9.6,10.8883,603.594,746.21,612.243,752.461,0,6.80521,2.79479,1.41068
6003,123.799,133.617,521.622,118.089,653.495,129.835,0,83.5109,40.2878,1.48243
6004,293.709,242.99,435.218,346.765,356.21,173.394,0,151.869,141.84,1.93396
6005,344.412,206.916,427.039,508.336,568.723,449.833,1,129.323,215.089,2.6632
6006,188.702,178.512,344.257,319.18,350.048,174.82,0,111.57,77.1324,1.69134
6007,243.306,201.456,267.987,361.919,249.118,185.12,0,125.91,117.395,1.93237
6008,117.499,136.42,306.243,296.233,251.279,184.519,0,85.2623,32.2365,1.37809
6009,97.7991,97.617,540.03,334.558,630.45,333.738,0,61.0106,36.7885,1.60299
6010,80.8993,80.2417,265.949,263.151,249.911,185.132,0,50.151,30.7483,1.61311
6011,46.6999,57.668,409.662,135.109,405.857,78.1698,0,36.0425,10.6573,1.29569
6012,155.6,148.782,201.887,368.702,67.7168,404.812,0,92.9889,62.6114,1.67332
6013,246.506,195.449,325.54,624.392,144.705,615.641,0,122.156,124.35,2.01796
6014,85.0993,89.5011,564.442,126.641,653.463,129.859,0,55.9382,29.1611,1.52131
6015,47.5998,66.1875,214.883,725.239,153.667,700.243,0,41.3672,6.23265,1.15067
6016,207.903,216.503,334.449,601.33,144.815,616.192,0,135.315,72.5888,1.53644
6017,78.5994,78.5295,188.725,209.95,248.918,184.993,0,49.0809,29.5185,1.60142
6018,98.3991,110.393,186.073,536.097,140.104,611.108,0,68.9958,29.4032,1.42616
6019,145.7,134.007,291.815,288.426,250.705,184.849,0,83.7546,61.9451,1.7396
6020,29.3001,35.9237,581.698,762.673,611.105,754.994,0,22.4523,6.84773,1.30499
6021,88.6992,84.342,430.905,147.266,356.233,173.34,0,52.7138,35.9854,1.68266
6022,182.702,143.627,286.302,313.919,250.251,184.897,0,89.7667,92.9352,2.0353
6023,181.802,213.345,351.272,623.874,312.632,817.961,0,133.34,48.4615,1.36344
6024,50.2998,50.8337,602.768,130.495,653.608,129.709,0,31.7711,18.5287,1.58319
6025,13.4,13.516,259.183,195.314,252.747,183.91,0,8.44753,4.95249,1.58626
6026,48.7998,41.1461,588.744,635.316,613.32,612.423,0,25.7163,23.0835,1.89762
6027,93.7991,102.941,241.021,624.269,144.644,616.329,0,64.338,29.4612,1.45791
6028,188.402,145.705,201.776,413.811,67.6729,404.778,0,91.0655,97.3368,2.06887
6029,233.405,295.746,333.179,427.164,250.913,184.705,0,184.841,48.5639,1.26273
6030,76.8994,108.074,352.746,720.35,313.206,818.216,0,67.5462,9.35323,1.13847
6031,20.5,26.4759,286.733,811.13,311.765,818.341,0,16.5475,3.95258,1.23886
6032,30.1001,34.0338,619.678,129.061,653.53,129.951,0,21.2711,8.82894,1.41507
6033,91.0992,109.911,518.29,750.395,611.131,755.225,0,68.6943,22.4049,1.32615
6034,223.104,207.716,484.807,437.996,615.527,539.932,0,129.822,93.2821,1.71854
6035,53.1998,74.8948,329.32,745.626,312.87,818.014,0,46.8092,6.39051,1.13652
6036,229.105,289.023,298.124,497.567,139.894,611.128,0,180.639,48.4654,1.2683
6037,99.0991,93.2579,160.539,400.208,67.6889,404.821,0,58.2862,40.8129,1.70022
6038,92.3992,127.512,339.475,695.161,312.731,817.956,0,79.6948,12.7043,1.15941
6039,339.411,249.411,454.703,465.767,615.46,539.966,0,155.882,183.529,2.17736
6040,216.804,264.772,257.33,541.361,140.132,611.163,0,165.483,51.3212,1.31013
6041,37.6,31.9348,99.9259,405.696,67.7208,404.779,0,19.9593,17.6407,1.88384
6042,344.412,222.64,470.42,478.671,598.164,514.444,1,139.15,205.262,2.47512
6043,327.411,205.522,449.52,655.014,613.34,613.135,0,128.451,198.96,2.54891
6044,344.412,244.177,436.125,599.621,607.988,613.253,1,152.611,191.801,2.2568
6045,143.7,129.281,160.371,485.449,139.515,611.193,0,80.8004,62.8991,1.77845
6046,100.099,126.792,514.368,734.137,611.163,755.173,0,79.2452,20.8539,1.26316
6047,49.5998,37.9764,591.876,633.541,613.296,613.201,0,23.7352,25.8646,2.08971
6048,314.01,240.017,477.223,477.275,615.647,540.282,0,150.011,163.999,2.09325
6049,53.1998,65.7955,614.173,239.609,648.384,198.224,0,41.1222,12.0776,1.2937
6050,251.106,205.205,505.636,518.838,613.363,612.552,0,128.253,122.853,1.9579
6051,98.8991,118.692,88.9362,484.471,67.7034,405.62,0,74.1828,24.7163,1.33318
6052,132.499,123.22,550.795,563.819,613.362,612.479,0,77.0125,55.4864,1.72049
6053,112.499,123.927,530.081,124.74,653.469,129.863,0,77.4546,35.0442,1.45245
6054,106.999,142.579,557.791,283.752,648.172,198.143,0,89.1121,17.8868,1.20072
6055,142.299,118.79,171.779,377.207,67.6631,405.583,0,74.2436,68.0559,1.91666
6056,195.903,219.266,385.209,645.285,312.572,818.015,0,137.041,58.8614,1.42952
6057,219.104,201.783,491.066,412.273,630.313,334.088,0,126.114,92.9899,1.73735
6058,344.412,252.567,398.236,608.732,596.916,612.42,1,157.854,186.558,2.18184
6059,84.6993,101.573,566.117,475.759,615.618,540.39,0,63.4833,21.216,1.3342
6060,285.908,213.181,473.395,375.699,630.365,334.085,0,133.238,152.67,2.14584
6061,164.301,165.085,240.001,571.625,144.742,615.672,0,103.178,61.1226,1.5924
6062,181.302,154.853,206.321,365.156,67.7218,405.622,0,96.7833,84.5186,1.87328
6063,158.6,118.321,164.769,425.091,67.7135,405.607,0,73.9508,84.6497,2.14468
6064,27.5001,32.7395,413.205,109.759,405.945,78.2443,0,20.4622,7.03787,1.34395
6065,118.499,127.624,537.766,689.139,612.401,751.973,0,79.7649,38.7339,1.4856
6066,60.3997,55.1027,600.972,646.813,613.334,613.22,0,34.4392,25.9605,1.75381
6067,325.811,210.659,457.558,678.857,613.151,612.575,0,131.662,194.149,2.4746
6068,344.412,72.2053,327.19,267.236,326.05,264.298,1,45.1283,299.283,7.63183
6069,117.699,117.896,548.185,154.919,653.51,129.784,0,73.685,44.0138,1.59732
6070,254.806,258.55,298.317,408.831,250.109,184.981,0,161.594,93.2128,1.57683
6071,198.203,184.183,411.234,296.064,355.498,174.438,0,115.114,83.0888,1.7218
6072,38,50.8773,594.519,501.53,615.455,540.15,0,31.7983,6.20168,1.19503
6073,203.703,212.002,271.069,558.785,144.704,615.653,0,132.501,71.2021,1.53737
6074,63.1996,68.7801,281.919,774.918,310.74,818.763,0,42.9876,20.2121,1.47018
6075,43.0999,39.99,106.558,400.754,67.7441,404.808,0,24.9938,18.1061,1.72443
6076,99.5991,96.0765,312.571,238.121,349.961,174.752,0,60.0478,39.5513,1.65866
6077,94.1991,100.313,207.347,566.614,144.725,615.592,0,62.6956,31.5035,1.50248
6078,77.3994,99.0487,579.888,455.905,615.673,539.508,0,61.9054,15.494,1.25028
6079,42.2999,50.4386,407.361,128.329,405.85,78.1921,0,31.5241,10.7758,1.34183
6080,28.2001,32.2759,618.715,205.559,648.021,197.788,0,20.1724,8.02765,1.39795
6081,231.905,223.936,482.182,464.307,615.627,540.383,0,139.96,91.9452,1.65694
6082,57.2997,60.5181,410.733,157.619,355.986,173.625,0,37.8238,19.4759,1.51491
6083,153.2,151.652,503.528,117.128,653.656,129.585,0,94.7826,58.4175,1.61633
6084,43.9999,39.1517,280.657,209.629,252.478,184.036,0,24.4698,19.5301,1.79813
6085,218.204,279.676,335.307,408.456,251.438,184.41,0,174.798,43.4066,1.24833
6086,286.408,254.605,318.855,538.82,144.679,615.693,0,159.128,127.28,1.79986
6087,171.101,138.037,277.998,639.305,144.667,615.652,0,86.2734,84.8279,1.98325
6088,210.004,166.133,173.405,307.406,249.52,185.181,0,103.833,106.171,2.02251
6089,94.7991,97.4814,268.894,279.792,249.891,185.119,0,60.9259,33.8733,1.55597
6090,207.903,171.086,234.486,343.308,249.451,185.175,0,106.929,100.974,1.94431
6091,121.499,131.61,525.86,707.639,612.426,751.986,0,82.2563,39.2424,1.47707
6092,127.899,140.788,316.937,290.808,251.158,184.508,0,87.9923,39.9063,1.45352
6093,99.1991,113.195,608.725,457.87,615.722,539.553,0,70.7469,28.4522,1.40217
6094,303.909,253.728,292.01,429.096,67.7035,404.836,0,158.58,145.329,1.91644
6095,10.8,13.2884,152.949,680.566,149.498,693.27,0,8.30527,2.49473,1.30038
6096,253.506,224.197,276.126,388.775,249.086,185.104,0,140.123,113.383,1.80917
6097,250.406,298.132,273.508,498.657,139.93,611.135,0,186.332,64.0736,1.34387
6098,176.602,172.68,303.669,648.135,144.784,616.168,0,107.925,68.6768,1.63634
6099,134.599,165.259,368.971,675.198,312.785,818.014,0,103.287,31.3121,1.30316
6100,51.4998,60.8822,191.329,682.555,149.759,693.191,0,38.0514,13.4484,1.35343
6101,344.412,187.839,401.921,496.98,536.091,443.952,1,117.399,227.012,2.93368
6102,33.5001,32.7263,83.3813,425.577,67.6682,405.624,0,20.4539,13.0461,1.63783
6103,276.408,260.416,387.341,392.779,349.59,174.579,0,162.76,113.648,1.69825
6104,5.6,5.66689,608.947,748.066,612.19,752.542,0,3.54181,2.05819,1.58111
6105,147.2,173.647,234.074,518.406,140.276,611.243,0,108.53,38.6701,1.35631
6106,215.904,292.035,377.84,569.305,312.945,817.96,0,182.522,33.3821,1.18289
6107,104.799,115.404,341.446,267.295,349.477,174.577,0,72.1273,32.6717,1.45297
6108,260.007,224.064,260.083,423.302,67.4704,404.321,0,140.04,119.967,1.85666
6109,22.4,25.664,589.73,743.26,612.304,752.331,0,16.04,6.36006,1.39651
6110,284.508,180.881,533.281,536.194,613.219,612.599,0,113.05,171.458,2.51665
6111,100.899,90.6663,572.321,675.095,613.346,613.207,0,56.6664,44.2326,1.78058
6112,84.6993,87.5063,270.705,269.017,249.762,185.126,0,54.6914,30.0078,1.54868
6113,202.403,162.613,177.49,306.521,248.348,184.844,0,101.633,100.77,1.99151
6114,103.599,100.275,162.14,390.828,67.7203,404.899,0,62.672,40.927,1.65303
6115,100.699,88.2834,528.951,610.104,613.311,612.552,0,55.1771,45.5219,1.82501
6116,74.9994,88.5631,105.534,468.344,67.7457,405.619,0,55.3519,19.6475,1.35496
6117,237.405,249.028,336.216,564.578,144.787,616.129,0,155.642,81.7628,1.52532
6118,22,22.6915,596.267,552.082,616.662,543.15,0,14.1822,7.81784,1.55124
6119,239.105,198.367,468.917,547.615,613.339,613.181,0,123.98,115.126,1.92859
6120,224.004,279.86,335.099,409.996,251.163,184.49,0,174.913,49.0917,1.28066
6121,83.2993,87.1747,566.299,129.576,653.488,130.154,0,54.4842,28.8151,1.52887
6122,317.01,262.498,433.73,445.917,615.555,539.583,0,164.061,152.949,1.93227
6123,156.7,114.193,200.371,263.5,248.254,184.848,0,71.3709,85.3294,2.19558
6124,242.006,214.496,300.651,563.4,144.715,615.625,0,134.06,107.945,1.8052
6125,77.7994,76.924,586.529,672.696,613.201,612.988,0,48.0775,29.7219,1.61821
6126,63.2996,73.2003,606.46,241.851,647.917,197.676,0,45.7502,17.5494,1.38359
6127,58.1997,57.1645,575.85,637.541,613.326,613.209,0,35.7278,22.4719,1.62898
6128,219.104,208.197,394.035,316.233,349.705,174.695,0,130.123,88.9812,1.68382
6129,158.4,164.111,544.328,421.532,615.6,539.683,0,102.57,55.8308,1.54432
6130,319.11,277.548,298.616,452.879,67.7492,404.775,0,173.468,145.642,1.83959
6131,136.599,164.69,479.845,713.919,612.206,752.415,0,102.931,33.668,1.32709
6132,279.908,255.251,328.412,550.373,144.828,616.066,0,159.532,120.376,1.75456
6133,17.3,18.8944,336.07,187.657,349.551,174.605,0,11.809,5.49104,1.46499
6134,293.109,227.68,239.041,449.687,67.7017,405.624,0,142.3,150.809,2.0598
6135,234.205,195.202,481.015,392.13,630.324,334.127,0,122.002,112.204,1.91969
6136,13.9,17.525,314.605,800.818,312.759,817.969,0,10.9531,2.94687,1.26904
6137,164.401,211.333,509.981,257.533,648.113,198.006,0,132.083,32.3178,1.24468
6138,49.5998,46.0668,261.518,228.898,249.868,185.119,0,28.7917,20.8081,1.72271
6139,344.412,246.958,412.875,602.985,597.153,614.483,1,154.349,190.063,2.23139
6140,97.4991,107.558,183.945,535.517,140.171,611.185,0,67.2239,30.2751,1.45036
6141,196.403,198.423,323.374,607.933,144.79,616.097,0,124.015,72.3883,1.58371
6142,295.409,296.117,269.346,454.209,67.6103,404.609,0,185.073,110.336,1.59617
6143,79.4994,90.8304,535.902,747.623,611.154,755.247,0,56.769,22.7304,1.4004
6144,125.499,119.301,535.853,659.6,613.348,613.112,0,74.5629,50.9358,1.68313
6145,116.599,125.51,534.984,134.404,653.529,129.787,0,78.444,38.1548,1.4864
6146,83.2993,83.0553,150.415,399.935,67.7175,405.561,0,51.9095,31.3898,1.6047
6147,3.4,2.93077,70.7354,405.272,67.8073,405.193,0,1.83173,1.56827,1.85616
6148,261.607,240.287,307.872,371.781,249.928,185.065,0,150.179,111.428,1.74196
6149,344.412,71.9947,444.615,332.632,444.357,332.326,1,44.9967,299.415,7.65416
6150,344.412,255.45,403.584,492.879,588.851,480.841,1,159.656,184.756,2.15721
6151,165.101,170.368,484.314,117.201,653.507,130.05,0,106.48,58.6209,1.55053
6152,46.1999,51.0835,613.481,147.213,653.524,130.072,0,31.9272,14.2727,1.44704
6153,37.9,33.3397,249.356,218.532,249.402,185.239,0,20.8373,17.0627,1.81885
6154,20.3,19.4462,610.874,334.528,630.279,334.065,0,12.1539,8.14619,1.67026
6155,76.1994,74.6168,265.219,256.027,249.166,185.079,0,46.6355,29.5639,1.63394
6156,178.602,167.729,185.133,469.629,139.547,611.237,0,104.831,73.7712,1.70372
6157,41.0999,48.3851,404.157,174.645,355.947,173.644,0,30.2407,10.8593,1.35909
6158,113.199,116.873,271.223,745.016,311.281,818.472,0,73.0456,40.1533,1.5497
6159,2.4,1.4121,255.749,180.035,254.382,180.383,0,0.882561,1.51744,2.71936
6160,86.6992,89.901,304.007,227.559,349.589,174.587,0,56.1881,30.5111,1.54302
6161,173.701,156.204,234.125,327.271,249.611,185.201,0,97.6272,76.0742,1.77923
6162,105.499,142.567,319.96,697.712,312.842,818.015,0,89.1044,16.3945,1.18399
6163,127.199,119.837,309.692,256.373,349.801,174.743,0,74.8983,52.3003,1.69828
6164,344.412,209.97,410.533,470.926,579.213,452.681,1,131.231,213.181,2.62447
6165,26.2001,31.3627,602.625,723.625,612.193,752.558,0,19.6017,6.5984,1.33662
6166,263.307,208.532,478.339,277.629,355.524,174.434,0,130.333,132.974,2.02027
6167,128.299,153.009,217.234,520.811,140.277,611.198,0,95.6309,32.6677,1.3416
6168,327.311,271.543,425.262,404.296,630.318,334.079,0,169.714,157.597,1.9286
6169,26.1001,30.9352,144.539,581.032,139.917,611.165,0,19.3345,6.76554,1.34992
6170,49.2998,61.4125,602.566,367.781,630.377,334.089,0,38.3828,10.917,1.28442
6171,200.003,166.674,274.133,337.555,249.322,185.173,0,104.171,95.8319,1.91995
6172,92.3992,92.1661,244.498,781.721,310.533,818.925,0,57.6038,34.7953,1.60405
6173,15,13.6148,606.222,550.677,616.286,542.039,0,8.50926,6.49076,1.76279
6174,19.1,22.9848,378.298,176.903,355.932,174.101,0,14.3655,4.73452,1.32958
6175,213.904,169.881,172.559,298.406,249.22,185.073,0,106.176,107.728,2.01462
6176,301.109,274.391,316.132,518.713,144.663,615.703,0,171.494,129.615,1.7558
6177,95.6991,90.051,526.685,608.779,613.154,612.753,0,56.2819,39.4173,1.70035
6178,200.903,155.695,184.881,306.871,248.173,184.671,0,97.3095,103.594,2.06458
6179,218.904,179.057,503.939,541.344,613.303,612.405,0,111.911,106.993,1.95606
6180,158.7,140.559,486.475,587.994,613.356,612.43,0,87.8491,70.8514,1.80651
6181,219.004,272.98,286.711,499.594,140.027,611.112,0,170.613,48.3915,1.28363
6182,108.599,107.422,241.554,640.578,144.689,615.63,0,67.1386,41.4604,1.61753
6183,188.302,184.469,258.092,574.021,144.712,615.597,0,115.293,73.0089,1.63324
6184,91.9992,124.749,252.618,701.718,153.646,700.586,0,77.9681,14.0311,1.17996
6185,182.002,153.096,189.81,315.576,248.799,185.029,0,95.6847,86.3172,1.9021
6186,51.3998,51.9236,602.378,133.997,653.623,129.673,0,32.4523,18.9475,1.58386
6187,46.2999,57.1419,276.66,787.621,311.427,818.513,0,35.7137,10.5862,1.29642
6188,188.802,191.374,295.065,586.77,144.783,616.233,0,119.609,69.1936,1.5785
6189,115.299,150.847,391.505,707.06,312.818,817.989,0,94.2796,21.0192,1.22295
6190,142.6,126.196,167.285,494.661,139.502,611.16,0,78.8725,63.727,1.80797
6191,210.304,212.758,326.658,593.912,144.832,616.168,0,132.974,77.3301,1.58154
6192,225.805,308.811,389.771,571.892,312.737,818.018,0,193.007,32.798,1.16993
6193,158.8,157.881,227.735,566.261,144.788,616.197,0,98.6754,60.1251,1.60932
6194,264.707,213.192,472.936,408.767,630.256,334.118,0,133.245,131.462,1.98661
6195,204.003,149.753,496.976,623.403,613.269,612.399,0,93.5958,110.407,2.17962
6196,24.5001,29.328,598.909,776.582,611.086,755.077,0,18.33,6.17004,1.33661
6197,178.202,141.885,283.459,313.724,250.082,184.981,0,88.6783,89.5234,2.00953
6198,75.1994,75.6958,592.323,187.887,647.667,191.892,0,47.3099,27.8895,1.58951
6199,126.499,126.952,351.296,272.008,349.518,174.623,0,79.3449,47.1537,1.59429
6200,166.701,112.85,513.418,635.589,613.288,613.226,0,70.5316,96.1694,2.36349
6201,47.6998,63.5827,205.131,631.398,144.7,615.695,0,39.7392,7.96066,1.20032
6202,344.412,280.965,420.9,437.741,604.676,539.808,1,175.603,168.809,1.96131
6203,33.8001,44.6179,593.367,712.984,612.211,752.492,0,27.8862,5.91389,1.21207
6204,202.303,141.158,490.901,177.305,356.223,173.442,0,88.2238,114.079,2.29307
6205,0,0,656.665,132.327,656.665,132.327,0,0,0,0
6206,294.709,240.905,461.672,455.841,615.733,540.461,0,150.565,144.143,1.95735
6207,67.2995,71.0744,167.464,560.194,140.198,611.219,0,44.4215,22.8781,1.51502
6208,1,0.351322,630.344,335.422,630.674,335.302,0,0.219576,0.780424,4.55423
6209,112.299,138.474,543.137,183.41,648.559,190.816,0,86.5461,25.7527,1.29756
6210,76.5994,87.9102,159.67,538.241,139.642,611.166,0,54.9439,21.6555,1.39414
6211,344.412,226.745,410.524,525.194,554.169,452.922,1,141.715,202.696,2.4303
6212,341.312,287.246,361.17,425.211,349.601,174.584,0,179.529,161.783,1.90115
6213,50.6998,46.757,567.984,617.933,613.284,612.384,0,29.2231,21.4767,1.73492
6214,255.506,220.314,454.445,337.236,355.543,174.421,0,137.696,117.81,1.85558
6215,88.6992,119.583,361.517,713.584,313.288,818.216,0,74.7394,13.9598,1.18678
6216,183.202,161.368,472.732,579.51,613.284,613.211,0,100.855,82.3473,1.81649
6217,64.2996,70.2458,550.433,745.791,612.03,753.051,0,43.9036,20.396,1.46456
6218,43.1999,49.1629,402.992,178.824,356.028,173.607,0,30.7268,12.4731,1.40593
6219,251.006,222.674,302.737,556.067,144.731,615.724,0,139.171,111.835,1.80358
6220,86.8992,94.8457,171.716,211.06,248.194,184.689,0,59.2785,27.6207,1.46595
6221,84.4993,87.6703,566.374,126.265,653.46,130.144,0,54.7939,29.7054,1.54213
6222,297.509,245.302,482.331,360.455,630.307,334.083,0,153.314,144.195,1.94052
6223,136.899,129.57,551.552,557.723,613.177,612.6,0,80.9811,55.9181,1.69051
6224,196.003,144.575,507.873,668.364,613.225,612.644,0,90.3596,105.643,2.16914
6225,186.602,194.639,512.315,462.636,615.593,539.671,0,121.649,64.9531,1.53394
6226,206.103,186.811,292.445,344.641,251.297,184.524,0,116.757,89.3465,1.76524
6227,240.505,188.227,251.773,396.79,67.6969,404.872,0,117.642,122.864,2.04439
6228,192.903,236.454,323.762,377.32,251.142,184.607,0,147.784,45.1187,1.3053
6229,49.1998,48.7188,605.033,129.376,653.651,129.684,0,30.4492,18.7506,1.6158
6230,38.3,47.0522,401.748,167.833,355.934,173.639,0,29.4076,8.89236,1.30238
6231,72.6995,62.0872,302.627,766.414,311.598,818.369,0,38.8045,33.895,1.87348
6232,17.9,20.4996,613.988,326.129,630.268,334.052,0,12.8122,5.0878,1.3971
6233,88.4992,90.4765,247.681,258.518,249.842,185.136,0,56.5478,31.9514,1.56503
6234,26.6001,25.2743,251.913,209.834,249.874,185.051,0,15.7965,10.8036,1.68393
6235,41.2999,50.6343,586.083,714.984,612.095,752.556,0,31.6465,9.65349,1.30504
6236,326.211,255.318,464.491,500.867,613.266,613.161,0,159.574,166.637,2.04426
6237,344.412,223.838,377.825,489.316,551.06,453.838,1,139.899,204.513,2.46186
6238,120.599,110.797,517.737,593.31,613.172,612.585,0,69.2484,51.3503,1.74154
6239,182.102,157.566,278.43,328.868,250.909,184.672,0,98.4785,83.6234,1.84915
6240,36.8,40.5584,143.834,571.155,139.899,611.108,0,25.349,11.451,1.45174
6241,220.604,171.892,236.241,345.31,249.888,185.119,0,107.433,113.172,2.05342
6242,36.4,46.3013,323.177,201.707,350.175,174.849,0,28.9383,7.46168,1.25785
6243,273.507,261.185,384.448,389.805,349.507,174.582,0,163.24,110.267,1.67549
6244,36.4,36.9151,392.237,177.118,355.758,174.317,0,23.0719,13.3281,1.57768
6245,124.999,151.108,515.073,693.423,612.4,752.013,0,94.4425,30.5562,1.32354
6246,108.599,119.113,588.995,443.138,615.479,540.234,0,74.4453,34.1536,1.45877
6247,264.307,226.151,463.597,329.421,355.534,174.427,0,141.344,122.963,1.86995
6248,140.799,135.857,358.851,272.175,349.711,174.716,0,84.9108,55.8886,1.6582
6249,161.101,187.982,514.296,231.194,647.667,191.938,0,117.489,43.6117,1.3712
6250,340.612,289.893,422.576,416.539,630.284,334.056,0,181.183,159.428,1.87993
6251,240.805,225.55,296.148,379.915,250.633,184.8,0,140.969,99.8366,1.70822
6252,127.199,152.847,275.562,684.065,149.918,693.199,0,95.5291,31.6696,1.33152
6253,27.2001,25.1046,275.06,194.525,253.101,183.431,0,15.6904,11.5097,1.73355
6254,0,0,649.062,194.54,649.062,194.54,0,0,0,0
6255,301.909,223.247,445.194,676.699,613.285,612.514,0,139.529,162.38,2.16377
6256,35.4,37.0627,125.219,586.339,139.935,611.096,0,23.1642,12.2358,1.52822
6257,162.401,166.721,195.823,477.505,139.81,611.135,0,104.201,58.1999,1.55854
6258,339.211,298.091,359.008,441.294,349.708,174.576,0,186.307,152.904,1.82071
6259,284.508,267.963,319.946,522.169,144.782,616.078,0,167.477,117.031,1.69879
6260,64.8996,71.5824,135.828,548.881,139.644,611.236,0,44.739,20.1606,1.45063
6261,160.901,190.773,431.721,713.673,312.977,818.064,0,119.233,41.6677,1.34947
6262,261.407,239.986,458.941,425.462,615.622,539.559,0,149.991,111.416,1.74282
6263,9.3,9.30871,601.899,754.847,611.146,755.421,0,5.81794,3.48205,1.5985
6264,48.2998,66.5804,331.413,754.595,312.766,818.051,0,41.6127,6.68711,1.1607
6265,90.8992,114.451,583.42,273.227,648.026,197.808,0,71.5318,19.3674,1.27075
6266,64.9996,81.7392,562.29,503.642,615.615,539.708,0,51.087,13.9126,1.27233
6267,117.599,99.2601,235.036,279.285,249.071,185.144,0,62.0376,55.5612,1.89561
6268,164.301,174.992,215.911,496.597,140.3,611.228,0,109.37,54.931,1.50225
6269,163.301,140.894,275.685,643.007,144.682,615.681,0,88.0588,75.2419,1.85445
6270,140.199,124.711,546.187,565.394,613.292,612.409,0,77.9442,62.2552,1.79871
6271,326.411,231.56,468.936,363.411,630.306,334.118,0,144.725,181.686,2.25538
6272,280.608,236.796,239.334,454.504,67.6199,405.724,0,147.998,132.61,1.89603
6273,49.0998,59.8198,561.905,740.037,612.105,752.754,0,37.3874,11.7125,1.31327
6274,30.9001,31.8944,598.517,779.994,611.1,755.393,0,19.934,10.9661,1.55012
6275,250.306,263.096,299.835,412.141,250.404,184.895,0,164.435,85.871,1.52222
6276,0,0,141.188,613.422,141.188,613.422,0,0,0,0
6277,178.802,212.532,351.92,624.833,312.508,818.015,0,132.833,45.9691,1.34607
6278,4.6,4.54042,603.155,807.877,607.435,809.381,0,2.83776,1.76224,1.62099
6279,95.7991,118.083,566.008,178.712,653.56,130.203,0,73.8016,21.9975,1.29806
6280,9.7,10.3572,261.755,188.86,252.78,183.767,0,6.47322,3.22678,1.49848
6281,3.3,2.17357,313.096,815.816,312.727,817.955,0,1.35848,1.94152,2.42918
6282,116.599,116.075,242.359,758.248,310.777,818.68,0,72.5471,44.0517,1.60721
6283,198.203,166.602,233.361,337.219,249.904,185.111,0,104.126,94.0769,1.90349
6284,116.399,148.195,273.462,673.456,149.439,693.336,0,92.6217,23.7771,1.25671
6285,1.4,0.540799,649.868,189.575,650.111,190.058,0,0.337999,1.062,4.14202
6286,64.5996,67.7723,415.439,153.442,355.644,174.309,0,42.3577,22.2419,1.5251
6287,344.412,238.923,466.09,463.377,607.104,541.266,1,149.327,195.085,2.30643
6288,221.104,190.971,461.748,275.19,355.441,174.404,0,119.357,101.748,1.85247
6289,203.603,145.681,491.563,620.155,613.334,613.202,0,91.0507,112.553,2.23615
6290,89.1992,89.8732,418.587,215.164,355.646,174.407,0,56.1707,33.0285,1.588
6291,71.3995,75.89,577.999,128.428,653.601,130.35,0,47.4313,23.9682,1.50532
6292,294.609,159.656,501.771,623.773,613.317,613.215,0,99.785,194.824,2.95244
6293,117.099,156.334,398.003,707.708,313.598,818.33,0,97.7089,19.3899,1.19845
6294,170.401,140.161,449.25,139.075,356.137,173.537,0,87.6004,82.8008,1.94521
6295,142.7,113.041,513.977,593.86,613.328,613.214,0,70.6505,72.049,2.01979
6296,45.0999,59.8476,326.526,215.464,349.774,174.672,0,37.4048,7.69511,1.20573
6297,68.4995,65.2892,201.029,211.457,248.642,184.866,0,40.8058,27.6938,1.67867
6298,116.599,152.332,343.913,675.265,312.812,817.995,0,95.2075,21.3913,1.22468
6299,112.799,114.017,407.233,237.816,355.546,174.428,0,71.2609,41.538,1.5829
6300,154,132.391,515.347,365.189,630.352,334.05,0,82.7444,71.2558,1.86116
6301,6.7,6.92651,641.902,200.704,648.393,198.173,0,4.32907,2.37093,1.54768
6302,157.2,152.065,371.975,264.082,349.852,174.692,0,95.0407,62.1597,1.65403
6303,35.8,46.4744,595.956,709.915,612.224,752.457,0,29.0465,6.75352,1.23251
6304,197.803,207.419,611.234,382.233,615.625,539.651,0,129.637,68.1662,1.52582
6305,195.303,137.576,165.092,442.102,67.6783,405.603,0,85.9849,109.318,2.27136
6306,174.101,115.76,198.555,259.333,248.529,184.835,0,72.3503,101.751,2.40637
6307,127.499,125.753,175.028,260.568,248.397,184.771,0,78.5958,48.9029,1.62221
6308,277.808,213.703,423.557,322.021,356.158,173.448,0,133.564,144.243,2.07995
6309,70.7995,68.1977,585.107,662.267,613.342,613.105,0,42.6236,28.1759,1.66104
6310,44.0999,39.8715,107.467,403.957,67.6772,404.818,0,24.9197,19.1802,1.76968
6311,179.502,152.793,519.876,388.036,630.306,334.058,0,95.4955,84.0062,1.87969
6312,65.3996,72.1708,195.658,591.918,144.776,615.785,0,45.1067,20.2928,1.44989
6313,145.7,118.752,525.649,347.656,630.304,334.117,0,74.2199,71.4798,1.96308
6314,22.2,28.6314,258.276,212.362,249.887,185.027,0,17.8946,4.30543,1.2406
6315,235.105,231.069,352.06,367.587,349.895,174.683,0,144.418,90.6867,1.62794
6316,22.5,25.534,613.036,321.236,630.352,334.058,0,15.9587,6.54131,1.40989
6317,86.0993,117.635,225.76,707.062,149.552,693.155,0,73.522,12.5772,1.17107
6318,195.903,163.928,290.31,614.842,144.692,615.599,0,102.455,93.4479,1.91209
6319,125.799,126.271,250.118,302.882,250.536,184.765,0,78.9196,46.879,1.59401
6320,8.6,9.78116,603.613,614.006,613.179,612.848,0,6.11323,2.48677,1.40679
6321,120.199,102.71,219.176,281.007,248.249,184.749,0,64.1938,56.0049,1.87243
6322,68.5995,65.7413,588.925,662.1,613.195,612.743,0,41.0883,27.5112,1.66956
6323,28.2001,29.4408,407.39,107.238,405.8,78.1746,0,18.4005,9.79958,1.53257
6324,47.2999,60.0184,196.757,672.284,149.416,693.376,0,37.5115,9.78835,1.26094
6325,269.707,319.275,321.237,487.378,139.908,611.165,0,199.547,70.1602,1.3516
6326,144.6,127.788,498.972,590.578,613.296,612.41,0,79.8674,64.7322,1.8105
6327,344.412,193.389,386.06,458.551,537.146,443.792,1,120.868,223.544,2.84949
6328,17.1,16.3933,635.285,207.389,647.963,197.783,0,10.2458,6.8542,1.66897
6329,49.9998,63.3087,610.619,236.761,647.99,197.966,0,39.5679,10.4319,1.26364
6330,36.3,48.1159,325.669,771.95,312.768,818.049,0,30.0725,6.22755,1.20708
6331,0,0,651.675,190.517,651.675,190.517,0,0,0,0
6332,17.7,21.303,629.854,207.797,648.418,198.065,0,13.3143,4.38568,1.3294
6333,120.899,118.406,221.732,605.121,144.731,615.564,0,74.0041,46.8947,1.63368
6334,186.202,153.942,295.07,634.191,144.743,615.629,0,96.2136,89.9885,1.9353
6335,126.999,114.834,248.189,641.344,144.826,616.024,0,71.771,55.2276,1.7695
6336,0,0,614.802,615.656,614.802,615.656,0,0,0,0
6337,9.8,12.4833,341.033,183.674,349.653,174.684,0,7.80209,1.99791,1.25607
6338,90.0992,116.42,552.235,197.152,647.826,191.374,0,72.7625,17.3367,1.23826
6339,344.412,227.689,422.839,493.483,583.71,470.641,1,142.305,202.106,2.42023
6340,31.2001,27.3972,586.761,614.956,613.275,613.209,0,17.1232,14.0768,1.82209
6341,279.508,230.528,479.482,470.048,615.47,540.18,0,144.08,135.428,1.93995
6342,32.0001,42.0865,579.08,736.631,612.333,752.376,0,26.3041,5.69602,1.21655
6343,39.8,38.6088,105.119,398.351,67.6896,404.786,0,24.1305,15.6695,1.64936
6344,103.699,103.045,523.02,595.274,613.176,612.722,0,64.4032,39.2958,1.61015
6345,121.099,148.661,277.815,700.639,149.496,693.197,0,92.913,28.1858,1.30336
6346,214.104,156.644,192.595,313.358,248.293,184.819,0,97.9025,116.201,2.18691
6347,112.299,122.111,544.072,688.693,612.302,752.059,0,76.3193,35.9796,1.47143
6348,167.301,159.806,183.152,474.086,139.556,611.252,0,99.879,67.422,1.67504
6349,228.605,185.321,207.698,340.145,67.7103,404.866,0,115.826,112.779,1.97369
6350,53.5998,60.065,561.311,738.552,612.002,752.948,0,37.5406,16.0591,1.42778
6351,243.806,219.567,457.357,332.399,355.618,174.445,0,137.229,106.576,1.77663
6352,133.599,132.518,532.95,140.403,653.639,129.588,0,82.8234,50.7755,1.61306
6353,15.7,17.2661,596.002,613.32,613.182,612.833,0,10.7913,4.90869,1.45487
6354,265.407,232.827,507.633,476.796,615.605,540.399,0,145.517,119.89,1.82389
6355,189.102,138.579,534.796,562.188,613.253,612.375,0,86.6118,102.491,2.18333
6356,69.1995,69.7128,592.133,686.917,612.404,752.018,0,43.5705,25.629,1.58822
6357,5.6,5.00749,641.78,192.934,646.58,194.337,0,3.12968,2.47031,1.78932
6358,78.5994,100.203,237.689,742.971,152.834,701.754,0,62.627,15.9724,1.25504
6359,30.8001,39.2425,301.244,790.561,312.13,818.178,0,24.5265,6.27355,1.25579
6360,116.599,118.06,246.321,645.37,144.783,616.139,0,73.7873,42.8115,1.5802
6361,274.608,193.057,224.529,430.82,67.6683,405.585,0,120.661,153.947,2.27587
6362,207.303,122.866,224.78,305.089,249.132,185.134,0,76.7913,130.512,2.69957
6363,315.71,200.181,438.734,638.647,613.293,613.199,0,125.113,190.597,2.5234
6364,178.902,157.012,277.552,603.67,144.772,616.139,0,98.1323,80.7694,1.82307
6365,98.5991,104.117,220.475,652.02,144.805,616.006,0,65.0734,33.5257,1.5152
6366,203.603,228.94,499.346,500.751,615.553,540.435,0,143.088,60.5156,1.42293
6367,84.0993,99.6162,522.512,762.335,611.163,755.195,0,62.2602,21.8391,1.35077
6368,45.3999,61.3654,204.767,625.589,144.835,615.966,0,38.3533,7.04654,1.18373
6369,213.104,257.856,283.047,515.199,139.881,611.157,0,161.16,51.9437,1.32231
6370,42.9999,39.2303,579.314,596.89,613.289,612.387,0,24.519,18.481,1.75374
6371,187.402,215.559,434.261,679.695,312.706,818.063,0,134.725,52.6776,1.391
6372,326.711,275.025,430.937,425.954,615.559,539.906,0,171.891,154.82,1.90069
6373,333.311,225.804,429.049,622.265,613.311,613.22,0,141.127,192.184,2.36178
6374,179.602,155.969,525.683,548.061,613.341,612.403,0,97.4807,82.121,1.84243
6375,216.104,200.374,477.743,396.238,630.252,334.14,0,125.233,90.8705,1.72561
6376,0,0,651.627,199.238,651.627,199.238,0,0,0,0
6377,175.402,170.775,304,646.083,144.775,616.228,0,106.735,68.667,1.64334
6378,197.303,254.428,326.393,388.624,251.655,184.281,0,159.018,38.2851,1.24076
6379,257.507,203.453,233.805,429.757,67.6078,405.709,0,127.158,130.348,2.02509
6380,185.302,153.686,286.158,624.301,144.778,616.229,0,96.0538,89.2483,1.92915
6381,344.412,199.452,455.782,468.58,594.82,494.271,1,124.658,219.754,2.76286
6382,18.3,23.8266,175.742,709.407,153.723,700.319,0,14.8917,3.40838,1.22888
6383,263.007,228.307,502.796,477.516,615.511,540.18,0,142.692,120.315,1.84318
6384,153.4,155.559,391.037,263.432,355.632,174.422,0,97.2243,56.1758,1.5778
6385,120.099,164.758,550.796,253.356,647.907,197.699,0,102.974,17.125,1.1663
6386,170.401,158.32,349.966,305.526,349.853,174.792,0,98.9502,71.451,1.72209
6387,190.002,125.945,218.786,303.356,248.745,184.936,0,78.7157,111.287,2.41378
6388,188.602,191.193,215.967,479.574,140.283,611.159,0,119.495,69.107,1.57832
6389,159.501,145.067,580.905,395.723,630.262,334.139,0,90.6667,68.8338,1.7592
6390,96.9991,124.808,553.909,188.332,647.983,191.326,0,78.0049,18.9942,1.2435
6391,110.199,106.957,264.145,289.139,249.969,185.044,0,66.8484,43.3505,1.64849
6392,256.906,247.935,371.754,389.323,349.691,174.607,0,154.959,101.947,1.6579
6393,52.0998,38.574,229.39,214.791,248.582,184.91,0,24.1088,27.991,2.16103
6394,22.3,21.4017,271.919,193.344,253.072,183.642,0,13.3761,8.92396,1.66716
6395,170.701,163.491,283.115,667.697,144.779,616.145,0,102.182,68.5191,1.67056
6396,203.303,210.415,329.205,603.003,144.757,616.104,0,131.509,71.794,1.54592
6397,102.599,121.177,590.268,443.749,615.633,540.409,0,75.7355,26.8635,1.3547
6398,271.207,209.926,490.71,250.723,356.191,173.426,0,131.204,140.003,2.06707
6399,151.3,173.848,512.422,202.389,648.464,190.753,0,108.655,42.6451,1.39248
6400,190.402,169.285,272.44,338.172,251.101,184.561,0,105.803,84.5995,1.7996
6401,289.408,200.521,459.758,672.158,613.269,613.211,0,125.325,164.083,2.30926
6402,84.6993,81.978,585.765,675.873,612.152,752.47,0,51.2362,33.463,1.65311
6403,67.2995,78.0422,149.724,534.21,139.588,611.206,0,48.7764,18.5232,1.37976
6404,166.601,148.191,449.218,248.67,355.576,174.42,0,92.6195,73.9815,1.79877
6405,148.5,121.209,261.385,629.725,144.817,615.776,0,75.7555,72.7444,1.96025
6406,115.799,117.508,189.435,259.854,248.731,184.918,0,73.4427,42.3561,1.57672
6407,68.9995,78.434,355.22,198.869,350.097,174.84,0,49.0213,19.9783,1.40754
6408,303.709,228.678,458.305,374.338,630.343,334.144,0,142.924,160.786,2.12498
6409,129.399,119.913,421.205,245.09,356.172,173.423,0,74.9453,54.4534,1.72657
6410,38.9,49.6611,312.551,775.793,312.79,817.959,0,31.0382,7.86177,1.25329
6411,67.1995,88.2048,332.635,732.63,312.636,817.993,0,55.128,12.0715,1.21897
6412,274.808,203.923,473.682,386.973,630.376,334.121,0,127.452,147.356,2.15617
6413,235.205,308.077,332.631,438.191,251.154,184.452,0,192.548,42.6571,1.22154
6414,280.008,219.108,485.837,255.491,356.178,173.404,0,136.942,143.066,2.04471
6415,185.902,140.388,519.674,655.351,613.315,613.21,0,87.7428,98.1594,2.11872
6416,344.412,231.301,369.532,509.452,538.042,443.723,1,144.563,199.849,2.38243
6417,138.799,124.85,531.872,657.923,613.31,613.173,0,78.031,60.7683,1.77877
6418,201.403,158.825,276.88,601.579,144.727,615.615,0,99.2656,102.137,2.02893
6419,145.5,187.474,295.067,718.428,149.506,693.197,0,117.172,28.3282,1.24177
6420,229.805,285.476,282.302,492.599,139.897,611.076,0,178.422,51.3826,1.28798
6421,16.3,21.0806,615.062,283.94,635.889,282.416,0,13.1754,3.12463,1.23716
6422,96.3991,107.007,228.144,650.366,144.791,616.064,0,66.8795,29.5196,1.44138
6423,276.708,260.51,287.965,441.85,67.5854,404.597,0,162.818,113.889,1.69949
6424,80.0993,89.6739,269.713,270.436,250.364,184.861,0,56.0462,24.0531,1.42917
6425,37.9,41.1273,604.511,286.923,635.936,282.443,0,25.7045,12.1955,1.47445
6426,115.599,116.532,187.987,260.178,248.196,184.699,0,72.8323,42.7665,1.58719
6427,86.9992,92.3887,562.104,124.712,653.555,130.133,0,57.7429,29.2563,1.50667
6428,344.412,219.31,408.598,523.861,547.702,446.219,1,137.069,207.343,2.51269
6429,73.5994,76.8,313.665,222.844,349.673,174.553,0,48,25.5995,1.53332
6430,0.8,0.227,410.62,72.2656,410.407,72.3423,0,0.141875,0.658125,5.63877
6431,200.303,204.188,249.986,502.283,139.494,611.255,0,127.618,72.6853,1.56955
6432,93.8991,130.777,331.332,695.651,312.649,818.01,0,81.7358,12.1634,1.14881
6433,60.9996,53.8077,120.565,401.533,67.663,405.608,0,33.6298,27.3699,1.81386
6434,108.099,116.181,538.673,123.529,653.609,129.697,0,72.6129,35.486,1.4887
6435,128.299,120.82,414.651,239.257,356.173,173.314,0,75.5124,52.7862,1.69904
6436,162.801,165.104,537.682,463.773,615.54,540.143,0,103.19,59.6106,1.57768
6437,6.5,5.61946,349.933,180.641,351.452,175.363,0,3.51216,2.98783,1.85071
6438,2.1,1.2525,657.644,194.851,656.411,194.633,0,0.78281,1.31719,2.68264
6439,227.305,309.364,393.326,565.224,312.789,817.973,0,193.353,33.9521,1.1756
6440,18.8,17.538,156.854,610.515,144.739,615.81,0,10.9612,7.8388,1.71514
6441,11,11.442,358.423,185.565,354.086,174.982,0,7.15127,3.84873,1.53819
6442,193.003,152.886,279.849,324.038,249.876,185.097,0,95.5537,97.4488,2.01983
6443,232.005,191.931,286.015,345.06,250.822,184.746,0,119.957,112.048,1.93407
6444,296.009,231.326,468.101,255.272,356.186,173.432,0,144.579,151.43,2.04739
6445,42.0999,49.0844,192.613,624.261,144.771,615.959,0,30.6778,11.4222,1.37233
6446,80.1993,94.7762,571.755,156.077,653.595,130.275,0,59.2351,20.9642,1.35391
6447,33.1001,32.4583,266.565,212.54,252.439,183.991,0,20.2864,12.8136,1.63163
6448,10,11.3862,153.668,682.665,150.723,693.663,0,7.11635,2.88365,1.40521
6449,285.008,320.944,323.212,485.337,139.887,611.162,0,200.59,84.4184,1.42085
6450,60.9996,74.4156,554.851,784.276,611.122,755.215,0,46.5098,14.4899,1.31154
6451,107.599,103.517,167.218,389.119,67.6974,404.853,0,64.6982,42.9007,1.66309
6452,231.105,205.172,477.184,274.092,355.506,174.411,0,128.233,102.872,1.80223
6453,118.599,108.792,155.661,504.877,139.551,611.25,0,67.995,50.6038,1.74423
6454,35.3,30.2899,240.193,212.787,249.825,185.126,0,18.9312,16.3688,1.86465
6455,138.699,138.257,296.416,300.139,251.634,184.332,0,86.4106,52.2887,1.60512
6456,188.602,145.116,492.118,649.875,613.292,613.221,0,90.6975,97.9048,2.07946
6457,56.1997,64.824,564.377,782.519,611.197,754.917,0,40.515,15.6847,1.38713
6458,177.702,182.832,229.797,537.779,140.265,611.176,0,114.27,63.4315,1.5551
6459,41.1999,42.5079,601.787,289.145,635.923,282.517,0,26.5674,14.6325,1.55077
6460,166.801,187.915,513.412,224.441,648.537,190.823,0,117.447,49.3543,1.42023
6461,145.5,140.761,224.87,583.23,144.849,615.771,0,87.9758,57.5239,1.65386
6462,243.706,161.981,196.983,437.773,67.7114,405.635,0,101.238,142.468,2.40725
6463,107.799,103.856,263.081,284.774,249.394,185.241,0,64.9099,42.8891,1.66075
6464,168.401,170.413,430.619,294.282,355.568,174.395,0,106.508,61.8931,1.58111
6465,26.1001,26.7198,265.134,207.129,252.6,184.038,0,16.6999,9.40018,1.56289
6466,47.3998,55.2498,597.093,700.107,612.295,752.278,0,34.5311,12.8687,1.37267
6467,64.2996,65.07,286.882,789.959,310.837,818.653,0,40.6687,23.6308,1.58106
6468,281.808,169.663,455.594,599.307,613.367,613.068,0,106.04,175.768,2.65757
6469,32.9001,41.6434,187.281,704.03,153.567,700.688,0,26.0272,6.87292,1.26407
6470,234.905,181.238,251.204,348.831,248.281,184.811,0,113.274,121.632,2.07379
6471,168.601,139.689,467.175,205.539,356.189,173.219,0,87.3058,81.2953,1.93116
6472,7.6,7.79821,257.195,190.067,253.014,183.631,0,4.87388,2.72611,1.55933
6473,97.4991,93.0642,158.317,545.583,139.571,611.162,0,58.1651,39.334,1.67625
6474,134.999,132.748,247.342,309.117,249.629,185.197,0,82.9672,52.0318,1.62714
6475,209.904,173.445,171.619,320.007,67.7191,404.804,0,108.403,101.5,1.93632
6476,56.3997,67.5735,409.063,144.899,405.86,78.2368,0,42.2334,14.1663,1.33543
6477,266.707,198.049,255.039,387.551,67.6729,404.827,0,123.78,142.927,2.15468
6478,290.309,164.059,496.188,635.447,613.335,613.216,0,102.537,187.771,2.83125
6479,69.2995,68.2341,584.927,692.284,612.112,752.752,0,42.6463,26.6532,1.62498
6480,7.89999,8.5548,75.9716,406.977,67.7915,405.122,0,5.34675,2.55324,1.47753
6481,101.999,128.698,579.79,284.195,648.385,198.054,0,80.4365,21.5625,1.26807
6482,19.1,24.1117,327.747,183.65,350.17,174.9,0,15.0698,4.03021,1.26744
6483,177.802,151.358,190.434,313.104,248.102,184.707,0,94.5988,83.2028,1.87953
6484,57.8997,77.5685,197.474,646.015,149.416,693.253,0,48.4803,9.4194,1.19429
6485,83.1993,87.5124,225.281,265.358,249.251,185.195,0,54.6952,28.5041,1.52114
6486,29.4001,33.6996,618.743,201.545,647.887,197.639,0,21.0623,8.33782,1.39587
6487,46.7999,57.895,181.159,590.064,144.748,616.246,0,36.1844,10.6155,1.29337
6488,166.401,139.064,543.376,552.323,613.266,612.386,0,86.9147,79.4863,1.91453
6489,118.699,152.644,316.713,688.147,312.376,818.127,0,95.4026,23.2961,1.24419
6490,152.6,131.776,282.318,292.571,249.916,185.133,0,82.3598,70.2403,1.85285
6491,344.412,281.8,403.524,580.663,576.644,617.077,1,176.125,168.287,1.9555
6492,344.412,294.632,402.42,579.858,589.458,616.644,1,184.145,160.267,1.87033
6493,166.201,138.887,475.072,156.167,356.165,173.286,0,86.8046,79.3964,1.91466
6494,212.304,158.572,480.188,649.795,613.332,613.221,0,99.1073,113.196,2.14216
6495,39.1,32.7967,234.714,213.181,248.568,184.885,0,20.4979,18.602,1.90751
6496,76.3994,82.6734,225.852,627.82,144.561,615.552,0,51.6709,24.7285,1.47858
6497,29.2001,24.8741,593.872,620.28,613.32,613.228,0,15.5463,13.6537,1.87826
6498,121.499,143.684,605.524,448.672,615.503,540.05,0,89.8023,31.6964,1.35296
6499,172.501,163.048,527.482,440.207,615.619,539.627,0,101.905,70.5966,1.69277
6500,303.209,288.885,378.065,424.805,349.672,174.741,0,180.553,122.656,1.67934
6501,200.403,165.009,192.574,330.874,248.658,184.902,0,103.131,97.2723,1.94319
6502,2.2,1.13304,612.158,613.155,613.232,612.957,0,0.708151,1.49185,3.10668
6503,236.805,187.916,236.231,372.996,67.6801,404.831,0,117.447,119.358,2.01627
6504,132.499,104.101,213.883,255.301,248.504,184.839,0,65.0633,67.4356,2.03646
6505,178.402,147.437,439.604,260.269,356.17,173.41,0,92.1482,86.2535,1.93603
6506,42.0999,43.8833,602.409,290.54,635.964,282.368,0,27.4271,14.6728,1.53498
6507,325.111,268.043,463.885,487.864,613.302,612.499,0,167.527,157.584,1.94065
6508,24.7001,26.3512,615.804,274.595,635.952,282.676,0,16.4695,8.23056,1.49975
6509,151,118.735,510.426,641.313,613.281,612.4,0,74.2097,76.7903,2.03478
6510,53.3998,59.7596,612.763,155.496,653.522,130.183,0,37.3497,16.05,1.42972
6511,89.8992,119.875,355.411,707.574,313.285,818.216,0,74.9216,14.9776,1.19991
6512,110.199,126.987,511.939,730.638,611.998,753.009,0,79.3669,30.832,1.38847
6513,256.306,281.269,347.108,540.989,144.774,616.123,0,175.793,80.513,1.458
6514,31.1001,42.1243,597.71,713.534,612.206,752.365,0,26.3277,4.77238,1.18127
6515,270.507,188.962,212.438,447.519,67.6855,405.604,0,118.101,152.406,2.29047
6516,57.3997,58.2682,571.392,635.979,613.313,612.37,0,36.4176,20.9821,1.57615
6517,115.699,143.136,543.075,177.69,647.656,191.912,0,89.4599,26.2389,1.2933
6518,144.2,110.564,213.447,249.177,248.379,184.812,0,69.1023,75.0973,2.08675
6519,243.306,259.334,347.525,563.018,144.847,616.111,0,162.084,81.2219,1.50111
6520,95.3991,107.844,298.257,728.316,312.036,818.202,0,67.4022,27.9969,1.41537
6521,199.203,195.738,196.135,506.268,139.528,611.19,0,122.337,76.8664,1.62832
6522,106.099,104.476,292.175,739.172,311.474,818.464,0,65.2972,40.8017,1.62486
6523,5.6,5.59918,352.189,181.333,352.328,175.748,0,3.49949,2.10051,1.60023
6524,81.1993,86.1479,152.18,395.119,67.6678,404.769,0,53.8424,27.3569,1.50809
6525,8.2,7.53296,351.116,183.094,352.419,175.724,0,4.7081,3.49189,1.74168
6526,137.199,111.483,176.807,404.829,67.6432,405.602,0,69.6767,67.5225,1.96908
6527,11.9,11.5473,599.163,803.695,606.727,810.987,0,7.21705,4.68296,1.64887
6528,40.1,44.8248,609.323,135.864,653.514,129.953,0,28.0155,12.0845,1.43135
6529,278.808,219.716,240.814,440.947,67.7281,405.581,0,137.322,141.486,2.03032
6530,32.2001,37.3587,259.474,220.919,249.83,185.127,0,23.3492,8.85093,1.37907
6531,344.412,327.667,363.94,471.616,347.072,177.266,1,204.792,139.62,1.68176
6532,211.904,171.72,217.146,352.269,67.6919,404.79,0,107.325,104.578,1.97441
6533,76.0994,73.7505,588.528,669.588,613.309,613.091,0,46.0941,30.0053,1.65096
6534,264.307,181.47,216.13,433.039,67.676,405.624,0,113.419,150.888,2.33037
6535,201.203,171.429,288.508,333.173,250.605,184.772,0,107.143,94.0602,1.8779
6536,126.299,137.048,143.435,474.153,67.8119,405.371,0,85.655,40.6436,1.4745
6537,283.508,175.869,524.692,546.375,613.341,612.545,0,109.918,173.59,2.57927
6538,211.904,166.996,178.42,305.554,248.329,184.755,0,104.372,107.531,2.03026
6539,68.2995,74.9634,190.603,601.67,144.746,615.773,0,46.8522,21.4474,1.45777
6540,224.104,164.657,487.014,210.021,356.174,173.427,0,102.911,121.194,2.17766
6541,227.605,163.726,458.071,599.581,613.276,613.052,0,102.329,125.276,2.22425
6542,311.11,271.215,287.603,451.638,67.6723,404.799,0,169.51,141.6,1.83535
6543,297.409,198.54,499.614,538.641,613.255,612.415,0,124.087,173.322,2.39677
6544,216.304,154.956,488.995,157.525,356.244,173.375,0,96.8475,119.456,2.23345
6545,344.412,103.445,472.365,336.433,471.543,329.718,1,64.6532,279.759,5.32707
6546,139.799,130.684,352.167,271.652,350.013,174.848,0,81.6778,58.1216,1.7116
6547,52.4998,42.3447,254.222,226.53,250.083,185.045,0,26.4654,26.0344,1.98371
6548,126.599,117.005,522.605,337.411,630.341,334.092,0,73.1284,53.4703,1.73118
6549,108.799,136.09,350.286,690.622,312.859,817.959,0,85.0561,23.7428,1.27914
6550,328.711,282.503,425.987,415.138,630.268,334.049,0,176.564,152.147,1.86171
6551,316.01,258.9,426.138,392.325,630.36,334.15,0,161.813,154.197,1.95294
6552,216.104,169.499,171.513,311.014,248.099,184.67,0,105.937,110.167,2.03993
6553,117.499,129.619,526.152,708.208,612.276,752.059,0,81.0117,36.4871,1.45039
6554,76.8994,83.9347,553.778,332.311,630.36,333.755,0,52.4592,24.4402,1.46589
6555,164.901,200.454,418.707,684.831,313.353,818.175,0,125.284,39.6173,1.31622
6556,228.105,200.856,404.017,309.41,355.479,174.428,0,125.535,102.57,1.81706
6557,334.211,292.072,392.845,415.459,349.856,174.841,0,182.545,151.666,1.83084
6558,183.702,184.453,362.226,333.023,349.592,174.566,0,115.283,68.4186,1.59348
6559,141.299,106.023,215.413,252.145,248.065,184.56,0,66.2643,75.0352,2.13236
6560,230.105,191.767,300.405,344.43,249.867,185.067,0,119.854,110.251,1.91987
6561,27.8001,25.1236,92.3383,402.473,67.6599,404.807,0,15.7022,12.0978,1.77045
6562,344.412,257.646,369.203,510.071,562.336,450.936,1,161.029,183.383,2.13882
6563,124.299,122.668,256.78,645.484,144.778,616.17,0,76.6674,47.6313,1.62127
6564,224.204,186.494,229.921,351.216,250.093,185,0,116.558,107.646,1.92354
6565,248.106,345.485,407.955,538.298,312.655,818.005,0,215.928,32.178,1.14902
6566,343.412,269.935,422.657,403.697,630.297,334.123,0,168.709,174.703,2.03552
6567,344.412,297.205,356.477,466.252,330.283,185.904,1,185.753,158.659,1.85414
6568,106.999,133.147,541.923,187.086,647.571,191.97,0,83.2171,23.7818,1.28578
6569,208.904,174.343,268.566,338.679,249.568,185.19,0,108.964,99.9394,1.91718
6570,105.699,103.79,551.096,665.993,613.171,612.845,0,64.8688,40.8302,1.62943
6571,115.599,128.061,527.108,118.838,653.63,129.747,0,80.0383,35.5605,1.44429
6572,136.399,119.983,128.613,511.465,139.514,611.175,0,74.9893,61.4099,1.81892
6573,226.005,287.447,309.261,516.62,139.937,611.161,0,179.654,46.3505,1.258
6574,87.6992,108.898,579.149,446.078,615.605,539.57,0,68.0615,19.6378,1.28853
6575,89.9992,86.3208,540.617,601.155,613.164,612.628,0,53.9505,36.0487,1.66818
6576,318.91,283.931,426.838,416.514,630.351,334.113,0,177.457,141.454,1.79712
6577,221.504,206.799,287.872,366.642,250.939,184.57,0,129.249,92.2549,1.71377
6578,317.01,300.328,413.861,409.322,349.869,174.728,0,187.705,129.305,1.68887
6579,29.6001,41.3175,190.882,717.247,152.66,701.803,0,25.8234,3.77663,1.14625
6580,40.9999,53.9767,177.439,657.033,149.734,693.154,0,33.7354,7.26454,1.21534
6581,116.699,161.478,539.566,286.96,648.105,197.991,0,100.924,15.775,1.15631
6582,150.6,140.794,350.315,289.452,349.886,174.654,0,87.9961,62.6039,1.71144
6583,29.5001,35.4991,408.848,113.407,405.88,78.2334,0,22.1869,7.31317,1.32962
6584,53.3998,52.2767,601.628,131.942,653.554,129.584,0,32.6729,20.7268,1.63437
6585,50.2998,62.7724,185.529,589.733,144.699,616.356,0,39.2327,11.0671,1.28209
6586,344.412,279.055,425.127,416.027,617.862,334.142,1,174.409,170.003,1.97473
6587,204.903,253.384,399.146,631.152,312.981,818.1,0,158.365,46.5382,1.29387
6588,329.811,309.597,358.821,451.297,349.581,174.635,0,193.498,136.313,1.70447
6589,248.906,210.641,278.571,377.996,249.097,185.064,0,131.651,117.255,1.89065
6590,131.699,120.695,422.563,245.988,356.206,173.401,0,75.4346,56.2643,1.74587
6591,200.403,164.192,500.682,362.005,630.263,334.076,0,102.62,97.7829,1.95286
6592,129.399,123.086,178.751,260.934,248.585,184.942,0,76.9288,52.4699,1.68206
6593,179.302,170.577,364.315,307.762,349.77,174.651,0,106.611,72.6912,1.68184
6594,24.7001,23.7938,249.435,208.988,249.929,185.097,0,14.8711,9.82896,1.66094
6595,7.7,6.6933,629.57,283.85,636.018,282.821,0,4.18331,3.51668,1.84064
6596,29.4001,38.0543,314.075,186.283,349.758,174.705,0,23.784,5.61612,1.23613
6597,254.706,229.102,273.503,396.059,249.165,185.095,0,143.189,111.517,1.77881
6598,164.201,144.545,194.324,305.482,249.173,185.114,0,90.3406,73.8602,1.81757
6599,344.412,103.342,184.612,655.617,174.432,659.084,1,64.589,279.823,5.33236
6600,344.412,253.834,378.244,513.829,555.289,452.264,1,158.646,185.766,2.17094
6601,148.3,131.007,281.076,291.734,250.94,184.717,0,81.8791,66.4207,1.8112
6602,21.5,25.0037,144.428,669.383,149.654,693.156,0,15.6273,5.87274,1.3758
6603,181.202,222.583,332.444,371.867,251.377,184.537,0,139.115,42.0872,1.30254
6604,135.299,131.258,579.925,380.949,630.308,334.052,0,82.0362,53.2629,1.64926
6605,24.2001,28.8816,320.463,790.435,312.778,818.057,0,18.051,6.14908,1.34065
6606,207.503,156.423,444.776,149.703,356.055,173.445,0,97.7647,109.739,2.12248
6607,109.199,116.705,538.109,121.954,653.579,129.712,0,72.9406,36.2583,1.49709
6608,49.2998,60.8958,146.032,550.881,139.857,611.087,0,38.0599,11.2399,1.29532
6609,58.8997,68.275,589.676,220.905,648.127,198,0,42.6719,16.2278,1.38029
6610,134.399,132.747,296.095,292.842,250.843,184.701,0,82.9672,51.4318,1.61991
6611,24.0001,26.7462,381.958,171.278,355.97,173.661,0,16.7164,7.28366,1.43572
6612,276.608,323.751,323.407,490.486,139.862,611.119,0,202.344,74.2636,1.36702
6613,183.202,145.637,272.204,614.65,144.73,615.703,0,91.0234,92.1786,2.01269
6614,105.499,130.035,296.597,290.586,250.741,184.769,0,81.2721,24.2268,1.2981
6615,29.0001,31.7357,613.512,296.992,635.867,282.512,0,19.8348,9.16524,1.46208
6616,26.4001,28.5565,143.861,665.858,149.89,693.165,0,17.8478,8.55224,1.47918
6617,278.508,228.773,477.277,424.584,630.316,334.125,0,142.983,135.525,1.94784
6618,268.807,284.828,349.105,537.641,144.752,616.158,0,178.017,90.7898,1.51001
6619,121.299,117.927,268.908,296.999,249.537,185.228,0,73.7046,47.5941,1.64574
6620,51.5998,40.0335,576.395,622.086,613.277,612.378,0,25.0209,26.5789,2.06227
6621,331.011,272.308,427.337,428.928,615.492,540.064,0,170.193,160.818,1.94492
6622,3.4,2.55894,600.624,830.846,602.987,831.823,0,1.59934,1.80066,2.12588
6623,94.6991,87.1927,318.519,232.677,349.856,174.84,0,54.4954,40.2037,1.73774
6624,286.608,217.958,472.225,377.142,630.349,334.109,0,136.224,150.385,2.10395
6625,17.5,21.5901,599.434,735.639,612.191,752.563,0,13.4938,4.00619,1.29689
6626,344.412,309.22,438.275,528.482,569.607,617.464,1,193.262,151.15,1.7821
6627,159.901,147.132,276.491,653.643,144.767,616.214,0,91.9578,67.9428,1.73885
6628,292.109,283.373,301.495,453.393,67.5564,404.542,0,177.108,115,1.64932
6629,287.208,242.053,275.415,414.349,67.6829,404.83,0,151.283,135.925,1.89848
6630,249.906,229.202,369.493,375.014,349.888,174.842,0,143.251,106.655,1.74453
6631,201.503,145.465,150.567,440.248,67.7393,405.608,0,90.9153,110.588,2.21638
6632,87.4992,101.634,221.215,753.549,152.574,701.752,0,63.5213,23.9779,1.37748
6633,42.5999,30.619,593.997,627.408,613.339,613.211,0,19.1369,23.463,2.22606
6634,323.711,303.756,315.164,441.497,67.6668,404.781,0,189.848,133.863,1.70511
6635,263.907,242.242,349.702,378.543,349.937,174.775,0,151.401,112.505,1.74309
6636,0,0,144.258,616.381,144.258,616.381,0,0,0,0
6637,192.803,189.89,396.363,298.384,355.559,174.402,0,118.681,74.1214,1.62454
6638,120.899,131.707,130.428,482.845,67.7493,405.522,0,82.3168,38.582,1.4687
6639,344.412,250.709,424.619,594.712,594.951,613.494,1,156.693,187.718,2.198
6640,12.8,13.3413,262.366,193.096,253.114,183.442,0,8.33832,4.46169,1.53508
6641,15.5,17.7884,414.398,93.6569,408.857,76.9822,0,11.1178,4.38226,1.39417
6642,6.3,6.61051,150.899,618.55,144.631,616.471,0,4.13157,2.16843,1.52484
6643,128.999,126.387,350.038,271.673,349.863,174.828,0,78.9921,50.0066,1.63306
6644,191.602,165.838,290.123,611.804,144.783,616.149,0,103.649,87.9535,1.84857
6645,181.502,146.411,279.562,317.277,249.468,185.247,0,91.5068,89.9951,1.98348
6646,35.4,36.7095,590.626,778.273,611.19,754.843,0,22.9434,12.4566,1.54293
6647,221.404,306.843,390.133,564.789,312.689,818.052,0,191.777,29.6273,1.15449
6648,73.5994,83.3605,228.245,264.971,248.962,185.004,0,52.1003,21.4991,1.41265
6649,335.811,274.613,392.874,393.074,349.859,174.728,0,171.633,164.178,1.95656
6650,131.199,155.451,494.741,711.107,612.024,752.936,0,97.1568,34.042,1.35038
6651,45.0999,52.4562,586.696,522.703,615.619,540.329,0,32.7851,12.3147,1.37562
6652,77.5994,78.8951,145.94,400.179,67.7492,404.761,0,49.3094,28.29,1.57372
6653,129.499,117.512,524.822,350.957,630.26,333.978,0,73.445,56.0537,1.76321
6654,344.412,273.738,424.989,550.519,565.59,617.407,1,171.086,173.326,2.01309
6655,333.311,283.057,413.39,439.021,615.668,539.583,0,176.911,156.401,1.88407
6656,129.799,149.226,546.048,441.158,615.568,540.39,0,93.2665,36.5322,1.3917
6657,152.6,147.145,180.219,351.552,67.6419,404.822,0,91.9654,60.6347,1.65932
6658,212.404,266.108,284.573,507.607,139.924,611.078,0,166.317,46.0865,1.2771
6659,220.504,151.165,183.332,438.358,67.6585,405.617,0,94.4783,126.026,2.33391
6660,132.399,127.152,425.924,248.895,355.444,174.407,0,79.4701,52.9288,1.66602
6661,50.2998,44.0594,235.782,226.096,249.339,185.18,0,27.5371,22.7627,1.82662
6662,114.299,115.435,259.016,296.876,250.829,184.733,0,72.1471,42.1518,1.58425
6663,20.2,23.6306,413.81,100.348,407.169,77.6841,0,14.7691,5.43091,1.36772
6664,53.9997,45.0471,219.341,206.611,248.404,184.768,0,28.1544,25.8453,1.91799
6665,18.9,19.8448,599.364,550.963,617.115,543.516,0,12.403,6.49703,1.52383
6666,200.403,179.527,415.874,295.707,355.436,174.418,0,112.204,88.1989,1.78606
6667,98.4991,121.851,565.043,182.513,653.495,130.17,0,76.157,22.3421,1.29337
6668,35.3,43.8963,415.229,120.56,405.933,78.1613,0,27.4352,7.86487,1.28667
6669,98.8991,120.954,517.658,726.141,611.661,753.604,0,75.596,23.3031,1.30826
6670,116.299,113.939,465.29,180.715,356.195,173.399,0,71.2117,45.0871,1.63314
6671,81.1993,91.7974,177.81,547.456,140.156,611.237,0,57.3734,23.8259,1.41528
6672,66.9995,62.7991,608.544,646.865,613.268,612.379,0,39.2495,27.7501,1.70702
6673,294.909,262.81,425.659,359.059,356.179,173.395,0,164.256,130.653,1.79542
6674,3.7,2.8665,69.7205,408.116,66.9426,407.41,0,1.79156,1.90844,2.06524
6675,51.2998,46.0655,293.797,204.546,252.609,183.947,0,28.7909,22.5089,1.7818
6676,20.1,26.5501,258.323,210.133,249.948,184.961,0,16.5938,3.50624,1.2113
6677,97.9991,113.171,609.594,458.628,615.632,539.637,0,70.7321,27.267,1.3855
6678,334.511,218.432,449.903,678.899,613.332,613.148,0,136.52,197.991,2.45027
6679,250.506,200.73,474.465,391.756,630.327,334.075,0,125.456,125.05,1.99676
6680,8.6,7.8568,640.954,201.227,648.009,197.79,0,4.9105,3.6895,1.75135
6681,70.7995,75.024,548.534,743.715,611.854,753.228,0,46.89,23.9095,1.50991
6682,344.412,243.998,415.926,626.104,595.612,613.467,1,152.499,191.913,2.25846
6683,51.8998,62.4232,269.266,243.774,250.443,184.872,0,39.0145,12.8853,1.33027
6684,127.199,119.68,414.96,238.779,356.186,173.329,0,74.7999,52.3987,1.70052
6685,47.4998,32.7007,593.323,629.1,613.33,613.224,0,20.438,27.0619,2.3241
6686,86.1993,89.1753,155.432,395.899,67.6961,404.847,0,55.7346,30.4647,1.5466
6687,32.7001,38.9006,175.422,630.812,144.841,615.927,0,24.3129,8.38719,1.34497
6688,137.199,131.084,225.532,595.476,144.708,615.578,0,81.9274,55.2718,1.67464
6689,219.204,298.7,383.219,567.314,312.631,817.951,0,186.688,32.5164,1.17418
6690,257.907,205.423,473.989,386.911,630.297,334.094,0,128.389,129.517,2.00879
6691,146.8,136.062,277.363,637.535,144.719,615.661,0,85.0385,61.7612,1.72627
6692,31.1001,37.262,615.593,188.585,647.785,191.567,0,23.2887,7.81135,1.33541
6693,19.9,22.1193,330.802,185.231,349.399,174.534,0,13.8245,6.0755,1.43947
6694,34.3,38.6997,301.763,791.722,311.913,818.271,0,24.1873,10.1127,1.4181
6695,189.902,238.135,322.001,377.406,251.628,184.409,0,148.834,41.0681,1.27593
6696,154.9,110.195,202.312,260.553,248.313,184.824,0,68.8718,86.0285,2.24911
6697,39.7,51.8963,189.732,672.99,149.719,693.154,0,32.4352,7.26477,1.22398
6698,232.505,297.245,331.553,427.304,251.31,184.499,0,185.778,46.727,1.25152
6699,162.901,139.682,170.973,352.41,67.6439,404.813,0,87.3011,75.5996,1.86596
6700,112.399,112.702,260.933,293.022,249.778,185.084,0,70.4386,41.9603,1.5957
6701,15.7,19.9083,259.228,202.717,251.165,184.529,0,12.4427,3.25736,1.26179
6702,7.5,7.86984,604.092,751.743,611.565,754.195,0,4.91865,2.58135,1.52481
6703,205.803,176.999,224.869,346.217,249.816,185.125,0,110.625,95.1788,1.86038
6704,182.502,142.983,198.072,308.026,248.262,184.778,0,89.3643,93.1376,2.04222
6705,242.406,205.874,506.098,579.027,613.186,612.56,0,128.671,113.734,1.88391
6706,203.203,142.837,482.287,166.167,356.21,173.225,0,89.2732,113.93,2.2762
6707,59.4997,50.8195,215.099,215.683,248.293,184.77,0,31.7622,27.7375,1.87329
6708,277.708,287.353,341.492,538.096,144.794,616.074,0,179.596,98.1122,1.5463
6709,31.6001,32.3593,140.266,663.296,149.295,693.268,0,20.2246,11.3755,1.56246
6710,344.412,135.201,415.92,522.894,425.636,543.162,1,84.5004,259.911,4.07586
6711,28.7001,36.4085,616.233,214.264,647.878,197.785,0,22.7553,5.94475,1.26125
6712,109.599,146.09,387.072,707.126,313.442,818.216,0,91.306,18.2929,1.20035
6713,19.4,22.1884,599.55,769.969,611.146,755.26,0,13.8678,5.53226,1.39893
6714,202.303,255.316,380.523,610.476,312.552,818.06,0,159.572,42.7307,1.26778
6715,41.3999,36.9004,104.079,399.782,67.7844,405.235,0,23.0628,18.3372,1.7951
6716,69.0995,79.5233,550.787,784.52,611.195,754.922,0,49.7021,19.3974,1.39027
6717,313.31,293.696,324.15,500.346,144.656,615.604,0,183.56,129.75,1.70686
6718,344.412,270.733,426.83,428.697,611.735,540.689,1,169.208,175.203,2.03543
6719,38.3,42.3967,119.977,584.619,139.928,611.14,0,26.4979,11.8021,1.4454
6720,172.101,156.372,520.597,390.771,630.359,334.114,0,97.7326,74.3687,1.76094
6721,109.899,96.7485,234.033,277.48,249.085,185.15,0,60.4678,49.4311,1.81748
6722,150,142.727,350.448,292.277,349.65,174.555,0,89.2042,60.7957,1.68153
6723,134.699,124.997,189.831,391.541,67.7301,404.811,0,78.1232,56.5758,1.72419
6724,233.105,163.181,202.556,431.882,67.8181,405.085,0,101.988,131.117,2.28561
6725,61.3996,64.089,160.106,563.644,140.126,611.083,0,40.0556,21.344,1.53286
6726,225.805,186.191,534.069,523.239,613.191,612.654,0,116.369,109.435,1.94042
6727,335.611,281.924,423.025,415.158,630.335,334.149,0,176.203,159.409,1.90469
6728,25.2001,28.4744,590.093,768.197,611.162,755.412,0,17.7965,7.40356,1.41601
6729,95.1991,109.586,248.679,742.454,152.696,701.796,0,68.4912,26.7079,1.38995
6730,65.6996,71.3233,316.639,755.583,311.895,818.288,0,44.5771,21.1225,1.47384
6731,16.9,19.9056,375.645,174.761,355.949,173.747,0,12.441,4.45904,1.35842
6732,146.6,136.48,518.968,568.875,613.318,612.365,0,85.3,61.2998,1.71864
6733,76.1994,62.6286,299.969,767.718,311.477,818.396,0,39.1429,37.0565,1.9467
6734,240.005,313.088,330.334,441.691,250.9,184.683,0,195.68,44.3253,1.22652
6735,150.1,127.765,268.232,635.858,144.699,616.261,0,79.8531,70.2468,1.8797
6736,182.402,159.311,189.664,344.543,67.7336,404.779,0,99.5692,82.8327,1.83191
6737,137.599,168.592,310.59,714.79,312.446,818.094,0,105.37,32.2292,1.30587
6738,193.903,176.744,417.871,294.976,355.583,174.438,0,110.465,83.4375,1.75533
6739,54.0997,68.946,574.094,502.286,615.794,540.528,0,43.0912,11.0085,1.25547
6740,94.5991,96.2015,215.89,263.551,248.304,184.786,0,60.126,34.4732,1.57335
6741,47.9998,58.5199,593.654,697.587,612.288,752.057,0,36.575,11.4249,1.31237
6742,229.805,191.034,287.511,344.006,250.9,184.733,0,119.396,110.409,1.92472
6743,125.599,145.908,274.182,690.717,149.474,693.201,0,91.1925,34.4061,1.37729
6744,236.205,164.905,500.557,160.193,356.174,173.338,0,103.066,133.14,2.29179
6745,125.799,143.937,523.003,693.842,612.357,751.883,0,89.9609,35.8378,1.39837
6746,59.5997,81.4854,548.254,798.58,602.373,833.285,0,50.9284,8.67128,1.17026
6747,171.101,117.979,212.658,243.011,248.135,184.743,0,73.7372,97.3641,2.32042
6748,59.3997,63.9038,564.685,730.628,611.992,753.032,0,39.9399,19.4598,1.48723
6749,315.51,290.982,347.817,420.457,349.58,174.641,0,181.864,133.646,1.73487
6750,93.5991,93.832,160.045,395.023,67.7439,404.792,0,58.645,34.9542,1.59603
6751,241.106,239.486,349.079,586.484,144.818,616.111,0,149.679,91.4268,1.61082
6752,211.504,257.221,394.9,632.246,312.818,817.951,0,160.763,50.7404,1.31562
6753,117.399,115.4,221.955,763.118,152.774,701.743,0,72.1248,45.2739,1.62772
6754,222.804,177.924,265.33,343.318,249.876,185.095,0,111.203,111.602,2.00359
6755,225.105,200.716,454.148,303.025,355.445,174.412,0,125.448,99.657,1.79441
6756,55.9997,45.927,258.422,229.585,249.456,185.222,0,28.7044,27.2953,1.95091
6757,303.109,172.766,494.28,640.896,613.363,613.115,0,107.979,195.13,2.80711
6758,35.5,35.5244,579.321,817.957,602.376,833.258,0,22.2027,13.2973,1.5989
6759,344.412,255.634,448.767,479.287,606.671,540.253,1,159.771,184.641,2.15566
6760,92.3992,94.9105,243.727,257.21,249.572,185.24,0,59.3191,33.0801,1.55766
6761,138.599,141.929,244.26,654.755,144.806,616.07,0,88.7054,49.8939,1.56247
6762,115.099,142.707,531.707,183.723,648.528,190.792,0,89.1916,25.9072,1.29047
6763,167.201,116.063,197.34,261.754,248.706,184.919,0,72.5396,94.6614,2.30496
6764,4.1,3.83131,598.666,832.638,602.414,833.409,0,2.39457,1.70543,1.71221
6765,90.2992,88.3166,401.903,211.13,355.587,174.377,0,55.1979,35.1013,1.63592
6766,37,46.2191,305.86,186.529,349.895,174.777,0,28.8869,8.11306,1.28086
6767,87.9992,79.2053,574.554,694.012,611.836,753.499,0,49.5033,38.4959,1.77764
6768,180.702,175.656,337.555,316.818,349.471,174.611,0,109.785,70.9169,1.64596
6769,70.4995,74.3934,593.604,187.709,648.531,190.764,0,46.4959,24.0036,1.51625
6770,255.006,191.749,215.298,449.723,67.6828,405.623,0,119.843,135.163,2.12783
6771,101.699,111.586,552.15,480.178,615.487,540.049,0,69.7411,31.958,1.45824
6772,221.404,159.728,218.163,416.373,67.6812,405.616,0,99.8299,121.574,2.21781
6773,34.3,42.988,188.083,704.614,152.777,701.822,0,26.8675,7.43258,1.27664
6774,22.9001,20.0541,87.6902,403.538,67.6542,405.492,0,12.5338,10.3663,1.82707
6775,125.499,107.12,166.18,383.899,67.7141,404.86,0,66.9501,58.5485,1.87451
6776,46.2999,43.1355,110.083,402.004,67.6591,404.785,0,26.9597,19.3402,1.71737
6777,30.3001,36.3112,574.743,806.351,607.006,810.25,0,22.6945,7.60556,1.33513
6778,161.501,153.072,424.831,277.69,355.549,174.447,0,95.67,65.8307,1.6881
6779,43.5999,32.896,233.701,212.997,249.077,185.145,0,20.56,23.0399,2.12062
6780,244.806,205.033,499.979,248.192,356.111,173.426,0,128.146,116.66,1.91037
6781,23.3001,23.6479,274.084,193.893,253.177,183.405,0,14.78,8.52009,1.57646
6782,179.202,191.831,513.339,225.291,647.732,191.761,0,119.894,59.3076,1.49467
6783,91.8992,92.4377,145.767,521.732,139.634,611.212,0,57.7736,34.1256,1.59068
6784,55.1997,75.1531,202.554,701.136,152.762,701.796,0,46.9707,8.22907,1.1752
6785,18.2,15.3923,265.436,192.451,253.027,183.627,0,9.62017,8.57986,1.89186
6786,239.705,202.958,281.806,371.307,249.771,185.131,0,126.849,112.856,1.88969
6787,151.5,141.213,199.191,382.38,67.7173,404.814,0,88.2581,63.2419,1.71656
6788,88.6992,125.342,250.202,667.809,149.529,693.239,0,78.3388,10.3604,1.13225
6789,4,3.45124,359.283,174.835,356.174,173.338,0,2.15702,1.84297,1.85441
6790,77.5994,78.473,195.479,643.882,144.733,616.194,0,49.0456,28.5537,1.58219
6791,344.412,230.167,434.671,607.028,598.443,613.041,1,143.854,200.558,2.39418
6792,125.399,139.192,109.092,495.717,67.6891,405.536,0,86.9953,38.4034,1.44144
6793,279.208,227.594,263.672,426.591,67.7112,404.814,0,142.246,136.962,1.96285
6794,151.7,187.553,332.67,642.208,312.321,818.052,0,117.221,34.4792,1.29414
6795,344.412,256.834,446.219,576.952,596.183,614.114,1,160.521,183.89,2.14558
6796,129.999,126.342,277.411,295.773,249.929,185.095,0,78.964,51.0347,1.6463
6797,106.099,92.2205,273.983,770.511,310.758,818.697,0,57.6378,48.4612,1.84079
6798,189.302,137.613,482.307,185.26,356.195,173.404,0,86.0081,103.294,2.20098
6799,136.799,160.369,322.497,310.906,251.553,184.357,0,100.23,36.5687,1.36485
6800,252.906,216.931,393.238,326.008,349.61,174.561,0,135.582,117.325,1.86534
6801,125.099,138.762,316.854,284.419,251.075,184.604,0,86.7264,38.3723,1.44245
6802,176.702,223.404,499.452,259.669,647.997,197.865,0,139.627,37.0744,1.26552
6803,91.8992,116.034,591.324,269.956,647.897,197.742,0,72.5215,19.3777,1.2672
6804,13.5,13.4303,589.575,830.202,602.391,833.407,0,8.39392,5.10609,1.60831
6805,123.499,161.58,392.736,698.059,313.543,818.29,0,100.987,22.5113,1.22291
6806,22.9001,27.8899,590.936,768.419,611.257,754.859,0,17.4312,5.46885,1.31374
6807,128.299,129.298,394.572,241.617,355.469,174.4,0,80.8114,47.4872,1.58763
6808,344.412,262.057,421.761,583.067,593.25,615.27,1,163.785,180.626,2.10282
6809,51.6998,42.3031,589.665,637.614,613.271,613.222,0,26.4394,25.2604,1.95541
6810,48.4998,47.349,113.652,396.476,67.7008,404.805,0,29.5931,18.9067,1.63889
6811,160.801,157.787,287.189,620.768,144.769,616.184,0,98.6167,62.1839,1.63056
6812,129.999,151.34,489.654,718.491,612.057,752.722,0,94.5875,35.4112,1.37437
6813,80.5993,111.016,338.755,710.627,312.79,818.028,0,69.385,11.2144,1.16163
6814,294.609,313.12,379.318,537.714,144.822,616.118,0,195.7,98.9086,1.50541
6815,344.412,299.73,429.114,535.13,580.581,617.322,1,187.331,157.081,1.83852
6816,67.8995,97.848,571.977,240.742,648.039,197.907,0,61.155,6.74452,1.11029
6817,86.7992,89.4421,177.011,210.085,248.759,184.94,0,55.9013,30.898,1.55272
6818,25.1001,22.2309,601.237,599.537,613.283,612.381,0,13.8943,11.2057,1.8065
6819,236.405,165.636,198.634,437.875,67.6927,405.628,0,103.522,132.883,2.28362
6820,207.903,181.338,275.159,350.672,250.026,185.002,0,113.336,94.5673,1.8344
6821,326.411,324.956,376.203,526.032,144.732,615.632,0,203.097,123.313,1.60716
6822,164.601,185.575,356.524,649.999,312.73,818.013,0,115.984,48.6168,1.41917
6823,150.1,170.933,513.201,205.593,648.359,190.831,0,106.833,43.2671,1.405
6824,225.205,234.775,349.388,592.724,144.741,616.081,0,146.734,78.4704,1.53478
6825,88.3992,89.1949,155.908,398.487,67.738,404.824,0,55.7468,32.6524,1.58573
6826,139.599,145.499,510.526,116.909,653.553,129.593,0,90.9368,48.6625,1.53512
6827,344.412,238.008,401.911,614.025,581.214,617.375,1,148.755,195.657,2.31529
6828,288.008,229.797,460.12,344.298,356.203,173.363,0,143.623,144.385,2.00531
6829,24.6001,26.9364,406.09,105.148,405.614,78.0888,0,16.8352,7.76483,1.46122
6830,18.4,20.7482,272.392,190.245,253.312,183.119,0,12.9676,5.43242,1.41892
6831,182.702,216.417,385.379,640.963,312.644,818.023,0,135.261,47.4411,1.35074
6832,164.901,155.839,186.406,345.744,67.7045,404.798,0,97.3992,67.5016,1.69304
6833,344.412,241.917,460.324,478.488,601.487,527.477,1,151.198,193.214,2.27789
6834,160.301,139.949,299.514,302.284,251.183,184.485,0,87.4681,72.8325,1.83267
6835,9.9,11.5375,604.178,540.51,615.579,539.614,0,7.21091,2.68909,1.37292
6836,124.599,148.317,535.059,212.205,647.751,191.59,0,92.698,31.9007,1.34414
6837,121.199,164.995,540.206,280.323,648.193,197.973,0,103.122,18.0767,1.17529
6838,211.204,249.926,259.637,527.324,139.674,611.085,0,156.204,55.0001,1.35211
6839,29.9001,33.5801,598.318,781.97,606.423,811.809,0,20.9875,8.91253,1.42466
6840,332.311,247.138,488.099,485.453,615.652,539.739,0,154.461,177.85,2.15142
6841,207.103,212.369,268.707,558.281,144.642,615.654,0,132.731,74.3726,1.56033
6842,5.2,4.83857,72.4786,404.393,67.7232,405.306,0,3.02411,2.17589,1.71951
6843,211.004,172.414,246.728,339.052,249.455,185.228,0,107.759,103.245,1.95811
6844,59.2997,54.1277,587.158,649.468,613.298,613.199,0,33.8298,25.4699,1.75288
6845,116.499,126.374,202.116,536.95,140.216,611.189,0,78.9838,37.515,1.47497
6846,143,180.194,295.328,711.043,149.58,693.194,0,112.621,30.3785,1.26974
6847,63.4996,74.7476,558.097,340.347,630.28,333.915,0,46.7173,16.7823,1.35923
6848,10.3,9.98926,601.046,754.542,611.059,755.249,0,6.24329,4.05672,1.64977
6849,344.412,300.407,411.26,421.808,627.764,334.02,1,187.754,156.658,1.83438
6850,0,0,403.804,69.9745,403.804,69.9745,0,0,0,0
6851,227.105,195.611,405.252,304.828,355.47,174.416,0,122.257,104.848,1.8576
6852,29.1001,29.2422,246.713,213.865,249.928,185.113,0,18.2763,10.8237,1.59223
6853,279.408,259.972,365.318,404.059,349.842,174.735,0,162.483,116.925,1.71962
6854,122.499,108.388,174.513,401.346,67.6896,404.825,0,67.7425,54.7562,1.8083
6855,115.199,114.258,260.872,295.19,250.357,184.946,0,71.4111,43.7877,1.61318
6856,9.8,10.9153,644.369,136.28,654.167,131.61,0,6.82205,2.97795,1.43652
6857,113.399,116.1,176.546,523.462,140.12,611.123,0,72.5623,40.8365,1.56278
6858,251.606,228.504,502.103,477.78,615.582,539.613,0,142.815,108.791,1.76176
6859,12.5,14.5573,153.567,679.122,149.795,693.171,0,9.09831,3.4017,1.37388
6860,149.5,131.357,158.964,481.922,139.573,611.184,0,82.0984,67.4016,1.82099
6861,98.8991,84.0835,608.671,678.579,612.364,751.975,0,52.5522,46.3469,1.88192
6862,266.307,174.803,467.56,645.092,613.352,613.191,0,109.252,157.055,2.43755
6863,109.199,123.209,572.256,431.801,615.573,539.621,0,77.0058,32.1931,1.41806
6864,149.1,141.61,299.892,303.265,251.531,184.424,0,88.5062,60.5937,1.68463
6865,110.899,119.972,181.845,261.296,248.59,184.938,0,74.9826,35.9162,1.47899
6866,42.9999,43.9904,582.872,779.576,611.246,755.441,0,27.494,15.5059,1.56397
6867,286.708,246.002,475.971,504.134,613.242,612.578,0,153.751,132.957,1.86476
6868,90.6992,77.8739,587.6,365.493,630.394,334.478,0,48.6712,42.028,1.86351
6869,4.9,3.57271,645.172,189.372,648.315,190.859,0,2.23295,2.66705,2.19441
6870,277.408,164.918,460.411,595.985,613.263,612.382,0,103.074,174.334,2.69135
6871,117.799,121.943,255.027,645.203,144.73,616.269,0,76.2147,41.5841,1.54562
6872,66.0996,75.1893,148.769,537.032,139.589,611.234,0,46.9933,19.1062,1.40657
6873,85.6993,76.8408,588.358,363.991,630.376,334.484,0,48.0255,37.6737,1.78445
6874,143.8,170.78,311.55,313.847,251.562,184.448,0,106.737,37.0623,1.34723
6875,168.401,183.191,504.253,202.414,647.704,191.698,0,114.495,53.9065,1.47082
6876,282.208,294.214,377.051,557.554,144.828,616.069,0,183.884,98.3245,1.53471
6877,47.8998,56.7983,559.397,749.46,612.087,752.749,0,35.4989,12.4009,1.34933
6878,171.701,203.943,420.004,688.272,312.622,818.034,0,127.464,44.2369,1.34705
6879,277.208,192.335,223.976,428.784,67.7306,405.609,0,120.21,156.998,2.30604
6880,212.604,146.899,482.888,164.723,355.426,174.441,0,91.8116,120.792,2.31565
6881,146.2,147.964,278.734,650.794,144.84,616.057,0,92.4772,53.7225,1.58093
6882,108.199,146.869,315.977,699.472,312.578,818.026,0,91.7931,16.4058,1.17873
6883,173.701,162.473,536.143,452.133,615.614,539.674,0,101.546,72.1557,1.71057
6884,275.108,250.371,286.856,431.433,67.6071,404.584,0,156.482,118.626,1.75808
6885,13.8,16.4294,596.744,612.832,613.169,612.807,0,10.2684,3.53162,1.34393
6886,304.409,226.48,467.875,370.831,630.352,334.085,0,141.55,162.859,2.15055
6887,115.199,103.468,516.336,600.2,613.264,612.525,0,64.6675,50.5313,1.7814
6888,212.404,156.049,287.557,625.078,144.696,615.636,0,97.5305,114.873,2.17782
6889,152.7,173.489,524.495,222.278,648.213,190.952,0,108.431,44.2695,1.40827
6890,73.7994,71.498,417.565,155.32,356.123,173.627,0,44.6863,29.1132,1.6515
6891,62.9996,79.2159,327.281,742.089,312.819,817.998,0,49.51,13.4897,1.27246
6892,79.9994,75.918,415.531,200.972,355.637,174.386,0,47.4488,32.5506,1.68602
6893,136.799,180.927,542.961,239.351,648.103,198.044,0,113.08,23.7196,1.20976
6894,143.5,173.106,303.326,683.563,312.279,818.073,0,108.191,35.3084,1.32635
6895,121.799,116.405,453.618,161.781,356.221,173.424,0,72.7534,49.0453,1.67413
6896,252.706,214.568,482.292,248.275,356.146,173.223,0,134.105,118.601,1.88439
6897,84.6993,115.425,250.595,709.952,153.714,700.223,0,72.1405,12.5588,1.17409
6898,34.2001,37.9461,616.602,135.923,653.55,130.014,0,23.7163,10.4837,1.44205
6899,131.499,175.893,543.827,244.374,647.917,197.752,0,109.933,21.5658,1.19617
6900,28.3001,26.711,236.233,204.384,249.619,185.217,0,16.6944,11.6057,1.69519
6901,62.2996,57.0658,605.341,642.906,613.336,613.078,0,35.6661,26.6335,1.74674
6902,0,0,615.978,614.898,615.978,614.898,0,0,0,0
6903,344.412,75.9879,176.545,659.969,173.935,658.75,1,47.4924,296.919,7.25193
6904,162.201,193.191,434.212,712.831,313.087,818.108,0,120.744,41.4565,1.34334
6905,329.711,316.147,332.021,477.617,144.745,615.7,0,197.592,132.119,1.66865
6906,233.705,232.786,464.956,426.162,615.66,540.356,0,145.492,88.2135,1.60631
6907,128.799,150.625,515.021,693.508,612.303,752.118,0,94.1405,34.6581,1.36815
6908,140.499,148.26,518.668,146.63,653.513,130.226,0,92.6626,47.8368,1.51625
6909,67.1995,71.2538,96.6169,448.163,67.725,405.611,0,44.5336,22.6659,1.50896
6910,42.9999,51.6578,409.126,129.46,405.948,78.2392,0,32.2861,10.7138,1.33184
6911,168.301,146.173,496.31,343.37,630.274,334.082,0,91.3581,76.9429,1.84221
6912,182.102,182.941,236.607,508.918,140.248,611.191,0,114.338,67.7635,1.59266
6913,280.508,250.397,453.223,415.285,615.586,539.643,0,156.498,124.01,1.7924
6914,149.9,140.232,432.963,257.041,355.376,174.459,0,87.6452,62.2547,1.7103
6915,95.2991,85.6266,568.586,666.286,613.33,613.105,0,53.5166,41.7825,1.78074
6916,106.499,96.7778,132.165,529.293,139.577,611.269,0,60.4861,46.0128,1.76072
6917,245.206,242.977,471.833,345.311,630.277,334.139,0,151.86,93.3454,1.61468
6918,8.8,8.81683,138.734,602.465,139.902,611.118,0,5.51052,3.28948,1.59694
6919,4.5,4.42388,148.201,688.963,149.625,693.15,0,2.76492,1.73507,1.62753
6920,89.3992,100.748,528.739,758.538,611.175,755.197,0,62.9677,26.4315,1.41976
6921,201.103,181.434,317.933,619.523,144.768,616.137,0,113.396,87.7069,1.77346
6922,146.4,119.08,163.944,424.92,67.6818,405.581,0,74.4251,71.9746,1.96707
6923,43.0999,55.4005,307.004,771.758,311.985,818.333,0,34.6253,8.47459,1.24475
6924,95.1991,96.1686,191.298,239.439,248.737,184.931,0,60.1054,35.0938,1.58387
6925,306.409,283.29,334.234,511.281,144.72,615.615,0,177.056,129.353,1.73058
6926,127.799,123.52,540.837,680.026,613.318,613.148,0,77.2,50.5986,1.65542
6927,112.599,98.6445,218.981,276.054,248.293,184.779,0,61.6528,50.9461,1.82634
6928,220.304,183.561,282.263,577.048,144.795,616.14,0,114.725,105.579,1.92027
6929,193.503,188.019,323.13,617.968,144.844,616.188,0,117.512,75.9906,1.64666
6930,163.901,154.315,286.765,622.611,144.83,616.152,0,96.447,67.4538,1.69939
6931,51.8998,62.7327,340.876,196.85,350.023,174.791,0,39.2079,12.6918,1.32371
6932,0,0,611.636,809.35,611.636,809.35,0,0,0,0
6933,344.412,242.722,385.622,515.764,559.882,451.391,1,151.702,192.71,2.27033
6934,97.4991,101.279,560.215,676.914,613.237,613.042,0,63.2997,34.1994,1.54028
6935,266.607,319.656,321.013,482.669,139.918,611.145,0,199.785,66.8221,1.33447
6936,36.1,40.8826,613.04,133.499,653.484,130.048,0,25.5516,10.5484,1.41283
6937,101.799,97.4316,218.941,274.415,248.929,185.046,0,60.8947,40.9043,1.67172
6938,146.4,183.785,424.422,711.36,313.144,818.155,0,114.865,31.5344,1.27453
6939,213.804,208.65,368.318,355.441,349.729,174.749,0,130.406,83.3976,1.63952
6940,119.999,144.031,509.857,708.648,611.833,753.47,0,90.0193,29.9794,1.33303
6941,252.606,279.728,348.944,544.472,144.825,616.057,0,174.83,77.7761,1.44487
6942,198.503,169.217,229.7,384.589,67.6579,404.791,0,105.761,92.742,1.8769
6943,69.0995,95.9426,340.264,726.288,313.283,818.191,0,59.9641,9.13541,1.15235
6944,133.299,136.78,574.287,397.813,630.342,334.128,0,85.4878,47.8111,1.55927
6945,284.108,256.316,331.298,549.064,144.698,615.694,0,160.198,123.911,1.77349
6946,51.0998,39.1078,234.185,220.051,248.261,184.75,0,24.4424,26.6574,2.09062
6947,39.5,38.7521,610.871,185.917,647.657,191.722,0,24.2201,15.2799,1.63088
6948,112.499,131.161,235.376,770.828,152.776,701.735,0,81.9758,30.5231,1.37234
6949,67.4995,95.1019,340.269,727.222,313.143,818.194,0,59.4387,8.06087,1.13562
6950,318.71,293.489,338.376,504.34,144.738,615.7,0,183.431,135.279,1.7375
6951,192.503,176.826,313.971,621.08,144.841,616.185,0,110.516,81.9863,1.74185
6952,180.802,140.416,475.184,153.025,356.24,173.333,0,87.7598,93.042,2.06019
6953,109.299,107.469,261.322,289.229,249.526,185.182,0,67.1683,42.1306,1.62724
6954,43.8999,61.5526,211.323,721.158,153.618,700.168,0,38.4704,5.42954,1.14114
6955,308.81,279.179,311.394,516.785,144.831,616.166,0,174.487,134.323,1.76982
6956,344.412,294.626,436.444,554.196,599.519,611.734,1,184.141,160.271,1.87037
6957,165.601,127.956,195.118,402.623,67.6981,405.607,0,79.9726,85.6283,2.07072
6958,261.507,246.136,309.381,368.695,249.071,185.119,0,153.835,107.671,1.69991
6959,175.602,189.561,518.36,221.642,648.551,190.781,0,118.476,57.1257,1.48217
6960,235.905,292.968,304.451,503.5,139.942,611.163,0,183.105,52.7999,1.28836
6961,216.904,173.233,490.085,309.166,630.31,334.094,0,108.271,108.633,2.00335
6962,44.9999,50.448,280.288,792.966,311.688,818.358,0,31.53,13.4699,1.42721
6963,312.71,282.857,361.388,430.102,349.601,174.614,0,176.785,135.925,1.76887
6964,48.9998,60.6241,338.623,198.029,350.373,174.915,0,37.8901,11.1098,1.29321
6965,122.799,102.088,544.302,651.904,613.155,612.601,0,63.8052,58.9935,1.92459
6966,334.811,240.904,476.186,473.069,615.643,539.708,0,150.565,184.246,2.2237
6967,101.999,95.7008,249.508,771.155,310.808,818.662,0,59.813,42.186,1.7053
6968,130.599,116.031,525.745,347.835,630.264,334.085,0,72.5192,58.0796,1.80089
6969,77.5994,83.2574,333.748,237.089,349.961,174.793,0,52.0359,25.5635,1.49127
6970,123.899,118.175,421.682,243.37,356.197,173.35,0,73.8595,50.0391,1.67749
6971,141.799,127.264,453.865,151.746,356.153,173.207,0,79.54,62.2594,1.78274
6972,174.301,154.29,190.425,349.583,67.7438,404.791,0,96.4314,77.87,1.80752
6973,89.9992,92.7788,268.31,274.492,249.567,185.205,0,57.9867,32.0125,1.55207
6974,338.511,246.508,445.669,395.058,630.336,334.096,0,154.067,184.444,2.19717
6975,261.107,214.567,492.668,424.912,630.314,334.005,0,134.105,127.002,1.94704
6976,168.501,119.671,222.84,299.929,248.88,184.98,0,74.7943,93.7068,2.25286
6977,90.7992,76.9863,601.072,679.983,612.368,751.915,0,48.1164,42.6828,1.88707
6978,172.901,159.614,333.774,301.234,350.022,174.833,0,99.7585,73.1429,1.7332
6979,30.4001,38.1712,313.121,183.07,349.862,174.749,0,23.857,6.5431,1.27426
6980,18.8,21.6985,418.259,93.0825,407.063,77.719,0,13.5616,5.23847,1.38627
6981,127.399,143.061,142.444,469.291,67.6367,405.56,0,89.4132,37.9855,1.42483
6982,219.004,205.383,494.372,452.672,615.642,539.631,0,128.365,90.6396,1.70611
6983,217.204,146.123,484.167,193.193,355.493,174.431,0,91.3268,125.877,2.37832
6984,338.511,256.634,415.366,623.168,613.305,612.533,0,160.396,178.115,2.11047
6985,107.299,108.817,246.454,621.471,144.659,616.409,0,68.0104,39.2886,1.57768
6986,28.8001,34.0573,620.479,136.639,653.561,130.019,0,21.2858,7.51424,1.35302
6987,100.699,105.503,559.496,150.144,653.467,130.231,0,65.9393,34.7598,1.52715
6988,124.899,150.197,515.674,693.772,612.093,752.567,0,93.873,31.0257,1.33051
6989,181.702,155.2,521.88,390.42,630.307,334.097,0,97.0001,84.7018,1.87321
6990,12.8,16.2128,259.093,198.792,252.519,183.975,0,10.133,2.66699,1.2632
6991,122.499,124.095,354.702,261.019,349.535,174.628,0,77.5595,44.9392,1.57941
6992,64.2996,84.7323,581.08,246.754,647.873,197.817,0,52.9577,11.3419,1.21417
6993,227.405,188.321,273.321,358.027,249.872,185.104,0,117.701,109.704,1.93206
6994,242.206,232.413,460.856,435.326,615.471,540.17,0,145.258,96.9476,1.66742
6995,163.201,153.668,240.055,327.945,249.477,185.184,0,96.0425,67.1582,1.69925
6996,65.1996,68.2195,560.87,731.377,611.899,753.18,0,42.6372,22.5624,1.52917
6997,82.5993,97.1339,240.021,632.564,144.831,616.217,0,60.7087,21.8906,1.36058
6998,141.899,125.683,214.339,302.691,248.11,184.741,0,78.5518,63.3476,1.80644
6999,112.099,150.361,344.763,676.916,313.523,818.318,0,93.9754,18.1235,1.19285
7000,73.0995,92.9647,550.59,496.877,615.59,539.593,0,58.1029,14.9965,1.2581
7001,38.7,36.7093,103.38,399.425,67.665,404.767,0,22.9433,15.7567,1.68676
7002,41.9999,41.9215,602.774,580.58,613.384,612.199,0,26.2009,15.799,1.60299
7003,142.299,105.145,228.452,286.405,249.135,185.11,0,65.7155,76.584,2.16539
7004,270.407,205.627,480.749,393.479,630.282,334.065,0,128.517,141.89,2.10406
7005,344.412,230.825,479.457,492.258,594.73,500.035,1,144.265,200.146,2.38735
7006,197.703,158.822,193.866,324.504,249.304,185.183,0,99.2635,98.4394,1.9917
7007,227.905,173.836,237.895,345.943,249.554,185.206,0,108.647,119.257,2.09766
7008,213.104,275.623,380.225,586.042,312.658,818.002,0,172.265,40.8392,1.23707
7009,66.1996,70.0965,165.909,558.968,140.182,611.195,0,43.8103,22.3893,1.51105
7010,22.8001,26.9264,327.746,188.352,350.015,174.775,0,16.829,5.97103,1.35481
7011,278.308,249.637,318.435,543.459,144.682,615.679,0,156.023,122.285,1.78376
7012,51.6998,63.1882,118.91,565.699,139.862,611.159,0,39.4926,12.2071,1.3091
7013,72.3995,76.5842,577.566,126.986,653.634,129.599,0,47.8651,24.5344,1.51257
7014,344.412,103.248,446.815,346.882,444.598,330.511,1,64.5301,279.882,5.33723
7015,23.1001,27.8732,574.896,835.174,602.474,833.318,0,17.4208,5.67929,1.32601
7016,47.0999,47.4449,580.022,780.031,611.094,755.407,0,29.653,17.4468,1.58837
7017,328.311,324.107,326.813,462.892,67.7547,405.442,0,202.567,125.744,1.62075
7018,61.2996,70.8513,187.132,583.56,144.654,615.622,0,44.2821,17.0176,1.3843
7019,267.107,205.407,492.813,415.522,630.337,333.88,0,128.379,138.728,2.08061
7020,139.499,117.976,249.342,611.844,144.774,616.175,0,73.7349,65.7644,1.8919
7021,51.1998,41.6627,257.952,225.041,249.439,185.192,0,26.0392,25.1606,1.96626
7022,3.5,2.75666,253.139,173.792,251.932,176.271,0,1.72291,1.77709,2.03145
7023,235.705,202.734,494.1,412.072,630.376,334.136,0,126.709,108.996,1.86021
7024,26.8001,22.9294,594.948,602.091,613.295,612.535,0,14.3309,12.4692,1.87009
7025,180.902,180.969,225.698,498.28,140.269,611.23,0,113.106,67.7962,1.59941
7026,186.202,160.005,210.537,319.44,248.887,185.005,0,100.003,86.199,1.86196
7027,26.3001,29.2486,409.842,106.888,405.968,78.1819,0,18.2804,8.01967,1.4387
7028,221.704,178.255,268.499,343.542,249.714,185.225,0,111.41,110.295,1.98999
7029,241.806,325.774,397.662,549.385,312.646,818.012,0,203.609,38.1965,1.1876
7030,177.302,180.738,513.858,200.773,648.593,190.828,0,112.961,64.3406,1.56958
7031,79.8994,87.1659,227.45,268.265,249.558,185.218,0,54.4787,25.4206,1.46662
7032,114.599,152.276,393.917,706.692,313.564,818.31,0,95.1723,19.4266,1.20412
7033,344.412,243.391,479.45,492.671,597.791,512.253,1,152.119,192.292,2.26409
7034,54.5997,71.2441,549.179,809.111,602.454,833.261,0,44.5275,10.0722,1.2262
7035,109.699,137.582,533.448,189.551,648.419,190.907,0,85.989,23.7099,1.27573
7036,147.2,142.933,321.464,280.479,349.76,174.739,0,89.333,57.8668,1.64776
7037,344.412,305.779,378.906,455.931,333.449,186.411,1,191.112,153.3,1.80215
7038,344.412,249.808,456.021,477.332,606.097,540.075,1,156.13,188.282,2.20593
7039,126.299,103.7,209.187,263.633,248.296,184.777,0,64.8124,61.4863,1.94868
7040,25.3001,26.2938,277.427,191.9,253.232,183.319,0,16.4336,8.86644,1.53953
7041,183.202,182.698,220.755,490.663,140.258,611.174,0,114.186,69.0157,1.60441
7042,35.7,30.2716,97.3801,400.843,67.7471,404.78,0,18.9198,16.7803,1.88692
7043,262.807,204.218,477.75,537.216,613.283,612.476,0,127.637,135.17,2.05902
7044,141.599,129.974,281.916,295.726,250.137,184.998,0,81.2337,60.3658,1.74311
7045,161.801,140.207,487.699,588.348,613.307,612.411,0,87.6291,74.1716,1.84643
7046,130.999,127.19,277.253,299.757,249.796,185.146,0,79.4935,51.5053,1.64792
7047,178.902,134.052,488.72,606.303,613.359,613.202,0,83.7827,95.119,2.13531
7048,207.203,171.172,495.715,313.553,630.333,334.064,0,106.983,100.221,1.93679
7049,95.3991,91.7939,164.882,535.69,139.618,611.21,0,57.3712,38.0279,1.66284
7050,0,0,650.016,190.39,650.016,190.39,0,0,0,0
7051,8.3,9.25423,252.956,193.796,250.014,185.022,0,5.7839,2.5161,1.43502
7052,112.799,98.5446,129.972,529.042,139.517,611.253,0,61.5903,51.2085,1.83144
7053,5.2,4.17468,602.289,810.898,606.314,812.005,0,2.60917,2.59082,1.99297
7054,4.2,3.60742,607.72,756.635,611.159,755.549,0,2.25464,1.94536,1.86283
7055,162.101,169.34,323.835,318.754,251.094,184.647,0,105.837,56.2634,1.5316
7056,23.2001,27.9491,601.62,727.671,612.091,752.697,0,17.4682,5.73184,1.32813
7057,200.503,171.556,234.78,394.996,67.6701,404.798,0,107.223,93.2803,1.86997
7058,183.902,145.702,480.126,153.315,356.259,173.167,0,91.0635,92.8385,2.01949
7059,276.908,204.248,478.245,536.323,613.359,613.196,0,127.655,149.253,2.16919
7060,130.399,157.113,285.028,690.011,149.862,693.187,0,98.1953,32.2034,1.32795
7061,114.299,106.445,247.984,630.83,144.679,615.626,0,66.5282,47.7707,1.71805
7062,245.506,258.807,309.89,356.024,250.726,184.819,0,161.754,83.7513,1.51777
7063,253.306,196.531,480.656,391.988,630.342,334.122,0,122.832,130.475,2.06222
7064,168.601,133.497,195.001,395.086,67.7043,405.611,0,83.4356,85.1655,2.02073
7065,96.6991,127.877,352.494,698.074,313.085,818.065,0,79.9229,16.7762,1.2099
7066,215.604,206.407,373.629,343.087,349.465,174.476,0,129.005,86.5993,1.67129
7067,342.812,239.178,445.735,388.108,630.328,334.056,0,149.486,193.326,2.29327
7068,212.904,200.709,304.309,348.432,251.338,184.485,0,125.443,87.4607,1.69721
7069,181.502,178.674,307.518,653.456,144.826,616.174,0,111.672,69.8304,1.62532
7070,57.7997,62.7054,604.629,155.067,653.581,130.292,0,39.1909,18.6088,1.47483
7071,53.6998,62.3717,601.418,367.782,630.271,334.119,0,38.9823,14.7175,1.37754
7072,78.8994,84.7734,224.805,633.147,144.799,616.117,0,52.9834,25.916,1.48913
7073,309.41,242.608,444.853,391.078,630.354,334.081,0,151.63,157.78,2.04056
7074,214.504,265.437,296.119,526.298,139.877,611.074,0,165.898,48.6058,1.29299
7075,0,0,635.85,334.567,635.85,334.567,0,0,0,0
7076,22.6,25.6253,380.621,178.922,355.966,173.654,0,16.0158,6.58422,1.41111
7077,155.1,149.505,369.684,267.283,349.702,174.693,0,93.4409,61.6593,1.65988
7078,254.306,224.438,460.342,334.037,355.594,174.423,0,140.274,114.033,1.81293
7079,133.599,138.764,529.495,146.088,653.582,130.253,0,86.7276,46.8713,1.54044
7080,35,28.0216,95.5744,403.201,67.729,404.848,0,17.5135,17.4866,1.99846
7081,291.509,236.071,494.419,484.752,615.48,540.016,0,147.544,143.964,1.97573
7082,104.499,141.223,561.565,283.518,647.935,197.617,0,88.2641,16.2349,1.18394
7083,111.699,136.054,314.99,281.3,251.135,184.625,0,85.034,26.6649,1.31358
7084,39.6,47.9869,402.114,166.029,356.053,173.572,0,29.9918,9.60814,1.32036
7085,344.412,313.324,378.425,455.456,332.918,183.996,1,195.827,148.584,1.75875
7086,149.9,127.848,512.348,338.256,630.264,334.254,0,79.9052,69.9947,1.87597
7087,153.7,170.981,360.211,664.596,312.742,817.968,0,106.863,46.8368,1.43829
7088,45.8999,56.7625,413.317,133.898,405.949,78.2279,0,35.4766,10.4233,1.29381
7089,64.2996,77.6312,269.894,259.306,250.27,184.869,0,48.5195,15.7801,1.32523
7090,56.8997,76.3409,211.631,694.526,152.66,701.811,0,47.713,9.18667,1.19254
7091,268.207,155.221,496.041,629.873,613.264,612.472,0,97.013,171.194,2.76465
7092,34.7,47.5781,618.442,254.282,635.898,282.389,0,29.7363,4.96373,1.16692
7093,20.1,23.9232,591.368,743.113,612.193,752.504,0,14.952,5.14806,1.34431
7094,118.099,141.981,582.438,423.498,615.567,540.25,0,88.7381,29.3607,1.33087
7095,31.9001,39.9352,598.995,511.939,615.728,539.523,0,24.9595,6.94057,1.27807
7096,301.609,220.232,467.609,371.952,630.304,334.081,0,137.645,163.964,2.19121
7097,133.999,116.369,524.469,336.895,630.363,334.073,0,72.7309,61.2681,1.84239
7098,319.81,257.396,465.772,500.958,613.285,613.221,0,160.872,158.938,1.98797
7099,238.905,202.165,268.315,358.623,248.635,184.867,0,126.353,112.552,1.89077
7100,177.602,232.885,324.676,373.88,251.58,184.358,0,145.553,32.0485,1.22018
7101,214.204,167.044,532.631,536.373,613.264,613.23,0,104.402,109.801,2.05171
7102,304.909,275.124,258.112,470.605,67.6922,404.844,0,171.952,132.957,1.77322
7103,50.6998,45.8109,589.98,641.728,613.3,613.209,0,28.6318,22.068,1.77075
7104,125.299,125.916,347.534,274.68,349.527,174.623,0,78.6973,46.6013,1.59216
7105,8.6,9.65532,621.109,337.106,630.454,334.679,0,6.03458,2.56542,1.42512
7106,31.9001,39.6029,300.362,791.945,312.01,818.152,0,24.7518,7.14827,1.2888
7107,191.803,237.436,347.086,376.082,251.27,184.505,0,148.398,43.405,1.29249
7108,187.702,158.987,499.543,354.411,630.377,334.065,0,99.3669,88.3354,1.88898
7109,215.004,206.903,367.384,353.249,349.569,174.567,0,129.315,85.6894,1.66264
7110,177.702,147.313,198.826,314.557,249.05,185.045,0,92.0703,85.6313,1.93006
7111,35.4,46.0147,607.57,302.189,630.365,334.097,0,28.7592,6.64084,1.23091
7112,168.001,140.51,283.449,312.052,250.586,184.811,0,87.8186,80.1825,1.91305
7113,141.999,130.773,320.105,258.054,349.527,174.563,0,81.7334,60.2661,1.73735
7114,248.306,206.881,423.881,314.725,355.607,174.436,0,129.3,119.005,1.92038
7115,196.903,118.225,230.804,300.179,249.463,185.208,0,73.8906,123.012,2.66479
7116,45.2999,55.2176,557.233,759.063,611.261,754.793,0,34.511,10.7889,1.31262
7117,82.5993,111.413,583.876,269.736,647.964,197.794,0,69.6332,12.9661,1.18621
7118,60.1997,82.7222,335.596,738.535,312.755,817.988,0,51.7014,8.49827,1.16437
7119,110.999,107.246,426.367,227.851,356.112,173.481,0,67.0285,43.9704,1.656
7120,58.7997,72.1816,559.417,342.676,630.281,334.053,0,45.1135,13.6861,1.30337
7121,249.006,162.547,490.095,636.251,613.336,613.204,0,101.592,147.414,2.45104
7122,156.4,174.788,513.46,201.792,648.544,190.8,0,109.242,47.1579,1.43168
7123,38.5,46.8302,278.627,796.755,311.675,818.439,0,29.2689,9.23112,1.31539
7124,87.1992,89.0081,272.677,768.939,310.757,818.677,0,55.6301,31.5691,1.56748
7125,211.304,155.918,470.678,612.53,613.26,613.191,0,97.4485,113.855,2.16836
7126,201.503,192.457,443.402,310.769,355.404,174.399,0,120.285,81.2176,1.67521
7127,165.201,156.679,334.395,297.22,349.71,174.683,0,97.9246,67.2763,1.68702
7128,23.4001,26.7987,382.568,174.222,355.793,174.19,0,16.7492,6.65084,1.39708
7129,50.2998,50.4627,301.165,184.821,253.303,182.914,0,31.5392,18.7606,1.59483
7130,117.299,131.309,513.654,718.332,611.893,753.16,0,82.0682,35.2306,1.42928
7131,311.21,293.288,268.133,462.202,67.7265,405.629,0,183.305,127.905,1.69777
7132,11,11.2008,640.649,206.193,648.176,198.054,0,7.00052,3.99949,1.57131
7133,32.2001,36.2208,391.42,179.613,355.832,174.341,0,22.638,9.56206,1.42239
7134,76.9994,86.8847,580.881,291.004,630.44,334.35,0,54.303,22.6964,1.41796
7135,165.201,141.145,289.84,309.22,250.926,184.675,0,88.2159,76.985,1.87269
7136,328.511,273.5,419.88,437.532,615.64,539.631,0,170.938,157.573,1.92182
7137,169.101,215.29,504.117,262.959,647.941,197.778,0,134.556,34.545,1.25673
7138,22.9001,26.467,140.466,646.944,139.871,620.869,0,16.5419,6.35815,1.38437
7139,149.5,125.298,187.742,391.438,67.6725,405.576,0,78.3112,71.1888,1.90905
7140,50.9998,61.1859,268.997,242.721,250.028,184.976,0,38.2412,12.7586,1.33363
7141,344.412,252.288,419.955,490.405,593.218,495.957,1,157.68,186.732,2.18425
7142,139.499,149.533,558.759,417.535,615.61,539.588,0,93.458,46.0413,1.49264
7143,156.1,132.465,281.832,290.944,250.886,184.737,0,82.7905,73.3098,1.88549
7144,2.8,1.99891,649.648,200.843,650.332,198.965,0,1.24932,1.55068,2.24122
7145,186.602,167.823,304.721,644.371,144.789,616.204,0,104.889,81.7131,1.77904
7146,33.9001,40.889,412.984,117.938,405.876,78.1714,0,25.5556,8.34445,1.32652
7147,38.5,48.909,605.209,299.377,630.356,334.111,0,30.5681,7.93188,1.25948
7148,296.509,234.167,464.691,349.303,355.472,174.409,0,146.355,150.154,2.02596
7149,0,0,147.692,698.485,147.732,698.527,0,0,0,0
7150,336.611,200.019,453.205,639.374,613.251,613.033,0,125.012,211.6,2.69264
7151,67.8995,73.4547,198.18,637.821,144.787,616.186,0,45.9092,21.9904,1.479
7152,136.099,104.596,227.588,285.587,249.627,185.223,0,65.3728,70.7263,2.08189
7153,344.412,239.172,402.84,609.081,586.986,617.219,1,149.483,194.929,2.30403
7154,139.899,121.113,126.164,509.554,140.287,611.25,0,75.6959,64.2035,1.84818
7155,114.899,131.215,514.439,719.31,611.963,752.958,0,82.0094,32.8895,1.40105
7156,150.9,193.145,328.498,343.834,251.737,184.256,0,120.716,30.1842,1.25004
7157,190.302,158.004,173.247,334.438,67.7067,404.805,0,98.7528,91.5497,1.92706
7158,95.0991,98.4119,555.861,123.396,653.462,129.789,0,61.5074,33.5917,1.54614
7159,65.0996,68.0827,160.587,559.239,140.208,611.208,0,42.5517,22.5479,1.52989
7160,13.8,14.5043,404.99,92.4819,405.847,78.2338,0,9.06521,4.73481,1.52231
7161,141.399,120.783,152.524,496.657,139.499,611.21,0,75.4895,65.9099,1.8731
7162,217.104,264.706,259.802,540.56,139.611,611.233,0,165.441,51.6629,1.31227
7163,154.2,151.54,504.277,118.753,653.664,129.588,0,94.7123,59.488,1.62809
7164,0,0,644.263,284.563,644.263,284.563,0,0,0,0
7165,223.104,177.454,449.612,277.734,355.46,174.413,0,110.909,112.196,2.01161
7166,206.603,258.913,384.024,602.114,312.751,817.984,0,161.821,44.7825,1.27674
7167,337.911,248.878,484.507,484.305,615.499,540.168,0,155.549,182.363,2.17238
7168,82.7993,66.5161,300.02,762.289,311.665,818.433,0,41.5726,41.2267,1.99168
7169,344.412,56.0687,534.051,279.371,533.358,279.439,1,35.0429,309.369,9.82829
7170,72.5995,71.1732,599.218,685.535,612.384,751.927,0,44.4832,28.1162,1.63206
7171,55.8997,52.1175,99.0089,433.291,67.7178,404.784,0,32.5734,23.3263,1.71611
7172,7.99999,7.76569,639.024,195.802,646.583,194.376,0,4.85356,3.14644,1.64828
7173,32.3001,37.0845,408.577,114.723,405.891,78.2426,0,23.1778,9.1223,1.39358
7174,170.201,191.223,387.815,668.839,312.641,818.001,0,119.515,50.6866,1.4241
7175,14.9,18.5288,85.6294,400.363,67.6537,404.854,0,11.5805,3.31951,1.28665
7176,0,0,62.2831,402.306,62.2831,402.306,0,0,0,0
7177,26.6001,35.2142,316.477,183.7,350.188,174.932,0,22.0089,4.59119,1.20861
7178,121.099,138.379,367.565,255.681,349.911,174.849,0,86.4867,34.612,1.4002
7179,149.3,138.72,267.117,615.996,144.785,615.965,0,86.7002,62.5997,1.72203
7180,148.4,172.141,540.796,234.664,648.526,190.778,0,107.588,40.812,1.37934
7181,216.704,178.142,216.566,331.333,249.944,185.107,0,111.339,105.365,1.94635
7182,184.202,184.552,230.481,540.423,140.297,611.152,0,115.345,68.8571,1.59697
7183,251.406,213.534,423.58,321.133,355.545,174.396,0,133.459,117.948,1.88378
7184,133.999,138.369,234.53,771.902,152.845,701.809,0,86.4809,47.5181,1.54946
7185,142.399,180.053,296.752,710.11,149.48,693.263,0,112.533,29.8662,1.2654
7186,101.799,90.2844,534.232,600.16,613.252,612.651,0,56.4278,45.3713,1.80406
7187,136.599,143.255,511.47,119.961,653.626,129.594,0,89.5343,47.0648,1.52566
7188,38.9,42.4256,576.216,771.598,611.172,755.509,0,26.516,12.384,1.46704
7189,257.607,282.669,370.539,562.751,144.746,616.189,0,176.668,80.9382,1.45814
7190,344.412,253.117,373.552,500.715,571.688,450.273,1,158.198,186.213,2.17709
7191,255.806,193.559,545.052,509.295,613.165,612.758,0,120.974,134.832,2.11455
7192,25.3001,31.0471,597.523,726.179,612.364,752.036,0,19.4044,5.89564,1.30383
7193,50.2998,57.9249,596.56,697.183,612.277,752.138,0,36.2031,14.0967,1.38938
7194,285.608,233.06,464.824,255.831,356.201,173.258,0,145.663,139.946,1.96075
7195,71.4995,101.755,571.157,237.188,647.853,197.667,0,63.5966,7.90289,1.12427
7196,111.299,115.765,246.912,643.594,144.722,616.28,0,72.3532,38.9457,1.53827
7197,43.4999,47.1087,556.149,830.222,602.356,833.346,0,29.4429,14.057,1.47743
7198,60.6996,77.4526,213.904,678.906,149.349,693.354,0,48.4078,12.2918,1.25392
7199,119.999,119.544,179.729,255.399,248.818,185.047,0,74.7153,45.2835,1.60608
7200,317.81,253.575,467.179,500.396,613.351,613.22,0,158.484,159.326,2.00531
7201,151.3,120.299,497.145,602.825,613.259,613.216,0,75.187,76.113,2.01232
7202,291.509,209.355,252.384,377.082,67.6783,404.878,0,130.847,160.661,2.22786
7203,233.105,206.673,457.831,298.66,355.566,174.427,0,129.17,103.935,1.80463
7204,234.205,158.283,465.195,600.442,613.289,613.167,0,98.9267,135.278,2.36746
7205,173.601,135.953,489.207,610.526,613.355,613.164,0,84.9706,88.6308,2.04308
7206,34.8,37.4948,616.556,132.905,653.492,129.959,0,23.4342,11.3658,1.48501
7207,212.904,176.057,208.004,352.468,67.7331,404.847,0,110.036,102.868,1.93486
7208,45.7999,44.7579,259.63,228.146,249.873,185.106,0,27.9737,17.8262,1.63725
7209,185.802,215.125,352.138,621.29,312.73,818.005,0,134.453,51.3492,1.38191
7210,75.8994,83.1846,333.282,237.133,349.98,174.815,0,51.9904,23.909,1.45987
7211,198.603,118.282,195.042,263.122,248.075,184.748,0,73.9261,124.677,2.6865
7212,86.0993,89.9393,310.371,741.244,312.225,818.221,0,56.2121,29.8872,1.53169
7213,344.412,244.092,447.168,399.907,623.837,333.84,1,152.557,191.854,2.25759
7214,233.705,215.128,386.606,337.417,349.828,174.736,0,134.455,99.2502,1.73817
7215,198.503,177.18,267.495,342.513,251.199,184.473,0,110.738,87.7653,1.79255
7216,301.209,250.137,237.871,471.183,67.6984,405.599,0,156.336,144.874,1.92668
7217,41.3999,40.0319,292.146,183.894,253.41,182.917,0,25.0199,16.38,1.65468
7218,36.3,36.6776,576.296,817.093,602.484,833.046,0,22.9235,13.3765,1.58353
7219,134.999,173.44,409.559,701.714,313.679,818.4,0,108.4,26.599,1.24538
7220,34.2001,38.6841,610.371,184.877,647.797,191.499,0,24.1776,10.0225,1.41454
7221,145.4,146.896,508.174,120.723,653.559,129.576,0,91.8102,53.5895,1.5837
7222,276.708,220.063,489.538,273.125,356.146,173.485,0,137.54,139.168,2.01184
7223,172.701,208.667,419.929,692.856,313.213,818.176,0,130.417,42.2842,1.32422
7224,21.1,25.804,159.229,602.937,144.614,616.443,0,16.1275,4.97253,1.30833
7225,264.507,317.078,315.484,489.024,139.904,611.06,0,198.174,66.3333,1.33472
7226,48.4998,40.3575,590.915,636.197,613.279,613.222,0,25.2234,23.2764,1.92281
7227,30.3001,29.9802,585.05,604.465,613.306,612.379,0,18.7376,11.5625,1.61707
7228,75.2994,107.768,351.961,719.66,313.185,818.202,0,67.3547,7.94469,1.11795
7229,162.001,165.82,502.382,136.639,653.616,129.66,0,103.638,58.3631,1.56315
7230,24.5001,21.7206,594.563,603.825,613.214,612.792,0,13.5753,10.9247,1.80475
7231,213.504,179.278,296.267,333.079,249.865,185.139,0,112.049,101.455,1.90546
7232,128.499,140.177,545.623,460.044,615.591,539.602,0,87.6108,40.8879,1.4667
7233,138.299,106.973,219.665,284.031,248.93,184.983,0,66.8584,71.4409,2.06854
7234,115.899,108.036,426.835,227.867,355.615,174.449,0,67.5225,48.3763,1.71645
7235,239.305,302.217,339.89,430.607,250.625,184.817,0,188.886,50.4195,1.26693
7236,28.0001,30.4484,386.076,175.143,355.768,174.253,0,19.0302,8.96984,1.47135
7237,50.9998,67.607,552.437,812.237,602.489,833.256,0,42.2544,8.7454,1.20697
7238,122.999,128.239,204.685,534.22,140.018,611.092,0,80.1491,42.8496,1.53462
7239,230.405,245.17,277.196,527.963,144.651,615.742,0,153.231,77.1738,1.50364
7240,244.106,221.359,482.416,462.536,615.542,539.798,0,138.35,105.756,1.76441
7241,109.799,146.31,272.192,675.673,149.447,693.253,0,91.4438,18.3551,1.20072
7242,79.4994,80.1535,540.464,607.975,613.193,612.822,0,50.0959,29.4034,1.58694
7243,41.3999,37.0776,284.09,201.342,252.446,184.048,0,23.1735,18.2264,1.78652
7244,230.005,173.849,233.679,344.53,248.929,185.009,0,108.656,121.349,2.11682
7245,344.112,249.563,484.686,488.226,615.663,539.593,0,155.977,188.135,2.20617
7246,265.507,234.038,483.205,348.645,630.373,334.111,0,146.274,119.233,1.81513
7247,331.311,248.921,459.451,469.045,615.575,539.563,0,155.575,175.736,2.12958
7248,208.003,171.735,463.506,575.779,613.261,612.385,0,107.334,100.669,1.9379
7249,59.0997,73.5117,542.019,761.591,611.145,755.3,0,45.9448,13.1549,1.28632
7250,116.899,148.01,274.576,673.842,149.638,693.211,0,92.5061,24.3927,1.26369
7251,174.401,139.518,553.367,549,613.351,612.415,0,87.1989,87.2025,2.00004
7252,82.3993,90.9197,117.131,455.651,67.8247,405.3,0,56.8248,25.5745,1.45006
7253,344.412,206.985,417.773,511.214,561.345,451.553,1,129.366,215.046,2.66232
7254,294.309,139.086,188.275,656.523,149.733,693.189,0,86.9287,207.38,3.38563
7255,124.499,147.128,571.233,413.816,615.665,540.504,0,91.9553,32.5434,1.3539
7256,196.803,202.177,497.652,452,615.51,540.188,0,126.361,70.4423,1.55747
7257,59.5997,76.8647,588.483,476.688,615.785,539.517,0,48.0405,11.5592,1.24061
7258,274.408,234.303,267.517,410.433,67.6874,404.833,0,146.44,127.968,1.87386
7259,324.511,251.674,453.445,462.327,615.58,539.647,0,157.296,167.214,2.06305
7260,344.412,220.046,398.446,509.468,556.457,452.609,1,137.529,206.883,2.50429
7261,145.5,118.365,252.126,287.268,248.468,184.792,0,73.9781,71.5216,1.96679
7262,95.2991,102.626,348.888,240.433,349.678,174.723,0,64.1415,31.1576,1.48576
7263,133.699,168.402,338.653,659.615,313.65,818.401,0,105.251,28.4476,1.27028
7264,16.2,17.1562,156.917,610.586,144.712,615.802,0,10.7226,5.47742,1.51083
7265,76.5994,74.2491,601.794,684.371,612.376,752.031,0,46.4057,30.1937,1.65065
7266,48.5998,64.1218,268.839,246.121,250.651,184.764,0,40.0761,8.52369,1.21269
7267,232.005,307.357,387.497,569.396,312.785,818.055,0,192.098,39.907,1.20774
7268,263.307,281.813,359.031,552.971,144.774,616.181,0,176.133,87.1734,1.49493
7269,120.499,106.721,166.054,383.75,67.7107,404.861,0,66.7006,53.7981,1.80656
7270,11.2,11.1514,600.151,803.456,606.862,810.893,0,6.9696,4.23041,1.60698
7271,178.502,159.383,207.173,360.743,67.6584,404.788,0,99.6142,78.8875,1.79193
7272,87.4992,98.3809,276.85,278.38,250.374,184.914,0,61.4881,26.0112,1.42303
7273,109.699,115.272,280.182,739.359,311.485,818.463,0,72.0453,37.6536,1.52264
7274,106.899,96.5856,608.352,708.613,612.36,752.003,0,60.366,46.533,1.77085
7275,324.011,232.372,481.224,368.314,630.308,334.071,0,145.233,178.778,2.23097
7276,80.9993,106.954,243.495,684.721,149.533,693.204,0,66.8465,14.1529,1.21172
7277,143,131.727,482.548,181.626,356.211,173.272,0,82.3292,60.6703,1.73692
7278,344.412,183.456,419.042,509.768,540.713,444.025,1,114.66,229.752,3.00376
7279,210.104,156.537,507.182,680.777,613.264,613.211,0,97.8359,112.268,2.14751
7280,222.804,306.252,390.986,566.722,312.67,817.969,0,191.408,31.3966,1.16403
7281,50.3998,57.5654,611.743,159.629,648.669,190.799,0,35.9784,14.4214,1.40084
7282,113.999,107.038,163.833,513.156,139.529,611.237,0,66.8988,47.1001,1.70405
7283,23.3001,27.8003,316.277,790.646,312.797,817.955,0,17.3752,5.92484,1.34099
7284,255.006,220.077,389.551,339.839,349.856,174.806,0,137.548,117.458,1.85395
7285,55.2997,71.2088,589.528,482.433,615.775,540.635,0,44.5055,10.7943,1.24254
7286,137.899,112.414,549.346,576.974,613.272,612.507,0,70.2589,67.6403,1.96273
7287,324.511,316.224,325.33,460.81,67.7397,404.768,0,197.64,126.871,1.64193
7288,124.499,114.27,226.306,754.478,152.781,701.717,0,71.419,53.0797,1.74321
7289,157.4,158.323,613.598,425.553,615.651,539.609,0,98.9519,58.4485,1.59068
7290,322.41,213.205,427.36,633.143,613.313,613.211,0,133.253,189.157,2.41954
7291,173.801,176.736,342.371,316.02,349.801,174.733,0,110.46,63.3417,1.57344
7292,93.9991,91.9189,381.733,203.901,355.627,174.39,0,57.4493,36.5498,1.63621
7293,243.206,213.945,390.037,326.887,349.893,174.75,0,133.715,109.49,1.81883
7294,24.3001,30.1805,623.387,213.893,648.332,198.133,0,18.8628,5.43724,1.28825
7295,119.099,132.022,297.076,293.977,251.38,184.548,0,82.5141,36.5847,1.44338
7296,148.5,144.05,327.345,268.996,349.896,174.826,0,90.0314,58.4685,1.64942
7297,200.503,151.803,217.386,405.538,67.6462,405.599,0,94.8768,105.626,2.1133
7298,221.704,279.032,289.764,495.983,139.913,611.166,0,174.395,47.3091,1.27127
7299,18,21.4067,413.914,98.0017,406.065,78.2016,0,13.3792,4.62084,1.34537
7300,323.311,356.585,359.773,490.611,144.762,616.067,0,222.865,100.445,1.4507
7301,277.108,271.296,346.511,550.51,144.672,615.604,0,169.56,107.547,1.63427
7302,72.6995,73.9095,422.647,153.736,356.062,173.588,0,46.1934,26.506,1.57381
7303,264.007,207.866,471.567,399.315,630.34,334.06,0,129.916,134.091,2.03213
7304,302.109,274.741,436.059,367.534,355.571,174.331,0,171.713,130.396,1.75938
7305,69.4995,70.7876,418.042,150.64,356.079,173.639,0,44.2423,25.2572,1.57088
7306,87.3992,91.4963,307.057,738.397,312.145,818.201,0,57.1852,30.2141,1.52835
7307,132.899,152.236,537.257,216.085,648.426,190.779,0,95.1476,37.7513,1.39677
7308,240.906,232.563,499.03,476.711,615.574,540.317,0,145.352,95.5536,1.65739
7309,45.1999,52.9298,408.912,130.615,405.943,78.1965,0,33.0811,12.1188,1.36633
7310,140.299,145.402,368.448,268.707,349.68,174.607,0,90.876,49.4234,1.54386
7311,257.707,210.849,476.125,267.548,355.491,174.395,0,131.781,125.926,1.95557
7312,289.008,255.042,450.438,411.804,615.64,539.588,0,159.401,129.607,1.81309
7313,92.5992,122.686,365.558,713.587,313.284,818.153,0,76.6787,15.9205,1.20763
7314,16.3,16.3327,83.8136,406.716,67.8409,405.338,0,10.208,6.09207,1.5968
7315,153.6,123.219,188.393,401.554,67.6834,405.604,0,77.0117,76.5885,1.9945
7316,172.401,134.518,526.298,648.555,613.264,613.219,0,84.0737,88.3276,2.0506
7317,125.599,157.695,360.272,676.319,312.789,817.978,0,98.5592,27.0395,1.27435
7318,89.3992,76.3491,603.574,684.056,612.426,751.985,0,47.7182,41.681,1.87348
7319,4.8,4.65993,608.54,612.61,613.171,612.787,0,2.91246,1.88754,1.64809
7320,105.199,139.728,558.037,276.933,648.185,198.115,0,87.3299,17.8691,1.20462
7321,18.7,19.716,261.852,200.952,252.637,183.99,0,12.3225,6.37756,1.51756
7322,344.412,256.219,451.697,480.983,605.856,537.459,1,160.137,184.275,2.15073
7323,15.2,16.4095,614.293,332.183,630.36,334.099,0,10.2559,4.94411,1.48207
7324,258.007,195.706,250.481,405.516,67.7158,404.829,0,122.316,135.69,2.10934
7325,248.706,238.579,460.832,430.127,615.599,540.432,0,149.112,99.5941,1.66791
7326,38.8,43.4626,407.014,121.2,405.855,78.1456,0,27.1641,11.6359,1.42835
7327,57.4997,68.0533,329.298,222.622,349.882,174.751,0,42.5333,14.9664,1.35187
7328,344.412,82.484,483.06,357.429,482.735,366.365,1,51.5525,292.859,6.68079
7329,90.1992,92.0963,313.706,237.212,349.46,174.646,0,57.5602,32.639,1.56704
7330,232.705,175.518,205.111,341.658,67.6532,404.812,0,109.699,123.006,2.12131
7331,53.8997,43.5656,253.753,227.833,250.301,184.912,0,27.2285,26.6712,1.97953
7332,132.099,159.533,285.847,690.416,149.311,693.278,0,99.7078,32.391,1.32486
7333,140.699,132.922,225.828,591.307,144.665,615.587,0,83.0763,57.6231,1.69362
7334,235.105,198.408,404.604,307.846,356.157,173.357,0,124.005,111.1,1.89594
7335,115.999,150.369,312.868,695.65,312.507,818.041,0,93.9809,22.0179,1.23428
7336,238.505,197.872,473.091,304.702,630.27,334.077,0,123.67,114.835,1.92856
7337,221.104,215.62,348.893,352.057,349.663,174.562,0,134.762,86.342,1.6407
7338,21.5,23.8634,587.579,754.866,611.097,755.362,0,14.9146,6.58542,1.44154
7339,232.605,291.203,277.281,488.647,139.864,611.147,0,182.002,50.6029,1.27803
7340,43.2999,51.2213,561.46,759.852,611.179,754.784,0,32.0133,11.2866,1.35256
7341,21.3,21.9864,248.65,207.085,249.479,185.23,0,13.7415,7.55855,1.55005
7342,234.705,185.889,532.409,523.82,613.254,612.619,0,116.18,118.525,2.02018
7343,146.4,146.085,518.256,136.053,653.619,129.584,0,91.3031,55.0966,1.60345
7344,281.508,245.348,261.055,441.015,67.6386,404.586,0,153.342,128.166,1.83581
7345,299.309,241.444,458.998,461.89,615.554,540.142,0,150.902,148.407,1.98346
7346,79.3994,83.0049,576.698,141.647,653.59,129.597,0,51.878,27.5213,1.5305
7347,119.499,116.788,560.127,384.855,630.413,333.731,0,72.9924,46.5064,1.63714
7348,49.9998,41.6315,283.017,210.86,252.421,183.994,0,26.0197,23.9801,1.92161
7349,9.7,11.7047,155.697,620.112,144.385,617.105,0,7.31544,2.38456,1.32596
7350,223.304,159.917,189.595,320.394,248.722,184.879,0,99.9483,123.356,2.2342
7351,209.504,258.221,392.754,633.686,313.062,818.087,0,161.388,48.1154,1.29813
7352,190.502,145.836,493.595,649.461,613.34,613.222,0,91.1475,99.3549,2.09005
7353,129.499,141.058,584.24,423.22,615.597,539.578,0,88.1611,41.3376,1.46889
7354,89.2992,123.148,337.144,698.768,312.83,817.996,0,76.9674,12.3318,1.16022
7355,155.7,177.328,358.249,659.403,312.285,818.079,0,110.83,44.8703,1.40486
7356,42.0999,52.3735,576.592,784.26,606.478,811.626,0,32.7334,9.36652,1.28615
7357,163.901,173.754,518.128,440.329,615.551,540.394,0,108.596,55.3048,1.50927
7358,109.199,145.742,556.391,271.139,647.877,197.718,0,91.0886,18.1103,1.19882
7359,32.0001,31.3404,282.142,194.73,253.092,183.591,0,19.5878,12.4123,1.63368
7360,274.708,192.591,450.795,623.35,613.312,613.159,0,120.369,154.338,2.28221
7361,191.102,189.894,216.609,479.471,139.496,611.196,0,118.684,72.4187,1.61018
7362,27.0001,30.4965,602.015,333.346,630.287,334.105,0,19.0603,7.93978,1.41656
7363,344.412,235.183,482.453,484.573,604.465,532.567,1,146.99,197.422,2.3431
7364,3.9,2.85589,603.133,813.019,605.985,812.881,0,1.78493,2.11507,2.18496
7365,191.502,132.829,162.227,439.075,67.7436,405.55,0,83.0184,108.484,2.30675
7366,344.412,220.029,458.494,377.123,622.857,333.945,1,137.518,206.894,2.50448
7367,135.299,156.84,281.837,689.56,149.461,693.365,0,98.025,37.274,1.38025
7368,253.906,234.621,462.514,434.825,615.601,539.622,0,146.638,107.268,1.73152
7369,28.3001,32.461,136.495,652.622,139.89,620.928,0,20.2881,8.01197,1.39491
7370,103.799,104.815,219.887,651.607,144.688,615.586,0,65.5092,38.2897,1.58449
7371,123.599,144.96,533.179,181.047,648.246,190.946,0,90.6,32.9987,1.36422
7372,152.2,141.611,244.734,318.654,250.239,184.942,0,88.507,63.6931,1.71964
7373,241.706,195.312,260.595,355.912,250.765,184.656,0,122.07,119.635,1.98006
7374,344.412,245.232,484.642,486.026,606.488,539.615,1,153.27,191.142,2.24709
7375,317.91,285.869,410.726,396.159,349.883,174.66,0,178.668,139.242,1.77934
7376,156.6,146.83,179.058,348.976,67.744,404.811,0,91.7688,64.8315,1.70647
7377,90.3992,110.388,568.306,171.372,653.545,130.122,0,68.9926,21.4066,1.31027
7378,16.7,18.1556,612.116,334.353,630.265,334.14,0,11.3472,5.3528,1.47173
7379,206.403,145.941,478.991,162.222,356.127,173.455,0,91.213,115.19,2.26287
7380,221.604,197.154,478.79,392.393,630.261,334.103,0,123.221,98.3831,1.79843
7381,2.6,1.83943,69.0886,407.094,67.3996,406.366,0,1.14964,1.45036,2.26157
7382,79.7994,91.3576,186.967,560.634,140.149,611.123,0,57.0985,22.7008,1.39757
7383,344.412,279.49,90.2113,458.76,90.3426,460.023,1,174.681,169.731,1.97166
7384,65.5996,93.9174,577.034,254.558,648.014,197.842,0,58.6984,6.90122,1.11757
7385,130.499,122.939,217.87,604.645,144.649,615.604,0,76.8371,53.6617,1.69838
7386,154.2,116.705,538.724,658.253,613.253,613.202,0,72.9408,81.2594,2.11405
7387,144.4,138.584,349.103,289.482,349.516,174.582,0,86.6147,57.7849,1.66715
7388,82.7993,112.315,324.793,712.991,312.5,817.959,0,70.1967,12.6026,1.17953
7389,55.5997,66.4751,411.208,143.869,405.946,78.1402,0,41.5469,14.0528,1.33824
7390,278.708,252.108,364.235,397.041,349.726,174.742,0,157.568,121.14,1.76881
7391,196.203,186.171,408.351,297.945,355.423,174.394,0,116.357,79.8459,1.68622
7392,170.001,164.559,238.118,572.384,144.64,615.618,0,102.85,67.1516,1.65291
7393,225.005,187.026,230.68,350.548,251.255,184.48,0,116.891,108.114,1.92491
7394,188.102,149.118,506.937,673.476,613.34,612.46,0,93.1989,94.9033,2.01829
7395,183.602,153.339,187.524,307.596,248.66,184.922,0,95.8367,87.7653,1.91578
7396,277.708,244.541,459.708,459.085,615.632,540.278,0,152.838,124.869,1.817
7397,256.006,208.138,476.864,270.399,356.081,173.484,0,130.087,125.92,1.96797
7398,69.9995,73.3904,271.001,779.418,310.576,818.862,0,45.869,24.1305,1.52608
7399,146.7,181.731,311.395,324.008,251.794,184.349,0,113.582,33.1182,1.29158
7400,183.502,134.885,501.971,651.074,613.255,612.367,0,84.3033,99.1987,2.17669
7401,259.907,241.676,368.196,387.312,349.871,174.699,0,151.047,108.859,1.7207
7402,237.105,229.853,466.162,426.458,615.668,539.625,0,143.658,93.4473,1.65048
7403,206.803,263.985,333.802,394.767,251.661,184.265,0,164.991,41.8127,1.25342
7404,344.412,271.352,405.285,487.722,596.749,500.796,1,169.595,174.817,2.03079
7405,251.206,177.156,464.092,643.226,613.352,613.213,0,110.722,140.484,2.26879
7406,34.9,40.1055,174.601,632.547,144.772,615.842,0,25.0659,9.8341,1.39233
7407,344.412,277,434.561,562.728,594.86,614.065,1,173.125,171.287,1.98938
7408,156.3,188.805,388.214,672.279,312.633,818.01,0,118.003,38.2972,1.32454
7409,209.604,146.365,481.654,164.471,356.17,173.371,0,91.4782,118.125,2.2913
7410,46.3999,35.6122,592.409,631.237,613.28,613.217,0,22.2576,24.1422,2.08467
7411,274.008,206.135,468.991,385.801,630.271,333.949,0,128.834,145.173,2.12682
7412,54.4997,68.832,269.918,250.134,250.743,184.658,0,43.02,11.4798,1.26685
7413,68.7995,66.9504,269.152,248.744,249.842,185.077,0,41.844,26.9555,1.64419
7414,326.211,297.996,358.534,443.753,349.56,174.606,0,186.247,139.963,1.75149
7415,0,0,61.6882,407.275,61.6882,407.275,0,0,0,0
7416,115.599,128.107,612.592,739.655,612.422,752.032,0,80.0669,35.5319,1.44378
7417,64.9996,67.1716,596.153,688.245,612.395,751.979,0,41.9823,23.0173,1.54826
7418,157.6,156.139,231.63,569.844,144.699,615.679,0,97.587,60.0134,1.61497
7419,189.202,118.651,226.509,299.003,249.49,185.193,0,74.1569,115.045,2.55138
7420,173.701,198.598,525.399,506.124,615.634,540.45,0,124.124,49.5774,1.39942
7421,344.412,101.828,585.828,320.234,581.147,325.66,1,63.6426,280.769,5.41165
7422,145.5,133.516,355.099,270.18,349.897,174.8,0,83.4473,62.0524,1.74361
7423,173.301,151.59,286.063,625.77,144.73,615.657,0,94.7435,78.5579,1.82916
7424,124.199,151.535,277.51,675.759,149.384,693.293,0,94.7094,29.4893,1.31137
7425,88.0992,90.634,555.002,324.63,630.274,333.856,0,56.6463,31.453,1.55525
7426,102.999,114.031,131.586,464.508,67.6415,405.539,0,71.2695,31.7295,1.4452
7427,187.902,181.573,430.475,303.629,355.448,174.414,0,113.483,74.4194,1.65578
7428,236.605,189.461,254.553,354.33,248.462,184.845,0,118.413,118.192,1.99814
7429,161.901,157.232,278.857,662.987,144.764,616.211,0,98.2698,63.6309,1.64751
7430,2.7,1.88146,606.448,817.819,607.586,816.323,0,1.17591,1.52409,2.29609
7431,54.5997,50.394,593.24,647.212,613.273,613.205,0,31.4963,23.1035,1.73353
7432,163.401,135.967,522.69,672.733,613.27,613.222,0,84.9792,78.4216,1.92283
7433,39.5,37.0109,287.734,193.99,253.158,183.425,0,23.1318,16.3682,1.7076
7434,65.2996,70.2196,554.42,606.438,613.166,612.77,0,43.8872,21.4124,1.48789
7435,302.609,251.035,289.434,431.75,67.6654,404.927,0,156.897,145.713,1.92872
7436,83.5993,89.6718,334.98,243.486,349.88,174.804,0,56.0448,27.5545,1.49165
7437,92.1992,81.8059,431.835,182.78,356.286,173.122,0,51.1287,41.0705,1.80328
7438,313.81,257.408,428.774,393.613,630.344,334.082,0,160.88,152.93,1.95058
7439,32.2001,43.8814,193.848,716.53,152.67,701.813,0,27.4259,4.77421,1.17408
7440,143.8,127.425,527.22,667.589,613.274,613.177,0,79.6406,64.1589,1.80561
7441,6.1,5.49636,607.87,611.555,613.202,612.645,0,3.43522,2.66477,1.77572
7442,95.3991,131.55,343.753,695.995,312.755,818.021,0,82.2188,13.1803,1.16031
7443,311.11,298.131,326.707,493.843,144.825,616.149,0,186.332,124.778,1.66966
7444,322.71,260.737,470.544,517.088,613.252,612.591,0,162.96,159.75,1.9803
7445,116.999,112.391,376.608,217.912,355.574,174.436,0,70.2443,46.7545,1.6656
7446,43.3999,49.1126,280.999,794.299,311.484,818.406,0,30.6954,12.7045,1.41389
7447,239.405,164.511,500.249,160.469,356.22,173.378,0,102.82,136.586,2.3284
7448,47.0999,57.3219,119.448,572.995,139.94,611.155,0,35.8262,11.2737,1.31468
7449,174.701,223.222,499.153,258.581,647.854,197.602,0,139.514,35.1875,1.25221
7450,279.208,240.941,478.212,480.421,615.665,539.646,0,150.588,128.62,1.85411
7451,127.599,156.682,507.536,695.765,611.92,753.05,0,97.9262,29.6724,1.30301
7452,72.4995,84.5574,157.159,536.358,139.527,611.216,0,52.8484,19.6511,1.37184
7453,81.6993,89.7135,232.922,629.942,144.783,616.051,0,56.0709,25.6284,1.45707
7454,131.899,170.491,391.7,689.373,313.342,818.224,0,106.557,25.342,1.23783
7455,64.5996,74.7762,576.241,348.948,630.283,334.055,0,46.7351,17.8645,1.38225
7456,112.299,154.381,547.656,287.095,648.068,197.986,0,96.4881,15.8108,1.16386
7457,36.7,31.5121,234.249,211.052,248.637,184.899,0,19.6951,17.005,1.86341
7458,45.8999,42.4347,294.414,187.004,253.422,182.76,0,26.5217,19.3782,1.73065
7459,139.699,108.968,224.504,288.537,249.03,185.016,0,68.1052,71.5941,2.05123
7460,17.1,18.3057,593.122,754.149,611.125,755.307,0,11.4411,5.65897,1.49462
7461,186.402,214.062,382.446,641.317,313.075,818.158,0,133.789,52.6133,1.39326
7462,63.4996,81.748,537.166,776.856,611.116,755.261,0,51.0925,12.4071,1.24284
7463,50.3998,55.2079,407.163,182.625,355.669,174.333,0,34.5049,15.8949,1.46065
7464,288.008,242.153,490.227,484.61,615.626,539.572,0,151.346,136.663,1.90298
7465,62.4996,70.7592,194.175,590.509,144.64,615.609,0,44.2245,18.2751,1.41323
7466,37.4,42.5311,409.962,120.12,405.888,78.2004,0,26.582,10.818,1.40697
7467,61.4996,59.987,573.767,640.034,613.346,613.133,0,37.4919,24.0078,1.64035
7468,312.61,241.234,492.639,488.293,615.53,539.851,0,150.771,161.839,2.0734
7469,249.406,207.78,479.418,274.65,355.555,174.404,0,129.862,119.544,1.92054
7470,120.899,159.052,394.079,700.655,313.672,818.417,0,99.4076,21.4911,1.21619
7471,99.899,116.989,186.359,259.715,248.423,184.804,0,73.1181,26.7809,1.36627
7472,91.1992,101.088,197.087,562.028,140.013,611.093,0,63.18,28.0192,1.44348
7473,134.699,149.231,527.567,194.314,647.683,191.892,0,93.2693,41.4297,1.44419
7474,23.7001,27.2201,614.597,292.585,635.878,282.463,0,17.0126,6.68747,1.39309
7475,123.099,157.509,285.693,698.552,310.481,818.866,0,98.443,24.6557,1.25046
7476,125.999,125.477,275.816,299.926,249.82,185.075,0,78.4233,47.5753,1.60665
7477,102.999,108.413,284.717,282.23,249.717,185.194,0,67.7579,35.2411,1.5201
7478,20.8,25.0531,380.704,175.356,355.838,174.137,0,15.6582,5.14185,1.32838
7479,141.699,154.813,540.724,213.437,647.689,191.772,0,96.7579,44.9416,1.46447
7480,89.5992,91.2852,230.449,272.373,249.13,185.109,0,57.0532,32.546,1.57045
7481,84.1993,71.5159,598.651,355.922,630.306,334.064,0,44.6974,39.5019,1.88376
7482,6.5,6.5746,357.961,180.429,355.454,174.359,0,4.10912,2.39087,1.58184
7483,201.503,258.984,331.303,389.019,251.644,184.315,0,161.865,39.6381,1.24488
7484,344.412,219.937,460.809,469.63,597.26,510.036,1,137.461,206.951,2.50553
7485,180.502,161.764,195.988,354.152,67.6574,404.782,0,101.102,79.3994,1.78534
7486,174.501,146.483,199.842,370.785,67.6715,405.614,0,91.5519,82.9495,1.90604
7487,244.106,172.856,494.147,683.617,613.266,613.184,0,108.035,136.07,2.2595
7488,13,16.4652,638.086,135.664,653.657,130.333,0,10.2908,2.70926,1.26327
7489,107.099,121.467,572.21,433.93,615.578,539.673,0,75.9171,31.1818,1.41074
7490,2.8,1.91107,654.212,200.475,653.414,198.738,0,1.19442,1.60558,2.34423
7491,153.6,148.133,178.767,349.588,67.6624,404.811,0,92.5829,61.0173,1.65906
7492,161.401,207.965,512.824,259.682,648.121,198.019,0,129.978,31.4224,1.24175
7493,243.506,327.493,393.743,590.205,312.647,818.073,0,204.683,38.8226,1.18967
7494,320.91,322.24,328.772,473.696,144.769,616.179,0,201.4,119.51,1.5934
7495,91.4992,114.722,563.166,209.288,647.753,191.506,0,71.7015,19.7977,1.27611
7496,65.2996,83.4543,536.073,778.264,611.26,754.882,0,52.1589,13.1407,1.25194
7497,67.9995,76.7631,556.639,339.142,630.338,334.078,0,47.9769,20.0226,1.41734
7498,15.7,20.4613,135.853,640.732,139.874,620.808,0,12.7883,2.91168,1.22768
7499,153.3,187.012,428.866,712.883,313.125,818.075,0,116.882,36.4178,1.31158
7500,59.0997,45.7681,256.24,229.82,249.654,185.176,0,28.6051,30.4946,2.06606
7501,185.402,165.914,193.637,341.552,67.7398,404.783,0,103.696,81.7057,1.78793
7502,172.401,184.361,513.566,220.305,648.565,190.783,0,115.226,57.1757,1.49621
7503,159.701,175.84,541.917,238.034,647.771,191.704,0,109.9,49.8004,1.45314
7504,95.0991,110.703,230.221,652.823,144.676,616.372,0,69.1895,25.9096,1.37447
7505,49.2998,52.116,263.598,234.619,250.31,184.949,0,32.5725,16.7273,1.51354
7506,6.8,7.22544,259.511,186.843,252.976,183.822,0,4.5159,2.2841,1.50579
7507,63.5996,59.2282,125.978,397.428,67.7391,404.783,0,37.0176,26.582,1.71809
7508,284.208,234.974,269.755,425.542,67.4598,405.944,0,146.858,137.35,1.93525
7509,216.304,166.618,408.174,270.135,355.431,174.404,0,104.136,112.168,2.07713
7510,267.007,230.786,477.002,472.194,615.501,540.095,0,144.241,122.766,1.85112
7511,71.2995,76.6789,312.185,220.631,349.943,174.826,0,47.9243,23.3752,1.48775
7512,271.107,247.526,455.296,417.434,615.68,540.293,0,154.704,116.403,1.75243
7513,0,0,607.311,815.382,607.311,815.382,0,0,0,0
7514,6.7,6.53337,142.763,605.189,141.031,611.489,0,4.08336,2.61664,1.64081
7515,240.005,242.206,330.856,563.458,144.831,616.103,0,151.379,88.6267,1.58546
7516,164.501,130.029,508.838,655.008,613.294,613.21,0,81.2681,83.2327,2.02417
7517,75.2994,81.0583,570.508,359.412,630.302,334.054,0,50.6614,24.638,1.48633
7518,246.806,210.007,329.793,602.507,144.755,616.085,0,131.255,115.551,1.88036
7519,24.3001,27.7126,602.254,727.028,612.331,752.055,0,17.3204,6.97966,1.40297
7520,226.205,169.922,506.662,387.793,630.359,334.077,0,106.202,120.003,2.12996
7521,117.899,161.842,552.472,256.377,647.949,197.709,0,101.151,16.7478,1.16557
7522,344.412,245.976,400.629,612.877,596.772,611.84,1,153.735,190.677,2.24029
7523,72.8995,83.1167,546.477,633.454,613.204,612.615,0,51.948,20.9515,1.40332
7524,96.9991,96.4019,567.8,683.932,612.304,752.078,0,60.2512,36.7479,1.60991
7525,114.999,128.508,554.57,454.564,615.667,539.561,0,80.3176,34.6812,1.4318
7526,64.2996,61.4091,607.532,647.052,613.259,613.217,0,38.3807,25.9189,1.67531
7527,53.5998,49.0246,295.535,204.28,252.932,183.807,0,30.6404,22.9594,1.74932
7528,226.105,191.882,446.127,297.15,355.453,174.404,0,119.926,106.178,1.88536
7529,267.107,194.472,509.068,533.13,613.265,612.542,0,121.545,145.562,2.1976
7530,248.706,160.728,492.43,636.4,613.241,612.597,0,100.455,148.251,2.4758
7531,344.412,266.692,411.146,469.982,600.115,517.324,1,166.683,177.729,2.06627
7532,321.51,261.89,437.427,447.554,615.674,540.242,0,163.681,157.829,1.96425
7533,40.1,52.336,563.366,747.626,612.195,752.548,0,32.71,7.38998,1.22592
7534,221.604,174.487,200.387,341.63,67.6637,404.792,0,109.054,112.55,2.03205
7535,20.1,23.5209,588.003,754.642,611.068,755.24,0,14.7006,5.39949,1.3673
7536,205.603,205.577,281.355,560.266,144.762,616.134,0,128.486,77.1175,1.6002
7537,197.003,195.014,251.107,555.044,144.695,615.642,0,121.883,75.1194,1.61632
7538,344.412,183.564,440.351,507.298,549.596,453.569,1,114.727,229.684,3.002
7539,40.5,44.5115,609.208,175.239,648.629,190.79,0,27.8197,12.6803,1.4558
7540,291.109,240.945,441.867,386.476,630.33,334.121,0,150.59,140.518,1.93311
7541,27.9001,34.7595,308.235,790.767,311.465,818.402,0,21.7247,6.17539,1.28426
7542,14.1,15.8215,137.717,635.999,139.866,620.937,0,9.88846,4.21156,1.42591
7543,86.3993,84.8036,542.603,601.288,613.215,612.618,0,53.0022,33.397,1.63011
7544,122.999,125.876,540.274,150.686,653.597,130.261,0,78.6726,44.3261,1.56343
7545,105.999,98.595,157.7,514.869,140.088,611.055,0,61.6219,44.3771,1.72015
7546,37.5,46.7647,162.785,647.976,139.812,620.882,0,29.228,8.27204,1.28302
7547,259.807,218.281,332.364,594.845,144.644,615.645,0,136.425,123.381,1.90439
7548,73.6994,71.5548,588.11,667.986,613.225,613.002,0,44.7218,28.9777,1.64795
7549,33.6001,30.5202,131.641,586.388,139.505,611.264,0,19.0751,14.5249,1.76146
7550,60.3997,78.8661,586.773,475.124,615.784,540.66,0,49.2913,11.1084,1.22536
7551,55.7997,66.9519,340.659,203.039,349.828,174.653,0,41.8449,13.9548,1.33349
7552,43.1999,56.5476,591.807,700.724,612.4,752.004,0,35.3422,7.85769,1.22233
7553,0,0,653.263,195.681,653.263,195.681,0,0,0,0
7554,116.799,115.622,255.855,751.381,311.58,818.393,0,72.2639,44.5349,1.61628
7555,158,159.569,188.413,478.537,140.294,611.216,0,99.7307,58.2698,1.58427
7556,122.899,131.313,296.069,293.286,251.252,184.492,0,82.0707,40.828,1.49747
7557,122.099,105.944,133.488,520.308,139.502,611.192,0,66.2147,55.884,1.84398
7558,323.811,271.733,424.747,439.348,615.654,540.322,0,169.833,153.977,1.90664
7559,344.412,233.048,475.571,490.423,596.314,508.001,1,145.655,198.757,2.36457
7560,23.2001,28.3001,600.267,786.89,606.548,811.562,0,17.6876,5.51246,1.31166
7561,59.7997,54.2758,112.374,418.102,67.7069,404.799,0,33.9224,25.8773,1.76284
7562,76.6994,82.6489,582.35,185.232,648.658,190.776,0,51.6556,25.0438,1.48482
7563,289.208,216.53,500.274,519.265,613.309,612.514,0,135.331,153.877,2.13704
7564,100.099,138.088,268.484,711.244,153.671,700.381,0,86.3052,13.7938,1.15983
7565,84.5993,109.022,559.518,200.803,647.757,191.874,0,68.1385,16.4608,1.24158
7566,250.506,235.813,351.853,371.854,349.736,174.673,0,147.383,103.123,1.69969
7567,190.702,170.883,506.207,388.125,630.251,334.102,0,106.802,83.9004,1.78557
7568,37.2,41.8446,614.424,175.142,648.552,190.821,0,26.1529,11.0471,1.42241
7569,48.7998,61.7096,597.706,201.635,647.954,197.881,0,38.5685,10.2314,1.26528
7570,36.6,46.5569,277.915,797.294,311.774,818.339,0,29.0981,7.50195,1.25782
7571,57.7997,55.2762,598.516,128.429,653.559,129.656,0,34.5476,23.2521,1.67304
7572,173.601,141.408,286.81,311.867,250.21,184.969,0,88.3799,85.2215,1.96426
7573,25.6001,27.3566,403.824,105.123,405.875,78.1774,0,17.0979,8.50216,1.49726
7574,182.102,177.99,416.818,294.926,355.504,174.428,0,111.244,70.858,1.63696
7575,160.901,142.332,495.792,337.874,630.301,334.145,0,88.9572,71.9434,1.80874
7576,344.412,183.35,419.377,494.24,539.822,443.657,1,114.594,229.818,3.00551
7577,0,0,350.996,174.725,350.996,174.725,0,0,0,0
7578,38.1,49.9491,326.381,770.258,312.77,818.023,0,31.2182,6.88183,1.22044
7579,106.899,110.359,544.668,124.055,653.566,129.7,0,68.9743,37.9246,1.54984
7580,96.0991,103.62,178.938,535.686,140.093,611.108,0,64.7627,31.3364,1.48386
7581,269.807,230.127,265.43,430.02,67.7153,404.818,0,143.83,125.978,1.87588
7582,6.5,6.81801,347.218,180.944,349.636,174.57,0,4.26125,2.23874,1.52537
7583,337.111,245.772,484.879,486.743,615.462,540.103,0,153.608,183.504,2.19463
7584,276.608,241.775,459.223,459.375,615.566,540.08,0,151.109,125.499,1.83052
7585,35.5,46.8529,310.273,778.818,311.985,818.327,0,29.2831,6.21696,1.21231
7586,258.707,217.106,389.859,335.127,349.95,174.785,0,135.691,123.016,1.90659
7587,34.1001,39.3672,579.492,796.083,607.076,810.33,0,24.6045,9.49552,1.38593
7588,22.6,29.7502,622.814,212.59,648.365,198.135,0,18.5939,4.00617,1.21546
7589,173.501,182.683,235.282,508.388,140.26,611.232,0,114.177,59.3243,1.51958
7590,183.502,164.054,211.007,359.729,67.6674,404.816,0,102.534,80.968,1.78967
7591,6.9,6.91941,639.826,194.759,646.678,194.636,0,4.32463,2.57537,1.59551
7592,29.0001,32.7933,569.725,834.515,602.43,833.333,0,20.4958,8.50424,1.41493
7593,344.412,266.966,409.526,602.328,612.336,612.442,1,166.854,177.558,2.06415
7594,17.8,17.6781,84.8714,409.496,67.8357,405.331,0,11.0488,6.7512,1.61103
7595,38,48.8608,302.969,187.136,349.742,174.714,0,30.538,7.46199,1.24435
7596,131.799,131.822,355.373,269.019,349.477,174.622,0,82.3887,49.4101,1.59972
7597,18,21.4689,581.096,831.502,602.453,833.268,0,13.418,4.58199,1.34148
7598,56.7997,66.9014,282.417,776.766,311.086,818.592,0,41.8134,14.9863,1.35841
7599,223.504,282.169,334.234,410.882,251.645,184.325,0,176.356,47.1485,1.26735
7600,327.511,313.054,323.568,458.134,67.6613,404.776,0,195.659,131.852,1.67389
7601,133.699,175.272,534.041,296.425,647.886,197.774,0,109.545,24.1541,1.2205
7602,344.312,264.451,430.978,593.146,613.283,612.403,0,165.282,179.03,2.08318
7603,233.405,161.725,218.99,418.016,67.7149,405.641,0,101.078,132.327,2.30916
7604,52.5998,64.4204,561.188,789.916,606.911,810.684,0,40.2628,12.337,1.30641
7605,102.799,108.952,546.375,662.333,613.311,612.534,0,68.0948,34.7042,1.50965
7606,233.005,215.462,485.324,458.318,615.514,540.101,0,134.664,98.3414,1.73028
7607,306.609,291.625,338.606,533.31,144.788,616.129,0,182.266,124.344,1.68221
7608,93.4991,109.336,229.377,755.388,152.801,701.723,0,68.3351,25.1641,1.36825
7609,206.403,189.482,405.103,296.01,355.409,174.398,0,118.426,87.9771,1.74288
7610,0.9,0.29199,65.9672,401.216,65.8212,401.469,0,0.182494,0.717506,4.93167
7611,344.412,264.581,423.029,558.234,568.926,617.589,1,165.363,179.049,2.08276
7612,344.412,240.681,371.366,506.222,548.374,453.025,1,150.426,193.986,2.28958
7613,271.107,286.044,342.51,541.528,144.783,616.131,0,178.777,92.3298,1.51645
7614,218.504,175.436,280.312,586.171,144.732,615.72,0,109.647,108.857,1.99279
7615,150.6,143.382,567.741,412.845,630.353,334.121,0,89.6139,60.9861,1.68054
7616,219.504,152.874,487.54,627.642,613.342,613.207,0,95.546,123.958,2.29737
7617,301.709,195.118,449.012,638.496,613.357,613.203,0,121.949,179.76,2.47406
7618,156.6,200.438,517.224,265.736,648.205,198.051,0,125.274,31.3263,1.25006
7619,263.507,244.579,308.714,370.288,249.924,185.132,0,152.862,110.645,1.72383
7620,116.099,117.529,548.315,153.878,653.627,130.305,0,73.4557,42.6431,1.58053
7621,51.2998,63.401,595.293,201.464,647.868,197.67,0,39.6256,11.6742,1.29461
7622,47.8998,59.4865,191.949,681.335,149.639,693.235,0,37.179,10.7208,1.28836
7623,313.81,197.749,460.658,667.285,613.275,613.216,0,123.593,190.217,2.53906
7624,288.108,208.596,472.773,406.571,630.324,334.068,0,130.372,157.736,2.20989
7625,197.003,147.534,445.342,142.641,356.052,173.41,0,92.2089,104.794,2.13648
7626,327.211,312.036,323.183,457.277,67.6481,405.624,0,195.022,132.189,1.67781
7627,344.412,281.759,419.212,416.256,619.243,334.171,1,176.099,168.313,1.95578
7628,150.8,186.205,427.62,711.925,312.868,817.995,0,116.378,34.4217,1.29577
7629,99.4991,104.725,549.26,127.555,653.649,129.617,0,65.4532,34.0458,1.52016
7630,163.801,138.264,474.628,155.627,356.196,173.315,0,86.415,77.3858,1.89551
7631,335.411,331.989,351.501,476.343,144.788,616.041,0,207.493,127.918,1.6165
7632,163.501,208.758,518.738,258.75,647.9,197.771,0,130.473,33.0273,1.25313
7633,228.705,213.618,384.866,333.921,349.484,174.615,0,133.511,95.1937,1.713
7634,225.205,283.041,285.244,492.52,139.903,611.086,0,176.901,48.304,1.27306
7635,136.799,132.909,331.908,276.89,349.983,174.793,0,83.0682,53.7309,1.64683
7636,255.306,242.482,271.977,414.322,67.6249,404.63,0,151.551,103.755,1.68462
7637,25.7001,34.7229,319.499,189.908,350.036,174.773,0,21.7018,3.99825,1.18424
7638,67.8995,76.5481,538.531,613.521,613.228,613.037,0,47.8426,20.057,1.41923
7639,134.099,155.2,93.2042,495.498,67.706,405.594,0,97.0003,37.0987,1.38246
7640,271.407,214.804,485.428,272.747,355.456,174.416,0,134.252,137.155,2.02162
7641,148.3,147.656,507.566,121.642,653.605,129.591,0,92.285,56.0148,1.60698
7642,58.7997,51.381,118.772,399.397,67.7375,404.781,0,32.1131,26.6865,1.83102
7643,2.1,1.35532,139.317,609.849,139.755,611.13,0,0.847076,1.25292,2.47912
7644,169.701,132.821,212.815,310.43,248.829,184.996,0,83.0131,86.688,2.04427
7645,344.412,238.633,460.976,470.372,605.842,540.772,1,149.145,195.266,2.30923
7646,146.6,164.903,538.222,228.028,648.698,190.829,0,103.065,43.5352,1.42241
7647,104.099,139.155,323.475,697.728,312.504,817.988,0,86.9716,17.1274,1.19693
7648,53.1998,59.5087,161.226,567.459,139.842,611.111,0,37.1929,16.0068,1.43037
7649,88.7992,92.2092,191.545,234.775,248.637,184.863,0,57.6308,31.1684,1.54083
7650,240.005,175.816,465.675,648.689,613.29,612.495,0,109.885,130.12,2.18415
7651,199.103,173.084,462.293,575.364,613.334,613.221,0,108.177,90.9257,1.84053
7652,58.5997,63.8036,408.618,152.058,355.99,173.634,0,39.8773,18.7224,1.4695
7653,0,0,610.41,809.477,610.41,809.477,0,0,0,0
7654,0,0,618.485,538.541,618.485,538.541,0,0,0,0
7655,207.103,173.514,219.274,357.688,67.6879,404.786,0,108.446,98.6571,1.90973
7656,125.899,139.321,312.645,294.101,251.45,184.433,0,87.0753,38.8233,1.44586
7657,273.307,205.255,475.373,406.103,630.315,334.115,0,128.284,145.023,2.13049
7658,65.4996,59.0779,125.505,401.164,67.7172,404.783,0,36.9237,28.5759,1.77392
7659,86.9992,83.7395,532.372,614.226,613.333,613.182,0,52.3372,34.6621,1.66228
7660,216.604,164.89,303.104,638.327,144.661,615.579,0,103.056,113.548,2.1018
7661,146.8,112.631,513.415,637.772,613.313,613.192,0,70.3947,76.4051,2.08538
7662,32.2001,34.8532,240.431,218.423,249.081,185.102,0,21.7833,10.4168,1.4782
7663,60.1997,67.761,147.754,544.578,139.716,611.146,0,42.3506,17.849,1.42146
7664,0.1,0.0057797,406.01,78.2219,406.115,78.2443,0,0.00361231,0.0963877,27.6831
7665,198.403,214.166,509.031,505.693,615.552,540.365,0,133.854,64.5492,1.48224
7666,110.599,141.417,272.189,697.312,149.545,693.19,0,88.3856,22.2133,1.25132
7667,196.303,118.282,194.263,261.906,248.329,184.788,0,73.9259,122.377,2.6554
7668,166.601,124.408,164.133,432.435,67.715,405.603,0,77.7549,88.846,2.14264
7669,344.412,237.793,393.581,518.396,564.344,450.399,1,148.621,195.791,2.31739
7670,149.8,138.723,244.436,314.584,249.919,185.084,0,86.7018,63.0982,1.72776
7671,341.012,263.125,435.466,441.82,615.558,539.615,0,164.453,176.558,2.07361
7672,5.1,4.64446,137.471,624.87,139.436,620.662,0,2.90279,2.19721,1.75693
7673,117.799,124.659,362.801,240.816,349.933,174.85,0,77.9117,39.8871,1.51195
7674,344.412,248.852,457.222,479.764,603.41,535.645,1,155.532,188.879,2.21441
7675,344.412,281.322,407.425,567.759,590.899,613.637,1,175.826,168.586,1.95882
7676,41.0999,48.1354,171.3,590.587,144.74,616.269,0,30.0846,11.0153,1.36614
7677,63.1996,70.7803,413.843,146.785,356.119,173.629,0,44.2377,18.9619,1.42864
7678,74.9994,94.0702,283.998,261.438,250.399,184.877,0,58.7939,16.2055,1.27563
7679,134.999,155.449,309.044,689.946,312.278,818.116,0,97.1559,37.8432,1.38951
7680,126.699,111.898,307.225,246.064,350.128,174.837,0,69.9364,56.7623,1.81163
7681,29.5001,40.2704,322.119,779.139,312.726,817.968,0,25.169,4.33106,1.17208
7682,1,0.337823,640.889,287.338,640.796,287.013,0,0.211139,0.788861,4.73621
7683,6.8,6.3983,599.614,812.905,605.994,812.847,0,3.99894,2.80106,1.70045
7684,182.602,128.258,546.421,572.032,613.289,612.404,0,80.1616,102.44,2.27792
7685,161.101,130.619,525.69,666.519,613.276,613.21,0,81.6369,79.4637,1.97338
7686,312.01,252.133,471.051,501.649,613.305,613.12,0,157.583,154.427,1.97997
7687,319.71,298.592,408.105,407.653,349.886,174.788,0,186.62,133.09,1.71316
7688,96.8991,100.503,553.405,127.916,653.545,130.23,0,62.8147,34.0844,1.54262
7689,85.2993,90.3558,548.264,333.705,630.359,333.758,0,56.4724,28.8269,1.51046
7690,90.5992,121.485,264.62,727.385,153.612,700.199,0,75.9282,14.6709,1.19322
7691,150.3,183.727,388.787,676.005,313.187,818.167,0,114.829,35.4709,1.3089
7692,41.7999,60.0338,210.118,720.652,153.727,700.353,0,37.5211,4.27883,1.11404
7693,113.799,128.555,527.133,708.116,612.115,752.664,0,80.3472,33.4517,1.41634
7694,127.299,147.894,215.863,524.328,140.269,611.242,0,92.4336,34.865,1.37719
7695,211.704,190.784,440.336,312.462,355.4,174.399,0,119.24,92.464,1.77545
7696,260.307,214.599,492.08,423.66,630.318,334.149,0,134.124,126.183,1.94079
7697,48.8998,61.7162,279.972,781.886,311.458,818.477,0,38.5726,10.3272,1.26773
7698,37.5,31.1201,232.415,206.306,248.543,184.797,0,19.45,18.05,1.92802
7699,7.2,8.05721,622.854,336.942,630.552,334.57,0,5.03576,2.16424,1.42977
7700,130.499,158.674,284.566,695.662,149.282,693.266,0,99.1711,31.3277,1.3159
7701,78.9994,85.586,116.936,450.254,67.6884,405.477,0,53.4913,25.5081,1.47686
7702,45.6999,62.9074,212.332,722.712,153.714,700.232,0,39.3171,6.38273,1.16234
7703,91.6992,91.1179,553.795,710.615,612.067,752.775,0,56.9487,34.7505,1.61021
7704,157.6,137.596,169.374,355.275,67.7046,405.611,0,85.9978,71.6026,1.83261
7705,47.0999,37.6358,277.581,210.189,252.418,184.049,0,23.5224,23.5775,2.00234
7706,51.0998,60.5868,614.541,240.29,635.973,282.505,0,37.8667,13.2331,1.34946
7707,19.6,20.908,593.446,608.119,613.171,613.024,0,13.0675,6.53255,1.49991
7708,75.9994,71.9111,418.702,149.765,356.111,173.592,0,44.9444,31.055,1.69096
7709,45.1999,45.4999,111.652,396.344,67.6453,404.767,0,28.4374,16.7625,1.58945
7710,51.8998,56.5568,610.826,160.757,647.655,191.922,0,35.348,16.5518,1.46825
7711,112.699,149.87,344.862,677.293,312.825,817.966,0,93.6687,19.0301,1.20316
7712,189.402,152.936,293.738,634.335,144.648,615.579,0,95.5848,93.8176,1.98151
7713,12.2,13.3012,637.778,206.046,648.407,198.154,0,8.31325,3.88676,1.46754
7714,60.1997,70.445,583.393,309.307,630.365,334.174,0,44.0281,16.1715,1.3673
7715,0,0,313.986,824.737,313.986,824.737,0,0,0,0
7716,344.412,318.873,364.428,472.246,336.283,181.828,1,199.296,145.116,1.72814
7717,16.4,16.2931,606.522,554.331,616.923,543.388,0,10.1832,6.21681,1.6105
7718,302.109,236.781,502.13,484.215,615.603,539.642,0,147.988,154.121,2.04144
7719,109.599,93.2387,524.011,608.361,613.27,612.843,0,58.2742,51.3247,1.88075
7720,110.399,104.826,534.359,354.425,630.431,333.703,0,65.5165,44.8824,1.68506
7721,65.5996,83.3437,540.819,754.014,611.152,755.246,0,52.0898,13.5097,1.25935
7722,151.9,151.969,523.612,389.796,630.325,334.148,0,94.9808,56.9193,1.59927
7723,46.2999,51.5353,608.097,168.004,647.609,191.948,0,32.2096,14.0903,1.43746
7724,33.1001,38.9437,160.904,589.364,139.937,611.068,0,24.3398,8.76025,1.35991
7725,344.412,176.547,473.968,480.887,578.16,451.384,1,110.342,234.07,3.12132
7726,177.102,200.939,352.534,635.387,312.635,818.007,0,125.587,51.5144,1.41019
7727,155.1,133.731,452.387,223.209,356.136,173.44,0,83.582,71.5182,1.85567
7728,32.2001,40.5093,311.948,187.301,349.728,174.71,0,25.3183,6.88176,1.27181
7729,87.0992,86.4544,577.661,681.531,612.329,752.265,0,54.034,33.0652,1.61193
7730,13,13.7583,364.347,184.737,355.43,174.484,0,8.59893,4.40108,1.51182
7731,93.4991,93.1417,234.584,272.94,249.134,185.132,0,58.2135,35.2856,1.60614
7732,34.3,43.7486,610.508,218.139,648.286,198.118,0,27.3428,6.9572,1.25444
7733,172.601,182.351,395.144,290.337,355.531,174.403,0,113.969,58.632,1.51445
7734,19.6,26.0414,614.918,291.289,636.031,282.582,0,16.2759,3.32417,1.20424
7735,210.904,175.72,462.158,574.682,613.307,612.396,0,109.825,101.079,1.92036
7736,295.009,241.978,242.573,460.36,67.6675,405.636,0,151.236,143.772,1.95065
7737,169.301,175.564,199.586,473.391,139.5,611.219,0,109.727,59.5739,1.54293
7738,263.207,211.32,475.273,411.686,630.257,334.11,0,132.075,131.132,1.99286
7739,34.5,44.6269,195.206,716.641,153.746,700.239,0,27.8918,6.60826,1.23692
7740,89.8992,107.638,564.117,470.381,615.626,540.391,0,67.2738,22.6254,1.33632
7741,197.003,144.853,483.556,606.442,613.331,613.2,0,90.5329,106.47,2.17604
7742,258.907,196.574,474.786,545.413,613.26,613.161,0,122.859,136.048,2.10735
7743,208.904,167.98,565.671,527.982,613.335,612.391,0,104.987,103.916,1.98979
7744,87.2992,87.708,564.277,361.11,630.26,333.948,0,54.8175,32.4818,1.59254
7745,83.9993,86.6219,179.698,210.668,248.853,185.031,0,54.1387,29.8606,1.55156
7746,217.704,174.491,224.747,397.657,67.6793,404.792,0,109.057,108.647,1.99624
7747,145.5,142.007,422.509,267.405,355.562,174.382,0,88.7541,56.7456,1.63936
7748,208.604,174.22,446.111,276.626,356.108,173.479,0,108.887,99.7162,1.91577
7749,98.4991,91.0769,553.049,710.199,611.887,753.136,0,56.9231,41.576,1.73039
7750,72.1995,76.4385,142.399,395.995,67.6919,405.619,0,47.7741,24.4254,1.51127
7751,158.9,186.031,356.858,649.714,312.689,818.038,0,116.269,42.631,1.36666
7752,344.412,234.947,373.865,500.113,552.616,452.576,1,146.842,197.57,2.34546
7753,111.999,110.787,562.217,380.865,630.376,334.502,0,69.2417,42.7571,1.61751
7754,94.3991,85.8819,307.65,742.826,311.608,818.409,0,53.6762,40.723,1.75868
7755,209.404,168.79,242.033,339.946,250.142,185.028,0,105.494,103.91,1.98499
7756,26.6001,29.7532,572.835,832.424,602.403,833.318,0,18.5957,8.00434,1.43044
7757,226.705,215.002,286.155,378.219,251.295,184.469,0,134.376,92.3283,1.68709
7758,111.699,113.475,542.484,670.11,613.353,613.163,0,70.9221,40.7768,1.57495
7759,300.309,252.957,291.578,430.967,67.6777,404.863,0,158.098,142.211,1.89951
7760,155.6,143.544,241.657,318.198,250.041,185.02,0,89.7148,65.8855,1.73439
7761,85.8993,94.7385,206.519,572.919,144.694,615.663,0,59.2116,26.6877,1.45072
7762,12.6,12.227,590.346,834.934,602.4,833.502,0,7.64191,4.95811,1.6488
7763,241.206,226.998,370.232,370.247,349.823,174.725,0,141.873,99.332,1.70015
7764,179.402,132.02,164.493,438.631,67.6731,405.614,0,82.5127,96.889,2.17423
7765,95.3991,131.831,253.278,664.202,149.464,693.288,0,82.3944,13.0047,1.15783
7766,292.309,196.306,519.17,532.29,613.311,613.203,0,122.691,169.618,2.38248
7767,146.1,126.993,417.708,248.605,356.065,173.605,0,79.3703,66.7294,1.84073
7768,307.21,219.547,426.999,627.797,613.352,613.205,0,137.217,169.993,2.23886
7769,174.301,119.324,224.315,298.969,249.131,185.105,0,74.5774,99.724,2.33719
7770,36,34.358,286.415,189.35,253.187,183.159,0,21.4737,14.5263,1.67647
7771,226.505,161.115,507.127,684.128,613.358,613.124,0,100.697,125.808,2.24938
7772,247.406,242.682,267.431,404.11,250.194,185.03,0,151.677,95.7294,1.63114
7773,44.2999,58.1798,194.497,677.899,149.473,693.244,0,36.3624,7.9375,1.21829
7774,19.1,26.2481,627.266,129.477,653.474,129.962,0,16.405,2.69499,1.16428
7775,133.199,131.788,531.945,681.63,613.172,612.676,0,82.3675,50.8314,1.61713
7776,118.999,101.162,238.209,279.812,249.448,185.204,0,63.2264,55.7724,1.88211
7777,292.309,267.68,316.614,526.265,144.848,616.109,0,167.3,125.009,1.74722
7778,101.699,100.772,403.549,223.339,356.19,173.255,0,62.9827,38.7163,1.61471
7779,89.9992,92.5158,223.594,271.8,248.261,184.724,0,57.8224,32.1768,1.55648
7780,344.412,308.474,350.412,455.94,342.26,183.019,1,192.796,151.615,1.7864
7781,195.503,197.146,222.226,475.777,140.186,611.258,0,123.217,72.2862,1.58666
7782,60.7996,51.3446,119.049,403.949,67.7384,404.79,0,32.0904,28.7092,1.89464
7783,272.107,247.803,281.575,432.35,67.5683,404.578,0,154.877,117.231,1.75693
7784,184.702,185.298,228.884,541.249,139.939,611.111,0,115.811,68.8911,1.59486
7785,117.499,107.896,157.398,505.481,139.533,611.213,0,67.4351,50.0637,1.7424
7786,101.499,106.676,538.102,714.294,611.769,753.356,0,66.6726,34.8264,1.52235
7787,5.3,4.78402,643.012,198.096,647.563,196.622,0,2.99001,2.30999,1.77257
7788,46.2999,52.8363,610.133,165.049,648.561,190.756,0,33.0227,13.2772,1.40206
7789,214.704,162.188,487.497,663.313,613.361,612.463,0,101.367,113.337,2.11808
7790,131.099,101.524,231.963,282.75,248.828,185.027,0,63.4525,67.6463,2.0661
7791,72.2995,91.4354,527.77,779.977,611.095,755.23,0,57.1471,15.1524,1.26515
7792,1.8,0.909557,402.244,68.8685,402.752,69.6228,0,0.568473,1.23153,3.16638
7793,15.4,17.1619,84.0057,409.964,67.7445,405.259,0,10.7262,4.67385,1.43574
7794,98.8991,123.531,584.83,282.479,648.265,198.14,0,77.2072,21.6919,1.28096
7795,8.2,9.26722,645.6,207.032,648.954,198.397,0,5.79201,2.40798,1.41574
7796,66.5996,74.6411,573.841,353.426,630.28,334.055,0,46.6507,19.9489,1.42762
7797,27.9001,38.765,188.901,715.579,152.78,701.786,0,24.2281,3.67197,1.15156
7798,170.601,126.366,176.178,420.537,67.6723,405.602,0,78.9786,91.6227,2.1601
7799,263.907,186.438,482.91,685.246,613.317,613.13,0,116.524,147.383,2.26483
7800,219.804,178.362,474.14,563.667,613.333,612.489,0,111.476,108.328,1.97176
7801,97.3991,101.221,553.892,121.772,653.523,129.87,0,63.2634,34.1357,1.53958
7802,78.7994,84.0817,204.673,583.033,144.728,615.552,0,52.5511,26.2483,1.49948
7803,216.004,204.042,283.834,365.26,250.82,184.726,0,127.526,88.4775,1.6938
7804,217.304,247.904,507.38,489.136,615.619,540.269,0,154.94,62.3643,1.40251
7805,172.301,156.107,234.265,327.244,249.802,185.14,0,97.5671,74.7342,1.76598
7806,28.3001,34.682,319.322,784.39,312.817,818.037,0,21.6763,6.62379,1.30558
7807,116.299,101.48,166.143,406.84,67.6486,405.524,0,63.4248,52.874,1.83365
7808,82.3993,102.989,598.645,461.465,615.672,539.557,0,64.3683,18.031,1.28012
7809,153.3,142.795,566.028,412.461,630.286,334.151,0,89.2468,64.0534,1.71771
7810,135.699,167.81,297.668,697.747,149.738,693.268,0,104.881,30.8181,1.29384
7811,115.999,140.884,502.223,719.64,611.781,753.499,0,88.0524,27.9464,1.31738
7812,171.601,148.416,199.577,372.49,67.658,405.615,0,92.7601,78.8412,1.84995
7813,235.605,162.081,459.087,598.21,613.34,613.159,0,101.301,134.304,2.3258
7814,156.1,148.962,517.85,138.603,653.598,129.583,0,93.1012,62.9991,1.67667
7815,218.704,179.025,224.057,359.436,67.6421,404.804,0,111.891,106.813,1.95462
7816,74.4994,71.932,423.479,177.862,355.636,174.371,0,44.9575,29.5419,1.65711
7817,308.51,286.732,267.514,469.415,67.6982,405.617,0,179.207,129.302,1.72152
7818,10.5,12.5605,345.978,186.754,350.47,175.029,0,7.85031,2.64969,1.33753
7819,22.4,27.2362,323.562,181.126,349.473,174.615,0,17.0226,5.37745,1.3159
7820,89.9992,118.615,361.129,715.173,312.782,817.986,0,74.1342,15.865,1.214
7821,81.2993,106.905,325.576,717.838,312.556,817.979,0,66.8156,14.4838,1.21677
7822,253.506,349.095,388.526,533.039,312.646,818.086,0,218.184,35.322,1.16189
7823,58.0997,70.5753,194.028,590.718,144.708,615.703,0,44.1095,13.9902,1.31717
7824,186.802,181.073,344.436,321.624,349.683,174.649,0,113.171,73.6316,1.65062
7825,195.203,171.992,504.127,393.49,630.372,334.052,0,107.495,87.7079,1.81593
7826,19.5,18.3869,158.07,609.841,144.805,615.817,0,11.4918,8.00826,1.69687
7827,184.102,160.481,229.304,324.763,250.995,184.641,0,100.3,83.8017,1.83551
7828,175.602,225.28,498.435,258.667,648.233,197.969,0,140.8,34.8014,1.24717
7829,112.399,117.668,352.243,255.013,349.945,174.778,0,73.5425,38.8563,1.52835
7830,73.1995,73.184,267.322,255.607,250.114,185.034,0,45.74,27.4595,1.60034
7831,179.102,177.357,515.815,445.941,615.551,539.611,0,110.848,68.2534,1.61574
7832,143.5,138.663,307.06,299.37,251.016,184.566,0,86.6647,56.8349,1.6558
7833,225.105,178.425,248.519,347.042,249.539,185.237,0,111.516,113.589,2.01859
7834,332.911,275.268,423.868,431.962,615.713,540.437,0,172.042,160.869,1.93505
7835,16,17.7637,260.247,199.651,252.714,183.905,0,11.1023,4.89773,1.44115
7836,212.604,176.6,314.524,622.43,144.844,616.105,0,110.375,102.229,1.9262
7837,76.3994,102.958,577.14,238.299,647.978,197.957,0,64.3491,12.0503,1.18727
7838,201.203,210.852,606.347,383.405,615.669,539.592,0,131.782,69.4209,1.52679
7839,226.205,182.07,275.721,352.146,249.474,185.219,0,113.794,112.411,1.98785
7840,134.299,132.007,333.218,277.028,349.541,174.641,0,82.5047,51.7943,1.62777
7841,139.899,164.42,317.334,311.786,251.528,184.368,0,102.763,37.1368,1.36139
7842,147,135.902,300.159,297.317,251.236,184.485,0,84.9386,62.0612,1.73066
7843,32.6001,39.8317,615.186,176.713,647.892,191.404,0,24.8948,7.70525,1.30951
7844,169.701,152.943,335.183,291.127,349.706,174.737,0,95.5895,74.1116,1.77531
7845,40,38.895,290.307,190.657,253.449,182.761,0,24.3094,15.6906,1.64545
7846,116.099,116.458,564.433,384.982,630.436,334.433,0,72.7863,43.3125,1.59506
7847,296.209,235.235,483.713,510.198,613.344,612.53,0,147.022,149.187,2.01473
7848,207.803,257.463,395.778,633.709,313.077,818.121,0,160.915,46.8888,1.29139
7849,344.412,113.622,426.084,132.966,424.012,121.89,1,71.0137,273.398,4.84993
7850,52.9998,64.7688,604.159,251.422,635.978,282.413,0,40.4805,12.5193,1.30927
7851,165.401,159.052,182.223,474.075,139.548,611.223,0,99.4073,65.9936,1.66387
7852,104.499,139.962,380.774,706.599,313.408,818.248,0,87.4761,17.0229,1.1946
7853,143.8,124.966,215.774,303.305,249.542,185.187,0,78.104,65.6955,1.84113
7854,100.999,100.836,562.124,370.911,630.461,334.488,0,63.0228,37.9763,1.60258
7855,312.31,224.409,472.281,369.906,630.363,334.064,0,140.255,172.055,2.22672
7856,138.199,143.095,585.673,423.154,615.461,539.763,0,89.4341,48.7651,1.54526
7857,152.6,112.148,176.138,406.605,67.6606,405.598,0,70.0927,82.5075,2.17712
7858,137.399,129.164,170.055,494.377,139.503,611.218,0,80.7274,56.6718,1.70201
7859,99.2991,90.3303,535.173,599.418,613.164,612.65,0,56.4564,42.8426,1.75886
7860,245.506,218.065,348.862,349.374,349.817,174.655,0,136.29,109.215,1.80134
7861,153.1,145.964,271.306,655.213,144.727,616.292,0,91.2274,61.8728,1.67823
7862,22.1,24.1108,412.212,101.356,406.16,78.0546,0,15.0693,7.0308,1.46657
7863,283.508,228.077,265.236,426.529,67.6928,405.602,0,142.548,140.96,1.98886
7864,242.206,210.504,294.446,365.522,249.698,185.185,0,131.565,110.64,1.84095
7865,7.2,6.83151,606.523,613.468,613.218,612.857,0,4.26969,2.9303,1.6863
7866,92.8992,85.8628,567.383,665.339,613.252,612.998,0,53.6642,39.2349,1.73112
7867,113.299,108.208,421.105,233.635,356.096,173.431,0,67.6299,45.669,1.67528
7868,200.503,202.454,490.471,441.393,615.513,540.114,0,126.534,73.969,1.58458
7869,91.9992,84.087,354.905,202.215,350.086,174.77,0,52.5544,39.4448,1.75055
7870,344.412,239.914,414.316,600.466,585.805,617.424,1,149.946,194.465,2.2969
7871,83.4993,88.2453,533.783,753.4,611.09,755.171,0,55.1533,28.346,1.51395
7872,236.305,228.57,469.233,427.747,615.568,539.632,0,142.856,93.4492,1.65415
7873,26.9001,31.6914,620.099,202.317,647.813,197.594,0,19.8071,7.09295,1.3581
7874,311.91,252.885,445.222,438.568,615.578,539.643,0,158.053,153.857,1.97345
7875,30.6001,33.4833,389.207,176.139,356.121,173.632,0,20.927,9.67303,1.46223
7876,344.412,279.369,445.856,568.688,610.102,612.471,1,174.605,169.806,1.97251
7877,236.805,204.154,284.617,366.445,249.895,185.101,0,127.596,109.209,1.85589
7878,66.3996,66.1765,113.325,430.284,67.6912,404.777,0,41.3603,25.0392,1.60539
7879,286.508,221.793,393.521,337.485,349.833,174.693,0,138.621,147.887,2.06685
7880,11.4,11.7672,156.252,618.408,144.802,615.86,0,7.35449,4.04552,1.55007
7881,193.703,137.111,482.566,184.834,356.069,173.534,0,85.6942,108.008,2.26039
7882,344.412,259.799,445.305,575.622,595.28,615.178,1,162.375,182.037,2.1211
7883,115.499,126.229,277.39,728.532,311.715,818.37,0,78.8934,36.6054,1.46399
7884,133.599,113.951,251.683,617.53,144.734,615.692,0,71.2191,62.3798,1.87589
7885,49.9998,62.8493,550.943,762.363,611.076,755.303,0,39.2808,10.719,1.27288
7886,241.806,194.743,298.105,349.981,249.065,185.148,0,121.714,120.091,1.98667
7887,262.807,180.767,460.314,637.524,613.3,613.193,0,112.979,149.828,2.32615
7888,33.1001,35.7185,602.424,586.063,613.387,612.305,0,22.3241,10.776,1.48271
7889,158.1,143.136,244.548,318.774,250.351,184.906,0,89.46,68.6404,1.76727
7890,38.2,50.1123,602.3,213.983,648.194,198.071,0,31.3202,6.87978,1.21966
7891,161.601,155.658,354.321,304.614,349.569,174.65,0,97.2863,64.3143,1.66108
7892,170.601,154.956,499.19,353.784,630.353,334.108,0,96.8478,73.7534,1.76154
7893,307.51,248.894,515.908,483.922,615.607,540.34,0,155.559,151.951,1.97681
7894,25.8001,29.6098,573.234,835.8,602.439,833.265,0,18.5061,7.29396,1.39414
7895,33.1001,44.395,321.33,774.976,312.794,818.05,0,27.7469,5.3532,1.19293
7896,45.5999,51.9865,123.793,576.624,139.874,611.161,0,32.4916,13.1083,1.40344
7897,344.412,29.9687,563.54,548.132,561.525,554.74,1,18.7304,325.681,18.3878
7898,164.501,147.278,521.76,558.997,613.274,612.391,0,92.0485,72.4524,1.78711
7899,76.4994,78.7677,186.261,211.977,248.605,184.934,0,49.2298,27.2696,1.55392
7900,8.9,9.01816,354.439,184.404,352.179,175.676,0,5.63635,3.26364,1.57903
7901,36.5,42.3403,179.913,673.553,149.897,693.203,0,26.4627,10.0374,1.3793
7902,195.803,160.682,178.274,300.592,249.166,185.144,0,100.426,95.3764,1.94971
7903,287.108,256.073,347.878,391.012,349.655,174.601,0,160.046,127.062,1.79391
7904,86.0993,90.6861,229.395,271.947,249.23,185.077,0,56.6788,29.4204,1.51907
7905,206.303,243.32,259.364,517.294,140.051,611.16,0,152.075,54.2287,1.35659
7906,225.505,291.736,332.045,420.979,251.62,184.445,0,182.335,43.1693,1.23676
7907,300.009,295.588,349.102,525.529,144.699,615.704,0,184.742,115.267,1.62393
7908,86.8992,115.415,350.908,711.013,312.791,818.02,0,72.1344,14.7649,1.20469
7909,17.1,18.876,591.734,802.809,606.714,810.998,0,11.7975,5.30252,1.44946
7910,103.799,104.228,293.13,735.018,311.654,818.413,0,65.1427,38.6563,1.59341
7911,297.409,248.366,455.245,457.938,615.626,540.241,0,155.229,142.18,1.91594
7912,137.699,137.059,167.189,482.253,140.304,611.192,0,85.662,52.0372,1.60747
7913,21.8,22.9022,594.875,766.363,611.257,754.812,0,14.3139,7.48615,1.523
7914,129.799,169.276,409.757,707.397,313.716,818.426,0,105.797,24.0013,1.22686
7915,88.3992,107.584,568.068,168.397,653.651,130.259,0,67.2397,21.1595,1.31469
7916,344.412,282.171,432.396,425.569,614.914,540.312,1,176.357,168.055,1.95292
7917,293.509,241.525,421.938,344.739,355.485,174.416,0,150.953,142.556,1.94437
7918,262.407,220.038,395.142,336.051,349.547,174.603,0,137.524,124.883,1.90808
7919,0,0,617.469,542.449,617.469,542.449,0,0,0,0
7920,226.905,182.714,506.661,535.723,613.185,612.551,0,114.196,112.708,1.98697
7921,173.301,167.379,193.963,478.044,139.478,611.244,0,104.612,68.6897,1.65662
7922,13.3,15.188,369.159,181.004,355.837,174.16,0,9.49252,3.80749,1.4011
7923,77.7994,98.809,579.742,457.185,615.571,540.274,0,61.7556,16.0438,1.25979
7924,213.604,175.471,541.894,526.88,613.3,612.381,0,109.669,103.934,1.94771
7925,337.811,259.086,450.195,408.094,630.317,334.107,0,161.929,175.882,2.08617
7926,319.01,298.906,288.672,475.672,67.6613,405.624,0,186.816,132.194,1.70762
7927,334.811,331.159,356.981,472.667,144.833,615.951,0,206.975,127.837,1.61764
7928,196.503,167.393,230.278,339.523,249.874,185.095,0,104.62,91.8824,1.87825
7929,246.006,226.179,475.737,459.34,615.483,540.168,0,141.362,104.644,1.74025
7930,119.799,108,222.517,752.222,152.823,701.78,0,67.4998,52.2989,1.7748
7931,31.6001,36.4575,413.882,113.617,405.851,78.2347,0,22.7859,8.81413,1.38682
7932,79.6994,86.551,340.244,230.792,349.855,174.744,0,54.0943,25.605,1.47334
7933,280.008,215.509,477.369,414.64,630.343,334.064,0,134.693,145.315,2.07886
7934,40.9999,51.3224,323.612,206.86,349.888,174.645,0,32.0765,8.92346,1.27819
7935,108.099,112.742,541.804,701.248,611.963,753.083,0,70.4638,37.6351,1.53411
7936,42.7999,50.0874,174.092,592.032,144.841,615.893,0,31.3046,11.4953,1.36721
7937,90.2992,75.9763,286.091,768.212,311.48,818.443,0,47.4852,42.814,1.90163
7938,31.0001,27.7102,235.439,204.911,249.112,185.094,0,17.3189,13.6812,1.78996
7939,101.299,96.271,132.35,528.759,139.592,611.244,0,60.1694,41.1297,1.68356
7940,61.6996,82.7979,332.707,738.183,312.784,818.015,0,51.7487,9.95093,1.19229
7941,63.1996,84.9069,234,726.657,153.741,700.251,0,53.0668,10.1328,1.19094
7942,199.203,207.709,485.37,439.616,615.679,540.448,0,129.818,69.385,1.53448
7943,14.3,17.0464,142.813,594.506,139.915,611.152,0,10.654,3.64599,1.34222
7944,69.6995,78.226,536.671,615.432,613.254,612.659,0,48.8912,20.8083,1.4256
7945,72.6995,102.112,582.973,260.503,648.154,198.034,0,63.8198,8.87963,1.13914
7946,181.102,186.116,398.535,292.173,355.542,174.443,0,116.322,64.7796,1.5569
7947,169.601,142.639,434.859,260.137,356.157,173.364,0,89.1492,80.452,1.90244
7948,319.11,271.781,428.18,429.577,615.679,539.545,0,169.863,149.247,1.87863
7949,163.801,165.743,489.415,115.64,653.567,130.054,0,103.59,60.2113,1.58125
7950,73.3995,71.3117,416.479,195.146,355.558,174.323,0,44.5698,28.8296,1.64684
7951,118.599,144.437,535.432,208.183,647.962,190.959,0,90.2732,28.3256,1.31378
7952,191.302,163.644,211.096,359.198,67.8344,404.959,0,102.277,89.0251,1.87043
7953,57.0997,57.5677,606.575,161.305,647.621,191.907,0,35.9798,21.1199,1.58699
7954,105.499,106.636,406.78,229.404,355.562,174.442,0,66.6474,38.8516,1.58294
7955,5.6,5.58755,254.563,189.236,252.768,183.95,0,3.49222,2.10778,1.60357
7956,87.4992,86.4151,203.649,580.868,144.721,615.695,0,54.0095,33.4898,1.62007
7957,221.004,278.522,301.285,517.923,139.883,611.177,0,174.076,46.9282,1.26958
7958,127.699,149.882,535.694,213.619,647.874,191.433,0,93.676,34.0226,1.36319
7959,337.311,248.892,436.327,603.38,613.239,612.597,0,155.558,181.754,2.1684
7960,234.605,220.088,481.663,461.451,615.581,539.584,0,137.555,97.0498,1.70553
7961,111.299,126.521,556.242,451.935,615.658,539.737,0,79.0755,32.2234,1.4075
7962,318.11,223.458,469.434,367.03,630.286,334.153,0,139.662,178.449,2.27772
7963,251.406,186.034,250.167,396.245,67.6969,405.631,0,116.271,135.135,2.16224
7964,141.599,137.141,292.506,295.684,251.383,184.508,0,85.7133,55.8861,1.65201
7965,80.3993,89.3127,118.296,453.129,67.6465,404.776,0,55.8204,24.5789,1.44032
7966,300.309,311.855,366.183,523.997,144.833,616.076,0,194.909,105.4,1.54076
7967,48.3998,49.0419,604.936,296,635.779,282.325,0,30.6512,17.7486,1.57905
7968,43.8999,54.0776,176.93,590.743,144.638,616.271,0,33.7985,10.1014,1.29887
7969,47.5998,59.1937,279.304,783.988,311.521,818.386,0,36.996,10.6038,1.28662
7970,139.599,102.306,518.819,627.056,613.209,612.731,0,63.9409,75.6584,2.18325
7971,15.9,20.3474,318.287,798.605,312.64,817.954,0,12.7171,3.18292,1.25029
7972,99.0991,126.274,351.929,700.381,312.764,817.971,0,78.9213,20.1777,1.25567
7973,62.4996,70.0078,148.193,542.211,139.563,611.188,0,43.7548,18.7448,1.4284
7974,97.1991,110.152,553.927,481.327,615.674,539.727,0,68.8449,28.3542,1.41186
7975,310.01,312.25,379.578,538.493,144.812,616.181,0,195.156,114.854,1.58852
7976,217.804,231.014,347.52,596.377,144.762,616.088,0,144.384,73.4202,1.50851
7977,192.203,195.642,234.214,493.47,140.283,611.156,0,122.276,69.9262,1.57187
7978,119.599,111.356,249.356,618.816,144.77,616.128,0,69.5974,50.0013,1.71844
7979,230.705,188.426,274.286,358.978,249.683,185.166,0,117.766,112.939,1.95901
7980,278.908,216.333,453.94,331.544,356.164,173.402,0,135.208,143.7,2.06281
7981,303.509,267.908,417.19,373.255,356.067,173.483,0,167.443,136.067,1.81262
7982,16.7,21.024,139.939,641.549,139.858,620.824,0,13.14,3.56006,1.27093
7983,183.102,184.031,379,306.653,349.875,174.716,0,115.02,68.0823,1.59192
7984,91.7992,92.0096,555.341,324.466,630.356,333.845,0,57.506,34.2932,1.59634
7985,85.8993,100.957,238.912,740.285,152.591,701.842,0,63.0981,22.8011,1.36136
7986,234.605,180.88,249.392,350.978,249.837,185.082,0,113.05,121.555,2.07524
7987,45.6999,56.4671,598.091,208.066,647.987,197.899,0,35.292,10.4079,1.29491
7988,145.3,114.175,167.662,420.763,67.7304,405.584,0,71.3596,73.9401,2.03616
7989,0,0,356.296,168.964,356.296,168.964,0,0,0,0
7990,292.109,268.9,392.201,393.641,349.582,174.648,0,168.063,124.046,1.73809
7991,258.307,176.986,210.368,434.51,67.7453,405.614,0,110.616,147.69,2.33516
7992,56.6997,61.7033,299.518,771.508,311.805,818.332,0,38.5645,18.1352,1.47025
7993,167.501,126.988,467.514,172.373,356.175,173.214,0,79.3676,88.1334,2.11045
7994,251.506,301.663,279.38,476.771,139.876,611.108,0,188.54,62.9666,1.33397
7995,110.999,129.6,116.359,493.715,67.7345,405.495,0,80.9998,29.9991,1.37036
7996,14.5,17.3981,414.551,92.5426,406.925,77.8208,0,10.8738,3.62621,1.33348
7997,111.999,112.247,557.541,157.053,653.504,130.207,0,70.1547,41.8442,1.59646
7998,318.01,286.996,305.544,453.935,67.6842,405.619,0,179.373,138.637,1.7729
7999,108.399,144.551,386.499,708.796,313.346,818.217,0,90.3442,18.0548,1.19984
8000,0,0,408.171,71.5394,408.171,71.5394,0,0,0,0
