ID,time,distance,start_x,start_y,end_x,end_y,state,free_flow_time_lower_bound,delay_above_free_flow,time_to_free_flow_ratio
1,154.1,135.405,202.264,305.852,248.576,184.928,0,84.6278,69.4724,1.82092
2,138.699,167.284,308.744,680.888,312.008,818.164,0,104.552,34.1469,1.3266
3,32.6001,34.0275,146.764,660.143,149.525,693.236,0,21.2672,11.3329,1.53288
4,4.6,3.2034,603.198,811.794,606.027,812.802,0,2.00212,2.59787,2.29756
5,180.102,205.466,485.858,439.588,615.549,539.865,0,128.416,51.6855,1.40248
6,31.1001,39.4659,177.228,672.555,149.769,693.25,0,24.6662,6.43392,1.26084
7,56.8997,67.4715,562.248,782.831,611.122,755.104,0,42.1697,14.73,1.3493
8,7.5,7.58435,360.535,180.118,355.81,174.261,0,4.74022,2.75978,1.5822
9,18.5,21.2148,260.058,203.659,252.619,184.049,0,13.2592,5.24082,1.39526
10,86.1993,94.0882,365.973,200.914,349.423,174.521,0,58.8051,27.3941,1.46585
11,127.999,152.708,527.329,177.611,647.748,191.805,0,95.4423,32.5563,1.34111
12,35.5,44.3785,599.321,320.547,630.262,334.048,0,27.7365,7.76349,1.2799
13,24.8001,32.1485,175.361,624.853,144.831,615.857,0,20.0928,4.70724,1.23427
14,50.0998,47.4205,115.22,399.661,67.7158,405.528,0,29.6378,20.462,1.6904
15,200.303,170.534,503.955,200.292,356.047,173.602,0,106.584,93.719,1.8793
16,25.8001,28.9502,253.562,213.464,249.801,185.127,0,18.0939,7.70617,1.4259
17,0,0,621.536,612.772,621.536,612.772,0,0,0,0
18,14.7,18.4671,404.915,96.4033,405.917,78.1993,0,11.542,3.15806,1.27362
19,94.3991,95.521,168.288,534.019,139.571,611.246,0,59.7006,34.6985,1.58121
20,76.7994,83.5508,557.847,352.917,630.335,334.347,0,52.2192,24.5802,1.47071
21,113.299,138.914,531.258,188.603,647.723,191.835,0,86.8215,26.4773,1.30496
22,136.199,155.618,320.564,305.96,250.492,184.847,0,97.261,38.9381,1.40035
23,296.509,234.603,423.164,613.997,606.779,613.2,1,146.627,149.882,2.0222
24,104.999,107.353,558.957,376.819,630.275,334.322,0,67.0957,37.9033,1.56491
25,131.099,181.369,482.236,698.3,612.329,752.191,0,113.356,17.7432,1.15653
26,109.999,114.381,257.389,632.895,144.841,616.107,0,71.488,38.5109,1.5387
27,191.402,226.67,496.358,505.548,615.463,540.119,0,141.669,49.7336,1.35105
28,6,5.91346,605.919,752.248,611.598,753.897,0,3.69591,2.30409,1.62341
29,27.1001,30.1531,572.31,832.479,602.481,833.333,0,18.8457,8.25436,1.438
30,146.9,129.953,510.94,653.921,613.31,613.096,0,81.2206,65.6791,1.80865
31,47.5998,61.8606,596.22,229.778,648.441,198.185,0,38.6629,8.93697,1.23115
32,240.105,220.904,393.289,338.21,349.473,174.6,0,138.065,102.04,1.73907
33,132.499,136.861,531.456,147.664,653.53,130.015,0,85.538,46.9609,1.54901
34,148.2,142.568,277.441,644.519,144.838,616.049,0,89.1052,59.0946,1.6632
35,161.101,133.62,298.569,295.744,249.86,185.15,0,83.5125,77.5882,1.92906
36,119.199,122.514,276.222,297.235,249.742,185.12,0,76.5713,42.6275,1.5567
37,88.0992,86.7628,439.351,179,355.734,174.346,0,54.2267,33.8725,1.62465
38,219.704,203.552,476.17,399.089,630.374,334.097,0,127.22,92.4844,1.72696
39,106.599,111.829,204.268,562.487,144.633,615.753,0,69.8933,36.7056,1.52517
40,100.199,108.077,546.922,123.811,653.498,129.93,0,67.5479,32.6511,1.48338
41,44.4999,58.6885,193.333,679.733,149.47,693.223,0,36.6803,7.8196,1.21318
42,206.203,188.56,498.021,539.339,613.32,612.53,0,117.85,88.3532,1.74971
43,229.905,215.514,478.994,414.088,630.342,334.136,0,134.696,95.2086,1.70684
44,230.405,178.35,213.373,438.762,67.8011,405.056,0,111.469,118.936,2.06698
45,16.6,19.2983,151.972,674.273,149.708,693.219,0,12.0615,4.53857,1.37629
46,89.1992,86.4616,541.832,635.338,613.341,612.536,0,54.0385,35.1607,1.65066
47,296.509,215.366,448.727,480.204,593.385,490.17,1,134.604,161.905,2.20283
48,202.403,223.555,352.225,360.52,349.836,174.708,0,139.722,62.6815,1.44862
49,124.899,129.161,536.159,152.806,653.499,130.047,0,80.7254,44.1733,1.5472
50,209.104,208.487,248.069,416.615,67.6769,404.904,0,130.304,78.7991,1.60473
51,136.299,142.555,265.274,657.145,144.732,615.747,0,89.0972,47.202,1.52978
52,259.307,210.753,243.776,426.354,67.6873,405.607,0,131.721,127.586,1.96861
53,67.6995,81.4377,583.226,187.694,648.151,190.901,0,50.8986,16.801,1.33009
54,291.209,269.553,425.143,434.932,615.66,539.726,0,168.471,122.738,1.72854
55,44.5999,57.4939,554.379,758.105,611.189,754.859,0,35.9337,8.6662,1.24117
56,296.509,251.787,409.814,442.512,597.321,505.464,1,157.367,139.142,1.88419
57,157.8,139.581,293.245,300.333,249.994,185.018,0,87.238,70.5624,1.80885
58,111.899,122.527,534.918,131.305,653.536,129.964,0,76.5792,35.3196,1.46122
59,59.4997,65.4561,589.296,661.625,613.255,613.137,0,40.91,18.5896,1.4544
60,218.404,186.147,254.412,354.048,250.445,184.851,0,116.342,102.062,1.87726
61,137.199,184.025,534.368,303.723,648.034,197.805,0,115.015,22.1838,1.19288
62,210.004,215.019,394.19,329.316,349.693,174.69,0,134.387,75.6166,1.56268
63,114.399,148.174,316.218,694.286,312.254,818.094,0,92.609,21.7899,1.23529
64,6.5,7.04755,623.427,333.286,630.309,334.019,0,4.40472,2.09528,1.47569
65,122.699,167.915,533.965,288.049,647.982,198.038,0,104.947,17.7515,1.16915
66,183.802,207.366,253.598,501.43,139.942,611.12,0,129.604,54.1984,1.41819
67,97.8991,116.646,362.946,234.946,349.867,174.826,0,72.9038,24.9953,1.34285
68,86.8992,116.312,320.509,712.769,312.435,818.09,0,72.6951,14.2041,1.19539
69,93.5991,123.199,351.188,703.579,312.31,818.133,0,76.9996,16.5996,1.21558
70,258.807,252.496,313.453,375.917,249.785,185.107,0,157.81,100.997,1.63999
71,295.409,319.72,389.963,442.229,349.869,174.732,0,199.825,95.584,1.47834
72,91.7992,119.858,583.294,278.677,648.019,198.019,0,74.9111,16.8881,1.22544
73,241.606,218.484,469.974,370.553,630.306,334.071,0,136.553,105.053,1.76932
74,225.805,205.907,278.878,372.073,249.091,185.099,0,128.692,97.1125,1.75461
75,296.509,202.974,419.109,506.4,545.988,445.235,1,126.859,169.65,2.33731
76,93.8991,97.3692,264.427,280.216,249.899,185.13,0,60.8558,33.0434,1.54298
77,296.509,246.475,444.894,487.243,598.941,516.164,1,154.047,142.462,1.92479
78,84.6993,100.667,241.075,626.022,144.8,615.983,0,62.9167,21.7826,1.34621
79,17.1,19.0885,595.573,614.719,613.191,612.729,0,11.9303,5.16974,1.43333
80,296.509,250.247,580.665,537.511,576.607,545.853,1,156.405,140.104,1.89578
81,123.099,135.172,313.409,283.318,250.262,184.9,0,84.4828,38.6159,1.45709
82,252.306,280.324,357.058,556.778,144.742,615.732,0,175.203,77.1035,1.44008
83,213.304,203.186,500.875,576.73,613.322,613.111,0,126.991,86.3123,1.67967
84,145.5,129.513,211.434,306.944,248.627,184.928,0,80.9454,64.5543,1.7975
85,98.8991,109.905,306.952,248.128,349.829,174.687,0,68.6904,30.2086,1.43978
86,69.2995,79.5876,357.256,195.594,349.486,174.518,0,49.7423,19.5572,1.39317
87,78.2994,88.3059,572.956,674.689,613.159,612.692,0,55.1912,23.1082,1.41869
88,51.0998,59.6223,569.849,780.52,611.121,755.138,0,37.2639,13.8359,1.37129
89,91.0992,114.755,573.006,442.172,615.512,540.163,0,71.7221,19.3771,1.27017
90,88.7992,109.765,87.8419,472.994,67.8356,405.247,0,68.6034,20.1958,1.29439
91,184.302,153.474,205.337,317.948,249.31,185.248,0,95.9215,88.3806,1.92138
92,81.0993,92.0836,304.247,230.096,349.537,174.642,0,57.5522,23.5471,1.40914
93,191.102,211.874,378.924,342.867,349.768,174.73,0,132.421,58.681,1.44314
94,0,0,405.617,73.7946,405.617,73.7946,0,0,0,0
95,57.6997,73.3942,591.442,192.463,647.855,197.661,0,45.8714,11.8283,1.25786
96,183.202,190.815,476.31,550.698,613.296,612.497,0,119.259,63.9426,1.53616
97,83.6993,109.811,575.623,446.331,615.655,540.294,0,68.6316,15.0677,1.21954
98,134.399,114.393,225.091,294.28,248.387,184.771,0,71.4956,62.9034,1.87982
99,155.5,207.699,513.567,259.651,648.197,198.014,0,129.812,25.6881,1.19789
100,296.509,221.335,388.698,517.112,548.406,452.015,1,138.334,158.174,2.14342
101,101.799,109.106,423.227,233.179,356.137,173.639,0,68.1912,33.6078,1.49285
102,78.3994,102.161,541.376,495.618,615.607,539.576,0,63.8504,14.549,1.22786
103,293.709,270.502,422.903,403.148,630.263,334.149,0,169.064,124.645,1.73726
104,18.3,23.9669,167.696,623.023,144.804,615.989,0,14.9793,3.3207,1.22169
105,217.204,167.796,489.801,638.685,613.35,613.143,0,104.873,112.331,2.07112
106,256.006,191.685,450.996,638.712,613.182,613.05,0,119.803,136.203,2.13689
107,139.499,143.729,272.1,617.498,144.765,616.196,0,89.8303,49.669,1.55292
108,20.5,19.7648,87.0148,409.776,67.8417,405.251,0,12.353,8.14702,1.65952
109,43.9999,48.3716,605.797,133.528,653.545,129.981,0,30.2322,13.7677,1.4554
110,296.509,214.543,449.268,487.402,595.108,495.145,1,134.089,162.419,2.21128
111,53.5998,66.9148,190.423,591.315,144.732,615.559,0,41.8218,11.778,1.28162
112,31.4001,30.0998,232.799,205.022,249.31,185.191,0,18.8124,12.5877,1.66912
113,80.9993,101.876,244.592,631.142,144.755,616.19,0,63.6724,17.327,1.27213
114,34.3,44.7214,612.423,192.95,647.992,197.876,0,27.9509,6.34915,1.22715
115,182.902,217.436,385.039,645.766,312.449,818.077,0,135.898,47.0042,1.34588
116,68.0995,77.826,268.716,258.645,250.219,184.986,0,48.6412,19.4583,1.40004
117,296.509,242.693,442.832,497.419,595.069,502.601,1,151.683,144.825,1.95479
118,153,146.003,277.107,648.449,144.837,616.063,0,91.2518,61.7484,1.67668
119,117.499,139.27,233.61,775.701,152.746,701.743,0,87.0439,30.4549,1.34988
120,140.099,184.455,534.131,305.375,648.047,197.947,0,115.284,24.8149,1.21525
121,108.399,129.256,525.75,706.958,612.318,752.309,0,80.785,27.6139,1.34182
122,69.1995,76.7324,188.981,211.898,249.133,185.121,0,47.9578,21.2418,1.44293
123,76.0994,100.31,330.408,721.932,312.328,818.138,0,62.6935,13.4059,1.21383
124,0,0,619.765,613.058,619.765,613.058,0,0,0,0
125,22.9001,28.2348,159.186,600.817,144.578,616.52,0,17.6467,5.25331,1.29769
126,115.499,116.501,126.777,515.013,139.653,611.227,0,72.813,42.6858,1.58624
127,85.7993,112.079,574.102,444.642,615.709,540.44,0,70.0497,15.7496,1.22483
128,163.201,136.817,162.426,440.662,67.7339,405.511,0,85.5109,77.6899,1.90854
129,161.001,137.069,203.959,403.934,67.6669,405.486,0,85.6679,75.3327,1.87936
130,114.699,124.125,514.607,337.044,630.426,333.763,0,77.5779,37.1209,1.4785
131,198.303,173.292,244.062,343.776,250.69,184.757,0,108.307,89.9956,1.83093
132,225.405,177.448,244.764,350.141,249.629,185.183,0,110.905,114.499,2.03241
133,272.007,280.53,405.087,395.816,349.897,174.698,0,175.331,96.6764,1.55139
134,22,26.0803,145.54,642.325,139.884,620.897,0,16.3002,5.69985,1.34968
135,49.5998,64.5494,550.927,752.932,611.136,755.251,0,40.3434,9.25645,1.22944
136,3.8,3.21389,138.044,608.386,139.133,611.41,0,2.00868,1.79132,1.89179
137,52.4998,65.7186,593.826,199.696,647.896,197.817,0,41.0741,11.4257,1.27817
138,45.7999,51.6419,613.206,146.39,653.537,129.961,0,32.2762,13.5237,1.419
139,61.9996,76.6304,230.742,258.287,248.561,184.913,0,47.894,14.1056,1.29452
140,277.308,250.894,443.355,437.553,615.584,539.624,0,156.809,120.499,1.76845
141,0,0,248.686,175.68,248.686,175.68,0,0,0,0
142,84.1993,76.5578,423.08,157.795,356.108,173.514,0,47.8486,36.3507,1.7597
143,48.2998,64.1532,550.767,753.698,611.057,755.142,0,40.0957,8.20412,1.20461
144,66.7996,78.894,173.864,561.139,139.889,611.14,0,49.3088,17.4908,1.35472
145,60.3997,73.8515,347.593,201.123,349.607,174.643,0,46.1572,14.2424,1.30856
146,141.999,148.343,517.411,136.785,653.475,129.957,0,92.7142,49.2853,1.53158
147,206.103,289.189,377.964,572.706,312.658,817.991,0,180.743,25.3601,1.14031
148,189.502,166.45,173.634,301.568,249.066,185.142,0,104.032,85.4708,1.82159
149,296.509,236.724,399.08,508.217,578.911,452.263,1,147.952,148.556,2.00408
150,53.6998,53.392,119.133,398.95,67.6763,404.931,0,33.37,20.3298,1.60922
151,104.099,109.993,428.823,228.007,356.072,173.517,0,68.7459,35.3531,1.51426
152,259.707,256.631,295.221,411.203,249.366,185.183,0,160.394,99.3123,1.61918
153,24.2001,23.1033,262.539,204.213,252.622,183.99,0,14.4395,9.76052,1.67596
154,75.8994,80.285,358.652,195.365,349.816,174.745,0,50.1781,25.7213,1.5126
155,171.701,188.241,386.157,301.796,349.766,174.64,0,117.651,54.0506,1.45942
156,157.2,163.465,492.259,114.817,653.582,129.755,0,102.165,55.035,1.53869
157,226.805,221.031,256.427,421.573,67.7784,404.971,0,138.144,88.6604,1.6418
158,138.199,116.949,197.96,258.543,248.197,184.732,0,73.0929,65.1063,1.89073
159,240.505,332.59,397.501,589.543,312.647,818.004,0,207.869,32.6369,1.15701
160,280.808,258.007,407.248,615,613.212,612.638,0,161.254,119.554,1.7414
161,259.007,277.126,358.31,419.067,349.474,174.505,0,173.204,85.803,1.49539
162,131.599,106.91,233.032,288.859,248.989,185.037,0,66.8191,64.7798,1.96948
163,136.999,123.38,549.703,563.813,613.185,612.67,0,77.1125,59.8867,1.77661
164,211.804,223.492,259.151,422.771,67.7984,404.996,0,139.682,72.1214,1.51632
165,91.7992,103.259,176.337,535.626,140.181,611.188,0,64.5372,27.262,1.42242
166,296.509,98.4976,315.448,401.024,307.284,390.679,1,61.561,234.948,4.8165
167,0,0,250.926,181.607,250.926,181.607,0,0,0,0
168,44.6999,56.8565,144.236,554.657,139.867,611.103,0,35.5353,9.16459,1.2579
169,65.2996,72.0857,114.093,436.587,67.7131,404.917,0,45.0536,20.246,1.44938
170,201.603,167.358,199.119,340.374,67.7462,405.456,0,104.599,97.0044,1.9274
171,109.899,113.204,266.791,294.55,249.882,185.127,0,70.7523,39.1466,1.55329
172,60.7996,63.8315,200.995,210.913,248.973,185.035,0,39.8947,20.9049,1.524
173,102.599,119.835,535.423,669.973,613.282,613.092,0,74.897,27.702,1.36987
174,2.2,1.35252,254.568,183.412,253.297,182.949,0,0.845325,1.35468,2.60255
175,137.999,114.418,181.278,401.143,67.8219,405.211,0,71.511,66.4882,1.92976
176,296.509,243.688,574.648,544.966,571.995,545.784,1,152.305,144.204,1.94681
177,38.5,43.7231,409.143,121.685,405.86,78.1757,0,27.3269,11.173,1.40887
178,86.1993,104.854,565.568,471.838,615.591,539.612,0,65.5338,20.6654,1.31534
179,103.399,109.918,461.725,180.675,356.105,173.523,0,68.6988,34.7002,1.50511
180,65.1996,84.2564,579.209,477.489,615.73,540.558,0,52.6603,12.5393,1.23812
181,40.3,46.0314,407.507,123.641,405.883,78.1553,0,28.7696,11.5303,1.40078
182,224.004,162.819,194.062,445.127,67.7276,405.56,0,101.762,122.242,2.20126
183,5.6,4.9387,140.579,606.497,139.59,611.269,0,3.08669,2.51331,1.81424
184,0,0,610.112,836.521,610.112,836.521,0,0,0,0
185,66.9995,79.5204,331.678,233.735,349.919,174.798,0,49.7002,17.2993,1.34807
186,80.0993,88.327,272.63,269.922,249.717,185.226,0,55.2044,24.895,1.45096
187,29.4001,31.0489,153.489,590.739,139.947,611.094,0,19.4056,9.9945,1.51503
188,170.401,182.608,183.511,522.716,139.774,611.152,0,114.13,56.2711,1.49304
189,0,0,408.11,70.7896,408.11,70.7896,0,0,0,0
190,296.509,105.463,471.752,331.586,470.447,329.429,1,65.9143,230.595,4.4984
191,232.905,248.299,397.156,364.552,349.497,174.645,0,155.187,77.718,1.5008
192,9.4,9.94234,599.103,805.156,606.929,810.618,0,6.21396,3.18604,1.51272
193,296.509,308.454,428.7,535.116,592.131,613.529,1,192.784,103.725,1.53804
194,208.504,185.282,206.356,328.118,248.308,184.757,0,115.801,92.7025,1.80053
195,255.406,162.908,503.532,625.206,613.185,613.007,0,101.818,153.589,2.50847
196,104.199,107.285,560.422,377.087,630.309,334.301,0,67.053,37.146,1.55398
197,239.605,213.292,479.093,530.565,613.262,613.064,0,133.307,106.298,1.79739
198,146.9,157.521,228.534,567.329,144.708,615.661,0,98.4509,48.4489,1.49211
199,18.4,19.4705,86.483,401.839,67.7842,405.03,0,12.1691,6.23095,1.51203
200,98.1991,97.1235,566.717,683.74,612.252,752.295,0,60.7022,37.4969,1.61772
201,230.905,252.301,348.603,574.398,144.708,615.711,0,157.688,73.217,1.46432
202,148.4,153.677,424.781,278.926,355.747,174.31,0,96.0483,52.3516,1.54505
203,169.901,224.259,500.914,248.427,647.996,197.953,0,140.162,29.7396,1.21218
204,191.002,178.605,474.629,564.342,613.342,613.189,0,111.628,79.3742,1.71106
205,9,9.73763,252.493,194.184,249.097,185.136,0,6.08602,2.91398,1.4788
206,296.509,203.444,422.458,473.161,582.307,459.255,1,127.153,169.356,2.33191
207,62.3996,68.6492,592.385,178.903,647.772,191.803,0,42.9058,19.4939,1.45434
208,179.802,147.315,487.673,623.998,613.196,612.858,0,92.0721,87.7297,1.95284
209,133.899,172.428,413.165,711.987,312.872,817.956,0,107.767,26.1315,1.24248
210,73.9994,89.139,151.17,523.322,139.866,611.059,0,55.7119,18.2876,1.32825
211,296.509,190.08,476.067,490.122,580.89,459.057,1,118.8,177.709,2.49586
212,99.899,108.792,423.411,232.7,356.057,173.487,0,67.995,31.9041,1.46921
213,288.608,302.536,312.509,460.214,67.7425,404.941,0,189.085,99.5237,1.52634
214,18.8,18.9821,611.215,333.862,630.326,334.273,0,11.8638,6.9362,1.58465
215,72.9995,84.0539,578.581,148.11,653.499,129.967,0,52.5337,20.4658,1.38957
216,195.703,176.291,166.422,302.322,248.117,184.7,0,110.182,85.5208,1.77618
217,218.904,235.83,348.021,589.841,144.699,615.712,0,147.394,71.5102,1.48516
218,31.0001,37.552,600.176,327.111,630.329,334.053,0,23.47,7.5301,1.32084
219,167.501,211.239,413.169,668.708,313.023,818.054,0,132.024,35.4766,1.26871
220,0,0,139.184,612.907,139.184,612.907,0,0,0,0
221,136.399,149.538,496.894,347.67,630.422,333.823,0,93.4611,42.938,1.45942
222,56.9997,71.0394,592.336,194.057,647.953,197.895,0,44.3996,12.6001,1.28379
223,296.509,252.663,443.999,468.736,607.244,540.715,1,157.914,138.595,1.87766
224,63.0996,74.5574,591.361,186.828,648.454,190.824,0,46.5983,16.5013,1.35412
225,76.7994,80.6543,427.455,147.841,356.094,173.601,0,50.4089,26.3905,1.52353
226,97.3991,114.074,349.894,251.262,349.453,174.503,0,71.2961,26.103,1.36612
227,211.104,156.169,504.057,188.404,356.148,173.504,0,97.6053,113.498,2.16283
228,172.701,158.27,444.475,264.316,355.799,174.316,0,98.9187,73.7826,1.74589
229,264.307,265.297,442.563,365.407,356.247,173.395,0,165.811,98.496,1.59403
230,108.999,139.044,510.986,713.83,611.918,753.177,0,86.9025,22.0964,1.25427
231,13.5,15.9432,598.168,745.331,612.327,752.238,0,9.9645,3.53552,1.35481
232,33.6001,45.9077,322.899,773.725,312.694,818.03,0,28.6923,4.90773,1.17105
233,296.509,216.543,388.063,458.511,571.462,449.948,1,135.339,161.17,2.19086
234,296.509,244.925,88.9377,453.902,88.3817,460.391,1,153.078,143.431,1.93698
235,117.199,128.894,202.634,538.102,139.946,611.089,0,80.5589,36.6399,1.45482
236,28.7001,37.5173,597.953,514.782,615.71,540.679,0,23.4483,5.25176,1.22397
237,134.299,173.257,296.895,683.163,149.662,693.215,0,108.286,26.0132,1.24023
238,296.509,224.412,375.036,494.425,553.211,452.922,1,140.257,156.251,2.11403
239,81.9993,79.2118,398.837,203.609,355.69,174.304,0,49.5074,32.4919,1.6563
240,129.199,130.164,298.152,292.633,250.211,185.011,0,81.3527,47.846,1.58813
241,67.5995,86.6746,566.047,492.12,615.756,540.522,0,54.1716,13.4279,1.24788
242,201.803,272.047,286.188,502.035,139.9,611.068,0,170.029,31.7737,1.18687
243,178.202,137.003,223.571,312.428,248.911,185.013,0,85.6272,92.5745,2.08113
244,166.701,136.59,192.354,413.63,67.7268,405.54,0,85.3687,81.3322,1.95272
245,38.7,47.9502,402.957,170.33,355.894,174.112,0,29.9689,8.73112,1.29134
246,15.8,16.9488,604.441,553.708,616.709,543.139,0,10.593,5.20702,1.49155
247,135.199,133.692,533.755,563.472,613.214,612.767,0,83.5575,51.6416,1.61804
248,104.899,115.67,224.554,605.685,144.77,615.754,0,72.2934,32.6055,1.45102
249,42.5999,39.4523,291.273,192.127,253.241,183.256,0,24.6577,17.9422,1.72765
250,248.606,282.242,357.423,553.763,144.837,616.217,0,176.401,72.205,1.40932
251,117.599,122.076,548.701,566.644,613.293,612.537,0,76.2975,41.3012,1.54132
252,288.108,255.106,411.953,609.827,613.338,612.476,0,159.441,128.667,1.80699
253,30.2001,37.014,616.301,199.461,648.01,197.904,0,23.1337,7.06633,1.30546
254,119.599,128.945,352.085,272,349.895,174.712,0,80.5906,39.0081,1.48403
255,79.5994,108.937,338.884,713.025,312.97,818.103,0,68.0858,11.5135,1.1691
256,62.0996,71.8937,149.726,540.349,139.853,611.082,0,44.9336,17.166,1.38203
257,60.2997,80.4363,331.243,740.542,312.744,818.054,0,50.2727,10.027,1.19945
258,92.2992,97.4368,218.563,274.728,248.337,184.808,0,60.898,31.4012,1.51564
259,205.003,223.57,476.128,426.76,615.563,539.699,0,139.731,65.2722,1.46713
260,100.699,116.994,343.953,269.287,349.508,174.611,0,73.1211,27.5779,1.37715
261,19.9,20.173,85.8276,412.023,67.7771,405.427,0,12.6081,7.29193,1.57835
262,63.8996,68.3988,575.772,706.299,612.183,752.545,0,42.7492,21.1504,1.49475
263,83.4993,97.4726,205.748,570.222,144.712,615.681,0,60.9204,22.5789,1.37063
264,64.3996,66.9099,588.777,690.291,612.369,751.959,0,41.8187,22.5809,1.53997
265,171.701,213.21,512.957,505.764,615.452,540.143,0,133.256,38.445,1.2885
266,199.003,201.282,477.43,399.617,630.378,334.148,0,125.801,73.2019,1.58189
267,296.509,283.423,441.496,567.745,610.958,612.54,1,177.14,119.369,1.67387
268,5.4,5.34583,602.338,818.011,607.338,816.125,0,3.34114,2.05885,1.61621
269,124.499,123.324,260.624,627.139,144.804,616.198,0,77.0773,47.4214,1.61524
270,278.408,317.95,379.881,532.384,144.791,616.247,0,198.719,79.6891,1.40101
271,296.509,247.874,467.232,476.284,609.37,540.936,1,154.922,141.587,1.91393
272,238.805,297.57,274.124,497.77,139.874,611.173,0,185.981,52.8241,1.28403
273,36.9,45.4983,183.266,673.638,149.342,693.298,0,28.4365,8.46355,1.29763
274,111.299,149.232,282.816,705.74,310.587,818.776,0,93.2703,18.0286,1.19329
275,47.6998,48.3929,604.034,294.637,635.788,282.331,0,30.2455,17.4543,1.57709
276,102.699,137.884,264.512,674.676,149.482,693.197,0,86.1772,16.5218,1.19172
277,26.6001,31.512,599.752,335.143,630.362,334.125,0,19.695,6.90508,1.3506
278,57.4997,54.2068,121.361,401.661,67.7437,405.369,0,33.8793,23.6204,1.69719
279,65.3996,87.9179,336.629,733.845,312.738,818.006,0,54.9487,10.4509,1.19019
280,250.706,283.148,344.745,538.936,144.841,616.206,0,176.967,73.7387,1.41668
281,162.401,177.176,250.053,573.752,144.709,615.71,0,110.735,51.6656,1.46657
282,30.4001,26.9579,94.7879,402.829,67.8205,405.166,0,16.8487,13.5514,1.8043
283,294.409,230.261,411.643,643.564,613.348,612.544,0,143.913,150.495,2.04574
284,195.803,166.168,481.492,646.893,613.199,612.59,0,103.855,91.9479,1.88535
285,112.899,156.195,544.893,286.562,647.963,198.02,0,97.6219,15.277,1.15649
286,175.702,166.039,197.674,349.599,67.6565,404.914,0,103.774,71.9271,1.69311
287,287.508,297.873,357.157,444.588,349.886,174.747,0,186.171,101.337,1.54432
288,87.3992,93.2457,159.348,395.326,67.6435,405.478,0,58.2786,29.1207,1.49968
289,271.207,266.648,455.091,500.494,613.355,612.542,0,166.655,104.552,1.62736
290,138.799,120.538,187.318,400.799,67.709,405.64,0,75.3362,63.4631,1.8424
291,9.5,10.4581,77.8098,407.22,67.7188,404.996,0,6.53633,2.96367,1.45342
292,141.399,143.409,495.913,338.419,630.335,334.054,0,89.6308,51.7686,1.57758
293,107.599,110.543,557.496,304.931,630.354,334.413,0,69.0894,38.5095,1.55739
294,42.0999,34.3319,234.667,214.801,248.718,184.865,0,21.4574,20.6425,1.96202
295,177.502,217.657,435.461,679.163,312.789,817.966,0,136.036,41.466,1.30482
296,296.509,81.4308,430.348,531.17,425.268,542.727,1,50.8943,245.615,5.82598
297,24.2001,30.3553,599.194,726.043,612.133,752.634,0,18.972,5.22802,1.27556
298,260.607,288.469,431.587,379.313,356.217,173.277,0,180.293,80.3138,1.44546
299,127.199,127.682,169.595,494.231,139.643,611.16,0,79.8015,47.3971,1.59394
300,34.8,46.2993,605.563,301.706,630.34,334.074,0,28.937,5.863,1.20261
301,147,170.512,216.087,502.223,140.216,611.155,0,106.57,40.43,1.37938
302,36.1,34.2767,285.866,186.705,253.36,182.91,0,21.423,14.6771,1.68511
303,8.3,9.32174,347.666,183.841,350.706,175.039,0,5.82609,2.47391,1.42463
304,70.7995,87.3832,537.544,748.061,611.157,755.18,0,54.6145,16.185,1.29635
305,296.509,297.994,403.206,580.958,583.497,617.698,1,186.246,110.262,1.59202
306,264.207,323.84,323.407,481.861,139.851,611.09,0,202.4,61.8066,1.30537
307,53.1998,65.2519,146.853,546.699,139.88,611.153,0,40.7824,12.4173,1.30448
308,296.509,274.395,409.077,568.309,584.889,616.484,1,171.497,125.012,1.72894
309,216.004,285.273,306.859,515.93,139.869,611.185,0,178.296,37.7083,1.21149
310,91.5992,104.878,540.539,713.787,611.913,753.097,0,65.5485,26.0507,1.39743
311,279.108,308.393,374.386,440.594,349.432,174.493,0,192.746,86.3619,1.44806
312,290.108,357.092,359.239,491.83,144.785,616.06,0,223.182,66.9263,1.29987
313,106.599,135.152,511.305,717.414,611.992,753.071,0,84.4703,22.1286,1.26197
314,42.5999,44.86,602.34,291.196,635.971,282.415,0,28.0375,14.5624,1.51939
315,44.8999,52.6649,609.103,164.738,647.785,191.393,0,32.9156,11.9843,1.36409
316,91.8992,104.452,348.781,243.126,349.436,174.546,0,65.2828,26.6164,1.40771
317,193.003,233.017,492.741,504.297,615.55,540.149,0,145.635,47.3672,1.32525
318,57.2997,51.6285,262.72,234.053,249.725,185.219,0,32.2678,25.0319,1.77575
319,19.1,25.3143,623.559,184.41,647.835,191.389,0,15.8215,3.27857,1.20722
320,136.599,163.62,518.749,208.533,648.19,190.856,0,102.262,34.3368,1.33577
321,296.509,237.247,433.337,607.451,611.369,612.994,1,148.28,148.229,1.99966
322,48.4998,56.4722,593.422,699.443,612.164,752.402,0,35.2951,13.2047,1.37412
323,24.7001,31.4157,160.052,597.299,144.738,616.433,0,19.6348,5.06526,1.25797
324,116.399,119.998,188.154,263.028,248.674,184.875,0,74.9987,41.4001,1.55201
325,156.8,169.744,229.909,555.173,144.706,615.556,0,106.09,50.7104,1.47799
326,250.606,223.291,451.41,338.661,355.759,174.32,0,139.557,111.049,1.79573
327,90.1992,119.62,355.631,707.973,312.908,817.994,0,74.7623,15.4369,1.20648
328,151.7,167.795,229.138,557.151,144.661,615.659,0,104.872,46.8285,1.44653
329,209.404,169.076,518.439,179.405,356.058,173.574,0,105.673,103.731,1.98163
330,33.7001,33.8562,143.135,578.025,139.859,611.06,0,21.1601,12.5399,1.59262
331,296.509,265.336,395.27,618.648,608.62,612.55,1,165.835,130.674,1.78797
332,224.605,189.98,255.064,352.446,248.665,184.94,0,118.737,105.867,1.89161
333,72.9995,77.6852,200.596,587.827,144.768,615.88,0,48.5532,24.4462,1.50349
334,180.502,133.44,223.553,304.616,248.967,184.991,0,83.3998,97.102,2.16429
335,98.3991,98.5821,164.262,403.62,67.6657,404.886,0,61.6138,36.7853,1.59703
336,150.6,132.053,211.525,310.008,248.563,184.879,0,82.5334,68.0666,1.82472
337,132.899,148.549,318.876,297.282,250.613,184.799,0,92.8429,40.056,1.43144
338,282.108,215.98,439.616,640.756,613.289,613.14,0,134.987,147.121,2.08988
339,61.5996,64.9568,579.004,706.734,612.159,752.358,0,40.598,21.0016,1.51731
340,65.2996,74.9179,198.129,592.425,144.834,615.81,0,46.8237,18.4759,1.39458
341,70.2995,75.201,268.559,777.326,310.581,818.77,0,47.0006,23.2989,1.49571
342,225.005,235.179,462.2,430.081,615.578,539.646,0,146.987,78.0178,1.53078
343,263.407,284.445,356.577,549.456,144.745,615.772,0,177.778,85.6285,1.48166
344,98.2991,121.338,237.921,760.909,152.777,701.731,0,75.8364,22.4627,1.2962
345,53.0998,64.2507,565.255,782.757,611.114,755.289,0,40.1567,12.943,1.32231
346,16.1,20.9656,172.468,709.162,152.91,701.679,0,13.1035,2.99652,1.22868
347,134.999,150.104,598.427,451.07,615.519,539.965,0,93.8148,41.1842,1.439
348,168.901,141.019,288.162,308.575,249.815,185.128,0,88.1368,80.7643,1.91635
349,148.9,147.901,285.385,641.273,144.741,616.305,0,92.4383,56.4616,1.6108
350,75.6994,77.3496,268.56,259.383,249.54,185.239,0,48.3435,27.3559,1.56586
351,185.002,213.497,370.61,633.271,312.882,817.996,0,133.436,51.5663,1.38645
352,296.509,258.621,448.013,571.931,596.673,612.779,1,161.638,134.87,1.8344
353,296.509,104.052,585.444,315.689,580.658,325.369,1,65.0327,231.476,4.55938
354,167.301,172.308,496.055,366.659,630.337,334.044,0,107.693,59.6084,1.55351
355,0,0,621.247,539.627,621.247,539.627,0,0,0,0
356,116.399,148.948,275.404,678.055,149.555,693.199,0,93.0924,23.3064,1.25036
357,174.701,190.35,228.187,492.015,139.731,611.139,0,118.969,55.7328,1.46847
358,184.302,214.886,261.561,504.714,139.707,611.102,0,134.304,49.9981,1.37228
359,124.199,141.537,231.929,777.199,152.747,701.715,0,88.4607,35.738,1.404
360,128.699,134.192,532.339,151.063,653.479,130.193,0,83.8699,44.8287,1.5345
361,67.2995,95.0527,343.139,728.771,312.688,818.044,0,59.4079,7.89162,1.13284
362,6.1,6.09355,344.84,177.209,350.216,174.767,0,3.80847,2.29153,1.60169
363,158.8,184.677,213.169,476.451,139.614,611.224,0,115.423,43.3773,1.37581
364,63.2996,69.1899,593.887,182.03,647.608,191.862,0,43.2437,20.0559,1.46379
365,234.905,224.184,460.672,336.286,355.757,174.335,0,140.115,94.7903,1.67652
366,281.308,262.492,419.903,389.425,630.275,334.139,0,164.057,117.251,1.71469
367,93.1992,91.6806,576.489,370.875,630.433,334.435,0,57.3004,35.8988,1.6265
368,165.301,173.075,421.123,293.414,355.738,174.308,0,108.172,57.1291,1.52813
369,58.4997,70.459,196.486,210.795,248.537,184.761,0,44.0369,14.4628,1.32843
370,195.703,150.835,503.086,182.666,356.006,173.691,0,94.2717,101.431,2.07594
371,67.0995,76.7465,195.225,641.496,144.806,615.999,0,47.9666,19.133,1.39888
372,181.302,154.269,505.666,679.533,613.269,613.154,0,96.4183,84.8835,1.88037
373,194.203,212.249,395.742,319.758,349.932,174.817,0,132.656,61.5468,1.46396
374,250.106,240.741,313.205,380.906,250.163,185.036,0,150.463,99.6427,1.66224
375,291.609,280.703,426.907,413.847,630.32,334.099,0,175.44,116.169,1.66216
376,40.1,35.3556,270.347,213.781,253.03,183.679,0,22.0972,18.0027,1.8147
377,123.499,130.276,395.144,244.824,355.781,174.272,0,81.4223,42.0764,1.51677
378,162.001,139.582,291.544,305.322,250.243,184.956,0,87.2384,74.7622,1.85699
379,227.405,235.535,290.835,391.057,250.542,184.784,0,147.209,80.1953,1.54477
380,16.5,21.2677,257.076,205.006,250.029,184.987,0,13.2923,3.20771,1.24132
381,97.3991,133.479,345.208,694.134,312.306,818.135,0,83.4242,13.9749,1.16752
382,268.307,292.369,333.48,505.386,144.649,616.244,0,182.731,85.5765,1.46832
383,99.0991,132.56,347.163,695.26,312.9,817.986,0,82.8502,16.2489,1.19612
384,145,178.744,522.406,229.307,647.696,191.888,0,111.715,33.2845,1.29794
385,165.201,149.512,472.295,602.965,613.339,613.081,0,93.4447,71.7562,1.7679
386,194.403,245.693,374.459,606.43,312.874,817.974,0,153.558,40.8444,1.26599
387,41.4999,37.6969,225.574,209.263,249.158,185.089,0,23.5606,17.9394,1.76141
388,108.999,150.108,345.878,677.122,313.131,818.178,0,93.8173,15.1816,1.16182
389,28.1001,32.4824,283.46,191.851,253.25,183.117,0,20.3015,7.79859,1.38414
390,255.406,286.127,341.456,537.546,144.837,616.128,0,178.829,76.577,1.42821
391,0,0,609.187,816.574,609.187,816.574,0,0,0,0
392,296.509,309.591,426.861,541.729,585.648,616.198,1,193.495,103.014,1.53239
393,127.099,127.098,454.505,151.05,356.149,173.607,0,79.4362,47.6624,1.60001
394,85.7993,98.8249,210.7,572.901,144.688,615.756,0,61.7656,24.0337,1.38911
395,86.8992,92.1278,546.808,334.296,630.265,333.944,0,57.5798,29.3194,1.5092
396,20.7,23.0894,405.308,101.405,405.71,78.2324,0,14.4309,6.26919,1.43443
397,144,136.155,472.498,157.543,356.114,173.619,0,85.0969,58.9027,1.69218
398,231.705,228.074,458.292,338.615,356.106,173.522,0,142.546,89.159,1.62547
399,148,187.008,406.48,689.701,313.069,818.092,0,116.88,31.1196,1.26625
400,255.106,250.35,452.699,416.729,615.483,540.099,0,156.469,98.6375,1.6304
401,198.903,153.828,279.426,326.514,249.949,185.103,0,96.1424,102.761,2.06884
402,50.0998,63.1822,200.592,673.589,149.573,693.284,0,39.4888,10.611,1.26871
403,65.7996,66.3254,587.502,133.425,653.495,130.046,0,41.4534,24.3462,1.58731
404,22,25.4864,143.924,668.868,149.658,693.206,0,15.929,6.07104,1.38113
405,52.8998,52.7279,589.116,649.251,613.179,612.616,0,32.9549,19.9449,1.60522
406,293.609,290.441,271.338,454.572,67.807,405.243,0,181.526,112.083,1.61745
407,243.706,236.021,455.51,435.42,615.556,539.876,0,147.513,96.1927,1.6521
408,8.2,8.97607,607.299,745.489,612.144,752.672,0,5.61004,2.58995,1.46166
409,209.404,165.321,227.317,332.953,250.018,185.02,0,103.326,106.078,2.02664
410,157.8,179.442,197.954,488.244,139.689,611.086,0,112.151,45.6492,1.40703
411,189.302,150.398,162.542,454.074,67.7952,405.408,0,93.999,95.3034,2.01388
412,45.5999,52.1267,599.377,703.274,612.351,751.949,0,32.5792,13.0207,1.39966
413,149.4,120.101,220.014,300.951,249.017,184.99,0,75.0631,74.3368,1.99032
414,79.0994,85.3021,152.201,398.423,67.8492,405.166,0,53.3138,25.7856,1.48366
415,55.5997,65.8713,411.668,150.975,356.039,173.799,0,41.1696,14.4302,1.35051
416,29.9001,38.8887,261.372,222.162,249.912,185.086,0,24.3055,5.59462,1.23018
417,167.101,138.78,483.533,188.468,355.783,174.305,0,86.7373,80.3637,1.92652
418,43.6999,40.7368,576.999,597.419,613.29,612.38,0,25.4605,18.2394,1.71638
419,47.4998,66.2897,214.437,725.404,152.578,701.834,0,41.4311,6.06878,1.14648
420,12.4,14.593,601.319,607.58,613.186,612.971,0,9.12061,3.2794,1.35956
421,69.1995,75.5289,196.66,640.212,144.811,616.015,0,47.2056,21.994,1.46592
422,195.503,199.588,479.329,318.445,630.354,334.151,0,124.742,70.7604,1.56725
423,0,0,648.551,192.986,648.551,192.986,0,0,0,0
424,145.4,139.342,559.229,555.866,613.2,612.612,0,87.0887,58.311,1.66956
425,24.1001,28.1155,133.964,587.209,139.853,611.098,0,17.5722,6.52788,1.37149
426,90.5992,103.804,114.616,465.093,67.672,404.831,0,64.8774,25.7218,1.39647
427,193.503,155.858,444.26,149.739,356.078,173.468,0,97.4114,96.0912,1.98645
428,164.201,145.595,467.816,212.702,356.058,173.511,0,90.9969,73.2039,1.80447
429,222.604,214.13,498.908,518.337,613.199,612.621,0,133.831,88.7733,1.66332
430,234.605,226.969,479.888,469.772,615.587,539.633,0,141.856,92.7493,1.65383
431,87.7992,91.3765,418.052,217.441,356.093,173.518,0,57.1103,30.6889,1.53736
432,192.103,251.281,277.787,526.931,139.911,611.103,0,157.051,35.0519,1.22319
433,187.502,154.486,472.592,611.035,613.276,613.107,0,96.5535,90.9487,1.94195
434,101.299,106.655,558.597,153.093,653.493,129.951,0,66.6592,34.6398,1.51966
435,46.7999,59.5046,615.712,240.413,635.779,282.332,0,37.1904,9.60949,1.25839
436,218.004,212.99,502.939,409.006,630.364,334.146,0,133.118,84.8856,1.63767
437,269.607,289.697,349.001,417.998,349.835,174.682,0,181.061,88.5467,1.48904
438,16.6,19.7021,630.246,205.669,647.956,197.815,0,12.3138,4.28619,1.34808
439,29.2001,26.5001,273.656,197.846,252.501,184.031,0,16.5626,12.6375,1.76302
440,202.903,223.009,480.582,427.071,615.616,539.637,0,139.381,63.5226,1.45575
441,120.699,118.382,456.152,161.676,355.772,174.285,0,73.9888,46.7099,1.63131
442,92.6992,126.833,249.369,667.055,149.454,693.368,0,79.2705,13.4286,1.1694
443,227.105,205.174,491.145,250.971,356.076,173.47,0,128.233,98.8712,1.77102
444,23.7001,32.1744,261.286,215.023,250.426,184.741,0,20.109,3.59105,1.17858
445,296.509,311.261,357.754,459.68,349.279,175.947,1,194.538,101.971,1.52417
446,132.099,165.573,290.385,686.04,149.451,693.365,0,103.483,28.6159,1.27653
447,58.7997,60.7509,589.044,656.768,613.178,612.58,0,37.9693,20.8304,1.54861
448,190.102,216.641,349.723,353.366,349.463,174.457,0,135.4,54.7021,1.404
449,100.899,139.13,560.241,279.288,647.995,197.948,0,86.9564,13.9426,1.16034
450,174.701,163.463,277.967,597.794,144.677,615.725,0,102.164,72.537,1.71
451,179.602,221.424,408.393,661.019,312.918,817.961,0,138.39,41.2116,1.29779
452,115.899,90.1604,547.454,641.402,613.182,612.821,0,56.3502,59.5486,2.05676
453,138.499,147.711,585.121,395.145,630.388,334.37,0,92.3191,46.1802,1.50022
454,296.509,282.8,427.749,413.052,629.787,334.159,1,176.75,119.759,1.67756
455,11.5,13.9261,616.883,331.178,630.324,334.278,0,8.7038,2.7962,1.32126
456,288.308,259.482,420.868,392.842,630.289,334.06,0,162.177,126.132,1.77774
457,98.4991,100.025,222.136,280.996,249.219,185.102,0,62.5158,35.9833,1.57559
458,52.8998,64.8703,566.608,342.127,630.317,334.075,0,40.5439,12.3559,1.30475
459,117.699,127.726,175.105,261.284,248.293,184.803,0,79.8285,37.8703,1.4744
460,26.3001,36.4014,613.021,186.261,647.766,191.45,0,22.7509,3.54916,1.156
461,176.002,171.18,445.016,277.166,355.847,174.325,0,106.987,69.0143,1.64507
462,130.199,130.547,550.448,555.57,613.167,612.558,0,81.5918,48.6069,1.59573
463,127.499,128.852,250.792,307.417,249.923,185.116,0,80.5327,46.9659,1.58319
464,102.399,112.124,543.191,120.668,653.514,130.049,0,70.0778,32.3212,1.46122
465,173.001,138.252,291.002,306.156,249.69,185.216,0,86.4074,86.594,2.00216
466,117.299,149.866,313.523,696.763,312.31,818.116,0,93.6663,23.6325,1.25231
467,236.505,242.036,458.213,421.303,615.66,539.676,0,151.272,85.2328,1.56344
468,226.305,243.21,466.448,234.679,356.076,173.501,0,152.006,74.2982,1.48878
469,117.099,123.21,469.197,174.311,355.742,174.308,0,77.0061,40.0927,1.52064
470,191.002,142.458,177.654,440.563,67.7534,405.421,0,89.0363,101.966,2.14522
471,217.004,172.233,242.791,342.628,249.866,185.081,0,107.646,109.358,2.01591
472,75.1994,71.9909,593.46,361.082,630.297,334.27,0,44.9943,30.2051,1.67131
473,255.606,239.506,305.335,383.051,249.92,185.1,0,149.691,105.915,1.70756
474,150.6,171.428,200.75,477.336,140.079,611.123,0,107.142,43.4577,1.40561
475,40.9999,49.8523,143.27,561.632,139.855,611.138,0,31.1577,9.84228,1.31589
476,36.4,43.9441,187.723,624.219,144.757,615.97,0,27.465,8.93498,1.32532
477,48.0998,43.143,111.313,403.851,67.7394,404.877,0,26.9644,21.1355,1.78383
478,192.603,165.665,171.942,303.412,248.706,184.88,0,103.541,89.0619,1.86016
479,236.305,201.594,234.27,429.556,67.6602,404.91,0,125.997,110.309,1.87549
480,64.2996,64.3942,589.279,130.305,653.535,129.814,0,40.2463,24.0532,1.59765
481,241.506,244.001,455.062,422.398,615.622,539.663,0,152.501,89.0049,1.58364
482,60.4996,68.7988,549.476,747.838,612.035,752.889,0,42.9992,17.5004,1.40699
483,77.3994,110.536,258.49,734.341,153.499,700.77,0,69.085,8.31438,1.12035
484,154.4,171.271,245.318,572.605,144.808,616.177,0,107.044,47.3559,1.44239
485,47.3998,59.8445,303.805,768.487,311.77,818.273,0,37.4028,9.99701,1.26728
486,42.4999,54.156,589.92,704.26,612.082,752.702,0,33.8475,8.6524,1.25563
487,140.799,164.033,203.881,518.713,139.642,611.182,0,102.521,38.2786,1.37337
488,230.005,177.914,246.73,350.71,248.901,184.99,0,111.196,118.809,2.06846
489,46.6999,57.212,596.037,307.184,630.345,334.107,0,35.7575,10.9424,1.30602
490,110.599,114.135,260.007,296.012,249.601,185.233,0,71.3342,39.2647,1.55043
491,100.199,99.2738,263.804,282.303,249.711,185.201,0,62.0461,38.1529,1.61491
492,75.6994,75.1475,601.53,684.029,612.397,751.931,0,46.9672,28.7322,1.61175
493,197.603,176.631,526.042,534.705,613.327,613.125,0,110.395,87.2082,1.78997
494,136.699,141.601,578.811,395.743,630.35,334.262,0,88.5008,48.1983,1.54461
495,101.099,116.379,308.525,252.747,349.861,174.818,0,72.7368,28.3623,1.38993
496,132.499,188.203,453.897,714.904,612.354,752.204,0,117.627,14.872,1.12643
497,9.8,10.4086,642.156,206.381,648.236,198.061,0,6.50538,3.29463,1.50645
498,19.4,20.3339,601.748,601.968,613.202,612.769,0,12.7087,6.69134,1.52652
499,189.002,239.913,271.624,519.698,139.856,611.128,0,149.945,39.0569,1.26047
500,101.899,103.565,161.857,386.559,67.661,404.945,0,64.7282,37.1708,1.57426
501,0,0,610.01,833.573,610.01,833.573,0,0,0,0
502,133.199,156.606,307.927,698.904,312.594,817.958,0,97.8789,35.32,1.36085
503,3.6,2.95693,611.088,615.339,613.867,614.328,0,1.84808,1.75192,1.94797
504,172.701,202.293,613.436,386.092,615.507,539.764,0,126.433,46.2683,1.36595
505,140.699,138.965,199.771,386.721,67.6703,404.917,0,86.8532,53.8462,1.61997
506,22.5,21.8747,600.524,599.676,613.153,612.628,0,13.6717,8.82834,1.64574
507,220.804,235.704,463.662,430.727,615.479,540.011,0,147.315,73.4894,1.49886
508,156.8,154.497,495.674,663.953,613.255,612.506,0,96.5608,60.2396,1.62385
509,78.5994,112.896,260.529,734.687,152.733,701.763,0,70.5602,8.03915,1.11393
510,51.3998,64.4265,185.024,594.935,144.798,615.932,0,40.2665,11.1333,1.27649
511,56.9997,77.798,325.903,745.464,312.741,818.064,0,48.6238,8.37595,1.17226
512,81.0993,110.941,240.513,671.017,149.349,693.29,0,69.338,11.7614,1.16962
513,39.1,45.8807,151.285,572.025,139.856,611.116,0,28.6755,10.4245,1.36353
514,166.401,199.127,214.92,462.483,139.815,611.052,0,124.454,41.9469,1.33705
515,94.9991,114.51,281.296,736.974,311.779,818.359,0,71.5686,23.4305,1.32738
516,114.599,116.096,163.904,375.227,67.7116,404.829,0,72.5599,42.0389,1.57937
517,125.199,136.611,311.872,292.319,250.446,184.895,0,85.3819,39.8168,1.46634
518,61.8996,72.5936,542.09,615.253,613.191,612.564,0,45.371,16.5286,1.3643
519,296.509,235.92,440.957,511.454,591.387,491.111,1,147.45,149.059,2.01092
520,147.1,130.518,527.154,572.717,613.212,612.588,0,81.5739,65.5259,1.80327
521,79.7994,90.2462,301.239,226.944,349.702,174.656,0,56.4039,23.3955,1.41478
522,53.8997,63.309,132.589,557.68,139.943,611.179,0,39.5681,14.3316,1.3622
523,141.099,160.127,532.073,445.737,615.463,540.159,0,100.079,41.02,1.40988
524,161.501,158.614,521.916,391.272,630.348,334.154,0,99.1338,62.3669,1.62912
525,20.6,23.3567,611.948,324.078,630.436,334.37,0,14.598,6.00208,1.41116
526,120.899,130.162,311.686,266.793,349.526,174.583,0,81.3513,39.5474,1.48613
527,175.702,187.418,258.682,572.345,144.642,615.749,0,117.136,58.5651,1.49997
528,0.6,0.142946,403.782,77.5739,403.831,77.4396,0,0.089341,0.510659,6.71584
529,197.603,231.726,491.417,505.248,615.651,539.697,0,144.828,52.7744,1.36439
530,103.299,83.4085,591.737,355.882,630.299,334.301,0,52.1303,51.1687,1.98155
531,30.6001,37.2874,616.577,200.111,648.401,198.212,0,23.3046,7.29546,1.31305
532,38.8,37.727,105.359,404.435,67.7376,404.816,0,23.5794,15.2206,1.6455
533,277.408,260.192,233.709,481.28,67.8001,405.407,0,162.62,114.787,1.70586
534,34.6,36.8147,580.859,769.462,611.148,755.216,0,23.0092,11.5909,1.50375
535,231.605,292.225,334.11,423.588,250.131,184.983,0,182.641,48.9641,1.26809
536,153.4,163.677,530.073,434.599,615.558,539.565,0,102.298,51.1023,1.49954
537,19.5,23.6504,140.296,644.145,139.939,620.83,0,14.7815,4.71853,1.31922
538,30.3001,28.834,133.278,586.858,139.941,611.117,0,18.0212,12.2789,1.68135
539,35.1,37.3045,604.885,584.565,613.389,612.253,0,23.3153,11.7847,1.50545
540,164.301,172.606,291.617,605.778,144.78,616.006,0,107.878,56.4224,1.52302
541,119.699,125.115,555.524,170.161,653.475,129.953,0,78.1972,41.5016,1.53073
542,81.1993,88.3007,155.669,400.078,67.7374,405.248,0,55.1879,26.0114,1.47132
543,133.199,131.242,466.787,156.307,356.037,173.591,0,82.0265,51.1725,1.62385
544,237.405,244.598,350.213,382.082,349.795,174.67,0,152.874,84.5315,1.55295
545,137.199,163.521,550.089,211.154,647.762,191.818,0,102.2,34.9988,1.34245
546,201.303,218.705,386.17,342.216,349.493,174.615,0,136.691,64.6125,1.47269
547,37.3,44.314,141.011,568.847,139.944,611.139,0,27.6962,9.60376,1.34675
548,96.5991,82.8945,588.394,355.774,630.33,334.296,0,51.809,44.7901,1.86452
549,2,1.22926,134.853,613.031,136.021,613.416,0,0.768287,1.23171,2.60319
550,176.902,163.212,445.344,268.942,355.817,174.318,0,102.007,74.8943,1.7342
551,56.5997,60.8828,302.856,767.237,311.076,818.635,0,38.0517,18.548,1.48744
552,129.999,133.349,452.161,222.285,356.107,173.629,0,83.3429,46.6559,1.55981
553,23.1001,24.2704,83.2701,417.208,67.7867,405.242,0,15.169,7.93106,1.52285
554,31.7001,32.437,140.269,662.573,149.464,693.215,0,20.2731,11.4269,1.56365
555,78.0994,89.04,301.282,225.95,349.461,174.499,0,55.65,22.4494,1.4034
556,77.0994,74.5365,316.781,752.752,311.378,818.475,0,46.5853,30.5141,1.65502
557,99.799,115.507,194.442,254.959,248.695,184.885,0,72.1917,27.6074,1.38242
558,98.8991,103.1,436.103,202.555,356.066,173.514,0,64.4378,34.4613,1.5348
559,43.1999,44.5684,97.8037,425.412,67.8383,405.326,0,27.8553,15.3446,1.55087
560,84.6993,91.797,246.981,774.764,310.849,818.745,0,57.3731,27.3261,1.47629
561,194.203,201.503,477.719,397.245,630.324,334.145,0,125.94,68.2631,1.54203
562,214.804,221.076,480.463,464.056,615.458,540.019,0,138.172,76.6317,1.55461
563,58.4997,64.1939,594.8,175.014,648.464,190.858,0,40.1212,18.3785,1.45808
564,71.7995,87.1506,148.61,524.996,139.858,611.168,0,54.4691,17.3304,1.31817
565,234.105,249.823,326.013,556.034,144.767,616,0,156.14,77.9655,1.49933
566,0,0,406.306,71.699,406.306,71.699,0,0,0,0
567,44.0999,49.7899,80.8287,441.422,67.745,405.396,0,31.1187,12.9812,1.41715
568,139.299,171.639,309.427,717.778,312.305,818.089,0,107.275,32.0248,1.29853
569,122.599,132.998,505.403,338.246,630.318,334.149,0,83.1236,39.4751,1.4749
570,73.5994,72.25,416.495,196.475,355.775,174.291,0,45.1562,28.4432,1.62988
571,124.899,156.934,284.553,690.893,149.593,693.27,0,98.0841,26.8146,1.27338
572,243.406,253.731,359.874,393.344,349.756,174.702,0,158.582,84.8238,1.53489
573,282.208,311.573,366.688,524.03,144.734,615.689,0,194.733,87.475,1.4492
574,28.6001,37.3283,607.287,310.656,630.327,334.053,0,23.3302,5.26989,1.22588
575,142.099,138.509,244.273,313.705,249.439,185.238,0,86.5681,55.5313,1.64148
576,91.5992,95.1883,246.18,791.002,310.39,818.946,0,59.4927,32.1065,1.53967
577,143,185.245,534.891,305.99,647.94,197.701,0,115.778,27.2211,1.23511
578,97.8991,108.001,204.457,562.767,144.723,615.58,0,67.5007,30.3984,1.45034
579,83.3993,91.1336,563.644,122.807,653.496,130.045,0,56.9585,26.4408,1.46421
580,73.0995,97.7135,332.882,723.386,312.35,818.124,0,61.0709,12.0285,1.19696
581,138.299,165.473,522.557,214.838,648.271,190.906,0,103.421,34.8786,1.33725
582,197.903,173.919,166.802,301.212,248.358,184.792,0,108.699,89.2035,1.82064
583,91.3992,117.47,550.674,196.064,647.664,191.724,0,73.4188,17.9804,1.2449
584,220.304,221.596,395.108,337.588,349.876,174.667,0,138.497,81.8069,1.59068
585,159.501,215.011,511.795,249.691,648.036,197.965,0,134.382,25.1188,1.18692
586,165.501,197.065,203.381,455.359,139.701,611.092,0,123.166,42.335,1.34372
587,266.107,256.23,252.534,460.214,67.737,405.576,0,160.144,105.963,1.66167
588,167.001,213.262,333.061,361.839,250.739,184.727,0,133.289,33.7123,1.25293
589,183.602,197.513,402.437,302.243,355.804,174.327,0,123.446,60.1563,1.48731
590,52.8998,60.0903,583.429,705.542,612.366,751.951,0,37.5564,15.3433,1.40854
591,222.604,187.427,250.667,397.838,67.7487,405.339,0,117.142,105.462,1.90029
592,14.3,16.6163,158.281,612.369,144.793,615.933,0,10.3852,3.91481,1.37696
593,128.899,137.099,311.762,289.771,250.742,184.808,0,85.6867,43.2119,1.5043
594,106.799,111.137,558.371,156.487,653.487,130.049,0,69.4608,37.3382,1.53754
595,149.2,131.359,490.096,607.947,613.303,613.131,0,82.0997,67.1002,1.8173
596,274.008,255.248,439.924,444.482,615.567,539.704,0,159.53,114.477,1.71759
597,29.3001,30.765,83.124,423.65,67.8173,405.359,0,19.2281,10.072,1.52381
598,288.808,281.441,286.938,457.127,67.6478,405.521,0,175.901,112.907,1.64188
599,209.804,261.446,332.71,389.749,250.534,184.754,0,163.404,46.3999,1.28396
600,51.8998,42.1063,224.776,214.521,249.048,185.045,0,26.3164,25.5833,1.97214
601,82.2993,88.9461,564.625,123.302,653.509,129.954,0,55.5913,26.708,1.48043
602,233.605,216.769,277.334,381.898,249.936,185.144,0,135.481,98.1243,1.72427
603,109.799,104.77,171.256,401.789,67.7516,405.145,0,65.4814,44.3175,1.67679
604,221.704,197.982,404.09,307.462,355.724,174.326,0,123.739,97.9656,1.79171
605,122.099,130.987,580.605,382.07,630.35,333.949,0,81.8669,40.2318,1.49143
606,81.3993,95.3637,205.824,573.069,144.667,615.73,0,59.6023,21.797,1.36571
607,221.004,188.674,251.42,395.777,67.815,405.023,0,117.922,103.083,1.87416
608,144.7,180.735,302.508,668.157,312.336,818.071,0,112.959,31.7403,1.28099
609,0,0,619.283,540.434,619.283,540.434,0,0,0,0
610,10.1,10.2769,639.384,203.015,647.889,197.849,0,6.42308,3.67692,1.57245
611,214.704,192.899,298.447,346.277,250.116,185.049,0,120.562,94.1418,1.78086
612,208.304,219.326,488.425,462.731,615.664,539.729,0,137.079,71.2249,1.51959
613,5.2,4.81633,641.751,195.11,646.557,194.595,0,3.01021,2.18979,1.72746
614,134.899,134.079,163.09,480.331,139.649,611.166,0,83.7997,51.0993,1.60978
615,32.7001,37.6441,616.493,132.702,653.526,130.05,0,23.5276,9.17252,1.38986
616,142.9,139.314,310.071,297.069,250.161,185.006,0,87.0711,55.8284,1.64118
617,198.703,214.954,392.829,329.853,349.688,174.639,0,134.346,64.3567,1.47904
618,105.399,102.813,169.227,403.215,67.6961,405.526,0,64.2583,41.1407,1.64024
619,205.603,160.814,203.116,427.269,67.7215,405.502,0,100.509,105.095,2.04563
620,51.8998,53.2025,590.617,648.431,613.338,613.199,0,33.2515,18.6482,1.56082
621,28.6001,33.3996,569.044,832.339,602.452,833.342,0,20.8748,7.7253,1.37008
622,20.7,25.9793,578.372,827.674,602.425,833.329,0,16.2371,4.46297,1.27486
623,152.5,164.625,528.558,436.778,615.587,539.717,0,102.891,49.6092,1.48215
624,136.099,180.829,532.565,266.685,647.991,197.98,0,113.018,23.0812,1.20423
625,59.1997,75.7551,204.399,703.01,153.502,700.895,0,47.3469,11.8528,1.25034
626,179.002,185.329,484.721,301.694,630.359,334.116,0,115.831,63.1712,1.54538
627,115.199,125.539,527.914,123.811,653.494,129.95,0,78.4621,36.7367,1.46821
628,92.7992,120.773,576.905,273.411,647.911,197.803,0,75.4832,17.316,1.2294
629,78.9994,81.7913,571.114,132.99,653.501,129.951,0,51.1195,27.8798,1.54539
630,166.701,197.804,495.639,442.608,615.497,540.051,0,123.628,43.0733,1.34841
631,103.999,119.759,343.053,272.389,350.053,174.803,0,74.8492,29.1498,1.38945
632,18.5,22.1021,145.029,672.248,149.29,693.33,0,13.8138,4.68619,1.33924
633,296.509,292.358,421.248,563.48,605.802,612.327,1,182.724,113.785,1.62272
634,187.802,236.42,267.761,519.033,139.898,611.175,0,147.763,40.0397,1.27097
635,38.8,48.5032,324.015,204.499,349.889,174.687,0,30.3145,8.4855,1.27992
636,39.7,47.681,143.604,564.151,139.935,611.156,0,29.8006,9.89932,1.33218
637,156.9,161.416,282.739,666.063,144.847,616.103,0,100.885,56.0152,1.55524
638,296.509,248.567,424.656,592.129,596.336,613.891,1,155.354,141.155,1.9086
639,185.002,172.275,510.232,324.304,630.354,334.1,0,107.672,77.3304,1.7182
640,114.899,104.932,163.797,412.096,67.8242,405.24,0,65.5824,49.3164,1.75198
641,207.603,261.529,333.464,391.318,250.7,184.819,0,163.455,44.1481,1.27009
642,296.509,257.97,444.996,478.608,605.464,539.729,1,161.231,135.278,1.83903
643,24.6001,30.0102,580.106,823.349,602.359,833.251,0,18.7563,5.84371,1.31156
644,73.8994,82.0024,148.729,399.775,67.6671,404.824,0,51.2515,22.6479,1.4419
645,84.4993,91.0892,569.92,142.119,653.478,129.952,0,56.9308,27.5685,1.48425
646,36.4,39.1281,563.234,832.866,602.478,833.328,0,24.455,11.945,1.48845
647,17.7,19.8353,599.136,602.427,613.219,612.828,0,12.3971,5.30295,1.42776
648,79.3994,89.4701,532.499,754.11,611.059,755.14,0,55.9188,23.4806,1.4199
649,27.4001,33.5121,621.09,136.008,653.514,130.04,0,20.9451,6.45498,1.30819
650,122.699,131.927,393.75,236.65,356.147,173.599,0,82.4546,40.2441,1.48808
651,35.2,35.7319,239.891,219.094,249.669,185.213,0,22.3324,12.8676,1.57619
652,223.804,180.267,255.643,342.403,249.766,185.131,0,112.667,111.138,1.98643
653,187.602,204.225,394.074,312.673,349.479,174.542,0,127.641,59.9617,1.46977
654,218.004,232.194,347.205,594.492,144.693,615.684,0,145.121,72.8828,1.50222
655,87.4992,114.946,560.351,208.179,647.801,191.606,0,71.8411,15.6581,1.21795
656,45.4999,44.7795,289.062,206.272,252.351,184.011,0,27.9872,17.5127,1.62574
657,296.009,249.696,483.939,488.94,615.546,540.054,0,156.06,139.949,1.89676
658,269.807,252.884,442.724,444.735,615.489,539.963,0,158.052,111.755,1.70708
659,82.4993,88.4428,563.57,360.393,630.433,333.832,0,55.2767,27.2226,1.49248
660,88.7992,103.192,246.166,631.691,144.785,615.958,0,64.4947,24.3045,1.37684
661,219.204,225.083,388.529,349.824,349.779,174.721,0,140.677,78.5275,1.55821
662,296.509,249.393,450.053,485.06,602.629,529.882,1,155.871,140.638,1.90228
663,12.6,14.3464,251.208,199.173,249.464,185.146,0,8.96648,3.63353,1.40523
664,256.406,284.735,359.623,548.847,144.833,616.182,0,177.959,78.447,1.44081
665,77.6994,98.4461,522.472,776.909,611.167,755.187,0,61.5288,16.1706,1.26281
666,172.901,182.53,236.033,508.215,139.583,611.204,0,114.081,58.8203,1.5156
667,129.499,130.204,524.81,667.945,613.314,613.075,0,81.3775,48.1212,1.59133
668,205.103,193.567,526.339,521.642,613.283,612.508,0,120.979,84.1242,1.69536
669,251.406,316.418,311.316,478.435,139.862,611.133,0,197.761,53.6447,1.27126
670,158.7,191.715,432.526,713.584,313.035,818.128,0,119.822,38.8787,1.32447
671,159.401,167.923,486.139,116.572,653.557,129.949,0,104.952,54.4487,1.5188
672,163.301,200.68,418.937,685.458,312.674,818.029,0,125.425,37.8757,1.30198
673,165.001,194.405,611.816,395.362,615.511,540.059,0,121.503,43.4977,1.358
674,62.3996,79.4311,211.728,681.278,149.454,693.245,0,49.6444,12.7552,1.25693
675,21.2,23.1671,246.935,208.061,249.465,185.242,0,14.4795,6.72059,1.46415
676,64.6996,64.6494,589.175,131.55,653.476,130.121,0,40.4058,24.2937,1.60124
677,68.2995,72.0018,316.64,755.064,311.961,818.296,0,45.0012,23.2984,1.51773
678,124.199,116.257,160.621,375.386,67.6618,404.932,0,72.6606,51.5381,1.7093
679,146,147.016,290.165,635.724,144.734,615.66,0,91.885,54.1147,1.58894
680,296.509,292.932,438.107,549.287,595.878,611.87,1,183.082,113.426,1.61954
681,296.509,224.835,417.722,497.635,582.933,467.204,1,140.522,155.987,2.11005
682,115.399,130.289,531.206,681.717,613.23,612.695,0,81.4309,33.9679,1.41714
683,25.1001,29.4682,147.688,664.256,149.637,693.178,0,18.4176,6.68243,1.36283
684,196.203,181.496,282.248,580.896,144.687,615.728,0,113.435,82.7677,1.72965
685,26.2001,28.6884,600.323,776.983,611.098,755.032,0,17.9302,8.26983,1.46122
686,234.405,299.831,333.043,428.149,250.402,184.924,0,187.394,47.0109,1.25087
687,146.1,160.818,507.462,145.312,653.476,130.168,0,100.512,45.5882,1.45356
688,264.207,267.528,363.593,417.285,349.476,174.544,0,167.205,97.002,1.58014
689,43.5999,41.39,292.237,194.754,253.12,183.524,0,25.8688,17.7311,1.68543
690,81.5993,115.858,261.967,737.712,153.504,700.906,0,72.4114,9.18791,1.12688
691,17.1,21.4682,317.942,797.598,312.65,818,0,13.4176,3.68243,1.27445
692,175.001,165.294,517.565,544.143,613.235,612.606,0,103.309,71.6929,1.69397
693,108.599,105.559,156.388,506.855,139.997,611.067,0,65.9747,42.6242,1.64607
694,21.2,26.4389,142.354,585.232,139.876,611.125,0,16.5243,4.67575,1.28296
695,232.205,262.45,349.623,565.621,144.759,616.05,0,164.031,68.1739,1.41562
696,90.3992,113.157,541.245,667.303,613.232,612.836,0,70.7229,19.6763,1.27822
697,56.4997,65.8742,315.299,760.685,311.808,818.296,0,41.1714,15.3284,1.37231
698,268.207,266.945,422.421,400.438,630.313,334.047,0,166.841,101.366,1.60756
699,149.2,156.936,425.296,281.842,355.806,174.338,0,98.0848,51.1152,1.52113
700,104.599,126.381,518.848,717.841,612.126,752.62,0,78.9879,25.6111,1.32424
701,123.199,109.247,168.915,384.263,67.7068,404.955,0,68.2794,54.9193,1.80433
702,91.2992,92.7452,559.481,362.851,630.307,333.945,0,57.9658,33.3334,1.57505
703,42.2999,52.9388,573.873,788.407,606.477,811.67,0,33.0868,9.21316,1.27845
704,42.2999,44.3934,296.258,187.156,253.433,182.744,0,27.7459,14.5541,1.52455
705,197.403,168.977,273.724,338.767,249.782,185.115,0,105.611,91.7922,1.86916
706,36.6,49.8835,189.845,697.303,152.831,701.812,0,31.1772,5.42281,1.17394
707,251.606,245.443,479.343,505.897,613.234,612.567,0,153.402,98.2043,1.64018
708,206.203,161.497,470.906,619.465,613.273,613.128,0,100.936,105.268,2.04291
709,56.8997,67.5989,341.368,204.016,349.824,174.683,0,42.2493,14.6504,1.34676
710,52.8998,59.2265,612.252,153.615,653.5,130.04,0,37.0166,15.8832,1.42908
711,134.399,134.232,196.81,389.811,67.7946,405.152,0,83.8949,50.5042,1.60199
712,49.8998,52.2306,298.327,202.085,252.777,183.94,0,32.6441,17.2557,1.5286
713,104.699,125.507,107.804,484.178,67.6719,405.491,0,78.4417,26.2573,1.33474
714,278.108,261.951,295.485,435.767,67.6735,405.613,0,163.72,114.388,1.69868
715,165.101,116.983,195.597,263.76,248.471,184.839,0,73.1144,91.9865,2.25812
716,12.7,14.4888,337.516,181.796,349.86,174.802,0,9.05549,3.64453,1.40247
717,216.004,174.441,205.481,437.214,67.7381,405.478,0,109.026,106.978,1.98122
718,153.3,155.002,174.049,338.983,67.7448,405.157,0,96.8764,56.4238,1.58243
719,53.4998,61.6487,606.407,156.865,648.407,190.852,0,38.5304,14.9693,1.38851
720,163.701,169.198,284.321,674.401,144.846,616.036,0,105.749,57.9519,1.54801
721,269.507,258.042,450.401,409.114,615.644,539.699,0,161.276,108.231,1.67109
722,7.2,7.97995,608.481,745.71,612.011,752.78,0,4.98747,2.21253,1.44362
723,126.899,159.169,284.998,688.268,149.826,693.182,0,99.4805,27.4181,1.27561
724,213.504,207.433,445.199,325.076,355.782,174.333,0,129.646,83.8579,1.64682
725,161.401,194.803,361.207,646.626,312.289,818.052,0,121.752,39.6486,1.32565
726,188.602,160.614,511.884,178.982,356.122,173.611,0,100.384,88.2183,1.87881
727,15.5,19.8137,142.321,591.799,139.859,611.149,0,12.3836,3.11645,1.25166
728,95.3991,102.424,433.402,201.933,355.784,174.335,0,64.0148,31.3843,1.49027
729,52.5998,65.6816,281.426,777.756,311.211,818.591,0,41.051,11.5488,1.28133
730,176.502,197.203,344.394,334.567,349.864,174.78,0,123.252,53.25,1.43204
731,129.099,171.531,529.888,289.824,648.019,197.799,0,107.207,21.8918,1.2042
732,114.099,104.762,224.088,285.374,249.096,185.147,0,65.4763,48.6225,1.7426
733,141.999,167.434,516.217,206.106,648.352,190.88,0,104.646,37.3532,1.35695
734,40.5,51.0525,617.036,249.37,635.95,282.457,0,31.9078,8.59211,1.26928
735,230.605,157.178,496.634,630.475,613.239,613.048,0,98.2365,132.368,2.34745
736,182.802,213.331,508.642,505.395,615.541,539.942,0,133.332,49.4703,1.37103
737,296.509,201.331,421.5,497.564,559.348,451.432,1,125.832,170.677,2.35639
738,132.699,161.92,301.868,695.202,312.281,818.141,0,101.2,31.4988,1.31125
739,113.699,124.449,304.154,284.474,249.761,185.142,0,77.7803,35.9185,1.46179
740,174.901,199.433,526.433,458.883,615.554,540.123,0,124.646,50.2559,1.40319
741,127.199,178.24,463.714,715.856,612.295,752.15,0,111.4,15.7985,1.14182
742,111.799,110.367,127.754,519.628,139.662,611.143,0,68.9795,42.8193,1.62075
743,149,152.049,215.267,391.188,67.8448,405.038,0,95.0305,53.9694,1.56792
744,166.101,158.18,517.687,390.228,630.277,334.064,0,98.8628,67.2381,1.68012
745,147.5,160.078,507.922,147.049,653.538,130.047,0,100.049,47.4511,1.47428
746,160.001,181.292,519.661,434.248,615.587,539.733,0,113.307,46.6933,1.41209
747,50.9998,65.0546,327.661,220.091,349.954,174.819,0,40.6591,10.3407,1.25433
748,28.0001,31.1057,244.866,215.306,249.747,185.069,0,19.4411,8.55901,1.44025
749,32.9001,31.6949,250.108,217.384,249.458,185.25,0,19.8093,13.0908,1.66084
750,237.405,226.376,483.772,514.597,613.35,612.519,0,141.485,95.9203,1.67795
751,1.7,0.836215,642.177,287.302,641.942,286.499,0,0.522634,1.17737,3.25275
752,189.202,148.525,295.818,314.625,249.793,185.139,0,92.8281,96.3742,2.0382
753,139.199,166.889,370.164,674.8,313.061,818.056,0,104.306,34.8934,1.33453
754,132.199,176.602,534.292,297.201,647.931,197.7,0,110.376,21.8224,1.19771
755,108.599,114.605,557.958,299.952,630.409,333.796,0,71.6279,36.971,1.51615
756,14.4,16.8924,154.571,677.103,149.681,693.234,0,10.5577,3.8423,1.36393
757,111.599,104.554,167.56,388.274,67.7311,405.511,0,65.3465,46.2524,1.7078
758,68.6995,71.9474,418.498,149.211,356.036,173.585,0,44.9671,23.7324,1.52777
759,246.506,207.244,478.697,537.107,613.287,613.133,0,129.528,116.978,1.90312
760,158.5,180.835,529.686,491.603,615.604,539.69,0,113.022,45.4784,1.40239
761,70.4995,70.8252,594.058,363.952,630.294,334.147,0,44.2657,26.2338,1.59264
762,15.4,17.0694,243.37,200.636,249.428,185.158,0,10.6684,4.73163,1.44352
763,174.601,212.865,333.106,362.007,250.733,184.841,0,133.041,41.5608,1.31239
764,70.4995,91.1553,573.017,480.349,615.704,539.527,0,56.972,13.5275,1.23744
765,102.099,119.7,589.809,442.59,615.569,539.833,0,74.8124,27.2866,1.36473
766,32.3001,41.3058,596.856,510.876,615.558,539.905,0,25.8161,6.48395,1.25116
767,136.399,107.112,212.105,253.092,248.679,184.897,0,66.9448,69.4543,2.03749
768,67.8995,71.8197,582.332,124.648,653.472,129.953,0,44.8873,23.0122,1.51267
769,121.499,131.115,222.844,592.463,144.796,615.894,0,81.9469,39.5518,1.48265
770,39.8,55.9938,206.001,719.959,153.17,701.52,0,34.9961,4.80386,1.13727
771,65.8996,78.3576,585.096,185.231,648.155,190.969,0,48.9735,16.9261,1.34562
772,80.7993,86.3652,153.006,399.814,67.7107,404.813,0,53.9783,26.8211,1.49689
773,288.408,259.217,438.872,446.386,615.47,539.906,0,162.01,126.398,1.78018
774,185.902,228.641,269.241,512.798,139.921,611.055,0,142.901,43.0014,1.30092
775,151.7,200.428,522.405,310.418,647.914,197.627,0,125.268,26.4323,1.21101
776,154.7,128.479,162.109,434.287,67.6909,405.541,0,80.2995,74.4007,1.92654
777,296.509,215.83,378.31,481.34,548.076,447.016,1,134.894,161.615,2.1981
778,54.3997,72.5828,209.99,676.503,149.328,693.307,0,45.3643,9.03549,1.19918
779,117.799,119.129,154,496.031,139.758,611.129,0,74.4554,43.3434,1.58214
780,226.905,292.438,276.651,488.083,139.891,611.128,0,182.773,44.1311,1.24145
781,57.1997,60.1597,599.9,175.797,647.592,191.852,0,37.5998,19.5999,1.52128
782,161.001,173.974,481.373,111.054,653.56,130.037,0,108.734,52.2668,1.48069
783,296.509,218.859,405.107,527.065,551.067,453.491,1,136.787,159.722,2.16767
784,211.404,170.689,199.53,436.075,67.7871,405.417,0,106.681,104.723,1.98165
785,138.299,169.346,372.03,673.469,312.523,818.009,0,105.841,32.4583,1.30667
786,144.3,131.355,280.917,294.179,249.581,185.196,0,82.097,62.2026,1.75767
787,127.199,135.209,251.563,655.073,144.745,616.274,0,84.5053,42.6933,1.50521
788,100.299,119.236,364.03,237.57,349.884,174.758,0,74.5226,25.7765,1.34589
789,9.6,9.56529,610.258,547.901,616.197,541.829,0,5.97831,3.62169,1.60581
790,57.4997,80.2631,333.299,741.246,312.789,818.056,0,50.1644,7.33526,1.14622
791,61.3996,61.0091,601.651,176.194,647.764,191.82,0,38.1307,23.269,1.61024
792,155.4,149.804,519.732,382.98,630.258,334.147,0,93.6278,61.7725,1.65977
793,125.299,132.314,355.301,271.565,349.495,174.589,0,82.696,42.6026,1.51517
794,156.9,177.529,205.283,475.166,139.764,611.052,0,110.956,45.9445,1.41408
795,136.899,150.985,335.4,290.119,349.876,174.786,0,94.3657,42.5335,1.45073
796,218.704,216.87,389.582,333.832,349.592,174.626,0,135.544,83.1604,1.61353
797,215.104,236.209,349.511,590.28,144.774,616.066,0,147.63,67.4736,1.45704
798,147.8,125.612,166.002,430.594,67.7492,405.476,0,78.5078,69.292,1.88261
799,214.104,197.795,471.968,542.603,613.227,612.697,0,123.622,90.4821,1.73193
800,149.4,143.9,581.093,396.13,630.25,334.098,0,89.9376,59.4623,1.66115
801,38.9,44.6089,558.261,835.314,602.365,833.258,0,27.8806,11.0194,1.39524
802,174.901,215.721,432.381,679.187,312.905,818.01,0,134.826,40.0756,1.29724
803,215.904,185.062,247.277,396.7,67.6761,404.905,0,115.664,100.24,1.86665
804,269.007,237.466,241.214,460.824,67.7055,405.507,0,148.416,120.591,1.81252
805,129.699,129.638,480.463,178.877,355.836,174.281,0,81.024,48.6747,1.60074
806,110.999,122.042,197.689,533.111,140.15,611.247,0,76.2761,34.7228,1.45523
807,250.806,238.494,310.603,384.013,249.927,185.137,0,149.059,101.747,1.6826
808,102.699,103.479,560.509,371.014,630.319,334.17,0,64.6743,38.0247,1.58794
809,121.999,128.313,536.528,153.256,653.473,130.049,0,80.1954,41.8034,1.52127
810,185.302,163.584,198.705,355.625,67.7151,405.622,0,102.24,83.0621,1.81242
811,138.699,163.952,519.162,207.012,647.732,191.871,0,102.47,36.2293,1.35356
812,148.3,155.237,500.436,119.722,653.653,130.328,0,97.0232,51.2766,1.5285
813,232.205,235.118,265.018,431.772,67.799,405.08,0,146.949,85.2563,1.58018
814,34.9,47.2056,196.992,718.083,152.796,701.837,0,29.5035,5.39655,1.18291
815,271.007,234.322,462.615,391.969,630.365,334.152,0,146.451,124.556,1.8505
816,208.204,180.902,224.619,348.45,248.844,185.02,0,113.064,95.1395,1.84147
817,144.9,173.602,359.122,661.742,312.949,817.983,0,108.501,36.3985,1.33547
818,133.799,159.103,525.848,173.412,648.257,190.958,0,99.4397,34.3593,1.34553
819,186.202,229.175,368.629,620.762,312.285,818.133,0,143.234,42.968,1.29998
820,256.906,242.969,452.492,442.508,615.666,539.652,0,151.855,105.051,1.69178
821,57.9997,72.0002,200.007,639.808,144.835,615.956,0,45.0001,12.9996,1.28888
822,68.8995,83.4322,555.312,720.296,611.989,753.092,0,52.1451,16.7544,1.3213
823,110.499,111.05,248.346,619.254,144.653,615.664,0,69.4064,41.0925,1.59206
824,29.8001,39.8965,314.209,190.228,350.367,174.945,0,24.9353,4.86478,1.1951
825,231.905,200.12,297.232,352.533,248.667,184.865,0,125.075,106.83,1.85413
826,296.509,285.464,406.307,568.332,584.422,617.562,1,178.415,118.094,1.66191
827,101.099,105.321,252.941,763.343,310.538,818.908,0,65.8255,35.2735,1.53586
828,287.408,272.801,434.046,457.164,615.647,539.56,0,170.5,116.908,1.68568
829,56.5997,79.7623,221.38,731.261,153.517,700.662,0,49.8514,6.74829,1.13537
830,38.3,42.8675,559.676,833.941,602.438,833.259,0,26.7922,11.5078,1.42952
831,92.4992,113.8,192.477,256.034,248.87,185.007,0,71.125,21.3741,1.30051
832,227.305,227.994,503.528,478.488,615.525,540.044,0,142.496,84.8087,1.59517
833,30.0001,23.9689,263.988,204.562,252.615,183.896,0,14.9806,15.0195,2.0026
834,278.808,255.938,439.564,441.492,615.505,540.016,0,159.961,118.846,1.74297
835,40.8999,53.1133,580.249,334.239,630.327,334.127,0,33.1958,7.70417,1.23208
836,114.099,160.735,553.26,257.178,647.96,197.76,0,100.46,13.6393,1.13577
837,25.4001,31.856,141.24,652.468,139.957,620.92,0,19.91,5.49004,1.27574
838,260.707,321.812,318.865,478.24,139.851,611.066,0,201.132,59.5744,1.2962
839,190.102,153.759,214.509,412.533,67.7984,405.446,0,96.0993,94.0031,1.97819
840,72.5995,92.4356,526.891,780.91,611.05,755.216,0,57.7722,14.8272,1.25665
841,290.208,259.73,424.142,392.59,630.306,334.137,0,162.331,127.877,1.78775
842,92.6992,81.462,608.7,680.736,612.081,752.565,0,50.9137,41.7854,1.82071
843,187.302,172.842,310.756,624.444,144.821,616.04,0,108.026,79.2763,1.73386
844,14.2,15.888,599.362,606.948,613.297,613.079,0,9.92998,4.27004,1.43001
845,18,17.6355,85.693,405.86,67.7882,405.425,0,11.0222,6.97784,1.63307
846,140.399,150.91,504.669,116.672,653.604,129.72,0,94.3188,46.0806,1.48856
847,5.1,4.96775,642.645,191.125,647.338,192.751,0,3.10484,1.99515,1.64259
848,161.601,174.733,481.142,124.09,653.464,129.951,0,109.208,52.3928,1.47975
849,221.704,230.426,464.87,435.312,615.567,539.61,0,144.016,77.6883,1.53944
850,61.7996,81.5851,230.031,725.721,152.548,701.81,0,50.9907,10.8089,1.21198
851,273.107,311.166,367.348,523.908,144.702,616.276,0,194.479,78.6289,1.40431
852,135.999,137.907,166.841,480.663,140.123,611.107,0,86.1922,49.8069,1.57786
853,18.7,23.4935,603.039,731.303,612.269,752.4,0,14.6834,4.01659,1.27355
854,50.1998,72.5992,329.471,747.885,312.789,817.985,0,45.3745,4.8253,1.10634
855,10.2,11.6487,137.406,632.17,140.012,620.899,0,7.28041,2.91959,1.40102
856,130.299,158.407,344.797,668.333,312.446,818.095,0,99.0046,31.2941,1.31609
857,110.999,102.519,228.262,284.393,248.85,184.986,0,64.0744,46.9245,1.73234
858,18.8,16.0036,263.601,195.553,253.003,183.622,0,10.0022,8.79779,1.87958
859,59.1997,72.5973,208.97,617.523,144.743,615.633,0,45.3733,13.8264,1.30473
860,156.8,167.227,507.534,325.137,630.321,334.133,0,104.517,52.2836,1.50024
861,103.699,122.77,271.946,736.61,311.11,818.563,0,76.7313,26.9677,1.35146
862,296.509,215.774,472.122,475.273,596.964,507.607,1,134.859,161.65,2.19866
863,172.101,165.192,303.035,627.231,144.683,615.604,0,103.245,68.856,1.66692
864,46.2999,42.6911,110.122,404.924,67.8089,404.992,0,26.6819,19.6179,1.73525
865,201.603,197.848,241.155,365.601,67.6739,404.86,0,123.655,77.948,1.63037
866,115.199,150.652,493.891,715.747,612.02,752.997,0,94.1578,21.041,1.22347
867,256.306,265.127,364.76,411.848,349.493,174.578,0,165.704,90.6023,1.54677
868,129.699,137.466,518.167,119.391,653.47,130,0,85.9165,43.7823,1.50959
869,58.5997,63.4609,231.681,245.518,249.055,185.062,0,39.6631,18.9366,1.47744
870,200.903,223.498,368.253,370.841,349.893,174.74,0,139.686,61.2168,1.43824
871,244.406,277.949,348.856,544.602,144.702,615.674,0,173.718,70.6878,1.40691
872,10.3,10.5031,591.879,832.869,602.414,833.397,0,6.56442,3.73559,1.56907
873,173.201,150.645,202.128,368.665,67.7255,404.947,0,94.1531,79.0483,1.83957
874,29.5001,36.5129,617.906,217.231,647.876,197.762,0,22.8206,6.6795,1.2927
875,213.804,179.739,276.147,351.811,249.816,185.147,0,112.337,101.467,1.90324
876,216.904,225.56,484.937,469.892,615.553,539.932,0,140.975,75.9289,1.5386
877,200.803,190.48,497.723,548.444,613.157,612.589,0,119.05,81.7532,1.68671
878,182.302,150.244,471.502,606.588,613.346,613.136,0,93.9024,88.3995,1.9414
879,122.199,161.975,513.427,682.769,612.383,751.972,0,101.234,20.9646,1.20709
880,231.105,231.158,498.554,478.502,615.46,540.07,0,144.474,86.6311,1.59963
881,250.606,206.744,479.232,532.893,613.294,613.084,0,129.215,121.391,1.93945
882,139.399,87.4588,186.093,659.54,149.731,693.266,0,54.6617,84.7376,2.55022
883,181.602,153.299,502.779,180.866,356.147,173.486,0,95.8121,85.7898,1.8954
884,120.599,164.653,537.093,288.253,647.99,197.929,0,102.908,17.6907,1.17191
885,5.9,5.1009,72.8551,404.804,67.8332,405.296,0,3.18807,2.71193,1.85065
886,75.0994,82.2678,579.563,141.79,653.457,130.049,0,51.4174,23.6821,1.46059
887,48.2998,62.3289,612.643,236.489,647.989,197.779,0,38.9556,9.34425,1.23987
888,106.699,128.343,522.402,735.843,611.141,755.161,0,80.2144,26.4845,1.33017
889,80.4993,112.767,352.944,714.644,312.972,818.131,0,70.4793,10.02,1.14217
890,212.604,165.866,517.761,180.977,355.817,174.305,0,103.667,108.937,2.05084
891,242.806,249.745,399.703,363.582,349.973,174.798,0,156.09,86.7153,1.55555
892,133.499,168.612,297.772,701.302,149.433,693.332,0,105.383,28.1161,1.2668
893,195.603,214.24,327.876,593.118,144.833,616.093,0,133.9,61.7028,1.46081
894,111.699,122.288,309.61,259.05,349.607,174.611,0,76.4299,35.269,1.46146
895,35.9,47.8509,595.419,504.653,615.647,540.432,0,29.9068,5.99322,1.2004
896,232.705,184.679,464.992,650.99,613.21,612.99,0,115.425,117.28,2.01608
897,0,0,652.253,197.689,652.253,197.689,0,0,0,0
898,96.3991,122.785,523.92,716.022,611.887,753.124,0,76.7408,19.6583,1.25616
899,151.5,113.857,198.221,265.785,248.458,184.808,0,71.1608,80.3392,2.12898
900,98.2991,112.157,288.672,282.972,250.116,185.034,0,70.098,28.2011,1.40231
901,65.6996,68.8382,596.911,686.897,612.407,751.911,0,43.0239,22.6757,1.52705
902,81.0993,97.1826,541.234,722.745,611.967,753.093,0,60.7391,20.3602,1.33521
903,106.699,128.316,597.449,440.653,615.66,539.609,0,80.1977,26.5012,1.33045
904,41.7999,56.0942,586.157,505.6,615.707,540.461,0,35.0588,6.74109,1.19228
905,80.2993,115.104,249.745,710.126,153.458,700.887,0,71.94,8.3593,1.1162
906,45.3999,64.4104,330.639,756.604,312.703,817.974,0,40.2565,5.14336,1.12776
907,99.4991,101.444,564.716,319.619,630.392,333.739,0,63.4023,36.0968,1.56933
908,279.108,290.543,358.343,437.37,349.983,174.817,0,181.589,97.5184,1.53703
909,62.8996,64.3951,309.794,761.276,311.783,818.362,0,40.247,22.6526,1.56284
910,26.0001,34.8912,317.268,186.452,349.711,174.681,0,21.807,4.19304,1.19228
911,296.509,117.621,427.986,140.674,424.224,121.14,1,73.5128,222.996,4.03343
912,296.509,201.924,477.031,490.84,587.998,473.934,1,126.203,170.306,2.34947
913,188.902,166.893,230.359,394.929,67.6781,404.953,0,104.308,84.594,1.811
914,29.4001,34.3053,596.598,335.852,630.366,334.043,0,21.4408,7.95927,1.37122
915,238.805,248.089,282.468,431.583,67.773,405.028,0,155.056,83.7496,1.54013
916,52.6998,55.1953,575.07,636.149,613.293,613.198,0,34.497,18.2027,1.52766
917,42.4999,41.1941,108.799,404.702,67.801,405.408,0,25.7463,16.7536,1.65072
918,144.9,122.284,163.599,429.71,67.6693,404.942,0,76.4278,68.4718,1.8959
919,73.6994,83.8672,319.214,744.506,311.813,818.298,0,52.417,21.2824,1.40602
920,276.808,251.741,471.373,514.401,613.196,612.624,0,157.338,119.47,1.75932
921,9.7,9.25151,359.199,182.638,355.77,174.271,0,5.7822,3.9178,1.67756
922,85.3993,87.655,439.285,179.196,355.706,174.307,0,54.7844,30.6149,1.55882
923,25.6001,34.3053,593.174,724.863,612.253,752.297,0,21.4408,4.15923,1.19399
924,126.099,141.347,605.581,434.281,615.588,539.686,0,88.3417,37.757,1.4274
925,72.2995,81.5639,177.427,561.486,139.948,611.08,0,50.9775,21.322,1.41826
926,149.9,173.869,234.272,518.486,140.155,611.159,0,108.668,41.2318,1.37943
927,102.199,116.128,195.77,255.956,248.734,184.921,0,72.5801,29.6189,1.40809
928,112.399,130.144,355.048,266.395,349.906,174.683,0,81.3402,31.0586,1.38184
929,92.5992,106.115,367.582,211.781,349.367,174.476,0,66.3222,26.277,1.3962
930,116.699,137.852,314.911,283.659,250.446,184.85,0,86.1576,30.5411,1.35448
931,140.399,148.978,497.308,347.764,630.358,333.967,0,93.1112,47.2881,1.50787
932,98.3991,115.539,342.917,268.295,349.478,174.539,0,72.212,26.187,1.36264
933,99.5991,97.107,546.149,588.803,613.184,612.767,0,60.6919,38.9072,1.64106
934,173.001,147.233,472.224,606.21,613.165,612.938,0,92.0207,80.9807,1.88003
935,79.2994,101.991,221.435,648.926,144.767,616.06,0,63.7447,15.5547,1.24402
936,101.899,98.6866,221.377,278.818,249.252,185.245,0,61.6791,40.2199,1.65208
937,76.3994,85.7655,180.844,210.167,249.147,185.141,0,53.6035,22.7959,1.42527
938,137.299,134.008,246.493,309.852,250.129,184.98,0,83.7551,53.5441,1.63929
939,118.199,124.91,222.128,599.014,144.769,615.893,0,78.0686,40.1301,1.51404
940,31.0001,40.9116,600.438,577.61,616.347,541.911,0,25.5698,5.43032,1.21237
941,9,8.63508,594.276,834.339,602.431,833.317,0,5.39692,3.60307,1.66762
942,128.399,157.673,306.991,699.718,312.263,818.226,0,98.5459,29.8528,1.30293
943,90.4992,91.94,433.833,192.934,356.102,173.435,0,57.4625,33.0367,1.57493
944,109.699,151.388,554.837,266.295,647.971,197.757,0,94.6173,15.0816,1.1594
945,98.4991,105.616,547.719,125.881,653.563,130.043,0,66.0102,32.4888,1.49218
946,174.201,172.666,508.869,324.738,630.36,334.049,0,107.916,66.2854,1.61423
947,59.5997,53.5955,260.567,237.512,249.532,185.237,0,33.4972,26.1025,1.77924
948,144.3,184.463,312.288,325.484,250.783,184.741,0,115.289,29.0102,1.25163
949,146.6,133.295,281.938,304.588,249.412,185.225,0,83.3096,63.2901,1.7597
950,48.1998,57.19,597.364,698.114,612.417,751.926,0,35.7437,12.4561,1.34848
951,294.309,307.992,326.129,451.105,67.7447,404.9,0,192.495,101.813,1.52891
952,12.5,15.6675,633.329,185.569,648.007,191.035,0,9.7922,2.70781,1.27653
953,249.806,204.167,235.246,429.459,67.814,405.15,0,127.604,122.202,1.95766
954,129.999,141.142,535.591,390.077,630.257,334.211,0,88.2136,41.7851,1.47368
955,123.799,162.464,403.845,709.852,313.163,818.214,0,101.54,22.2584,1.21921
956,173.401,226.699,496.008,259.194,648.004,197.761,0,141.687,31.7143,1.22383
957,124.399,113.19,511.182,639.096,613.207,612.76,0,70.7437,53.655,1.75844
958,207.503,177.868,226.224,360.019,67.6658,405.522,0,111.167,96.3362,1.86659
959,130.899,131.339,413.986,249.464,355.739,174.222,0,82.0866,48.8122,1.59464
960,22.4,19.7407,87.4283,405.965,67.8448,405.412,0,12.3379,10.0621,1.81555
961,276.508,219.766,452.727,679.359,613.346,613.109,0,137.353,139.154,2.01311
962,0,0,151.593,700.97,151.593,700.97,0,0,0,0
963,33.0001,33.1588,99.4088,399.068,67.7468,404.854,0,20.7242,12.2758,1.59234
964,296.509,229.268,397.005,514.012,547.218,446.009,1,143.292,153.217,2.06926
965,296.509,247.588,405.218,602.833,596.237,615.039,1,154.742,141.767,1.91615
966,54.5997,65.3034,327.007,220.741,349.824,174.743,0,40.8146,13.7851,1.33775
967,78.3994,86.703,557.001,328.575,630.361,334.056,0,54.1894,24.21,1.44677
968,8.09999,9.19399,312.782,808.838,312.692,818.025,0,5.74624,2.35375,1.40962
969,156,156.357,471.991,587.087,613.216,612.623,0,97.7233,58.2771,1.59635
970,204.303,221.304,351.243,358.5,349.476,174.478,0,138.315,65.9883,1.47709
971,71.4995,79.7,355.016,200.405,349.583,174.545,0,49.8125,21.687,1.43537
972,271.107,309.472,377.895,538.408,144.813,616.236,0,193.42,77.6875,1.40165
973,245.506,215.56,473.544,383.351,630.316,334.056,0,134.725,110.781,1.82228
974,14.1,16.5446,369.624,182.132,355.555,174.441,0,10.3404,3.75966,1.36359
975,13.7,14.092,264.347,191.563,252.988,183.606,0,8.80748,4.89253,1.5555
976,81.6993,81.3102,305.482,748.002,311.498,818.44,0,50.8188,30.8805,1.60766
977,162.501,132.879,165.334,439.349,67.7002,405.561,0,83.0491,79.4516,1.95668
978,137.499,157.796,583.576,411.945,615.657,539.675,0,98.6224,38.8768,1.3942
979,115.499,102.854,230.087,284.468,249.467,185.242,0,64.2836,51.2152,1.79671
980,61.8996,63.8348,598.38,179.607,648.385,190.756,0,39.8968,22.0029,1.55149
981,51.7998,58.0647,266.701,239.063,250.269,184.88,0,36.2904,15.5094,1.42737
982,118.599,107.976,166.424,413.05,67.8464,405.07,0,67.485,51.1138,1.75741
983,85.3993,90.6023,156.346,402.893,67.7915,405.245,0,56.6264,28.7728,1.50812
984,219.504,178.546,204.276,350.148,67.7027,405.548,0,111.591,107.913,1.96704
985,296.509,245.993,400.144,614.498,599.572,612.313,1,153.745,142.764,1.92857
986,133.099,143.341,511.48,116.524,653.511,129.81,0,89.588,43.5109,1.48568
987,141.899,156.966,371.771,280.311,349.632,174.591,0,98.1039,43.7956,1.44642
988,157.3,176.194,337.358,316.895,349.726,174.742,0,110.121,47.1791,1.42843
989,205.803,156.042,502.758,187.977,356.043,173.616,0,97.5263,108.277,2.11023
990,296.509,94.363,174.065,661.711,173.721,659.064,1,58.9769,237.532,5.02754
991,164.401,191.4,521.649,455.993,615.577,539.684,0,119.625,44.776,1.3743
992,47.6998,55.2714,89.9347,439.064,67.8061,405.349,0,34.5447,13.1552,1.38082
993,176.502,193.129,238.138,498.929,139.607,611.237,0,120.706,55.7959,1.46225
994,107.599,101.541,163.027,409.729,67.6586,405.489,0,63.4632,44.1357,1.69545
995,225.505,219.097,423.859,324.573,356.13,173.49,0,136.936,88.569,1.64679
996,87.8992,91.411,136.745,529.499,139.841,611.095,0,57.1319,30.7673,1.53853
997,0,0,310.679,823.597,310.679,823.597,0,0,0,0
998,256.406,257.018,423.256,353.927,355.678,174.341,0,160.636,95.7702,1.59619
999,281.008,260.317,296.784,423.579,67.7809,405.331,0,162.698,118.31,1.72717
1000,121.599,160.286,505.423,693.288,612.028,752.798,0,100.179,21.42,1.21382
1001,29.8001,32.3944,582.816,603.229,613.328,612.467,0,20.2465,9.55356,1.47186
1002,296.509,307.266,310.113,470.46,69.9656,405.455,1,192.041,104.468,1.54399
1003,212.504,238.674,328.333,567.135,144.846,616.151,0,149.172,63.3323,1.42456
1004,89.9992,94.5283,248.816,772.689,311.388,818.529,0,59.0802,30.919,1.52334
1005,151.7,131.196,196.02,403.267,67.6847,405.627,0,81.9975,69.7026,1.85006
1006,195.303,225.765,498.537,501.666,615.597,539.678,0,141.103,54.1994,1.38411
1007,261.907,269.948,416.784,372.834,355.751,174.323,0,168.718,93.189,1.55234
1008,29.1001,26.6567,94.4549,403.131,67.6834,404.878,0,16.6605,12.4396,1.74665
1009,209.304,212.133,327.128,593.289,144.759,616.07,0,132.583,76.7205,1.57866
1010,7.7,7.91216,346.789,182.004,349.272,174.493,0,4.9451,2.7549,1.5571
1011,55.0997,55.9266,588.566,652.075,613.197,612.939,0,34.9541,20.1456,1.57634
1012,31.3001,40.2177,570.744,805.673,606.821,810.882,0,25.1361,6.16402,1.24523
1013,0,0,405.641,78.1233,405.535,78.0951,0,0,0,0
1014,28.7001,35.586,304.52,789.647,311.876,818.296,0,22.2413,6.45881,1.2904
1015,116.599,152.573,507.105,700.221,611.964,752.92,0,95.3583,21.2405,1.22274
1016,62.4996,87.7011,337.756,734.239,312.722,818.013,0,54.8132,7.68646,1.14023
1017,124.299,133.817,520.27,122.615,653.473,129.951,0,83.6355,40.6632,1.4862
1018,125.199,126.269,543.237,565.576,613.322,612.525,0,78.9182,46.2804,1.58643
1019,296.509,234.905,395.147,523.112,561.148,451.161,1,146.815,149.693,2.0196
1020,31.6001,28.4759,587.974,620.749,613.325,613.094,0,17.7974,13.8027,1.77554
1021,160.301,175.302,371.039,305.181,349.682,174.64,0,109.563,50.7371,1.46308
1022,119.099,149.29,275.038,673.383,149.423,693.281,0,93.306,25.7928,1.27643
1023,67.0995,89.4931,227.212,679.666,149.531,693.191,0,55.9332,11.1663,1.19964
1024,227.305,195.052,244.874,375.521,67.7971,405.236,0,121.908,105.397,1.86456
1025,133.099,177.008,534.544,298.001,647.967,198.011,0,110.63,22.4687,1.2031
1026,72.6995,84.8576,581.739,291.621,630.299,334.008,0,53.036,19.6635,1.37076
1027,200.203,169.112,169.238,303.826,248.61,184.932,0,105.695,94.5082,1.89416
1028,13.8,15.9656,606.437,553.283,616.243,541.911,0,9.97852,3.8215,1.38297
1029,186.102,147.183,149.504,440.046,67.7367,405.576,0,91.9894,94.1127,2.02308
1030,178.102,159.7,208.164,361.693,67.7709,405.016,0,99.8125,78.2892,1.78436
1031,130.899,136.575,518.919,125.476,653.548,129.87,0,85.3595,45.5393,1.5335
1032,84.0993,102.289,561.458,480.335,615.639,539.552,0,63.9305,20.1688,1.31548
1033,199.303,157.418,508.859,179.344,356.09,173.546,0,98.3861,100.917,2.02572
1034,51.2998,61.6674,396.338,185.279,355.766,174.248,0,38.5421,12.7577,1.33101
1035,296.509,325.449,370.646,465.316,345.012,180.101,1,203.406,93.1031,1.45772
1036,167.201,196.227,343.42,638.561,312.407,818.106,0,122.642,44.5594,1.36333
1037,296.509,286.17,425.228,565.531,598.777,612.133,1,178.856,117.653,1.65781
1038,143.4,173.004,302.627,683.118,312.337,818.057,0,108.128,35.272,1.32621
1039,47.6998,48.986,300.709,183.576,253.22,183.303,0,30.6162,17.0836,1.55799
1040,18.2,21.8085,404.106,99.5947,405.72,78.1865,0,13.6303,4.56972,1.33526
1041,223.004,193.658,241.025,373.638,67.7937,404.957,0,121.036,101.968,1.84246
1042,84.2993,95.3143,349.206,227.246,349.709,174.607,0,59.5715,24.7278,1.4151
1043,178.302,213.802,432.309,679.013,312.994,818.13,0,133.626,44.6754,1.33433
1044,38.9,28.8696,594.413,626.15,613.229,612.995,0,18.0435,20.8565,2.1559
1045,161.401,143.447,489.822,619.634,613.325,613.071,0,89.6546,71.7461,1.80025
1046,117.799,124.943,252.329,302.071,249.214,185.085,0,78.0891,39.7097,1.50852
1047,44.4999,39.3453,604.678,583.624,613.296,612.374,0,24.5908,19.9091,1.80961
1048,19,23.0359,411.949,100.201,405.564,78.1294,0,14.3974,4.6026,1.31968
1049,19.9,24.317,578.12,833.262,602.431,833.25,0,15.1981,4.7019,1.30937
1050,189.002,204.967,382.037,327.177,349.836,174.67,0,128.105,60.8977,1.47537
1051,181.402,194.21,327.975,624.206,144.793,616.088,0,121.381,60.0206,1.49448
1052,129.899,130.705,129.629,498.679,139.72,611.126,0,81.6907,48.208,1.59013
1053,154.7,156.199,519.421,386.84,630.27,334.143,0,97.6244,57.0759,1.58465
1054,134.499,150.028,334.4,290.179,349.904,174.787,0,93.7673,40.7318,1.43439
1055,54.6997,56.3722,597.936,135.504,653.455,129.95,0,35.2326,19.4671,1.55253
1056,159.801,186.257,214.288,475.96,139.837,611.066,0,116.411,43.3899,1.37273
1057,96.9991,112.25,342.107,265.515,349.89,174.69,0,70.1562,26.8429,1.38262
1058,287.008,265.347,289.997,450.398,67.8186,404.98,0,165.842,121.166,1.73061
1059,43.2999,38.864,239.736,223.077,249.702,185.245,0,24.29,19.0099,1.78262
1060,296.509,243.363,443.369,478.672,601.457,524.136,1,152.102,144.407,1.94941
1061,134.199,126.353,237.239,757.49,152.817,701.815,0,78.9705,55.2284,1.69936
1062,10.8,13.2578,636.163,186.017,648.445,190.862,0,8.28612,2.51389,1.30339
1063,296.509,103.597,471.657,329.575,471.423,329.664,1,64.7481,231.761,4.57943
1064,62.0996,65.2517,133.157,401.263,67.7528,405.25,0,40.7823,21.3173,1.52271
1065,185.102,223.804,350.222,614.588,312.286,818.082,0,139.877,45.2249,1.32332
1066,240.805,200.117,305.369,350.636,249.227,185.115,0,125.073,115.732,1.92531
1067,100.199,91.1142,527.775,621.342,613.167,613.001,0,56.9464,43.2527,1.75953
1068,277.808,296.418,370.152,431.724,349.915,174.826,0,185.261,92.5463,1.49954
1069,131.399,176.064,417.56,711.021,313.293,818.154,0,110.04,21.3588,1.1941
1070,80.9993,90.5921,230.533,272.248,249.47,185.179,0,56.6201,24.3793,1.43058
1071,108.299,116.393,417.878,237.922,356.056,173.608,0,72.7453,35.5536,1.48874
1072,214.504,299.08,383.206,567.253,312.645,818.006,0,186.925,27.5786,1.14754
1073,64.8996,85.2082,222.815,680.288,149.552,693.25,0,53.2551,11.6445,1.21865
1074,118.199,157.316,342.131,670.711,313.07,818.058,0,98.3224,19.8764,1.20215
1075,192.903,209.099,386.937,328.939,349.897,174.65,0,130.687,62.2156,1.47607
1076,1.8,0.968068,352.61,176.666,352.442,175.713,0,0.605042,1.19496,2.975
1077,37.2,32.4069,234.071,211.02,249.344,185.193,0,20.2543,16.9457,1.83665
1078,262.807,232.143,465.415,324.223,355.81,174.276,0,145.09,117.717,1.81134
1079,168.101,149.917,201.382,368.587,67.6825,405.471,0,93.6983,74.4028,1.79407
1080,174.101,202.598,215.036,462.211,139.784,611.145,0,126.624,47.4779,1.37495
1081,212.904,208.222,471.117,402.963,630.349,334.147,0,130.138,82.7653,1.63598
1082,26.0001,27.6547,235.63,205.847,249.243,185.128,0,17.2842,8.71589,1.50427
1083,296.509,19.2131,486.699,156.587,486.153,155.089,1,12.0082,284.501,24.6923
1084,296.509,304.728,322.645,453.113,71.768,405.525,1,190.455,106.054,1.55684
1085,266.007,280.563,429.214,368.025,355.955,173.697,0,175.352,90.6549,1.51699
1086,131.899,140.096,263.04,655.899,144.788,616.208,0,87.5598,44.3391,1.50639
1087,122.899,162.569,403.736,708.277,313.329,818.229,0,101.605,21.2932,1.20957
1088,53.3998,61.7681,203.94,214.445,248.436,184.838,0,38.6051,14.7947,1.38323
1089,109.299,124.794,347.784,275.157,349.883,174.813,0,77.9959,31.303,1.40134
1090,77.2994,84.7158,569.373,126.202,653.457,129.805,0,52.9473,24.352,1.45993
1091,103.999,104.64,565.774,322.286,630.416,333.798,0,65.3998,38.5991,1.5902
1092,268.207,250.101,443.321,441.379,615.644,539.68,0,156.313,111.894,1.71583
1093,80.3993,88.3203,258.627,792.398,310.58,818.785,0,55.2002,25.1992,1.45651
1094,17.2,21.3075,165.172,621.834,144.787,615.88,0,13.3172,3.88284,1.29157
1095,117.799,126.448,395.232,242.894,355.757,174.303,0,79.0297,38.7691,1.49056
1096,228.905,182.711,195.797,316.656,248.671,184.921,0,114.194,114.71,2.00452
1097,19.1,23.7695,317.112,795.087,312.395,818.101,0,14.8559,4.24411,1.28568
1098,156.5,185.832,199.216,463.324,140.14,611.092,0,116.145,40.3556,1.34746
1099,41.9999,34.0783,244.413,218.84,249.665,185.223,0,21.299,20.701,1.97192
1100,296.509,298.147,427.329,565.898,607.825,612.58,1,186.342,110.167,1.59121
1101,69.4995,78.0061,145.127,401.115,67.7541,404.975,0,48.7538,20.7457,1.42552
1102,275.508,273.713,292.945,449.581,67.7293,404.893,0,171.07,104.437,1.61049
1103,45.9999,63.6356,211.611,725.693,152.718,701.768,0,39.7722,6.22764,1.15658
1104,296.509,227.251,393.101,461.378,582.822,461,1,142.032,154.477,2.08762
1105,283.408,305.525,381.022,433.02,349.744,174.687,0,190.953,92.455,1.48418
1106,216.704,169.465,234.901,343.194,249.092,185.128,0,105.915,110.789,2.04601
1107,39.6,35.9097,256.459,219.801,249.918,185.087,0,22.4435,17.1564,1.76443
1108,161.601,176.22,395.031,284.064,355.676,174.306,0,110.137,51.4633,1.46726
1109,142.099,138.454,456.589,220.505,356.012,173.683,0,86.534,55.5654,1.64212
1110,159.901,178.966,481.188,123.509,653.595,130.27,0,111.854,48.0467,1.42955
1111,85.1993,103.207,240.666,738.424,152.704,701.834,0,64.5043,20.6949,1.32083
1112,90.1992,118.055,552.586,194.838,647.952,191.403,0,73.7845,16.4147,1.22247
1113,65.9996,71.5449,193.852,214.377,249.056,185.048,0,44.7156,21.284,1.47599
1114,22,20.9208,592.764,612.354,613.166,613.022,0,13.0755,8.92457,1.68254
1115,148.3,197.317,504.457,295.377,648.1,198,0,123.323,24.9766,1.20253
1116,133.499,154.44,215.747,517.615,139.993,611.138,0,96.525,36.974,1.38305
1117,270.607,250.359,443.079,444.614,615.492,539.763,0,156.475,114.133,1.7294
1118,99.899,138.717,561.85,281.422,647.994,197.761,0,86.6979,13.2011,1.15227
1119,13.7,13.3365,589.065,834.875,602.44,833.262,0,8.33528,5.36473,1.64362
1120,167.301,157.258,527.74,547.329,613.25,612.667,0,98.2864,69.0146,1.70218
1121,211.604,185.589,226.947,350.276,248.551,184.891,0,115.993,95.6109,1.82428
1122,65.2996,64.692,267.988,246.592,249.738,185.194,0,40.4325,24.8671,1.61503
1123,210.804,156.868,490.927,632.044,613.188,612.59,0,98.0427,112.761,2.15012
1124,33.6001,30.5013,232.409,203.9,249.129,185.13,0,19.0633,14.5367,1.76255
1125,101.199,106.465,248.632,631.58,144.772,616.092,0,66.5406,34.6584,1.52086
1126,83.7993,118.225,224.619,706.689,149.366,693.391,0,73.8904,9.90894,1.1341
1127,144.6,156.427,371.992,279.273,349.52,174.568,0,97.7666,46.833,1.47903
1128,132.499,152.894,216.972,519.431,140.035,611.074,0,95.5585,36.9404,1.38657
1129,28.7001,36.359,315.266,183.503,349.966,174.82,0,22.7244,5.97567,1.26296
1130,43.3999,50.7635,608.308,144.353,653.537,130.037,0,31.7272,11.6727,1.36791
1131,135.099,136.476,270.213,647.398,144.769,615.838,0,85.2973,49.8018,1.58386
1132,123.899,133.684,357.375,270.319,349.664,174.586,0,83.5524,40.3463,1.48289
1133,20,22.325,596.288,794.683,606.562,811.585,0,13.9531,6.04689,1.43337
1134,56.4997,48.1898,218.392,215.129,249.394,185.203,0,30.1186,26.3811,1.8759
1135,104.699,117.607,610.764,730.041,612.362,752,0,73.5045,31.1945,1.42439
1136,191.502,244.408,372.071,608.135,313.046,818.104,0,152.755,38.7477,1.25366
1137,2,0.967565,245.409,176.059,245.969,176.779,0,0.604728,1.39527,3.30727
1138,46.0999,38.4368,259.213,221.866,249.945,185.118,0,24.023,22.0769,1.91899
1139,69.7995,74.5018,420.722,148.345,356.054,173.551,0,46.5636,23.2359,1.49901
1140,67.9995,70.3764,573.707,706.771,612.211,752.478,0,43.9853,24.0143,1.54596
1141,285.708,252.144,447.664,400.512,630.253,334.056,0,157.59,128.118,1.81298
1142,31.1001,39.934,616.839,261.529,635.796,282.253,0,24.9588,6.14132,1.24606
1143,112.199,123.266,466.566,188.578,356.023,173.61,0,77.0414,35.1574,1.45634
1144,29.6001,36.7155,404.509,114.462,405.937,78.1176,0,22.9472,6.65286,1.28992
1145,45.2999,58.0091,568.229,788.93,606.461,811.544,0,36.2557,9.04422,1.24946
1146,152.8,140.857,289.145,298.387,250.111,184.989,0,88.0359,64.7643,1.73566
1147,296.509,279.79,419.46,569.438,600.857,612.161,1,174.869,121.64,1.69561
1148,56.9997,59.2763,595.081,132.138,653.49,129.952,0,37.0477,19.952,1.53855
1149,36.4,26.9108,269.431,204.193,252.907,183.843,0,16.8193,19.5808,2.16419
1150,9.2,9.30211,648.813,137.222,653.552,130.218,0,5.81382,3.38618,1.58244
1151,64.1996,85.3198,320.048,739.871,312.724,817.95,0,53.3249,10.8747,1.20393
1152,37.9,44.1845,174.015,636.32,144.828,615.954,0,27.6153,10.2847,1.37243
1153,49.9998,61.1992,406.521,153.536,355.809,174.179,0,38.2495,11.7503,1.3072
1154,218.404,227.382,479.557,466.208,615.515,540.124,0,142.114,76.2901,1.53682
1155,141.699,153,513.991,145.887,653.658,130.271,0,95.6251,46.0744,1.48182
1156,83.7993,94.8833,266.103,277.315,250.19,185.047,0,59.3021,24.4972,1.41309
1157,224.605,192.542,494.107,238.484,356.149,173.473,0,120.339,104.266,1.86643
1158,48.4998,55.1456,90.1233,439.446,67.7666,405.342,0,34.466,14.0338,1.40718
1159,211.604,214.844,329.824,596.318,144.689,615.706,0,134.278,77.3262,1.57587
1160,73.4995,83.9298,179.065,559.613,139.949,611.162,0,52.4562,21.0433,1.40116
1161,21.7,27.6341,320.344,791.507,312.535,817.951,0,17.2713,4.42872,1.25642
1162,135.999,134.925,535.363,562.267,613.257,612.54,0,84.3279,51.6712,1.61274
1163,296.509,131.181,416.916,528.68,422.888,555.477,1,81.9879,214.521,3.6165
1164,108.499,130.625,234.935,770.082,152.752,701.731,0,81.6404,26.8586,1.32899
1165,63.4996,64.1741,201.786,210.94,249.011,185.015,0,40.1088,23.3908,1.58318
1166,32.3001,42.5683,159.876,646.698,139.809,620.84,0,26.6052,5.69489,1.21405
1167,121.399,108.677,162.36,414.611,67.8297,405.02,0,67.9228,53.4759,1.7873
1168,103.799,119.228,116.811,483.347,67.728,405.484,0,74.5175,29.2815,1.39295
1169,159.401,143.819,539.445,552.067,613.243,612.959,0,89.887,69.5135,1.77334
1170,138.599,146.973,270.365,657.145,144.711,616.245,0,91.8583,46.741,1.50884
1171,84.4993,114.863,353.36,712.394,312.665,817.998,0,71.7896,12.7097,1.17704
1172,145.7,151.262,334.424,294.281,349.473,174.521,0,94.5385,51.1612,1.54117
1173,209.404,281.235,288.912,493.527,139.917,611.131,0,175.772,33.6315,1.19134
1174,296.509,217.114,378.506,489.796,548.085,450.755,1,135.696,160.812,2.18509
1175,101.599,114.131,610.988,725.662,612.313,752.229,0,71.3316,30.2674,1.42432
1176,89.1992,99.737,347.358,237.614,349.748,174.742,0,62.3356,26.8636,1.43095
1177,286.108,218.132,434.787,655.021,613.304,613.05,0,136.332,149.776,2.09861
1178,126.499,176.918,481.353,702.876,612.292,752.338,0,110.573,15.9252,1.14402
1179,296.509,102.235,187.135,655.564,173.154,659.057,1,63.897,232.612,4.64042
1180,56.9997,55.6967,264.992,236.315,250.157,184.997,0,34.8104,22.1893,1.63743
1181,54.6997,66.2949,277.145,778.523,311.192,818.584,0,41.4343,13.2654,1.32016
1182,296.509,223.744,395.239,461.167,580.376,456.237,1,139.84,156.669,2.12035
1183,122.799,134.441,236.355,767.078,152.787,701.682,0,84.0254,38.7733,1.46145
1184,112.599,136.943,503.965,720.136,612.19,752.499,0,85.5891,27.0098,1.31558
1185,122.299,157.83,343.189,669.529,312.302,818.101,0,98.6439,23.6548,1.2398
1186,33.9001,45.4094,306.303,184.747,349.956,174.773,0,28.3809,5.51915,1.19447
1187,222.804,241.741,463.578,242.548,356.062,173.501,0,151.088,71.7163,1.47467
1188,199.203,178.666,544.885,520.333,613.311,612.547,0,111.666,87.5368,1.78392
1189,37.2,38.6434,260.069,222.153,249.941,185.132,0,24.1521,13.0479,1.54024
1190,46.3999,59.1662,126.415,567.487,139.951,611.133,0,36.9788,9.42102,1.25477
1191,12.9,16.572,141.248,594.86,139.886,611.12,0,10.3575,2.54254,1.24548
1192,63.5996,72.2502,581.702,662.86,613.332,613.229,0,45.1564,18.4432,1.40843
1193,182.902,211.016,379.588,342.785,349.768,174.716,0,131.885,51.0168,1.38683
1194,5,4.9808,606.421,753.593,611.101,755.263,0,3.113,1.88699,1.60617
1195,205.903,171.524,242.767,344.964,250.141,185.016,0,107.203,98.7006,1.92069
1196,13.6,16.0609,335.119,180.375,350.116,174.813,0,10.0381,3.56194,1.35484
1197,126.699,163.646,340.651,663.69,313.345,818.15,0,102.279,24.4201,1.23876
1198,186.702,200.187,481.393,285.993,630.309,334.144,0,125.117,61.5855,1.49222
1199,55.2997,65.9073,149.074,546.387,139.95,611.164,0,41.1921,14.1077,1.34248
1200,0,0,147.358,698.135,147.318,698.093,0,0,0,0
1201,182.002,192.717,473.283,304.794,630.369,334.054,0,120.448,61.5535,1.51104
1202,96.6991,89.5106,273.669,770.304,310.761,818.697,0,55.9441,40.755,1.72849
1203,191.903,172.864,168.289,308.263,249.158,185.113,0,108.04,83.8625,1.77622
1204,114.199,115.323,526.381,358.497,630.287,334.21,0,72.0769,42.1219,1.5844
1205,46.9999,42.0218,294.261,186.669,253.078,183.632,0,26.2636,20.7362,1.78954
1206,70.3995,71.378,415.784,196.195,355.841,174.292,0,44.6112,25.7882,1.57807
1207,138.499,187.351,294.975,717.913,149.475,693.241,0,117.095,21.4047,1.1828
1208,242.106,216.106,505.989,518.794,613.22,612.699,0,135.066,107.039,1.7925
1209,64.3996,75.6979,315.034,223.662,349.906,174.689,0,47.3112,17.0884,1.36119
1210,296.509,209.77,455.726,480.709,594.966,500.439,1,131.106,165.402,2.26159
1211,270.607,279.531,395.81,403.455,349.457,174.633,0,174.707,95.9002,1.54892
1212,16,18.1639,149.092,675.144,149.725,693.229,0,11.3525,4.64757,1.40939
1213,68.4995,61.5996,301.32,766.791,311.234,818.552,0,38.4998,29.9998,1.77922
1214,21.5,27.705,625.038,211.819,647.995,197.869,0,17.3156,4.18445,1.24166
1215,156.1,178.46,199.368,470.886,139.615,611.166,0,111.538,44.5626,1.39953
1216,81.1993,101.452,563.046,478.569,615.62,540.333,0,63.4077,17.7916,1.28059
1217,296.509,244.936,456.177,468.547,608.87,541.268,1,153.085,143.424,1.93689
1218,67.3995,66.6613,587.595,128.83,653.51,130.073,0,41.6633,25.7363,1.61772
1219,74.7994,81.2099,147.958,396.999,67.8439,405.15,0,50.7562,24.0432,1.4737
1220,154.3,147.253,319.096,296.423,250.295,184.937,0,92.0334,62.2668,1.67657
1221,94.9991,130.861,266.704,718.171,153.524,700.778,0,81.7883,13.2108,1.16152
1222,296.509,202.382,405.161,489.079,548.333,448.609,1,126.489,170.02,2.34416
1223,278.608,224.038,451.973,693.367,613.22,612.601,0,140.024,138.584,1.98972
1224,213.404,174.382,243.633,346.004,249.158,185.081,0,108.989,104.415,1.95803
1225,284.208,324.577,351.058,476.623,144.66,615.672,0,202.861,81.3475,1.401
1226,178.602,236.614,486.798,262.43,647.977,197.884,0,147.884,30.7177,1.20771
1227,32.1001,29.8952,234.224,207.424,249.165,185.145,0,18.6845,13.4156,1.71801
1228,14.7,16.8632,598.11,798.131,606.965,810.349,0,10.5395,4.16051,1.39475
1229,292.409,226.245,430.661,617.466,613.34,613.132,0,141.403,151.005,2.0679
1230,14.8,17.882,371.307,181.894,355.428,174.41,0,11.1762,3.62377,1.32424
1231,37.1,42.7818,569.146,756.602,611.094,755.041,0,26.7386,10.3614,1.38751
1232,0,0,611.008,811.476,611.008,811.476,0,0,0,0
1233,168.701,208.045,311.848,349.236,250.828,184.721,0,130.028,38.6729,1.29742
1234,263.107,233.768,474.714,421.903,630.267,334.081,0,146.105,117.002,1.80081
1235,228.305,160.759,503.091,621.194,613.31,613.245,0,100.474,127.83,2.27227
1236,91.8992,95.4829,542.306,334.514,630.272,334.032,0,59.6768,32.2224,1.53995
1237,233.105,312.697,391.197,575.665,312.654,817.991,0,195.435,37.6696,1.19275
1238,78.7994,78.1602,415.832,204.899,356.143,173.519,0,48.8501,29.9492,1.61308
1239,115.899,114.762,246.808,612.796,144.812,616.022,0,71.7262,44.1726,1.61585
1240,204.703,216.784,394.001,324.248,349.778,174.708,0,135.49,69.2133,1.51084
1241,179.502,197.613,402.003,298.569,355.77,174.289,0,123.508,55.9939,1.45336
1242,123.799,149.995,541.872,444.098,615.595,540.277,0,93.747,30.0517,1.32056
1243,11.4,12.156,362.053,184.265,355.704,174.34,0,7.5975,3.80251,1.50049
1244,61.1996,72.6741,318.562,754.13,311.712,818.417,0,45.4213,15.7783,1.34738
1245,154.3,174.082,213.643,497.912,140.189,611.222,0,108.801,45.499,1.41818
1246,45.1999,47.7002,299.751,185.571,253.407,182.949,0,29.8126,15.3872,1.51613
1247,171.001,153.695,191.395,311.954,248.045,184.554,0,96.0596,74.9416,1.78016
1248,97.7991,131.204,353.014,695.491,312.757,818.044,0,82.0026,15.7965,1.19263
1249,222.904,236.625,387.241,365.092,349.419,174.453,0,147.891,75.0137,1.50722
1250,93.1992,112.119,213.753,654.053,144.785,616.064,0,70.0746,23.1245,1.33
1251,257.907,247.06,446.615,439.043,615.603,539.708,0,154.413,103.494,1.67024
1252,51.6998,51.7156,215.304,217.003,248.519,184.805,0,32.3222,19.3775,1.59951
1253,162.701,178.489,360.026,327.028,349.75,174.68,0,111.556,51.1452,1.45847
1254,30.7001,36.4853,616.181,265.053,636.028,282.558,0,22.8033,7.89675,1.3463
1255,296.509,210.221,392.772,483.008,562.083,451.398,1,131.388,165.121,2.25674
1256,236.505,222.583,293.867,379.473,250.104,185.043,0,139.114,97.391,1.70008
1257,258.507,228.179,467.534,328.018,356.184,173.279,0,142.612,115.895,1.81266
1258,34.8,44.8689,607.481,214.651,648.374,198.116,0,28.0431,6.75697,1.24095
1259,14.7,15.586,248.559,200.394,249.449,185.147,0,9.74123,4.95879,1.50905
1260,212.604,295.155,375.7,567.203,312.646,818.016,0,184.472,28.132,1.1525
1261,228.105,245.538,320.852,549.881,144.782,616.116,0,153.461,74.6437,1.4864
1262,266.807,326.489,324.793,479.445,139.882,611.103,0,204.056,62.7512,1.30752
1263,150.9,155.49,503.535,126.563,653.551,129.752,0,97.1813,53.7187,1.55277
1264,48.8998,62.4668,325.992,217.895,349.968,174.775,0,39.0417,9.85808,1.2525
1265,22.9001,26.8845,300.7,798.973,311.903,818.328,0,16.8028,6.09723,1.36287
1266,97.3991,106.915,548.846,121.091,653.536,129.952,0,66.8219,30.5772,1.45759
1267,23.4001,28.2536,384.235,174.594,356.001,173.785,0,17.6585,5.74157,1.32515
1268,237.405,234.151,469.342,327.528,356.126,173.579,0,146.344,91.0611,1.62224
1269,150.5,179.371,521.634,228.471,648.276,190.935,0,112.107,38.3931,1.34247
1270,50.0998,51.1648,296.864,199.696,253.137,183.471,0,31.978,18.1218,1.5667
1271,141.799,135.275,246.301,311.326,249.919,185.107,0,84.5468,57.2526,1.67717
1272,135.799,131.017,281.763,301.038,249.222,185.109,0,81.8859,53.9132,1.65839
1273,221.404,202.691,472.843,393.757,630.272,334.128,0,126.682,94.7223,1.74772
1274,30.7001,36.7774,575.075,756.125,611.159,754.925,0,22.9859,7.71422,1.33561
1275,121.599,104.774,208.269,267.365,248.619,184.879,0,65.484,56.1147,1.85692
1276,6.6,6.72718,609.27,542.424,615.732,540.555,0,4.20449,2.39551,1.56975
1277,296.509,231.857,466.807,688.882,607.486,613.076,1,144.91,151.598,2.04615
1278,33.2001,29.4586,97.3014,406.493,67.7929,405.39,0,18.4116,14.7885,1.80321
1279,123.399,121.706,130.098,507.31,139.74,611.071,0,76.0662,47.3324,1.62225
1280,261.707,271.436,397.511,396.534,349.866,174.77,0,169.648,92.0591,1.54265
1281,17.4,21.1737,136.181,641.405,139.959,620.884,0,13.2336,4.16645,1.31484
1282,195.203,250.228,377.016,606.63,312.78,817.977,0,156.392,38.8105,1.24816
1283,263.707,189.784,452.819,648.056,613.314,613.089,0,118.615,145.092,2.22322
1284,110.099,102.253,231.11,282.898,248.382,184.764,0,63.9084,46.1905,1.72276
1285,3.2,2.37437,645.617,190.73,647.792,191.683,0,1.48398,1.71602,2.15636
1286,296.509,293.724,434.545,548.844,595.448,613.142,1,183.578,112.931,1.61517
1287,127.999,157.834,344.442,668.903,312.86,818.008,0,98.6465,29.3521,1.29755
1288,74.5994,84.1827,578.707,149.089,653.551,129.952,0,52.6142,21.9852,1.41786
1289,88.9992,89.0358,402.352,211.698,355.725,174.309,0,55.6474,33.3518,1.59934
1290,178.202,199.344,374.802,332.121,349.682,174.687,0,124.59,53.6118,1.43031
1291,73.0995,99.5218,341.719,723.712,313.004,818.103,0,62.2011,10.8983,1.17521
1292,86.7992,111.334,187.83,253.942,248.447,184.845,0,69.5839,17.2153,1.2474
1293,188.302,233.156,400.885,665.986,312.844,817.973,0,145.722,42.5799,1.2922
1294,172.201,148.012,492.741,621.886,613.328,613.099,0,92.5074,79.6939,1.86149
1295,44.6999,34.6673,251.687,220.121,249.561,185.234,0,21.6671,23.0328,2.06303
1296,170.001,163.242,521.455,546.868,613.251,612.683,0,102.026,67.9748,1.66625
1297,73.5994,99.9916,567.135,196.619,647.849,191.572,0,62.4947,11.1047,1.17769
1298,13.4,16.133,83.7119,403.404,67.7012,405.191,0,10.0831,3.3169,1.32896
1299,134.899,129.44,279.562,301.431,249.523,185.238,0,80.9002,53.9988,1.66747
1300,35.2,36.1661,286.863,195.595,253.105,183.462,0,22.6038,12.5962,1.55726
1301,193.903,215.373,487.123,457.914,615.665,539.651,0,134.608,59.2944,1.4405
1302,194.503,158.166,202.538,425.44,67.7347,405.447,0,98.8538,95.6489,1.96758
1303,158.5,155.574,521.051,387.576,630.252,334.198,0,97.2339,61.2666,1.6301
1304,105.599,99.7243,164.367,407.193,67.7669,405.009,0,62.3277,43.2713,1.69425
1305,52.0998,67.2759,209.249,622.708,144.8,615.869,0,42.0475,10.0523,1.23907
1306,11.3,13.8586,598.974,748.449,611.964,753.272,0,8.66164,2.63837,1.3046
1307,155.3,171.938,335.609,313.423,349.631,174.633,0,107.461,47.839,1.44517
1308,131.899,140.97,553.217,402.745,630.252,334.156,0,88.1062,43.7927,1.49704
1309,156.6,168.419,335.646,312.633,349.684,174.596,0,105.262,51.3383,1.48772
1310,217.004,216.352,388.057,339.409,349.472,174.521,0,135.22,81.7843,1.60483
1311,72.9995,82.6867,546.761,733.268,611.958,753.038,0,51.6792,21.3203,1.41255
1312,112.599,127.43,130.647,478.754,67.8422,405.358,0,79.6437,32.9552,1.41378
1313,204.103,205.983,492.362,415.547,630.271,334.147,0,128.739,75.3641,1.5854
1314,159.701,172.863,228.119,552.429,144.674,615.678,0,108.039,51.6612,1.47817
1315,286.908,277.485,295.018,452.898,67.7064,405.536,0,173.428,113.48,1.65433
1316,113.399,128.666,311.309,266.312,349.656,174.748,0,80.416,32.9828,1.41015
1317,88.9992,94.5237,565.393,141.473,653.518,130.034,0,59.0773,29.9219,1.50649
1318,277.608,247.357,495.076,485.044,615.537,540.044,0,154.598,123.009,1.79567
1319,255.106,276.57,314.804,517.77,144.695,615.752,0,172.856,82.2502,1.47583
1320,32.7001,37.8693,162.294,590.942,144.752,615.891,0,23.6683,9.03177,1.3816
1321,39.7,41.9616,612.37,176.102,648.466,190.844,0,26.226,13.4739,1.51376
1322,296.509,263.575,447.578,574.743,604.808,613.204,1,164.734,131.775,1.79992
1323,257.807,256.072,412.594,362.504,355.762,174.293,0,160.045,97.7613,1.61084
1324,214.704,217.874,392.925,334.217,349.772,174.678,0,136.171,78.5329,1.57672
1325,190.202,202.862,324.146,602.543,144.751,616.041,0,126.789,63.4136,1.50015
1326,296.509,220.772,397.712,465.36,579.082,453.146,1,137.982,158.527,2.14889
1327,222.004,171.761,204.85,436.835,67.7086,405.503,0,107.351,114.654,2.06803
1328,228.905,190.674,221.815,430.939,67.6913,405.522,0,119.171,109.733,1.9208
1329,42.9999,51.145,614.485,165.652,648.419,190.885,0,31.9656,11.0343,1.34519
1330,102.999,129.395,598.269,441.539,615.455,540.042,0,80.8722,22.1268,1.2736
1331,3.6,3.16702,251.296,187.941,250.164,184.983,0,1.97939,1.62061,1.81874
1332,75.6994,82.6659,571.043,124.432,653.523,129.953,0,51.6662,24.0332,1.46516
1333,148.4,115.394,230.72,296.597,249.393,185.188,0,72.1214,76.2785,2.05764
1334,116.599,144.761,547.477,443.856,615.478,540.123,0,90.4759,26.1229,1.28873
1335,84.9993,113.898,585.151,272.667,647.937,197.738,0,71.1864,13.8128,1.19404
1336,296.509,281.809,456.768,549.07,595.743,614.682,1,176.13,120.378,1.68346
1337,68.3995,85.8019,579.451,190.327,647.625,191.851,0,53.6262,14.7734,1.27549
1338,90.4992,84.3486,587.855,355.781,630.342,334.344,0,52.7179,37.7813,1.71667
1339,153.6,136.94,313.149,288.939,249.905,185.111,0,85.5877,68.0125,1.79465
1340,183.502,207.695,376.193,340.959,349.535,174.626,0,129.809,53.6928,1.41363
1341,69.9995,76.8972,199.708,593.345,144.746,615.618,0,48.0608,21.9387,1.45648
1342,240.805,252.981,366.783,398.794,349.776,174.66,0,158.113,82.6926,1.523
1343,146.4,184.445,408.11,691.791,313.179,818.167,0,115.278,31.1217,1.26997
1344,36.8,29.8747,591.742,624.652,613.283,613.228,0,18.6717,18.1283,1.9709
1345,192.803,175.256,511.352,400.35,630.311,334.047,0,109.535,83.2675,1.76019
1346,23.1001,28.5728,574.243,834.752,602.453,833.27,0,17.858,5.24207,1.29354
1347,57.9997,60.3602,606.873,647.542,613.288,613.096,0,37.7251,20.2746,1.53743
1348,137.799,154.416,372.063,278.166,349.761,174.733,0,96.51,41.2892,1.42782
1349,262.807,276.64,396.056,400.093,349.747,174.66,0,172.9,89.9068,1.51999
1350,24.6001,33.5465,318.434,184.25,350.395,174.958,0,20.9665,3.63351,1.1733
1351,79.6994,91.6323,136.874,530.369,139.911,611.162,0,57.2702,22.4292,1.39164
1352,250.406,242.798,459.158,456.465,615.555,540.057,0,151.749,98.6572,1.65013
1353,246.806,231.096,466.158,255.38,356.162,173.437,0,144.435,102.371,1.70877
1354,4.2,3.84708,136.467,623.733,137.555,620.043,0,2.40442,1.79558,1.74678
1355,80.4993,76.6314,588.794,367.714,630.37,334.385,0,47.8947,32.6047,1.68076
1356,165.901,189.951,513.873,231.622,647.706,191.783,0,118.72,47.1813,1.39742
1357,261.507,255.639,437.029,354.706,356.096,173.489,0,159.774,101.732,1.63673
1358,139.999,159.378,613.639,423.595,615.513,540.168,0,99.6111,40.3882,1.40546
1359,0,0,314.783,821.436,314.783,821.436,0,0,0,0
1360,76.4994,71.4737,301.23,757.247,310.785,818.741,0,44.6711,31.8283,1.7125
1361,229.205,246.703,288.088,556.648,144.805,616.199,0,154.189,75.0156,1.48652
1362,36,44.7704,400.355,174.866,355.933,173.935,0,27.9815,8.01849,1.28656
1363,202.503,164.875,486.832,637.879,613.357,613.091,0,103.047,99.4564,1.96516
1364,221.604,197.494,496.232,245.651,356.064,173.488,0,123.434,98.1708,1.79533
1365,130.799,160.112,344.695,667.444,312.941,818,0,100.07,30.7289,1.30707
1366,2.9,2.11673,609.135,754.428,611.149,755.073,0,1.32296,1.57704,2.19206
1367,120.499,118.353,527.52,362.458,630.284,334.308,0,73.9708,46.528,1.629
1368,30.0001,42.1223,321.215,777.131,312.727,817.988,0,26.3265,3.67362,1.13954
1369,108.999,104.077,211.192,258.521,248.18,184.737,0,65.0483,43.9506,1.67566
1370,8.09999,8.81979,358.777,182.559,355.613,174.29,0,5.51237,2.58763,1.46942
1371,296.509,229.039,428.708,620.301,610.359,612.426,1,143.149,153.36,2.07133
1372,43.3999,54.1237,406.944,163.177,355.995,173.769,0,33.8273,9.57257,1.28298
1373,266.207,248.248,444.462,442.209,615.458,540.039,0,155.155,111.052,1.71575
1374,73.7994,100.191,344.123,723.578,313.014,818.131,0,62.6192,11.1802,1.17854
1375,138.399,132.93,291.565,289.458,250.168,185.008,0,83.0811,55.3182,1.66583
1376,5.8,5.8958,150.63,616.123,144.747,615.957,0,3.68488,2.11512,1.574
1377,94.1991,103.499,423.69,228.472,356.07,173.423,0,64.6867,29.5125,1.45624
1378,137.299,141.491,330.9,284.158,349.447,174.547,0,88.4318,48.8674,1.5526
1379,132.499,140.52,498.656,339.666,630.406,333.837,0,87.825,44.6738,1.50867
1380,11.9,13.2558,258.141,195.59,252.641,184.028,0,8.2849,3.61511,1.43635
1381,291.509,222.19,444.072,677.024,613.154,612.561,0,138.869,152.64,2.09917
1382,55.8997,79.3022,335.909,742.18,312.896,817.98,0,49.5638,6.33587,1.12783
1383,87.2992,118.903,263.579,729.388,153.161,701.484,0,74.3142,12.9851,1.17473
1384,296.509,223.747,385.988,505.137,552.025,453.035,1,139.842,156.667,2.12032
1385,296.509,199.012,425.306,489.486,577.838,451.421,1,124.382,172.127,2.38385
1386,98.6991,99.969,263.544,282.219,249.716,185.248,0,62.4806,36.2184,1.57967
1387,162.301,136.104,203.469,307.324,248.685,184.892,0,85.0649,77.2358,1.90796
1388,162.501,197.556,354.743,639.095,312.362,818.098,0,123.473,39.028,1.31609
1389,58.5997,66.3784,550.066,748.91,611.995,752.768,0,41.4865,17.1131,1.4125
1390,48.5998,64.1836,561.748,789.869,606.478,811.628,0,40.1148,8.48507,1.21152
1391,188.302,204.411,346.257,344.081,349.815,174.652,0,127.757,60.5452,1.47391
1392,239.005,238.611,401.87,350.229,349.4,174.515,0,149.132,89.8735,1.60264
1393,258.107,292.33,338.593,532.177,144.827,616.201,0,182.706,75.4002,1.41269
1394,60.3997,65.7292,598.274,148.398,653.467,129.953,0,41.0808,19.3189,1.47027
1395,7.3,6.20516,630.791,281.568,635.855,282.169,0,3.87822,3.42177,1.8823
1396,37.3,47.5515,185.046,673.003,149.749,693.248,0,29.7197,7.5803,1.25506
1397,126.499,134.965,519.912,124.305,653.499,129.954,0,84.3533,42.1453,1.49963
1398,296.509,198.421,385.303,458.045,547.501,450.646,1,124.013,172.496,2.39094
1399,162.501,146.55,195.728,307.343,248.125,184.724,0,91.594,70.9067,1.77414
1400,51.3998,59.63,162.249,567.613,139.899,611.051,0,37.2688,14.131,1.37917
1401,80.2993,94.1733,179.269,545.415,139.934,611.15,0,58.8583,21.441,1.36428
1402,150.3,184.514,311.013,325.993,250.702,184.815,0,115.321,34.9789,1.30332
1403,24.8001,30.633,386.035,171.333,355.946,173.706,0,19.1456,5.65443,1.29534
1404,103.899,133.346,511.431,719.529,611.919,753.177,0,83.3414,20.5576,1.24667
1405,296.509,104.785,472.188,333.498,470.87,329.845,1,65.4907,231.018,4.52749
1406,250.406,210.469,280.641,376.203,249.357,185.213,0,131.543,118.863,1.90361
1407,207.503,224.513,475.645,425.211,615.597,539.564,0,140.321,67.1827,1.47878
1408,5.1,4.80037,308.347,814.773,310.965,818.761,0,3.00023,2.09976,1.69987
1409,71.7995,76.1339,577.478,131.558,653.48,130.046,0,47.5837,24.2158,1.50891
1410,126.199,110.438,236.984,290.755,248.938,184.998,0,69.0239,57.1748,1.82833
1411,45.9999,52.1048,605.719,170.441,647.627,191.909,0,32.5655,13.4344,1.41253
1412,203.903,155.864,493.112,157.836,356.043,173.472,0,97.4152,106.488,2.09314
1413,179.902,234.44,488.286,261.145,648.034,197.945,0,146.525,33.377,1.22779
1414,111.499,121.013,555.574,294.503,630.359,333.748,0,75.633,35.8659,1.47421
1415,199.503,203.547,469.148,298.279,630.266,334.075,0,127.217,72.2864,1.56822
1416,216.904,235.158,347.527,591.177,144.814,616.039,0,146.974,69.9304,1.4758
1417,118.599,130.391,524.294,123.3,653.509,129.968,0,81.4946,37.1042,1.4553
1418,156,173.604,336.419,315.101,349.676,174.706,0,108.503,47.4977,1.43776
1419,271.707,231.901,468.669,359.406,630.299,334.081,0,144.938,126.769,1.87464
1420,153.8,158.739,425.403,284.249,355.697,174.306,0,99.2119,54.5883,1.55022
1421,85.1993,115.23,358.162,715.537,312.94,817.987,0,72.019,13.1803,1.18301
1422,162.201,178.394,211.376,498.699,139.95,611.123,0,111.496,50.7046,1.45477
1423,59.7997,76.6969,214.975,675.703,149.584,693.205,0,47.9356,11.8641,1.2475
1424,91.9992,91.0045,163.431,535.06,139.65,611.141,0,56.8778,35.1214,1.61749
1425,134.299,131.949,515.905,365.682,630.253,333.874,0,82.4684,51.8306,1.62849
1426,255.506,201.852,256.97,381.966,67.8075,405.02,0,126.157,129.349,2.0253
1427,187.602,148.088,181.662,441.211,67.8056,405.425,0,92.5551,95.0472,2.02693
1428,96.9991,116.9,562.613,460.604,615.474,540.226,0,73.0624,23.9367,1.32762
1429,269.307,268.434,457.821,500.832,613.232,612.709,0,167.771,101.536,1.60521
1430,92.2992,117.151,586.319,444.652,615.577,540.108,0,73.2195,19.0796,1.26058
1431,84.9993,94.3584,347.064,228.721,349.894,174.654,0,58.974,26.0253,1.4413
1432,13,14.368,600.27,745.045,612.277,752.342,0,8.98002,4.02,1.44766
1433,158.9,200.175,330.774,348.626,250.739,184.783,0,125.109,33.7911,1.27009
1434,151.4,172.006,216.599,500.747,140.064,611.112,0,107.504,43.8962,1.40832
1435,296.509,299.495,322.376,445.459,73.9035,405.147,1,187.184,109.325,1.58405
1436,141.299,114.537,223.88,297.169,248.91,185.014,0,71.5858,69.7136,1.97385
1437,61.4996,64.4525,130.593,399.518,67.8084,405.445,0,40.2828,21.2168,1.5267
1438,296.509,100.417,304.441,398.676,306.789,390.992,1,62.7607,233.748,4.72443
1439,186.702,186.291,322.989,618.934,144.777,616.07,0,116.432,70.2703,1.60353
1440,197.703,174.729,442.862,279.854,355.815,174.316,0,109.205,88.4974,1.81038
1441,30.5001,33.6697,582.814,601.246,613.305,612.55,0,21.0435,9.45653,1.44938
1442,63.6996,67.8543,595.003,149.726,653.552,130.046,0,42.409,21.2906,1.50203
1443,224.905,242.571,318.005,548.783,144.747,615.735,0,151.607,73.2977,1.48347
1444,166.201,169.944,304.046,645.509,144.813,616.034,0,106.215,59.9862,1.56476
1445,262.707,211.839,447.992,667.307,613.337,612.527,0,132.399,130.307,1.9842
1446,43.7999,44.7024,110.953,399.684,67.6853,404.943,0,27.939,15.8609,1.5677
1447,138.199,133.059,464.915,166.274,355.98,173.621,0,83.1621,55.0371,1.66181
1448,214.404,208.861,246.829,417.451,67.7579,405.083,0,130.538,83.8658,1.64246
1449,45.7999,58.9241,161.489,568.739,139.91,611.138,0,36.8276,8.97231,1.24363
1450,199.903,164.748,456.99,597.891,613.195,612.575,0,102.967,96.9356,1.94142
1451,7.5,8.27694,140.393,602.912,139.884,611.149,0,5.17309,2.32691,1.44981
1452,27.9001,32.3788,601.143,331.678,630.294,334.088,0,20.2368,7.6633,1.37868
1453,247.906,208.854,480.084,280.242,355.673,174.347,0,130.534,117.372,1.89917
1454,212.004,228.063,466.981,442.292,615.491,540.116,0,142.539,69.4644,1.48734
1455,31.5001,35.9578,566.537,833.801,602.387,833.329,0,22.4737,9.02643,1.40165
1456,59.0997,67.9718,591.906,233.961,648.355,198.154,0,42.4824,16.6173,1.39116
1457,122.499,101.741,517.588,628.849,613.243,612.574,0,63.5883,58.9104,1.92644
1458,226.705,178.162,252.669,343.398,249.944,184.991,0,111.351,115.353,2.03594
1459,46.5999,62.6706,193.123,684.203,153.365,700.941,0,39.1691,7.43071,1.18971
1460,217.004,276.516,336.061,404.02,250.44,184.782,0,172.822,44.1816,1.25565
1461,140.099,167.595,306.526,680.407,312.372,818.054,0,104.747,35.3523,1.3375
1462,94.6991,80.557,589.415,356.722,630.264,334.337,0,50.3481,44.351,1.88089
1463,164.401,178.054,381.974,246.383,349.451,174.517,0,111.284,53.1171,1.47731
1464,114.999,129.811,346.908,282.785,350.008,174.759,0,81.132,33.8668,1.41743
1465,21,27.2675,177.858,712.437,152.828,701.799,0,17.0422,3.95785,1.23224
1466,72.1995,85.0401,530.303,611.087,613.221,612.759,0,53.1501,19.0494,1.35841
1467,91.7992,92.0508,159.105,398.412,67.7911,405.24,0,57.5317,34.2674,1.59563
1468,36.1,29.6588,584.744,616.815,613.33,613.14,0,18.5368,17.5632,1.94748
1469,219.204,290.324,304.791,505.734,139.914,611.083,0,181.452,37.7519,1.20805
1470,184.502,172.26,447.226,277.235,355.745,174.306,0,107.662,76.8396,1.71371
1471,16.4,18.8927,332.706,181.41,349.999,174.827,0,11.8079,4.5921,1.3889
1472,118.099,153.926,507.346,698.697,612.015,752.794,0,96.2035,21.8952,1.22759
1473,91.2992,99.2285,555.251,121.682,653.488,130.012,0,62.0178,29.2814,1.47214
1474,63.3996,76.8929,590.39,288.584,630.3,334.109,0,48.058,15.3416,1.31923
1475,244.706,211.279,296.126,364.148,248.806,185.028,0,132.05,112.656,1.85314
1476,145.6,150.689,504.246,121.14,653.536,129.786,0,94.1808,51.4189,1.54596
1477,199.503,256.88,381.582,612.76,312.704,817.965,0,160.55,38.9528,1.24262
1478,241.806,239.028,453.906,436.512,615.468,539.966,0,149.393,92.4129,1.61859
1479,245.106,179.682,487.458,662.213,613.169,612.839,0,112.301,132.805,2.18257
1480,296.509,247.185,451.665,470.439,607.236,541.538,1,154.491,142.018,1.91927
1481,110.199,137.066,604.786,443.841,615.597,539.739,0,85.6663,24.5326,1.28637
1482,68.3995,83.984,148.21,527.815,139.849,611.096,0,52.49,15.9095,1.3031
1483,175.101,201.349,370.193,344.522,349.466,174.604,0,125.843,49.2585,1.39143
1484,116.499,158.146,399.964,709.111,313.292,818.212,0,98.8416,17.6572,1.17864
1485,126.999,130.93,548.141,299.724,630.359,333.766,0,81.8311,45.1675,1.55196
1486,99.2991,116.552,612.154,457.723,615.582,539.701,0,72.8452,26.4538,1.36315
1487,21.2,18.3903,262.474,199.33,253.043,183.76,0,11.494,9.70609,1.84445
1488,49.2998,58.528,399.327,185.625,355.81,174.231,0,36.58,12.7198,1.34773
1489,82.2993,92.5537,117.908,456.355,67.7653,404.97,0,57.846,24.4533,1.42273
1490,102.699,111.612,228.078,606.795,144.849,616.06,0,69.7574,32.9416,1.47223
1491,24.2001,30.3324,600.605,785.105,606.618,811.314,0,18.9578,5.24228,1.27652
1492,165.801,139.087,290.907,304.43,250.004,184.983,0,86.9293,78.8716,1.90731
1493,178.802,212.199,511.629,504.802,615.473,539.911,0,132.624,46.1775,1.34818
1494,98.5991,109.975,555.237,686.577,612.426,751.889,0,68.7346,29.8645,1.43449
1495,118.699,83.7133,593.971,358.064,630.336,334.248,0,52.3208,66.378,2.26867
1496,136.099,159.591,549.492,422.482,615.625,539.684,0,99.7442,36.3549,1.36448
1497,190.702,214.049,272.656,559.671,144.726,615.726,0,133.781,56.9219,1.42549
1498,265.007,232.406,445.919,386.316,630.324,334.055,0,145.254,119.753,1.82444
1499,174.801,204.784,371.367,643.578,312.335,818.11,0,127.99,46.8113,1.36574
1500,287.908,321.496,374.906,451.997,349.478,174.544,0,200.935,86.9731,1.43284
1501,296.509,102.253,445.894,338.665,444.068,331.501,1,63.9082,232.601,4.63961
1502,31.4001,22.2805,271.061,197.853,252.799,183.95,0,13.9253,17.4747,2.25489
1503,81.4993,103.643,189.928,246.644,248.672,184.87,0,64.7771,16.7223,1.25815
1504,215.904,225.728,294.392,379.541,250.612,184.818,0,141.08,74.8238,1.53036
1505,207.203,204.672,511.222,515.477,613.221,612.611,0,127.92,79.2837,1.61979
1506,207.103,205.622,280.499,561.071,144.705,615.721,0,128.514,78.5895,1.61152
1507,255.106,254.176,412.285,361.184,356.248,173.415,0,158.86,96.2463,1.60586
1508,90.6992,97.387,215.408,269.648,248.561,184.804,0,60.8669,29.8323,1.49012
1509,256.406,243.686,439.299,389.988,630.311,334.135,0,152.304,104.103,1.68352
1510,16.7,19.9185,375.13,178.106,356.003,173.862,0,12.4491,4.25098,1.34147
1511,171.201,155.094,445.448,149.004,356.033,173.64,0,96.9337,74.2676,1.76617
1512,132.199,149.058,597.611,451.252,615.609,539.744,0,93.161,39.0378,1.41904
1513,169.001,162.454,278.102,597.052,144.784,616.061,0,101.534,67.4675,1.66448
1514,140.099,125.07,212.645,302.779,248.703,184.868,0,78.1686,61.9307,1.79227
1515,146.5,192.744,528.559,254.235,647.965,197.988,0,120.465,26.0347,1.21612
1516,0,0,606.63,811.165,606.63,811.165,0,0,0,0
1517,296.509,207.848,403.92,489.924,558.643,452.09,1,129.905,166.604,2.2825
1518,109.299,122.861,532.24,671.346,613.284,613.084,0,76.7878,32.5111,1.42339
1519,30.6001,39.7696,313.682,189.599,350.352,174.991,0,24.856,5.74405,1.23109
1520,86.0993,74.3764,588.79,364.708,630.345,334.064,0,46.4853,39.614,1.85218
1521,96.6991,103.096,168.421,392.821,67.786,405.088,0,64.435,32.2641,1.50072
1522,243.106,304.993,278.609,476.427,139.866,611.072,0,190.621,52.4851,1.27534
1523,64.9996,66.4508,304.77,759.923,311.826,818.265,0,41.5318,23.4678,1.56506
1524,0,0,642.135,286.143,642.135,286.143,0,0,0,0
1525,150.1,154.529,424.319,280.157,355.738,174.314,0,96.5806,53.5194,1.55414
1526,121.999,149.304,277.422,689.964,149.501,693.261,0,93.3148,28.684,1.30739
1527,54.7997,62.6749,590.323,308.586,630.253,334.049,0,39.1718,15.6279,1.39896
1528,68.7995,98.3561,581.116,257.755,648.051,197.823,0,61.4726,7.32693,1.11919
1529,160.901,161.718,501.32,326.772,630.29,334.057,0,101.074,59.827,1.59192
1530,162.001,138.012,313.1,291.854,249.702,185.215,0,86.2574,75.7433,1.87811
1531,125.899,126.989,491.141,603.163,613.309,612.521,0,79.368,46.5307,1.58627
1532,16.2,16.7517,636.007,209.136,648.384,198.123,0,10.4698,5.7302,1.54731
1533,249.806,289.607,376.086,559.425,144.749,616.23,0,181.005,68.8015,1.38011
1534,13.5,14.0043,245.908,198.627,249.536,185.234,0,8.75267,4.74734,1.54239
1535,254.906,240.941,285.543,395.645,249.849,185.083,0,150.588,104.318,1.69274
1536,120.999,126.86,510.945,336.807,630.334,333.97,0,79.2876,41.7112,1.52607
1537,7,7.58004,655.417,206.034,652.292,199.129,0,4.73752,2.26247,1.47756
1538,177.802,155.372,237.074,329.844,249.843,185.089,0,97.1072,80.6945,1.83098
1539,101.499,137.984,378.932,707.73,312.851,818.043,0,86.2401,15.2589,1.17694
1540,162.101,213.311,517.191,253.592,647.927,197.77,0,133.319,28.7815,1.21588
1541,213.604,215.394,394.53,328.858,349.888,174.656,0,134.621,78.9826,1.5867
1542,144.5,158.684,508.328,146.252,653.57,130.284,0,99.1776,45.322,1.45698
1543,8.4,9.27967,153.812,684.862,151.307,693.797,0,5.79979,2.6002,1.44833
1544,123.699,148.145,546.384,440.781,615.653,539.715,0,92.5908,31.1079,1.33597
1545,149.2,138.865,246.468,315.265,249.9,185.082,0,86.7909,62.409,1.71907
1546,157.2,187.128,383.674,666.508,312.291,818.078,0,116.955,40.2453,1.34411
1547,37.5,48.0376,323.673,203.838,349.774,174.725,0,30.0235,7.47651,1.24902
1548,172.101,194.615,512.698,463.684,615.638,539.622,0,121.634,50.4672,1.41491
1549,10,11.5256,604.441,543.493,615.466,540.161,0,7.20351,2.79649,1.38821
1550,120.199,144.039,587.144,422.744,615.547,539.8,0,90.0241,30.1747,1.33518
1551,124.599,116.198,217.111,296.011,248.754,184.936,0,72.624,51.9747,1.71567
1552,240.105,185.931,217.679,432.927,67.8345,405.15,0,116.207,123.899,2.06619
1553,86.3993,93.4927,122.548,452.44,67.6683,404.909,0,58.4329,27.9663,1.47861
1554,188.502,154.043,298.734,312.187,249.388,185.186,0,96.2766,92.2257,1.95792
1555,60.9996,61.0893,265.017,242.939,249.478,185.191,0,38.1808,22.8188,1.59765
1556,92.4992,112.707,526.788,725.801,611.859,753.115,0,70.4421,22.057,1.31312
1557,14,16.0686,338.098,185.15,349.691,174.592,0,10.0429,3.95713,1.39402
1558,78.5994,91.1715,153.167,521.634,139.875,611.172,0,56.9822,21.6172,1.37937
1559,271.507,276.681,455.072,489.272,613.178,612.876,0,172.926,98.5817,1.57008
1560,165.801,218.57,504.594,257.453,647.982,197.987,0,136.606,29.1946,1.21371
1561,188.502,208.757,484.027,437.703,615.518,539.786,0,130.473,58.0294,1.44476
1562,46.7999,60.5619,599.962,201.77,648.028,197.879,0,37.8512,8.94868,1.23642
1563,108.999,101.842,234.545,282.544,249.594,185.202,0,63.6511,45.3478,1.71244
1564,124.099,131.398,303.779,293.016,250.29,184.925,0,82.1235,41.9752,1.51112
1565,142.6,117.727,509.866,592.142,613.242,613.04,0,73.5796,69.02,1.93803
1566,186.902,140.288,162.02,446.961,67.7448,405.53,0,87.6803,99.2219,2.13163
1567,105.399,110.849,260.585,291.462,249.44,185.204,0,69.2804,36.1186,1.52134
1568,32.3001,40.2961,411.948,117.342,405.859,78.195,0,25.1851,7.11499,1.28251
1569,21.6,25.5989,585.499,805.179,606.955,810.594,0,15.9993,5.60075,1.35006
1570,105.899,119.015,611.646,730.176,612.299,752.38,0,74.3841,31.5149,1.42368
1571,147.6,154.628,499.068,351.671,630.255,334.137,0,96.6424,50.9574,1.52728
1572,192.103,228.832,497.514,501.974,615.472,540.034,0,143.02,49.0827,1.34319
1573,252.706,235.896,463.79,456.155,615.659,539.673,0,147.435,105.271,1.71402
1574,197.803,191.016,496.511,299.471,630.338,334.063,0,119.385,78.4176,1.65684
1575,160.401,213.804,522.408,257.324,647.924,197.708,0,133.627,26.7733,1.20036
1576,103.199,133.966,348.779,693.372,312.345,818.095,0,83.7285,19.4705,1.23254
1577,296.509,219.173,463.263,465.71,601.246,521.423,1,136.983,159.526,2.16456
1578,92.0992,120.403,362.431,712.827,312.772,817.976,0,75.2519,16.8473,1.22388
1579,17.3,20.062,601.977,530.979,615.549,539.974,0,12.5387,4.7613,1.37973
1580,113.699,147.039,495.768,718.257,612.01,752.978,0,91.8992,21.7997,1.23721
1581,183.602,226.411,380.257,630.346,312.499,817.985,0,141.507,42.0948,1.29747
1582,196.703,157.408,467.098,597.766,613.349,613.129,0,98.3797,98.3231,1.99942
1583,246.806,209.963,264.808,367.354,249.293,185.174,0,131.227,115.579,1.88076
1584,296.509,268.946,450.97,564.169,596.775,614.353,1,168.091,128.418,1.76398
1585,73.5994,89.2724,223.239,267.688,249.023,184.986,0,55.7953,17.8042,1.3191
1586,30.9001,40.5545,185.896,705.797,152.812,701.801,0,25.3466,5.55349,1.2191
1587,7.79999,8.61602,594.313,830.214,602.55,832.732,0,5.38501,2.41498,1.44846
1588,66.8996,65.9431,587.848,127.568,653.452,129.764,0,41.2144,25.6851,1.62321
1589,237.505,218.273,478.018,408.609,630.37,334.076,0,136.421,101.084,1.74098
1590,133.899,144.602,398.371,258.38,355.811,174.306,0,90.3763,43.5227,1.48157
1591,186.902,209.065,333.016,358.783,250.143,185.047,0,130.665,56.2368,1.43039
1592,79.2994,90.5377,191.274,233.799,248.821,185.027,0,56.586,22.7133,1.40139
1593,10.8,11.9694,590.817,830.759,602.356,833.295,0,7.48088,3.31913,1.44368
1594,60.4996,60.3015,126.628,399.056,67.6984,405.564,0,37.6885,22.8112,1.60526
1595,158.7,156.097,558.847,532.055,613.353,612.547,0,97.5604,61.1401,1.62669
1596,180.802,150.102,498.448,618.576,613.17,612.742,0,93.814,86.9879,1.92724
1597,125.299,135.071,257.968,654.743,144.831,616.243,0,84.4191,40.8795,1.48424
1598,231.905,235.166,390.129,358.145,350.031,174.773,0,146.979,84.9261,1.57781
1599,12.7,14.9646,603.275,763.083,611.091,755.01,0,9.35289,3.34712,1.35787
1600,10.5,12.6829,164.52,706.602,152.848,701.76,0,7.92682,2.57318,1.32462
1601,135.199,131.309,463.309,162.516,356.047,173.573,0,82.0684,53.1306,1.64739
1602,263.807,230.511,463.576,347.345,355.99,173.917,0,144.07,119.737,1.83111
1603,174.301,134.146,164.457,442.049,67.7194,405.515,0,83.8414,90.46,2.07894
1604,134.399,141.945,519.106,130.704,653.615,129.754,0,88.7155,45.6835,1.51494
1605,36.4,35.8513,286.948,194.36,253.24,183.357,0,22.4071,13.993,1.62449
1606,180.202,178.014,219.57,348.865,67.7122,404.875,0,111.259,68.943,1.61966
1607,68.2995,72.9423,594.492,360.167,630.304,334.147,0,45.5889,22.7106,1.49816
1608,99.5991,111.848,186.906,533.571,140.03,611.104,0,69.9051,29.6939,1.42477
1609,20.4,25.4104,319.484,793.493,312.908,818.007,0,15.8815,4.51856,1.28452
1610,92.2992,96.9732,418.098,223.128,355.581,174.306,0,60.6083,31.6909,1.52288
1611,106.399,100.186,164.952,406.85,67.7684,404.959,0,62.6164,43.7826,1.69922
1612,35.9,36.7349,602.486,584.912,613.279,612.402,0,22.9593,12.9407,1.56364
1613,19.1,23.8971,578.83,835.459,602.389,833.351,0,14.9357,4.16433,1.27882
1614,42.8999,56.0832,192.234,677.611,149.5,693.277,0,35.052,7.84791,1.22389
1615,143.1,152.115,498.325,351.01,630.285,334.068,0,95.0718,48.0277,1.50517
1616,189.602,241.599,272.874,520.306,139.943,611.143,0,150.999,38.6031,1.25565
1617,84.0993,114.484,257.655,722.823,153.735,700.218,0,71.5527,12.5465,1.17535
1618,296.509,272.671,413.239,436.083,606.287,538.954,1,170.419,126.089,1.73988
1619,178.302,163.045,504.373,377.712,630.347,334.131,0,101.903,76.3983,1.74971
1620,133.299,134.175,248.995,311.213,249.527,185.212,0,83.8593,49.4397,1.58955
1621,48.7998,59.0413,162.466,568.813,139.854,611.104,0,36.9008,11.899,1.32246
1622,187.702,159.027,501.007,165.313,355.736,174.338,0,99.3919,88.3104,1.88851
1623,29.0001,30.65,586.365,767.883,611.096,755.222,0,19.1563,9.84381,1.51387
1624,117.399,127.9,318.678,254.287,349.698,174.617,0,79.9377,37.4611,1.46863
1625,50.2998,60.0924,571.078,339.777,630.331,334.072,0,37.5577,12.7421,1.33927
1626,173.301,176.058,324.454,327.561,250.238,184.91,0,110.037,63.2648,1.57494
1627,241.306,264.194,318.698,526.624,144.749,615.712,0,165.121,76.1841,1.46138
1628,25.8001,24.6114,91.6515,403.193,67.6474,404.857,0,15.3821,10.4179,1.67727
1629,256.906,265.508,364.308,415.037,349.697,174.725,0,165.943,90.9637,1.54816
1630,92.9992,99.8956,273.456,281.094,249.757,185.136,0,62.4347,30.5644,1.48954
1631,51.6998,58.7536,611.153,153.038,653.516,130.037,0,36.721,14.9788,1.40791
1632,55.2997,72.2563,547.87,776.495,611.147,755.165,0,45.1602,10.1396,1.22452
1633,167.901,202.73,490.92,441.374,615.542,540.109,0,126.706,41.1949,1.32512
1634,35.9,41.6936,173.321,633.93,144.735,616.013,0,26.0585,9.84155,1.37767
1635,44.9999,58.701,553.074,759.073,611.067,755.302,0,36.6881,8.31175,1.22655
1636,248.706,236.448,288.187,393.814,250.134,185.011,0,147.78,100.926,1.68295
1637,247.006,261.472,302.087,539.825,144.822,615.8,0,163.42,83.5856,1.51148
1638,230.105,222.217,456.141,337.345,356.099,173.443,0,138.885,91.2195,1.6568
1639,99.799,114.6,270.697,747.342,311.535,818.402,0,71.6251,28.174,1.39335
1640,21.7,22.5343,599.194,734.681,612.174,752.398,0,14.084,7.61609,1.54076
1641,12.9,16.6845,412.571,93.541,406.619,77.9656,0,10.4278,2.4722,1.23708
1642,229.705,192.071,271.52,363.173,249.847,185.133,0,120.044,109.66,1.9135
1643,22.4,28.0412,625.963,134.061,653.552,130.075,0,17.5257,4.87432,1.27812
1644,130.299,131.982,115.755,508.588,140.12,611.104,0,82.4889,47.8099,1.57959
1645,294.809,244.852,423.177,663.844,613.201,612.902,0,153.033,141.776,1.92644
1646,39.9,43.9433,583.37,780.194,611.151,755.152,0,27.4646,12.4354,1.45278
1647,101.499,127.384,520.778,734.831,611.181,755.164,0,79.615,21.884,1.27487
1648,77.9994,78.2419,423.701,157.15,356.077,173.613,0,48.9012,29.0982,1.59504
1649,296.409,318.094,352.923,457.954,349.433,174.495,0,198.809,97.6,1.49092
1650,102.999,118.936,117.049,482.703,67.7076,405.459,0,74.335,28.664,1.38561
1651,148.9,121.713,165.045,428.593,67.6638,405.563,0,76.0707,72.8292,1.95739
1652,81.2993,89.1788,560.261,358.153,630.303,334.125,0,55.7367,25.5626,1.45863
1653,45.8999,54.4098,89.1371,439.547,67.8482,405.447,0,34.0061,11.8937,1.34975
1654,153.3,139.472,530.469,561.691,613.16,612.615,0,87.1703,66.1299,1.75863
1655,97.8991,115.656,228.747,658.421,144.767,616.179,0,72.2853,25.6138,1.35434
1656,110.999,123.939,253.232,646.434,144.758,615.97,0,77.4618,33.5371,1.43295
1657,109.599,116.506,556.728,162.556,653.474,129.966,0,72.8164,36.7825,1.50514
1658,45.9999,60.9107,338.611,197.973,349.968,174.761,0,38.0692,7.9307,1.20832
1659,269.807,246.211,236.789,468.408,67.73,405.507,0,153.882,115.925,1.75334
1660,185.502,155.93,188.235,314.794,248.224,184.692,0,97.4561,88.046,1.90344
1661,87.9992,117.389,349.204,708.755,312.771,818.041,0,73.3682,14.631,1.19942
1662,159.301,162.751,425.935,287.527,355.82,174.312,0,101.719,57.5814,1.56608
1663,162.801,186.784,614.219,401.951,615.6,539.597,0,116.74,46.061,1.39456
1664,166.801,220.154,502.729,255.529,647.856,197.797,0,137.596,29.2047,1.21225
1665,30.8001,42.3303,594.647,714.884,612.252,752.548,0,26.4565,4.34362,1.16418
1666,230.605,226.092,403.401,333.384,349.738,174.747,0,141.307,89.2974,1.63194
1667,251.106,205.029,255.707,383.154,67.8369,405.448,0,128.143,122.963,1.95958
1668,112.999,139.862,567.471,416.342,615.672,539.701,0,87.414,25.5849,1.29269
1669,139.599,147.148,161.241,465.42,140.093,611.12,0,91.9674,47.6319,1.51792
1670,164.101,188.828,518.682,221.99,647.917,191.401,0,118.017,46.0835,1.39048
1671,196.803,158.702,276.709,329.287,249.094,185.112,0,99.189,97.6139,1.98412
1672,251.606,257.383,291.619,434.288,67.8332,405.151,0,160.864,90.7419,1.56409
1673,182.802,173.478,237.575,393.21,67.6736,404.9,0,108.424,74.3782,1.686
1674,119.999,152.767,489.817,718.789,612.065,752.781,0,95.4796,24.5192,1.2568
1675,83.7993,104.392,225.532,648.955,144.821,616.094,0,65.245,18.5543,1.28438
1676,243.606,207.041,265.343,365.582,249.196,185.124,0,129.4,114.205,1.88257
1677,27.2001,30.8399,255.337,215.22,249.43,185.248,0,19.2749,7.92514,1.41116
1678,148.5,127.228,503.901,590.599,613.273,613.067,0,79.5173,68.9826,1.86752
1679,91.2992,111.646,543.073,663.638,613.323,612.556,0,69.7788,21.5204,1.30841
1680,262.807,254.188,235.772,468.934,67.7403,405.476,0,158.867,103.94,1.65425
1681,223.104,232.461,297.976,551.177,144.732,615.68,0,145.288,77.8163,1.5356
1682,120.299,129.535,533.275,137.404,653.56,130.051,0,80.9596,39.3392,1.48591
1683,212.104,178.097,489.436,225.405,356.077,173.564,0,111.31,100.793,1.90552
1684,241.306,252.602,401.164,363.506,349.509,174.59,0,157.876,83.4292,1.52845
1685,60.7996,79.8399,565.589,498.269,615.673,540.508,0,49.8999,10.8997,1.21843
1686,160.801,125.828,219.635,304.677,248.784,184.991,0,78.6427,82.1579,2.0447
1687,135.699,161.465,547.497,212.446,647.871,191.667,0,100.916,34.7836,1.34468
1688,15.3,17.909,599.51,797.155,606.366,811.863,0,11.1932,4.10687,1.36691
1689,89.0992,81.3795,607.545,680.286,612.368,751.944,0,50.8622,38.2371,1.75178
1690,257.507,238.571,269.211,411.531,67.7398,404.901,0,149.107,108.399,1.72699
1691,113.599,116.157,525.747,347.955,630.302,334.073,0,72.5982,41.0006,1.56476
1692,145.9,182.89,334.221,647.011,312.229,818.178,0,114.306,31.5937,1.2764
1693,56.3997,56.57,122.866,398.131,67.7911,404.951,0,35.3562,21.0435,1.59518
1694,89.9992,88.4468,538.333,600.671,613.323,612.524,0,55.2792,34.72,1.62808
1695,239.905,298.842,273.936,497.471,139.903,611.153,0,186.776,53.1292,1.28445
1696,25.0001,31.9925,620.219,212.383,648.245,198.066,0,19.9953,5.00474,1.2503
1697,296.509,292.104,402.614,582.171,587.516,616.822,1,182.565,113.944,1.62413
1698,78.8994,85.2576,546.83,635.97,613.18,612.738,0,53.286,25.6134,1.48068
1699,296.509,299.71,425.498,547.579,597.401,612.304,1,187.319,109.19,1.58291
1700,296.509,227.702,403.488,494.441,580.354,455.23,1,142.314,154.195,2.08349
1701,145.9,130.118,283.096,294.714,250.375,184.883,0,81.3235,64.5762,1.79407
1702,181.202,139.113,226.328,311.153,249.162,185.139,0,86.9456,94.2563,2.08408
1703,214.504,200.214,475.573,391.576,630.29,334.061,0,125.134,89.3703,1.7142
1704,162.701,191.401,218.314,473.082,139.721,611.1,0,119.626,43.0748,1.36008
1705,45.6999,55.8797,572.148,728.169,612.111,752.561,0,34.9248,10.7751,1.30852
1706,102.999,127.747,523.43,736.732,611.187,755.16,0,79.8416,23.1574,1.29004
1707,27.4001,34.8369,278.599,808.574,311.682,818.379,0,21.773,5.62703,1.25844
1708,170.401,148.743,296.78,304.668,250.436,184.835,0,92.9646,77.4366,1.83297
1709,129.699,135.543,549.078,303.2,630.4,333.825,0,84.7141,44.9846,1.53102
1710,262.807,267.824,297.834,423.271,67.7409,404.876,0,167.39,95.417,1.57003
1711,210.504,154.546,159.954,460.444,67.7901,405.415,0,96.5911,113.913,2.17933
1712,37.8,36.6248,581.304,598.102,613.304,612.418,0,22.8905,14.9095,1.65134
1713,293.809,313.91,372.921,448.855,349.824,174.712,0,196.194,97.6148,1.49754
1714,296.509,308.127,321.56,445.088,69.6996,404.917,1,192.579,103.93,1.53967
1715,105.099,125.977,270.298,735.631,311.634,818.418,0,78.7354,26.3636,1.33484
1716,10.7,11.4316,602.677,746.082,612.275,752.204,0,7.14475,3.55526,1.4976
1717,78.3994,87.3724,576.309,151.232,653.466,130.044,0,54.6078,23.7916,1.43568
1718,248.706,237.872,268.265,433.577,67.7698,405.051,0,148.67,100.036,1.67287
1719,29.8001,32.8023,284.996,185.744,253.322,183.14,0,20.5014,9.29864,1.45356
1720,184.902,192.804,295.102,585.262,144.764,616.034,0,120.502,64.3997,1.53443
1721,292.309,317.074,357.748,462.182,349.874,174.842,0,198.172,94.1371,1.47503
1722,25.1001,34.001,184.979,711.592,152.94,701.626,0,21.2506,3.84943,1.18114
1723,126.799,120.766,556.577,578.021,613.304,612.503,0,75.4788,51.3198,1.67992
1724,143.5,158.877,186.477,478.16,140.007,611.072,0,99.2981,44.2014,1.44514
1725,0,0,649.404,192.329,649.404,192.329,0,0,0,0
1726,196.003,214.264,489.039,459.733,615.656,539.62,0,133.915,62.0879,1.46364
1727,23.7001,22.4965,593.656,617.334,613.267,613.227,0,14.0603,9.63976,1.6856
1728,30.6001,34.8856,390.224,177.068,355.84,174.252,0,21.8035,8.79657,1.40345
1729,23.3001,31.5428,617.289,184.739,647.863,191.684,0,19.7143,3.58579,1.18189
1730,181.102,163.522,227.733,390.85,67.6491,404.895,0,102.201,78.9005,1.77201
1731,296.509,244.625,423.311,668.371,609.677,612.994,1,152.891,143.618,1.93935
1732,195.303,161.912,176.552,300.647,248.604,184.883,0,101.195,94.1078,1.92997
1733,149.6,176.961,376.009,669.762,313.094,818.05,0,110.601,38.9993,1.35261
1734,158,154.663,276.991,605.331,144.664,615.586,0,96.6643,61.3362,1.63453
1735,296.509,317.603,355.13,463.642,348.7,176.105,1,198.502,98.0068,1.49373
1736,287.108,272.321,399.56,609.802,613.169,612.576,0,170.201,116.908,1.68688
1737,15.5,18.7852,403.528,96.6436,405.67,78.197,0,11.7408,3.75926,1.32019
1738,98.9991,99.936,216.875,259.217,248.717,184.878,0,62.46,36.5391,1.585
1739,137.699,145.265,517.391,132.927,653.465,129.792,0,90.7909,46.9083,1.51666
1740,263.607,212.021,247.738,423.477,67.6749,404.891,0,132.513,131.094,1.98929
1741,105.099,144.376,264.716,665.521,149.438,693.386,0,90.2349,14.8641,1.16473
1742,123.299,152.921,274.828,683.619,149.842,693.26,0,95.5756,27.7231,1.29006
1743,1.1,0.372108,247.29,184.719,247.313,184.343,0,0.232568,0.867433,4.72981
1744,122.999,132.202,273.06,636.865,144.715,616.249,0,82.6265,40.3722,1.48861
1745,74.0994,90.8942,233.312,631.418,144.757,616.074,0,56.8089,17.2906,1.30436
1746,273.007,277.919,395.407,402.099,349.734,174.66,0,173.699,99.3081,1.57172
1747,85.6993,94.4754,359.166,212.521,349.813,174.695,0,59.0471,26.6521,1.45137
1748,237.805,276.51,360.35,557.526,144.789,616.023,0,172.819,64.9866,1.37604
1749,112.799,110.382,137.076,512.426,140.034,611.107,0,68.9886,43.8103,1.63504
1750,82.5993,76.7784,423.781,156.289,356.143,173.536,0,47.9865,34.6128,1.7213
1751,26.6001,34.0876,178.296,621.386,144.766,615.991,0,21.3047,5.29533,1.24855
1752,50.1998,68.0328,217.141,724.222,153.106,701.637,0,42.5205,7.67932,1.1806
1753,129.799,179.031,481.832,700.591,612.356,752.249,0,111.894,17.9044,1.16001
1754,296.509,95.6991,444.778,337.515,444.642,331.593,1,59.812,236.697,4.95735
1755,250.306,205.501,237.292,428.901,67.7293,405.574,0,128.438,121.868,1.94884
1756,7.1,7.87738,609.838,546.41,616.754,542.863,0,4.92336,2.17663,1.4421
1757,153.9,162.591,492.39,114.739,653.498,130.177,0,101.62,52.2806,1.51447
1758,232.205,207.847,474.411,380.299,630.339,334.052,0,129.904,102.301,1.78751
1759,243.906,226.932,481.97,515.044,613.198,612.643,0,141.833,102.073,1.71967
1760,216.004,237.481,357.042,597.458,144.776,616.067,0,148.426,67.5782,1.4553
1761,223.604,293.397,304.973,504.005,139.92,611.116,0,183.373,40.2316,1.2194
1762,290.809,222.76,420.629,641.709,613.176,612.941,0,139.225,151.584,2.08877
1763,119.999,134.213,331.078,277.946,349.566,174.564,0,83.8832,36.1156,1.43055
1764,253.006,226.158,292.319,383.178,249.098,185.135,0,141.348,111.658,1.78995
1765,77.8994,88.9212,556.99,711.396,611.921,753.063,0,55.5758,22.3236,1.40168
1766,105.499,116.461,177.345,523.44,139.867,611.13,0,72.7881,32.7108,1.4494
1767,42.3999,38.6808,287.432,201.217,252.768,183.931,0,24.1755,18.2244,1.75384
1768,287.708,248.259,431.656,391.897,630.33,334.085,0,155.162,132.547,1.85425
1769,161.801,122.094,225.204,301.55,249.174,185.097,0,76.3089,85.4918,2.12034
1770,21.5,25.8813,138.104,646.636,140.06,620.929,0,16.1758,5.32425,1.32915
1771,31.3001,43.036,320.117,775.971,312.668,818.08,0,26.8975,4.4026,1.16368
1772,125.499,151.757,546.786,438.017,615.53,540.243,0,94.848,30.6507,1.32316
1773,57.3997,73.8547,587.871,479.62,615.64,540.418,0,46.1592,11.2405,1.24352
1774,183.902,225.435,499.235,502.612,615.538,540.072,0,140.897,43.0049,1.30522
1775,159.801,193.999,342.054,638.984,313.091,818.064,0,121.249,38.5515,1.31795
1776,163.301,175.617,382.269,247.831,349.833,174.744,0,109.761,53.5399,1.48779
1777,167.201,186.663,347.795,326.74,349.868,174.643,0,116.664,50.5366,1.43318
1778,113.599,133.201,116.091,497.496,67.7447,405.439,0,83.2505,30.3483,1.36454
1779,100.299,119.199,563.372,453.538,615.651,539.689,0,74.4991,25.8,1.34631
1780,236.505,224.721,471.249,249.813,356.104,173.606,0,140.45,96.0548,1.68391
1781,127.099,133.094,533.83,149.95,653.538,130.029,0,83.184,43.9147,1.52792
1782,263.007,213.222,450.91,680.658,613.166,612.853,0,133.264,129.743,1.97358
1783,284.608,279.204,395.913,402.847,349.854,174.745,0,174.503,110.106,1.63097
1784,120.799,128.881,533.695,136.173,653.47,129.955,0,80.5508,40.2479,1.49966
1785,296.509,245.201,369.097,512.552,548.663,453.086,1,153.25,143.258,1.9348
1786,23.6001,23.3697,90.6643,402.618,67.8158,405.228,0,14.606,8.99401,1.61577
1787,142.6,163.918,534.469,474.934,615.576,539.792,0,102.449,40.1509,1.39191
1788,81.2993,79.4394,591.722,678.285,612.505,751.818,0,49.6496,31.6497,1.63746
1789,278.208,305.27,358.539,451.187,349.47,174.529,0,190.794,87.4139,1.45816
1790,92.1992,96.0753,235.407,276.347,249.417,185.216,0,60.0471,32.1521,1.53545
1791,10.6,10.0961,260.512,190.383,252.616,183.947,0,6.31009,4.28991,1.67985
1792,163.201,188.127,519.133,221.985,648.017,191.039,0,117.579,45.6215,1.38801
1793,285.308,268.262,290.509,449.854,67.8462,405.068,0,167.664,117.644,1.70167
1794,96.2991,115.728,279.164,738.632,311.745,818.403,0,72.3298,23.9693,1.33139
1795,152.5,163.478,492.704,115.118,653.482,129.846,0,102.174,50.3265,1.49256
1796,66.1996,67.3955,307.342,759.527,311.819,818.283,0,42.1222,24.0774,1.57161
1797,121.499,125.799,378.14,230.487,355.819,174.31,0,78.6247,42.874,1.5453
1798,206.503,157.858,213.343,416.48,67.6849,405.516,0,98.6614,107.842,2.09305
1799,241.906,257.431,414.376,361.746,356.136,173.567,0,160.894,81.0114,1.50351
1800,52.7998,68.7296,597.244,194.339,648.389,198.097,0,42.956,9.8438,1.22916
1801,38.8,49.967,561.683,757.671,611.148,755.026,0,31.2294,7.57059,1.24242
1802,8.09999,8.85997,602.416,756.389,611.158,755.172,0,5.53748,2.56251,1.46276
1803,44.6999,54.1715,404.373,183.234,355.966,173.736,0,33.8572,10.8427,1.32025
1804,130.699,153.753,525.57,178.838,647.736,191.83,0,96.0959,34.6029,1.36009
1805,157.7,180.585,519.21,436.488,615.571,539.691,0,112.866,44.8346,1.39724
1806,101.599,114.746,177.517,524.737,139.947,611.079,0,71.7165,29.8825,1.41668
1807,101.699,114.887,287.792,729.6,311.751,818.424,0,71.8042,29.8948,1.41634
1808,185.702,158.838,232.367,325.683,249.797,185.14,0,99.2737,86.4284,1.87061
1809,31.8001,41.3696,309.97,182.885,350.032,174.816,0,25.856,5.9441,1.22989
1810,205.303,201.307,469.878,311.785,630.304,334.077,0,125.817,79.4864,1.63176
1811,159.601,175.668,367.517,300.039,349.76,174.741,0,109.793,49.8079,1.45365
1812,200.803,265.393,254.185,541.44,139.85,611.182,0,165.871,34.9324,1.2106
1813,126.199,175.437,480.386,704.934,612.479,751.807,0,109.648,16.5505,1.15094
1814,102.599,92.5037,534.289,598.779,613.342,612.495,0,57.8148,44.7842,1.77461
1815,161.501,190.427,529.018,498.842,615.627,539.728,0,119.017,42.4838,1.35696
1816,118.299,141.778,547.168,445.883,615.589,539.729,0,88.6113,29.6875,1.33503
1817,0,0,633.453,336.195,633.453,336.195,0,0,0,0
1818,67.2995,75.5497,549.477,606.911,613.243,612.672,0,47.2186,20.081,1.42528
1819,147.5,193.158,508.872,293.879,647.879,197.744,0,120.724,26.7759,1.22179
1820,129.399,134.117,161.749,478.669,140.13,611.113,0,83.8232,45.5755,1.54371
1821,58.3997,72.275,593.908,192.482,647.812,197.641,0,45.1719,13.2278,1.29283
1822,125.199,118.852,262.055,634.196,144.711,615.69,0,74.2827,50.916,1.68544
1823,112.799,118.234,469.65,180.774,355.814,174.301,0,73.8964,38.9024,1.52645
1824,98.0991,81.219,589.266,360.438,630.336,334.334,0,50.7619,47.3372,1.93253
1825,6.9,6.65443,600.828,807.896,607.01,810.358,0,4.15902,2.74098,1.65904
1826,176.002,150.362,213.866,409.268,67.7335,405.465,0,93.9765,82.025,1.87282
1827,88.9992,114.229,588.862,270.987,647.917,197.719,0,71.393,17.6062,1.24661
1828,0,0,67.0205,406.008,67.0205,406.008,0,0,0,0
1829,79.6994,110.059,567.486,229.232,648.11,197.974,0,68.7871,10.9123,1.15864
1830,122.299,131.189,312.825,268.772,349.527,174.555,0,81.9932,40.3055,1.49157
1831,266.607,279.349,395.374,402.436,349.456,174.568,0,174.593,92.0139,1.52702
1832,296.509,240.768,464.096,470.139,606.813,541.119,1,150.48,146.029,1.97042
1833,285.108,310.715,364.849,449.46,349.503,174.63,0,194.197,90.9113,1.46814
1834,123.699,122.673,456.482,157.7,356.041,173.502,0,76.6703,47.0284,1.61338
1835,175.201,146.125,177.479,437.448,67.7026,405.479,0,91.3281,83.8734,1.91837
1836,102.799,113.811,190.694,536.129,139.922,611.111,0,71.1319,31.6671,1.44519
1837,45.9999,56.3377,405.148,158.12,355.975,173.677,0,35.2111,10.7888,1.3064
1838,142.299,148.513,177.683,480.932,139.627,611.228,0,92.8203,49.4792,1.53306
1839,218.004,299.383,383.191,566.752,312.645,818.076,0,187.115,30.8894,1.16508
1840,222.804,204.86,282.38,369.997,249.785,185.09,0,128.037,94.767,1.74015
1841,34.4,35.0217,286.465,194.178,253.211,183.315,0,21.8885,12.5115,1.5716
1842,251.506,271.729,327.082,521.993,144.675,615.657,0,169.831,81.6756,1.48092
1843,66.7996,77.1343,199.937,588.746,144.659,615.668,0,48.2089,18.5906,1.38563
1844,79.7994,75.8504,599.745,680.093,612.387,752.008,0,47.4065,32.3928,1.6833
1845,112.699,104.835,240.516,281.422,249.152,185.122,0,65.522,47.1769,1.72002
1846,98.3991,118.095,278.238,736.165,311.791,818.319,0,73.8097,24.5894,1.33315
1847,38.7,32.6405,279.328,202.257,252.818,183.945,0,20.4003,18.2997,1.89703
1848,90.9992,102.582,337.796,255.744,349.777,174.664,0,64.114,26.8851,1.41933
1849,185.502,191.454,509.219,419.563,630.267,334.116,0,119.659,65.8436,1.55026
1850,133.599,160.387,537.631,451.113,615.478,540.181,0,100.242,33.3574,1.33277
1851,296.509,222.854,412.196,469.746,585.072,473.383,1,139.284,157.225,2.12881
1852,174.101,211.894,370.562,636.425,312.396,818.1,0,132.434,41.6675,1.31463
1853,250.206,203.43,508.479,532.623,613.192,612.599,0,127.144,123.062,1.9679
1854,208.304,211.154,385.956,331.917,349.755,174.678,0,131.971,76.3322,1.5784
1855,95.1991,97.0714,541.231,352.547,630.256,334.043,0,60.6696,34.5295,1.56914
1856,127.299,122.932,193.151,262.273,248.604,184.896,0,76.8323,50.4663,1.65684
1857,216.804,208.283,496.544,412.919,630.277,334.134,0,130.177,86.6273,1.66546
1858,139.699,153.837,350.262,304.203,349.43,174.533,0,96.1482,43.5512,1.45296
1859,119.599,155.11,359.011,678.279,312.682,817.962,0,96.9439,22.6549,1.23369
1860,94.7991,103.423,550.468,699.673,612.389,751.994,0,64.6391,30.1601,1.46659
1861,15.9,15.9363,267.02,191.394,252.972,183.833,0,9.96017,5.93985,1.59636
1862,95.6991,98.174,163.889,403.736,67.773,405.059,0,61.3588,34.3403,1.55966
1863,99.799,103.164,456.179,178.891,355.799,174.341,0,64.4776,35.3215,1.54781
1864,168.701,149.501,490.774,168.411,356.079,173.553,0,93.438,75.2631,1.80549
1865,116.599,107.666,166.99,385.386,67.7122,404.941,0,67.2911,49.3077,1.73275
1866,175.402,169.599,509.263,325.172,630.336,334.125,0,105.999,69.4024,1.65475
1867,18.4,22.4278,137.661,642.89,139.922,620.818,0,14.0174,4.38266,1.31266
1868,71.0995,82.4622,558.061,333.09,630.264,333.964,0,51.5389,19.5606,1.37953
1869,57.2997,63.6223,304.932,763.421,311.933,818.26,0,39.764,17.5357,1.441
1870,234.305,227.815,404.216,332.36,349.942,174.783,0,142.384,91.9208,1.64558
1871,205.303,194.406,285.27,569.693,144.664,615.723,0,121.504,83.7993,1.68968
1872,10.1,11.8702,367.572,173.959,355.973,173.861,0,7.41887,2.68113,1.36139
1873,47.6998,64.232,205.189,632.023,144.773,616.003,0,40.145,7.55481,1.18819
1874,110.899,132.84,278.48,723.703,311.425,818.454,0,83.0247,27.8741,1.33573
1875,188.102,164.253,177.21,302.993,248.997,184.999,0,102.658,85.444,1.83231
1876,162.201,186.44,479.925,126.092,653.539,130.045,0,116.525,45.6755,1.39198
1877,36.1,41.6712,142.452,569.855,139.861,611.093,0,26.0445,10.0555,1.38609
1878,131.699,127.104,213.382,303.71,248.323,184.843,0,79.44,52.2588,1.65784
1879,144.8,146.52,550.163,406.881,630.278,334.139,0,91.575,53.2247,1.58121
1880,162.801,168.437,283.997,672.428,144.783,616.029,0,105.273,57.5279,1.54646
1881,65.2996,67.687,593.479,148.427,653.521,129.953,0,42.3044,22.9952,1.54357
1882,100.199,109.984,249.14,637.753,144.804,616.134,0,68.7401,31.459,1.45765
1883,138.999,163.291,548.997,425.346,615.564,539.925,0,102.057,36.9422,1.36198
1884,128.499,108.082,223.016,290.015,248.766,185.003,0,67.5511,60.9475,1.90224
1885,18.1,19.1391,597.738,796.49,606.636,811.235,0,11.962,6.13808,1.51313
1886,196.303,233.523,490.965,503.536,615.462,540.009,0,145.952,50.3511,1.34498
1887,112.099,113.257,163.586,377.319,67.7777,405.169,0,70.7859,41.313,1.58363
1888,35.8,46.0778,316.319,775.554,312.776,818.033,0,28.7986,7.00143,1.24312
1889,118.699,119.685,169.825,504.312,139.738,611.122,0,74.8032,43.8955,1.58681
1890,42.8999,50.5366,405.87,173.708,355.762,174.222,0,31.5854,11.3145,1.35822
1891,157.6,179.017,234.735,513.462,140.157,611.241,0,111.886,45.7147,1.40858
1892,83.7993,113.946,586.727,271.687,647.957,198.043,0,71.216,12.5833,1.17669
1893,5.7,5.65457,354.601,180.816,352.906,175.424,0,3.53411,2.16589,1.61285
1894,85.3993,76.3199,589.923,360.453,630.259,334.349,0,47.6999,37.6993,1.79034
1895,69.7995,90.2447,560.255,512.041,615.596,540.446,0,56.4029,13.3966,1.23752
1896,32.2001,30.791,601.841,591.146,613.274,612.452,0,19.2444,12.9557,1.67322
1897,288.908,320.933,389.104,444.126,349.582,174.578,0,200.583,88.3252,1.44034
1898,105.599,135.444,350.084,691.513,312.404,818.109,0,84.6524,20.9466,1.24744
1899,44.0999,63.4038,327.779,757.015,312.785,818.02,0,39.6274,4.47251,1.11286
1900,235.705,207.051,473.97,405.708,630.303,334.075,0,129.407,106.298,1.82142
1901,283.208,253.499,449.876,460.474,615.548,540.141,0,158.437,124.771,1.78751
1902,212.804,261.523,331.579,390.091,250.617,184.789,0,163.452,49.352,1.30194
1903,134.299,139.779,533.675,143.612,653.591,130.342,0,87.3621,46.9369,1.53727
1904,119.099,142.82,545.93,179.043,647.652,191.809,0,89.2624,29.8363,1.33425
1905,9,9.74953,601.642,752.719,611.166,754.984,0,6.09345,2.90654,1.47699
1906,107.499,130.197,304.703,288.015,250.237,185.019,0,81.3731,26.1258,1.32106
1907,130.999,139.16,305.067,301.238,250.717,184.823,0,86.9751,44.0237,1.50617
1908,160.201,138.822,172.914,355.669,67.6744,405.533,0,86.7636,73.437,1.8464
1909,147.5,145.045,446.74,246.454,355.768,174.349,0,90.6534,56.8464,1.62707
1910,145,128.337,522.662,647.443,613.227,613.032,0,80.2104,64.7893,1.80774
1911,296.509,282.85,424.401,556.329,590.164,614.302,1,176.781,119.728,1.67726
1912,45.4999,59.166,559.961,773.4,611.23,754.811,0,36.9787,8.52115,1.23043
1913,27.5001,28.9859,85.0024,421.355,67.7535,405.27,0,18.1162,9.38386,1.51798
1914,46.0999,60.1727,408.637,137.763,405.937,78.1811,0,37.6079,8.49193,1.2258
1915,201.003,173.441,232.586,343.319,248.957,185.004,0,108.4,92.6027,1.85427
1916,222.004,217.42,479.472,413.142,630.342,334.134,0,135.888,86.1168,1.63374
1917,255.506,245.958,434.379,348.352,355.759,174.305,0,153.724,101.783,1.66211
1918,42.5999,54.0946,147.417,558.18,139.941,611.132,0,33.8091,8.79082,1.26001
1919,131.799,144.029,390.47,224.064,355.745,174.271,0,90.0184,41.7805,1.46413
1920,66.7996,63.6227,306.931,761.74,311.199,818.637,0,39.7642,27.0354,1.67989
1921,55.9997,62.1788,596.511,173.526,648.388,190.827,0,38.8617,17.138,1.441
1922,64.7996,85.4939,234.615,727.223,153.719,700.264,0,53.4337,11.3659,1.21271
1923,35.1,37.9953,573.657,755.708,611.083,755.01,0,23.747,11.353,1.47808
1924,0,0,139.861,613.079,139.861,613.079,0,0,0,0
1925,202.903,204.844,492.712,415.397,630.263,334.162,0,128.027,74.8759,1.58484
1926,167.501,150.475,218.518,390.953,67.795,405.159,0,94.0467,73.4543,1.78104
1927,34.7,36.8594,145.775,656.67,149.421,693.301,0,23.0371,11.6629,1.50627
1928,114.099,119.636,260.917,636.528,144.769,616.156,0,74.7727,39.3261,1.52594
1929,154.8,173.096,370.704,307.075,349.765,174.647,0,108.185,46.6153,1.43088
1930,191.702,182.843,428.942,304.102,356.064,173.463,0,114.277,77.4258,1.67753
1931,163.901,218.578,503.577,253.22,647.968,197.831,0,136.611,27.2897,1.19976
1932,10.7,12.1625,618.538,335.515,630.38,334.141,0,7.60154,3.09847,1.40761
1933,113.799,103.876,515.977,600.524,613.331,613.107,0,64.9227,48.8761,1.75283
1934,283.408,341.126,364.519,477.836,144.739,616.309,0,213.204,70.2043,1.32928
1935,199.103,147.399,150.128,440.822,67.686,405.486,0,92.1244,106.979,2.16124
1936,72.4995,72.5627,414.704,198.564,355.811,174.302,0,45.3517,27.1478,1.59861
1937,26.2001,31.1682,623.018,134.135,653.577,130.048,0,19.4802,6.71991,1.34496
1938,173.101,141.847,480.921,166.092,355.997,173.655,0,88.6545,84.4469,1.95254
1939,130.099,152.704,529.001,210.878,648.35,190.85,0,95.4401,34.6586,1.36315
1940,76.1994,86.9751,577.092,150.402,653.517,129.95,0,54.3594,21.84,1.40177
1941,0,0,614.504,613.325,614.504,613.325,0,0,0,0
1942,142.6,159.163,387.738,209.788,355.812,174.323,0,99.4769,43.1226,1.43349
1943,296.509,39.8167,466.143,326.572,466.635,326.849,1,24.8854,271.623,11.915
1944,81.4993,87.8511,247.061,779.956,310.71,818.778,0,54.9069,26.5924,1.48432
1945,146.5,157.306,280.98,660.944,144.806,616.157,0,98.316,48.1838,1.49009
1946,37.3,33.0694,100.609,401.915,67.6483,404.947,0,20.6684,16.6316,1.80469
1947,53.9997,65.1652,603.407,250.147,635.987,282.373,0,40.7282,13.2715,1.32586
1948,1.4,0.660514,149.239,703.588,149.366,702.94,0,0.412821,0.987179,3.3913
1949,41.5999,54.2145,312.111,771.875,311.886,818.335,0,33.8841,7.71587,1.22771
1950,172.301,214.178,413.033,665.657,313.032,818.11,0,133.861,38.4404,1.28717
1951,24.3001,27.6532,299.489,800.154,311.803,818.256,0,17.2832,7.01681,1.40599
1952,236.005,237.533,457.991,436.272,615.53,540.073,0,148.458,87.5472,1.58971
1953,28.5001,29.2346,83.0639,422.079,67.7933,405.249,0,18.2716,10.2284,1.5598
1954,94.5991,97.1159,164.22,397.507,67.8268,405.152,0,60.6975,33.9017,1.55854
1955,18.2,21.5397,250.423,206.534,249.522,185.244,0,13.4623,4.73774,1.35193
1956,117.299,135.707,117.219,499.998,67.739,405.211,0,84.817,32.4818,1.38296
1957,91.3992,100.678,451.531,179.513,355.678,174.322,0,62.924,28.4752,1.45253
1958,292.409,244.156,484.898,483.332,615.54,540.028,0,152.597,139.811,1.91621
1959,95.8991,125.931,519.763,736.691,611.063,755.162,0,78.7071,17.192,1.21843
1960,174.701,138.684,225.728,313.408,248.584,184.949,0,86.6775,88.0239,2.01553
1961,133.599,116.084,170.031,375.835,67.7841,405.141,0,72.5524,61.0466,1.84141
1962,68.8995,79.8713,580.919,348.34,630.305,334.077,0,49.9196,18.9799,1.38021
1963,38.3,50.3826,616.131,250.957,635.995,282.466,0,31.4891,6.81087,1.21629
1964,20.5,26.8505,625.351,211.055,648.182,198.097,0,16.7815,3.7185,1.22158
1965,118.499,130.107,333.853,275.667,349.525,174.643,0,81.3167,37.182,1.45725
1966,53.5998,59.222,555.719,615.997,613.256,612.374,0,37.0138,16.586,1.4481
1967,143.1,121.112,161.734,426.025,67.8372,405.444,0,75.6951,67.4044,1.89047
1968,260.207,240.372,236.948,456.194,67.7273,405.578,0,150.232,109.974,1.73203
1969,111.999,116.44,248.093,643.641,144.742,615.995,0,72.7747,39.2242,1.53898
1970,128.299,112.058,179.02,401.363,67.8209,405.245,0,70.0362,58.2625,1.83189
1971,211.504,200.103,471.045,540.511,613.223,612.568,0,125.064,86.4392,1.69116
1972,18.5,22.0898,377.153,178.481,355.828,173.938,0,13.8061,4.6939,1.33999
1973,101.999,105.115,264.651,287.902,250.009,184.991,0,65.6968,36.3022,1.55257
1974,99.3991,119.866,343.35,271.669,349.662,174.656,0,74.916,24.4831,1.32681
1975,6.9,7.18723,352.078,182.798,352.283,175.659,0,4.49202,2.40798,1.53606
1976,296.509,55.478,450.516,237.89,450.137,237.754,1,34.6738,261.835,8.55139
1977,55.7997,60.9347,595.662,694.549,612.5,751.898,0,38.0842,17.7155,1.46517
1978,129.599,168.231,408.858,706.81,312.945,818.004,0,105.144,24.4542,1.23258
1979,21.7,24.9875,594.082,551.534,616.906,543.398,0,15.6172,6.08284,1.3895
1980,55.5997,66.5032,267.685,785.872,311.107,818.593,0,41.5645,14.0352,1.33767
1981,296.509,98.2992,444.439,331.819,444.115,332.092,1,61.437,235.072,4.82623
1982,273.908,279.967,285.733,455.499,67.8352,404.998,0,174.98,98.9278,1.56537
1983,247.906,243.069,311.837,385.05,249.07,185.15,0,151.918,95.9876,1.63184
1984,203.403,163.2,485.179,662.188,613.324,613.173,0,102,101.403,1.99415
1985,254.806,264.564,294.846,424.46,67.7896,404.974,0,165.353,89.4538,1.54099
1986,165.501,200.196,526.01,509.838,615.569,539.707,0,125.123,40.3783,1.32271
1987,296.509,217.44,398.882,520.927,547.538,452.886,1,135.9,160.609,2.18182
1988,90.5992,111.36,94.2922,482.285,67.8199,405.413,0,69.5999,20.9993,1.30171
1989,198.603,266.696,286.169,506.661,139.924,611.08,0,166.685,31.9178,1.19149
1990,59.0997,62.3402,128.544,395.354,67.8489,404.98,0,38.9626,20.1371,1.51683
1991,266.407,264.269,287.925,443.328,67.8111,405.126,0,165.168,101.239,1.61294
1992,127.899,128.711,429.104,249.261,355.747,174.287,0,80.4443,47.4543,1.5899
1993,129.399,157.019,536.811,447.49,615.512,540.032,0,98.137,31.2617,1.31855
1994,272.007,238,463.806,457.32,615.452,540.18,0,148.75,123.258,1.82862
1995,95.9991,96.6302,557.827,315.834,630.325,334.312,0,60.3938,35.6053,1.58955
1996,88.9992,90.641,159.734,542.286,139.769,611.142,0,56.6506,32.3486,1.57102
1997,286.808,308.892,386.21,434.378,349.886,174.645,0,193.057,93.751,1.48561
1998,180.802,181.943,507.277,313.247,630.36,334.064,0,113.714,67.0875,1.58996
1999,198.303,203.117,498.468,243.495,356.116,173.577,0,126.948,71.3547,1.56208
2000,155.9,175.133,517.252,438.637,615.654,539.651,0,109.458,46.4419,1.42429
2001,123.299,131.877,533.159,139.436,653.513,129.944,0,82.4234,40.8753,1.49592
2002,23.0001,27.9478,582.827,804.683,606.768,810.81,0,17.4674,5.53265,1.31674
2003,128.999,147.429,142.172,465.177,67.732,405.533,0,92.1429,36.8558,1.39998
2004,9.1,10.4384,620.29,335.49,630.415,333.778,0,6.52398,2.57602,1.39485
2005,240.705,199.753,214.334,455.491,67.7172,405.473,0,124.846,115.86,1.92803
2006,74.7994,87.1847,302.323,224.916,349.654,174.709,0,54.4904,20.309,1.37271
2007,51.3998,49.7677,589.734,644.922,613.197,612.706,0,31.1048,20.295,1.65247
2008,284.808,213.998,452.793,681.267,613.181,612.58,0,133.749,151.059,2.12942
2009,106.499,116.364,192.531,533.335,140.095,611.056,0,72.7272,33.7717,1.46436
2010,24.9001,32.0551,602.107,568.954,616.253,541.693,0,20.0344,4.86564,1.24286
2011,17.2,19.0124,270.993,189.259,253.075,183.649,0,11.8828,5.31725,1.44748
2012,54.1997,77.2686,327.505,744.086,312.775,817.963,0,48.2929,5.90686,1.12231
2013,138.199,138.814,224.702,586.822,144.792,615.762,0,86.7586,51.4407,1.59292
2014,131.399,120.867,525.446,361.695,630.279,333.958,0,75.5416,55.8573,1.73942
2015,92.9992,87.8471,544.567,597.202,613.251,612.601,0,54.9045,38.0947,1.69384
2016,75.2994,94.9654,237.657,630.635,144.757,616.075,0,59.3534,15.9461,1.26866
2017,27.7001,37.6218,612.291,180.79,647.775,191.717,0,23.5136,4.18644,1.17804
2018,286.108,290.614,264.367,478.389,67.6584,405.616,0,181.634,104.475,1.57519
2019,241.806,221.058,453.71,336.853,355.628,174.322,0,138.161,103.645,1.75017
2020,175.201,170.423,464.929,575.912,613.306,613.182,0,106.514,68.6871,1.64486
2021,129.499,141.485,363.789,269.781,349.789,174.668,0,88.428,41.0707,1.46445
2022,296.509,235.82,378.573,513.562,548.264,451.298,1,147.387,149.121,2.01176
2023,11,12.5519,410.88,89.6725,407.301,77.6449,0,7.84496,3.15504,1.40217
2024,21.1,26.7943,623.798,208.672,648.235,197.986,0,16.7465,4.35359,1.25997
2025,11.8,14.5336,403.224,92.2667,405.961,78.1225,0,9.08347,2.71654,1.29906
2026,56.1997,58.7939,602.054,166.579,647.698,191.769,0,36.7462,19.4535,1.5294
2027,87.8992,92.4953,561.143,127.085,653.539,130.027,0,57.8096,30.0897,1.5205
2028,48.7998,64.2725,419.252,139.528,405.943,78.1798,0,40.1703,8.62952,1.21482
2029,280.808,245.697,457.917,466.553,615.473,539.865,0,153.561,127.247,1.82864
2030,39.3,53.6159,577.423,338.858,630.342,334.108,0,33.51,5.79002,1.17279
2031,274.308,256.975,291.303,431.412,67.8061,405.447,0,160.61,113.698,1.70792
2032,296.509,234.539,441.753,508.267,592.848,495.275,1,146.587,149.922,2.02275
2033,184.802,200.405,224.181,474.045,139.934,611.083,0,125.253,59.5492,1.47543
2034,149.4,152.549,299.157,311.341,250.604,184.784,0,95.3429,54.057,1.56697
2035,107.199,117.306,469.324,180.274,355.841,174.346,0,73.3165,33.8825,1.46214
2036,103.699,104.045,162.246,386.24,67.7237,404.899,0,65.028,38.671,1.59468
2037,64.1996,85.2991,221.591,680.774,149.464,693.384,0,53.3119,10.8877,1.20423
2038,155.6,148.167,438.479,260.399,355.777,174.325,0,92.6046,62.9957,1.68027
2039,248.806,247.433,447.717,395.07,630.339,334.155,0,154.646,94.1602,1.60888
2040,197.203,156.282,498.217,171.341,356.098,173.591,0,97.6762,99.5266,2.01894
2041,34.9,48.3663,591.961,709.371,612.29,752.305,0,30.2289,4.6711,1.15452
2042,229.805,292.851,332.741,422.087,250.421,184.943,0,183.032,46.7731,1.25555
2043,115.599,121.681,179.576,259.811,248.916,185.009,0,76.0504,39.5484,1.52003
2044,209.504,225.595,351.966,361.193,349.871,174.706,0,140.997,68.5067,1.48587
2045,183.802,222.814,421.928,706.795,313.083,818.112,0,139.259,44.5432,1.31986
2046,84.5993,93.3137,155.469,520.114,139.908,611.08,0,58.321,26.2782,1.45058
2047,2.4,1.55561,351.808,164.396,352.178,165.905,0,0.972254,1.42775,2.46849
2048,74.7994,85.0026,177.491,553.549,140.01,611.149,0,53.1266,21.6728,1.40795
2049,158.5,179.773,185.494,519.958,140.148,611.143,0,112.358,46.1422,1.41067
2050,100.199,117.696,536.766,703.266,612.106,752.7,0,73.56,26.6391,1.36214
2051,38,49.2713,581.618,338.054,630.309,334.144,0,30.7946,7.2054,1.23398
2052,32.3001,35.5189,286.957,191.232,253.442,182.948,0,22.1993,10.1008,1.455
2053,24.2001,29.5068,604.925,567.206,616.464,542.592,0,18.4417,5.75832,1.31224
2054,30.8001,37.1993,617.274,136.903,653.514,130.032,0,23.2496,7.5505,1.32476
2055,11.9,14.6304,339.027,184.494,349.747,174.704,0,9.14401,2.756,1.3014
2056,25.0001,28.8631,151.309,590.703,139.898,611.075,0,18.0395,6.96059,1.38585
2057,253.706,232.3,410.594,342.968,355.679,174.333,0,145.188,108.518,1.74744
2058,75.3994,103.716,571.949,235.119,647.997,197.931,0,64.8227,10.5767,1.16316
2059,105.899,109.998,252.971,633.466,144.655,615.595,0,68.7485,37.1504,1.54038
2060,51.2998,66.5405,559.168,790.252,606.649,811.317,0,41.5878,9.71197,1.23353
2061,182.102,148.653,201.446,414.772,67.7249,405.469,0,92.9082,89.1937,1.96002
2062,114.399,144.756,526.9,191.077,647.885,191.322,0,90.4724,23.9264,1.26446
2063,188.302,186.544,283.037,574.052,144.752,616.025,0,116.59,71.7123,1.61508
2064,234.705,237.228,458.9,432.967,615.478,540.17,0,148.268,86.4373,1.58298
2065,251.906,230.844,483.664,515.175,613.217,613.045,0,144.277,107.629,1.74599
2066,101.499,129.434,553.86,453.759,615.495,540.114,0,80.8961,20.6029,1.25468
2067,104.999,125.848,302.038,282.136,250.206,185.025,0,78.6548,26.3442,1.33493
2068,251.906,255.258,436.715,354.09,356.025,173.612,0,159.536,92.3699,1.57899
2069,291.609,280.02,300.405,451.721,67.6491,405.475,0,175.012,116.596,1.66622
2070,134.799,139.803,585.35,386.05,630.251,334.135,0,87.3767,47.4223,1.54273
2071,204.803,153.002,159.927,457.79,67.6468,405.508,0,95.6265,109.177,2.1417
2072,75.0994,81.22,265.773,263.57,249.867,185.12,0,50.7625,24.3369,1.47943
2073,23.2001,18.9853,266.52,197.112,252.64,183.973,0,11.8658,11.3343,1.9552
2074,222.004,179.998,299.799,335.637,249.413,185.205,0,112.498,109.506,1.9734
2075,82.1993,97.5777,207.112,570.201,144.669,615.664,0,60.986,21.2133,1.34784
2076,120.099,135.594,141.138,477.076,67.8266,405.363,0,84.7463,35.3525,1.41716
2077,105.699,87.7194,542.497,636.42,613.245,612.756,0,54.8246,50.8744,1.92795
2078,0,0,611.712,808.229,611.712,808.229,0,0,0,0
2079,104.299,134.859,349.223,692.203,312.731,818.043,0,84.2867,20.0122,1.23743
2080,168.901,204.701,519.563,507.783,615.555,539.697,0,127.938,40.9629,1.32018
2081,265.107,239.64,463.591,462.807,615.495,539.804,0,149.775,115.332,1.77004
2082,78.6994,79.722,431.173,177.171,355.762,174.301,0,49.8262,28.8731,1.57948
2083,160.401,183.839,515.143,193.251,647.867,191.19,0,114.9,45.5011,1.39601
2084,156.1,150.007,280.764,648.97,144.673,615.57,0,93.7542,62.3461,1.665
2085,150.1,149.686,181.653,350.534,67.7685,405.097,0,93.5539,56.546,1.60442
2086,122.499,126.864,465.007,194.059,355.782,174.289,0,79.29,43.2087,1.54495
2087,22,28.2768,601.338,523.217,615.586,540.329,0,17.673,4.32706,1.24484
2088,80.6993,88.3794,563.924,361.892,630.258,333.89,0,55.2371,25.4622,1.46096
2089,56.9997,73.4635,217.206,626.4,144.773,615.941,0,45.9147,11.085,1.24143
2090,49.9998,51.1111,602.534,132.214,653.495,130.012,0,31.9444,18.0554,1.56521
2091,126.399,139.292,349.593,289.428,349.942,174.813,0,87.0578,39.3409,1.45189
2092,183.302,151.196,489.529,164.496,356.121,173.53,0,94.4976,88.8043,1.93975
2093,140.899,127.65,520.565,646.334,613.203,612.759,0,79.7813,61.1181,1.76607
2094,36.7,49.6793,603.003,213.933,648.196,198.054,0,31.0495,5.65047,1.18198
2095,261.507,287.084,335.108,510.046,144.757,615.771,0,179.427,82.0795,1.45745
2096,119.999,105.342,233.116,285.933,248.621,184.909,0,65.8385,54.1602,1.82262
2097,248.106,242.353,451.391,442.979,615.573,539.775,0,151.47,96.6355,1.63798
2098,53.8997,57.2834,602.821,165.466,647.779,191.74,0,35.8021,18.0976,1.50549
2099,131.099,124.232,457.393,156.684,356.085,173.518,0,77.645,53.4538,1.68844
2100,257.006,227.653,470.304,365.706,630.307,334.053,0,142.283,114.723,1.8063
2101,177.702,173.241,505.436,391.672,630.281,334.061,0,108.275,69.4262,1.6412
2102,129.899,164.004,293.44,697.691,149.618,693.155,0,102.502,27.3964,1.26728
2103,86.3993,106.587,295.431,259.724,250.235,184.951,0,66.6167,19.7825,1.29696
2104,197.003,222.584,351.135,359.52,349.853,174.671,0,139.115,57.888,1.41612
2105,260.207,252.434,467.073,502.73,613.344,612.544,0,157.771,102.435,1.64927
2106,62.5996,71.8303,414.234,146.253,355.977,173.706,0,44.8939,17.7057,1.39439
2107,99.2991,97.7594,162.803,405.721,67.7864,405.038,0,61.0996,38.1994,1.6252
2108,77.5994,90.1038,284.939,754.951,311.828,818.281,0,56.3149,21.2845,1.37796
2109,206.103,237.214,485.881,504.764,615.456,540.126,0,148.259,57.8447,1.39016
2110,63.6996,84.6937,331.692,736.12,312.718,817.977,0,52.9335,10.7661,1.20339
2111,235.005,244.985,318.316,545.583,144.722,615.573,0,153.116,81.8896,1.53482
2112,245.006,221.084,259.379,421.745,67.8262,405.16,0,138.177,106.829,1.77313
2113,86.8992,104.91,293.721,735.945,311.791,818.373,0,65.5686,21.3307,1.32532
2114,168.701,190.65,344.905,329.965,349.785,174.704,0,119.156,49.5449,1.4158
2115,109.199,118.081,436.582,226.515,356.064,173.552,0,73.8008,35.3981,1.47964
2116,283.508,262.414,294.303,422.185,67.8261,405.421,0,164.009,119.499,1.72861
2117,114.899,141.65,607.594,446.6,615.587,539.608,0,88.5314,26.3674,1.29783
2118,33.8001,46.3795,581.353,726.435,612.338,752.315,0,28.9872,4.8129,1.16604
2119,148,171.719,533.133,482.921,615.531,539.902,0,107.325,40.6752,1.37899
2120,173.001,180.245,353.839,325.321,349.901,174.82,0,112.653,60.348,1.5357
2121,73.1995,84.8456,540.404,603.159,613.268,613.152,0,53.0285,20.171,1.38038
2122,203.503,187.324,292.521,343.781,250.036,184.981,0,117.078,86.4255,1.73819
2123,144.6,139.58,516.459,569.185,613.235,612.621,0,87.2376,57.362,1.65754
2124,227.705,218.101,467.417,376.431,630.332,334.139,0,136.313,91.3915,1.67045
2125,6,4.8919,141.178,606.227,140.053,611.072,0,3.05744,2.94256,1.96242
2126,102.099,120.441,89.7072,483.708,67.7361,405.462,0,75.2759,26.8232,1.35633
2127,264.807,280.824,405.969,396.843,349.568,174.594,0,175.515,89.292,1.50874
2128,6.6,6.91213,599.651,810.158,606.226,812.279,0,4.32008,2.27992,1.52775
2129,296.509,220.551,405.951,524.867,554.737,452.659,1,137.845,158.664,2.15104
2130,48.0998,43.1436,221.044,212.379,248.46,184.82,0,26.9648,21.1351,1.7838
2131,198.603,174.504,448.806,277.847,355.682,174.317,0,109.065,89.5377,1.82096
2132,198.803,260.632,393.637,632.497,312.447,818.082,0,162.895,35.9077,1.22043
2133,34.5,37.4405,393.028,170.307,355.989,173.74,0,23.4003,11.0997,1.47434
2134,296.509,230.958,452.631,696.086,610.462,613.062,1,144.349,152.16,2.05411
2135,77.5994,109.117,584.195,267.584,648.086,197.961,0,68.1984,9.40102,1.13785
2136,1.7,0.873069,605.854,814.795,606.673,814.492,0,0.545668,1.15433,3.11545
2137,215.404,181.121,278.963,350.928,249.838,185.097,0,113.201,102.203,1.90285
2138,34.1001,44.4905,608.061,215.576,648.41,198.203,0,27.8066,6.2935,1.22633
2139,229.305,211.207,422.816,319.98,355.818,174.343,0,132.004,97.3006,1.7371
2140,52.6998,59.1403,601.341,175.419,647.781,191.726,0,36.9627,15.7371,1.42576
2141,64.1996,77.2081,188.525,211.499,248.482,184.752,0,48.255,15.9446,1.33042
2142,94.4991,97.0606,560.275,320.279,630.381,333.78,0,60.6628,33.8363,1.55778
2143,284.108,262.879,463.212,491.733,613.343,612.525,0,164.299,119.809,1.72921
2144,79.7994,78.4759,430.292,179.382,355.799,174.334,0,49.0474,30.7519,1.62698
2145,294.709,242.781,514.039,475.785,615.499,540.13,0,151.738,142.971,1.94222
2146,56.8997,67.7151,407.939,147.553,355.97,173.725,0,42.3219,14.5778,1.34445
2147,296.509,330.759,446.459,528.946,591.024,613.674,1,206.724,89.7846,1.43432
2148,183.702,213.931,604.012,385.021,615.633,539.589,0,133.707,49.9949,1.37391
2149,75.6994,83.8239,542.45,602.205,613.229,612.834,0,52.39,23.3095,1.44492
2150,31.6001,38.5388,407.45,116.313,405.95,78.115,0,24.0868,7.51331,1.31193
2151,89.4992,92.0508,557.021,321.862,630.262,334.139,0,57.5318,31.9674,1.55565
2152,22.1,27.9584,285.62,809.483,311.965,818.237,0,17.474,4.62603,1.26474
2153,94.3991,112.189,361.23,231.115,349.437,174.483,0,70.1181,24.281,1.34629
2154,0.8,0.237318,611.733,752.681,611.956,752.762,0,0.148324,0.651676,5.39361
2155,32.5001,35.8645,390.978,178.704,355.933,173.746,0,22.4153,10.0848,1.44991
2156,137.799,117.963,538.172,659.064,613.3,613.08,0,73.727,64.0723,1.86905
2157,238.705,228.631,427.093,335.886,355.813,174.336,0,142.894,95.8111,1.6705
2158,256.106,274.496,320.338,518.373,144.742,615.744,0,171.56,84.5466,1.49281
2159,174.601,227.08,496.271,260.336,647.991,197.969,0,141.925,32.6763,1.23024
2160,92.7992,121.713,552.805,191.405,647.863,191.397,0,76.0704,16.7288,1.21991
2161,192.103,246.718,395.753,645.903,312.839,818.026,0,154.199,37.9038,1.24581
2162,110.899,142.745,273.29,694.973,149.422,693.278,0,89.2159,21.683,1.24304
2163,61.0996,64.5055,589.324,126.582,653.567,129.957,0,40.3159,20.7837,1.51552
2164,101.199,106.186,163.012,511.71,139.637,611.16,0,66.3659,34.8331,1.52486
2165,280.108,249.917,434.312,391.846,630.38,334.14,0,156.198,123.91,1.79328
2166,69.8995,67.581,294.793,768.999,311.181,818.613,0,42.2381,27.6614,1.65489
2167,61.9996,70.8171,551.444,741.05,611.952,752.837,0,44.2607,17.7389,1.40078
2168,257.106,236.531,308.494,383.901,249.906,185.098,0,147.832,109.275,1.73918
2169,258.007,320.221,320.957,481.539,139.923,611.07,0,200.138,57.8681,1.28914
2170,188.002,237.24,323.591,377.831,250.638,184.835,0,148.275,39.727,1.26793
2171,11,13.453,122.346,614.112,135.791,614.34,0,8.40815,2.59186,1.30826
2172,158.3,165.914,500.98,137.681,653.552,129.733,0,103.696,54.6041,1.52658
2173,296.509,220.196,397.321,454.35,577.245,450.729,1,137.622,158.887,2.15451
2174,106.899,112.619,258.144,293.426,249.886,185.145,0,70.3871,36.5118,1.51873
2175,211.804,173.608,494.542,682.924,613.346,613.121,0,108.505,103.299,1.95202
2176,111.699,150.143,282.703,705.028,311.365,818.468,0,93.8393,17.8595,1.19032
2177,32.2001,35.6156,575.86,819.294,602.365,833.251,0,22.2598,9.94031,1.44656
2178,264.307,257.301,444.462,441.039,615.478,540.16,0,160.813,103.494,1.64357
2179,61.8996,62.6696,203.188,214.643,249.138,185.088,0,39.1685,22.7312,1.58034
2180,227.205,258.921,347.799,565.874,144.749,616.105,0,161.826,65.3791,1.40401
2181,66.5996,67.3476,264.696,250.288,249.692,185.247,0,42.0923,24.5073,1.58223
2182,107.899,142.901,264.931,666.346,149.531,693.249,0,89.3134,18.5855,1.20809
2183,181.202,158.837,181.853,308.801,247.994,184.593,0,99.2734,81.9284,1.82528
2184,61.2996,76.8634,211.457,679.598,149.552,693.19,0,48.0396,13.26,1.27602
2185,268.607,321.408,323.217,491.406,139.852,611.103,0,200.88,67.7269,1.33715
2186,110.099,147.684,316.523,695.734,312.384,818.104,0,92.3027,17.7962,1.1928
2187,164.301,162.197,191.531,344.169,67.6735,404.887,0,101.373,62.9275,1.62075
2188,232.905,236.608,465.101,254.829,356.146,173.611,0,147.88,85.0249,1.57496
2189,269.507,323.773,324.292,482.352,139.903,611.068,0,202.358,67.149,1.33183
2190,45.0999,54.259,266.995,235.135,250.085,185.04,0,33.9119,11.188,1.32991
2191,177.102,169.64,507.693,389.668,630.349,334.138,0,106.025,71.0763,1.67037
2192,153.1,142.731,480.596,168.649,356.033,173.617,0,89.2067,63.8935,1.71624
2193,169.701,161.857,276.652,596.881,144.647,615.708,0,101.161,68.5406,1.67754
2194,20.1,23.1099,606.669,561.72,616.59,542.745,0,14.4437,5.65634,1.39161
2195,250.406,314.466,314.364,488.059,139.92,611.163,0,196.541,53.8647,1.27406
2196,284.508,287.376,266.28,470.296,67.7104,405.518,0,179.61,104.898,1.58403
2197,49.5998,38.3619,229.392,217.528,248.987,185.013,0,23.9762,25.6236,2.06871
2198,260.907,200.409,450.126,655.131,613.252,613.185,0,125.256,135.651,2.083
2199,219.004,188.397,299.765,326.665,249.428,185.235,0,117.748,101.256,1.85994
2200,248.706,235.563,464.362,343.965,355.707,174.336,0,147.227,101.479,1.68927
2201,66.9995,86.4696,533.404,779.479,611.146,755.19,0,54.0435,12.9561,1.23973
2202,74.3994,74.9979,420.069,146.803,355.781,174.292,0,46.8737,27.5258,1.58723
2203,293.909,229.234,414.816,641.701,613.15,613.027,0,143.271,150.638,2.05142
2204,59.3997,73.2873,592.73,191.172,647.857,197.739,0,45.8046,13.5951,1.29681
2205,13,15.2333,634.539,204.354,648.064,197.989,0,9.52078,3.47923,1.36544
2206,104.599,132.075,526.628,736.774,611.143,755.172,0,82.5468,22.0522,1.26715
2207,78.6994,110.017,568.137,229.469,647.943,197.724,0,68.7605,9.93884,1.14454
2208,98.9991,108.581,547.224,122.188,653.526,129.957,0,67.8633,31.1357,1.4588
2209,27.1001,34.2982,265.366,215.302,252.341,184.002,0,21.4364,5.66367,1.26421
2210,155.2,148.948,477.602,586.402,613.302,613.128,0,93.0923,62.108,1.66717
2211,71.4995,101.227,237.356,709.632,152.788,701.839,0,63.267,8.23246,1.13012
2212,163.201,180.927,183.912,521.844,139.95,611.081,0,113.08,50.1211,1.44324
2213,143,153.563,162.793,461.299,139.697,611.053,0,95.9771,47.0225,1.48993
2214,97.2991,97.2264,544.19,589.06,613.231,612.699,0,60.7665,36.5326,1.6012
2215,92.0992,88.2558,541.756,634.188,613.317,612.504,0,55.1598,36.9393,1.66968
2216,5,4.94002,631.239,283.869,635.861,282.134,0,3.08751,1.91248,1.61943
2217,27.0001,30.4937,141.55,664.363,149.66,693.186,0,19.0586,7.94147,1.41669
2218,25.6001,28.7721,403.608,106.324,405.935,78.1497,0,17.9826,7.61749,1.4236
2219,99.5991,137.606,257.812,665.844,149.465,693.158,0,86.0041,13.595,1.15807
2220,44.7999,61.1611,594.9,226.008,648.313,198.119,0,38.2257,6.57417,1.17198
2221,229.105,175.122,452.94,606.62,613.308,612.545,0,109.451,119.654,2.09321
2222,150.8,160.501,527.657,403.273,630.335,334.06,0,100.313,50.4866,1.50329
2223,136.899,157.381,141.75,455.621,67.8141,405.247,0,98.3634,38.5357,1.39177
2224,246.806,194.722,450.179,651.011,613.221,612.68,0,121.702,125.104,2.02796
2225,65.9996,71.2305,415.763,148.065,355.995,173.62,0,44.519,21.4805,1.4825
2226,245.906,189.371,461.983,662.062,613.316,613.105,0,118.357,127.549,2.07767
2227,209.504,226.414,471.6,427.567,615.551,539.75,0,141.509,67.9947,1.4805
2228,239.705,230.478,463.801,339.77,355.843,174.33,0,144.049,95.6566,1.66406
2229,117.499,130.184,302.022,292.269,250.007,185.022,0,81.3652,36.1335,1.44409
2230,45.4999,55.159,407.53,182.31,355.756,174.211,0,34.4744,11.0255,1.31982
2231,237.905,228.268,480.927,467.851,615.539,540.123,0,142.667,95.2379,1.66755
2232,267.507,236.851,482.354,516.089,613.191,612.604,0,148.032,119.475,1.80709
2233,83.5993,72.7573,596.55,355.977,630.254,334.222,0,45.4733,38.126,1.83843
2234,129.699,108.302,232.551,288.236,249.144,185.075,0,67.6886,62.0101,1.91611
2235,236.905,238.569,458.028,427.004,615.497,539.943,0,149.106,87.7996,1.58884
2236,225.805,294.069,306.198,501.748,139.928,611.168,0,183.793,42.0115,1.22858
2237,35.6,27.1243,267.827,205.418,252.605,183.9,0,16.9527,18.6473,2.09996
2238,226.105,226.739,503.59,476.979,615.51,539.984,0,141.712,84.3926,1.59552
2239,153.1,141.559,485.307,587.02,613.357,613.134,0,88.4743,64.6259,1.73045
2240,162.701,145.721,446.902,248.326,355.652,174.336,0,91.0757,71.6251,1.78643
2241,66.9995,68.9768,196.652,214.896,249.132,185.108,0,43.1105,23.8891,1.55414
2242,63.7996,77.8503,552.395,784.682,611.179,754.851,0,48.6564,15.1432,1.31123
2243,48.9998,66.5379,576.265,502.715,615.743,540.523,0,41.5862,7.41366,1.17827
2244,296.509,267.225,425.908,429.296,611.032,540.522,1,167.015,129.493,1.77534
2245,78.5994,88.6666,540.991,746.721,611.148,755.021,0,55.4166,23.1827,1.41833
2246,209.304,178.597,450.649,275.709,355.728,174.317,0,111.623,97.6802,1.87509
2247,25.0001,29.4516,624.804,134.745,653.568,129.953,0,18.4073,6.59278,1.35816
2248,28.9001,35.8697,413.376,112.744,405.925,78.1938,0,22.4185,6.48153,1.28911
2249,151.9,181.004,378.821,666.961,312.269,818.051,0,113.127,38.7729,1.34274
2250,151.7,153.274,185.178,346.255,67.7928,405.04,0,95.7966,55.9035,1.58356
2251,120.899,123.595,454.739,155.022,356.049,173.475,0,77.2468,43.652,1.5651
2252,65.9996,88.0539,335.238,733.961,312.737,818.07,0,55.0337,10.9659,1.19926
2253,296.509,297.439,406.917,565.912,602.717,612.489,1,185.9,110.609,1.595
2254,236.305,197.317,232.108,430.059,67.7455,405.504,0,123.323,112.982,1.91614
2255,124.999,157.984,344.957,668.711,312.674,817.955,0,98.7397,26.259,1.26594
2256,135.199,181.051,531.57,267.816,647.921,197.729,0,113.157,22.0419,1.19479
2257,14.5,16.3746,268.014,190.058,253.016,183.697,0,10.2341,4.26591,1.41683
2258,55.5997,73.1399,211.255,676.556,149.516,693.162,0,45.7124,9.88731,1.21629
2259,257.707,281.345,430.662,375.471,356.221,173.304,0,175.841,81.8656,1.46557
2260,220.804,233.594,297.843,549.506,144.678,615.712,0,145.996,74.8081,1.5124
2261,244.906,256.13,366.138,401.586,349.715,174.721,0,160.081,84.8247,1.52989
2262,272.707,210.791,440.329,645.534,613.276,613.064,0,131.744,140.963,2.06998
2263,43.0999,40.9444,225.145,214.031,248.709,184.892,0,25.5902,17.5097,1.68423
2264,246.206,265.156,341.327,392.133,349.694,174.674,0,165.722,80.4833,1.48565
2265,122.899,147.552,599.787,451.442,615.588,539.654,0,92.2199,30.6788,1.33267
2266,49.4998,60.6102,300.673,771.975,311.817,818.26,0,37.8814,11.6184,1.30671
2267,258.307,235.493,261.328,435.289,67.719,404.939,0,147.183,111.124,1.755
2268,64.6996,86.5945,234.76,728.156,152.708,701.841,0,54.1215,10.578,1.19545
2269,246.806,221.267,473.424,421.247,630.367,334.141,0,138.292,108.514,1.78468
2270,62.2996,69.2383,585.059,663.533,613.312,613.083,0,43.2739,19.0257,1.43966
2271,143.7,170.337,538.933,420.431,615.554,539.655,0,106.461,37.2387,1.34979
2272,91.3992,126.05,257.937,694.586,149.519,693.233,0,78.7811,12.6181,1.16017
2273,268.407,259.791,459.115,499.361,613.234,612.579,0,162.369,106.038,1.65307
2274,166.501,154.894,446.799,258.173,356.129,173.443,0,96.8085,69.6925,1.7199
2275,60.1997,66.8877,418.438,179.802,355.732,174.172,0,41.8048,18.3948,1.44002
2276,210.604,164.535,505.326,688.754,613.296,613.093,0,102.834,107.769,2.04799
2277,95.7991,106.453,423.555,230.373,356.072,173.458,0,66.533,29.2661,1.43987
2278,281.308,305.705,356.431,447.54,349.539,174.601,0,191.065,90.2426,1.47231
2279,296.509,228.883,408.585,469.91,588.318,481.576,1,143.052,153.457,2.07274
2280,79.0994,93.324,187.378,563.488,139.934,611.081,0,58.3275,20.7719,1.35613
2281,117.999,138.348,366.232,253.023,349.816,174.727,0,86.4674,31.5314,1.36466
2282,148.9,156.78,372.353,280.674,349.65,174.585,0,97.9875,50.9124,1.51958
2283,153.1,167.938,500.255,143.187,653.534,130.038,0,104.961,48.1387,1.45863
2284,165.901,181.755,215.714,490.358,140.074,611.056,0,113.597,52.3039,1.46043
2285,296.509,314.978,346.794,457.978,344.421,180.219,1,196.861,99.6477,1.50618
2286,85.8993,103.015,543.153,711.905,611.891,753.155,0,64.3843,21.515,1.33417
2287,90.9992,110.524,543.934,662.362,613.269,613.08,0,69.0774,21.9218,1.31735
2288,218.804,145.887,465.478,170.015,356.05,173.493,0,91.1791,127.625,2.39972
2289,70.0995,80.8261,176.12,561.6,139.942,611.14,0,50.5163,19.5832,1.38766
2290,103.899,122.976,592.548,441.834,615.596,539.648,0,76.8602,27.0387,1.35179
2291,19.9,21.3015,88.0873,400.775,67.6931,404.833,0,13.3134,6.5866,1.49473
2292,6.6,6.00728,138.643,605.434,139.978,611.12,0,3.75455,2.84545,1.75787
2293,141.599,174.634,377.246,671.006,313.296,818.234,0,109.146,32.4534,1.29734
2294,31.5001,37.0096,617.603,136.811,653.47,130.011,0,23.131,8.36908,1.36181
2295,27.2001,31.662,387.176,171.274,356.033,173.935,0,19.7887,7.41134,1.37452
2296,130.999,155.185,308.184,693.401,312.329,818.125,0,96.9909,34.0079,1.35063
2297,143.8,185.4,515.838,291.611,648.015,198.005,0,115.875,27.9244,1.24099
2298,119.099,131.331,563.381,400.736,630.361,333.812,0,82.0821,37.0167,1.45097
2299,263.507,279.588,355.873,418.991,349.49,174.493,0,174.742,88.7645,1.50797
2300,10.9,13.6742,252.403,198.426,249.282,185.175,0,8.54634,2.35366,1.2754
2301,240.705,231.737,501.475,481.669,615.616,539.569,0,144.836,95.8699,1.66192
2302,51.3998,64.0164,594.301,231.196,648.333,198.102,0,40.0103,11.3895,1.28467
2303,201.703,196.552,497.826,575.34,613.272,612.47,0,122.845,78.858,1.64193
2304,136.599,137.489,258.749,657.768,144.735,616.246,0,85.9307,50.6684,1.58964
2305,80.3993,98.0686,99.1847,472.487,67.7913,405.278,0,61.2929,19.1065,1.31172
2306,44.1999,54.1997,406.237,182.089,355.75,174.219,0,33.8748,10.3251,1.3048
2307,221.204,242.581,361.857,595.525,144.762,616.025,0,151.613,69.5911,1.459
2308,136.699,139.333,160.094,474.508,139.6,611.253,0,87.0828,49.6163,1.56976
2309,198.603,168.593,243.331,336.149,249.254,185.149,0,105.371,93.2322,1.8848
2310,273.407,251.25,280.604,433.766,67.6838,405.506,0,157.031,116.376,1.7411
2311,77.6994,88.755,247.08,779.635,310.634,818.758,0,55.4719,22.2275,1.4007
2312,119.499,117.921,523.155,359.262,630.283,334.137,0,73.7004,45.7983,1.62141
2313,19.3,22.6017,611.423,325.127,630.348,334.114,0,14.126,5.174,1.36627
2314,47.1999,56.9679,410.204,162.486,356.046,173.758,0,35.6049,11.5949,1.32565
2315,59.1997,61.5305,598.946,178.196,647.643,191.853,0,38.4566,20.7431,1.53939
2316,181.902,172.226,304.036,648.55,144.711,615.653,0,107.641,74.2609,1.68989
2317,56.3997,74.2777,211.274,676.699,149.435,693.348,0,46.4235,9.97617,1.21489
2318,160.701,188.122,200.35,461.809,139.675,611.151,0,117.576,43.1246,1.36678
2319,152.9,140.721,201.708,394.188,67.6617,405.477,0,87.9507,64.9494,1.73847
2320,296.509,215.025,408.361,503.088,567.929,449.858,1,134.391,162.118,2.20632
2321,131.799,110.71,515.344,595.09,613.324,613.112,0,69.1935,62.6054,1.90479
2322,4.4,3.99064,405.942,82.1088,405.942,78.1181,0,2.49415,1.90585,1.76413
2323,33.2001,35.9079,391.242,175.9,355.978,173.751,0,22.4424,10.7576,1.47934
2324,135.799,136.936,162.544,478.262,139.623,611.225,0,85.5852,50.2138,1.58671
2325,27.1001,33.1881,617.495,210.449,647.67,197.118,0,20.7426,6.35752,1.3065
2326,76.1994,83.3631,545.294,634.263,613.168,612.785,0,52.1019,24.0975,1.46251
2327,135.399,143.632,524.424,146.453,653.53,130.151,0,89.7703,45.6288,1.50828
2328,81.9993,99.3893,524.013,755.054,611.06,755.19,0,62.1183,19.881,1.32005
2329,210.104,194.594,435.312,313.937,355.792,174.312,0,121.621,88.4822,1.72752
2330,134.999,123.166,218.247,301.733,248.153,184.711,0,76.9787,58.0203,1.75372
2331,96.5991,118.369,543.97,679.056,613.325,613.109,0,73.9807,22.6184,1.30573
2332,14.1,15.0043,253.06,199.687,249.613,185.248,0,9.37771,4.72231,1.50357
2333,247.306,239.201,306.421,377.265,248.838,185.019,0,149.501,97.8051,1.65421
2334,78.0994,101.672,326.594,724.861,312.328,818.081,0,63.545,14.5544,1.22904
2335,296.509,234.213,465.694,473.623,604.909,534.4,1,146.383,150.126,2.02557
2336,61.9996,65.171,597.62,148.552,653.505,129.958,0,40.7319,21.2677,1.52214
2337,186.202,180.811,476.798,559.988,613.244,612.565,0,113.007,73.1953,1.64771
2338,117.299,141.199,500.31,718.655,612.206,752.482,0,88.2496,29.0492,1.32917
2339,123.799,119.776,175.067,376.49,67.7733,405.427,0,74.86,48.9387,1.65374
2340,29.6001,37.1697,603.592,574.639,616.228,541.858,0,23.231,6.36905,1.27416
2341,249.706,224.772,472.084,367.519,630.315,334.131,0,140.483,109.223,1.77749
2342,33.6001,34.4402,284.985,196.362,253.125,183.455,0,21.5251,12.0749,1.56097
2343,171.401,214.637,333.167,362.335,250.741,184.73,0,134.148,37.2528,1.2777
2344,44.5999,46.9802,606.652,130.679,653.575,130.04,0,29.3626,15.2373,1.51893
2345,26.3001,34.1319,591.205,528.401,615.668,540.672,0,21.3324,4.96765,1.23287
2346,255.806,228.313,455.542,382.253,630.315,334.072,0,142.696,113.111,1.79267
2347,99.4991,105.338,240.972,624.364,144.735,615.706,0,65.8365,33.6626,1.51131
2348,176.902,141.18,290.782,306.959,249.945,185.037,0,88.2372,88.6644,2.00484
2349,151.9,182.096,511.168,444.334,615.538,540.02,0,113.81,38.0903,1.33468
2350,285.208,245.807,437.941,390.824,630.368,334.146,0,153.629,131.579,1.85647
2351,163.701,186.761,521.451,427.036,630.262,334.148,0,116.725,46.9753,1.40244
2352,1.7,0.878836,401.491,76.8479,402.252,76.4074,0,0.549272,1.15073,3.09501
2353,126.299,110.991,231.471,291.721,249.445,185.229,0,69.3694,56.9292,1.82067
2354,296.509,191.876,411.358,471.13,562.771,450.808,1,119.923,176.586,2.4725
2355,296.509,323.887,375.458,467.47,341.151,182.753,1,202.429,94.0797,1.46475
2356,14.4,16.2308,119.613,613.244,135.574,614.452,0,10.1442,4.25579,1.41953
2357,4.9,4.31454,71.3006,408.216,67.2834,406.643,0,2.69659,2.20341,1.81711
2358,53.7998,65.5207,411.667,192.31,355.81,174.121,0,40.9504,12.8493,1.31378
2359,19.3,24.7336,144.38,669.49,149.701,693.258,0,15.4585,3.84155,1.24851
2360,65.8996,93.363,235.675,717.087,153.137,701.443,0,58.3519,7.54771,1.12935
2361,83.2993,77.3453,584.573,318.564,630.366,333.819,0,48.3408,34.9585,1.72317
2362,90.4992,94.1654,419.608,218.642,355.819,174.349,0,58.8534,31.6458,1.53771
2363,0,0,247.429,179.581,247.429,179.581,0,0,0,0
2364,9.4,9.96303,152.045,683.723,149.48,693.265,0,6.2269,3.1731,1.50958
2365,156.6,187.641,336.268,641.071,312.671,818.02,0,117.276,39.3247,1.33532
2366,46.0999,47.7718,603.198,293.888,635.928,282.358,0,29.8574,16.2425,1.544
2367,174.901,165.812,192.828,338.248,67.6492,404.906,0,103.633,71.2689,1.68771
2368,185.202,190.183,439.793,311.825,355.792,174.335,0,118.865,66.3375,1.55809
2369,296.509,207.132,464.36,465.949,596.808,502.122,1,129.457,167.051,2.2904
2370,283.208,245.683,446.769,393.596,630.324,334.09,0,153.552,129.656,1.84438
2371,31.0001,39.2002,612.71,212.867,648.083,198.002,0,24.5001,6.49995,1.2653
2372,6,6.1841,73.4087,402.7,67.4789,404.453,0,3.86506,2.13493,1.55237
2373,32.0001,43.4442,610.055,217.264,648.354,198.123,0,27.1526,4.84747,1.17853
2374,154.8,180.495,515.554,196.447,648.203,190.863,0,112.81,41.9907,1.37223
2375,83.4993,90.5879,159.18,543.065,139.854,611.065,0,56.6174,26.8819,1.4748
2376,262.507,256.353,450.846,413.083,615.591,539.604,0,160.221,102.286,1.63841
2377,52.8998,64.5649,342.243,198.21,350.043,174.782,0,40.353,12.5467,1.31092
2378,147.7,161.093,182.063,470.786,140.174,611.203,0,100.683,47.0166,1.46698
2379,231.805,243.37,349.265,584.263,144.706,615.69,0,152.106,79.6986,1.52397
2380,26.5001,30.2583,140.877,665.488,149.716,693.274,0,18.9114,7.58864,1.40127
2381,39.4,40.6882,614.189,190.901,647.76,191.729,0,25.4301,13.9699,1.54934
2382,92.9992,120.433,516.308,740.19,611.158,755.154,0,75.2705,17.7287,1.23553
2383,81.8993,86.5469,543.284,600.669,613.206,612.657,0,54.0918,27.8075,1.51408
2384,225.405,208.703,478.1,406.842,630.282,334.128,0,130.439,94.9653,1.72804
2385,153.6,172.021,357.75,319.995,349.508,174.589,0,107.513,46.0872,1.42867
2386,191.502,170.727,172.059,298.168,248.173,184.679,0,106.704,84.7981,1.7947
2387,64.8996,67.8186,197.7,213.517,248.883,184.999,0,42.3866,22.513,1.53113
2388,89.4992,90.5303,525.003,608.294,613.221,612.947,0,56.5814,32.9178,1.58178
2389,68.5995,96.3824,235.917,714.05,153.547,700.749,0,60.239,8.3605,1.13879
2390,29.0001,35.5876,575.937,806.876,606.733,810.918,0,22.2423,6.75781,1.30383
2391,9.9,10.539,620.112,336.006,630.381,334.084,0,6.5869,3.3131,1.50298
2392,296.509,239.661,408.134,477.115,590.755,484.054,1,149.788,146.721,1.97953
2393,7.2,7.14947,349.535,182.322,351.723,175.517,0,4.46842,2.73158,1.61131
2394,127.999,138.257,260.856,655.604,144.821,616.246,0,86.4107,41.588,1.48128
2395,175.902,230.045,493.05,260.246,647.971,197.987,0,143.778,32.1233,1.22342
2396,6.1,5.97466,605.233,755.937,611.085,755.207,0,3.73416,2.36584,1.63357
2397,82.3993,87.5914,528.27,609.332,613.22,612.936,0,54.7446,27.6547,1.50516
2398,106.999,122.295,542.996,688.59,612.187,752.547,0,76.4344,30.5646,1.39988
2399,190.302,157.524,278.997,328.444,249.894,185.11,0,98.4526,91.8498,1.93293
2400,59.5997,64.038,559.028,610.022,613.339,612.394,0,40.0238,19.5759,1.48911
2401,217.704,157.597,218.716,415.519,67.8265,405.44,0,98.4982,119.206,2.21023
2402,74.5994,89.7434,539.271,746.852,611.13,755.237,0,56.0896,18.5098,1.33
2403,78.4994,106.439,242.743,685.666,149.547,693.267,0,66.5246,11.9748,1.18001
2404,42.4999,52.0272,324.508,208.033,349.888,174.693,0,32.517,9.98289,1.30701
2405,93.7991,108.621,236.14,607.123,144.689,615.6,0,67.8881,25.9111,1.38167
2406,109.999,122.614,259.434,744.57,311.378,818.512,0,76.6336,33.3653,1.43539
2407,243.606,250.658,283.07,432.059,67.8286,405.033,0,156.662,86.9442,1.55498
2408,51.7998,66.1753,594.286,199.272,647.825,197.641,0,41.3596,10.4402,1.25243
2409,188.502,189.142,483.849,297.577,630.286,334.07,0,118.214,70.2888,1.59459
2410,183.802,188.634,477.877,307.929,630.332,334.102,0,117.896,65.9056,1.55901
2411,193.803,164.88,488.754,663.038,613.259,613.071,0,103.05,90.7529,1.88067
2412,97.6991,128.008,580.451,283.506,647.967,197.984,0,80.0053,17.6938,1.22116
2413,19.8,26.3107,624.629,209.166,648.135,197.999,0,16.4442,3.35587,1.20408
2414,63.8996,80.6441,216.611,698.365,153.342,701.261,0,50.4025,13.4971,1.26779
2415,203.403,202.165,241.374,365.867,67.763,405.033,0,126.353,77.0502,1.6098
2416,0.6,0.145908,652.488,189.81,652.438,189.947,0,0.0911923,0.508808,6.5795
2417,176.802,153.597,188.651,312.099,248.044,184.621,0,95.9978,80.8038,1.84172
2418,252.306,205.881,224.888,415.807,67.7499,404.885,0,128.675,123.631,1.9608
2419,113.699,143.667,272.622,701.876,149.564,693.221,0,89.7921,23.9067,1.26625
2420,12.8,14.3408,408.372,92.186,405.875,78.136,0,8.96299,3.83702,1.4281
2421,143.2,98.265,542.591,637.415,613.19,613.024,0,61.4156,81.7839,2.33165
2422,137.499,142.949,511.342,121.348,653.593,130.278,0,89.3434,48.1558,1.539
2423,228.005,296.448,306.427,498.435,139.924,611.165,0,185.28,42.725,1.2306
2424,247.006,243.613,416.78,345.448,355.672,174.305,0,152.258,94.7475,1.62228
2425,204.703,202.755,290.63,562.296,144.831,616.043,0,126.722,77.9812,1.61537
2426,131.599,116.821,182.929,402.998,67.7417,405.15,0,73.0132,58.5857,1.8024
2427,138.699,136.852,199.485,391.561,67.7856,405.055,0,85.5326,53.1667,1.6216
2428,229.105,191.961,298.969,343.653,250.326,184.911,0,119.976,109.129,1.90959
2429,190.802,161.601,501.147,163.544,356.086,173.427,0,101.001,89.8018,1.88912
2430,0,0,631.143,332.234,631.143,332.234,0,0,0,0
2431,46.1999,41.4997,222.011,208.639,248.885,185.006,0,25.9373,20.2625,1.78121
2432,19,20.3449,590.517,804.364,606.939,810.512,0,12.7155,6.28449,1.49424
2433,41.9999,46.2607,571.169,771.438,611.127,755.293,0,28.913,13.087,1.45263
2434,173.601,177.498,504.211,313.32,630.352,334.132,0,110.936,62.6654,1.56488
2435,200.603,224.703,467.75,442.007,615.573,539.686,0,140.44,60.1634,1.42839
2436,260.607,229.938,479.513,469.683,615.556,539.649,0,143.711,116.895,1.8134
2437,255.206,266.01,363.567,411.917,349.608,174.6,0,166.256,88.9499,1.53502
2438,95.0991,109.986,282.875,274.995,250.244,184.997,0,68.741,26.3581,1.38344
2439,73.4995,80.2975,574.11,131.638,653.524,130.223,0,50.1859,23.3135,1.46454
2440,167.601,146.803,241.791,323.541,250.018,185.044,0,91.752,75.849,1.82667
2441,180.302,196.776,221.326,475.098,139.683,611.157,0,122.985,57.3169,1.46605
2442,43.0999,52.157,324.182,208.172,349.738,174.682,0,32.5981,10.5018,1.32216
2443,53.9997,70.8424,594.015,192.568,647.867,197.839,0,44.2765,9.72326,1.2196
2444,8.4,9.19663,600.303,805.61,606.578,811.362,0,5.74789,2.6521,1.4614
2445,183.102,178.901,276.867,581.456,144.778,616.062,0,111.813,71.2888,1.63757
2446,74.8994,75.6706,577.766,693.224,612.057,752.58,0,47.2941,27.6053,1.58369
2447,59.7997,67.279,101.986,447.187,67.7409,405.312,0,42.0494,17.7503,1.42213
2448,157.7,142.972,484.643,588.2,613.235,612.98,0,89.3575,68.3429,1.76483
2449,98.8991,132.208,541.723,188.253,647.765,191.514,0,82.6299,16.2691,1.19689
2450,204.903,201.663,442.96,321.549,355.783,174.327,0,126.04,78.8637,1.62571
2451,221.704,185.663,250.144,397.241,67.8214,404.95,0,116.039,105.665,1.9106
2452,46.7999,46.6276,299.34,186.271,253.311,183.14,0,29.1423,17.6576,1.60591
2453,32.6001,33.8378,127.293,586.492,139.865,611.113,0,21.1487,11.4514,1.54147
2454,69.5995,69.9834,584.272,124.812,653.485,130.047,0,43.7396,25.8599,1.59122
2455,296.509,205.486,388.141,459.566,548.23,447.709,1,128.429,168.08,2.30874
2456,81.8993,96.1963,572.194,292.619,630.298,334.157,0,60.1227,21.7766,1.3622
2457,219.204,196.32,471.312,276.505,355.8,174.348,0,122.7,96.5044,1.78651
2458,152.5,144.02,242.88,319.419,249.183,185.081,0,90.0126,62.4875,1.69421
2459,3.5,2.97239,644.299,196.893,647.071,195.82,0,1.85774,1.64225,1.884
2460,22.1,28.0033,320.62,791.306,312.979,818.097,0,17.5021,4.59796,1.26271
2461,13.9,13.5479,608.061,551.562,616.781,543.322,0,8.46742,5.4326,1.64159
2462,26.0001,32.6825,618.492,210.481,648.228,198.148,0,20.4266,5.57351,1.27286
2463,182.202,176.371,279.61,583.804,144.823,616.085,0,110.232,71.9698,1.65289
2464,216.004,205.416,504.425,519.552,613.202,612.569,0,128.385,87.6189,1.68247
2465,80.5993,84.1567,552.384,721.178,612.082,752.634,0,52.5979,28.0014,1.53237
2466,120.199,153.514,513.667,690.89,612.432,751.879,0,95.946,24.2527,1.25277
2467,52.3998,52.212,601.437,133.075,653.574,130.045,0,32.6325,19.7673,1.60575
2468,5.9,6.05017,317.73,813.567,315.653,819.25,0,3.78136,2.11864,1.56029
2469,186.002,198.394,345.187,335.933,349.897,174.646,0,123.996,62.0057,1.50006
2470,227.705,243.209,319.144,549.205,144.731,615.739,0,152.006,75.699,1.498
2471,222.504,290.906,304.053,504.159,139.881,611.117,0,181.816,40.688,1.22379
2472,39.5,50.7279,603.492,209.84,648.264,198.112,0,31.7049,7.79505,1.24586
2473,154,203.192,522.847,245.683,648.168,197.959,0,126.995,27.0054,1.21265
2474,288.908,256.33,422.051,392.458,630.305,334.13,0,160.206,128.702,1.80335
2475,22.8001,28.0522,605.349,565.509,616.271,541.762,0,17.5326,5.26745,1.30044
2476,193.203,156.812,220.592,391.697,67.7749,405.071,0,98.0073,95.1953,1.97131
2477,173.101,195.022,238.524,496.663,140.144,611.227,0,121.889,51.2128,1.42016
2478,291.109,311.827,369.499,451.492,349.891,174.833,0,194.892,96.217,1.49369
2479,221.804,226.831,480.017,466.644,615.468,540.157,0,141.769,80.035,1.56454
2480,41.2999,58.1445,206.628,723.534,152.767,701.81,0,36.3403,4.95966,1.13648
2481,296.509,295.209,398.266,563.183,591.05,615.819,1,184.505,112.003,1.60705
2482,296.509,282.162,420.177,571.465,607.028,612.655,1,176.351,120.157,1.68135
2483,296.509,243.13,421.596,491.503,593.953,491.938,1,151.956,144.553,1.95128
2484,243.406,217.932,490.83,272.801,356.248,173.437,0,136.207,107.198,1.78702
2485,204.103,173.049,232.64,344.184,249.117,185.115,0,108.156,95.9477,1.88713
2486,237.305,197.018,264.429,358.089,249.776,185.12,0,123.137,114.169,1.92717
2487,253.906,211.702,243.222,426.864,67.7055,405.504,0,132.314,121.592,1.91897
2488,74.6994,103.806,228.3,693.014,149.397,693.372,0,64.8789,9.82056,1.15137
2489,93.0992,98.6277,221.14,277.637,248.485,184.797,0,61.6423,31.4569,1.51031
2490,274.008,314.041,379.706,535.175,144.751,616.208,0,196.276,77.732,1.39604
2491,195.203,210.922,386.272,333.64,349.484,174.634,0,131.826,63.3764,1.48076
2492,296.509,260.314,445.675,575.431,602.121,612.539,1,162.697,133.812,1.82247
2493,29.3001,34.2275,576.847,820.017,602.483,833.29,0,21.3922,7.90791,1.36966
2494,72.3995,76.2205,551.379,733.374,612.077,752.737,0,47.6378,24.7617,1.51979
2495,28.9001,31.0898,142.051,580.311,139.965,611.127,0,19.4311,9.46897,1.48731
2496,175.802,210.938,512.346,505.697,615.457,539.763,0,131.836,43.9654,1.33348
2497,61.6996,76.0391,209.698,614.415,144.724,615.949,0,47.5244,14.1752,1.29827
2498,228.905,231.794,462.958,432.646,615.566,539.58,0,144.872,84.0332,1.58005
2499,19.5,22.2436,260.623,204.469,252.644,184.009,0,13.9022,5.5978,1.40265
2500,117.099,105.413,241.092,282.472,249.008,184.991,0,65.8829,51.2159,1.77738
2501,110.099,114.815,527.097,358.191,630.381,333.755,0,71.7591,38.3398,1.53428
2502,10.3,11.6021,156.279,617.372,144.836,615.953,0,7.2513,3.0487,1.42044
2503,26.2001,21.8558,271.496,194.878,252.636,184.048,0,13.6599,12.5402,1.91803
2504,137.099,136.662,278.498,636.236,144.751,615.815,0,85.4137,51.6855,1.60512
2505,135.799,136.922,558.086,401.972,630.354,334.286,0,85.5764,50.2227,1.58688
2506,159.601,190.484,386.159,665.599,312.168,818.201,0,119.053,40.5479,1.34059
2507,296.509,330.988,365.456,470.332,347.792,177.084,1,206.867,89.6416,1.43333
2508,41.1999,38.2976,106.577,403.203,67.7538,405.175,0,23.936,17.264,1.72126
2509,187.802,180.825,501.359,541.822,613.306,612.553,0,113.015,74.7869,1.66174
2510,27.7001,30.3274,596.836,777.834,611.089,755.395,0,18.9546,8.74542,1.46139
2511,262.407,234.466,464.911,348.719,356.122,173.41,0,146.541,115.866,1.79067
2512,82.3993,112.811,248.915,687.025,149.464,693.243,0,70.507,11.8923,1.16867
2513,185.802,170.325,308.395,623.9,144.809,616.03,0,106.453,79.3491,1.74539
2514,296.509,290.006,407.384,578.853,586.362,617.092,1,181.253,115.255,1.63588
2515,134.699,150.735,614.42,430.724,615.673,539.668,0,94.2093,40.4898,1.42979
2516,66.0996,70.9406,598.002,358.622,630.262,334.104,0,44.3379,21.7617,1.49081
2517,239.605,234.987,455.988,439.278,615.586,539.694,0,146.867,92.7388,1.63145
2518,199.203,211.603,389.015,328.096,349.568,174.579,0,132.252,66.9509,1.50624
2519,184.502,174.813,281.435,586.675,144.707,615.684,0,109.258,75.2439,1.68868
2520,129.399,154.781,308.742,693.548,312.32,818.063,0,96.7378,32.6609,1.33762
2521,162.901,199.356,419.056,684.392,313.13,818.081,0,124.598,38.3032,1.30742
2522,296.509,194.886,397.369,451.988,548.186,449.495,1,121.804,174.705,2.43432
2523,179.602,166.859,305.469,625.521,144.845,616.114,0,104.287,75.3151,1.72219
2524,180.502,144.582,200.405,413.952,67.7488,405.359,0,90.3638,90.138,1.9975
2525,39.3,43.6001,574.823,770.653,611.144,755.255,0,27.2501,12.0499,1.4422
2526,137.499,118.725,166.403,425.429,67.7942,405.045,0,74.2033,63.2959,1.85301
2527,38.5,52.1804,576.261,785.29,606.476,811.553,0,32.6128,5.88722,1.18052
2528,136.999,158.591,313.761,684.792,312.296,818.098,0,99.1197,37.8795,1.38216
2529,194.703,197.248,480.848,391.983,630.316,334.098,0,123.28,71.4229,1.57936
2530,67.2995,77.8071,289.992,226.894,250.112,185.022,0,48.6294,18.6701,1.38393
2531,67.5995,98.2341,581.651,256.865,647.905,197.752,0,61.3963,6.20321,1.10104
2532,170.401,146.276,493.887,619.758,613.21,613.041,0,91.4227,78.9785,1.86388
2533,69.0995,78.0037,593.546,189.718,648.244,190.907,0,48.7523,20.3472,1.41736
2534,164.901,146.762,444.159,143.715,356.069,173.475,0,91.7265,73.1743,1.79774
2535,21.8,25.7515,238.048,204.869,249.434,185.153,0,16.0947,5.70535,1.35449
2536,58.3997,54.569,111.314,418.979,67.7131,405.456,0,34.1056,24.294,1.71232
2537,191.903,182.181,506.581,536.444,613.322,612.512,0,113.863,78.0393,1.68538
2538,140.599,180.122,408.421,695.758,313.435,818.219,0,112.577,28.0228,1.24892
2539,296.509,258.096,388.745,620.584,598.246,612.968,1,161.31,135.199,1.83813
2540,62.9996,81.4618,219.093,679.075,149.559,693.208,0,50.9136,12.086,1.23738
2541,34.4,44.13,582.094,789.948,606.572,811.427,0,27.5812,6.81882,1.24723
2542,228.205,205.954,473.785,393.223,630.273,334.053,0,128.721,99.4837,1.77286
2543,101.899,126.463,513.096,730.691,611.986,752.831,0,79.0397,22.8593,1.28921
2544,43.9999,39.9741,223.269,208.381,249.134,185.135,0,24.9838,19.0161,1.76114
2545,156.7,184.179,614.5,405.294,615.569,539.763,0,115.112,41.5884,1.36129
2546,9.5,10.0913,592.35,833.673,602.42,833.322,0,6.30707,3.19293,1.50625
2547,143.1,134.214,480.836,175.027,355.991,173.619,0,83.8837,59.2159,1.70593
2548,17,20.1304,597.623,766.297,611.189,754.818,0,12.5815,4.41853,1.35119
2549,127.699,135.69,518.364,119.288,653.554,129.868,0,84.8062,42.8924,1.50577
2550,170.001,168.478,306.042,624.739,144.749,616.12,0,105.299,64.7026,1.61447
2551,154.8,203.675,515.526,263.33,647.871,197.692,0,127.297,27.5036,1.21606
2552,250.506,217.795,473.82,258.649,356.214,173.439,0,136.122,114.384,1.84031
2553,158.3,160.745,274.532,663.528,144.776,616.038,0,100.465,57.8351,1.57567
2554,117.399,126.2,549.531,295.377,630.421,333.839,0,78.8752,38.5236,1.48841
2555,275.508,248.264,250.922,461.879,67.6721,405.49,0,155.165,120.343,1.77558
2556,55.4997,71.878,199.876,639.719,144.662,615.724,0,44.9238,10.5759,1.23542
2557,56.8997,75.1847,213.129,676.748,149.572,693.243,0,46.9905,9.90925,1.21088
2558,0,0,312.885,821.164,312.885,821.164,0,0,0,0
2559,70.6995,78.9993,574.809,664.636,613.254,612.825,0,49.3745,21.3249,1.4319
2560,233.705,179.692,476.889,670.006,613.222,613.007,0,112.307,121.398,2.08094
2561,230.405,231.668,427.769,335.709,355.819,174.296,0,144.793,85.6123,1.59128
2562,120.199,131.366,207.129,533.334,140.014,611.145,0,82.1037,38.095,1.46399
2563,218.704,230.576,466.494,429.973,615.63,539.574,0,144.11,74.5942,1.51762
2564,190.802,239.199,367.38,608.048,312.837,817.983,0,149.499,41.3031,1.27628
2565,130.899,161.099,289.155,698.562,149.447,693.314,0,100.687,30.2117,1.30006
2566,24.7001,32.1111,317.184,786.504,312.709,818.025,0,20.0695,4.63059,1.23073
2567,119.999,123.46,469.235,174.019,356.053,173.592,0,77.1628,42.8359,1.55514
2568,52.3998,68.6163,550.515,811.282,602.383,833.255,0,42.8852,9.51456,1.22186
2569,241.006,207.233,249.199,414.611,67.8169,405.049,0,129.52,111.485,1.86075
2570,0,0,639.877,285.878,639.877,285.878,0,0,0,0
2571,194.403,201.755,297.162,577.029,144.693,615.708,0,126.097,68.306,1.5417
2572,2,1.14755,255.08,179.064,253.973,179.367,0,0.717221,1.28278,2.78854
2573,40.6,47.7816,81.396,439.868,67.7705,405.357,0,29.8635,10.7365,1.35952
2574,21.2,26.3823,318.327,792.676,312.826,818.004,0,16.489,4.71108,1.28571
2575,69.0995,66.3039,594.805,689.897,612.412,751.959,0,41.44,27.6596,1.66746
2576,280.308,268.324,426.696,594.338,613.31,612.537,0,167.703,112.605,1.67146
2577,31.5001,34.6986,258.477,218.128,249.905,185.118,0,21.6866,9.81348,1.45251
2578,97.0991,125.313,353.444,701.903,312.855,818.031,0,78.3206,18.7785,1.23976
2579,221.104,167.842,195.283,445.248,67.7207,405.619,0,104.901,116.203,2.10773
2580,296.509,233.458,451.541,477.826,600.603,520.706,1,145.911,150.598,2.03212
2581,265.107,322.139,318.838,494.675,139.907,611.122,0,201.337,63.7702,1.31673
2582,119.199,128.252,526.16,120.438,653.539,130.049,0,80.1576,39.0412,1.48706
2583,207.703,222.12,380.313,357.427,349.344,174.478,0,138.825,68.8786,1.49616
2584,136.899,160.151,217.002,512.771,140.106,611.147,0,100.095,36.8046,1.3677
2585,126.099,139.411,310.228,296.283,250.44,184.896,0,87.1321,38.9666,1.44721
2586,38.6,50.9614,601.604,215.514,648.207,197.948,0,31.8509,6.74911,1.2119
2587,16.2,18.2053,162.315,618.643,144.676,615.689,0,11.3783,4.8217,1.42376
2588,61.4996,68.2439,410.276,148.162,355.825,174.156,0,42.6525,18.8472,1.44188
2589,86.3993,106.737,547.909,665.988,613.172,612.994,0,66.7104,19.6888,1.29514
2590,88.0992,112.927,582.898,446.555,615.562,540.146,0,70.5793,17.52,1.24823
2591,252.206,252.911,429.918,389.772,630.308,334.15,0,158.07,94.1366,1.59554
2592,23.1001,28.2773,171.935,622.02,144.73,615.74,0,17.6733,5.42674,1.30706
2593,110.599,128.424,363.705,245.567,349.496,174.598,0,80.265,30.3339,1.37792
2594,6.6,6.75522,642.26,188.357,648.505,190.76,0,4.22201,2.37798,1.56323
2595,0.2,0.0203631,615.726,759.166,615.73,759.146,0,0.012727,0.187273,15.7147
2596,28.8001,30.8223,614.225,270.613,635.979,282.502,0,19.2639,9.53613,1.49502
2597,99.799,132.221,350.632,694.045,312.563,817.995,0,82.6382,17.1608,1.20766
2598,239.005,241.754,457.754,421.591,615.741,539.554,0,151.096,87.9093,1.58181
2599,82.9993,117.555,265.743,734.791,153.359,700.996,0,73.472,9.52728,1.12967
2600,118.699,124.508,251.505,302.805,250.152,184.974,0,77.8177,40.8811,1.52534
2601,129.499,147.099,528.001,192.424,647.739,191.793,0,91.937,37.5617,1.40856
2602,49.5998,44.4186,569.295,617.217,613.233,612.871,0,27.7616,21.8382,1.78663
2603,81.5993,78.7591,588.074,678.021,612.307,752.339,0,49.2245,32.3749,1.6577
2604,76.6994,100.52,578.787,455.01,615.631,540.385,0,62.8251,13.8743,1.22084
2605,0,0,605.324,836.064,605.324,836.064,0,0,0,0
2606,296.509,185.211,429.983,415.191,527.753,376.59,1,115.757,180.752,2.56148
2607,238.605,214.88,479.986,414.987,630.264,334.062,0,134.3,104.306,1.77666
2608,117.699,126.09,528.573,670.663,613.267,613.119,0,78.8064,38.8923,1.49352
2609,168.901,196.925,373.263,650.828,312.502,817.989,0,123.078,45.8229,1.37231
2610,98.5991,115.209,566.425,451.047,615.594,539.755,0,72.0053,26.5937,1.36933
2611,10.8,11.946,407.652,89.6184,405.636,78.0714,0,7.46624,3.33376,1.44651
2612,40.4,50.8427,562.708,759.647,611.116,755.01,0,31.7767,8.6233,1.27137
2613,169.901,187.998,348.955,327.093,349.817,174.663,0,117.499,52.4025,1.44598
2614,46.6999,65.4648,328.678,755.111,312.78,817.951,0,40.9155,5.78437,1.14137
2615,5.2,4.18646,358.781,177.224,355.691,174.332,0,2.61653,2.58346,1.98736
2616,257.607,216.864,478.985,415.793,630.299,334.132,0,135.54,122.067,1.90059
2617,144.3,145.552,520.107,377.895,630.308,334.054,0,90.9701,53.3295,1.58623
2618,92.4992,94.1706,554.675,320.467,630.276,334.134,0,58.8566,33.6426,1.5716
2619,105.299,100.914,214.388,259.33,248.695,184.934,0,63.0715,42.2275,1.66952
2620,91.5992,84.0871,586.445,359.369,630.386,334.48,0,52.5544,39.0447,1.74294
2621,161.101,217.009,510.194,250.57,647.985,198.045,0,135.631,25.4698,1.18779
2622,296.509,221.526,465.039,477.414,599.741,517.45,1,138.454,158.055,2.14157
2623,235.205,231.838,351.563,370.804,349.697,174.722,0,144.899,90.3065,1.62324
2624,144.5,145.065,437.099,260.388,355.787,174.295,0,90.6656,53.834,1.59376
2625,121.399,143.015,232.589,778.817,152.8,701.789,0,89.3843,32.0144,1.35817
2626,235.905,252.283,320.708,538.889,144.653,615.681,0,157.677,78.2281,1.49613
2627,230.905,183.449,247.161,395.189,67.7503,405.424,0,114.655,116.25,2.0139
2628,161.001,192.393,341.16,638.633,312.779,817.967,0,120.246,40.7551,1.33893
2629,228.605,227.063,471.276,254.289,356.145,173.499,0,141.915,86.6901,1.61086
2630,89.9992,121.377,353.905,706.14,312.41,818.127,0,75.8604,14.1388,1.18638
2631,15.9,19.9103,603.682,735.02,612.108,752.607,0,12.4439,3.45609,1.27773
2632,166.601,140.722,306.167,302.165,250.253,184.888,0,87.9513,78.6497,1.89424
2633,93.9991,96.4547,162.716,402.224,67.7186,404.924,0,60.2842,33.715,1.55927
2634,109.399,119.254,220.484,604.439,144.746,615.688,0,74.534,34.8649,1.46777
2635,26.7001,35.3793,596.292,721.584,612.281,752.188,0,22.112,4.58803,1.20749
2636,32.6001,25.7374,275.374,195.888,252.365,184.044,0,16.0859,16.5142,2.02663
2637,101.999,121.869,239.042,761.29,152.782,701.734,0,76.1679,25.8311,1.33913
2638,109.399,148.017,347.758,678.789,312.753,817.996,0,92.5105,16.8884,1.18256
2639,267.207,299.063,326.543,492.984,144.655,615.676,0,186.914,80.2926,1.42957
2640,187.402,153.075,296.492,315.78,249.46,185.222,0,95.6718,91.7304,1.9588
2641,7,6.98412,641.601,200.523,647.799,197.454,0,4.36507,2.63492,1.60364
2642,177.802,189.78,379.9,312.119,349.9,174.662,0,118.613,59.1889,1.49901
2643,187.002,171.806,200.049,342.496,67.701,404.937,0,107.379,79.6234,1.74152
2644,12.9,14.953,599.028,609.101,613.227,612.779,0,9.34561,3.5544,1.38033
2645,290.309,280.198,424.627,431.175,615.605,539.584,0,175.124,115.185,1.65773
2646,95.7991,109.11,557.41,684.991,612.402,751.925,0,68.1939,27.6052,1.40481
2647,86.7992,113.005,574.079,443.671,615.652,540.297,0,70.628,16.1713,1.22896
2648,126.099,158.513,341.064,669.692,312.947,817.974,0,99.0706,27.028,1.27282
2649,47.4998,63.2712,417.97,139.055,405.865,78.1534,0,39.5445,7.95538,1.20118
2650,144.6,150.956,504.561,118.469,653.604,129.697,0,94.3474,50.2522,1.53263
2651,296.509,116.412,471.929,333.279,471.019,329.219,1,72.7578,223.751,4.07529
2652,133.899,161.188,306.275,705.768,312.289,818.109,0,100.743,33.1564,1.32912
2653,18.6,20.5665,600.852,532.132,615.63,539.736,0,12.854,5.74599,1.44702
2654,203.103,157.115,160.488,459.988,67.6557,405.515,0,98.1966,104.907,2.06833
2655,60.6996,56.892,113.46,422.004,67.7734,405.047,0,35.5575,25.1421,1.70708
2656,40.7999,48.7577,402.893,178.224,355.984,173.824,0,30.4736,10.3264,1.33886
2657,11.3,13.859,148.047,679.669,149.625,693.184,0,8.66186,2.63814,1.30457
2658,127.999,127.787,278.582,301.069,249.534,185.237,0,79.8669,48.1317,1.60265
2659,66.0996,78.7196,356.746,195.325,349.731,174.71,0,49.1998,16.8998,1.34349
2660,91.8992,101.58,206.595,566.13,144.717,615.66,0,63.4875,28.4117,1.44752
2661,184.402,156.172,499.632,165.739,356.09,173.517,0,97.6075,86.7945,1.88922
2662,3.8,3.08025,254.353,174.139,253.141,176.953,0,1.92515,1.87485,1.97387
2663,137.799,160.874,216.861,512.201,139.999,611.103,0,100.546,37.2531,1.37051
2664,283.208,261.216,444.966,595.612,613.279,612.5,0,163.26,119.948,1.73471
2665,215.104,227.98,387.784,351.599,349.466,174.585,0,142.488,72.6163,1.50963
2666,130.099,109.512,546.215,658.68,613.251,613.124,0,68.4448,61.6539,1.90078
2667,7.99999,8.2886,641.128,201.785,648.401,198.225,0,5.18038,2.81962,1.54429
2668,169.901,183.291,203.935,498.423,140.105,611.115,0,114.557,55.3445,1.48312
2669,11.4,10.7108,257.793,193.43,252.802,183.823,0,6.69423,4.70578,1.70296
2670,279.808,257.525,438.642,450.639,615.47,539.921,0,160.953,118.854,1.73844
2671,120.699,129.598,306.286,276.859,249.482,185.243,0,80.9987,39.7,1.49013
2672,181.902,173.137,198.824,341.091,67.7433,404.905,0,108.211,73.691,1.68099
2673,196.503,251.628,322.667,389.962,250.684,184.78,0,157.267,39.2356,1.24948
2674,245.306,312.534,312.528,482.731,139.942,611.193,0,195.333,49.9723,1.25583
2675,80.2993,104.545,564.862,472.613,615.551,539.882,0,65.3404,14.9589,1.22894
2676,106.899,117.986,190.335,261.364,248.186,184.672,0,73.7413,33.1577,1.44965
2677,282.508,270.402,442.622,585.122,613.22,612.726,0,169.002,113.506,1.67163
2678,109.499,130.405,307.523,281.699,250.33,184.867,0,81.503,27.9959,1.3435
2679,17.3,20.7172,411.904,97.8515,406.013,78.157,0,12.9482,4.3518,1.33609
2680,46.1999,53.6927,608.257,165.805,648.389,190.85,0,33.5579,12.6419,1.37672
2681,173.001,169.078,508.02,325.908,630.377,334.059,0,105.674,67.3277,1.63713
2682,296.509,326.979,435.138,528.334,597.215,611.741,1,204.362,92.1468,1.4509
2683,285.008,252.61,449.566,461.343,615.57,539.555,0,157.881,127.127,1.80521
2684,176.102,140.046,462.246,156.2,356.115,173.466,0,87.5285,88.573,2.01193
2685,130.599,129.956,250.802,308.526,249.728,185.225,0,81.2227,49.3761,1.60791
2686,77.2994,107.321,349.583,718.957,312.878,817.996,0,67.0755,10.2239,1.15242
2687,170.601,129.698,224.188,308.265,249.389,185.21,0,81.0614,89.5398,2.10459
2688,289.008,254.856,439.281,442.143,615.633,539.662,0,159.285,129.723,1.81441
2689,37.9,43.9111,411.735,121.268,405.944,78.1691,0,27.4445,10.4555,1.38097
2690,84.1993,103.785,535.639,724.651,611.908,753.067,0,64.8659,19.3334,1.29805
2691,27.5001,22.6619,266.454,201.459,253.121,183.477,0,14.1637,13.3364,1.94159
2692,77.9994,92.2864,266.279,273.013,250.123,184.998,0,57.679,20.3204,1.3523
2693,245.906,227.156,472.559,252.179,356.122,173.437,0,141.973,103.933,1.73207
2694,52.0998,62.6418,594.913,301.996,630.281,334.104,0,39.1511,12.9486,1.33073
2695,30.0001,34.1424,579.477,819.433,602.424,833.252,0,21.339,8.66106,1.40588
2696,138.299,143.949,160.669,469.563,139.628,611.158,0,89.9682,48.3311,1.5372
2697,58.1997,71.9752,570.584,351.063,630.339,334.064,0,44.9845,13.2152,1.29377
2698,296.509,101.467,445.705,342.02,444.541,331.016,1,63.4169,233.092,4.67555
2699,88.6992,120.919,349.822,704.788,312.858,818.012,0,75.5746,13.1246,1.17366
2700,144.4,157.754,533.892,449.635,615.536,539.967,0,98.5963,45.8033,1.46455
2701,245.506,234.652,430.204,341.823,355.569,174.316,0,146.657,98.8483,1.67401
2702,53.9997,65.4213,591.459,229.305,648.351,198.194,0,40.8883,13.1114,1.32066
2703,136.499,146.668,520.413,146.561,653.645,130.289,0,91.6677,44.8314,1.48906
2704,291.809,307.885,317.617,444.118,67.7241,404.955,0,192.428,99.3804,1.51645
2705,229.105,164.895,456.496,598.393,613.276,613.144,0,103.06,126.045,2.22303
2706,14.3,14.0289,588.437,833.51,602.384,833.283,0,8.76806,5.53196,1.63092
2707,226.605,235.804,374.552,377.947,349.579,174.59,0,147.378,79.2271,1.53758
2708,48.9998,54.877,610.403,163.83,647.711,191.72,0,34.2981,14.7017,1.42864
2709,97.5991,98.6667,157.841,515.041,139.861,611.1,0,61.6667,35.9324,1.58269
2710,66.5996,77.2377,583.762,671.54,613.169,612.812,0,48.2736,18.326,1.37963
2711,75.6994,76.3799,590.04,362.514,630.307,334.028,0,47.7374,27.962,1.58575
2712,135.499,133.899,515.711,366.361,630.41,333.829,0,83.6868,51.8123,1.61912
2713,181.902,148.709,295.334,309.305,249.47,185.205,0,92.9432,88.9587,1.95713
2714,68.0995,78.1753,331.536,232.54,349.667,174.551,0,48.8596,19.24,1.39378
2715,240.605,207.217,280.799,375.168,249.779,185.08,0,129.511,111.095,1.85781
2716,44.6999,44.8595,295.091,196.428,253.229,183.386,0,28.0372,16.6627,1.59431
2717,155.7,148.767,181.082,350.824,67.7478,404.914,0,92.9794,62.7209,1.67457
2718,211.004,235.421,353.69,597.084,144.837,616.087,0,147.138,63.8652,1.43405
2719,178.802,191.785,380.156,314.062,349.48,174.615,0,119.866,58.9358,1.49168
2720,201.103,235.661,487.034,503.406,615.461,539.918,0,147.288,53.8153,1.36537
2721,161.801,187.913,199.12,460.441,139.64,611.199,0,117.446,44.3548,1.37766
2722,296.509,304.932,408.821,558.867,603.31,612.395,1,190.583,105.926,1.5558
2723,114.299,114.594,163.528,505.452,139.815,611.088,0,71.6215,42.6773,1.59587
2724,175.702,212.607,369.212,635.758,312.83,817.984,0,132.879,42.8221,1.32226
2725,57.5997,63.6321,595.989,691.647,612.391,751.97,0,39.7701,17.8296,1.44832
2726,60.2997,71.7617,604.976,241.539,648.353,198.167,0,44.8511,15.4486,1.34444
2727,206.603,196.551,254.195,390.939,67.7481,404.942,0,122.844,83.7593,1.68183
2728,238.305,233.937,460.624,344.346,356.09,173.473,0,146.21,92.0949,1.62988
2729,106.099,106.7,158.015,506.256,139.742,611.091,0,66.6872,39.4117,1.59099
2730,90.5992,110.845,606.186,457.875,615.626,539.706,0,69.2783,21.3209,1.30776
2731,16.2,18.7596,583.926,835.305,602.351,833.278,0,11.7247,4.47528,1.3817
2732,19.5,25.9074,177.276,710.823,153.071,701.632,0,16.1922,3.30789,1.20429
2733,14.4,16.7537,339.49,187.54,349.877,174.809,0,10.4711,3.92893,1.37522
2734,169.401,205.685,518.423,506.338,615.538,540.011,0,128.553,40.8478,1.31775
2735,73.6994,85.8361,318.198,232.129,349.876,174.728,0,53.6475,20.0519,1.37377
2736,29.8001,33.723,389.32,172.063,356.049,173.771,0,21.0769,8.72322,1.41388
2737,74.2994,81.8264,253.453,780.282,310.959,818.718,0,51.1415,23.1579,1.45282
2738,164.801,137.419,282.912,309.546,250.443,184.941,0,85.8871,78.9137,1.91881
2739,136.699,136.372,522.35,659.577,613.299,613.078,0,85.2326,51.4665,1.60384
2740,222.104,157.464,493.042,634.207,613.251,613.116,0,98.4151,123.689,2.25681
2741,242.906,192.644,545.259,518.739,613.153,612.574,0,120.402,122.503,2.01745
2742,138.799,181.893,388.198,678.859,313.439,818.204,0,113.683,25.116,1.22093
2743,200.403,255.785,327.096,390.597,250.747,184.82,0,159.866,40.5374,1.25357
2744,8.09999,9.15458,161.131,705.539,152.847,701.781,0,5.72161,2.37838,1.41568
2745,68.3995,89.4333,530.006,780.218,611.052,755.271,0,55.8958,12.5037,1.2237
2746,141.599,171.937,302.375,681.989,312.583,818.031,0,107.461,34.1387,1.31769
2747,296.509,221.267,444.148,478.373,597.403,503.859,1,138.292,158.217,2.14408
2748,120.599,110.64,166.332,379.696,67.804,405.056,0,69.1502,51.4485,1.74401
2749,252.706,251.366,473.882,509.122,613.204,612.571,0,157.104,95.6027,1.60853
2750,254.206,233.546,263.782,433.889,67.7624,405.043,0,145.966,108.24,1.74154
2751,296.509,222.733,477.903,492.993,594.134,498.773,1,139.208,157.301,2.12997
2752,167.901,184.223,396.25,292.381,355.849,174.26,0,115.139,52.7618,1.45824
2753,21.6,24.6799,412.153,101.451,405.792,78.2009,0,15.4249,6.17511,1.40033
2754,69.9995,80.7667,571.993,359.777,630.312,333.994,0,50.4792,19.5203,1.3867
2755,246.906,248.028,364.69,394.43,349.875,174.691,0,155.018,91.8881,1.59276
2756,296.509,237.725,403.011,463.169,586.99,478.649,1,148.578,147.931,1.99565
2757,103.499,109.639,560.208,155.219,653.501,130.05,0,68.5246,34.9744,1.51039
2758,156.1,185.451,382.015,667.036,312.297,818.125,0,115.907,40.1935,1.34677
2759,97.7991,106.11,250.318,762.161,310.762,818.843,0,66.319,31.4801,1.47468
2760,159.101,157.661,277.576,601.743,144.83,616.058,0,98.5379,60.5626,1.61461
2761,23.1001,25.5685,149.708,667.743,149.635,693.199,0,15.9803,7.11971,1.44553
2762,244.506,265.231,385.865,385.429,349.805,174.654,0,165.769,78.7365,1.47498
2763,46.9999,59.2141,182.228,591.748,144.821,616.185,0,37.0088,9.99106,1.26996
2764,4.3,3.39716,311.097,815.022,312.66,817.985,0,2.12322,2.17678,2.02522
2765,55.9997,55.5237,598.542,126.56,653.539,129.987,0,34.7023,21.2974,1.61372
2766,244.506,241.398,409.073,347.389,355.668,174.31,0,150.874,93.6319,1.6206
2767,228.105,180.718,242.963,395.839,67.8243,405.418,0,112.948,115.156,2.01955
2768,76.4994,107.274,570.552,231.648,647.891,197.782,0,67.0464,9.45298,1.14099
2769,109.699,93.1145,525.147,622.919,613.21,612.754,0,58.1966,51.5023,1.88497
2770,87.1992,89.919,157.183,401.026,67.6701,404.92,0,56.1994,30.9999,1.5516
2771,296.509,243.519,416.487,624.301,601.734,612.989,1,152.2,144.309,1.94816
2772,17.8,19.7186,599.022,550.029,616.715,542.829,0,12.3241,5.4759,1.44432
2773,178.802,161.984,197.552,351.867,67.7923,405.154,0,101.24,77.5619,1.76612
2774,59.0997,65.1279,591.932,691.35,612.304,752.252,0,40.7049,18.3947,1.4519
2775,267.507,244.364,445.812,395.675,630.263,334.138,0,152.727,114.78,1.75153
2776,152.9,159.71,525.972,401.564,630.33,334.1,0,99.819,53.0811,1.53177
2777,42.6999,33.4733,234.681,213.638,249.24,185.097,0,20.9208,21.7791,2.04103
2778,140.699,153.89,393.028,262.647,355.803,174.319,0,96.1811,44.5183,1.46286
2779,86.7992,92.5718,150.148,519.67,139.878,611.072,0,57.8574,28.9419,1.50023
2780,113.099,111.461,163.995,378.757,67.822,405.057,0,69.6633,43.4355,1.62351
2781,229.505,210.367,484.389,248.299,356.058,173.449,0,131.479,98.0255,1.74556
2782,28.8001,30.7016,156.255,665.452,149.575,693.245,0,19.1885,9.61156,1.5009
2783,193.403,147.114,280.055,318.675,249.891,185.146,0,91.946,101.457,2.10344
2784,59.4997,67.6498,276.127,777.453,310.908,818.709,0,42.2811,17.2185,1.40724
2785,197.103,189.486,322.479,616.545,144.725,615.677,0,118.428,78.6743,1.66432
2786,86.6992,75.1747,595.713,355.382,630.37,334.442,0,46.9842,39.715,1.84528
2787,25.9001,32.4802,578.39,803.618,606.495,811.501,0,20.3001,5.59997,1.27586
2788,206.603,215.156,390.803,334.908,349.906,174.814,0,134.473,72.1307,1.5364
2789,229.005,192.319,238.595,363.829,67.6694,404.933,0,120.199,108.805,1.90521
2790,79.7994,96.1061,542.348,722.288,611.916,753.141,0,60.0663,19.7331,1.32852
2791,143.4,177.378,336.793,651.405,313.101,818.052,0,110.861,32.5384,1.29351
2792,233.805,232.686,459.231,437.606,615.54,539.848,0,145.429,88.3766,1.6077
2793,238.005,207.542,424.536,316.588,355.725,174.322,0,129.714,108.292,1.83485
2794,32.8001,41.9929,310.314,187.598,349.908,174.774,0,26.2455,6.55454,1.24974
2795,296.509,304.223,358.529,453.575,347.356,177.493,1,190.139,106.37,1.55943
2796,296.509,304.626,311.3,466.669,69.0496,405.541,1,190.392,106.117,1.55736
2797,296.509,249.835,399.31,614.232,595.259,613.705,1,156.147,140.362,1.89891
2798,62.5996,64.7468,590.211,691.97,612.358,752.065,0,40.4668,22.1329,1.54694
2799,150,134.399,489.526,606.345,613.337,613.061,0,83.9995,66.0005,1.78572
2800,296.509,248.116,461.101,467.682,614.725,540.123,1,155.072,141.436,1.91207
2801,59.3997,69.7,413.359,147.832,355.941,173.776,0,43.5625,15.8372,1.36355
2802,228.005,227.577,477.919,468.189,615.6,539.695,0,142.236,85.769,1.60301
2803,156.3,174.639,522.936,416.42,630.351,334.055,0,109.149,47.151,1.43199
2804,113.299,112.598,227.964,754.24,152.819,701.8,0,70.3739,42.9249,1.60996
2805,259.907,241.502,422.818,344.203,356.168,173.353,0,150.939,108.968,1.72194
2806,229.605,184.548,235.743,407.109,67.7466,405.063,0,115.342,114.263,1.99064
2807,199.303,162.013,234.406,333.804,249.517,185.236,0,101.258,98.0447,1.96826
2808,238.505,309.535,330.971,438.303,250.263,184.878,0,193.459,45.0459,1.23284
2809,113.799,124.105,200.36,534.206,139.936,611.137,0,77.5658,36.233,1.46713
2810,121.799,108.571,222.452,289.086,249.089,185.122,0,67.857,53.9417,1.79493
2811,89.5992,98.7579,556.47,123.498,653.517,129.992,0,61.7237,27.8755,1.45162
2812,111.199,138.549,567.728,418.028,615.62,539.642,0,86.5933,24.6056,1.28415
2813,233.605,254.424,342.543,565.788,144.764,615.76,0,159.015,74.5902,1.46908
2814,184.402,218.369,437.538,678.294,312.598,817.983,0,136.48,47.9217,1.35113
2815,241.706,248.988,309.359,365.319,250.312,184.91,0,155.618,86.088,1.5532
2816,108.499,116.531,562.919,386.055,630.45,334.37,0,72.832,35.6669,1.48971
2817,169.001,148.234,199.931,316.139,249.227,185.089,0,92.6462,76.3549,1.82415
2818,218.104,220.487,395.145,334.59,349.47,174.458,0,137.805,80.2995,1.58271
2819,296.509,282.267,409.686,565.734,595.337,612.116,1,176.417,120.092,1.68073
2820,192.403,246.44,372.077,607.121,312.288,818.123,0,154.025,38.3773,1.24916
2821,296.509,274.212,419.817,565.189,594.544,615.057,1,171.383,125.126,1.7301
2822,118.199,151.878,513.719,695.55,612.372,752.017,0,94.9238,23.275,1.2452
2823,110.299,130.022,117.078,494.147,67.7285,405.451,0,81.2635,29.0354,1.3573
2824,252.406,316.76,317.313,488.824,139.892,611.128,0,197.975,54.431,1.27494
2825,177.202,192.581,219.819,479.228,139.576,611.231,0,120.363,56.8382,1.47222
2826,101.099,96.546,227.114,278.025,249.26,185.1,0,60.3412,40.7578,1.67545
2827,202.903,164.879,235.862,338.527,249.447,185.21,0,103.049,99.854,1.96899
2828,209.104,153.616,220.21,406.465,67.6715,405.504,0,96.0102,113.093,2.17793
2829,44.0999,38.2134,576.023,619.291,613.22,612.947,0,23.8834,20.2165,1.84647
2830,100.699,112.063,188.365,534.432,140.027,611.059,0,70.0393,30.6598,1.43775
2831,50.0998,61.9707,286.392,787.4,311.161,818.608,0,38.7317,11.3681,1.29351
2832,104.999,116.999,309.477,253.607,349.9,174.806,0,73.1244,31.8746,1.4359
2833,203.403,255.962,328.187,389.889,250.61,184.818,0,159.976,43.4268,1.27146
2834,107.399,126.744,596.497,441.075,615.601,539.675,0,79.2147,28.1842,1.35579
2835,296.509,98.2354,177.068,658.399,174.266,659.31,1,61.3971,235.112,4.82936
2836,19.4,24.6234,304.399,800.127,311.959,818.157,0,15.3896,4.01042,1.26059
2837,17.1,20.5211,250.777,205.76,249.658,185.246,0,12.8257,4.27433,1.33326
2838,9,9.83166,348.409,184.767,352.191,175.701,0,6.14479,2.85521,1.46466
2839,24.3001,29.9811,385.576,175.182,355.752,174.137,0,18.7382,5.56188,1.29682
2840,14.7,18.553,635.599,134.092,653.589,129.857,0,11.5957,3.10437,1.26772
2841,200.203,262.357,391.91,630.851,312.703,818.046,0,163.973,36.2296,1.22095
2842,275.608,303.541,326.914,490.458,144.71,615.747,0,189.713,85.8943,1.45276
2843,48.0998,63.1686,408.79,140.802,405.95,78.2097,0,39.4804,8.61949,1.21832
2844,249.606,249.548,472.876,507.333,613.235,612.658,0,155.968,93.6384,1.60037
2845,57.1997,57.7411,573.384,637.345,613.283,612.515,0,36.0882,21.1115,1.585
2846,179.502,166.157,564.989,527.081,613.263,612.411,0,103.848,75.6536,1.7285
2847,119.499,149.406,508.378,702.14,612.213,752.372,0,93.3789,26.1198,1.27972
2848,255.606,352.121,391.453,530.558,312.653,818.085,0,220.076,35.5307,1.16145
2849,106.399,94.5808,520.19,608.481,613.175,613.022,0,59.113,47.286,1.79993
2850,95.0991,96.6743,151.616,516.194,139.95,611.101,0,60.4215,34.6777,1.57393
2851,20.8,25.071,318.55,794.009,312.454,818.043,0,15.6694,5.13067,1.32743
2852,14.2,14.0953,637.313,206.23,648.198,198.143,0,8.80956,5.39046,1.61189
2853,198.203,257.654,384.186,604.693,312.758,817.982,0,161.034,37.1693,1.23082
2854,26.8001,24.8253,594.573,620.596,613.26,613.21,0,15.5158,11.2842,1.72727
2855,61.5996,75.8178,329.858,230.528,349.53,174.624,0,47.3861,14.2135,1.29995
2856,225.805,171.975,477.207,662.569,613.351,613.045,0,107.484,118.32,2.10081
2857,22.2,28.3854,150.758,589.844,139.861,611.133,0,17.7409,4.45916,1.25135
2858,132.799,133.765,422.067,258.849,355.829,174.199,0,83.6029,49.196,1.58845
2859,197.803,169.889,247.123,337.604,250.283,184.918,0,106.18,91.6224,1.86289
2860,5.2,5.01191,610.957,542.319,615.514,540.234,0,3.13245,2.06755,1.66004
2861,173.201,223.364,333.64,371.028,250.784,184.691,0,139.602,33.5991,1.24068
2862,50.3998,56.068,602.874,172.496,647.871,191.7,0,35.0425,15.3573,1.43825
2863,28.1001,26.5546,93.6746,403.069,67.6664,404.927,0,16.5966,11.5034,1.69312
2864,296.509,217.412,417.45,496.278,582.215,464.677,1,135.882,160.627,2.1821
2865,214.104,230.597,368.461,378.168,349.621,174.572,0,144.123,69.9807,1.48556
2866,42.7999,46.1962,261.664,228.345,250.015,185.046,0,28.8726,13.9273,1.48237
2867,100.599,111.941,553.937,686.308,612.373,751.972,0,69.9631,30.636,1.43789
2868,14.1,15.5488,614.757,333.396,630.301,334.04,0,9.71799,4.38202,1.45092
2869,74.3994,72.6813,589.422,684.341,612.386,751.958,0,45.4258,28.9736,1.63782
2870,237.705,297.821,271.789,485.593,139.887,611.168,0,186.138,51.5671,1.27704
2871,49.0998,69.5547,331.347,751.634,312.712,818.013,0,43.4717,5.62811,1.12947
2872,75.3994,83.522,255.862,790.537,310.721,818.845,0,52.2013,23.1982,1.4444
2873,109.299,145.783,317.569,696.311,312.227,818.176,0,91.1144,18.1845,1.19958
2874,48.6998,62.185,594.693,228.677,648.339,198.136,0,38.8656,9.83421,1.25303
2875,109.599,123.443,311.728,259.763,349.352,174.54,0,77.1521,32.4468,1.42056
2876,239.805,264.214,323.541,530.291,144.744,616.027,0,165.134,74.6714,1.45219
2877,21.5,27.1004,575.71,836.099,602.422,833.26,0,16.9377,4.56232,1.26936
2878,163.001,196.182,497.515,442.984,615.494,540.071,0,122.614,40.387,1.32938
2879,253.106,269.353,314.956,401.017,250.243,184.865,0,168.346,84.7603,1.50349
2880,241.106,239.964,464.447,350.207,356.001,173.614,0,149.977,91.1282,1.60761
2881,160.201,135.647,286.812,299.118,249.25,185.164,0,84.7793,75.4213,1.88962
2882,126.899,129.368,439.679,236.322,355.812,174.273,0,80.8548,46.0438,1.56946
2883,239.705,205.049,280.192,373.166,249.486,185.183,0,128.156,111.55,1.87042
2884,26.3001,32.6703,160.004,596.17,144.678,616.366,0,20.4189,5.88114,1.28802
2885,286.208,307.944,373.665,440.791,349.602,174.562,0,192.465,93.7432,1.48707
2886,296.509,275.407,422.417,581.155,604.456,612.699,1,172.129,124.38,1.72259
2887,25.2001,23.5449,591.946,618.473,613.205,612.798,0,14.7156,10.4845,1.71248
2888,220.204,235.352,348.177,591.288,144.846,616.081,0,147.095,73.1093,1.49702
2889,121.299,147.237,544.014,443.395,615.482,540.136,0,92.0229,29.2758,1.31814
2890,125.999,130.343,528.615,372.335,630.337,333.887,0,81.4642,44.5345,1.54668
2891,66.7996,86.7176,576.984,478.698,615.573,539.624,0,54.1985,12.6011,1.2325
2892,104.599,105.999,162.561,384.852,67.7315,404.899,0,66.2497,38.3493,1.57886
2893,126.599,129.53,304.964,288.923,249.989,185.008,0,80.956,45.6426,1.56379
2894,128.499,178.04,480.788,701.664,612.366,752.194,0,111.275,17.2239,1.15479
2895,296.509,327.598,443.826,529.383,584.064,616.888,1,204.749,91.7602,1.44816
2896,21,24.6924,612.023,343.001,630.309,333.957,0,15.4327,5.56732,1.36075
2897,115.899,118.351,561.194,386.341,630.348,334.317,0,73.9694,41.9294,1.56685
2898,215.104,209.114,492.21,418.696,630.294,334.078,0,130.696,84.4078,1.64583
2899,180.802,146.547,478.957,153.488,356.145,173.478,0,91.5916,89.2102,1.974
2900,94.8991,103.69,252.18,763.776,310.65,818.799,0,64.8065,30.0926,1.46435
2901,218.504,185.815,503.189,391.354,630.308,334.072,0,116.134,102.37,1.88148
2902,198.303,199.16,491.729,411.063,630.287,334.13,0,124.475,73.8282,1.59312
2903,152,159.924,301.16,635.325,144.826,616.168,0,99.9527,52.0474,1.52072
2904,290.108,295.503,315.959,404.34,249.525,185.144,0,184.689,105.419,1.57079
2905,140.099,131.816,480.96,175.983,355.999,173.634,0,82.3848,57.7146,1.70055
2906,140.599,141.447,296.974,303.116,250.689,184.771,0,88.4045,52.1948,1.59041
2907,0,0,620.667,538.677,620.667,538.677,0,0,0,0
2908,267.907,216.559,459.594,684.321,613.232,613.04,0,135.349,132.558,1.97938
2909,22.2,24.1064,405.745,102.239,406.05,78.1725,0,15.0665,7.13356,1.47347
2910,124.999,165.931,479.901,713.566,612.315,752.349,0,103.707,21.2917,1.20531
2911,49.3998,45.3263,297.622,182.73,253.016,183.631,0,28.329,21.0709,1.74379
2912,296.509,61.879,285.283,347.712,284.955,350.249,1,38.6744,257.835,7.6668
2913,15.4,17.9827,584.698,832.329,602.419,833.329,0,11.2392,4.16084,1.37021
2914,74.6994,103.942,350.254,724.243,312.956,818.087,0,64.9636,9.73587,1.14987
2915,127.099,155.518,307.034,699.952,312.65,818.011,0,97.1988,29.8998,1.30761
2916,257.807,247.305,288.706,408.182,249.925,185.106,0,154.566,103.241,1.66794
2917,54.8997,72.018,215.699,625.579,144.686,615.722,0,45.0112,9.8885,1.21969
2918,0,0,617.196,612.68,617.196,612.68,0,0,0,0
2919,85.8993,90.6903,223.455,269.643,249.263,185.233,0,56.6814,29.2178,1.51547
2920,223.704,183.539,249.82,352.599,248.774,184.985,0,114.712,108.993,1.95014
2921,257.406,276.443,360.826,420.433,349.416,174.538,0,172.777,84.6296,1.48982
2922,15.8,19.1179,635.319,133.698,653.547,130.083,0,11.9487,3.85135,1.32232
2923,157.2,194.137,413.337,685.257,313.133,818.214,0,121.336,35.8645,1.29558
2924,245.506,241.685,285.052,394.53,250.243,184.869,0,151.053,94.4524,1.62529
2925,51.3998,59.5218,579.654,328.321,630.359,334.124,0,37.2012,14.1986,1.38167
2926,76.3994,101.643,338.051,719.821,312.859,818.014,0,63.5271,12.8723,1.20263
2927,0,0,355.208,172.749,355.208,172.749,0,0,0,0
2928,117.999,154.166,309.125,694.197,312.386,818.061,0,96.3536,21.6451,1.22464
2929,203.003,195.317,444.209,315.165,356.133,173.647,0,122.073,80.93,1.66296
2930,272.407,251.224,433.338,391.203,630.308,334.143,0,157.015,115.392,1.73491
2931,71.9995,84.5006,332.412,238.77,349.882,174.828,0,52.8128,19.1866,1.36329
2932,137.799,160.914,532.035,444.867,615.523,540.086,0,100.571,37.2278,1.37016
2933,126.599,126.96,145.136,493.108,139.941,611.078,0,79.3497,47.2489,1.59545
2934,86.1993,92.3344,567.547,140.395,653.519,129.952,0,57.709,28.4903,1.49369
2935,207.303,193.984,449.205,302.716,355.843,174.315,0,121.24,86.0633,1.70986
2936,33.9001,45.5108,585.636,338.464,630.373,334.095,0,28.4443,5.45578,1.19181
2937,9,10.4004,602.195,749.552,611.922,753.227,0,6.50023,2.49977,1.38457
2938,71.9995,86.5493,536.686,750.76,611.11,755.121,0,54.0933,17.9062,1.33102
2939,4.3,3.58786,655.189,201.764,654.045,198.364,0,2.24241,2.05759,1.91758
2940,5.2,5.07456,153.098,689.099,151.362,693.867,0,3.1716,2.0284,1.63955
2941,40,37.2082,105.427,405.858,67.8144,405.349,0,23.2551,16.7449,1.72005
2942,50.9998,52.3351,118.041,396.258,67.6872,404.84,0,32.7094,18.2903,1.55918
2943,263.807,293.768,339.636,530.636,144.75,616.174,0,183.605,80.2016,1.43682
2944,1.1,0.41508,654.835,133.942,655.102,133.624,0,0.259425,0.840575,4.24014
2945,138.999,145.504,455.439,215.77,356.089,173.539,0,90.94,48.0593,1.52847
2946,277.608,317.592,381.37,532.585,144.657,616.255,0,198.495,79.1126,1.39856
2947,296.509,246.414,450.296,485.994,602.778,526.649,1,154.009,142.5,1.92527
2948,45.2999,56.1462,616.69,243.916,635.974,282.362,0,35.0914,10.2085,1.29091
2949,38.5,43.8221,615.431,172.724,648.328,190.881,0,27.3888,11.1112,1.40568
2950,191.102,181.093,538.148,525.152,613.207,612.642,0,113.183,77.9195,1.68844
2951,70.3995,80.7848,147,395.773,67.8434,405.154,0,50.4905,19.909,1.39431
2952,154.6,178.995,516.043,449.031,615.494,539.975,0,111.872,42.7281,1.38194
2953,101.999,138.203,324.281,697.617,312.386,818.076,0,86.3768,15.6222,1.18086
2954,40.3,45.6361,556.908,834.361,602.366,833.289,0,28.5226,11.7774,1.41291
2955,11.3,12.9323,636.603,203.671,648.1,197.981,0,8.08269,3.21731,1.39805
2956,59.3997,64.0451,599.121,147.108,653.532,129.957,0,40.0282,19.3715,1.48395
2957,179.402,199.671,392.669,308.415,349.807,174.723,0,124.794,54.6074,1.43758
2958,1.3,0.554995,401.359,70.88,401.881,71.0704,0,0.346872,0.953129,3.74778
2959,137.099,133.662,452.692,223.935,356.064,173.533,0,83.5387,53.5605,1.64115
2960,75.3994,93.8422,549.24,498.185,615.581,540.316,0,58.6514,16.7481,1.28555
2961,269.207,307.112,377.671,542.984,144.785,616.237,0,191.945,77.262,1.40252
2962,60.7996,77.0584,209.783,690.517,153.678,700.199,0,48.1615,12.6382,1.26241
2963,12.5,15.1347,137.681,635.924,139.811,620.922,0,9.45922,3.0408,1.32146
2964,296.509,309.271,404.954,579.696,599.972,611.877,1,193.294,103.215,1.53398
2965,165.701,192.675,363.569,285.332,349.62,174.547,0,120.422,45.2788,1.376
2966,224.805,211.216,477.867,410.14,630.27,334.054,0,132.01,92.7942,1.70293
2967,210.604,224.089,466.89,439.163,615.63,539.639,0,140.056,70.5481,1.50372
2968,256.306,226.017,291.343,385.691,249.722,185.192,0,141.261,115.046,1.81442
2969,131.099,129.745,524.73,668.339,613.228,613.04,0,81.0904,50.0084,1.6167
2970,206.303,196.535,210.052,327.051,248.179,184.67,0,122.834,83.4693,1.67953
2971,223.804,214.472,392.558,333.184,349.693,174.727,0,134.045,89.7594,1.66962
2972,234.505,208.54,475.305,402.574,630.362,334.061,0,130.337,104.168,1.79922
2973,214.004,220.553,485.196,255.159,356.106,173.601,0,137.845,76.1584,1.55249
2974,296.509,235.91,431.262,615.383,612.249,613.001,1,147.444,149.065,2.011
2975,193.903,254.864,281.669,518.054,139.947,611.111,0,159.29,34.6129,1.2173
2976,296.509,235.016,433.951,610.533,603.955,613.134,1,146.885,149.624,2.01865
2977,296.509,340.815,446.937,526.568,596.46,611.754,1,213.009,83.4995,1.392
2978,57.7997,62.9706,602.24,153.246,653.49,130.09,0,39.3566,18.4431,1.46862
2979,45.6999,61.702,184.882,654.629,149.723,693.244,0,38.5637,7.13613,1.18505
2980,225.105,285.706,334.137,415.328,250.616,184.814,0,178.567,46.538,1.26062
2981,152.6,142.416,553.57,543.09,613.167,612.653,0,89.01,63.5901,1.71441
2982,44.0999,51.682,608.594,166.73,647.675,191.918,0,32.3013,11.7986,1.36527
2983,2.6,1.75422,313.763,816.487,313.291,818.177,0,1.09638,1.50361,2.37143
2984,61.6996,79.483,584.04,477.44,615.535,540.068,0,49.6769,12.0227,1.24202
2985,193.303,253.345,257.32,529.585,139.927,611.076,0,158.341,34.9617,1.2208
2986,34.4,44.4643,280.064,799.209,311.985,818.335,0,27.7902,6.60988,1.23785
2987,201.903,208.669,389.322,325.631,349.436,174.537,0,130.418,71.4848,1.54812
2988,202.303,163.151,212.087,366.239,67.6901,405.528,0,101.969,100.334,1.98396
2989,252.406,221.46,293.734,374.565,249.882,185.086,0,138.412,113.994,1.82358
2990,187.402,161.923,178.566,299.58,248.018,184.561,0,101.202,86.2003,1.85176
2991,196.403,221.757,369.197,368.998,349.63,174.565,0,138.598,57.805,1.41707
2992,246.206,237.728,409.592,345.268,355.74,174.342,0,148.58,97.6258,1.65706
2993,144.1,119.989,164.181,426.748,67.794,405.438,0,74.9934,69.1062,1.9215
2994,193.803,210.13,368.054,356.909,349.522,174.599,0,131.331,62.4715,1.47568
2995,258.807,198.748,446.928,638.172,613.22,612.756,0,124.217,134.589,2.0835
2996,44.5999,41.27,285.837,206.7,252.357,184.041,0,25.7938,18.8061,1.7291
2997,106.399,126.214,111.439,484.778,67.6508,405.548,0,78.8836,27.5153,1.34881
2998,128.699,132.996,223.307,590.717,144.845,615.879,0,83.1226,45.576,1.5483
2999,10.2,12.0773,641.679,128.826,653.527,129.929,0,7.54829,2.65171,1.3513
3000,128.799,151.66,313.227,689.576,312.692,817.997,0,94.7874,34.0112,1.35882
3001,73.9994,82.0901,571.676,130.839,653.551,129.952,0,51.3063,22.6931,1.44231
3002,296.509,212.562,418.115,511.443,564.381,450.513,1,132.851,163.658,2.23189
3003,295.209,294.833,418.842,416.569,630.311,334.149,0,184.271,110.938,1.60204
3004,39.1,54.0391,324.765,765.957,312.748,818.006,0,33.7744,5.32554,1.15768
3005,296.509,202.058,412.947,506.023,547.591,451.25,1,126.286,170.223,2.34791
3006,121.999,139.831,605.213,433.494,615.553,539.704,0,87.3941,34.6046,1.39596
3007,18.9,17.9178,85.8836,405.13,67.7857,405.246,0,11.1986,7.70143,1.68771
3008,296.509,113.044,185.472,660.425,174.212,658.723,1,70.6523,225.857,4.19673
3009,253.706,281.941,323.025,405.221,250.066,185.025,0,176.213,77.4934,1.43977
3010,37.1,50.2421,577.423,786.831,606.389,811.749,0,31.4013,5.6987,1.18148
3011,169.401,173.319,420.69,296.092,355.811,174.284,0,108.325,61.0765,1.56383
3012,177.602,165.875,303.707,627.618,144.654,615.684,0,103.672,73.9295,1.71311
3013,296.509,228.553,440.587,507.96,590.609,482.222,1,142.846,153.663,2.07573
3014,261.007,287.196,340.019,539.195,144.773,616.149,0,179.498,81.5091,1.4541
3015,259.607,282.583,360.924,550.231,144.756,615.835,0,176.615,82.9921,1.46991
3016,132.699,155.577,542.465,213.408,647.886,191.212,0,97.2358,35.4631,1.36471
3017,97.3991,125.858,514.004,734.792,611.112,755.166,0,78.6615,18.7376,1.2382
3018,169.901,193.485,512.047,462.808,615.563,539.648,0,120.928,48.9729,1.40497
3019,181.202,145.895,201.55,413.483,67.827,405.424,0,91.1843,90.0176,1.98721
3020,131.399,153.22,539.861,213.212,648.375,190.886,0,95.7623,35.6365,1.37213
3021,192.603,153.793,500.521,174.16,356.043,173.522,0,96.1209,96.4816,2.00375
3022,15.1,17.1849,603.854,553.144,616.777,542.904,0,10.7406,4.35944,1.40589
3023,293.109,250.624,451.458,463.811,615.58,539.751,0,156.64,136.468,1.87122
3024,255.406,229.657,484.568,510.783,613.286,612.415,0,143.536,111.871,1.77939
3025,192.303,189.749,404.88,297.215,355.791,174.275,0,118.593,73.7095,1.62153
3026,50.4998,59.893,409.506,157.496,356.031,173.736,0,37.4331,13.0667,1.34907
3027,251.006,235.193,465.646,454.65,615.556,539.67,0,146.995,104.011,1.70758
3028,88.0992,118.306,266.253,735.084,153.696,700.336,0,73.9412,14.1581,1.19148
3029,68.4995,68.5242,584.721,127.65,653.479,130.021,0,42.8276,25.6719,1.59942
3030,3.3,2.60629,628.334,331.977,630.806,332.802,0,1.62893,1.67107,2.02587
3031,56.5997,55.2392,210.643,215.559,248.821,185.045,0,34.5245,22.0752,1.63941
3032,123.299,155.552,308.989,701.792,312.256,818.185,0,97.2197,26.0789,1.26825
3033,141.099,151.09,336.495,292.111,349.653,174.732,0,94.4309,46.6685,1.49421
3034,296.509,186.353,472.798,474.735,584.052,469.31,1,116.471,180.038,2.54578
3035,296.509,99.1817,308.326,398.994,306.308,390.671,1,61.9885,234.52,4.78329
3036,236.605,301.479,307.597,493.135,139.913,611.104,0,188.425,48.1806,1.2557
3037,296.509,277.133,423.973,565.412,594.67,612.567,1,173.208,123.301,1.71187
3038,68.7995,77.9782,144.99,401.906,67.8226,405.249,0,48.7364,20.0632,1.41167
3039,237.805,223.316,261.186,376.084,248.783,184.969,0,139.572,98.2331,1.70382
3040,67.8995,79.4602,174.387,560.576,139.921,611.161,0,49.6626,18.2369,1.36722
3041,119.899,120.749,255.856,643.656,144.817,616.15,0,75.4678,44.4309,1.58874
3042,51.6998,69.1751,203.972,695.84,152.596,701.756,0,43.2344,8.46534,1.1958
3043,272.007,303.241,365.423,531.495,144.814,616.205,0,189.525,82.482,1.4352
3044,120.299,96.5145,546.196,646.641,613.177,613.037,0,60.3216,59.9772,1.99429
3045,58.7997,62.0517,597.119,144.949,653.517,130.029,0,38.7823,20.0174,1.51615
3046,241.706,281.601,351.28,541.652,144.768,616.079,0,176.001,65.7047,1.37332
3047,71.5995,70.5632,398.196,194.778,355.793,174.279,0,44.102,27.4975,1.6235
3048,46.1999,39.7376,576.478,621.915,613.164,612.883,0,24.836,21.3639,1.8602
3049,39.7,48.0185,325.912,199.127,349.967,174.803,0,30.0115,9.68843,1.32282
3050,111.499,112.173,248.869,639.938,144.768,615.77,0,70.1081,41.3907,1.59038
3051,79.6994,91.7893,121.548,453.443,67.7781,405.204,0,57.3683,22.331,1.38926
3052,165.901,139.389,288.867,306.323,249.505,185.247,0,87.1183,78.7827,1.90432
3053,44.3999,56.5834,596.678,307.931,630.279,334.064,0,35.3646,9.03529,1.25549
3054,170.601,210.727,351.538,626.84,312.531,818.011,0,131.705,38.8965,1.29533
3055,99.0991,102.937,373.173,209.335,355.779,174.306,0,64.3354,34.7637,1.54035
3056,245.606,200.544,250.315,366.969,249.153,185.074,0,125.34,120.266,1.95952
3057,137.599,141.985,269.358,617.457,144.805,616.18,0,88.7408,48.8584,1.55057
3058,213.304,225.057,480.255,464.292,615.537,540.166,0,140.661,72.6433,1.51644
3059,32.5001,43.8623,309.822,190.795,350.379,174.893,0,27.4139,5.08613,1.18553
3060,14.9,16.2645,147.207,677.49,149.58,693.196,0,10.1653,4.73472,1.46577
3061,280.008,262.907,298.422,435.807,67.807,405.294,0,164.317,115.691,1.70407
3062,59.6997,65.3147,593.822,174.804,648.388,190.872,0,40.8217,18.878,1.46245
3063,263.407,322.667,322.025,479.905,139.938,611.172,0,201.667,61.7398,1.30615
3064,171.101,206.41,518.284,506.418,615.631,539.658,0,129.006,42.0952,1.3263
3065,222.604,223.273,475.64,460.044,615.517,539.934,0,139.546,83.0585,1.59521
3066,12.6,15.9659,316.74,802.821,312.434,818.063,0,9.97867,2.62134,1.26269
3067,82.5993,105.462,244.492,742.198,152.688,701.8,0,65.9135,16.6858,1.25315
3068,0,0,603.898,832.841,603.898,832.841,0,0,0,0
3069,24.3001,29.1553,624.305,129.275,653.471,130.039,0,18.2221,6.07796,1.33355
3070,173.201,213.944,421.425,697.886,312.883,817.971,0,133.715,39.4864,1.2953
3071,82.8993,112.564,570.005,226.297,648.04,197.841,0,70.3524,12.5469,1.17834
3072,265.507,273.543,400.27,378.482,349.824,174.658,0,170.964,94.5426,1.553
3073,268.007,259.747,235.023,476.712,67.716,405.542,0,162.342,105.666,1.65088
3074,68.3995,96.0754,232.65,682.665,149.414,693.311,0,60.0471,8.35242,1.1391
3075,83.9993,99.8398,221.5,752.264,152.647,701.758,0,62.3999,21.5994,1.34615
3076,35.7,46.975,564.393,806.707,606.497,811.365,0,29.3594,6.34068,1.21597
3077,163.401,146.74,316.984,297.644,249.809,185.126,0,91.7128,71.688,1.78166
3078,148.8,162.572,529.528,437.455,615.648,539.695,0,101.608,47.1923,1.46446
3079,191.502,170.631,278.615,340.189,250.25,184.96,0,106.644,84.8582,1.79571
3080,150.8,170.141,349.815,315.646,349.75,174.678,0,106.338,44.4617,1.41812
3081,174.501,148.128,488.499,623.021,613.321,613.045,0,92.58,81.9214,1.88487
3082,296.509,271.341,411.944,436.611,603.728,533.89,1,169.588,126.921,1.74841
3083,70.1995,88.4316,223.646,740.11,152.682,701.773,0,55.2697,14.9298,1.27013
3084,93.6991,127.376,252.817,697.279,149.473,693.15,0,79.6099,14.0893,1.17698
3085,45.7999,61.3805,202.231,630.146,144.639,615.557,0,38.3628,7.43707,1.19386
3086,172.301,162.673,196.491,352.092,67.6903,404.895,0,101.671,70.6304,1.6947
3087,166.401,159.74,525.5,546.157,613.322,612.54,0,99.8378,66.5632,1.66671
3088,71.0995,69.0533,583.363,692.953,612.272,752.379,0,43.1583,27.9412,1.64741
3089,29.5001,35.2508,154.759,642.93,139.902,620.86,0,22.0318,7.46832,1.33898
3090,32.7001,32.6299,285.003,185.259,253.234,183.362,0,20.3937,12.3064,1.60344
3091,267.107,307.112,343.03,491.208,144.73,616.269,0,191.945,75.1623,1.39158
3092,39,45.2782,80.3567,437.327,67.8456,405.362,0,28.2989,10.7011,1.37815
3093,147.4,176.266,601.071,407.54,615.582,539.73,0,110.167,37.2333,1.33797
3094,73.1995,102.905,570.372,235.699,647.964,197.951,0,64.3157,8.88377,1.13813
3095,227.505,178.972,457.522,640.213,613.196,613.015,0,111.858,115.647,2.03388
3096,208.504,172.574,226.259,342.606,249.366,185.221,0,107.859,100.645,1.93312
3097,0,0,313.754,820.961,313.754,820.961,0,0,0,0
3098,232.705,248.62,319.378,542.013,144.701,615.676,0,155.387,77.3176,1.49758
3099,261.607,320.287,321.186,486.995,139.923,611.117,0,200.179,61.4276,1.30686
3100,7.3,7.9238,594.337,834.348,602.361,833.254,0,4.95238,2.34762,1.47404
3101,44.6999,51.43,598.742,703.161,612.389,751.958,0,32.1438,12.5561,1.39062
3102,256.906,278.052,329.91,516.771,144.816,615.864,0,173.783,83.1237,1.47832
3103,100.399,104.196,533.33,336.406,630.336,333.926,0,65.1225,35.2766,1.5417
3104,13.9,15.3441,596.239,800.595,606.561,811.264,0,9.59006,4.30996,1.44942
3105,185.402,216.314,262.162,504.177,139.949,611.136,0,135.197,50.2056,1.37135
3106,131.399,130.431,281.041,296.861,249.557,185.247,0,81.5195,49.8794,1.61187
3107,55.9997,59.7322,162.825,568.612,139.87,611.105,0,37.3326,18.6671,1.50002
3108,44.4999,53.8717,617.621,247.207,635.951,282.606,0,33.6698,10.8301,1.32166
3109,71.5995,85.7231,582.155,291.046,630.332,334.294,0,53.5769,18.0226,1.33639
3110,150.4,139.849,481.217,169.794,355.992,173.608,0,87.4054,62.9945,1.72072
3111,218.104,168.192,456.38,594.766,613.173,612.933,0,105.12,112.984,2.07481
3112,189.302,152.828,487.515,629.965,613.22,612.584,0,95.5172,93.7851,1.98187
3113,274.608,244.498,461.189,465.059,615.522,540.14,0,152.811,121.796,1.79704
3114,54.5997,64.7734,120.231,564.903,139.857,611.162,0,40.4834,14.1163,1.34869
3115,95.6991,98.0794,171.801,534.861,139.663,611.115,0,61.2996,34.3995,1.56117
3116,139.599,167.882,515.899,205.629,648.381,190.906,0,104.926,34.6728,1.33045
3117,158,192.143,332.44,637.987,312.345,818.115,0,120.089,37.9113,1.31569
3118,159.101,178.427,522.598,418.794,630.256,334.142,0,111.517,47.5839,1.4267
3119,238.105,236.143,367.849,382.59,349.886,174.655,0,147.59,90.5157,1.61329
3120,8.9,9.97205,403.296,87.7849,405.957,78.1537,0,6.23253,2.66747,1.42799
3121,201.503,167.131,235.562,341.457,250.412,184.911,0,104.457,97.046,1.92905
3122,31.8001,36.9668,581.462,763.658,611.111,755.03,0,23.1043,8.69581,1.37637
3123,233.305,198.672,263.043,355.816,248.842,184.969,0,124.17,109.135,1.87892
3124,249.606,252.82,400.389,366.881,349.812,174.693,0,158.013,91.5933,1.57966
3125,294.809,325.022,387.572,447.318,349.499,174.62,0,203.139,91.6699,1.45127
3126,34.8,35.6717,267.473,214.924,252.451,183.999,0,22.2948,12.5052,1.5609
3127,27.0001,36.0428,603.962,573.568,616.269,541.903,0,22.5268,4.47329,1.19858
3128,169.101,170.915,474.106,569.07,613.236,612.585,0,106.822,62.2794,1.58302
3129,36.3,43.2442,611.722,137.607,653.502,130.013,0,27.0276,9.27238,1.34307
3130,102.999,136.293,345.894,691.407,312.935,817.969,0,85.1832,17.8158,1.20915
3131,77.0994,90.6817,332.452,244.771,349.689,174.679,0,56.6761,20.4233,1.36035
3132,138.999,127.522,213.68,306.879,249.005,185.02,0,79.7014,59.2979,1.744
3133,162.601,175.361,519.616,407.317,630.357,334.131,0,109.601,52.9998,1.48357
3134,192.703,251.648,401.472,630.083,312.821,817.973,0,157.28,35.4226,1.22522
3135,160.701,132.931,205.677,304.618,248.268,184.689,0,83.0819,77.6187,1.93424
3136,98.8991,135.538,326.94,697.093,312.379,818.094,0,84.7114,14.1876,1.16748
3137,50.7998,67.1811,208.318,622.944,144.817,615.962,0,41.9882,8.8116,1.20986
3138,171.801,165.817,518.887,545.685,613.189,612.597,0,103.635,68.1659,1.65775
3139,241.006,300.948,281.12,479.483,139.871,611.16,0,188.093,52.9128,1.28131
3140,289.608,338.897,359.697,473.843,144.73,616.271,0,211.811,77.7976,1.3673
3141,66.3996,78.8083,584.62,185.353,647.839,191.523,0,49.2552,17.1444,1.34807
3142,154.3,167.874,522.288,443.219,615.655,539.697,0,104.921,49.3792,1.47063
3143,45.6999,61.2734,595.71,228.262,648.356,198.132,0,38.2959,7.40398,1.19334
3144,96.6991,131.115,538.811,196.163,647.851,191.693,0,81.9467,14.7524,1.18002
3145,180.202,161.231,443.759,269.607,356.045,173.583,0,100.769,79.4324,1.78826
3146,165.101,184.494,376.614,304.777,349.877,174.745,0,115.309,49.7921,1.43182
3147,245.306,261.619,318.819,529.954,144.737,615.682,0,163.512,81.7939,1.50023
3148,39.4,50.219,611.724,256.937,636.045,282.526,0,31.3869,8.0131,1.2553
3149,296.509,199.39,399.925,484.658,548.069,453.161,1,124.619,171.89,2.37933
3150,77.2994,100.065,564.192,478.811,615.689,539.543,0,62.5404,14.759,1.23599
3151,181.702,205.041,495.404,451.755,615.558,540.064,0,128.151,53.5511,1.41788
3152,92.8992,104.872,204.777,563.671,144.705,615.645,0,65.5451,27.354,1.41733
3153,54.6997,71.9713,210.215,675.259,149.628,693.152,0,44.9821,9.71766,1.21603
3154,147.8,142.624,444.111,246.876,356.051,173.618,0,89.1399,58.6599,1.65807
3155,134.699,145.924,268.252,657.638,144.761,616.24,0,91.2028,43.4963,1.47692
3156,32.1001,41.1937,179.204,672.597,149.859,693.196,0,25.7461,6.35402,1.2468
3157,125.899,168.185,479.123,711.273,612.288,752.317,0,105.115,20.7833,1.19772
3158,213.504,192.444,287.02,342.37,248.576,184.943,0,120.277,93.2266,1.7751
3159,94.9991,88.4007,544.401,597.343,613.238,612.654,0,55.2504,39.7487,1.71943
3160,104.799,134.983,349.002,690.941,312.666,817.976,0,84.3645,20.4345,1.24222
3161,93.3991,97.6503,606.064,708.22,612.467,751.863,0,61.0314,32.3677,1.53035
3162,93.1992,107.654,565.757,468.413,615.555,539.719,0,67.284,25.9152,1.38516
3163,208.003,239.748,276.036,534.885,144.744,615.689,0,149.843,58.1608,1.38815
3164,116.399,126.07,303.334,286.808,249.872,185.13,0,78.794,37.6048,1.47725
3165,27.8001,33.9772,142.467,654.038,139.865,620.893,0,21.2358,6.56431,1.30912
3166,124.899,164.735,541.511,279.054,648.079,197.965,0,102.96,21.9391,1.21308
3167,39.8,45.5051,608.278,132.995,653.49,129.961,0,28.4407,11.3593,1.3994
3168,187.802,154.403,192.13,318.935,248.504,184.823,0,96.502,91.3003,1.9461
3169,295.709,271.806,426.981,427.256,615.644,539.689,0,169.879,125.83,1.7407
3170,121.099,137.945,213.63,534.703,140.07,611.094,0,86.2159,34.8828,1.4046
3171,287.108,326.788,351.757,476.79,144.777,615.752,0,204.243,82.8656,1.40572
3172,100.299,109.26,248.634,637.188,144.628,615.555,0,68.2875,32.0115,1.46878
3173,223.904,195.594,474.393,544.152,613.196,612.962,0,122.246,101.658,1.83159
3174,59.7997,72.5077,198.431,638.7,144.76,615.993,0,45.3173,14.4823,1.31958
3175,190.802,252.59,395.579,641.498,312.262,818.147,0,157.869,32.9338,1.20862
3176,268.307,274.883,302.309,425.785,67.8039,405.06,0,171.802,96.5053,1.56172
3177,17.1,20.9594,414.344,97.3557,408.196,77.2796,0,13.0997,4.00038,1.30538
3178,23.2001,28.0347,134.805,586.139,139.881,611.161,0,17.5217,5.67834,1.32407
3179,39.4,38.7065,577.304,600.261,613.225,612.576,0,24.1916,15.2084,1.62866
3180,268.307,284.777,378.748,418.001,349.456,174.558,0,177.985,90.3218,1.50747
3181,23.7001,27.1968,626.763,131.433,653.565,129.976,0,16.998,6.70207,1.39429
3182,63.3996,67.7754,133.586,394.917,67.7963,405.41,0,42.3596,21.04,1.4967
3183,103.099,104.612,566.572,321.411,630.397,333.687,0,65.3827,37.7163,1.57685
3184,254.106,253.391,452.261,415.201,615.515,540.116,0,158.369,95.7368,1.60452
3185,3.8,2.7903,645.275,189.909,647.901,191.305,0,1.74394,2.05606,2.17898
3186,72.1995,73.8705,266.538,257.005,249.917,185.11,0,46.1691,26.0304,1.56381
3187,269.907,202.114,437.697,636.606,613.341,613.075,0,126.321,143.586,2.13668
3188,50.1998,64.6199,411.263,141.743,405.95,78.1211,0,40.3874,9.8124,1.24296
3189,253.806,246.143,471.549,504.794,613.25,612.589,0,153.839,99.9671,1.64982
3190,240.105,211.247,512.057,514.682,613.166,612.932,0,132.029,108.076,1.81858
3191,266.207,290.638,335.317,505.716,144.775,615.81,0,181.649,84.5585,1.46551
3192,17.2,20.1193,332.619,184.066,349.738,174.697,0,12.5746,4.62545,1.36784
3193,119.399,141.572,567.465,415.019,615.552,539.567,0,88.4822,30.9165,1.34941
3194,296.509,123.099,564.631,182.155,564.089,182.628,1,76.9372,219.572,3.85391
3195,132.799,118.166,217.995,298.517,249.161,185.11,0,73.8536,58.9453,1.79814
3196,36.4,42.0612,81.9209,434.331,67.6794,405.447,0,26.2882,10.1118,1.38465
3197,102.499,125.351,278.607,730.364,311.606,818.422,0,78.3444,24.1546,1.30831
3198,234.505,318.824,395.655,556.119,312.644,818.062,0,199.265,35.2404,1.17685
3199,254.106,245.151,287.831,402.929,249.059,185.049,0,153.219,100.887,1.65845
3200,185.302,153.732,279.736,324.991,250.232,184.977,0,96.0828,89.2193,1.92857
3201,279.408,277.108,417.994,380.102,630.327,334.092,0,173.193,106.215,1.61328
3202,296.509,265.12,425.758,425.581,605.998,539.936,1,165.7,130.809,1.78944
3203,187.902,192.607,491.664,403.246,630.298,334.143,0,120.379,67.523,1.56092
3204,115.499,148.19,316.845,692.783,312.272,818.119,0,92.619,22.8799,1.24703
3205,33.2001,45.7244,616.927,255.878,635.976,282.449,0,28.5777,4.62233,1.16175
3206,293.409,296.155,418.675,568.283,613.267,612.549,0,185.097,108.312,1.58516
3207,42.1999,47.8024,606.375,127.348,653.545,129.951,0,29.8765,12.3234,1.41248
3208,94.5991,106.2,358.093,225.286,349.972,174.822,0,66.375,28.2241,1.42522
3209,74.2994,83.2195,554.943,719.401,611.928,753.125,0,52.0122,22.2872,1.4285
3210,296.509,208.622,446.491,489.924,591.363,485.827,1,130.389,166.12,2.27404
3211,19.5,23.3893,315.406,794.952,312.766,817.994,0,14.6183,4.88172,1.33395
3212,97.3991,136.913,257.221,663.852,149.437,693.293,0,85.5709,11.8281,1.13823
3213,166.201,146.458,492.222,617.118,613.342,613.084,0,91.536,74.6649,1.81569
3214,261.107,225.907,249.455,443.129,67.7828,404.975,0,141.192,119.915,1.8493
3215,132.499,119.057,509.424,643.693,613.168,612.982,0,74.4107,58.0882,1.78064
3216,39.8,51.8824,573.965,788.233,606.295,811.917,0,32.4265,7.37344,1.22739
3217,75.3994,105.78,561.927,199.549,647.837,191.611,0,66.1124,9.28704,1.14047
3218,116.399,127.642,526.888,118.185,653.575,129.956,0,79.7763,36.6225,1.45907
3219,296.509,265.159,395.973,617.709,596.242,612.351,1,165.724,130.784,1.78917
3220,125.499,145.457,367.75,259.269,350.054,174.792,0,90.9107,34.588,1.38046
3221,102.499,105.501,375.007,212.415,355.842,174.306,0,65.938,36.561,1.55448
3222,215.104,235.605,268.086,430.803,67.713,404.859,0,147.253,67.8509,1.46078
3223,139.199,140.376,160.012,473.158,139.666,611.128,0,87.7352,51.4641,1.58659
3224,71.5995,83.6575,295.974,227.758,250.256,184.87,0,52.286,19.3135,1.36938
3225,128.799,128.097,463.504,155.657,355.772,174.279,0,80.0604,48.7383,1.60877
3226,296.509,297.566,437.288,555.49,603.9,612.484,1,185.979,110.53,1.59431
3227,293.509,247.687,450.373,459.78,615.485,539.92,0,154.804,138.704,1.896
3228,52.0998,54.1111,598.286,645.881,613.334,612.42,0,33.8194,18.2803,1.54053
3229,84.2993,100.054,208.536,568.046,144.667,615.666,0,62.534,21.7653,1.34805
3230,0,0,151.833,695.341,151.833,695.341,0,0,0,0
3231,275.008,268.468,466.884,490.684,613.306,612.473,0,167.793,107.215,1.63897
3232,100.999,108.825,406.403,232.01,355.666,174.304,0,68.0154,32.9837,1.48494
3233,171.901,157.997,211.464,364.486,67.6511,405.468,0,98.7481,73.1532,1.74081
3234,153.1,167.506,374.858,290.538,349.645,174.598,0,104.691,48.4089,1.4624
3235,107.399,118.366,536.713,127.463,653.543,129.957,0,73.9787,33.4202,1.45175
3236,207.303,224.354,381.517,358.648,349.866,174.737,0,140.221,67.0824,1.4784
3237,39.2,43.846,611.428,137.708,653.47,130.05,0,27.4037,11.7962,1.43046
3238,296.509,236.104,465.375,467.594,606.046,541.049,1,147.565,148.944,2.00934
3239,209.504,199.469,505.892,426.295,630.336,334.059,0,124.668,84.8354,1.68049
3240,282.608,295.892,417.399,421.387,630.344,334.136,0,184.932,97.6758,1.52817
3241,157,132.589,284.042,297.839,250.267,184.936,0,82.8679,74.1324,1.89459
3242,128.299,108.302,546.329,660.366,613.324,612.533,0,67.6886,60.61,1.89542
3243,87.7992,101.187,279.166,281.192,249.993,185.033,0,63.2418,24.5574,1.38831
3244,151.9,168.419,179.964,464.256,139.645,611.219,0,105.262,46.6383,1.44307
3245,27.9001,35.5296,173.572,673.246,149.873,693.223,0,22.206,5.69405,1.25642
3246,18.6,23.1133,161.171,675.025,149.804,693.151,0,14.4458,4.15425,1.28758
3247,89.8992,122.43,251.705,704.219,152.81,701.724,0,76.519,13.3802,1.17486
3248,139.399,123.565,493.966,602.384,613.33,613.093,0,77.2282,62.1711,1.80503
3249,20,20.4571,597.875,737.501,612.329,752.324,0,12.7857,7.21437,1.56425
3250,81.8993,89.876,162.729,537.196,139.934,611.098,0,56.1725,25.7269,1.458
3251,212.904,222.813,351.447,360.752,349.391,174.517,0,139.258,73.6457,1.52884
3252,199.103,257.868,385.698,605.731,312.978,818.143,0,161.167,37.9355,1.23538
3253,7,7.81067,150.018,685.532,149.712,693.294,0,4.88167,2.11832,1.43393
3254,108.199,141.807,345.867,684.625,312.505,818.029,0,88.6296,19.5693,1.2208
3255,110.899,116.801,523.418,339.677,630.259,334.156,0,73.0008,37.8981,1.51915
3256,27.3001,36.4466,320.163,192.994,349.98,174.761,0,22.7792,4.52091,1.19847
3257,125.799,110.488,204.955,259.188,248.04,184.58,0,69.0549,56.7437,1.82172
3258,187.402,215.666,350.661,619.883,312.753,817.977,0,134.791,52.6111,1.39032
3259,179.802,154.753,191.069,302.816,248.13,184.666,0,96.7208,83.081,1.85898
3260,106.399,143.92,557.23,285.542,648.037,197.854,0,89.9498,16.4492,1.18287
3261,262.007,238.84,479.402,504.991,613.197,612.596,0,149.275,112.732,1.75519
3262,276.008,241.733,482.886,484.045,615.654,539.534,0,151.083,124.925,1.82686
3263,249.106,251.525,365.791,398.443,349.486,174.561,0,157.203,91.9028,1.58461
3264,76.0994,107.356,249.983,721.044,153.481,700.732,0,67.0972,9.00219,1.13417
3265,175.502,153.627,186.227,309.493,248.053,184.572,0,96.0171,79.4844,1.82781
3266,138.699,146.908,162.499,466.261,140.014,611.121,0,91.8177,46.8815,1.51059
3267,58.8997,64.4484,393.519,186.165,355.741,174.19,0,40.2802,18.6194,1.46225
3268,206.803,177.464,268.064,344.281,249.865,185.106,0,110.915,95.8886,1.86452
3269,179.402,162.807,211.754,365.875,67.6953,404.806,0,101.754,77.6473,1.76309
3270,228.105,190.427,257.113,355.629,248.682,184.904,0,119.017,109.088,1.91657
3271,225.005,188.729,251.858,398.77,67.7112,404.92,0,117.956,107.049,1.90753
3272,202.503,168.175,214.55,354.028,67.8223,405.021,0,105.109,97.3939,1.9266
3273,32.4001,41.0679,615.211,195.518,648.061,198.033,0,25.6675,6.73261,1.2623
3274,178.502,165.146,277.549,597.133,144.69,615.67,0,103.216,75.2855,1.7294
3275,61.3996,70.4873,195.804,213.171,248.528,184.775,0,44.0546,17.3451,1.39372
3276,42.6999,52.4967,408.15,130.011,405.887,78.2362,0,32.8104,9.88947,1.30141
3277,134.999,163.393,519.358,209.179,648.321,190.892,0,102.12,32.8787,1.32196
3278,279.508,318.511,330.541,475.465,144.721,615.647,0,199.069,80.4386,1.40407
3279,296.509,223.32,469.366,478.255,599.587,514.991,1,139.575,156.934,2.12437
3280,42.7999,50.0833,609.479,144.156,653.575,130.043,0,31.302,11.4979,1.36732
3281,182.102,160.115,280.738,330.629,250.101,185.001,0,100.072,82.0299,1.81971
3282,34.5,44.2911,319.916,200.422,350.392,174.889,0,27.682,6.81809,1.2463
3283,256.206,319.389,319.744,480.994,139.91,611.127,0,199.618,56.5883,1.28348
3284,23.2001,27.4874,603.179,727.171,612.34,752.054,0,17.1796,6.02042,1.35044
3285,154.2,177.932,205.372,475.511,139.596,611.171,0,111.207,42.993,1.3866
3286,67.6995,76.5101,143.794,398.977,67.8276,405.198,0,47.8188,19.8807,1.41575
3287,296.509,233.597,399.556,505.819,577.842,450.699,1,145.998,150.511,2.03091
3288,74.3994,96.8537,592.543,461.481,615.583,540.271,0,60.5336,13.8659,1.22906
3289,154.7,113.769,197.327,264.66,248.134,184.672,0,71.1055,83.5948,2.17565
3290,70.3995,79.7702,191.672,638.135,144.738,615.997,0,49.8564,20.5431,1.41205
3291,153.2,127.735,214.72,306.336,249.396,185.181,0,79.8343,73.3659,1.91898
3292,156.3,168.315,500.067,149.799,653.641,130.338,0,105.197,51.1035,1.48579
3293,268.907,291.44,334.514,506.457,144.762,615.756,0,182.15,86.7571,1.47629
3294,38,34.3328,281.723,200.739,252.529,184.032,0,21.458,16.542,1.7709
3295,108.799,116.027,256.852,750.794,310.692,818.809,0,72.5169,36.282,1.50032
3296,120.099,122.204,250.508,743.613,152.833,701.747,0,76.3778,43.721,1.57243
3297,282.208,259.646,291.479,425.355,67.7033,404.865,0,162.279,119.929,1.73903
3298,2,1.18162,602.345,830.08,603.464,830.46,0,0.738515,1.26149,2.70814
3299,296.509,273.524,384.065,392.873,346.069,179.155,1,170.952,125.556,1.73445
3300,296.509,192.156,421.716,507.361,547.31,451.778,1,120.098,176.411,2.4689
3301,165.501,202.246,370.862,646.651,312.3,818.104,0,126.404,39.0969,1.3093
3302,155.2,191.346,328.91,639.062,312.397,818.067,0,119.591,35.6091,1.29776
3303,164.401,151.239,518.068,382.518,630.336,334.144,0,94.5242,69.8766,1.73925
3304,141.699,150.662,179.705,480.093,140.151,611.23,0,94.164,47.5354,1.50482
3305,242.606,259.424,332.127,550.403,144.836,616.149,0,162.14,80.4655,1.49627
3306,32.3001,36.9316,582.769,766.533,611.121,755.274,0,23.0822,9.21785,1.39935
3307,59.2997,74.5401,351.536,195.039,349.606,174.604,0,46.5876,12.7121,1.27286
3308,296.509,283.726,408.273,564.038,588.961,616.581,1,177.329,119.18,1.67209
3309,108.899,123.405,237.714,655.767,144.737,615.991,0,77.1283,31.7706,1.41192
3310,16.3,16.9752,84.8359,404.741,67.8064,405.318,0,10.6095,5.6905,1.53636
3311,79.4994,83.8842,569.871,130.301,653.501,130.049,0,52.4276,27.0717,1.51636
3312,54.2997,65.439,570.545,344.461,630.367,334.146,0,40.8994,13.4003,1.32764
3313,131.299,135.39,328.214,274.554,349.516,174.642,0,84.619,46.6798,1.55165
3314,273.607,324.703,324.108,483.496,139.863,611.132,0,202.939,70.6681,1.34822
3315,103.599,121.313,353.193,257.834,349.568,174.589,0,75.8205,27.7785,1.36637
3316,69.1995,81.3232,320.429,746.854,311.791,818.276,0,50.827,18.3725,1.36147
3317,75.4994,90.6153,312.848,741.898,311.875,818.313,0,56.6346,18.8649,1.3331
3318,45.2999,60.4542,326.945,215.899,349.749,174.731,0,37.7838,7.51604,1.19892
3319,258.207,221.804,458.996,376.62,630.288,334.052,0,138.628,119.579,1.86259
3320,89.0992,100.254,271.705,281.124,249.929,185.068,0,62.6585,26.4407,1.42198
3321,166.301,192.948,497.436,443.559,615.63,539.619,0,120.593,45.7083,1.37903
3322,296.509,204.686,418.99,498.41,576.357,450.266,1,127.929,168.58,2.31776
3323,126.799,132.408,524.069,671.736,613.256,613.101,0,82.7547,44.0439,1.53222
3324,99.2991,115.713,292.504,283.258,250.171,185.026,0,72.3209,26.9782,1.37303
3325,296.509,249.64,432.075,468.094,600.003,519.163,1,156.025,140.484,1.9004
3326,140.799,112.585,200.837,263.257,248.276,184.826,0,70.3659,70.4335,2.00096
3327,70.6995,68.0522,397.044,192.652,356.128,173.617,0,42.5326,28.1669,1.66224
3328,86.1993,86.433,432.045,147.952,356.072,173.468,0,54.0206,32.1786,1.59567
3329,25.8001,33.6268,608.221,314.376,630.331,334.058,0,21.0167,4.78333,1.2276
3330,72.5995,94.2808,589.732,461.468,615.654,539.539,0,58.9255,13.674,1.23206
3331,238.405,247.534,322.241,549.388,144.656,615.722,0,154.709,83.6967,1.541
3332,135.699,137.259,265.813,614.716,144.755,616.193,0,85.7866,49.9125,1.58182
3333,126.299,145.931,151.549,476.299,67.7495,405.59,0,91.2067,35.0919,1.38475
3334,173.901,208.144,515.6,505.272,615.59,539.726,0,130.09,43.8112,1.33678
3335,164.501,201.976,414.116,676.923,312.578,817.955,0,126.235,38.266,1.30313
3336,49.6998,58.0471,614.648,158.839,648.368,190.891,0,36.2794,13.4204,1.36992
3337,124.899,126.393,422.578,251.561,355.793,174.27,0,78.9954,45.9032,1.58109
3338,11.4,13.9821,143.569,597.88,139.592,611.196,0,8.73879,2.66122,1.30453
3339,221.204,224.473,398.982,339.256,349.861,174.709,0,140.296,80.9086,1.5767
3340,73.6994,97.6833,522.297,781.571,611.067,755.186,0,61.052,12.6474,1.20716
3341,116.599,148.847,314.684,697.896,312.221,818.152,0,93.0293,23.5695,1.25336
3342,28.5001,25.9916,275.96,195.497,252.998,183.648,0,16.2447,12.2554,1.75442
3343,53.9997,59.9277,594.351,696.05,612.363,751.899,0,37.4548,16.545,1.44173
3344,259.207,232.813,463.467,347.551,356.185,173.284,0,145.508,113.699,1.78139
3345,160.601,183.744,515.282,453.218,615.574,539.877,0,114.84,45.7607,1.39847
3346,40.9999,36.482,285.074,200.597,252.843,183.923,0,22.8013,18.1987,1.79814
3347,77.2994,83.6839,553.729,332.376,630.352,334.07,0,52.3024,24.997,1.47793
3348,139.999,144.262,173.39,481.084,139.652,611.133,0,90.1636,49.8357,1.55273
3349,196.603,198.227,469.89,307.728,630.331,334.126,0,123.892,72.7112,1.58689
3350,245.506,231.096,474.278,466.811,615.655,539.602,0,144.435,101.071,1.69976
3351,41.2999,37.7715,579.248,597.932,613.162,612.737,0,23.6072,17.6927,1.74946
3352,27.8001,35.5833,576.01,754.673,611.189,754.804,0,22.2395,5.56052,1.25003
3353,128.999,128.622,172.391,496.434,139.705,611.105,0,80.3886,48.6101,1.60469
3354,296.509,268.158,415.444,437.088,606.556,540.077,1,167.599,128.91,1.76916
3355,195.803,215.708,368.622,362.724,349.654,174.626,0,134.817,60.9855,1.45236
3356,50.5998,57.1472,570.023,728.823,612.221,752.373,0,35.717,14.8828,1.41669
3357,55.0997,53.937,212.57,212.899,248.89,184.982,0,33.7107,21.3891,1.63449
3358,237.505,188.297,235.347,373.527,67.784,405.071,0,117.686,119.82,2.01813
3359,51.0998,59.956,307.433,766.06,311.883,818.341,0,37.4725,13.6273,1.36366
3360,0,0,612.575,816.89,612.575,816.89,0,0,0,0
3361,131.999,141.129,518.161,129.993,653.556,129.907,0,88.2059,43.7929,1.49649
3362,77.7994,76.7583,398.953,200.816,355.818,174.337,0,47.9739,29.8254,1.6217
3363,9.9,11.7186,601.623,611.914,613.172,612.806,0,7.32413,2.57588,1.3517
3364,192.603,218.411,274.104,554.565,144.688,615.692,0,136.507,56.0959,1.41094
3365,228.005,187.249,285.37,352.57,249.362,185.206,0,117.03,110.974,1.94825
3366,123.799,111.434,201.728,259.461,248.318,184.831,0,69.6465,54.1522,1.77753
3367,257.807,256.439,291.985,407.809,249.144,185.077,0,160.274,97.5323,1.60853
3368,72.2995,77.8433,575.855,129.697,653.468,129.955,0,48.6521,23.6474,1.48605
3369,172.401,206.688,315.547,639.661,312.46,818.03,0,129.18,43.2214,1.33458
3370,23.5001,21.5612,601.18,600.419,613.212,612.654,0,13.4757,10.0243,1.74388
3371,135.199,167.338,360.24,667.815,312.89,818.025,0,104.586,30.6128,1.2927
3372,147.5,157.259,373.181,279.816,349.775,174.672,0,98.2871,49.2127,1.5007
3373,73.7994,79.3682,424.944,146.748,356.074,173.631,0,49.6051,24.1943,1.48774
3374,296.509,222.809,420.587,472.356,588.918,483.448,1,139.256,157.253,2.12924
3375,10.3,11.2304,365.53,179.246,355.608,174.403,0,7.01898,3.28102,1.46745
3376,150,199.769,524.801,248.839,648.223,198.035,0,124.855,25.1446,1.20139
3377,64.9996,77.3347,537.627,614.262,613.306,612.469,0,48.3342,16.6654,1.34479
3378,251.106,254.394,292.768,408.942,249.089,185.138,0,158.996,92.1099,1.57932
3379,84.0993,113.583,338.853,708.338,312.946,818.142,0,70.9897,13.1096,1.18467
3380,120.599,123.083,191.492,263.191,248.237,184.694,0,76.9266,43.6721,1.56771
3381,151.1,180.514,503.045,204.907,647.682,191.909,0,112.821,38.2786,1.33928
3382,176.002,173.913,304.847,649.419,144.783,616.109,0,108.696,67.3057,1.61921
3383,232.305,295.884,306.822,497.299,139.919,611.161,0,184.928,47.3774,1.25619
3384,0,0,250.795,178.635,250.795,178.635,0,0,0,0
3385,296.509,223.514,385.662,481.625,570.666,450.272,1,139.696,156.812,2.12252
3386,147.9,164.544,181.965,467.809,139.689,611.061,0,102.84,45.06,1.43816
3387,101.799,94.9855,520.881,608.117,613.253,612.784,0,59.3659,42.4331,1.71477
3388,95.5991,99.2785,267.02,282.524,249.845,185.12,0,62.049,33.5501,1.5407
3389,104.299,115.227,362.69,228.635,349.553,174.579,0,72.0166,32.2824,1.44826
3390,296.509,222.271,401.222,465.877,581.791,462.753,1,138.92,157.589,2.13439
3391,87.1992,77.0557,600.162,679.859,612.269,752.34,0,48.1598,39.0394,1.81062
3392,30.3001,38.6956,161.956,590.806,144.735,616.182,0,24.1848,6.11532,1.25286
3393,190.202,243.339,259.589,518.218,139.859,611.1,0,152.087,38.1158,1.25062
3394,94.4991,101.374,403.696,224.662,355.83,174.322,0,63.3585,31.1406,1.4915
3395,47.9998,57.4692,409.737,183.795,355.823,174.241,0,35.9182,12.0816,1.33636
3396,37.2,27.2005,274.764,200.002,252.633,183.996,0,17.0003,20.1997,2.1882
3397,232.105,188.219,451.235,618.523,613.154,612.631,0,117.637,114.468,1.97306
3398,296.509,322.348,365.314,467.486,342.776,179.626,1,201.467,95.0416,1.47175
3399,2,1.22127,151.347,703.69,150.99,702.522,0,0.763292,1.23671,2.62023
3400,77.4994,94.2185,172.568,208.247,248.452,184.83,0,58.8866,18.6128,1.31608
3401,60.2997,67.3087,587.276,662.645,613.343,613.098,0,42.0679,18.2317,1.43339
3402,141.099,138.133,247.845,314.164,249.478,185.221,0,86.3332,54.7662,1.63436
3403,139.199,144.742,518.175,378.823,630.282,334.146,0,90.4637,48.7355,1.53873
3404,213.104,177.843,227.769,402.847,67.7499,405.455,0,111.152,101.952,1.91723
3405,103.299,99.3491,149.071,514.196,139.681,611.108,0,62.0932,41.2058,1.66361
3406,255.406,229.31,301.246,379.879,249.252,185.154,0,143.319,112.088,1.78209
3407,28.7001,38.5646,582.232,735.018,612.271,752.353,0,24.1029,4.59721,1.19073
3408,202.003,166.652,227.137,334.625,249.307,185.205,0,104.157,97.8457,1.9394
3409,229.905,166.601,457.191,594.065,613.254,612.515,0,104.126,125.779,2.20796
3410,31.0001,29.4729,95.3526,410.184,67.7961,405.027,0,18.4206,12.5795,1.6829
3411,118.199,116.466,126.136,513.671,140.09,611.062,0,72.7911,45.4077,1.62381
3412,296.509,224.474,467.902,695.894,608.223,613.053,1,140.296,156.212,2.11345
3413,80.0993,92.9472,311.56,738.47,311.778,818.353,0,58.092,22.0073,1.37884
3414,68.8995,79.8717,175.384,561.631,139.945,611.053,0,49.9198,18.9797,1.3802
3415,136.699,154.684,614.273,427.253,615.532,539.901,0,96.6773,40.0219,1.41397
3416,60.2997,61.6844,559.453,740.344,612.384,752.063,0,38.5527,21.7469,1.56408
3417,262.507,321.099,319.061,478.48,139.862,611.141,0,200.687,61.8196,1.30804
3418,198.203,150.741,183.673,437.867,67.6818,405.49,0,94.2133,103.99,2.10377
3419,33.8001,41.1126,570.065,806.012,606.94,810.454,0,25.6954,8.10466,1.31541
3420,52.6998,49.3409,116.16,401.795,67.7045,405.54,0,30.8381,21.8617,1.70892
3421,108.999,144.262,265.376,665.27,149.459,693.311,0,90.1636,18.8353,1.2089
3422,211.004,214.797,385.43,334.065,349.566,174.624,0,134.248,76.7558,1.57175
3423,174.801,190.607,379.118,313.736,349.858,174.648,0,119.129,55.6723,1.46733
3424,212.504,173.631,232.808,344.362,248.688,184.868,0,108.519,103.984,1.95821
3425,4.8,4.2824,649.437,130.698,653.562,129.737,0,2.6765,2.1235,1.79339
3426,167.901,125.477,224.818,301.051,249.153,185.101,0,78.4229,89.4781,2.14097
3427,0,0,609.08,814.47,609.08,814.47,0,0,0,0
3428,145.6,175.632,513.143,202.064,648.395,190.9,0,109.77,35.8298,1.32641
3429,123.899,119.886,162.508,494.555,140.16,611.185,0,74.9286,48.9701,1.65356
3430,36.2,39.1349,611.532,188.06,647.977,191.362,0,24.4593,11.7407,1.48001
3431,117.699,121.394,253.814,644.289,144.757,616.06,0,75.8711,41.8277,1.5513
3432,283.408,264.188,430.398,439.475,615.701,539.554,0,165.118,118.29,1.7164
3433,26.0001,30.0974,152.706,590.123,139.94,611.099,0,18.8108,7.18921,1.38218
3434,3.8,3.20663,253.777,186.843,252.641,183.846,0,2.00414,1.79585,1.89607
3435,12.8,14.7322,595.477,802.297,606.842,810.722,0,9.2076,3.59242,1.39016
3436,208.504,206.167,405.039,313.695,355.78,174.329,0,128.854,79.6493,1.61813
3437,160.301,134.986,193.091,410.474,67.6588,404.854,0,84.3666,75.934,1.90005
3438,35.3,48.5774,606.605,221.867,648.033,197.921,0,30.3609,4.93917,1.16268
3439,103.199,122.23,522.97,717.273,612.211,752.564,0,76.3937,26.8053,1.35088
3440,234.705,188.787,252.036,396.118,67.6744,404.798,0,117.992,116.713,1.98916
3441,120.799,115.289,542.449,576.191,613.249,612.656,0,72.0553,48.7434,1.67647
3442,137.299,167.945,368.178,681.53,313.326,818.229,0,104.965,32.3338,1.30804
3443,119.499,114.972,160.603,374.746,67.8013,405.447,0,71.8575,47.6412,1.663
3444,166.701,189.985,527.813,425.556,630.325,334.151,0,118.741,47.9602,1.40391
3445,257.106,241.889,416.009,345.072,355.772,174.335,0,151.181,105.926,1.70066
3446,205.903,216.019,492.16,430.208,630.364,334.126,0,135.012,70.8914,1.52508
3447,8.6,9.38592,76.8638,403.592,67.7543,405.329,0,5.8662,2.7338,1.46603
3448,169.601,141.683,284.086,311.96,249.538,185.211,0,88.5522,81.049,1.91527
3449,64.1996,66.6891,198.139,213.653,249.312,185.226,0,41.6807,22.5189,1.54027
3450,108.699,126.688,277.572,728.332,311.55,818.389,0,79.1799,29.5191,1.37281
3451,145.8,157.884,180.765,473.343,139.711,611.107,0,98.6772,47.1225,1.47754
3452,243.406,257.284,331.711,552.175,144.662,615.671,0,160.802,82.6032,1.51369
3453,272.907,303.313,326.535,489.148,144.658,615.743,0,189.57,83.3371,1.43961
3454,232.305,206.165,469.282,289.218,355.792,174.275,0,128.853,103.452,1.80287
3455,190.402,161.759,278.109,331.625,249.23,185.14,0,101.1,89.3028,1.88332
3456,45.3999,40.2822,589.164,634.602,613.283,612.447,0,25.1764,20.2235,1.80327
3457,181.102,213.518,351.395,623.104,312.858,817.994,0,133.449,47.6533,1.35709
3458,125.499,128.423,546.62,387.789,630.292,334.217,0,80.2642,45.2345,1.56357
3459,70.7995,82.3242,333.441,237.043,349.763,174.739,0,51.4526,19.3469,1.37601
3460,117.499,144.954,272.223,691.562,149.467,693.229,0,90.5961,26.9027,1.29695
3461,69.6995,86.6629,538.53,750.277,611.071,755.234,0,54.1643,15.5352,1.28682
3462,217.204,180.121,451.927,611.379,613.273,612.548,0,112.575,104.629,1.92941
3463,76.2994,76.4873,576.851,694.457,612.316,752.385,0,47.8046,28.4949,1.59607
3464,68.2995,70.1548,269.674,251.566,249.725,185.188,0,43.8468,24.4528,1.55769
3465,123.799,117.877,247.222,610.554,144.721,616.277,0,73.6732,50.1255,1.68038
3466,176.502,216.866,421.369,700.281,313.045,818.142,0,135.541,40.9602,1.3022
3467,202.303,171.901,192.667,330.357,248.766,185.001,0,107.438,94.8647,1.88297
3468,247.606,241.898,446.385,390.157,630.272,334.075,0,151.186,96.4198,1.63776
3469,46.6999,61.5547,557.684,773.754,611.168,754.885,0,38.4717,8.2282,1.21388
3470,238.805,203.002,523.864,520.506,613.162,612.759,0,126.877,111.929,1.88219
3471,84.5993,97.7588,520.533,764.878,611.079,755.197,0,61.0992,23.5,1.38462
3472,50.8998,66.5089,418.944,142.33,405.852,78.1645,0,41.5681,9.33171,1.22449
3473,49.4998,64.726,417.172,140.754,405.854,78.1302,0,40.4538,9.04604,1.22361
3474,65.0996,75.7547,314.372,222.387,349.98,174.78,0,47.3467,17.7529,1.37496
3475,100.799,105.692,560.211,376.467,630.351,334.349,0,66.0573,34.7418,1.52593
3476,262.707,242.935,466.149,463.557,615.566,540.109,0,151.834,110.872,1.73022
3477,104.399,113.688,247.42,641.311,144.82,616.056,0,71.0548,33.3441,1.46927
3478,38.6,44.4353,188.522,622.894,144.774,615.782,0,27.772,10.8279,1.38989
3479,72.9995,75.7974,268.227,778.687,310.644,818.826,0,47.3734,25.6261,1.54094
3480,108.999,120.751,184.449,264.022,248.753,184.917,0,75.4692,33.5297,1.44428
3481,63.1996,82.5393,322.016,741.925,312.741,818.015,0,51.5871,11.6125,1.22511
3482,102.099,104.464,557.147,310.052,630.336,333.901,0,65.2901,36.8089,1.56377
3483,248.306,306.173,277.608,474.796,139.943,611.069,0,191.358,56.9478,1.2976
3484,235.005,204.334,477.336,535.599,613.344,612.547,0,127.709,107.297,1.84017
3485,60.3997,65.1965,162.593,562.757,139.932,611.087,0,40.7478,19.6518,1.48228
3486,179.202,153.826,185.443,308.081,249.149,185.133,0,96.1411,83.0607,1.86395
3487,267.107,284.878,379.772,416.549,349.729,174.689,0,178.049,89.0585,1.50019
3488,151.3,133.438,484.849,178.936,356.02,173.639,0,83.399,67.901,1.81417
3489,214.904,284.662,284.466,492.512,139.941,611.192,0,177.914,36.9899,1.20791
3490,254.606,225.508,459.985,339.139,355.755,174.325,0,140.942,113.664,1.80646
3491,203.503,198.668,470.746,543.711,613.176,612.636,0,124.168,79.3357,1.63894
3492,241.906,249.853,400.198,362.951,349.803,174.675,0,156.158,85.7473,1.54911
3493,206.303,181.025,172.624,313.989,248.736,184.894,0,113.141,93.1627,1.82342
3494,56.3997,78.8352,327.458,742.26,312.592,818.055,0,49.272,7.12771,1.14466
3495,134.999,151.469,142.005,459.801,67.7563,405.244,0,94.6683,40.3308,1.42602
3496,57.1997,56.9165,112.434,420.962,67.6634,404.936,0,35.5728,21.6269,1.60796
3497,290.409,314.418,356.145,459.446,349.851,174.729,0,196.512,93.897,1.47782
3498,63.9996,83.7354,531.121,766.854,611.092,755.351,0,52.3346,11.665,1.22289
3499,59.0997,80.2274,334.951,741.568,312.779,818.035,0,50.1421,8.95753,1.17864
3500,231.605,224.39,475.873,420.451,630.265,334.127,0,140.244,91.3613,1.65145
3501,23.6001,27.8161,163.399,629.819,144.826,616.088,0,17.3851,6.21498,1.35749
3502,80.8993,86.0368,529.696,612.756,613.187,612.752,0,53.773,27.1264,1.50446
3503,151.5,165.998,491.136,315.762,630.269,334.089,0,103.749,47.7514,1.46026
3504,40.3,47.1714,128.202,576.567,139.941,611.118,0,29.4821,10.8178,1.36693
3505,211.904,219.029,326.687,585.865,144.844,616.076,0,136.893,75.0104,1.54795
3506,58.7997,74.6584,315.065,221.948,349.761,174.661,0,46.6615,12.1382,1.26013
3507,36.9,46.6917,420.737,119.878,405.866,78.1616,0,29.1823,7.71769,1.26446
3508,46.9999,51.1342,603.213,136.364,653.561,129.963,0,31.9589,15.041,1.47063
3509,180.402,160.468,280.414,330.747,250.204,185.013,0,100.292,80.1096,1.79876
3510,248.506,261.993,386.211,392.022,349.536,174.625,0,163.745,84.7605,1.51764
3511,198.503,177.519,192.26,328.206,248.129,184.721,0,110.949,87.5535,1.78913
3512,193.703,150.022,216.994,407.635,67.6617,405.51,0,93.7637,99.9389,2.06586
3513,0,0,659.527,132.943,659.527,132.943,0,0,0,0
3514,248.406,228.136,464.121,336.966,356.158,173.43,0,142.585,105.821,1.74216
3515,89.8992,117.013,592.179,270.24,648.019,197.978,0,73.133,16.7662,1.22926
3516,95.6991,124.125,573.939,274.647,648.084,198.01,0,77.5783,18.1208,1.23358
3517,276.408,251.683,238.735,471.626,67.7078,405.454,0,157.302,119.106,1.75718
3518,212.104,223.825,345.743,358.424,349.537,174.601,0,139.891,72.2131,1.51621
3519,140.999,185.24,518.089,293.541,647.853,197.848,0,115.775,25.2244,1.21787
3520,95.5991,85.3995,606.203,698.356,612.164,752.508,0,53.3747,42.2244,1.79109
3521,198.103,195.322,473.792,545.419,613.348,612.531,0,122.076,76.0267,1.62278
3522,52.2998,66.8032,193.635,661.348,149.419,693.269,0,41.752,10.5477,1.25263
3523,90.3992,100.209,359.153,218.033,349.871,174.71,0,62.6306,27.7686,1.44337
3524,77.1994,99.4139,329.153,724.64,312.304,818.074,0,62.1337,15.0657,1.24247
3525,32.0001,32.4227,141.887,579.353,139.935,611.099,0,20.2642,11.7359,1.57915
3526,48.7998,58.9659,572.8,341.116,630.275,334.155,0,36.8537,11.9462,1.32415
3527,245.906,218.114,480.058,524.173,613.316,612.505,0,136.321,109.585,1.80387
3528,9.1,9.68105,253.756,193.94,251.148,184.617,0,6.05065,3.04935,1.50397
3529,172.301,179.571,308.391,653.213,144.752,616.125,0,112.232,60.0693,1.53522
3530,27.1001,29.1359,588.662,600.296,613.29,612.411,0,18.2099,8.89013,1.4882
3531,88.4992,95.8289,220.676,273.515,248.608,184.941,0,59.8931,28.6061,1.47762
3532,12.5,15.55,159.311,621.526,144.513,616.778,0,9.71872,2.78129,1.28618
3533,19.7,17.8074,268.025,193.466,253.171,183.448,0,11.1296,8.57041,1.77005
3534,78.9994,113.496,249.709,712.422,153.535,700.668,0,70.935,8.06435,1.11369
3535,65.0996,75.9952,586.421,182.77,647.661,191.85,0,47.497,17.6026,1.3706
3536,28.7001,31.6299,622.089,128.28,653.491,129.966,0,19.7687,8.93139,1.45179
3537,155.1,165.327,489.912,116.898,653.604,129.739,0,103.33,51.7707,1.50103
3538,223.204,227.856,504.328,475.896,615.625,539.729,0,142.41,80.7942,1.56733
3539,189.202,194.986,404.271,292.43,355.748,174.331,0,121.866,67.3359,1.55254
3540,75.6994,89.197,534.274,753.762,611.098,755.112,0,55.7481,19.9513,1.35788
3541,77.1994,95.2941,543.641,722.773,612.01,753.084,0,59.5588,17.6406,1.29619
3542,6.6,6.43433,360.735,178.294,355.835,174.307,0,4.02146,2.57854,1.6412
3543,76.6994,104.483,563.912,198.247,647.812,191.564,0,65.3021,11.3973,1.17453
3544,20.9,23.7203,594.93,794.632,606.436,811.834,0,14.8252,6.07486,1.40977
3545,190.502,167.978,197.949,357.808,67.8494,404.991,0,104.986,85.5165,1.81455
3546,67.8995,93.3418,334.527,727.912,312.727,818.026,0,58.3386,9.56091,1.16389
3547,181.202,197.204,392.322,305.609,349.6,174.611,0,123.252,57.9495,1.47017
3548,163.301,130.03,216.116,230.876,248.59,184.89,0,81.2685,82.0323,2.0094
3549,166.601,205.273,415.274,673.931,312.874,817.962,0,128.296,38.3053,1.29857
3550,257.106,198.935,443.424,624.672,613.342,613.181,0,124.334,132.772,2.06786
3551,101.099,101.811,265.083,284.825,249.904,185.145,0,63.632,37.467,1.58881
3552,138.999,130.055,305.266,289.571,249.939,185.15,0,81.2846,57.7146,1.71003
3553,244.506,282.662,350.587,540.646,144.807,616.229,0,176.664,67.842,1.38402
3554,177.502,137.323,203.87,305.765,248.481,184.829,0,85.827,91.6746,2.06813
3555,15.5,19.7212,601.616,532.144,615.582,540.425,0,12.3257,3.17428,1.25753
3556,11.3,12.9686,137.013,633.345,140.083,620.894,0,8.10537,3.19464,1.39414
3557,90.1992,125.158,257.176,693.437,149.394,693.358,0,78.2235,11.9756,1.1531
3558,239.205,215.211,469.229,374.891,630.269,334.127,0,134.507,104.699,1.77839
3559,243.406,190.335,254.127,394.288,67.6908,405.516,0,118.96,124.446,2.04612
3560,77.6994,73.9175,549.868,743.444,612.153,752.496,0,46.1985,31.5009,1.68186
3561,154.2,134.666,508.671,658.37,613.257,613.118,0,84.1661,70.0341,1.83209
3562,62.7996,70.0947,598.95,360.664,630.32,334.115,0,43.8092,18.9904,1.43348
3563,27.1001,31.275,281.512,194.85,253.304,183.074,0,19.5469,7.55317,1.38641
3564,259.807,249.05,445.578,444.545,615.49,540.015,0,155.656,104.151,1.66911
3565,44.2999,54.9033,566.144,738.406,612.302,752.374,0,34.3145,9.98535,1.29099
3566,277.408,297.824,358.735,441.684,349.427,174.486,0,186.14,91.2677,1.49032
3567,17.2,18.9292,597.004,796.591,606.601,811.23,0,11.8307,5.36929,1.45384
3568,208.204,163.818,201.457,430.07,67.6601,404.926,0,102.386,105.817,2.03351
3569,33.4001,44.1381,321.584,200.266,350.274,174.892,0,27.5863,5.81374,1.21075
3570,195.303,181.582,282.381,579.399,144.703,615.694,0,113.489,81.814,1.7209
3571,60.4996,80.4183,224.485,732.091,153.253,701.382,0,50.2615,10.2382,1.2037
3572,44.2999,42.5458,260.256,226.127,249.974,184.989,0,26.5912,17.7087,1.66596
3573,226.605,179.706,210.781,436.079,67.6629,405.471,0,112.316,114.288,2.01756
3574,256.306,241.421,452.86,437.69,615.458,539.965,0,150.888,105.418,1.69865
3575,160.101,196.668,313.308,336.55,250.744,184.704,0,122.917,37.1834,1.30251
3576,37.3,43.4943,187.133,625.314,144.843,615.789,0,27.1839,10.1161,1.37214
3577,296.509,238.514,435.675,478.43,598.356,508.496,1,149.071,147.438,1.98904
3578,157.2,178.909,514.657,213.661,648.154,190.933,0,111.818,45.3821,1.40586
3579,195.103,192.996,305.061,328.605,250.549,184.767,0,120.622,74.4805,1.61747
3580,78.4994,69.3253,301.023,759.646,311.373,818.503,0,43.3283,35.171,1.81173
3581,211.804,199.551,475.472,389.76,630.316,334.147,0,124.719,87.0844,1.69824
3582,183.002,231.545,339.748,375.093,250.698,184.796,0,144.716,38.2863,1.26456
3583,146.6,147.308,506.893,121.013,653.635,129.715,0,92.0676,54.5321,1.59231
3584,77.3994,89.5042,176.129,210.474,249.019,185.05,0,55.9401,21.4593,1.38361
3585,9.8,11.0702,247.888,195.968,249.446,185.197,0,6.91885,2.88115,1.41642
3586,20.6,26.8921,627.897,137.529,653.47,129.869,0,16.8076,3.79246,1.22564
3587,39,44.4004,408.199,122.229,405.948,78.2294,0,27.7503,11.2497,1.40539
3588,0,0,618.886,541.933,618.886,541.933,0,0,0,0
3589,53.4998,60.523,302.28,769.436,311.91,818.264,0,37.8269,15.6729,1.41433
3590,110.899,118.893,219.349,765.967,152.829,701.802,0,74.3079,36.591,1.49242
3591,173.901,146.719,217.12,226.176,248.142,184.678,0,91.6993,82.2021,1.89643
3592,10.8,11.4758,364.621,181.29,355.692,174.318,0,7.17237,3.62763,1.50578
3593,146.5,166.108,611.32,416.814,615.574,539.697,0,103.817,42.6824,1.41113
3594,65.0996,76.3929,558.823,338.533,630.333,334.052,0,47.7456,17.354,1.36347
3595,169.201,174.714,369.302,310.281,349.502,174.492,0,109.196,60.0052,1.54952
3596,276.708,233.118,497.48,479.248,615.559,540.083,0,145.699,131.009,1.89917
3597,138.199,110.13,229.095,292.856,248.751,184.983,0,68.8311,69.3681,2.0078
3598,232.405,233.303,460.707,434.952,615.549,539.774,0,145.815,86.5905,1.59384
3599,226.805,237.464,356.889,596.59,144.738,615.702,0,148.415,78.3897,1.52818
3600,235.505,205.816,233.489,430.506,67.8278,405.249,0,128.635,106.87,1.8308
3601,168.601,214.348,432.529,679.988,313.052,818.124,0,133.968,34.6334,1.25852
3602,134.599,121.958,514.448,645.208,613.163,612.6,0,76.2238,58.3753,1.76584
3603,58.8997,63.6428,277.003,229.929,250.217,185.031,0,39.7767,19.123,1.48076
3604,159.101,135.295,286.631,295.278,249.499,185.183,0,84.5596,74.5409,1.88152
3605,46.7999,62.8338,591.614,490.066,615.549,540.228,0,39.2711,7.52872,1.19171
3606,170.401,170.409,507.007,389.986,630.292,334.134,0,106.506,63.8955,1.59993
3607,63.9996,76.1121,103.435,456.065,67.8232,405.303,0,47.5701,16.4295,1.34537
3608,179.602,141.274,281.461,314.79,249.922,185.119,0,88.2961,91.3057,2.03409
3609,135.499,128.915,192.388,390.85,67.7852,405.151,0,80.5721,54.927,1.68171
3610,199.503,175.996,165.56,305.38,248.953,185.012,0,109.998,89.5054,1.8137
3611,63.2996,66.2719,132.695,398.407,67.6497,404.87,0,41.4199,21.8797,1.52824
3612,247.606,181.93,455.302,639.578,613.2,613.042,0,113.706,133.9,2.17759
3613,74.8994,99.3712,329.676,724.41,312.362,818.141,0,62.107,12.7925,1.20597
3614,4.7,4.35872,658.677,188.994,654.816,190.957,0,2.7242,1.9758,1.72528
3615,113.799,122.666,399.883,239.84,355.806,174.308,0,76.6661,37.1328,1.48434
3616,128.799,139.294,498.765,339.783,630.422,333.794,0,87.0587,41.7399,1.47945
3617,124.499,119.78,525.899,345.533,630.29,334.19,0,74.8628,49.6359,1.66302
3618,73.5994,70.858,566.054,717.436,612.239,752.359,0,44.2862,29.3132,1.6619
3619,193.303,193.477,438.288,311.737,355.776,174.247,0,120.923,72.3797,1.59856
3620,127.199,132.14,223.041,590.84,144.694,615.676,0,82.5875,44.6112,1.54017
3621,51.8998,66.1263,587.688,490.089,615.781,540.934,0,41.3289,10.5708,1.25577
3622,229.405,216.223,479.098,412.73,630.371,334.069,0,135.14,94.2653,1.69754
3623,121.799,159.302,401.086,708.808,312.771,817.962,0,99.5637,22.235,1.22332
3624,133.499,139.883,527.115,153.34,653.565,130.25,0,87.427,46.072,1.52698
3625,173.501,139.508,202.182,395.507,67.6646,405.521,0,87.1923,86.3091,1.98987
3626,20.5,26.1807,325.915,183.567,350.198,174.886,0,16.3629,4.1371,1.25283
3627,135.899,135.706,424.841,259.979,355.778,174.32,0,84.8163,51.0828,1.60228
3628,131.399,134.846,268.773,645.379,144.773,615.97,0,84.2787,47.1201,1.5591
3629,32.1001,36.7747,617.192,133.317,653.528,130.028,0,22.9842,9.11588,1.39661
3630,296.509,286.725,284.402,469.805,70.5383,405.114,1,179.203,117.306,1.6546
3631,194.103,167.362,517.017,180.979,356.083,173.498,0,104.601,89.5013,1.85564
3632,100.499,137.616,325.153,696.467,312.311,818.091,0,86.0102,14.4888,1.16845
3633,296.509,104.008,430.552,530.866,425.895,543.689,1,65.0052,231.504,4.56131
3634,69.0995,76.8193,586.076,146.806,653.534,129.934,0,48.0121,21.0875,1.43921
3635,114.599,145.013,265.38,666.388,149.455,693.194,0,90.633,23.9658,1.26443
3636,6.2,6.43265,596.682,836.356,602.747,834.216,0,4.02041,2.17959,1.54213
3637,158,151.355,174.216,341.089,67.7267,404.936,0,94.5966,63.4038,1.67025
3638,60.4996,71.5289,572.81,348.706,630.293,334.06,0,44.7056,15.7941,1.35329
3639,87.5992,87.3588,273.399,769.229,310.855,818.657,0,54.5992,33,1.6044
3640,188.002,155.48,235.238,329.349,249.944,185.026,0,97.1747,90.8276,1.93468
3641,108.899,116.351,452.843,160.558,355.82,174.326,0,72.7192,36.1797,1.49753
3642,4,3.46616,649.277,186.804,650.463,190.061,0,2.16635,1.83365,1.84642
3643,30.8001,35.0444,285.935,193.36,253.277,183.122,0,21.9028,8.89731,1.40622
3644,53.3998,73.3575,195.438,649.712,149.747,693.225,0,45.8484,7.55135,1.1647
3645,252.206,215.211,278.706,379.502,249.31,185.228,0,134.507,117.699,1.87504
3646,214.104,187.431,290.684,344.081,249.257,185.224,0,117.144,96.9597,1.8277
3647,22.7001,25.175,611.107,343.143,630.3,334.082,0,15.7344,6.96567,1.4427
3648,72.8995,86.87,141.398,531.066,139.858,611.125,0,54.2938,18.6057,1.34269
3649,36.4,48.4343,572.484,736.715,612.322,752.244,0,30.2714,6.1286,1.20245
3650,273.107,234.367,465.101,355.518,630.263,334.062,0,146.479,126.628,1.86448
3651,72.7995,82.8559,571.463,664.885,613.154,612.659,0,51.7849,21.0145,1.4058
3652,8.2,8.56628,609.436,546.998,616.532,542.624,0,5.35392,2.84607,1.53159
3653,49.8998,46.168,576.24,626.543,613.305,612.351,0,28.855,21.0448,1.72933
3654,182.202,226.389,330.42,373.934,250.681,184.849,0,141.493,40.7086,1.28771
3655,82.4993,81.3666,586.135,676.759,612.217,752.444,0,50.8541,31.6452,1.62227
3656,19.3,24.5911,238.955,204.66,249.512,185.187,0,15.3694,3.93063,1.25574
3657,212.904,213.002,274.833,557.738,144.696,615.63,0,133.126,79.7774,1.59926
3658,0,0,409.667,72.7369,409.708,72.6451,0,0,0,0
3659,218.304,237.349,266.58,433.449,67.764,404.989,0,148.343,69.9608,1.47161
3660,13.4,17.2194,594.156,753.266,611.099,755.162,0,10.7621,2.63791,1.24511
3661,145.2,158.424,508.573,147.726,653.513,130.218,0,99.0152,46.1845,1.46644
3662,103.699,93.1691,522.087,610.048,613.181,612.752,0,58.2307,45.4683,1.78083
3663,150.1,162.81,501.771,360.446,630.286,334.084,0,101.756,48.3437,1.47509
3664,132.199,147.604,142.364,465.043,67.6487,405.511,0,92.2524,39.9465,1.43301
3665,208.904,237.209,473.574,344.425,630.32,334.151,0,148.256,60.6479,1.40908
3666,12.6,14.0506,599.64,801.031,606.402,811.884,0,8.78164,3.81837,1.43481
3667,74.6994,88.7542,299.914,223.765,250.255,184.91,0,55.4714,19.228,1.34663
3668,243.406,181.696,464.138,656.021,613.334,613.059,0,113.56,129.846,2.14341
3669,167.601,178.143,215.059,492.3,139.639,611.16,0,111.339,56.2618,1.50532
3670,122.699,145.231,533.781,181.086,647.93,191.175,0,90.7695,31.9292,1.35176
3671,40.7,45.6677,598.285,710.454,612.198,752.535,0,28.5423,12.1576,1.42595
3672,5.6,5.84255,654.276,204.625,652.214,199.158,0,3.65159,1.9484,1.53358
3673,70.7995,99.595,236.18,683.982,149.513,693.196,0,62.2469,8.5526,1.1374
3674,41.1999,57.344,328.691,763.526,312.715,818.063,0,35.84,5.35992,1.14955
3675,296.509,314.219,397.611,582.387,598.252,611.839,1,196.387,100.122,1.50982
3676,44.9999,56.3917,560.001,749.606,612.217,752.568,0,35.2448,9.75509,1.27678
3677,35.3,40.28,396.003,174.53,355.811,174.107,0,25.175,10.125,1.40218
3678,200.603,163.28,196.306,438.153,67.645,405.518,0,102.05,98.553,1.96573
3679,142.299,169.063,367.582,682.683,312.335,818.085,0,105.664,36.6353,1.34671
3680,295.709,224.06,454.015,696.233,613.226,612.967,0,140.037,155.671,2.11164
3681,296.509,180.507,471.759,476.337,580.157,457.311,1,112.817,183.692,2.62822
3682,212.704,177.306,229.936,406.216,67.7967,404.987,0,110.816,101.887,1.91943
3683,120.599,132.889,306.42,272.364,250.343,184.882,0,83.0559,37.5428,1.45202
3684,46.5999,42.1368,222.33,210.49,248.375,184.79,0,26.3355,20.2643,1.76947
3685,258.007,268.961,341.065,385.898,349.807,174.682,0,168.101,89.9059,1.53483
3686,96.3991,103.141,405.459,228.134,356.189,173.42,0,64.4632,31.9359,1.49541
3687,274.608,258.907,420.822,394.022,630.264,334.075,0,161.817,112.79,1.69702
3688,296.509,250.714,452.287,477.673,605.477,540.88,1,156.696,139.813,1.89225
3689,168.101,166.544,193.776,341.603,67.6974,404.871,0,104.09,64.0109,1.61496
3690,95.3991,125.707,553.923,187.462,647.832,191.586,0,78.567,16.8321,1.21424
3691,223.804,280.536,329.489,407.542,250.724,184.769,0,175.335,48.4695,1.27644
3692,41.1999,40.8955,293.138,185.525,253.385,182.858,0,25.5597,15.6402,1.61191
3693,285.708,344.08,369.486,477.895,144.767,616.22,0,215.05,70.6582,1.32857
3694,246.506,198.816,305.196,346.199,249.807,185.082,0,124.26,122.246,1.98379
3695,93.4991,113.453,583.385,445.724,615.557,540.226,0,70.9083,22.5909,1.31859
3696,3.4,2.41404,150.76,705.18,150.072,702.867,0,1.50878,1.89122,2.25348
3697,34.1001,29.4927,594.617,625.059,613.26,613.197,0,18.4329,15.6671,1.84995
3698,187.702,202.299,382.594,325.914,350.012,174.813,0,126.437,61.2654,1.48455
3699,75.4994,88.8142,191.636,232.261,249.038,185.029,0,55.5089,19.9906,1.36013
3700,148.9,184.5,387.653,676.759,313.001,818.107,0,115.313,33.5872,1.29127
3701,250.906,267.498,340.627,386.245,349.647,174.565,0,167.186,83.7197,1.50076
3702,20.7,25.5743,239.637,208.424,249.598,185.191,0,15.9839,4.71612,1.29505
3703,282.608,269.758,305.15,437.21,67.7627,405.371,0,168.599,114.009,1.67621
3704,39.8,47.6159,276.628,798.2,311.842,818.311,0,29.76,10.04,1.33737
3705,294.709,268.938,424.764,437.682,615.655,539.55,0,168.086,126.622,1.75332
3706,65.5996,78.9727,149.698,533.651,139.857,611.165,0,49.358,16.2416,1.32906
3707,109.199,126.17,132.427,477.105,67.8422,405.37,0,78.8564,30.3425,1.38478
3708,116.499,123.722,551.6,295.139,630.429,333.832,0,77.3263,39.1725,1.50659
3709,255.206,317.164,318.805,486.234,139.848,611.059,0,198.228,56.9787,1.28744
3710,143.6,110.888,201.896,261.079,248.133,184.746,0,69.305,74.2946,2.07199
3711,7.89999,8.5804,622.114,332.129,630.368,334.256,0,5.36275,2.53725,1.47312
3712,85.8993,87.5117,543.1,598.701,613.25,612.773,0,54.6948,31.2045,1.57052
3713,45.7999,55.1655,576.402,339.305,630.29,334.143,0,34.4784,11.3214,1.32836
3714,178.802,194.297,329.067,344.539,250.207,184.975,0,121.436,57.3658,1.4724
3715,192.503,172.644,277.033,340.194,249.453,185.217,0,107.903,84.6,1.78404
3716,260.607,279.581,313.125,516.515,144.682,615.755,0,174.738,85.8683,1.49141
3717,101.599,106.571,531.625,353.79,630.452,334.5,0,66.6067,34.9924,1.52536
3718,270.007,248,236.128,470.043,67.8283,404.995,0,155,115.007,1.74198
3719,63.3996,79.7503,209.596,688.405,152.615,701.759,0,49.8439,13.5557,1.27196
3720,214.904,194.748,467.57,275.928,355.803,174.336,0,121.718,93.1863,1.76559
3721,110.699,140.94,546.071,459.553,615.548,540.064,0,88.0876,22.6112,1.25669
3722,86.9992,93.6548,227.089,275.694,249.031,184.979,0,58.5342,28.465,1.4863
3723,42.2999,54.6813,599.982,208.17,648.11,198.013,0,34.1758,8.12413,1.23772
3724,42.7999,56.5081,598.096,209.128,648.251,198.129,0,35.3176,7.48234,1.21186
3725,3.8,3.14701,627.271,333.61,630.341,334.274,0,1.96688,1.83312,1.93199
3726,154,141.404,450.319,139.193,356.044,173.661,0,88.3774,65.6228,1.74253
3727,30.6001,31.2716,254.542,215.269,249.638,185.218,0,19.5448,11.0553,1.56564
3728,209.204,198.709,474.973,543.676,613.258,612.538,0,124.193,85.0102,1.6845
3729,100.099,132.629,556.851,181.735,647.857,191.279,0,82.8932,17.2058,1.20757
3730,26.6001,26.0021,237.444,204.702,249.289,185.203,0,16.2513,10.3487,1.63679
3731,10.4,11.1766,263.504,186.425,253.114,183.614,0,6.98538,3.41462,1.48882
3732,81.6993,76.1628,420.161,146.082,356.06,173.594,0,47.6018,34.0976,1.71631
3733,14,13.5871,261.495,194.092,252.823,183.948,0,8.49196,5.50805,1.64862
3734,73.2995,100.028,234.138,677.871,149.474,693.209,0,62.5174,10.7821,1.17247
3735,115.999,122.89,430.298,240.293,356.051,173.507,0,76.8061,39.1927,1.51028
3736,91.9992,89.2323,542.788,595.353,613.278,613.095,0,55.7702,36.229,1.64961
3737,224.404,207.023,501.275,519.718,613.248,612.584,0,129.389,95.015,1.73433
3738,130.799,104.975,207.6,267.005,248.768,184.868,0,65.6091,65.1897,1.99361
3739,32.4001,24.3879,268.704,202.531,252.942,183.848,0,15.2425,17.1576,2.12565
3740,72.0995,102.248,582.92,261.42,647.879,197.837,0,63.9047,8.19476,1.12823
3741,142.8,148.046,506.61,118.609,653.606,130.302,0,92.5285,50.2711,1.5433
3742,87.5992,124.082,255.291,682.008,149.325,693.308,0,77.5513,10.0479,1.12957
3743,189.402,212.463,378.749,346.743,349.484,174.629,0,132.79,56.6128,1.42634
3744,28.6001,37.0159,140.819,657.44,139.861,620.827,0,23.135,5.46511,1.23623
3745,11.5,11.9679,599.439,756.752,611.102,755.267,0,7.47996,4.02004,1.53744
3746,36,47.3478,609.147,193.534,648.041,198.027,0,29.5924,6.40763,1.21653
3747,33.6001,40.6286,160.925,642.137,144.775,616.056,0,25.3929,8.20716,1.32321
3748,63.6996,68.4095,412.914,193.84,355.975,173.629,0,42.7559,20.9437,1.48984
3749,29.7001,34.586,615.14,266.826,635.895,282.416,0,21.6162,8.08383,1.37397
3750,170.301,150.757,443.45,145.037,355.826,174.341,0,94.223,76.0782,1.80743
3751,271.207,279.795,360.497,426.836,349.798,174.742,0,174.872,96.3354,1.55089
3752,25.2001,28.1133,255.668,212.559,249.383,185.233,0,17.5708,7.62928,1.4342
3753,198.903,216.626,337.662,601.89,144.762,616.056,0,135.391,63.5114,1.46909
3754,71.8995,97.7295,337.439,724.122,312.455,818.099,0,61.0809,10.8185,1.17712
3755,114.999,140.44,500.175,719.688,612.205,752.42,0,87.775,27.2238,1.31015
3756,192.303,172.419,200.222,342.868,67.8243,404.959,0,107.762,84.5404,1.78451
3757,17.2,18.6836,592.715,754.515,611.147,755.344,0,11.6772,5.52281,1.47296
3758,132.899,168.02,366.863,681.389,313.289,818.175,0,105.012,27.8866,1.26555
3759,133.899,134.132,546.662,387.41,630.316,334.204,0,83.8327,50.0663,1.59722
3760,89.4992,99.7118,178.267,538.78,139.95,611.101,0,62.3199,27.1793,1.43613
3761,95.8991,104.612,290.906,739.067,311.181,818.621,0,65.3827,30.5164,1.46673
3762,296.509,211.62,443.325,496.933,588.453,475.653,1,132.263,164.246,2.24182
3763,204.203,187.374,476.554,552.637,613.337,613.144,0,117.109,87.0944,1.74371
3764,26.3001,30.0421,572.744,834.837,602.462,833.334,0,18.7763,7.52376,1.40071
3765,94.4991,98.8974,264.144,280.994,249.572,185.216,0,61.8109,32.6882,1.52884
3766,53.8997,61.3019,560.515,740.472,612.072,752.597,0,38.3137,15.586,1.4068
3767,23.7001,30.2062,413.242,107.112,405.879,78.1357,0,18.8789,4.82115,1.25537
3768,120.599,149.217,273.552,688.619,149.434,693.332,0,93.2606,27.3382,1.29314
3769,192.103,189.2,508.398,418.269,630.281,334.123,0,118.25,73.8528,1.62455
3770,250.006,345.657,389.505,536.181,312.662,817.983,0,216.036,33.9703,1.15724
3771,261.907,204.762,432.942,634.431,613.327,613.142,0,127.977,133.93,2.04652
3772,61.0996,75.9404,590.041,190.216,647.882,197.595,0,47.4627,13.6369,1.28732
3773,117.799,145.995,543.782,465.111,615.52,540.004,0,91.247,26.5518,1.29099
3774,94.9991,98.8303,436.059,197.173,356.059,173.43,0,61.769,33.2302,1.53797
3775,156.8,134.615,502.295,651.159,613.255,613.106,0,84.1342,72.6662,1.86369
3776,241.706,228.868,301.188,379.674,249.75,185.122,0,143.043,98.6628,1.68974
3777,0,0,614.21,759.002,614.21,759.002,0,0,0,0
3778,81.0993,109.733,351.045,717.054,312.812,818.018,0,68.583,12.5163,1.1825
3779,79.5994,74.7195,421.696,150.637,356.133,173.523,0,46.6997,32.8997,1.7045
3780,71.6995,79.2029,574.877,665.006,613.257,612.894,0,49.5018,22.1977,1.44842
3781,81.3993,93.8346,189.275,560.653,139.95,611.166,0,58.6466,22.7527,1.38796
3782,17.6,20.4715,376.208,175.813,355.901,174.048,0,12.7947,4.80534,1.37557
3783,205.103,219.189,373.148,366.349,349.506,174.639,0,136.993,68.1105,1.49718
3784,164.701,152.969,240.625,326.026,249.17,185.116,0,95.6054,69.0955,1.72271
3785,220.304,161.423,218.372,418.376,67.7475,405.589,0,100.889,119.415,2.18363
3786,195.003,163.291,226.036,323.611,249.536,185.235,0,102.057,92.946,1.91073
3787,97.1991,97.3199,165.881,398.938,67.7986,405.355,0,60.8249,36.3742,1.59801
3788,97.7991,133.132,555.039,180.774,647.959,191.154,0,83.2078,14.5913,1.17536
3789,252.906,234.679,445.457,386.036,630.362,334.054,0,146.674,106.232,1.72427
3790,57.4997,64.7477,589.096,692.643,612.159,752.503,0,40.4673,17.0324,1.42089
3791,0,0,352.992,169.673,352.992,169.673,0,0,0,0
3792,64.2996,69.0638,594.745,183.128,647.683,191.863,0,43.1648,21.1347,1.48963
3793,296.509,309.668,363.375,464.25,342.833,181.574,1,193.543,102.966,1.53201
3794,193.203,149.536,493.566,627.701,613.354,612.537,0,93.4602,99.7423,2.06722
3795,112.699,120.623,219.469,604.617,144.718,615.691,0,75.3892,37.3097,1.49489
3796,210.104,294.003,376.479,568.099,312.647,817.974,0,183.752,26.3518,1.14341
3797,217.604,230.548,388.94,351.266,349.846,174.719,0,144.093,73.5114,1.51017
3798,110.399,117.852,561.18,386.247,630.325,334.22,0,73.6575,36.7414,1.49881
3799,52.2998,57.8559,611.587,159.261,648.452,190.889,0,36.16,16.1398,1.44635
3800,102.499,104.342,215.987,280.571,248.196,184.661,0,65.214,37.285,1.57173
3801,45.2999,43.1617,289.51,204.201,252.959,183.831,0,26.9761,18.3238,1.67926
3802,230.105,219.553,391.438,337.176,349.602,174.638,0,137.22,92.8844,1.6769
3803,57.3997,73.7583,542.307,762.224,611.12,755.224,0,46.0989,11.3008,1.24514
3804,115.899,158.284,285.889,697.289,311.978,818.199,0,98.9278,16.971,1.17155
3805,68.2995,88.2622,554.767,499.153,615.727,539.54,0,55.1639,13.1357,1.23812
3806,270.107,277.457,415.277,375.61,349.706,174.708,0,173.41,96.6969,1.55762
3807,232.905,232.149,482.614,468.049,615.499,539.935,0,145.093,87.8119,1.60521
3808,4.5,4.2218,632.466,284.921,636.513,283.72,0,2.63863,1.86137,1.70543
3809,296.509,275.831,422.548,559.568,589.135,614.589,1,172.394,124.115,1.71995
3810,0,0,353.514,170.572,353.514,170.572,0,0,0,0
3811,74.0994,98.6118,337.87,722.459,312.568,817.972,0,61.6324,12.4671,1.20228
3812,172.301,125.291,225.855,304.81,248.768,185.018,0,78.3068,93.9945,2.20034
3813,126.599,138.175,361.444,269.445,349.45,174.531,0,86.3596,40.239,1.46595
3814,111.299,113.897,551.971,154.187,653.488,130.049,0,71.1855,40.1134,1.56351
3815,87.1992,111.491,527.607,725.842,611.901,753.115,0,69.6817,17.5175,1.25139
3816,39.7,44.8673,408.188,122.251,405.931,78.1533,0,28.042,11.6579,1.41573
3817,184.802,162.178,474.033,644.505,613.267,613.137,0,101.361,83.4406,1.8232
3818,49.6998,63.4014,121.6,566.715,139.871,611.132,0,39.6259,10.0739,1.25423
3819,173.401,149.412,561.827,551.895,613.312,612.409,0,93.3826,80.0188,1.85689
3820,121.399,124.219,540.085,152.945,653.542,130.049,0,77.6366,43.7621,1.56368
3821,264.507,168.998,499.742,633.166,613.25,613.014,0,105.624,158.883,2.50423
3822,99.899,105.989,560.392,375.108,630.401,334.346,0,66.2432,33.6558,1.50806
3823,18.4,23.4477,414.65,99.8855,408.315,77.3115,0,14.6548,3.74524,1.25556
3824,27.1001,28.604,132.943,586.834,139.889,611.065,0,17.8775,9.22255,1.51587
3825,194.203,169.482,170.505,306.923,249.047,185.024,0,105.927,88.2761,1.83337
3826,79.2994,89.3445,302.96,227.131,349.923,174.758,0,55.8403,23.4591,1.42011
3827,13.6,17.166,636.563,129.054,653.549,129.974,0,10.7288,2.87126,1.26762
3828,260.707,271.671,301.667,410.956,249.53,185.206,0,169.794,90.9124,1.53543
3829,246.306,240.069,306.161,378.019,248.903,184.983,0,150.043,96.2628,1.64157
3830,39.3,43.9361,174.539,636.436,144.766,616.087,0,27.4601,11.8399,1.43117
3831,262.807,291.011,376.089,556.937,144.823,616.167,0,181.882,80.9247,1.44493
3832,268.807,236.112,510.326,477.651,615.488,539.984,0,147.57,121.237,1.82156
3833,93.4991,122.041,355.429,704.693,312.897,817.97,0,76.2754,17.2238,1.22581
3834,65.9996,72.2815,138.795,396.771,67.7884,405.248,0,45.1759,20.8237,1.46095
3835,183.202,160.972,237.381,334.491,249.469,185.202,0,100.607,82.5946,1.82096
3836,222.604,204.716,476.57,391.94,630.353,334.092,0,127.947,94.6571,1.73981
3837,178.702,161.197,459.78,598.174,613.287,612.472,0,100.748,77.9534,1.77374
3838,52.6998,69.3773,207.47,676.011,149.589,693.171,0,43.3608,9.33897,1.21538
3839,7.3,7.99276,639.39,197.853,646.96,195.296,0,4.99547,2.30452,1.46132
3840,256.206,238.523,307.523,375.177,249.139,185.137,0,149.077,107.13,1.71862
3841,130.299,135.514,531.739,148.261,653.481,130.025,0,84.6965,45.6022,1.53842
3842,107.399,97.5474,519.657,608.918,613.356,612.525,0,60.9671,46.4318,1.76159
3843,58.0997,68.1233,409.426,146.914,356.019,173.709,0,42.5771,15.5226,1.36458
3844,21.4,27.4062,583.847,754.972,611.103,755.191,0,17.1288,4.2712,1.24936
3845,263.207,254.874,413.42,362.925,356.096,173.475,0,159.296,103.91,1.65231
3846,49.7998,51.1773,605.167,296.237,635.866,282.374,0,31.9858,17.814,1.55693
3847,57.5997,69.5931,186.017,599.231,144.68,615.691,0,43.4957,14.104,1.32426
3848,11.1,10.0576,608.054,547.939,617.005,543.518,0,6.28598,4.81403,1.76584
3849,64.4996,64.6473,393.086,186.213,355.847,174.226,0,40.4046,24.095,1.59634
3850,196.503,262.539,284.04,511.119,139.856,611.061,0,164.087,32.4158,1.19755
3851,143.7,147.516,518.053,137.6,653.584,129.692,0,92.1974,51.5022,1.55861
3852,65.6996,68.923,566.486,718.396,612.187,752.469,0,43.0769,22.6227,1.52517
3853,176.402,156.305,215.81,382.461,67.8255,404.962,0,97.6908,78.7108,1.80571
3854,42.1999,54.545,197.557,625.361,144.793,615.879,0,34.0906,8.10929,1.23787
3855,82.9993,95.0494,217.202,267.304,248.613,184.948,0,59.4059,23.5934,1.39716
3856,148.8,160.567,507.328,147.479,653.472,129.95,0,100.354,48.4456,1.48275
3857,172.401,183.38,483.392,304.913,630.364,334.055,0,114.613,57.7888,1.50421
3858,28.3001,31.0846,140.85,664.256,149.449,693.267,0,19.4279,8.87221,1.45667
3859,46.9999,43.1119,110.03,407.796,67.802,405.401,0,26.9449,20.0549,1.74429
3860,296.509,219.33,420.561,491.667,587.047,470.857,1,137.082,159.427,2.16301
3861,169.201,154.428,220.586,391.418,67.7643,405.172,0,96.5178,72.6833,1.75306
3862,53.4998,49.0521,218.945,218.702,249.01,184.985,0,30.6575,22.8422,1.74508
3863,156.5,149.186,408.349,261.979,355.809,174.324,0,93.2412,63.2591,1.67845
3864,47.1999,59.8283,193.161,680.257,149.482,693.264,0,37.3927,9.80718,1.26228
3865,223.304,216.425,391.874,335.845,349.908,174.73,0,135.266,88.0387,1.65086
3866,62.9996,76.0967,349.912,201.235,349.904,174.84,0,47.5604,15.4392,1.32462
3867,125.299,122.384,159.806,490.505,140.108,611.083,0,76.4899,48.8087,1.63811
3868,217.404,235.944,264.15,433.036,67.7873,404.96,0,147.465,69.9393,1.47428
3869,128.599,109.214,515.758,633.864,613.293,613.046,0,68.2589,60.3398,1.88398
3870,3.9,3.34361,358.107,176.652,355.757,174.274,0,2.08975,1.81024,1.86625
3871,125.599,152.304,538.23,215.224,648.37,190.8,0,95.1897,30.4089,1.31946
3872,157.9,211.696,515.432,248.497,647.875,197.72,0,132.31,25.5903,1.19341
3873,296.509,242.92,437.613,599.711,601.094,613.034,1,151.825,144.684,1.95296
3874,78.8994,77.4005,200.1,586.751,144.748,615.724,0,48.3753,30.524,1.63098
3875,59.9997,77.4325,354.21,196.86,349.994,174.819,0,48.3953,11.6044,1.23978
3876,93.2991,109.659,287.071,279.892,250.305,184.919,0,68.537,24.7621,1.3613
3877,210.104,206.315,258.539,381.169,67.7681,404.98,0,128.947,81.1567,1.62938
3878,84.8993,88.567,154.064,403.695,67.7672,405.151,0,55.3544,29.5449,1.53374
3879,296.509,340.374,447.021,526.371,595.706,612.573,1,212.733,83.7754,1.3938
3880,85.3993,87.0185,586.948,290.427,630.369,333.759,0,54.3866,31.0127,1.57023
3881,38.1,45.4156,608.713,131.672,653.547,130.044,0,28.3847,9.71525,1.34227
3882,72.9995,77.3098,268.413,259.525,249.878,185.098,0,48.3186,24.6809,1.51079
3883,267.507,245.069,280.359,433.351,67.8023,405.154,0,153.168,114.339,1.74649
3884,185.702,160.196,211.626,319.207,249.176,185.143,0,100.123,85.5796,1.85475
3885,128.299,139.202,589.526,379.8,630.263,334.262,0,87.0015,41.2971,1.47467
3886,62.4996,81.6331,584.209,472.736,615.682,540.498,0,51.0207,11.4789,1.22499
3887,142.499,151.342,287.206,627.244,144.735,616.28,0,94.5887,47.9108,1.50652
3888,109.299,135.19,568.62,421.161,615.631,539.63,0,84.4936,24.8053,1.29358
3889,37.6,50.1777,324.642,769.953,312.764,817.958,0,31.3611,6.23894,1.19894
3890,110.799,124.561,530.852,119.124,653.57,129.962,0,77.8508,32.9481,1.42322
3891,6.4,6.60494,73.2569,401.052,66.8895,402.807,0,4.12809,2.27191,1.55035
3892,87.2992,92.4671,568.221,140.519,653.508,129.969,0,57.7919,29.5073,1.51058
3893,147.6,157.803,228.445,565.99,144.71,615.689,0,98.6271,48.9727,1.49654
3894,19.7,22.9473,378.296,177.976,355.914,174.036,0,14.3421,5.35797,1.37358
3895,248.206,249.989,399.824,365.246,349.98,174.776,0,156.243,91.9628,1.58859
3896,76.3994,85.0717,177.632,553.137,139.907,611.137,0,53.1698,23.2296,1.43689
3897,188.802,177.062,305.249,652.262,144.741,615.731,0,110.664,78.1387,1.70609
3898,210.504,169.852,237.293,342.611,249.29,185.248,0,106.158,104.346,1.98293
3899,0,0,356.114,173.447,356.114,173.447,0,0,0,0
3900,157.5,136.641,508.124,661.889,613.303,612.453,0,85.4006,72.0998,1.84425
3901,93.2991,96.3543,541.957,353.054,630.422,333.853,0,60.2214,33.0777,1.54927
3902,247.306,305.675,279.132,475.645,139.864,611.099,0,191.047,56.2593,1.29448
3903,46.7999,61.5811,409.552,139.13,405.853,78.1729,0,38.4882,8.31166,1.21595
3904,163.501,157.795,191.214,346.382,67.7814,405.037,0,98.6219,64.8789,1.65785
3905,188.302,170.286,170.937,305.977,248.072,184.679,0,106.428,81.8738,1.76928
3906,182.302,223.445,441.512,679.22,312.964,818.066,0,139.653,42.6485,1.30539
3907,89.7992,92.6309,432.688,192.293,355.738,174.312,0,57.8943,31.9049,1.55109
3908,186.102,163.219,503.942,377.62,630.308,334.06,0,102.012,84.0901,1.82431
3909,145.4,160.994,183.757,471.047,140.188,611.209,0,100.621,44.7785,1.44502
3910,149.4,162.14,383.384,262.371,349.803,174.733,0,101.338,48.0622,1.47428
3911,185.202,204.555,346.502,341.994,349.74,174.719,0,127.847,57.3555,1.44863
3912,60.4996,61.6995,264.088,245.06,249.928,185.111,0,38.5622,21.9375,1.56889
3913,280.208,293.825,411.132,408.254,349.522,174.63,0,183.64,96.5675,1.52585
3914,49.8998,64.6607,204.012,633.364,144.635,615.655,0,40.4129,9.48686,1.23475
3915,296.509,227.486,406.778,503.465,574.771,450.302,1,142.179,154.33,2.08546
3916,295.409,251.744,410.124,615.025,613.343,612.553,0,157.34,138.069,1.87752
3917,198.603,225.282,275.227,548.727,144.664,615.628,0,140.801,57.8016,1.41052
3918,85.0993,90.678,563.414,127.257,653.533,130.045,0,56.6738,28.4255,1.50156
3919,35.2,40.2305,82.0857,432.573,67.6469,405.485,0,25.144,10.056,1.39994
3920,285.208,276.503,286.698,456.341,67.6843,405.604,0,172.814,112.394,1.65037
3921,177.802,192.957,295.346,585.717,144.831,616.133,0,120.598,57.2033,1.47433
3922,136.499,125.935,189.802,390.356,67.7402,404.789,0,78.7094,57.7897,1.73422
3923,39.7,33.608,581.911,619.283,613.267,613.114,0,21.005,18.695,1.89003
3924,16.8,21.3944,142.753,590.267,139.863,611.116,0,13.3715,3.42854,1.25641
3925,25.6001,29.0109,614.037,271.974,636.065,282.577,0,18.1318,7.46826,1.41189
3926,117.999,144.245,272.959,702.184,149.552,693.281,0,90.1529,27.8458,1.30887
3927,146.5,153.333,337.699,292.075,349.906,174.68,0,95.8331,50.6666,1.5287
3928,89.6992,104.853,241.242,621.382,144.774,616.176,0,65.5331,24.1661,1.36876
3929,65.2996,77.2234,103.465,457.12,67.7144,405.513,0,48.2647,17.0349,1.35295
3930,37.6,41.787,560.568,833.529,602.38,833.327,0,26.1169,11.4831,1.43968
3931,296.509,276.395,410.99,566.23,589.981,616.351,1,172.747,123.762,1.71643
3932,239.005,206.085,479.107,278.146,356.094,173.531,0,128.803,110.202,1.85558
3933,53.7998,70.4593,201.421,638.582,144.804,616.058,0,44.037,9.76271,1.22169
3934,257.106,320.321,318.025,478.91,139.851,611.111,0,200.2,56.9061,1.28425
3935,1.9,1.04768,316.892,818.424,316.117,819.371,0,0.654801,1.2452,2.90164
3936,250.306,258.309,364.795,406.07,349.844,174.678,0,161.443,88.8632,1.55043
3937,99.1991,116.213,543.143,672.702,613.26,613.083,0,72.6331,26.5659,1.36575
3938,288.408,305.759,374.943,440.959,349.804,174.714,0,191.099,97.309,1.50921
3939,103.999,118.432,179.538,250.88,248.615,184.895,0,74.02,29.9789,1.40501
3940,40.7999,50.7382,604.056,209.277,648.025,197.901,0,31.7114,9.0886,1.2866
3941,73.2995,66.481,301.591,761.984,311.25,818.511,0,41.5506,31.7488,1.7641
3942,0,0,646.918,194.166,646.918,194.166,0,0,0,0
3943,130.899,107.303,205.853,264.833,248.193,184.701,0,67.0645,63.8343,1.95184
3944,145.3,164.712,534.798,476.649,615.468,540.018,0,102.945,42.3549,1.41143
3945,63.2996,92.0531,577.377,252.626,648.01,197.78,0,57.5332,5.76643,1.10023
3946,228.805,234.282,355.606,369.386,349.863,174.818,0,146.426,82.3788,1.5626
3947,23.0001,29.4937,625.529,137.954,653.542,129.962,0,18.4336,4.56647,1.24773
3948,177.302,231.879,491.404,260.533,648.075,197.955,0,144.924,32.3771,1.22341
3949,296.509,222.702,402.213,462.506,583.343,462.464,1,139.189,157.32,2.13027
3950,95.1991,115.799,98.509,482.979,67.7877,405.325,0,72.3742,22.8249,1.31537
3951,193.803,200.324,332.528,627.558,144.812,616.102,0,125.202,68.6003,1.54792
3952,109.599,134.605,529.244,735.095,611.15,755.171,0,84.1284,25.4705,1.30276
3953,167.401,147.071,467.756,213.572,356.077,173.571,0,91.9193,75.4817,1.82117
3954,159.601,122.071,221.17,302.616,248.984,184.975,0,76.2941,83.3065,2.09191
3955,199.203,193.416,474.721,546.551,613.304,613.147,0,120.885,78.3183,1.64788
3956,97.0991,105.885,244.724,622.042,144.764,616.148,0,66.1783,30.9208,1.46723
3957,0,0,152.398,696.585,152.398,696.585,0,0,0,0
3958,289.808,298.221,270.076,458.031,67.6915,405.463,0,186.388,103.42,1.55486
3959,136.999,130.169,281.056,303.07,249.596,185.179,0,81.3554,55.6437,1.68396
3960,289.608,288.249,426.438,416.169,630.37,334.097,0,180.156,109.453,1.60755
3961,116.499,122.588,546.636,565.551,613.244,612.624,0,76.6178,39.881,1.52052
3962,72.2995,84.5752,181.388,209.151,248.839,185.028,0,52.8595,19.44,1.36777
3963,296.509,265.776,424.06,436.724,606.561,539.505,1,166.11,130.399,1.78501
3964,18.7,22.3018,318.695,796.575,312.803,818.063,0,13.9386,4.76142,1.3416
3965,275.708,254.78,466.051,504.586,613.172,613.041,0,159.238,116.47,1.73142
3966,203.803,232.995,274.425,540.805,144.732,615.69,0,145.622,58.1815,1.39954
3967,85.1993,82.8267,429.586,145.913,356.103,173.426,0,51.7667,33.4326,1.64583
3968,162.301,148.686,484.988,153.39,356.017,173.653,0,92.9289,69.3718,1.7465
3969,228.605,218.017,296.673,564.306,144.71,615.744,0,136.261,92.3439,1.6777
3970,58.3997,76.0418,213.928,676.822,149.535,693.185,0,47.5261,10.8736,1.22879
3971,187.302,184.688,494.65,300.533,630.311,334.071,0,115.43,71.872,1.62264
3972,128.599,153.861,281.496,700.037,149.711,693.253,0,96.1628,32.4358,1.3373
3973,63.3996,82.9332,580.499,477.361,615.655,540.466,0,51.8332,11.5664,1.22315
3974,0,0,403.448,72.2556,403.448,72.2556,0,0,0,0
3975,201.403,169.854,272.259,338.526,249.837,185.087,0,106.159,95.2442,1.89718
3976,103.599,111.132,269.608,750.784,310.404,818.913,0,69.4573,34.1417,1.49155
3977,132.999,132.377,139.872,495.194,139.685,611.119,0,82.7359,50.263,1.60751
3978,296.509,266.552,422.088,582.539,595.224,614.254,1,166.595,129.914,1.77982
3979,296.509,217.686,397.641,471.106,576.959,450.203,1,136.054,160.455,2.17935
3980,289.408,216.74,455.102,687.712,613.295,613.115,0,135.462,153.946,2.13645
3981,83.2993,113.067,561.244,207.504,647.825,191.7,0,70.667,12.6323,1.17876
3982,97.3991,104.204,561.503,374.418,630.415,333.741,0,65.1277,32.2714,1.49551
3983,125.299,144.914,562.292,415.83,615.561,539.725,0,90.5711,34.7275,1.38343
3984,122.299,130.273,524.967,673.1,613.34,613.083,0,81.4204,40.8783,1.50207
3985,34.8,46.2715,305.915,187.165,349.974,174.832,0,28.9197,5.88038,1.20333
3986,33.5001,36.3187,143.298,657.839,149.846,693.254,0,22.6992,10.8008,1.47582
3987,237.905,186.182,235.133,375.39,67.6969,405.556,0,116.364,121.541,2.04449
3988,143.6,157.931,355.203,309.034,349.383,174.49,0,98.7067,44.8929,1.45481
3989,212.604,281.884,302.193,514.75,139.933,611.05,0,176.178,36.4262,1.20676
3990,237.405,189.67,451.354,639.694,613.31,613.117,0,118.544,118.862,2.00268
3991,29.0001,34.8178,616.3,210.922,648.22,198.122,0,21.7611,7.23895,1.33266
3992,232.605,195.513,261.903,354.241,249.144,185.098,0,122.195,110.41,1.90355
3993,29.2001,25.6516,592.432,620.583,613.237,612.838,0,16.0322,13.1678,1.82133
3994,140.399,128.747,510.841,653.426,613.247,613.038,0,80.4667,59.9327,1.74481
3995,245.206,221.258,459.365,329.807,356.067,173.532,0,138.286,106.92,1.77318
3996,164.301,140.742,199.649,304.141,248.496,184.775,0,87.9638,76.337,1.86782
3997,269.007,286.975,377.837,423.978,349.676,174.595,0,179.36,89.6477,1.49982
3998,102.399,108.583,250.945,632.341,144.731,615.647,0,67.8646,34.5344,1.50887
3999,148.5,135.999,472.098,154.43,356.127,173.508,0,84.9996,63.5003,1.74707
4000,55.0997,70.847,589.889,482.475,615.754,540.505,0,44.2794,10.8204,1.24437
4001,43.2999,61.2076,209.588,724.108,152.717,701.756,0,38.2548,5.04516,1.13188
4002,253.506,196.438,461.467,664.333,613.275,613.07,0,122.774,130.733,2.06483
4003,121.699,170.696,550.028,246.677,647.979,197.83,0,106.685,15.0139,1.14073
4004,104.399,124.205,537.616,679.776,613.274,613.081,0,77.6284,26.7706,1.34486
4005,122.499,121.142,127.146,510.199,139.745,611.07,0,75.7136,46.7851,1.61792
4006,223.104,221.171,455.83,335.184,355.775,174.335,0,138.232,84.8723,1.61398
4007,104.999,110.467,374.87,216.23,355.772,174.309,0,69.0416,35.9574,1.52081
4008,58.2997,59.6256,600.117,174.867,647.748,191.865,0,37.266,21.0337,1.56442
4009,91.7992,105.585,357.632,224.937,349.991,174.815,0,65.9906,25.8086,1.39109
4010,67.8995,80.7636,556.041,348.831,630.361,333.791,0,50.4772,17.4223,1.34515
4011,31.1001,27.4119,266.86,206.15,252.367,183.985,0,17.1324,13.9677,1.81528
4012,292.309,275.508,425.263,411.356,630.303,334.067,0,172.192,120.116,1.69757
4013,100.099,100.804,168.565,400.417,67.7951,405.246,0,63.0024,37.0966,1.58881
4014,142.6,157.141,186.055,477.93,140.073,611.154,0,98.2129,44.3866,1.45194
4015,10.5,10.3159,607.359,547.085,616.48,542.284,0,6.44742,4.05258,1.62856
4016,115.699,115.919,258.623,296.626,250.028,184.995,0,72.4491,43.2497,1.59697
4017,142.199,140.035,201.278,394.278,67.7438,404.785,0,87.5219,54.6776,1.62473
4018,168.001,206.718,352.065,629.923,312.67,818.013,0,129.199,38.8024,1.30033
4019,157.2,197.494,525.74,505.376,615.494,540.036,0,123.434,33.7668,1.27356
4020,99.899,106.462,251.878,763.957,310.889,818.693,0,66.5385,33.3605,1.50137
4021,186.502,231.339,267.94,514.62,139.862,611.088,0,144.587,41.9156,1.2899
4022,183.202,175.755,489.909,306.007,630.268,334.087,0,109.847,73.355,1.66779
4023,275.908,296.799,349.085,431.876,349.397,174.501,0,185.5,90.408,1.48738
4024,109.499,100.736,215.469,258.875,249.077,185.146,0,62.9602,46.5387,1.73918
4025,150.1,177.954,377.775,670.434,312.249,818.187,0,111.221,38.8787,1.34956
4026,253.406,318.849,310.304,476.694,139.857,611.195,0,199.28,54.1259,1.27161
4027,226.005,202.113,477.45,400.237,630.341,334.068,0,126.32,99.6842,1.78914
4028,184.802,165.807,175.449,302.758,248.797,184.98,0,103.629,81.1726,1.7833
4029,258.707,224.472,248.447,442.673,67.8314,405.203,0,140.295,118.412,1.84402
4030,176.102,191.7,217.478,478.255,140.105,611.118,0,119.812,56.2891,1.46981
4031,75.8994,97.6215,221.292,750.349,152.72,701.82,0,61.0135,14.886,1.24398
4032,296.509,264.546,406.232,450.642,596.078,504.226,1,165.341,131.168,1.79332
4033,126.099,112.524,544.143,576.723,613.236,613.043,0,70.3275,55.7712,1.79302
4034,128.699,149.037,615.485,445.363,615.664,539.55,0,93.1479,35.5508,1.38166
4035,248.006,281.134,358.778,553.181,144.752,615.759,0,175.709,72.2974,1.41146
4036,43.4999,54.5867,561.148,748.081,612.186,752.547,0,34.1167,9.38321,1.27503
4037,201.103,189.832,284.799,572.033,144.675,615.616,0,118.645,82.4582,1.695
4038,223.004,174.887,237.004,346.916,249.129,185.132,0,109.304,113.7,2.04021
4039,287.208,220.126,461.556,686.472,613.305,613.17,0,137.579,149.629,2.08759
4040,143,153.59,354.773,303.51,349.618,174.565,0,95.9935,47.006,1.48968
4041,288.508,348.451,372.626,479.773,144.747,616.251,0,217.782,70.7267,1.32476
4042,57.7997,69.6196,584.642,309.529,630.392,334.343,0,43.5122,14.2875,1.32835
4043,187.102,236.534,267.962,520.114,139.908,611.07,0,147.834,39.2683,1.26562
4044,182.602,192.353,492.308,401.543,630.362,334.088,0,120.221,62.3814,1.51889
4045,23.8001,26.5959,142.538,668.333,149.652,693.213,0,16.6225,7.17759,1.4318
4046,122.999,141.508,213.819,530.863,140.147,611.168,0,88.4422,34.5565,1.39072
4047,65.5996,68.1675,420.164,179.477,355.758,174.258,0,42.6047,22.9949,1.53973
4048,21.2,18.8259,86.4381,404.975,67.71,404.956,0,11.7662,9.43386,1.80178
4049,51.7998,63.2105,406.67,151.458,355.954,173.778,0,39.5065,12.2933,1.31117
4050,143.7,153.303,516.058,142.372,653.628,130.29,0,95.8144,47.8852,1.49977
4051,99.1991,100.84,546.271,322.11,630.289,334.282,0,63.0253,36.1738,1.57396
4052,113.299,112.933,169.51,513.256,139.722,611.151,0,70.5828,42.716,1.60519
4053,109.199,121.114,197.057,534.295,139.929,611.122,0,75.6964,33.5025,1.44259
4054,119.699,120.79,128.963,509.906,139.69,611.102,0,75.4936,44.2051,1.58555
4055,17.9,22.0116,331.977,186.444,349.845,174.643,0,13.7572,4.14279,1.30114
4056,262.107,277.269,401.814,395.099,349.458,174.559,0,173.293,88.8135,1.5125
4057,254.206,187.143,451.87,643.494,613.161,612.992,0,116.965,137.242,2.17336
4058,122.499,121.78,185.261,263.632,248.619,184.902,0,76.1125,46.3862,1.60944
4059,186.402,161.453,179.082,302.611,249.441,185.185,0,100.908,85.494,1.84725
4060,17.3,23.2231,175.009,709.365,153.149,701.551,0,14.5144,2.78559,1.19192
4061,63.7996,73.5552,266.697,254.139,250.257,184.907,0,45.972,17.8276,1.38779
4062,0,0,604.422,831.134,604.419,831.132,0,0,0,0
4063,7.6,8.32427,152.086,620.007,144.233,617.247,0,5.20267,2.39733,1.46079
4064,174.201,192.008,363.431,284.931,349.6,174.573,0,120.005,54.1962,1.45161
4065,0,0,612.119,815.35,612.119,815.35,0,0,0,0
4066,37.6,31.4854,584.419,619.352,613.313,613.103,0,19.6784,17.9216,1.91073
4067,42.2999,56.1952,556.695,820.931,602.393,833.253,0,35.122,7.17795,1.20437
4068,170.501,203.155,372.107,643.845,313.118,818.126,0,126.972,43.5291,1.34282
4069,158.5,182.984,377.444,305.829,349.747,174.678,0,114.365,44.1358,1.38592
4070,5.7,5.19693,360.381,176.429,355.807,174.114,0,3.24808,2.45191,1.75488
4071,168.401,197.724,204.172,455.737,139.861,611.139,0,123.578,44.8235,1.36272
4072,179.302,197.533,243.48,499.644,139.629,611.169,0,123.458,55.8437,1.45233
4073,106.499,118.139,258.87,297.158,250.355,184.91,0,73.8366,32.6623,1.44236
4074,60.2997,63.0824,595.782,175.61,647.724,191.882,0,39.4265,20.8731,1.52942
4075,134.099,155.876,92.613,494.806,67.6441,405.567,0,97.4224,36.6766,1.37647
4076,155.3,169.383,499.406,142.912,653.453,130.209,0,105.864,49.4362,1.46698
4077,29.9001,37.4211,614.973,213.428,648.407,198.106,0,23.3882,6.51187,1.27843
4078,16.3,18.6987,605.79,556.272,616.287,542.031,0,11.6867,4.61332,1.39475
4079,79.5994,89.3623,222.423,266.209,249.293,185.202,0,55.8514,23.7479,1.4252
4080,27.2001,24.7741,92.6395,406.23,67.6612,404.846,0,15.4838,11.7162,1.75667
4081,12.7,15.4521,601.366,537.904,615.62,540.312,0,9.65757,3.04245,1.31503
4082,170.801,187.789,216.107,482.476,140.126,611.092,0,117.368,53.4334,1.45526
4083,252.406,213.778,224.934,417.972,67.6468,405.48,0,133.611,118.795,1.88911
4084,145.7,191.362,535.777,311.389,647.855,197.755,0,119.601,26.0982,1.21821
4085,8.5,9.16256,358.126,183.185,354.586,174.735,0,5.7266,2.7734,1.4843
4086,154.4,131.759,205.643,305.989,249.074,185.126,0,82.3493,72.051,1.87494
4087,162.401,144.496,502.754,665.586,613.197,613.005,0,90.3098,72.0909,1.79826
4088,7.6,7.89741,608.171,541.757,615.66,539.599,0,4.93588,2.66412,1.53975
4089,28.7001,30.1112,588.494,769.02,611.192,754.822,0,18.8195,9.88056,1.52502
4090,264.707,296.26,375.249,551.739,144.833,616.208,0,185.162,79.5447,1.42959
4091,21.8,24.7889,275.058,193.757,253.196,183.233,0,15.4931,6.30696,1.40708
4092,89.8992,93.1496,243.702,782.58,310.737,818.838,0,58.2185,31.6807,1.54417
4093,244.606,193.343,222.68,431.103,67.7021,405.628,0,120.839,123.766,2.02422
4094,116.199,144.392,544.074,463.541,615.481,539.782,0,90.2452,25.9536,1.28759
4095,164.501,174.347,420.281,294.35,355.675,174.306,0,108.967,55.5339,1.50964
4096,58.6997,74.9676,121.658,555.442,139.873,611.112,0,46.8548,11.8449,1.2528
4097,130.099,175.891,525.509,289.244,648.04,197.877,0,109.932,20.1666,1.18345
4098,45.3999,57.7666,412.541,134.49,405.852,78.1334,0,36.1041,9.29573,1.25747
4099,11.8,11.1468,606.694,547.376,616.643,542.643,0,6.96675,4.83326,1.69376
4100,199.803,219.313,498.59,464.874,615.541,540.159,0,137.071,62.7325,1.45767
4101,96.6991,109.581,286.255,280.339,250.2,185.006,0,68.488,28.2111,1.41191
4102,44.9999,58.6162,314.148,768.035,311.902,818.287,0,36.6351,8.36475,1.22833
4103,281.908,289.27,347.758,422.552,349.852,174.786,0,180.794,101.114,1.55928
4104,161.401,151.099,442.744,259.988,356.095,173.617,0,94.4366,66.9641,1.70909
4105,0,0,656.783,133.182,656.783,133.182,0,0,0,0
4106,20,25.3848,148.153,590.511,139.88,611.109,0,15.8655,4.13452,1.2606
4107,3.6,2.83928,133.065,613.242,135.712,614.268,0,1.77455,1.82545,2.02868
4108,141.399,141.409,521.43,655.652,613.167,612.979,0,88.3805,53.019,1.59989
4109,87.4992,104.017,356.868,225.856,349.578,174.618,0,65.0107,22.4885,1.34592
4110,64.3996,80.3086,224.048,626.874,144.634,615.681,0,50.1929,14.2067,1.28304
4111,296.509,232.229,387.718,517.526,557.805,451.606,1,145.143,151.366,2.04287
4112,146.4,131.012,208.169,306.695,248.105,184.732,0,81.8826,64.5171,1.78792
4113,7.7,8.60855,152.277,684.904,149.925,693.184,0,5.38035,2.31965,1.43113
4114,172.001,152.918,485.768,199.853,356.144,173.541,0,95.5737,76.4276,1.79967
4115,139.199,143.805,528.529,159.468,653.556,130.216,0,89.8783,49.321,1.54875
4116,90.0992,112.001,190.721,255.219,249.048,185.009,0,70.0007,20.0985,1.28712
4117,19.6,20.1511,163.483,619.062,144.783,616.057,0,12.5944,7.0056,1.55625
4118,48.8998,59.3715,570.719,781.902,611.14,755.189,0,37.1072,11.7927,1.3178
4119,225.705,198.283,472.028,276.74,355.698,174.308,0,123.927,101.778,1.82127
4120,118.099,143.446,532.02,182.99,648.064,191.029,0,89.6538,28.445,1.31728
4121,157.6,163.472,275.079,664.78,144.816,616.123,0,102.17,55.4302,1.54253
4122,296.509,228.945,374.523,499.919,547.867,448.987,1,143.091,153.418,2.07217
4123,219.404,205.896,504.934,519.688,613.271,613.195,0,128.685,90.719,1.70497
4124,79.8994,85.45,530.151,611.466,613.214,612.708,0,53.4062,26.4931,1.49607
4125,74.1994,91.4564,105.771,470.967,67.7852,405.25,0,57.1603,17.0392,1.29809
4126,228.305,217.168,390.815,337.623,350.008,174.789,0,135.73,92.5745,1.68205
4127,212.204,191.576,475.908,548.442,613.153,612.941,0,119.735,92.4689,1.77228
4128,54.8997,59.343,592.618,696.872,612.315,752.081,0,37.0893,17.8104,1.4802
4129,228.605,204.662,446.899,323.993,355.745,174.33,0,127.913,100.691,1.78718
4130,176.602,177.686,234.873,553.063,144.718,615.722,0,111.054,65.5479,1.59024
4131,110.199,145.049,386.097,709.677,313.016,818.093,0,90.6555,19.5434,1.21558
4132,79.2994,88.3198,279.196,263.869,250.24,185.006,0,55.1999,24.0995,1.43659
4133,100.399,118.412,295.778,282.496,250.265,184.917,0,74.0076,26.3914,1.3566
4134,89.9992,96.8567,155.319,516.181,139.737,611.082,0,60.5354,29.4637,1.48672
4135,71.4995,65.4589,300.93,762.824,311.502,818.374,0,40.9118,30.5877,1.74765
4136,296.309,300.064,310.987,461.378,67.6994,405.495,0,187.54,108.769,1.57997
4137,146.1,166.882,537.982,226.611,647.666,191.747,0,104.301,41.7982,1.40074
4138,12.2,13.1665,602.764,743.23,612.173,752.464,0,8.22908,3.97093,1.48255
4139,189.202,232.112,433.132,703.023,312.365,818.115,0,145.07,44.1324,1.30422
4140,263.907,252.151,472.66,511.817,613.232,612.574,0,157.594,106.312,1.67459
4141,125.999,162.019,340.187,665.795,312.399,818.072,0,101.262,24.7366,1.24428
4142,296.509,306.676,324.78,449.597,69.0981,404.943,1,191.672,104.837,1.54696
4143,276.108,288.503,359.175,435.412,349.901,174.822,0,180.314,95.7933,1.53126
4144,107.299,138.055,531.881,188.833,647.928,191.259,0,86.2843,21.0146,1.24355
4145,233.905,222.619,460.648,335.647,355.775,174.27,0,139.137,94.7684,1.68112
4146,8.2,8.61343,593.911,832.043,602.364,833.427,0,5.38339,2.8166,1.5232
4147,107.799,126.485,129.716,476.546,67.8369,405.041,0,79.053,28.7459,1.36363
4148,2.5,1.62933,247.144,174.621,247.74,176.137,0,1.01833,1.48167,2.45499
4149,296.509,103.636,132.193,538.843,124.981,538.179,1,64.7727,231.736,4.57769
4150,50.2998,61.4138,314.156,764.999,311.847,818.324,0,38.3836,11.9162,1.31045
4151,231.805,313.178,391.62,574.773,312.648,818.087,0,195.736,36.0689,1.18427
4152,54.6997,52.1968,111.946,416.433,67.729,405.529,0,32.623,22.0767,1.67672
4153,101.399,110.718,246.751,759.699,311.13,818.601,0,69.199,32.2,1.46533
4154,6.2,6.30073,641.928,189.268,647.642,191.923,0,3.93795,2.26204,1.57442
4155,197.503,179.604,275.623,582.286,144.773,616.047,0,112.253,85.2503,1.75945
4156,274.608,301.207,348.016,523.914,144.803,615.757,0,188.254,86.3532,1.45871
4157,160.601,156.046,447.48,257.968,355.675,174.304,0,97.5288,63.0718,1.6467
4158,89.1992,110.91,574.842,444.413,615.6,539.74,0,69.3186,19.8806,1.2868
4159,296.509,237.449,393.748,519.165,565.938,450.48,1,148.405,148.103,1.99797
4160,68.7995,90.8332,573.448,479.352,615.64,540.397,0,56.7707,12.0288,1.21188
4161,296.509,202.724,414.346,505.487,547.897,451.759,1,126.703,169.806,2.34019
4162,181.402,181.773,435.352,303.743,355.818,174.297,0,113.608,67.7938,1.59673
4163,47.2999,35.2217,245.546,220.301,249.599,185.199,0,22.0136,25.2863,2.14867
4164,20.9,19.4403,596.7,604.007,613.155,612.757,0,12.1502,8.74989,1.72015
4165,171.901,187.08,396.55,294.657,355.769,174.284,0,116.925,54.976,1.47018
4166,296.509,32.6966,564.456,545.983,561.485,554.765,1,20.4354,276.073,14.5096
4167,143,115.348,225.375,296.22,249.126,185.075,0,72.0923,70.9073,1.98356
4168,132.299,121.792,251.819,612.093,144.816,615.845,0,76.1203,56.1786,1.73802
4169,23.8001,29.0449,620.801,207.85,647.81,197.362,0,18.1531,5.64697,1.31107
4170,85.1993,108.316,577.356,447.205,615.659,539.605,0,67.6978,17.5015,1.25852
4171,68.9995,82.1844,225.652,628.965,144.662,615.565,0,51.3652,17.6343,1.34331
4172,76.8994,90.7081,231.605,623.665,144.787,615.996,0,56.6926,20.2068,1.35643
4173,156.4,189.602,409.952,685.774,313.179,818.165,0,118.501,37.899,1.31982
4174,175.301,151.925,187.544,307.548,249.052,185.07,0,94.9532,80.3483,1.84619
4175,211.804,164.455,488.226,214.909,355.739,174.31,0,102.784,109.019,2.06066
4176,40.7,37.1523,289.219,185.639,253.21,183.284,0,23.2202,17.4797,1.75278
4177,292.609,287.468,263.111,481.314,67.7492,405.012,0,179.668,112.941,1.62861
4178,34.8,37.9946,174.193,630.862,144.791,615.942,0,23.7466,11.0534,1.46547
4179,95.9991,108.594,234.714,606.639,144.747,616.211,0,67.871,28.1281,1.41444
4180,116.799,120.334,430.06,240.026,356.098,173.576,0,75.2085,41.5902,1.553
4181,139.499,120.976,165.382,369.881,67.7012,405.447,0,75.6097,63.8896,1.84499
4182,296.509,240.583,460.401,475.513,604.446,535.536,1,150.364,146.145,1.97194
4183,20.5,21.8492,273.201,190.479,253.227,183.394,0,13.6558,6.84429,1.5012
4184,14.9,17.6125,585.059,833.977,602.44,833.329,0,11.0078,3.89223,1.35359
4185,139.899,125.86,166.65,365.563,67.7987,405.156,0,78.6625,61.2368,1.77848
4186,218.004,227.376,472.273,250.67,356.051,173.528,0,142.11,75.8939,1.53405
4187,66.9995,74.4959,554.278,731.581,611.989,752.903,0,46.56,20.4396,1.439
4188,106.999,99.9015,138.794,520.775,139.851,611.062,0,62.4385,44.5605,1.71367
4189,80.8993,91.5284,146.459,522.021,139.77,611.154,0,57.2052,23.6941,1.4142
4190,160.001,131.946,293.134,293.119,249.791,185.118,0,82.466,77.5346,1.9402
4191,3.4,2.55367,603.391,811.814,606.06,812.549,0,1.59604,1.80396,2.13027
4192,210.504,281.299,287.088,493.292,139.883,611.185,0,175.812,34.6917,1.19732
4193,27.5001,36.1785,589.065,529.083,615.665,540.63,0,22.6115,4.88853,1.2162
4194,110.999,140.155,531.207,186.552,647.658,191.963,0,87.5968,23.4021,1.26716
4195,94.6991,101.161,553.588,123.661,653.549,129.957,0,63.2259,31.4732,1.49779
4196,12.8,15.9519,256.303,199.68,250.824,184.7,0,9.96994,2.83007,1.28386
4197,11.8,13.8683,244.96,197.632,249.798,185.039,0,8.66771,3.1323,1.36138
4198,175.001,205.936,612.842,382.151,615.714,539.531,0,128.71,46.2917,1.35966
4199,112.899,87.2228,542.871,636.918,613.317,613.075,0,54.5142,58.3846,2.071
4200,270.907,281.197,286.402,457.541,67.7654,404.969,0,175.748,95.1594,1.54145
4201,113.799,131.474,513.48,719.019,612.288,752.321,0,82.1712,31.6277,1.3849
4202,49.8998,44.4029,219.725,207.207,248.444,184.806,0,27.7518,22.148,1.79807
4203,110.199,128.026,311.467,263.914,349.878,174.714,0,80.0164,30.1825,1.3772
4204,96.9991,115.555,192.416,256.974,248.307,184.827,0,72.2217,24.7774,1.34307
4205,38.8,40.1411,604.572,581.862,613.371,612.186,0,25.0882,13.7118,1.54654
4206,212.804,152.684,497.02,625.063,613.239,612.702,0,95.4277,117.376,2.23
4207,296.509,240.581,432.798,466.271,600.76,519.703,1,150.363,146.145,1.97195
4208,37.4,47.7072,402.695,171.414,355.869,174.059,0,29.817,7.58297,1.25432
4209,253.806,258.703,365.188,407.566,349.722,174.646,0,161.689,92.1171,1.56972
4210,47.4998,62.5319,563.641,791.524,606.613,811.401,0,39.0824,8.41742,1.21538
4211,266.907,224.666,469.746,367.592,630.358,334.064,0,140.416,126.491,1.90082
4212,104.499,99.1385,230.645,280.952,249.088,185.119,0,61.9616,42.5374,1.68651
4213,83.3993,91.3891,121.941,452.468,67.7717,405.349,0,57.1182,26.2811,1.46012
4214,58.2997,62.3429,591.91,132.35,653.539,129.833,0,38.9643,19.3354,1.49623
4215,180.402,148.17,496.673,620.321,613.293,613.109,0,92.6061,87.7958,1.94806
4216,55.3997,59.8178,609.622,154.056,653.569,130.03,0,37.3861,18.0136,1.48183
4217,48.5998,57.3643,407.194,159.455,355.954,173.763,0,35.8527,12.7472,1.35554
4218,236.205,280.095,367.64,563.494,144.774,616.04,0,175.059,61.146,1.34929
4219,199.903,168.596,486.578,637.322,613.325,613.161,0,105.372,94.5306,1.89711
4220,123.199,105.046,207.033,266.302,248.263,184.673,0,65.6537,57.545,1.87649
4221,135.599,169.641,373.304,674.255,313.383,818.186,0,106.026,29.5732,1.27892
4222,235.805,323.868,396.53,551.175,312.656,817.972,0,202.418,33.3874,1.16494
4223,126.199,112.969,163.763,420.073,67.8434,404.995,0,70.6059,55.5927,1.78737
4224,41.6999,48.8822,613.187,168.792,648.242,190.851,0,30.5514,11.1485,1.36491
4225,151.9,172.237,368.95,305.092,349.665,174.676,0,107.648,44.2521,1.41108
4226,154.9,145.035,294.144,304.221,250.657,184.829,0,90.6466,64.2536,1.70884
4227,202.103,220.882,475.151,430.225,615.625,539.562,0,138.051,64.0518,1.46397
4228,164.101,177.723,211.14,498.099,140.153,611.195,0,111.077,53.024,1.47736
4229,254.006,234.244,467.098,364.227,630.339,334.135,0,146.403,107.604,1.73498
4230,156.8,139.417,287.979,304.92,249.406,185.201,0,87.1356,69.6648,1.7995
4231,30.4001,37.0692,174.582,672.9,149.893,693.225,0,23.1682,7.23185,1.31215
4232,105.799,141.023,381.318,705.807,312.935,818.105,0,88.1395,17.6595,1.20036
4233,142.7,128.962,528.282,655.858,613.35,612.445,0,80.6015,62.098,1.77043
4234,86.3993,102.935,220.555,650.276,144.73,615.699,0,64.3342,22.065,1.34298
4235,149.2,196.401,518.804,271.92,647.863,197.772,0,122.751,26.4492,1.21547
4236,209.704,179.852,223.216,346.199,248.662,184.895,0,112.407,97.2962,1.86557
4237,0.8,0.216243,247.733,184.82,247.897,184.642,0,0.135152,0.664848,5.91926
4238,296.509,56.2518,450.922,236.778,450.649,237.461,1,35.1574,261.351,8.43375
4239,203.903,156.373,201.777,427.418,67.694,405.519,0,97.7329,106.17,2.08633
4240,42.4999,57.891,324.558,761.78,312.67,818.016,0,36.1819,6.31806,1.17462
4241,139.099,158.624,355.978,307.522,349.664,174.616,0,99.1402,39.9591,1.40306
4242,208.704,224.136,484.297,466.857,615.457,539.913,0,140.085,68.6186,1.48984
4243,91.2992,92.7269,159.734,402.025,67.7422,405.177,0,57.9543,33.3449,1.57537
4244,114.899,126.551,528.784,671.156,613.292,613.073,0,79.0947,35.8041,1.45267
4245,124.399,136.449,328.587,278.451,349.48,174.629,0,85.2805,39.1182,1.4587
4246,155.7,133.972,208.572,307.297,248.097,184.678,0,83.7323,71.968,1.8595
4247,205.003,193.301,240.996,375.052,67.8065,404.993,0,120.813,84.1904,1.69687
4248,68.3995,95.1728,339.427,727.281,312.764,817.98,0,59.483,8.91654,1.1499
4249,85.3993,85.4231,568.175,695.605,612.18,752.528,0,53.3895,32.0098,1.59955
4250,282.508,248.374,450.656,460.607,615.627,539.721,0,155.234,127.274,1.81989
4251,11.3,13.7102,634.566,187.858,647.65,191.811,0,8.56889,2.73111,1.31872
4252,36.2,46.0062,263.495,228.419,250.185,185.032,0,28.7539,7.44617,1.25896
4253,129.099,131.841,582.09,381.597,630.266,334.173,0,82.4006,46.6981,1.56672
4254,245.606,246.683,403.369,354.578,349.762,174.709,0,154.177,91.429,1.59301
4255,283.008,301.928,316.455,452.097,67.6882,404.886,0,188.705,94.3029,1.49974
4256,194.803,220.081,472.766,440.892,615.49,540.025,0,137.551,57.2521,1.41623
4257,245.606,202.627,215.284,458.936,67.7042,405.498,0,126.642,118.964,1.93937
4258,95.3991,117.909,544.247,677.406,613.197,613.033,0,73.6932,21.706,1.29455
4259,36.9,42.8431,611.133,132.909,653.508,130.032,0,26.7769,10.1231,1.37805
4260,51.0998,42.7112,253.038,227.824,249.576,185.233,0,26.6945,24.4053,1.91424
4261,90.5992,96.7053,566.105,144.397,653.45,129.951,0,60.4408,30.1583,1.49897
4262,141.099,133.904,463.26,165.872,355.991,173.677,0,83.6898,57.4096,1.68598
4263,164.901,217.164,503.125,262.781,647.918,197.777,0,135.727,29.1736,1.21494
4264,34.2001,38.0341,82.4276,430.171,67.7712,405.388,0,23.7713,10.4287,1.43871
4265,67.5995,71.5714,418.896,155.426,355.956,173.814,0,44.7322,22.8674,1.51121
4266,184.702,213.967,602.974,384.25,615.644,539.662,0,133.729,50.9727,1.38116
4267,56.7997,63.6615,163.398,563.934,139.947,611.143,0,39.7884,17.0113,1.42754
4268,296.509,217.46,416.163,506.586,575.599,449.989,1,135.913,160.596,2.18161
4269,64.0996,61.8276,253.757,240.3,249.877,185.143,0,38.6423,25.4573,1.65879
4270,296.509,285.496,405.419,576.091,583.297,617.133,1,178.435,118.074,1.66172
4271,59.7997,60.1847,205.586,217.058,248.971,184.987,0,37.6155,22.1842,1.58976
4272,62.5996,66.1122,587.967,125.677,653.503,129.87,0,41.3201,21.2795,1.51499
4273,239.805,249.716,366.652,397.691,349.95,174.772,0,156.073,83.7328,1.5365
4274,116.999,125.329,529.66,668.533,613.221,612.834,0,78.3304,38.6684,1.49366
4275,86.9992,85.6911,430.495,148.881,356.109,173.524,0,53.5569,33.4423,1.62443
4276,94.1991,125.599,265.804,724.036,152.931,701.64,0,78.4994,15.6997,1.2
4277,257.707,223.993,240.946,444.257,67.8143,405.422,0,139.996,117.711,1.84081
4278,95.0991,112.335,341.492,265.302,349.677,174.728,0,70.2093,24.8898,1.35451
4279,213.504,228.987,463.731,437.945,615.572,539.602,0,143.117,70.3873,1.49182
4280,147.6,140.577,307.644,301.687,250.752,184.679,0,87.8606,59.7392,1.67993
4281,36.2,33.7232,244.023,218.72,249.591,185.225,0,21.077,15.123,1.71751
4282,47.5998,52.9403,611.135,147.424,653.542,130.044,0,33.0877,14.5122,1.4386
4283,164.301,134.416,286.265,297.62,249.721,185.236,0,84.0103,80.2906,1.95572
4284,226.405,313.307,396.745,562.835,312.65,818.044,0,195.817,30.5877,1.15621
4285,50.9998,55.6448,90.4113,439.538,67.8151,405.426,0,34.778,16.2218,1.46644
4286,185.902,218.818,602.942,388.385,615.578,539.687,0,136.761,49.1411,1.35932
4287,25.6001,30.8601,623.241,132.627,653.546,129.955,0,19.2876,6.31248,1.32728
4288,193.203,161.334,501.909,677.568,613.331,613.133,0,100.834,92.3686,1.91605
4289,224.805,169.06,457.24,592.961,613.25,612.997,0,105.663,119.142,2.12757
4290,228.605,240.211,459.163,428.482,615.455,540.131,0,150.132,78.4729,1.52269
4291,67.9995,82.7455,183.303,208.508,248.644,184.939,0,51.7159,16.2836,1.31487
4292,68.4995,92.541,232.291,740.402,152.733,701.835,0,57.8381,10.6614,1.18433
4293,17,19.8937,293.179,812.644,311.751,818.293,0,12.4336,4.56646,1.36727
4294,210.704,216.385,480.772,329.903,630.317,334.089,0,135.241,75.4628,1.55799
4295,81.1993,101.669,518.617,758.902,611.106,755.139,0,63.543,17.6564,1.27787
4296,9.4,10.5109,406.76,88.4111,406.087,78.1481,0,6.56929,2.83071,1.4309
4297,47.0999,47.3782,113.296,398.035,67.6489,404.808,0,29.6114,17.4885,1.5906
4298,106.799,126.357,278.708,728.583,311.515,818.424,0,78.9733,27.8256,1.35234
4299,94.3991,102.761,292.534,737.414,311.202,818.62,0,64.2254,30.1737,1.46981
4300,24.8001,23.5374,91.1882,405.087,67.7061,404.913,0,14.7109,10.0892,1.68583
4301,54.3997,62.9251,203.198,216.058,248.439,184.839,0,39.3282,15.0715,1.38322
4302,254.506,290.293,376.992,560.287,144.749,616.132,0,181.433,73.0734,1.40276
4303,284.208,229.618,427.666,624.33,613.279,613.096,0,143.511,140.697,1.98039
4304,123.999,136.303,501.224,339.992,630.306,333.95,0,85.1895,38.8092,1.45556
4305,27.2001,32.6038,616.512,349.607,630.264,334.126,0,20.3774,6.82269,1.33482
4306,186.302,214.839,497.972,463.003,615.478,540.081,0,134.274,52.0278,1.38747
4307,180.702,200.169,247.547,501.355,140.023,611.109,0,125.106,55.596,1.44439
4308,241.906,201.049,213.764,458.112,67.8334,405.066,0,125.656,116.25,1.92514
4309,183.702,155.667,277.891,326.466,248.955,184.99,0,97.292,86.41,1.88815
4310,128.899,132.658,311.294,280.677,249.478,185.228,0,82.9114,45.9873,1.55466
4311,138.999,152.127,229.627,572.335,144.841,615.819,0,95.0796,43.9196,1.46192
4312,273.507,225.008,419.046,641.43,613.183,612.89,0,140.63,132.877,1.94487
4313,230.505,207.753,469.301,384.049,630.336,334.123,0,129.846,100.659,1.77522
4314,38.4,53.7897,202.317,722.596,152.802,701.772,0,33.6186,4.78141,1.14223
4315,66.6996,79.5469,186.958,209.271,248.657,184.938,0,49.7168,16.9828,1.34159
4316,114.999,91.0778,583.392,368.963,630.329,334.193,0,56.9236,58.0752,2.02023
4317,140.599,151.164,526.155,166.04,653.617,130.276,0,94.4777,46.1217,1.48818
4318,296.509,259.158,412.651,435.944,598.647,510.03,1,161.974,134.535,1.8306
4319,255.206,227.897,477.699,368.598,630.266,334.119,0,142.436,112.771,1.79173
4320,0,0,637.596,332.621,637.596,332.621,0,0,0,0
4321,129.099,112.383,176.746,405.354,67.7298,404.947,0,70.2397,58.859,1.83797
4322,88.9992,105.031,292.953,738.121,311.757,818.435,0,65.6444,23.3548,1.35578
4323,193.903,172.724,216.922,351.6,67.7949,405.019,0,107.952,85.9504,1.79619
4324,134.999,147.207,370.723,270.977,349.523,174.577,0,92.0043,42.9947,1.46731
4325,164.601,151.924,518.857,557.732,613.301,612.514,0,94.9525,69.6483,1.73351
4326,67.5995,76.5116,198.544,644.456,144.829,615.937,0,47.8197,19.7798,1.41363
4327,98.7991,127.48,520.465,735.277,611.157,755.155,0,79.6747,19.1244,1.24003
4328,31.6001,38.3742,616.48,198.261,648.007,197.855,0,23.9839,7.61623,1.31756
4329,49.5998,67.5903,202.504,694.541,152.543,701.795,0,42.244,7.35585,1.17413
4330,166.701,142.938,195.882,304.846,248.127,184.737,0,89.3365,77.3645,1.86599
4331,50.1998,64.9411,554.048,774.391,611.081,755.212,0,40.5882,9.6116,1.23681
4332,199.703,174.944,227.988,401.778,67.6737,404.927,0,109.34,90.363,1.82644
4333,142.499,122.337,176.936,376.234,67.8185,405.241,0,76.4607,66.0388,1.8637
4334,256.006,249.969,279.9,414.128,67.8439,405.249,0,156.231,99.7758,1.63864
4335,0,0,604.886,831.502,604.889,831.505,0,0,0,0
4336,243.706,225.027,407.768,333.834,355.688,174.338,0,140.642,103.064,1.73281
4337,98.0991,89.0804,547.245,640.686,613.186,612.765,0,55.6752,42.4239,1.76199
4338,161.001,153.16,544.534,540.544,613.227,612.584,0,95.7252,65.2754,1.6819
4339,126.799,157.375,582.578,411.109,615.641,539.704,0,98.3591,28.4395,1.28914
4340,296.509,235.822,459.619,465.706,605.901,540.497,1,147.389,149.12,2.01175
4341,127.199,143.343,143.009,468.402,67.6799,405.556,0,89.5893,37.6094,1.4198
4342,139.599,133.542,514.619,655.698,613.342,612.538,0,83.4637,56.1356,1.67257
4343,100.599,136.952,268.742,697.426,149.487,693.267,0,85.5949,15.0042,1.17529
4344,71.8995,73.3115,592.387,682.588,612.398,752.06,0,45.8197,26.0798,1.56918
4345,2.1,1.18222,652.954,188.9,652.631,190.037,0,0.738889,1.36111,2.84211
4346,51.2998,73.4947,332.308,747.725,312.74,818.007,0,45.9342,5.36559,1.11681
4347,287.008,230.744,468.44,365.133,630.272,334.113,0,144.215,142.794,1.99014
4348,0.9,0.29093,407.66,77.8155,407.569,77.5394,0,0.181831,0.718169,4.94965
4349,120.599,107.452,237.45,287.35,248.965,185.04,0,67.1574,53.4413,1.79576
4350,32.2001,28.0904,594.41,624.559,613.211,613.048,0,17.5565,14.6436,1.83408
4351,296.509,313.292,376.847,452.444,346.784,178.244,1,195.807,100.702,1.51429
4352,0,0,138.873,613.989,138.873,613.989,0,0,0,0
4353,80.7993,92.9084,172.915,209.124,248.941,185.018,0,58.0677,22.7316,1.39147
4354,177.602,142.485,165.195,448.747,67.6665,405.579,0,89.0533,88.5483,1.99433
4355,189.902,168.682,487.915,216.39,356.085,173.596,0,105.426,84.4763,1.80128
4356,128.199,130.839,534.855,150.872,653.568,130.046,0,81.7742,46.4244,1.56772
4357,164.901,173.782,227.862,551.504,144.668,615.746,0,108.614,56.2872,1.51823
4358,77.4994,95.4838,238.305,633.225,144.773,615.935,0,59.6774,17.822,1.29864
4359,252.006,242.224,307.216,374.404,248.845,185.012,0,151.39,100.616,1.66462
4360,117.099,112.918,249.049,616.555,144.817,615.944,0,70.5737,46.5251,1.65924
4361,43.3999,56.6862,593.006,496.182,615.575,540.389,0,35.4289,7.97102,1.22499
4362,23.9001,19.2136,269.069,194.521,253.012,183.627,0,12.0085,11.8915,1.99026
4363,90.8992,95.8626,230.997,276.916,249.078,185.105,0,59.9141,30.9851,1.51716
4364,235.905,202.252,267.329,359.421,249.677,185.213,0,126.408,109.498,1.86623
4365,50.1998,65.1477,593.967,199.697,647.853,197.848,0,40.7173,9.48252,1.23289
4366,127.899,116.443,526.849,357.557,630.345,333.882,0,72.7766,55.122,1.75741
4367,104.099,110.074,550.6,137.287,653.572,129.956,0,68.7961,35.3029,1.51315
4368,35.6,38.9584,579.149,768.372,611.151,755.34,0,24.349,11.251,1.46207
4369,24.0001,30.0753,139.126,650.871,139.938,620.869,0,18.7971,5.203,1.2768
4370,55.8997,67.7836,606.557,239.061,647.837,197.618,0,42.3648,13.535,1.31949
4371,107.799,120.026,345.029,272.187,349.47,174.626,0,75.0162,32.7827,1.43701
4372,14.9,18.5693,317.432,800.357,312.511,818.052,0,11.6058,3.29423,1.28384
4373,50.2998,42.6884,223.107,212.537,249.172,185.119,0,26.6802,23.6196,1.88528
4374,191.702,160.643,459.224,600.163,613.316,613.176,0,100.402,91.3005,1.90935
4375,24.8001,25.5367,598.964,596.751,613.293,612.497,0,15.9605,8.83961,1.55384
4376,159.001,174.331,368.688,309.607,349.479,174.572,0,108.957,50.0436,1.4593
4377,88.6992,92.3548,417.746,217.928,356.107,173.477,0,57.7218,30.9774,1.53667
4378,47.6998,37.4113,227.815,211.675,248.948,185.012,0,23.382,24.3178,2.04002
4379,88.3992,102.41,289.288,741.885,311.408,818.518,0,64.0064,24.3928,1.3811
4380,140.299,117.055,232.67,295.66,249.186,185.089,0,73.1593,67.14,1.91772
4381,147,127.587,212.628,304.281,248.563,184.917,0,79.7421,67.2577,1.84344
4382,56.1997,66.1821,600.632,363.985,630.303,334.068,0,41.3638,14.8359,1.35867
4383,45.0999,53.5308,577.656,339.763,630.277,334.13,0,33.4567,11.6432,1.34801
4384,41.4999,46.2714,580.858,780.044,611.229,755.576,0,28.9197,12.5803,1.43501
4385,34.3,45.8037,590.833,519.906,615.713,540.454,0,28.6273,5.67274,1.19816
4386,204.803,173.129,295.014,332.743,250.039,184.981,0,108.206,96.5975,1.89272
4387,132.299,131.496,293.553,290.262,250.3,184.899,0,82.1851,50.1138,1.60977
4388,70.2995,90.1614,529.797,779.816,611.162,755.366,0,56.3508,13.9487,1.24753
4389,13.6,16.6146,371.079,180.397,355.692,174.296,0,10.3841,3.21587,1.30969
4390,207.303,200.664,244.849,364.917,67.7499,404.946,0,125.415,81.8884,1.65294
4391,248.006,209.614,265.538,367.578,249.755,185.073,0,131.009,116.997,1.89305
4392,208.304,281.052,302.975,514.856,139.943,611.078,0,175.657,32.6461,1.18585
4393,180.402,215.931,371.683,632.923,312.778,817.999,0,134.957,45.4449,1.33674
4394,89.3992,93.546,159.893,395.539,67.7614,404.95,0,58.4662,30.933,1.52907
4395,125.199,124.017,167.52,367.389,67.6675,404.915,0,77.5107,47.688,1.61524
4396,189.302,166.655,478.204,654.886,613.348,613.17,0,104.159,85.143,1.81743
4397,36.6,46.6429,324.523,199.841,350.203,174.861,0,29.1518,7.44819,1.2555
4398,135.399,157.971,307.95,691.673,312.309,818.052,0,98.7317,36.6674,1.37138
4399,154.5,163.569,491.707,114.306,653.553,130.048,0,102.231,52.2697,1.51129
4400,246.106,211.586,474.958,381.307,630.31,334.136,0,132.241,113.865,1.86104
4401,49.4998,60.3264,592.209,307.646,630.286,334.065,0,37.704,11.7958,1.31285
4402,231.505,174.622,462.491,641.633,613.238,612.725,0,109.138,122.366,2.1212
4403,231.905,212.809,281.333,377.15,249.701,185.191,0,133.006,98.8992,1.74357
4404,208.104,162.966,485.905,665.779,613.245,612.927,0,101.854,106.25,2.04316
4405,195.203,195.399,442.432,313.538,355.804,174.21,0,122.125,73.0781,1.59839
4406,296.509,266.313,433.005,426.339,605.89,538.055,1,166.446,130.063,1.78142
4407,247.306,213.086,223.239,461.987,67.7981,405.259,0,133.178,114.127,1.85695
4408,210.204,235.898,330.125,570.927,144.77,616.115,0,147.436,62.7673,1.42572
4409,179.402,166.321,277.595,593.767,144.673,615.651,0,103.951,75.4509,1.72583
4410,294.509,277.38,427.874,410.434,630.367,334.061,0,173.362,121.146,1.6988
4411,128.399,114.361,199.955,257.358,248.269,184.687,0,71.4754,56.9233,1.7964
4412,62.1996,76.0028,202.467,703.625,153.238,701.545,0,47.5017,14.6979,1.30942
4413,108.299,89.224,536.588,600.813,613.347,613.157,0,55.765,52.5339,1.94206
4414,65.5996,76.1614,584.568,314.883,630.327,334.129,0,47.6009,17.9987,1.37812
4415,2.8,1.70475,652.79,188.267,652.122,189.836,0,1.06547,1.73453,2.62795
4416,291.009,305.651,309.864,466.547,67.7235,404.934,0,191.032,99.9767,1.52335
4417,50.3998,66.3655,589.362,487.722,615.567,540.444,0,41.4784,8.92138,1.21508
4418,204.603,246.1,507.439,489.596,615.55,540.089,0,153.813,50.7907,1.33021
4419,161.501,181.691,379.904,303.934,349.858,174.702,0,113.557,47.9439,1.4222
4420,173.701,150.093,487.375,648.897,613.264,613.124,0,93.8084,79.893,1.85166
4421,184.602,206.024,367.759,352.932,349.47,174.468,0,128.765,55.8371,1.43364
4422,34.1001,26.5925,274.506,198.626,252.65,183.901,0,16.6203,17.4797,2.05171
4423,80.7993,111.803,585.565,270.502,648.053,197.888,0,69.8771,10.9222,1.15631
4424,151.5,163.618,524.726,444.021,615.589,539.659,0,102.262,49.2385,1.4815
4425,155.3,148.897,278.36,655.127,144.699,615.627,0,93.0607,62.2396,1.66881
4426,37.9,41.7493,119.827,587.229,139.855,611.091,0,26.0933,11.8067,1.45248
4427,146.3,131.063,211.846,310.155,248.982,185.003,0,81.9144,64.3854,1.78601
4428,67.1995,75.6848,318.153,751.94,311.819,818.333,0,47.303,19.8966,1.42062
4429,178.802,195.574,239.044,495.465,139.978,611.11,0,122.234,56.5681,1.46279
4430,127.799,115.411,169.34,378.733,67.7875,405.056,0,72.1317,55.6669,1.77174
4431,261.207,276.946,414.472,376.72,349.442,174.478,0,173.091,88.1158,1.50907
4432,93.6991,99.2769,433.73,198.597,355.773,174.335,0,62.0481,31.6511,1.51011
4433,14.2,15.7475,403.55,93.3816,405.86,78.1451,0,9.84221,4.3578,1.44277
4434,140.499,142.029,277.373,644.456,144.661,616.257,0,88.7683,51.7311,1.58277
4435,192.103,239.622,319.184,371.922,250.619,184.769,0,149.763,42.339,1.28271
4436,57.7997,76.5508,202.301,702.431,152.805,701.727,0,47.8442,9.95545,1.20808
4437,230.905,224.416,481.589,520.555,613.268,612.535,0,140.26,90.6447,1.64626
4438,24.7001,31.6591,134.98,651.914,139.858,620.931,0,19.7869,4.91315,1.2483
4439,252.406,237.211,411.029,346.697,355.735,174.321,0,148.257,104.149,1.70249
4440,290.108,297.234,269.479,458.971,67.793,405.036,0,185.771,104.337,1.56164
4441,50.2998,59.8166,577.093,715.861,611.992,752.876,0,37.3854,12.9144,1.34544
4442,136.799,143.241,517.967,132.07,653.471,129.951,0,89.5253,47.2738,1.52805
4443,296.509,226.429,409.34,504.68,578.919,454.122,1,141.518,154.991,2.0952
4444,4,3.2728,310.954,815.137,311.635,818.43,0,2.0455,1.9545,1.95551
4445,105.899,141.873,263.469,664.97,149.51,693.215,0,88.6706,17.2283,1.1943
4446,27.1001,34.5164,153.922,643.657,139.95,620.878,0,21.5728,5.52729,1.25622
4447,100.899,108.428,231.465,606.449,144.703,615.658,0,67.7674,33.1316,1.4889
4448,38.2,44.0858,583.273,779.614,611.076,755.291,0,27.5536,10.6464,1.38639
4449,197.203,159.798,156.024,458.491,67.7278,405.569,0,99.874,97.3289,1.97452
4450,129.899,154.491,553.853,421.18,615.607,539.707,0,96.5569,33.3418,1.34531
4451,296.509,249.137,440.105,590.276,603.322,612.995,1,155.711,140.798,1.90423
4452,269.607,242.954,483.867,358.996,630.341,334.062,0,151.846,117.761,1.77553
4453,15,19.2294,374.261,179.582,355.939,173.781,0,12.0184,2.98166,1.24809
4454,163.201,184.41,521.217,425.51,630.367,334.059,0,115.256,47.9445,1.41598
4455,84.6993,113.94,561.544,209.004,647.798,191.602,0,71.2124,13.4869,1.18939
4456,296.509,216.457,397.826,507.793,547.55,452.301,1,135.286,161.223,2.19172
4457,82.6993,113.471,337.666,708.518,312.378,818.126,0,70.9193,11.78,1.1661
4458,283.408,227.195,433.443,665.343,613.275,613.053,0,141.997,141.411,1.99588
4459,9.8,9.77417,358.046,183.83,355.072,174.532,0,6.10885,3.69115,1.60423
4460,57.7997,66.7034,269.689,247.374,250.225,184.97,0,41.6896,16.1101,1.38643
4461,61.8996,64.0883,393.512,186.192,356.017,173.74,0,40.0552,21.8444,1.54536
4462,10.7,12.6698,79.805,408.257,67.692,404.949,0,7.91864,2.78136,1.35124
4463,266.207,267.019,423.557,398.051,630.265,334.142,0,166.887,99.3202,1.59514
4464,90.1992,91.4531,546.203,333.369,630.353,333.868,0,57.1582,33.041,1.57806
4465,283.808,281.595,428.723,414.43,630.305,334.075,0,175.997,107.811,1.61258
4466,288.208,320.498,329.841,474.388,144.748,615.751,0,200.312,87.8969,1.4388
4467,157.3,132.286,150.383,428.128,67.7037,404.901,0,82.6791,74.6213,1.90254
4468,194.103,174.737,166.728,306.842,249.598,185.247,0,109.211,84.8919,1.77732
4469,273.607,287.569,356.359,433.251,349.653,174.712,0,179.73,93.8771,1.52232
4470,64.4996,66.7065,600.608,362.732,630.306,334.135,0,41.6915,22.808,1.54707
4471,199.003,179.973,205.707,346.679,67.6476,404.909,0,112.483,86.5197,1.76918
4472,33.8001,31.8802,99.0493,399.514,67.7651,404.975,0,19.9251,13.8749,1.69635
4473,264.907,254.802,465.17,501.061,613.164,612.576,0,159.251,105.656,1.66346
4474,111.999,139.579,568.009,416.13,615.652,539.644,0,87.2371,24.7617,1.28384
4475,160.401,140.089,497.89,650.511,613.23,613.016,0,87.5555,72.8451,1.83199
4476,150.3,184.03,389.017,676,312.701,817.961,0,115.019,35.2812,1.30674
4477,149.6,177.732,514.246,198.502,647.76,191.7,0,111.082,38.5176,1.34675
4478,128.699,152.477,538.868,213.322,648.197,190.936,0,95.2981,33.4005,1.35048
4479,82.8993,106.64,602.325,459.703,615.606,539.559,0,66.6499,16.2494,1.2438
4480,97.4991,98.2788,539.18,352.796,630.311,334.298,0,61.4243,36.0748,1.58731
4481,259.507,269.654,411.45,375.628,349.485,174.59,0,168.533,90.9732,1.53979
4482,117.799,104.516,167.426,387.292,67.8251,405.152,0,65.3223,52.4764,1.80335
4483,126.699,151.86,529.51,211.058,647.822,191.525,0,94.9128,31.7859,1.3349
4484,55.3997,60.1242,566.859,729.685,612.072,752.635,0,37.5776,17.8221,1.47427
4485,85.4993,101.104,297.572,736.39,311.684,818.387,0,63.1902,22.3091,1.35305
4486,241.006,225.553,456.1,383.184,630.282,334.161,0,140.971,100.035,1.70962
4487,225.005,161.937,217.254,417.732,67.6484,405.514,0,101.211,123.794,2.22313
4488,134.699,154.177,308.018,692.471,312.472,818.003,0,96.3606,38.3384,1.39786
4489,128.499,137.52,166.36,481.332,140.006,611.107,0,85.9499,42.5487,1.49504
4490,59.9997,58.4651,607.549,368.011,630.317,334.101,0,36.5407,23.4589,1.64199
4491,218.304,243.765,285.182,546.557,144.841,616.05,0,152.353,65.951,1.43288
4492,59.4997,65.428,595.677,689.974,612.492,751.844,0,40.8925,18.6072,1.45503
4493,17.4,19.9226,409.228,97.3578,405.434,77.9999,0,12.4516,4.94841,1.39741
4494,296.509,303.368,312.229,465.552,68.2874,405.619,1,189.605,106.904,1.56383
4495,66.1996,81.1447,146.705,531.485,139.885,611.094,0,50.7154,15.4841,1.30531
4496,174.101,208.195,316.097,640.868,313.033,818.065,0,130.122,43.9798,1.33799
4497,89.7992,102.998,117.923,466.51,67.8071,405.299,0,64.3735,25.4257,1.39497
4498,293.309,320.668,388.363,445.969,349.407,174.516,0,200.418,92.8909,1.46349
4499,296.509,222.936,408.453,469.777,586.252,469.499,1,139.335,157.174,2.12803
4500,87.1992,106.953,557.156,479.334,615.646,539.696,0,66.8456,20.3536,1.30449
4501,155.4,187.764,517.808,455.203,615.499,540.053,0,117.352,38.0478,1.32422
4502,278.408,212.922,451.947,680.472,613.306,613.118,0,133.076,145.331,2.09209
4503,52.4998,45.8132,224.658,216.458,248.545,184.796,0,28.6333,23.8665,1.83352
4504,253.406,257.697,425.386,392.649,630.279,334.114,0,161.061,92.3454,1.57336
4505,246.506,203.044,214.178,459.781,67.7491,405.452,0,126.903,119.603,1.94248
4506,52.2998,65.6752,553.814,774.919,611.119,755.06,0,41.047,11.2528,1.27414
4507,8.9,9.52983,357.523,183.917,353.432,175.301,0,5.95614,2.94385,1.49425
4508,204.003,273.364,299.521,521.629,139.878,611.129,0,170.852,33.1508,1.19403
4509,11.5,11.1226,591.23,834.192,602.358,833.315,0,6.95162,4.54839,1.65429
4510,62.5996,64.542,268.001,246.365,249.386,185.217,0,40.3387,22.2609,1.55185
4511,296.509,252.144,443.921,597.288,597.501,613.611,1,157.59,138.919,1.88152
4512,134.399,131.515,115.938,506.645,140.16,611.251,0,82.1969,52.2021,1.63509
4513,251.606,218.018,470.542,379.411,630.333,334.065,0,136.261,115.345,1.8465
4514,234.405,296.166,273.983,485.89,139.868,611.064,0,185.104,49.3012,1.26634
4515,279.708,290.843,370.244,430.535,349.586,174.56,0,181.777,97.9311,1.53874
4516,3.9,3.43853,650.483,131.857,653.792,130.923,0,2.14908,1.75092,1.81473
4517,220.004,177.124,240.806,395.371,67.8143,405.053,0,110.703,109.302,1.98734
4518,184.402,178.694,511.96,404.574,630.37,334.137,0,111.684,72.7183,1.65111
4519,94.7991,114.546,184.113,254.496,248.851,185.025,0,71.5911,23.208,1.32417
4520,233.305,206.81,471.891,384.849,630.273,334.063,0,129.256,104.049,1.80498
4521,290.509,256.025,448.229,463.362,615.538,540.087,0,160.015,130.493,1.8155
4522,120.799,156.592,343.82,671.386,312.806,818.013,0,97.8702,22.9285,1.23427
4523,21.1,21.356,595.919,739.228,612.266,752.3,0,13.3475,7.75255,1.58082
4524,140.399,167.846,230.251,523.468,140.15,611.059,0,104.904,35.4958,1.33837
4525,95.6991,102.059,552.069,125.373,653.498,130.046,0,63.7869,31.9123,1.5003
4526,116.699,118.279,167.613,505.006,139.6,611.208,0,73.9245,42.7743,1.57862
4527,135.499,140.735,308.025,299.821,250.219,185.002,0,87.9593,47.5398,1.54047
4528,154.5,189.333,409.47,686.429,313.3,818.212,0,118.333,36.1669,1.30564
4529,281.308,316.245,330.965,476.619,144.709,615.719,0,197.653,83.6551,1.42324
4530,76.1994,98.3258,521.795,777.721,611.12,755.269,0,61.4537,14.7458,1.23995
4531,35.3,34.3095,582.953,600.013,613.216,612.773,0,21.4435,13.8566,1.64619
4532,296.509,284.045,456.375,547.648,596.816,612.229,1,177.528,118.981,1.67021
4533,103.399,110.204,289.726,280.238,249.906,185.075,0,68.8776,34.5214,1.5012
4534,100.399,129.647,371.203,711.645,312.904,818.008,0,81.0294,19.3696,1.23904
4535,37,34.8529,581.251,600.438,613.183,612.692,0,21.7831,15.2169,1.69857
4536,152.9,189.818,431.423,712.243,313.035,818.107,0,118.636,34.2641,1.28882
4537,51.4998,60.3289,589.13,697.339,612.154,752.41,0,37.7056,13.7942,1.36584
4538,165.801,161.569,275.168,597.695,144.74,615.727,0,100.98,64.8205,1.64191
4539,22.5,25.2552,168.424,622.683,144.842,615.945,0,15.7845,6.71558,1.42545
4540,213.204,202.449,330.07,628.399,144.837,616.071,0,126.531,86.6732,1.685
4541,69.5995,72.2834,572.009,707.921,612.172,752.59,0,45.1771,24.4224,1.54059
4542,231.205,295.586,280.472,484.084,139.908,611.13,0,184.741,46.4636,1.25151
4543,25.1001,30.6928,600.448,784.423,606.328,811.942,0,19.183,5.91708,1.30845
4544,178.902,157.532,181.611,301.267,247.945,184.638,0,98.4576,80.4441,1.81704
4545,125.299,131.912,306.32,273.381,249.936,185.122,0,82.4451,42.8536,1.51978
4546,155.4,188.355,513.715,229.539,647.78,191.804,0,117.722,37.6784,1.32006
4547,292.609,287.4,276.803,453.801,67.6809,405.608,0,179.625,112.984,1.629
4548,114.099,120.13,545.747,153.109,653.521,129.956,0,75.0811,39.0177,1.51967
4549,30.5001,33.1819,593.72,776.566,611.194,755.46,0,20.7387,9.76138,1.47068
4550,154.1,156.519,526.664,398.438,630.255,334.076,0,97.8245,56.2757,1.57527
4551,112.099,120.244,185.966,262.809,248.805,184.989,0,75.1527,36.9462,1.49161
4552,96.2991,115.18,184.981,257.944,248.973,185.015,0,71.9877,24.3114,1.33772
4553,44.2999,55.2031,600.809,206.719,647.99,197.913,0,34.5019,9.79799,1.28398
4554,213.404,213.153,493.235,426.348,630.294,334.057,0,133.221,80.1833,1.60188
4555,13.8,15.7638,151.752,677.734,149.595,693.193,0,9.85235,3.94766,1.40068
4556,63.0996,85.614,233.766,724.269,153.694,700.222,0,53.5088,9.59085,1.17924
4557,132.399,113.061,164.755,420.662,67.7837,405.03,0,70.6633,61.7356,1.87366
4558,69.9995,83.3133,337.287,231.805,349.951,174.743,0,52.0708,17.9287,1.34431
4559,36.2,38.0935,581.557,765.696,611.253,754.94,0,23.8085,12.3916,1.52047
4560,90.9992,92.5398,605.346,702.93,612.518,751.764,0,57.8374,33.1618,1.57336
4561,5.4,4.78554,601.392,813.567,606.05,812.696,0,2.99096,2.40904,1.80544
4562,183.902,166.836,549.846,528.853,613.272,612.45,0,104.272,79.6296,1.76367
4563,230.005,242.306,458.544,421.728,615.496,539.932,0,151.441,78.5637,1.51877
4564,171.401,188.074,258.046,581.222,144.651,615.593,0,117.546,53.8552,1.45816
4565,247.506,275.499,316.73,518.474,144.817,616.107,0,172.187,75.3191,1.43743
4566,153.3,186.957,514.123,454.86,615.548,540.156,0,116.848,36.4523,1.31196
4567,202.203,224.679,343.124,599.571,144.766,616.111,0,140.425,61.7786,1.43994
4568,208.704,188.951,529.03,522.559,613.251,612.86,0,118.094,90.6093,1.76726
4569,57.5997,70.8538,605.067,240.205,648.359,198.123,0,44.2836,13.3161,1.3007
4570,137.499,183.353,295.065,714.26,149.387,693.269,0,114.596,22.9037,1.19987
4571,163.801,179.043,342.714,320.117,349.666,174.639,0,111.902,51.8991,1.46379
4572,0,0,636.912,333.607,636.912,333.607,0,0,0,0
4573,296.509,286.476,419.885,574.909,609.341,612.497,1,179.047,117.462,1.65604
4574,212.404,168.168,239.177,341.756,249.407,185.229,0,105.105,107.299,2.02087
4575,207.603,213.908,490.919,427.613,630.291,334.137,0,133.692,73.9112,1.55285
4576,152.2,165.126,502.11,145.746,653.567,130.277,0,103.204,48.996,1.47475
4577,104.199,142.587,559.42,285.118,648.042,197.824,0,89.1166,15.0824,1.16924
4578,99.0991,97.5098,167.579,530.613,139.833,611.134,0,60.9436,38.1555,1.62608
4579,36.7,47.4334,310.983,778.305,311.79,818.345,0,29.6459,7.05414,1.23795
4580,45.1999,45.2313,98.5089,425.912,67.7166,405.552,0,28.2695,16.9303,1.59889
4581,183.602,171.652,283.885,673.47,144.736,615.681,0,107.283,76.3193,1.71139
4582,254.406,238.444,484.124,480.54,615.623,539.571,0,149.027,105.379,1.70711
4583,61.4996,73.0255,603.755,242.639,648.055,198.05,0,45.6409,15.8587,1.34747
4584,272.507,326.646,325.681,480.344,139.927,611.189,0,204.154,68.3537,1.33482
4585,4.6,3.91342,357.29,177.932,355.553,174.429,0,2.44589,2.15411,1.88071
4586,238.905,243.089,456.767,420.837,615.533,540.142,0,151.93,86.975,1.57247
4587,61.1996,78.2211,355.758,195.453,350.003,174.785,0,48.8882,12.3114,1.25183
4588,40.7,34.3281,230.658,210.427,249.455,185.214,0,21.4551,19.2449,1.89698
4589,101.099,133.588,374.854,709.429,312.436,818.072,0,83.4925,17.6065,1.21088
4590,86.3993,89.7865,272.505,769.226,310.56,818.856,0,56.1165,30.2827,1.53964
4591,127.599,118.47,213.358,293.718,248.066,184.59,0,74.044,53.5546,1.72328
4592,71.3995,78.1495,192.762,639.985,144.752,616.112,0,48.8434,22.556,1.4618
4593,253.606,251.38,412.5,359.208,356.079,173.539,0,157.113,96.4935,1.61417
4594,3.3,2.57927,140.424,623.404,139.838,620.896,0,1.61204,1.68795,2.04709
4595,67.6995,86.1668,528.646,766.466,611.118,755.235,0,53.8543,13.8453,1.25709
4596,290.909,319.092,356.573,463.371,349.45,174.469,0,199.433,91.4758,1.45868
4597,125.999,169.649,531.98,287.843,648.031,197.782,0,106.031,19.9681,1.18832
4598,116.899,147.14,534.706,211.164,647.789,191.617,0,91.9624,24.9364,1.27116
4599,21.1,19.0316,266.19,197.265,252.397,184.006,0,11.8948,9.20529,1.77389
4600,212.604,229.764,466.611,428.091,615.642,539.632,0,143.603,69.0011,1.4805
4601,213.604,179.163,212.518,438.522,67.7624,405.009,0,111.977,101.627,1.90757
4602,296.509,229.444,463.476,479.365,600.966,522.385,1,143.403,153.106,2.06766
4603,232.405,241.876,369.183,391.363,349.798,174.707,0,151.173,81.2324,1.53735
4604,204.103,207.022,323.571,597.419,144.783,616.135,0,129.389,74.7144,1.57744
4605,93.1992,93.9671,161.108,399.47,67.8032,405.16,0,58.7295,34.4697,1.58692
4606,206.503,227.736,347.034,597.804,144.843,616.054,0,142.335,64.1682,1.45082
4607,296.509,266.346,395.162,618.526,601.354,612.496,1,166.466,130.043,1.78119
4608,107.899,110.32,557.022,155.139,653.47,130.048,0,68.9497,38.9492,1.56489
4609,186.202,158.931,180.474,302.511,248.669,184.943,0,99.3321,86.87,1.87454
4610,33.6001,30.2617,604.008,591.432,613.172,612.784,0,18.9135,14.6865,1.77651
4611,156.4,117.731,196.155,261.416,248.165,184.731,0,73.582,82.8184,2.12552
4612,180.202,195.625,252.849,585.895,144.715,615.663,0,122.266,57.9362,1.47386
4613,194.203,238.675,322.69,378.532,250.631,184.825,0,149.172,45.0305,1.30187
4614,172.601,193.859,343.659,330.737,349.579,174.604,0,121.162,51.4396,1.42455
4615,130.799,158.203,533.644,441.557,615.498,540.07,0,98.8771,31.9217,1.32284
4616,237.405,252.434,328.192,550.673,144.652,615.676,0,157.771,79.6341,1.50474
4617,200.703,200.775,478.963,314.826,630.351,334.051,0,125.485,75.2185,1.59942
4618,19.3,23.3018,413.027,100.192,405.961,78.2273,0,14.5636,4.73644,1.32522
4619,161.101,200.161,312.933,341.463,250.647,184.816,0,125.101,35.9997,1.28777
4620,94.1991,102.275,563.039,148.949,653.562,130.058,0,63.922,30.2771,1.47366
4621,11,12.5897,644.307,138.807,653.905,130.945,0,7.86854,3.13146,1.39797
4622,18.3,21.9504,581.087,831.557,602.497,833.345,0,13.719,4.58105,1.33392
4623,132.099,131.936,129.415,498.08,139.642,611.167,0,82.4603,49.6386,1.60197
4624,270.707,271.342,252.895,469.889,67.7041,405.5,0,169.589,101.119,1.59626
4625,41.5999,45.6919,613.161,140.99,653.53,130.039,0,28.5574,13.0425,1.45671
4626,130.999,118.029,510.403,593.128,613.258,612.46,0,73.7679,57.2309,1.77582
4627,278.408,269.431,255.939,470.323,67.7576,405.162,0,168.395,110.013,1.65331
4628,121.499,131.676,566.768,398.159,630.274,334.132,0,82.2976,39.2011,1.47633
4629,43.1999,41.2756,289.135,203.138,252.469,184.043,0,25.7973,17.4026,1.67459
4630,39.4,44.1193,599.684,710.866,612.27,752.053,0,27.5745,11.8254,1.42885
4631,40.4,47.2551,608.394,139.84,653.517,130.049,0,29.5345,10.8655,1.36789
4632,90.4992,102.425,178.278,536.233,139.93,611.057,0,64.0155,26.4837,1.41371
4633,138.699,144.73,519.382,380.433,630.402,333.815,0,90.4562,48.2431,1.53333
4634,3.4,2.70909,152.078,691.266,151.152,693.812,0,1.69318,1.70682,2.00805
4635,54.7997,67.4208,187.299,586.926,144.747,616.313,0,42.138,12.6618,1.30048
4636,138.599,154.959,540.441,469.82,615.656,539.705,0,96.8492,41.75,1.43108
4637,96.3991,102.379,213.322,574.762,144.775,615.831,0,63.9867,32.4124,1.50655
4638,93.7991,114.732,281.369,737.589,311.773,818.336,0,71.7074,22.0918,1.30808
4639,132.299,163.923,342.176,664.202,313.06,818.124,0,102.452,29.847,1.29133
4640,296.509,291.049,312.9,451.52,72.4921,405.074,1,181.905,114.603,1.63002
4641,46.3999,53.7697,576.679,783.321,606.463,811.573,0,33.606,12.7938,1.3807
4642,49.3998,63.1485,186.557,592.721,144.781,615.976,0,39.4678,9.93201,1.25165
4643,119.599,169.43,547.65,250.708,648.049,197.778,0,105.893,13.7053,1.12943
4644,100.599,99.3723,527.53,597.103,613.15,612.618,0,62.1077,38.4914,1.61975
4645,112.599,146.1,387.687,707.304,312.722,818.03,0,91.3122,21.2867,1.23312
4646,142.299,109.703,201.897,260.752,248.752,184.966,0,68.5646,73.7349,2.07541
4647,46.1999,59.0149,308.4,767.243,311.879,818.316,0,36.8843,9.31558,1.25256
4648,104.899,137.076,533.284,188.373,647.888,191.266,0,85.6727,19.2263,1.22442
4649,296.509,288.324,406.4,576.04,588.325,615.02,1,180.202,116.306,1.64542
4650,244.306,236.531,503.679,481.722,615.656,539.66,0,147.832,96.4741,1.65259
4651,285.608,278.667,448.194,573.827,613.234,612.599,0,174.167,111.441,1.63985
4652,145.2,117.28,199.434,259.463,248.113,184.688,0,73.3003,71.8994,1.98089
4653,16.4,19.4567,250.642,204.249,249.439,185.153,0,12.1605,4.23956,1.34863
4654,82.0993,114.477,356.45,714.737,312.8,817.982,0,71.548,10.5513,1.14747
4655,33.9001,37.4536,574.2,756.459,611.152,755.167,0,23.4085,10.4916,1.4482
4656,235.105,210.869,473.387,377.871,630.35,334.144,0,131.793,103.312,1.7839
4657,150.8,201.485,524.442,246.911,647.95,197.692,0,125.928,24.8716,1.19751
4658,13.9,13.9986,636.776,206.147,647.854,197.812,0,8.74914,5.15088,1.58873
4659,158.3,139.846,198.643,305.577,248.656,184.944,0,87.4037,70.8968,1.81114
4660,112.299,134.873,311.717,286.879,250.186,184.993,0,84.2954,28.0034,1.33221
4661,58.2997,58.9339,265.655,241.945,249.893,185.119,0,36.8337,21.466,1.58278
4662,279.208,252.831,289.456,434.167,67.8029,405.299,0,158.019,121.189,1.76692
4663,123.099,129.818,508.046,337.454,630.354,333.821,0,81.1361,41.9626,1.51719
4664,296.509,310.379,321.485,446.155,75.0854,405.232,1,193.987,102.522,1.5285
4665,58.7997,64.7931,599.569,369.686,630.278,334.133,0,40.4957,18.304,1.452
4666,112.199,131.137,523.48,708.436,612.37,751.902,0,81.9605,30.2383,1.36894
4667,207.303,168.529,243.688,337.517,248.672,184.898,0,105.33,101.973,1.96812
4668,78.8994,77.1381,575.912,694.809,612.321,752.206,0,48.2113,30.6881,1.63653
4669,202.103,237.111,486.707,505.013,615.495,540.148,0,148.195,53.9086,1.36377
4670,94.6991,120.232,588.494,442.892,615.641,540.26,0,75.1449,19.5542,1.26022
4671,51.9998,48.2813,115.351,400.263,67.8063,405.413,0,30.1758,21.8239,1.72323
4672,15.7,18.1099,335.296,184.863,349.993,174.817,0,11.3187,4.38136,1.38709
4673,114.899,118.428,415.775,238.247,356.132,173.583,0,74.0174,40.8814,1.55232
4674,265.607,262.46,472.91,511.738,613.16,612.664,0,164.037,101.57,1.61919
4675,153.3,134.183,207.245,306.489,248.082,184.697,0,83.8646,69.4355,1.82795
4676,13.1,15.7022,157.541,613.068,144.722,615.654,0,9.8139,3.28611,1.33484
4677,202.203,173.51,240.978,345.45,250.642,184.803,0,108.444,93.7596,1.86459
4678,149.3,182.47,337.265,645.862,312.538,817.991,0,114.044,35.2563,1.30915
4679,157.5,178.267,523.581,419.249,630.295,334.073,0,111.417,46.0835,1.41361
4680,56.3997,59.6245,596.724,695.69,612.309,752.16,0,37.2653,19.1344,1.51346
4681,263.907,266.183,399.313,378.294,349.966,174.76,0,166.364,97.5424,1.58632
4682,108.099,115.06,406.946,239.605,355.797,174.336,0,71.9128,36.1861,1.50319
4683,75.3994,80.2174,355.365,200.392,349.773,174.699,0,50.1359,25.2635,1.5039
4684,126.099,147.42,215.56,525.316,140.094,611.128,0,92.1377,33.961,1.36859
4685,41.8999,49.1523,279.23,793.75,311.379,818.49,0,30.7202,11.1798,1.36392
4686,253.606,350.209,384.866,534.22,312.655,818.005,0,218.881,34.7254,1.15865
4687,221.804,201.391,474.176,541.411,613.191,612.583,0,125.869,95.9349,1.76218
4688,86.3993,98.6181,358.174,217.842,349.996,174.802,0,61.6363,24.7629,1.40176
4689,54.4997,62.8376,311.265,763.426,311.865,818.252,0,39.2735,15.2262,1.3877
4690,164.601,178.796,216.192,493.206,139.733,611.081,0,111.748,52.8533,1.47297
4691,141.899,137.487,543.833,553.866,613.198,612.678,0,85.9292,55.9703,1.65135
4692,181.402,192.407,492.683,399.121,630.316,334.097,0,120.255,61.1473,1.50848
4693,225.805,233.652,459.549,439.785,615.641,539.652,0,146.032,79.7723,1.54627
4694,78.2994,89.9635,204.868,577.216,144.605,615.547,0,56.2272,22.0722,1.39255
4695,28.5001,36.8181,315.661,186.921,350.464,174.997,0,23.0113,5.48878,1.23853
4696,124.999,119.939,525.345,362.308,630.296,333.923,0,74.9621,50.0366,1.66749
4697,34.2001,44.4552,160.495,648.395,139.802,620.862,0,27.7845,6.41556,1.2309
4698,91.1992,90.3098,553.36,711.538,612.065,752.56,0,56.4436,34.7556,1.61576
4699,32.8001,36.771,579.969,598.351,613.303,612.385,0,22.9819,9.81818,1.42721
4700,73.3995,83.1549,116.563,447.499,67.8115,405.242,0,51.9718,21.4277,1.41229
4701,93.0992,101.059,403.695,224.344,356.148,173.576,0,63.162,29.9372,1.47397
4702,137.599,147.246,298.291,306.16,250.666,184.791,0,92.029,45.5702,1.49517
4703,80.6993,108.826,558.61,199.006,647.836,191.701,0,68.0161,12.6832,1.18647
4704,161.801,132.523,167.368,437.691,67.6836,405.536,0,82.8269,78.9738,1.95348
4705,142.8,178.677,333.16,650.484,312.709,817.982,0,111.673,31.1265,1.27873
4706,25.4001,31.9369,386.845,180.611,355.962,173.89,0,19.9606,5.43948,1.27251
4707,4.5,4.05847,141.052,607.183,139.943,611.085,0,2.53654,1.96345,1.77407
4708,187.902,167.951,304.693,627.204,144.665,615.743,0,104.969,82.9331,1.79007
4709,178.002,194.449,242.005,499.254,139.632,611.209,0,121.531,56.4709,1.46466
4710,219.304,247.095,336.101,564.915,144.76,616.046,0,154.435,64.8696,1.42005
4711,41.7999,46.4009,613.432,170.846,647.677,191.974,0,29.0006,12.7994,1.44135
4712,169.901,148.557,499.661,182.168,356.012,173.621,0,92.8481,77.0531,1.82988
4713,38.3,45.9012,162.356,584.628,144.741,616.38,0,28.6883,9.61172,1.33504
4714,203.003,223.105,347.706,357.624,349.475,174.468,0,139.441,63.5626,1.45584
4715,145.4,151.305,584.315,395.487,630.367,334.124,0,94.5657,50.8339,1.53755
4716,160.401,195.668,342.443,639.117,312.371,818.107,0,122.292,38.1084,1.31162
4717,13.1,14.888,367,183.75,355.577,174.446,0,9.30501,3.795,1.40784
4718,285.308,347.08,361.732,483.624,144.66,615.72,0,216.925,68.383,1.31524
4719,37.5,43.2077,611.665,137.999,653.534,129.95,0,27.0048,10.4952,1.38864
4720,121.999,129.42,479.975,179.123,355.946,173.656,0,80.8874,41.1113,1.50825
4721,161.901,158.84,300.733,636.154,144.76,616.048,0,99.2748,62.6259,1.63083
4722,22.6,28.9284,621.047,205.758,647.977,197.972,0,18.0802,4.51982,1.24999
4723,92.3992,105.933,118.589,469.776,67.7336,405.556,0,66.2084,26.1908,1.39558
4724,21.5,20.2164,595.699,616.446,613.31,613.128,0,12.6353,8.86477,1.70159
4725,5.2,4.77014,252.149,189.246,250.581,184.741,0,2.98134,2.21866,1.74418
4726,134.299,132.811,464.622,164.213,355.983,173.648,0,83.0069,51.2921,1.61793
4727,132.699,146.571,369.406,268.997,349.64,174.634,0,91.6071,41.0918,1.44857
4728,72.6995,73.6433,421.402,155.504,356.104,173.502,0,46.0271,26.6724,1.57949
4729,7.5,7.99292,656.345,205.958,654.18,198.265,0,4.99558,2.50442,1.50133
4730,296.509,246.649,401.693,612.363,597.096,613.196,1,154.156,142.353,1.92344
4731,196.303,181.793,204.099,346.028,67.7088,404.831,0,113.621,82.682,1.7277
4732,261.207,238.789,266.317,407.706,67.6537,405.566,0,149.243,111.964,1.75021
4733,28.1001,39.051,262.762,221.824,250.94,184.627,0,24.4069,3.6932,1.15132
4734,143.7,145.044,584.809,390.978,630.338,334.137,0,90.6524,53.0472,1.58517
4735,92.1992,102.972,422.509,227.997,356.074,173.498,0,64.3573,27.8418,1.43261
4736,98.4991,101.807,563.653,319.819,630.353,333.921,0,63.6291,34.87,1.54802
4737,94.4991,113.538,542.975,670.161,613.249,612.904,0,70.9612,23.5379,1.3317
4738,50.5998,52.8598,601.695,134.721,653.556,130.03,0,33.0374,17.5624,1.53159
4739,15.5,16.713,268.711,187.817,253.144,183.489,0,10.4456,5.05439,1.48388
4740,98.3991,137.627,259.644,665.438,149.487,693.198,0,86.017,12.3821,1.14395
4741,204.703,202.172,470.558,298.99,630.379,334.152,0,126.357,78.346,1.62004
4742,167.601,129.772,220.6,310.818,248.679,184.915,0,81.1073,86.4937,2.06641
4743,54.7997,51.7485,118.988,400.939,67.8486,404.976,0,32.3428,22.457,1.69434
4744,224.204,181.383,233.229,375.097,67.788,405.035,0,113.365,110.84,1.97773
4745,68.7995,88.6337,229.191,270.13,248.679,184.916,0,55.396,13.4035,1.24196
4746,296.509,270.575,423.271,564.909,587.447,615.59,1,169.109,127.4,1.75336
4747,189.202,200.648,331.934,627.656,144.806,616.045,0,125.405,63.7972,1.50873
4748,7.6,8.5123,254.71,192.241,251.334,184.431,0,5.32019,2.27981,1.42852
4749,94.1991,123.495,352.824,703.438,312.881,817.979,0,77.1842,17.015,1.22045
4750,24.3001,26.448,86.1377,418.516,67.7587,405.23,0,16.53,7.77008,1.47006
4751,102.499,133.392,553.972,179.146,647.797,191.516,0,83.3698,19.1292,1.22945
4752,73.5994,82.758,532.791,615.562,613.211,612.759,0,51.7238,21.8757,1.42293
4753,57.1997,61.5612,597.122,175.169,648.367,190.827,0,38.4758,18.7239,1.48664
4754,122.899,162.323,507.032,690.365,612.088,752.704,0,101.452,21.4467,1.2114
4755,202.903,184.287,190.873,326.075,248.328,184.776,0,115.179,87.7238,1.76163
4756,40.1,49.1742,403.975,168.49,355.962,173.893,0,30.7339,9.3661,1.30475
4757,44.3999,49.1296,298.394,198.467,253.419,182.902,0,30.706,13.6939,1.44597
4758,224.905,231.689,388.653,350.703,349.737,174.664,0,144.806,80.0987,1.55315
4759,89.6992,108.305,555.509,480.579,615.537,539.936,0,67.6905,22.0087,1.32514
4760,16.8,21.4306,594.322,741.521,612.238,752.401,0,13.3941,3.4059,1.25428
4761,81.7993,103.09,540.036,495.485,615.776,539.543,0,64.431,17.3684,1.26957
4762,183.502,158.292,210.232,364.318,67.7307,404.938,0,98.9324,84.5696,1.85482
4763,77.8994,100.947,565.558,476.672,615.697,540.489,0,63.0917,14.8077,1.2347
4764,242.306,221.158,278.057,381.166,248.763,185.006,0,138.224,104.082,1.75299
4765,18.1,23.8178,615.594,277.099,635.885,282.54,0,14.8861,3.21393,1.2159
4766,123.499,132.191,564.512,401.255,630.321,334.197,0,82.6194,40.8793,1.49479
4767,147.6,178.694,334.089,649.935,312.533,817.998,0,111.684,35.9159,1.32159
4768,111.299,107.631,221.319,287.974,249.275,185.225,0,67.2696,44.0293,1.65452
4769,213.204,185.262,274.153,355.485,250.136,185.041,0,115.789,97.415,1.84132
4770,11.4,12.5236,604.429,742.841,612.277,752.182,0,7.82728,3.57273,1.45645
4771,0,0,350.674,171.707,350.674,171.707,0,0,0,0
4772,210.904,215.764,252.203,420.107,67.8297,405.016,0,134.852,76.0513,1.56396
4773,244.206,218.553,470.049,374.087,630.337,334.145,0,136.596,107.61,1.7878
4774,144.4,172.005,216.345,502.251,140.086,611.132,0,107.503,36.8962,1.34321
4775,259.707,234.1,463.022,348.632,355.732,174.315,0,146.312,113.394,1.77501
4776,112.999,118.971,568.922,383.69,630.305,333.916,0,74.357,38.6418,1.51968
4777,102.299,118.245,344.675,269.239,349.498,174.595,0,73.9029,28.3961,1.38423
4778,185.102,227.792,497.994,504.502,615.509,539.976,0,142.37,42.7322,1.30015
4779,84.0993,94.9533,190.798,561.17,139.934,611.107,0,59.3458,24.7535,1.41711
4780,42.0999,51.931,406.579,168.297,356.008,173.671,0,32.4569,9.64304,1.2971
4781,102.399,138.364,379.893,708.007,312.799,818.026,0,86.4777,15.9213,1.18411
4782,174.601,185.893,395.903,295.613,355.746,174.269,0,116.183,58.4183,1.50281
4783,144.1,173.251,305.906,671.597,312.692,817.977,0,108.282,35.8179,1.33079
4784,138.899,126.841,214.658,305.012,248.386,184.79,0,79.2754,59.6239,1.75211
4785,92.9992,124.924,265.02,723.794,153.556,700.645,0,78.0776,14.9216,1.19111
4786,28.0001,32.6096,387.554,178.187,355.737,174.169,0,20.381,7.61909,1.37383
4787,171.001,138.359,303.776,300.002,249.944,185.022,0,86.4741,84.5271,1.97749
4788,296.509,310.78,399.914,440.873,339.328,182.012,1,194.238,102.271,1.52653
4789,208.904,210.189,296.675,563.817,144.726,615.691,0,131.368,77.5354,1.59021
4790,124.099,153.136,310.853,692.113,312.266,818.072,0,95.7101,28.3886,1.29661
4791,88.5992,109.488,545.292,664.609,613.172,612.898,0,68.43,20.1692,1.29474
4792,243.606,281.327,348.753,540.567,144.773,616.162,0,175.829,67.7762,1.38547
4793,186.102,170.784,199.608,341.742,67.7895,404.978,0,106.74,79.362,1.74351
4794,198.103,218.227,332.338,596.511,144.804,616.09,0,136.392,61.7109,1.45245
4795,233.405,299.455,307.081,494.054,139.874,611.187,0,187.159,46.2457,1.24709
4796,82.7993,88.6778,365.212,196.634,349.812,174.667,0,55.4237,27.3757,1.49393
4797,146.2,173.834,193.948,521.54,140.149,611.114,0,108.646,37.5535,1.34565
4798,205.503,183.764,474.534,555.911,613.251,612.88,0,114.852,90.6509,1.78928
4799,71.9995,94.3405,581.338,460.614,615.604,540.375,0,58.9628,13.0367,1.2211
4800,25.9001,24.4078,589.948,615.813,613.252,613.042,0,15.2548,10.6452,1.69782
4801,296.509,318.993,365.135,463.801,341.079,180.843,1,199.37,97.1384,1.48723
4802,296.509,275.331,419.917,572.816,595.767,614.088,1,172.082,124.427,1.72307
4803,296.509,209.83,439.341,511.853,583.913,463.847,1,131.144,165.365,2.26094
4804,152.2,182.946,336.046,646.077,312.79,818.033,0,114.341,37.8588,1.3311
4805,207.503,230.758,348.69,602.346,144.763,616.061,0,144.224,63.2794,1.43876
4806,9,10.0408,363.931,179.918,355.784,174.28,0,6.27549,2.72451,1.43415
4807,44.5999,61.7681,192.243,685.64,152.802,701.846,0,38.6051,5.99481,1.15529
4808,241.406,241.298,288.365,395.936,248.85,185.017,0,150.811,90.5945,1.60072
4809,124.799,147.955,558.528,416.14,615.664,539.67,0,92.4716,32.3271,1.34959
4810,168.001,118.25,195.49,263.463,248.163,184.664,0,73.9064,94.0946,2.27316
4811,47.9998,60.1144,334.205,205.834,350.028,174.734,0,37.5715,10.4283,1.27756
4812,223.804,242.621,466.674,234.076,356.069,173.543,0,151.638,72.1665,1.47591
4813,175.902,172.68,511.438,396.526,630.29,334.062,0,107.925,67.9765,1.62985
4814,249.206,229.673,239.129,448.053,67.8036,405.244,0,143.546,105.66,1.73607
4815,76.1994,90.279,221.75,265.636,248.509,184.818,0,56.4244,19.775,1.35047
4816,22.5,19.8992,87.4311,404.201,67.6988,404.819,0,12.437,10.063,1.80912
4817,143.5,132.376,484.746,180.351,355.849,174.34,0,82.7347,60.7648,1.73445
4818,83.8993,94.4387,223.633,274.104,248.639,184.893,0,59.0242,24.8751,1.42144
4819,151.2,162.39,505.313,147.655,653.655,130.296,0,101.494,49.7063,1.48975
4820,279.408,262.589,437.229,446.203,615.617,539.716,0,164.118,115.29,1.70248
4821,238.505,250.535,366.206,398.229,349.455,174.476,0,156.584,81.9212,1.52318
4822,181.702,201.279,247.865,500.063,139.877,611.1,0,125.799,55.9028,1.44438
4823,102.799,103.098,163.149,386.868,67.6978,404.911,0,64.4365,38.3625,1.59535
4824,244.306,250.826,422.871,347.107,356.109,173.413,0,156.766,87.5397,1.55841
4825,23.8001,32.2935,319.838,184.036,350.518,174.98,0,20.1835,3.6166,1.17919
4826,145.2,126.066,193.036,404.18,67.7938,405.338,0,78.7911,66.4085,1.84284
4827,186.302,216.784,370.381,363.619,349.524,174.647,0,135.49,50.812,1.37502
4828,246.206,226.299,476.763,467.753,615.67,539.638,0,141.437,104.769,1.74075
4829,114.899,134.744,312.426,278.42,250.268,184.9,0,84.2152,30.6836,1.36435
4830,230.005,243.241,316.597,549.678,144.738,615.682,0,152.026,77.979,1.51293
4831,92.7992,93.6558,524.862,621.885,613.288,613.14,0,58.5349,34.2643,1.58537
4832,233.205,218.527,292.947,372.298,250.262,184.9,0,136.58,96.6255,1.70747
4833,166.701,121.301,226.198,302.743,249.059,185.103,0,75.8132,90.8878,2.19884
4834,70.6995,93.3323,573.198,193.772,647.735,191.844,0,58.3327,12.3668,1.212
4835,222.304,310.056,393.675,564.423,312.654,817.999,0,193.785,28.5191,1.14717
4836,129.199,135.682,519.407,124.807,653.505,129.951,0,84.801,44.3977,1.52355
4837,231.505,207.979,492.776,250.671,355.831,174.342,0,129.987,101.518,1.78099
4838,240.605,251.227,288.581,408.546,250.348,184.89,0,157.017,83.5884,1.53235
4839,97.3991,112.562,576.364,443.079,615.637,539.707,0,70.3514,27.0477,1.38447
4840,47.9998,56.3257,614.166,160.492,647.777,191.706,0,35.2035,12.7963,1.36349
4841,98.4991,113.628,177.377,526.425,140.105,611.148,0,71.0174,27.4817,1.38697
4842,66.0996,71.1724,284.685,227.763,250.052,184.968,0,44.4827,21.6168,1.48596
4843,40,54.0606,325.595,765.969,312.805,817.97,0,33.7879,6.21208,1.18386
4844,145.1,148.09,286.882,629.078,144.778,616.192,0,92.5564,52.5433,1.56769
4845,286.508,357.022,360.664,493.091,144.809,616.204,0,223.139,63.3696,1.28399
4846,178.402,209.061,607.887,382.68,615.56,539.658,0,130.663,47.7386,1.36536
4847,16.3,19.42,416.24,93.7951,407.051,77.7675,0,12.1375,4.16251,1.34295
4848,190.402,164.229,177.495,307.936,248.1,184.713,0,102.643,87.7595,1.855
4849,205.803,164.288,238.75,337.804,249.575,185.241,0,102.68,103.124,2.00432
4850,248.906,281.457,361.301,554.508,144.709,615.664,0,175.91,72.9955,1.41496
4851,66.1996,86.6295,222.961,679.895,149.463,693.357,0,54.1434,12.0561,1.22267
4852,49.0998,47.7636,293.49,205.079,252.626,184.041,0,29.8522,19.2476,1.64476
4853,159.401,190.871,614.161,400.438,615.499,539.98,0,119.295,40.1059,1.33619
4854,97.2991,100.968,452.189,178.859,356.151,173.436,0,63.1048,34.1943,1.54187
4855,8.7,10.532,155.063,617.823,144.817,615.877,0,6.58251,2.11749,1.32168
4856,296.509,230.939,429.741,476.205,596.278,498.569,1,144.337,152.172,2.05428
4857,135.399,111.111,226.755,292.085,248.751,185.008,0,69.4443,65.9547,1.94975
4858,157.4,127.142,163.828,434.968,67.745,405.501,0,79.4638,77.9366,1.98078
4859,296.509,244.278,417.07,616.241,596.516,613.364,1,152.674,143.835,1.94211
4860,213.004,224.016,474.376,250.105,356.106,173.568,0,140.01,72.9937,1.52135
4861,281.708,246.979,483.31,483.702,615.508,540.084,0,154.362,127.346,1.82499
4862,213.804,226.077,345.4,599.159,144.708,615.745,0,141.298,72.5059,1.51314
4863,25.4001,31.5255,281.6,809.376,311.278,818.493,0,19.7035,5.6966,1.28912
4864,207.603,183.534,299.236,336.858,250.14,185.045,0,114.709,92.8948,1.80983
4865,73.3995,102.476,250.867,732.404,153.44,701.052,0,64.0474,9.35202,1.14602
4866,38.9,33.3327,252.943,218.847,249.574,185.244,0,20.8329,18.0671,1.86724
4867,152.6,172.891,199.245,482.058,139.577,611.153,0,108.057,44.5431,1.41222
4868,35.1,37.748,565.356,835.121,602.429,833.3,0,23.5925,11.5075,1.48776
4869,37.1,44.1655,82.1936,436.628,67.6762,405.506,0,27.6034,9.49658,1.34404
4870,113.399,142.603,523.945,692.67,612.498,751.874,0,89.1271,24.2718,1.27233
4871,130.599,151.992,556.542,419.896,615.568,539.579,0,94.9953,35.6035,1.37479
4872,187.502,151.913,501.778,181.131,356.077,173.513,0,94.9453,92.5569,1.97484
4873,41.1999,49.8006,328.252,200.604,349.807,174.72,0,31.1254,10.0746,1.32368
4874,96.5991,113.413,541.003,668.12,613.27,612.512,0,70.8833,25.7158,1.36279
4875,116.099,117.478,247.068,742.188,152.809,701.772,0,73.4235,42.6753,1.58122
4876,43.6999,42.5719,294.783,184.745,253.326,182.964,0,26.6074,17.0925,1.6424
4877,99.6991,125.504,570.908,431.275,615.498,539.973,0,78.4403,21.2588,1.27102
4878,5.1,4.9788,350.068,180.322,351.792,175.517,0,3.11175,1.98825,1.63895
4879,225.905,240.74,315.168,557.086,144.669,615.716,0,150.463,75.4418,1.5014
4880,15.1,18.4833,333.176,181.795,349.91,174.679,0,11.5521,3.54794,1.30713
4881,129.599,111.26,203.24,261.241,248.587,184.908,0,69.5374,60.0613,1.86373
4882,188.302,173.846,475.294,566.682,613.319,613.135,0,108.653,79.6488,1.73305
4883,60.0997,73.7625,271.589,253.963,250.334,184.897,0,46.1015,13.9981,1.30364
4884,30.5001,38.9277,580.712,797.507,606.383,811.576,0,24.3298,6.17025,1.25361
4885,155,121.424,228.398,299.061,249.436,185.208,0,75.8899,79.1103,2.04244
4886,229.005,296.814,305.821,499.456,139.857,611.061,0,185.509,43.4962,1.23447
4887,118.699,125.122,430.613,243.864,356.036,173.647,0,78.2013,40.4974,1.51786
4888,215.504,168.558,504.857,199.181,356.054,173.516,0,105.349,110.155,2.04562
4889,102.499,118.179,546.75,687.625,612.396,752.027,0,73.8622,28.6369,1.38771
4890,16,17.6341,251.322,202.331,249.816,185.12,0,11.0213,4.97873,1.45174
4891,41.8999,51.3071,593.628,705.146,612.207,752.584,0,32.0669,9.83299,1.30664
4892,267.707,320.338,322.176,487.184,139.938,611.135,0,200.211,67.4958,1.33712
4893,37.9,40.8847,611.847,190.674,647.681,191.738,0,25.5529,12.3471,1.4832
4894,226.205,242.124,363.475,594.959,144.813,616.086,0,151.327,74.8774,1.4948
4895,296.509,249.306,423.661,508.66,589.892,489.134,1,155.816,140.693,1.90294
4896,296.509,220.596,459.978,476.724,598.75,514.353,1,137.873,158.636,2.1506
4897,30.4001,30.7906,149.579,662.564,149.294,693.27,0,19.2441,11.156,1.57971
4898,31.6001,41.6019,606.324,306.765,630.34,334.052,0,26.0012,5.59892,1.21533
4899,71.2995,77.937,282.87,765.388,310.822,818.695,0,48.7106,22.5889,1.46374
4900,41.1999,57.8681,195.424,672.04,149.537,693.295,0,36.1676,5.03238,1.13914
4901,29.3001,34.3436,389.383,179.118,355.806,174.245,0,21.4648,7.8353,1.36503
4902,121.399,123.628,275.34,299.941,249.935,185.087,0,77.2674,44.1314,1.57115
4903,202.603,187.418,522.122,524.896,613.162,612.575,0,117.137,85.4666,1.72963
4904,131.599,156.152,582.873,411.421,615.565,539.723,0,97.5948,34.0041,1.34842
4905,191.702,180.723,307.643,656.553,144.668,615.722,0,112.952,78.7507,1.69721
4906,225.005,277.906,335.46,408.833,250.044,185,0,173.691,51.3132,1.29543
4907,9.7,11.3255,138.481,631.898,140.105,620.88,0,7.07841,2.62159,1.37036
4908,247.006,242.938,313.516,377.419,250.224,185,0,151.836,95.1695,1.62679
4909,238.305,230.366,290.852,387.815,249.082,185.141,0,143.979,94.3266,1.65514
4910,71.3995,78.3986,201.785,590.092,144.554,615.546,0,48.9991,22.4004,1.45716
4911,167.001,188.538,512.445,222.95,647.764,191.382,0,117.837,49.1644,1.41723
4912,201.803,174.991,442.668,280.775,355.836,174.32,0,109.369,92.4339,1.84515
4913,63.0996,70.5453,272.975,777.569,310.844,818.683,0,44.0908,19.0088,1.43113
4914,235.005,277.88,348.67,545.332,144.832,616.157,0,173.675,61.33,1.35313
4915,230.205,182.375,253.369,348.134,249.402,185.187,0,113.984,116.22,2.01962
4916,179.302,214.613,510.357,506.702,615.488,540.035,0,134.133,45.1684,1.33674
4917,85.1993,98.0658,176.907,540.813,139.947,611.121,0,61.2912,23.9081,1.39007
4918,19.9,25.1281,146.926,668.462,149.711,693.156,0,15.705,4.19499,1.26711
4919,30.5001,36.6582,156.126,643.299,139.939,620.859,0,22.9114,7.5887,1.33122
4920,20.2,21.884,588.767,803.564,607.072,810.209,0,13.6775,6.52256,1.47688
4921,146,125.305,457.855,157.081,355.982,173.683,0,78.3159,67.6839,1.86424
4922,246.606,283.77,356.941,551.229,144.767,616.219,0,177.356,69.2496,1.39045
4923,80.3993,95.0492,238.373,631.001,144.826,615.967,0,59.4057,20.9936,1.35339
4924,106.099,121.673,344.689,273.605,349.402,174.492,0,76.0455,30.0535,1.3952
4925,167.701,174.73,226.711,550.639,144.717,615.688,0,109.206,58.495,1.53564
4926,254.406,266.779,381.866,402.606,349.631,174.626,0,166.737,87.6695,1.5258
4927,141.099,161.233,536.971,466.562,615.601,539.575,0,100.771,40.3287,1.4002
4928,38.4,34.7767,278.145,206.827,253.121,183.497,0,21.7354,16.6646,1.7667
4929,158.1,170.06,521.594,407.161,630.363,334.031,0,106.288,51.8127,1.48748
4930,125.299,159.041,483.667,718.392,612.454,751.881,0,99.4009,25.8978,1.26054
4931,0.7,0.186965,66.5354,408.858,66.403,408.726,0,0.116853,0.583147,5.99044
4932,97.0991,97.4339,235.064,277.531,249.308,185.194,0,60.8962,36.2029,1.5945
4933,249.206,236.565,428.073,342.981,356.167,173.352,0,147.853,101.353,1.68549
4934,6.9,7.4198,639.96,191.045,646.97,193.471,0,4.63738,2.26262,1.48791
4935,158.7,174.117,482.053,112.301,653.478,130.044,0,108.823,49.8776,1.45834
4936,104.099,125.436,270.852,736.484,311.67,818.397,0,78.3978,25.7012,1.32783
4937,41.1999,51.4689,601.492,214.834,648.359,198.138,0,32.1681,9.03186,1.28077
4938,51.0998,59.8743,608.681,157.472,648.343,190.91,0,37.4215,13.6783,1.36552
4939,217.504,222.825,489.75,464.646,615.599,539.684,0,139.266,78.2383,1.56179
4940,254.206,281.615,345.994,539.795,144.684,615.687,0,176.009,78.197,1.44428
4941,116.599,123.546,200.846,534.739,140.19,611.177,0,77.2162,39.3826,1.51003
4942,102.599,108.222,406.087,232.137,356.128,173.423,0,67.6385,34.9605,1.51687
4943,160.301,158.481,505.611,378.92,630.256,334.137,0,99.0509,61.2497,1.61837
4944,65.7996,74.4464,197.442,587.809,144.812,615.956,0,46.529,19.2706,1.41416
4945,195.703,175.248,203.239,341.641,67.7179,404.916,0,109.53,86.1729,1.78675
4946,296.509,254.957,402.094,610.974,594.151,612.723,1,159.348,137.161,1.86076
4947,112.899,156.872,284.432,698.321,311.951,818.189,0,98.0451,14.8538,1.1515
4948,154.2,165.43,383.142,273.634,349.618,174.547,0,103.394,50.8063,1.49139
4949,181.202,237.751,488.339,264.872,648.009,197.94,0,148.595,32.6073,1.21944
4950,37,41.1354,588.586,820.268,602.422,833.259,0,25.7096,11.2904,1.43915
4951,202.003,274.965,379.658,587.313,312.649,818.031,0,171.853,30.1497,1.17544
4952,11.6,14.4408,256.491,197.887,251.529,184.328,0,9.0255,2.57451,1.28525
4953,60.2997,63.6849,298.132,770.248,311.79,818.3,0,39.8031,20.4966,1.51495
4954,98.6991,113.901,540.076,668.864,613.178,612.709,0,71.1882,27.5109,1.38645
4955,62.2996,82.8279,531.498,766.872,611.051,755.307,0,51.7674,10.5322,1.20345
4956,286.308,316.94,347.369,486.496,144.703,615.698,0,198.088,88.2206,1.44536
4957,74.0994,69.364,600.117,362.017,630.263,334.29,0,43.3525,30.7469,1.70923
4958,249.206,242.128,464.612,458.131,615.505,539.981,0,151.33,97.8763,1.64678
4959,70.9995,73.8492,547.746,742.914,612.012,752.963,0,46.1557,24.8438,1.53826
4960,174.101,139.606,281.809,311.534,250.343,184.936,0,87.2536,86.8478,1.99535
4961,195.803,259.411,391.45,633.975,312.397,818.09,0,162.132,33.6708,1.20768
4962,253.206,232.799,398.95,341.504,349.76,174.656,0,145.5,107.707,1.74025
4963,106.199,114.666,422.783,238.799,356.078,173.573,0,71.666,34.533,1.48186
4964,220.704,193.502,465.939,276.342,356.078,173.484,0,120.939,99.7653,1.82492
4965,0,0,146.987,695.937,146.987,695.937,0,0,0,0
4966,142.499,183.196,325.581,333.679,250.672,184.824,0,114.498,28.0019,1.24456
4967,104.299,119.184,296.11,280.182,250.167,184.99,0,74.4901,29.8089,1.40017
4968,29.1001,37.8613,161.758,592.029,144.749,615.711,0,23.6633,5.43678,1.22976
4969,35.8,44.0827,598.525,711.089,612.052,752.557,0,27.5517,8.24836,1.29938
4970,108.499,135.437,547.261,455.53,615.64,539.712,0,84.6484,23.8505,1.28176
4971,144.7,189.649,532.491,308.523,648.023,198.028,0,118.531,26.169,1.22078
4972,191.402,167.796,198.444,359.466,67.7756,405.001,0,104.872,86.53,1.8251
4973,17.2,18.194,632.485,206.731,648.088,198.039,0,11.3713,5.82877,1.51259
4974,285.008,333.903,356.569,473.941,144.725,616.258,0,208.69,76.3186,1.3657
4975,169.801,210.687,314.298,638.746,312.314,818.095,0,131.68,38.1216,1.2895
4976,296.509,208.806,418.585,489.877,567.447,450.33,1,130.504,166.005,2.27204
4977,165.001,185.641,503.06,202.169,648.038,191.003,0,116.025,48.9754,1.42211
4978,296.509,241.83,442.098,509.213,593.669,496.963,1,151.144,145.365,1.96177
4979,88.3992,90.0979,156.982,399.269,67.7414,404.954,0,56.3112,32.088,1.56983
4980,30.5001,40.2071,263.099,223.041,250.152,185.013,0,25.1294,5.37065,1.21372
4981,78.6994,86.9391,365.338,194.69,349.491,174.582,0,54.337,24.3624,1.44836
4982,224.004,245.487,329.728,561.019,144.746,615.71,0,153.429,70.5752,1.45999
4983,116.799,133.867,113.911,496.023,67.6945,405.499,0,83.6671,33.1317,1.39599
4984,52.5998,61.197,308.378,764.976,311.857,818.31,0,38.2482,14.3516,1.37522
4985,296.509,224.245,408.715,523.981,548.058,450.183,1,140.153,156.356,2.1156
4986,36.3,38.3259,162.156,662.806,149.752,693.163,0,23.9537,12.3463,1.51543
4987,32.0001,35.0884,390.373,171.594,355.735,174.274,0,21.9303,10.0698,1.45917
4988,137.399,141.26,162.6,473.464,139.647,611.171,0,88.2876,49.1116,1.55627
4989,141.999,188.932,526.132,269.361,648.026,197.912,0,118.082,23.9172,1.20255
4990,25.1001,20.522,265.217,199.87,252.925,183.808,0,12.8262,12.2738,1.95693
4991,82.8993,114.722,352.359,712.043,312.898,818.034,0,71.7011,11.1982,1.15618
4992,296.509,332.098,374.819,466.747,345.261,178.356,1,207.561,88.9476,1.42854
4993,50.9998,65.9194,188.37,652.125,149.7,693.172,0,41.1996,9.8002,1.23787
4994,80.6993,85.2725,569.143,127.375,653.542,130.141,0,53.2953,27.404,1.51419
4995,65.2996,94.773,572.773,244.036,648.043,197.91,0,59.2331,6.06646,1.10242
4996,91.6992,122.626,265.46,726.379,153.747,700.253,0,76.6414,15.0578,1.19647
4997,41.7999,53.3444,552.951,826.014,602.422,833.342,0,33.3403,8.45967,1.25374
4998,266.107,284.719,352.367,418.378,349.765,174.727,0,177.949,88.1577,1.49541
4999,111.899,153.878,547.429,286.56,647.893,197.732,0,96.1735,15.7253,1.16351
5000,151.6,160.53,501.396,131.355,653.483,129.951,0,100.331,51.2691,1.511
5001,280.508,333.784,357.906,474.457,144.689,616.262,0,208.615,71.8931,1.34462
5002,23.8001,31.7574,614.318,350.171,630.379,334.053,0,19.8484,3.95167,1.19909
5003,21.7,26.404,381.329,180.483,355.848,174.165,0,16.5025,5.19756,1.31496
5004,0,0,409.504,73.1012,409.463,73.193,0,0,0,0
5005,133.599,142.553,244.871,654.186,144.812,616.133,0,89.0957,44.5033,1.4995
5006,123.999,116.36,250.027,613.63,144.799,615.757,0,72.7249,51.2738,1.70504
5007,9.7,10.4488,607.513,743.222,612.143,752.609,0,6.53048,3.16952,1.48534
5008,280.508,309.084,345.483,489.356,144.675,615.662,0,193.178,87.3303,1.45207
5009,48.7998,53.2904,608.404,146.683,653.521,130.033,0,33.3065,15.4933,1.46517
5010,51.9998,58.822,597.321,696.601,612.42,752.037,0,36.7638,15.236,1.41443
5011,73.1995,87.5768,527.27,766.324,611.056,755.325,0,54.7355,18.464,1.33733
5012,129.199,164.905,365.457,678.68,313.336,818.223,0,103.065,26.1332,1.25356
5013,58.3997,74.6398,587.892,479.157,615.76,540.435,0,46.6498,11.7498,1.25187
5014,296.509,236.577,459.651,463.657,606.389,541.529,1,147.861,148.648,2.00533
5015,17.7,22.2901,630.341,210.357,647.883,197.746,0,13.9313,3.76875,1.27052
5016,8.3,8.89523,627.051,283.271,635.866,282.371,0,5.55952,2.74048,1.49293
5017,92.1992,108.693,283.277,276.755,250.175,184.993,0,67.9331,24.266,1.3572
5018,235.505,297.283,275.158,496.534,139.913,611.092,0,185.802,49.7033,1.26751
5019,139.999,163.086,536.7,226.081,647.767,191.776,0,101.929,38.0705,1.3735
5020,252.206,240.488,456.859,429.78,615.539,540.049,0,150.305,101.901,1.67796
5021,63.3996,72.1323,589.158,667.759,613.214,612.647,0,45.0827,18.3169,1.4063
5022,229.505,248.127,367.023,394.901,349.614,174.6,0,155.079,74.4255,1.47992
5023,112.999,117.243,562.841,386.276,630.387,334.507,0,73.2767,39.7222,1.54208
5024,76.7994,83.8911,571.354,125.494,653.467,130.048,0,52.4319,24.3675,1.46474
5025,29.7001,26.5736,588.438,618.036,613.252,613.168,0,16.6085,13.0916,1.78825
5026,88.0992,95.4132,348.112,228.122,349.471,174.588,0,59.6332,28.466,1.47735
5027,293.209,308.943,325.299,452.738,67.7331,404.919,0,193.09,100.119,1.51851
5028,230.105,297.162,308.977,502.033,139.871,611.08,0,185.726,44.3788,1.23895
5029,149.9,154.91,338.284,294.776,349.616,174.554,0,96.8189,53.081,1.54825
5030,25.7001,32.9842,176.707,623.029,144.802,615.996,0,20.6151,5.08493,1.24666
5031,75.8994,105.644,235.367,672.316,149.426,693.252,0,66.0272,9.87219,1.14952
5032,231.305,261.065,347.922,563.604,144.762,616.062,0,163.166,68.1393,1.41761
5033,149.3,147.783,556.715,540.246,613.292,612.547,0,92.3646,56.9353,1.61642
5034,124.299,124.016,457.642,156.817,356.043,173.525,0,77.5102,46.7884,1.60364
5035,96.7991,103.648,560.66,148.76,653.45,130.022,0,64.7801,32.019,1.49427
5036,249.406,314.068,313.889,484.007,139.858,611.19,0,196.293,53.1132,1.27058
5037,6.9,7.71362,647.604,135.268,653.971,131.083,0,4.82101,2.07898,1.43123
5038,67.9995,71.0086,597.682,685.201,612.379,751.902,0,44.3804,23.6192,1.5322
5039,287.208,250.78,485.01,481.631,615.562,540.131,0,156.737,130.471,1.83242
5040,34.9,30.225,592.971,626.03,613.301,613.176,0,18.8906,16.0094,1.84748
5041,25.9001,30.1907,305.625,794.859,311.714,818.372,0,18.8692,7.03086,1.37261
5042,296.509,242.96,464.917,473.739,607.115,540.134,1,151.85,144.659,1.95264
5043,132.899,136.714,558.605,402.64,630.33,334.144,0,85.446,47.4529,1.55535
5044,0,0,616.906,758.26,616.906,758.26,0,0,0,0
5045,296.509,233.724,391.094,518.044,553.855,452.444,1,146.077,150.432,2.02981
5046,225.305,247.602,349.153,579.931,144.819,616.062,0,154.751,70.5531,1.45591
5047,101.799,108.781,550.876,135.186,653.488,130.049,0,67.9882,33.8109,1.49731
5048,206.503,174.922,443.784,281.159,355.783,174.329,0,109.326,97.177,1.88887
5049,135.599,172.04,596.325,409.731,615.493,540.06,0,107.525,28.0742,1.26109
5050,133.899,149.942,353.63,300.785,349.469,174.593,0,93.7136,40.1853,1.42881
5051,190.202,207.417,485.139,440.055,615.592,539.6,0,129.636,60.5668,1.46721
5052,171.101,188.952,379.063,310.634,349.866,174.685,0,118.095,53.0065,1.44885
5053,168.801,138.657,202.087,395.992,67.6865,405.496,0,86.6608,82.1403,1.94784
5054,97.0991,110.289,186.806,535.91,140.13,611.088,0,68.9308,28.1683,1.40865
5055,86.0993,113.985,337.913,707.583,312.646,818.015,0,71.2405,14.8588,1.20857
5056,176.802,160.067,209.752,364.237,67.685,405.505,0,100.042,76.76,1.76728
5057,140.299,171.1,359.551,664.877,312.893,817.971,0,106.938,33.3616,1.31197
5058,60.8996,66.3413,594.712,178.034,648.462,190.899,0,41.4633,19.4363,1.46876
5059,18.4,22.5184,629.268,209.496,648.032,197.883,0,14.074,4.32603,1.30738
5060,127.999,169.737,532.048,289.455,647.964,197.906,0,106.086,21.9127,1.20656
5061,66.5996,73.9709,141.869,401.079,67.7697,405.248,0,46.2318,20.3678,1.44056
5062,175.902,134.719,215.337,227.908,248.538,184.803,0,84.1993,91.7022,2.08911
5063,16.7,21.3696,318.823,797.445,312.927,818.041,0,13.356,3.34405,1.25038
5064,184.302,177.443,205.924,350.493,67.8028,404.99,0,110.902,73.4002,1.66185
5065,193.303,195.022,481.914,290.665,630.257,334.125,0,121.889,71.414,1.5859
5066,108.099,134.618,528.761,734.294,611.14,755.172,0,84.1362,23.9627,1.28481
5067,62.1996,84.1811,581.698,246.646,647.951,197.838,0,52.6132,9.58641,1.18221
5068,41.6999,49.0031,80.0366,441.007,67.6529,405.582,0,30.6269,11.073,1.36155
5069,220.704,175.108,243.579,347.504,249.069,185.102,0,109.442,111.262,2.01662
5070,27.5001,32.1119,599.329,783.031,606.968,810.594,0,20.0699,7.43013,1.37021
5071,17.7,22.4536,316.139,796.247,312.753,817.981,0,14.0335,3.66654,1.26127
5072,162.801,137.597,295.982,298.836,250.205,185.03,0,85.9984,76.8024,1.89307
5073,296.509,114.8,449.902,514.996,426.518,542.68,1,71.7502,224.759,4.13252
5074,39.6,44.6424,592.093,819.119,602.372,833.311,0,27.9015,11.6984,1.41928
5075,97.4991,106.062,290.171,735.59,311.469,818.49,0,66.2885,31.2106,1.47083
5076,56.3997,64.7336,394.906,188.502,355.777,174.218,0,40.4585,15.9412,1.39401
5077,7.3,7.96356,141.039,628.672,139.793,620.921,0,4.97723,2.32277,1.46668
5078,16.1,19.0796,301.826,805.284,312.006,818.342,0,11.9247,4.17529,1.35014
5079,233.905,219.369,468.156,370.772,630.339,334.139,0,137.105,96.7997,1.70602
5080,77.3994,85.315,543.314,600.868,613.23,612.673,0,53.3219,24.0775,1.45155
5081,261.807,247.063,446.774,443.475,615.625,539.692,0,154.414,107.392,1.69548
5082,25.4001,30.3262,622.043,203.435,648.026,197.935,0,18.9539,6.44621,1.3401
5083,170.401,196.491,346.348,334.522,349.666,174.696,0,122.807,47.5943,1.38755
5084,196.203,157.341,502.95,187.296,355.818,174.291,0,98.3382,97.8646,1.99518
5085,280.608,295.585,286.08,471.454,67.6874,404.836,0,184.74,95.8676,1.51893
5086,296.509,106.971,558.635,182.167,563.869,182.04,1,66.8571,229.652,4.43496
5087,48.5998,60.7023,273.271,787.705,311.279,818.503,0,37.9389,10.6609,1.281
5088,276.008,268.341,466.401,490.51,613.266,612.493,0,167.713,108.294,1.64571
5089,210.504,215.461,395.368,324.254,349.402,174.528,0,134.663,75.8405,1.56319
5090,14.1,17.6414,373.27,173.179,356.001,173.903,0,11.0259,3.07413,1.27881
5091,240.906,148.82,498.108,624.689,613.233,612.651,0,93.0123,147.893,2.59004
5092,174.001,164.076,555.444,529.949,613.154,612.55,0,102.547,71.454,1.69679
5093,10.9,10.4038,600.878,755.337,611.142,755.213,0,6.5024,4.3976,1.6763
5094,41.7999,52.2965,603.656,209.282,648.35,198.135,0,32.6853,9.11462,1.27886
5095,135.599,150.272,335.41,290.165,349.719,174.749,0,93.9202,41.6789,1.44377
5096,127.799,135.56,328.624,275.805,349.471,174.543,0,84.7249,43.0738,1.5084
5097,122.999,153.15,317.227,688.099,312.834,817.962,0,95.7187,27.28,1.285
5098,196.603,189.512,512.643,530.614,613.306,612.538,0,118.445,78.1581,1.65987
5099,138.799,143.784,423.101,268.064,355.791,174.31,0,89.8648,48.9344,1.54453
5100,71.0995,70.3172,284.765,228.367,249.769,185.11,0,43.9483,27.1512,1.6178
5101,33.0001,37.6,573.965,755.768,611.136,754.972,0,23.5,9.50004,1.40426
5102,112.199,140.097,546.572,459.082,615.513,540.086,0,87.5607,24.6382,1.28138
5103,153.3,185.569,514.818,222.951,648.155,190.987,0,115.981,37.3193,1.32177
5104,22.8001,21.7145,591.725,610.449,613.274,613.191,0,13.5716,9.22849,1.67999
5105,68.2995,76.8799,115.167,440.761,67.7534,405.247,0,48.0499,20.2496,1.42143
5106,290.909,272.803,417.506,381.171,630.299,334.072,0,170.502,120.407,1.70619
5107,219.804,230.8,298.631,551.184,144.763,615.77,0,144.25,75.5545,1.52378
5108,29.7001,28.7782,235.224,207.622,249.285,185.167,0,17.9863,11.7137,1.65126
5109,14.9,19.5045,318.778,799.578,313.201,818.266,0,12.1903,2.7097,1.22228
5110,35.5,34.1518,228.547,204.331,249.118,185.125,0,21.3448,14.1552,1.66317
5111,96.6991,125.842,572.829,276.923,647.899,197.777,0,78.6513,18.0478,1.22947
5112,119.399,111.739,167.836,383.038,67.6494,404.91,0,69.8367,49.562,1.70968
5113,122.199,108.558,162.987,415.722,67.6612,405.5,0,67.8485,54.3502,1.80105
5114,86.2993,122.276,254.595,683.598,149.419,693.264,0,76.4227,9.87656,1.12924
5115,206.503,203.403,489.961,414.439,630.375,334.067,0,127.127,79.3765,1.62439
5116,96.1991,110.172,117.918,474.25,67.7759,405.307,0,68.8575,27.3416,1.39708
5117,96.3991,102.819,277.361,283.131,249.654,185.243,0,64.2621,32.137,1.50009
5118,52.9998,47.8366,112.072,412.794,67.8443,405.169,0,29.8979,23.1019,1.77269
5119,108.499,110.042,558.291,154.991,653.516,129.95,0,68.7763,39.7226,1.57756
5120,203.503,180.415,208.626,330.196,248.854,184.982,0,112.76,90.7436,1.80475
5121,129.599,163.885,289.605,687.412,149.407,693.324,0,102.428,27.1707,1.26527
5122,5.5,5.04005,310.942,813.261,312.651,818.001,0,3.15003,2.34997,1.74601
5123,75.7994,89.0916,149.024,522.529,139.89,611.061,0,55.6822,20.1172,1.36129
5124,178.202,154.522,504.859,678.801,613.225,612.849,0,96.5764,81.6253,1.84519
5125,138.299,142.621,528.87,158.952,653.546,130.045,0,89.1383,49.161,1.55151
5126,130.499,141.452,496.05,338.174,630.294,333.867,0,88.4074,42.0914,1.47611
5127,296.509,213.486,399.229,484.641,569.033,450.137,1,133.429,163.08,2.22222
5128,112.299,119.772,557.665,386.329,630.319,334.084,0,74.8575,37.4414,1.50017
5129,66.3996,69.1939,586.318,125.22,653.542,130.049,0,43.2462,23.1534,1.53539
5130,158.5,143.005,310.885,300.959,250.229,185.027,0,89.3784,69.1221,1.77336
5131,156.6,128.69,163.036,436.165,67.7274,405.51,0,80.4311,76.1692,1.94701
5132,172.301,129.842,224.219,310.793,249.322,185.239,0,81.1514,91.15,2.12321
5133,54.6997,60.5987,597.738,171.886,648.368,190.804,0,37.8742,16.8255,1.44425
5134,35.7,35.6381,583.857,820.244,602.366,833.278,0,22.2738,13.4262,1.60278
5135,188.402,239.799,262.715,519.545,139.93,611.145,0,149.874,38.5279,1.25707
5136,142.499,152.332,494.856,329.806,630.25,334.118,0,95.2073,47.2922,1.49673
5137,220.504,179.26,494.5,687.728,613.172,612.959,0,112.037,108.467,1.96813
5138,192.403,178.757,482.14,570.395,613.233,612.92,0,111.723,80.6796,1.72214
5139,267.307,252.579,451.712,463.237,615.524,540.142,0,157.862,109.445,1.6933
5140,189.902,245.849,399.255,644.799,312.341,818.099,0,153.656,36.2466,1.2359
5141,88.3992,94.7339,560.282,123.606,653.506,129.958,0,59.2087,29.1905,1.49301
5142,73.9994,93.9793,566.777,484.658,615.782,539.531,0,58.7371,15.2624,1.25984
5143,296.509,174.4,472.935,477.948,578.331,451.851,1,109,187.509,2.72026
5144,232.905,241.406,268.506,437.551,67.7555,405.397,0,150.878,82.0265,1.54366
5145,52.6998,72.2873,216.145,731.938,152.953,701.692,0,45.1795,7.52023,1.16645
5146,178.402,138.456,162.323,445.302,67.7132,405.556,0,86.535,91.8667,2.06161
5147,22,24.7723,614.218,344.049,630.265,334.148,0,15.4827,6.51738,1.42095
5148,216.304,233.321,462.964,424.508,615.601,539.723,0,145.826,70.4783,1.4833
5149,125.599,104.064,216.041,256.252,248.585,184.888,0,65.0398,60.5588,1.9311
5150,257.206,208.145,430.532,634.45,613.213,612.633,0,130.09,127.116,1.97714
5151,91.2992,105.062,282.301,280.915,250.17,184.996,0,65.6639,25.6353,1.3904
5152,51.5998,66.3333,411.097,143.783,405.94,78.2456,0,41.4583,10.1415,1.24462
5153,145,136.683,453.474,142.074,356.06,173.63,0,85.4269,59.5727,1.69735
5154,172.101,183.042,234.861,509.47,139.589,611.229,0,114.401,57.7001,1.50437
5155,134.099,158.819,522.736,209.797,647.534,192.097,0,99.2621,34.8369,1.35096
5156,15.4,17.7646,151.01,675.649,149.767,693.197,0,11.1029,4.29717,1.38703
5157,74.7994,84.1118,578.352,672.659,613.302,613.058,0,52.5699,22.2296,1.42286
5158,150.3,161.967,528.393,438.362,615.536,539.974,0,101.229,49.0709,1.48475
5159,78.2994,80.4412,589.646,677.193,612.456,751.89,0,50.2758,28.0236,1.5574
5160,25.3001,21.1335,264.408,200.626,252.354,184.031,0,13.2084,12.0917,1.91545
5161,18.1,24.6436,629.082,130.965,653.549,129.994,0,15.4023,2.69776,1.17515
5162,103.899,137.011,263.716,674.995,149.526,693.294,0,85.6318,18.2672,1.21332
5163,87.0992,98.8903,211.168,572.731,144.649,615.667,0,61.8064,25.2928,1.40923
5164,129.699,130.776,249.659,308.066,249.8,185.121,0,81.7353,47.9634,1.58681
5165,61.5996,70.0702,282.518,773.489,310.665,818.841,0,43.7939,17.8058,1.40658
5166,211.404,262.489,333.986,392.993,250.691,184.781,0,164.056,47.3482,1.28861
5167,189.102,156.141,183.622,300.445,248.555,184.779,0,97.588,91.5143,1.93776
5168,169.901,146.988,200.577,412.029,67.7843,405.398,0,91.8674,78.0337,1.84942
5169,189.702,194.377,473.001,307.351,630.344,334.059,0,121.486,68.2169,1.56152
5170,68.7995,75.9923,283.157,767.702,310.638,818.828,0,47.4952,21.3044,1.44856
5171,227.405,194.205,237.234,352.775,249.067,185.087,0,121.378,106.026,1.87352
5172,25.2001,32.2427,318.149,786.358,312.665,817.962,0,20.1517,5.04836,1.25052
5173,222.004,243.843,330.786,561.716,144.818,616.077,0,152.402,69.6026,1.4567
5174,67.4995,71.838,592.569,367.478,630.333,334.203,0,44.8988,22.6008,1.50337
5175,200.703,174.968,167.417,303.019,248.161,184.742,0,109.355,91.3482,1.83534
5176,9.3,10.9631,637.661,187.555,647.953,191.331,0,6.85195,2.44805,1.35728
5177,91.3992,101.256,418.463,225.924,356.091,173.467,0,63.2853,28.1139,1.44424
5178,40.5,35.7678,227.166,201.615,248.985,184.993,0,22.3549,18.1451,1.81169
5179,62.2996,77.396,220.608,627.452,144.695,615.669,0,48.3725,13.9272,1.28791
5180,33.3001,36.79,137.186,659.804,149.323,693.317,0,22.9937,10.3063,1.44822
5181,296.509,113.354,127.983,538.154,124.434,538.411,1,70.8465,225.662,4.18523
5182,253.306,263.576,293.633,424.669,67.6787,404.931,0,164.735,88.5711,1.53766
5183,23.4001,29.5609,621.095,208.768,648.012,197.894,0,18.4756,4.92449,1.26654
5184,121.999,127.746,269.079,638.576,144.755,616.186,0,79.841,42.1577,1.52802
5185,76.3994,84.499,204.752,582.111,144.804,615.784,0,52.8119,23.5875,1.44663
5186,158.8,173.84,247.475,572.877,144.725,615.627,0,108.65,50.1506,1.46158
5187,156.4,147.921,239.109,321.269,249.834,185.09,0,92.4506,63.9498,1.69172
5188,116.899,123.584,556.667,168.433,653.467,130.05,0,77.2402,39.6586,1.51345
5189,41.0999,55.0419,564.893,800.201,606.34,811.858,0,34.4012,6.69874,1.19472
5190,296.509,114.507,573.799,292.314,589.832,290.244,1,71.5671,224.942,4.14309
5191,60.6996,80.2697,539.433,778.016,611.138,755.051,0,50.1685,10.5311,1.20991
5192,82.9993,95.4483,178.217,544.237,139.963,611.091,0,59.6552,23.3441,1.39132
5193,84.2993,102.554,94.9691,473.041,67.8009,405.25,0,64.0961,20.2032,1.3152
5194,27.5001,35.6463,617.789,214.872,648.389,198.156,0,22.279,5.22111,1.23435
5195,150.7,164.373,238.555,572.601,144.696,615.597,0,102.733,47.9667,1.46691
5196,143.9,141.381,273.016,649.193,144.821,615.963,0,88.3629,55.5367,1.62851
5197,53.3998,45.356,258.373,229.549,249.819,185.086,0,28.3475,25.0522,1.88375
5198,7,6.98929,74.3773,402.982,67.8227,405.348,0,4.3683,2.63169,1.60245
5199,214.404,182.783,246.638,349.911,248.648,184.896,0,114.239,100.165,1.8768
5200,165.301,175.792,290.739,603.092,144.755,616.023,0,109.87,55.4307,1.50451
5201,84.4993,93.8538,273.007,275.494,249.9,185.122,0,58.6586,25.8407,1.44053
5202,108.299,121.214,238.532,653.883,144.743,616.167,0,75.7589,32.54,1.42952
5203,179.502,224.705,331.581,373.674,250.608,184.772,0,140.441,39.0609,1.27813
5204,296.509,196.659,476.643,483.652,588.962,477.309,1,122.912,173.597,2.41236
5205,86.9992,97.0441,275.53,279.215,249.904,185.083,0,60.6526,26.3467,1.43439
5206,24.3001,28.719,316.859,790.024,312.39,818.128,0,17.9494,6.35068,1.35381
5207,152.4,189.735,312.245,330.845,250.695,184.818,0,118.584,33.8159,1.28516
5208,60.7996,77.8429,214.749,678.654,149.457,693.254,0,48.6518,12.1478,1.24969
5209,118.199,123.135,252.872,300.833,249.647,185.186,0,76.9594,41.2393,1.53586
5210,40.6,30.2091,592.635,626.791,613.324,613.216,0,18.8807,21.7193,2.15034
5211,163.501,140.157,508.757,661.636,613.266,613.062,0,87.5983,75.9024,1.86648
5212,23.6001,29.8749,601.722,566.412,616.158,541.651,0,18.6718,4.92822,1.26394
5213,0,0,312.811,825.24,312.811,825.24,0,0,0,0
5214,121.699,126.155,529.544,572.623,613.24,612.564,0,78.8471,42.8516,1.54348
5215,170.501,126.152,222.089,307.513,248.836,185.032,0,78.8453,91.6559,2.16248
5216,203.203,229.267,328.548,578.147,144.781,616.054,0,143.292,59.9115,1.41811
5217,296.509,251.942,442.895,585.423,600.092,613.039,1,157.463,139.045,1.88303
5218,235.805,221.387,397.188,336.803,349.661,174.639,0,138.367,97.4382,1.7042
5219,296.509,206.325,475.177,481.412,592.108,492.877,1,128.953,167.556,2.29936
5220,221.304,208.932,295.766,360.908,249.892,185.121,0,130.582,90.7218,1.69475
5221,217.504,205.409,285.411,562.653,144.775,616.066,0,128.381,89.1235,1.69421
5222,245.506,281.785,346.957,540.515,144.805,616.199,0,176.116,69.3901,1.394
5223,93.7991,83.5537,604.576,696.242,612.265,752.325,0,52.2211,41.5781,1.79619
5224,104.799,108.608,557.478,305.831,630.39,333.826,0,67.88,36.919,1.54389
5225,82.4993,88.6826,156.619,540.185,139.727,611.065,0,55.4267,27.0727,1.48844
5226,296.509,280.792,417.88,566.847,595.197,614.858,1,175.495,121.014,1.68956
5227,210.404,205.16,491.607,246.166,356.079,173.599,0,128.225,82.1784,1.64089
5228,155.8,179.095,186.517,520.569,140.132,611.137,0,111.934,43.8659,1.39189
5229,177.002,165.206,559.3,526.834,613.17,612.654,0,103.253,73.7481,1.71424
5230,296.509,237.182,448.273,487.654,599.268,513.24,1,148.239,148.27,2.00021
5231,158.9,190.997,526.66,501.03,615.54,539.938,0,119.373,39.5274,1.33112
5232,72.3995,86.4441,316.907,741.747,311.787,818.346,0,54.0275,18.3719,1.34005
5233,272.407,279.177,308.048,423.726,67.7459,404.938,0,174.485,97.922,1.5612
5234,296.509,303.138,359.696,451.406,348.332,176.831,1,189.461,107.048,1.56501
5235,41.5999,35.5941,247.517,219.482,249.998,185,0,22.2463,19.3536,1.86997
5236,235.005,188.811,213.85,445.967,67.7558,405.243,0,118.007,116.998,1.99145
5237,34.2001,41.7579,179.758,674.611,149.867,693.247,0,26.0987,8.10133,1.31041
5238,24.1001,31.6881,175.482,622.517,144.83,616.013,0,19.8051,4.29499,1.21686
5239,18.7,20.9486,603.465,557.839,616.726,543.072,0,13.0929,5.60716,1.42826
5240,1.4,0.672139,654.194,199.043,653.98,198.406,0,0.420087,0.979914,3.33265
5241,184.502,144.55,216.057,226.667,248.297,184.795,0,90.3435,94.1586,2.04223
5242,101.199,102.005,161.296,388.602,67.782,405.224,0,63.7531,37.4459,1.58736
5243,105.199,135.282,512.288,717.626,612,752.944,0,84.5515,20.6475,1.2442
5244,195.603,176.001,507.383,541.638,613.347,613.068,0,110.001,85.6021,1.7782
5245,85.3993,92.8599,230.786,275.013,248.946,185.02,0,58.0375,27.3618,1.47145
5246,178.302,156.559,236.121,328.519,249.448,185.218,0,97.8491,80.4526,1.82221
5247,58.3997,62.8099,299.745,769.083,311.842,818.262,0,39.2562,19.1435,1.48765
5248,169.501,131.521,216.413,230.771,248.255,184.821,0,82.2006,87.3006,2.06204
5249,106.099,134.285,554.299,178.607,647.795,191.506,0,83.928,22.1709,1.26417
5250,195.003,260.2,283.505,513.392,139.915,611.08,0,162.625,32.3775,1.19909
5251,131.299,137.453,315.09,288.517,250.179,185.002,0,85.9081,45.3908,1.52836
5252,149.7,160.584,495.416,115.403,653.484,129.779,0,100.365,49.3349,1.49155
5253,12.5,13.5649,639.12,208.117,648.181,198.093,0,8.47809,4.02192,1.47439
5254,0,0,139.333,614.781,139.333,614.781,0,0,0,0
5255,103.699,109.069,245.974,619.11,144.849,616.054,0,68.1683,35.5307,1.52122
5256,89.6992,98.2543,274.069,278.687,249.569,185.196,0,61.4089,28.2903,1.46069
5257,42.8999,47.0667,572.918,594.301,613.359,612.327,0,29.4167,13.4832,1.45835
5258,238.205,237.919,270.506,432.446,67.7857,405.133,0,148.699,89.5059,1.60193
5259,25.2001,26.5983,83.6886,419.64,67.8438,405.248,0,16.624,8.57611,1.51589
5260,108.799,121.076,354.263,258.711,349.575,174.58,0,75.6725,33.1264,1.43776
5261,61.7996,60.4387,268.022,242.95,249.827,185.091,0,37.7742,24.0255,1.63603
5262,12.8,16.2946,371.205,179.295,356.041,173.462,0,10.1841,2.61591,1.25686
5263,164.101,143.182,291.919,301.543,250.189,185.012,0,89.4888,74.612,1.83376
5264,120.399,118.248,260.807,633.094,144.744,615.814,0,73.9049,46.4938,1.6291
5265,66.4996,91.4391,337.07,730.24,312.746,817.953,0,57.1494,9.35014,1.16361
5266,229.005,307.01,387.529,569.366,312.651,817.984,0,191.881,37.1237,1.19347
5267,61.4996,68.0592,599.079,151.864,653.467,130.225,0,42.537,18.9626,1.44579
5268,39.2,53.3111,310.635,772.072,311.771,818.413,0,33.3195,5.88052,1.17649
5269,118.399,137.627,111.449,495.01,67.688,405.535,0,86.0166,32.3821,1.37646
5270,22.6,28.4963,411.32,106.053,405.68,78.2337,0,17.8102,4.78989,1.26894
5271,162.601,153.1,238.751,326.303,249.315,185.232,0,95.6877,66.9131,1.69929
5272,296.509,264.742,428.072,419.324,602.264,524.889,1,165.464,131.045,1.79198
5273,235.705,161.418,497.655,634.746,613.236,612.614,0,100.886,134.819,2.33634
5274,296.509,229.766,432.345,492.952,592.275,487.438,1,143.604,152.905,2.06477
5275,190.002,217.29,369.643,628.498,312.915,818.027,0,135.806,54.196,1.39907
5276,140.599,119.036,173.581,375.942,67.7325,405.51,0,74.3973,66.2021,1.88985
5277,206.303,220.239,386.952,340.715,349.469,174.565,0,137.649,68.6541,1.49876
5278,29.7001,37.557,587.446,528.891,615.454,540.118,0,23.4731,6.22695,1.26528
5279,143.4,127.913,192.832,390.743,67.6757,404.878,0,79.9457,63.4538,1.79371
5280,136.099,153.857,351.359,302.812,349.46,174.571,0,96.1607,39.9384,1.41533
5281,44.2999,52.6156,573.423,789.116,606.467,811.532,0,32.8848,11.4151,1.34713
5282,43.2999,55.6205,139.822,559.116,139.908,611.08,0,34.7628,8.53709,1.24558
5283,147.7,131.474,282.1,297.422,249.06,185.12,0,82.1715,65.5283,1.79746
5284,66.0996,86.3477,566.826,492.96,615.676,540.537,0,53.9673,12.1322,1.22481
5285,189.502,223.928,604.6,393.411,615.529,539.787,0,139.955,49.5472,1.35402
5286,296.509,281.871,285.942,464.519,68.2225,405.023,1,176.169,120.34,1.68309
5287,199.903,219.048,473.576,439.77,615.607,539.561,0,136.905,62.9979,1.46016
5288,191.702,212.725,480.02,436.471,615.709,539.563,0,132.953,58.7492,1.44188
5289,19.3,21.6425,602.8,557.313,616.451,542.129,0,13.5266,5.77346,1.42682
5290,255.806,262.358,340.123,387.74,349.876,174.838,0,163.974,91.8327,1.56005
5291,224.404,253.702,341.96,564.287,144.787,616.076,0,158.564,65.8406,1.41523
5292,91.2992,107.253,235.371,607.411,144.793,616.025,0,67.0333,24.2659,1.362
5293,191.502,246.053,276.863,521.796,139.854,611.153,0,153.783,37.7196,1.24528
5294,173.801,164.337,303.768,627.452,144.668,615.676,0,102.71,71.091,1.69215
5295,200.103,201.745,479.622,316.198,630.307,334.145,0,126.091,74.0124,1.58698
5296,95.1991,113.315,566.525,175.076,653.526,130.049,0,70.8219,24.3772,1.3442
5297,118.799,110.631,237.628,744.354,152.777,701.772,0,69.1445,49.6542,1.71812
5298,189.202,243.885,399.727,643.379,312.965,818.112,0,152.428,36.7745,1.24126
5299,75.7994,82.9071,149.886,400.961,67.8056,405.163,0,51.817,23.9825,1.46283
5300,22.6,29.2987,322.071,181.279,350.367,174.968,0,18.3117,4.28836,1.23419
5301,70.0995,75.771,578.331,131.351,653.471,129.957,0,47.3569,22.7426,1.48024
5302,52.9998,61.9103,554.525,749.972,612.086,752.618,0,38.694,14.3058,1.36972
5303,153.2,201.893,516.591,264.483,647.877,197.777,0,126.183,27.017,1.21411
5304,15.8,17.3178,613.402,330.622,630.307,334.164,0,10.8236,4.97642,1.45977
5305,168.601,196.365,321.007,343.421,250.257,184.902,0,122.728,45.8729,1.37378
5306,110.799,123.486,175.092,258.559,248.303,184.784,0,77.1785,33.6203,1.43562
5307,8.5,9.30998,303.645,814.181,311.691,818.411,0,5.81874,2.68126,1.4608
5308,80.5993,82.4703,417.873,206.968,355.777,174.249,0,51.5439,29.0554,1.5637
5309,193.303,250.861,400.017,631.51,312.545,818.038,0,156.788,36.5144,1.23289
5310,156.9,147.543,481.778,153.022,355.976,173.656,0,92.2144,64.686,1.70147
5311,75.6994,99.1807,337.541,721.911,312.844,818.015,0,61.9879,13.7115,1.2212
5312,185.702,157.71,471.647,613.3,613.24,613.046,0,98.5688,87.1333,1.88398
5313,173.601,190.478,387.262,301.943,349.802,174.702,0,119.048,54.5529,1.45824
5314,48.6998,59.4582,313.01,766.525,311.906,818.274,0,37.1614,11.5385,1.3105
5315,60.4996,83.0027,223.76,736.328,152.456,701.788,0,51.8767,8.62293,1.16622
5316,90.8992,118,592.908,268.522,647.896,197.803,0,73.7502,17.1489,1.23253
5317,1.9,1.06013,610.875,757.631,611.871,757.269,0,0.662584,1.23742,2.86756
5318,96.2991,99.8539,373.856,206.805,355.802,174.306,0,62.4087,33.8904,1.54304
5319,93.9991,112.718,212.872,652.691,144.837,616.046,0,70.449,23.5502,1.33429
5320,236.305,225.822,477.681,423.397,630.305,334.162,0,141.139,95.1664,1.67427
5321,203.603,193.63,402.716,303.105,355.841,174.33,0,121.019,82.5844,1.68241
5322,43.9999,55.9087,118.299,574.166,139.923,611.091,0,34.9429,9.05698,1.25919
5323,223.404,184.419,219.087,431.226,67.6604,405.466,0,115.262,108.143,1.93823
5324,177.302,197.336,220.607,474.972,140.161,611.23,0,123.335,53.9665,1.43756
5325,71.5995,74.3579,264.314,257.157,249.442,185.238,0,46.4737,25.1258,1.54065
5326,122.799,117.776,261.194,633.329,144.654,615.729,0,73.6099,49.1888,1.66824
5327,260.707,261.386,425.16,394.661,630.357,334.14,0,163.367,97.3402,1.59584
5328,86.2993,95.6347,188.116,565.809,139.955,611.133,0,59.7717,26.5276,1.44381
5329,208.404,160.872,492.813,157.038,356.085,173.533,0,100.545,107.859,2.07274
5330,17.3,19.035,613.613,338.216,630.358,334.067,0,11.8969,5.40314,1.45416
5331,77.4994,88.9185,161.687,536.702,139.889,611.125,0,55.5741,21.9253,1.39452
5332,80.7993,74.4451,422.548,152.283,356.104,173.599,0,46.5282,34.2711,1.73657
5333,191.102,191.857,324.345,613.52,144.774,616.068,0,119.911,71.1916,1.5937
5334,8.2,8.79993,255.459,192.12,252.845,183.739,0,5.49996,2.70004,1.49092
5335,43.7999,40.4738,224.079,210.576,248.686,184.879,0,25.2961,18.5038,1.73149
5336,69.3995,77.3637,583.613,672.053,613.156,612.858,0,48.3523,21.0472,1.43529
5337,62.7996,74.6395,554.736,731.957,612.02,752.947,0,46.6497,16.1499,1.3462
5338,124.999,104.029,517.799,631.728,613.282,613.091,0,65.0183,59.9804,1.92252
5339,296.509,132.933,427.604,135.58,424.268,121.741,1,83.0832,213.426,3.56882
5340,296.509,103.137,129.298,538.964,124.946,537.59,1,64.4604,232.049,4.59986
5341,140.299,153.281,228.992,572.035,144.683,615.702,0,95.8006,44.4987,1.46449
5342,57.8997,59.5465,555.386,618.185,613.303,612.37,0,37.2166,20.6831,1.55575
5343,193.003,244.07,313.712,371.522,250.575,184.783,0,152.544,40.4586,1.26523
5344,1,0.351322,147.676,693.558,147.796,693.888,0,0.219576,0.780424,4.55423
5345,107.299,109.474,446.415,195.281,356.093,173.49,0,68.4213,38.8777,1.56821
5346,145,172.714,535.396,421.298,615.585,539.663,0,107.947,37.0531,1.34325
5347,242.306,208.271,471.759,382.464,630.361,334.108,0,130.17,112.136,1.86146
5348,245.106,242.033,456.796,432.773,615.544,540.082,0,151.27,93.8354,1.62032
5349,296.509,185.862,304.528,398.952,282.555,305.801,1,116.164,180.345,2.55251
5350,195.903,263.63,293.562,525.291,139.946,611.174,0,164.769,31.1341,1.18896
5351,235.005,207.813,406.801,317.666,356.096,173.596,0,129.883,105.122,1.80936
5352,167.201,193.21,524.598,455.476,615.6,539.697,0,120.756,46.4445,1.38461
5353,293.209,237.262,422.233,656.032,613.315,613.082,0,148.289,144.92,1.97728
5354,203.003,282.533,378.726,579.344,312.655,818.017,0,176.583,26.4198,1.14962
5355,296.509,227.045,403.956,490.107,581.593,457.485,1,141.903,154.606,2.08952
5356,98.1991,125.012,572.103,431.834,615.508,540.177,0,78.1322,20.0669,1.25683
5357,134.199,178.935,419.925,711.868,313.415,818.183,0,111.835,22.3645,1.19998
5358,188.002,243.246,405.047,639.228,312.397,818.096,0,152.029,35.9733,1.23662
5359,286.408,266.673,401.502,614.495,613.237,612.595,0,166.671,119.738,1.71841
5360,168.901,186.826,224.185,492.539,139.968,611.066,0,116.766,52.1349,1.44649
5361,152.3,173.009,192.108,520.522,140.124,611.065,0,108.131,44.1694,1.40848
5362,243.206,204.447,266.679,365.65,249.784,185.101,0,127.78,115.426,1.90332
5363,24.8001,31.5029,593.666,527.689,615.662,540.458,0,19.6893,5.11073,1.25957
5364,6,5.89827,147.873,687.635,149.741,693.224,0,3.68642,2.31358,1.6276
5365,264.407,283.906,322.329,510.355,144.752,615.768,0,177.441,86.9659,1.49011
5366,217.504,209.788,424.525,316.775,355.751,174.313,0,131.117,86.3868,1.65885
5367,252.706,269.604,363.112,417.058,349.672,174.56,0,168.503,84.2037,1.49972
5368,248.806,238.33,307.424,377.605,248.971,184.99,0,148.956,99.8496,1.67033
5369,223.204,206.123,473.411,385.834,630.347,334.129,0,128.827,94.3774,1.73259
5370,0,0,140.562,618.164,140.562,618.164,0,0,0,0
5371,159.801,169.324,498.896,366.418,630.335,334.053,0,105.827,53.9731,1.51001
5372,48.8998,47.337,590.236,643.158,613.257,613.196,0,29.5856,19.3142,1.65282
5373,254.606,227.707,460.703,389.995,630.265,334.057,0,142.317,112.289,1.78901
5374,121.099,153.679,314.602,688.2,312.264,818.087,0,96.0491,25.0496,1.2608
5375,166.301,202.481,367.45,644.405,312.4,818.057,0,126.551,39.7502,1.3141
5376,182.902,136.467,172.15,437.178,67.7049,405.482,0,85.2917,97.6103,2.14443
5377,155.9,145.042,467.613,212.13,356.04,173.68,0,90.6515,65.2488,1.71978
5378,14.7,19.4916,598.63,738.52,612.271,752.376,0,12.1823,2.51776,1.20667
5379,168.201,190.172,612.437,402.014,615.566,539.603,0,118.857,49.3438,1.41515
5380,130.699,130.678,160.669,482.49,139.671,611.052,0,81.6737,49.0251,1.60026
5381,157,165.408,489.415,118.032,653.573,130.307,0,103.38,53.6204,1.51867
5382,40.5,29.7044,590.846,624.207,613.219,612.604,0,18.5653,21.9347,2.18149
5383,75.3994,80.3604,426.977,148.453,355.965,173.605,0,50.2253,25.1741,1.50122
5384,141.099,134.26,298.075,296.548,250.193,184.987,0,83.9128,57.1866,1.6815
5385,16.5,18.9144,596.527,605.268,613.185,612.724,0,11.8215,4.67852,1.39576
5386,277.808,308.389,358.072,520.47,144.653,615.7,0,192.743,85.0645,1.44134
5387,141.499,148.77,176.66,480.593,139.587,611.196,0,92.9812,48.5183,1.52181
5388,30.5001,24.6342,271.338,199.719,253.021,183.606,0,15.3963,15.1037,1.98099
5389,6,5.78112,607.661,614.528,613.27,613.204,0,3.6132,2.3868,1.66058
5390,33.0001,36.6581,565.536,835.159,602.356,833.324,0,22.9113,10.0887,1.44034
5391,84.4993,92.6739,228.739,274.352,249.092,185.133,0,57.9212,26.5781,1.45887
5392,38.1,34.5922,236.491,216.516,249.21,185.119,0,21.6201,16.4799,1.76225
5393,129.399,130.218,523.537,572.18,613.338,612.494,0,81.386,48.0127,1.58994
5394,210.504,182.081,220.871,347.213,248.686,184.879,0,113.801,96.7028,1.84975
5395,2.5,1.66527,634.376,282.921,635.947,282.368,0,1.04079,1.45921,2.40201
5396,172.601,134.961,169.49,438.415,67.8025,405.44,0,84.3505,88.2508,2.04624
5397,27.1001,29.8494,612.643,272.301,635.883,282.521,0,18.6559,8.44418,1.45263
5398,26.4001,32.9175,318.061,786.052,312.673,818.016,0,20.5734,5.82665,1.28321
5399,144.4,173.351,513.361,210.627,648.307,190.897,0,108.344,36.0552,1.33278
5400,76.3994,83.5788,150.694,395.817,67.8275,405.248,0,52.2368,24.1626,1.46256
5401,89.1992,98.4999,213.886,267.02,248.604,184.942,0,61.5624,27.6368,1.44892
5402,76.9994,75.0545,601.132,681.749,612.401,751.933,0,46.9091,30.0903,1.64146
5403,13,10.894,609.88,549.053,616.974,543.479,0,6.80877,6.19124,1.9093
5404,270.507,321.263,323.137,485.3,139.925,611.135,0,200.79,69.7177,1.34722
5405,296.509,243.314,435.407,591.64,600.59,612.717,1,152.071,144.438,1.94981
5406,34.4,41.8361,120.25,586.734,139.939,611.092,0,26.1475,8.2525,1.31561
5407,150.6,136.635,284.597,303.678,249.121,185.1,0,85.3966,65.2034,1.76354
5408,296.509,250.912,438.104,592.648,599.195,612.768,1,156.82,139.689,1.89076
5409,142.299,179.318,408.275,696.732,313.085,818.096,0,112.074,30.2255,1.26969
5410,111.199,108.409,139.747,513.99,139.63,611.184,0,67.7555,43.4433,1.64118
5411,19.3,25.1126,261.291,207.404,252.122,184.176,0,15.6954,3.60464,1.22966
5412,296.509,277.542,424.373,566.135,592.97,612.795,1,173.464,123.045,1.70934
5413,296.509,261.814,403.595,459.699,589.998,480.501,1,163.634,132.875,1.81203
5414,138.099,185.136,528.63,268.213,647.985,198.021,0,115.71,22.389,1.19349
5415,85.2993,117.389,262.713,731.033,153.476,700.902,0,73.3681,11.9312,1.16262
5416,14.5,18.7707,259.418,201.293,252.4,183.969,0,11.7317,2.76831,1.23597
5417,99.0991,119.784,216.45,666.291,144.761,616.169,0,74.865,24.2341,1.3237
5418,93.6991,93.9531,159.02,544.202,139.934,611.152,0,58.7207,34.9785,1.59568
5419,139.899,131.311,307.121,291.47,250.038,185.048,0,82.0696,57.8298,1.70464
5420,19.9,22.6565,406.064,100.624,405.858,78.1533,0,14.1603,5.73975,1.40534
5421,33.9001,38.297,616.218,135.027,653.562,130.042,0,23.9356,9.96442,1.4163
5422,205.403,258.679,329.898,391.293,250.553,184.811,0,161.674,43.729,1.27048
5423,103.799,116.266,191.682,534.64,139.944,611.122,0,72.6666,31.1324,1.42843
5424,77.8994,86.103,576.502,673.571,613.257,612.972,0,53.8144,24.085,1.44756
5425,274.308,293.104,377.161,424.606,349.488,174.574,0,183.19,91.1175,1.49739
5426,84.1993,86.2565,530.46,618.541,613.293,612.5,0,53.9103,30.289,1.56184
5427,53.2998,67.3736,589.639,486.289,615.657,540.534,0,42.1085,11.1913,1.26577
5428,86.6992,92.2917,568.805,142.424,653.462,130.042,0,57.6823,29.0169,1.50305
5429,115.099,117.68,404.248,240.283,355.784,174.325,0,73.5499,41.5489,1.56491
5430,239.705,206.774,247.934,414.467,67.7195,404.892,0,129.234,110.472,1.85482
5431,56.8997,71.2019,589.926,481.879,615.648,539.558,0,44.5012,12.3985,1.27861
5432,70.4995,101.22,249.833,731.197,153.547,700.93,0,63.2623,7.23722,1.1144
5433,103.199,102.479,221.189,281.74,248.658,184.921,0,64.0492,39.1498,1.61125
5434,62.9996,63.4124,263.203,246.037,249.909,185.144,0,39.6327,23.3669,1.58958
5435,87.4992,83.6602,605.728,678.307,612.408,751.898,0,52.2877,35.2116,1.67342
5436,293.209,304.174,358.739,451.84,349.991,174.791,0,190.109,103.1,1.54232
5437,39.9,47.5841,191.483,623.326,144.657,615.744,0,29.7401,10.1599,1.34162
5438,148.1,174.174,513.479,201.575,647.775,191.582,0,108.859,39.2408,1.36047
5439,53.8997,66.2748,344.126,196.957,349.842,174.671,0,41.4218,12.478,1.30124
5440,84.5993,87.4827,433.023,186.644,355.792,174.343,0,54.6767,29.9226,1.54726
5441,54.1997,50.2999,234.254,232.035,249.2,185.094,0,31.4375,22.7623,1.72405
5442,30.0001,35.9472,618.164,132.947,653.493,130.038,0,22.467,7.53309,1.3353
5443,229.605,236.44,461.527,424.418,615.614,539.704,0,147.775,81.8301,1.55375
5444,38.6,36.5828,235.281,217.593,248.772,184.973,0,22.8643,15.7357,1.68822
5445,95.5991,110.612,229.721,755.85,152.7,701.846,0,69.1323,26.4669,1.38284
5446,58.1997,74.4421,544.87,777.025,611.151,754.915,0,46.5263,11.6733,1.2509
5447,77.9994,106.342,561.134,199.586,647.811,191.456,0,66.464,11.5354,1.17356
5448,104.599,108.885,556.206,153.863,653.504,130.048,0,68.0531,36.5458,1.53702
5449,123.999,132.147,523.235,655.427,613.302,613.084,0,82.5921,41.4066,1.50134
5450,54.7997,70.3881,594.214,194.164,647.858,197.764,0,43.9926,10.8071,1.24566
5451,69.8995,83.0251,274.054,263.044,250.182,185.032,0,51.8907,18.0088,1.34705
5452,41.8999,51.1827,599.488,703.742,612.37,752.007,0,31.9892,9.91072,1.30981
5453,61.8996,67.2356,597.485,366.651,630.432,333.838,0,42.0222,19.8774,1.47302
5454,216.504,225.592,302.568,552.502,144.74,615.726,0,140.995,75.5093,1.53555
5455,87.2992,115.592,357.416,713.903,312.777,817.982,0,72.2449,15.0544,1.20838
5456,261.307,251.915,429.826,390.028,630.36,334.08,0,157.447,103.86,1.65965
5457,9.1,10.5997,77.3838,409.747,67.3898,406.219,0,6.6248,2.4752,1.37363
5458,30.1001,36.3209,612.988,354.816,630.293,334.132,0,22.7006,7.39952,1.32596
5459,117.299,155.347,342.572,672.117,312.919,817.963,0,97.0918,20.207,1.20812
5460,26.0001,30.8085,386.007,177.65,355.933,174.131,0,19.2553,6.74478,1.35028
5461,268.807,206.373,438.481,635.304,613.221,612.971,0,128.983,139.824,2.08404
5462,128.099,131.464,421.843,256.347,356.108,173.604,0,82.1652,45.9334,1.55904
5463,216.604,192.057,463.393,272.719,355.774,174.332,0,120.036,96.5683,1.8045
5464,165.401,199.718,312.578,340.041,250.824,184.717,0,124.824,40.5769,1.32507
5465,22,26.7314,262.286,208.533,252.375,184.029,0,16.7071,5.29292,1.31681
5466,85.1993,113.683,323.021,713.538,312.352,818.108,0,71.0516,14.1477,1.19912
5467,170.401,197.834,526.813,458.28,615.511,540,0,123.646,46.7547,1.37813
5468,17.2,20.1558,150.314,673.229,149.67,693.277,0,12.5974,4.60265,1.36537
5469,110.699,108.552,163.03,382.045,67.7509,405.073,0,67.8448,42.8541,1.63165
5470,218.704,181.454,233.938,374.973,67.6502,405.489,0,113.409,105.295,1.92846
5471,153.4,175.269,215.715,498.168,140.172,611.25,0,109.543,43.8571,1.40036
5472,119.199,103.368,209.14,263.941,248.625,184.89,0,64.6048,54.594,1.84505
5473,171.001,158.418,539.963,539.224,613.161,612.627,0,99.0115,71.9897,1.72708
5474,170.701,140.505,205.821,405.936,67.6977,405.476,0,87.8157,82.8855,1.94386
5475,0,0,648.093,192.497,648.093,192.497,0,0,0,0
5476,152.8,179.49,375.808,669.468,312.4,818.11,0,112.181,40.619,1.36208
5477,30.7001,34.9538,567.832,833.244,602.36,833.344,0,21.8461,8.85398,1.40529
5478,86.3993,89.9791,554.787,711.565,612.134,752.647,0,56.2369,30.1623,1.53634
5479,195.003,154.569,498.336,620.138,613.177,612.668,0,96.6053,98.3974,2.01855
5480,46.2999,38.5579,280.277,210.677,252.729,183.942,0,24.0987,22.2012,1.92126
5481,214.504,152.082,497.99,624.47,613.179,613.046,0,95.0512,119.453,2.25672
5482,153.8,148.625,180.72,351.386,67.7436,404.822,0,92.8904,60.9098,1.65572
5483,57.5997,72.031,317.805,220.789,349.892,174.838,0,45.0194,12.5803,1.27944
5484,151.6,143.71,561.683,554.941,613.177,612.764,0,89.8185,61.7815,1.68785
5485,81.7993,98.8878,98.0277,472.584,67.7502,405.249,0,61.8049,19.9945,1.32351
5486,229.805,174.755,484.831,676.712,613.257,613.1,0,109.222,120.583,2.10402
5487,296.509,270.853,447.423,569.24,592.289,615.678,1,169.283,127.226,1.75156
5488,50.8998,45.4049,603.209,284.442,635.921,282.495,0,28.3781,22.5217,1.79363
5489,79.7994,73.9943,598.605,354.217,630.338,334.138,0,46.2464,33.5529,1.72553
5490,288.608,219.45,443.612,678.052,613.229,612.834,0,137.156,151.452,2.10423
5491,20.3,24.4491,616.463,276.61,635.887,282.52,0,15.2807,5.01933,1.32847
5492,69.0995,94.9485,336.802,726.725,312.798,818.032,0,59.3428,9.75671,1.16441
5493,146.6,152.674,594.345,388.468,630.34,334.141,0,95.4212,51.1786,1.53634
5494,42.5999,53.0242,595.22,702.879,612.338,752.088,0,33.1401,9.45978,1.28545
5495,145.9,126.21,191.528,402.619,67.7366,405.548,0,78.8811,67.0186,1.84961
5496,179.902,202.686,367.142,350.652,349.638,174.578,0,126.679,53.223,1.42014
5497,201.003,188.442,439.967,308.665,355.74,174.311,0,117.776,83.2268,1.70665
5498,28.2001,36.1987,605.875,574.205,616.17,541.93,0,22.6242,5.57591,1.24646
5499,79.3994,105.462,324.957,719.573,312.395,818.068,0,65.914,13.4854,1.20459
5500,96.9991,100.806,565.424,684.463,612.092,752.618,0,63.0036,33.9955,1.53958
5501,38,43.9589,574.693,768.898,611.184,754.79,0,27.4743,10.5257,1.38311
5502,23.3001,28.3417,140.472,648.862,139.874,620.901,0,17.7136,5.58648,1.31538
5503,161.001,146.758,200.779,372.627,67.6911,404.886,0,91.7238,69.2769,1.75528
5504,179.502,137.638,162.732,444.029,67.8161,405.36,0,86.0239,93.4779,2.08665
5505,15.9,18.8153,372.291,182.296,355.364,174.459,0,11.7595,4.14049,1.3521
5506,113.999,102.778,163.859,410.445,67.8448,405.157,0,64.236,49.7628,1.77469
5507,161.001,170.429,285.271,673.697,144.747,616.054,0,106.518,54.4825,1.51149
5508,175.802,194.355,344.802,334.717,349.713,174.733,0,121.472,54.3298,1.44726
5509,165.401,167.17,473.783,572.398,613.254,612.569,0,104.481,60.9197,1.58307
5510,247.506,190.605,452.52,639.043,613.339,612.502,0,119.128,128.378,2.07764
5511,145.5,131.218,281.506,303.484,249.401,185.191,0,82.0113,63.4884,1.77414
5512,202.803,192.8,322.016,612.242,144.736,615.722,0,120.5,82.303,1.68301
5513,61.2996,82.7234,322.369,741.633,312.739,818.014,0,51.7021,9.59752,1.18563
5514,50.0998,62.3281,595.254,229.318,648.342,198.122,0,38.9551,11.1447,1.28609
5515,23.5001,28.8183,284.458,810.451,311.693,818.365,0,18.0114,5.48864,1.30473
5516,133.399,138.375,524.166,376.968,630.307,333.934,0,86.4846,46.9143,1.54246
5517,176.502,160.849,516.32,391.387,630.277,334.13,0,100.53,75.9712,1.7557
5518,119.599,128.427,306.889,278.81,250.261,184.943,0,80.2669,39.3318,1.49001
5519,250.006,238.322,288.397,395.671,248.971,185.026,0,148.952,101.055,1.67844
5520,111.299,113.943,519.075,588.824,613.285,612.552,0,71.2143,40.0845,1.56287
5521,162.001,171.136,496.81,365.157,630.272,334.072,0,106.96,55.0405,1.51459
5522,64.5996,71.8591,283.777,771.749,310.624,818.811,0,44.9119,19.6877,1.43836
5523,146.9,175.579,541.589,237.05,648.418,190.904,0,109.737,37.163,1.33866
5524,79.3994,88.8264,573.712,673.585,613.189,613,0,55.5165,23.8829,1.43019
5525,213.804,285.116,296.055,495.811,139.918,611.199,0,178.197,35.6064,1.19981
5526,13,14.9199,147.61,678.568,149.425,693.304,0,9.32496,3.67505,1.39411
5527,230.305,244.989,317.361,545.802,144.804,616.126,0,153.118,77.1864,1.5041
5528,87.3992,90.3349,526.013,609.8,613.194,612.755,0,56.4593,30.9399,1.548
5529,296.509,311.994,378.515,454.916,343.839,181.437,1,194.996,101.513,1.52059
5530,62.8996,76.541,190.407,209.891,248.546,184.846,0,47.8381,15.0615,1.31484
5531,208.604,176.676,293.383,337.43,249.942,185.051,0,110.422,98.1811,1.88914
5532,262.007,227.945,239.276,449.515,67.7098,405.529,0,142.466,119.541,1.83909
5533,83.3993,89.1134,246.773,778.769,310.651,818.781,0,55.6959,27.7034,1.49741
5534,296.509,244.221,88.3091,454.288,90.7759,460.72,1,152.638,143.871,1.94256
5535,211.004,204.974,443.574,324.504,355.727,174.316,0,128.109,82.8948,1.64707
5536,296.509,223.701,419.521,490.739,584.786,471.09,1,139.813,156.696,2.12075
5537,136.099,129.578,299.842,292.706,249.903,185.101,0,80.9865,55.1127,1.68052
5538,142.099,132.888,212.249,309.129,248.245,184.691,0,83.0549,59.0446,1.71091
5539,59.8997,61.6269,591.707,127.333,653.48,130.045,0,38.5168,21.3828,1.55516
5540,287.808,297.945,310.795,460.061,67.7029,404.865,0,186.216,101.592,1.54556
5541,105.099,117.965,544.458,674.906,613.16,612.947,0,73.7283,31.3707,1.42549
5542,169.201,194.554,532.839,427.396,630.336,334.133,0,121.596,47.6046,1.3915
5543,245.906,241.392,275.945,423.539,67.8303,405.098,0,150.87,95.0356,1.62992
5544,186.402,176.706,281.538,584.218,144.669,615.682,0,110.442,75.9607,1.68779
5545,11.8,10.4666,260.836,189.975,253.126,183.439,0,6.54163,5.25838,1.80383
5546,110.799,116.411,404.142,238.649,355.742,174.251,0,72.7569,38.0419,1.52286
5547,292.009,271.691,428.524,429.686,615.608,539.719,0,169.807,122.201,1.71965
5548,251.006,219.751,459.092,384.117,630.38,334.136,0,137.344,113.662,1.82757
5549,27.5001,29.6669,408.479,107.444,405.916,78.2313,0,18.5418,8.95825,1.48314
5550,198.303,163.328,507.739,687.163,613.198,613,0,102.08,96.223,1.94263
5551,104.199,130.893,552.419,453.175,615.498,540.007,0,81.8082,22.3908,1.2737
5552,183.502,153.494,191.578,315.601,248.397,184.819,0,95.9338,87.5682,1.9128
5553,208.304,232.252,478.57,344.408,630.262,334.119,0,145.158,63.146,1.43502
5554,199.503,179.506,315.41,620.464,144.667,615.737,0,112.191,87.3115,1.77824
5555,25.8001,33.2857,605.244,571.054,616.191,541.746,0,20.8036,4.99647,1.24017
5556,148.4,180.936,334.136,649.755,312.349,818.09,0,113.085,35.3146,1.31228
5557,163.901,194.473,215.233,467.754,139.615,611.23,0,121.545,42.3554,1.34847
5558,66.6996,69.1856,413.425,194.777,355.792,174.255,0,43.241,23.4586,1.54251
5559,2.5,1.66343,646.473,198.583,647.909,197.745,0,1.03964,1.46036,2.40467
5560,131.699,153.051,212.676,519.272,140.138,611.052,0,95.657,36.0419,1.37678
5561,47.2999,41.714,575.042,621.943,613.282,612.405,0,26.0713,21.2286,1.81425
5562,76.8994,77.3101,429.227,178.654,355.773,174.261,0,48.3188,28.5806,1.5915
5563,29.0001,37.6165,615.586,188.086,647.778,191.67,0,23.5103,5.48973,1.2335
5564,13.8,17.598,170.07,706.714,153.534,700.695,0,10.9988,2.80125,1.25469
5565,180.602,199.589,380.525,321.085,349.789,174.709,0,124.743,55.859,1.44779
5566,250.006,221.657,460.238,332.5,355.776,174.188,0,138.536,111.47,1.80463
5567,218.804,174.545,463.395,641.442,613.253,612.815,0,109.091,109.714,2.00571
5568,120.099,128.105,509.987,339.013,630.334,333.951,0,80.0655,40.0332,1.50001
5569,233.505,217.531,391.468,339.774,349.771,174.659,0,135.957,97.5484,1.7175
5570,93.6991,125.132,561.507,215.844,647.958,197.982,0,78.2078,15.4914,1.19808
5571,19.8,25.5364,328.933,188.149,349.851,174.672,0,15.9603,3.83976,1.24058
5572,250.406,227.501,467.06,363.45,630.358,334.065,0,142.188,108.218,1.76109
5573,184.802,169.468,532.442,536.127,613.314,612.492,0,105.917,78.8846,1.74477
5574,104.599,96.0345,522.63,624.726,613.21,612.557,0,60.0216,44.5774,1.74269
5575,35.7,41.771,612.247,132.708,653.501,129.972,0,26.1069,9.59316,1.36746
5576,96.9991,104.967,405.039,229.498,355.844,174.342,0,65.6046,31.3945,1.47854
5577,106.799,111.813,525.81,336.887,630.261,333.89,0,69.8833,36.9156,1.52825
5578,205.103,173.871,269.891,340.624,248.925,185.017,0,108.669,96.4342,1.88741
5579,80.0993,85.5459,569.482,127.928,653.493,129.956,0,53.4662,26.6332,1.49813
5580,83.7993,88.5914,556.25,710.576,612.128,752.681,0,55.3696,28.4297,1.51345
5581,67.2995,82.4037,149.717,529.086,139.96,611.114,0,51.5023,15.7972,1.30673
5582,242.906,224.188,474.6,424.008,630.311,334.15,0,140.117,102.788,1.73359
5583,95.1991,106.773,232.001,606.84,144.819,615.885,0,66.7334,28.4657,1.42656
5584,224.304,231.979,401.097,345.322,349.481,174.57,0,144.987,79.3179,1.54707
5585,242.606,155.553,503.097,626.528,613.238,613.02,0,97.2208,145.385,2.49541
5586,85.4993,77.2969,600.646,679.363,612.367,751.902,0,48.3106,37.1887,1.76978
5587,43.6999,55.1268,608.013,367.469,630.255,334.065,0,34.4542,9.24567,1.26835
5588,216.204,235.266,481.709,345.128,630.258,334.05,0,147.041,69.1628,1.47036
5589,296.509,205.334,425.319,490.864,573.915,450.31,1,128.334,168.175,2.31045
5590,14,16.9608,601.398,535.166,615.464,540.163,0,10.6005,3.39951,1.32069
5591,219.404,209.195,512.626,510.019,613.188,612.601,0,130.747,88.6573,1.67808
5592,85.1993,101.121,276.47,281.24,250.161,185.032,0,63.2008,21.9984,1.34807
5593,242.206,208.562,265.208,368.4,249.338,185.196,0,130.351,111.855,1.8581
5594,69.0995,83.1719,532.51,610.138,613.321,612.503,0,51.9824,17.1171,1.32929
5595,296.509,246.245,454.503,476.096,603.354,532.071,1,153.903,142.606,1.92659
5596,159.301,185.012,200.199,464.567,139.948,611.157,0,115.633,43.6677,1.37764
5597,30.1001,31.6767,87.7533,423.736,67.7327,405.581,0,19.798,10.3021,1.52036
5598,296.509,247.91,575.738,544.482,578.726,545.166,1,154.944,141.565,1.91365
5599,176.702,151.096,191.505,315.147,249.399,185.21,0,94.4351,82.2665,1.87114
5600,272.507,244.452,246.642,462.736,67.7223,405.525,0,152.782,119.725,1.78363
5601,150.2,136.685,552.451,554.676,613.193,612.587,0,85.428,64.7719,1.7582
5602,143.7,132.675,303.546,294.406,249.904,185.082,0,82.9221,60.7775,1.73295
5603,72.0995,99.9111,236.249,684.459,149.349,693.305,0,62.4444,9.65505,1.15462
5604,160.001,155.337,504.983,678.773,613.19,612.57,0,97.0854,62.9152,1.64804
5605,46.9999,40.9444,254.453,225.076,250.031,184.982,0,25.5903,21.4096,1.83663
5606,250.006,242.268,454.834,422.378,615.577,539.683,0,151.417,98.5888,1.65111
5607,73.1995,82.5993,555.162,333.105,630.262,334.118,0,51.6246,21.5749,1.41792
5608,263.707,222.305,239.412,444.535,67.8348,405.426,0,138.941,124.766,1.89798
5609,131.699,162.512,342.091,664.474,312.453,817.968,0,101.57,30.1291,1.29663
5610,82.1993,93.6283,267.442,274.622,250.089,185.008,0,58.5177,23.6816,1.40469
5611,248.706,253.529,451.901,415.662,615.614,539.703,0,158.455,90.2507,1.56957
5612,169.601,143.14,315.615,297.09,250.208,184.989,0,89.4625,80.1386,1.89578
5613,3.7,3.21979,633.882,286.045,636.972,285.141,0,2.01237,1.68763,1.83863
5614,167.901,165.628,504.307,375.912,630.295,334.125,0,103.517,64.3837,1.62196
5615,296.509,310.433,312.492,472.692,70.8168,405.644,1,194.021,102.488,1.52823
5616,54.0997,71.6337,206.818,695.647,152.706,701.778,0,44.771,9.3287,1.20836
5617,271.807,294.959,325.343,499.837,144.668,615.733,0,184.349,87.4581,1.47442
5618,190.302,218.421,478.36,431.885,615.541,540.158,0,136.513,53.7892,1.39402
5619,43.7999,58.8669,325.724,214.338,349.736,174.632,0,36.7918,7.00807,1.19048
5620,270.907,203.225,462.18,664.971,613.251,613.089,0,127.016,143.892,2.13287
5621,70.9995,80.2033,115.859,444.7,67.7864,405.247,0,50.1271,20.8724,1.41639
5622,61.1996,75.3024,541.13,761.549,611.107,755.233,0,47.064,14.1357,1.30035
5623,35.8,48.6588,618.73,253.074,635.878,282.433,0,30.4117,5.38829,1.17718
5624,124.199,160.829,402.017,709.519,312.836,817.984,0,100.518,23.6808,1.23559
5625,82.2993,92.4121,345.157,228.165,349.85,174.659,0,57.7576,24.5417,1.42491
5626,70.5995,86.0801,149.651,526.103,139.866,611.058,0,53.8001,16.7994,1.31226
5627,145.5,153.885,392.334,262.788,355.744,174.316,0,96.1781,49.3216,1.51282
5628,39.9,56.1872,191.738,677.009,149.442,693.285,0,35.117,4.78294,1.1362
5629,146,154.466,495.273,326.567,630.338,334.089,0,96.541,49.4587,1.51231
5630,88.7992,94.8424,233.694,275.621,249.111,185.142,0,59.2765,29.5227,1.49805
5631,101.699,137.824,263.459,674.176,149.428,693.319,0,86.1397,15.5593,1.18063
5632,201.403,264.287,382.755,598.312,312.653,818.031,0,165.179,36.2238,1.2193
5633,24.6001,31.2072,169.46,673.806,149.672,693.206,0,19.5045,5.09557,1.26125
5634,77.1994,97.5933,221.135,750.382,152.769,701.831,0,60.9958,16.2036,1.26565
5635,50.1998,48.5044,593.631,644.587,613.282,613.205,0,30.3152,19.8846,1.65593
5636,110.199,112.497,160.562,502.534,139.917,611.091,0,70.3106,39.8883,1.56732
5637,241.606,199.394,215.206,453.714,67.6914,405.449,0,124.621,116.984,1.93872
5638,155,124.387,154.218,426.865,67.7601,405.09,0,77.7417,77.2585,1.99378
5639,125.799,131.724,450.788,223.425,355.827,174.3,0,82.3274,43.4712,1.52803
5640,55.5997,66.1314,565.543,342.369,630.276,334.138,0,41.3321,14.2676,1.34519
5641,2.8,1.84921,149.653,704.812,149.65,702.963,0,1.15576,1.64424,2.42265
5642,281.508,332.953,358.288,473.524,144.735,616.261,0,208.096,73.4121,1.35278
5643,82.5993,98.6829,241.93,631.633,144.82,615.917,0,61.6768,20.9225,1.33923
5644,296.509,269.683,405.263,455.343,598.119,512.672,1,168.552,127.957,1.75916
5645,125.999,131.656,535.229,149.878,653.499,130.049,0,82.2852,43.7134,1.53124
5646,72.0995,72.9263,597.98,358.523,630.309,334.071,0,45.5789,26.5205,1.58186
5647,123.799,172.94,547.681,246.084,647.852,197.817,0,108.088,15.7109,1.14535
5648,113.299,102.667,211.595,259.515,248.68,184.891,0,64.167,49.1318,1.76569
5649,286.308,267.88,424.994,438.34,615.644,539.631,0,167.425,118.883,1.71007
5650,104.999,102.371,156.52,509.673,139.923,611.154,0,63.9818,41.0172,1.64108
5651,47.3998,57.02,579.646,330.706,630.262,334.067,0,35.6375,11.7624,1.33006
5652,112.999,126.969,351.761,273.111,349.862,174.666,0,79.3554,33.6435,1.42396
5653,55.1997,44.4854,246.952,229.875,249.423,185.197,0,27.8033,27.3964,1.98536
5654,161.201,179.935,231.673,533.251,139.941,611.073,0,112.459,48.7412,1.43341
5655,263.507,240.694,508.897,478.378,615.644,539.677,0,150.434,113.073,1.75165
5656,81.9993,111.813,555.836,198.764,647.871,191.585,0,69.8832,12.1161,1.17338
5657,94.0991,114.099,183.526,252.587,248.872,184.979,0,71.3118,22.7873,1.31954
5658,273.007,249.969,443.506,441.626,615.614,539.662,0,156.231,116.777,1.74746
5659,175.402,158.756,445.534,264.97,355.694,174.325,0,99.2225,76.179,1.76776
5660,296.509,216.235,463.429,687.404,613.006,613.03,1,135.147,161.362,2.19397
5661,196.803,254.715,396.825,632.887,312.84,818.02,0,159.197,37.606,1.23622
5662,283.708,288.705,263.442,477.966,67.7071,404.835,0,180.441,103.267,1.5723
5663,153.8,159.372,289.484,619.107,144.694,616.281,0,99.6076,54.1926,1.54406
5664,182.202,202.31,497.083,451.384,615.591,539.692,0,126.444,55.7581,1.44097
5665,147,136.6,169.344,354.44,67.6999,405.487,0,85.3749,61.6248,1.72181
5666,43.4999,55.1754,160.66,574.887,144.647,616.4,0,34.4846,9.01532,1.26143
5667,183.202,197.584,221.025,474.353,139.844,611.059,0,123.49,59.712,1.48354
5668,59.0997,80.5946,221.688,734.43,152.57,701.824,0,50.3716,8.72804,1.17327
5669,153.7,164.128,491.643,115.8,653.649,129.705,0,102.58,51.1199,1.49834
5670,90.8992,101.751,213.486,573.424,144.694,615.744,0,63.5941,27.3051,1.42937
5671,131.999,130.236,498.454,590.078,613.202,612.621,0,81.3974,50.6015,1.62166
5672,48.9998,67.8728,217.3,723.677,153.718,700.334,0,42.4205,6.5793,1.1551
5673,113.899,116.767,520.308,586.391,613.293,612.53,0,72.9793,40.9196,1.5607
5674,32.3001,39.2506,586.977,788.272,606.389,811.836,0,24.5317,7.76843,1.31667
5675,49.4998,44.3247,111.849,405.665,67.8011,405.24,0,27.703,21.7969,1.78681
5676,139.499,115.346,234.869,296.191,249.507,185.178,0,72.0915,67.4078,1.93503
5677,275.008,295.147,363.652,539.351,144.691,616.25,0,184.467,90.5404,1.49082
5678,21.3,26.3057,612.87,275.294,636.005,282.536,0,16.4411,4.85897,1.29554
5679,163.901,196.534,362.735,644.549,312.333,818.084,0,122.834,41.067,1.33433
5680,197.303,182.766,521.136,532.724,613.208,612.569,0,114.229,83.0742,1.72726
5681,14,16.1893,119.9,611.2,135.742,614.267,0,10.1183,3.88172,1.38363
5682,167.801,221.884,501.144,251.196,647.986,197.966,0,138.677,29.1237,1.21001
5683,296.509,231.122,437.231,475.996,598.008,506.802,1,144.451,152.058,2.05266
5684,64.5996,71.056,137.02,396.989,67.7491,405.115,0,44.41,20.1896,1.45462
5685,174.101,152.163,206.111,366.507,67.655,404.945,0,95.1018,78.9996,1.83068
5686,246.306,309.217,310.771,485.098,139.891,611.153,0,193.261,53.045,1.27447
5687,57.5997,62.4432,409.767,155,355.842,174.272,0,39.027,18.5727,1.47589
5688,89.6992,92.4425,552.202,711.387,611.979,753.05,0,57.7766,31.9226,1.55252
5689,40.5,40.9815,615.786,190.37,647.708,191.736,0,25.6134,14.8865,1.5812
5690,105.899,110.522,527.915,336.729,630.401,333.784,0,69.0765,36.8224,1.53307
5691,272.007,243.893,454.024,435.584,615.636,539.613,0,152.433,119.574,1.78444
5692,18.7,23.6749,254.114,208.146,249.433,185.206,0,14.7968,3.90324,1.26379
5693,51.7998,49.0612,115.352,400.161,67.6652,404.937,0,30.6632,21.1365,1.68931
5694,153.4,173.862,202.472,477.794,139.576,611.183,0,108.664,44.7363,1.41169
5695,43.6999,52.1166,609.763,257.291,635.912,282.55,0,32.5729,11.127,1.3416
5696,63.6996,73.7853,187.724,580.72,144.708,615.754,0,46.1158,17.5838,1.3813
5697,296.509,319.985,379.158,454.154,349.152,175.343,1,199.991,96.5183,1.48261
5698,36.7,37.3507,600.818,584.461,613.38,612.288,0,23.3442,13.3558,1.57213
5699,50.4998,70.4574,219.827,724.015,153.634,700.2,0,44.0359,6.46392,1.14679
5700,106.899,110.257,253.76,631.917,144.821,615.979,0,68.9107,37.9883,1.55127
5701,150.2,160.948,505.574,147.552,653.48,130.048,0,100.592,49.6075,1.49315
5702,186.002,219.431,351.421,618.14,312.867,818.03,0,137.144,48.8581,1.35625
5703,277.208,239.67,483.307,363.295,630.309,334.062,0,149.793,127.414,1.8506
5704,289.508,301.197,342.539,430.597,349.745,174.7,0,188.248,101.26,1.53791
5705,239.405,200.255,266.483,360.769,249.007,185.024,0,125.159,114.246,1.91281
5706,230.405,312.436,396.989,563.762,312.648,818.004,0,195.273,35.1322,1.17991
5707,2.8,1.67547,317.04,818.226,316.062,819.363,0,1.04717,1.75283,2.67387
5708,157.5,168.683,427.052,293.57,355.76,174.308,0,105.427,52.0738,1.49393
5709,281.208,213.786,461.705,685.349,613.19,613.031,0,133.616,147.592,2.10459
5710,109.799,112.355,376.254,218.12,355.791,174.278,0,70.2216,39.5772,1.5636
5711,176.202,191.856,327.422,341.896,250.235,184.912,0,119.91,56.2913,1.46944
5712,118.399,119.616,193.621,260.157,248.753,184.902,0,74.7598,43.639,1.58372
5713,105.199,109.468,558.561,154.854,653.563,129.951,0,68.4178,36.7812,1.5376
5714,49.5998,67.3402,551.788,812.686,602.45,833.265,0,42.0876,7.51222,1.17849
5715,12.4,14.9048,615.431,333.879,630.298,334.048,0,9.31549,3.08453,1.33112
5716,113.499,125.828,534.168,133.243,653.472,130.039,0,78.6424,34.8565,1.44323
5717,272.207,268.159,467.13,491.603,613.156,612.641,0,167.599,104.608,1.62415
5718,296.509,215.07,402.194,496.194,565.089,450.769,1,134.419,162.09,2.20586
5719,59.2997,68.4941,148.986,543.467,139.862,611.099,0,42.8088,16.4909,1.38522
5720,195.303,155.926,159.387,458.085,67.817,405.409,0,97.454,97.8488,2.00405
5721,157.7,188.332,517.247,189.267,647.64,192.005,0,117.707,39.9932,1.33977
5722,296.509,110.86,562.43,181.681,563.512,182.535,1,69.2873,227.222,4.27941
5723,24.6001,28.9321,613.643,294.125,635.933,282.447,0,18.0825,6.51752,1.36043
5724,186.602,186.123,440.043,307.755,356.128,173.528,0,116.327,70.2754,1.60412
5725,176.402,206.983,376.781,644.172,312.45,818.053,0,129.365,47.0369,1.3636
5726,10.3,12.1336,410.264,89.5173,405.931,78.1729,0,7.5835,2.7165,1.35821
5727,296.509,267.502,451.966,562.583,596.231,614.47,1,167.189,129.32,1.7735
5728,197.203,203.151,479.074,398.421,630.329,334.138,0,126.97,70.2332,1.55315
5729,220.704,231.501,390.178,353.871,349.478,174.567,0,144.688,76.016,1.52538
5730,296.509,204.921,463.285,471.944,596.721,500.365,1,128.076,168.433,2.31511
5731,161.501,173.96,232.792,551.661,144.703,615.709,0,108.725,52.7757,1.4854
5732,275.808,311.349,330.067,483.189,144.848,616.228,0,194.593,81.2147,1.41736
5733,45.7999,60.3465,551.537,758.659,611.103,755.241,0,37.7165,8.08332,1.21432
5734,154.6,188.346,409.595,687.794,312.805,817.962,0,117.717,36.8837,1.31333
5735,14.4,17.8497,593.587,755.345,611.186,755.125,0,11.1561,3.24393,1.29078
5736,62.3996,68.6954,281.673,229.856,250.269,184.867,0,42.9346,19.465,1.45336
5737,173.801,135.121,217.777,311,249.049,185.035,0,84.4505,89.3509,2.05803
5738,86.5993,92.3927,303.029,736.77,311.222,818.583,0,57.7454,28.8538,1.49967
5739,58.4997,71.6989,589.04,236.304,648.408,198.082,0,44.8118,13.6879,1.30545
5740,171.401,211.741,352.367,626.185,312.323,818.09,0,132.338,39.0632,1.29518
5741,136.799,147.539,398.478,261.037,355.832,174.308,0,92.2117,44.5875,1.48353
5742,40.7999,38.2224,259.01,221.642,250.026,185.037,0,23.889,16.911,1.7079
5743,165.801,152.455,486.253,153.347,356.128,173.57,0,95.2843,70.5166,1.74006
5744,106.299,132.228,568.208,425.287,615.484,540.12,0,82.6426,23.6563,1.28625
5745,196.603,156.702,233.328,327.896,250.168,185.048,0,97.9385,98.6643,2.00741
5746,260.307,267.24,295.042,421.499,67.8337,405.02,0,167.025,93.2819,1.55849
5747,148.3,131.546,165.513,358.416,67.7975,405.152,0,82.2162,66.0836,1.80378
5748,112.599,116.548,268.87,295.48,249.74,185.185,0,72.8427,39.7562,1.54578
5749,239.305,174.078,205.807,436.839,67.7508,405.335,0,108.799,130.507,2.19953
5750,88.4992,87.4508,578.662,370.299,630.328,334.252,0,54.6568,33.8425,1.61918
5751,137.799,137.736,544.499,553.373,613.341,612.482,0,86.0849,51.7144,1.60074
5752,146.9,173.943,533.564,483.104,615.477,540.088,0,108.714,38.1856,1.35125
5753,254.006,238.954,311.147,383.376,249.638,185.231,0,149.346,104.66,1.70079
5754,295.909,302.783,317.011,443.731,67.7844,405.008,0,189.239,106.669,1.56367
5755,296.509,224.093,476.167,482.512,597.506,510.472,1,140.058,156.451,2.11704
5756,295.309,295.743,311.293,450.787,67.7064,405.5,0,184.839,110.47,1.59765
5757,215.704,227.912,469.648,444.222,615.502,540.006,0,142.445,73.259,1.5143
5758,173.901,156.568,238.483,330.047,249.577,185.238,0,97.8548,76.0466,1.77714
5759,296.509,275.704,448.079,570.389,612.668,612.534,1,172.315,124.194,1.72074
5760,177.302,171.697,171.661,324.286,67.794,405.017,0,107.31,69.9912,1.65223
5761,25.4001,29.3119,281.082,186.252,253.237,183.358,0,18.3199,7.08015,1.38647
5762,39.5,37.9272,239.945,221.571,249.101,185.12,0,23.7045,15.7955,1.66635
5763,1.3,0.508284,649.311,189.907,649.439,190.399,0,0.317678,0.982322,4.0922
5764,177.502,198.864,528.174,457.407,615.537,540.105,0,124.29,53.2114,1.42812
5765,178.902,158.603,189.47,317.817,248.513,184.832,0,99.1268,79.7749,1.80478
5766,4.9,3.31567,645.135,189.606,647.908,191.164,0,2.07229,2.82771,2.36453
5767,5,4.77848,611.552,543.183,616.161,541.921,0,2.98655,2.01345,1.67417
5768,39.6,33.737,286.064,187.814,253.216,183.297,0,21.0856,18.5144,1.87806
5769,162.901,151.951,557.021,535.24,613.246,612.663,0,94.9697,67.9311,1.71529
5770,238.305,185.604,482.891,686.336,613.263,613.071,0,116.002,122.303,2.05432
5771,283.908,307.107,361.029,452.862,349.926,174.846,0,191.942,91.966,1.47913
5772,52.5998,60.2994,409.468,157.326,355.739,174.16,0,37.6871,14.9126,1.3957
5773,176.202,162.691,278.862,333.37,250.792,184.671,0,101.682,74.5196,1.73287
5774,90.6992,76.1394,602.744,681.974,612.304,752.213,0,47.5871,43.1121,1.90596
5775,221.004,201.901,475.6,539.991,613.228,612.566,0,126.188,94.8161,1.75139
5776,55.0997,60.976,411.167,157.549,355.81,174.186,0,38.11,16.9898,1.44581
5777,230.805,203.937,443.414,324.314,356.136,173.46,0,127.461,103.344,1.81079
5778,295.209,315.015,316.924,472.193,67.7014,404.915,0,196.885,98.3242,1.4994
5779,286.108,274.944,306.325,424.811,67.8399,405.044,0,171.84,114.268,1.66497
5780,142.499,149.617,335.756,290.854,349.848,174.689,0,93.5109,48.9886,1.52388
5781,143.6,118.836,234.621,296.92,248.701,184.938,0,74.2726,69.3269,1.93341
5782,0,0,349.948,168.342,349.948,168.342,0,0,0,0
5783,109.499,137.909,580.169,424.437,615.458,540.033,0,86.1929,23.306,1.27039
5784,59.3997,63.6145,311.765,761.913,311.828,818.326,0,39.7591,19.6406,1.49399
5785,59.6997,79.6601,323.33,744.956,312.786,817.982,0,49.7875,9.91211,1.19909
5786,185.502,238.315,347.073,375.205,250.787,184.71,0,148.947,36.555,1.24542
5787,160.301,187.985,200.122,462.311,140.147,611.073,0,117.491,42.8099,1.36437
5788,181.802,209.824,346.837,347.449,349.785,174.736,0,131.14,50.662,1.38632
5789,38.5,45.9451,143.535,565.392,139.94,611.075,0,28.7157,9.78433,1.34073
5790,24.4001,27.7908,241.094,211.468,249.55,185.249,0,17.3693,7.0308,1.40478
5791,77.7994,83.0654,273.502,264.484,249.566,185.224,0,51.9159,25.8835,1.49857
5792,93.0992,111.618,236.136,753.021,152.669,701.757,0,69.7613,23.3379,1.33454
5793,201.303,204.627,480.39,281.662,630.346,334.124,0,127.892,73.4113,1.57401
5794,4.3,3.83422,650.987,203.149,651.624,199.385,0,2.39639,1.90361,1.79437
5795,108.799,121.296,533.769,658.884,613.153,612.626,0,75.8097,32.9892,1.43516
5796,202.003,162.13,501.351,160.716,356.146,173.516,0,101.331,100.672,1.99349
5797,236.505,199.685,475.031,540.305,613.352,612.499,0,124.803,111.702,1.89502
5798,17.3,19.3301,85.8438,410.907,67.8127,405.337,0,12.0813,5.21872,1.43197
5799,41.7999,40.4614,280.04,211.356,252.457,184.024,0,25.2884,16.5116,1.65293
5800,115.799,118.63,159.595,495.047,140.045,611.11,0,74.1436,41.6552,1.56182
5801,126.499,134.091,570.303,397.619,630.295,334.145,0,83.8066,42.692,1.50941
5802,192.903,217.129,480.182,433.185,615.564,539.576,0,135.705,57.1971,1.42148
5803,296.509,221.58,445.937,484.713,595.578,496.901,1,138.487,158.022,2.14106
5804,11.1,13.6128,319.977,806.223,315.321,819.015,0,8.50802,2.59199,1.30465
5805,55.3997,65.8618,593.986,232.849,648.355,198.1,0,41.1636,14.2361,1.34584
5806,231.405,184.948,252.595,350.841,249.131,185.095,0,115.593,115.812,2.0019
5807,235.605,223.374,292.89,374.476,250.115,185.026,0,139.609,95.9962,1.68761
5808,115.799,123.761,541.211,152.801,653.533,130.05,0,77.3508,38.448,1.49706
5809,8.4,8.56796,150.759,684.863,149.495,693.219,0,5.35497,3.04502,1.56863
5810,123.799,127.044,539.076,154.081,653.478,130.018,0,79.4026,44.3961,1.55913
5811,26.0001,23.9941,91.7725,404.898,67.771,405.413,0,14.9963,11.0037,1.73376
5812,48.8998,50.3789,116.17,397.215,67.849,405.014,0,31.4868,17.413,1.55302
5813,104.799,113.458,259.791,752.56,310.801,818.743,0,70.9113,33.8876,1.47789
5814,94.0991,106.052,117.819,469.98,67.6539,405.513,0,66.2827,27.8165,1.41966
5815,35.4,32.6832,95.2319,414.294,67.8484,405.058,0,20.427,14.9731,1.733
5816,212.704,224.313,349.449,361.632,349.929,174.784,0,140.196,72.5079,1.51719
5817,193.503,181.201,274.525,583.436,144.698,615.696,0,113.251,80.2519,1.70862
5818,75.5994,87.6734,550.749,720.891,612.023,753.023,0,54.7959,20.8035,1.37965
5819,27.7001,24.7158,595.219,599.397,613.2,612.794,0,15.4474,12.2527,1.79319
5820,284.508,271.525,417.933,379.706,630.274,334.079,0,169.703,114.805,1.6765
5821,192.503,158.332,232.684,330.862,250.006,184.985,0,98.9576,93.5449,1.9453
5822,69.4995,75.9049,583.497,315.122,630.354,334.12,0,47.4405,22.059,1.46498
5823,284.508,305.659,310.071,465.694,67.6989,404.918,0,191.037,93.4716,1.48929
5824,29.3001,31.8322,282.687,193.772,253.105,183.465,0,19.8951,9.40496,1.47273
5825,98.6991,113.01,287.592,731.34,311.169,818.604,0,70.6313,28.0677,1.39738
5826,17.7,21.2021,243.599,205.464,249.524,185.228,0,13.2513,4.4487,1.33572
5827,8.09999,8.61861,645.989,134.407,653.971,131.065,0,5.38663,2.71336,1.50372
5828,75.0994,83.9788,570.364,665.376,613.187,612.661,0,52.4868,22.6126,1.43083
5829,161.501,133.42,207.794,306.578,248.244,184.728,0,83.3875,78.1132,1.93675
5830,141.999,157.168,533.717,448.918,615.587,539.735,0,98.23,43.7695,1.44558
5831,132.099,153.425,353.429,302.88,349.684,174.722,0,95.8907,36.2082,1.3776
5832,184.202,153.041,488.409,627.404,613.34,613.064,0,95.6504,88.5516,1.92578
5833,73.7994,90.34,224.862,270.144,248.463,184.766,0,56.4625,17.3369,1.30705
5834,1.2,0.477238,612.656,613.013,613.165,612.915,0,0.298274,0.901726,4.02315
5835,120.699,118.645,154.598,494.682,139.725,611.152,0,74.1529,46.5458,1.6277
5836,41.6999,35.0233,279.583,205.676,253.131,183.477,0,21.8896,19.8104,1.90502
5837,83.7993,80.075,385.094,195.358,355.722,174.313,0,50.0469,33.7524,1.67442
5838,53.3998,74.8059,333.079,746.581,312.725,818.085,0,46.7537,6.64608,1.14215
5839,63.0996,63.6527,589.445,131.435,653.482,130.024,0,39.7829,23.3167,1.5861
5840,139.199,189.343,532.448,247.254,647.953,197.696,0,118.339,20.8602,1.17627
5841,289.308,345.721,370.554,477.605,144.752,615.752,0,216.076,73.2327,1.33892
5842,285.208,217.347,462.688,685.993,613.222,613.044,0,135.842,149.366,2.09956
5843,192.303,210.103,349.35,348.084,349.546,174.628,0,131.315,60.9879,1.46444
5844,62.4996,78.1572,355.813,195.016,349.871,174.685,0,48.8483,13.6513,1.27946
5845,77.1994,105.903,227.399,695.182,149.35,693.271,0,66.1893,11.0101,1.16634
5846,296.509,99.7072,447.179,346.356,443.573,331.81,1,62.317,234.192,4.75807
5847,134.499,135.76,521.523,664.876,613.256,613.16,0,84.8501,49.6489,1.58514
5848,99.0991,117.634,537.837,703.483,611.857,753.076,0,73.5213,25.5777,1.3479
5849,174.001,156.9,485.689,204.233,356.036,173.617,0,98.0626,75.9389,1.77439
5850,26.8001,32.4284,621.124,215.076,648.169,198.103,0,20.2678,6.5323,1.3223
5851,35.6,36.8488,162.926,664.184,149.454,693.172,0,23.0305,12.5696,1.54578
5852,38,44.1023,262.431,226.682,249.846,185.116,0,27.5639,10.4361,1.37861
5853,134.299,111.914,223.019,292.518,249.157,185.131,0,69.9465,64.3525,1.92002
5854,27.9001,28.6482,615.363,271.937,635.87,282.247,0,17.9052,9.99492,1.55821
5855,86.1993,103.735,95.6973,474.83,67.6894,405.46,0,64.8342,21.365,1.32953
5856,69.5995,97.5632,234.244,682.715,149.448,693.292,0,60.977,8.62253,1.14141
5857,63.1996,74.3916,196.568,638.66,144.776,615.999,0,46.4948,16.7049,1.35928
5858,258.507,277.054,313.59,516.708,144.773,615.762,0,173.159,85.3477,1.49289
5859,96.1991,131.796,257.357,674.403,149.516,693.268,0,82.3724,13.8267,1.16786
5860,199.603,232.954,323.946,373.707,250.313,184.875,0,145.596,54.0068,1.37094
5861,296.509,70.6318,447.327,522.944,426.248,543.229,1,44.1449,252.364,6.71672
5862,86.9992,101.252,353.693,226.883,349.919,174.799,0,63.2827,23.7165,1.37477
5863,149.2,174.625,192.943,521.483,140.15,611.166,0,109.141,40.0591,1.36704
5864,261.007,243.434,463.05,464.169,615.5,539.99,0,152.147,108.86,1.7155
5865,186.802,229.943,408.005,650.257,312.949,818.151,0,143.714,43.0881,1.29982
5866,219.104,201.927,472.961,390.626,630.307,334.149,0,126.204,92.8999,1.73611
5867,185.302,156.42,506.004,180.581,356.145,173.55,0,97.7627,87.5394,1.89543
5868,106.999,101.03,227.145,281.814,249.276,185.198,0,63.1437,43.8552,1.69453
5869,165.501,182.635,521.294,423.782,630.269,334.156,0,114.147,51.3537,1.44989
5870,57.2997,64.6463,162.853,563.133,139.856,611.097,0,40.4039,16.8958,1.41817
5871,48.8998,61.2399,191.72,682.039,149.462,693.318,0,38.2749,10.6249,1.27759
5872,296.509,226.125,403.5,466.154,585.524,468.09,1,141.328,155.181,2.09802
5873,260.407,239.497,311.5,389.122,249.083,185.101,0,149.686,110.721,1.73969
5874,106.999,103.897,167.696,389.189,67.7753,405.151,0,64.9358,42.0631,1.64776
5875,220.804,219.012,412.781,317.518,355.772,174.34,0,136.882,83.9218,1.61309
5876,141.199,169.594,513.822,207.5,647.682,191.782,0,105.996,35.2035,1.33212
5877,86.9992,114.219,589.643,269.695,647.971,197.789,0,71.3868,15.6124,1.2187
5878,248.806,191.939,462.647,664.243,613.233,612.558,0,119.962,128.844,2.07405
5879,208.904,229.778,369.038,376.334,349.531,174.595,0,143.611,65.2925,1.45465
5880,40.7,39.8537,276.434,211.441,252.385,184.027,0,24.9086,15.7914,1.63397
5881,159.101,120.538,196.32,261.67,248.485,184.797,0,75.336,83.7645,2.11188
5882,71.1995,78.6096,584.639,672.775,613.214,612.571,0,49.131,22.0685,1.44918
5883,104.899,108.872,421.48,234.246,356.09,173.516,0,68.0447,36.8543,1.54162
5884,209.704,174.275,228.861,382.078,67.7895,405.425,0,108.922,100.782,1.92527
5885,74.6994,103.335,237.968,707.28,153.421,701.139,0,64.5843,10.1151,1.15662
5886,268.907,258.113,422.218,391.858,630.353,334.147,0,161.321,107.587,1.66691
5887,5.7,5.49,597.025,833.984,602.404,833.167,0,3.43125,2.26875,1.6612
5888,95.5991,123.925,351.404,702.232,312.839,817.977,0,77.4529,18.1462,1.23429
5889,0,0,63.8169,404.727,63.8169,404.727,0,0,0,0
5890,22.1,26.9655,605.637,564.544,616.301,541.999,0,16.8534,5.24661,1.31131
5891,56.4997,54.8071,603.122,644.684,613.156,612.789,0,34.2544,22.2453,1.64941
5892,55.3997,72.9237,549.65,806.772,602.452,833.264,0,45.5773,9.82241,1.21551
5893,133.799,149.291,547.602,437.882,615.635,539.59,0,93.3071,40.4918,1.43396
5894,76.2994,83.251,574.345,362.902,630.313,334.049,0,52.0318,24.2676,1.4664
5895,201.703,185.034,475.298,558.085,613.346,613.065,0,115.646,86.057,1.74414
5896,85.7993,96.3591,274.345,277.56,249.822,185.132,0,60.2244,25.5748,1.42466
5897,69.9995,77.8631,286.32,766.973,311.832,818.277,0,48.6645,21.335,1.43841
5898,223.704,207.016,471.667,397.766,630.28,334.045,0,129.385,94.3198,1.72899
5899,198.503,236.425,498.55,492.695,615.509,540.069,0,147.766,50.7372,1.34336
5900,218.404,213.494,423.005,320.942,355.767,174.33,0,133.434,84.9704,1.6368
5901,204.003,217.012,489.628,461.108,615.624,539.673,0,135.632,68.3708,1.50409
5902,97.1991,108.323,241.359,641.377,144.689,615.56,0,67.7019,29.4972,1.43569
5903,77.7994,73.3679,600.041,356.467,630.302,334.131,0,45.855,31.9444,1.69664
5904,43.8999,56.808,308.535,769.255,311.947,818.317,0,35.505,8.3949,1.23644
5905,129.099,127.906,415.695,248.826,356.081,173.569,0,79.9413,49.1574,1.61492
5906,87.3992,99.0351,177.829,540.254,139.961,611.129,0,61.897,25.5023,1.41201
5907,141.699,189.241,295.333,719.711,149.452,693.326,0,118.275,23.4241,1.19805
5908,231.805,230.754,472.166,454.204,615.456,539.773,0,144.221,87.5836,1.60729
5909,205.603,226.128,326.723,579.124,144.832,616.052,0,141.33,64.273,1.45477
5910,107.999,138.962,545.199,456.538,615.551,539.996,0,86.851,21.1479,1.2435
5911,140.699,150.211,336.721,287.492,349.468,174.504,0,93.8818,46.8176,1.49869
5912,89.9992,102.649,278.102,281.753,250.104,185.024,0,64.1559,25.8433,1.40282
5913,110.799,134.504,521.938,707.387,612.353,751.879,0,84.0648,26.734,1.31802
5914,72.5995,81.7461,147.797,396.398,67.8447,405.154,0,51.0913,21.5081,1.42097
5915,69.8995,80.4855,117.191,444.378,67.7641,405.347,0,50.3034,19.5961,1.38956
5916,15.6,18.4468,413.098,95.0984,406.245,78.0755,0,11.5293,4.07076,1.35308
5917,53.6998,65.1553,269.012,785.736,311.203,818.612,0,40.7221,12.9777,1.31869
5918,168.301,154.111,516.086,556.165,613.163,612.635,0,96.3197,71.9814,1.74732
5919,37.2,48.1732,594.382,348.128,630.308,334.125,0,30.1082,7.09176,1.23554
5920,111.899,150.593,391.947,708.637,313.102,818.064,0,94.1208,17.778,1.18889
5921,128.299,161.687,288.036,687.859,149.32,693.288,0,101.054,27.2445,1.2696
5922,171.901,189.11,327.023,339.902,250.25,184.912,0,118.194,53.7075,1.4544
5923,68.0995,73.1059,191.975,212.904,249.163,185.148,0,45.6912,22.4083,1.49043
5924,56.3997,64.2812,202.775,215.839,248.324,184.761,0,40.1757,16.224,1.40383
5925,222.304,233.997,389,355.385,349.576,174.603,0,146.248,76.0562,1.52005
5926,45.7999,42.8284,235.736,225.578,249.386,185.22,0,26.7678,19.0321,1.71101
5927,51.7998,64.7202,343.339,197.805,349.975,174.763,0,40.4501,11.3496,1.28058
5928,31.4001,31.7751,129.584,587.632,139.872,611.063,0,19.8594,11.5407,1.58112
5929,103.199,95.1106,544.149,590.742,613.237,612.756,0,59.4441,43.7549,1.73607
5930,169.701,210.24,429.64,683.177,312.9,817.964,0,131.4,38.3011,1.29148
5931,87.3992,80.4485,588.341,356.116,630.251,334.149,0,50.2803,37.1189,1.73824
5932,82.3993,107.422,575.181,449.748,615.646,540.385,0,67.1385,15.2608,1.2273
5933,196.403,164.412,228.366,334.724,249.601,185.185,0,102.758,93.6452,1.91132
5934,0,0,652.359,192.866,652.359,192.866,0,0,0,0
5935,105.999,120.999,611.898,731.053,612.512,751.849,0,75.6244,30.3745,1.40165
5936,42.0999,53.0518,414.436,129.956,405.858,78.2495,0,33.1573,8.94258,1.2697
5937,197.003,214.793,489.697,458.65,615.596,539.747,0,134.246,62.7569,1.46748
5938,257.907,257.435,465.593,502.983,613.19,612.707,0,160.897,97.0098,1.60293
5939,293.009,270.229,421.052,389.062,630.269,334.134,0,168.893,124.115,1.73488
5940,1.5,0.685905,245.859,176.155,246.369,176.694,0,0.428691,1.07131,3.49903
5941,243.106,223.991,293.475,373.896,248.834,184.989,0,139.994,103.111,1.73654
5942,268.007,293.16,340.894,521.024,144.694,615.729,0,183.225,84.7822,1.46272
5943,22.3,20.3551,263.467,200.806,252.822,183.943,0,12.722,9.57809,1.75288
5944,113.099,100.014,517.382,605.546,613.355,612.512,0,62.509,50.5898,1.80932
5945,92.9992,102.944,355.774,226.266,349.917,174.845,0,64.3402,28.6589,1.44543
5946,217.504,168.275,238.988,343.241,249.127,185.097,0,105.172,112.332,2.06809
5947,96.2991,109.561,306.773,245.254,349.786,174.675,0,68.4759,27.8232,1.40632
5948,158.4,172.4,392.082,279.293,355.774,174.329,0,107.75,50.6505,1.47007
5949,122.999,100.052,516.217,606.484,613.173,612.962,0,62.5324,60.4663,1.96696
5950,93.6991,105.715,349.71,244.295,349.694,174.679,0,66.0722,27.627,1.41813
5951,32.2001,42.3332,606.531,305.833,630.332,333.99,0,26.4583,5.7418,1.21701
5952,27.0001,30.6361,588.462,795.71,606.417,811.657,0,19.1476,7.85249,1.4101
5953,6.9,7.42621,305.654,814.161,311.523,818.37,0,4.64138,2.25861,1.48663
5954,185.202,173.293,199.708,362.671,67.7923,405.027,0,108.308,76.8937,1.70995
5955,289.308,269.361,307.805,439.126,67.7918,405.045,0,168.351,120.958,1.71849
5956,127.099,153.922,546.375,435.904,615.53,540.068,0,96.2013,30.8973,1.32117
5957,260.007,179.661,470.971,615.555,613.263,613.118,0,112.288,147.718,2.31553
5958,83.0993,102.66,244.891,632.956,144.822,616.195,0,64.1623,18.937,1.29514
5959,54.9997,60.0781,610.386,156.805,647.658,191.706,0,37.5488,17.4509,1.46475
5960,75.1994,98.0555,523.185,777.565,611.117,755.218,0,61.2847,13.9147,1.22705
5961,5.6,5.8001,601.66,807.903,607.162,809.737,0,3.62506,1.97493,1.5448
5962,260.607,276.194,381.222,407.565,349.971,174.805,0,172.621,87.9857,1.5097
5963,110.999,118.505,377.604,223.242,356.128,173.628,0,74.0659,36.933,1.49865
5964,221.704,239.519,316.922,555.412,144.739,615.651,0,149.7,72.0048,1.481
5965,296.509,240.282,413.919,616.689,605.402,613.242,1,150.176,146.333,1.9744
5966,23.9001,27.2634,615.48,273.723,635.976,282.343,0,17.0396,6.86046,1.40262
5967,269.807,286.955,345.93,534.1,144.807,615.753,0,179.347,90.4605,1.50439
5968,296.509,221.733,400.727,463.64,581.38,460.886,1,138.583,157.926,2.13958
5969,168.601,190.958,530.138,426.128,630.357,334.123,0,119.349,49.2521,1.41267
5970,72.8995,100.664,244.444,724.928,152.699,701.761,0,62.9151,9.98433,1.1587
5971,51.4998,64.2939,280.447,779.276,311.451,818.356,0,40.1837,11.3161,1.28161
5972,27.7001,34.861,179.172,621.177,144.814,615.921,0,21.7881,5.91195,1.27134
5973,79.1994,92.7891,303.706,737.343,311.723,818.426,0,57.9932,21.2062,1.36567
5974,71.1995,81.5971,177.244,557.206,139.938,611.133,0,50.9982,20.2013,1.39612
5975,115.599,141.42,567.928,414.606,615.51,539.823,0,88.3876,27.2112,1.30786
5976,40.9999,46.4612,606.839,130.462,653.53,129.953,0,29.0383,11.9617,1.41193
5977,15,15.7831,599.298,606.973,613.2,612.843,0,9.86442,5.1356,1.52062
5978,34.0001,40.4569,406.597,118.234,405.907,78.1289,0,25.2856,8.71447,1.34464
5979,182.702,204.368,250.912,502.44,139.963,611.093,0,127.73,54.972,1.43038
5980,296.509,229.138,389.608,493.027,573.142,449.993,1,143.211,153.298,2.07043
5981,39.5,40.288,291.524,192.268,253.448,182.766,0,25.18,14.32,1.5687
5982,80.0993,98.8554,520.572,773.953,611.111,755.175,0,61.7846,18.3147,1.29643
5983,26.8001,31.4248,622.258,129.933,653.547,129.961,0,19.6405,7.15957,1.36453
5984,161.801,154.835,186.079,345.028,67.6862,404.938,0,96.7719,65.0288,1.67198
5985,88.6992,106.496,236.524,747.458,152.65,701.777,0,66.5599,22.1393,1.33262
5986,48.5998,45.9806,575.506,627.171,613.26,612.408,0,28.7379,19.862,1.69114
5987,151,143.508,490.845,618.582,613.338,612.405,0,89.6926,61.3074,1.68353
5988,154.9,147.465,555.435,541.225,613.23,612.595,0,92.1656,62.7346,1.68067
5989,67.6995,78.2599,585.77,673.481,613.171,613.014,0,48.9124,18.7871,1.3841
5990,114.399,152.354,394.121,710.196,313.165,818.216,0,95.2214,19.1774,1.2014
5991,43.9999,49.2982,578.436,780.449,611.086,755.289,0,30.8114,13.1885,1.42804
5992,108.599,147.605,556.854,269.364,648.055,197.849,0,92.2534,16.3455,1.17718
5993,217.104,182.791,491.033,229.662,356.06,173.512,0,114.244,102.86,1.90035
5994,195.603,162.97,175.64,304.639,249.088,185.12,0,101.856,93.7463,1.92038
5995,290.008,227.821,433.145,665.393,613.251,612.939,0,142.388,147.621,2.03675
5996,234.605,224.799,276.77,390.151,249.882,185.086,0,140.499,94.1059,1.6698
5997,95.7991,108.952,565.571,466.811,615.565,539.686,0,68.0953,27.7038,1.40684
5998,150.7,134.904,188.383,373.801,67.7037,405.483,0,84.3153,66.3847,1.78734
5999,46.2999,60.4055,600.361,201.89,648.334,198.085,0,37.7535,8.54641,1.22637
6000,229.105,208.198,281.036,373.697,249.172,185.115,0,130.124,98.9813,1.76067
6001,226.505,173.751,241.803,347.701,249.369,185.21,0,108.594,117.91,2.08579
6002,10.2,11.0935,603.594,746.21,612.225,752.374,0,6.93341,3.26659,1.47114
6003,122.499,136.213,521.622,118.089,653.491,129.959,0,85.133,37.3657,1.43891
6004,264.707,239.202,435.218,346.765,355.8,174.276,0,149.501,115.205,1.7706
6005,296.509,190.723,427.039,508.336,549.178,453.413,1,119.202,177.307,2.48745
6006,162.101,179.189,344.257,319.18,349.671,174.589,0,111.993,50.1075,1.44742
6007,244.606,202.785,267.987,361.919,249.379,185.218,0,126.741,117.865,1.92997
6008,121.399,137.716,306.243,296.233,250.476,184.775,0,86.0722,35.3265,1.41043
6009,94.0991,97.0442,540.03,334.558,630.302,334.253,0,60.6526,33.4465,1.55144
6010,76.2994,80.0713,265.949,263.151,250.004,185.032,0,50.0445,26.2549,1.52463
6011,44.5999,57.6158,409.662,135.109,405.851,78.1965,0,36.0099,8.59,1.23855
6012,166.001,148.294,201.887,368.702,67.7587,405.45,0,92.6836,73.3174,1.79105
6013,184.002,194.02,325.54,624.392,144.77,616.075,0,121.263,62.7395,1.51739
6014,83.9993,89.7884,564.442,126.641,653.559,130.05,0,56.1177,27.8815,1.49684
6015,48.1998,66.2128,214.883,725.239,153.153,701.572,0,41.383,6.81687,1.16473
6016,196.603,214.927,334.449,601.33,144.772,616.053,0,134.33,62.2733,1.46359
6017,70.3995,77.6132,188.725,209.95,249.112,185.086,0,48.5083,21.8912,1.45129
6018,96.0991,110.098,186.073,536.097,140.091,611.143,0,68.8111,27.288,1.39656
6019,151.6,132.276,291.815,288.426,250.159,184.977,0,82.6726,68.9275,1.83374
6020,29.5001,36.0795,581.698,762.673,611.088,755.021,0,22.5497,6.95039,1.30823
6021,83.3993,84.6217,430.905,147.266,356.067,173.45,0,52.8886,30.5107,1.57689
6022,184.202,142.749,286.302,313.919,250.288,184.891,0,89.218,94.9841,2.06463
6023,173.301,213.711,351.272,623.874,312.288,818.078,0,133.569,39.7322,1.29747
6024,48.1998,50.7013,602.768,130.495,653.529,129.963,0,31.6883,16.5115,1.52106
6025,12.6,13.4311,259.183,195.314,252.815,183.893,0,8.39446,4.20555,1.50099
6026,46.5999,39.7205,588.744,635.316,613.278,612.379,0,24.8253,21.7745,1.87711
6027,90.2992,102.514,241.021,624.269,144.815,616.018,0,64.0711,26.2281,1.40936
6028,184.602,146.255,201.776,413.811,67.7088,405.54,0,91.4093,93.1928,2.01951
6029,238.505,295.917,333.179,427.164,249.744,185.181,0,184.948,53.5571,1.28958
6030,77.9994,108.133,352.746,720.35,312.923,817.998,0,67.5832,10.4161,1.15412
6031,20.5,26.4951,286.733,811.13,311.765,818.369,0,16.5594,3.9406,1.23797
6032,29.4001,34.0567,619.678,129.061,653.54,130.042,0,21.2855,8.11462,1.38123
6033,86.5993,109.945,518.29,750.395,611.133,755.167,0,68.7156,17.8836,1.26026
6034,187.502,207.787,484.807,437.996,615.59,539.67,0,129.867,57.6351,1.4438
6035,52.2998,74.8544,329.32,745.626,312.805,818.003,0,46.784,5.5158,1.1179
6036,220.304,288.238,298.124,497.567,139.922,611.089,0,180.149,40.1554,1.2229
6037,92.6992,93.0607,160.539,400.208,67.7527,405.08,0,58.1629,34.5362,1.59378
6038,91.4992,127.675,339.475,695.161,312.907,818.028,0,79.7969,11.7022,1.14665
6039,296.509,221.526,454.703,465.767,598.967,511.558,1,138.454,158.055,2.14157
6040,202.903,265.253,257.33,541.361,139.906,611.089,0,165.783,37.1199,1.22391
6041,34.7,32.3022,99.9259,405.696,67.755,405.074,0,20.1889,14.5112,1.71877
6042,296.509,228.05,470.42,478.671,600.323,518.168,1,142.531,153.978,2.08031
6043,277.308,201.718,449.52,655.014,613.277,613.06,0,126.074,151.234,2.19956
6044,288.008,244.922,436.125,599.621,613.344,613.06,0,153.076,134.932,1.88147
6045,127.999,129.223,160.371,485.449,139.734,611.105,0,80.7645,47.2341,1.58484
6046,100.099,126.179,514.368,734.137,611.071,755.157,0,78.8616,21.2375,1.2693
6047,44.8999,38.2238,591.876,633.541,613.293,613.154,0,23.8899,21.01,1.87945
6048,273.307,240.173,477.223,477.275,615.522,540.03,0,150.108,123.199,1.82074
6049,53.2998,65.9607,614.173,239.609,648.356,198.135,0,41.2255,12.0743,1.29288
6050,225.205,207.38,505.636,518.838,613.179,612.634,0,129.612,95.5921,1.73752
6051,98.5991,119.064,88.9362,484.471,67.7802,405.378,0,74.4152,24.1839,1.32499
6052,133.099,123.559,550.795,563.819,613.252,612.565,0,77.2247,55.8743,1.72353
6053,110.199,124.324,530.081,124.74,653.521,130.034,0,77.7022,32.4966,1.41822
6054,105.299,143.585,557.791,283.752,647.926,197.737,0,89.7409,15.5581,1.17337
6055,130.799,117.338,171.779,377.207,67.7477,404.899,0,73.3362,57.4626,1.78355
6056,179.902,218.103,385.209,645.285,312.348,818.115,0,136.315,43.5872,1.31975
6057,196.003,203.518,491.066,412.273,630.307,334.109,0,127.199,68.8041,1.54092
6058,296.509,248.883,398.236,608.732,596.107,612.966,1,155.552,140.957,1.90617
6059,79.2994,101.04,566.117,475.759,615.576,540.355,0,63.15,16.1494,1.25573
6060,228.805,215.194,473.395,375.699,630.343,334.135,0,134.496,94.3086,1.7012
6061,154.5,165.113,240.001,571.625,144.664,615.584,0,103.196,51.3044,1.49716
6062,169.801,157.556,206.321,365.156,67.6642,404.846,0,98.4724,71.3287,1.72435
6063,141.599,117.861,164.769,425.091,67.7307,404.883,0,73.6633,67.9361,1.92225
6064,26.1001,32.7348,413.205,109.759,405.945,78.2244,0,20.4593,5.64079,1.27571
6065,106.899,127.183,537.766,689.139,612.355,751.93,0,79.4891,27.4098,1.34482
6066,54.1997,55.6319,600.972,646.813,613.273,613.115,0,34.7699,19.4298,1.55881
6067,266.907,208.094,457.558,678.857,613.169,612.968,0,130.059,136.848,2.0522
6068,296.509,67.1678,327.19,267.236,326.127,264.29,1,41.9799,254.529,7.06312
6069,112.399,117.111,548.185,154.919,653.464,130.028,0,73.1944,39.2044,1.53562
6070,260.007,266.49,298.317,408.831,249.929,185.079,0,166.556,93.4502,1.56107
6071,196.803,183.088,411.234,296.064,355.798,174.253,0,114.43,82.3727,1.71985
6072,37.6,50.9975,594.519,501.53,615.559,540.198,0,31.8735,5.72654,1.17966
6073,189.702,212.739,271.069,558.785,144.784,615.75,0,132.962,56.7405,1.42674
6074,58.4997,68.4114,281.919,774.918,310.952,818.735,0,42.7571,15.7426,1.36819
6075,39.7,39.7585,106.558,400.754,67.7286,404.919,0,24.8491,14.8509,1.59764
6076,88.5992,95.4744,312.571,238.121,349.921,174.822,0,59.6715,28.9277,1.48478
6077,88.2992,101.598,207.347,566.614,144.715,615.659,0,63.4986,24.8006,1.39057
6078,76.0994,99.2319,579.888,455.905,615.711,539.544,0,62.0199,14.0795,1.22702
6079,40.8999,50.4999,407.361,128.329,405.88,78.2105,0,31.5624,9.33751,1.29584
6080,27.7001,32.0095,618.715,205.559,647.854,197.838,0,20.0059,7.69416,1.38459
6081,207.403,222.63,482.182,464.307,615.451,540.162,0,139.144,68.2595,1.49057
6082,54.2997,60.7626,410.733,157.619,356.044,173.851,0,37.9766,16.3231,1.42982
6083,146.9,150.794,503.528,117.128,653.478,130.115,0,94.2464,52.6533,1.55868
6084,43.8999,39.0062,280.657,209.629,252.839,183.93,0,24.3789,19.521,1.80073
6085,220.304,278.939,335.307,408.456,250.498,184.803,0,174.337,45.9674,1.26367
6086,240.705,254.368,318.855,538.82,144.812,616.033,0,158.98,81.7253,1.51406
6087,130.799,136.778,277.998,639.305,144.739,616.272,0,85.4863,45.3125,1.53005
6088,198.003,165.736,173.405,307.406,248.908,185.009,0,103.585,94.4178,1.9115
6089,91.0992,96.5814,268.894,279.792,249.604,185.185,0,60.3633,30.7358,1.50918
6090,203.803,174.291,234.486,343.308,248.325,184.815,0,108.932,94.8712,1.87092
6091,109.699,129.829,525.86,707.639,612.429,752.054,0,81.1432,28.5557,1.35192
6092,158.2,141.654,316.937,290.808,249.61,185.22,0,88.5337,69.6667,1.78689
6093,93.9991,112.749,608.725,457.87,615.559,539.95,0,70.4679,23.5312,1.33393
6094,278.908,254.947,292.01,429.096,67.7383,404.836,0,159.342,119.566,1.75037
6095,10.6,13.2165,152.949,680.566,149.452,693.231,0,8.26033,2.33967,1.28324
6096,249.506,220.817,276.126,388.775,249.856,185.082,0,138.01,111.496,1.80788
6097,242.106,298.321,273.508,498.657,139.919,611.152,0,186.451,55.6548,1.2985
6098,168.101,173.513,303.669,648.135,144.763,616.041,0,108.445,59.6556,1.5501
6099,136.299,164.764,368.971,675.198,312.551,817.983,0,102.977,33.3218,1.32358
6100,51.5998,61.3136,191.329,682.555,149.621,693.212,0,38.321,13.2788,1.34651
6101,296.509,207.089,401.921,496.98,550.026,452.876,1,129.431,167.078,2.29087
6102,31.4001,32.9462,83.3813,425.577,67.7068,405.494,0,20.5913,10.8087,1.52492
6103,251.506,262.297,387.341,392.779,349.455,174.463,0,163.936,87.5703,1.53417
6104,5.7,5.63701,608.947,748.066,612.204,752.497,0,3.52313,2.17687,1.61788
6105,148.4,173.32,234.074,518.406,140.102,611.123,0,108.325,40.0749,1.36995
6106,208.003,292.491,377.84,569.305,312.643,818.084,0,182.807,25.1964,1.13783
6107,95.7991,114.925,341.446,267.295,349.478,174.466,0,71.8281,23.971,1.33373
6108,259.507,220.674,260.083,423.302,67.8454,405.138,0,137.921,121.585,1.88156
6109,22.5,25.632,589.73,743.26,612.278,752.29,0,16.02,6.48004,1.4045
6110,239.605,187.221,533.281,536.194,613.271,612.464,0,117.013,122.593,2.04768
6111,81.4993,89.5607,572.321,675.095,613.251,613.01,0,55.9754,25.5239,1.45598
6112,78.9994,86.8159,270.705,269.017,249.697,185.182,0,54.26,24.7394,1.45594
6113,190.302,161.307,177.49,306.521,248.667,184.929,0,100.817,89.4858,1.88761
6114,97.6991,100.463,162.14,390.828,67.8175,405.16,0,62.7891,34.9099,1.55599
6115,85.3993,87.4681,528.951,610.104,613.246,613.037,0,54.6676,30.7317,1.56216
6116,71.5995,88.2614,105.534,468.344,67.7557,405.198,0,55.1634,16.4361,1.29795
6117,222.704,247.08,336.216,564.578,144.748,616.103,0,154.425,68.2793,1.44215
6118,20.9,22.9885,596.267,552.082,616.539,542.587,0,14.3678,6.53224,1.45464
6119,221.404,197.944,468.917,547.615,613.339,613.069,0,123.715,97.6892,1.78963
6120,230.705,278.768,335.099,409.996,249.906,185.096,0,174.23,56.4747,1.32414
6121,81.1993,87.3689,566.299,129.576,653.518,129.968,0,54.6056,26.5938,1.48702
6122,289.408,265.02,433.73,445.917,615.472,540.024,0,165.637,123.771,1.74724
6123,148.5,113.085,200.371,263.5,248.627,184.909,0,70.6782,77.8217,2.10107
6124,209.904,213.792,300.651,563.4,144.655,615.7,0,133.62,76.2833,1.5709
6125,65.4996,77.2489,586.529,672.696,613.215,612.837,0,48.2805,17.219,1.35665
6126,60.1997,71.4916,606.46,241.851,647.869,197.672,0,44.6822,15.5174,1.34728
6127,54.2997,57.094,575.85,637.541,613.267,612.381,0,35.6838,18.616,1.52169
6128,190.602,206.58,394.035,316.233,349.878,174.682,0,129.113,61.4897,1.47625
6129,140.099,163.324,544.328,421.532,615.596,539.57,0,102.077,38.022,1.37248
6130,290.609,281.258,298.616,452.879,67.8465,405.444,0,175.786,114.823,1.6532
6131,124.099,165.585,479.845,713.919,612.091,752.634,0,103.491,20.6079,1.19913
6132,242.406,255.57,328.412,550.373,144.674,615.694,0,159.731,82.6744,1.51758
6133,16.7,18.9672,336.07,187.657,349.457,174.535,0,11.8545,4.84553,1.40875
6134,256.806,231.637,239.041,449.687,67.6988,405.494,0,144.773,112.033,1.77385
6135,190.302,195.627,481.015,392.13,630.33,334.148,0,122.267,68.0352,1.55645
6136,13.8,17.4949,314.605,800.818,312.709,817.956,0,10.9343,2.86571,1.26208
6137,158.7,211.928,509.981,257.533,648.162,197.945,0,132.455,26.2453,1.19815
6138,48.8998,46.7752,261.518,228.898,250.13,185.045,0,29.2345,19.6653,1.67267
6139,296.509,248.467,412.875,602.985,597.333,614.181,1,155.292,141.217,1.90936
6140,94.4991,107.996,183.945,535.517,140.094,611.068,0,67.4974,27.0017,1.40004
6141,201.203,196.702,323.374,607.933,144.807,616.159,0,122.939,78.2644,1.63661
6142,294.409,296.899,269.346,454.209,67.6921,405.493,0,185.562,108.847,1.58658
6143,77.0994,90.5582,535.902,747.623,611.167,755.158,0,56.5989,20.5005,1.36221
6144,107.399,119.581,535.853,659.6,613.307,613.123,0,74.7382,32.6608,1.437
6145,117.499,127.008,534.984,134.404,653.539,129.956,0,79.3798,38.119,1.48021
6146,76.9994,83.153,150.415,399.935,67.7427,405.152,0,51.9706,25.0288,1.48159
6147,3.6,3.01322,70.7354,405.272,67.7266,405.171,0,1.88326,1.71673,1.91157
6148,254.806,242.674,307.872,371.781,248.978,185.047,0,151.671,103.135,1.67999
6149,296.509,88.9722,444.615,332.632,444.414,330.088,1,55.6076,240.901,5.33216
6150,296.509,207.926,403.584,492.879,560.388,451.808,1,129.954,166.555,2.28165
6151,160.301,172.12,484.314,117.201,653.521,129.955,0,107.575,52.7258,1.49013
6152,45.1999,51.3045,613.481,147.213,653.563,130.048,0,32.0653,13.1346,1.40962
6153,34.6,33.189,249.356,218.532,249.917,185.141,0,20.7431,13.8569,1.66802
6154,20.1,19.6074,610.874,334.528,630.363,334.045,0,12.2546,7.84543,1.6402
6155,69.0995,73.3772,265.219,256.027,249.917,185.147,0,45.8607,23.2388,1.50673
6156,148.8,162.985,185.133,469.629,139.679,611.11,0,101.866,46.9341,1.46074
6157,39.6,48.5328,404.157,174.645,355.774,174.121,0,30.333,9.26696,1.30551
6158,106.999,117.616,271.223,745.016,310.745,818.831,0,73.5099,33.489,1.45557
6159,2.3,1.35943,255.749,180.035,254.43,180.36,0,0.849645,1.45036,2.70701
6160,80.8993,88.9086,304.007,227.559,350.033,174.802,0,55.5679,25.3315,1.45587
6161,184.502,155.049,234.125,327.271,249.878,185.135,0,96.9056,87.5964,1.90394
6162,106.999,142.765,319.96,697.712,312.254,818.143,0,89.228,17.771,1.19916
6163,107.399,120.247,309.692,256.373,349.884,174.762,0,75.1542,32.2448,1.42905
6164,296.509,231.816,410.533,470.926,589.222,485.343,1,144.885,151.624,2.04652
6165,25.2001,31.3726,602.625,723.625,612.227,752.5,0,19.6079,5.59219,1.2852
6166,240.105,207.806,478.339,277.629,356.04,173.649,0,129.879,110.227,1.84869
6167,131.099,153.272,217.234,520.811,140.148,611.129,0,95.7952,35.3036,1.36853
6168,265.607,271.894,425.262,404.296,630.309,334.14,0,169.934,95.6731,1.563
6169,27.8001,31.0007,144.539,581.032,139.93,611.071,0,19.3754,8.42462,1.43481
6170,48.1998,61.8799,602.566,367.781,630.375,334.067,0,38.6749,9.5249,1.24628
6171,200.603,168.109,274.133,337.555,249.484,185.185,0,105.068,95.5349,1.90927
6172,88.3992,92.7229,244.498,781.721,310.368,818.869,0,57.9518,30.4474,1.52539
6173,12.7,13.68,606.222,550.677,616.323,542.014,0,8.54998,4.15003,1.48539
6174,19.1,23.0035,378.298,176.903,355.949,173.721,0,14.3772,4.72285,1.3285
6175,194.403,176.887,172.559,298.406,248.072,184.668,0,110.555,83.8482,1.75843
6176,253.306,273.814,316.132,518.713,144.664,615.714,0,171.134,82.1726,1.48017
6177,82.8993,89.4224,526.685,608.779,613.212,612.692,0,55.889,27.0103,1.48329
6178,182.502,154.336,184.881,306.871,248.364,184.804,0,96.4602,86.0418,1.89199
6179,234.005,189.648,503.939,541.344,613.299,612.467,0,118.53,115.475,1.97423
6180,147.6,139.967,486.475,587.994,613.165,612.831,0,87.4796,60.1202,1.68725
6181,205.103,274.748,286.711,499.594,139.882,611.152,0,171.718,33.3858,1.19442
6182,98.5991,106.751,241.554,640.578,144.769,615.754,0,66.7194,31.8797,1.47782
6183,170.401,184.234,258.092,574.021,144.831,615.824,0,115.146,55.2547,1.47986
6184,90.6992,124.807,252.618,701.718,153.318,701.023,0,78.0041,12.6951,1.16275
6185,181.202,152.996,189.81,315.576,248.564,184.78,0,95.6226,85.5792,1.89497
6186,49.3998,51.7613,602.378,133.997,653.522,129.957,0,32.3508,17.049,1.527
6187,44.3999,57.2308,276.66,787.621,311.614,818.424,0,35.7692,8.63066,1.24129
6188,175.001,191.94,295.065,586.77,144.832,616.069,0,119.962,55.0392,1.4588
6189,110.999,150.424,391.505,707.06,313.009,818.115,0,94.0149,16.984,1.18065
6190,124.399,125.828,167.285,494.661,139.672,611.121,0,78.6425,45.7561,1.58182
6191,206.203,213.224,326.658,593.912,144.673,615.715,0,133.265,72.9386,1.54732
6192,225.005,308.737,389.771,571.892,312.646,817.966,0,192.961,32.0439,1.16606
6193,144.7,158.038,227.735,566.261,144.719,615.667,0,98.7735,45.9261,1.46496
6194,220.204,212.474,472.936,408.767,630.29,334.056,0,132.796,87.4082,1.65821
6195,183.102,150.379,496.976,623.403,613.286,613.147,0,93.9872,89.1148,1.94816
6196,23.9001,29.006,598.909,776.582,611.081,755.069,0,18.1287,5.77132,1.31835
6197,182.802,141.789,283.459,313.724,249.87,185.073,0,88.6182,94.1838,2.0628
6198,69.8995,76.6685,592.323,187.887,647.969,191.219,0,47.9178,21.9817,1.45874
6199,116.299,127.936,351.296,272.008,349.806,174.71,0,79.9598,36.339,1.45447
6200,127.899,110.682,513.418,635.589,613.261,613.047,0,69.1762,58.7224,1.84888
6201,46.6999,63.2419,205.131,631.398,144.764,615.805,0,39.5262,7.17367,1.18149
6202,296.509,270.135,420.9,437.741,612.751,540.315,1,168.835,127.674,1.75621
6203,32.9001,44.5247,593.367,712.984,612.365,752.24,0,27.8279,5.07213,1.18227
6204,157.8,138.9,490.901,177.305,355.993,173.611,0,86.8122,70.9882,1.81772
6205,0,0,656.665,132.327,656.665,132.327,0,0,0,0
6206,251.506,238.684,461.672,455.841,615.56,539.962,0,149.178,102.329,1.68595
6207,63.7996,71.0793,167.464,560.194,139.932,611.083,0,44.4246,19.375,1.43613
6208,1,0.351322,630.344,335.422,630.674,335.302,0,0.219576,0.780424,4.55423
6209,108.499,136.774,543.137,183.41,647.805,191.424,0,85.484,23.0149,1.26923
6210,75.2994,88.0387,159.67,538.241,139.909,611.159,0,55.0242,20.2752,1.36848
6211,296.509,233.95,410.524,525.194,563.685,451.091,1,146.219,150.29,2.02784
6212,259.007,280.388,361.17,425.211,349.999,174.821,0,175.242,83.7643,1.47799
6213,50.5998,46.8197,567.984,617.933,613.316,612.41,0,29.2623,21.3375,1.72918
6214,227.505,223.423,454.445,337.236,355.848,174.327,0,139.639,87.8653,1.62923
6215,90.8992,119.918,361.517,713.584,312.659,818.036,0,74.9485,15.9507,1.21282
6216,171.201,159.771,472.732,579.51,613.272,613.21,0,99.857,71.3443,1.71446
6217,66.1996,69.0397,550.433,745.791,612.032,752.863,0,43.1498,23.0497,1.53418
6218,41.5999,49.0234,402.992,178.824,355.795,174.235,0,30.6396,10.9603,1.35772
6219,214.704,221.506,302.737,556.067,144.745,615.674,0,138.441,76.2625,1.55086
6220,83.5993,93.7161,171.716,211.06,249.185,185.098,0,58.5725,25.0267,1.42728
6221,82.8993,87.4894,566.374,126.265,653.553,129.952,0,54.6809,28.2185,1.51606
6222,296.509,71.7646,482.331,360.455,483.369,366.337,1,44.8529,251.656,6.6107
6223,127.499,129.785,551.552,557.723,613.205,612.576,0,81.1155,46.3831,1.57182
6224,159.301,145.68,507.873,668.364,613.338,612.397,0,91.0502,68.2503,1.74959
6225,161.901,195.786,512.315,462.636,615.555,540.017,0,122.366,39.5346,1.32308
6226,211.504,187.397,292.445,344.641,250.129,184.983,0,117.123,94.3808,1.80583
6227,247.906,187.794,251.773,396.79,67.7708,405.064,0,117.371,130.535,2.11215
6228,190.202,238.167,323.762,377.32,250.702,184.806,0,148.854,41.3482,1.27778
6229,46.3999,48.4828,605.033,129.376,653.564,130.045,0,30.3018,16.0981,1.53126
6230,36.7,47.1041,401.748,167.833,355.975,173.91,0,29.4401,7.25995,1.2466
6231,62.3996,61.209,302.627,766.414,311.317,818.54,0,38.2556,24.144,1.63112
6232,17.8,20.6957,613.988,326.129,630.318,334.022,0,12.9348,4.86521,1.37613
6233,82.2993,89.7323,247.681,258.518,249.576,185.206,0,56.0827,26.2167,1.46746
6234,25.1001,25.605,251.913,209.834,249.925,185.069,0,16.0031,9.09694,1.56845
6235,39.2,50.5834,586.083,714.984,612.095,752.562,0,31.6147,7.58532,1.23993
6236,266.607,261.102,464.491,500.867,613.266,612.42,0,163.189,103.418,1.63373
6237,296.509,225.203,377.825,489.316,556.339,452.361,1,140.752,155.757,2.10661
6238,106.299,110.598,517.737,593.31,613.255,612.457,0,69.124,37.175,1.5378
6239,189.802,158.213,278.43,328.868,250.236,184.917,0,98.8833,90.9191,1.91946
6240,35,40.3468,143.834,571.155,139.818,611.079,0,25.2167,9.78329,1.38797
6241,216.004,170.825,236.241,345.31,249.457,185.237,0,106.766,109.238,2.02316
6242,35.5,45.985,323.177,201.707,350.114,174.781,0,28.7406,6.75938,1.23519
6243,251.806,259.182,384.448,389.805,349.87,174.843,0,161.989,89.8171,1.55446
6244,33.9001,36.7739,392.237,177.118,355.845,174.241,0,22.9837,10.9163,1.47496
6245,116.999,151.883,515.073,693.423,612.407,751.957,0,94.9269,22.0718,1.23251
6246,102.799,118.81,588.995,443.138,615.598,539.617,0,74.2561,28.5429,1.38439
6247,252.606,223.201,463.597,329.421,356.105,173.54,0,139.501,113.105,1.81079
6248,121.899,134.815,358.851,272.175,349.96,174.841,0,84.2595,37.6392,1.44671
6249,152.4,187.4,514.296,231.194,647.824,191.562,0,117.125,35.2749,1.30117
6250,278.808,287.138,422.576,416.539,630.365,334.083,0,179.461,99.3463,1.55358
6251,245.506,224.173,296.148,379.915,249.738,185.184,0,140.108,105.398,1.75226
6252,123.399,154.054,275.562,684.065,149.257,693.298,0,96.2838,27.1149,1.28161
6253,27.5001,25.1564,275.06,194.525,252.729,183.932,0,15.7227,11.7773,1.74906
6254,0,0,649.062,194.54,649.062,194.54,0,0,0,0
6255,275.108,222.691,445.194,676.699,613.331,613.063,0,139.182,135.925,1.9766
6256,33.2001,37.0245,125.219,586.339,139.94,611.105,0,23.1403,10.0597,1.43473
6257,151,167.611,195.823,477.505,139.594,611.211,0,104.757,46.243,1.44143
6258,282.908,295.721,359.008,441.294,349.492,174.549,0,184.826,98.0821,1.53067
6259,250.606,269.962,319.946,522.169,144.686,615.672,0,168.726,81.8799,1.48528
6260,63.2996,71.2856,135.828,548.881,139.851,611.162,0,44.5535,18.7461,1.42076
6261,159.201,190.876,431.721,713.673,312.686,817.969,0,119.297,39.9031,1.33448
6262,226.905,238.023,458.941,425.462,615.556,539.699,0,148.764,78.1404,1.52526
6263,9.3,9.32994,601.899,754.847,611.06,755.381,0,5.83121,3.46879,1.59487
6264,47.8998,66.6909,331.413,754.595,312.697,818.039,0,41.6818,6.21801,1.14918
6265,85.8993,114.639,583.42,273.227,647.996,198.024,0,71.6494,14.2498,1.19888
6266,64.2996,81.5726,562.29,503.642,615.54,540.14,0,50.9829,13.3167,1.2612
6267,103.499,99.6554,235.036,279.285,249.127,185.095,0,62.2846,41.2144,1.66171
6268,155.1,176.677,215.911,496.597,140.182,611.182,0,110.423,44.6774,1.4046
6269,140.999,140.834,275.685,643.007,144.789,615.87,0,88.0213,52.9781,1.60188
6270,138.699,124.98,546.187,565.394,613.293,612.52,0,78.1124,60.5869,1.77564
6271,258.807,224.213,468.936,363.411,630.307,334.147,0,140.133,118.674,1.84686
6272,262.007,230.425,239.334,454.504,67.6798,404.93,0,144.016,117.991,1.81929
6273,49.1998,59.799,561.905,740.037,612.079,752.616,0,37.3744,11.8254,1.31641
6274,31.3001,32.1291,598.517,779.994,611.13,755.239,0,20.0807,11.2194,1.55871
6275,251.606,264.66,299.835,412.141,250.128,184.969,0,165.413,86.1935,1.52108
6276,0,0,141.188,613.422,141.188,613.422,0,0,0,0
6277,179.002,211.216,351.92,624.833,312.729,817.996,0,132.01,46.9918,1.35597
6278,4.6,4.54392,603.155,807.877,607.43,809.406,0,2.83995,1.76005,1.61975
6279,97.8991,117.253,566.008,178.712,653.474,130.043,0,73.2832,24.6159,1.3359
6280,9.4,10.3589,261.755,188.86,252.755,183.801,0,6.4743,2.9257,1.4519
6281,3.2,2.20325,313.096,815.816,312.632,817.967,0,1.37703,1.82297,2.32384
6282,102.399,115.147,242.359,758.248,310.887,818.712,0,71.9666,30.4324,1.42287
6283,195.803,164.346,233.361,337.219,249.949,185.029,0,102.716,93.0867,1.90625
6284,112.699,147.875,273.462,673.456,149.529,693.228,0,92.4221,20.2768,1.21939
6285,1.4,0.557549,649.868,189.575,650.107,190.079,0,0.348468,1.05153,4.01759
6286,63.2996,67.7881,415.439,153.442,355.775,174.22,0,42.3675,20.9321,1.49406
6287,285.608,242.745,466.09,463.377,615.45,540.067,0,151.716,133.893,1.88252
6288,214.504,189.489,461.748,275.19,355.591,174.312,0,118.431,96.0731,1.81122
6289,168.601,146.198,491.563,620.155,613.295,613.193,0,91.374,77.2271,1.84518
6290,86.0993,90.758,418.587,215.164,355.839,174.333,0,56.7238,29.3755,1.51787
6291,70.7995,76.1283,577.999,128.428,653.539,130.021,0,47.5802,23.2193,1.488
6292,234.505,160.372,501.771,623.773,613.205,612.994,0,100.232,134.273,2.33961
6293,115.199,157.041,398.003,707.708,313.1,818.081,0,98.1504,17.0484,1.1737
6294,154.9,141.523,449.25,139.075,356.072,173.589,0,88.4521,66.4482,1.75123
6295,118.499,113.748,513.977,593.86,613.264,612.538,0,71.0927,47.4061,1.66682
6296,44.7999,59.7268,326.526,215.464,349.939,174.784,0,37.3293,7.47063,1.20013
6297,57.3997,66.1642,201.029,211.457,248.545,184.809,0,41.3526,16.0471,1.38806
6298,116.199,151.718,343.913,675.265,312.761,817.954,0,94.8239,21.3749,1.22542
6299,106.599,114.184,407.233,237.816,355.744,174.314,0,71.3648,35.2342,1.49372
6300,127.399,131.7,515.347,365.189,630.347,334.177,0,82.3126,45.0861,1.54774
6301,6.6,6.897,641.902,200.704,648.379,198.213,0,4.31062,2.28937,1.5311
6302,140.199,150.978,371.975,264.082,349.784,174.733,0,94.3614,45.8379,1.48577
6303,38.7,45.8743,595.956,709.915,612.27,752.216,0,28.6714,10.0286,1.34978
6304,177.302,206.979,611.234,382.233,615.594,539.614,0,129.362,47.9396,1.37059
6305,164.201,137.687,165.092,442.102,67.6533,405.47,0,86.0544,78.1464,1.9081
6306,157.1,114.281,198.555,259.333,248.671,184.89,0,71.4259,85.6745,2.19949
6307,116.999,126.301,175.028,260.568,248.367,184.849,0,78.9381,38.0607,1.48216
6308,226.705,213.333,423.557,322.021,355.772,174.329,0,133.333,93.3713,1.70029
6309,61.2996,68.3051,585.107,662.267,613.319,613.126,0,42.6907,18.6089,1.4359
6310,41.8999,40.455,107.467,403.957,67.7455,405.026,0,25.2844,16.6155,1.65715
6311,148.2,152.946,519.876,388.036,630.282,334.086,0,95.5914,52.6084,1.55035
6312,61.1996,72.1141,195.658,591.918,144.656,615.692,0,45.0713,16.1283,1.35784
6313,116.699,117.144,525.649,347.656,630.28,334.31,0,73.2149,43.4839,1.59392
6314,22.4,28.569,258.276,212.362,249.509,185.217,0,17.8556,4.54445,1.25451
6315,221.804,229.751,352.06,367.587,349.871,174.692,0,143.594,78.2102,1.54466
6316,21.5,25.545,613.036,321.236,630.284,334.123,0,15.9656,5.53442,1.34665
6317,85.0993,117.869,225.76,707.062,149.456,693.368,0,73.668,11.4313,1.15517
6318,160.001,162.842,290.31,614.842,144.823,616.048,0,101.776,58.2242,1.57208
6319,122.299,125.621,250.118,302.882,249.931,185.124,0,78.5132,43.7855,1.55768
6320,8.6,9.83654,603.613,614.006,613.22,612.853,0,6.14784,2.45216,1.39887
6321,101.099,101.992,219.176,281.007,248.687,184.923,0,63.745,37.354,1.58599
6322,61.1996,67.1499,588.925,662.1,613.293,612.535,0,41.9687,19.231,1.45822
6323,26.9001,29.3179,407.39,107.238,405.933,78.1276,0,18.3237,8.57639,1.46805
6324,46.2999,59.1181,196.757,672.284,149.576,693.164,0,36.9488,9.35102,1.25308
6325,259.907,319.217,321.237,487.378,139.942,611.179,0,199.511,60.3959,1.30272
6326,145.8,129.717,498.972,590.578,613.153,613.016,0,81.0733,64.7264,1.79837
6327,296.509,214.777,386.06,458.551,547.625,446.571,1,134.236,162.273,2.20886
6328,15.9,15.8241,635.285,207.389,647.984,197.791,0,9.89008,6.00994,1.60767
6329,50.7998,63.6054,610.619,236.761,647.9,197.786,0,39.7534,11.0464,1.27787
6330,34.9,48.1754,325.669,771.95,312.748,818,0,30.1096,4.7904,1.1591
6331,0,0,651.675,190.517,651.675,190.517,0,0,0,0
6332,17.9,21.4958,629.854,207.797,648.363,198.095,0,13.4349,4.46513,1.33235
6333,108.199,118.581,221.732,605.121,144.747,615.585,0,74.1131,34.0858,1.45992
6334,160.601,153.935,295.07,634.191,144.686,615.716,0,96.2094,64.3912,1.66928
6335,116.499,113.502,248.189,641.344,144.771,615.915,0,70.9388,45.56,1.64224
6336,0,0,614.802,615.656,614.802,615.656,0,0,0,0
6337,10.2,12.4553,341.033,183.674,349.683,174.747,0,7.78454,2.41546,1.31029
6338,86.1993,116.4,552.235,197.152,647.86,191.465,0,72.75,13.4492,1.18487
6339,296.509,223.722,422.839,493.483,586.443,475.38,1,139.826,156.682,2.12055
6340,31.0001,26.3553,586.761,614.956,613.172,612.739,0,16.4721,14.528,1.88198
6341,235.605,227.135,479.482,470.048,615.555,539.638,0,141.959,93.6461,1.65967
6342,32.1001,42.0154,579.08,736.631,612.339,752.288,0,26.2596,5.84046,1.22241
6343,38.4,38.0866,105.119,398.351,67.7562,405.252,0,23.8042,14.5958,1.61316
6344,108.199,103.639,523.02,595.274,613.177,612.566,0,64.7745,43.4244,1.67039
6345,115.799,147.113,277.815,700.639,149.388,693.366,0,91.9458,23.8531,1.25943
6346,176.802,151.654,192.595,313.358,248.85,184.995,0,94.7834,82.0182,1.86532
6347,103.099,123.392,544.072,688.693,612.373,751.885,0,77.1201,25.9789,1.33686
6348,146.7,158.904,183.152,474.086,139.697,611.126,0,99.315,47.3847,1.47712
6349,204.203,184.928,207.698,340.145,67.7969,405.01,0,115.58,88.6231,1.76677
6350,51.9998,59.3128,561.311,738.552,611.981,752.814,0,37.0705,14.9293,1.40273
6351,223.904,218.857,457.357,332.399,355.755,174.344,0,136.785,87.119,1.6369
6352,125.399,132.099,532.95,140.403,653.457,129.93,0,82.562,42.8367,1.51884
6353,15.5,17.4378,596.002,613.32,613.15,612.705,0,10.8986,4.60139,1.4222
6354,247.306,229.85,507.633,476.796,615.593,539.677,0,143.656,103.65,1.72151
6355,140.399,133.558,534.796,562.188,613.352,612.447,0,83.4737,56.9257,1.68196
6356,63.3996,68.9548,592.133,686.917,612.396,751.917,0,43.0968,20.3028,1.4711
6357,5.7,5.25704,641.78,192.934,646.759,194.228,0,3.28565,2.41434,1.73481
6358,81.1993,101.203,237.689,742.971,152.78,701.833,0,63.2518,17.9475,1.28375
6359,30.5001,38.8834,301.244,790.561,312.05,818.19,0,24.3021,6.19797,1.25504
6360,113.099,118.947,246.321,645.37,144.75,616.01,0,74.3416,38.7572,1.52134
6361,233.605,189.633,224.529,430.82,67.7756,405.243,0,118.521,115.084,1.97101
6362,164.001,123.31,224.78,305.089,249.046,185.007,0,77.0689,86.9319,2.12798
6363,258.407,199.956,438.734,638.647,613.281,613.101,0,124.972,133.434,2.06771
6364,166.801,156.843,277.552,603.67,144.681,615.727,0,98.027,68.774,1.70158
6365,85.2993,105.497,220.475,652.02,144.831,616.207,0,65.9354,19.3638,1.29368
6366,194.203,225.956,499.346,500.751,615.543,540,0,141.223,52.9801,1.37515
6367,80.6993,98.8508,522.512,762.335,611.133,755.235,0,61.7818,18.9176,1.3062
6368,43.8999,61.0109,204.767,625.589,144.765,615.751,0,38.1318,5.76807,1.15127
6369,194.403,258.133,283.047,515.199,139.855,611.077,0,161.333,33.0694,1.20498
6370,42.0999,39.3473,579.314,596.89,613.271,612.455,0,24.5921,17.5079,1.71193
6371,178.102,215.09,434.261,679.695,312.424,818.076,0,134.431,43.6704,1.32485
6372,296.509,267.459,430.937,425.954,606.47,540.641,1,167.162,129.347,1.77378
6373,291.609,232.498,429.049,622.265,613.335,613.151,0,145.311,146.297,2.00678
6374,163.801,157,525.683,548.061,613.29,612.552,0,98.1249,65.6759,1.66931
6375,190.902,198.654,477.743,396.238,630.35,334.074,0,124.159,66.7434,1.53756
6376,0,0,651.627,199.238,651.627,199.238,0,0,0,0
6377,173.201,170.103,304,646.083,144.786,616.097,0,106.314,66.8872,1.62915
6378,204.303,254.622,326.393,388.624,250.5,184.763,0,159.139,45.1646,1.28381
6379,248.406,202.645,233.805,429.757,67.6671,405.475,0,126.653,121.753,1.96131
6380,163.401,154.727,286.158,624.301,144.683,615.71,0,96.7045,66.6963,1.68969
6381,296.509,239.502,455.782,468.58,605.305,539.122,1,149.689,146.82,1.98083
6382,18.4,23.8129,175.742,709.407,153.612,700.628,0,14.883,3.51698,1.23631
6383,237.805,228.059,502.796,477.516,615.604,539.567,0,142.537,95.2686,1.66838
6384,146.5,156.483,391.037,263.432,355.754,174.336,0,97.8021,48.6977,1.49792
6385,117.399,164.851,550.796,253.356,647.934,197.731,0,103.032,14.3667,1.13944
6386,145.8,155.088,349.966,305.526,349.978,174.822,0,96.9297,48.87,1.50418
6387,156.1,124.219,218.786,303.356,249.119,185.085,0,77.6368,78.4635,2.01065
6388,173.601,191.388,215.967,479.574,140.115,611.103,0,119.617,53.984,1.45131
6389,137.199,143.668,580.905,395.723,630.315,334.128,0,89.7923,47.4069,1.52796
6390,94.0991,124.464,553.909,188.332,647.823,191.544,0,77.7903,16.3089,1.20965
6391,104.099,106.842,264.145,289.139,249.605,185.215,0,66.7761,37.3229,1.55893
6392,236.805,244.104,371.754,389.323,349.551,174.577,0,152.565,84.24,1.55216
6393,46.8999,38.3464,229.39,214.791,249.13,185.105,0,23.9665,22.9334,1.95689
6394,22.5,21.8673,271.919,193.344,253.217,183.442,0,13.667,8.83302,1.6463
6395,156.2,164.391,283.115,667.697,144.795,616.128,0,102.745,53.4558,1.52028
6396,192.003,209.786,329.205,603.003,144.811,616.091,0,131.116,60.8861,1.46437
6397,101.299,119.812,590.268,443.749,615.586,539.598,0,74.8828,26.4162,1.35277
6398,204.603,211.056,490.71,250.723,356.097,173.593,0,131.91,72.6935,1.55108
6399,158.7,175.989,512.422,202.389,647.766,191.758,0,109.993,48.7072,1.44282
6400,202.403,166.679,272.44,338.172,249.857,185.096,0,104.174,98.2287,1.94292
6401,266.307,199.864,459.758,672.158,613.23,612.937,0,124.915,141.392,2.13191
6402,84.4993,82.2684,585.765,675.873,612.314,752.29,0,51.4177,33.0815,1.64339
6403,64.9996,77.9601,149.724,534.21,139.933,611.117,0,48.7251,16.2745,1.33401
6404,151,148.622,449.218,248.67,355.756,174.296,0,92.8889,58.1112,1.6256
6405,128.199,121.337,261.385,629.725,144.686,615.661,0,75.8358,52.3628,1.69048
6406,106.299,116.393,189.435,259.854,249.156,185.097,0,72.7454,33.5536,1.46125
6407,63.7996,78.8671,355.22,198.869,349.819,174.654,0,49.292,14.5076,1.29432
6408,240.405,231.149,458.305,374.338,630.355,334.072,0,144.468,95.9374,1.66407
6409,111.799,119.132,421.205,245.09,355.85,174.255,0,74.4576,37.3413,1.50151
6410,38.2,49.6842,312.551,775.793,312.644,817.968,0,31.0526,7.14736,1.23017
6411,64.7996,88.1469,332.635,732.63,312.709,817.965,0,55.0918,9.70774,1.17621
6412,224.304,204.658,473.682,386.973,630.324,334.122,0,127.911,96.393,1.75359
6413,242.806,309.195,332.631,438.191,250.248,184.989,0,193.247,49.5585,1.25645
6414,234.105,218.421,485.837,255.491,356.052,173.407,0,136.513,97.5918,1.71489
6415,158.4,137.016,519.674,655.351,613.323,613.061,0,85.6351,72.7654,1.84971
6416,296.509,233.845,369.532,509.452,547.886,448.207,1,146.153,150.356,2.02875
6417,110.699,123.165,531.872,657.923,613.217,612.982,0,76.9778,33.721,1.43806
6418,168.601,160.011,276.88,601.579,144.732,615.727,0,100.007,68.5942,1.68589
6419,140.299,187.797,295.067,718.428,149.534,693.181,0,117.373,22.926,1.19533
6420,217.004,285.926,282.302,492.599,139.925,611.059,0,178.703,38.3006,1.21432
6421,16.3,21.0806,615.062,283.94,635.889,282.416,0,13.1754,3.12463,1.23716
6422,88.1992,107.161,228.144,650.366,144.814,616.246,0,66.9755,21.2237,1.31689
6423,264.607,263.222,287.965,441.85,67.7679,405.056,0,164.514,100.093,1.60842
6424,77.0994,88.6887,269.713,270.436,249.872,185.093,0,55.4305,21.6689,1.39092
6425,37.1,40.4377,604.511,286.923,636.018,282.553,0,25.2736,11.8264,1.46794
6426,100.599,116.733,187.987,260.178,248.25,184.673,0,72.9581,27.641,1.37886
6427,85.5993,92.0775,562.104,124.712,653.484,129.959,0,57.5485,28.0508,1.48743
6428,296.509,216.737,408.598,523.861,547.646,449.762,1,135.46,161.048,2.1889
6429,67.4995,76.7912,313.665,222.844,349.794,174.714,0,47.9945,19.505,1.4064
6430,0.7,0.18117,410.62,72.2656,410.45,72.3269,0,0.113232,0.586769,6.18202
6431,182.302,203.38,249.986,502.283,139.64,611.156,0,127.113,55.1893,1.43418
6432,94.5991,130.863,331.332,695.651,312.355,818.132,0,81.7896,12.8095,1.15662
6433,56.5997,53.599,120.565,401.533,67.7447,405.516,0,33.4994,23.1003,1.68957
6434,105.699,116.042,538.673,123.529,653.5,130.049,0,72.5265,33.1724,1.45738
6435,119.099,119.378,414.651,239.257,355.805,174.324,0,74.611,44.4877,1.59626
6436,143.4,166.102,537.682,463.773,615.534,540.152,0,103.814,39.5858,1.38132
6437,6.2,5.48667,349.933,180.641,351.597,175.547,0,3.42917,2.77083,1.80802
6438,2.1,1.2525,657.644,194.851,656.411,194.633,0,0.78281,1.31719,2.68264
6439,223.704,309.597,393.326,565.224,312.646,818.007,0,193.498,30.2064,1.15611
6440,17.8,17.4074,156.854,610.515,144.679,615.672,0,10.8796,6.92039,1.63609
6441,10.4,11.3639,358.423,185.565,354.191,175.021,0,7.10245,3.29755,1.46428
6442,189.002,151.579,279.849,324.038,250.257,184.883,0,94.7367,94.2656,1.99503
6443,220.404,191.591,286.015,345.06,248.638,184.88,0,119.744,100.66,1.84062
6444,256.806,229.564,468.101,255.272,356.232,173.367,0,143.478,113.329,1.78987
6445,40.7999,49.3773,192.613,624.261,144.81,615.934,0,30.8608,9.93912,1.32206
6446,81.7993,94.6817,571.755,156.077,653.539,130.047,0,59.1761,22.6232,1.3823
6447,33.3001,33.0042,266.565,212.54,252.517,183.981,0,20.6276,12.6725,1.61434
6448,9.9,11.2907,153.668,682.665,150.39,693.468,0,7.05668,2.84332,1.40293
6449,271.407,321.924,323.212,485.337,139.86,611.069,0,201.202,70.2052,1.34893
6450,59.1997,74.3251,554.851,784.276,611.107,754.959,0,46.4532,12.7465,1.27439
6451,100.699,103.972,167.218,389.119,67.7397,405.082,0,64.9822,35.7168,1.54964
6452,233.205,206.833,477.184,274.092,355.729,174.325,0,129.271,103.934,1.80401
6453,108.199,108.99,155.661,504.877,139.738,611.159,0,68.1189,40.08,1.58838
6454,28.9001,29.5368,240.193,212.787,249.534,185.229,0,18.4605,10.4396,1.56551
6455,174.701,138.347,296.416,300.139,249.945,185.098,0,86.4668,88.2347,2.02045
6456,169.501,144.69,492.118,649.875,613.334,613.064,0,90.4315,79.0696,1.87436
6457,54.0997,65.9213,564.377,782.519,611.062,755.115,0,41.2008,12.8989,1.31307
6458,169.501,182.023,229.797,537.779,139.735,611.155,0,113.764,55.7369,1.48993
6459,296.509,87.297,601.787,289.145,609.736,284.629,1,54.5606,241.948,5.43448
6460,159.501,188.196,513.412,224.441,648.035,190.996,0,117.623,41.8778,1.35603
6461,133.099,141.557,224.87,583.23,144.744,616.023,0,88.4734,44.6256,1.5044
6462,208.304,165.059,196.983,437.773,67.6789,405.51,0,103.162,105.141,2.01919
6463,99.6991,102.376,263.081,284.774,249.25,185.152,0,63.9853,35.7138,1.55816
6464,163.701,170.603,430.619,294.282,355.6,174.305,0,106.627,57.0738,1.53527
6465,28.3001,27.0414,265.134,207.129,252.568,184.012,0,16.9008,11.3992,1.67448
6466,46.5999,55.4918,597.093,700.107,612.407,752.069,0,34.6824,11.9175,1.34362
6467,60.5996,64.8844,286.882,789.959,310.947,818.685,0,40.5527,20.0469,1.49434
6468,249.106,164.444,455.594,599.307,613.204,613.035,0,102.777,146.329,2.42375
6469,32.1001,41.7009,187.281,704.03,153.035,701.709,0,26.0631,6.03702,1.23163
6470,236.005,180.359,251.204,348.831,249.093,185.13,0,112.724,123.281,2.09365
6471,149.4,138.76,467.175,205.539,356.142,173.617,0,86.725,62.6749,1.72268
6472,7.5,7.81578,257.195,190.067,253.056,183.58,0,4.88486,2.61513,1.53535
6473,96.5991,94.2082,158.317,545.583,139.852,611.13,0,58.8801,37.719,1.64061
6474,132.499,131.99,247.342,309.117,249.837,185.145,0,82.4937,50.0052,1.60617
6475,212.204,173.383,171.619,320.007,67.8489,405.393,0,108.364,103.84,1.95825
6476,52.4998,67.3215,409.063,144.899,405.852,78.1578,0,42.076,10.4238,1.24774
6477,244.306,196.009,255.039,387.551,67.7965,405.085,0,122.506,121.8,1.99424
6478,248.206,162.778,496.188,635.447,613.2,612.827,0,101.736,146.47,2.4397
6479,66.7996,67.671,584.927,692.284,612.427,752.026,0,42.2944,24.5052,1.5794
6480,7.7,8.49841,75.9716,406.977,67.7686,404.989,0,5.31151,2.38849,1.44968
6481,98.7991,128.571,579.79,284.195,648.051,197.861,0,80.3572,18.4419,1.2295
6482,19.2,24.1992,327.747,183.65,349.815,174.675,0,15.1245,4.07553,1.26946
6483,171.501,151.577,190.434,313.104,248.542,184.768,0,94.7358,76.7655,1.81031
6484,57.5997,77.7097,197.474,646.015,149.722,693.184,0,48.5686,9.03111,1.18595
6485,74.3994,86.5809,225.281,265.358,249.14,185.145,0,54.113,20.2864,1.37489
6486,28.6001,33.7518,618.743,201.545,647.932,197.769,0,21.0949,7.50517,1.35578
6487,45.5999,58.0564,181.159,590.064,144.834,616.133,0,36.2853,9.31462,1.25671
6488,227.105,161.919,543.376,552.323,613.234,612.635,0,101.199,125.905,2.24413
6489,120.299,153.331,316.713,688.147,312.267,818.128,0,95.8319,24.4669,1.25531
6490,144.6,130.573,282.318,292.571,250.262,184.934,0,81.6079,62.9917,1.77188
6491,296.509,302.118,403.524,580.663,595.204,612.705,1,188.824,107.685,1.57029
6492,296.509,299.444,402.42,579.858,585.421,617.389,1,187.153,109.356,1.58432
6493,158.7,137.494,475.072,156.167,356.024,173.676,0,85.9336,72.7669,1.84678
6494,178.902,161.075,480.188,649.795,613.182,612.978,0,100.672,78.23,1.77708
6495,36.5,32.2292,234.714,213.181,249.053,185.101,0,20.1433,16.3567,1.81202
6496,72.2995,82.8876,225.852,627.82,144.669,615.551,0,51.8047,20.4947,1.39562
6497,28.4001,25.291,593.872,620.28,613.248,613.001,0,15.8069,12.5932,1.79669
6498,121.199,142.576,605.524,448.672,615.655,539.629,0,89.1101,32.0887,1.3601
6499,145.9,165.722,527.482,440.207,615.484,540.05,0,103.576,42.3232,1.40862
6500,276.908,287.768,378.065,424.805,349.916,174.848,0,179.855,97.0526,1.53962
6501,196.403,176.471,192.574,330.874,248.566,184.945,0,110.294,86.1083,1.78071
6502,2.1,1.06448,612.158,613.155,613.168,612.99,0,0.6653,1.4347,3.15647
6503,253.206,186.009,236.231,372.996,67.7234,405.523,0,116.256,136.95,2.17801
6504,112.699,104.287,213.883,255.301,248.241,184.673,0,65.1795,47.5194,1.72905
6505,151.9,148.738,439.604,260.269,355.751,174.286,0,92.9614,58.9387,1.63401
6506,41.4999,44.7477,602.409,290.54,635.904,282.525,0,27.9673,13.5326,1.48387
6507,274.108,274.578,463.885,487.864,613.229,612.577,0,171.611,102.496,1.59726
6508,23.1001,26.62,615.804,274.595,635.981,282.417,0,16.6375,6.46257,1.38843
6509,138.599,118.079,510.426,641.313,613.318,613.101,0,73.7996,64.7997,1.87805
6510,56.4997,60.4519,612.763,155.496,653.503,130.038,0,37.7825,18.7172,1.4954
6511,92.6992,120.534,355.411,707.574,312.552,817.999,0,75.3338,17.3654,1.23051
6512,100.599,128.49,511.939,730.638,611.916,753.251,0,80.3061,20.2929,1.25269
6513,238.705,281.304,347.108,540.989,144.843,616.035,0,175.815,62.8905,1.35771
6514,31.4001,42.2769,597.71,713.534,612.353,752.299,0,26.423,4.97704,1.18836
6515,242.506,186.124,212.438,447.519,67.7167,405.506,0,116.328,126.178,2.08468
6516,55.3997,58.4614,571.392,635.979,613.321,612.386,0,36.5384,18.8613,1.51621
6517,112.099,142.826,543.075,177.69,647.77,191.412,0,89.2664,22.8325,1.25578
6518,137.099,108.456,213.447,249.177,248.894,185.04,0,67.7851,69.3141,2.02256
6519,239.405,259.888,347.525,563.018,144.652,615.746,0,162.43,76.9754,1.4739
6520,92.8992,107.829,298.257,728.316,311.472,818.396,0,67.393,25.5061,1.37847
6521,181.302,195.677,196.135,506.268,140.206,611.16,0,122.298,59.0035,1.48246
6522,91.5992,106.584,292.175,739.172,311.814,818.264,0,66.6148,24.9843,1.37506
6523,5.6,5.69188,352.189,181.333,352.324,175.651,0,3.55742,2.04257,1.57417
6524,78.0994,85.7465,152.18,395.119,67.8318,405.076,0,53.5916,24.5078,1.45731
6525,7.79999,7.5199,351.116,183.094,352.474,175.741,0,4.69994,3.10006,1.6596
6526,124.599,110.473,176.807,404.829,67.7986,405.241,0,69.0459,55.5527,1.80458
6527,11.6,11.54,599.163,803.695,606.69,811.008,0,7.21249,4.38752,1.60832
6528,38.7,45.122,609.323,135.864,653.578,129.971,0,28.2012,10.4987,1.37228
6529,255.106,221.49,240.814,440.947,67.7367,405.501,0,138.431,116.675,1.84284
6530,33.1001,37.8719,259.474,220.919,250.006,184.979,0,23.6699,9.43015,1.3984
6531,296.509,324.666,363.94,471.616,337.364,184.649,1,202.916,93.5928,1.46124
6532,191.803,171.468,217.146,352.269,67.844,405.37,0,107.168,84.6349,1.78974
6533,66.0996,73.8733,588.528,669.588,613.252,612.764,0,46.1708,19.9287,1.43163
6534,234.205,184.794,216.13,433.039,67.8282,405.251,0,115.496,118.709,2.02782
6535,184.102,170.636,288.508,333.173,250.833,184.695,0,106.648,77.4544,1.72627
6536,122.999,137.955,143.435,474.153,67.7011,405.506,0,86.2217,36.777,1.42654
6537,233.105,176.544,524.692,546.375,613.173,612.619,0,110.34,122.765,2.11261
6538,191.502,166.352,178.42,305.554,248.749,184.893,0,103.97,87.5327,1.8419
6539,68.0995,75.2784,190.603,601.67,144.823,615.813,0,47.049,21.0505,1.44742
6540,177.002,161.912,487.014,210.021,356.138,173.53,0,101.195,75.8069,1.74912
6541,236.605,162.941,458.071,599.581,613.263,613.062,0,101.838,134.767,2.32335
6542,271.707,272.155,287.603,451.638,67.7054,404.914,0,170.097,101.61,1.59737
6543,238.105,202.179,499.614,538.641,613.294,612.531,0,126.362,111.743,1.88431
6544,190.602,156.97,488.995,157.525,355.838,174.298,0,98.1064,92.4961,1.94281
6545,296.509,108.999,472.365,336.433,471.646,329.132,1,68.1243,228.385,4.35247
6546,115.799,128.294,352.167,271.652,349.56,174.556,0,80.1835,35.6153,1.44417
6547,50.5998,41.6714,254.222,226.53,249.911,185.093,0,26.0446,24.5552,1.94281
6548,108.999,116.433,522.605,337.411,630.254,334.058,0,72.7705,36.2284,1.49784
6549,107.199,136.363,350.286,690.622,312.741,818.001,0,85.2268,21.9721,1.25781
6550,270.307,282.713,425.987,415.138,630.334,334.147,0,176.695,93.6118,1.52979
6551,296.509,254.606,426.138,392.325,626.545,334.084,1,159.129,137.38,1.86332
6552,192.703,169.582,171.513,311.014,248.135,184.686,0,105.989,86.7139,1.81814
6553,111.399,129.276,526.152,708.208,612.291,752.385,0,80.7973,30.6016,1.37874
6554,74.6994,83.8898,553.778,332.311,630.287,333.98,0,52.4311,22.2683,1.42472
6555,161.801,199.831,418.707,684.831,313.082,818.067,0,124.895,36.9062,1.2955
6556,220.104,200.488,404.017,309.41,355.688,174.314,0,125.305,94.7994,1.75655
6557,275.208,291.132,392.845,415.459,349.725,174.71,0,181.957,93.2501,1.51248
6558,166.201,183.211,362.226,333.023,349.675,174.591,0,114.507,51.694,1.45145
6559,133.699,106.259,215.413,252.145,248.792,185.043,0,66.4116,67.2874,2.01319
6560,219.704,192.939,300.405,344.43,248.978,185.047,0,120.587,99.1171,1.82195
6561,26.4001,24.979,92.3383,402.473,67.8458,405.041,0,15.6119,10.7882,1.69102
6562,296.509,242.211,369.203,510.071,549.69,453.767,1,151.382,145.127,1.95868
6563,120.899,124.133,256.78,645.484,144.845,616.133,0,77.5831,43.3156,1.55831
6564,224.404,184.056,229.921,351.216,249.231,185.144,0,115.035,109.369,1.95074
6565,248.106,345.406,407.955,538.298,312.65,817.985,0,215.879,32.2269,1.14928
6566,296.509,284.561,422.657,403.697,627.569,334.14,1,177.851,118.658,1.66718
6567,296.509,311.748,356.477,466.252,339.782,184.407,1,194.843,101.666,1.52179
6568,101.299,133.268,541.923,187.086,647.754,191.553,0,83.2927,18.0064,1.21618
6569,206.603,173.033,268.566,338.679,249.169,185.126,0,108.146,98.4576,1.91042
6570,84.1993,102.752,551.096,665.993,613.274,613.1,0,64.2198,19.9795,1.31111
6571,114.699,128.995,527.108,118.838,653.568,130.044,0,80.6216,34.0773,1.42268
6572,121.599,120.518,128.613,511.465,139.735,611.112,0,75.3237,46.2751,1.61435
6573,218.104,287.447,309.261,516.62,139.885,611.08,0,179.654,38.45,1.21402
6574,87.9992,108.854,579.149,446.078,615.563,539.583,0,68.0334,19.9658,1.29347
6575,84.8993,84.7599,540.617,601.155,613.226,612.736,0,52.9749,31.9244,1.60263
6576,276.208,285.76,426.838,416.514,630.253,334.098,0,178.6,97.6077,1.54652
6577,208.504,208.106,287.872,366.642,250.449,184.794,0,130.067,78.437,1.60305
6578,294.409,305.225,413.861,409.322,349.855,174.683,0,190.766,103.643,1.5433
6579,29.7001,41.2677,190.882,717.247,152.747,701.719,0,25.7923,3.90777,1.15151
6580,42.0999,54.1051,177.439,657.033,149.694,693.272,0,33.8157,8.28423,1.24498
6581,115.199,161.573,539.566,286.96,648.042,197.857,0,100.983,14.2159,1.14078
6582,127.499,138.557,350.315,289.452,349.938,174.764,0,86.5981,40.9005,1.4723
6583,28.2001,35.7876,408.848,113.407,405.858,78.1773,0,22.3672,5.83284,1.26078
6584,51.0998,52.2737,601.628,131.942,653.487,129.947,0,32.6711,18.4287,1.56407
6585,48.1998,62.8682,185.529,589.733,144.723,615.987,0,39.2926,8.90723,1.22669
6586,286.408,282.607,425.127,416.027,630.33,334.055,0,176.63,109.779,1.62152
6587,193.903,254.556,399.146,631.152,312.532,817.97,0,159.098,34.8049,1.21876
6588,285.708,303.447,358.821,451.297,349.798,174.675,0,189.654,96.054,1.50647
6589,222.404,215.576,278.571,377.996,248.757,185.002,0,134.735,87.6694,1.65068
6590,113.999,121.248,422.563,245.988,356.138,173.573,0,75.7799,38.2189,1.50434
6591,169.801,167.043,500.682,362.005,630.279,334.05,0,104.402,65.3992,1.62642
6592,114.399,121.399,178.751,260.934,248.552,184.825,0,75.8745,38.5243,1.50774
6593,152.5,166.077,364.315,307.762,349.858,174.761,0,103.798,48.702,1.4692
6594,23.2001,23.4028,249.435,208.988,249.474,185.172,0,14.6268,8.57329,1.58614
6595,7.79999,6.80988,629.57,283.85,635.956,282.648,0,4.25617,3.54382,1.83263
6596,29.4001,38.0268,314.075,186.283,349.887,174.75,0,23.7668,5.63331,1.23702
6597,244.406,230.832,273.503,396.059,249.913,185.07,0,144.27,100.136,1.69408
6598,165.801,145.168,194.324,305.482,248.222,184.749,0,90.7299,75.071,1.82741
6599,296.509,103.165,184.612,655.617,173.817,659.665,1,64.4784,232.031,4.59858
6600,296.509,241.202,378.244,513.829,548.065,452.565,1,150.751,145.757,1.96687
6601,149.6,132.676,281.076,291.734,249.467,185.248,0,82.9226,66.6773,1.80409
6602,20.8,25.1003,144.428,669.383,149.715,693.274,0,15.6877,5.11233,1.32588
6603,178.102,222.904,332.444,371.867,250.66,184.788,0,139.315,38.7866,1.27841
6604,117.699,132.089,579.925,380.949,630.449,334.353,0,82.5556,35.1432,1.42569
6605,24.1001,28.9509,320.463,790.435,312.896,817.961,0,18.0943,6.00572,1.33191
6606,182.402,158.988,444.776,149.703,356.134,173.603,0,99.3674,83.0346,1.83563
6607,106.299,116.914,538.109,121.954,653.555,129.955,0,73.071,33.228,1.45474
6608,46.8999,61.0289,146.032,550.881,139.856,611.115,0,38.143,8.75682,1.22958
6609,56.1997,69.0655,589.676,220.905,648.399,198.073,0,43.1659,13.0338,1.30195
6610,133.599,130.254,296.095,292.842,250.143,184.991,0,81.4089,52.19,1.64108
6611,22.9001,26.7835,381.958,171.278,355.825,174.225,0,16.7397,6.16036,1.36801
6612,265.907,323.053,323.407,490.486,139.88,611.06,0,201.908,63.9988,1.31697
6613,152.5,144.562,272.204,614.65,144.688,615.593,0,90.3514,62.1487,1.68786
6614,110.999,130.638,296.597,290.586,250.23,184.879,0,81.6488,29.35,1.35947
6615,26.2001,31.4947,613.512,296.992,635.782,282.278,0,19.6842,6.51586,1.33102
6616,25.9001,28.3936,143.861,665.858,149.689,693.189,0,17.746,8.15405,1.45949
6617,264.407,228.242,477.277,424.584,630.297,334.068,0,142.651,121.756,1.85352
6618,251.606,284.191,349.105,537.641,144.848,616.184,0,177.62,73.9866,1.41655
6619,114.499,117.855,268.908,296.999,249.607,185.192,0,73.6594,40.8395,1.55444
6620,47.7998,40.7143,576.395,622.086,613.336,613.205,0,25.4465,22.3534,1.87845
6621,296.509,273.617,427.337,428.928,607.681,541.138,1,171.011,125.498,1.73386
6622,3.3,2.55273,600.624,830.846,603.011,831.75,0,1.59545,1.70455,2.06838
6623,77.6994,86.1689,318.519,232.677,349.831,174.718,0,53.8556,23.8438,1.44274
6624,248.206,213.134,472.225,377.142,630.299,334.055,0,133.209,114.997,1.86329
6625,19.3,21.6422,599.434,735.639,612.257,752.388,0,13.5264,5.77367,1.42685
6626,296.509,120.358,438.275,528.482,425.941,542.699,1,75.2237,221.285,3.9417
6627,141.499,146.737,276.491,653.643,144.795,616.159,0,91.7109,49.7886,1.54289
6628,279.708,282.485,301.495,453.393,67.7318,404.79,0,176.553,103.155,1.58427
6629,250.606,247.422,275.415,414.349,67.7464,405.086,0,154.639,95.9671,1.62059
6630,211.604,229.863,369.493,375.014,349.857,174.73,0,143.664,67.9393,1.4729
6631,188.402,143.428,150.567,440.248,67.8426,405.425,0,89.6423,98.76,2.10171
6632,104.599,104.63,221.215,753.549,152.849,701.812,0,65.3938,39.2052,1.59953
6633,41.8999,31.8266,593.997,627.408,613.316,613.169,0,19.8916,22.0083,2.10641
6634,296.509,302.882,315.164,441.497,72.84,405.562,1,189.301,107.207,1.56633
6635,231.605,244.181,349.702,378.543,349.457,174.615,0,152.613,78.9918,1.5176
6636,0,0,144.258,616.381,144.258,616.381,0,0,0,0
6637,177.702,189.603,396.363,298.384,355.835,174.332,0,118.502,59.1999,1.49957
6638,115.499,132.926,130.428,482.845,67.7211,405.501,0,83.0785,32.4203,1.39024
6639,296.509,258.958,424.619,594.712,597.614,612.857,1,161.849,134.66,1.83201
6640,12.8,13.3969,262.366,193.096,253.139,183.402,0,8.37308,4.42693,1.52871
6641,15.1,17.7677,414.398,93.6569,408.332,77.2358,0,11.1048,3.9952,1.35977
6642,6.3,6.50084,150.899,618.55,144.749,616.449,0,4.06302,2.23697,1.55057
6643,106.599,125.441,350.038,271.673,349.883,174.661,0,78.4007,28.1983,1.35967
6644,167.201,166.031,290.123,611.804,144.759,616.033,0,103.769,63.4316,1.61127
6645,180.002,147.551,279.562,317.277,249.478,185.206,0,92.2192,87.7826,1.95189
6646,33.3001,36.8733,590.626,778.273,611.062,755.397,0,23.0458,10.2542,1.44495
6647,219.504,306.592,390.133,564.789,312.646,818.042,0,191.62,27.8839,1.14552
6648,65.6996,83.796,228.245,264.971,248.519,184.827,0,52.3725,13.3271,1.25447
6649,260.607,269.206,392.874,393.074,349.447,174.506,0,168.254,92.3531,1.54889
6650,123.499,154.863,494.741,711.107,612.289,752.221,0,96.7893,26.7094,1.27595
6651,45.0999,52.5582,586.696,522.703,615.644,540.377,0,32.8488,12.251,1.37295
6652,72.0995,78.5818,145.94,400.179,67.8345,405.208,0,49.1136,22.9858,1.46801
6653,109.699,113.763,524.822,350.957,630.317,334.223,0,71.1016,38.5973,1.54285
6654,296.509,292.741,424.989,550.519,593.361,615,1,182.963,113.546,1.62059
6655,296.509,240.013,413.39,439.021,591.757,489.252,1,150.008,146.501,1.97662
6656,127.599,146.628,546.048,441.158,615.597,539.722,0,91.6427,35.9559,1.39235
6657,165.101,147.943,180.219,351.552,67.6876,404.857,0,92.4645,72.6364,1.78556
6658,197.603,266.111,284.573,507.607,139.865,611.057,0,166.319,31.2836,1.18809
6659,196.603,146.152,183.332,438.358,67.8437,405.249,0,91.3447,105.258,2.15232
6660,117.899,128.485,425.924,248.895,356.098,173.57,0,80.3033,37.5955,1.46817
6661,48.7998,43.8499,235.782,226.096,249.343,185.206,0,27.4062,21.3936,1.78061
6662,111.599,114.264,259.016,296.876,249.906,185.139,0,71.4149,40.1839,1.56268
6663,19.5,23.5307,413.81,100.348,406.725,77.9183,0,14.7067,4.79337,1.32593
6664,50.6998,45.7645,219.341,206.611,248.591,184.94,0,28.6028,22.097,1.77254
6665,17.2,19.5756,599.364,550.963,616.319,542.148,0,12.2348,4.96527,1.40583
6666,188.302,177.97,415.874,295.707,355.817,174.34,0,111.231,77.0711,1.69289
6667,100.699,122.212,565.043,182.513,653.467,130.049,0,76.3825,24.3165,1.31835
6668,35.1,44.1096,415.229,120.56,405.931,78.2149,0,27.5685,7.53155,1.27319
6669,95.0991,121.648,517.658,726.141,611.985,753.07,0,76.03,19.0692,1.25081
6670,103.599,113.848,465.29,180.715,355.825,174.318,0,71.1553,32.4437,1.45596
6671,77.9994,91.9627,177.81,547.456,139.933,611.08,0,57.4767,20.5227,1.35706
6672,60.3997,62.9298,608.544,646.865,613.335,612.497,0,39.3311,21.0686,1.53567
6673,247.606,262.092,425.659,359.059,356.127,173.485,0,163.807,83.7985,1.51157
6674,3.7,2.91765,69.7205,408.116,66.9151,407.314,0,1.82353,1.87647,2.02903
6675,47.0999,46.2716,293.797,204.546,252.493,184.039,0,28.9197,18.1801,1.62864
6676,20.2,26.5256,258.323,210.133,249.785,185.121,0,16.5785,3.62155,1.21845
6677,96.5991,113.224,609.594,458.628,615.648,539.687,0,70.7652,25.8339,1.36507
6678,273.007,215.168,449.903,678.899,613.335,612.518,0,134.48,138.528,2.0301
6679,220.804,200.033,474.465,391.756,630.308,334.129,0,125.021,95.7834,1.76614
6680,8.2,7.79821,640.954,201.227,648,197.919,0,4.87388,3.32611,1.68244
6681,64.3996,74.3766,548.534,743.715,612.001,752.847,0,46.4854,17.9142,1.38537
6682,296.509,245.365,415.926,626.104,598.794,613.199,1,153.353,143.156,1.93351
6683,49.7998,62.7497,269.266,243.774,250.25,184.903,0,39.2185,10.5813,1.2698
6684,113.299,119.44,414.96,238.779,355.97,173.667,0,74.6497,38.6491,1.51774
6685,42.5999,33.0178,593.323,629.1,613.211,612.865,0,20.6361,21.9638,2.06434
6686,82.6993,88.8978,155.432,395.899,67.8121,405.301,0,55.5611,27.1382,1.48844
6687,34.1001,39.0165,175.422,630.812,144.654,615.715,0,24.3853,9.71475,1.39839
6688,126.199,130.732,225.532,595.476,144.745,615.672,0,81.7072,44.4914,1.54452
6689,216.104,298.161,383.219,567.314,312.65,817.974,0,186.35,29.7535,1.15966
6690,227.105,200.965,473.989,386.911,630.29,334.071,0,125.603,101.501,1.80811
6691,126.299,135.27,277.363,637.535,144.666,616.265,0,84.5437,41.755,1.49389
6692,30.4001,37.3473,615.593,188.585,647.895,191.365,0,23.3421,7.058,1.30237
6693,18.5,22.0106,330.802,185.231,349.889,174.849,0,13.7566,4.74339,1.34481
6694,33.5001,38.9147,301.763,791.722,311.995,818.262,0,24.3217,9.17835,1.37737
6695,186.302,238.716,322.001,377.406,250.687,184.817,0,149.198,37.1044,1.24869
6696,136.599,112.322,202.312,260.553,248.12,184.714,0,70.2013,66.3978,1.94582
6697,37.8,51.983,189.732,672.99,149.44,693.336,0,32.4894,5.31061,1.16346
6698,232.305,299.456,331.553,427.304,250.323,184.888,0,187.16,45.1448,1.24121
6699,164.901,139.632,170.973,352.41,67.8023,405.44,0,87.2697,77.6311,1.88955
6700,106.099,110.384,260.933,293.022,249.829,185.136,0,68.9898,37.1092,1.53789
6701,15.4,19.8806,259.228,202.717,251.455,184.419,0,12.4253,2.97468,1.2394
6702,7.3,7.75858,604.092,751.743,611.383,754.395,0,4.84911,2.45088,1.50543
6703,207.503,177.212,224.869,346.217,249.162,185.116,0,110.757,96.7463,1.8735
6704,169.001,142.775,198.072,308.026,248.657,184.911,0,89.2342,79.7669,1.8939
6705,226.105,204.067,506.098,579.027,613.164,612.677,0,127.542,98.5626,1.77279
6706,178.902,142.473,482.287,166.167,356.082,173.576,0,89.0458,89.856,2.0091
6707,57.6997,50.7719,215.099,215.683,249.064,185.088,0,31.7324,25.9673,1.81832
6708,259.307,287.123,341.492,538.096,144.656,616.251,0,179.452,79.8547,1.44499
6709,29.5001,32.0428,140.266,663.296,149.733,693.254,0,20.0267,9.47333,1.47303
6710,296.509,95.3034,415.92,522.894,425.062,543.315,1,59.5646,236.944,4.97794
6711,28.3001,36.4655,616.233,214.264,648.395,198.078,0,22.7909,5.50916,1.24173
6712,113.399,146.66,387.072,707.126,312.461,817.96,0,91.6623,21.7365,1.23714
6713,18.5,22.168,599.55,769.969,611.159,755.013,0,13.855,4.64502,1.33526
6714,196.103,255.678,380.523,610.476,312.837,818.006,0,159.799,36.3037,1.22718
6715,37.8,37.5401,104.079,399.782,67.7134,404.938,0,23.4625,14.3374,1.61108
6716,65.5996,78.4689,550.787,784.52,611.111,755.213,0,49.0431,16.5565,1.33759
6717,262.407,291.378,324.15,500.346,144.808,615.772,0,182.111,80.2957,1.44092
6718,296.509,257.814,426.83,428.697,605.393,536.262,1,161.134,135.375,1.84014
6719,36.7,42.0622,119.977,584.619,139.947,611.133,0,26.2889,10.4112,1.39603
6720,152.2,154.58,520.597,390.771,630.279,334.11,0,96.6126,55.5875,1.57536
6721,95.3991,96.0809,234.033,277.48,249.211,185.149,0,60.0506,35.3485,1.58865
6722,133.399,141.1,350.448,292.277,349.782,174.703,0,88.1877,45.2112,1.51267
6723,129.599,124.202,189.831,391.541,67.8246,405.151,0,77.6263,51.9724,1.66952
6724,215.104,162.954,202.556,431.882,67.6737,405.457,0,101.846,113.258,2.11204
6725,59.8997,64.3818,160.106,563.644,139.933,611.177,0,40.2386,19.661,1.48861
6726,215.504,184.929,534.069,523.239,613.254,612.947,0,115.58,99.9235,1.86454
6727,296.509,297.611,423.025,415.158,628.694,334.05,1,186.007,110.502,1.59407
6728,24.7001,28.2439,590.093,768.197,611.086,755.291,0,17.6524,7.04763,1.39924
6729,96.9991,110.794,248.679,742.454,152.685,701.789,0,69.2466,27.7525,1.40078
6730,63.7996,71.5783,316.639,755.583,311.655,818.352,0,44.7365,19.0631,1.42612
6731,15.9,19.784,375.645,174.761,355.866,174.126,0,12.365,3.53503,1.28589
6732,133.799,136.71,518.968,568.875,613.176,612.664,0,85.4439,48.355,1.56593
6733,65.1996,62.3737,299.969,767.718,311.16,818.621,0,38.9836,26.216,1.67249
6734,248.006,312.12,330.334,441.691,250.325,184.884,0,195.075,52.9307,1.27133
6735,129.799,126.272,268.232,635.858,144.665,615.704,0,78.9199,50.8788,1.64469
6736,170.801,158.978,189.664,344.543,67.6837,404.888,0,99.3615,71.4398,1.71899
6737,138.199,166.836,310.59,714.79,313.066,818.079,0,104.273,33.9265,1.32536
6738,171.001,175.322,417.871,294.976,355.798,174.341,0,109.576,61.4248,1.56057
6739,54.3997,68.7271,574.094,502.286,615.688,539.588,0,42.9545,11.4453,1.26645
6740,87.7992,96.5161,215.89,263.551,248.703,184.939,0,60.3225,27.4767,1.4555
6741,49.0998,58.7249,593.654,697.587,612.314,752.056,0,36.7031,12.3968,1.33776
6742,223.404,189.705,287.511,344.006,250.214,184.991,0,118.565,104.839,1.88423
6743,120.999,144.849,274.182,690.717,149.58,693.168,0,90.5309,30.4678,1.33655
6744,219.704,161.77,500.557,160.193,356.095,173.515,0,101.106,118.598,2.173
6745,114.599,143.374,523.003,693.842,612.381,751.901,0,89.6089,24.9899,1.27888
6746,59.5997,81.4854,548.254,798.58,602.373,833.285,0,50.9284,8.67128,1.17026
6747,152.1,119.066,212.658,243.011,248.068,184.579,0,74.4165,77.6836,2.0439
6748,56.2997,64.6535,564.685,730.628,612.086,752.783,0,40.4084,15.8913,1.39327
6749,272.407,293.791,347.817,420.457,349.416,174.489,0,183.619,88.7883,1.48355
6750,87.8992,93.0553,160.045,395.023,67.7471,405.245,0,58.1595,29.7397,1.51135
6751,223.504,241.235,349.079,586.484,144.768,616.049,0,150.772,72.7328,1.4824
6752,197.303,258.847,394.9,632.246,312.392,818.153,0,161.779,35.5236,1.21958
6753,114.799,116.628,221.955,763.118,152.804,701.728,0,72.8925,41.9063,1.57491
6754,220.004,178.833,265.33,343.318,249.542,185.222,0,111.771,108.233,1.96835
6755,222.304,197.788,454.148,303.025,355.76,174.33,0,123.617,98.6869,1.79832
6756,52.3998,45.7658,258.422,229.585,249.414,185.247,0,28.6036,23.7962,1.83193
6757,251.006,169.252,494.28,640.896,613.161,612.835,0,105.782,145.224,2.37285
6758,34.3,35.681,579.321,817.957,602.364,833.27,0,22.3006,11.9994,1.53808
6759,296.509,255.25,448.767,479.287,604.873,537.386,1,159.531,136.978,1.85863
6760,82.9993,95.1975,243.727,257.21,250.168,185.043,0,59.4984,23.5009,1.39498
6761,129.399,141.957,244.26,654.755,144.845,616.229,0,88.7234,40.6753,1.45845
6762,109.799,141.873,531.707,183.723,647.864,191.251,0,88.6706,21.1283,1.23828
6763,148,116.262,197.34,261.754,248.164,184.67,0,72.6637,75.3362,2.03678
6764,4.2,3.84385,598.666,832.638,602.41,833.431,0,2.40241,1.79759,1.74824
6765,87.1992,87.4547,401.903,211.13,355.749,174.335,0,54.6592,32.54,1.59533
6766,36,46.4253,305.86,186.529,349.944,174.787,0,29.0158,6.98421,1.2407
6767,79.3994,78.2233,574.554,694.012,612.106,752.687,0,48.8896,30.5098,1.62406
6768,168.101,174.918,337.555,316.818,349.865,174.73,0,109.324,58.7774,1.53765
6769,64.1996,74.7826,593.604,187.709,648.424,190.795,0,46.7391,17.4605,1.37357
6770,231.905,194.629,215.298,449.723,67.6631,405.462,0,121.643,110.262,1.90644
6771,95.1991,111.269,552.15,480.178,615.646,539.72,0,69.5431,25.656,1.36892
6772,231.305,156.924,218.163,416.373,67.8293,405.091,0,98.0778,133.227,2.35838
6773,34.2001,42.261,188.083,704.614,153.484,700.764,0,26.4131,7.78692,1.29481
6774,21.6,20.0057,87.6902,403.538,67.785,405.224,0,12.5035,9.0965,1.72751
6775,115.899,106.388,166.18,383.899,67.7793,405.149,0,66.4927,49.4061,1.74303
6776,44.6999,41.9309,110.083,402.004,67.8252,405.126,0,26.2068,18.4931,1.70566
6777,30.0001,36.5163,574.743,806.351,606.902,810.481,0,22.8227,7.17736,1.31448
6778,152.1,151.873,424.831,277.69,356.079,173.517,0,94.9207,57.1793,1.60239
6779,37.8,33.7723,233.701,212.997,248.711,184.873,0,21.1077,16.6923,1.79082
6780,216.204,203.649,499.979,248.192,356.124,173.48,0,127.28,88.9236,1.69864
6781,23.4001,23.6019,274.084,193.893,253.219,183.304,0,14.7512,8.64884,1.58631
6782,161.401,188.917,513.339,225.291,648.015,190.984,0,118.073,43.3276,1.36696
6783,85.7993,91.5496,145.767,521.732,139.733,611.112,0,57.2185,28.5808,1.4995
6784,55.2997,75.3025,202.554,701.136,152.758,701.738,0,47.0641,8.23568,1.17499
6785,16.6,15.3387,265.436,192.451,252.668,183.942,0,9.58668,7.01335,1.73157
6786,234.705,205.226,281.806,371.307,249.234,185.078,0,128.266,106.439,1.82982
6787,145.9,141.76,199.191,382.38,67.7294,404.949,0,88.5999,57.2998,1.64673
6788,88.8992,125.507,250.202,667.809,149.446,693.34,0,78.4419,10.4573,1.13331
6789,4,3.41288,359.283,174.835,356.129,173.535,0,2.13305,1.86695,1.87525
6790,72.2995,78.3008,195.479,643.882,144.814,616.133,0,48.938,23.3615,1.47737
6791,281.708,237.857,434.671,607.028,613.151,612.624,0,148.66,133.048,1.89498
6792,120.999,139.486,109.092,495.717,67.839,405.445,0,87.1789,33.8198,1.38794
6793,242.806,225.811,263.672,426.591,67.7785,405.046,0,141.132,101.674,1.72042
6794,151,187.196,332.67,642.208,312.302,818.072,0,116.997,34.0027,1.29063
6795,289.408,271.21,446.219,576.952,613.266,612.515,0,169.506,119.902,1.70736
6796,125.299,126.916,277.411,295.773,249.34,185.188,0,79.3227,45.9759,1.57961
6797,92.0992,89.8397,273.983,770.511,310.863,818.703,0,56.1498,35.9494,1.64024
6798,154.6,136.133,482.307,185.26,355.845,174.329,0,85.0833,69.517,1.81705
6799,147.4,160.199,322.497,310.906,250.215,185.024,0,100.124,47.2753,1.47217
6800,216.404,214.46,393.238,326.008,349.566,174.585,0,134.037,82.3667,1.61451
6801,128.199,138.574,316.854,284.419,250.312,184.918,0,86.6089,41.5897,1.4802
6802,172.101,224.66,499.452,259.669,647.987,198.028,0,140.413,31.6886,1.22568
6803,87.9992,116.388,591.324,269.956,648.02,197.898,0,72.7426,15.2566,1.20973
6804,13.1,13.5227,589.575,830.202,602.466,833.029,0,8.45172,4.6483,1.54998
6805,121.099,161.786,392.736,698.059,313.331,818.179,0,101.116,19.9825,1.19762
6806,22.5,27.9094,590.936,768.419,611.052,755.25,0,17.4434,5.0567,1.28989
6807,119.799,128.258,394.572,241.617,355.818,174.327,0,80.1611,39.6376,1.49447
6808,296.509,272.784,421.761,583.067,611.845,612.557,1,170.49,126.019,1.73916
6809,45.6999,42.9456,589.665,637.614,613.329,613.163,0,26.841,18.8589,1.70262
6810,45.3999,47.3179,113.652,396.476,67.7051,404.904,0,29.5737,15.8262,1.53515
6811,151.3,157.627,287.189,620.768,144.803,616.23,0,98.5166,52.7834,1.53578
6812,121.399,151.416,489.654,718.491,612.267,752.241,0,94.6351,26.7636,1.28281
6813,81.5993,111.552,338.755,710.627,312.415,818.083,0,69.7198,11.8795,1.17039
6814,270.107,310.616,379.318,537.714,144.836,616.23,0,194.135,75.9723,1.39134
6815,296.509,75.6488,429.114,535.13,425.627,543.195,1,47.2805,249.228,6.27128
6816,66.3996,97.6714,571.977,240.742,647.974,197.952,0,61.0446,5.35493,1.08772
6817,71.0995,89.3931,177.011,210.085,248.425,184.818,0,55.8707,15.2288,1.27257
6818,26.5001,22.2419,601.237,599.537,613.212,612.685,0,13.9012,12.5989,1.90631
6819,214.004,169.662,198.634,437.875,67.7141,405.478,0,106.038,107.965,2.01817
6820,209.604,180.806,275.159,350.672,249.227,185.124,0,113.004,96.5996,1.85483
6821,282.408,326.134,376.203,526.032,144.693,616.253,0,203.834,78.5744,1.38548
6822,154.3,185.913,356.524,649.999,312.262,818.135,0,116.196,38.1043,1.32793
6823,142.499,170.319,513.201,205.593,647.704,191.783,0,106.449,36.0501,1.33866
6824,208.404,233.583,349.388,592.724,144.763,616.082,0,145.989,62.4142,1.42753
6825,83.7993,89.0669,155.908,398.487,67.7962,404.979,0,55.6668,28.1325,1.50537
6826,135.899,143.464,510.526,116.909,653.486,129.952,0,89.6651,46.234,1.51563
6827,296.509,246.135,401.911,614.025,598.058,612.404,1,153.834,142.675,1.92746
6828,260.907,229.278,460.12,344.298,355.806,174.309,0,143.298,117.608,1.82072
6829,23.1001,27.0012,406.09,105.148,405.934,78.2326,0,16.8757,6.22433,1.36883
6830,18,21.0146,272.392,190.245,253.105,183.427,0,13.1341,4.86591,1.37048
6831,182.102,218.03,385.379,640.963,312.416,818.087,0,136.269,45.8331,1.33634
6832,158.7,155.073,186.406,345.744,67.7817,404.993,0,96.9204,61.7801,1.63743
6833,296.509,221.847,460.324,478.488,599.916,516.396,1,138.655,157.854,2.13847
6834,160.601,138.749,299.514,302.284,250.271,184.888,0,86.7183,73.8823,1.85198
6835,9.9,11.5891,604.178,540.51,615.632,539.665,0,7.2432,2.6568,1.3668
6836,121.499,147.725,535.059,212.205,647.93,191.335,0,92.328,29.1708,1.31595
6837,118.399,164.402,540.206,280.323,647.967,197.984,0,102.751,15.6473,1.15228
6838,192.703,250.419,259.637,527.324,139.854,611.081,0,156.512,36.1904,1.23123
6839,28.4001,33.2048,598.318,781.97,606.496,811.607,0,20.753,7.64706,1.36848
6840,296.509,245.794,488.099,485.453,614.154,539.719,1,153.621,142.888,1.93013
6841,185.402,209.522,268.707,558.281,144.736,615.713,0,130.951,54.4508,1.41581
6842,5.1,4.74279,72.4786,404.393,67.8237,405.311,0,2.96424,2.13575,1.72051
6843,216.304,169.887,246.728,339.052,250.067,185.033,0,106.18,110.124,2.03715
6844,53.4998,54.8184,587.158,649.468,613.278,613.11,0,34.2615,19.2383,1.56151
6845,114.799,128.267,202.116,536.95,139.947,611.051,0,80.1667,34.6321,1.432
6846,136.399,180.321,295.328,711.043,149.562,693.195,0,112.701,23.6984,1.21028
6847,59.3997,74.6453,558.097,340.347,630.373,334.079,0,46.6533,12.7464,1.27321
6848,10,9.98898,601.046,754.542,611.089,755.224,0,6.24311,3.75689,1.60177
6849,282.008,306.591,411.26,421.808,630.358,334.057,0,191.619,90.3887,1.47171
6850,0,0,403.804,69.9745,403.804,69.9745,0,0,0,0
6851,200.103,196.757,405.252,304.828,355.779,174.332,0,122.973,77.1298,1.62721
6852,26.9001,29.2238,246.713,213.865,249.84,185.118,0,18.2649,8.63519,1.47278
6853,242.906,258.593,365.318,404.059,349.413,174.548,0,161.62,81.2852,1.50294
6854,122.299,108.182,174.513,401.346,67.7151,404.926,0,67.6137,54.6851,1.80879
6855,108.199,112.475,260.872,295.19,249.928,185.138,0,70.2968,37.9021,1.53917
6856,9.6,10.93,644.369,136.28,654.065,131.401,0,6.83123,2.76877,1.40531
6857,107.599,115.576,176.546,523.462,139.925,611.077,0,72.2351,35.3638,1.48957
6858,219.304,228.059,502.103,477.78,615.536,539.762,0,142.537,76.7675,1.53858
6859,13.3,14.8155,153.567,679.122,149.814,693.211,0,9.25969,4.04033,1.43633
6860,134.099,132.869,158.964,481.922,139.648,611.23,0,83.0431,51.0559,1.61481
6861,92.1992,83.5777,608.671,678.579,612.42,752.024,0,52.236,39.9631,1.76505
6862,210.004,170.839,467.56,645.092,613.25,612.75,0,106.775,103.229,1.96679
6863,104.999,123.845,572.256,431.801,615.62,539.724,0,77.4028,27.5962,1.35653
6864,138.999,143.863,299.892,303.265,250.582,184.761,0,89.9145,49.0848,1.5459
6865,106.999,120.223,181.845,261.296,248.736,184.888,0,75.1397,31.8593,1.424
6866,42.6999,44.3467,582.872,779.576,611.221,755.49,0,27.7167,14.9833,1.54059
6867,254.706,242.679,475.971,504.134,613.183,612.679,0,151.675,103.032,1.6793
6868,82.6993,78.3389,587.6,365.493,630.272,334.297,0,48.9618,33.7375,1.68906
6869,4.7,3.54129,645.172,189.372,648.307,190.85,0,2.2133,2.48669,2.12352
6870,209.504,165.307,460.411,595.985,613.285,613.054,0,103.317,106.187,2.02778
6871,118.799,122.79,255.027,645.203,144.786,616.105,0,76.7438,42.055,1.54799
6872,64.3996,74.8937,148.769,537.032,139.85,611.115,0,46.8085,17.5911,1.37581
6873,84.3993,77.4571,588.358,363.991,630.335,334.346,0,48.4107,35.9886,1.7434
6874,157.3,172.499,311.55,313.847,250.805,184.743,0,107.812,49.4886,1.45903
6875,151.9,181.102,504.253,202.414,648.461,190.91,0,113.189,38.7113,1.34201
6876,261.907,291.029,377.051,557.554,144.767,616.165,0,181.893,80.0135,1.43989
6877,47.3998,56.7866,559.397,749.46,612.052,752.625,0,35.4916,11.9082,1.33552
6878,163.901,204.02,420.004,688.272,313.04,818.078,0,127.512,36.3884,1.28537
6879,230.105,198.234,223.976,428.784,67.6666,405.453,0,123.896,106.209,1.85724
6880,182.702,143.531,482.888,164.723,355.807,174.327,0,89.707,92.9949,2.03665
6881,149.8,147.285,278.734,650.794,144.727,616.35,0,92.0533,57.7467,1.62732
6882,112.199,147.981,315.977,699.472,312.254,818.21,0,92.4883,19.7106,1.21311
6883,149.9,161.386,536.143,452.133,615.609,539.693,0,100.866,49.0338,1.48613
6884,246.806,253.142,286.856,431.433,67.7988,404.986,0,158.214,88.5921,1.55995
6885,13.5,16.4351,596.744,612.832,613.187,612.746,0,10.272,3.22806,1.31426
6886,260.007,218.867,467.875,370.831,630.333,334.075,0,136.792,123.215,1.90074
6887,112.099,104.409,516.336,600.2,613.175,612.766,0,65.2557,46.8431,1.71784
6888,153.6,152.76,287.557,625.078,144.686,615.581,0,95.4752,58.1249,1.6088
6889,143.7,173.461,524.495,222.278,647.733,191.783,0,108.413,35.2863,1.32548
6890,66.8996,72.0185,417.565,155.32,356.116,173.61,0,45.0116,21.888,1.48627
6891,60.7996,79.1384,327.281,742.089,312.754,818.033,0,49.4615,11.3381,1.22923
6892,75.0994,75.0599,415.531,200.972,355.832,174.319,0,46.9124,28.187,1.60084
6893,134.199,181.266,542.961,239.351,648.013,197.759,0,113.291,20.9078,1.18455
6894,140.799,173.426,303.326,683.563,312.282,818.096,0,108.392,32.4079,1.29899
6895,115.899,115.484,453.618,161.781,355.716,174.309,0,72.1776,43.7212,1.60575
6896,206.703,216.519,482.292,248.275,356.08,173.588,0,135.324,71.3791,1.52747
6897,86.4993,115.819,250.595,709.952,153.652,700.211,0,72.3866,14.1126,1.19496
6898,33.3001,37.7914,616.602,135.923,653.52,129.957,0,23.6196,9.68043,1.40985
6899,126.899,175.668,543.827,244.374,647.997,198.033,0,109.792,17.1063,1.15581
6900,24.1001,26.5708,236.233,204.384,249.154,185.053,0,16.6067,7.49333,1.45122
6901,55.7997,58.0667,605.341,642.906,613.332,613.113,0,36.2917,19.508,1.53753
6902,0,0,615.978,614.898,615.978,614.898,0,0,0,0
6903,296.509,87.1156,176.545,659.969,174.487,659.823,1,54.4473,242.062,5.4458
6904,160.601,193.441,434.212,712.831,313.146,818.111,0,120.901,39.7001,1.32837
6905,276.708,314.972,332.021,477.617,144.733,616.263,0,196.858,79.8499,1.40562
6906,215.304,231.667,464.956,426.162,615.595,539.61,0,144.792,70.5119,1.48699
6907,119.099,152.093,515.021,693.508,612.424,751.929,0,95.0581,24.0406,1.2529
6908,138.799,148.347,518.668,146.63,653.496,129.753,0,92.7168,46.0824,1.49702
6909,62.6996,71.1212,96.6169,448.163,67.7717,405.242,0,44.4508,18.2488,1.41054
6910,41.4999,51.6122,409.126,129.46,405.94,78.2306,0,32.2576,9.2423,1.28652
6911,153.5,149.906,496.31,343.37,630.323,334.094,0,93.6912,59.809,1.63836
6912,165.101,183.762,236.607,508.918,140.095,611.146,0,114.851,50.2497,1.43752
6913,253.206,250.682,453.223,415.285,615.569,539.739,0,156.676,96.53,1.61611
6914,139.799,138.095,432.963,257.041,355.802,174.318,0,86.3092,53.4901,1.61975
6915,76.7994,85.8477,568.586,666.286,613.209,612.828,0,53.6548,23.1446,1.43136
6916,100.099,95.9717,132.165,529.293,139.882,611.071,0,59.9823,40.1168,1.66881
6917,210.204,239.631,471.833,345.311,630.349,334.13,0,149.769,60.4345,1.40352
6918,8.6,8.87966,138.734,602.465,139.892,611.169,0,5.54979,3.05021,1.54961
6919,4.6,4.5552,148.201,688.963,149.666,693.275,0,2.847,1.753,1.61573
6920,83.2993,99.251,528.739,758.538,611.141,755.202,0,62.0319,21.2674,1.34285
6921,174.101,182.315,317.933,619.523,144.804,616.053,0,113.947,60.1546,1.52792
6922,136.199,117.884,163.944,424.92,67.8001,405.316,0,73.6774,62.5217,1.84859
6923,42.6999,55.5909,307.004,771.758,311.97,818.322,0,34.7443,7.95559,1.22898
6924,78.6994,95.7853,191.298,239.439,248.403,184.81,0,59.8658,18.8336,1.3146
6925,260.107,285.526,334.234,511.281,144.796,616.173,0,178.454,81.6529,1.45756
6926,101.199,121.108,540.837,680.026,613.191,612.829,0,75.6927,25.5064,1.33697
6927,98.1991,98.2851,218.981,276.054,248.277,184.781,0,61.4282,36.7709,1.5986
6928,200.303,185.513,282.263,577.048,144.827,615.785,0,115.946,84.3573,1.72756
6929,180.502,187.471,323.13,617.968,144.821,616.097,0,117.169,63.3326,1.54052
6930,155.3,153.989,286.765,622.611,144.831,616.212,0,96.243,59.0573,1.61363
6931,49.8998,62.8606,340.876,196.85,349.851,174.692,0,39.2879,10.6119,1.27011
6932,0,0,611.636,809.35,611.636,809.35,0,0,0,0
6933,296.509,236.285,385.622,515.764,556.65,451.77,1,147.678,148.83,2.0078
6934,83.3993,102.598,560.215,676.914,613.175,612.85,0,64.1237,19.2756,1.3006
6935,259.007,321.61,321.013,482.669,139.852,611.187,0,201.006,58.0005,1.28855
6936,35.1,41.1537,613.04,133.499,653.526,130.032,0,25.7211,9.37894,1.36464
6937,93.3991,97.076,218.941,274.415,249.185,185.082,0,60.6725,32.7266,1.5394
6938,146.3,183.31,424.422,711.36,312.611,818.021,0,114.569,31.7311,1.27696
6939,194.703,206.255,368.318,355.441,349.702,174.735,0,128.91,65.7931,1.51038
6940,112.599,143.419,509.857,708.648,611.968,753.072,0,89.637,22.9618,1.25616
6941,236.905,278.67,348.944,544.472,144.818,616.109,0,174.169,62.7366,1.36021
6942,183.702,169.29,229.7,384.589,67.836,405.448,0,105.806,77.8956,1.73621
6943,72.3995,95.4405,340.264,726.288,312.709,817.962,0,59.6503,12.7491,1.21373
6944,130.899,137.515,574.287,397.813,630.259,334.246,0,85.9471,44.9516,1.52302
6945,240.305,256.728,331.298,549.064,144.734,615.738,0,160.455,79.8503,1.49765
6946,44.9999,38.6807,234.185,220.051,248.502,184.804,0,24.1755,20.8244,1.86139
6947,33.0001,37.8279,610.871,185.917,647.773,191.525,0,23.6425,9.35761,1.3958
6948,126.299,138.673,235.376,770.828,152.818,701.783,0,86.6709,39.6278,1.45722
6949,69.5995,95.5764,340.269,727.222,312.749,818.029,0,59.7353,9.86424,1.16513
6950,273.707,294.883,338.376,504.34,144.745,615.715,0,184.302,89.4054,1.4851
6951,176.902,177.737,313.971,621.08,144.824,616.13,0,111.086,65.8158,1.59248
6952,159.501,138.694,475.184,153.025,356.057,173.499,0,86.6839,72.8166,1.84002
6953,102.499,107.885,261.322,289.229,249.679,185.237,0,67.4281,35.0709,1.52012
6954,43.8999,61.4563,211.323,721.158,153.516,700.737,0,38.4102,5.48969,1.14292
6955,257.507,277.619,311.394,516.785,144.748,615.972,0,173.512,83.9949,1.48409
6956,296.509,290.305,436.444,554.196,594.722,614.513,1,181.441,115.068,1.63419
6957,149.6,128.806,195.118,402.623,67.8269,405.45,0,80.5035,69.0964,1.8583
6958,258.707,246.111,309.381,368.695,249.2,185.112,0,153.819,104.887,1.68189
6959,162.201,188.224,518.36,221.642,647.812,191.475,0,117.64,44.5606,1.37879
6960,224.705,291.142,304.451,503.5,139.895,611.154,0,181.964,42.741,1.23489
6961,179.602,175.434,490.085,309.166,630.32,334.115,0,109.647,69.9552,1.63801
6962,43.0999,50.5226,280.288,792.966,311.576,818.356,0,31.5766,11.5233,1.36493
6963,268.507,281.167,361.388,430.102,350.029,174.776,0,175.729,92.7779,1.52796
6964,46.6999,61.2051,338.623,198.029,349.93,174.83,0,38.2532,8.44667,1.22081
6965,119.999,103.405,544.302,651.904,613.215,612.553,0,64.6282,55.3705,1.85676
6966,257.406,232.267,476.186,473.069,615.547,540.029,0,145.167,112.24,1.77318
6967,93.1992,96.6421,249.508,771.155,310.772,818.773,0,60.4013,32.7978,1.543
6968,118.099,116.101,525.745,347.835,630.305,334.048,0,72.5633,45.5355,1.62753
6969,73.1995,82.412,333.748,237.089,349.682,174.624,0,51.5075,21.692,1.42114
6970,110.099,115.94,421.682,243.37,356.119,173.595,0,72.4626,37.6363,1.51939
6971,126.099,125.955,453.865,151.746,356.086,173.593,0,78.722,47.3766,1.60182
6972,156.6,157.541,190.425,349.583,67.6825,404.911,0,98.4634,58.1369,1.59044
6973,80.7993,93.1735,268.31,274.492,250.09,184.986,0,58.2335,22.5659,1.38751
6974,275.408,244.513,445.669,395.058,630.257,334.148,0,152.82,122.587,1.80216
6975,211.204,212.659,492.668,424.912,630.296,334.143,0,132.912,78.292,1.58905
6976,151.8,118.94,222.84,299.929,248.972,184.981,0,74.3377,77.4624,2.04203
6977,84.3993,78.9934,601.072,679.983,612.515,751.722,0,49.3709,35.0284,1.70949
6978,151.4,159.853,333.774,301.234,349.615,174.568,0,99.9079,51.4921,1.5154
6979,30.1001,38.1256,313.121,183.07,349.888,174.826,0,23.8285,6.27158,1.2632
6980,18.3,21.5984,418.259,93.0825,406.656,77.8678,0,13.499,4.80102,1.35566
6981,125.499,143.632,142.444,469.291,67.8481,405.246,0,89.7699,35.7287,1.398
6982,187.802,206.322,494.372,452.672,615.451,539.979,0,128.951,58.8511,1.45638
6983,175.201,142.275,484.167,193.193,356.054,173.544,0,88.9221,86.2794,1.97028
6984,296.509,248.795,415.366,623.168,609.111,613.193,1,155.497,141.012,1.90684
6985,101.899,108.397,246.454,621.471,144.8,616.027,0,67.7483,34.1507,1.50408
6986,28.1001,34.0543,620.479,136.639,653.561,129.986,0,21.2839,6.81615,1.32025
6987,99.6991,105.46,559.496,150.144,653.537,130.003,0,65.9126,33.7864,1.51259
6988,115.899,149.324,515.674,693.772,612.27,752.089,0,93.3275,22.5713,1.24185
6989,164.901,158.928,521.88,390.42,630.255,334.05,0,99.3298,65.5711,1.66014
6990,13.2,16.2031,259.093,198.792,252.733,183.905,0,10.127,3.07305,1.30345
6991,111.099,124.08,354.702,261.019,349.743,174.741,0,77.5499,33.549,1.43261
6992,62.6996,84.8716,581.08,246.754,648.061,198.033,0,53.0447,9.65487,1.18201
6993,219.804,186.767,273.321,358.027,250.03,185.011,0,116.73,103.075,1.88302
6994,230.905,234.24,460.856,435.326,615.638,539.666,0,146.4,84.5051,1.57722
6995,167.101,154.676,240.055,327.945,249.509,185.195,0,96.6723,70.4287,1.72853
6996,59.7997,68.4545,560.87,731.377,612.083,752.682,0,42.7841,17.0156,1.39771
6997,78.2994,97.794,240.021,632.564,144.794,616.116,0,61.1213,17.1781,1.28105
6998,132.799,124.048,214.339,302.691,248.589,184.94,0,77.5299,55.269,1.71287
6999,113.299,150.92,344.763,676.916,313.097,818.101,0,94.3247,18.9741,1.20116
7000,70.9995,92.5349,550.59,496.877,615.652,540.297,0,57.8343,13.1652,1.22764
7001,36.2,37.222,103.38,399.425,67.7146,404.883,0,23.2638,12.9363,1.55607
7002,40.1,41.3067,602.774,580.58,613.395,612.248,0,25.8167,14.2833,1.55326
7003,123.899,105.304,228.452,286.405,249.231,185.103,0,65.815,58.0837,1.88253
7004,189.102,196.703,480.749,393.479,630.323,334.126,0,122.939,66.1631,1.53818
7005,296.509,213.557,479.457,492.258,590.068,487.222,1,133.473,163.036,2.22149
7006,186.302,160.355,193.866,324.504,248.101,184.72,0,100.222,86.0803,1.8589
7007,219.404,174.366,237.895,345.943,248.474,184.757,0,108.979,110.425,2.01327
7008,202.503,275.943,380.225,586.042,312.708,818.005,0,172.464,30.039,1.17418
7009,62.6996,70.3341,165.909,558.968,139.937,611.122,0,43.9588,18.7408,1.42633
7010,21,26.5802,327.746,188.352,349.822,174.649,0,16.6126,4.38739,1.2641
7011,229.305,248.745,318.435,543.459,144.698,615.604,0,155.466,73.8393,1.47496
7012,52.3998,64.429,118.91,565.699,139.887,611.178,0,40.2681,12.1316,1.30127
7013,71.2995,76.6517,577.566,126.986,653.522,129.856,0,47.9073,23.3922,1.48828
7014,296.509,89.9408,446.815,346.882,444.704,332.166,1,56.213,240.296,5.27474
7015,22.3,27.8244,574.896,835.174,602.428,833.333,0,17.3903,4.90977,1.28233
7016,43.4999,47.5036,580.022,780.031,611.071,754.968,0,29.6897,13.8102,1.46515
7017,296.509,317.392,326.813,462.892,71.7312,404.927,1,198.37,98.139,1.49473
7018,59.0997,70.6723,187.132,583.56,144.751,616.219,0,44.1702,14.9295,1.338
7019,217.404,203.545,492.813,415.522,630.312,334.061,0,127.216,90.1884,1.70894
7020,134.199,118.39,249.342,611.844,144.781,615.937,0,73.9937,60.2053,1.81366
7021,49.3998,41.3257,257.952,225.041,249.72,185.206,0,25.8285,23.5713,1.91261
7022,3.6,2.92909,253.139,173.792,251.91,176.451,0,1.83068,1.76932,1.96648
7023,201.803,207.027,494.1,412.072,630.262,334.055,0,129.392,72.4115,1.55963
7024,24.2001,22.525,594.948,602.091,613.233,612.765,0,14.0781,10.1219,1.71898
7025,167.001,182.795,225.698,498.28,139.944,611.105,0,114.247,52.7544,1.46176
7026,182.402,161.693,210.537,319.44,248.931,185.028,0,101.058,81.3441,1.80493
7027,24.9001,29.1388,409.842,106.888,405.866,78.1815,0,18.2117,6.68833,1.36725
7028,210.604,178.963,268.499,343.542,249.882,185.114,0,111.852,98.7516,1.88288
7029,237.305,325.824,397.662,549.385,312.655,818.016,0,203.64,33.6654,1.16532
7030,154,177.282,513.858,200.773,647.691,191.68,0,110.801,43.1989,1.38988
7031,72.6995,86.6938,227.45,268.265,249.336,185.173,0,54.1836,18.5159,1.34172
7032,114.599,153.016,393.917,706.692,312.69,817.952,0,95.6351,18.9637,1.19829
7033,296.509,222.339,479.45,492.671,593.915,493.753,1,138.962,157.547,2.13375
7034,53.8997,71.1477,549.179,809.111,602.422,833.252,0,44.4673,9.43241,1.21212
7035,103.699,136.496,533.448,189.551,647.864,191.398,0,85.3102,18.3887,1.21555
7036,130.099,143.692,321.464,280.479,349.571,174.573,0,89.8077,40.2911,1.44864
7037,296.509,311.834,378.906,455.931,342.447,182.964,1,194.896,101.613,1.52137
7038,296.509,255.038,456.021,477.332,610.353,541.008,1,159.399,137.11,1.86017
7039,119.399,103.522,209.187,263.633,249.156,185.089,0,64.7014,54.6974,1.84538
7040,24.5001,26.4301,277.427,191.9,253.224,183.306,0,16.5188,7.98126,1.48316
7041,171.301,183.558,220.755,490.663,139.861,611.095,0,114.723,56.5778,1.49317
7042,32.3001,29.8864,97.3801,400.843,67.7761,404.974,0,18.679,13.6211,1.72922
7043,220.004,205.64,477.75,537.216,613.153,612.626,0,128.525,91.4791,1.71176
7044,134.799,128.818,281.916,295.726,250.03,184.991,0,80.5112,54.2878,1.67429
7045,144,140.004,487.699,588.348,613.277,613.192,0,87.5023,56.4973,1.64567
7046,122.599,126.71,277.253,299.757,249.423,185.184,0,79.194,43.4047,1.54808
7047,151,130.777,488.72,606.303,613.181,612.985,0,81.7356,69.2644,1.84742
7048,171.101,170.234,495.715,313.553,630.377,334.059,0,106.396,64.7053,1.60816
7049,92.4992,90.9733,164.882,535.69,139.852,611.073,0,56.8583,35.6408,1.62684
7050,0,0,650.016,190.39,650.016,190.39,0,0,0,0
7051,8.3,9.3401,252.956,193.796,249.988,184.94,0,5.83756,2.46244,1.42183
7052,104.399,98.2614,129.972,529.042,139.851,611.135,0,61.4133,42.9856,1.69994
7053,4.9,4.10776,602.289,810.898,606.224,812.076,0,2.56735,2.33265,1.90858
7054,4.2,3.69661,607.72,756.635,611.215,755.434,0,2.31038,1.88961,1.81788
7055,141.799,168.767,323.835,318.754,250.574,184.812,0,105.479,36.32,1.34433
7056,22.9001,27.8739,601.62,727.671,612.087,752.659,0,17.4212,5.47887,1.31449
7057,189.702,171.377,234.78,394.996,67.8074,404.975,0,107.11,82.5919,1.77109
7058,163.201,145.425,480.126,153.315,356.11,173.633,0,90.8907,72.31,1.79557
7059,223.404,205.042,478.245,536.323,613.159,612.565,0,128.151,95.253,1.74328
7060,125.799,158.536,285.028,690.011,149.511,693.284,0,99.0849,26.7137,1.2696
7061,103.499,107.155,247.984,630.83,144.676,615.619,0,66.9719,36.5271,1.54541
7062,243.706,260.632,309.89,356.024,250.227,184.97,0,162.895,80.8109,1.49609
7063,203.603,197.223,480.656,391.988,630.36,334.069,0,123.264,80.3391,1.65176
7064,154,133.225,195.001,395.086,67.8384,405.331,0,83.2653,70.7349,1.84951
7065,98.3991,128.791,352.494,698.074,312.775,818.029,0,80.4941,17.905,1.22244
7066,182.302,204.798,373.629,343.087,349.49,174.474,0,127.998,54.3034,1.42425
7067,261.907,238.757,445.735,388.108,630.303,334.061,0,149.223,112.683,1.75513
7068,236.805,201.442,304.309,348.432,248.762,184.882,0,125.901,110.904,1.88088
7069,171.201,179.749,307.518,653.456,144.818,616.18,0,112.343,58.858,1.52391
7070,54.1997,62.2463,604.629,155.067,653.485,129.983,0,38.9039,15.2958,1.39317
7071,53.4998,62.5701,601.418,367.782,630.376,334.143,0,39.1063,14.3934,1.36806
7072,73.8994,84.8298,224.805,633.147,144.647,615.602,0,53.0186,20.8808,1.39384
7073,278.008,237.244,444.853,391.078,630.36,334.096,0,148.278,129.73,1.87491
7074,197.103,266.24,296.119,526.298,139.948,611.127,0,166.4,30.703,1.18451
7075,0,0,635.85,334.567,635.85,334.567,0,0,0,0
7076,20.9,25.4417,380.621,178.922,356.039,173.773,0,15.901,4.99899,1.31438
7077,138.399,146.222,369.684,267.283,349.89,174.839,0,91.3887,47.0105,1.5144
7078,254.306,222.734,460.342,334.037,356.194,173.417,0,139.209,115.097,1.82679
7079,131.399,138.045,529.495,146.088,653.529,130.051,0,86.2784,45.1204,1.52296
7080,32.2001,28.4177,95.5744,403.201,67.6693,405.528,0,17.7611,14.439,1.81296
7081,264.407,235.883,494.419,484.752,615.574,539.564,0,147.427,116.98,1.79348
7082,103.099,140.369,561.565,283.518,648.026,197.885,0,87.7307,15.3683,1.17518
7083,114.099,136.972,314.99,281.3,250.289,184.898,0,85.6072,28.4916,1.33282
7084,38,48.1391,402.114,166.029,356.019,173.761,0,30.0869,7.91306,1.26301
7085,296.009,324.933,378.425,455.456,349.82,174.721,0,203.083,92.9259,1.45758
7086,115.699,125.944,512.348,338.256,630.444,333.806,0,78.7148,36.984,1.46985
7087,146.9,171.493,360.211,664.596,312.298,818.065,0,107.183,39.7166,1.37055
7088,43.9999,57.0354,413.317,133.898,405.949,78.1583,0,35.6471,8.35276,1.23432
7089,73.8994,77.4585,269.894,259.306,249.67,185.243,0,48.4116,25.4879,1.52648
7090,56.5997,76.6344,211.631,694.526,152.652,701.799,0,47.8965,8.7032,1.18171
7091,226.605,153.161,496.041,629.873,613.153,613.033,0,95.7259,130.879,2.36722
7092,34.5,47.5438,618.442,254.282,635.942,282.457,0,29.7148,4.7852,1.16104
7093,20.5,24.0822,591.368,743.113,612.205,752.431,0,15.0514,5.44865,1.362
7094,113.599,140.088,582.438,423.498,615.659,539.691,0,87.5549,26.044,1.29746
7095,30.9001,39.6899,598.995,511.939,615.609,540.393,0,24.8062,6.09386,1.24566
7096,244.906,222.542,467.609,371.952,630.333,334.106,0,139.089,105.817,1.76079
7097,107.699,113.624,524.469,336.895,630.424,333.823,0,71.0147,36.6842,1.51657
7098,270.207,250.933,465.772,500.958,613.209,612.698,0,156.833,113.374,1.7229
7099,240.105,205.867,268.315,358.623,248.878,185.013,0,128.667,111.438,1.8661
7100,181.002,233.2,324.676,373.88,250.612,184.8,0,145.75,35.2516,1.24186
7101,177.602,167.007,532.631,536.373,613.225,612.898,0,104.379,73.2225,1.7015
7102,274.808,277.652,258.112,470.605,67.81,405.155,0,173.532,101.275,1.58361
7103,48.1998,45.7453,589.98,641.728,613.154,612.903,0,28.5908,19.609,1.68585
7104,105.499,123.66,347.534,274.68,349.528,174.571,0,77.2874,28.2116,1.36502
7105,8.5,9.6852,621.109,337.106,630.39,334.34,0,6.05325,2.44675,1.4042
7106,32.0001,40.0577,300.362,791.945,312.018,818.248,0,25.0361,6.964,1.27816
7107,187.302,237.283,347.086,376.082,250.663,184.835,0,148.302,39.0006,1.26298
7108,147.1,156.141,499.543,354.411,630.306,334.082,0,97.5883,49.5115,1.50735
7109,177.002,206.602,367.384,353.249,349.484,174.472,0,129.126,47.8754,1.37076
7110,166.001,146.021,198.826,314.557,248.791,185.018,0,91.263,74.7379,1.81893
7111,33.0001,45.7629,607.57,302.189,630.316,334.086,0,28.6018,4.39826,1.15378
7112,181.102,138.805,283.449,312.052,249.878,185.098,0,86.7533,94.3485,2.08755
7113,128.899,132.241,320.105,258.054,349.558,174.614,0,82.6508,46.2479,1.55956
7114,215.704,207.566,423.881,314.725,355.752,174.327,0,129.729,85.975,1.66273
7115,152.8,119.601,230.804,300.179,248.632,184.928,0,74.7503,78.0498,2.04414
7116,42.8999,54.8069,557.233,759.063,611.1,754.99,0,34.2543,8.64561,1.25239
7117,81.7993,111.698,583.876,269.736,647.914,197.823,0,69.8113,11.988,1.17172
7118,58.4997,82.7533,335.596,738.535,312.633,818.009,0,51.7208,6.77889,1.13107
7119,97.7991,106.923,426.367,227.851,355.842,174.305,0,66.8267,30.9724,1.46347
7120,57.1997,72.0423,559.417,342.676,630.253,334.114,0,45.0264,12.1733,1.27036
7121,231.905,159.333,490.095,636.251,613.292,613.185,0,99.5834,132.322,2.32875
7122,148.9,175.203,513.46,201.792,648.18,190.984,0,109.502,39.3979,1.35979
7123,37.4,47.1633,278.627,796.755,311.695,818.351,0,29.4771,7.92291,1.26878
7124,78.9994,88.8971,272.677,768.939,310.747,818.759,0,55.5607,23.4387,1.42186
7125,186.602,154.984,470.678,612.53,613.17,613.03,0,96.8652,89.737,1.92641
7126,189.902,191.518,443.402,310.769,355.709,174.322,0,119.698,70.2039,1.58651
7127,144.1,155.33,334.395,297.22,349.821,174.712,0,97.0813,47.0183,1.48432
7128,22.3,26.8538,382.568,174.222,355.946,173.628,0,16.7836,5.51642,1.32868
7129,48.4998,50.5082,301.165,184.821,253.228,183.412,0,31.5676,16.9322,1.53638
7130,110.199,130.946,513.654,718.332,612.116,752.684,0,81.8411,28.3578,1.3465
7131,287.908,296.922,268.133,462.202,67.6704,405.456,0,185.576,102.332,1.55143
7132,10.7,11.1693,640.649,206.193,648.068,197.975,0,6.9808,3.7192,1.53278
7133,31.2001,36.3926,391.42,179.613,355.976,173.737,0,22.7454,8.45469,1.37171
7134,296.509,99.5001,580.881,291.004,589.646,289.692,1,62.1876,234.321,4.76798
7135,177.502,140.765,289.84,309.22,250.369,184.875,0,87.9784,89.5233,2.01756
7136,296.509,272.207,419.88,437.532,612.778,539.716,1,170.129,126.38,1.74284
7137,163.001,216.35,504.117,262.959,648.084,197.949,0,135.219,27.7821,1.20546
7138,22.7001,26.4009,140.466,646.944,139.944,620.93,0,16.5006,6.19947,1.37571
7139,132.899,124.302,187.742,391.438,67.8317,405.152,0,77.6887,55.2102,1.71066
7140,53.1998,61.4848,268.997,242.721,250.335,184.918,0,38.428,14.7717,1.3844
7141,296.509,216.427,419.955,490.405,584.222,465.345,1,135.267,161.242,2.19202
7142,128.799,148.395,558.759,417.535,615.522,540.082,0,92.747,36.0516,1.38871
7143,156,132.031,281.832,290.944,250.243,184.91,0,82.5196,73.4807,1.89046
7144,2.8,1.99891,649.648,200.843,650.332,198.965,0,1.24932,1.55068,2.24122
7145,192.903,170.849,304.721,644.371,144.803,616.096,0,106.781,86.122,1.80653
7146,33.3001,40.8488,412.984,117.938,405.875,78.1406,0,25.5305,7.76956,1.30432
7147,36.3,48.7417,605.209,299.377,630.289,334.138,0,30.4636,5.83644,1.19159
7148,258.607,238.345,464.691,349.303,355.757,174.303,0,148.966,109.641,1.73602
7149,0,0,147.692,698.485,147.732,698.527,0,0,0,0
7150,244.406,193.044,453.205,639.374,613.245,613.041,0,120.652,123.754,2.0257
7151,64.6996,73.7433,198.18,637.821,144.827,615.965,0,46.0896,18.61,1.40378
7152,123.299,104.158,227.588,285.587,248.869,185.036,0,65.099,58.1997,1.89402
7153,296.509,254.684,402.84,609.081,602.73,613.089,1,159.177,137.331,1.86276
7154,125.699,121.737,126.164,509.554,139.664,611.115,0,76.0854,49.6132,1.65207
7155,102.699,132.585,514.439,719.31,612.026,753.091,0,82.8656,19.8334,1.23934
7156,153.2,194.497,328.498,343.834,250.614,184.818,0,121.561,31.6393,1.26028
7157,162.501,159.909,173.247,334.438,67.8495,404.98,0,99.9431,62.5576,1.62593
7158,91.8992,99.1457,555.861,123.396,653.538,129.928,0,61.966,29.9331,1.48306
7159,61.5996,68.4406,160.587,559.239,139.935,611.167,0,42.7754,18.8243,1.44007
7160,13.6,14.6359,404.99,92.4819,405.925,78.1273,0,9.14743,4.45259,1.48676
7161,121.999,119.117,152.524,496.657,140.09,611.059,0,74.4482,47.5505,1.63871
7162,199.703,265.339,259.802,540.56,139.933,611.174,0,165.837,33.8663,1.20421
7163,149.5,150.295,504.277,118.753,653.636,130.249,0,93.9341,55.5658,1.59154
7164,0,0,644.263,284.563,644.263,284.563,0,0,0,0
7165,205.603,176.291,449.612,277.734,355.788,174.337,0,110.182,95.4214,1.86604
7166,200.803,259.278,384.024,602.114,312.727,818.033,0,162.049,38.7543,1.23915
7167,296.509,239.909,484.507,484.305,608.916,540.544,1,149.943,146.566,1.97747
7168,75.1994,67.1237,300.02,762.289,311.333,818.505,0,41.9523,33.2471,1.7925
7169,296.509,53.0378,534.051,279.371,533.355,279.444,1,33.1486,263.36,8.94483
7170,70.5995,72.2584,599.218,685.535,612.416,751.929,0,45.1615,25.438,1.56327
7171,50.0998,52.7218,99.0089,433.291,67.67,404.92,0,32.9512,17.1487,1.52043
7172,7.7,7.77024,639.024,195.802,646.585,194.321,0,4.8564,2.84359,1.58554
7173,30.9001,36.9115,408.577,114.723,405.927,78.1594,0,23.0697,7.83041,1.33942
7174,164.901,191.252,387.815,668.839,313.118,818.106,0,119.533,45.3681,1.37955
7175,15.8,18.6888,85.6294,400.363,67.7672,404.968,0,11.6805,4.11955,1.35269
7176,0,0,62.2831,402.306,62.2831,402.306,0,0,0,0
7177,26.9001,35.3568,316.477,183.7,350.383,174.978,0,22.098,4.80206,1.21731
7178,113.999,138.181,367.565,255.681,349.535,174.557,0,86.3629,27.6359,1.32
7179,142.199,138.703,267.117,615.996,144.775,615.762,0,86.6892,55.5103,1.64034
7180,143.2,171.503,540.796,234.664,648.376,190.85,0,107.189,36.0102,1.33595
7181,215.204,177.412,216.566,331.333,249.149,185.091,0,110.882,104.322,1.94083
7182,175.502,185.416,230.481,540.423,139.837,611.104,0,115.885,59.6168,1.51445
7183,242.806,213.533,423.58,321.133,356.079,173.576,0,133.458,109.347,1.81934
7184,106.599,132.375,234.53,771.902,152.779,701.771,0,82.7344,23.8646,1.28845
7185,135.499,178.921,296.752,710.11,149.401,693.364,0,111.826,23.6735,1.2117
7186,95.7991,91.2223,534.232,600.16,613.162,612.65,0,57.0139,38.7852,1.68028
7187,135.099,143.401,511.47,119.961,653.634,129.742,0,89.6255,45.4735,1.50737
7188,36.6,42.0536,576.216,771.598,611.062,755.297,0,26.2835,10.3165,1.39251
7189,246.306,281.117,370.539,562.751,144.729,615.751,0,175.698,70.6079,1.40187
7190,296.509,226.597,373.552,500.715,550.197,453.45,1,141.623,154.886,2.09365
7191,235.305,198.462,545.052,509.295,613.221,613.045,0,124.039,111.267,1.89703
7192,24.8001,30.9126,597.523,726.179,612.419,752.049,0,19.3204,5.47969,1.28362
7193,50.5998,58.0358,596.56,697.183,612.451,751.818,0,36.2724,14.3274,1.39499
7194,235.705,235.847,464.824,255.831,356.05,173.584,0,147.405,88.3006,1.59904
7195,69.8995,101.548,571.157,237.188,647.921,197.779,0,63.4676,6.43193,1.10134
7196,105.599,116.348,246.912,643.594,144.815,616.138,0,72.7172,32.8818,1.45219
7197,40.8999,47.1217,556.149,830.222,602.397,833.251,0,29.451,11.4489,1.38874
7198,59.3997,77.3787,213.904,678.906,149.395,693.286,0,48.3617,11.038,1.22824
7199,104.699,119.46,179.729,255.399,248.262,184.727,0,74.6626,30.0364,1.40229
7200,256.406,259.491,467.179,500.396,613.198,612.62,0,162.182,94.2243,1.58098
7201,123.499,120.713,497.145,602.825,613.172,612.65,0,75.4457,48.053,1.63692
7202,227.905,207.609,252.384,377.082,67.7095,404.919,0,129.756,98.1491,1.75642
7203,224.805,205.004,457.831,298.66,355.819,174.339,0,128.128,96.6767,1.75453
7204,176.702,155.518,465.195,600.442,613.281,613.066,0,97.1985,79.503,1.81794
7205,148.3,133.226,489.207,610.526,613.333,612.539,0,83.266,65.0338,1.78104
7206,34.5,37.4002,616.556,132.905,653.572,129.965,0,23.3751,11.1249,1.47593
7207,205.803,173.475,208.004,352.468,67.7727,404.965,0,108.422,97.3816,1.89817
7208,47.9998,44.7159,259.63,228.146,249.94,185.074,0,27.9474,20.0524,1.7175
7209,177.102,216.358,352.138,621.29,312.333,818.098,0,135.224,41.878,1.30969
7210,68.6995,82.8655,333.282,237.133,349.888,174.744,0,51.791,16.9086,1.32648
7211,173.401,121.849,195.042,263.122,248.61,184.888,0,76.1559,97.2455,2.27693
7212,84.6993,90.1109,310.371,741.244,311.511,818.416,0,56.3193,28.38,1.50391
7213,262.507,247.91,447.168,399.907,630.263,334.115,0,154.944,107.563,1.69421
7214,203.903,216.207,386.606,337.417,349.902,174.802,0,135.129,68.7738,1.50895
7215,212.204,173.848,267.495,342.513,249.948,185.132,0,108.655,103.549,1.95301
7216,267.007,254.38,237.871,471.183,67.7441,405.293,0,158.988,108.019,1.67942
7217,38.2,40.3518,292.146,183.894,253.346,182.98,0,25.2199,12.9801,1.51468
7218,33.7001,36.8556,576.296,817.093,602.374,833.32,0,23.0348,10.6653,1.46301
7219,130.299,173.808,409.559,701.714,313.276,818.212,0,108.63,21.6687,1.19947
7220,37.1,39.0979,610.371,184.877,648.2,190.859,0,24.4362,12.6638,1.51824
7221,141.099,146.067,508.174,120.723,653.554,129.953,0,91.2917,49.8078,1.54559
7222,227.905,223.637,489.538,273.125,356.077,173.408,0,139.773,88.1318,1.63054
7223,165.801,208.462,419.929,692.856,312.839,817.988,0,130.289,35.512,1.27256
7224,21,25.2097,159.229,602.937,144.764,615.878,0,15.756,5.24401,1.33283
7225,254.306,317.873,315.484,489.024,139.908,611.095,0,198.67,55.6359,1.28004
7226,46.9999,39.893,590.915,636.197,613.34,613.169,0,24.9331,22.0668,1.88504
7227,28.3001,29.3682,585.05,604.465,613.323,612.436,0,18.3551,9.94495,1.54181
7228,78.7994,107.936,351.961,719.66,312.775,817.985,0,67.4598,11.3395,1.16809
7229,156,166.033,502.382,136.639,653.49,129.779,0,103.771,52.2298,1.50332
7230,21.6,22.0284,594.563,603.825,613.204,612.569,0,13.7677,7.83231,1.56889
7231,194.503,177.82,296.267,333.079,250.119,185.032,0,111.138,83.3652,1.75011
7232,113.899,140.554,545.623,460.044,615.502,539.961,0,87.8465,26.0523,1.29657
7233,115.099,105.49,219.665,284.031,248.447,184.826,0,65.9311,49.1678,1.74575
7234,100.799,107.842,426.835,227.867,356.127,173.631,0,67.401,33.398,1.49551
7235,237.505,304.849,339.89,430.607,250.342,184.937,0,190.531,46.9747,1.24655
7236,26.6001,30.2769,386.076,175.143,356.013,173.794,0,18.923,7.67703,1.4057
7237,51.0998,67.3888,552.437,812.237,602.47,833.275,0,42.118,8.98177,1.21325
7238,119.199,127.869,204.685,534.22,139.953,611.102,0,79.9184,39.2804,1.49151
7239,210.704,245.525,277.196,527.963,144.7,615.693,0,153.453,57.2504,1.37308
7240,211.704,220.224,482.416,462.536,615.601,539.687,0,137.64,74.0636,1.5381
7241,107.099,146.241,272.192,675.673,149.452,693.315,0,91.4004,15.6985,1.17176
7242,68.0995,80.6207,540.464,607.975,613.203,612.56,0,50.3879,17.7116,1.35151
7243,36.4,37.5036,284.09,201.342,252.34,184.023,0,23.4398,12.9603,1.55292
7244,221.704,170.098,233.679,344.53,248.952,185.029,0,106.311,115.393,2.08543
7245,278.308,245.852,484.686,488.226,615.632,539.632,0,153.657,124.651,1.81122
7246,207.003,231.541,483.205,348.645,630.292,334.149,0,144.713,62.2903,1.43044
7247,296.509,235.838,459.451,469.045,601.915,525.954,1,147.399,149.11,2.01161
7248,176.002,171.164,463.506,575.779,613.242,612.573,0,106.978,69.024,1.64522
7249,59.6997,73.5016,542.019,761.591,611.127,755.252,0,45.9385,13.7612,1.29956
7250,111.999,148.463,274.576,673.842,149.456,693.265,0,92.7894,19.2095,1.20702
7251,143.9,137.137,553.367,549,613.155,612.597,0,85.7105,58.1891,1.6789
7252,78.5994,91.358,117.131,455.651,67.8143,405.319,0,57.0988,21.5006,1.37655
7253,296.509,195.644,417.773,511.214,546.713,445.336,1,122.278,174.231,2.42488
7254,296.509,105.893,188.275,656.523,174.782,659.051,1,66.1832,230.326,4.48012
7255,119.399,146.638,571.233,413.816,615.5,540.165,0,91.6489,27.7499,1.30278
7256,176.502,200.772,497.652,452,615.54,539.939,0,125.483,51.0188,1.40658
7257,59.1997,76.6741,588.483,476.688,615.495,539.882,0,47.9213,11.2783,1.23535
7258,271.607,237.26,267.517,410.433,67.6769,405.496,0,148.288,123.32,1.83162
7259,258.307,250.8,453.445,462.327,615.565,540.048,0,156.75,101.557,1.64789
7260,296.509,223.019,398.446,509.468,566.499,449.956,1,139.387,157.122,2.12724
7261,137.599,118.93,252.126,287.268,249.264,185.203,0,74.331,63.2682,1.85117
7262,89.8992,102.658,348.888,240.433,349.492,174.491,0,64.1615,25.7377,1.40114
7263,136.599,169.157,338.653,659.615,313.102,818.108,0,105.723,30.8762,1.29205
7264,15.7,17.0511,156.917,610.586,144.788,615.955,0,10.6569,5.0431,1.47322
7265,72.9995,74.4884,601.794,684.371,612.358,751.958,0,46.5552,26.4442,1.56802
7266,54.4997,64.7653,268.839,246.121,250.284,184.873,0,40.4783,14.0214,1.34639
7267,227.705,307.142,387.497,569.396,312.645,818.001,0,191.964,35.741,1.18619
7268,249.706,280.148,359.031,552.971,144.722,615.651,0,175.092,74.6138,1.42614
7269,108.799,107.776,166.054,383.75,67.7719,405.022,0,67.3598,41.4391,1.61519
7270,11,11.0823,600.151,803.456,606.958,810.615,0,6.92641,4.07359,1.58812
7271,159.601,157.363,207.173,360.743,67.8023,405.17,0,98.3519,61.2486,1.62275
7272,88.2992,98.0397,276.85,278.38,249.648,185.213,0,61.2748,27.0244,1.44104
7273,106.099,115.294,280.182,739.359,311.259,818.58,0,72.0588,34.0401,1.47239
7274,96.6991,96.3542,608.352,708.613,612.39,751.935,0,60.2214,36.4777,1.60573
7275,263.807,227.608,481.224,368.314,630.297,334.148,0,142.255,121.552,1.85447
7276,79.7994,107.236,243.495,684.721,149.348,693.291,0,67.0223,12.7771,1.19064
7277,132.099,131.517,482.548,181.626,356.049,173.573,0,82.1982,49.9007,1.60708
7278,296.509,215.22,419.042,509.768,572.342,450.31,1,134.513,161.996,2.20432
7279,175.902,157.795,507.182,680.777,613.283,613.151,0,98.6217,77.2798,1.7836
7280,220.904,306.761,390.986,566.722,312.648,817.965,0,191.726,29.1787,1.15219
7281,47.9998,57.4085,611.743,159.629,648.422,190.805,0,35.8803,12.1195,1.33778
7282,102.199,106.492,163.833,513.156,139.853,611.136,0,66.5577,35.6413,1.53549
7283,22.5,27.8829,316.277,790.646,312.666,818.021,0,17.4268,5.07325,1.29112
7284,227.205,218.373,389.551,339.839,349.465,174.513,0,136.483,90.7218,1.66471
7285,56.0997,71.1405,589.528,482.433,615.658,540.653,0,44.4628,11.6369,1.26172
7286,110.299,111.515,549.346,576.974,613.235,612.604,0,69.6967,40.6022,1.58255
7287,296.509,314.385,325.33,460.81,74.4875,405.238,1,196.491,100.018,1.50902
7288,91.6992,106.515,226.306,754.478,152.795,701.835,0,66.5718,25.1274,1.37745
7289,132.699,157.956,613.598,425.553,615.497,539.859,0,98.7224,33.9765,1.34416
7290,280.208,210.93,427.36,633.143,613.341,613.118,0,131.831,148.377,2.12551
7291,157.9,176.353,342.371,316.02,349.608,174.598,0,110.22,47.68,1.43259
7292,89.4992,91.6823,381.733,203.901,356.098,173.418,0,57.3015,32.1978,1.5619
7293,198.203,210.635,390.037,326.887,349.99,174.805,0,131.647,66.5559,1.50556
7294,24.0001,30.2734,623.387,213.893,648.349,198.095,0,18.9208,5.07921,1.26845
7295,146.6,131.802,297.076,293.977,249.982,185.036,0,82.3763,64.2235,1.77964
7296,128.399,143.501,327.345,268.996,349.849,174.729,0,89.6882,38.7104,1.43161
7297,192.703,150.917,217.386,405.538,67.6573,405.491,0,94.3232,98.3794,2.043
7298,207.303,280.26,289.764,495.983,139.874,611.203,0,175.163,32.1407,1.18349
7299,17.9,21.4766,413.914,98.0017,406.187,78.1188,0,13.4228,4.47718,1.33355
7300,287.508,354.401,359.773,490.611,144.718,616.245,0,221.501,66.0078,1.298
7301,233.105,272.233,346.511,550.51,144.766,616.033,0,170.145,62.9597,1.37003
7302,75.9994,74.3145,422.647,153.736,355.754,174.231,0,46.4465,29.5529,1.63628
7303,231.105,210.284,471.567,399.315,630.36,334.067,0,131.427,99.6774,1.75842
7304,256.106,268.179,436.059,367.534,356.117,173.461,0,167.612,88.4943,1.52797
7305,64.8996,71.4304,418.042,150.64,356.024,173.616,0,44.644,20.2556,1.45371
7306,83.4993,89.3291,307.057,738.397,311.273,818.508,0,55.8307,27.6686,1.49558
7307,127.599,152.574,537.257,216.085,648.455,190.865,0,95.3588,32.2398,1.33809
7308,210.004,227.836,499.03,476.711,615.467,540.12,0,142.398,67.606,1.47477
7309,43.3999,53.0449,408.912,130.615,405.852,78.1189,0,33.153,10.2469,1.30908
7310,130.899,145.542,368.448,268.707,349.827,174.729,0,90.9638,39.935,1.43902
7311,242.906,210.358,476.125,267.548,355.609,174.35,0,131.474,111.432,1.84756
7312,266.007,256.465,450.438,411.804,615.632,539.632,0,160.291,105.716,1.65953
7313,94.9991,123.156,365.558,713.587,312.772,817.996,0,76.9722,18.0269,1.2342
7314,15.7,16.4649,83.8136,406.716,67.6861,405.527,0,10.2906,5.40947,1.52567
7315,141.499,121.246,188.393,401.554,67.6684,405.453,0,75.779,65.7205,1.86727
7316,155.9,134.786,526.298,648.555,613.308,613.185,0,84.2411,71.6592,1.85064
7317,119.999,157.485,360.272,676.319,313.204,818.212,0,98.4279,21.5708,1.21915
7318,82.9993,75.4166,603.574,684.056,612.35,752.042,0,47.1354,35.8639,1.76087
7319,4.8,4.65901,608.54,612.61,613.165,612.801,0,2.91188,1.88811,1.64842
7320,101.999,140.429,558.037,276.933,647.873,197.759,0,87.7681,14.2309,1.16214
7321,20.3,19.8346,261.852,200.952,252.823,183.879,0,12.3966,7.90342,1.63755
7322,296.509,244.59,451.697,480.983,603.995,531.171,1,152.869,143.64,1.93963
7323,15.1,16.3582,614.293,332.183,630.3,334.051,0,10.2239,4.87612,1.47693
7324,233.205,197.786,250.481,405.516,67.664,404.855,0,123.616,109.589,1.88653
7325,223.904,235.377,460.832,430.127,615.475,539.811,0,147.111,76.7937,1.52201
7326,37.4,43.3455,407.014,121.2,405.746,78.1709,0,27.0909,10.3091,1.38054
7327,55.3997,67.9144,329.298,222.622,349.996,174.815,0,42.4465,12.9532,1.30517
7328,296.509,73.0129,483.06,357.429,482.786,366.375,1,45.633,250.876,6.49768
7329,83.3993,93.5288,313.706,237.212,349.915,174.639,0,58.4555,24.9438,1.42671
7330,216.704,174.183,205.111,341.658,67.6586,404.93,0,108.865,107.839,1.99058
7331,52.3998,43.1483,253.753,227.833,249.962,185.004,0,26.9677,25.4321,1.94306
7332,127.199,158.404,285.847,690.416,149.304,693.305,0,99.0023,28.1964,1.28481
7333,130.499,133.142,225.828,591.307,144.775,615.762,0,83.2139,47.2848,1.56823
7334,202.703,199.486,404.604,307.846,355.807,174.338,0,124.679,78.0245,1.6258
7335,119.399,150.209,312.868,695.65,312.206,818.154,0,93.8803,25.5184,1.27182
7336,191.502,194.311,473.091,304.702,630.313,334.051,0,121.445,70.0578,1.57687
7337,200.003,215.221,348.893,352.057,349.873,174.733,0,134.513,65.4902,1.48687
7338,20.7,24.0129,587.579,754.866,611.052,755.247,0,15.0081,5.69199,1.37926
7339,221.404,291.694,277.281,488.647,139.915,611.084,0,182.309,39.0954,1.21445
7340,42.2999,51.5136,561.46,759.852,611.342,754.749,0,32.196,10.104,1.31383
7341,20,22.0462,248.65,207.085,249.266,185.139,0,13.7789,6.22117,1.4515
7342,207.903,186.483,532.409,523.82,613.349,612.425,0,116.552,91.3517,1.78379
7343,139.699,145.756,518.256,136.053,653.557,129.953,0,91.0975,48.6019,1.53352
7344,276.508,239.885,261.055,441.015,67.6535,404.862,0,149.928,126.579,1.84427
7345,259.507,240.94,458.998,461.89,615.571,539.648,0,150.587,108.919,1.7233
7346,77.7994,83.8482,576.698,141.647,653.459,130.05,0,52.4051,25.3943,1.48458
7347,111.699,116.12,560.127,384.855,630.266,334.256,0,72.5749,39.124,1.53908
7348,48.3998,41.3085,283.017,210.86,252.846,183.858,0,25.8178,22.582,1.87467
7349,9.8,11.7889,155.697,620.112,144.41,616.719,0,7.36808,2.43192,1.33006
7350,201.903,170.188,189.595,320.394,248.268,184.743,0,106.368,95.5356,1.89816
7351,194.903,260.138,392.754,633.686,312.402,818.137,0,162.586,32.3163,1.19876
7352,167.701,143.209,493.595,649.461,613.193,613.014,0,89.5059,78.1952,1.87363
7353,117.199,142.191,584.24,423.22,615.634,539.638,0,88.8695,28.3293,1.31877
7354,88.5992,123.33,337.144,698.768,312.305,818.135,0,77.0812,11.518,1.14943
7355,147.3,175.827,358.249,659.403,313.025,818.114,0,109.892,37.4082,1.34041
7356,43.2999,52.6567,576.592,784.26,606.36,811.71,0,32.9104,10.3895,1.31569
7357,149.2,174.823,518.128,440.329,615.528,540.048,0,109.265,39.9353,1.36549
7358,107.499,146.626,556.391,271.139,647.935,197.744,0,91.6413,15.8576,1.17304
7359,31.6001,31.4467,282.142,194.73,253.197,183.417,0,19.6542,11.9459,1.6078
7360,252.706,194.652,450.795,623.35,613.295,613.16,0,121.658,131.049,2.07719
7361,175.101,191.645,216.609,479.471,140.174,611.169,0,119.778,55.3235,1.46188
7362,25.0001,30.3815,602.015,333.346,630.371,334.109,0,18.9884,6.01164,1.31659
7363,296.509,246.163,482.453,484.573,605.923,539.425,1,153.852,142.657,1.92724
7364,3.8,2.85866,603.133,813.019,605.965,812.828,0,1.78667,2.01333,2.12687
7365,158.3,133.479,162.227,439.075,67.6587,405.492,0,83.4245,74.876,1.89753
7366,232.705,227.084,458.494,377.123,630.251,334.146,0,141.927,90.7775,1.6396
7367,124.499,154.288,281.837,689.56,149.456,693.323,0,96.43,28.0687,1.29108
7368,220.404,232.202,462.514,434.825,615.526,539.781,0,145.127,75.2777,1.5187
7369,26.2001,32.4741,136.495,652.622,139.88,620.878,0,20.2963,5.90374,1.29088
7370,86.6992,105.085,219.887,651.607,144.789,616.172,0,65.678,21.0212,1.32006
7371,120.299,145.233,533.179,181.047,647.764,191.651,0,90.7705,29.5282,1.32531
7372,151.5,142.193,244.734,318.654,249.532,185.232,0,88.8707,62.6294,1.70472
7373,230.705,195.116,260.595,355.912,248.864,185.042,0,121.947,108.758,1.89184
7374,296.509,231.18,484.642,486.026,604.468,532.835,1,144.488,152.021,2.05214
7375,276.608,287.947,410.726,396.159,349.281,174.542,0,179.967,96.6405,1.53699
7376,147.4,147.6,179.058,348.976,67.7991,405.016,0,92.2499,55.1499,1.59783
7377,92.3992,110.265,568.306,171.372,653.508,130.047,0,68.9156,23.4836,1.34076
7378,16.6,18.2176,612.116,334.353,630.33,334.106,0,11.386,5.21405,1.45794
7379,194.603,145.321,478.991,162.222,355.791,174.21,0,90.8258,103.777,2.14259
7380,202.403,197.765,478.79,392.393,630.253,334.055,0,123.603,78.8001,1.63753
7381,2.6,1.84904,69.0886,407.094,67.3849,406.376,0,1.15565,1.44435,2.24982
7382,76.8994,91.2931,186.967,560.634,139.938,611.077,0,57.0582,19.8412,1.34774
7383,296.509,240.972,90.2113,458.76,89.1781,459.773,1,150.608,145.901,1.96875
7384,64.0996,93.7616,577.034,254.558,648.005,197.934,0,58.601,5.49861,1.09383
7385,114.699,122.302,217.87,604.645,144.83,615.993,0,76.4388,38.26,1.50053
7386,119.199,118.176,538.724,658.253,613.222,612.633,0,73.8603,45.3384,1.61384
7387,123.399,138.864,349.103,289.482,349.982,174.829,0,86.7898,36.6089,1.42181
7388,83.4993,112.227,324.793,712.991,312.566,817.995,0,70.1421,13.3572,1.19043
7389,53.2998,66.8561,411.208,143.869,405.948,78.1685,0,41.785,11.5147,1.27557
7390,236.405,250.718,364.235,397.041,349.901,174.675,0,156.699,79.7066,1.50866
7391,180.402,186.787,408.351,297.945,355.814,174.334,0,116.742,63.6597,1.5453
7392,148.8,164.666,238.118,572.384,144.688,615.657,0,102.916,45.8837,1.44584
7393,217.004,189.687,230.68,350.548,248.556,184.797,0,118.554,98.4496,1.83042
7394,164.401,149.898,506.937,673.476,613.294,613.07,0,93.6866,70.7143,1.7548
7395,172.901,152.938,187.524,307.596,248.061,184.659,0,95.5861,77.3153,1.80885
7396,242.506,243.86,459.708,459.085,615.512,540.003,0,152.413,90.0929,1.59111
7397,240.906,207.094,476.864,270.399,355.6,174.308,0,129.434,111.472,1.86123
7398,66.6996,73.9267,271.001,779.418,310.561,818.799,0,46.2042,20.4954,1.44358
7399,151.3,182.868,311.395,324.008,250.708,184.842,0,114.293,37.0075,1.3238
7400,146.3,134.93,501.971,651.074,613.237,612.627,0,84.331,61.9688,1.73483
7401,228.405,241.776,368.196,387.312,349.465,174.556,0,151.11,77.2949,1.51151
7402,214.204,230.22,466.162,426.458,615.607,539.636,0,143.887,70.3165,1.48869
7403,214.404,265.831,333.802,394.767,250.604,184.762,0,166.144,48.2597,1.29047
7404,296.509,216.495,405.285,487.722,580.012,454.201,1,135.31,161.199,2.19134
7405,216.304,175.347,464.092,643.226,613.26,613.096,0,109.592,106.712,1.97372
7406,35.4,40.1366,174.601,632.547,144.742,615.835,0,25.0854,10.3147,1.41118
7407,296.209,302.097,434.561,562.728,613.239,612.614,0,188.811,107.398,1.56881
7408,153.4,188.331,388.214,672.279,312.672,818.045,0,117.707,35.6931,1.30324
7409,178.002,144.124,481.654,164.471,356.103,173.589,0,90.0776,87.924,1.97609
7410,43.2999,36.1174,592.409,631.237,613.296,613.141,0,22.5734,20.7265,1.91819
7411,239.805,209.854,468.991,385.801,630.315,334.079,0,131.159,108.647,1.82836
7412,55.3997,69.2346,269.918,250.134,250.23,184.976,0,43.2716,12.1281,1.28028
7413,64.8996,67.1033,269.152,248.744,250.118,185.001,0,41.9395,22.96,1.54746
7414,282.308,296.513,358.534,443.753,349.362,174.54,0,185.321,96.9871,1.52335
7415,0,0,61.6882,407.275,61.6882,407.275,0,0,0,0
7416,108.699,129.859,612.592,739.655,612.498,751.859,0,81.1619,27.537,1.33929
7417,61.2996,67.1421,596.153,688.245,612.383,751.851,0,41.9638,19.3358,1.46077
7418,142.9,156.651,231.63,569.844,144.847,615.847,0,97.9069,44.9927,1.45955
7419,155.7,117.592,226.509,299.003,248.67,184.876,0,73.4951,82.2052,2.11851
7420,163.801,196.353,525.399,506.124,615.533,539.893,0,122.721,41.0799,1.33474
7421,296.509,93.3951,585.828,320.234,581.171,325.651,1,58.372,238.137,5.07965
7422,121.299,130.542,355.099,270.18,349.93,174.789,0,81.5889,39.7098,1.48671
7423,145.8,151.605,286.063,625.77,144.841,616.246,0,94.7531,51.0466,1.53873
7424,119.499,150.128,277.51,675.759,149.599,693.218,0,93.8302,25.6686,1.27356
7425,87.9992,90.9731,555.002,324.63,630.278,333.95,0,56.8582,31.141,1.5477
7426,99.6991,114.806,131.586,464.508,67.6989,405.514,0,71.7536,27.9454,1.38946
7427,173.701,180.444,430.475,303.629,355.745,174.294,0,112.777,60.9239,1.54021
7428,237.205,187.54,254.553,354.33,249.166,185.101,0,117.212,119.993,2.02372
7429,150.6,157.499,278.857,662.987,144.776,616.189,0,98.4367,52.1632,1.52992
7430,2.7,1.88146,606.448,817.819,607.586,816.323,0,1.17591,1.52409,2.29609
7431,50.9998,51.1391,593.24,647.212,613.312,613.2,0,31.9619,19.0378,1.59564
7432,133.399,133.18,522.69,672.733,613.278,613.078,0,83.2373,50.1616,1.60263
7433,37.5,36.7521,287.734,193.99,253.228,183.407,0,22.9701,14.5299,1.63256
7434,62.5996,69.8881,554.42,606.438,613.254,612.503,0,43.68,18.9196,1.43314
7435,273.307,250.608,289.434,431.75,67.6898,404.922,0,156.63,116.678,1.74493
7436,76.3994,90.1937,334.98,243.486,349.544,174.605,0,56.3711,20.0283,1.35529
7437,82.8993,83.8438,431.835,182.78,355.724,174.317,0,52.4023,30.497,1.58198
7438,259.407,256.888,428.774,393.613,630.316,334.132,0,160.555,98.8514,1.61568
7439,33.5001,44.0299,193.848,716.53,152.821,701.81,0,27.5187,5.9814,1.21736
7440,118.499,127.052,527.22,667.589,613.285,613.138,0,79.4077,39.091,1.49228
7441,6.1,5.56073,607.87,611.555,613.219,612.638,0,3.47546,2.62454,1.75516
7442,95.9991,131.767,343.753,695.995,312.335,818.084,0,82.3543,13.6449,1.16568
7443,265.307,299.815,326.707,493.843,144.75,615.858,0,187.385,77.9224,1.41584
7444,274.208,256.215,470.544,517.088,613.274,613.168,0,160.134,114.073,1.71236
7445,105.599,112.071,376.608,217.912,355.825,174.335,0,70.0441,35.5548,1.50761
7446,40.7,49.3398,280.999,794.299,311.933,818.304,0,30.8374,9.86256,1.31982
7447,201.303,163.136,500.249,160.469,355.996,173.611,0,101.96,99.3429,1.97433
7448,45.2999,57.3955,119.448,572.995,139.925,611.161,0,35.8722,9.4277,1.26281
7449,168.901,224.454,499.153,258.581,647.92,197.72,0,140.284,28.6172,1.20399
7450,258.807,238.064,478.212,480.421,615.574,539.651,0,148.79,110.016,1.73941
7451,123.899,157.239,507.536,695.765,612.457,751.821,0,98.2743,25.6244,1.26074
7452,69.4995,84.591,157.159,536.358,139.851,611.099,0,52.8693,16.6302,1.31455
7453,75.7994,89.6378,232.922,629.942,144.685,615.67,0,56.0236,19.7758,1.35299
7454,127.999,170.989,391.7,689.373,313.413,818.24,0,106.868,21.1302,1.19772
7455,63.8996,75.0194,576.241,348.948,630.266,334.095,0,46.8872,17.0124,1.36284
7456,110.699,154.028,547.656,287.095,647.969,197.946,0,96.2677,14.4312,1.14991
7457,30.7001,31.5212,234.249,211.052,249.06,185.032,0,19.7007,10.9993,1.55832
7458,45.8999,42.3007,294.414,187.004,253.192,183.276,0,26.438,19.4619,1.73614
7459,127.699,108.207,224.504,288.537,249.05,185.064,0,67.6291,60.0696,1.88822
7460,15.4,18.1225,593.122,754.149,611.141,755.164,0,11.3266,4.07345,1.35964
7461,181.302,213.215,382.446,641.317,312.281,818.057,0,133.259,48.0427,1.36052
7462,62.7996,82.9384,537.166,776.856,611.232,754.924,0,51.8365,10.9631,1.21149
7463,46.6999,54.9484,407.163,182.625,355.844,174.289,0,34.3427,12.3571,1.35982
7464,281.508,242.833,490.227,484.61,615.582,539.597,0,151.77,129.737,1.85483
7465,60.3997,71.1791,194.175,590.509,144.721,615.9,0,44.4869,15.9127,1.35769
7466,34.6,42.4974,409.962,120.12,405.853,78.1991,0,26.5609,8.03917,1.30267
7467,58.6997,59.6197,573.767,640.034,613.319,613.202,0,37.2623,21.4374,1.57531
7468,285.108,241.14,492.639,488.293,615.484,540.109,0,150.713,134.396,1.89174
7469,236.305,206.175,479.418,274.65,355.702,174.335,0,128.859,107.446,1.83382
7470,118.999,159.142,394.079,700.655,313.087,818.087,0,99.4638,19.535,1.1964
7471,97.4991,117.659,186.359,259.715,248.78,185.038,0,73.5368,23.9623,1.32585
7472,88.4992,101.215,197.087,562.028,139.972,611.149,0,63.2592,25.2401,1.39899
7473,124.099,147.349,527.567,194.314,647.832,191.696,0,92.0933,32.0054,1.34753
7474,22.1,27.1271,614.597,292.585,635.979,282.461,0,16.9544,5.1456,1.3035
7475,114.599,158.083,285.693,698.552,311.791,818.354,0,98.8021,15.7967,1.15988
7476,123.499,124.276,275.816,299.926,249.869,185.091,0,77.6725,45.8262,1.58999
7477,97.5991,106.412,284.717,282.23,249.848,185.113,0,66.5076,31.0914,1.46749
7478,20.6,25.1422,380.704,175.356,355.764,174.256,0,15.7139,4.88617,1.31095
7479,131.799,152.655,540.724,213.437,647.684,191.696,0,95.4095,36.3894,1.3814
7480,82.4993,90.2745,230.449,272.373,249.023,185.015,0,56.4215,26.0778,1.4622
7481,78.8994,72.7102,598.651,355.922,630.282,334.257,0,45.4438,33.4555,1.73619
7482,6.4,6.49044,357.961,180.429,355.387,174.444,0,4.05653,2.34347,1.5777
7483,217.904,257.26,331.303,389.019,250.023,185.003,0,160.787,57.1167,1.35523
7484,296.509,229.434,460.809,469.63,603.639,529.868,1,143.396,153.113,2.06776
7485,197.303,161.588,195.988,354.152,67.7802,404.974,0,100.993,96.3101,1.95363
7486,144.1,145.411,199.842,370.785,67.7391,404.841,0,90.882,53.2176,1.58557
7487,217.804,169.74,494.147,683.617,613.27,612.508,0,106.087,111.717,2.05306
7488,12.9,16.3091,638.086,135.664,653.466,130.248,0,10.1932,2.70683,1.26555
7489,95.7991,122.859,572.21,433.93,615.621,540.284,0,76.7868,19.0123,1.2476
7490,2.9,2.05235,654.212,200.475,653.411,198.585,0,1.28272,1.61728,2.26082
7491,166.801,147.642,178.767,349.588,67.7488,404.959,0,92.2759,74.525,1.80763
7492,156.3,208.458,512.824,259.682,647.912,197.741,0,130.286,26.0139,1.19967
7493,238.805,327.924,393.743,590.205,312.645,818.009,0,204.952,33.8529,1.16517
7494,283.108,319.339,328.772,473.696,144.816,615.775,0,199.587,83.521,1.41847
7495,88.7992,114.446,563.166,209.288,647.763,191.622,0,71.529,17.2702,1.24144
7496,64.6996,83.9327,536.073,778.264,611.057,755.03,0,52.4579,12.2417,1.23336
7497,66.5996,76.3655,556.639,339.142,630.263,334.069,0,47.7284,18.8711,1.39538
7498,15.6,20.5049,135.853,640.732,139.878,620.808,0,12.8156,2.78447,1.21727
7499,151.8,188.337,428.866,712.883,313.154,818.192,0,117.711,34.0895,1.2896
7500,56.0997,44.6014,256.24,229.82,249.937,185.135,0,27.8759,28.2239,2.01248
7501,165.901,165.617,193.637,341.552,67.708,404.875,0,103.511,62.3901,1.60274
7502,156.2,183.017,513.566,220.305,648.136,190.988,0,114.385,41.8148,1.36556
7503,147.3,175.876,541.917,238.034,647.835,191.687,0,109.923,37.377,1.34003
7504,92.2992,110.387,230.221,652.823,144.795,616.005,0,68.992,23.3072,1.33782
7505,54.7997,51.1874,263.598,234.619,249.844,185.079,0,31.9921,22.8076,1.71291
7506,6.9,7.40856,259.511,186.843,252.783,183.809,0,4.63035,2.26965,1.49017
7507,58.2997,59.8416,125.978,397.428,67.6497,404.886,0,37.401,20.8987,1.55877
7508,265.707,228.751,269.755,425.542,67.7816,405.115,0,142.969,122.738,1.85849
7509,199.303,168.271,408.174,270.135,355.753,174.325,0,105.17,94.1334,1.89506
7510,246.806,232.048,477.002,472.194,615.495,539.988,0,145.03,101.776,1.70176
7511,65.5996,76.0563,312.185,220.631,349.761,174.673,0,47.5352,18.0644,1.38002
7512,240.505,251.069,455.296,417.434,615.501,540.152,0,156.918,83.5873,1.53268
7513,0,0,607.311,815.382,607.311,815.382,0,0,0,0
7514,6.6,6.59514,142.763,605.189,140.891,611.514,0,4.12196,2.47803,1.60118
7515,214.204,241.408,330.856,563.458,144.798,616.05,0,150.88,63.3242,1.4197
7516,166.901,138.494,508.838,655.008,613.251,613.084,0,86.5585,80.3425,1.92819
7517,73.8994,81.7356,570.508,359.412,630.444,333.847,0,51.0847,22.8147,1.4466
7518,194.703,208.508,329.793,602.507,144.822,616.102,0,130.318,64.385,1.49406
7519,24.1001,27.8065,602.254,727.028,612.354,752.004,0,17.3791,6.721,1.38673
7520,171.901,168.673,506.662,387.793,630.357,334.065,0,105.42,66.4809,1.63063
7521,116.299,161.615,552.472,256.377,648.058,197.859,0,101.009,15.2897,1.15137
7522,296.509,249.903,400.629,612.877,595.904,613.527,1,156.189,140.32,1.8984
7523,70.0995,82.2886,546.477,633.454,613.253,612.843,0,51.4303,18.6692,1.363
7524,99.6991,95.7509,567.8,683.932,612.36,752.029,0,59.8443,39.8548,1.66597
7525,100.599,128.948,554.57,454.564,615.545,540.136,0,80.5927,20.0063,1.24824
7526,57.1997,60.3582,607.532,647.052,613.326,613.11,0,37.7238,19.4759,1.51627
7527,48.1998,50.348,295.535,204.28,252.359,184.022,0,31.4675,16.7323,1.53173
7528,207.603,189.11,446.127,297.15,356.053,173.428,0,118.194,89.4097,1.75647
7529,215.004,191.597,509.068,533.13,613.246,612.685,0,119.748,95.2555,1.79546
7530,244.706,164.761,492.43,636.4,613.305,612.505,0,102.976,141.73,2.37635
7531,296.509,225.226,411.146,469.982,588.866,479.018,1,140.766,155.742,2.10639
7532,274.808,256.978,437.427,447.554,615.555,539.574,0,160.611,114.196,1.71101
7533,40.3,52.0413,563.366,747.626,612.367,752.068,0,32.5258,7.77413,1.23901
7534,188.002,174.147,200.387,341.63,67.7654,404.968,0,108.842,79.1607,1.7273
7535,18.9,23.4188,588.003,754.642,611.069,755.25,0,14.6367,4.26331,1.29127
7536,202.003,205.241,281.355,560.266,144.645,615.628,0,128.276,73.7275,1.57476
7537,181.102,195.472,251.107,555.044,144.658,615.679,0,122.17,58.9322,1.48238
7538,296.509,225.183,440.351,507.298,584.949,466.7,1,140.74,155.769,2.10679
7539,40.7999,44.5304,609.208,175.239,648.432,190.801,0,27.8315,12.9684,1.46596
7540,243.606,242.006,441.867,386.476,630.306,334.082,0,151.254,92.3518,1.61057
7541,28.1001,35.0586,308.235,790.767,311.648,818.431,0,21.9116,6.18847,1.28243
7542,13.9,15.8454,137.717,635.999,139.917,620.885,0,9.90334,3.99667,1.40357
7543,86.7992,84.5908,542.603,601.288,613.198,612.563,0,52.8692,33.93,1.64177
7544,117.999,126.027,540.274,150.686,653.475,130.04,0,78.7671,39.2317,1.49807
7545,98.2991,99.391,157.7,514.869,139.58,611.208,0,62.1194,36.1797,1.58242
7546,37.3,46.7836,162.785,647.976,139.801,620.876,0,29.2398,8.06024,1.27566
7547,199.803,218.865,332.364,594.845,144.845,616.077,0,136.79,63.0125,1.46065
7548,64.6996,72.2104,588.11,667.986,613.16,613.031,0,45.1315,19.5681,1.43358
7549,30.9001,30.7024,131.641,586.388,139.917,611.142,0,19.189,11.7111,1.6103
7550,59.8997,78.7759,586.773,475.124,615.655,540.568,0,49.2349,10.6647,1.21661
7551,55.9997,66.6848,340.659,203.039,349.732,174.729,0,41.678,14.3217,1.34363
7552,46.7999,56.4212,591.807,700.724,612.131,752.563,0,35.2632,11.5366,1.32716
7553,0,0,653.263,195.681,653.263,195.681,0,0,0,0
7554,107.999,115.046,255.855,751.381,311.282,818.458,0,71.9036,36.0953,1.502
7555,145,160.473,188.413,478.537,139.712,611.138,0,100.296,44.704,1.44572
7556,145.3,131.85,296.069,293.286,249.937,185.087,0,82.406,62.8936,1.76322
7557,109.699,105.783,133.488,520.308,139.686,611.084,0,66.1141,43.5848,1.65924
7558,296.509,270.219,424.747,439.348,615.309,539.648,1,168.887,127.622,1.75567
7559,296.509,162.682,475.571,490.423,552.539,452.523,1,101.676,194.833,2.9162
7560,22.2,28.1992,600.267,786.89,606.471,811.555,0,17.6245,4.57557,1.25961
7561,55.4997,53.8458,112.374,418.102,67.7161,404.891,0,33.6537,21.8461,1.64914
7562,67.1995,80.1819,582.35,185.232,647.632,191.942,0,50.1137,17.0859,1.34094
7563,213.504,208.878,500.274,519.265,613.234,612.598,0,130.549,82.955,1.63543
7564,97.0991,138.028,268.484,711.244,153.542,700.903,0,86.2674,10.8317,1.12556
7565,79.2994,108.749,559.518,200.803,647.765,191.624,0,67.9681,11.3313,1.16671
7566,234.605,236.103,351.853,371.854,349.458,174.61,0,147.565,87.0406,1.58985
7567,174.701,167.793,506.207,388.125,630.255,334.127,0,104.87,69.831,1.66588
7568,34.6,41.3506,614.424,175.142,647.86,191.577,0,25.8441,8.7559,1.3388
7569,47.6998,61.619,597.706,201.635,647.997,197.814,0,38.5119,9.18797,1.23857
7570,36,46.5349,277.915,797.294,311.907,818.344,0,29.0843,6.91574,1.23778
7571,53.5998,55.1864,598.516,128.429,653.499,130.047,0,34.4915,19.1083,1.554
7572,171.401,142.417,286.81,311.867,249.574,185.244,0,89.0109,82.3904,1.92562
7573,24.1001,27.3677,403.824,105.123,405.929,78.2454,0,17.1048,6.99522,1.40896
7574,185.902,177.944,416.818,294.926,355.837,174.306,0,111.215,74.6873,1.67156
7575,137.799,142.669,495.792,337.874,630.334,334.085,0,89.1684,48.6308,1.54538
7576,296.509,203.595,419.377,494.24,569.644,449.875,1,127.247,169.262,2.33019
7577,0,0,350.996,174.725,350.996,174.725,0,0,0,0
7578,36.9,49.9443,326.381,770.258,312.737,818.043,0,31.2152,5.68483,1.18212
7579,102.999,110.543,544.668,124.055,653.547,129.981,0,69.0892,33.9098,1.49081
7580,93.0992,103.186,178.938,535.686,139.936,611.137,0,64.491,28.6082,1.4436
7581,226.005,231.696,265.43,430.02,67.6955,404.951,0,144.81,81.1947,1.5607
7582,6.4,6.75881,347.218,180.944,349.573,174.625,0,4.22425,2.17574,1.51506
7583,296.509,238.093,484.879,486.743,605.325,540.31,1,148.808,147.701,1.99256
7584,255.406,239.367,459.223,459.375,615.551,539.573,0,149.604,105.802,1.70721
7585,35.2,46.8874,310.273,778.818,312.027,818.169,0,29.3046,5.8954,1.20118
7586,225.505,214.623,389.859,335.127,349.79,174.7,0,134.139,91.3652,1.68112
7587,32.8001,39.3227,579.492,796.083,606.553,811.19,0,24.5767,8.22336,1.3346
7588,22.1,29.5481,622.814,212.59,648.176,198.132,0,18.4676,3.63247,1.19669
7589,167.901,183.512,235.282,508.388,140.181,611.252,0,114.695,53.2062,1.46389
7590,171.501,162.675,211.007,359.729,67.7614,404.969,0,101.672,69.8297,1.68682
7591,6.5,6.79938,639.826,194.759,646.573,194.593,0,4.24961,2.25038,1.52955
7592,27.9001,33.2889,569.725,834.515,602.494,833.255,0,20.8056,7.09448,1.34099
7593,292.409,262.38,409.526,602.328,613.349,612.532,0,163.987,128.421,1.78312
7594,17.3,18.1406,84.8714,409.496,67.6487,404.76,0,11.3379,5.96213,1.52586
7595,37.2,49.3651,302.969,187.136,350.168,174.849,0,30.8532,6.34683,1.20571
7596,115.199,133.426,355.373,269.019,349.486,174.526,0,83.3911,31.8077,1.38143
7597,17.2,21.4915,581.096,831.502,602.431,833.257,0,13.4322,3.76783,1.28051
7598,57.4997,66.6822,282.417,776.766,311.105,818.552,0,41.6764,15.8233,1.37967
7599,220.904,282.065,334.234,410.882,250.303,184.931,0,176.29,44.6139,1.25307
7600,296.509,304.968,323.568,458.134,73.3039,405.166,1,190.605,105.904,1.55562
7601,131.099,175.983,534.041,296.425,648.034,198.003,0,109.989,21.1096,1.19192
7602,277.708,262.141,430.978,593.146,613.186,612.681,0,163.838,113.869,1.69501
7603,216.904,163.912,218.99,418.016,67.7375,405.45,0,102.445,114.459,2.11728
7604,49.7998,64.6013,561.188,789.916,606.424,811.561,0,40.3758,9.42398,1.23341
7605,87.9992,109.367,546.375,662.333,613.239,612.783,0,68.3543,19.645,1.2874
7606,198.903,216.282,485.324,458.318,615.604,539.615,0,135.176,63.727,1.47144
7607,265.707,290.769,338.606,533.31,144.841,616.157,0,181.731,83.9761,1.46209
7608,86.4993,108.463,229.377,755.388,152.77,701.828,0,67.7895,18.7097,1.276
7609,186.802,190.221,405.103,296.01,355.824,174.311,0,118.888,67.9143,1.57125
7610,0.9,0.29199,65.9672,401.216,65.8212,401.469,0,0.182494,0.717506,4.93167
7611,296.509,297.562,423.029,558.234,605.244,612.548,1,185.976,110.533,1.59434
7612,296.509,237.268,371.366,506.222,554.9,452.056,1,148.293,148.216,1.99949
7613,253.506,284.403,342.51,541.528,144.836,616.17,0,177.752,75.7542,1.42618
7614,182.702,173.327,280.312,586.171,144.749,615.658,0,108.329,74.3727,1.68654
7615,140.799,143.907,567.741,412.845,630.286,334.259,0,89.9417,50.8577,1.56545
7616,185.502,150.001,487.54,627.642,613.292,612.514,0,93.7504,91.7518,1.97868
7617,259.407,199.395,449.012,638.496,613.255,612.734,0,124.622,134.785,2.08155
7618,152.4,200.25,517.224,265.736,648.135,197.949,0,125.156,27.2437,1.21768
7619,257.106,245.151,308.714,370.288,249.155,185.083,0,153.219,103.887,1.67803
7620,112.999,117.976,548.315,153.878,653.51,129.951,0,73.7349,39.264,1.5325
7621,49.0998,63.6288,595.293,201.464,647.997,197.82,0,39.768,9.33181,1.23466
7622,47.8998,59.9644,191.949,681.335,149.542,693.234,0,37.4778,10.4221,1.27809
7623,265.307,196.2,460.658,667.285,613.326,613.102,0,122.625,142.682,2.16357
7624,215.704,212.069,472.773,406.571,630.324,334.097,0,132.543,83.1608,1.62742
7625,160.501,148.114,445.342,142.641,355.982,173.623,0,92.571,67.9296,1.73381
7626,296.509,310.328,323.183,457.277,71.1185,404.963,1,193.955,102.554,1.52875
7627,280.708,293.56,419.212,416.256,630.315,334.054,0,183.475,97.2329,1.52995
7628,144.5,186.922,427.62,711.925,313.333,818.151,0,116.826,27.6731,1.23687
7629,96.2991,104.957,549.26,127.555,653.534,129.954,0,65.598,30.7011,1.46802
7630,147,139.365,474.628,155.627,355.953,173.649,0,87.1034,59.8964,1.68765
7631,279.408,326.352,351.501,476.343,144.822,616.241,0,203.97,75.438,1.36985
7632,157,208.926,518.738,258.75,648.082,198.037,0,130.579,26.4215,1.20234
7633,197.903,214.412,384.866,333.921,349.47,174.609,0,134.008,63.8951,1.4768
7634,211.604,282.384,285.244,492.52,139.935,611.207,0,176.49,35.1139,1.19896
7635,122.799,132.502,331.908,276.89,349.42,174.548,0,82.8135,39.9852,1.48283
7636,269.207,238.53,271.977,414.322,67.7538,404.971,0,149.082,120.126,1.80577
7637,26.3001,34.8551,319.499,189.908,350.231,174.878,0,21.7844,4.51565,1.20729
7638,63.9996,76.575,538.531,613.521,613.156,612.759,0,47.8594,16.1402,1.33724
7639,130.999,156.413,93.2042,495.498,67.7404,405.454,0,97.7582,33.2405,1.34003
7640,249.406,214.188,485.428,272.747,355.75,174.319,0,133.868,115.538,1.86308
7641,142.8,147.027,507.566,121.642,653.599,129.702,0,91.8919,50.9076,1.55399
7642,54.0997,51.5144,118.772,399.397,67.7623,405.245,0,32.1965,21.9033,1.6803
7643,2.2,1.34937,139.317,609.849,139.71,611.138,0,0.843354,1.35665,2.60863
7644,157.7,133.505,212.815,310.43,249.125,185.144,0,83.4409,74.2595,1.88997
7645,296.509,228.666,460.976,470.372,602.489,527.724,1,142.916,153.593,2.0747
7646,140.799,164.764,538.222,228.028,648.35,190.859,0,102.977,37.8222,1.36729
7647,103.699,138.793,323.475,697.728,312.729,818.043,0,86.7459,16.9531,1.19543
7648,50.6998,59.4505,161.226,567.459,139.891,611.148,0,37.1566,13.5432,1.36449
7649,74.4994,91.3205,191.545,234.775,248.584,184.883,0,57.0753,17.4241,1.30528
7650,223.004,178.465,465.675,648.689,613.161,613,0,111.54,111.464,1.99932
7651,182.502,171.076,462.293,575.364,613.198,612.663,0,106.923,75.5792,1.70686
7652,53.0998,63.8397,408.618,152.058,355.926,173.752,0,39.8998,13.1999,1.33083
7653,0,0,610.41,809.477,610.41,809.477,0,0,0,0
7654,0,0,618.485,538.541,618.485,538.541,0,0,0,0
7655,198.103,173.893,219.274,357.688,67.744,404.896,0,108.683,89.4195,1.82275
7656,129.999,140.021,312.645,294.101,250.655,184.83,0,87.5134,42.4853,1.48547
7657,214.004,208.211,475.373,406.103,630.303,334.147,0,130.132,83.8718,1.64451
7658,59.1997,58.748,125.505,401.164,67.6708,405.57,0,36.7175,22.4822,1.6123
7659,74.1994,82.9309,532.372,614.226,613.21,612.752,0,51.8318,22.3676,1.43154
7660,172.901,164.247,303.104,638.327,144.725,615.649,0,102.655,70.2468,1.6843
7661,135.999,112.829,513.415,637.772,613.281,613.14,0,70.5184,65.4807,1.92856
7662,34.0001,34.7195,240.431,218.423,249.603,185.182,0,21.6997,12.3004,1.56684
7663,58.0997,67.7768,147.754,544.578,139.97,611.098,0,42.3605,15.7392,1.37155
7664,0.1,0.00609654,406.01,78.2219,406.115,78.244,0,0.00381034,0.0961897,26.2444
7665,181.102,215.017,509.031,505.693,615.46,539.98,0,134.386,46.7161,1.34763
7666,109.799,142.107,272.189,697.312,149.525,693.262,0,88.8166,20.9823,1.23624
7667,157.4,123.893,194.263,261.906,248.136,184.678,0,77.4333,79.9671,2.03272
7668,152.3,126.068,164.133,432.435,67.8052,405.148,0,78.7925,73.5076,1.93293
7669,296.509,219.134,393.581,518.396,548.527,453.652,1,136.959,159.55,2.16495
7670,148,137.209,244.436,314.584,249.878,185.135,0,85.7556,62.2442,1.72583
7671,276.108,258.173,435.466,441.82,615.471,540.038,0,161.358,114.749,1.71115
7672,4.9,4.50734,137.471,624.87,139.261,620.734,0,2.81709,2.08291,1.73939
7673,108.499,124.522,362.801,240.816,350.056,174.768,0,77.8261,30.6728,1.39412
7674,296.509,237.051,457.222,479.764,603.252,528.5,1,148.157,148.352,2.00132
7675,296.509,274.267,407.425,567.759,586.604,615.787,1,171.417,125.092,1.72975
7676,40.3,47.8836,171.3,590.587,144.779,616.069,0,29.9272,10.3727,1.3466
7677,60.5996,70.8989,413.843,146.785,355.98,173.722,0,44.3118,16.2878,1.36757
7678,83.2993,93.0685,283.998,261.438,249.721,185.221,0,58.1678,25.1315,1.43205
7679,126.799,156.47,309.044,689.946,312.227,818.193,0,97.7936,29.005,1.29659
7680,102.799,111.154,307.225,246.064,349.74,174.735,0,69.4711,33.3279,1.47974
7681,28.8001,40.435,322.119,779.139,312.737,817.98,0,25.2719,3.52821,1.13961
7682,1,0.347552,640.889,287.338,640.8,287.002,0,0.21722,0.78278,4.60363
7683,6.6,6.42693,599.614,812.905,606.023,812.852,0,4.01683,2.58316,1.64308
7684,114.699,115.245,546.421,572.032,613.342,612.543,0,72.0283,42.6705,1.59241
7685,121.499,128.899,525.69,666.519,613.329,613.077,0,80.5618,40.9369,1.50814
7686,261.107,248.139,471.051,501.649,613.214,612.654,0,155.087,106.02,1.68362
7687,280.808,298.18,408.105,407.653,349.79,174.658,0,186.363,94.4454,1.50678
7688,92.8992,99.1306,553.405,127.916,653.477,130.042,0,61.9566,30.9426,1.49942
7689,79.3994,90.7288,548.264,333.705,630.413,333.838,0,56.7055,22.6938,1.40021
7690,89.3992,121.437,264.62,727.385,153.709,700.253,0,75.8982,13.501,1.17788
7691,151,184.047,388.787,676.005,313.077,818.077,0,115.029,35.9706,1.31271
7692,41.9999,60.0322,210.118,720.652,153.39,701.216,0,37.5201,4.47979,1.1194
7693,108.399,128.905,527.133,708.116,611.972,752.791,0,80.5657,27.8332,1.34547
7694,127.499,148.366,215.863,524.328,140.075,611.07,0,92.7287,34.7699,1.37496
7695,191.502,191.24,440.336,312.462,355.784,174.308,0,119.525,71.9775,1.6022
7696,212.304,212.954,492.08,423.66,630.259,334.067,0,133.096,79.2075,1.59511
7697,46.7999,61.4032,279.972,781.886,311.464,818.352,0,38.377,8.42286,1.21948
7698,34.5,30.8864,232.415,206.306,249.113,185.065,0,19.304,15.196,1.78719
7699,7.1,7.94329,622.854,336.942,630.409,334.492,0,4.96456,2.13544,1.43014
7700,117.599,159.079,284.566,695.662,311.96,818.153,0,99.4244,18.1744,1.1828
7701,75.2994,86.0182,116.936,450.254,67.8466,405.45,0,53.7613,21.5381,1.40062
7702,47.6998,63.2961,212.332,722.712,153.708,700.246,0,39.5601,8.13976,1.20576
7703,88.9992,90.9353,553.795,710.615,612.017,752.938,0,56.8346,32.1646,1.56593
7704,155.7,137.531,169.374,355.275,67.6969,405.509,0,85.9566,69.7437,1.81138
7705,39.5,38.8597,277.581,210.189,252.497,184.042,0,24.2873,15.2126,1.62636
7706,48.6998,61.069,614.541,240.29,635.895,282.423,0,38.1682,10.5317,1.27593
7707,18.6,20.8346,593.446,608.119,613.196,612.716,0,13.0216,5.57841,1.4284
7708,71.7995,72.1631,418.702,149.765,356.105,173.6,0,45.102,26.6975,1.59194
7709,42.6999,45.2337,111.652,396.344,67.7275,404.833,0,28.271,14.4289,1.51038
7710,46.7999,55.8971,610.826,160.757,647.452,192.155,0,34.9357,11.8641,1.3396
7711,107.899,149.844,344.862,677.293,312.964,818.128,0,93.6526,14.2463,1.15212
7712,144.5,152.344,293.738,634.335,144.704,616.309,0,95.215,49.2847,1.51761
7713,11.8,13.2792,637.778,206.046,648.292,198.149,0,8.29951,3.5005,1.42177
7714,61.3996,70.769,583.393,309.307,630.347,334.175,0,44.2306,17.169,1.38817
7715,0,0,313.986,824.737,313.986,824.737,0,0,0,0
7716,296.509,325.587,364.428,472.246,337.453,182.35,1,203.492,93.0168,1.4571
7717,14.8,16.6202,606.522,554.331,616.253,541.649,0,10.3877,4.41237,1.42477
7718,243.106,234.083,502.13,484.215,615.663,539.696,0,146.302,96.8035,1.66167
7719,97.7991,93.4852,524.011,608.361,613.353,613.111,0,58.4283,39.3708,1.67383
7720,101.499,103.881,534.359,354.425,630.325,333.905,0,64.9254,36.5736,1.56332
7721,66.1996,82.4263,540.819,754.014,611.095,755.293,0,51.5164,14.6831,1.28502
7722,141.999,153.555,523.612,389.796,630.349,334.097,0,95.9718,46.0276,1.4796
7723,42.8999,51.1877,608.097,168.004,647.672,191.871,0,31.9923,10.9076,1.34095
7724,35.5,39.024,160.904,589.364,139.939,611.053,0,24.39,11.11,1.45552
7725,296.509,194.973,473.968,480.887,586.774,472.653,1,121.858,174.651,2.43323
7726,171.501,200.479,352.534,635.387,312.89,817.99,0,125.3,46.2016,1.36873
7727,134.899,134.673,452.387,223.209,355.78,174.287,0,84.1709,50.7281,1.60268
7728,31.3001,40.6658,311.948,187.301,350.313,174.906,0,25.4161,5.88398,1.23151
7729,88.6992,86.052,577.661,681.531,612.192,752.352,0,53.7825,34.9167,1.64922
7730,12,13.7517,364.347,184.737,355.783,174.228,0,8.59479,3.40522,1.3962
7731,87.4992,93.6888,234.584,272.94,249.259,185.221,0,58.5555,28.9438,1.4943
7732,33.1001,43.7534,610.508,218.139,648.026,197.863,0,27.3459,5.75422,1.21042
7733,166.201,182.576,395.144,290.337,355.713,174.315,0,114.11,52.0908,1.4565
7734,19.4,25.9274,614.918,291.289,635.988,282.585,0,16.2046,3.19544,1.19719
7735,190.102,170.906,462.158,574.682,613.264,613.182,0,106.816,83.2862,1.77972
7736,264.507,243.788,242.573,460.36,67.646,405.604,0,152.367,112.139,1.73598
7737,155.1,175.775,199.586,473.391,139.585,611.247,0,109.86,45.2407,1.41181
7738,236.905,211.418,475.273,411.686,630.369,334.07,0,132.136,104.769,1.79289
7739,32.8001,44.6722,195.206,716.641,153.62,700.442,0,27.9201,4.87997,1.17478
7740,84.6993,107.306,564.117,470.381,615.598,540.423,0,67.0664,17.6329,1.26292
7741,152.2,140.21,483.556,606.442,613.255,612.988,0,87.6312,64.5689,1.73683
7742,207.003,194.06,474.786,545.413,613.279,613.138,0,121.288,85.7159,1.70672
7743,181.402,168.634,565.671,527.982,613.157,612.597,0,105.396,76.0059,1.72115
7744,88.9992,89.8741,564.277,361.11,630.321,334.06,0,56.1713,32.8279,1.58442
7745,69.4995,86.0889,179.698,210.668,248.589,184.867,0,53.8056,15.6939,1.29168
7746,200.903,174.445,224.747,397.657,67.8367,405.167,0,109.028,91.875,1.84267
7747,137.899,141.491,422.509,267.405,355.751,174.285,0,88.4321,49.4671,1.55938
7748,178.702,173.248,446.111,276.626,355.751,174.301,0,108.28,70.4214,1.65036
7749,82.7993,92.6086,553.049,710.199,611.916,753.115,0,57.8804,24.9189,1.43052
7750,67.0995,76.2664,142.399,395.995,67.8213,405.243,0,47.6665,19.433,1.40769
7751,157.7,185.993,356.858,649.714,312.908,817.967,0,116.246,41.4546,1.35661
7752,296.509,229.557,373.865,500.113,548.658,452.518,1,143.473,153.035,2.06665
7753,105.799,110.908,562.217,380.865,630.361,334.375,0,69.3172,36.4817,1.5263
7754,82.4993,87.0937,307.65,742.826,311.642,818.354,0,54.4336,28.0658,1.5156
7755,211.704,165.792,242.033,339.946,249.101,185.119,0,103.62,108.084,2.04308
7756,25.5001,29.8433,572.835,832.424,602.468,833.274,0,18.652,6.84802,1.36715
7757,239.205,213.257,286.155,378.219,250.092,185.011,0,133.285,105.92,1.79468
7758,93.8991,113.141,542.484,670.11,613.349,613.124,0,70.7131,23.1861,1.32789
7759,256.706,255.671,291.578,430.967,67.7295,404.906,0,159.794,96.912,1.60648
7760,150.8,143.871,241.657,318.198,249.762,185.142,0,89.9191,60.8809,1.67706
7761,79.8994,94.6456,206.519,572.919,144.658,615.756,0,59.1535,20.7459,1.35071
7762,13,12.4398,590.346,834.934,602.528,833.596,0,7.77489,5.22513,1.67205
7763,191.602,223.173,370.232,370.247,349.469,174.547,0,139.483,52.1194,1.37366
7764,159.101,131.015,164.493,438.631,67.6895,405.489,0,81.8842,77.2163,1.94299
7765,94.9991,132.146,253.278,664.202,149.43,693.258,0,82.5915,12.4076,1.15023
7766,188.402,181.263,519.17,532.29,613.156,612.597,0,113.289,75.1131,1.66302
7767,125.199,126.379,417.708,248.605,356.055,173.481,0,78.987,46.2117,1.58505
7768,279.208,227.396,426.999,627.797,613.309,613.079,0,142.123,137.085,1.96456
7769,149.7,118.119,224.315,298.969,248.475,184.847,0,73.8242,75.8757,2.02779
7770,35.1,34.9836,286.415,189.35,253.289,182.928,0,21.8647,13.2353,1.60533
7771,194.103,162.022,507.127,684.128,613.188,612.615,0,101.264,92.8386,1.9168
7772,249.206,243.271,267.431,404.11,249.287,185.21,0,152.044,97.1619,1.63904
7773,43.7999,58.2866,194.497,677.899,149.446,693.282,0,36.4291,7.37079,1.20233
7774,19.3,26.3214,627.266,129.477,653.534,129.976,0,16.4509,2.84916,1.17319
7775,111.599,130.462,531.945,681.63,613.189,612.971,0,81.5387,30.0601,1.36866
7776,108.199,101.048,238.209,279.812,249.216,185.075,0,63.1547,45.0442,1.71324
7777,252.606,267.794,316.614,526.265,144.816,616.173,0,167.371,85.2349,1.50926
7778,92.8992,100.264,403.549,223.339,355.718,174.32,0,62.665,30.2342,1.48247
7779,80.0993,92.0047,223.594,271.8,248.462,184.818,0,57.5029,22.5964,1.39296
7780,291.909,321.184,350.412,455.94,349.523,174.599,0,200.74,91.1683,1.45416
7781,178.202,197.442,222.226,475.777,140.122,611.087,0,123.401,54.8003,1.44408
7782,55.5997,51.6257,119.049,403.949,67.8227,405.447,0,32.2661,23.3336,1.72316
7783,236.805,247.064,281.575,432.35,67.818,405.151,0,154.415,82.3902,1.53356
7784,172.101,186.64,228.884,541.249,140.184,611.182,0,116.65,55.4516,1.47537
7785,112.199,107.457,157.398,505.481,139.987,611.089,0,67.1607,45.0382,1.6706
7786,93.9991,106.526,538.102,714.294,612.023,752.87,0,66.5787,27.4205,1.41185
7787,5,4.6317,643.012,198.096,647.388,196.579,0,2.89481,2.10518,1.72723
7788,44.1999,52.8928,610.133,165.049,648.449,190.871,0,33.058,11.1419,1.33704
7789,194.703,165.232,487.497,663.313,613.302,613.08,0,103.27,91.4326,1.88537
7790,107.899,101.064,231.963,282.75,248.704,184.887,0,63.1652,44.7337,1.7082
7791,71.4995,91.6574,527.77,779.977,611.098,755.311,0,57.2859,14.2136,1.24812
7792,1.8,0.963836,402.244,68.8685,402.737,69.697,0,0.602397,1.1976,2.98806
7793,14.4,17.1383,84.0057,409.964,67.8149,405.191,0,10.7115,3.68856,1.34436
7794,94.6991,123.882,584.83,282.479,647.869,197.833,0,77.4265,17.2726,1.22308
7795,8.2,9.23857,645.6,207.032,648.905,198.435,0,5.77411,2.42589,1.42013
7796,62.2996,74.8595,573.841,353.426,630.335,334.066,0,46.7872,15.5125,1.33155
7797,28.1001,38.7317,188.901,715.579,152.797,701.766,0,24.2073,3.89275,1.16081
7798,150.9,126.29,176.178,420.537,67.7361,404.942,0,78.9313,71.9687,1.91179
7799,241.306,185.485,482.91,685.246,613.318,613.136,0,115.928,125.378,2.08151
7800,190.102,179.117,474.14,563.667,613.216,612.584,0,111.948,78.1545,1.69813
7801,93.4991,101.976,553.892,121.772,653.538,129.959,0,63.7349,29.7643,1.467
7802,74.8994,84.2065,204.673,583.033,144.733,615.757,0,52.6291,22.2703,1.42316
7803,226.105,204.338,283.834,365.26,248.552,184.772,0,127.711,98.3932,1.77043
7804,203.403,247.29,507.38,489.136,615.571,539.984,0,154.556,48.8468,1.31605
7805,175.301,156.268,234.265,327.244,249.638,185.199,0,97.6675,77.6339,1.79488
7806,27.6001,34.7022,319.322,784.39,312.715,818.078,0,21.6889,5.9112,1.27255
7807,111.299,101.51,166.143,406.84,67.8174,404.973,0,63.4436,47.8553,1.7543
7808,79.5994,102.872,598.645,461.465,615.672,539.546,0,64.2948,15.3045,1.23804
7809,139.799,142.887,566.028,412.461,630.341,334.133,0,89.3043,50.495,1.56543
7810,132.499,168.799,297.668,697.747,149.594,693.271,0,105.5,26.9993,1.25592
7811,110.799,140.395,502.223,719.64,612.041,753.066,0,87.7466,23.0523,1.26271
7812,146.6,144.156,199.577,372.49,67.8016,404.994,0,90.0976,56.5021,1.62712
7813,200.703,162.131,459.087,598.21,613.304,613.125,0,101.332,99.3709,1.98065
7814,148.2,148.847,517.85,138.603,653.551,129.733,0,93.0292,55.1707,1.59305
7815,194.803,176.101,224.057,359.436,67.8447,405.024,0,110.063,84.7393,1.76991
7816,69.4995,72.022,423.479,177.862,355.79,174.254,0,45.0138,24.4857,1.54396
7817,281.708,285.627,267.514,469.415,67.7471,405.459,0,178.517,103.191,1.57805
7818,10.4,12.5052,345.978,186.754,350.37,175.048,0,7.81575,2.58425,1.33065
7819,21.8,27.8748,323.562,181.126,350.19,174.849,0,17.4218,4.37827,1.25131
7820,89.3992,118.771,361.129,715.173,312.765,818.011,0,74.232,15.1672,1.20432
7821,80.2993,107.066,325.576,717.838,312.401,818.088,0,66.916,13.3833,1.2
7822,251.806,348.373,388.526,533.039,312.652,818.042,0,217.733,34.0732,1.15649
7823,55.8997,70.7699,194.028,590.718,144.75,615.988,0,44.2312,11.6685,1.26381
7824,160.801,180.362,344.436,321.624,349.712,174.744,0,112.726,48.0746,1.42647
7825,180.202,173.256,504.127,393.49,630.353,334.146,0,108.285,71.9168,1.66414
7826,18.9,18.1036,158.07,609.841,144.79,615.754,0,11.3148,7.58528,1.67039
7827,190.902,159.354,229.304,324.763,249.599,185.236,0,99.596,91.3064,1.91677
7828,171.001,224.91,498.435,258.667,647.875,197.8,0,140.569,30.4322,1.21649
7829,102.099,118.224,352.243,255.013,350.008,174.848,0,73.89,28.209,1.38177
7830,69.8995,72.9729,267.322,255.607,249.626,185.239,0,45.6081,24.2914,1.53261
7831,151,176.543,515.815,445.941,615.494,540,0,110.34,40.6604,1.3685
7832,126.899,139.756,307.06,299.37,250.534,184.792,0,87.3472,39.5514,1.45281
7833,228.505,178.021,248.519,347.042,249.855,185.142,0,111.263,117.242,2.05373
7834,296.509,266.911,423.868,431.962,610.588,540.118,1,166.819,129.689,1.77742
7835,17.7,17.5349,260.247,199.651,252.663,183.946,0,10.9593,6.74072,1.61507
7836,178.802,176.991,314.524,622.43,144.756,616.125,0,110.619,68.1826,1.61637
7837,74.2994,102.771,577.14,238.299,647.875,197.813,0,64.2319,10.0676,1.15674
7838,180.702,212.141,606.347,383.405,615.561,539.706,0,132.588,48.1138,1.36288
7839,218.704,181.223,275.721,352.146,249.91,185.099,0,113.264,105.44,1.93092
7840,116.799,131.466,333.218,277.028,349.556,174.566,0,82.1661,34.6327,1.4215
7841,148.4,165.397,317.334,311.786,250.523,184.792,0,103.373,45.0268,1.43558
7842,134.199,135.048,300.159,297.317,250.511,184.791,0,84.4048,49.7942,1.58994
7843,31.6001,39.8036,615.186,176.713,647.672,191.737,0,24.8772,6.72287,1.27024
7844,148.1,151.876,335.183,291.127,349.751,174.697,0,94.9226,53.1773,1.56022
7845,37.4,38.9344,290.307,190.657,253.393,182.858,0,24.334,13.066,1.53694
7846,106.499,115.291,564.433,384.982,630.331,334.339,0,72.0566,34.4423,1.47799
7847,241.606,233.553,483.713,510.198,613.322,612.537,0,145.971,95.6348,1.65516
7848,197.503,256.371,395.778,633.709,312.851,817.983,0,160.232,37.271,1.23261
7849,296.509,120.933,426.084,132.966,423.69,121.628,1,75.5834,220.926,3.92294
7850,52.3998,64.0437,604.159,251.422,635.946,282.518,0,40.0273,12.3725,1.3091
7851,144,158.146,182.223,474.075,139.657,611.114,0,98.8412,45.1584,1.45688
7852,106.399,140.06,380.774,706.599,312.739,817.993,0,87.5373,18.8617,1.21547
7853,144.8,124.148,215.774,303.305,249.074,185.107,0,77.5924,67.2072,1.86616
7854,96.2991,100.802,562.124,370.911,630.457,333.759,0,63.001,33.2981,1.52853
7855,238.005,220.345,472.281,369.906,630.276,334.129,0,137.715,100.29,1.72824
7856,114.699,144.738,585.673,423.154,615.508,540.183,0,90.4613,24.2375,1.26793
7857,130.199,112.084,176.138,406.605,67.7763,405.249,0,70.0522,60.1466,1.8586
7858,124.699,129.666,170.055,494.377,140.218,611.225,0,81.041,43.6576,1.53871
7859,93.7991,90.9803,535.173,599.418,613.336,612.537,0,56.8627,36.9365,1.64957
7860,184.202,212.036,348.862,349.374,349.851,174.675,0,132.522,51.6798,1.38997
7861,149.8,146.403,271.306,655.213,144.715,615.75,0,91.5016,58.2983,1.63713
7862,21.1,24.01,412.212,101.356,406.135,78.2239,0,15.0063,6.09377,1.40608
7863,265.107,227.934,265.236,426.529,67.8206,405.34,0,142.458,122.648,1.86094
7864,235.705,213.013,294.446,365.522,248.671,184.907,0,133.133,102.572,1.77044
7865,6.9,6.76676,606.523,613.468,613.15,612.854,0,4.22923,2.67077,1.6315
7866,80.3993,86.8149,567.383,665.339,613.21,612.948,0,54.2593,26.14,1.48176
7867,101.799,109.22,421.105,233.635,355.669,174.313,0,68.2627,33.5364,1.49128
7868,173.201,201.148,490.471,441.393,615.571,539.937,0,125.718,47.4836,1.3777
7869,81.6993,83.3532,354.905,202.215,349.568,174.574,0,52.0958,29.6036,1.56825
7870,290.409,269.948,414.316,600.466,613.206,612.562,0,168.718,121.691,1.72127
7871,78.8994,89.9218,533.783,753.4,611.234,755.561,0,56.2011,22.6982,1.40388
7872,211.104,227.948,469.233,427.747,615.552,539.985,0,142.468,68.6361,1.48177
7873,27.0001,32.12,620.099,202.317,647.868,197.683,0,20.075,6.92505,1.34496
7874,284.008,252.261,445.222,438.568,615.558,539.721,0,157.663,126.345,1.80136
7875,28.5001,33.5029,389.207,176.139,356.006,173.805,0,20.9393,7.56075,1.36108
7876,296.509,270.24,445.856,568.688,605.896,612.917,1,168.9,127.609,1.75553
7877,233.405,203.132,284.617,366.445,249.346,185.215,0,126.958,106.447,1.83845
7878,61.3996,66.4749,113.325,430.284,67.7007,404.888,0,41.5468,19.8528,1.47784
7879,215.904,218.694,393.521,337.485,349.803,174.695,0,136.684,79.2201,1.57959
7880,11,11.8246,156.252,618.408,144.775,615.894,0,7.3904,3.60961,1.48842
7881,152.8,134.914,482.566,184.834,355.778,174.302,0,84.3211,68.479,1.81212
7882,296.509,260.599,445.305,575.622,596.914,613.77,1,162.874,133.635,1.82048
7883,110.199,126.225,277.39,728.532,310.554,818.816,0,78.8908,31.3081,1.39685
7884,119.299,114.931,251.683,617.53,144.751,615.841,0,71.8316,47.4672,1.66081
7885,46.3999,62.6718,550.943,762.363,611.108,755.397,0,39.1699,7.23,1.18458
7886,227.605,194.74,298.105,349.981,250.001,184.99,0,121.713,105.892,1.87002
7887,228.205,183.088,460.314,637.524,613.241,612.657,0,114.43,113.775,1.99427
7888,34.4,35.5765,602.424,586.063,613.315,612.487,0,22.2353,12.1647,1.54709
7889,155.1,141.644,244.548,318.774,250.013,185.039,0,88.5275,66.5728,1.752
7890,37.5,50.1101,602.3,213.983,648.239,198.015,0,31.3188,6.18118,1.19736
7891,146.9,154.583,354.321,304.614,349.484,174.503,0,96.6145,50.2853,1.52047
7892,148.8,156.35,499.19,353.784,630.271,334.103,0,97.7185,51.0814,1.52274
7893,296.509,236.048,515.908,483.922,601.728,523.116,1,147.53,148.979,2.00982
7894,23.8001,29.3492,573.234,835.8,602.373,833.345,0,18.3432,5.45681,1.29748
7895,32.5001,44.3731,321.33,774.976,312.748,818.047,0,27.7332,4.76689,1.17188
7896,41.7999,52.0269,123.793,576.624,139.905,611.116,0,32.5168,9.28312,1.28549
7897,161.901,152.142,563.54,548.132,613.23,612.718,0,95.089,66.8117,1.70262
7898,154.2,148.812,521.76,558.997,613.302,612.52,0,93.0078,61.1925,1.65793
7899,71.3995,79.7883,186.261,211.977,248.953,184.996,0,49.8677,21.5318,1.43178
7900,8.5,9.12684,354.439,184.404,352.095,175.657,0,5.70428,2.79572,1.49011
7901,35.1,41.9051,179.913,673.553,149.743,693.217,0,26.1907,8.90936,1.34017
7902,194.003,161.168,178.274,300.592,248.553,184.826,0,100.73,93.2726,1.92597
7903,243.906,255.615,347.878,391.012,349.54,174.571,0,159.76,84.1461,1.5267
7904,78.2994,89.783,229.395,271.947,249.079,185.117,0,56.1144,22.185,1.39535
7905,190.802,243.545,259.364,517.294,139.938,611.062,0,152.215,38.5871,1.2535
7906,225.705,292.114,332.045,420.979,250.297,184.94,0,182.571,43.1334,1.23626
7907,270.807,296.421,349.102,525.529,144.767,615.769,0,185.263,85.5439,1.46174
7908,86.6992,115.566,350.908,711.013,313.001,818.071,0,72.2285,14.4708,1.20035
7909,16.3,18.7399,591.734,802.809,606.779,811.099,0,11.7125,4.58757,1.39168
7910,91.1992,104.116,293.13,735.018,311.362,818.471,0,65.0726,26.1266,1.4015
7911,267.407,242.932,455.245,457.938,615.658,539.545,0,151.832,115.575,1.7612
7912,135.199,136.637,167.189,482.253,140.141,611.145,0,85.3981,49.801,1.58316
7913,20.1,22.7233,594.875,766.363,611.167,755.089,0,14.202,5.89801,1.41529
7914,124.899,168.268,409.757,707.397,313.176,818.208,0,105.167,19.7314,1.18762
7915,90.0992,107.076,568.068,168.397,653.453,130.045,0,66.9225,23.1767,1.34632
7916,296.509,265.593,432.396,425.569,608.223,540.749,1,165.996,130.513,1.78624
7917,251.406,245.61,421.938,344.739,355.822,174.33,0,153.506,97.9,1.63776
7918,226.205,216.932,395.142,336.051,349.934,174.749,0,135.583,90.6219,1.66839
7919,0,0,617.469,542.449,617.469,542.449,0,0,0,0
7920,204.503,186.11,506.661,535.723,613.197,612.762,0,116.319,88.1848,1.75813
7921,149.9,164.503,193.963,478.044,139.555,611.164,0,102.814,47.0854,1.45797
7922,12.7,15.3149,369.159,181.004,355.388,174.422,0,9.57181,3.1282,1.32681
7923,73.1995,97.8262,579.742,457.185,615.663,540.507,0,61.1414,12.0581,1.19722
7924,187.002,176.37,541.894,526.88,613.347,612.495,0,110.231,76.771,1.69645
7925,296.009,260.938,450.195,408.094,630.325,334.069,0,163.086,132.923,1.81504
7926,281.408,301.419,288.672,475.672,67.6773,404.805,0,188.387,93.0212,1.49378
7927,284.208,330.858,356.981,472.667,144.735,616.267,0,206.786,77.4219,1.37441
7928,204.703,168.695,230.278,339.523,249.47,185.195,0,105.435,99.2686,1.94152
7929,224.605,231.812,475.737,459.34,615.468,540.12,0,144.883,79.7217,1.55025
7930,99.999,103.557,222.517,752.222,152.817,701.79,0,64.7233,35.2757,1.54502
7931,30.2001,36.6161,413.882,113.617,405.854,78.2412,0,22.885,7.31504,1.31964
7932,74.1994,86.8385,340.244,230.792,349.862,174.716,0,54.2741,19.9254,1.36712
7933,226.505,218.372,477.369,414.64,630.276,334.139,0,136.482,90.0222,1.65959
7934,41.7999,51.3132,323.612,206.86,349.697,174.614,0,32.0708,9.72918,1.30337
7935,98.4991,112.268,541.804,701.248,611.959,752.796,0,70.1677,28.3313,1.40377
7936,41.3999,50.0145,174.092,592.032,144.783,615.766,0,31.2591,10.1408,1.32441
7937,80.7993,75.1501,286.091,768.212,311.252,818.548,0,46.9688,33.8305,1.72028
7938,28.3001,27.6018,235.439,204.911,249.341,185.172,0,17.2511,11.0489,1.64048
7939,91.0992,96.2626,132.35,528.759,139.858,611.126,0,60.1641,30.9351,1.51418
7940,61.8996,82.9386,332.707,738.183,312.627,817.955,0,51.8366,10.063,1.19413
7941,61.9996,84.9447,234,726.657,153.615,700.191,0,53.0904,8.9092,1.16781
7942,186.802,206.688,485.37,439.616,615.602,539.712,0,129.18,57.6219,1.44606
7943,14.2,17.107,142.813,594.506,139.971,611.149,0,10.6919,3.50816,1.32812
7944,68.5995,78.1267,536.671,615.432,613.183,612.942,0,48.8292,19.7704,1.40489
7945,70.9995,102.27,582.973,260.503,647.974,197.917,0,63.9187,7.08076,1.11078
7946,168.601,186.793,398.535,292.173,355.793,174.326,0,116.745,51.8557,1.44418
7947,141.699,142.425,434.859,260.137,355.777,174.29,0,89.0154,52.684,1.59185
7948,296.509,271.86,428.18,429.577,612.256,540.661,1,169.912,126.597,1.74507
7949,157.8,165.391,489.415,115.64,653.538,130.045,0,103.369,54.4312,1.52657
7950,68.2995,71.3413,416.479,195.146,355.832,174.191,0,44.5883,23.7112,1.53178
7951,115.599,145.138,535.432,208.183,647.867,191.341,0,90.7115,24.8873,1.27436
7952,199.903,161.258,211.096,359.198,67.7405,405.454,0,100.786,99.117,1.98344
7953,51.5998,57.7004,606.575,161.305,647.728,191.858,0,36.0628,15.537,1.43083
7954,98.0991,106.202,406.78,229.404,356.137,173.514,0,66.3765,31.7226,1.47792
7955,5.6,5.62896,254.563,189.236,252.621,183.953,0,3.5181,2.0819,1.59177
7956,89.3992,88.4869,203.649,580.868,144.744,615.719,0,55.3043,34.0949,1.6165
7957,206.203,277.914,301.285,517.923,139.939,611.194,0,173.696,32.5072,1.18715
7958,125.699,149.578,535.694,213.619,647.778,191.769,0,93.4863,32.2123,1.34457
7959,279.508,243.268,436.327,603.38,613.239,612.624,0,152.043,127.465,1.83835
7960,206.503,220.321,481.663,461.451,615.614,539.624,0,137.701,68.8026,1.49965
7961,105.499,126.379,556.242,451.935,615.574,539.897,0,78.9872,26.5118,1.33565
7962,273.908,236.778,469.434,367.03,630.305,334.124,0,147.986,125.921,1.8509
7963,219.204,185.183,250.167,396.245,67.757,405.018,0,115.739,103.465,1.89395
7964,150.3,136.264,292.506,295.684,250.126,184.983,0,85.1648,65.1352,1.76481
7965,77.4994,89.7067,118.296,453.129,67.7968,405.249,0,56.0667,21.4327,1.38227
7966,276.708,311.198,366.183,523.997,144.671,615.666,0,194.499,82.2091,1.42267
7967,296.509,92.6715,604.936,296,609.579,284.058,1,57.9197,238.589,5.11931
7968,42.1999,54.1944,176.93,590.743,144.636,616.471,0,33.8715,8.32845,1.24588
7969,45.5999,59.3018,279.304,783.988,311.905,818.327,0,37.0636,8.53625,1.23031
7970,119.599,101.781,518.819,627.056,613.25,613.079,0,63.6131,55.9856,1.8801
7971,15.8,20.4539,318.287,798.605,312.571,818.064,0,12.7837,3.01635,1.23595
7972,96.3991,125.763,351.929,700.381,312.756,818.008,0,78.6018,17.7973,1.22642
7973,60.9996,70.0201,148.193,542.211,139.857,611.12,0,43.7626,17.237,1.39388
7974,91.4992,109.632,553.927,481.327,615.613,539.671,0,68.5197,22.9795,1.33537
7975,278.708,308.649,379.578,538.493,144.704,615.704,0,192.905,85.8025,1.44479
7976,215.604,230.234,347.52,596.377,144.729,615.698,0,143.897,71.7074,1.49833
7977,179.702,197.161,234.214,493.47,139.938,611.084,0,123.226,56.4759,1.45831
7978,114.199,112.214,249.356,618.816,144.665,615.563,0,70.1335,44.0653,1.62831
7979,215.404,190.406,274.286,358.978,248.587,184.887,0,119.004,96.4004,1.81006
7980,237.105,216.519,453.94,331.544,355.756,174.287,0,135.324,101.781,1.75213
7981,265.407,273.194,417.19,373.255,356.069,173.6,0,170.747,94.6604,1.55439
7982,16.5,20.9832,139.939,641.549,139.818,620.883,0,13.1145,3.38551,1.25815
7983,167.601,185.375,379,306.653,349.55,174.596,0,115.859,51.7418,1.44659
7984,84.4993,90.8294,555.341,324.466,630.397,333.754,0,56.7684,27.7309,1.48849
7985,79.8994,101.079,238.912,740.285,152.725,701.805,0,63.1746,16.7247,1.26474
7986,234.605,188.726,249.392,350.978,248.705,184.863,0,117.954,116.651,1.98895
7987,45.1999,56.7125,598.091,208.066,647.989,197.941,0,35.4453,9.75455,1.2752
7988,127.199,112.821,167.662,420.763,67.778,404.964,0,70.513,56.6856,1.8039
7989,0,0,356.296,168.964,356.296,168.964,0,0,0,0
7990,247.206,267.943,392.201,393.641,349.431,174.531,0,167.464,79.7416,1.47617
7991,225.805,178.499,210.368,434.51,67.6477,405.486,0,111.562,114.243,2.02403
7992,55.4997,61.7136,299.518,771.508,311.843,818.267,0,38.571,16.9287,1.4389
7993,136.199,125.861,467.514,172.373,356.039,173.665,0,78.663,57.5361,1.73143
7994,244.206,304.983,279.38,476.771,139.851,611.146,0,190.614,53.5916,1.28115
7995,108.399,129.502,116.359,493.715,67.7841,405.444,0,80.9385,27.4604,1.33927
7996,14.3,17.3635,414.551,92.5426,406.756,77.8812,0,10.8522,3.44783,1.31771
7997,109.099,110.95,557.541,157.053,653.553,130.049,0,69.3436,39.7553,1.57331
7998,277.108,289.615,305.544,453.935,67.7392,404.953,0,181.009,96.0985,1.5309
7999,111.499,144.254,386.499,708.796,312.623,817.988,0,90.1588,21.34,1.23669
8000,0,0,408.171,71.5394,408.171,71.5394,0,0,0,0
