grid_y,grid_x,median_evacuation_time,completed_count,x_min,y_min
13,80,1.65,6,400.0,65.0
13,81,1.3,9,405.0,65.0
13,82,2.1,2,410.0,65.0
14,80,0.0,11,400.0,70.0
14,81,0.0,18,405.0,70.0
14,82,0.0,1,410.0,70.0
15,80,1.1,12,400.0,75.0
15,81,0.0,18,405.0,75.0
15,82,2.4,4,410.0,75.0
16,80,6.75,14,400.0,80.0
16,81,5.9,15,405.0,80.0
16,82,7.749995,4,410.0,80.0
17,80,14.0,15,400.0,85.0
17,81,13.7,15,405.0,85.0
17,82,11.3,7,410.0,85.0
18,80,25.1501,8,400.0,90.0
18,81,26.900100000000002,14,405.0,90.0
18,82,17.9,17,410.0,90.0
18,83,24.30005,4,415.0,90.0
19,80,38.6,13,400.0,95.0
19,81,37.6,15,405.0,95.0
19,82,26.850099999999998,14,410.0,95.0
20,80,48.799800000000005,8,400.0,100.0
20,81,50.7998,19,405.0,100.0
20,82,37.3,18,410.0,100.0
20,83,28.0001,2,415.0,100.0
21,80,66.7996,1,400.0,105.0
21,81,62.3996,13,405.0,105.0
21,82,49.0998,23,410.0,105.0
21,83,36.25,10,415.0,105.0
21,84,39.9,1,420.0,105.0
22,80,66.9995,1,400.0,110.0
22,81,70.4995,19,405.0,110.0
22,82,61.949600000000004,20,410.0,110.0
22,83,48.5998,3,415.0,110.0
22,96,320.6105,12,480.0,110.0
22,97,282.008,9,485.0,110.0
22,98,329.711,7,490.0,110.0
22,99,252.606,3,495.0,110.0
23,81,84.2993,25,405.0,115.0
23,82,72.8995,17,410.0,115.0
23,83,54.79975,14,415.0,115.0
23,96,334.611,19,480.0,115.0
23,97,371.213,11,485.0,115.0
23,98,361.213,17,490.0,115.0
23,99,351.5625,10,495.0,115.0
23,100,344.812,11,500.0,115.0
23,101,325.4605,18,505.0,115.0
23,102,304.409,11,510.0,115.0
23,103,241.606,13,515.0,115.0
23,104,258.8065,4,520.0,115.0
23,105,217.454,2,525.0,115.0
23,106,215.104,7,530.0,115.0
23,107,202.553,2,535.0,115.0
23,130,101.199,1,650.0,115.0
24,80,84.4993,1,400.0,120.0
24,81,100.799,15,405.0,120.0
24,82,81.3993,17,410.0,120.0
24,83,55.9997,7,415.0,120.0
24,84,69.0995,5,420.0,120.0
24,85,63.7996,1,425.0,120.0
24,96,320.11,13,480.0,120.0
24,99,387.214,1,495.0,120.0
24,100,378.114,11,500.0,120.0
24,101,368.913,5,505.0,120.0
24,102,350.412,8,510.0,120.0
24,103,337.511,11,515.0,120.0
24,104,324.711,17,520.0,120.0
24,105,308.21000000000004,16,525.0,120.0
24,106,290.709,21,530.0,120.0
24,107,279.708,19,535.0,120.0
24,108,261.507,24,540.0,120.0
24,109,252.006,9,545.0,120.0
24,110,242.606,12,550.0,120.0
24,111,180.8515,14,555.0,120.0
24,112,213.404,11,560.0,120.0
24,113,159.3505,8,565.0,120.0
24,114,155.0505,8,570.0,120.0
24,115,135.99900000000002,2,575.0,120.0
25,81,114.799,13,405.0,125.0
25,82,92.79915,22,410.0,125.0
25,83,78.89935,2,415.0,125.0
25,84,87.4992,1,420.0,125.0
25,85,75.5994,5,425.0,125.0
25,96,325.711,4,480.0,125.0
25,100,389.1145,6,500.0,125.0
25,103,338.911,5,515.0,125.0
25,106,314.71,1,530.0,125.0
25,107,292.609,7,535.0,125.0
25,108,278.158,10,540.0,125.0
25,109,258.307,9,545.0,125.0
25,110,249.606,13,550.0,125.0
25,111,241.606,15,555.0,125.0
25,112,232.605,11,560.0,125.0
25,113,219.604,15,565.0,125.0
25,114,203.103,14,570.0,125.0
25,115,190.502,15,575.0,125.0
25,116,177.202,19,580.0,125.0
25,117,168.401,13,585.0,125.0
25,118,153.2,23,590.0,125.0
25,119,135.099,9,595.0,125.0
25,120,119.649,6,600.0,125.0
25,121,104.849,10,605.0,125.0
25,122,85.2993,11,610.0,125.0
25,123,73.1995,9,615.0,125.0
25,124,62.4996,6,620.0,125.0
25,125,56.2997,5,625.0,125.0
25,126,44.0499,6,630.0,125.0
25,127,29.3001,6,635.0,125.0
25,128,20.7,11,640.0,125.0
25,129,8.9,7,645.0,125.0
25,130,3.9,1,650.0,125.0
25,131,0.0,1,655.0,125.0
25,132,0.0,4,660.0,125.0
26,81,115.599,20,405.0,130.0
26,82,106.499,23,410.0,130.0
26,83,90.0992,9,415.0,130.0
26,85,89.9992,6,425.0,130.0
26,100,396.615,10,500.0,130.0
26,103,356.5625,6,515.0,130.0
26,106,315.71,9,530.0,130.0
26,107,311.61,1,535.0,130.0
26,109,266.807,1,545.0,130.0
26,110,266.607,5,550.0,130.0
26,112,226.005,1,560.0,130.0
26,113,215.904,10,565.0,130.0
26,114,205.603,13,570.0,130.0
26,115,190.402,17,575.0,130.0
26,116,177.002,11,580.0,130.0
26,117,160.151,12,585.0,130.0
26,118,148.4,19,590.0,130.0
26,119,130.699,21,595.0,130.0
26,120,109.649,18,600.0,130.0
26,121,97.5491,12,605.0,130.0
26,122,87.5992,12,610.0,130.0
26,123,76.6994,21,615.0,130.0
26,124,64.2496,14,620.0,130.0
26,125,52.8998,17,625.0,130.0
26,126,46.9999,13,630.0,130.0
26,127,34.5,17,635.0,130.0
26,128,21.7,21,640.0,130.0
26,129,10.95,22,645.0,130.0
26,130,3.3,15,650.0,130.0
26,131,0.0,19,655.0,130.0
26,132,0.0,10,660.0,130.0
27,81,138.499,15,405.0,135.0
27,82,124.399,16,410.0,135.0
27,83,108.199,17,415.0,135.0
27,85,92.74915,6,425.0,135.0
27,89,665.0345,2,445.0,135.0
27,90,664.585,3,450.0,135.0
27,99,350.912,1,495.0,135.0
27,100,369.713,13,500.0,135.0
27,103,358.713,7,515.0,135.0
27,106,325.26099999999997,8,530.0,135.0
27,109,272.0575,2,545.0,135.0
27,110,270.907,5,550.0,135.0
27,113,223.404,10,565.0,135.0
27,114,213.504,1,570.0,135.0
27,115,170.101,7,575.0,135.0
27,118,125.899,2,590.0,135.0
27,119,110.399,9,595.0,135.0
27,120,100.249,10,600.0,135.0
27,121,93.1992,13,605.0,135.0
27,122,76.6994,21,610.0,135.0
27,123,59.8997,7,615.0,135.0
27,124,49.7498,8,620.0,135.0
27,125,43.4499,8,625.0,135.0
27,126,38.7,10,630.0,135.0
27,127,33.450100000000006,16,635.0,135.0
27,128,31.3001,12,640.0,135.0
27,129,20.3,13,645.0,135.0
28,81,132.799,13,405.0,140.0
28,82,138.499,11,410.0,140.0
28,83,117.099,12,415.0,140.0
28,84,115.399,1,420.0,140.0
28,85,98.4991,1,425.0,140.0
28,88,758.462,8,440.0,140.0
28,89,714.373,9,445.0,140.0
28,90,606.6485,10,450.0,140.0
28,99,380.314,5,495.0,140.0
28,100,399.765,6,500.0,140.0
28,103,375.214,9,515.0,140.0
28,104,357.8125,4,520.0,140.0
28,106,332.411,11,530.0,140.0
28,109,295.309,11,545.0,140.0
28,112,233.605,5,560.0,140.0
28,113,214.154,10,565.0,140.0
28,114,204.303,5,570.0,140.0
28,115,173.301,13,575.0,140.0
28,119,111.84899999999999,12,595.0,140.0
28,120,103.699,1,600.0,140.0
28,121,105.649,4,605.0,140.0
28,122,79.64935,12,610.0,140.0
28,129,27.5001,1,645.0,140.0
29,81,167.301,18,405.0,145.0
29,82,185.902,21,410.0,145.0
29,83,212.304,18,415.0,145.0
29,84,224.1045,10,420.0,145.0
29,85,231.805,10,425.0,145.0
29,86,240.7555,10,430.0,145.0
29,88,835.043,7,440.0,145.0
29,89,841.542,1,445.0,145.0
29,90,499.721,4,450.0,145.0
29,91,602.0,3,455.0,145.0
29,99,388.1145,4,495.0,145.0
29,100,388.114,9,500.0,145.0
29,101,384.21450000000004,10,505.0,145.0
29,102,386.914,7,510.0,145.0
29,103,363.863,10,515.0,145.0
29,104,356.36249999999995,4,520.0,145.0
29,105,338.6115,12,525.0,145.0
29,106,317.71,13,530.0,145.0
29,107,308.51,1,535.0,145.0
29,109,289.108,11,545.0,145.0
29,112,226.805,12,560.0,145.0
29,113,212.304,1,565.0,145.0
29,115,148.7,11,575.0,145.0
29,116,140.299,7,580.0,145.0
29,117,134.149,6,585.0,145.0
29,118,130.799,5,590.0,145.0
29,119,121.799,14,595.0,145.0
29,120,124.549,2,600.0,145.0
29,121,115.349,6,605.0,145.0
29,122,91.8992,11,610.0,145.0
30,81,163.901,12,405.0,150.0
30,82,186.702,15,410.0,150.0
30,83,199.003,14,415.0,150.0
30,84,239.505,11,420.0,150.0
30,86,248.006,10,430.0,150.0
30,88,839.642,2,440.0,150.0
30,89,769.009,2,445.0,150.0
30,90,495.521,5,450.0,150.0
30,91,477.62,6,455.0,150.0
30,94,665.3344999999999,4,470.0,150.0
30,95,691.2280000000001,8,475.0,150.0
30,96,737.767,7,480.0,150.0
30,97,913.8255,2,485.0,150.0
30,100,1162.66,5,500.0,150.0
30,105,304.509,9,525.0,150.0
30,106,272.2575,12,530.0,150.0
30,107,277.858,12,535.0,150.0
30,108,276.9575,10,540.0,150.0
30,109,271.40700000000004,8,545.0,150.0
30,110,210.404,5,550.0,150.0
30,111,240.005,7,555.0,150.0
30,112,213.604,11,560.0,150.0
30,114,164.301,13,570.0,150.0
30,115,156.15,2,575.0,150.0
30,119,151.6,11,595.0,150.0
30,120,144.8,20,600.0,150.0
30,121,126.399,13,605.0,150.0
30,122,113.699,9,610.0,150.0
31,80,124.199,2,400.0,155.0
31,81,159.401,11,405.0,155.0
31,82,165.701,5,410.0,155.0
31,83,232.305,9,415.0,155.0
31,84,261.85699999999997,18,420.0,155.0
31,90,383.864,6,450.0,155.0
31,91,432.617,11,455.0,155.0
31,92,522.22,15,460.0,155.0
31,93,566.309,9,465.0,155.0
31,94,700.826,6,470.0,155.0
31,95,730.0185,4,475.0,155.0
31,97,1024.85,12,485.0,155.0
31,98,1264.64,2,490.0,155.0
31,99,1112.375,12,495.0,155.0
31,100,1173.3600000000001,4,500.0,155.0
31,105,306.80949999999996,10,525.0,155.0
31,110,253.30599999999998,4,550.0,155.0
31,111,219.754,10,555.0,155.0
31,112,194.403,1,560.0,155.0
31,113,169.101,3,565.0,155.0
31,114,164.5005,4,570.0,155.0
31,120,256.706,9,600.0,155.0
31,121,205.2035,16,605.0,155.0
31,122,177.702,17,610.0,155.0
32,70,3.0,2,350.0,160.0
32,71,4.15,4,355.0,160.0
32,80,118.199,7,400.0,160.0
32,81,145.6,25,405.0,160.0
32,82,161.401,5,410.0,160.0
32,90,347.312,11,450.0,160.0
32,91,395.46500000000003,4,455.0,160.0
32,92,547.9135,6,460.0,160.0
32,95,872.834,3,475.0,160.0
32,96,932.1695,6,480.0,160.0
32,97,1004.902,12,485.0,160.0
32,99,1225.25,3,495.0,160.0
32,100,1199.3049999999998,6,500.0,160.0
32,105,336.1115,10,525.0,160.0
32,111,216.004,5,555.0,160.0
32,113,177.002,7,565.0,160.0
32,114,159.401,3,570.0,160.0
32,120,312.01,1,600.0,160.0
32,121,184.002,17,605.0,160.0
32,122,162.701,17,610.0,160.0
33,69,1.6,11,345.0,165.0
33,70,0.0,26,350.0,165.0
33,71,1.4,3,355.0,165.0
33,77,75.6994,1,385.0,165.0
33,78,82.2493,4,390.0,165.0
33,79,104.099,9,395.0,165.0
33,80,123.699,10,400.0,165.0
33,81,136.699,15,405.0,165.0
33,82,152.1,3,410.0,165.0
33,90,329.111,3,450.0,165.0
33,92,706.075,6,460.0,165.0
33,93,678.381,1,465.0,165.0
33,95,844.191,4,475.0,165.0
33,96,884.1315,12,480.0,165.0
33,97,959.913,7,485.0,165.0
33,98,990.255,8,490.0,165.0
33,99,1083.68,17,495.0,165.0
33,100,1230.35,5,500.0,165.0
33,105,338.2615,10,525.0,165.0
33,110,255.9565,2,550.0,165.0
33,111,223.104,7,555.0,165.0
33,113,180.802,12,565.0,165.0
33,119,266.5075,2,595.0,165.0
33,120,223.604,19,600.0,165.0
33,121,143.9,22,605.0,165.0
33,122,130.849,16,610.0,165.0
33,123,107.399,1,615.0,165.0
34,49,3.15,2,245.0,170.0
34,50,3.8,3,250.0,170.0
34,51,4.2,1,255.0,170.0
34,69,0.0,6,345.0,170.0
34,70,0.0,14,350.0,170.0
34,71,1.7999999999999998,10,355.0,170.0
34,72,15.9,5,360.0,170.0
34,73,28.2001,8,365.0,170.0
34,74,50.3998,7,370.0,170.0
34,75,60.949600000000004,16,375.0,170.0
34,76,78.5494,18,380.0,170.0
34,77,92.84915000000001,18,385.0,170.0
34,78,104.149,22,390.0,170.0
34,79,117.799,21,395.0,170.0
34,80,131.449,8,400.0,170.0
34,81,156.4,13,405.0,170.0
34,89,303.309,1,445.0,170.0
34,90,323.5105,6,450.0,170.0
34,92,607.6985,2,460.0,170.0
34,93,641.99,11,465.0,170.0
34,95,833.344,1,475.0,170.0
34,96,792.953,9,480.0,170.0
34,97,1020.8,1,485.0,170.0
34,98,927.621,9,490.0,170.0
34,99,1124.07,5,495.0,170.0
34,100,1189.46,9,500.0,170.0
34,104,458.819,1,520.0,170.0
34,105,553.112,1,525.0,170.0
34,108,433.817,3,540.0,170.0
34,110,230.805,2,550.0,170.0
34,111,221.904,5,555.0,170.0
34,113,191.102,7,565.0,170.0
34,118,224.404,1,590.0,170.0
34,119,290.309,13,595.0,170.0
34,120,168.001,23,600.0,170.0
34,121,119.599,7,605.0,170.0
34,122,97.5991,19,610.0,170.0
34,123,82.0993,4,615.0,170.0
35,48,2.2,2,240.0,175.0
35,49,0.0,17,245.0,175.0
35,50,0.8,17,250.0,175.0
35,51,4.5,6,255.0,175.0
35,65,83.7993,1,325.0,175.0
35,66,51.9998,3,330.0,175.0
35,67,38.25,8,335.0,175.0
35,68,24.2501,14,340.0,175.0
35,69,7.0,19,345.0,175.0
35,70,3.9,15,350.0,175.0
35,71,6.0,17,355.0,175.0
35,72,13.8,26,360.0,175.0
35,73,25.7501,18,365.0,175.0
35,74,40.8999,19,370.0,175.0
35,75,56.6997,23,375.0,175.0
35,76,74.3994,19,380.0,175.0
35,77,90.0992,16,385.0,175.0
35,78,94.4491,12,390.0,175.0
35,79,94.4991,1,395.0,175.0
35,80,112.149,12,400.0,175.0
35,81,156.5005,8,405.0,175.0
35,83,195.303,2,415.0,175.0
35,84,241.65550000000002,6,420.0,175.0
35,85,271.207,7,425.0,175.0
35,86,249.706,7,430.0,175.0
35,87,268.257,10,435.0,175.0
35,88,281.508,5,440.0,175.0
35,89,283.208,5,445.0,175.0
35,90,314.91,7,450.0,175.0
35,91,384.214,5,455.0,175.0
35,92,385.414,11,460.0,175.0
35,93,471.52,9,465.0,175.0
35,94,570.208,7,470.0,175.0
35,95,645.2895000000001,6,475.0,175.0
35,96,711.573,11,480.0,175.0
35,97,857.5375,10,485.0,175.0
35,98,874.4335,10,490.0,175.0
35,99,927.071,2,495.0,175.0
35,100,1111.28,5,500.0,175.0
35,101,1265.64,3,505.0,175.0
35,102,1226.1,4,510.0,175.0
35,103,1291.33,9,515.0,175.0
35,104,528.1055,2,520.0,175.0
35,105,520.9594999999999,6,525.0,175.0
35,106,555.557,2,530.0,175.0
35,108,401.015,3,540.0,175.0
35,109,394.965,6,545.0,175.0
35,110,423.817,7,550.0,175.0
35,113,186.502,2,565.0,175.0
35,118,351.712,11,590.0,175.0
35,119,238.6055,18,595.0,175.0
35,120,184.502,5,600.0,175.0
35,121,84.5993,1,605.0,175.0
35,122,72.2995,21,610.0,175.0
35,123,50.699799999999996,4,615.0,175.0
36,49,0.0,10,245.0,180.0
36,50,0.7,17,250.0,180.0
36,51,3.8,5,255.0,180.0
36,56,147.6495,2,280.0,180.0
36,57,184.102,9,285.0,180.0
36,58,220.404,4,290.0,180.0
36,59,238.5555,4,295.0,180.0
36,60,228.305,8,300.0,180.0
36,61,184.102,9,305.0,180.0
36,62,153.6,15,310.0,180.0
36,63,126.099,20,315.0,180.0
36,64,94.59915000000001,8,320.0,180.0
36,65,72.3995,21,325.0,180.0
36,66,53.9997,11,330.0,180.0
36,67,51.4998,14,335.0,180.0
36,68,34.90005,16,340.0,180.0
36,69,13.7,20,345.0,180.0
36,70,11.4,17,350.0,180.0
36,71,10.649999999999999,16,355.0,180.0
36,72,27.400100000000002,24,360.0,180.0
36,73,39.2,19,365.0,180.0
36,74,44.3999,14,370.0,180.0
36,75,49.6998,3,375.0,180.0
36,76,59.0497,10,380.0,180.0
36,77,68.0995,8,385.0,180.0
36,78,75.8994,1,390.0,180.0
36,79,160.8505,2,395.0,180.0
36,80,135.599,11,400.0,180.0
36,81,180.852,18,405.0,180.0
36,82,202.003,12,410.0,180.0
36,83,218.404,7,415.0,180.0
36,85,301.7095,2,425.0,180.0
36,86,294.409,13,430.0,180.0
36,89,290.4085,4,445.0,180.0
36,90,282.308,3,450.0,180.0
36,91,386.3645,2,455.0,180.0
36,92,354.112,1,460.0,180.0
36,93,473.46950000000004,8,465.0,180.0
36,94,515.521,1,470.0,180.0
36,95,579.4555,4,475.0,180.0
36,96,817.8969999999999,14,480.0,180.0
36,97,831.5440000000001,2,485.0,180.0
36,98,921.922,5,490.0,180.0
36,99,1015.0,12,495.0,180.0
36,100,1045.5900000000001,20,500.0,180.0
36,101,1165.46,7,505.0,180.0
36,102,1277.3400000000001,2,510.0,180.0
36,103,1215.85,1,515.0,180.0
36,106,416.816,5,530.0,180.0
36,108,401.6655,14,540.0,180.0
36,109,338.111,1,545.0,180.0
36,110,387.714,7,550.0,180.0
36,111,269.0075,10,555.0,180.0
36,112,193.303,3,560.0,180.0
36,113,189.702,6,565.0,180.0
36,116,298.409,1,580.0,180.0
36,117,292.809,13,585.0,180.0
36,118,278.908,19,590.0,180.0
36,119,221.704,8,595.0,180.0
36,122,52.7998,17,610.0,180.0
36,123,33.6001,12,615.0,180.0
36,124,26.4001,3,620.0,180.0
36,125,23.7001,1,625.0,180.0
37,49,3.5,9,245.0,185.0
37,50,4.9,19,250.0,185.0
37,51,12.0,21,255.0,185.0
37,52,21.65,18,260.0,185.0
37,53,30.7001,9,265.0,185.0
37,54,59.7997,15,270.0,185.0
37,55,97.5991,11,275.0,185.0
37,56,158.4,19,280.0,185.0
37,57,222.404,14,285.0,185.0
37,58,265.307,17,290.0,185.0
37,59,281.908,11,295.0,185.0
37,60,264.057,20,300.0,185.0
37,61,140.8995,12,305.0,185.0
37,62,112.099,8,310.0,185.0
37,63,98.1491,10,315.0,185.0
37,64,94.3991,19,320.0,185.0
37,65,77.3494,20,325.0,185.0
37,66,73.1995,19,330.0,185.0
37,67,66.8996,15,335.0,185.0
37,68,30.0501,8,340.0,185.0
37,69,17.65,4,345.0,185.0
37,70,20.200000000000003,6,350.0,185.0
37,71,13.3,3,355.0,185.0
37,72,20.80005,2,360.0,185.0
37,76,231.555,4,380.0,185.0
37,77,190.202,9,385.0,185.0
37,78,170.401,7,390.0,185.0
37,79,166.601,13,395.0,185.0
37,80,141.04899999999998,4,400.0,185.0
37,81,195.503,5,405.0,185.0
37,82,225.90449999999998,6,410.0,185.0
37,86,317.46000000000004,12,430.0,185.0
37,93,427.067,6,465.0,185.0
37,96,876.533,3,480.0,185.0
37,100,1108.5300000000002,10,500.0,185.0
37,101,1147.065,2,505.0,185.0
37,103,543.364,2,515.0,185.0
37,105,535.416,8,525.0,185.0
37,106,476.2195,14,530.0,185.0
37,107,401.215,1,535.0,185.0
37,108,420.316,5,540.0,185.0
37,110,328.26099999999997,4,550.0,185.0
37,111,308.91,1,555.0,185.0
37,115,360.113,1,575.0,185.0
37,116,324.511,9,580.0,185.0
37,117,344.6115,10,585.0,185.0
37,118,275.208,11,590.0,185.0
37,122,86.49924999999999,20,610.0,185.0
37,123,42.6999,7,615.0,185.0
37,124,28.2001,4,620.0,185.0
37,125,22.8001,9,625.0,185.0
37,126,17.5,13,630.0,185.0
37,127,13.0,9,635.0,185.0
37,128,9.649999999999999,14,640.0,185.0
37,129,4.5,17,645.0,185.0
37,130,2.85,10,650.0,185.0
37,131,5.550000000000001,8,655.0,185.0
38,48,18.9,1,240.0,190.0
38,49,13.6,12,245.0,190.0
38,50,10.5,21,250.0,190.0
38,51,19.2,23,255.0,190.0
38,52,34.599999999999994,18,260.0,190.0
38,53,44.8999,15,265.0,190.0
38,54,55.1997,23,270.0,190.0
38,55,72.8995,19,275.0,190.0
38,56,106.999,17,280.0,190.0
38,57,137.149,20,285.0,190.0
38,58,199.753,22,290.0,190.0
38,59,248.106,23,295.0,190.0
38,60,174.301,17,300.0,190.0
38,61,124.799,4,305.0,190.0
38,62,121.849,6,310.0,190.0
38,63,125.549,8,315.0,190.0
38,64,112.899,9,320.0,190.0
38,70,186.702,1,350.0,190.0
38,71,192.85250000000002,4,355.0,190.0
38,72,222.15449999999998,6,360.0,190.0
38,73,199.703,1,365.0,190.0
38,76,251.10649999999998,4,380.0,190.0
38,77,231.555,2,385.0,190.0
38,79,221.904,9,395.0,190.0
38,82,242.006,13,410.0,190.0
38,83,279.808,9,415.0,190.0
38,86,328.811,11,430.0,190.0
38,92,549.013,5,460.0,190.0
38,93,508.92100000000005,10,465.0,190.0
38,96,880.382,4,480.0,190.0
38,97,917.873,4,485.0,190.0
38,99,1321.92,3,495.0,190.0
38,100,1206.85,11,500.0,190.0
38,102,667.284,3,510.0,190.0
38,103,617.846,12,515.0,190.0
38,105,471.71950000000004,8,525.0,190.0
38,107,422.0665,4,535.0,190.0
38,108,423.267,14,540.0,190.0
38,109,479.66999999999996,2,545.0,190.0
38,110,300.309,9,550.0,190.0
38,113,315.51,5,565.0,190.0
38,114,308.41,7,570.0,190.0
38,115,329.311,9,575.0,190.0
38,118,124.899,9,590.0,190.0
38,119,111.299,7,595.0,190.0
38,121,86.74924999999999,2,605.0,190.0
38,122,92.0992,13,610.0,190.0
38,123,74.99945,8,615.0,190.0
38,127,13.05,6,635.0,190.0
38,128,6.85,16,640.0,190.0
38,129,0.0,17,645.0,190.0
38,130,0.0,19,650.0,190.0
38,131,2.05,16,655.0,190.0
39,48,23.1001,5,240.0,195.0
39,49,26.1001,11,245.0,195.0
39,50,25.3001,23,250.0,195.0
39,51,24.0501,24,255.0,195.0
39,52,47.3998,19,260.0,195.0
39,53,78.1494,22,265.0,195.0
39,54,91.79915,14,270.0,195.0
39,55,84.5993,10,275.0,195.0
39,56,90.4992,10,280.0,195.0
39,57,106.899,17,285.0,195.0
39,58,128.74900000000002,6,290.0,195.0
39,59,177.802,19,295.0,195.0
39,60,228.905,5,300.0,195.0
39,63,140.04950000000002,2,315.0,195.0
39,64,132.399,9,320.0,195.0
39,65,125.299,3,325.0,195.0
39,66,148.25,4,330.0,195.0
39,67,161.201,10,335.0,195.0
39,68,152.3,8,340.0,195.0
39,69,179.302,5,345.0,195.0
39,70,184.402,7,350.0,195.0
39,71,185.1525,4,355.0,195.0
39,72,236.205,1,360.0,195.0
39,73,194.603,3,365.0,195.0
39,76,259.8565,2,380.0,195.0
39,77,257.607,7,385.0,195.0
39,79,252.406,7,395.0,195.0
39,82,245.40550000000002,6,410.0,195.0
39,83,290.709,7,415.0,195.0
39,86,363.76300000000003,4,430.0,195.0
39,87,386.414,5,435.0,195.0
39,88,394.315,5,440.0,195.0
39,89,409.56600000000003,2,445.0,195.0
39,90,384.014,2,450.0,195.0
39,92,520.3685,2,460.0,195.0
39,93,603.1495,4,465.0,195.0
39,96,944.017,7,480.0,195.0
39,97,959.4145,2,485.0,195.0
39,100,1289.03,7,500.0,195.0
39,101,1324.02,1,505.0,195.0
39,102,641.19,5,510.0,195.0
39,103,577.456,4,515.0,195.0
39,104,549.96,2,520.0,195.0
39,105,506.422,5,525.0,195.0
39,107,395.615,3,535.0,195.0
39,108,414.016,1,540.0,195.0
39,109,382.9145,6,545.0,195.0
39,110,495.221,5,550.0,195.0
39,111,404.1155,8,555.0,195.0
39,112,364.413,11,560.0,195.0
39,113,326.76099999999997,4,565.0,195.0
39,118,129.899,7,590.0,195.0
39,119,117.899,16,595.0,195.0
39,121,87.0992,3,605.0,195.0
39,122,79.4994,1,610.0,195.0
39,123,68.4995,13,615.0,195.0
39,127,14.5,8,635.0,195.0
39,128,7.99999,25,640.0,195.0
39,129,1.0,19,645.0,195.0
39,130,0.0,19,650.0,195.0
39,131,3.3,8,655.0,195.0
40,44,274.908,5,220.0,200.0
40,45,221.954,16,225.0,200.0
40,46,109.84905,8,230.0,200.0
40,47,56.6997,9,235.0,200.0
40,48,31.650100000000002,8,240.0,200.0
40,49,49.5998,18,245.0,200.0
40,50,41.9999,17,250.0,200.0
40,51,31.2001,12,255.0,200.0
40,52,43.0499,16,260.0,200.0
40,53,96.6491,8,265.0,200.0
40,54,133.399,14,270.0,200.0
40,55,143.1495,12,275.0,200.0
40,56,136.499,17,280.0,200.0
40,57,134.04899999999998,20,285.0,200.0
40,58,157.1005,18,290.0,200.0
40,59,182.0015,14,295.0,200.0
40,60,190.502,11,300.0,200.0
40,61,224.404,7,305.0,200.0
40,64,143.8,9,320.0,200.0
40,65,141.999,5,325.0,200.0
40,66,162.501,3,330.0,200.0
40,67,207.803,5,335.0,200.0
40,68,247.256,10,340.0,200.0
40,69,241.5555,10,345.0,200.0
40,70,258.9565,8,350.0,200.0
40,71,215.904,7,355.0,200.0
40,73,254.7565,4,365.0,200.0
40,74,359.21299999999997,6,370.0,200.0
40,75,339.3615,2,375.0,200.0
40,76,302.709,7,380.0,200.0
40,77,286.75800000000004,10,385.0,200.0
40,79,258.8565,6,395.0,200.0
40,82,198.153,2,410.0,200.0
40,83,258.507,9,415.0,200.0
40,86,409.516,9,430.0,200.0
40,87,394.21500000000003,4,435.0,200.0
40,93,651.9375,14,465.0,200.0
40,96,945.916,1,480.0,200.0
40,97,960.6624999999999,6,485.0,200.0
40,100,704.375,6,500.0,200.0
40,101,648.989,3,505.0,200.0
40,102,564.9594999999999,8,510.0,200.0
40,104,527.618,9,520.0,200.0
40,107,396.915,9,535.0,200.0
40,111,336.7615,2,555.0,200.0
40,112,332.961,10,560.0,200.0
40,118,112.099,3,590.0,200.0
40,119,109.899,17,595.0,200.0
40,120,97.04910000000001,6,600.0,200.0
40,123,58.4497,6,615.0,200.0
40,124,40.4,7,620.0,200.0
40,126,16.5,5,630.0,200.0
40,127,18.5,9,635.0,200.0
40,128,15.2,20,640.0,200.0
40,129,6.8,19,645.0,200.0
40,130,5.7,17,650.0,200.0
40,131,7.0,11,655.0,200.0
41,34,376.214,13,170.0,205.0
41,35,369.113,10,175.0,205.0
41,36,354.9625,10,180.0,205.0
41,37,336.511,5,185.0,205.0
41,38,344.762,4,190.0,205.0
41,39,330.911,1,195.0,205.0
41,43,301.0095,6,215.0,205.0
41,44,257.306,15,220.0,205.0
41,45,197.303,19,225.0,205.0
41,46,142.6,21,230.0,205.0
41,47,92.4992,15,235.0,205.0
41,48,53.6998,13,240.0,205.0
41,49,76.8994,15,245.0,205.0
41,50,66.7996,17,250.0,205.0
41,51,42.9999,14,255.0,205.0
41,52,47.8998,15,260.0,205.0
41,53,77.0994,8,265.0,205.0
41,54,158.2,3,270.0,205.0
41,55,155.25,18,275.0,205.0
41,56,209.804,26,280.0,205.0
41,57,178.502,5,285.0,205.0
41,58,231.105,1,290.0,205.0
41,61,232.955,4,305.0,205.0
41,64,161.551,8,320.0,205.0
41,65,168.851,10,325.0,205.0
41,66,186.702,6,330.0,205.0
41,71,244.406,11,355.0,205.0
41,73,240.505,7,365.0,205.0
41,74,364.9135,10,370.0,205.0
41,77,711.473,2,385.0,205.0
41,79,296.35900000000004,2,395.0,205.0
41,80,301.209,4,400.0,205.0
41,83,272.407,11,415.0,205.0
41,86,444.718,1,430.0,205.0
41,87,465.91949999999997,4,435.0,205.0
41,93,659.9359999999999,8,465.0,205.0
41,97,972.71,9,485.0,205.0
41,100,639.991,1,500.0,205.0
41,101,605.3489999999999,2,505.0,205.0
41,102,592.152,8,510.0,205.0
41,103,535.816,7,515.0,205.0
41,104,532.917,15,520.0,205.0
41,105,651.588,1,525.0,205.0
41,106,474.05899999999997,2,530.0,205.0
41,107,437.8675,4,535.0,205.0
41,112,362.26300000000003,8,560.0,205.0
41,119,99.3991,5,595.0,205.0
41,120,95.1991,11,600.0,205.0
41,121,75.6994,1,605.0,205.0
41,123,48.84985,4,615.0,205.0
41,124,38.0,24,620.0,205.0
41,125,32.7001,19,625.0,205.0
41,126,34.25005,20,630.0,205.0
41,127,29.9001,11,635.0,205.0
41,128,19.8,7,640.0,205.0
41,129,12.649999999999999,8,645.0,205.0
41,130,12.35,6,650.0,205.0
41,131,8.9,2,655.0,205.0
42,34,378.514,5,170.0,210.0
42,35,369.113,5,175.0,210.0
42,36,345.012,5,180.0,210.0
42,37,330.661,10,185.0,210.0
42,38,325.211,13,190.0,210.0
42,39,316.61,13,195.0,210.0
42,40,312.51,15,200.0,210.0
42,41,297.559,16,205.0,210.0
42,42,271.35699999999997,14,210.0,210.0
42,43,246.006,11,215.0,210.0
42,44,227.255,20,220.0,210.0
42,45,203.303,17,225.0,210.0
42,46,179.152,14,230.0,210.0
42,47,127.299,15,235.0,210.0
42,48,77.29939999999999,16,240.0,210.0
42,49,108.699,15,245.0,210.0
42,50,100.599,15,250.0,210.0
42,51,56.9997,17,255.0,210.0
42,52,55.7997,16,260.0,210.0
42,53,80.4993,19,265.0,210.0
42,54,106.899,21,270.0,210.0
42,55,197.303,9,275.0,210.0
42,56,222.0045,6,280.0,210.0
42,65,167.301,6,325.0,210.0
42,71,271.207,11,355.0,210.0
42,73,249.406,5,365.0,210.0
42,74,401.915,7,370.0,210.0
42,75,368.76300000000003,4,375.0,210.0
42,77,699.5264999999999,6,385.0,210.0
42,80,358.1625,10,400.0,210.0
42,83,268.7075,10,415.0,210.0
42,90,527.418,3,450.0,210.0
42,91,534.217,5,455.0,210.0
42,93,798.1025,8,465.0,210.0
42,97,1058.5900000000001,12,485.0,210.0
42,102,583.6045,4,510.0,210.0
42,104,564.6595,6,520.0,210.0
42,105,470.3695,2,525.0,210.0
42,106,472.71950000000004,12,530.0,210.0
42,107,455.119,5,535.0,210.0
42,108,588.203,9,540.0,210.0
42,109,688.479,9,545.0,210.0
42,110,663.2855,6,550.0,210.0
42,112,387.6145,6,560.0,210.0
42,119,89.39920000000001,2,595.0,210.0
42,120,83.4993,19,600.0,210.0
42,121,66.7996,7,605.0,210.0
42,122,51.3998,5,610.0,210.0
42,123,52.799800000000005,12,615.0,210.0
42,124,53.7998,13,620.0,210.0
42,125,48.5998,7,625.0,210.0
42,126,41.3999,3,630.0,210.0
43,38,313.90999999999997,2,190.0,215.0
43,39,323.31050000000005,4,195.0,215.0
43,40,299.959,4,200.0,215.0
43,41,281.908,10,205.0,215.0
43,42,259.107,9,210.0,215.0
43,43,266.607,13,215.0,215.0
43,44,270.107,7,220.0,215.0
43,45,256.406,13,225.0,215.0
43,46,200.403,18,230.0,215.0
43,47,138.949,18,235.0,215.0
43,48,106.499,23,240.0,215.0
43,49,129.299,16,245.0,215.0
43,50,121.849,18,250.0,215.0
43,51,79.5994,21,255.0,215.0
43,52,63.0496,8,260.0,215.0
43,63,215.304,2,315.0,215.0
43,64,198.003,6,320.0,215.0
43,65,181.202,9,325.0,215.0
43,71,280.45799999999997,8,355.0,215.0
43,72,288.45849999999996,2,360.0,215.0
43,73,317.21,1,365.0,215.0
43,74,352.8625,4,370.0,215.0
43,75,396.165,4,375.0,215.0
43,77,624.5945,8,385.0,215.0
43,80,351.36249999999995,6,400.0,215.0
43,83,269.75750000000005,8,415.0,215.0
43,84,317.81,3,420.0,215.0
43,91,517.6705,8,455.0,215.0
43,93,733.168,1,465.0,215.0
43,94,752.7635,2,470.0,215.0
43,97,1064.885,6,485.0,215.0
43,102,561.26,4,510.0,215.0
43,103,660.786,1,515.0,215.0
43,104,511.06949999999995,8,520.0,215.0
43,107,572.3575000000001,8,535.0,215.0
43,112,215.504,9,560.0,215.0
43,113,232.005,1,565.0,215.0
43,117,101.499,5,585.0,215.0
43,120,73.79945000000001,10,600.0,215.0
43,121,65.2996,27,605.0,215.0
43,122,66.4996,13,610.0,215.0
43,123,64.3996,11,615.0,215.0
44,38,335.7115,4,190.0,220.0
44,44,259.5565,6,220.0,220.0
44,45,240.00549999999998,2,225.0,220.0
44,46,186.402,11,230.0,220.0
44,47,127.699,12,235.0,220.0
44,48,128.299,15,240.0,220.0
44,49,148.0,12,245.0,220.0
44,50,157.7,19,250.0,220.0
44,51,101.699,13,255.0,220.0
44,52,74.9994,15,260.0,220.0
44,59,281.75800000000004,6,295.0,220.0
44,60,357.0125,6,300.0,220.0
44,61,319.40999999999997,10,305.0,220.0
44,62,267.65700000000004,14,310.0,220.0
44,63,240.50549999999998,10,315.0,220.0
44,64,218.004,3,320.0,220.0
44,65,204.403,9,325.0,220.0
44,71,285.00800000000004,8,355.0,220.0
44,72,304.95950000000005,2,360.0,220.0
44,75,445.018,7,375.0,220.0
44,77,605.599,2,385.0,220.0
44,78,693.878,3,390.0,220.0
44,80,430.217,11,400.0,220.0
44,83,288.0085,6,415.0,220.0
44,84,306.55949999999996,6,420.0,220.0
44,88,429.61699999999996,2,440.0,220.0
44,89,436.117,9,445.0,220.0
44,90,454.719,7,450.0,220.0
44,91,487.821,8,455.0,220.0
44,97,1094.63,4,485.0,220.0
44,102,667.384,11,510.0,220.0
44,103,678.1315,22,515.0,220.0
44,104,589.903,3,520.0,220.0
44,107,543.714,9,535.0,220.0
44,112,202.003,1,560.0,220.0
44,113,226.805,10,565.0,220.0
44,115,239.705,1,575.0,220.0
44,116,112.799,11,580.0,220.0
44,117,110.699,2,585.0,220.0
44,118,104.349,8,590.0,220.0
44,119,86.1993,7,595.0,220.0
44,120,84.6993,23,600.0,220.0
44,121,84.4993,13,605.0,220.0
44,122,76.5994,3,610.0,220.0
45,38,341.4615,4,190.0,225.0
45,43,721.9205,6,215.0,225.0
45,46,164.601,3,230.0,225.0
45,47,138.899,5,235.0,225.0
45,49,164.4005,2,245.0,225.0
45,50,169.101,3,250.0,225.0
45,51,151.5,14,255.0,225.0
45,52,99.59905,10,260.0,225.0
45,54,142.299,1,270.0,225.0
45,55,162.301,3,275.0,225.0
45,56,224.7045,10,280.0,225.0
45,57,282.058,10,285.0,225.0
45,58,284.908,13,290.0,225.0
45,59,304.6595,12,295.0,225.0
45,60,381.814,15,300.0,225.0
45,63,292.35900000000004,6,315.0,225.0
45,65,215.35399999999998,2,325.0,225.0
45,66,213.004,3,330.0,225.0
45,68,272.607,5,340.0,225.0
45,69,332.711,7,345.0,225.0
45,70,421.517,9,350.0,225.0
45,71,498.221,1,355.0,225.0
45,72,329.361,6,360.0,225.0
45,75,504.87149999999997,6,375.0,225.0
45,78,656.737,4,390.0,225.0
45,80,399.46500000000003,10,400.0,225.0
45,81,446.818,6,405.0,225.0
45,83,308.91,5,415.0,225.0
45,84,322.91,13,420.0,225.0
45,85,348.012,6,425.0,225.0
45,86,372.714,9,430.0,225.0
45,87,409.016,9,435.0,225.0
45,88,399.16499999999996,4,440.0,225.0
45,97,1084.38,3,485.0,225.0
45,98,1211.3,2,490.0,225.0
45,102,616.9459999999999,8,510.0,225.0
45,103,635.192,20,515.0,225.0
45,104,626.0445,10,520.0,225.0
45,105,588.903,7,525.0,225.0
45,106,693.678,1,530.0,225.0
45,107,636.092,19,535.0,225.0
45,113,211.4535,10,565.0,225.0
45,114,225.05450000000002,6,570.0,225.0
45,115,245.45600000000002,8,575.0,225.0
45,118,104.849,6,590.0,225.0
45,119,109.199,13,595.0,225.0
45,120,104.599,6,600.0,225.0
45,121,97.1991,5,605.0,225.0
45,122,102.399,3,610.0,225.0
46,38,333.711,3,190.0,230.0
46,43,696.677,13,215.0,230.0
46,46,154.3505,6,230.0,230.0
46,49,170.851,4,245.0,230.0
46,51,162.201,7,255.0,230.0
46,52,136.34949999999998,10,260.0,230.0
46,53,104.899,21,265.0,230.0
46,54,144.5,15,270.0,230.0
46,55,224.0045,16,275.0,230.0
46,56,290.5085,12,280.0,230.0
46,57,281.00800000000004,4,285.0,230.0
46,60,398.66499999999996,4,300.0,230.0
46,63,344.512,7,315.0,230.0
46,66,225.90449999999998,10,330.0,230.0
46,67,237.305,7,335.0,230.0
46,68,393.715,5,340.0,230.0
46,69,484.1705,6,345.0,230.0
46,72,309.61,8,360.0,230.0
46,73,293.609,5,365.0,230.0
46,74,319.76,10,370.0,230.0
46,75,546.214,5,375.0,230.0
46,78,567.6585,8,390.0,230.0
46,80,448.9185,4,400.0,230.0
46,81,477.32,13,405.0,230.0
46,84,333.861,12,420.0,230.0
46,91,1361.71,3,455.0,230.0
46,92,1345.42,8,460.0,230.0
46,93,1308.63,4,465.0,230.0
46,98,1061.49,6,490.0,230.0
46,102,611.798,3,510.0,230.0
46,103,684.3299999999999,4,515.0,230.0
46,104,683.18,1,520.0,230.0
46,107,598.851,6,535.0,230.0
46,108,599.501,7,540.0,230.0
46,113,189.102,11,565.0,230.0
46,114,200.303,5,570.0,230.0
46,117,124.749,12,585.0,230.0
46,118,133.29899999999998,16,590.0,230.0
46,119,129.199,2,595.0,230.0
46,122,109.349,8,610.0,230.0
47,37,364.513,1,185.0,235.0
47,38,347.812,8,190.0,235.0
47,42,641.6405,6,210.0,235.0
47,46,147.5,7,230.0,235.0
47,49,190.40249999999997,8,245.0,235.0
47,50,204.3535,2,250.0,235.0
47,51,200.003,4,255.0,235.0
47,52,159.8505,20,260.0,235.0
47,53,131.849,14,265.0,235.0
47,60,404.915,5,300.0,235.0
47,61,413.81600000000003,4,305.0,235.0
47,62,353.412,9,310.0,235.0
47,63,336.711,7,315.0,235.0
47,66,259.057,8,330.0,235.0
47,69,471.41949999999997,6,345.0,235.0
47,72,348.062,8,360.0,235.0
47,78,574.3064999999999,8,390.0,235.0
47,79,590.603,1,395.0,235.0
47,80,648.089,3,400.0,235.0
47,81,505.622,15,405.0,235.0
47,82,498.2695,6,410.0,235.0
47,83,410.316,5,415.0,235.0
47,84,361.213,19,420.0,235.0
47,85,372.414,7,425.0,235.0
47,86,432.267,10,430.0,235.0
47,87,496.821,8,435.0,235.0
47,88,531.2674999999999,6,440.0,235.0
47,93,1316.33,11,465.0,235.0
47,94,1366.01,1,470.0,235.0
47,98,1165.815,8,490.0,235.0
47,99,1038.29,1,495.0,235.0
47,103,685.1795,6,515.0,235.0
47,108,678.081,7,540.0,235.0
47,113,166.901,2,565.0,235.0
47,114,172.201,11,570.0,235.0
47,115,174.4015,4,575.0,235.0
47,116,122.999,1,580.0,235.0
47,117,138.099,5,585.0,235.0
47,118,139.8995,2,590.0,235.0
47,119,147.7,10,595.0,235.0
47,120,152.1,3,600.0,235.0
47,121,130.399,9,605.0,235.0
47,122,117.899,7,610.0,235.0
47,123,112.899,1,615.0,235.0
48,37,351.062,4,185.0,240.0
48,38,359.913,1,190.0,240.0
48,42,689.079,3,210.0,240.0
48,46,170.351,6,230.0,240.0
48,49,212.204,1,245.0,240.0
48,50,189.302,3,250.0,240.0
48,51,195.603,3,255.0,240.0
48,52,180.702,11,260.0,240.0
48,53,155.55,14,265.0,240.0
48,61,433.86749999999995,6,305.0,240.0
48,66,302.409,9,330.0,240.0
48,67,275.508,1,335.0,240.0
48,69,528.918,11,345.0,240.0
48,72,351.012,7,360.0,240.0
48,73,303.509,3,365.0,240.0
48,76,874.733,5,380.0,240.0
48,78,555.3605,2,390.0,240.0
48,79,555.6115,10,395.0,240.0
48,80,546.014,4,400.0,240.0
48,81,601.95,2,405.0,240.0
48,84,422.017,9,420.0,240.0
48,86,420.5165,6,430.0,240.0
48,90,610.748,6,450.0,240.0
48,91,1310.275,4,455.0,240.0
48,92,1363.81,3,460.0,240.0
48,93,1304.73,3,465.0,240.0
48,94,1310.38,2,470.0,240.0
48,98,1060.19,1,490.0,240.0
48,99,1104.58,9,495.0,240.0
48,103,639.491,2,515.0,240.0
48,104,450.918,3,520.0,240.0
48,105,371.4135,6,525.0,240.0
48,106,369.363,2,530.0,240.0
48,107,355.412,5,535.0,240.0
48,108,342.212,14,540.0,240.0
48,109,319.16049999999996,8,545.0,240.0
48,110,328.411,1,550.0,240.0
48,114,155.7,9,570.0,240.0
48,115,162.401,1,575.0,240.0
48,116,141.3995,8,580.0,240.0
48,117,136.299,1,585.0,240.0
48,120,133.699,9,600.0,240.0
48,121,137.899,7,605.0,240.0
48,123,143.09949999999998,20,615.0,240.0
49,35,398.615,3,175.0,245.0
49,37,373.014,7,185.0,245.0
49,38,359.1125,2,190.0,245.0
49,42,575.207,9,210.0,245.0
49,46,165.801,5,230.0,245.0
49,52,203.053,10,260.0,245.0
49,53,174.501,17,265.0,245.0
49,54,223.304,3,270.0,245.0
49,61,435.017,9,305.0,245.0
49,62,463.06899999999996,4,310.0,245.0
49,63,524.819,5,315.0,245.0
49,66,298.60900000000004,2,330.0,245.0
49,67,335.711,5,335.0,245.0
49,69,506.722,3,345.0,245.0
49,70,542.5645,2,350.0,245.0
49,72,366.613,5,360.0,245.0
49,73,356.813,3,365.0,245.0
49,76,845.841,5,380.0,245.0
49,79,592.9525,2,395.0,245.0
49,81,666.584,1,405.0,245.0
49,82,578.906,5,410.0,245.0
49,83,529.668,8,415.0,245.0
49,84,477.72,12,420.0,245.0
49,85,494.721,1,425.0,245.0
49,86,560.41,9,430.0,245.0
49,87,631.293,5,435.0,245.0
49,88,561.51,7,440.0,245.0
49,89,626.394,11,445.0,245.0
49,94,1267.04,7,470.0,245.0
49,95,1272.14,7,475.0,245.0
49,96,1210.45,9,480.0,245.0
49,97,1258.89,10,485.0,245.0
49,98,1210.95,15,490.0,245.0
49,99,1151.07,5,495.0,245.0
49,100,855.5395000000001,6,500.0,245.0
49,101,474.82,1,505.0,245.0
49,102,484.4705,2,510.0,245.0
49,103,501.321,9,515.0,245.0
49,104,470.72,19,520.0,245.0
49,105,459.719,2,525.0,245.0
49,106,364.813,11,530.0,245.0
49,107,357.3125,4,535.0,245.0
49,108,320.41,1,540.0,245.0
49,109,328.661,8,545.0,245.0
49,114,146.7495,8,570.0,245.0
49,115,140.6495,10,575.0,245.0
49,116,144.4,7,580.0,245.0
49,122,136.599,1,610.0,245.0
49,123,133.699,15,615.0,245.0
50,35,420.966,8,175.0,250.0
50,36,400.915,17,180.0,250.0
50,37,392.815,7,185.0,250.0
50,38,374.614,4,190.0,250.0
50,42,541.8145,10,210.0,250.0
50,43,501.4715,4,215.0,250.0
50,46,199.803,11,230.0,250.0
50,52,222.2545,6,260.0,250.0
50,53,189.352,16,265.0,250.0
50,54,188.802,3,270.0,250.0
50,61,446.418,7,305.0,250.0
50,63,524.769,12,315.0,250.0
50,67,361.413,3,335.0,250.0
50,70,555.811,9,350.0,250.0
50,73,369.6635,6,365.0,250.0
50,76,791.104,8,380.0,250.0
50,79,659.636,6,395.0,250.0
50,81,622.095,4,405.0,250.0
50,82,549.7629999999999,2,410.0,250.0
50,84,527.818,10,420.0,250.0
50,86,561.91,3,430.0,250.0
50,88,605.299,1,440.0,250.0
50,92,1391.81,1,460.0,250.0
50,93,1263.04,3,465.0,250.0
50,94,1269.94,8,470.0,250.0
50,95,1301.53,1,475.0,250.0
50,96,1330.72,1,480.0,250.0
50,97,1281.08,2,485.0,250.0
50,98,1369.81,1,490.0,250.0
50,100,531.917,13,500.0,250.0
50,101,517.321,7,505.0,250.0
50,103,525.719,3,515.0,250.0
50,105,436.11749999999995,6,525.0,250.0
50,106,377.464,2,530.0,250.0
50,109,315.36,8,545.0,250.0
50,110,300.909,10,550.0,250.0
50,115,164.601,16,575.0,250.0
50,120,139.3995,6,600.0,250.0
50,123,111.199,11,615.0,250.0
51,34,431.517,1,170.0,255.0
51,35,447.418,13,175.0,255.0
51,36,427.567,8,180.0,255.0
51,37,393.715,9,185.0,255.0
51,38,404.315,21,190.0,255.0
51,39,676.8820000000001,14,195.0,255.0
51,40,621.695,11,200.0,255.0
51,42,571.108,13,210.0,255.0
51,43,477.02,7,215.0,255.0
51,45,212.50400000000002,4,225.0,255.0
51,46,186.402,3,230.0,255.0
51,48,326.511,9,240.0,255.0
51,49,303.05899999999997,10,245.0,255.0
51,50,266.65700000000004,8,250.0,255.0
51,51,259.607,3,255.0,255.0
51,52,241.906,7,260.0,255.0
51,53,220.504,26,265.0,255.0
51,54,207.153,14,270.0,255.0
51,58,271.007,3,290.0,255.0
51,59,295.509,3,295.0,255.0
51,61,454.5685,4,305.0,255.0
51,62,457.419,5,310.0,255.0
51,63,582.855,4,315.0,255.0
51,64,553.912,4,320.0,255.0
51,67,356.5625,8,335.0,255.0
51,70,549.7625,6,350.0,255.0
51,73,370.86350000000004,6,365.0,255.0
51,76,774.058,6,380.0,255.0
51,79,666.3344999999999,4,395.0,255.0
51,81,1155.36,1,405.0,255.0
51,82,726.6700000000001,2,410.0,255.0
51,84,575.407,9,420.0,255.0
51,85,596.9014999999999,2,425.0,255.0
51,86,588.203,5,430.0,255.0
51,87,597.801,4,435.0,255.0
51,88,636.9915000000001,6,440.0,255.0
51,89,679.181,7,445.0,255.0
51,90,723.9200000000001,6,450.0,255.0
51,92,1271.935,6,460.0,255.0
51,93,1363.61,3,465.0,255.0
51,94,1265.04,5,470.0,255.0
51,97,570.508,7,485.0,255.0
51,98,561.31,5,490.0,255.0
51,99,563.7094999999999,4,495.0,255.0
51,100,549.113,7,500.0,255.0
51,101,510.422,11,505.0,255.0
51,102,501.92150000000004,2,510.0,255.0
51,103,506.62149999999997,4,515.0,255.0
51,104,533.317,3,520.0,255.0
51,106,429.967,8,530.0,255.0
51,110,296.209,4,550.0,255.0
51,115,155.2,3,575.0,255.0
51,116,168.401,5,580.0,255.0
51,119,137.299,1,595.0,255.0
51,120,134.149,6,600.0,255.0
51,121,115.199,5,605.0,255.0
51,122,110.799,4,610.0,255.0
51,123,101.499,7,615.0,255.0
52,34,456.3185,4,170.0,260.0
52,35,458.219,11,175.0,260.0
52,36,436.717,15,180.0,260.0
52,37,434.917,13,185.0,260.0
52,38,442.568,20,190.0,260.0
52,39,667.534,16,195.0,260.0
52,40,606.499,16,200.0,260.0
52,41,554.0619999999999,12,205.0,260.0
52,42,484.16999999999996,16,210.0,260.0
52,43,381.164,12,215.0,260.0
52,44,303.809,1,220.0,260.0
52,45,212.7535,6,225.0,260.0
52,46,198.303,1,230.0,260.0
52,53,245.006,21,265.0,260.0
52,54,215.25400000000002,16,270.0,260.0
52,55,230.405,7,275.0,260.0
52,56,237.505,6,280.0,260.0
52,57,253.006,7,285.0,260.0
52,58,269.307,3,290.0,260.0
52,61,478.12,1,305.0,260.0
52,62,509.022,13,310.0,260.0
52,64,581.5550000000001,8,320.0,260.0
52,65,611.498,7,325.0,260.0
52,67,324.111,1,335.0,260.0
52,68,435.61749999999995,8,340.0,260.0
52,70,619.296,6,350.0,260.0
52,71,578.006,3,355.0,260.0
52,73,360.663,6,365.0,260.0
52,74,655.787,7,370.0,260.0
52,75,684.58,11,375.0,260.0
52,76,765.96,10,380.0,260.0
52,78,719.6215,6,390.0,260.0
52,79,621.295,7,395.0,260.0
52,80,770.9085,6,400.0,260.0
52,81,758.262,7,405.0,260.0
52,82,725.87,1,410.0,260.0
52,84,649.189,11,420.0,260.0
52,85,632.193,5,425.0,260.0
52,86,551.512,4,430.0,260.0
52,87,599.801,3,435.0,260.0
52,88,622.845,4,440.0,260.0
52,89,711.573,1,445.0,260.0
52,94,1163.7150000000001,4,470.0,260.0
52,95,1365.1100000000001,2,475.0,260.0
52,97,565.309,15,485.0,260.0
52,98,556.611,8,490.0,260.0
52,100,542.3644999999999,6,500.0,260.0
52,101,523.019,14,505.0,260.0
52,102,502.621,11,510.0,260.0
52,103,497.921,9,515.0,260.0
52,106,413.466,10,530.0,260.0
52,107,411.216,1,535.0,260.0
52,110,293.5585,4,550.0,260.0
52,111,292.909,2,555.0,260.0
52,116,179.702,13,580.0,260.0
52,117,185.202,1,585.0,260.0
52,122,83.2993,1,610.0,260.0
52,123,93.0992,7,615.0,260.0
53,38,610.898,1,190.0,265.0
53,39,560.56,8,195.0,265.0
53,40,512.5215000000001,8,200.0,265.0
53,41,502.9715,16,205.0,265.0
53,42,433.817,15,210.0,265.0
53,43,348.412,23,215.0,265.0
53,44,280.908,20,220.0,265.0
53,45,234.805,15,225.0,265.0
53,46,213.604,1,230.0,265.0
53,51,341.412,7,255.0,265.0
53,52,334.661,8,260.0,265.0
53,53,278.508,19,265.0,265.0
53,54,221.054,8,270.0,265.0
53,62,515.621,5,310.0,265.0
53,65,608.3985,6,325.0,265.0
53,68,417.916,15,340.0,265.0
53,69,475.12,1,345.0,265.0
53,71,591.9025,4,355.0,265.0
53,72,599.6505,2,360.0,265.0
53,73,624.0445,14,365.0,265.0
53,78,673.383,5,390.0,265.0
53,81,927.3705,10,405.0,265.0
53,82,1091.032,2,410.0,265.0
53,84,670.083,13,420.0,265.0
53,88,801.2015,4,440.0,265.0
53,89,678.481,1,445.0,265.0
53,95,1104.28,4,475.0,265.0
53,97,1306.58,8,485.0,265.0
53,100,536.716,5,500.0,265.0
53,101,526.367,2,505.0,265.0
53,103,480.42,8,515.0,265.0
53,105,425.317,4,525.0,265.0
53,106,390.7645,8,530.0,265.0
53,107,412.016,3,535.0,265.0
53,110,280.308,1,550.0,265.0
53,111,277.5575,8,555.0,265.0
53,116,183.402,3,580.0,265.0
53,117,190.302,8,585.0,265.0
53,118,206.003,4,590.0,265.0
53,119,231.905,11,595.0,265.0
53,122,73.8994,9,610.0,265.0
53,123,81.44935,12,615.0,265.0
54,43,407.316,15,215.0,270.0
54,44,317.36,18,220.0,270.0
54,45,258.8065,16,225.0,270.0
54,46,272.5075,16,230.0,270.0
54,47,308.71,3,235.0,270.0
54,52,327.811,3,260.0,270.0
54,53,283.75800000000004,14,265.0,270.0
54,54,235.35500000000002,14,270.0,270.0
54,55,342.2615,4,275.0,270.0
54,56,312.41,11,280.0,270.0
54,61,426.617,7,305.0,270.0
54,62,523.119,1,310.0,270.0
54,65,697.277,9,325.0,270.0
54,66,653.7375,4,330.0,270.0
54,67,434.317,5,335.0,270.0
54,68,412.966,12,340.0,270.0
54,69,469.9195,10,345.0,270.0
54,70,568.9079999999999,12,350.0,270.0
54,71,576.656,8,355.0,270.0
54,72,626.7439999999999,4,360.0,270.0
54,73,695.377,2,365.0,270.0
54,74,716.572,6,370.0,270.0
54,76,739.2665,2,380.0,270.0
54,77,821.846,4,385.0,270.0
54,78,727.769,12,390.0,270.0
54,79,760.661,7,395.0,270.0
54,80,1152.4650000000001,4,400.0,270.0
54,81,1219.65,7,405.0,270.0
54,82,1003.9,1,410.0,270.0
54,84,704.875,13,420.0,270.0
54,85,706.774,1,425.0,270.0
54,88,774.358,5,440.0,270.0
54,89,764.26,1,445.0,270.0
54,92,952.115,13,460.0,270.0
54,94,1062.3899999999999,2,470.0,270.0
54,95,1096.63,8,475.0,270.0
54,96,1264.6399999999999,4,480.0,270.0
54,97,1212.4499999999998,6,485.0,270.0
54,98,1274.5349999999999,4,490.0,270.0
54,100,551.312,1,500.0,270.0
54,101,547.0135,2,505.0,270.0
54,103,472.82,13,515.0,270.0
54,104,439.0175,6,520.0,270.0
54,107,388.615,7,535.0,270.0
54,111,265.907,5,555.0,270.0
54,114,206.703,1,570.0,270.0
54,115,229.705,1,575.0,270.0
54,116,199.603,15,580.0,270.0
54,117,197.953,8,585.0,270.0
54,118,216.504,7,590.0,270.0
54,122,59.5997,3,610.0,270.0
54,123,56.9997,5,615.0,270.0
55,42,482.52,2,210.0,275.0
55,43,464.719,21,215.0,275.0
55,44,334.361,12,220.0,275.0
55,45,343.512,23,225.0,275.0
55,46,360.513,17,230.0,275.0
55,47,394.715,21,235.0,275.0
55,52,355.7625,2,260.0,275.0
55,53,315.96000000000004,20,265.0,275.0
55,54,256.206,17,270.0,275.0
55,55,250.306,9,275.0,275.0
55,56,270.707,9,280.0,275.0
55,57,290.7585,2,285.0,275.0
55,58,327.911,4,290.0,275.0
55,59,339.311,5,295.0,275.0
55,60,363.113,8,300.0,275.0
55,61,389.2645,8,305.0,275.0
55,62,437.5675,6,310.0,275.0
55,63,462.519,5,315.0,275.0
55,64,772.458,5,320.0,275.0
55,65,675.982,11,325.0,275.0
55,66,638.691,13,330.0,275.0
55,67,490.321,9,335.0,275.0
55,68,455.919,1,340.0,275.0
55,69,480.27,14,345.0,275.0
55,74,715.672,11,370.0,275.0
55,75,705.075,3,375.0,275.0
55,78,702.0755,6,390.0,275.0
55,84,730.769,7,420.0,275.0
55,85,685.78,9,425.0,275.0
55,88,787.955,11,440.0,275.0
55,89,819.097,4,445.0,275.0
55,90,997.5055,2,450.0,275.0
55,91,893.829,8,455.0,275.0
55,92,1007.5,11,460.0,275.0
55,93,1010.0,13,465.0,275.0
55,94,1065.0349999999999,12,470.0,275.0
55,95,1231.45,4,475.0,275.0
55,98,1322.72,5,490.0,275.0
55,101,555.711,3,505.0,275.0
55,106,394.21500000000003,2,530.0,275.0
55,107,372.614,5,535.0,275.0
55,108,358.313,5,540.0,275.0
55,111,277.45799999999997,8,555.0,275.0
55,112,271.507,13,560.0,275.0
55,113,266.057,18,565.0,275.0
55,114,245.006,11,570.0,275.0
55,115,244.3555,4,575.0,275.0
55,116,207.203,5,580.0,275.0
55,122,56.0997,4,610.0,275.0
55,123,47.44985,6,615.0,275.0
55,124,27.7001,2,620.0,275.0
56,42,517.121,5,210.0,280.0
56,43,481.82,19,215.0,280.0
56,44,365.413,11,220.0,280.0
56,45,517.4705,26,225.0,280.0
56,46,496.971,22,230.0,280.0
56,47,481.52,27,235.0,280.0
56,48,500.121,11,240.0,280.0
56,49,532.717,4,245.0,280.0
56,52,351.5625,4,260.0,280.0
56,53,319.36,14,265.0,280.0
56,54,282.75800000000004,4,270.0,280.0
56,55,271.707,11,275.0,280.0
56,56,281.558,12,280.0,280.0
56,57,293.909,11,285.0,280.0
56,58,314.01,8,290.0,280.0
56,59,324.4605,16,295.0,280.0
56,60,356.1625,8,300.0,280.0
56,61,371.213,13,305.0,280.0
56,62,350.66200000000003,18,310.0,280.0
56,63,452.36850000000004,8,315.0,280.0
56,64,756.9124999999999,2,320.0,280.0
56,65,719.371,7,325.0,280.0
56,66,746.215,2,330.0,280.0
56,69,532.867,4,345.0,280.0
56,72,1016.1,1,360.0,280.0
56,74,714.5725,12,370.0,280.0
56,78,797.4025,10,390.0,280.0
56,79,835.943,1,395.0,280.0
56,84,789.554,2,420.0,280.0
56,85,727.269,7,425.0,280.0
56,88,773.0084999999999,6,440.0,280.0
56,93,1040.49,7,465.0,280.0
56,95,1116.57,1,475.0,280.0
56,96,1242.84,5,480.0,280.0
56,98,1219.25,3,490.0,280.0
56,108,324.911,7,540.0,280.0
56,110,299.409,4,550.0,280.0
56,111,291.809,7,555.0,280.0
56,112,282.308,3,560.0,280.0
56,115,252.406,4,575.0,280.0
56,116,240.9555,10,580.0,280.0
56,117,233.7055,2,585.0,280.0
56,120,68.0995,3,600.0,280.0
56,121,90.5993,2,605.0,280.0
56,122,65.8496,6,610.0,280.0
56,123,40.6,19,615.0,280.0
56,124,25.2001,12,620.0,280.0
56,125,14.45,18,625.0,280.0
56,126,3.8,7,630.0,280.0
56,127,0.0,8,635.0,280.0
56,128,0.0,7,640.0,280.0
57,42,539.015,11,210.0,285.0
57,43,472.22,17,215.0,285.0
57,44,433.017,17,220.0,285.0
57,45,694.2280000000001,24,225.0,285.0
57,46,629.993,13,230.0,285.0
57,47,573.507,17,235.0,285.0
57,49,547.663,4,245.0,285.0
57,50,526.119,7,250.0,285.0
57,51,380.86400000000003,2,255.0,285.0
57,52,353.512,13,260.0,285.0
57,53,310.01,6,265.0,285.0
57,57,458.019,1,285.0,285.0
57,58,405.9655,4,290.0,285.0
57,59,348.312,13,295.0,285.0
57,60,357.813,22,300.0,285.0
57,61,383.514,17,305.0,285.0
57,62,405.2155,20,310.0,285.0
57,63,414.016,13,315.0,285.0
57,66,744.3154999999999,14,330.0,285.0
57,67,820.2465,2,335.0,285.0
57,69,583.8544999999999,12,345.0,285.0
57,70,618.096,3,350.0,285.0
57,72,1023.6500000000001,8,360.0,285.0
57,74,778.257,7,370.0,285.0
57,75,798.952,1,375.0,285.0
57,78,825.7955,8,390.0,285.0
57,79,756.262,5,395.0,285.0
57,80,1145.07,2,400.0,285.0
57,81,1185.46,3,405.0,285.0
57,85,781.7059999999999,6,425.0,285.0
57,88,810.499,2,440.0,285.0
57,93,1112.9250000000002,14,465.0,285.0
57,96,1247.595,6,480.0,285.0
57,104,392.015,3,520.0,285.0
57,105,393.815,6,525.0,285.0
57,106,361.713,7,530.0,285.0
57,107,338.7615,10,535.0,285.0
57,108,327.311,9,540.0,285.0
57,109,314.51,9,545.0,285.0
57,110,314.21000000000004,2,550.0,285.0
57,111,309.30949999999996,12,555.0,285.0
57,112,290.909,5,560.0,285.0
57,115,246.906,1,575.0,285.0
57,116,486.82,1,580.0,285.0
57,117,245.156,2,585.0,285.0
57,118,201.103,3,590.0,285.0
57,120,83.1993,16,600.0,285.0
57,122,45.3999,4,610.0,285.0
57,123,32.1001,9,615.0,285.0
57,124,18.2,1,620.0,285.0
57,125,7.89999,1,625.0,285.0
57,126,5.5,4,630.0,285.0
57,127,1.0499999999999998,4,635.0,285.0
57,128,0.35,10,640.0,285.0
58,42,573.107,3,210.0,290.0
58,43,497.921,23,215.0,290.0
58,44,566.409,25,220.0,290.0
58,45,758.362,15,225.0,290.0
58,46,716.672,23,230.0,290.0
58,47,607.4490000000001,10,235.0,290.0
58,51,376.764,8,255.0,290.0
58,52,344.012,22,260.0,290.0
58,53,331.611,1,265.0,290.0
58,55,359.51250000000005,8,275.0,290.0
58,56,398.515,15,280.0,290.0
58,57,459.019,11,285.0,290.0
58,58,466.819,17,290.0,290.0
58,59,444.418,15,295.0,290.0
58,60,410.01599999999996,14,300.0,290.0
58,61,455.4185,24,305.0,290.0
58,62,481.42,15,310.0,290.0
58,63,470.319,21,315.0,290.0
58,66,804.4005,20,330.0,290.0
58,67,903.227,9,335.0,290.0
58,69,565.609,1,345.0,290.0
58,70,581.005,7,350.0,290.0
58,72,921.322,3,360.0,290.0
58,73,901.827,1,365.0,290.0
58,74,825.046,1,370.0,290.0
58,75,785.3555,6,375.0,290.0
58,78,778.457,3,390.0,290.0
58,79,850.2895,12,395.0,290.0
58,80,1116.375,4,400.0,290.0
58,81,1072.8850000000002,8,405.0,290.0
58,83,947.0654999999999,4,415.0,290.0
58,84,878.932,11,420.0,290.0
58,85,789.3045,18,425.0,290.0
58,86,845.441,1,430.0,290.0
58,89,823.246,7,445.0,290.0
58,91,1155.815,2,455.0,290.0
58,93,1207.6,8,465.0,290.0
58,94,1128.47,1,470.0,290.0
58,96,1192.005,2,480.0,290.0
58,101,471.6195,4,505.0,290.0
58,102,459.219,9,510.0,290.0
58,103,421.51649999999995,12,515.0,290.0
58,104,415.616,1,520.0,290.0
58,105,369.713,1,525.0,290.0
58,106,360.113,5,530.0,290.0
58,110,991.7035,2,550.0,290.0
58,111,769.059,10,555.0,290.0
58,112,255.156,2,560.0,290.0
58,113,273.207,9,565.0,290.0
58,114,262.157,6,570.0,290.0
58,115,241.606,7,575.0,290.0
58,116,250.95600000000002,4,580.0,290.0
58,117,205.003,1,585.0,290.0
58,118,174.6015,6,590.0,290.0
58,120,98.3491,6,600.0,290.0
58,121,109.899,3,605.0,290.0
58,122,59.8997,1,610.0,290.0
58,123,42.9999,1,615.0,290.0
59,33,878.5825,2,165.0,295.0
59,34,810.349,7,170.0,295.0
59,35,802.1510000000001,4,175.0,295.0
59,36,736.267,1,180.0,295.0
59,42,568.608,11,210.0,295.0
59,43,531.417,15,215.0,295.0
59,44,766.3599999999999,20,220.0,295.0
59,45,757.4125,22,225.0,295.0
59,46,647.589,15,230.0,295.0
59,47,635.692,1,235.0,295.0
59,50,394.015,5,250.0,295.0
59,51,379.314,15,255.0,295.0
59,52,353.712,3,260.0,295.0
59,53,341.66150000000005,8,265.0,295.0
59,54,360.313,7,270.0,295.0
59,55,366.613,13,275.0,295.0
59,56,402.715,21,280.0,295.0
59,57,461.269,12,285.0,295.0
59,58,540.515,22,290.0,295.0
59,59,495.021,19,295.0,295.0
59,60,434.967,10,300.0,295.0
59,61,496.621,11,305.0,295.0
59,62,540.315,11,310.0,295.0
59,63,544.1645,8,315.0,295.0
59,66,857.7375,8,330.0,295.0
59,67,1011.0,5,335.0,295.0
59,70,659.886,6,350.0,295.0
59,73,918.473,2,365.0,295.0
59,75,851.039,9,375.0,295.0
59,78,815.248,1,390.0,295.0
59,79,866.036,17,395.0,295.0
59,80,974.809,13,400.0,295.0
59,81,973.109,9,405.0,295.0
59,82,997.304,5,410.0,295.0
59,83,950.415,4,415.0,295.0
59,84,992.105,1,420.0,295.0
59,85,836.5925,2,425.0,295.0
59,86,775.308,16,430.0,295.0
59,89,862.7864999999999,2,445.0,295.0
59,91,1128.475,2,455.0,295.0
59,92,1154.065,6,460.0,295.0
59,93,1416.85,10,465.0,295.0
59,94,1303.33,7,470.0,295.0
59,96,1169.56,5,480.0,295.0
59,100,454.6185,8,500.0,295.0
59,101,453.5185,2,505.0,295.0
59,103,439.868,10,515.0,295.0
59,106,374.114,3,530.0,295.0
59,109,883.881,4,545.0,295.0
59,110,1003.0,5,550.0,295.0
59,111,711.773,7,555.0,295.0
59,112,287.808,1,560.0,295.0
59,118,184.152,6,590.0,295.0
59,120,117.899,3,600.0,295.0
59,121,103.59905,4,605.0,295.0
59,122,55.9497,10,610.0,295.0
60,32,908.825,2,160.0,300.0
60,33,861.637,12,165.0,300.0
60,34,845.2905000000001,16,170.0,300.0
60,35,902.327,29,175.0,300.0
60,36,866.735,13,180.0,300.0
60,37,778.657,23,185.0,300.0
60,38,758.0619999999999,10,190.0,300.0
60,39,690.378,13,195.0,300.0
60,40,635.692,5,200.0,300.0
60,41,650.088,3,205.0,300.0
60,42,564.809,21,210.0,300.0
60,43,640.2909999999999,20,215.0,300.0
60,44,823.396,12,220.0,300.0
60,45,646.189,5,225.0,300.0
60,49,431.067,2,245.0,300.0
60,50,404.7155,18,250.0,300.0
60,51,386.914,3,255.0,300.0
60,55,373.914,1,275.0,300.0
60,56,387.014,19,280.0,300.0
60,57,440.418,25,285.0,300.0
60,58,565.509,23,290.0,300.0
60,59,556.711,11,295.0,300.0
60,60,519.97,8,300.0,300.0
60,61,506.422,9,305.0,300.0
60,62,550.013,5,310.0,300.0
60,63,405.3155,2,315.0,300.0
60,64,477.72,3,320.0,300.0
60,66,939.318,7,330.0,300.0
60,69,704.475,3,345.0,300.0
60,70,635.792,11,350.0,300.0
60,71,637.891,1,355.0,300.0
60,73,871.2345,6,365.0,300.0
60,74,967.0105,2,370.0,300.0
60,75,877.633,7,375.0,300.0
60,76,906.526,11,380.0,300.0
60,77,919.1724999999999,8,385.0,300.0
60,78,940.1175000000001,12,390.0,300.0
60,79,902.077,8,395.0,300.0
60,80,1036.645,12,400.0,300.0
60,81,1042.995,4,405.0,300.0
60,84,922.622,1,420.0,300.0
60,85,844.341,2,425.0,300.0
60,86,898.6275,10,430.0,300.0
60,87,759.4615,10,435.0,300.0
60,88,815.448,4,440.0,300.0
60,89,864.536,7,445.0,300.0
60,90,966.111,9,450.0,300.0
60,91,1063.19,5,455.0,300.0
60,92,1357.92,7,460.0,300.0
60,93,1336.52,3,465.0,300.0
60,94,1332.42,11,470.0,300.0
60,96,1422.045,2,480.0,300.0
60,97,1030.645,12,485.0,300.0
60,98,1166.5149999999999,10,490.0,300.0
60,99,1134.07,3,495.0,300.0
60,106,394.115,4,530.0,300.0
60,107,400.565,2,535.0,300.0
60,109,979.859,8,545.0,300.0
60,111,680.581,7,555.0,300.0
60,118,141.6995,4,590.0,300.0
60,121,57.649699999999996,8,605.0,300.0
61,32,911.8245,4,160.0,305.0
61,33,945.116,14,165.0,305.0
61,34,953.314,11,170.0,305.0
61,35,952.215,15,175.0,305.0
61,36,912.924,16,180.0,305.0
61,37,834.7435,18,185.0,305.0
61,38,799.252,15,190.0,305.0
61,39,719.071,23,195.0,305.0
61,40,634.742,8,200.0,305.0
61,41,632.5425,18,205.0,305.0
61,42,598.901,21,210.0,305.0
61,43,790.404,22,215.0,305.0
61,44,785.2055,20,220.0,305.0
61,45,601.9005,8,225.0,305.0
61,49,433.817,7,245.0,305.0
61,50,396.71500000000003,6,250.0,305.0
61,56,420.416,3,280.0,305.0
61,57,480.72,18,285.0,305.0
61,58,512.7215,18,290.0,305.0
61,59,564.409,19,295.0,305.0
61,60,548.4135,2,300.0,305.0
61,64,501.92150000000004,8,320.0,305.0
61,67,944.8665,4,335.0,305.0
61,70,708.774,7,350.0,305.0
61,71,633.9925000000001,8,355.0,305.0
61,72,710.174,7,360.0,305.0
61,73,829.844,9,365.0,305.0
61,74,977.7085,8,370.0,305.0
61,75,868.635,12,375.0,305.0
61,78,938.318,7,390.0,305.0
61,80,1127.4699999999998,6,400.0,305.0
61,81,1085.4299999999998,10,405.0,305.0
61,82,962.612,3,410.0,305.0
61,83,890.2295,6,415.0,305.0
61,86,842.441,1,430.0,305.0
61,87,810.949,11,435.0,305.0
61,88,818.0975000000001,10,440.0,305.0
61,89,872.934,3,445.0,305.0
61,93,1358.8200000000002,2,465.0,305.0
61,94,1254.44,16,470.0,305.0
61,95,1085.28,7,475.0,305.0
61,96,980.0074999999999,4,480.0,305.0
61,97,1034.79,5,485.0,305.0
61,98,1044.595,4,490.0,305.0
61,104,426.467,2,520.0,305.0
61,105,427.1665,4,525.0,305.0
61,106,414.01599999999996,8,530.0,305.0
61,107,390.6645,2,535.0,305.0
61,111,660.686,9,555.0,305.0
61,116,257.206,5,580.0,305.0
61,117,212.504,12,585.0,305.0
61,118,145.0,9,590.0,305.0
61,119,125.949,6,595.0,305.0
61,121,52.1998,9,605.0,305.0
62,34,995.154,6,170.0,310.0
62,37,869.1845000000001,8,185.0,310.0
62,38,824.046,13,190.0,310.0
62,39,697.277,3,195.0,310.0
62,40,759.862,1,200.0,310.0
62,42,719.171,1,210.0,310.0
62,43,930.32,5,215.0,310.0
62,44,797.8525,10,220.0,310.0
62,45,608.4485,6,225.0,310.0
62,48,442.368,4,240.0,310.0
62,49,426.91700000000003,12,245.0,310.0
62,50,403.915,1,250.0,310.0
62,56,527.918,10,280.0,310.0
62,57,564.8589999999999,24,285.0,310.0
62,58,603.3995,18,290.0,310.0
62,59,562.11,17,295.0,310.0
62,61,583.805,1,305.0,310.0
62,62,593.652,10,310.0,310.0
62,63,535.516,5,315.0,310.0
62,64,494.921,7,320.0,310.0
62,67,954.614,5,335.0,310.0
62,70,821.7465,10,350.0,310.0
62,71,746.865,13,355.0,310.0
62,73,936.6185,6,365.0,310.0
62,74,987.5545,2,370.0,310.0
62,75,851.839,3,375.0,310.0
62,76,900.227,1,380.0,310.0
62,78,1007.4,15,390.0,310.0
62,80,1222.55,3,400.0,310.0
62,81,1144.27,9,405.0,310.0
62,85,1020.75,8,425.0,310.0
62,86,957.513,7,430.0,310.0
62,87,933.319,9,435.0,310.0
62,88,893.129,12,440.0,310.0
62,93,1307.93,1,465.0,310.0
62,95,1232.895,4,475.0,310.0
62,98,1077.0300000000002,12,490.0,310.0
62,99,1222.4,6,495.0,310.0
62,100,1213.755,4,500.0,310.0
62,101,1103.23,6,505.0,310.0
62,102,1237.495,10,510.0,310.0
62,104,430.017,2,520.0,310.0
62,105,402.415,1,525.0,310.0
62,106,402.8655,2,530.0,310.0
62,107,398.6155,4,535.0,310.0
62,111,648.889,11,555.0,310.0
62,116,264.007,3,580.0,310.0
62,119,115.399,7,595.0,310.0
62,121,50.5998,3,605.0,310.0
63,34,974.209,11,170.0,315.0
63,37,874.833,5,185.0,315.0
63,38,927.3705,26,190.0,315.0
63,39,909.925,9,195.0,315.0
63,40,778.357,9,200.0,315.0
63,41,857.438,7,205.0,315.0
63,42,946.066,2,210.0,315.0
63,44,711.2735,2,220.0,315.0
63,48,435.767,8,240.0,315.0
63,49,412.316,4,245.0,315.0
63,55,570.508,1,275.0,315.0
63,56,562.4095,4,280.0,315.0
63,57,614.997,1,285.0,315.0
63,58,605.799,6,290.0,315.0
63,59,580.905,2,295.0,315.0
63,61,551.712,1,305.0,315.0
63,62,597.801,6,310.0,315.0
63,64,502.521,9,320.0,315.0
63,67,1020.4465,4,335.0,315.0
63,68,979.808,9,340.0,315.0
63,69,860.287,10,345.0,315.0
63,71,825.9455,16,355.0,315.0
63,74,1022.645,4,370.0,315.0
63,75,861.737,1,375.0,315.0
63,76,862.2365,6,380.0,315.0
63,78,1007.7,4,390.0,315.0
63,81,1218.1,10,405.0,315.0
63,82,1233.045,10,410.0,315.0
63,83,1201.8,6,415.0,315.0
63,84,1147.17,13,420.0,315.0
63,85,1123.77,4,425.0,315.0
63,88,976.309,13,440.0,315.0
63,89,1012.4485,4,445.0,315.0
63,95,1130.97,5,475.0,315.0
63,96,1181.86,1,480.0,315.0
63,98,1016.5474999999999,12,490.0,315.0
63,102,1225.495,4,510.0,315.0
63,111,500.921,19,555.0,315.0
63,112,522.869,2,560.0,315.0
63,113,562.0095,6,565.0,315.0
63,114,592.003,1,570.0,315.0
63,116,236.805,5,580.0,315.0
63,117,512.676,2,585.0,315.0
63,119,107.549,12,595.0,315.0
63,121,47.1999,3,605.0,315.0
63,122,41.049949999999995,2,610.0,315.0
64,34,477.52,7,170.0,320.0
64,37,900.2275,10,185.0,320.0
64,38,918.1724999999999,18,190.0,320.0
64,39,930.12,11,195.0,320.0
64,40,918.9225,2,200.0,320.0
64,43,910.825,5,215.0,320.0
64,44,581.405,8,220.0,320.0
64,45,538.915,7,225.0,320.0
64,46,489.921,2,230.0,320.0
64,47,464.219,9,235.0,320.0
64,48,443.668,12,240.0,320.0
64,55,587.304,11,275.0,320.0
64,60,808.5495,2,300.0,320.0
64,62,623.9945,8,310.0,320.0
64,64,565.8589999999999,6,320.0,320.0
64,68,1095.48,4,340.0,320.0
64,69,1087.23,2,345.0,320.0
64,71,867.785,6,355.0,320.0
64,74,1080.53,6,370.0,320.0
64,76,905.626,10,380.0,320.0
64,77,1025.8,3,385.0,320.0
64,78,1054.19,4,390.0,320.0
64,79,1052.19,4,395.0,320.0
64,81,1275.04,7,405.0,320.0
64,84,1173.46,3,420.0,320.0
64,88,1064.0900000000001,6,440.0,320.0
64,89,999.953,8,445.0,320.0
64,95,1298.1799999999998,2,475.0,320.0
64,96,1254.04,2,480.0,320.0
64,98,928.62,11,490.0,320.0
64,101,1118.87,1,505.0,320.0
64,102,1030.394,2,510.0,320.0
64,108,554.112,3,540.0,320.0
64,109,486.4705,6,545.0,320.0
64,110,417.716,5,550.0,320.0
64,111,384.714,12,555.0,320.0
64,112,450.718,1,560.0,320.0
64,113,587.9535,2,565.0,320.0
64,116,201.4035,2,580.0,320.0
64,117,239.905,3,585.0,320.0
64,119,89.2992,12,595.0,320.0
64,122,40.34995,12,610.0,320.0
65,34,449.46799999999996,6,170.0,325.0
65,37,851.839,1,185.0,325.0
65,38,937.3185,14,190.0,325.0
65,39,935.069,8,195.0,325.0
65,40,941.917,17,200.0,325.0
65,41,931.5195,10,205.0,325.0
65,42,975.009,7,210.0,325.0
65,43,600.201,1,215.0,325.0
65,45,530.9175,2,225.0,325.0
65,46,514.221,11,230.0,325.0
65,47,469.6195,18,235.0,325.0
65,48,420.216,3,240.0,325.0
65,55,597.801,8,275.0,325.0
65,59,732.068,5,295.0,325.0
65,60,750.4135,8,300.0,325.0
65,62,619.4955,10,310.0,325.0
65,64,505.422,2,320.0,325.0
65,65,565.559,2,325.0,325.0
65,68,1109.18,5,340.0,325.0
65,69,1061.09,5,345.0,325.0
65,70,1030.2,5,350.0,325.0
65,71,1000.355,4,355.0,325.0
65,72,875.3335,6,360.0,325.0
65,74,1107.0749999999998,6,370.0,325.0
65,76,930.42,9,380.0,325.0
65,77,977.208,9,385.0,325.0
65,78,1049.29,15,390.0,325.0
65,79,1025.8,4,395.0,325.0
65,81,1306.23,8,405.0,325.0
65,84,1214.15,1,420.0,325.0
65,85,1229.15,3,425.0,325.0
65,88,1120.625,2,440.0,325.0
65,89,1054.69,8,445.0,325.0
65,90,1069.685,4,450.0,325.0
65,91,1207.25,1,455.0,325.0
65,92,1336.02,7,460.0,325.0
65,93,1401.3,9,465.0,325.0
65,94,1501.88,1,470.0,325.0
65,96,1305.63,7,480.0,325.0
65,98,909.225,10,490.0,325.0
65,99,924.921,7,495.0,325.0
65,100,911.125,3,500.0,325.0
65,101,1025.0,5,505.0,325.0
65,111,336.511,11,555.0,325.0
65,115,169.001,5,575.0,325.0
65,119,75.99945,2,595.0,325.0
65,120,68.5995,3,600.0,325.0
65,122,30.2001,9,610.0,325.0
66,34,451.9685,6,170.0,330.0
66,37,875.933,7,185.0,330.0
66,38,932.019,23,190.0,330.0
66,41,902.3765000000001,8,205.0,330.0
66,42,896.728,5,210.0,330.0
66,43,620.1455,8,215.0,330.0
66,44,597.701,13,220.0,330.0
66,45,592.7025,10,225.0,330.0
66,46,533.017,20,230.0,330.0
66,47,478.52,15,235.0,330.0
66,53,670.6835000000001,2,265.0,330.0
66,55,623.895,14,275.0,330.0
66,56,631.7425000000001,4,280.0,330.0
66,57,626.0440000000001,2,285.0,330.0
66,58,654.387,14,290.0,330.0
66,59,676.182,8,295.0,330.0
66,60,752.463,1,300.0,330.0
66,62,627.6435,4,310.0,330.0
66,64,568.858,2,320.0,330.0
66,65,520.47,4,325.0,330.0
66,68,1135.97,7,340.0,330.0
66,69,1147.72,2,345.0,330.0
66,72,985.406,9,360.0,330.0
66,74,1148.5149999999999,4,370.0,330.0
66,76,960.6125,2,380.0,330.0
66,77,1098.58,12,385.0,330.0
66,78,1147.27,17,390.0,330.0
66,79,1125.77,13,395.0,330.0
66,80,1173.5100000000002,2,400.0,330.0
66,81,1309.73,10,405.0,330.0
66,85,1276.885,6,425.0,330.0
66,88,1439.895,10,440.0,330.0
66,90,1118.775,10,450.0,330.0
66,91,1215.05,18,455.0,330.0
66,92,1282.135,4,460.0,330.0
66,94,1425.7,9,470.0,330.0
66,96,1276.04,3,480.0,330.0
66,98,825.9455,4,490.0,330.0
66,99,828.995,4,495.0,330.0
66,106,406.016,1,530.0,330.0
66,107,420.216,3,535.0,330.0
66,108,367.96299999999997,4,540.0,330.0
66,109,332.861,4,545.0,330.0
66,110,318.01,5,550.0,330.0
66,111,280.408,13,555.0,330.0
66,116,145.55,6,580.0,330.0
66,120,66.9995,7,600.0,330.0
66,122,33.4001,9,610.0,330.0
66,123,21.1,25,615.0,330.0
66,124,10.9,16,620.0,330.0
66,125,5.0,11,625.0,330.0
66,126,0.0,10,630.0,330.0
66,127,0.0,13,635.0,330.0
67,34,439.718,5,170.0,335.0
67,38,536.5160000000001,12,190.0,335.0
67,39,563.609,1,195.0,335.0
67,41,883.0315,4,205.0,335.0
67,43,631.893,5,215.0,335.0
67,44,591.903,1,220.0,335.0
67,45,584.204,3,225.0,335.0
67,46,503.021,13,230.0,335.0
67,47,478.57,16,235.0,335.0
67,48,476.22,23,240.0,335.0
67,49,514.5715,16,245.0,335.0
67,50,522.419,1,250.0,335.0
67,53,699.376,21,265.0,335.0
67,54,658.386,15,270.0,335.0
67,55,654.887,15,275.0,335.0
67,58,671.183,7,290.0,335.0
67,59,713.7729999999999,6,295.0,335.0
67,62,658.386,7,310.0,335.0
67,65,585.904,11,325.0,335.0
67,68,1201.95,3,340.0,335.0
67,69,1130.37,1,345.0,335.0
67,72,1020.696,2,360.0,335.0
67,75,1163.16,3,375.0,335.0
67,76,1032.895,4,380.0,335.0
67,77,1128.07,19,385.0,335.0
67,78,1216.6999999999998,12,390.0,335.0
67,79,1193.36,15,395.0,335.0
67,81,1306.13,6,405.0,335.0
67,82,1371.01,1,410.0,335.0
67,85,1309.7800000000002,6,425.0,335.0
67,88,1512.18,3,440.0,335.0
67,89,1425.845,6,445.0,335.0
67,90,1124.9250000000002,4,450.0,335.0
67,91,1250.845,12,455.0,335.0
67,92,1412.2,18,460.0,335.0
67,94,1442.545,6,470.0,335.0
67,96,1442.9450000000002,6,480.0,335.0
67,99,750.564,7,495.0,335.0
67,100,630.993,11,500.0,335.0
67,101,600.7004999999999,10,505.0,335.0
67,102,584.354,10,510.0,335.0
67,103,557.011,9,515.0,335.0
67,104,449.068,10,520.0,335.0
67,105,439.418,7,525.0,335.0
67,106,415.616,4,530.0,335.0
67,107,379.114,3,535.0,335.0
67,111,245.506,5,555.0,335.0
67,114,127.699,1,570.0,335.0
67,115,121.199,5,575.0,335.0
67,116,112.599,7,580.0,335.0
67,117,102.19905,6,585.0,335.0
67,118,79.3994,9,590.0,335.0
67,119,67.6995,7,595.0,335.0
67,120,52.549800000000005,14,600.0,335.0
67,121,47.5998,1,605.0,335.0
67,122,36.15,16,610.0,335.0
67,123,18.85,2,615.0,335.0
67,124,10.5,7,620.0,335.0
67,125,6.1,15,625.0,335.0
67,126,0.2,12,630.0,335.0
67,127,0.0,15,635.0,335.0
68,34,426.317,7,170.0,340.0
68,37,493.621,8,185.0,340.0
68,38,510.8715,14,190.0,340.0
68,39,547.413,11,195.0,340.0
68,40,541.3645,18,200.0,340.0
68,41,544.2645,10,205.0,340.0
68,44,584.904,3,220.0,340.0
68,45,552.812,12,225.0,340.0
68,46,510.072,18,230.0,340.0
68,47,518.62,15,235.0,340.0
68,48,529.518,18,240.0,340.0
68,49,634.192,27,245.0,340.0
68,50,606.299,14,250.0,340.0
68,51,580.605,14,255.0,340.0
68,52,740.966,10,260.0,340.0
68,53,720.971,24,265.0,340.0
68,54,682.8805,4,270.0,340.0
68,55,666.184,12,275.0,340.0
68,57,759.1115,12,285.0,340.0
68,58,724.72,10,290.0,340.0
68,59,728.6189999999999,6,295.0,340.0
68,60,750.264,6,300.0,340.0
68,61,722.571,1,305.0,340.0
68,62,651.788,14,310.0,340.0
68,64,616.2465,10,320.0,340.0
68,65,554.6115,10,325.0,340.0
68,69,1213.85,7,345.0,340.0
68,72,1091.78,9,360.0,340.0
68,73,1026.6,5,365.0,340.0
68,74,1167.96,5,370.0,340.0
68,75,1068.29,9,375.0,340.0
68,76,1128.47,8,380.0,340.0
68,77,1142.77,11,385.0,340.0
68,78,1108.675,2,390.0,340.0
68,79,1150.22,2,395.0,340.0
68,80,1212.55,1,400.0,340.0
68,81,1367.51,3,405.0,340.0
68,82,1328.12,7,410.0,340.0
68,83,1449.74,4,415.0,340.0
68,84,1448.89,5,420.0,340.0
68,85,1358.32,5,425.0,340.0
68,86,1398.21,5,430.0,340.0
68,88,1497.38,1,440.0,340.0
68,89,1460.79,3,445.0,340.0
68,91,1249.69,2,455.0,340.0
68,92,1431.1,19,460.0,340.0
68,93,1434.1,3,465.0,340.0
68,94,1476.09,9,470.0,340.0
68,95,1463.3400000000001,2,475.0,340.0
68,96,1476.885,12,480.0,340.0
68,99,703.175,13,495.0,340.0
68,100,666.884,1,500.0,340.0
68,103,536.314,2,515.0,340.0
68,104,461.919,5,520.0,340.0
68,105,483.82,1,525.0,340.0
68,111,218.004,12,555.0,340.0
68,112,195.95299999999997,4,560.0,340.0
68,113,140.449,8,565.0,340.0
68,114,112.899,8,570.0,340.0
68,118,87.09925,2,590.0,340.0
68,122,50.1498,16,610.0,340.0
69,34,415.816,7,170.0,345.0
69,35,439.518,1,175.0,345.0
69,36,449.118,13,180.0,345.0
69,37,473.72,15,185.0,345.0
69,38,511.522,3,190.0,345.0
69,39,513.5215000000001,2,195.0,345.0
69,40,539.3155,10,200.0,345.0
69,41,520.42,13,205.0,345.0
69,43,420.316,1,215.0,345.0
69,44,570.658,14,220.0,345.0
69,45,564.309,4,225.0,345.0
69,47,559.41,7,235.0,345.0
69,48,605.499,20,240.0,345.0
69,49,654.5375,22,245.0,345.0
69,50,647.689,13,250.0,345.0
69,52,732.468,1,260.0,345.0
69,53,738.867,2,265.0,345.0
69,54,713.5225,6,270.0,345.0
69,55,695.0275,10,275.0,345.0
69,57,744.465,2,285.0,345.0
69,59,787.455,11,295.0,345.0
69,60,772.2085,4,300.0,345.0
69,61,745.9649999999999,2,305.0,345.0
69,62,635.792,2,310.0,345.0
69,65,630.993,5,325.0,345.0
69,66,613.947,4,330.0,345.0
69,69,1267.335,6,345.0,345.0
69,72,1101.98,1,360.0,345.0
69,73,1130.97,7,365.0,345.0
69,74,1074.78,1,370.0,345.0
69,75,1181.16,7,375.0,345.0
69,77,1180.36,7,385.0,345.0
69,79,1143.87,1,395.0,345.0
69,80,1211.35,7,400.0,345.0
69,81,1374.2150000000001,4,405.0,345.0
69,82,1398.51,9,410.0,345.0
69,83,1456.54,4,415.0,345.0
69,84,1490.83,6,420.0,345.0
69,86,1413.9,4,430.0,345.0
69,88,1446.995,4,440.0,345.0
69,89,1474.3899999999999,4,445.0,345.0
69,92,1358.02,13,460.0,345.0
69,93,1410.7,1,465.0,345.0
69,94,1480.635,2,470.0,345.0
69,95,1495.6799999999998,4,475.0,345.0
69,96,1399.51,11,480.0,345.0
69,99,812.349,11,495.0,345.0
69,103,549.713,7,515.0,345.0
69,104,500.8215,8,520.0,345.0
69,105,442.26800000000003,4,525.0,345.0
69,110,313.81,5,550.0,345.0
69,111,290.709,11,555.0,345.0
69,113,136.099,2,565.0,345.0
69,114,144.9,3,570.0,345.0
69,115,186.8525,8,575.0,345.0
69,116,175.502,3,580.0,345.0
69,118,92.9992,3,590.0,345.0
69,121,67.9995,1,605.0,345.0
69,122,62.099599999999995,12,610.0,345.0
69,123,68.4995,5,615.0,345.0
70,33,383.614,5,165.0,350.0
70,34,363.913,11,170.0,350.0
70,35,402.215,21,175.0,350.0
70,36,407.816,5,180.0,350.0
70,37,449.668,16,185.0,350.0
70,38,504.62149999999997,6,190.0,350.0
70,39,516.421,15,195.0,350.0
70,40,439.518,1,200.0,350.0
70,41,444.218,9,205.0,350.0
70,42,405.416,7,210.0,350.0
70,43,428.567,4,215.0,350.0
70,45,590.2529999999999,4,225.0,350.0
70,46,590.303,11,230.0,350.0
70,47,598.8505,2,235.0,350.0
70,48,642.09,3,240.0,350.0
70,49,649.588,9,245.0,350.0
70,50,644.29,11,250.0,350.0
70,51,646.489,6,255.0,350.0
70,52,620.9455,2,260.0,350.0
70,54,707.5245,4,270.0,350.0
70,55,689.479,3,275.0,350.0
70,56,700.276,5,280.0,350.0
70,57,775.058,4,285.0,350.0
70,59,760.761,9,295.0,350.0
70,61,765.66,1,305.0,350.0
70,66,546.814,7,330.0,350.0
70,69,1263.8400000000001,6,345.0,350.0
70,70,1352.32,1,350.0,350.0
70,73,1141.37,3,365.0,350.0
70,75,1236.245,4,375.0,350.0
70,76,1217.25,1,380.0,350.0
70,77,1275.135,8,385.0,350.0
70,80,1265.14,5,400.0,350.0
70,82,1389.21,4,410.0,350.0
70,84,1457.44,6,420.0,350.0
70,87,1479.785,6,435.0,350.0
70,88,1480.39,5,440.0,350.0
70,89,1460.895,2,445.0,350.0
70,92,1308.6799999999998,6,460.0,350.0
70,93,1449.59,7,465.0,350.0
70,96,1457.99,10,480.0,350.0
70,99,833.344,9,495.0,350.0
70,103,548.113,6,515.0,350.0
70,104,523.3555,2,520.0,350.0
70,105,414.416,10,525.0,350.0
70,106,371.813,9,530.0,350.0
70,107,394.515,3,535.0,350.0
70,108,343.812,7,540.0,350.0
70,109,329.311,5,545.0,350.0
70,110,340.5615,2,550.0,350.0
70,111,269.60699999999997,12,555.0,350.0
70,114,159.601,5,570.0,350.0
70,119,187.502,3,595.0,350.0
70,120,207.20350000000002,2,600.0,350.0
70,122,73.0995,7,610.0,350.0
70,123,72.2995,1,615.0,350.0
71,33,368.013,19,165.0,355.0
71,34,345.412,5,170.0,355.0
71,35,365.813,1,175.0,355.0
71,39,529.018,9,195.0,355.0
71,40,544.0645,2,200.0,355.0
71,42,391.665,12,210.0,355.0
71,43,419.366,10,215.0,355.0
71,44,440.0175,6,220.0,355.0
71,45,463.0695,2,225.0,355.0
71,50,661.4355,2,250.0,355.0
71,51,673.783,7,255.0,355.0
71,52,676.182,11,260.0,355.0
71,53,657.7365,10,265.0,355.0
71,54,692.278,3,270.0,355.0
71,59,817.947,3,295.0,355.0
71,62,886.8305,2,310.0,355.0
71,66,624.5944999999999,4,330.0,355.0
71,68,1400.505,4,340.0,355.0
71,69,1335.32,12,345.0,355.0
71,70,1295.63,10,350.0,355.0
71,71,1360.5149999999999,6,355.0,355.0
71,72,1364.51,1,360.0,355.0
71,73,1165.46,5,365.0,355.0
71,76,1262.54,3,380.0,355.0
71,78,1302.475,4,390.0,355.0
71,80,1208.65,5,400.0,355.0
71,82,1381.9099999999999,4,410.0,355.0
71,84,1476.79,8,420.0,355.0
71,87,1460.79,7,435.0,355.0
71,92,1848.0,3,460.0,355.0
71,93,1842.945,18,465.0,355.0
71,94,1799.81,1,470.0,355.0
71,96,1844.6,7,480.0,355.0
71,99,948.615,5,495.0,355.0
71,100,823.946,2,500.0,355.0
71,103,628.993,1,515.0,355.0
71,104,547.8585,2,520.0,355.0
71,105,462.719,8,525.0,355.0
71,111,330.911,5,555.0,355.0
71,113,218.25400000000002,4,565.0,355.0
71,114,204.053,6,570.0,355.0
71,117,248.306,11,585.0,355.0
71,118,249.806,15,590.0,355.0
71,119,191.502,17,595.0,355.0
71,120,133.749,2,600.0,355.0
71,122,79.24934999999999,2,610.0,355.0
72,33,329.361,10,165.0,360.0
72,39,526.918,3,195.0,360.0
72,40,517.971,2,200.0,360.0
72,41,379.514,7,205.0,360.0
72,42,383.264,6,210.0,360.0
72,44,455.7185,6,220.0,360.0
72,45,475.22,2,225.0,360.0
72,46,468.5695,4,230.0,360.0
72,47,483.57000000000005,6,235.0,360.0
72,48,490.821,10,240.0,360.0
72,50,676.882,2,250.0,360.0
72,52,692.078,4,260.0,360.0
72,53,678.581,7,265.0,360.0
72,54,713.373,11,270.0,360.0
72,55,724.07,7,275.0,360.0
72,56,738.817,4,280.0,360.0
72,59,780.3065,6,295.0,360.0
72,61,870.5345,6,305.0,360.0
72,62,865.6859999999999,4,310.0,360.0
72,66,629.0935,6,330.0,360.0
72,69,1418.9,2,345.0,360.0
72,70,1385.26,6,350.0,360.0
72,72,1328.32,1,360.0,360.0
72,73,1192.4050000000002,2,365.0,360.0
72,74,1171.86,3,370.0,360.0
72,76,1272.74,5,380.0,360.0
72,78,1224.3000000000002,12,390.0,360.0
72,79,1325.52,2,395.0,360.0
72,80,1266.34,7,400.0,360.0
72,81,1340.62,5,405.0,360.0
72,82,1414.4,10,410.0,360.0
72,83,1353.12,1,415.0,360.0
72,85,1464.39,5,425.0,360.0
72,87,1471.24,2,435.0,360.0
72,88,1507.68,1,440.0,360.0
72,90,1861.09,3,450.0,360.0
72,91,1854.495,4,455.0,360.0
72,92,1757.12,1,460.0,360.0
72,93,1777.11,7,465.0,360.0
72,94,1828.35,10,470.0,360.0
72,96,1849.7,3,480.0,360.0
72,100,918.923,5,500.0,360.0
72,102,632.0925,2,510.0,360.0
72,103,570.3575,4,515.0,360.0
72,104,535.2165,2,520.0,360.0
72,105,522.12,9,525.0,360.0
72,111,328.611,3,555.0,360.0
72,112,318.61,5,560.0,360.0
72,113,253.106,2,565.0,360.0
72,114,242.15550000000002,8,570.0,360.0
72,115,282.408,1,575.0,360.0
72,117,200.503,16,585.0,360.0
72,118,157.6,17,590.0,360.0
72,119,142.9,11,595.0,360.0
72,120,108.599,9,600.0,360.0
72,122,85.49925,2,610.0,360.0
73,32,331.211,3,160.0,365.0
73,33,319.6105,10,165.0,365.0
73,40,333.911,3,200.0,365.0
73,41,362.313,5,205.0,365.0
73,42,396.365,2,210.0,365.0
73,48,468.219,1,240.0,365.0
73,49,658.3365,10,245.0,365.0
73,50,674.782,3,250.0,365.0
73,52,648.189,3,260.0,365.0
73,53,680.781,3,265.0,365.0
73,55,738.9665,6,275.0,365.0
73,56,739.566,13,280.0,365.0
73,57,753.763,6,285.0,365.0
73,58,775.2574999999999,4,290.0,365.0
73,59,804.6510000000001,2,295.0,365.0
73,61,844.541,17,305.0,365.0
73,62,687.4295,6,310.0,365.0
73,63,679.3815,2,315.0,365.0
73,66,642.29,7,330.0,365.0
73,70,1427.9,13,350.0,365.0
73,71,1391.11,1,355.0,365.0
73,73,1228.6950000000002,4,365.0,365.0
73,74,1229.85,5,370.0,365.0
73,75,1294.385,6,375.0,365.0
73,76,1315.025,6,380.0,365.0
73,77,1349.37,8,385.0,365.0
73,78,1298.43,1,390.0,365.0
73,79,1158.66,1,395.0,365.0
73,80,1266.285,4,400.0,365.0
73,82,1445.09,9,410.0,365.0
73,83,1451.59,3,415.0,365.0
73,85,1468.99,9,425.0,365.0
73,86,1477.6399999999999,6,430.0,365.0
73,87,1457.49,7,435.0,365.0
73,88,1499.08,2,440.0,365.0
73,91,1918.08,5,455.0,365.0
73,93,1745.52,17,465.0,365.0
73,94,1737.92,15,470.0,365.0
73,95,1774.115,2,475.0,365.0
73,96,1800.61,3,480.0,365.0
73,98,889.03,3,490.0,365.0
73,99,965.1614999999999,10,495.0,365.0
73,100,936.5185,6,500.0,365.0
73,103,610.598,3,515.0,365.0
73,105,531.617,3,525.0,365.0
73,111,273.6075,2,555.0,365.0
73,112,301.209,5,560.0,365.0
73,115,268.607,5,575.0,365.0
73,116,230.405,3,580.0,365.0
73,117,180.102,11,585.0,365.0
73,118,123.899,11,590.0,365.0
73,119,106.299,15,595.0,365.0
73,120,90.9992,7,600.0,365.0
73,121,86.54925,2,605.0,365.0
73,122,85.3993,5,610.0,365.0
73,123,89.5992,1,615.0,365.0
74,32,300.159,8,160.0,370.0
74,33,255.106,13,165.0,370.0
74,35,320.31,1,175.0,370.0
74,36,287.408,7,180.0,370.0
74,37,317.41,7,185.0,370.0
74,38,328.511,11,190.0,370.0
74,39,344.712,9,195.0,370.0
74,40,353.8125,4,200.0,370.0
74,46,506.422,1,230.0,370.0
74,47,544.714,11,235.0,370.0
74,48,567.8585,8,240.0,370.0
74,49,581.605,5,245.0,370.0
74,52,660.786,3,260.0,370.0
74,55,743.1655000000001,4,275.0,370.0
74,56,748.164,11,280.0,370.0
74,58,789.704,6,290.0,370.0
74,59,793.453,1,295.0,370.0
74,61,809.749,10,305.0,370.0
74,62,682.98,4,310.0,370.0
74,63,665.9845,4,315.0,370.0
74,64,645.09,7,320.0,370.0
74,65,665.635,8,325.0,370.0
74,66,623.895,15,330.0,370.0
74,67,647.889,4,335.0,370.0
74,68,635.892,2,340.0,370.0
74,69,621.1955,2,345.0,370.0
74,70,1429.5,3,350.0,370.0
74,73,1309.675,4,365.0,370.0
74,80,1312.83,7,400.0,370.0
74,82,1411.8,3,410.0,370.0
74,83,1416.9,5,415.0,370.0
74,85,1459.59,11,425.0,370.0
74,86,1462.09,1,430.0,370.0
74,87,1403.1,1,435.0,370.0
74,91,1879.99,9,455.0,370.0
74,93,1711.63,11,465.0,370.0
74,94,1726.33,9,470.0,370.0
74,100,993.0554999999999,8,500.0,370.0
74,105,605.299,3,525.0,370.0
74,111,339.011,3,555.0,370.0
74,112,317.31,7,560.0,370.0
74,115,255.706,7,575.0,370.0
75,32,249.156,18,160.0,375.0
75,33,258.707,16,165.0,375.0
75,34,282.208,7,170.0,375.0
75,35,286.6085,4,175.0,375.0
75,36,305.409,3,180.0,375.0
75,39,394.315,6,195.0,375.0
75,40,401.915,7,200.0,375.0
75,45,515.421,3,225.0,375.0
75,46,529.6175000000001,6,230.0,375.0
75,47,530.418,1,235.0,375.0
75,48,561.81,1,240.0,375.0
75,49,581.605,2,245.0,375.0
75,50,589.103,5,250.0,375.0
75,51,594.202,3,255.0,375.0
75,52,694.677,5,260.0,375.0
75,55,747.2645,8,275.0,375.0
75,56,763.1105,6,280.0,375.0
75,57,757.662,13,285.0,375.0
75,58,763.461,11,290.0,375.0
75,59,766.81,6,295.0,375.0
75,60,757.162,5,300.0,375.0
75,61,776.3075,6,305.0,375.0
75,62,787.955,7,310.0,375.0
75,64,650.388,11,320.0,375.0
75,66,641.8905,2,330.0,375.0
75,67,595.5515,2,335.0,375.0
75,68,647.989,3,340.0,375.0
75,69,1441.15,4,345.0,375.0
75,70,1426.95,8,350.0,375.0
75,73,1333.22,9,365.0,375.0
75,74,1371.01,17,370.0,375.0
75,75,1407.8,7,375.0,375.0
75,76,1406.3049999999998,2,380.0,375.0
75,79,1353.865,2,395.0,375.0
75,80,1349.92,10,400.0,375.0
75,81,1357.02,8,405.0,375.0
75,82,1339.32,5,410.0,375.0
75,83,1391.81,9,415.0,375.0
75,86,1449.99,3,430.0,375.0
75,91,1785.96,6,455.0,375.0
75,93,1722.13,7,465.0,375.0
75,94,1650.24,15,470.0,375.0
75,100,933.1695,6,500.0,375.0
75,101,904.926,3,505.0,375.0
75,102,757.662,5,510.0,375.0
75,103,771.759,6,515.0,375.0
75,104,718.372,15,520.0,375.0
75,105,638.091,11,525.0,375.0
75,111,371.013,3,555.0,375.0
75,112,355.512,11,560.0,375.0
75,116,388.615,1,580.0,375.0
75,117,474.41999999999996,4,585.0,375.0
75,118,544.314,5,590.0,375.0
76,32,211.504,17,160.0,380.0
76,33,250.55599999999998,16,165.0,380.0
76,39,387.914,5,195.0,380.0
76,40,381.464,8,200.0,380.0
76,43,431.217,3,215.0,380.0
76,45,501.721,7,225.0,380.0
76,51,613.4975,12,255.0,380.0
76,55,754.663,9,275.0,380.0
76,59,768.6595,4,295.0,380.0
76,60,778.207,4,300.0,380.0
76,61,771.3589999999999,12,305.0,380.0
76,62,794.553,11,310.0,380.0
76,64,696.077,7,320.0,380.0
76,68,1570.56,5,340.0,380.0
76,69,1463.74,6,345.0,380.0
76,70,1447.5949999999998,2,350.0,380.0
76,73,1373.1100000000001,4,365.0,380.0
76,77,1527.725,4,385.0,380.0
76,79,1331.12,1,395.0,380.0
76,80,1348.12,3,400.0,380.0
76,83,1904.58,3,415.0,380.0
76,90,1728.82,3,450.0,380.0
76,91,1792.71,8,455.0,380.0
76,92,1727.175,10,460.0,380.0
76,93,1677.34,11,465.0,380.0
76,94,1602.3600000000001,16,470.0,380.0
76,95,1487.83,2,475.0,380.0
76,100,803.751,5,500.0,380.0
76,101,806.95,3,505.0,380.0
76,103,731.968,11,515.0,380.0
76,104,838.242,3,520.0,380.0
76,112,397.915,11,560.0,380.0
76,113,332.411,1,565.0,380.0
76,114,411.016,7,570.0,380.0
76,115,379.814,3,575.0,380.0
76,116,454.9685,8,580.0,380.0
76,117,554.0615,6,585.0,380.0
76,118,642.69,3,590.0,380.0
76,120,994.104,5,600.0,380.0
76,121,1036.69,11,605.0,380.0
76,122,966.611,7,610.0,380.0
76,123,973.909,3,615.0,380.0
76,124,1064.89,3,620.0,380.0
77,32,181.052,20,160.0,385.0
77,33,233.305,15,165.0,385.0
77,34,230.2545,2,170.0,385.0
77,36,252.706,1,180.0,385.0
77,37,303.209,1,185.0,385.0
77,38,270.007,1,190.0,385.0
77,39,335.411,11,195.0,385.0
77,40,348.312,4,200.0,385.0
77,41,362.213,1,205.0,385.0
77,42,397.115,2,210.0,385.0
77,43,418.016,5,215.0,385.0
77,45,477.12,10,225.0,385.0
77,50,599.401,1,250.0,385.0
77,51,612.597,5,255.0,385.0
77,55,764.6105,6,275.0,385.0
77,58,762.611,4,290.0,385.0
77,61,780.956,3,305.0,385.0
77,62,823.946,11,310.0,385.0
77,63,837.842,9,315.0,385.0
77,64,671.983,11,320.0,385.0
77,65,685.88,5,325.0,385.0
77,66,677.432,2,330.0,385.0
77,67,1572.26,3,335.0,385.0
77,68,1553.47,8,340.0,385.0
77,69,1465.24,4,345.0,385.0
77,73,1381.76,8,365.0,385.0
77,74,1427.3,3,370.0,385.0
77,76,1552.07,3,380.0,385.0
77,77,1567.06,3,385.0,385.0
77,84,1747.02,1,420.0,385.0
77,86,1923.98,3,430.0,385.0
77,87,1883.19,4,435.0,385.0
77,88,1853.89,9,440.0,385.0
77,89,1828.05,14,445.0,385.0
77,91,1749.57,2,455.0,385.0
77,92,1808.21,11,460.0,385.0
77,93,1657.24,6,465.0,385.0
77,94,1591.86,15,470.0,385.0
77,95,1468.49,7,475.0,385.0
77,97,1033.99,1,485.0,385.0
77,100,720.171,1,500.0,385.0
77,101,1155.065,4,505.0,385.0
77,103,715.572,3,515.0,385.0
77,104,747.6144999999999,4,520.0,385.0
77,105,875.783,2,525.0,385.0
77,106,806.05,7,530.0,385.0
77,107,779.957,5,535.0,385.0
77,108,756.6125,10,540.0,385.0
77,109,620.7955,10,545.0,385.0
77,110,595.902,7,550.0,385.0
77,111,506.3215,14,555.0,385.0
77,112,449.918,13,560.0,385.0
77,116,546.714,3,580.0,385.0
77,117,664.885,7,585.0,385.0
77,118,1029.8955,6,590.0,385.0
77,119,908.125,3,595.0,385.0
77,120,1045.8899999999999,2,600.0,385.0
77,122,979.2075,8,610.0,385.0
78,26,95.0491,2,130.0,390.0
78,27,110.499,3,135.0,390.0
78,28,119.999,6,140.0,390.0
78,32,203.503,12,160.0,390.0
78,33,226.45499999999998,12,165.0,390.0
78,34,237.005,2,170.0,390.0
78,35,259.207,1,175.0,390.0
78,36,258.2065,4,180.0,390.0
78,37,271.90700000000004,6,185.0,390.0
78,38,290.3085,14,190.0,390.0
78,39,320.71000000000004,6,195.0,390.0
78,40,317.81,7,200.0,390.0
78,41,370.3135,6,205.0,390.0
78,42,399.115,7,210.0,390.0
78,43,421.2665,6,215.0,390.0
78,44,432.317,5,220.0,390.0
78,45,447.718,13,225.0,390.0
78,46,482.62,9,230.0,390.0
78,47,518.1205,2,235.0,390.0
78,48,531.1165,2,240.0,390.0
78,50,608.698,7,250.0,390.0
78,54,769.759,9,270.0,390.0
78,55,765.2105,4,275.0,390.0
78,56,810.249,3,280.0,390.0
78,57,828.245,9,285.0,390.0
78,58,772.858,3,290.0,390.0
78,61,878.533,15,305.0,390.0
78,63,853.939,5,315.0,390.0
78,64,635.492,1,320.0,390.0
78,65,670.183,5,325.0,390.0
78,66,705.575,9,330.0,390.0
78,67,1502.88,3,335.0,390.0
78,68,1512.2800000000002,14,340.0,390.0
78,69,1476.09,9,345.0,390.0
78,70,1487.58,15,350.0,390.0
78,71,1555.9699999999998,8,355.0,390.0
78,72,1477.49,7,360.0,390.0
78,73,1450.09,17,365.0,390.0
78,74,1444.0949999999998,8,370.0,390.0
78,75,1489.085,4,375.0,390.0
78,76,1491.98,9,380.0,390.0
78,77,1525.67,5,385.0,390.0
78,78,1605.955,4,390.0,390.0
78,79,1613.8,4,395.0,390.0
78,80,1600.56,2,400.0,390.0
78,84,1887.64,8,420.0,390.0
78,85,1901.93,8,425.0,390.0
78,86,1903.88,7,430.0,390.0
78,87,1848.995,2,435.0,390.0
78,88,1861.79,3,440.0,390.0
78,89,1820.9,5,445.0,390.0
78,92,1775.41,3,460.0,390.0
78,93,1533.425,2,465.0,390.0
78,94,1505.73,20,470.0,390.0
78,95,1408.65,12,475.0,390.0
78,96,1326.625,18,480.0,390.0
78,97,1202.505,20,485.0,390.0
78,98,1169.46,10,490.0,390.0
78,99,991.505,9,495.0,390.0
78,100,966.111,3,500.0,390.0
78,101,927.1705,10,505.0,390.0
78,102,942.817,11,510.0,390.0
78,103,898.528,7,515.0,390.0
78,104,810.849,5,520.0,390.0
78,105,877.3824999999999,12,525.0,390.0
78,106,902.9265,2,530.0,390.0
78,107,788.9045,2,535.0,390.0
78,112,454.719,5,560.0,390.0
78,117,776.258,7,585.0,390.0
78,120,1057.59,5,600.0,390.0
78,122,989.0554999999999,12,610.0,390.0
79,19,37.2,1,95.0,395.0
79,20,66.8996,9,100.0,395.0
79,21,69.0995,11,105.0,395.0
79,22,87.2992,19,110.0,395.0
79,23,110.699,15,115.0,395.0
79,24,119.299,20,120.0,395.0
79,25,130.49900000000002,22,125.0,395.0
79,26,146.0,13,130.0,395.0
79,27,165.651,18,135.0,395.0
79,28,173.301,15,140.0,395.0
79,29,177.0515,12,145.0,395.0
79,30,183.902,19,150.0,395.0
79,31,213.404,10,155.0,395.0
79,32,241.006,13,160.0,395.0
79,33,252.306,9,165.0,395.0
79,38,343.812,9,190.0,395.0
79,39,339.712,1,195.0,395.0
79,40,389.815,13,200.0,395.0
79,44,582.255,2,220.0,395.0
79,45,501.671,14,225.0,395.0
79,46,466.569,2,230.0,395.0
79,47,511.022,1,235.0,395.0
79,48,521.6695,6,240.0,395.0
79,49,558.511,7,245.0,395.0
79,50,579.8555,16,250.0,395.0
79,54,788.0550000000001,4,270.0,395.0
79,56,835.3435,2,280.0,395.0
79,57,838.742,16,285.0,395.0
79,58,783.656,2,290.0,395.0
79,60,883.831,3,300.0,395.0
79,61,892.029,5,305.0,395.0
79,66,697.4765,8,330.0,395.0
79,69,1541.22,4,345.0,395.0
79,70,1516.575,6,350.0,395.0
79,72,1523.88,5,360.0,395.0
79,73,1509.08,11,365.0,395.0
79,76,1508.38,1,380.0,395.0
79,79,1650.74,15,395.0,395.0
79,80,1728.82,3,400.0,395.0
79,81,1692.43,9,405.0,395.0
79,82,1790.21,5,410.0,395.0
79,84,1913.98,4,420.0,395.0
79,89,1882.29,8,445.0,395.0
79,90,1824.35,2,450.0,395.0
79,94,1493.03,10,470.0,395.0
79,95,1369.31,15,475.0,395.0
79,98,1096.98,7,490.0,395.0
79,102,860.137,9,510.0,395.0
79,105,911.3745,8,525.0,395.0
79,112,569.908,7,560.0,395.0
79,113,624.095,13,565.0,395.0
79,114,692.8779999999999,10,570.0,395.0
79,115,687.479,5,575.0,395.0
79,117,815.348,1,585.0,395.0
79,120,1095.98,1,600.0,395.0
79,122,949.815,13,610.0,395.0
80,11,0.0,3,55.0,400.0
80,12,0.0,17,60.0,400.0
80,13,1.7,14,65.0,400.0
80,14,7.749995,20,70.0,400.0
80,15,16.35,22,75.0,400.0
80,16,31.7001,11,80.0,400.0
80,17,42.1499,24,85.0,400.0
80,18,56.0997,13,90.0,400.0
80,19,68.2995,19,95.0,400.0
80,20,88.3992,11,100.0,400.0
80,21,96.9991,18,105.0,400.0
80,22,109.699,21,110.0,400.0
80,23,129.49900000000002,10,115.0,400.0
80,24,139.79899999999998,12,120.0,400.0
80,25,150.8,16,125.0,400.0
80,26,161.601,7,130.0,400.0
80,27,159.501,1,135.0,400.0
80,28,184.402,13,140.0,400.0
80,29,199.003,9,145.0,400.0
80,30,213.404,5,150.0,400.0
80,31,226.505,12,155.0,400.0
80,32,247.406,10,160.0,400.0
80,33,274.108,23,165.0,400.0
80,34,280.858,16,170.0,400.0
80,35,292.059,22,175.0,400.0
80,36,305.709,14,180.0,400.0
80,37,324.211,13,185.0,400.0
80,38,333.861,16,190.0,400.0
80,39,363.413,13,195.0,400.0
80,40,373.614,11,200.0,400.0
80,41,405.3655,4,205.0,400.0
80,45,542.6645,12,225.0,400.0
80,46,547.613,1,230.0,400.0
80,50,582.305,7,250.0,400.0
80,53,779.157,5,265.0,400.0
80,54,782.056,5,270.0,400.0
80,55,793.453,5,275.0,400.0
80,56,795.153,3,280.0,400.0
80,57,832.044,5,285.0,400.0
80,61,917.523,1,305.0,400.0
80,62,905.426,5,310.0,400.0
80,63,880.7819999999999,2,315.0,400.0
80,64,874.733,1,320.0,400.0
80,66,696.177,7,330.0,400.0
80,67,697.377,3,335.0,400.0
80,69,1542.4699999999998,6,345.0,400.0
80,70,1640.25,1,350.0,400.0
80,72,1537.27,2,360.0,400.0
80,73,1562.07,3,365.0,400.0
80,76,1505.93,2,380.0,400.0
80,79,1688.685,12,395.0,400.0
80,81,1804.76,2,405.0,400.0
80,82,1795.31,3,410.0,400.0
80,84,1929.38,1,420.0,400.0
80,85,1910.68,1,425.0,400.0
80,89,1916.98,2,445.0,400.0
80,90,1906.585,4,450.0,400.0
80,94,1595.66,15,470.0,400.0
80,95,1469.0900000000001,30,475.0,400.0
80,98,1156.61,12,490.0,400.0
80,102,863.6365000000001,4,510.0,400.0
80,104,1022.8,1,520.0,400.0
80,105,1014.3985,12,525.0,400.0
80,110,850.8895,6,550.0,400.0
80,111,752.463,5,555.0,400.0
80,112,704.925,8,560.0,400.0
80,113,682.3805,4,565.0,400.0
80,122,948.515,7,610.0,400.0
81,11,0.5,5,55.0,405.0
81,12,0.0,17,60.0,405.0
81,13,0.0,13,65.0,405.0
81,14,7.79999,23,70.0,405.0
81,15,19.0,17,75.0,405.0
81,16,29.100099999999998,12,80.0,405.0
81,17,43.6999,21,85.0,405.0
81,18,55.5997,15,90.0,405.0
81,19,70.8995,13,95.0,405.0
81,20,86.8492,10,100.0,405.0
81,21,100.399,12,105.0,405.0
81,22,117.299,5,110.0,405.0
81,32,270.707,9,160.0,405.0
81,33,300.959,10,165.0,405.0
81,35,308.61,1,175.0,405.0
81,38,356.013,3,190.0,405.0
81,40,388.0645,10,200.0,405.0
81,41,422.0665,6,205.0,405.0
81,42,428.717,10,210.0,405.0
81,43,430.517,10,215.0,405.0
81,44,459.419,5,220.0,405.0
81,45,565.8589999999999,4,225.0,405.0
81,46,580.805,11,230.0,405.0
81,47,601.5,9,235.0,405.0
81,48,597.5509999999999,2,240.0,405.0
81,49,594.052,4,245.0,405.0
81,50,583.305,7,250.0,405.0
81,53,781.2065,8,265.0,405.0
81,56,783.556,5,280.0,405.0
81,57,853.2384999999999,8,285.0,405.0
81,58,882.632,11,290.0,405.0
81,59,887.0305000000001,2,295.0,405.0
81,63,921.1225,2,315.0,405.0
81,64,914.7235000000001,2,320.0,405.0
81,65,908.225,7,325.0,405.0
81,66,659.486,3,330.0,405.0
81,67,694.378,5,335.0,405.0
81,69,1549.97,3,345.0,405.0
81,72,1547.2649999999999,2,360.0,405.0
81,73,1532.87,5,365.0,405.0
81,76,1574.0149999999999,2,380.0,405.0
81,78,1759.7649999999999,4,390.0,405.0
81,79,1781.665,4,395.0,405.0
81,81,1806.655,10,405.0,405.0
81,82,1899.38,5,410.0,405.0
81,89,1531.67,3,445.0,405.0
81,90,1486.28,9,450.0,405.0
81,94,1600.405,8,470.0,405.0
81,95,1578.36,19,475.0,405.0
81,98,1258.84,13,490.0,405.0
81,100,1614.05,13,500.0,405.0
81,102,1023.1949999999999,8,510.0,405.0
81,103,1167.06,5,515.0,405.0
81,104,1102.68,11,520.0,405.0
81,105,966.911,9,525.0,405.0
81,109,853.739,1,545.0,405.0
81,110,895.528,1,550.0,405.0
81,112,809.349,1,560.0,405.0
81,113,758.362,5,565.0,405.0
81,118,744.765,5,590.0,405.0
81,119,703.975,5,595.0,405.0
81,120,854.238,3,600.0,405.0
81,121,904.0764999999999,6,605.0,405.0
81,122,971.808,2,610.0,405.0
82,15,11.2,3,75.0,410.0
82,16,30.6001,9,80.0,410.0
82,17,40.6,5,85.0,410.0
82,18,63.9996,1,90.0,410.0
82,19,60.9996,1,95.0,410.0
82,21,115.949,2,105.0,410.0
82,22,115.499,5,110.0,410.0
82,32,300.909,8,160.0,410.0
82,33,316.16,8,165.0,410.0
82,35,322.31,7,175.0,410.0
82,38,346.512,1,190.0,410.0
82,40,398.115,12,200.0,410.0
82,42,464.519,12,210.0,410.0
82,43,511.822,3,215.0,410.0
82,49,604.399,5,245.0,410.0
82,53,664.285,15,265.0,410.0
82,54,680.0809999999999,8,270.0,410.0
82,55,665.784,1,275.0,410.0
82,56,693.578,1,280.0,410.0
82,58,910.175,2,290.0,410.0
82,59,892.229,13,295.0,410.0
82,60,868.635,7,300.0,410.0
82,66,718.9215,10,330.0,410.0
82,67,728.669,5,335.0,410.0
82,72,1580.76,9,360.0,410.0
82,75,1670.54,3,375.0,410.0
82,76,1537.67,4,380.0,410.0
82,78,1819.4,5,390.0,410.0
82,81,1792.31,1,405.0,410.0
82,82,1869.69,1,410.0,410.0
82,83,1920.98,1,415.0,410.0
82,90,1503.68,13,450.0,410.0
82,94,1622.85,14,470.0,410.0
82,95,1678.74,17,475.0,410.0
82,98,1343.165,18,490.0,410.0
82,99,1372.11,5,495.0,410.0
82,100,1476.89,7,500.0,410.0
82,101,984.407,3,505.0,410.0
82,102,1044.69,5,510.0,410.0
82,104,1089.435,6,520.0,410.0
82,105,1044.8945,4,525.0,410.0
82,109,965.411,3,545.0,410.0
82,110,940.217,3,550.0,410.0
82,113,766.86,7,565.0,410.0
82,114,545.614,13,570.0,410.0
82,115,561.01,5,575.0,410.0
82,116,650.4385,14,580.0,410.0
82,117,676.982,5,585.0,410.0
82,118,771.6085,2,590.0,410.0
82,121,918.423,11,605.0,410.0
83,16,44.9999,8,80.0,415.0
83,17,52.4998,9,85.0,415.0
83,19,69.0995,5,95.0,415.0
83,22,123.949,12,110.0,415.0
83,32,336.811,11,160.0,415.0
83,33,342.612,15,165.0,415.0
83,35,340.712,3,175.0,415.0
83,38,374.014,3,190.0,415.0
83,40,406.216,11,200.0,415.0
83,42,475.87,4,210.0,415.0
83,43,502.321,9,215.0,415.0
83,44,565.409,1,220.0,415.0
83,45,586.704,2,225.0,415.0
83,49,601.65,6,245.0,415.0
83,50,581.655,2,250.0,415.0
83,52,626.5440000000001,6,260.0,415.0
83,53,655.987,7,265.0,415.0
83,55,693.278,5,275.0,415.0
83,59,894.329,11,295.0,415.0
83,61,770.859,3,305.0,415.0
83,62,715.772,1,310.0,415.0
83,66,709.3240000000001,10,330.0,415.0
83,69,1672.74,4,345.0,415.0
83,70,1586.06,9,350.0,415.0
83,71,1615.05,3,355.0,415.0
83,72,1594.66,11,360.0,415.0
83,75,1619.455,4,375.0,415.0
83,78,1834.8,6,390.0,415.0
83,79,1890.89,5,395.0,415.0
83,81,1886.19,1,405.0,415.0
83,83,1920.88,1,415.0,415.0
83,86,1899.28,1,430.0,415.0
83,90,1495.78,9,450.0,415.0
83,91,1438.6,3,455.0,415.0
83,94,1673.84,9,470.0,415.0
83,95,1692.03,11,475.0,415.0
83,96,1753.22,1,480.0,415.0
83,97,1418.1,3,485.0,415.0
83,98,1451.49,15,490.0,415.0
83,99,1664.94,1,495.0,415.0
83,100,1538.07,9,500.0,415.0
83,101,1029.098,4,505.0,415.0
83,104,1123.42,8,520.0,415.0
83,107,712.473,2,535.0,415.0
83,109,885.131,7,545.0,415.0
83,110,792.8035,2,550.0,415.0
83,111,551.812,12,555.0,415.0
83,112,538.6155,6,560.0,415.0
83,113,492.571,6,565.0,415.0
83,114,504.5215,2,570.0,415.0
83,121,908.225,3,605.0,415.0
83,122,900.427,11,610.0,415.0
84,16,58.6497,4,80.0,420.0
84,17,65.5496,16,85.0,420.0
84,19,75.79939999999999,6,95.0,420.0
84,22,135.349,6,110.0,420.0
84,32,353.712,9,160.0,420.0
84,33,361.213,13,165.0,420.0
84,35,338.1615,2,175.0,420.0
84,40,455.819,7,200.0,420.0
84,44,614.497,3,220.0,420.0
84,45,559.81,1,225.0,420.0
84,48,607.499,3,240.0,420.0
84,49,603.7,11,245.0,420.0
84,50,622.745,8,250.0,420.0
84,51,621.5450000000001,8,255.0,420.0
84,52,635.092,15,260.0,420.0
84,53,651.988,3,265.0,420.0
84,55,673.683,7,275.0,420.0
84,58,726.2695,8,290.0,420.0
84,59,739.666,9,295.0,420.0
84,60,731.7185,2,300.0,420.0
84,61,759.2615000000001,12,305.0,420.0
84,66,715.372,5,330.0,420.0
84,67,732.468,3,335.0,420.0
84,69,1643.145,6,345.0,420.0
84,71,1604.455,2,355.0,420.0
84,72,1607.85,11,360.0,420.0
84,73,1633.65,7,365.0,420.0
84,74,1685.685,4,370.0,420.0
84,75,1641.5,8,375.0,420.0
84,78,1866.89,3,390.0,420.0
84,80,1794.71,1,400.0,420.0
84,85,1822.65,4,425.0,420.0
84,86,1811.355,10,430.0,420.0
84,90,1431.045,2,450.0,420.0
84,91,1469.39,15,455.0,420.0
84,92,1365.81,3,460.0,420.0
84,93,1329.62,1,465.0,420.0
84,94,1618.85,7,470.0,420.0
84,95,1720.98,26,475.0,420.0
84,96,1683.34,3,480.0,420.0
84,98,1392.71,9,490.0,420.0
84,100,1523.48,3,500.0,420.0
84,101,1177.91,6,505.0,420.0
84,104,1170.46,9,520.0,420.0
84,107,676.482,8,535.0,420.0
84,108,645.689,11,540.0,420.0
84,109,596.601,7,545.0,420.0
84,110,589.4035,8,550.0,420.0
84,111,605.599,5,555.0,420.0
84,113,495.671,6,565.0,420.0
84,116,618.696,9,580.0,420.0
84,117,669.684,7,585.0,420.0
84,122,848.39,6,610.0,420.0
84,123,816.048,2,615.0,420.0
85,16,76.49940000000001,6,80.0,425.0
85,17,74.4994,5,85.0,425.0
85,19,83.2993,11,95.0,425.0
85,22,141.699,8,110.0,425.0
85,28,416.51649999999995,2,140.0,425.0
85,29,428.017,3,145.0,425.0
85,30,403.3155,6,150.0,425.0
85,31,375.4135,6,155.0,425.0
85,32,374.2635,14,160.0,425.0
85,33,347.212,7,165.0,425.0
85,39,436.517,3,195.0,425.0
85,40,461.269,16,200.0,425.0
85,44,580.105,3,220.0,425.0
85,45,633.392,3,225.0,425.0
85,46,568.108,7,230.0,425.0
85,47,590.603,11,235.0,425.0
85,48,622.095,13,240.0,425.0
85,49,694.278,1,245.0,425.0
85,52,629.0435,4,260.0,425.0
85,53,632.5425,14,265.0,425.0
85,54,649.189,17,270.0,425.0
85,55,651.588,9,275.0,425.0
85,56,655.9369999999999,4,280.0,425.0
85,58,695.027,10,290.0,425.0
85,60,720.471,5,300.0,425.0
85,61,754.663,9,305.0,425.0
85,63,852.3885,2,315.0,425.0
85,66,687.879,6,330.0,425.0
85,67,716.972,7,335.0,425.0
85,68,739.566,3,340.0,425.0
85,69,1686.34,5,345.0,425.0
85,72,1646.995,6,360.0,425.0
85,75,1681.935,8,375.0,425.0
85,85,1823.1,11,425.0,425.0
85,86,1741.72,8,430.0,425.0
85,91,1480.49,11,455.0,425.0
85,92,1435.75,26,460.0,425.0
85,93,1371.31,17,465.0,425.0
85,94,1330.92,15,470.0,425.0
85,95,1296.63,19,475.0,425.0
85,96,1055.89,1,480.0,425.0
85,97,1260.19,2,485.0,425.0
85,98,1191.46,11,490.0,425.0
85,99,1265.44,9,495.0,425.0
85,100,1156.0149999999999,6,500.0,425.0
85,101,1074.58,9,505.0,425.0
85,102,1059.59,3,510.0,425.0
85,103,1129.67,5,515.0,425.0
85,104,1101.33,2,520.0,425.0
85,105,1142.27,5,525.0,425.0
85,106,1022.3,4,530.0,425.0
85,109,756.0625,4,545.0,425.0
85,113,467.019,3,565.0,425.0
85,114,523.5195,14,570.0,425.0
85,115,570.508,7,575.0,425.0
85,116,564.309,1,580.0,425.0
85,122,884.031,3,610.0,425.0
85,123,801.9014999999999,4,615.0,425.0
86,16,83.3993,9,80.0,430.0
86,19,89.9992,7,95.0,430.0
86,22,146.3,6,110.0,430.0
86,23,154.1,3,115.0,430.0
86,27,449.018,1,135.0,430.0
86,32,398.615,13,160.0,430.0
86,33,371.413,6,165.0,430.0
86,39,439.418,1,195.0,430.0
86,40,488.02049999999997,8,200.0,430.0
86,41,510.7215,2,205.0,430.0
86,42,560.71,9,210.0,430.0
86,43,587.004,9,215.0,430.0
86,44,606.699,11,220.0,430.0
86,45,606.399,1,225.0,430.0
86,46,592.602,9,230.0,430.0
86,48,655.787,7,240.0,430.0
86,52,648.789,16,260.0,430.0
86,53,647.589,17,265.0,430.0
86,54,680.381,1,270.0,430.0
86,55,640.3905,4,275.0,430.0
86,56,676.432,18,280.0,430.0
86,57,684.28,13,285.0,430.0
86,58,672.683,9,290.0,430.0
86,61,739.766,3,305.0,430.0
86,63,849.94,5,315.0,430.0
86,66,724.87,13,330.0,430.0
86,67,654.687,1,335.0,430.0
86,68,1680.94,3,340.0,430.0
86,69,1700.48,8,345.0,430.0
86,70,1720.575,10,350.0,430.0
86,71,1666.44,14,355.0,430.0
86,72,1650.345,4,360.0,430.0
86,73,1705.33,7,365.0,430.0
86,74,1698.88,4,370.0,430.0
86,75,1713.43,5,375.0,430.0
86,76,1706.335,8,380.0,430.0
86,77,1761.615,4,385.0,430.0
86,84,1798.91,3,420.0,430.0
86,85,1742.12,6,425.0,430.0
86,86,1689.135,8,430.0,430.0
86,90,1636.445,2,450.0,430.0
86,91,1576.81,12,455.0,430.0
86,92,1461.49,19,460.0,430.0
86,93,1394.01,11,465.0,430.0
86,94,1278.53,1,470.0,430.0
86,95,1310.63,15,475.0,430.0
86,96,1254.14,3,480.0,430.0
86,97,1268.185,2,485.0,430.0
86,98,1303.88,8,490.0,430.0
86,103,1049.0915,4,515.0,430.0
86,106,970.91,5,530.0,430.0
86,109,704.175,8,545.0,430.0
86,114,437.1675,8,570.0,430.0
86,120,742.4655,4,600.0,430.0
86,121,762.061,5,605.0,430.0
86,122,748.8145,8,610.0,430.0
86,123,748.664,3,615.0,430.0
87,15,93.7991,1,75.0,435.0
87,16,94.5991,18,80.0,435.0
87,17,119.34899999999999,8,85.0,435.0
87,18,123.399,1,90.0,435.0
87,19,96.3991,9,95.0,435.0
87,20,101.49905000000001,2,100.0,435.0
87,22,153.5,5,110.0,435.0
87,23,161.901,7,115.0,435.0
87,29,557.011,3,145.0,435.0
87,30,510.57050000000004,6,150.0,435.0
87,31,472.5695,8,155.0,435.0
87,32,423.517,13,160.0,435.0
87,33,402.115,13,165.0,435.0
87,34,385.96450000000004,6,170.0,435.0
87,35,404.015,11,175.0,435.0
87,36,439.9175,10,180.0,435.0
87,37,453.6185,8,185.0,435.0
87,38,494.821,10,190.0,435.0
87,39,497.071,12,195.0,435.0
87,40,545.514,14,200.0,435.0
87,41,585.204,3,205.0,435.0
87,42,585.904,13,210.0,435.0
87,47,669.384,3,235.0,435.0
87,48,664.085,7,240.0,435.0
87,52,660.986,7,260.0,435.0
87,53,693.7774999999999,8,265.0,435.0
87,57,657.1865,6,285.0,435.0
87,58,706.8745,4,290.0,435.0
87,59,707.9745,4,295.0,435.0
87,60,718.1215,10,300.0,435.0
87,61,736.767,9,305.0,435.0
87,63,839.142,2,315.0,435.0
87,65,718.272,1,325.0,435.0
87,66,722.8205,12,330.0,435.0
87,71,1720.43,9,355.0,435.0
87,74,1816.6999999999998,4,370.0,435.0
87,75,1778.2649999999999,4,375.0,435.0
87,77,1780.865,4,385.0,435.0
87,78,1804.51,12,390.0,435.0
87,82,1816.6,3,410.0,435.0
87,83,1853.045,4,415.0,435.0
87,84,1903.88,5,420.0,435.0
87,85,1785.01,11,425.0,435.0
87,86,1664.645,12,430.0,435.0
87,87,1737.02,11,435.0,435.0
87,88,1667.24,11,440.0,435.0
87,89,1685.135,24,445.0,435.0
87,90,1600.46,7,450.0,435.0
87,91,1523.58,21,455.0,435.0
87,92,1461.89,17,460.0,435.0
87,93,1377.21,9,465.0,435.0
87,94,1301.03,1,470.0,435.0
87,95,1259.84,12,475.0,435.0
87,96,1262.14,11,480.0,435.0
87,97,1220.35,9,485.0,435.0
87,103,1065.3850000000002,6,515.0,435.0
87,105,981.9575,14,525.0,435.0
87,106,821.2465,10,530.0,435.0
87,109,693.3275,4,545.0,435.0
87,114,461.119,11,570.0,435.0
87,119,589.903,1,595.0,435.0
87,120,646.889,10,600.0,435.0
88,15,102.149,2,75.0,440.0
88,16,106.699,7,80.0,440.0
88,17,114.999,3,85.0,440.0
88,19,104.999,2,95.0,440.0
88,20,106.84899999999999,4,100.0,440.0
88,23,168.701,5,115.0,440.0
88,28,558.1610000000001,2,140.0,440.0
88,29,549.7125000000001,4,145.0,440.0
88,30,519.62,1,150.0,440.0
88,31,523.119,1,155.0,440.0
88,32,481.17,10,160.0,440.0
88,33,493.521,5,165.0,440.0
88,34,486.52,9,170.0,440.0
88,35,417.366,4,175.0,440.0
88,36,494.621,5,180.0,440.0
88,37,500.221,7,185.0,440.0
88,38,546.414,5,190.0,440.0
88,39,601.8,3,195.0,440.0
88,42,600.5,7,210.0,440.0
88,47,710.574,1,235.0,440.0
88,48,634.392,9,240.0,440.0
88,49,651.088,8,245.0,440.0
88,50,682.2304999999999,6,250.0,440.0
88,52,629.493,3,260.0,440.0
88,57,710.174,6,285.0,440.0
88,62,807.85,3,310.0,440.0
88,63,831.144,6,315.0,440.0
88,64,840.342,1,320.0,440.0
88,65,697.877,1,325.0,440.0
88,66,741.566,7,330.0,440.0
88,67,721.871,19,335.0,440.0
88,71,1742.82,5,355.0,440.0
88,74,1780.26,4,370.0,440.0
88,77,1908.38,4,385.0,440.0
88,78,1895.68,3,390.0,440.0
88,80,1898.68,1,400.0,440.0
88,81,1836.4,3,405.0,440.0
88,83,1906.98,1,415.0,440.0
88,84,1785.1599999999999,2,420.0,440.0
88,85,1767.82,7,425.0,440.0
88,86,1747.52,13,430.0,440.0
88,87,1823.055,10,435.0,440.0
88,88,1847.8,11,440.0,440.0
88,89,1636.75,17,445.0,440.0
88,90,1583.66,13,450.0,440.0
88,91,1498.48,1,455.0,440.0
88,93,1353.37,8,465.0,440.0
88,94,1280.53,5,470.0,440.0
88,95,1217.15,2,475.0,440.0
88,96,1248.04,3,480.0,440.0
88,97,1223.9499999999998,8,485.0,440.0
88,98,1204.25,13,490.0,440.0
88,99,1210.8,12,495.0,440.0
88,100,1171.06,12,500.0,440.0
88,101,1153.87,5,505.0,440.0
88,102,1076.48,1,510.0,440.0
88,103,1078.08,14,515.0,440.0
88,104,1110.48,7,520.0,440.0
88,105,999.303,13,525.0,440.0
88,106,804.4505,12,530.0,440.0
88,107,749.564,11,535.0,440.0
88,108,718.772,7,540.0,440.0
88,109,699.1265000000001,12,545.0,440.0
88,114,406.716,5,570.0,440.0
88,115,399.865,6,575.0,440.0
88,116,453.418,5,580.0,440.0
88,117,541.465,6,585.0,440.0
88,118,586.404,11,590.0,440.0
88,119,588.0535,6,595.0,440.0
88,120,636.1415,14,600.0,440.0
88,121,881.532,1,605.0,440.0
88,122,871.4839999999999,10,610.0,440.0
88,123,935.919,3,615.0,440.0
89,15,108.399,3,75.0,445.0
89,16,121.349,4,80.0,445.0
89,19,132.499,12,95.0,445.0
89,20,116.549,14,100.0,445.0
89,23,169.401,7,115.0,445.0
89,28,337.9615,4,140.0,445.0
89,32,524.919,12,160.0,445.0
89,33,509.122,1,165.0,445.0
89,39,570.108,3,195.0,445.0
89,42,635.092,9,210.0,445.0
89,47,663.185,11,235.0,445.0
89,48,634.792,5,240.0,445.0
89,57,724.3199999999999,10,285.0,445.0
89,58,725.57,5,290.0,445.0
89,62,811.249,9,310.0,445.0
89,64,861.587,8,320.0,445.0
89,71,1788.11,7,355.0,445.0
89,72,1836.8,13,360.0,445.0
89,73,1862.99,1,365.0,445.0
89,74,1823.2,9,370.0,445.0
89,77,1860.79,5,385.0,445.0
89,81,1888.8400000000001,2,405.0,445.0
89,87,1756.52,10,435.0,445.0
89,88,1686.1350000000002,6,440.0,445.0
89,89,1649.84,3,445.0,445.0
89,93,1392.31,9,465.0,445.0
89,94,1410.0,1,470.0,445.0
89,98,1250.64,5,490.0,445.0
89,100,1112.38,1,500.0,445.0
89,101,1070.79,1,505.0,445.0
89,102,1050.5900000000001,6,510.0,445.0
89,103,1033.195,2,515.0,445.0
89,105,925.821,4,525.0,445.0
89,106,895.029,13,530.0,445.0
89,107,856.738,9,535.0,445.0
89,108,642.79,1,540.0,445.0
89,109,623.095,7,545.0,445.0
89,114,385.014,7,570.0,445.0
89,115,347.762,10,575.0,445.0
89,116,390.015,9,580.0,445.0
89,117,471.82,3,585.0,445.0
89,119,720.871,1,595.0,445.0
89,120,728.2194999999999,8,600.0,445.0
89,121,775.8575000000001,16,605.0,445.0
89,122,836.093,4,610.0,445.0
90,15,121.449,2,75.0,450.0
90,16,122.149,2,80.0,450.0
90,18,140.099,1,90.0,450.0
90,19,144.84949999999998,2,95.0,450.0
90,20,127.299,7,100.0,450.0
90,23,178.802,7,115.0,450.0
90,24,180.302,3,120.0,450.0
90,25,188.752,6,125.0,450.0
90,26,214.104,5,130.0,450.0
90,28,323.911,9,140.0,450.0
90,32,557.611,9,160.0,450.0
90,40,561.51,1,200.0,450.0
90,41,543.414,1,205.0,450.0
90,42,611.8975,10,210.0,450.0
90,46,706.5745,4,230.0,450.0
90,47,669.284,11,235.0,450.0
90,48,747.465,1,240.0,450.0
90,53,792.1034999999999,2,265.0,450.0
90,54,795.653,5,270.0,450.0
90,55,752.0135,4,275.0,450.0
90,56,782.756,3,280.0,450.0
90,57,743.366,7,285.0,450.0
90,58,737.367,5,290.0,450.0
90,59,756.562,7,295.0,450.0
90,60,734.0675,8,300.0,450.0
90,61,783.006,4,305.0,450.0
90,62,794.553,15,310.0,450.0
90,63,823.396,4,315.0,450.0
90,64,837.543,13,320.0,450.0
90,65,859.6869999999999,4,325.0,450.0
90,71,1763.865,14,355.0,450.0
90,72,1827.6,11,360.0,450.0
90,73,1850.745,2,365.0,450.0
90,74,1848.65,12,370.0,450.0
90,75,1876.29,7,375.0,450.0
90,81,1856.29,5,405.0,450.0
90,87,1790.2600000000002,6,435.0,450.0
90,92,1621.25,1,460.0,450.0
90,93,1810.7,3,465.0,450.0
90,94,1749.22,3,470.0,450.0
90,97,1205.255,2,485.0,450.0
90,98,1272.935,12,490.0,450.0
90,99,1249.54,11,495.0,450.0
90,100,1184.46,7,500.0,450.0
90,101,1165.16,11,505.0,450.0
90,102,1133.57,6,510.0,450.0
90,103,1088.68,7,515.0,450.0
90,105,1020.3,1,525.0,450.0
90,106,952.814,11,530.0,450.0
90,107,866.136,7,535.0,450.0
90,109,641.19,7,545.0,450.0
90,110,592.402,7,550.0,450.0
90,111,544.0645,18,555.0,450.0
90,112,504.4715,10,560.0,450.0
90,113,464.419,10,565.0,450.0
90,114,362.313,4,570.0,450.0
90,115,322.11,9,575.0,450.0
90,119,758.3615,2,595.0,450.0
90,120,829.7940000000001,4,600.0,450.0
91,20,133.199,7,100.0,455.0
91,23,191.402,7,115.0,455.0
91,26,201.353,2,130.0,455.0
91,28,317.31,11,140.0,455.0
91,30,580.3555,10,150.0,455.0
91,31,560.7605,8,155.0,455.0
91,32,563.7094999999999,16,160.0,455.0
91,35,552.412,1,175.0,455.0
91,37,532.817,7,185.0,455.0
91,38,540.315,8,190.0,455.0
91,39,512.122,9,195.0,455.0
91,40,510.2715,6,200.0,455.0
91,41,556.511,5,205.0,455.0
91,42,642.79,14,210.0,455.0
91,43,637.791,1,215.0,455.0
91,47,679.581,13,235.0,455.0
91,50,783.156,1,250.0,455.0
91,53,751.4135,4,265.0,455.0
91,54,782.306,2,270.0,455.0
91,56,774.158,9,280.0,455.0
91,57,773.908,4,285.0,455.0
91,61,775.508,2,305.0,455.0
91,62,806.3005,10,310.0,455.0
91,64,836.243,5,320.0,455.0
91,69,1869.3899999999999,6,345.0,455.0
91,70,1809.61,13,350.0,455.0
91,71,1789.81,6,355.0,455.0
91,75,1904.23,2,375.0,455.0
91,76,1918.28,3,380.0,455.0
91,81,1858.39,3,405.0,455.0
91,86,1737.12,3,430.0,455.0
91,87,1775.01,5,435.0,455.0
91,89,1779.065,2,445.0,455.0
91,90,1810.21,3,450.0,455.0
91,91,1711.28,10,455.0,455.0
91,92,1683.2350000000001,10,460.0,455.0
91,93,1698.63,13,465.0,455.0
91,94,1619.6550000000002,16,470.0,455.0
91,95,1474.69,10,475.0,455.0
91,96,1333.72,21,480.0,455.0
91,97,1277.94,9,485.0,455.0
91,98,1286.43,1,490.0,455.0
91,99,1291.63,9,495.0,455.0
91,102,1170.51,8,510.0,455.0
91,103,1113.58,7,515.0,455.0
91,104,1173.06,5,520.0,455.0
91,105,1248.745,4,525.0,455.0
91,107,961.912,1,535.0,455.0
91,109,597.001,9,545.0,455.0
91,110,537.416,3,550.0,455.0
91,112,451.018,7,560.0,455.0
91,115,308.8595,8,575.0,455.0
91,116,283.70799999999997,8,580.0,455.0
91,119,376.514,3,595.0,455.0
91,120,415.316,9,600.0,455.0
91,121,451.318,7,605.0,455.0
91,122,487.77049999999997,4,610.0,455.0
92,20,144.6,5,100.0,460.0
92,21,140.099,3,105.0,460.0
92,23,203.203,9,115.0,460.0
92,26,201.703,3,130.0,460.0
92,28,305.609,3,140.0,460.0
92,30,577.706,1,150.0,460.0
92,32,499.3215,12,160.0,460.0
92,35,554.812,3,175.0,460.0
92,39,500.321,5,195.0,460.0
92,42,528.718,3,210.0,460.0
92,43,603.4,5,215.0,460.0
92,44,674.182,1,220.0,460.0
92,47,688.6289999999999,8,235.0,460.0
92,48,713.5730000000001,4,240.0,460.0
92,49,669.1335,2,245.0,460.0
92,50,679.481,5,250.0,460.0
92,53,753.4135,8,265.0,460.0
92,57,795.453,5,285.0,460.0
92,62,821.3965000000001,12,310.0,460.0
92,64,834.343,5,320.0,460.0
92,65,856.938,5,325.0,460.0
92,66,864.9359999999999,4,330.0,460.0
92,71,1867.69,13,355.0,460.0
92,72,1889.89,3,360.0,460.0
92,73,1908.4299999999998,2,365.0,460.0
92,75,1923.08,1,375.0,460.0
92,80,1860.59,3,400.0,460.0
92,86,1871.49,3,430.0,460.0
92,87,1710.33,2,435.0,460.0
92,89,1855.99,5,445.0,460.0
92,90,1787.51,4,450.0,460.0
92,91,1740.72,3,455.0,460.0
92,92,1743.47,2,460.0,460.0
92,94,1608.205,12,470.0,460.0
92,95,1674.19,12,475.0,460.0
92,96,1569.915,14,480.0,460.0
92,97,1462.59,23,485.0,460.0
92,98,1408.0500000000002,2,490.0,460.0
92,99,1258.34,7,495.0,460.0
92,102,1266.44,5,510.0,460.0
92,107,821.396,10,535.0,460.0
92,108,662.7355,2,540.0,460.0
92,109,621.195,5,545.0,460.0
92,112,437.9675,10,560.0,460.0
92,115,257.707,1,575.0,460.0
92,116,276.708,9,580.0,460.0
92,117,283.508,13,585.0,460.0
92,118,325.311,9,590.0,460.0
92,119,353.912,4,595.0,460.0
92,120,411.816,3,600.0,460.0
93,21,153.2,5,105.0,465.0
93,22,213.404,1,110.0,465.0
93,23,211.60399999999998,10,115.0,465.0
93,26,222.704,7,130.0,465.0
93,28,296.409,3,140.0,465.0
93,32,446.618,10,160.0,465.0
93,35,477.37,4,175.0,465.0
93,36,491.321,11,180.0,465.0
93,37,471.12,1,185.0,465.0
93,39,500.62149999999997,4,195.0,465.0
93,40,498.52099999999996,4,200.0,465.0
93,42,534.716,7,210.0,465.0
93,43,525.6690000000001,4,215.0,465.0
93,46,707.174,1,230.0,465.0
93,47,730.469,6,235.0,465.0
93,50,728.369,1,250.0,465.0
93,53,767.7595,10,265.0,465.0
93,56,798.852,4,280.0,465.0
93,57,789.154,1,285.0,465.0
93,61,787.255,3,305.0,465.0
93,62,810.749,10,310.0,465.0
93,70,1859.29,9,350.0,465.0
93,71,1883.19,3,355.0,465.0
93,73,1903.48,5,365.0,465.0
93,75,1842.5,1,375.0,465.0
93,81,1923.68,1,405.0,465.0
93,88,1897.18,3,440.0,465.0
93,89,1872.8899999999999,2,445.0,465.0
93,92,1931.68,1,460.0,465.0
93,94,1803.51,1,470.0,465.0
93,95,1855.69,8,475.0,465.0
93,96,1685.54,15,480.0,465.0
93,97,1669.64,11,485.0,465.0
93,98,1610.85,5,490.0,465.0
93,99,1353.07,6,495.0,465.0
93,100,1454.54,2,500.0,465.0
93,107,748.664,7,535.0,465.0
93,108,608.798,5,540.0,465.0
93,109,630.7429999999999,4,545.0,465.0
93,112,392.865,6,560.0,465.0
93,113,401.0155,2,565.0,465.0
93,116,249.156,12,580.0,465.0
93,117,237.85500000000002,8,585.0,465.0
94,16,190.5025,2,80.0,470.0
94,17,188.302,3,85.0,470.0
94,18,173.401,13,90.0,470.0
94,19,160.651,12,95.0,470.0
94,20,152.85,8,100.0,470.0
94,21,150.25,4,105.0,470.0
94,23,220.104,5,115.0,470.0
94,25,223.65449999999998,2,125.0,470.0
94,26,234.305,8,130.0,470.0
94,28,275.608,5,140.0,470.0
94,32,444.718,13,160.0,470.0
94,36,469.019,15,180.0,470.0
94,39,527.3665,2,195.0,470.0
94,40,491.321,3,200.0,470.0
94,41,506.222,3,205.0,470.0
94,42,503.2715,2,210.0,470.0
94,43,519.72,7,215.0,470.0
94,44,688.979,9,220.0,470.0
94,46,699.376,9,230.0,470.0
94,47,703.775,12,235.0,470.0
94,48,694.4275,2,240.0,470.0
94,49,703.7255,4,245.0,470.0
94,50,720.2715000000001,10,250.0,470.0
94,51,702.8254999999999,6,255.0,470.0
94,52,731.568,9,260.0,470.0
94,53,744.0155,10,265.0,470.0
94,54,746.365,3,270.0,470.0
94,56,798.402,10,280.0,470.0
94,57,801.851,11,285.0,470.0
94,62,846.59,18,310.0,470.0
94,63,859.837,2,315.0,470.0
94,64,844.041,3,320.0,470.0
94,65,1124.07,5,325.0,470.0
94,70,1184.26,9,350.0,470.0
94,71,1161.365,8,355.0,470.0
94,72,1185.16,1,360.0,470.0
94,73,1930.88,1,365.0,470.0
94,81,1859.69,1,405.0,470.0
94,82,1910.68,1,410.0,470.0
94,84,1920.48,2,420.0,470.0
94,85,1821.8,1,425.0,470.0
94,86,1909.88,3,430.0,470.0
94,95,1796.91,9,475.0,470.0
94,96,1702.0300000000002,2,480.0,470.0
94,97,1682.04,1,485.0,470.0
94,99,1334.77,2,495.0,470.0
94,100,1337.42,9,500.0,470.0
94,106,794.853,1,530.0,470.0
94,107,714.123,14,535.0,470.0
94,108,665.984,11,540.0,470.0
94,112,421.9165,2,560.0,470.0
94,113,363.21299999999997,4,565.0,470.0
94,116,231.405,5,580.0,470.0
94,117,213.704,14,585.0,470.0
95,18,182.602,3,90.0,475.0
95,19,171.801,2,95.0,475.0
95,23,227.005,5,115.0,475.0
95,25,249.45600000000002,2,125.0,475.0
95,26,234.905,5,130.0,475.0
95,27,258.807,10,135.0,475.0
95,28,260.107,5,140.0,475.0
95,29,297.259,6,145.0,475.0
95,30,309.46000000000004,4,150.0,475.0
95,31,452.518,13,155.0,475.0
95,32,448.068,6,160.0,475.0
95,36,443.418,15,180.0,475.0
95,37,448.118,7,185.0,475.0
95,38,455.219,9,190.0,475.0
95,39,468.3695,8,195.0,475.0
95,40,479.37,6,200.0,475.0
95,41,497.27099999999996,8,205.0,475.0
95,42,504.9715,10,210.0,475.0
95,43,619.996,19,215.0,475.0
95,44,667.434,16,220.0,475.0
95,45,597.901,4,225.0,475.0
95,46,686.879,5,230.0,475.0
95,50,711.1735,2,250.0,475.0
95,52,760.461,7,260.0,475.0
95,53,753.413,6,265.0,475.0
95,54,778.257,1,270.0,475.0
95,55,908.325,3,275.0,475.0
95,56,931.7195,4,280.0,475.0
95,57,824.4955,4,285.0,475.0
95,60,954.1145,4,300.0,475.0
95,61,941.7170000000001,8,305.0,475.0
95,62,918.823,7,310.0,475.0
95,63,979.208,7,315.0,475.0
95,64,965.4615,4,320.0,475.0
95,65,1109.48,3,325.0,475.0
95,66,1130.37,10,330.0,475.0
95,69,1095.18,2,345.0,475.0
95,70,1160.8600000000001,8,350.0,475.0
95,71,1206.3,4,355.0,475.0
95,72,1181.86,11,360.0,475.0
95,73,1186.51,6,365.0,475.0
95,74,1182.955,2,370.0,475.0
95,95,1831.15,4,475.0,475.0
95,96,1806.705,4,480.0,475.0
95,99,1421.65,2,495.0,475.0
95,100,1428.5,10,500.0,475.0
95,101,1514.98,15,505.0,475.0
95,102,1619.15,15,510.0,475.0
95,103,1775.71,4,515.0,475.0
95,106,750.564,4,530.0,475.0
95,109,387.214,1,545.0,475.0
95,110,396.915,3,550.0,475.0
95,111,386.4145,6,555.0,475.0
95,112,385.6145,6,560.0,475.0
95,113,372.814,9,565.0,475.0
95,114,328.261,4,570.0,475.0
95,115,267.007,9,575.0,475.0
95,116,231.705,9,580.0,475.0
95,117,208.204,7,585.0,475.0
96,17,188.402,1,85.0,480.0
96,18,184.702,3,90.0,480.0
96,19,179.702,5,95.0,480.0
96,20,192.003,5,100.0,480.0
96,21,197.953,6,105.0,480.0
96,22,250.20600000000002,6,110.0,480.0
96,23,237.405,8,115.0,480.0
96,25,225.005,1,125.0,480.0
96,26,240.15550000000002,4,130.0,480.0
96,31,411.416,7,155.0,480.0
96,32,363.0625,10,160.0,480.0
96,33,394.815,14,165.0,480.0
96,34,416.216,8,170.0,480.0
96,35,413.116,7,175.0,480.0
96,36,426.86699999999996,4,180.0,480.0
96,37,420.516,1,185.0,480.0
96,39,469.319,5,195.0,480.0
96,42,590.852,2,210.0,480.0
96,43,646.189,13,215.0,480.0
96,44,580.655,8,220.0,480.0
96,45,655.937,2,225.0,480.0
96,46,749.864,2,230.0,480.0
96,47,736.367,1,235.0,480.0
96,50,734.968,7,250.0,480.0
96,51,734.968,5,255.0,480.0
96,52,778.5070000000001,4,260.0,480.0
96,54,859.5375,2,270.0,480.0
96,55,911.025,3,275.0,480.0
96,56,943.917,3,280.0,480.0
96,61,916.023,5,305.0,480.0
96,62,918.473,18,310.0,480.0
96,63,970.11,13,315.0,480.0
96,64,1004.2,11,320.0,480.0
96,65,1062.29,11,325.0,480.0
96,66,1104.975,4,330.0,480.0
96,69,1152.87,9,345.0,480.0
96,70,1157.96,5,350.0,480.0
96,72,1178.86,9,360.0,480.0
96,95,1891.9850000000001,4,475.0,480.0
96,96,1791.51,5,480.0,480.0
96,97,1813.505,4,485.0,480.0
96,98,1723.43,9,490.0,480.0
96,99,1530.67,13,495.0,480.0
96,100,1490.28,13,500.0,480.0
96,103,1800.96,4,515.0,480.0
96,106,833.643,7,530.0,480.0
96,108,476.22,1,540.0,480.0
96,109,451.918,13,545.0,480.0
96,110,440.768,6,550.0,480.0
96,111,422.217,5,555.0,480.0
96,112,368.813,1,560.0,480.0
96,113,335.811,13,565.0,480.0
96,114,267.40700000000004,2,570.0,480.0
96,117,192.803,9,585.0,480.0
96,118,191.10250000000002,2,590.0,480.0
97,22,267.407,1,110.0,485.0
97,23,242.306,3,115.0,485.0
97,25,270.10749999999996,2,125.0,485.0
97,26,270.60699999999997,4,130.0,485.0
97,31,365.563,6,155.0,485.0
97,32,338.861,6,160.0,485.0
97,39,481.22,3,195.0,485.0
97,42,657.786,1,210.0,485.0
97,43,609.498,9,215.0,485.0
97,54,905.626,5,270.0,485.0
97,55,870.7345,10,275.0,485.0
97,59,879.032,3,295.0,485.0
97,60,920.5725,2,300.0,485.0
97,61,904.926,7,305.0,485.0
97,62,943.217,13,310.0,485.0
97,63,970.46,14,315.0,485.0
97,64,1019.75,26,320.0,485.0
97,65,1114.625,6,325.0,485.0
97,68,1089.08,6,340.0,485.0
97,69,1150.9650000000001,12,345.0,485.0
97,72,1182.96,7,360.0,485.0
97,73,1146.27,1,365.0,485.0
97,90,1724.43,1,450.0,485.0
97,91,1597.66,13,455.0,485.0
97,92,1579.56,3,460.0,485.0
97,93,1487.08,4,465.0,485.0
97,96,1888.8850000000002,2,480.0,485.0
97,97,1865.845,10,485.0,485.0
97,98,1868.5900000000001,12,490.0,485.0
97,99,1747.225,4,495.0,485.0
97,100,1544.92,14,500.0,485.0
97,101,1146.57,5,505.0,485.0
97,104,960.7625,6,520.0,485.0
97,105,841.9415,6,525.0,485.0
97,106,806.45,9,530.0,485.0
97,113,339.712,9,565.0,485.0
97,116,198.953,4,580.0,485.0
97,117,171.401,7,585.0,485.0
97,118,167.75099999999998,14,590.0,485.0
98,18,312.6095,2,90.0,490.0
98,19,321.31050000000005,2,95.0,490.0
98,23,265.307,9,115.0,490.0
98,25,482.92,5,125.0,490.0
98,26,467.21950000000004,10,130.0,490.0
98,27,428.167,8,135.0,490.0
98,28,404.6655,4,140.0,490.0
98,29,369.913,7,145.0,490.0
98,30,345.312,7,150.0,490.0
98,31,325.011,5,155.0,490.0
98,32,317.36,18,160.0,490.0
98,33,343.912,7,165.0,490.0
98,34,387.714,5,170.0,490.0
98,42,583.705,1,210.0,490.0
98,43,582.805,19,215.0,490.0
98,44,531.5595,2,220.0,490.0
98,45,506.9715,6,225.0,490.0
98,46,564.309,6,230.0,490.0
98,47,574.207,6,235.0,490.0
98,55,846.54,8,275.0,490.0
98,56,816.048,11,280.0,490.0
98,57,783.606,6,285.0,490.0
98,58,845.341,1,290.0,490.0
98,59,864.736,11,295.0,490.0
98,61,890.43,7,305.0,490.0
98,62,960.812,5,310.0,490.0
98,63,1001.5515,18,315.0,490.0
98,64,1004.9,9,320.0,490.0
98,65,1089.08,7,325.0,490.0
98,68,1147.67,5,340.0,490.0
98,69,1129.17,3,345.0,490.0
98,71,1198.65,4,355.0,490.0
98,72,1173.06,3,360.0,490.0
98,91,1610.9,6,455.0,490.0
98,92,1587.51,14,460.0,490.0
98,93,1557.92,6,465.0,490.0
98,94,1585.86,11,470.0,490.0
98,96,1919.08,1,480.0,490.0
98,99,1149.32,6,495.0,490.0
98,100,1120.025,8,500.0,490.0
98,105,818.547,3,525.0,490.0
98,106,863.136,4,530.0,490.0
98,107,431.917,3,535.0,490.0
98,113,256.1565,6,565.0,490.0
98,116,187.3025,4,580.0,490.0
98,117,182.252,4,585.0,490.0
98,118,157.3005,12,590.0,490.0
99,18,315.91,1,90.0,495.0
99,19,304.709,3,95.0,495.0
99,20,303.709,5,100.0,495.0
99,21,308.81,2,105.0,495.0
99,22,297.709,6,110.0,495.0
99,23,275.208,7,115.0,495.0
99,25,513.622,1,125.0,495.0
99,26,435.0175,8,130.0,495.0
99,27,404.115,1,135.0,495.0
99,28,386.5145,4,140.0,495.0
99,29,337.211,1,145.0,495.0
99,30,340.612,3,150.0,495.0
99,31,298.409,13,155.0,495.0
99,32,297.259,2,160.0,495.0
99,33,353.012,1,165.0,495.0
99,34,409.616,12,170.0,495.0
99,39,621.795,1,195.0,495.0
99,40,620.596,9,200.0,495.0
99,41,530.4110000000001,2,205.0,495.0
99,42,588.2035,8,210.0,495.0
99,43,402.415,11,215.0,495.0
99,44,466.6675,10,220.0,495.0
99,45,534.417,1,225.0,495.0
99,47,493.571,10,235.0,495.0
99,48,609.0485,8,240.0,495.0
99,49,617.796,1,245.0,495.0
99,54,911.4245000000001,10,270.0,495.0
99,57,778.857,5,285.0,495.0
99,58,806.1505,8,290.0,495.0
99,59,833.244,5,295.0,495.0
99,60,855.488,6,300.0,495.0
99,61,878.333,7,305.0,495.0
99,64,1075.3850000000002,10,320.0,495.0
99,65,1088.13,4,325.0,495.0
99,67,1090.085,2,335.0,495.0
99,68,1153.97,5,340.0,495.0
99,90,1616.35,1,450.0,495.0
99,91,1613.65,3,455.0,495.0
99,92,1513.78,5,460.0,495.0
99,96,1204.05,7,480.0,495.0
99,97,1196.95,1,485.0,495.0
99,99,1145.47,5,495.0,495.0
99,100,1091.98,4,500.0,495.0
99,105,878.433,7,525.0,495.0
99,107,388.9145,2,535.0,495.0
99,108,339.01149999999996,4,540.0,495.0
99,109,322.61,5,545.0,495.0
99,110,306.55949999999996,12,550.0,495.0
99,111,253.206,7,555.0,495.0
99,112,232.705,13,560.0,495.0
99,113,210.30349999999999,4,565.0,495.0
99,118,141.799,13,590.0,495.0
99,119,136.399,3,595.0,495.0
100,23,452.4685,8,115.0,500.0
100,25,378.614,3,125.0,500.0
100,26,412.716,5,130.0,500.0
100,31,287.658,12,155.0,500.0
100,32,302.509,7,160.0,500.0
100,33,330.111,5,165.0,500.0
100,34,386.164,12,170.0,500.0
100,39,627.994,5,195.0,500.0
100,40,630.493,1,200.0,500.0
100,43,507.722,11,215.0,500.0
100,47,578.706,11,235.0,500.0
100,48,563.7595,4,240.0,500.0
100,49,624.2945,8,245.0,500.0
100,50,607.899,9,250.0,500.0
100,51,630.5930000000001,10,255.0,500.0
100,52,594.302,2,260.0,500.0
100,57,774.158,4,285.0,500.0
100,60,817.647,1,300.0,500.0
100,61,837.3924999999999,10,305.0,500.0
100,62,823.646,8,310.0,500.0
100,63,831.844,2,315.0,500.0
100,64,1088.43,10,320.0,500.0
100,67,1107.58,11,335.0,500.0
100,68,1094.98,3,340.0,500.0
100,91,1314.925,4,455.0,500.0
100,92,1639.25,11,460.0,500.0
100,93,1568.26,17,465.0,500.0
100,94,1516.88,17,470.0,500.0
100,95,1493.08,13,475.0,500.0
100,96,1361.01,15,480.0,500.0
100,97,1156.815,12,485.0,500.0
100,98,1116.57,9,490.0,500.0
100,99,1060.6399999999999,22,495.0,500.0
100,100,995.9525,4,500.0,500.0
100,101,1050.29,1,505.0,500.0
100,102,1031.8,1,510.0,500.0
100,103,1071.19,1,515.0,500.0
100,105,915.6735,10,525.0,500.0
100,112,241.406,11,560.0,500.0
100,113,195.953,10,565.0,500.0
100,114,165.401,13,570.0,500.0
100,115,144.0495,8,575.0,500.0
100,116,120.949,8,580.0,500.0
100,117,104.54905,4,585.0,500.0
100,118,127.099,3,590.0,500.0
100,119,125.099,10,595.0,500.0
101,23,432.817,12,115.0,505.0
101,24,433.717,5,120.0,505.0
101,25,398.315,5,125.0,505.0
101,26,362.413,3,130.0,505.0
101,30,243.006,1,150.0,505.0
101,31,277.208,15,155.0,505.0
101,32,325.011,5,160.0,505.0
101,33,349.762,6,165.0,505.0
101,34,365.613,3,170.0,505.0
101,39,656.587,9,195.0,505.0
101,41,623.295,1,205.0,505.0
101,43,498.021,7,215.0,505.0
101,47,585.904,11,235.0,505.0
101,52,646.789,3,260.0,505.0
101,53,639.191,9,265.0,505.0
101,54,585.604,1,270.0,505.0
101,56,739.267,1,280.0,505.0
101,57,762.061,3,285.0,505.0
101,60,810.649,7,300.0,505.0
101,61,824.346,1,305.0,505.0
101,64,1069.29,8,320.0,505.0
101,66,1057.99,10,330.0,505.0
101,67,1052.0900000000001,12,335.0,505.0
101,94,1541.17,9,470.0,505.0
101,95,1519.88,7,475.0,505.0
101,96,1468.49,13,480.0,505.0
101,97,1167.86,1,485.0,505.0
101,98,901.7764999999999,6,490.0,505.0
101,99,905.5260000000001,6,495.0,505.0
101,100,1037.69,11,500.0,505.0
101,101,842.441,16,505.0,505.0
101,102,946.716,12,510.0,505.0
101,103,892.479,12,515.0,505.0
101,104,888.23,7,520.0,505.0
101,105,943.1165000000001,6,525.0,505.0
101,108,1464.54,2,540.0,505.0
101,109,1267.84,3,545.0,505.0
101,112,337.711,11,560.0,505.0
101,116,113.399,3,580.0,505.0
101,117,106.099,5,585.0,505.0
101,118,113.09899999999999,6,590.0,505.0
101,119,102.499,11,595.0,505.0
102,25,411.06600000000003,12,125.0,510.0
102,26,445.918,11,130.0,510.0
102,27,382.414,7,135.0,510.0
102,28,346.812,12,140.0,510.0
102,29,322.01,11,145.0,510.0
102,30,300.759,14,150.0,510.0
102,31,245.306,19,155.0,510.0
102,32,292.6585,10,160.0,510.0
102,33,332.411,5,165.0,510.0
102,34,347.912,1,170.0,510.0
102,35,406.8155,4,175.0,510.0
102,39,684.88,1,195.0,510.0
102,42,409.716,2,210.0,510.0
102,43,477.22,13,215.0,510.0
102,46,564.409,3,230.0,510.0
102,47,547.1635,4,235.0,510.0
102,53,653.2875,8,265.0,510.0
102,56,752.4635000000001,4,280.0,510.0
102,60,773.558,5,300.0,510.0
102,64,1082.38,8,320.0,510.0
102,66,1045.09,9,330.0,510.0
102,67,1064.89,1,335.0,510.0
102,94,1631.55,5,470.0,510.0
102,96,1438.95,16,480.0,510.0
102,102,1284.435,6,510.0,510.0
102,104,1296.78,8,520.0,510.0
102,105,1364.71,1,525.0,510.0
102,108,1258.04,8,540.0,510.0
102,109,1284.78,4,545.0,510.0
102,111,386.614,1,555.0,510.0
102,112,346.312,3,560.0,510.0
102,119,87.49925,12,595.0,510.0
103,24,388.414,1,120.0,515.0
103,25,382.914,7,125.0,515.0
103,29,307.1095,6,145.0,515.0
103,30,251.606,12,150.0,515.0
103,31,215.904,13,155.0,515.0
103,35,386.21450000000004,8,175.0,515.0
103,36,349.112,2,180.0,515.0
103,37,436.317,1,185.0,515.0
103,38,576.806,4,190.0,515.0
103,39,562.51,5,195.0,515.0
103,40,569.308,6,200.0,515.0
103,41,499.421,7,205.0,515.0
103,42,484.27,14,210.0,515.0
103,43,463.019,5,215.0,515.0
103,46,382.814,9,230.0,515.0
103,47,577.206,1,235.0,515.0
103,51,707.7745,2,255.0,515.0
103,52,673.982,9,260.0,515.0
103,53,662.585,5,265.0,515.0
103,56,728.369,9,280.0,515.0
103,60,767.7094999999999,4,300.0,515.0
103,61,802.1015,8,305.0,515.0
103,62,1035.3899999999999,8,310.0,515.0
103,63,1055.09,15,315.0,515.0
103,64,1063.49,8,320.0,515.0
103,65,1044.94,2,325.0,515.0
103,66,1021.5,13,330.0,515.0
103,67,1033.89,16,335.0,515.0
103,68,1082.68,15,340.0,515.0
103,69,1135.07,7,345.0,515.0
103,70,1143.07,1,350.0,515.0
103,73,1191.56,3,365.0,515.0
103,94,1644.145,2,470.0,515.0
103,96,1355.9650000000001,6,480.0,515.0
103,99,1348.52,3,495.0,515.0
103,100,1264.74,13,500.0,515.0
103,101,1293.23,5,505.0,515.0
103,102,1285.68,8,510.0,515.0
103,104,1342.665,6,520.0,515.0
103,108,1198.15,5,540.0,515.0
103,109,1290.43,7,545.0,515.0
103,110,1227.55,4,550.0,515.0
103,118,88.6992,13,590.0,515.0
103,119,73.19945000000001,10,595.0,515.0
103,120,67.79955000000001,2,600.0,515.0
104,25,377.314,3,125.0,520.0
104,26,371.46349999999995,4,130.0,520.0
104,27,349.112,7,135.0,520.0
104,28,325.611,11,140.0,520.0
104,29,275.708,11,145.0,520.0
104,30,233.805,13,150.0,520.0
104,31,204.203,1,155.0,520.0
104,35,367.363,6,175.0,520.0
104,36,591.003,9,180.0,520.0
104,37,599.4005,12,185.0,520.0
104,38,568.6579999999999,10,190.0,520.0
104,39,568.808,5,195.0,520.0
104,40,521.12,5,200.0,520.0
104,41,531.817,1,205.0,520.0
104,42,446.368,6,210.0,520.0
104,43,444.818,18,215.0,520.0
104,44,495.42100000000005,8,220.0,520.0
104,45,346.212,3,225.0,520.0
104,46,434.9175,10,230.0,520.0
104,51,692.928,6,255.0,520.0
104,52,690.728,4,260.0,520.0
104,53,674.332,4,265.0,520.0
104,54,686.629,6,270.0,520.0
104,55,699.776,9,275.0,520.0
104,56,711.7735,8,280.0,520.0
104,57,731.9685,6,285.0,520.0
104,58,781.756,1,290.0,520.0
104,59,754.663,1,295.0,520.0
104,60,796.9525,2,300.0,520.0
104,63,1053.1399999999999,14,315.0,520.0
104,65,1047.19,6,325.0,520.0
104,68,1110.78,9,340.0,520.0
104,69,1058.539,4,345.0,520.0
104,70,1127.87,3,350.0,520.0
104,71,1173.26,2,355.0,520.0
104,72,1176.46,5,360.0,520.0
104,73,1150.27,9,365.0,520.0
104,74,1157.7649999999999,4,370.0,520.0
104,78,755.163,1,390.0,520.0
104,95,1393.0549999999998,2,475.0,520.0
104,96,1303.13,9,480.0,520.0
104,101,1180.8600000000001,6,505.0,520.0
104,102,1072.185,4,510.0,520.0
104,104,1347.7649999999999,4,520.0,520.0
104,105,1210.0500000000002,4,525.0,520.0
104,106,1242.195,10,530.0,520.0
104,107,1028.0,3,535.0,520.0
104,108,1093.18,7,540.0,520.0
104,109,1195.56,3,545.0,520.0
104,117,90.24915,6,585.0,520.0
104,118,74.8994,1,590.0,520.0
104,119,63.6996,1,595.0,520.0
104,120,57.5997,3,600.0,520.0
105,24,268.807,1,120.0,525.0
105,25,293.3085,6,125.0,525.0
105,26,273.4075,4,130.0,525.0
105,27,265.007,1,135.0,525.0
105,28,243.9555,2,140.0,525.0
105,29,246.806,13,145.0,525.0
105,30,209.1535,4,150.0,525.0
105,33,278.108,3,165.0,525.0
105,35,321.21,5,175.0,525.0
105,42,442.068,10,210.0,525.0
105,43,439.918,3,215.0,525.0
105,46,497.4705,8,230.0,525.0
105,51,723.97,9,255.0,525.0
105,55,667.884,9,275.0,525.0
105,57,663.385,3,285.0,525.0
105,58,792.9035,4,290.0,525.0
105,59,759.4114999999999,6,295.0,525.0
105,60,820.647,1,300.0,525.0
105,63,1052.89,9,315.0,525.0
105,64,1035.39,9,320.0,525.0
105,65,919.023,1,325.0,525.0
105,67,981.0575,4,335.0,525.0
105,68,980.008,1,340.0,525.0
105,69,929.82,9,345.0,525.0
105,73,960.3625,12,365.0,525.0
105,74,1059.038,4,370.0,525.0
105,75,1008.0,5,375.0,525.0
105,76,932.819,3,380.0,525.0
105,78,757.262,13,390.0,525.0
105,80,757.662,2,400.0,525.0
105,95,1255.54,8,475.0,525.0
105,96,1172.96,5,480.0,525.0
105,101,1155.865,10,505.0,525.0
105,104,1314.23,5,520.0,525.0
105,106,1465.89,1,530.0,525.0
105,107,1094.28,5,535.0,525.0
105,108,1070.7350000000001,8,540.0,525.0
105,109,940.417,11,545.0,525.0
105,110,1068.69,7,550.0,525.0
105,111,857.4375,4,555.0,525.0
105,112,868.085,4,560.0,525.0
105,113,923.2715000000001,10,565.0,525.0
105,117,61.1996,3,585.0,525.0
105,118,65.2496,6,590.0,525.0
105,119,50.0998,11,595.0,525.0
105,120,46.6999,13,600.0,525.0
106,24,394.615,1,120.0,530.0
106,26,243.806,1,130.0,530.0
106,27,243.106,3,135.0,530.0
106,28,253.506,5,140.0,530.0
106,29,229.20499999999998,10,145.0,530.0
106,30,181.602,9,150.0,530.0
106,31,196.803,6,155.0,530.0
106,32,210.804,5,160.0,530.0
106,33,264.407,18,165.0,530.0
106,34,297.209,3,170.0,530.0
106,35,293.209,13,175.0,530.0
106,36,269.9075,4,180.0,530.0
106,37,310.65999999999997,8,185.0,530.0
106,38,328.111,9,190.0,530.0
106,39,352.012,13,195.0,530.0
106,40,395.515,5,200.0,530.0
106,41,399.66499999999996,8,205.0,530.0
106,42,417.116,21,210.0,530.0
106,43,422.9165,4,215.0,530.0
106,46,423.817,7,230.0,530.0
106,51,778.057,7,255.0,530.0
106,55,678.281,11,275.0,530.0
106,63,1001.452,6,315.0,530.0
106,64,1043.0949999999998,10,320.0,530.0
106,66,979.908,1,330.0,530.0
106,67,983.407,21,335.0,530.0
106,68,942.4670000000001,14,340.0,530.0
106,69,938.268,16,345.0,530.0
106,70,878.183,2,350.0,530.0
106,72,854.238,1,360.0,530.0
106,73,976.809,3,365.0,530.0
106,75,935.019,3,375.0,530.0
106,76,903.926,9,380.0,530.0
106,77,764.6605,12,385.0,530.0
106,78,747.265,7,390.0,530.0
106,80,925.221,3,400.0,530.0
106,95,1351.92,9,475.0,530.0
106,101,1009.0,11,505.0,530.0
106,102,1247.04,1,510.0,530.0
106,103,1294.7800000000002,4,515.0,530.0
106,104,1236.85,17,520.0,530.0
106,105,1008.1,3,525.0,530.0
106,111,763.761,5,555.0,530.0
106,113,1038.69,11,565.0,530.0
106,114,1124.27,7,570.0,530.0
106,120,34.8,13,600.0,530.0
107,29,180.102,11,145.0,535.0
107,30,153.95,8,150.0,535.0
107,31,185.80200000000002,12,155.0,535.0
107,32,222.404,13,160.0,535.0
107,33,270.707,15,165.0,535.0
107,34,294.409,9,170.0,535.0
107,35,248.806,17,175.0,535.0
107,36,254.606,3,180.0,535.0
107,37,296.209,5,185.0,535.0
107,38,305.109,5,190.0,535.0
107,39,315.31,1,195.0,535.0
107,40,379.764,12,200.0,535.0
107,45,423.51649999999995,2,225.0,535.0
107,46,450.618,3,230.0,535.0
107,49,785.1055,2,245.0,535.0
107,50,789.854,4,250.0,535.0
107,51,739.3164999999999,10,255.0,535.0
107,52,752.463,1,260.0,535.0
107,54,674.782,3,270.0,535.0
107,55,665.4345,4,275.0,535.0
107,59,1040.99,1,295.0,535.0
107,60,1033.745,2,300.0,535.0
107,63,1003.35,8,315.0,535.0
107,64,1028.6,3,320.0,535.0
107,67,962.2125000000001,20,335.0,535.0
107,68,930.52,17,340.0,535.0
107,69,886.531,21,345.0,535.0
107,72,945.616,4,360.0,535.0
107,75,883.531,9,375.0,535.0
107,76,851.639,1,380.0,535.0
107,77,800.2515,4,385.0,535.0
107,78,756.262,3,390.0,535.0
107,80,727.9694999999999,8,400.0,535.0
107,81,732.868,7,405.0,535.0
107,93,1235.645,2,465.0,535.0
107,94,1220.4499999999998,6,470.0,535.0
107,95,1106.98,11,475.0,535.0
107,96,1226.65,3,480.0,535.0
107,97,1202.05,3,485.0,535.0
107,98,1169.76,1,490.0,535.0
107,99,1166.66,5,495.0,535.0
107,101,1080.0300000000002,10,505.0,535.0
107,105,1135.07,1,525.0,535.0
107,106,1050.1915,4,530.0,535.0
107,107,954.814,9,535.0,535.0
107,108,973.809,1,540.0,535.0
107,111,870.335,3,555.0,535.0
107,120,25.7001,10,600.0,535.0
107,121,18.7,3,605.0,535.0
107,122,2.2,1,610.0,535.0
107,123,0.0,5,615.0,535.0
107,124,0.0,7,620.0,535.0
108,29,163.301,15,145.0,540.0
108,31,212.604,9,155.0,540.0
108,32,240.2055,2,160.0,540.0
108,35,227.60500000000002,12,175.0,540.0
108,40,404.7155,6,200.0,540.0
108,45,588.003,7,225.0,540.0
108,46,517.809,2,230.0,540.0
108,49,749.564,1,245.0,540.0
108,50,777.357,5,250.0,540.0
108,51,756.062,13,255.0,540.0
108,54,657.5364999999999,8,270.0,540.0
108,55,651.938,2,275.0,540.0
108,59,1057.8400000000001,4,295.0,540.0
108,60,1024.8000000000002,10,300.0,540.0
108,61,1021.85,8,305.0,540.0
108,62,1014.1,7,310.0,540.0
108,63,960.413,13,315.0,540.0
108,67,921.472,4,335.0,540.0
108,68,879.182,6,340.0,540.0
108,69,851.7395,10,345.0,540.0
108,70,833.8935,4,350.0,540.0
108,72,905.726,5,360.0,540.0
108,75,882.232,1,375.0,540.0
108,77,747.6645000000001,12,385.0,540.0
108,79,745.765,7,395.0,540.0
108,80,708.074,1,400.0,540.0
108,93,1357.32,11,465.0,540.0
108,94,1030.4,13,470.0,540.0
108,95,973.009,7,475.0,540.0
108,99,1062.29,5,495.0,540.0
108,100,1184.46,13,500.0,540.0
108,101,949.415,5,505.0,540.0
108,102,974.609,3,510.0,540.0
108,103,1039.99,3,515.0,540.0
108,108,1108.28,1,540.0,540.0
108,109,923.222,11,545.0,540.0
108,110,892.629,9,550.0,540.0
108,111,751.7635,4,555.0,540.0
108,120,19.15,8,600.0,540.0
108,121,12.1,23,605.0,540.0
108,122,5.85,22,610.0,540.0
108,123,0.0,17,615.0,540.0
108,124,0.0,8,620.0,540.0
109,24,185.152,4,120.0,545.0
109,26,218.504,7,130.0,545.0
109,27,212.804,6,135.0,545.0
109,28,204.55349999999999,2,140.0,545.0
109,29,147.54950000000002,14,145.0,545.0
109,31,248.506,3,155.0,545.0
109,32,253.30599999999998,2,160.0,545.0
109,35,213.404,5,175.0,545.0
109,45,561.46,8,225.0,545.0
109,51,794.353,5,255.0,545.0
109,55,643.29,8,275.0,545.0
109,56,904.626,5,280.0,545.0
109,57,921.722,8,285.0,545.0
109,58,847.79,10,290.0,545.0
109,59,842.241,7,295.0,545.0
109,63,912.224,11,315.0,545.0
109,64,966.511,11,320.0,545.0
109,65,978.758,8,325.0,545.0
109,66,1029.0,3,330.0,545.0
109,69,843.441,5,345.0,545.0
109,71,934.769,14,355.0,545.0
109,72,913.924,9,360.0,545.0
109,75,915.2235000000001,10,375.0,545.0
109,77,719.671,3,385.0,545.0
109,78,907.026,3,390.0,545.0
109,79,714.2729999999999,12,395.0,545.0
109,93,1017.1,9,465.0,545.0
109,94,927.0205,16,470.0,545.0
109,95,929.27,6,475.0,545.0
109,99,1130.67,7,495.0,545.0
109,100,1242.44,5,500.0,545.0
109,103,1447.99,1,515.0,545.0
109,104,897.028,9,520.0,545.0
109,105,968.41,2,525.0,545.0
109,106,960.6125,6,530.0,545.0
109,107,827.145,1,535.0,545.0
109,110,821.996,6,550.0,545.0
109,112,832.344,9,560.0,545.0
109,113,709.574,3,565.0,545.0
109,118,34.2001,1,590.0,545.0
109,120,17.6,3,600.0,545.0
109,121,15.850000000000001,20,605.0,545.0
109,122,11.3,3,610.0,545.0
110,24,179.85199999999998,12,120.0,550.0
110,28,210.304,1,140.0,550.0
110,29,140.29950000000002,14,145.0,550.0
110,35,200.553,8,175.0,550.0
110,45,491.321,14,225.0,550.0
110,46,474.27,14,230.0,550.0
110,47,537.216,4,235.0,550.0
110,48,524.469,4,240.0,550.0
110,49,552.9125,4,245.0,550.0
110,50,595.402,1,250.0,550.0
110,54,629.1435,2,270.0,550.0
110,55,657.087,1,275.0,550.0
110,57,967.461,10,285.0,550.0
110,58,808.55,3,290.0,550.0
110,59,932.1695,2,295.0,550.0
110,60,769.159,7,300.0,550.0
110,61,790.254,7,305.0,550.0
110,62,794.453,7,310.0,550.0
110,63,874.334,11,315.0,550.0
110,64,930.6195,4,320.0,550.0
110,65,968.211,1,325.0,550.0
110,66,1010.1500000000001,10,330.0,550.0
110,69,798.852,1,345.0,550.0
110,71,887.1804999999999,12,355.0,550.0
110,72,867.835,5,360.0,550.0
110,74,869.685,2,370.0,550.0
110,75,863.736,11,375.0,550.0
110,76,863.936,3,380.0,550.0
110,79,699.876,9,395.0,550.0
110,94,854.938,3,470.0,550.0
110,95,873.234,5,475.0,550.0
110,106,787.655,1,530.0,550.0
110,107,886.8305,10,535.0,550.0
110,108,802.451,8,540.0,550.0
110,109,755.763,3,545.0,550.0
110,110,705.475,7,550.0,550.0
110,111,698.277,1,555.0,550.0
110,112,769.059,7,560.0,550.0
110,113,718.772,3,565.0,550.0
110,118,46.39985,8,590.0,550.0
110,119,42.0999,7,595.0,550.0
110,120,42.3999,16,600.0,550.0
110,121,34.4,19,605.0,550.0
110,122,23.30005,2,610.0,550.0
111,23,162.201,1,115.0,555.0
111,24,168.101,10,120.0,555.0
111,26,207.603,5,130.0,555.0
111,27,188.952,2,135.0,555.0
111,28,151.1,11,140.0,555.0
111,29,117.549,10,145.0,555.0
111,31,143.5995,2,155.0,555.0
111,32,142.54950000000002,4,160.0,555.0
111,33,153.1,5,165.0,555.0
111,34,156.35000000000002,8,170.0,555.0
111,35,182.002,13,175.0,555.0
111,36,210.2535,2,180.0,555.0
111,45,443.718,3,225.0,555.0
111,46,427.7165,2,230.0,555.0
111,50,586.504,9,250.0,555.0
111,51,582.8544999999999,6,255.0,555.0
111,52,611.898,13,260.0,555.0
111,53,628.494,7,265.0,555.0
111,54,648.289,8,270.0,555.0
111,55,777.107,2,275.0,555.0
111,56,775.058,1,280.0,555.0
111,57,969.11,7,285.0,555.0
111,60,790.104,6,300.0,555.0
111,62,837.343,1,310.0,555.0
111,63,875.3835,8,315.0,555.0
111,64,930.8695,2,320.0,555.0
111,65,915.124,5,325.0,555.0
111,66,781.156,7,330.0,555.0
111,69,835.7429999999999,8,345.0,555.0
111,71,862.4365,8,355.0,555.0
111,72,835.5435,2,360.0,555.0
111,75,846.1405,12,375.0,555.0
111,76,838.042,1,380.0,555.0
111,77,861.187,4,385.0,555.0
111,78,715.9225,4,390.0,555.0
111,79,698.177,5,395.0,555.0
111,94,901.327,1,470.0,555.0
111,95,845.241,13,475.0,555.0
111,103,858.937,9,515.0,555.0
111,104,820.347,3,520.0,555.0
111,105,811.999,2,525.0,555.0
111,109,752.7629999999999,6,545.0,555.0
111,110,669.084,7,550.0,555.0
111,111,688.279,4,555.0,555.0
111,112,620.895,5,560.0,555.0
111,120,59.3997,5,600.0,555.0
111,121,50.4998,13,605.0,555.0
112,23,159.7005,2,115.0,560.0
112,24,154.5,4,120.0,560.0
112,28,128.349,6,140.0,560.0
112,29,108.649,6,145.0,560.0
112,31,132.999,5,155.0,560.0
112,32,117.899,11,160.0,560.0
112,33,133.299,6,165.0,560.0
112,34,166.301,4,170.0,560.0
112,35,194.803,9,175.0,560.0
112,36,222.504,11,180.0,560.0
112,37,237.905,4,185.0,560.0
112,38,248.206,3,190.0,560.0
112,39,278.408,5,195.0,560.0
112,40,286.108,9,200.0,560.0
112,41,240.705,9,205.0,560.0
112,45,426.217,9,225.0,560.0
112,52,594.852,2,260.0,560.0
112,55,806.0999999999999,4,275.0,560.0
112,56,742.266,9,280.0,560.0
112,57,737.267,9,285.0,560.0
112,58,740.5160000000001,6,290.0,560.0
112,59,767.11,8,295.0,560.0
112,60,791.154,13,300.0,560.0
112,62,796.6524999999999,2,310.0,560.0
112,63,755.263,1,315.0,560.0
112,65,779.157,1,325.0,560.0
112,66,786.655,1,330.0,560.0
112,67,784.356,3,335.0,560.0
112,68,813.9485,4,340.0,560.0
112,69,789.404,8,345.0,560.0
112,70,802.101,8,350.0,560.0
112,71,839.142,9,355.0,560.0
112,72,807.05,13,360.0,560.0
112,73,827.645,9,365.0,560.0
112,74,845.5405000000001,8,370.0,560.0
112,75,829.9445000000001,10,375.0,560.0
112,77,662.885,3,385.0,560.0
112,78,693.578,5,390.0,560.0
112,79,713.773,5,395.0,560.0
112,90,1918.78,4,450.0,560.0
112,94,827.045,3,470.0,560.0
112,95,758.712,2,475.0,560.0
112,105,808.55,7,525.0,560.0
112,106,895.328,9,530.0,560.0
112,107,800.9515,14,535.0,560.0
112,108,776.4075,2,540.0,560.0
112,109,701.776,3,545.0,560.0
112,110,959.414,2,550.0,560.0
112,120,69.3495,12,600.0,560.0
112,121,61.0996,5,605.0,560.0
113,23,148.1,5,115.0,565.0
113,24,160.901,13,120.0,565.0
113,25,184.652,6,125.0,565.0
113,26,156.15,2,130.0,565.0
113,27,164.801,11,135.0,565.0
113,28,119.84899999999999,14,140.0,565.0
113,29,96.8991,7,145.0,565.0
113,32,97.59909999999999,10,160.0,565.0
113,37,259.557,8,185.0,565.0
113,41,219.75400000000002,8,205.0,565.0
113,45,414.116,5,225.0,565.0
113,46,361.913,1,230.0,565.0
113,47,398.615,1,235.0,565.0
113,51,601.0005,8,255.0,565.0
113,52,554.6614999999999,4,260.0,565.0
113,55,577.906,1,275.0,565.0
113,56,688.079,1,280.0,565.0
113,57,740.566,3,285.0,565.0
113,59,664.885,3,295.0,565.0
113,60,705.375,5,300.0,565.0
113,62,863.336,5,310.0,565.0
113,65,744.965,3,325.0,565.0
113,66,768.5095,4,330.0,565.0
113,67,808.05,4,335.0,565.0
113,68,796.8525,2,340.0,565.0
113,69,787.7545,8,345.0,565.0
113,70,774.808,2,350.0,565.0
113,71,804.851,3,355.0,565.0
113,75,696.577,16,375.0,565.0
113,76,694.777,16,380.0,565.0
113,77,691.1279999999999,8,385.0,565.0
113,78,690.978,7,390.0,565.0
113,86,1931.68,1,430.0,565.0
113,88,1913.68,4,440.0,565.0
113,89,1902.28,4,445.0,565.0
113,90,1914.88,1,450.0,565.0
113,94,738.267,7,470.0,565.0
113,95,742.266,5,475.0,565.0
113,96,877.233,1,480.0,565.0
113,102,803.451,11,510.0,565.0
113,103,760.2115,6,515.0,565.0
113,104,619.096,1,520.0,565.0
113,108,887.2305,2,540.0,565.0
113,109,655.287,20,545.0,565.0
113,120,79.84935,14,600.0,565.0
113,121,76.8994,7,605.0,565.0
114,23,138.49900000000002,4,115.0,570.0
114,24,141.4995,4,120.0,570.0
114,28,98.89905,10,140.0,570.0
114,29,74.74945,8,145.0,570.0
114,30,92.19919999999999,8,150.0,570.0
114,31,93.3991,9,155.0,570.0
114,32,84.14930000000001,12,160.0,570.0
114,37,278.70799999999997,6,185.0,570.0
114,40,201.903,2,200.0,570.0
114,41,208.50349999999997,14,205.0,570.0
114,42,253.606,5,210.0,570.0
114,45,408.7155,6,225.0,570.0
114,46,419.616,5,230.0,570.0
114,47,447.668,10,235.0,570.0
114,48,440.718,9,240.0,570.0
114,49,456.419,9,245.0,570.0
114,50,472.02,2,250.0,570.0
114,51,531.4665,8,255.0,570.0
114,53,619.396,3,265.0,570.0
114,56,709.574,9,280.0,570.0
114,59,624.894,5,295.0,570.0
114,62,901.327,1,310.0,570.0
114,65,762.5605,14,325.0,570.0
114,69,772.858,7,345.0,570.0
114,75,695.377,5,375.0,570.0
114,77,704.075,9,385.0,570.0
114,78,729.169,13,390.0,570.0
114,89,1892.68,5,445.0,570.0
114,92,809.9994999999999,4,460.0,570.0
114,94,762.7105,4,470.0,570.0
114,95,703.875,1,475.0,570.0
114,96,783.3054999999999,6,480.0,570.0
114,97,827.1955,4,485.0,570.0
114,98,822.2965,6,490.0,570.0
114,99,901.327,2,495.0,570.0
114,104,747.065,7,520.0,570.0
114,105,675.082,3,525.0,570.0
114,106,742.766,5,530.0,570.0
114,107,684.18,3,535.0,570.0
114,109,706.5245,8,545.0,570.0
114,120,92.84915000000001,8,600.0,570.0
114,121,93.1992,7,605.0,570.0
115,23,128.699,11,115.0,575.0
115,24,139.049,14,120.0,575.0
115,25,125.699,5,125.0,575.0
115,26,104.799,4,130.0,575.0
115,27,100.199,5,135.0,575.0
115,28,84.84925000000001,6,140.0,575.0
115,29,59.5997,1,145.0,575.0
115,32,72.8995,7,160.0,575.0
115,37,139.699,2,185.0,575.0
115,40,189.102,3,200.0,575.0
115,41,226.905,11,205.0,575.0
115,45,388.264,12,225.0,575.0
115,49,453.418,1,245.0,575.0
115,50,475.02,2,250.0,575.0
115,51,515.4185,6,255.0,575.0
115,55,732.4185,4,275.0,575.0
115,56,691.928,10,280.0,575.0
115,59,610.398,9,295.0,575.0
115,65,753.363,10,325.0,575.0
115,69,761.661,7,345.0,575.0
115,75,666.284,9,375.0,575.0
115,78,720.0715,6,390.0,575.0
115,88,1929.48,1,440.0,575.0
115,92,779.457,13,460.0,575.0
115,93,768.0595,14,465.0,575.0
115,94,719.271,9,470.0,575.0
115,99,909.325,3,495.0,575.0
115,100,917.923,4,500.0,575.0
115,101,922.222,3,505.0,575.0
115,106,559.211,1,530.0,575.0
115,107,680.881,3,535.0,575.0
115,108,516.921,7,540.0,575.0
115,109,490.17100000000005,20,545.0,575.0
115,110,530.1675,12,550.0,575.0
115,111,687.779,3,555.0,575.0
115,112,590.803,1,560.0,575.0
115,120,90.94919999999999,20,600.0,575.0
115,121,100.799,1,605.0,575.0
116,23,114.299,6,115.0,580.0
116,24,108.099,1,120.0,580.0
116,28,55.14975,18,140.0,580.0
116,32,67.6995,11,160.0,580.0
116,37,143.8995,6,185.0,580.0
116,40,181.702,1,200.0,580.0
116,41,209.504,1,205.0,580.0
116,44,371.813,5,220.0,580.0
116,45,391.2145,4,225.0,580.0
116,50,512.222,3,250.0,580.0
116,51,523.819,5,255.0,580.0
116,54,721.471,1,270.0,580.0
116,55,615.197,19,275.0,580.0
116,56,628.9435000000001,6,280.0,580.0
116,59,606.299,10,295.0,580.0
116,65,731.718,18,325.0,580.0
116,69,773.058,7,345.0,580.0
116,75,687.079,5,375.0,580.0
116,76,645.989,1,380.0,580.0
116,78,730.469,5,390.0,580.0
116,84,1867.79,1,420.0,580.0
116,88,1923.6799999999998,2,440.0,580.0
116,94,714.073,7,470.0,580.0
116,95,741.166,3,475.0,580.0
116,103,551.612,1,515.0,580.0
116,104,359.913,1,520.0,580.0
116,109,408.516,5,545.0,580.0
116,112,546.114,1,560.0,580.0
116,120,137.849,12,600.0,580.0
117,23,120.499,7,115.0,585.0
117,24,101.749,18,120.0,585.0
117,25,82.6993,11,125.0,585.0
117,26,69.0995,13,130.0,585.0
117,27,52.64975,12,135.0,585.0
117,28,37.4,16,140.0,585.0
117,29,34.9,3,145.0,585.0
117,30,47.5998,1,150.0,585.0
117,32,59.2997,13,160.0,585.0
117,34,93.8991,1,170.0,585.0
117,35,107.899,1,175.0,585.0
117,36,113.249,2,180.0,585.0
117,37,124.549,10,185.0,585.0
117,38,151.8,3,190.0,585.0
117,39,168.45100000000002,14,195.0,585.0
117,40,191.602,7,200.0,585.0
117,44,352.412,5,220.0,585.0
117,45,375.314,3,225.0,585.0
117,50,550.213,7,250.0,585.0
117,55,694.877,3,275.0,585.0
117,56,595.702,7,280.0,585.0
117,58,586.154,4,290.0,585.0
117,59,574.007,7,295.0,585.0
117,64,697.927,4,320.0,585.0
117,65,739.566,9,325.0,585.0
117,69,746.865,11,345.0,585.0
117,75,681.881,5,375.0,585.0
117,76,683.53,6,380.0,585.0
117,78,749.4639999999999,8,390.0,585.0
117,79,745.365,2,395.0,585.0
117,84,1888.19,1,420.0,585.0
117,88,1906.23,6,440.0,585.0
117,91,1714.33,1,455.0,585.0
117,94,652.4875,8,470.0,585.0
117,95,648.5889999999999,8,475.0,585.0
117,96,690.0285,10,480.0,585.0
117,97,669.134,8,485.0,585.0
117,98,643.44,18,490.0,585.0
117,99,609.498,9,495.0,585.0
117,100,593.202,1,500.0,585.0
117,103,446.616,2,515.0,585.0
117,104,531.4590000000001,4,520.0,585.0
117,108,488.321,3,540.0,585.0
117,109,516.62,6,545.0,585.0
117,119,104.349,4,595.0,585.0
117,120,117.799,14,600.0,585.0
118,27,30.9501,2,135.0,590.0
118,28,23.5501,12,140.0,590.0
118,29,30.350099999999998,6,145.0,590.0
118,30,45.4999,5,150.0,590.0
118,31,54.19975,10,155.0,590.0
118,32,73.64945,8,160.0,590.0
118,33,80.34935,6,165.0,590.0
118,34,89.4992,11,170.0,590.0
118,35,100.24905000000001,6,175.0,590.0
118,36,108.799,5,180.0,590.0
118,37,119.549,16,185.0,590.0
118,38,155.0,5,190.0,590.0
118,39,191.2525,8,195.0,590.0
118,40,220.004,9,200.0,590.0
118,44,338.761,12,220.0,590.0
118,45,352.41200000000003,16,225.0,590.0
118,46,318.91,1,230.0,590.0
118,55,600.0505,8,275.0,590.0
118,56,569.558,2,280.0,590.0
118,58,567.6585,6,290.0,590.0
118,59,522.12,1,295.0,590.0
118,64,685.18,9,320.0,590.0
118,65,729.069,13,325.0,590.0
118,66,741.166,3,330.0,590.0
118,69,734.668,7,345.0,590.0
118,75,640.441,2,375.0,590.0
118,76,657.287,15,380.0,590.0
118,78,739.067,7,390.0,590.0
118,79,747.365,9,395.0,590.0
118,87,1882.19,12,435.0,590.0
118,88,1893.78,5,440.0,590.0
118,91,1150.27,3,455.0,590.0
118,93,1104.48,1,465.0,590.0
118,94,686.6295,8,470.0,590.0
118,99,556.411,5,495.0,590.0
118,100,514.1210000000001,8,500.0,590.0
118,101,499.221,7,505.0,590.0
118,102,450.318,15,510.0,590.0
118,103,496.521,7,515.0,590.0
118,104,617.696,1,520.0,590.0
118,108,355.0625,10,540.0,590.0
118,109,294.309,3,545.0,590.0
118,114,145.1,3,570.0,590.0
118,119,80.8993,3,595.0,590.0
118,120,95.04910000000001,14,600.0,590.0
119,27,18.5,1,135.0,595.0
119,28,17.4,7,140.0,595.0
119,31,60.19965,2,155.0,595.0
119,32,65.1996,1,160.0,595.0
119,36,139.699,1,180.0,595.0
119,37,129.649,6,185.0,595.0
119,44,334.411,10,220.0,595.0
119,45,344.512,1,225.0,595.0
119,54,545.714,1,270.0,595.0
119,55,550.5625,20,275.0,595.0
119,58,556.611,1,290.0,595.0
119,64,700.6759999999999,10,320.0,595.0
119,65,717.072,9,325.0,595.0
119,66,708.224,6,330.0,595.0
119,68,704.575,2,340.0,595.0
119,69,693.8779999999999,12,345.0,595.0
119,70,721.371,7,350.0,595.0
119,71,726.47,6,355.0,595.0
119,72,739.566,7,360.0,595.0
119,76,683.78,11,380.0,595.0
119,79,748.364,1,395.0,595.0
119,87,1826.85,4,435.0,595.0
119,88,1877.49,5,440.0,595.0
119,90,1000.1034999999999,4,450.0,595.0
119,91,955.814,13,455.0,595.0
119,92,940.917,12,460.0,595.0
119,93,843.841,14,465.0,595.0
119,94,753.963,3,470.0,595.0
119,103,407.916,9,515.0,595.0
119,104,322.71,1,520.0,595.0
119,105,474.62,7,525.0,595.0
119,106,356.213,5,530.0,595.0
119,107,281.158,2,535.0,595.0
119,108,269.907,13,540.0,595.0
119,114,108.299,10,570.0,595.0
119,115,111.299,21,575.0,595.0
119,116,109.499,7,580.0,595.0
119,117,91.3492,2,585.0,595.0
119,119,72.3995,5,595.0,595.0
119,120,68.1995,13,600.0,595.0
120,27,13.4,3,135.0,600.0
120,28,11.05,14,140.0,600.0
120,31,56.8497,10,155.0,600.0
120,37,158.8505,8,185.0,600.0
120,38,190.1025,8,190.0,600.0
120,42,326.911,3,210.0,600.0
120,43,313.81,5,215.0,600.0
120,44,307.9095,10,220.0,600.0
120,47,277.308,1,235.0,600.0
120,54,543.614,3,270.0,600.0
120,55,536.816,5,275.0,600.0
120,58,547.2635,14,290.0,600.0
120,64,666.3344999999999,14,320.0,600.0
120,65,690.878,17,325.0,600.0
120,66,666.4345,6,330.0,600.0
120,67,711.473,3,335.0,600.0
120,68,668.9335,2,340.0,600.0
120,69,678.6814999999999,4,345.0,600.0
120,76,613.9475,4,380.0,600.0
120,77,613.297,1,385.0,600.0
120,78,650.638,4,390.0,600.0
120,79,658.286,1,395.0,600.0
120,87,1813.505,6,435.0,600.0
120,90,1055.49,5,450.0,600.0
120,91,1099.8275,4,455.0,600.0
120,92,701.076,5,460.0,600.0
120,93,702.975,11,465.0,600.0
120,94,589.053,4,470.0,600.0
120,95,591.5025,4,475.0,600.0
120,96,587.1034999999999,6,480.0,600.0
120,98,478.27,8,490.0,600.0
120,99,490.77099999999996,8,495.0,600.0
120,100,384.714,5,500.0,600.0
120,102,339.612,1,510.0,600.0
120,103,391.7145,12,515.0,600.0
120,106,317.01,1,530.0,600.0
120,107,266.507,12,535.0,600.0
120,108,221.204,17,540.0,600.0
120,115,68.84955,6,575.0,600.0
120,116,68.8995,13,580.0,600.0
120,117,78.5994,17,585.0,600.0
120,118,80.34935,12,590.0,600.0
120,119,58.499700000000004,24,595.0,600.0
120,120,39.0,9,600.0,600.0
121,27,4.6,2,135.0,605.0
121,28,5.4,10,140.0,605.0
121,31,42.4999,13,155.0,605.0
121,44,306.95950000000005,4,220.0,605.0
121,45,286.708,9,225.0,605.0
121,46,262.207,9,230.0,605.0
121,47,259.607,7,235.0,605.0
121,49,347.312,7,245.0,605.0
121,54,508.722,7,270.0,605.0
121,55,528.718,5,275.0,605.0
121,57,495.921,1,285.0,605.0
121,58,523.2195,6,290.0,605.0
121,64,657.5865,16,320.0,605.0
121,69,573.557,2,345.0,605.0
121,70,597.301,3,350.0,605.0
121,73,659.186,6,365.0,605.0
121,74,631.3430000000001,6,370.0,605.0
121,75,653.288,15,375.0,605.0
121,76,681.481,4,380.0,605.0
121,77,657.087,3,385.0,605.0
121,78,668.084,3,390.0,605.0
121,86,1819.45,8,430.0,605.0
121,87,1815.255,2,435.0,605.0
121,90,1119.275,8,450.0,605.0
121,94,629.3935,4,470.0,605.0
121,96,562.6095,2,480.0,605.0
121,97,553.812,11,485.0,605.0
121,98,488.1705,4,490.0,605.0
121,100,406.116,1,500.0,605.0
121,101,566.009,1,505.0,605.0
121,102,428.717,8,510.0,605.0
121,103,412.516,13,515.0,605.0
121,104,336.211,10,520.0,605.0
121,105,350.962,6,525.0,605.0
121,106,342.712,3,530.0,605.0
121,107,267.407,7,535.0,605.0
121,108,211.104,13,540.0,605.0
121,109,223.80450000000002,8,545.0,605.0
121,110,181.60199999999998,6,550.0,605.0
121,111,190.6025,10,555.0,605.0
121,112,151.9,1,560.0,605.0
121,117,47.3998,5,585.0,605.0
121,118,41.7499,16,590.0,605.0
121,119,31.650100000000002,12,595.0,605.0
121,120,22.00005,6,600.0,605.0
122,23,21.15,6,115.0,610.0
122,24,15.9,15,120.0,610.0
122,25,9.9,12,125.0,610.0
122,26,4.0,5,130.0,610.0
122,27,0.0,11,135.0,610.0
122,28,0.0,3,140.0,610.0
122,31,28.2001,9,155.0,610.0
122,42,180.602,9,210.0,610.0
122,46,227.705,3,230.0,610.0
122,47,254.106,2,235.0,610.0
122,49,365.713,11,245.0,610.0
122,50,356.9125,4,250.0,610.0
122,52,473.72,1,260.0,610.0
122,53,421.216,3,265.0,610.0
122,54,480.92,11,270.0,610.0
122,57,493.02099999999996,2,285.0,610.0
122,58,511.2205,2,290.0,610.0
122,63,626.094,1,315.0,610.0
122,64,635.792,13,320.0,610.0
122,69,594.802,3,345.0,610.0
122,70,595.402,3,350.0,610.0
122,73,624.295,9,365.0,610.0
122,75,669.384,1,375.0,610.0
122,76,694.1775,2,380.0,610.0
122,81,1932.78,1,405.0,610.0
122,82,1909.98,2,410.0,610.0
122,84,1823.2,3,420.0,610.0
122,85,1820.205,10,425.0,610.0
122,86,1824.905,6,430.0,610.0
122,90,1271.585,8,450.0,610.0
122,94,686.779,3,470.0,610.0
122,97,580.605,5,485.0,610.0
122,98,431.017,1,490.0,610.0
122,104,418.416,5,520.0,610.0
122,105,330.411,12,525.0,610.0
122,106,280.908,17,530.0,610.0
122,107,242.50549999999998,22,535.0,610.0
122,108,218.904,7,540.0,610.0
122,109,190.502,1,545.0,610.0
122,111,162.001,11,555.0,610.0
122,117,79.2994,9,585.0,610.0
122,118,55.9497,18,590.0,610.0
122,119,32.0001,18,595.0,610.0
122,120,18.799999999999997,16,600.0,610.0
122,121,10.0,17,605.0,610.0
122,122,2.1,17,610.0,610.0
122,123,0.0,19,615.0,610.0
122,124,0.0,6,620.0,610.0
123,27,0.0,15,135.0,615.0
123,28,0.0,21,140.0,615.0
123,29,5.15,14,145.0,615.0
123,30,9.05,12,150.0,615.0
123,31,16.5,19,155.0,615.0
123,32,36.7,10,160.0,615.0
123,33,54.2997,7,165.0,615.0
123,34,56.8997,1,170.0,615.0
123,41,150.2,6,205.0,615.0
123,42,168.401,5,210.0,615.0
123,46,237.805,4,230.0,615.0
123,49,299.259,14,245.0,615.0
123,50,329.461,6,250.0,615.0
123,52,413.416,9,260.0,615.0
123,53,471.46950000000004,6,265.0,615.0
123,54,446.618,7,270.0,615.0
123,57,500.37149999999997,10,285.0,615.0
123,64,620.5955,12,320.0,615.0
123,65,592.7025,6,325.0,615.0
123,70,585.1044999999999,6,350.0,615.0
123,73,621.6955,4,365.0,615.0
123,76,650.9380000000001,6,380.0,615.0
123,82,1899.58,3,410.0,615.0
123,83,1906.435,2,415.0,615.0
123,84,1812.0549999999998,2,420.0,615.0
123,85,1773.41,1,425.0,615.0
123,86,1769.0149999999999,8,430.0,615.0
123,89,1287.43,7,445.0,615.0
123,90,1318.375,6,450.0,615.0
123,93,678.781,1,465.0,615.0
123,94,637.391,3,470.0,615.0
123,97,627.244,4,485.0,615.0
123,98,672.6324999999999,16,490.0,615.0
123,99,809.0495000000001,6,495.0,615.0
123,100,837.742,3,500.0,615.0
123,105,483.3705,8,525.0,615.0
123,106,354.41200000000003,8,530.0,615.0
123,107,292.809,5,535.0,615.0
123,108,229.2045,6,540.0,615.0
123,109,187.202,17,545.0,615.0
123,110,180.302,9,550.0,615.0
123,111,154.5,5,555.0,615.0
123,112,150.0,7,560.0,615.0
123,113,132.299,13,565.0,615.0
123,114,121.799,14,570.0,615.0
123,115,108.199,8,575.0,615.0
123,116,111.899,10,580.0,615.0
123,117,96.1491,10,585.0,615.0
123,118,73.1995,15,590.0,615.0
123,119,44.5999,4,595.0,615.0
123,122,0.0,3,610.0,615.0
123,123,0.0,5,615.0,615.0
123,124,0.0,2,620.0,615.0
124,27,4.1,17,135.0,620.0
124,28,2.0,6,140.0,620.0
124,30,9.3,1,150.0,620.0
124,31,15.5,9,155.0,620.0
124,32,24.1001,13,160.0,620.0
124,33,36.8,11,165.0,620.0
124,34,50.949799999999996,16,170.0,620.0
124,35,67.7995,11,175.0,620.0
124,36,73.94945000000001,14,180.0,620.0
124,37,89.0992,11,185.0,620.0
124,38,98.99905000000001,8,190.0,620.0
124,39,109.799,3,195.0,620.0
124,40,111.799,1,200.0,620.0
124,41,140.699,7,205.0,620.0
124,42,140.79950000000002,2,210.0,620.0
124,46,221.904,6,230.0,620.0
124,48,273.6075,8,240.0,620.0
124,49,273.307,11,245.0,620.0
124,50,297.309,5,250.0,620.0
124,52,377.714,8,260.0,620.0
124,57,480.32000000000005,8,285.0,620.0
124,60,566.609,3,300.0,620.0
124,61,572.607,3,305.0,620.0
124,62,572.9069999999999,12,310.0,620.0
124,63,604.299,11,315.0,620.0
124,64,636.742,2,320.0,620.0
124,65,630.3935,10,325.0,620.0
124,67,673.683,1,335.0,620.0
124,68,671.283,3,340.0,620.0
124,69,623.695,3,345.0,620.0
124,70,580.1055,8,350.0,620.0
124,73,623.495,3,365.0,620.0
124,80,1896.18,3,400.0,620.0
124,83,1911.08,1,415.0,620.0
124,85,1780.9650000000001,6,425.0,620.0
124,88,1730.725,2,440.0,620.0
124,89,1535.475,14,445.0,620.0
124,90,1671.44,6,450.0,620.0
124,97,658.486,13,485.0,620.0
124,98,860.637,25,490.0,620.0
124,99,1174.86,19,495.0,620.0
124,100,1039.745,14,500.0,620.0
124,104,639.491,5,520.0,620.0
124,105,620.196,9,525.0,620.0
124,109,225.30450000000002,6,545.0,620.0
124,113,148.1,1,565.0,620.0
124,114,132.099,3,570.0,620.0
124,115,128.899,6,575.0,620.0
124,116,139.0495,2,580.0,620.0
124,117,110.499,1,585.0,620.0
124,118,97.3991,14,590.0,620.0
124,119,55.199749999999995,2,595.0,620.0
125,27,10.0,11,135.0,625.0
125,28,10.7,6,140.0,625.0
125,32,30.5501,8,160.0,625.0
125,34,48.4998,2,170.0,625.0
125,35,51.1998,5,175.0,625.0
125,36,57.1997,1,180.0,625.0
125,37,64.9996,3,185.0,625.0
125,38,65.7996,5,190.0,625.0
125,39,82.1993,5,195.0,625.0
125,40,87.4992,13,200.0,625.0
125,41,110.799,23,205.0,625.0
125,42,135.349,12,210.0,625.0
125,43,152.0,13,215.0,625.0
125,44,174.4015,20,220.0,625.0
125,45,195.453,10,225.0,625.0
125,46,197.703,9,230.0,625.0
125,48,239.405,10,240.0,625.0
125,52,349.3125,6,260.0,625.0
125,57,471.32,5,285.0,625.0
125,60,521.12,15,300.0,625.0
125,61,540.765,8,305.0,625.0
125,65,625.894,9,325.0,625.0
125,66,638.8910000000001,12,330.0,625.0
125,67,647.589,6,335.0,625.0
125,68,660.486,1,340.0,625.0
125,70,563.8595,6,350.0,625.0
125,73,615.497,9,365.0,625.0
125,74,626.094,4,370.0,625.0
125,79,561.51,1,395.0,625.0
125,80,1205.9045,6,400.0,625.0
125,83,1933.38,1,415.0,625.0
125,85,1646.94,7,425.0,625.0
125,89,1569.7649999999999,6,445.0,625.0
125,97,796.952,11,485.0,625.0
125,98,1140.27,25,490.0,625.0
125,99,1501.48,22,495.0,625.0
125,100,1338.77,8,500.0,625.0
125,103,725.0699999999999,8,515.0,625.0
125,104,698.7764999999999,10,520.0,625.0
125,105,810.249,1,525.0,625.0
125,109,264.407,6,545.0,625.0
125,115,135.599,3,575.0,625.0
125,118,117.049,14,590.0,625.0
126,27,17.0,19,135.0,630.0
126,28,16.5,1,140.0,630.0
126,32,37.7,7,160.0,630.0
126,34,52.5998,3,170.0,630.0
126,35,54.39975,2,175.0,630.0
126,40,87.0992,15,200.0,630.0
126,44,149.4,6,220.0,630.0
126,45,150.5,5,225.0,630.0
126,46,168.101,5,230.0,630.0
126,47,206.20350000000002,8,235.0,630.0
126,48,194.3025,14,240.0,630.0
126,49,231.105,21,245.0,630.0
126,50,245.156,14,250.0,630.0
126,51,262.40700000000004,10,255.0,630.0
126,52,318.2105,10,260.0,630.0
126,53,351.16200000000003,4,265.0,630.0
126,56,426.66700000000003,4,280.0,630.0
126,57,454.118,5,285.0,630.0
126,58,491.821,1,290.0,630.0
126,59,459.719,1,295.0,630.0
126,60,469.2695,10,300.0,630.0
126,61,513.4685000000001,2,305.0,630.0
126,65,453.11850000000004,6,325.0,630.0
126,66,499.321,3,330.0,630.0
126,70,560.81,6,350.0,630.0
126,73,608.4984999999999,10,365.0,630.0
126,74,650.788,5,370.0,630.0
126,75,613.547,8,375.0,630.0
126,76,644.59,5,380.0,630.0
126,78,569.308,12,390.0,630.0
126,79,540.465,8,395.0,630.0
126,80,581.005,11,400.0,630.0
126,84,1804.51,2,420.0,630.0
126,85,1736.52,9,425.0,630.0
126,86,1607.25,7,430.0,630.0
126,96,868.435,1,480.0,630.0
126,97,874.633,13,485.0,630.0
126,98,1387.81,15,490.0,630.0
126,99,1692.685,16,495.0,630.0
126,102,534.816,1,510.0,630.0
126,103,828.345,4,515.0,630.0
126,104,792.853,7,520.0,630.0
126,105,459.219,1,525.0,630.0
126,106,481.57050000000004,4,530.0,630.0
126,107,434.5675,8,535.0,630.0
126,108,323.56050000000005,8,540.0,630.0
126,109,270.607,5,545.0,630.0
126,115,143.8,7,575.0,630.0
126,117,138.499,1,585.0,630.0
126,118,132.29899999999998,16,590.0,630.0
127,27,24.0001,7,135.0,635.0
127,28,26.600099999999998,2,140.0,635.0
127,32,44.9499,2,160.0,635.0
127,34,56.7997,3,170.0,635.0
127,38,131.599,4,190.0,635.0
127,39,115.599,10,195.0,635.0
127,40,104.499,13,200.0,635.0
127,44,148.9495,6,220.0,635.0
127,45,159.101,1,225.0,635.0
127,47,211.104,1,235.0,635.0
127,48,174.401,5,240.0,635.0
127,49,211.60399999999998,8,245.0,635.0
127,50,212.404,3,250.0,635.0
127,51,246.806,18,255.0,635.0
127,52,268.307,11,260.0,635.0
127,53,286.208,9,265.0,635.0
127,54,303.60900000000004,8,270.0,635.0
127,55,381.464,14,275.0,635.0
127,56,410.466,10,280.0,635.0
127,57,427.16700000000003,20,285.0,635.0
127,58,450.4185,2,290.0,635.0
127,59,455.419,3,295.0,635.0
127,60,488.521,9,300.0,635.0
127,62,472.62,3,310.0,635.0
127,63,456.419,5,315.0,635.0
127,64,442.918,10,320.0,635.0
127,65,421.01649999999995,2,325.0,635.0
127,66,440.018,15,330.0,635.0
127,67,491.921,3,335.0,635.0
127,68,505.067,2,340.0,635.0
127,69,519.4705,10,345.0,635.0
127,70,562.51,12,350.0,635.0
127,73,557.811,3,365.0,635.0
127,74,574.507,3,370.0,635.0
127,78,557.1610000000001,18,390.0,635.0
127,79,545.214,1,395.0,635.0
127,80,527.818,9,400.0,635.0
127,81,488.421,1,405.0,635.0
127,84,1781.915,2,420.0,635.0
127,85,1822.455,4,425.0,635.0
127,86,1755.92,5,430.0,635.0
127,87,1565.06,5,435.0,635.0
127,88,1519.025,6,440.0,635.0
127,89,1529.225,8,445.0,635.0
127,90,1477.59,5,450.0,635.0
127,91,1562.67,1,455.0,635.0
127,92,1266.0349999999999,2,460.0,635.0
127,96,981.458,2,480.0,635.0
127,97,1067.19,9,485.0,635.0
127,98,1612.905,16,490.0,635.0
127,99,1654.495,12,495.0,635.0
127,102,846.2405000000001,12,510.0,635.0
127,108,375.614,7,540.0,635.0
127,109,319.51,6,545.0,635.0
127,114,165.901,13,570.0,635.0
127,115,156.85,4,575.0,635.0
127,117,156.65,4,585.0,635.0
127,118,163.451,14,590.0,635.0
128,27,32.9001,17,135.0,640.0
128,28,37.0,9,140.0,640.0
128,29,53.7998,15,145.0,640.0
128,30,68.4995,7,150.0,640.0
128,31,72.19945,4,155.0,640.0
128,32,47.7998,1,160.0,640.0
128,38,136.999,8,190.0,640.0
128,39,127.899,18,195.0,640.0
128,40,116.149,2,200.0,640.0
128,44,152.0,3,220.0,640.0
128,47,195.603,8,235.0,640.0
128,48,189.402,5,240.0,640.0
128,49,213.00400000000002,6,245.0,640.0
128,50,257.1065,4,250.0,640.0
128,51,271.90700000000004,10,255.0,640.0
128,53,296.509,3,265.0,640.0
128,54,269.107,1,270.0,640.0
128,55,378.264,8,275.0,640.0
128,57,403.315,12,285.0,640.0
128,60,527.0175,4,300.0,640.0
128,61,521.119,2,305.0,640.0
128,62,531.317,1,310.0,640.0
128,63,475.47,6,315.0,640.0
128,65,403.9655,2,325.0,640.0
128,66,410.416,18,330.0,640.0
128,67,516.321,7,335.0,640.0
128,68,483.8705,4,340.0,640.0
128,70,493.871,2,350.0,640.0
128,71,514.621,3,355.0,640.0
128,72,525.2180000000001,2,360.0,640.0
128,73,560.01,11,365.0,640.0
128,74,591.603,7,370.0,640.0
128,75,578.5060000000001,10,375.0,640.0
128,76,592.302,5,380.0,640.0
128,77,600.3,5,385.0,640.0
128,78,531.1675,16,390.0,640.0
128,79,501.421,5,395.0,640.0
128,80,484.32,9,400.0,640.0
128,81,1794.21,7,405.0,640.0
128,82,1852.395,2,410.0,640.0
128,83,1859.89,3,415.0,640.0
128,84,1844.4450000000002,8,420.0,640.0
128,87,1693.23,5,435.0,640.0
128,90,1621.9499999999998,8,450.0,640.0
128,91,1601.71,2,455.0,640.0
128,92,1429.0,13,460.0,640.0
128,93,1355.3200000000002,6,465.0,640.0
128,94,1183.9099999999999,6,470.0,640.0
128,96,1106.38,3,480.0,640.0
128,98,1119.27,1,490.0,640.0
128,99,1657.545,4,495.0,640.0
128,102,897.9275,14,510.0,640.0
128,109,454.616,6,545.0,640.0
128,115,169.00099999999998,2,575.0,640.0
128,117,185.202,14,585.0,640.0
128,118,192.953,14,590.0,640.0
128,119,225.755,12,595.0,640.0
128,120,271.8075,8,600.0,640.0
128,121,321.0605,8,605.0,640.0
128,122,350.962,2,610.0,640.0
129,26,34.700050000000005,2,130.0,645.0
129,27,52.24975,16,135.0,645.0
129,28,75.4994,3,140.0,645.0
129,31,87.9992,7,155.0,645.0
129,32,92.04915,8,160.0,645.0
129,38,230.105,1,190.0,645.0
129,39,347.86199999999997,8,195.0,645.0
129,43,148.5,1,215.0,645.0
129,44,163.001,7,220.0,645.0
129,45,159.3005,4,225.0,645.0
129,47,187.402,3,235.0,645.0
129,48,199.403,3,240.0,645.0
129,49,232.505,4,245.0,645.0
129,50,288.008,11,250.0,645.0
129,51,300.85900000000004,6,255.0,645.0
129,53,325.01099999999997,8,265.0,645.0
129,54,342.012,8,270.0,645.0
129,55,383.114,13,275.0,645.0
129,56,401.7655,2,280.0,645.0
129,60,554.712,1,300.0,645.0
129,61,498.621,1,305.0,645.0
129,66,391.915,7,330.0,645.0
129,67,398.065,6,335.0,645.0
129,71,535.116,14,355.0,645.0
129,72,587.5035,2,360.0,645.0
129,74,593.802,10,370.0,645.0
129,77,648.789,1,385.0,645.0
129,78,515.221,3,390.0,645.0
129,79,492.471,4,395.0,645.0
129,81,458.019,9,405.0,645.0
129,84,1852.945,8,420.0,645.0
129,87,1781.81,11,435.0,645.0
129,88,1899.98,1,440.0,645.0
129,90,1746.92,8,450.0,645.0
129,93,1605.16,5,465.0,645.0
129,94,1258.04,2,470.0,645.0
129,95,1097.68,7,475.0,645.0
129,96,1014.3475000000001,6,480.0,645.0
129,97,935.719,7,485.0,645.0
129,98,898.428,7,490.0,645.0
129,99,730.269,1,495.0,645.0
129,101,836.443,7,505.0,645.0
129,102,921.222,5,510.0,645.0
129,103,972.5595000000001,12,515.0,645.0
129,104,937.618,8,520.0,645.0
129,105,1152.9650000000001,6,525.0,645.0
129,106,1164.31,10,530.0,645.0
129,107,1142.77,1,535.0,645.0
129,109,442.018,5,545.0,645.0
129,117,229.905,9,585.0,645.0
129,118,238.70499999999998,8,590.0,645.0
129,119,299.509,9,595.0,645.0
129,120,321.71,13,600.0,645.0
129,121,347.91200000000003,14,605.0,645.0
129,122,360.563,4,610.0,645.0
130,27,67.09955,24,135.0,650.0
130,28,87.54925,10,140.0,650.0
130,29,103.799,4,145.0,650.0
130,31,102.099,1,155.0,650.0
130,36,107.199,3,180.0,650.0
130,37,170.8015,10,185.0,650.0
130,38,412.4155,10,190.0,650.0
130,39,515.453,4,195.0,650.0
130,42,200.703,11,210.0,650.0
130,43,153.0,8,215.0,650.0
130,44,157.8,5,220.0,650.0
130,45,196.903,19,225.0,650.0
130,46,194.803,1,230.0,650.0
130,47,222.90449999999998,6,235.0,650.0
130,48,296.659,2,240.0,650.0
130,49,289.808,5,245.0,650.0
130,50,320.01,7,250.0,650.0
130,51,315.40999999999997,4,255.0,650.0
130,54,347.612,7,270.0,650.0
130,55,390.9145,16,275.0,650.0
130,56,425.5165,2,280.0,650.0
130,60,529.4675,2,300.0,650.0
130,61,547.6635000000001,10,305.0,650.0
130,66,389.3145,2,330.0,650.0
130,67,385.964,10,335.0,650.0
130,71,541.312,4,355.0,650.0
130,74,554.3620000000001,10,370.0,650.0
130,81,426.217,11,405.0,650.0
130,84,1866.19,5,420.0,650.0
130,87,1707.93,1,435.0,650.0
130,89,1904.88,1,445.0,650.0
130,90,1632.3,8,450.0,650.0
130,92,1625.65,5,460.0,650.0
130,93,1389.61,1,465.0,650.0
130,95,1212.0500000000002,8,475.0,650.0
130,96,1035.4465,2,480.0,650.0
130,98,925.1189999999999,2,490.0,650.0
130,99,788.7545,6,495.0,650.0
130,100,956.613,1,500.0,650.0
130,101,773.458,8,505.0,650.0
130,102,943.417,11,510.0,650.0
130,103,1130.475,6,515.0,650.0
130,108,633.8924999999999,12,540.0,650.0
130,109,562.21,9,545.0,650.0
130,117,258.107,19,585.0,650.0
130,118,297.059,2,590.0,650.0
131,27,76.8994,13,135.0,655.0
131,28,84.9493,30,140.0,655.0
131,29,88.9992,18,145.0,655.0
131,34,87.39925,6,170.0,655.0
131,35,186.802,11,175.0,655.0
131,36,208.304,17,180.0,655.0
131,37,314.71,13,185.0,655.0
131,38,243.806,9,190.0,655.0
131,43,191.85250000000002,2,215.0,655.0
131,45,244.256,14,225.0,655.0
131,47,256.8565,4,235.0,655.0
131,49,294.409,2,245.0,655.0
131,50,349.9125,4,250.0,655.0
131,51,351.212,13,255.0,655.0
131,52,351.412,5,260.0,655.0
131,53,382.21450000000004,6,265.0,655.0
131,54,344.212,7,270.0,655.0
131,55,440.418,9,275.0,655.0
131,56,463.819,3,280.0,655.0
131,61,591.4024999999999,6,305.0,655.0
131,67,370.013,17,335.0,655.0
131,68,411.016,3,340.0,655.0
131,71,465.919,9,355.0,655.0
131,74,555.611,9,370.0,655.0
131,81,427.417,5,405.0,655.0
131,82,416.616,5,410.0,655.0
131,84,1874.19,2,420.0,655.0
131,86,1830.1,3,430.0,655.0
131,87,1771.815,4,435.0,655.0
131,89,1701.93,5,445.0,655.0
131,90,1690.435,2,450.0,655.0
131,92,1555.0149999999999,4,460.0,655.0
131,95,1571.16,4,475.0,655.0
131,101,1002.7,7,505.0,655.0
131,102,947.3655,6,510.0,655.0
131,103,1466.29,2,515.0,655.0
131,104,574.707,13,520.0,655.0
131,105,583.9045,6,525.0,655.0
131,106,510.322,9,530.0,655.0
131,107,623.0450000000001,10,535.0,655.0
131,108,760.761,3,540.0,655.0
131,109,654.887,7,545.0,655.0
131,117,273.2075,14,585.0,655.0
132,27,68.6995,7,135.0,660.0
132,28,63.7996,15,140.0,660.0
132,29,77.79939999999999,20,145.0,660.0
132,30,73.2995,3,150.0,660.0
132,31,69.2995,1,155.0,660.0
132,32,68.54955000000001,4,160.0,660.0
132,33,72.7995,3,165.0,660.0
132,34,202.103,5,170.0,660.0
132,35,318.06,2,175.0,660.0
132,36,143.4,3,180.0,660.0
132,37,303.809,1,185.0,660.0
132,38,85.2993,3,190.0,660.0
132,43,202.753,8,215.0,660.0
132,47,216.204,3,235.0,660.0
132,50,244.006,6,250.0,660.0
132,51,248.406,8,255.0,660.0
132,54,409.516,1,270.0,660.0
132,55,461.219,7,275.0,660.0
132,56,453.018,7,280.0,660.0
132,67,342.762,8,335.0,660.0
132,68,352.562,12,340.0,660.0
132,71,445.118,3,355.0,660.0
132,74,554.612,5,370.0,660.0
132,75,537.716,4,375.0,660.0
132,79,443.918,5,395.0,660.0
132,80,532.817,2,400.0,660.0
132,81,403.815,9,405.0,660.0
132,82,389.715,3,410.0,660.0
132,84,1849.4,7,420.0,660.0
132,86,1818.85,6,430.0,660.0
132,89,1774.41,5,445.0,660.0
132,92,1600.9099999999999,6,460.0,660.0
132,95,1457.49,7,475.0,660.0
132,96,1332.77,8,480.0,660.0
132,97,1249.79,10,485.0,660.0
132,98,1299.98,8,490.0,660.0
132,99,1192.36,7,495.0,660.0
132,100,1276.936,2,500.0,660.0
132,101,1168.56,13,505.0,660.0
132,102,1247.64,1,510.0,660.0
132,104,594.402,7,520.0,660.0
132,107,477.92,1,535.0,660.0
132,108,461.019,6,540.0,660.0
132,109,442.2175,10,545.0,660.0
132,110,354.512,3,550.0,660.0
132,111,338.811,5,555.0,660.0
132,112,311.61,5,560.0,660.0
132,113,306.209,3,565.0,660.0
132,114,259.107,5,570.0,660.0
132,115,236.005,11,575.0,660.0
132,116,247.95600000000002,6,580.0,660.0
132,117,319.11,11,585.0,660.0
133,28,51.3998,16,140.0,665.0
133,29,56.649699999999996,16,145.0,665.0
133,30,56.8997,9,150.0,665.0
133,31,64.89955,4,155.0,665.0
133,38,81.7993,3,190.0,665.0
133,40,107.799,3,200.0,665.0
133,41,102.449,2,205.0,665.0
133,43,245.75599999999997,6,215.0,665.0
133,47,210.054,14,235.0,665.0
133,48,231.455,6,240.0,665.0
133,49,233.655,2,245.0,665.0
133,50,233.805,5,250.0,665.0
133,51,282.708,5,255.0,665.0
133,52,287.458,6,260.0,665.0
133,53,268.307,9,265.0,665.0
133,54,279.50800000000004,10,270.0,665.0
133,56,476.42,11,280.0,665.0
133,60,318.15999999999997,2,300.0,665.0
133,67,297.409,1,335.0,665.0
133,68,332.911,16,340.0,665.0
133,71,438.518,1,355.0,665.0
133,72,415.5665,4,360.0,665.0
133,75,542.815,15,375.0,665.0
133,76,489.8705,8,380.0,665.0
133,77,583.205,7,385.0,665.0
133,79,444.518,1,395.0,665.0
133,80,532.767,4,400.0,665.0
133,82,388.815,3,410.0,665.0
133,84,1867.6399999999999,2,420.0,665.0
133,86,1807.41,1,430.0,665.0
133,89,1806.41,9,445.0,665.0
133,91,1534.77,1,455.0,665.0
133,92,1603.26,5,460.0,665.0
133,95,1446.19,7,475.0,665.0
133,96,1439.345,2,480.0,665.0
133,97,1390.21,5,485.0,665.0
133,99,1320.075,2,495.0,665.0
133,100,1205.75,3,500.0,665.0
133,101,1317.925,16,505.0,665.0
133,102,1105.875,4,510.0,665.0
133,103,542.415,5,515.0,665.0
133,104,572.707,9,520.0,665.0
133,105,553.712,6,525.0,665.0
133,106,549.613,11,530.0,665.0
133,107,506.522,15,535.0,665.0
133,108,472.3195,12,540.0,665.0
133,109,418.9665,10,545.0,665.0
133,110,398.865,6,550.0,665.0
133,111,390.615,1,555.0,665.0
133,112,342.61199999999997,6,560.0,665.0
133,113,273.1575,2,565.0,665.0
133,114,340.212,3,570.0,665.0
133,115,267.207,2,575.0,665.0
133,116,244.706,1,580.0,665.0
133,117,366.213,13,585.0,665.0
134,28,38.7,4,140.0,670.0
134,29,46.7999,11,145.0,670.0
134,30,43.8999,12,150.0,670.0
134,32,33.65005,4,160.0,670.0
134,33,39.5,7,165.0,670.0
134,34,43.7499,14,170.0,670.0
134,35,54.2497,14,175.0,670.0
134,36,63.1496,12,180.0,670.0
134,37,71.7995,4,185.0,670.0
134,38,73.84944999999999,6,190.0,670.0
134,39,86.2993,11,195.0,670.0
134,40,98.6991,11,200.0,670.0
134,41,108.349,4,205.0,670.0
134,43,211.304,1,215.0,670.0
134,47,185.802,7,235.0,670.0
134,48,213.404,1,240.0,670.0
134,49,207.803,5,245.0,670.0
134,51,281.008,7,255.0,670.0
134,52,288.5585,2,260.0,670.0
134,53,288.308,1,265.0,670.0
134,54,337.8115,8,270.0,670.0
134,55,365.513,1,275.0,670.0
134,56,498.821,5,280.0,670.0
134,57,591.9025,2,285.0,670.0
134,60,341.912,3,300.0,670.0
134,61,304.0595,8,305.0,670.0
134,62,300.409,1,310.0,670.0
134,68,310.51,9,340.0,670.0
134,69,318.86,2,345.0,670.0
134,72,369.013,7,360.0,670.0
134,73,349.61199999999997,4,365.0,670.0
134,74,424.017,10,370.0,670.0
134,75,493.721,11,375.0,670.0
134,77,327.911,7,385.0,670.0
134,82,400.9655,2,410.0,670.0
134,88,1779.01,5,440.0,670.0
134,89,1763.2199999999998,4,445.0,670.0
134,91,1702.7849999999999,2,455.0,670.0
134,92,1551.97,1,460.0,670.0
134,94,1626.65,2,470.0,670.0
134,95,1556.97,3,475.0,670.0
134,96,1498.18,1,480.0,670.0
134,97,1279.085,2,485.0,670.0
134,101,1480.4850000000001,10,505.0,670.0
134,104,530.218,11,520.0,670.0
134,105,540.7650000000001,6,525.0,670.0
134,106,542.0645,4,530.0,670.0
134,107,486.82050000000004,2,535.0,670.0
134,108,519.62,11,540.0,670.0
134,110,462.219,3,550.0,670.0
134,111,454.61850000000004,2,555.0,670.0
134,113,416.416,3,565.0,670.0
134,114,421.116,5,570.0,670.0
134,115,417.266,6,575.0,670.0
134,116,391.7645,10,580.0,670.0
134,117,402.415,31,585.0,670.0
134,118,369.413,1,590.0,670.0
135,29,28.7001,9,145.0,675.0
135,30,31.5001,16,150.0,675.0
135,31,23.6001,5,155.0,675.0
135,32,28.6001,5,160.0,675.0
135,35,47.94985,2,175.0,675.0
135,36,58.84965,2,180.0,675.0
135,37,64.6496,2,185.0,675.0
135,38,80.9993,14,190.0,675.0
135,39,83.3493,2,195.0,675.0
135,41,108.999,7,205.0,675.0
135,42,113.999,15,210.0,675.0
135,43,119.699,17,215.0,675.0
135,44,125.599,3,220.0,675.0
135,45,128.799,1,225.0,675.0
135,46,152.6,5,230.0,675.0
135,47,166.801,5,235.0,675.0
135,49,210.404,5,245.0,675.0
135,51,274.808,9,255.0,675.0
135,52,290.509,3,260.0,675.0
135,53,309.41,7,265.0,675.0
135,54,315.71,13,270.0,675.0
135,55,363.013,11,275.0,675.0
135,58,408.81600000000003,2,290.0,675.0
135,59,413.716,3,295.0,675.0
135,61,297.009,3,305.0,675.0
135,62,275.408,5,310.0,675.0
135,68,309.9095,2,340.0,675.0
135,69,307.1595,10,345.0,675.0
135,70,293.209,5,350.0,675.0
135,71,286.508,5,355.0,675.0
135,72,312.71,5,360.0,675.0
135,73,364.563,12,365.0,675.0
135,75,452.518,13,375.0,675.0
135,77,319.11,7,385.0,675.0
135,82,383.614,5,410.0,675.0
135,83,380.664,4,415.0,675.0
135,86,399.815,1,430.0,675.0
135,87,449.618,3,435.0,675.0
135,88,1712.93,6,440.0,675.0
135,89,1761.62,5,445.0,675.0
135,91,1738.67,10,455.0,675.0
135,97,1360.065,2,485.0,675.0
135,98,1597.755,10,490.0,675.0
135,99,1590.955,6,495.0,675.0
135,100,1495.68,11,500.0,675.0
135,101,1535.72,4,505.0,675.0
135,102,477.02,1,510.0,675.0
135,106,474.72,1,530.0,675.0
135,107,489.621,2,535.0,675.0
135,108,467.419,5,540.0,675.0
135,109,471.6695,10,545.0,675.0
135,110,448.018,5,550.0,675.0
135,111,445.868,8,555.0,675.0
135,112,431.717,3,560.0,675.0
135,113,432.417,3,565.0,675.0
135,117,303.10900000000004,18,585.0,675.0
135,118,328.81100000000004,4,590.0,675.0
135,119,371.71349999999995,10,595.0,675.0
135,120,427.517,7,600.0,675.0
135,121,474.8195,6,605.0,675.0
135,122,485.22,5,610.0,675.0
136,29,18.7,11,145.0,680.0
136,30,16.95,16,150.0,680.0
136,38,100.199,17,190.0,680.0
136,42,119.549,4,210.0,680.0
136,43,127.299,1,215.0,680.0
136,44,127.899,5,220.0,680.0
136,45,131.849,10,225.0,680.0
136,46,136.499,9,230.0,680.0
136,47,148.3,11,235.0,680.0
136,48,175.802,9,240.0,680.0
136,49,196.353,2,245.0,680.0
136,51,241.2055,18,255.0,680.0
136,54,368.9635,6,270.0,680.0
136,55,341.412,9,275.0,680.0
136,57,386.114,3,285.0,680.0
136,58,398.16499999999996,4,290.0,680.0
136,59,411.016,11,295.0,680.0
136,60,357.413,11,300.0,680.0
136,61,317.9105,10,305.0,680.0
136,62,276.808,7,310.0,680.0
136,63,266.607,1,315.0,680.0
136,69,282.208,21,345.0,680.0
136,70,277.7075,4,350.0,680.0
136,73,400.065,8,365.0,680.0
136,75,494.06949999999995,4,375.0,680.0
136,76,493.321,4,380.0,680.0
136,77,298.809,3,385.0,680.0
136,78,307.31,1,390.0,680.0
136,82,388.6645,4,410.0,680.0
136,83,393.515,17,415.0,680.0
136,84,408.416,10,420.0,680.0
136,85,424.117,11,425.0,680.0
136,86,433.817,13,430.0,680.0
136,89,1779.41,1,445.0,680.0
136,90,1708.48,6,450.0,680.0
136,91,1726.825,16,455.0,680.0
136,92,1816.705,2,460.0,680.0
136,96,1608.95,7,480.0,680.0
136,98,1624.85,16,490.0,680.0
136,101,1466.59,9,505.0,680.0
136,102,478.52,1,510.0,680.0
136,104,502.37,2,520.0,680.0
136,105,511.7215,8,525.0,680.0
136,106,530.2175,4,530.0,680.0
136,107,478.92,1,535.0,680.0
136,111,338.011,1,555.0,680.0
136,112,340.01149999999996,6,560.0,680.0
136,113,317.11,9,565.0,680.0
136,114,297.809,1,570.0,680.0
136,115,289.3585,4,575.0,680.0
136,116,283.358,6,580.0,680.0
136,117,243.756,14,585.0,680.0
136,118,311.81,11,590.0,680.0
136,119,354.612,9,595.0,680.0
136,120,423.417,17,600.0,680.0
136,121,458.46900000000005,4,605.0,680.0
137,29,9.8,10,145.0,685.0
137,30,8.249995,16,150.0,685.0
137,37,83.29929999999999,2,185.0,685.0
137,38,92.14920000000001,12,190.0,685.0
137,41,146.29950000000002,2,205.0,685.0
137,42,155.2,8,210.0,685.0
137,45,140.199,7,225.0,685.0
137,48,156.6,4,240.0,685.0
137,49,172.151,6,245.0,685.0
137,50,189.602,5,250.0,685.0
137,51,202.203,3,255.0,685.0
137,54,361.9625,10,270.0,685.0
137,55,368.1635,6,275.0,685.0
137,57,400.515,11,285.0,685.0
137,58,398.715,13,290.0,685.0
137,61,380.014,1,305.0,685.0
137,62,280.4575,8,310.0,685.0
137,63,257.206,7,315.0,685.0
137,69,265.707,29,345.0,685.0
137,70,238.3055,2,350.0,685.0
137,73,391.215,1,365.0,685.0
137,76,495.221,1,380.0,685.0
137,77,296.259,2,385.0,685.0
137,78,297.159,4,390.0,685.0
137,81,367.3135,6,405.0,685.0
137,82,377.214,7,410.0,685.0
137,83,409.3655,6,415.0,685.0
137,84,420.1665,2,420.0,685.0
137,85,491.621,1,425.0,685.0
137,86,467.819,3,430.0,685.0
137,90,1796.71,6,450.0,685.0
137,91,1813.255,6,455.0,685.0
137,92,1830.5,14,460.0,685.0
137,93,1871.09,3,465.0,685.0
137,96,1681.04,1,480.0,685.0
137,98,1752.92,5,490.0,685.0
137,101,1446.295,8,505.0,685.0
137,102,468.469,8,510.0,685.0
137,106,409.616,1,530.0,685.0
137,107,396.665,4,535.0,685.0
137,108,396.215,5,540.0,685.0
137,109,387.3145,6,545.0,685.0
137,110,371.8635,8,550.0,685.0
137,111,359.113,7,555.0,685.0
137,112,336.311,5,560.0,685.0
137,117,211.50400000000002,6,585.0,685.0
137,118,273.2575,18,590.0,685.0
137,119,310.51,13,595.0,685.0
137,120,365.01300000000003,12,600.0,685.0
138,29,1.9,9,145.0,690.0
138,30,2.95,18,150.0,690.0
138,37,74.4994,9,185.0,690.0
138,38,83.4993,9,190.0,690.0
138,39,97.5991,5,195.0,690.0
138,40,106.299,4,200.0,690.0
138,41,117.599,5,205.0,690.0
138,42,145.7495,2,210.0,690.0
138,45,151.3,5,225.0,690.0
138,48,204.603,1,240.0,690.0
138,50,208.95350000000002,6,250.0,690.0
138,51,233.10500000000002,8,255.0,690.0
138,52,282.058,2,260.0,690.0
138,54,325.911,13,270.0,690.0
138,55,364.813,2,275.0,690.0
138,56,379.514,10,280.0,690.0
138,57,385.214,3,285.0,690.0
138,61,295.009,5,305.0,690.0
138,62,275.208,23,310.0,690.0
138,63,226.805,11,315.0,690.0
138,68,184.55200000000002,8,340.0,690.0
138,69,247.45600000000002,12,345.0,690.0
138,70,227.705,7,350.0,690.0
138,76,533.517,1,380.0,690.0
138,78,281.408,7,390.0,690.0
138,81,370.113,3,405.0,690.0
138,83,428.417,1,415.0,690.0
138,84,404.815,3,420.0,690.0
138,86,466.319,1,430.0,690.0
138,88,1845.8,5,440.0,690.0
138,89,1787.81,6,445.0,690.0
138,90,1740.32,9,450.0,690.0
138,91,1844.7,3,455.0,690.0
138,93,1891.185,6,465.0,690.0
138,96,1105.4755,2,480.0,690.0
138,101,462.719,15,505.0,690.0
138,102,451.868,8,510.0,690.0
138,103,463.069,12,515.0,690.0
138,104,453.018,9,520.0,690.0
138,105,432.717,10,525.0,690.0
138,106,417.716,3,530.0,690.0
138,113,288.908,1,565.0,690.0
138,114,273.3075,4,570.0,690.0
138,115,241.206,7,575.0,690.0
138,116,211.7535,6,580.0,690.0
138,117,186.05200000000002,8,585.0,690.0
138,118,205.553,16,590.0,690.0
138,119,259.307,5,595.0,690.0
138,120,397.615,3,600.0,690.0
138,121,415.466,2,605.0,690.0
139,29,0.0,11,145.0,695.0
139,30,0.0,4,150.0,695.0
139,37,61.6996,7,185.0,695.0
139,38,67.5995,2,190.0,695.0
139,40,115.249,6,200.0,695.0
139,41,119.049,4,205.0,695.0
139,42,131.999,4,210.0,695.0
139,43,146.4,9,215.0,695.0
139,45,165.301,9,225.0,695.0
139,47,214.104,1,235.0,695.0
139,48,216.404,5,240.0,695.0
139,50,244.306,11,250.0,695.0
139,52,286.008,5,260.0,695.0
139,53,302.309,7,265.0,695.0
139,54,318.40999999999997,12,270.0,695.0
139,55,366.71299999999997,2,275.0,695.0
139,56,417.716,9,280.0,695.0
139,57,658.986,13,285.0,695.0
139,58,665.784,11,290.0,695.0
139,59,651.9875,10,295.0,695.0
139,60,336.811,16,300.0,695.0
139,61,303.659,18,305.0,695.0
139,62,247.806,17,310.0,695.0
139,63,219.304,16,315.0,695.0
139,64,221.30450000000002,6,320.0,695.0
139,65,205.603,9,325.0,695.0
139,66,177.352,6,330.0,695.0
139,67,157.1,9,335.0,695.0
139,68,164.101,4,340.0,695.0
139,69,225.85500000000002,10,345.0,695.0
139,70,209.804,16,350.0,695.0
139,76,601.2,3,380.0,695.0
139,78,274.0575,10,390.0,695.0
139,81,350.512,11,405.0,695.0
139,83,415.616,1,415.0,695.0
139,84,423.417,3,420.0,695.0
139,86,462.519,3,430.0,695.0
139,90,1817.5,7,450.0,695.0
139,93,1900.88,5,465.0,695.0
139,96,447.7185,6,480.0,695.0
139,97,496.27,4,485.0,695.0
139,101,470.52,9,505.0,695.0
139,103,443.918,1,515.0,695.0
139,108,368.013,1,540.0,695.0
139,109,351.012,3,545.0,695.0
139,110,331.311,7,550.0,695.0
139,111,318.51,7,555.0,695.0
139,112,310.11,7,560.0,695.0
139,113,293.609,9,565.0,695.0
139,114,262.257,4,570.0,695.0
139,115,246.906,2,575.0,695.0
139,117,167.851,4,585.0,695.0
139,118,178.302,13,590.0,695.0
139,119,234.705,11,595.0,695.0
139,120,431.817,4,600.0,695.0
139,121,439.318,7,605.0,695.0
140,29,0.0,5,145.0,700.0
140,30,0.8,14,150.0,700.0
140,31,6.3,11,155.0,700.0
140,32,9.6,3,160.0,700.0
140,37,55.1997,10,185.0,700.0
140,40,129.999,7,200.0,700.0
140,41,128.449,4,205.0,700.0
140,45,182.602,7,225.0,700.0
140,47,203.503,7,235.0,700.0
140,48,211.404,1,240.0,700.0
140,50,241.906,3,250.0,700.0
140,54,344.212,9,270.0,700.0
140,55,344.41200000000003,2,275.0,700.0
140,56,633.9425,6,280.0,700.0
140,59,678.7315,6,295.0,700.0
140,60,335.311,3,300.0,700.0
140,61,281.408,15,305.0,700.0
140,67,145.55,4,335.0,700.0
140,70,195.953,14,350.0,700.0
140,71,192.5025,2,355.0,700.0
140,76,502.921,1,380.0,700.0
140,78,272.807,5,390.0,700.0
140,81,336.5615,6,405.0,700.0
140,84,460.419,7,420.0,700.0
140,86,486.02,11,430.0,700.0
140,90,1836.9,1,450.0,700.0
140,91,1857.59,5,455.0,700.0
140,92,1911.98,1,460.0,700.0
140,96,455.719,3,480.0,700.0
140,101,428.917,5,505.0,700.0
140,102,450.818,11,510.0,700.0
140,103,486.52049999999997,8,515.0,700.0
140,106,420.116,1,530.0,700.0
140,107,398.365,8,535.0,700.0
140,108,379.114,11,540.0,700.0
140,109,357.2125,8,545.0,700.0
140,116,184.10199999999998,2,580.0,700.0
140,117,156.7,9,585.0,700.0
140,118,154.3,17,590.0,700.0
140,119,205.603,14,595.0,700.0
140,121,461.719,11,605.0,700.0
141,29,8.2,5,145.0,705.0
141,30,5.5,7,150.0,705.0
141,32,10.75,4,160.0,705.0
141,33,13.3,7,165.0,705.0
141,34,17.9,11,170.0,705.0
141,35,22.450049999999997,2,175.0,705.0
141,37,41.3999,11,185.0,705.0
141,44,179.302,3,220.0,705.0
141,45,190.402,3,225.0,705.0
141,47,200.003,7,235.0,705.0
141,49,234.85500000000002,2,245.0,705.0
141,50,243.5555,6,250.0,705.0
141,53,235.005,2,265.0,705.0
141,54,233.605,3,270.0,705.0
141,56,649.388,7,280.0,705.0
141,59,670.0335,10,295.0,705.0
141,61,317.40999999999997,6,305.0,705.0
141,62,247.606,3,310.0,705.0
141,67,143.5,3,335.0,705.0
141,69,168.001,3,345.0,705.0
141,70,178.202,23,350.0,705.0
141,71,179.802,3,355.0,705.0
141,73,211.55349999999999,2,365.0,705.0
141,74,220.604,3,370.0,705.0
141,75,220.304,9,375.0,705.0
141,76,234.35500000000002,14,380.0,705.0
141,77,232.35500000000002,12,385.0,705.0
141,78,244.80599999999998,22,390.0,705.0
141,79,259.507,13,395.0,705.0
141,80,287.508,11,400.0,705.0
141,81,311.26,8,405.0,705.0
141,82,327.2605,2,410.0,705.0
141,84,463.919,2,420.0,705.0
141,86,503.7215,6,430.0,705.0
141,87,492.571,4,435.0,705.0
141,88,474.62,1,440.0,705.0
141,95,453.118,1,475.0,705.0
141,96,368.013,1,480.0,705.0
141,99,403.66549999999995,4,495.0,705.0
141,101,428.317,9,505.0,705.0
141,104,426.61699999999996,6,520.0,705.0
141,105,413.216,7,525.0,705.0
141,106,406.1155,2,530.0,705.0
141,107,409.666,2,535.0,705.0
141,111,275.308,1,555.0,705.0
141,112,268.507,3,560.0,705.0
141,113,239.505,7,565.0,705.0
141,114,222.904,5,570.0,705.0
141,115,202.803,7,575.0,705.0
141,116,187.852,4,580.0,705.0
141,117,182.002,1,585.0,705.0
141,118,134.599,21,590.0,705.0
141,119,184.152,12,595.0,705.0
141,121,474.87,10,605.0,705.0
142,29,12.9,4,145.0,710.0
142,30,13.6,17,150.0,710.0
142,34,20.65,2,170.0,710.0
142,35,25.0001,14,175.0,710.0
142,36,29.850099999999998,6,180.0,710.0
142,37,32.1001,7,185.0,710.0
142,44,196.603,5,220.0,710.0
142,47,186.402,7,235.0,710.0
142,49,228.45499999999998,2,245.0,710.0
142,50,220.404,3,250.0,710.0
142,53,231.005,5,265.0,710.0
142,54,220.304,2,270.0,710.0
142,56,635.492,5,280.0,710.0
142,59,671.783,3,295.0,710.0
142,61,364.313,7,305.0,710.0
142,62,331.26099999999997,12,310.0,710.0
142,63,339.8115,2,315.0,710.0
142,64,218.304,7,320.0,710.0
142,65,200.953,4,325.0,710.0
142,67,139.04899999999998,4,335.0,710.0
142,69,147.6,7,345.0,710.0
142,70,158.4,17,350.0,710.0
142,71,187.35199999999998,12,355.0,710.0
142,72,198.953,12,360.0,710.0
142,73,209.554,8,365.0,710.0
142,74,202.703,3,370.0,710.0
142,79,265.707,3,395.0,710.0
142,80,281.20799999999997,4,400.0,710.0
142,81,308.5095,10,405.0,710.0
142,82,332.711,9,410.0,710.0
142,83,353.312,5,415.0,710.0
142,84,358.413,7,420.0,710.0
142,85,368.713,5,425.0,710.0
142,86,375.214,7,430.0,710.0
142,87,382.414,4,435.0,710.0
142,88,441.26800000000003,6,440.0,710.0
142,89,468.419,5,445.0,710.0
142,90,433.967,4,450.0,710.0
142,91,473.02,1,455.0,710.0
142,95,391.015,3,475.0,710.0
142,98,376.5635,2,490.0,710.0
142,101,383.1645,2,505.0,710.0
142,106,334.311,1,530.0,710.0
142,107,330.961,6,535.0,710.0
142,108,324.611,5,540.0,710.0
142,109,307.51,11,545.0,710.0
142,110,292.609,7,550.0,710.0
142,111,277.508,5,555.0,710.0
142,112,261.307,3,560.0,710.0
142,116,157.35000000000002,2,580.0,710.0
142,117,137.29899999999998,8,585.0,710.0
142,118,114.199,9,590.0,710.0
142,119,160.001,15,595.0,710.0
142,120,159.7505,2,600.0,710.0
142,121,493.171,6,605.0,710.0
143,36,31.3001,1,180.0,715.0
143,37,35.1,9,185.0,715.0
143,38,42.5999,13,190.0,715.0
143,39,51.9998,13,195.0,715.0
143,40,65.09960000000001,4,200.0,715.0
143,41,74.84945,4,205.0,715.0
143,42,111.999,2,210.0,715.0
143,46,179.802,1,230.0,715.0
143,47,185.902,6,235.0,715.0
143,49,212.75400000000002,6,245.0,715.0
143,53,231.20499999999998,12,265.0,715.0
143,55,629.393,5,275.0,715.0
143,56,614.9970000000001,4,280.0,715.0
143,58,653.3875,4,290.0,715.0
143,59,669.484,6,295.0,715.0
143,61,367.863,8,305.0,715.0
143,64,208.2035,2,320.0,715.0
143,65,195.003,3,325.0,715.0
143,67,135.099,4,335.0,715.0
143,69,137.299,3,345.0,715.0
143,70,148.8,16,350.0,715.0
143,71,157.2,10,355.0,715.0
143,89,481.62,2,445.0,715.0
143,90,447.218,3,450.0,715.0
143,91,512.422,7,455.0,715.0
143,92,427.017,5,460.0,715.0
143,93,414.1165,4,465.0,715.0
143,94,416.3665,8,470.0,715.0
143,95,387.4145,2,475.0,715.0
143,96,395.915,5,480.0,715.0
143,97,371.5135,6,485.0,715.0
143,98,351.212,11,490.0,715.0
143,99,350.412,3,495.0,715.0
143,100,360.163,8,500.0,715.0
143,101,340.7115,4,505.0,715.0
143,102,390.8145,10,510.0,715.0
143,103,356.213,5,515.0,715.0
143,104,364.763,8,520.0,715.0
143,105,349.262,6,525.0,715.0
143,106,346.562,2,530.0,715.0
143,110,254.0565,2,550.0,715.0
143,111,235.805,5,555.0,715.0
143,112,222.8545,6,560.0,715.0
143,113,197.253,6,565.0,715.0
143,114,177.902,4,570.0,715.0
143,115,170.451,4,575.0,715.0
143,116,164.201,3,580.0,715.0
143,117,154.6,1,585.0,715.0
143,118,110.699,9,590.0,715.0
143,119,134.649,12,595.0,715.0
143,120,144.79950000000002,4,600.0,715.0
143,121,500.8215,8,605.0,715.0
144,39,48.749849999999995,2,195.0,720.0
144,40,58.6997,17,200.0,720.0
144,41,72.5995,17,205.0,720.0
144,42,87.6992,21,210.0,720.0
144,43,124.399,11,215.0,720.0
144,44,152.0,4,220.0,720.0
144,46,171.401,7,230.0,720.0
144,47,157.2,1,235.0,720.0
144,49,194.153,8,245.0,720.0
144,50,234.45499999999998,10,250.0,720.0
144,51,231.605,3,255.0,720.0
144,53,254.006,1,265.0,720.0
144,55,633.3924999999999,2,275.0,720.0
144,56,608.998,3,280.0,720.0
144,58,673.183,7,290.0,720.0
144,59,677.382,1,295.0,720.0
144,61,375.214,5,305.0,720.0
144,62,376.314,1,310.0,720.0
144,64,197.2525,4,320.0,720.0
144,65,190.302,17,325.0,720.0
144,66,170.401,15,330.0,720.0
144,67,125.74900000000001,8,335.0,720.0
144,68,124.399,6,340.0,720.0
144,69,127.049,12,345.0,720.0
144,70,132.04899999999998,8,350.0,720.0
144,101,274.408,3,505.0,720.0
144,102,305.109,11,510.0,720.0
144,104,278.108,1,520.0,720.0
144,105,275.4075,6,525.0,720.0
144,106,281.50800000000004,4,530.0,720.0
144,107,271.557,4,535.0,720.0
144,108,273.307,11,540.0,720.0
144,109,251.05599999999998,4,545.0,720.0
144,110,257.1565,4,550.0,720.0
144,111,243.106,1,555.0,720.0
144,117,130.099,1,585.0,720.0
144,118,102.399,9,590.0,720.0
144,119,100.799,13,595.0,720.0
144,120,120.399,8,600.0,720.0
144,121,502.621,5,605.0,720.0
144,122,504.2205,2,610.0,720.0
145,41,75.4994,1,205.0,725.0
145,42,88.6992,7,210.0,725.0
145,43,100.54905,10,215.0,725.0
145,44,107.59899999999999,12,220.0,725.0
145,45,144.5,5,225.0,725.0
145,46,146.35000000000002,12,230.0,725.0
145,47,139.799,5,235.0,725.0
145,48,154.5,6,240.0,725.0
145,49,207.8535,2,245.0,725.0
145,52,239.605,3,260.0,725.0
145,53,232.655,2,265.0,725.0
145,55,632.593,7,275.0,725.0
145,57,263.807,1,285.0,725.0
145,58,614.297,1,290.0,725.0
145,59,247.406,9,295.0,725.0
145,65,190.3525,2,325.0,725.0
145,66,143.7,7,330.0,725.0
145,67,116.599,9,335.0,725.0
145,68,110.799,20,340.0,725.0
145,69,117.849,4,345.0,725.0
145,102,285.108,11,510.0,725.0
145,103,247.906,8,515.0,725.0
145,104,284.408,9,520.0,725.0
145,105,242.856,2,525.0,725.0
145,106,218.604,1,530.0,725.0
145,113,203.103,5,565.0,725.0
145,114,177.9015,6,570.0,725.0
145,115,165.401,3,575.0,725.0
145,116,152.2,9,580.0,725.0
145,117,138.199,7,585.0,725.0
145,118,121.099,7,590.0,725.0
145,119,87.69919999999999,16,595.0,725.0
145,120,89.9992,5,600.0,725.0
145,121,517.2205,2,605.0,725.0
145,122,518.42,15,610.0,725.0
146,42,118.199,1,210.0,730.0
146,43,116.799,10,215.0,730.0
146,44,142.6,15,220.0,730.0
146,45,129.199,2,225.0,730.0
146,48,145.4,12,240.0,730.0
146,49,182.852,4,245.0,730.0
146,50,169.30149999999998,4,250.0,730.0
146,51,184.902,12,255.0,730.0
146,52,210.654,12,260.0,730.0
146,53,222.504,3,265.0,730.0
146,55,589.003,7,275.0,730.0
146,57,559.51,9,285.0,730.0
146,58,402.4055,4,290.0,730.0
146,59,561.91,11,295.0,730.0
146,66,131.799,9,330.0,730.0
146,67,105.549,16,335.0,730.0
146,68,95.4991,7,340.0,730.0
146,102,263.807,13,510.0,730.0
146,104,267.807,3,520.0,730.0
146,105,278.95799999999997,4,525.0,730.0
146,106,286.308,12,530.0,730.0
146,107,247.306,1,535.0,730.0
146,108,249.506,6,540.0,730.0
146,109,235.905,8,545.0,730.0
146,110,223.0545,2,550.0,730.0
146,111,222.104,3,555.0,730.0
146,112,214.50400000000002,6,560.0,730.0
146,117,130.399,3,585.0,730.0
146,118,109.149,6,590.0,730.0
146,119,86.8992,17,595.0,730.0
146,120,67.94955,20,600.0,730.0
146,122,510.322,7,610.0,730.0
147,42,139.4495,6,210.0,735.0
147,43,148.4,9,215.0,735.0
147,44,176.202,9,220.0,735.0
147,45,183.002,1,225.0,735.0
147,46,184.452,4,230.0,735.0
147,48,193.1525,6,240.0,735.0
147,50,168.00099999999998,6,250.0,735.0
147,52,197.20299999999997,14,260.0,735.0
147,53,210.0035,4,265.0,735.0
147,54,610.798,13,270.0,735.0
147,55,593.402,26,275.0,735.0
147,56,523.569,10,280.0,735.0
147,57,580.405,17,285.0,735.0
147,58,569.708,9,290.0,735.0
147,59,533.417,9,295.0,735.0
147,60,503.4715,8,300.0,735.0
147,61,500.321,9,305.0,735.0
147,62,222.1045,8,310.0,735.0
147,63,159.501,5,315.0,735.0
147,66,122.599,11,330.0,735.0
147,67,86.0993,17,335.0,735.0
147,68,88.8992,1,340.0,735.0
147,102,253.106,3,510.0,735.0
147,103,257.1565,14,515.0,735.0
147,104,268.607,9,520.0,735.0
147,105,278.408,7,525.0,735.0
147,106,284.608,6,530.0,735.0
147,107,211.6035,2,535.0,735.0
147,108,237.405,2,540.0,735.0
147,111,207.203,5,555.0,735.0
147,112,167.051,6,560.0,735.0
147,113,184.802,5,565.0,735.0
147,114,179.702,5,570.0,735.0
147,115,173.701,5,575.0,735.0
147,116,150.3,9,580.0,735.0
147,117,125.299,1,585.0,735.0
147,118,87.4992,1,590.0,735.0
147,119,78.9994,11,595.0,735.0
147,120,54.8497,18,600.0,735.0
147,121,34.1001,1,605.0,735.0
147,122,516.721,1,610.0,735.0
148,44,191.7525,8,220.0,740.0
148,46,184.902,3,230.0,740.0
148,47,224.15449999999998,12,235.0,740.0
148,48,229.105,5,240.0,740.0
148,49,249.606,8,245.0,740.0
148,50,227.005,4,250.0,740.0
148,51,544.4639999999999,10,255.0,740.0
148,52,201.40300000000002,6,260.0,740.0
148,54,456.019,3,270.0,740.0
148,57,518.121,11,285.0,740.0
148,58,412.30899999999997,2,290.0,740.0
148,60,515.221,1,300.0,740.0
148,61,448.818,11,305.0,740.0
148,62,200.403,11,310.0,740.0
148,63,174.901,13,315.0,740.0
148,64,157.1,18,320.0,740.0
148,65,132.749,12,325.0,740.0
148,66,97.4991,22,330.0,740.0
148,67,75.74940000000001,4,335.0,740.0
148,103,247.206,11,515.0,740.0
148,108,192.803,3,540.0,740.0
148,109,190.902,9,545.0,740.0
148,110,166.301,12,550.0,740.0
148,111,204.303,3,555.0,740.0
148,112,186.002,1,560.0,740.0
148,116,72.2995,1,580.0,740.0
148,117,46.1999,5,585.0,740.0
148,118,60.19965,4,590.0,740.0
148,119,42.7999,15,595.0,740.0
148,120,45.1499,18,600.0,740.0
148,121,25.2001,8,605.0,740.0
148,122,272.91055,2,610.0,740.0
149,44,257.4565,2,220.0,745.0
149,47,244.606,9,235.0,745.0
149,51,528.568,14,255.0,745.0
149,53,459.5185,2,265.0,745.0
149,54,437.5675,8,270.0,745.0
149,57,473.27,6,285.0,745.0
149,60,448.568,6,300.0,745.0
149,61,401.7655,4,305.0,745.0
149,63,136.499,5,315.0,745.0
149,64,135.199,1,320.0,745.0
149,65,109.099,6,325.0,745.0
149,66,86.4993,13,330.0,745.0
149,103,240.805,7,515.0,745.0
149,107,184.802,13,535.0,745.0
149,109,108.84899999999999,10,545.0,745.0
149,110,127.79899999999999,6,550.0,745.0
149,111,108.099,3,555.0,745.0
149,112,84.2493,4,560.0,745.0
149,113,88.5992,3,565.0,745.0
149,114,77.3994,7,570.0,745.0
149,115,59.8997,7,575.0,745.0
149,116,49.049800000000005,2,580.0,745.0
149,119,23.8001,13,595.0,745.0
149,120,20.5,20,600.0,745.0
149,121,12.8,15,605.0,745.0
150,44,234.005,14,220.0,750.0
150,45,271.2075,12,225.0,750.0
150,46,255.10649999999998,2,230.0,750.0
150,47,272.107,7,235.0,750.0
150,50,536.016,1,250.0,750.0
150,51,479.12,17,255.0,750.0
150,52,417.816,7,260.0,750.0
150,53,362.513,5,265.0,750.0
150,57,479.92,9,285.0,750.0
150,60,405.7155,8,300.0,750.0
150,63,139.599,7,315.0,750.0
150,65,96.5991,9,325.0,750.0
150,66,69.9995,8,330.0,750.0
150,103,236.055,8,515.0,750.0
150,104,231.205,3,520.0,750.0
150,105,214.954,4,525.0,750.0
150,106,206.003,9,530.0,750.0
150,107,178.202,12,535.0,750.0
150,108,148.0,6,540.0,750.0
150,109,84.39930000000001,2,545.0,750.0
150,110,97.74915,4,550.0,750.0
150,111,76.7994,3,555.0,750.0
150,114,67.6995,1,570.0,750.0
150,115,51.5998,5,575.0,750.0
150,116,59.0997,1,580.0,750.0
150,118,32.5001,5,590.0,750.0
150,119,26.0001,9,595.0,750.0
150,120,12.95,16,600.0,750.0
150,121,6.9,15,605.0,750.0
150,122,0.4,10,610.0,750.0
150,123,0.0,10,615.0,750.0
151,44,240.505,11,220.0,755.0
151,45,274.7575,2,225.0,755.0
151,46,271.75750000000005,4,230.0,755.0
151,47,295.309,15,235.0,755.0
151,48,498.521,8,240.0,755.0
151,49,525.3185000000001,2,245.0,755.0
151,50,451.6685,8,250.0,755.0
151,51,455.469,2,255.0,755.0
151,52,386.914,3,260.0,755.0
151,53,354.3125,8,265.0,755.0
151,56,401.615,3,280.0,755.0
151,57,398.015,8,285.0,755.0
151,60,383.214,9,300.0,755.0
151,61,212.75400000000002,4,305.0,755.0
151,63,127.09899999999999,6,315.0,755.0
151,65,88.5492,12,325.0,755.0
151,66,61.09965,4,330.0,755.0
151,103,236.805,5,515.0,755.0
151,104,222.104,5,520.0,755.0
151,105,224.905,3,525.0,755.0
151,108,127.79899999999999,2,540.0,755.0
151,110,95.6991,9,550.0,755.0
151,111,80.3993,7,555.0,755.0
151,112,76.24940000000001,10,560.0,755.0
151,113,66.7996,7,565.0,755.0
151,114,69.1995,3,570.0,755.0
151,115,55.64975,4,575.0,755.0
151,116,45.0999,14,580.0,755.0
151,117,37.7,7,585.0,755.0
151,118,30.7001,1,590.0,755.0
151,119,27.4001,5,595.0,755.0
151,120,15.899999999999999,14,600.0,755.0
151,121,5.65,10,605.0,755.0
151,122,1.2999999999999998,12,610.0,755.0
151,123,0.0,14,615.0,755.0
152,43,243.806,1,215.0,760.0
152,44,252.106,9,220.0,760.0
152,47,330.9605,14,235.0,760.0
152,49,435.517,9,245.0,760.0
152,50,419.016,11,250.0,760.0
152,52,284.408,1,260.0,760.0
152,53,300.6595,2,265.0,760.0
152,56,474.82,5,280.0,760.0
152,59,443.318,3,295.0,760.0
152,60,350.4625,26,300.0,760.0
152,61,287.3085,24,305.0,760.0
152,62,170.601,23,310.0,760.0
152,63,112.799,5,315.0,760.0
152,64,87.1992,3,320.0,760.0
152,65,69.0495,20,325.0,760.0
152,103,223.504,3,515.0,760.0
152,104,217.954,4,520.0,760.0
152,105,233.85500000000002,2,525.0,760.0
152,106,141.3495,4,530.0,760.0
152,107,132.899,5,535.0,760.0
152,108,123.699,12,540.0,760.0
152,109,110.499,6,545.0,760.0
152,110,105.599,6,550.0,760.0
152,112,93.0992,11,560.0,760.0
152,116,61.099599999999995,6,580.0,760.0
152,120,28.0001,12,600.0,760.0
153,43,253.506,1,215.0,765.0
153,44,260.907,5,220.0,765.0
153,46,398.915,3,230.0,765.0
153,47,391.96450000000004,14,235.0,765.0
153,49,401.765,6,245.0,765.0
153,50,365.713,5,250.0,765.0
153,52,352.062,4,260.0,765.0
153,54,252.206,5,270.0,765.0
153,55,217.104,7,275.0,765.0
153,56,219.404,11,280.0,765.0
153,57,352.562,12,285.0,765.0
153,58,328.311,7,290.0,765.0
153,59,336.3615,14,295.0,765.0
153,60,284.608,14,300.0,765.0
153,61,227.255,18,305.0,765.0
153,62,200.803,17,310.0,765.0
153,63,102.899,1,315.0,765.0
153,64,80.39935,6,320.0,765.0
153,65,53.5998,7,325.0,765.0
153,103,225.0045,4,515.0,765.0
153,104,200.303,18,520.0,765.0
153,105,154.85,6,525.0,765.0
153,106,142.299,9,530.0,765.0
153,107,131.299,3,535.0,765.0
153,108,113.999,1,540.0,765.0
153,110,114.899,3,550.0,765.0
153,112,101.199,1,560.0,765.0
153,115,109.099,1,575.0,765.0
153,116,98.6991,13,580.0,765.0
153,117,77.1994,10,585.0,765.0
153,118,69.49950000000001,4,590.0,765.0
153,119,53.699749999999995,14,595.0,765.0
153,120,43.3999,19,600.0,765.0
154,46,416.116,6,230.0,770.0
154,47,400.265,2,235.0,770.0
154,49,358.4625,4,245.0,770.0
154,52,297.909,3,260.0,770.0
154,56,206.703,5,280.0,770.0
154,59,252.806,3,295.0,770.0
154,60,204.703,5,300.0,770.0
154,61,192.303,11,305.0,770.0
154,62,154.14999999999998,22,310.0,770.0
154,64,71.6995,7,320.0,770.0
154,65,46.7999,1,325.0,770.0
154,103,180.602,1,515.0,770.0
154,104,177.902,15,520.0,770.0
154,110,166.45100000000002,2,550.0,770.0
154,111,153.3,9,555.0,770.0
154,112,135.799,2,560.0,770.0
154,113,140.499,7,565.0,770.0
154,114,130.399,3,570.0,770.0
154,115,120.199,7,575.0,770.0
154,119,82.8993,7,595.0,770.0
154,120,67.19955,8,600.0,770.0
155,46,430.9175,8,230.0,775.0
155,49,306.609,13,245.0,775.0
155,51,292.309,5,255.0,775.0
155,52,300.509,2,260.0,775.0
155,53,254.406,2,265.0,775.0
155,54,241.006,7,270.0,775.0
155,55,259.9565,6,275.0,775.0
155,56,203.203,7,280.0,775.0
155,61,158.40050000000002,2,305.0,775.0
155,62,134.899,7,310.0,775.0
155,63,66.2996,9,315.0,775.0
155,64,57.6997,18,320.0,775.0
155,104,216.904,10,520.0,775.0
155,105,230.60500000000002,6,525.0,775.0
155,106,224.5045,4,530.0,775.0
155,107,208.604,13,535.0,775.0
155,108,191.502,15,540.0,775.0
155,109,176.552,10,545.0,775.0
155,110,167.101,3,550.0,775.0
155,114,150.8,1,570.0,775.0
155,115,131.899,7,575.0,775.0
155,116,114.649,4,580.0,775.0
155,117,105.399,7,585.0,775.0
155,118,100.39905,2,590.0,775.0
155,119,92.64914999999999,10,595.0,775.0
155,120,85.8993,3,600.0,775.0
156,45,434.417,1,225.0,780.0
156,46,418.7165,4,230.0,780.0
156,48,331.861,4,240.0,780.0
156,49,286.8585,4,245.0,780.0
156,50,259.607,3,250.0,780.0
156,51,244.306,11,255.0,780.0
156,52,225.2545,8,260.0,780.0
156,53,214.704,1,265.0,780.0
156,54,278.358,2,270.0,780.0
156,55,184.652,4,275.0,780.0
156,56,186.102,7,280.0,780.0
156,61,136.599,15,305.0,780.0
156,62,128.299,3,310.0,780.0
156,63,54.0997,5,315.0,780.0
156,64,47.5998,13,320.0,780.0
156,104,198.003,2,520.0,780.0
156,105,203.653,8,525.0,780.0
156,106,217.5045,4,530.0,780.0
156,108,178.7515,4,540.0,780.0
156,109,186.352,6,545.0,780.0
156,110,165.301,3,550.0,780.0
156,111,157.1,3,555.0,780.0
156,112,170.601,3,560.0,780.0
156,113,157.0,5,565.0,780.0
156,114,150.10000000000002,4,570.0,780.0
156,115,135.699,14,575.0,780.0
156,116,120.999,3,580.0,780.0
156,119,98.54905,4,595.0,780.0
156,120,96.9991,3,600.0,780.0
157,45,400.915,1,225.0,785.0
157,48,403.7155,10,240.0,785.0
157,49,351.512,4,245.0,785.0
157,51,281.408,6,255.0,785.0
157,52,224.104,3,260.0,785.0
157,53,188.002,5,265.0,785.0
157,54,166.701,8,270.0,785.0
157,55,127.649,12,275.0,785.0
157,56,117.899,14,280.0,785.0
157,57,137.99900000000002,12,285.0,785.0
157,59,143.3,1,295.0,785.0
157,60,126.299,3,300.0,785.0
157,61,97.6991,11,305.0,785.0
157,63,48.2998,12,315.0,785.0
157,64,35.099999999999994,12,320.0,785.0
157,109,184.902,9,545.0,785.0
157,112,163.901,1,560.0,785.0
157,113,157.9,3,565.0,785.0
157,114,149.7,7,570.0,785.0
157,115,136.649,8,575.0,785.0
157,116,126.899,4,580.0,785.0
157,117,123.499,6,585.0,785.0
157,118,106.499,14,590.0,785.0
157,119,80.2993,7,595.0,785.0
157,120,73.89945,2,600.0,785.0
158,48,512.022,13,240.0,790.0
158,49,402.41499999999996,4,245.0,790.0
158,50,336.3115,4,250.0,790.0
158,51,349.712,14,255.0,790.0
158,52,523.0675,6,260.0,790.0
158,55,100.849,4,275.0,790.0
158,56,99.2991,4,280.0,790.0
158,57,155.5005,4,285.0,790.0
158,59,174.101,5,295.0,790.0
158,60,147.3995,8,300.0,790.0
158,61,67.09955,12,305.0,790.0
158,63,38.8,17,315.0,790.0
158,64,26.5001,5,320.0,790.0
158,109,176.55149999999998,16,545.0,790.0
158,110,166.701,3,550.0,790.0
158,111,171.651,4,555.0,790.0
158,112,164.551,8,560.0,790.0
158,113,162.701,5,565.0,790.0
158,114,141.6995,2,570.0,790.0
158,115,128.299,1,575.0,790.0
158,116,121.599,1,580.0,790.0
158,117,79.09935,4,585.0,790.0
158,118,56.499700000000004,10,590.0,790.0
158,119,50.4998,13,595.0,790.0
158,120,46.0999,1,600.0,790.0
159,47,514.221,1,235.0,795.0
159,48,554.512,1,240.0,795.0
159,50,451.318,13,250.0,795.0
159,51,430.317,1,255.0,795.0
159,52,457.819,1,260.0,795.0
159,55,92.39914999999999,8,275.0,795.0
159,56,80.7993,4,280.0,795.0
159,58,108.299,6,290.0,795.0
159,59,84.7993,6,295.0,795.0
159,60,59.4997,7,300.0,795.0
159,61,41.7999,1,305.0,795.0
159,62,33.0001,1,310.0,795.0
159,63,32.5001,15,315.0,795.0
159,64,22.1,8,320.0,795.0
159,109,131.499,12,545.0,795.0
159,113,148.2,3,565.0,795.0
159,114,137.899,12,570.0,795.0
159,115,114.499,7,575.0,795.0
159,116,100.54905,10,580.0,795.0
159,117,71.6995,5,585.0,795.0
159,118,53.89975,2,590.0,795.0
159,119,26.4001,13,595.0,795.0
160,49,522.419,1,245.0,800.0
160,50,519.52,1,250.0,800.0
160,55,78.19935000000001,6,275.0,800.0
160,56,86.9992,1,280.0,800.0
160,59,67.2995,3,295.0,800.0
160,60,37.15,8,300.0,800.0
160,62,25.5001,3,310.0,800.0
160,63,22.7001,17,315.0,800.0
160,64,17.15,4,320.0,800.0
160,109,123.849,4,545.0,800.0
160,110,131.599,5,550.0,800.0
160,112,155.9,1,560.0,800.0
160,113,142.199,1,565.0,800.0
160,114,94.5991,1,570.0,800.0
160,115,84.1493,4,575.0,800.0
160,116,64.4996,14,580.0,800.0
160,117,41.1999,11,585.0,800.0
160,118,27.7001,11,590.0,800.0
160,119,16.6,9,595.0,800.0
161,55,71.6995,8,275.0,805.0
161,56,56.6997,5,280.0,805.0
161,57,47.1999,5,285.0,805.0
161,60,26.4501,6,300.0,805.0
161,62,17.9,11,310.0,805.0
161,63,13.1,15,315.0,805.0
161,64,13.3,1,320.0,805.0
161,109,119.799,5,545.0,805.0
161,110,125.099,9,550.0,805.0
161,112,130.599,3,560.0,805.0
161,113,117.599,15,565.0,805.0
161,114,101.499,4,570.0,805.0
161,115,77.6494,6,575.0,805.0
161,116,58.2997,3,580.0,805.0
161,119,11.55,10,595.0,805.0
161,120,7.4,10,600.0,805.0
161,121,1.0,7,605.0,805.0
161,122,0.0,3,610.0,805.0
161,123,2.7,3,615.0,805.0
162,55,64.5996,1,275.0,810.0
162,56,59.1997,5,280.0,810.0
162,57,48.19985,6,285.0,810.0
162,58,35.0,9,290.0,810.0
162,59,24.350099999999998,8,295.0,810.0
162,60,17.35,10,300.0,810.0
162,61,10.6,8,305.0,810.0
162,62,9.9,14,310.0,810.0
162,63,8.7,11,315.0,810.0
162,109,114.599,1,545.0,810.0
162,110,115.549,12,550.0,810.0
162,119,11.8,3,595.0,810.0
162,120,6.1,21,600.0,810.0
162,121,0.0,19,605.0,810.0
162,122,0.0,20,610.0,810.0
162,123,1.3,5,615.0,810.0
163,60,13.5,1,300.0,815.0
163,61,5.6,7,305.0,815.0
163,62,2.3,19,310.0,815.0
163,63,4.4,10,315.0,815.0
163,110,106.899,7,550.0,815.0
163,111,98.64905,2,555.0,815.0
163,112,97.9991,7,560.0,815.0
163,113,100.799,1,565.0,815.0
163,114,83.9993,9,570.0,815.0
163,115,78.5994,13,575.0,815.0
163,117,79.29935,2,585.0,815.0
163,118,91.5492,6,590.0,815.0
163,120,6.449999999999999,4,600.0,815.0
163,121,2.1,17,605.0,815.0
163,122,0.0,10,610.0,815.0
163,123,2.25,2,615.0,815.0
164,61,0.0,5,305.0,820.0
164,62,0.0,15,310.0,820.0
164,63,0.0,5,315.0,820.0
164,110,112.649,12,550.0,820.0
164,111,104.699,5,555.0,820.0
164,113,89.7992,1,565.0,820.0
164,114,74.2994,1,570.0,820.0
164,115,61.7996,13,575.0,820.0
164,116,52.3998,9,580.0,820.0
164,117,71.0995,1,585.0,820.0
165,62,0.0,1,310.0,825.0
165,63,0.0,3,315.0,825.0
165,110,106.599,11,550.0,825.0
165,111,108.049,2,555.0,825.0
165,112,85.3993,1,560.0,825.0
165,115,53.74975,6,575.0,825.0
165,116,42.399950000000004,2,580.0,825.0
165,120,2.6,1,600.0,825.0
166,110,90.5992,1,550.0,830.0
166,111,98.54905,12,555.0,830.0
166,112,88.2992,19,560.0,830.0
166,113,76.1494,12,565.0,830.0
166,114,63.8996,9,570.0,830.0
166,115,53.6998,9,575.0,830.0
166,116,39.6,25,580.0,830.0
166,117,29.150100000000002,18,585.0,830.0
166,118,18.65,18,590.0,830.0
166,119,8.3,21,595.0,830.0
166,120,1.2000000000000002,24,600.0,830.0
166,121,0.0,17,605.0,830.0
166,122,0.0,4,610.0,830.0
167,111,86.0993,3,555.0,835.0
167,112,74.99940000000001,4,560.0,835.0
167,113,65.4996,8,565.0,835.0
167,114,56.7997,7,570.0,835.0
167,115,46.6999,7,575.0,835.0
167,116,35.1,3,580.0,835.0
167,117,24.4001,3,585.0,835.0
167,118,16.55,10,590.0,835.0
167,119,9.350000000000001,6,595.0,835.0
167,120,0.35,4,600.0,835.0
167,121,0.0,6,605.0,835.0
167,122,0.0,2,610.0,835.0
