Generation,Run_ID,Final_Fitness,Evac_Score,Cost_Score,Solution_Widths
1,1,910.8294430490851,568.4584430490851,3423.71,"[0.0, 2.0, 0.0, 4.0, 4.0, 0.0, 4.0, 2.0, 2.0, 4.0, 0.0, 0.0, 0.0, 2.0, 4.0, 0.0]"
1,2,982.6241315061095,542.6041315061095,4400.2,"[4.0, 4.0, 4.0, 2.0, 4.0, 0.0, 2.0, 0.0, 0.0, 4.0, 4.0, 2.0, 4.0, 0.0, 0.0, 4.0]"
1,3,977.8591983660792,568.5421983660792,4093.1700000000005,"[0.0, 4.0, 0.0, 4.0, 2.0, 4.0, 0.0, 4.0, 2.0, 4.0, 2.0, 2.0, 0.0, 2.0, 4.0, 0.0]"
1,4,994.2386103159602,562.58061031596,4316.580000000001,"[4.0, 2.0, 2.0, 2.0, 2.0, 4.0, 0.0, 4.0, 4.0, 0.0, 0.0, 4.0, 4.0, 0.0, 0.0, 4.0]"
1,5,980.9658819280362,557.3728819280361,4235.93,"[4.0, 0.0, 4.0, 0.0, 2.0, 4.0, 2.0, 4.0, 4.0, 4.0, 0.0, 4.0, 2.0, 0.0, 0.0, 2.0]"
1,6,971.0021541992978,543.0681541992979,4279.34,"[2.0, 4.0, 2.0, 2.0, 2.0, 2.0, 4.0, 0.0, 4.0, 4.0, 0.0, 2.0, 4.0, 0.0, 4.0, 0.0]"
1,7,897.3199329552361,547.962932955236,3493.5700000000006,"[0.0, 2.0, 2.0, 2.0, 0.0, 0.0, 4.0, 4.0, 2.0, 2.0, 4.0, 2.0, 4.0, 0.0, 4.0, 2.0]"
1,8,926.0854122611573,553.1544122611573,3729.31,"[0.0, 4.0, 0.0, 4.0, 0.0, 4.0, 2.0, 0.0, 0.0, 4.0, 4.0, 2.0, 2.0, 2.0, 4.0, 2.0]"
1,9,926.744489230977,530.914489230977,3958.3,"[4.0, 0.0, 2.0, 0.0, 0.0, 4.0, 2.0, 4.0, 4.0, 4.0, 0.0, 0.0, 2.0, 4.0, 4.0, 2.0]"
1,10,857.9543667544393,530.7883667544393,3271.6600000000003,"[4.0, 2.0, 2.0, 0.0, 2.0, 0.0, 4.0, 0.0, 2.0, 2.0, 0.0, 2.0, 0.0, 4.0, 2.0, 2.0]"
1,11,889.3924957801634,569.1874957801633,3202.05,"[2.0, 4.0, 0.0, 4.0, 0.0, 0.0, 4.0, 2.0, 2.0, 0.0, 2.0, 2.0, 2.0, 0.0, 4.0, 0.0]"
1,12,899.8477802984269,552.4137802984269,3474.34,"[4.0, 0.0, 0.0, 4.0, 0.0, 0.0, 0.0, 4.0, 2.0, 2.0, 4.0, 4.0, 2.0, 2.0, 4.0, 2.0]"
1,13,847.9663059887923,550.1883059887922,2977.7800000000007,"[2.0, 0.0, 0.0, 4.0, 2.0, 0.0, 2.0, 0.0, 2.0, 0.0, 0.0, 4.0, 4.0, 2.0, 2.0, 2.0]"
1,14,941.3134134206441,535.2524134206441,4060.6100000000006,"[0.0, 2.0, 4.0, 4.0, 2.0, 4.0, 0.0, 2.0, 2.0, 4.0, 0.0, 2.0, 4.0, 2.0, 2.0, 0.0]"
1,15,945.0081721018162,575.7411721018161,3692.6700000000005,"[0.0, 4.0, 0.0, 4.0, 4.0, 0.0, 2.0, 4.0, 2.0, 2.0, 2.0, 2.0, 2.0, 0.0, 2.0, 0.0]"
1,16,918.3158950779826,574.7138950779826,3436.0200000000004,"[0.0, 4.0, 0.0, 4.0, 4.0, 0.0, 0.0, 4.0, 2.0, 2.0, 2.0, 0.0, 0.0, 2.0, 2.0, 4.0]"
1,17,1014.5389791399448,558.4929791399446,4560.460000000001,"[0.0, 4.0, 4.0, 4.0, 4.0, 4.0, 2.0, 2.0, 4.0, 2.0, 4.0, 0.0, 2.0, 0.0, 4.0, 2.0]"
1,18,991.3692578990009,552.0152578990009,4393.54,"[4.0, 4.0, 0.0, 2.0, 4.0, 4.0, 0.0, 0.0, 0.0, 0.0, 4.0, 2.0, 4.0, 4.0, 2.0, 2.0]"
1,19,843.4791448247925,523.3051448247924,3201.7400000000002,"[2.0, 2.0, 2.0, 0.0, 0.0, 0.0, 4.0, 0.0, 2.0, 2.0, 0.0, 4.0, 4.0, 4.0, 2.0, 0.0]"
1,20,972.1108387227436,533.6528387227435,4384.580000000001,"[4.0, 2.0, 4.0, 2.0, 2.0, 4.0, 4.0, 4.0, 2.0, 2.0, 4.0, 0.0, 2.0, 4.0, 0.0, 0.0]"
1,21,1143.7401028826032,551.9521028826031,5917.880000000001,"[4.0, 4.0, 0.0, 4.0, 4.0, 4.0, 4.0, 4.0, 2.0, 0.0, 0.0, 2.0, 4.0, 4.0, 4.0, 2.0]"
1,22,1005.774160669682,534.740160669682,4710.34,"[4.0, 2.0, 4.0, 4.0, 4.0, 4.0, 2.0, 0.0, 4.0, 4.0, 2.0, 2.0, 0.0, 4.0, 0.0, 4.0]"
1,23,986.056856872806,545.6348568728059,4404.22,"[2.0, 2.0, 0.0, 2.0, 2.0, 0.0, 4.0, 2.0, 0.0, 4.0, 2.0, 4.0, 4.0, 4.0, 2.0, 4.0]"
1,24,875.7855458780637,535.7655458780637,3400.2000000000003,"[0.0, 2.0, 2.0, 4.0, 2.0, 4.0, 2.0, 0.0, 0.0, 4.0, 4.0, 0.0, 4.0, 4.0, 0.0, 0.0]"
1,25,974.3266408317581,571.109640831758,4032.1700000000005,"[0.0, 0.0, 2.0, 4.0, 4.0, 4.0, 4.0, 4.0, 2.0, 4.0, 0.0, 4.0, 0.0, 0.0, 0.0, 0.0]"
1,26,819.245929106745,533.549929106745,2856.9600000000005,"[0.0, 0.0, 2.0, 2.0, 0.0, 2.0, 0.0, 4.0, 4.0, 0.0, 0.0, 2.0, 4.0, 4.0, 2.0, 2.0]"
1,27,1007.7867936807995,560.2627936807994,4475.240000000001,"[4.0, 4.0, 0.0, 0.0, 0.0, 4.0, 4.0, 4.0, 4.0, 2.0, 0.0, 4.0, 2.0, 2.0, 0.0, 4.0]"
1,28,884.8388427520086,561.2388427520086,3236.0,"[2.0, 0.0, 2.0, 0.0, 4.0, 4.0, 4.0, 0.0, 2.0, 2.0, 2.0, 0.0, 4.0, 0.0, 0.0, 2.0]"
1,29,947.8135206589252,562.7995206589252,3850.1400000000003,"[2.0, 4.0, 4.0, 4.0, 4.0, 0.0, 4.0, 4.0, 2.0, 0.0, 2.0, 0.0, 2.0, 0.0, 0.0, 0.0]"
1,30,894.1920510431437,572.5040510431436,3216.8800000000006,"[0.0, 0.0, 0.0, 2.0, 2.0, 2.0, 4.0, 4.0, 4.0, 2.0, 4.0, 0.0, 4.0, 0.0, 4.0, 0.0]"
1,31,868.6578925123221,541.771892512322,3268.8600000000006,"[4.0, 0.0, 2.0, 0.0, 2.0, 2.0, 2.0, 4.0, 2.0, 0.0, 0.0, 2.0, 0.0, 4.0, 0.0, 4.0]"
1,32,933.7989222199717,533.2319222199717,4005.6700000000005,"[0.0, 4.0, 2.0, 0.0, 0.0, 4.0, 2.0, 2.0, 2.0, 0.0, 2.0, 2.0, 4.0, 4.0, 4.0, 4.0]"
1,33,968.0127529030516,541.9297529030515,4260.830000000001,"[4.0, 2.0, 0.0, 0.0, 2.0, 0.0, 4.0, 2.0, 4.0, 4.0, 2.0, 2.0, 2.0, 4.0, 4.0, 4.0]"
1,34,1049.357985957332,540.0839859573318,5092.740000000001,"[0.0, 4.0, 2.0, 4.0, 4.0, 2.0, 4.0, 4.0, 2.0, 0.0, 2.0, 4.0, 4.0, 4.0, 2.0, 0.0]"
1,35,877.5500232244127,520.6880232244126,3568.620000000001,"[4.0, 0.0, 4.0, 2.0, 0.0, 0.0, 2.0, 2.0, 2.0, 4.0, 0.0, 4.0, 2.0, 4.0, 2.0, 0.0]"
1,36,980.7917620847961,533.5767620847961,4472.150000000001,"[2.0, 4.0, 2.0, 0.0, 2.0, 4.0, 2.0, 2.0, 0.0, 2.0, 2.0, 2.0, 4.0, 4.0, 2.0, 2.0]"
1,37,776.5577954085078,547.7627954085077,2287.9500000000003,"[2.0, 0.0, 0.0, 2.0, 0.0, 2.0, 2.0, 0.0, 4.0, 2.0, 4.0, 0.0, 2.0, 2.0, 2.0, 4.0]"
1,38,883.5456919181689,539.3326919181688,3442.1300000000006,"[2.0, 0.0, 2.0, 0.0, 2.0, 2.0, 0.0, 4.0, 0.0, 4.0, 2.0, 2.0, 0.0, 4.0, 2.0, 4.0]"
1,39,1036.5423391844452,544.423339184445,4921.1900000000005,"[0.0, 2.0, 2.0, 4.0, 4.0, 4.0, 4.0, 4.0, 0.0, 0.0, 4.0, 4.0, 4.0, 4.0, 0.0, 2.0]"
1,40,810.2181388063732,546.7371388063732,2634.8100000000004,"[2.0, 2.0, 4.0, 4.0, 0.0, 0.0, 2.0, 2.0, 2.0, 0.0, 4.0, 0.0, 2.0, 0.0, 2.0, 2.0]"
2,41,776.6568163403106,547.8618163403105,2287.9500000000003,"[2.0, 0.0, 0.0, 2.0, 0.0, 2.0, 2.0, 0.0, 4.0, 2.0, 4.0, 0.0, 2.0, 2.0, 2.0, 4.0]"
2,42,810.1882306238185,546.7072306238185,2634.8100000000004,"[2.0, 2.0, 4.0, 4.0, 0.0, 0.0, 2.0, 2.0, 2.0, 0.0, 4.0, 0.0, 2.0, 0.0, 2.0, 2.0]"
2,43,859.7069072986294,525.5429072986294,3341.6400000000003,"[4.0, 0.0, 2.0, 0.0, 2.0, 0.0, 2.0, 0.0, 2.0, 4.0, 0.0, 2.0, 0.0, 4.0, 4.0, 4.0]"
2,44,955.619168241966,543.2341682419659,4123.85,"[4.0, 2.0, 2.0, 4.0, 2.0, 2.0, 4.0, 4.0, 4.0, 2.0, 0.0, 2.0, 0.0, 4.0, 0.0, 0.0]"
2,45,936.0607411383432,564.6937411383432,3713.6700000000005,"[0.0, 4.0, 0.0, 4.0, 0.0, 4.0, 2.0, 4.0, 2.0, 4.0, 4.0, 2.0, 0.0, 4.0, 0.0, 2.0]"
2,46,868.1394733643913,531.7994733643912,3363.4,"[4.0, 0.0, 2.0, 4.0, 2.0, 0.0, 2.0, 0.0, 0.0, 0.0, 0.0, 2.0, 2.0, 2.0, 4.0, 4.0]"
2,47,750.7550546927752,539.0990546927751,2116.5600000000004,"[4.0, 0.0, 2.0, 2.0, 0.0, 0.0, 2.0, 2.0, 2.0, 4.0, 0.0, 0.0, 0.0, 2.0, 0.0, 0.0]"
2,48,862.2822198217661,524.7622198217662,3375.2000000000003,"[4.0, 0.0, 4.0, 0.0, 2.0, 0.0, 2.0, 0.0, 2.0, 0.0, 0.0, 4.0, 2.0, 4.0, 2.0, 4.0]"
2,49,824.0303182769562,559.2263182769562,2648.0400000000004,"[2.0, 2.0, 2.0, 0.0, 0.0, 2.0, 4.0, 2.0, 2.0, 0.0, 4.0, 2.0, 0.0, 0.0, 2.0, 2.0]"
2,50,928.8469320866807,539.2619320866806,3895.8500000000004,"[4.0, 0.0, 4.0, 4.0, 2.0, 0.0, 2.0, 4.0, 2.0, 0.0, 0.0, 4.0, 2.0, 2.0, 0.0, 4.0]"
2,51,864.9055224495307,535.7425224495307,3291.6300000000006,"[0.0, 0.0, 2.0, 0.0, 2.0, 2.0, 4.0, 4.0, 0.0, 2.0, 4.0, 0.0, 4.0, 4.0, 2.0, 0.0]"
2,52,903.7194581054623,581.5654581054622,3221.5400000000004,"[2.0, 0.0, 0.0, 2.0, 2.0, 2.0, 0.0, 4.0, 4.0, 4.0, 2.0, 2.0, 0.0, 0.0, 4.0, 2.0]"
2,53,816.3925836877997,556.3055836877996,2600.8700000000003,"[2.0, 0.0, 0.0, 2.0, 0.0, 2.0, 0.0, 4.0, 4.0, 2.0, 4.0, 2.0, 2.0, 2.0, 2.0, 0.0]"
2,54,848.1978118965633,538.7258118965633,3094.7200000000003,"[0.0, 0.0, 2.0, 0.0, 2.0, 2.0, 2.0, 4.0, 0.0, 4.0, 2.0, 0.0, 0.0, 4.0, 2.0, 4.0]"
2,55,825.9501439470664,551.5881439470664,2743.6200000000003,"[2.0, 0.0, 0.0, 4.0, 2.0, 0.0, 0.0, 0.0, 2.0, 0.0, 0.0, 4.0, 4.0, 2.0, 2.0, 2.0]"
2,56,942.3350453716832,562.4480453716832,3798.870000000001,"[4.0, 2.0, 0.0, 4.0, 4.0, 0.0, 4.0, 2.0, 2.0, 2.0, 0.0, 0.0, 0.0, 2.0, 4.0, 0.0]"
2,57,844.9048081831072,524.7308081831071,3201.7400000000002,"[2.0, 2.0, 2.0, 0.0, 0.0, 0.0, 4.0, 0.0, 2.0, 2.0, 2.0, 4.0, 4.0, 4.0, 2.0, 0.0]"
2,58,813.5661750050639,523.2281750050638,2903.3800000000006,"[0.0, 2.0, 2.0, 0.0, 0.0, 0.0, 4.0, 0.0, 2.0, 2.0, 2.0, 4.0, 4.0, 4.0, 2.0, 0.0]"
2,59,967.967114231704,541.884114231704,4260.830000000001,"[4.0, 2.0, 0.0, 0.0, 2.0, 0.0, 4.0, 2.0, 4.0, 4.0, 2.0, 2.0, 2.0, 4.0, 4.0, 4.0]"
2,60,886.0428546350686,540.5228546350686,3455.2000000000003,"[4.0, 0.0, 2.0, 2.0, 2.0, 2.0, 2.0, 4.0, 2.0, 0.0, 0.0, 2.0, 0.0, 4.0, 0.0, 4.0]"
2,61,891.7390870974277,528.1100870974276,3636.2900000000004,"[2.0, 4.0, 2.0, 0.0, 0.0, 0.0, 4.0, 2.0, 2.0, 2.0, 2.0, 2.0, 2.0, 4.0, 2.0, 4.0]"
2,62,899.4073926546043,543.8823926546044,3555.25,"[2.0, 2.0, 4.0, 4.0, 0.0, 0.0, 2.0, 4.0, 2.0, 0.0, 0.0, 2.0, 4.0, 0.0, 4.0, 0.0]"
2,63,812.5923380595505,533.4633380595503,2791.2900000000004,"[0.0, 0.0, 2.0, 4.0, 0.0, 2.0, 2.0, 0.0, 2.0, 0.0, 0.0, 4.0, 4.0, 2.0, 2.0, 2.0]"
2,64,964.7202792330544,534.2722792330543,4304.4800000000005,"[2.0, 4.0, 2.0, 2.0, 4.0, 0.0, 0.0, 4.0, 4.0, 0.0, 0.0, 2.0, 4.0, 4.0, 2.0, 2.0]"
2,65,911.9747333738438,570.1587333738438,3418.16,"[0.0, 4.0, 0.0, 4.0, 2.0, 2.0, 0.0, 4.0, 2.0, 4.0, 0.0, 2.0, 0.0, 4.0, 0.0, 0.0]"
2,66,908.9986051583282,543.7676051583283,3652.31,"[4.0, 0.0, 2.0, 0.0, 2.0, 2.0, 2.0, 4.0, 2.0, 0.0, 2.0, 2.0, 0.0, 2.0, 4.0, 4.0]"
2,67,814.996882384714,577.421882384714,2375.75,"[2.0, 2.0, 0.0, 4.0, 0.0, 2.0, 4.0, 2.0, 2.0, 0.0, 4.0, 0.0, 0.0, 0.0, 2.0, 0.0]"
2,68,932.8885538752363,534.6585538752363,3982.3,"[0.0, 2.0, 4.0, 4.0, 4.0, 0.0, 2.0, 2.0, 2.0, 4.0, 0.0, 0.0, 2.0, 2.0, 4.0, 2.0]"
2,69,904.2040131658903,579.2550131658902,3249.4900000000002,"[2.0, 2.0, 0.0, 4.0, 4.0, 0.0, 2.0, 2.0, 4.0, 2.0, 2.0, 0.0, 2.0, 0.0, 2.0, 2.0]"
2,70,913.9189178313416,554.6469178313415,3592.7200000000007,"[2.0, 4.0, 0.0, 4.0, 0.0, 0.0, 2.0, 4.0, 2.0, 4.0, 4.0, 2.0, 2.0, 2.0, 2.0, 0.0]"
2,71,828.1730968874485,541.4150968874485,2867.5800000000004,"[2.0, 0.0, 2.0, 0.0, 2.0, 0.0, 4.0, 4.0, 0.0, 0.0, 2.0, 2.0, 0.0, 4.0, 2.0, 0.0]"
2,72,908.2715056377018,580.2015056377018,3280.7000000000003,"[2.0, 0.0, 0.0, 4.0, 2.0, 2.0, 0.0, 2.0, 2.0, 4.0, 2.0, 2.0, 0.0, 0.0, 4.0, 4.0]"
2,73,745.1018203916274,534.0858203916273,2110.1600000000003,"[2.0, 0.0, 2.0, 2.0, 0.0, 2.0, 0.0, 0.0, 2.0, 0.0, 0.0, 2.0, 4.0, 2.0, 0.0, 2.0]"
2,74,869.9501393558842,547.8761393558841,3220.7400000000002,"[0.0, 0.0, 0.0, 0.0, 2.0, 0.0, 2.0, 4.0, 2.0, 0.0, 0.0, 4.0, 4.0, 4.0, 2.0, 4.0]"
2,75,911.8325232597394,587.7505232597393,3240.82,"[0.0, 4.0, 0.0, 4.0, 4.0, 0.0, 0.0, 4.0, 4.0, 0.0, 2.0, 0.0, 2.0, 0.0, 4.0, 0.0]"
2,76,894.3434658699616,560.6004658699616,3337.4300000000003,"[2.0, 4.0, 0.0, 4.0, 0.0, 0.0, 0.0, 4.0, 2.0, 2.0, 2.0, 2.0, 0.0, 2.0, 4.0, 2.0]"
2,77,893.1184223212477,558.2954223212477,3348.2300000000005,"[4.0, 4.0, 0.0, 0.0, 2.0, 0.0, 2.0, 0.0, 2.0, 2.0, 4.0, 2.0, 2.0, 0.0, 4.0, 2.0]"
2,78,820.3231265275809,538.6661265275809,2816.57,"[0.0, 2.0, 2.0, 4.0, 0.0, 4.0, 2.0, 0.0, 0.0, 0.0, 0.0, 2.0, 0.0, 4.0, 2.0, 2.0]"
2,79,879.2133147660522,541.8583147660522,3373.55,"[4.0, 0.0, 2.0, 0.0, 2.0, 4.0, 2.0, 4.0, 2.0, 0.0, 0.0, 0.0, 2.0, 4.0, 0.0, 2.0]"
2,80,917.4968112213896,532.1358112213895,3853.61,"[4.0, 0.0, 2.0, 0.0, 0.0, 2.0, 2.0, 4.0, 4.0, 4.0, 0.0, 2.0, 0.0, 4.0, 4.0, 4.0]"
3,81,747.6982417285618,536.6822417285617,2110.1600000000003,"[2.0, 0.0, 2.0, 2.0, 0.0, 2.0, 0.0, 0.0, 2.0, 0.0, 0.0, 2.0, 4.0, 2.0, 0.0, 2.0]"
3,82,748.2988426738691,536.642842673869,2116.5600000000004,"[4.0, 0.0, 2.0, 2.0, 0.0, 0.0, 2.0, 2.0, 2.0, 4.0, 0.0, 0.0, 0.0, 2.0, 0.0, 0.0]"
3,83,885.8457164269798,550.6997164269799,3351.46,"[2.0, 0.0, 0.0, 2.0, 4.0, 2.0, 2.0, 0.0, 4.0, 2.0, 4.0, 2.0, 2.0, 2.0, 2.0, 4.0]"
3,84,803.4699055431774,556.1089055431773,2473.6100000000006,"[2.0, 0.0, 0.0, 2.0, 0.0, 2.0, 0.0, 4.0, 2.0, 2.0, 4.0, 0.0, 2.0, 2.0, 2.0, 2.0]"
3,85,832.5955033421106,541.0955033421106,2915.0,"[2.0, 2.0, 2.0, 4.0, 0.0, 4.0, 2.0, 0.0, 0.0, 0.0, 0.0, 2.0, 2.0, 2.0, 0.0, 2.0]"
3,86,872.2470207939509,537.7410207939508,3345.06,"[0.0, 0.0, 4.0, 2.0, 4.0, 2.0, 0.0, 4.0, 2.0, 0.0, 0.0, 2.0, 0.0, 4.0, 2.0, 2.0]"
3,87,773.565809883878,529.117809883878,2444.4800000000005,"[0.0, 0.0, 4.0, 4.0, 0.0, 0.0, 0.0, 0.0, 2.0, 0.0, 0.0, 4.0, 4.0, 2.0, 2.0, 2.0]"
3,88,836.5621080278172,548.4001080278172,2881.6200000000003,"[2.0, 0.0, 2.0, 2.0, 2.0, 2.0, 2.0, 0.0, 2.0, 0.0, 0.0, 4.0, 2.0, 0.0, 2.0, 2.0]"
3,89,780.8872716899602,544.0162716899601,2368.7100000000005,"[4.0, 0.0, 2.0, 0.0, 2.0, 0.0, 2.0, 4.0, 2.0, 0.0, 0.0, 0.0, 0.0, 4.0, 0.0, 0.0]"
3,90,894.8535562082236,537.7425562082236,3571.11,"[2.0, 0.0, 2.0, 0.0, 2.0, 4.0, 4.0, 2.0, 0.0, 0.0, 0.0, 2.0, 2.0, 4.0, 2.0, 2.0]"
3,91,851.3470774424414,540.7230774424414,3106.2400000000002,"[2.0, 0.0, 2.0, 2.0, 2.0, 2.0, 0.0, 4.0, 0.0, 2.0, 0.0, 2.0, 0.0, 4.0, 2.0, 0.0]"
3,92,833.8273342785767,557.2593342785767,2765.6800000000003,"[4.0, 0.0, 0.0, 0.0, 0.0, 2.0, 2.0, 4.0, 4.0, 0.0, 4.0, 2.0, 2.0, 2.0, 0.0, 4.0]"
3,93,802.377256768618,546.827256768618,2555.5,"[2.0, 4.0, 2.0, 4.0, 0.0, 0.0, 2.0, 0.0, 2.0, 0.0, 0.0, 2.0, 4.0, 0.0, 0.0, 0.0]"
3,94,826.1981871455578,528.6691871455577,2975.2900000000004,"[2.0, 0.0, 4.0, 2.0, 0.0, 0.0, 0.0, 4.0, 2.0, 0.0, 0.0, 2.0, 4.0, 2.0, 4.0, 0.0]"
3,95,764.1796352710824,545.9816352710823,2181.9800000000005,"[0.0, 2.0, 4.0, 0.0, 0.0, 0.0, 2.0, 2.0, 2.0, 2.0, 4.0, 0.0, 2.0, 0.0, 2.0, 2.0]"
3,96,931.2267054216461,558.632705421646,3725.9400000000005,"[4.0, 4.0, 0.0, 4.0, 2.0, 0.0, 2.0, 0.0, 2.0, 2.0, 4.0, 2.0, 2.0, 0.0, 4.0, 2.0]"
3,97,783.2412859843371,532.2222859843371,2510.1900000000005,"[2.0, 2.0, 4.0, 2.0, 0.0, 0.0, 2.0, 2.0, 2.0, 0.0, 4.0, 0.0, 2.0, 2.0, 0.0, 4.0]"
3,98,751.9922348571814,553.9582348571814,1980.3400000000001,"[4.0, 0.0, 2.0, 4.0, 0.0, 0.0, 2.0, 2.0, 2.0, 0.0, 0.0, 0.0, 0.0, 0.0, 2.0, 0.0]"
3,99,895.0902629127002,540.3462629127,3547.4400000000005,"[2.0, 0.0, 2.0, 2.0, 2.0, 2.0, 2.0, 4.0, 0.0, 4.0, 2.0, 2.0, 0.0, 4.0, 2.0, 0.0]"
3,100,828.1551372628452,541.3971372628451,2867.5800000000004,"[2.0, 0.0, 2.0, 0.0, 2.0, 0.0, 4.0, 4.0, 0.0, 0.0, 2.0, 2.0, 0.0, 4.0, 2.0, 0.0]"
3,101,783.4846955641078,550.6186955641077,2328.6600000000003,"[2.0, 0.0, 0.0, 2.0, 0.0, 2.0, 0.0, 0.0, 2.0, 2.0, 0.0, 2.0, 2.0, 2.0, 2.0, 4.0]"
3,102,815.0403843089596,543.6283843089595,2714.1200000000003,"[2.0, 0.0, 2.0, 2.0, 0.0, 2.0, 0.0, 4.0, 4.0, 0.0, 4.0, 2.0, 4.0, 2.0, 0.0, 2.0]"
3,103,748.7434611748819,538.4074611748819,2103.36,"[0.0, 0.0, 2.0, 4.0, 2.0, 0.0, 2.0, 0.0, 0.0, 0.0, 2.0, 2.0, 0.0, 4.0, 2.0, 0.0]"
3,104,884.7430683229815,537.3990683229814,3473.4400000000005,"[2.0, 2.0, 4.0, 0.0, 0.0, 4.0, 4.0, 2.0, 0.0, 0.0, 0.0, 2.0, 0.0, 4.0, 2.0, 2.0]"
3,105,874.0601685120173,551.2421685120172,3228.1800000000003,"[2.0, 4.0, 4.0, 2.0, 0.0, 0.0, 2.0, 4.0, 2.0, 2.0, 2.0, 0.0, 0.0, 0.0, 2.0, 4.0]"
3,106,744.7059804186362,551.7089804186361,1929.9700000000003,"[0.0, 0.0, 2.0, 0.0, 0.0, 0.0, 4.0, 2.0, 2.0, 4.0, 0.0, 2.0, 2.0, 0.0, 0.0, 0.0]"
3,107,833.194733576396,540.785733576396,2924.09,"[2.0, 0.0, 2.0, 0.0, 2.0, 2.0, 4.0, 2.0, 2.0, 2.0, 4.0, 2.0, 0.0, 2.0, 2.0, 0.0]"
3,108,890.6757027209508,535.2727027209506,3554.0300000000007,"[2.0, 2.0, 2.0, 4.0, 0.0, 0.0, 4.0, 4.0, 0.0, 2.0, 0.0, 2.0, 0.0, 4.0, 2.0, 2.0]"
3,109,868.2629029099993,531.9579029099992,3363.05,"[4.0, 0.0, 2.0, 0.0, 2.0, 0.0, 4.0, 2.0, 2.0, 2.0, 0.0, 2.0, 2.0, 4.0, 0.0, 4.0]"
3,110,919.5862296266289,537.8092296266288,3817.7700000000004,"[2.0, 4.0, 2.0, 0.0, 0.0, 4.0, 4.0, 4.0, 2.0, 2.0, 2.0, 0.0, 2.0, 4.0, 0.0, 2.0]"
3,111,963.4638800972185,548.8228800972184,4146.410000000001,"[4.0, 4.0, 2.0, 4.0, 2.0, 2.0, 2.0, 0.0, 4.0, 2.0, 4.0, 2.0, 2.0, 0.0, 2.0, 4.0]"
3,112,783.4844611748817,549.2574611748818,2342.27,"[2.0, 0.0, 0.0, 2.0, 0.0, 2.0, 2.0, 0.0, 4.0, 0.0, 4.0, 0.0, 2.0, 2.0, 4.0, 4.0]"
3,113,713.9740521339816,533.9910521339816,1799.83,"[2.0, 0.0, 2.0, 2.0, 0.0, 0.0, 0.0, 0.0, 2.0, 0.0, 0.0, 2.0, 4.0, 2.0, 0.0, 2.0]"
3,114,706.2224759589411,543.5944759589411,1626.2800000000002,"[2.0, 0.0, 2.0, 2.0, 0.0, 2.0, 0.0, 0.0, 2.0, 0.0, 0.0, 2.0, 0.0, 2.0, 0.0, 2.0]"
3,115,855.5255938154075,534.1555938154075,3213.7000000000003,"[0.0, 0.0, 2.0, 0.0, 2.0, 0.0, 4.0, 4.0, 4.0, 4.0, 4.0, 0.0, 4.0, 4.0, 2.0, 0.0]"
3,116,954.0967074471678,560.4027074471677,3936.9400000000005,"[2.0, 4.0, 0.0, 4.0, 4.0, 2.0, 4.0, 0.0, 2.0, 0.0, 4.0, 4.0, 0.0, 2.0, 2.0, 0.0]"
3,117,764.9071620526671,549.760162052667,2151.4700000000003,"[2.0, 0.0, 0.0, 0.0, 0.0, 0.0, 4.0, 2.0, 4.0, 0.0, 4.0, 2.0, 0.0, 4.0, 2.0, 2.0]"
3,118,819.3361338869761,553.947133886976,2653.8900000000003,"[0.0, 2.0, 2.0, 2.0, 0.0, 2.0, 0.0, 4.0, 2.0, 2.0, 4.0, 2.0, 2.0, 0.0, 2.0, 0.0]"
3,119,814.7026276416178,524.3646276416177,2903.3800000000006,"[0.0, 2.0, 2.0, 0.0, 0.0, 0.0, 4.0, 0.0, 2.0, 2.0, 2.0, 4.0, 4.0, 4.0, 2.0, 0.0]"
3,120,844.3694543244886,523.3614543244886,3210.0800000000004,"[2.0, 2.0, 2.0, 0.0, 0.0, 0.0, 4.0, 0.0, 4.0, 2.0, 2.0, 4.0, 4.0, 4.0, 2.0, 0.0]"
4,121,706.2289927066452,543.6009927066451,1626.2800000000002,"[2.0, 0.0, 2.0, 2.0, 0.0, 2.0, 0.0, 0.0, 2.0, 0.0, 0.0, 2.0, 0.0, 2.0, 0.0, 2.0]"
4,122,714.0308795245812,534.0478795245813,1799.83,"[2.0, 0.0, 2.0, 2.0, 0.0, 0.0, 0.0, 0.0, 2.0, 0.0, 0.0, 2.0, 4.0, 2.0, 0.0, 2.0]"
4,123,894.6364117210182,525.9824117210181,3686.5400000000004,"[0.0, 2.0, 2.0, 0.0, 4.0, 0.0, 4.0, 0.0, 2.0, 2.0, 4.0, 4.0, 4.0, 4.0, 2.0, 0.0]"
4,124,751.9312584239314,553.8972584239314,1980.3400000000001,"[4.0, 0.0, 2.0, 4.0, 0.0, 0.0, 2.0, 2.0, 2.0, 0.0, 0.0, 0.0, 0.0, 0.0, 2.0, 0.0]"
4,125,780.3440384875086,550.4530384875085,2298.9100000000003,"[0.0, 0.0, 0.0, 2.0, 0.0, 2.0, 0.0, 0.0, 2.0, 2.0, 0.0, 2.0, 2.0, 2.0, 4.0, 4.0]"
4,126,832.1756661940449,523.2036661940449,3089.7200000000003,"[0.0, 2.0, 2.0, 2.0, 0.0, 0.0, 4.0, 0.0, 2.0, 2.0, 2.0, 4.0, 4.0, 4.0, 2.0, 0.0]"
4,127,862.3399234352846,541.9939234352845,3203.4600000000005,"[4.0, 0.0, 2.0, 2.0, 4.0, 0.0, 4.0, 2.0, 2.0, 2.0, 0.0, 0.0, 0.0, 2.0, 2.0, 0.0]"
4,128,805.3919014921341,543.0689014921342,2623.2300000000005,"[2.0, 0.0, 2.0, 0.0, 2.0, 2.0, 2.0, 2.0, 2.0, 4.0, 4.0, 2.0, 0.0, 2.0, 0.0, 0.0]"
4,129,922.3450402403619,548.0640402403619,3742.81,"[2.0, 2.0, 2.0, 4.0, 0.0, 4.0, 4.0, 4.0, 0.0, 0.0, 0.0, 2.0, 2.0, 2.0, 0.0, 2.0]"
4,130,775.9715071906016,535.0085071906016,2409.6300000000006,"[4.0, 0.0, 2.0, 0.0, 0.0, 0.0, 4.0, 2.0, 2.0, 4.0, 0.0, 0.0, 2.0, 2.0, 0.0, 0.0]"
4,131,715.1733025391679,535.190302539168,1799.83,"[2.0, 0.0, 2.0, 2.0, 0.0, 0.0, 0.0, 0.0, 2.0, 0.0, 0.0, 2.0, 4.0, 2.0, 0.0, 2.0]"
4,132,783.1492322441266,532.1302322441264,2510.1900000000005,"[2.0, 2.0, 4.0, 2.0, 0.0, 0.0, 2.0, 2.0, 2.0, 0.0, 4.0, 0.0, 2.0, 2.0, 0.0, 4.0]"
4,133,801.9581619742083,543.8911619742083,2580.67,"[2.0, 2.0, 2.0, 0.0, 0.0, 2.0, 0.0, 4.0, 2.0, 2.0, 0.0, 0.0, 0.0, 2.0, 2.0, 2.0]"
4,134,847.724356019175,540.057356019175,3076.67,"[4.0, 0.0, 2.0, 2.0, 2.0, 0.0, 2.0, 4.0, 2.0, 0.0, 0.0, 2.0, 2.0, 4.0, 0.0, 0.0]"
4,135,774.5659115462526,568.8509115462525,2057.15,"[2.0, 0.0, 0.0, 0.0, 0.0, 0.0, 4.0, 2.0, 4.0, 0.0, 4.0, 2.0, 2.0, 0.0, 2.0, 2.0]"
4,136,756.1091033691175,528.4791033691175,2276.3,"[0.0, 2.0, 4.0, 0.0, 0.0, 0.0, 2.0, 2.0, 2.0, 2.0, 4.0, 0.0, 0.0, 4.0, 2.0, 2.0]"
4,137,798.6151122814124,547.5671122814124,2510.4800000000005,"[0.0, 0.0, 2.0, 2.0, 0.0, 2.0, 0.0, 4.0, 2.0, 4.0, 4.0, 2.0, 0.0, 2.0, 0.0, 4.0]"
4,138,740.6111823215613,547.2001823215612,1934.1100000000004,"[4.0, 0.0, 0.0, 0.0, 0.0, 0.0, 2.0, 0.0, 2.0, 0.0, 0.0, 2.0, 4.0, 2.0, 0.0, 2.0]"
4,139,868.261518803592,531.956518803592,3363.05,"[4.0, 0.0, 2.0, 0.0, 2.0, 0.0, 4.0, 2.0, 2.0, 2.0, 0.0, 2.0, 2.0, 4.0, 0.0, 4.0]"
4,140,767.9617788130444,533.8157788130443,2341.4600000000005,"[2.0, 0.0, 2.0, 2.0, 0.0, 2.0, 2.0, 0.0, 2.0, 0.0, 0.0, 2.0, 4.0, 2.0, 0.0, 2.0]"
4,141,778.4116054550365,546.4366054550364,2319.75,"[2.0, 4.0, 4.0, 0.0, 0.0, 0.0, 0.0, 0.0, 2.0, 0.0, 0.0, 2.0, 4.0, 0.0, 0.0, 2.0]"
4,142,763.6664359597596,532.0134359597596,2316.53,"[0.0, 0.0, 2.0, 4.0, 0.0, 0.0, 2.0, 0.0, 2.0, 0.0, 0.0, 4.0, 4.0, 2.0, 2.0, 0.0]"
4,143,662.5219016747703,553.8569016747704,1086.65,"[2.0, 0.0, 0.0, 0.0, 0.0, 0.0, 0.0, 0.0, 0.0, 0.0, 2.0, 2.0, 0.0, 4.0, 0.0, 2.0]"
4,144,755.517868332208,531.9448683322079,2235.7300000000005,"[0.0, 0.0, 2.0, 2.0, 2.0, 0.0, 2.0, 0.0, 2.0, 0.0, 0.0, 2.0, 4.0, 2.0, 2.0, 0.0]"
4,145,763.3956393896428,540.2306393896428,2231.65,"[0.0, 0.0, 2.0, 4.0, 0.0, 0.0, 2.0, 2.0, 4.0, 0.0, 0.0, 2.0, 4.0, 2.0, 0.0, 2.0]"
4,146,793.4926465028356,541.5276465028355,2519.65,"[2.0, 4.0, 4.0, 4.0, 0.0, 0.0, 0.0, 0.0, 4.0, 0.0, 0.0, 0.0, 4.0, 0.0, 2.0, 0.0]"
4,147,738.6360203254778,533.2110203254778,2054.25,"[0.0, 2.0, 2.0, 4.0, 0.0, 0.0, 0.0, 0.0, 0.0, 0.0, 4.0, 2.0, 2.0, 4.0, 2.0, 0.0]"
4,148,844.7249247181148,539.9649247181148,3047.6000000000004,"[0.0, 0.0, 2.0, 2.0, 2.0, 2.0, 2.0, 4.0, 2.0, 2.0, 2.0, 2.0, 0.0, 4.0, 2.0, 0.0]"
4,149,772.8781442073994,529.2721442073994,2436.0600000000004,"[0.0, 0.0, 4.0, 4.0, 0.0, 0.0, 0.0, 0.0, 0.0, 0.0, 0.0, 4.0, 4.0, 2.0, 2.0, 2.0]"
4,150,766.1432187711007,550.9962187711006,2151.4700000000003,"[2.0, 0.0, 0.0, 0.0, 0.0, 0.0, 4.0, 2.0, 4.0, 0.0, 4.0, 2.0, 0.0, 4.0, 2.0, 2.0]"
4,151,786.9327265545879,538.0497265545879,2488.8300000000004,"[2.0, 0.0, 2.0, 2.0, 2.0, 0.0, 2.0, 2.0, 0.0, 4.0, 2.0, 0.0, 0.0, 2.0, 2.0, 0.0]"
4,152,837.9362490041187,546.7922490041186,2911.4400000000005,"[4.0, 0.0, 2.0, 0.0, 2.0, 2.0, 4.0, 4.0, 2.0, 0.0, 0.0, 0.0, 0.0, 4.0, 0.0, 0.0]"
4,153,746.4094166103985,535.3934166103984,2110.1600000000003,"[2.0, 0.0, 2.0, 2.0, 0.0, 2.0, 0.0, 0.0, 2.0, 0.0, 0.0, 2.0, 4.0, 2.0, 0.0, 2.0]"
4,154,821.5360419282965,524.7890419282966,2967.4700000000003,"[2.0, 2.0, 2.0, 0.0, 0.0, 0.0, 4.0, 0.0, 4.0, 2.0, 0.0, 4.0, 2.0, 4.0, 2.0, 0.0]"
4,155,681.1235748244193,531.4615748244192,1496.6200000000001,"[0.0, 0.0, 2.0, 2.0, 0.0, 0.0, 0.0, 0.0, 2.0, 0.0, 0.0, 0.0, 4.0, 2.0, 2.0, 2.0]"
4,156,777.3466789089928,530.6126789089927,2467.34,"[2.0, 0.0, 4.0, 4.0, 0.0, 0.0, 0.0, 0.0, 2.0, 0.0, 0.0, 4.0, 4.0, 2.0, 0.0, 2.0]"
4,157,804.8644207008305,568.2794207008304,2365.85,"[4.0, 0.0, 0.0, 4.0, 2.0, 2.0, 0.0, 2.0, 2.0, 2.0, 0.0, 0.0, 0.0, 2.0, 0.0, 0.0]"
4,158,848.841115522247,547.099115522247,3017.42,"[2.0, 4.0, 2.0, 2.0, 0.0, 0.0, 2.0, 2.0, 2.0, 4.0, 4.0, 0.0, 2.0, 0.0, 2.0, 2.0]"
4,159,803.6805120172834,546.2935120172833,2573.8700000000003,"[0.0, 2.0, 4.0, 0.0, 2.0, 0.0, 2.0, 2.0, 2.0, 2.0, 4.0, 0.0, 2.0, 0.0, 2.0, 2.0]"
4,160,812.9174953750592,542.4334953750591,2704.84,"[0.0, 0.0, 2.0, 4.0, 2.0, 0.0, 2.0, 4.0, 0.0, 0.0, 2.0, 2.0, 0.0, 4.0, 2.0, 0.0]"
5,161,662.6075648298217,553.9425648298217,1086.65,"[2.0, 0.0, 0.0, 0.0, 0.0, 0.0, 0.0, 0.0, 0.0, 0.0, 2.0, 2.0, 0.0, 4.0, 0.0, 2.0]"
5,162,680.9085896812534,531.2465896812533,1496.6200000000001,"[0.0, 0.0, 2.0, 2.0, 0.0, 0.0, 0.0, 0.0, 2.0, 0.0, 0.0, 0.0, 4.0, 2.0, 2.0, 2.0]"
5,163,682.6541909778498,558.6841909778498,1239.7,"[2.0, 0.0, 0.0, 0.0, 0.0, 2.0, 0.0, 0.0, 2.0, 0.0, 2.0, 2.0, 0.0, 2.0, 0.0, 2.0]"
5,164,684.9500259319288,537.6270259319288,1473.2300000000002,"[2.0, 0.0, 2.0, 2.0, 0.0, 0.0, 0.0, 0.0, 0.0, 0.0, 0.0, 2.0, 0.0, 4.0, 0.0, 2.0]"
5,165,714.3833719611021,543.5993719611021,1707.8400000000001,"[2.0, 0.0, 2.0, 2.0, 2.0, 0.0, 0.0, 0.0, 2.0, 0.0, 0.0, 2.0, 0.0, 2.0, 0.0, 2.0]"
5,166,713.8854513776337,533.9024513776337,1799.83,"[2.0, 0.0, 2.0, 2.0, 0.0, 0.0, 0.0, 0.0, 2.0, 0.0, 0.0, 2.0, 4.0, 2.0, 0.0, 2.0]"
5,167,729.9771381592275,536.4061381592275,1935.7100000000003,"[0.0, 0.0, 2.0, 2.0, 0.0, 0.0, 4.0, 0.0, 2.0, 0.0, 0.0, 2.0, 0.0, 2.0, 2.0, 4.0]"
5,168,713.3151231766614,532.6971231766613,1806.18,"[4.0, 0.0, 2.0, 2.0, 0.0, 0.0, 0.0, 0.0, 2.0, 0.0, 0.0, 0.0, 4.0, 2.0, 0.0, 2.0]"
5,169,724.3616879600243,533.2686879600243,1910.93,"[0.0, 4.0, 4.0, 0.0, 0.0, 0.0, 0.0, 0.0, 2.0, 0.0, 0.0, 0.0, 4.0, 2.0, 0.0, 2.0]"
5,170,711.2794200432198,548.2854200432198,1629.9400000000003,"[2.0, 0.0, 2.0, 2.0, 0.0, 0.0, 0.0, 0.0, 2.0, 0.0, 0.0, 2.0, 4.0, 0.0, 0.0, 2.0]"
5,171,701.3981990815776,536.2941990815775,1651.0400000000002,"[0.0, 0.0, 2.0, 4.0, 0.0, 0.0, 2.0, 0.0, 4.0, 0.0, 0.0, 0.0, 4.0, 2.0, 0.0, 2.0]"
5,172,818.334102761461,557.5981027614611,2607.3600000000006,"[2.0, 0.0, 2.0, 2.0, 2.0, 0.0, 0.0, 2.0, 2.0, 0.0, 0.0, 4.0, 4.0, 0.0, 0.0, 2.0]"
5,173,662.6171204754187,553.9521204754187,1086.65,"[2.0, 0.0, 0.0, 0.0, 0.0, 0.0, 0.0, 0.0, 0.0, 0.0, 2.0, 2.0, 0.0, 4.0, 0.0, 2.0]"
5,174,680.8932938951918,531.2312938951918,1496.6200000000001,"[0.0, 0.0, 2.0, 2.0, 0.0, 0.0, 0.0, 0.0, 2.0, 0.0, 0.0, 0.0, 4.0, 2.0, 2.0, 2.0]"
5,175,723.4757826321832,530.9907826321831,1924.8500000000001,"[4.0, 0.0, 2.0, 0.0, 0.0, 0.0, 4.0, 0.0, 2.0, 0.0, 0.0, 0.0, 4.0, 2.0, 0.0, 0.0]"
5,176,791.6738940652218,550.0788940652218,2415.9500000000003,"[4.0, 0.0, 0.0, 0.0, 0.0, 0.0, 2.0, 2.0, 2.0, 4.0, 0.0, 2.0, 2.0, 2.0, 0.0, 2.0]"
5,177,771.5792986767487,527.9732986767486,2436.0600000000004,"[0.0, 0.0, 4.0, 4.0, 0.0, 0.0, 0.0, 0.0, 0.0, 0.0, 0.0, 4.0, 4.0, 2.0, 2.0, 2.0]"
5,178,772.8921193626791,529.286119362679,2436.0600000000004,"[0.0, 0.0, 4.0, 4.0, 0.0, 0.0, 0.0, 0.0, 0.0, 0.0, 0.0, 4.0, 4.0, 2.0, 2.0, 2.0]"
5,179,827.3863852542031,538.054385254203,2893.32,"[2.0, 0.0, 2.0, 2.0, 4.0, 2.0, 0.0, 0.0, 2.0, 0.0, 0.0, 2.0, 4.0, 2.0, 0.0, 2.0]"
5,180,712.0808535926526,543.9208535926525,1681.6000000000001,"[2.0, 2.0, 2.0, 2.0, 0.0, 2.0, 0.0, 0.0, 2.0, 0.0, 0.0, 0.0, 0.0, 2.0, 0.0, 2.0]"
5,181,830.7235028019716,532.9235028019715,2978.0,"[0.0, 0.0, 2.0, 0.0, 2.0, 0.0, 2.0, 4.0, 2.0, 0.0, 2.0, 2.0, 4.0, 4.0, 2.0, 2.0]"
5,182,707.1802493246894,553.3762493246894,1538.0400000000002,"[2.0, 0.0, 0.0, 4.0, 0.0, 0.0, 2.0, 0.0, 0.0, 0.0, 2.0, 2.0, 0.0, 4.0, 0.0, 0.0]"
5,183,797.3683104449397,530.4823104449396,2668.8600000000006,"[0.0, 4.0, 2.0, 2.0, 0.0, 0.0, 2.0, 0.0, 2.0, 4.0, 0.0, 2.0, 4.0, 2.0, 0.0, 0.0]"
5,184,780.1196351360476,532.5636351360475,2475.5600000000004,"[2.0, 0.0, 2.0, 2.0, 2.0, 0.0, 0.0, 0.0, 4.0, 0.0, 0.0, 2.0, 4.0, 2.0, 2.0, 2.0]"
5,185,797.6561955171483,540.4171955171482,2572.3900000000003,"[0.0, 2.0, 4.0, 4.0, 0.0, 0.0, 0.0, 4.0, 2.0, 0.0, 4.0, 2.0, 2.0, 2.0, 0.0, 2.0]"
5,186,703.6897125877904,531.8317125877904,1718.58,"[0.0, 0.0, 2.0, 4.0, 0.0, 0.0, 0.0, 0.0, 0.0, 0.0, 0.0, 2.0, 2.0, 4.0, 2.0, 0.0]"
5,187,746.0255685347738,534.6685685347738,2113.57,"[2.0, 0.0, 2.0, 0.0, 0.0, 0.0, 2.0, 2.0, 4.0, 0.0, 4.0, 2.0, 0.0, 4.0, 2.0, 2.0]"
5,188,775.3394672834088,573.1204672834087,2022.1900000000003,"[4.0, 0.0, 0.0, 4.0, 0.0, 0.0, 4.0, 2.0, 2.0, 0.0, 0.0, 0.0, 0.0, 0.0, 2.0, 0.0]"
5,189,667.6740615883307,536.1610615883307,1315.13,"[0.0, 0.0, 2.0, 0.0, 0.0, 0.0, 0.0, 0.0, 2.0, 0.0, 2.0, 2.0, 4.0, 2.0, 0.0, 2.0]"
5,190,827.4349885220445,551.4699885220444,2759.65,"[2.0, 0.0, 0.0, 4.0, 0.0, 2.0, 0.0, 0.0, 0.0, 4.0, 2.0, 4.0, 0.0, 4.0, 2.0, 2.0]"
5,191,893.2198182431977,537.8718182431976,3553.4800000000005,"[4.0, 0.0, 2.0, 2.0, 2.0, 0.0, 4.0, 2.0, 2.0, 4.0, 0.0, 4.0, 2.0, 2.0, 0.0, 0.0]"
5,192,764.1371248396463,527.4411248396462,2366.9600000000005,"[0.0, 0.0, 2.0, 0.0, 0.0, 0.0, 2.0, 0.0, 2.0, 4.0, 0.0, 4.0, 4.0, 2.0, 2.0, 0.0]"
5,193,852.9569661062724,537.0819661062724,3158.75,"[2.0, 0.0, 2.0, 2.0, 4.0, 0.0, 0.0, 2.0, 2.0, 0.0, 0.0, 2.0, 4.0, 2.0, 2.0, 2.0]"
5,194,778.763775774762,550.410775774762,2283.53,"[4.0, 0.0, 0.0, 4.0, 0.0, 0.0, 0.0, 0.0, 0.0, 2.0, 0.0, 2.0, 4.0, 2.0, 0.0, 2.0]"
5,195,691.2033144246353,553.8683144246353,1373.3500000000001,"[4.0, 0.0, 0.0, 0.0, 0.0, 0.0, 0.0, 0.0, 0.0, 0.0, 2.0, 2.0, 0.0, 4.0, 0.0, 2.0]"
5,196,764.0432214719784,543.1122214719784,2209.3100000000004,"[2.0, 0.0, 2.0, 0.0, 0.0, 4.0, 0.0, 2.0, 2.0, 0.0, 2.0, 2.0, 0.0, 4.0, 0.0, 2.0]"
5,197,752.4926157169862,531.7406157169862,2207.52,"[0.0, 4.0, 4.0, 0.0, 0.0, 0.0, 4.0, 0.0, 0.0, 0.0, 0.0, 0.0, 4.0, 2.0, 0.0, 0.0]"
5,198,831.6773296873946,530.0473296873945,3016.3,"[4.0, 0.0, 2.0, 4.0, 0.0, 0.0, 0.0, 0.0, 2.0, 4.0, 0.0, 4.0, 2.0, 2.0, 2.0, 2.0]"
5,199,813.3958730673148,556.5798730673148,2568.1600000000003,"[4.0, 0.0, 2.0, 4.0, 0.0, 2.0, 2.0, 2.0, 2.0, 0.0, 0.0, 2.0, 0.0, 0.0, 2.0, 0.0]"
5,200,751.420340310601,531.266340310601,2201.5400000000004,"[2.0, 0.0, 2.0, 4.0, 0.0, 0.0, 0.0, 0.0, 2.0, 2.0, 0.0, 2.0, 4.0, 2.0, 0.0, 2.0]"
6,201,662.5250756347921,553.860075634792,1086.65,"[2.0, 0.0, 0.0, 0.0, 0.0, 0.0, 0.0, 0.0, 0.0, 0.0, 2.0, 2.0, 0.0, 4.0, 0.0, 2.0]"
6,202,662.6411952998378,553.9761952998379,1086.65,"[2.0, 0.0, 0.0, 0.0, 0.0, 0.0, 0.0, 0.0, 0.0, 0.0, 2.0, 2.0, 0.0, 4.0, 0.0, 2.0]"
6,203,735.747697460832,557.309697460832,1784.38,"[2.0, 0.0, 0.0, 0.0, 0.0, 4.0, 0.0, 0.0, 2.0, 0.0, 0.0, 2.0, 2.0, 2.0, 0.0, 2.0]"
6,204,812.8882241577206,553.8802241577206,2590.0800000000004,"[2.0, 0.0, 2.0, 2.0, 4.0, 0.0, 0.0, 0.0, 2.0, 0.0, 2.0, 2.0, 4.0, 0.0, 0.0, 4.0]"
6,205,780.2600037809736,532.7040037809736,2475.5600000000004,"[2.0, 0.0, 2.0, 2.0, 2.0, 0.0, 0.0, 0.0, 4.0, 0.0, 0.0, 2.0, 4.0, 2.0, 2.0, 2.0]"
6,206,699.0607779578606,532.5607779578606,1665.0,"[0.0, 2.0, 2.0, 2.0, 0.0, 0.0, 0.0, 0.0, 2.0, 0.0, 0.0, 0.0, 4.0, 2.0, 2.0, 0.0]"
6,207,734.407359265262,536.960359265262,1974.4700000000003,"[0.0, 0.0, 2.0, 4.0, 2.0, 0.0, 0.0, 0.0, 4.0, 0.0, 0.0, 0.0, 4.0, 4.0, 0.0, 2.0]"
6,208,647.9954416531605,540.4954416531605,1075.0,"[2.0, 0.0, 2.0, 0.0, 0.0, 0.0, 2.0, 0.0, 0.0, 0.0, 0.0, 0.0, 0.0, 2.0, 0.0, 2.0]"
6,209,736.1517523127828,541.9517523127828,1942.0,"[2.0, 0.0, 2.0, 2.0, 2.0, 0.0, 2.0, 0.0, 2.0, 0.0, 0.0, 2.0, 0.0, 2.0, 0.0, 2.0]"
6,210,733.177051593733,536.0170515937331,1971.6000000000001,"[2.0, 0.0, 2.0, 2.0, 2.0, 0.0, 0.0, 0.0, 2.0, 0.0, 0.0, 0.0, 0.0, 2.0, 4.0, 2.0]"
6,211,720.4220613182065,533.6740613182064,1867.48,"[0.0, 0.0, 2.0, 0.0, 0.0, 0.0, 0.0, 0.0, 0.0, 0.0, 0.0, 4.0, 4.0, 2.0, 2.0, 2.0]"
6,212,771.7422714382175,561.1082714382175,2106.34,"[0.0, 0.0, 0.0, 4.0, 0.0, 4.0, 0.0, 0.0, 2.0, 0.0, 2.0, 2.0, 4.0, 2.0, 0.0, 2.0]"
6,213,711.6617828200973,534.8267828200973,1768.3500000000001,"[4.0, 0.0, 2.0, 2.0, 0.0, 0.0, 0.0, 0.0, 2.0, 0.0, 0.0, 2.0, 0.0, 4.0, 0.0, 2.0]"
6,214,795.7224942606347,580.8284942606347,2148.94,"[2.0, 0.0, 0.0, 0.0, 0.0, 4.0, 0.0, 2.0, 0.0, 0.0, 2.0, 2.0, 4.0, 0.0, 0.0, 2.0]"
6,215,816.8277488353251,532.0197488353251,2848.0800000000004,"[0.0, 0.0, 2.0, 2.0, 0.0, 0.0, 2.0, 2.0, 0.0, 4.0, 0.0, 4.0, 4.0, 2.0, 2.0, 0.0]"
6,216,666.3995813074014,555.0245813074014,1113.75,"[2.0, 0.0, 0.0, 2.0, 0.0, 0.0, 0.0, 0.0, 0.0, 0.0, 2.0, 2.0, 0.0, 4.0, 0.0, 0.0]"
6,217,770.6928808318141,535.1148808318142,2355.78,"[4.0, 0.0, 2.0, 0.0, 0.0, 0.0, 0.0, 0.0, 2.0, 0.0, 0.0, 4.0, 4.0, 2.0, 0.0, 4.0]"
6,218,676.5636142625608,549.4386142625608,1271.25,"[2.0, 0.0, 2.0, 0.0, 0.0, 0.0, 0.0, 0.0, 2.0, 0.0, 0.0, 2.0, 4.0, 0.0, 0.0, 0.0]"
6,219,788.8357051039698,538.6387051039698,2501.9700000000003,"[2.0, 0.0, 4.0, 4.0, 0.0, 0.0, 0.0, 0.0, 2.0, 2.0, 2.0, 2.0, 4.0, 0.0, 2.0, 2.0]"
6,220,691.3090005402485,553.9740005402484,1373.3500000000001,"[4.0, 0.0, 0.0, 0.0, 0.0, 0.0, 0.0, 0.0, 0.0, 0.0, 0.0, 2.0, 0.0, 4.0, 0.0, 2.0]"
6,221,650.1089457013575,557.1719457013575,929.3700000000001,"[2.0, 0.0, 0.0, 0.0, 0.0, 0.0, 0.0, 0.0, 2.0, 0.0, 2.0, 2.0, 0.0, 2.0, 0.0, 2.0]"
6,222,730.5545842787682,554.2565842787682,1762.98,"[2.0, 4.0, 0.0, 0.0, 0.0, 0.0, 0.0, 0.0, 0.0, 0.0, 2.0, 2.0, 0.0, 4.0, 0.0, 2.0]"
6,223,796.6981071500911,536.6831071500911,2600.15,"[2.0, 4.0, 2.0, 0.0, 0.0, 2.0, 0.0, 0.0, 2.0, 0.0, 2.0, 2.0, 4.0, 2.0, 0.0, 2.0]"
6,224,624.0088014184397,560.9078014184397,631.0100000000001,"[0.0, 0.0, 0.0, 0.0, 0.0, 0.0, 0.0, 0.0, 2.0, 0.0, 2.0, 2.0, 0.0, 2.0, 0.0, 2.0]"
6,225,726.0747287952458,551.9267287952458,1741.48,"[2.0, 0.0, 2.0, 2.0, 2.0, 0.0, 0.0, 0.0, 2.0, 0.0, 0.0, 0.0, 4.0, 0.0, 0.0, 2.0]"
6,226,712.139441112912,531.5214411129119,1806.18,"[4.0, 0.0, 2.0, 2.0, 0.0, 0.0, 0.0, 0.0, 2.0, 0.0, 0.0, 0.0, 4.0, 2.0, 0.0, 2.0]"
6,227,808.0886578218892,541.2876578218892,2668.01,"[2.0, 4.0, 2.0, 2.0, 2.0, 0.0, 0.0, 0.0, 4.0, 0.0, 0.0, 2.0, 0.0, 2.0, 2.0, 2.0]"
6,228,638.1488394002837,538.4538394002836,996.95,"[0.0, 0.0, 2.0, 0.0, 0.0, 0.0, 0.0, 0.0, 2.0, 0.0, 4.0, 2.0, 0.0, 4.0, 0.0, 2.0]"
6,229,697.7790640194489,543.6690640194489,1541.1000000000001,"[2.0, 0.0, 0.0, 0.0, 0.0, 0.0, 2.0, 0.0, 4.0, 0.0, 0.0, 0.0, 4.0, 4.0, 0.0, 2.0]"
6,230,664.4225737439222,544.7635737439222,1196.5900000000001,"[0.0, 0.0, 2.0, 4.0, 0.0, 0.0, 0.0, 0.0, 0.0, 0.0, 2.0, 2.0, 0.0, 2.0, 0.0, 2.0]"
6,231,817.647768415367,543.1297684153669,2745.1800000000003,"[2.0, 4.0, 2.0, 2.0, 0.0, 0.0, 0.0, 4.0, 0.0, 0.0, 2.0, 2.0, 0.0, 4.0, 0.0, 2.0]"
6,232,742.5876474441218,543.1686474441218,1994.1900000000003,"[4.0, 0.0, 0.0, 0.0, 0.0, 0.0, 0.0, 0.0, 0.0, 2.0, 4.0, 2.0, 2.0, 4.0, 0.0, 4.0]"
6,233,725.281525121556,564.353525121556,1609.2800000000002,"[0.0, 0.0, 0.0, 0.0, 4.0, 0.0, 0.0, 0.0, 0.0, 0.0, 2.0, 0.0, 4.0, 2.0, 0.0, 2.0]"
6,234,759.2511323430115,534.9841323430114,2242.67,"[2.0, 2.0, 2.0, 2.0, 0.0, 2.0, 0.0, 0.0, 2.0, 0.0, 4.0, 2.0, 0.0, 4.0, 2.0, 0.0]"
6,235,750.6986485683415,560.2876485683414,1904.1100000000004,"[4.0, 0.0, 0.0, 4.0, 0.0, 2.0, 0.0, 0.0, 2.0, 0.0, 4.0, 2.0, 0.0, 2.0, 0.0, 2.0]"
6,236,730.8065140464614,550.1365140464613,1806.7,"[2.0, 0.0, 0.0, 2.0, 0.0, 0.0, 0.0, 0.0, 0.0, 2.0, 4.0, 2.0, 4.0, 2.0, 0.0, 2.0]"
6,237,695.3367171799027,531.4857171799027,1638.5100000000002,"[0.0, 0.0, 2.0, 0.0, 0.0, 0.0, 0.0, 0.0, 2.0, 0.0, 0.0, 4.0, 2.0, 4.0, 2.0, 0.0]"
6,238,783.6706017149415,532.1086017149415,2515.6200000000003,"[0.0, 2.0, 2.0, 4.0, 0.0, 0.0, 2.0, 0.0, 2.0, 4.0, 0.0, 2.0, 4.0, 2.0, 0.0, 0.0]"
6,239,671.2685210696922,539.6735210696921,1315.95,"[2.0, 0.0, 2.0, 2.0, 0.0, 0.0, 0.0, 0.0, 2.0, 0.0, 0.0, 2.0, 0.0, 2.0, 0.0, 2.0]"
6,240,687.6961804430038,546.6911804430038,1410.0500000000002,"[2.0, 0.0, 0.0, 0.0, 0.0, 0.0, 0.0, 0.0, 0.0, 0.0, 0.0, 2.0, 4.0, 4.0, 0.0, 0.0]"
7,241,624.0447352245864,560.9437352245864,631.0100000000001,"[0.0, 0.0, 0.0, 0.0, 0.0, 0.0, 0.0, 0.0, 2.0, 0.0, 2.0, 2.0, 0.0, 2.0, 0.0, 2.0]"
7,242,636.8232501519552,537.1282501519552,996.95,"[0.0, 0.0, 2.0, 0.0, 0.0, 0.0, 0.0, 0.0, 2.0, 0.0, 4.0, 2.0, 0.0, 4.0, 0.0, 2.0]"
7,243,662.4934035656402,553.8284035656402,1086.65,"[2.0, 0.0, 0.0, 0.0, 0.0, 0.0, 0.0, 0.0, 0.0, 0.0, 2.0, 2.0, 0.0, 4.0, 0.0, 2.0]"
7,244,740.0810490242421,543.8860490242421,1961.95,"[2.0, 2.0, 2.0, 2.0, 0.0, 2.0, 0.0, 0.0, 2.0, 0.0, 0.0, 2.0, 0.0, 2.0, 0.0, 2.0]"
7,245,685.761066180443,562.315066180443,1234.46,"[0.0, 0.0, 0.0, 4.0, 0.0, 0.0, 2.0, 0.0, 0.0, 0.0, 0.0, 2.0, 0.0, 2.0, 0.0, 2.0]"
7,246,693.7872279848731,546.6532279848731,1471.3400000000001,"[2.0, 0.0, 2.0, 0.0, 0.0, 4.0, 0.0, 0.0, 4.0, 0.0, 2.0, 0.0, 0.0, 2.0, 0.0, 2.0]"
7,247,785.9296259536832,538.1396259536831,2477.9,"[2.0, 0.0, 2.0, 2.0, 0.0, 2.0, 4.0, 0.0, 0.0, 0.0, 0.0, 4.0, 0.0, 2.0, 2.0, 0.0]"
7,248,721.9989408427878,528.8469408427877,1931.5200000000002,"[0.0, 2.0, 2.0, 0.0, 0.0, 0.0, 0.0, 0.0, 2.0, 0.0, 4.0, 2.0, 4.0, 4.0, 2.0, 0.0]"
7,249,714.9069251755808,534.4759251755808,1804.3100000000004,"[2.0, 0.0, 2.0, 2.0, 2.0, 0.0, 0.0, 0.0, 2.0, 0.0, 0.0, 0.0, 0.0, 2.0, 4.0, 0.0]"
7,250,642.1099752144256,553.0809752144256,890.29,"[2.0, 0.0, 0.0, 0.0, 0.0, 0.0, 0.0, 0.0, 2.0, 0.0, 2.0, 0.0, 2.0, 2.0, 0.0, 2.0]"
7,251,733.2043987034036,531.9373987034036,2012.67,"[0.0, 0.0, 2.0, 2.0, 0.0, 0.0, 0.0, 0.0, 2.0, 0.0, 0.0, 4.0, 0.0, 4.0, 4.0, 2.0]"
7,252,663.1608233387358,543.5018233387358,1196.5900000000001,"[0.0, 0.0, 2.0, 4.0, 0.0, 0.0, 0.0, 0.0, 0.0, 0.0, 2.0, 2.0, 0.0, 2.0, 0.0, 2.0]"
7,253,624.8274208037825,576.9144208037825,479.13000000000005,"[2.0, 0.0, 0.0, 0.0, 0.0, 0.0, 0.0, 0.0, 2.0, 0.0, 2.0, 0.0, 0.0, 0.0, 0.0, 2.0]"
7,254,634.5696559502904,554.8986559502904,796.71,"[0.0, 0.0, 0.0, 0.0, 0.0, 0.0, 0.0, 0.0, 2.0, 0.0, 2.0, 2.0, 0.0, 4.0, 0.0, 2.0]"
7,255,695.5480850891411,552.030085089141,1435.1800000000003,"[2.0, 0.0, 2.0, 0.0, 0.0, 0.0, 0.0, 0.0, 0.0, 0.0, 2.0, 2.0, 4.0, 0.0, 0.0, 2.0]"
7,256,655.0068681793625,552.2188681793625,1027.88,"[4.0, 0.0, 2.0, 0.0, 0.0, 0.0, 2.0, 0.0, 2.0, 0.0, 2.0, 0.0, 0.0, 0.0, 0.0, 0.0]"
7,257,718.2151316766831,533.4501316766831,1847.65,"[2.0, 0.0, 2.0, 0.0, 0.0, 0.0, 2.0, 0.0, 2.0, 0.0, 0.0, 2.0, 4.0, 2.0, 0.0, 2.0]"
7,258,644.2005437293172,559.4075437293172,847.9300000000002,"[2.0, 0.0, 2.0, 0.0, 0.0, 0.0, 0.0, 0.0, 0.0, 0.0, 0.0, 0.0, 0.0, 0.0, 0.0, 4.0]"
7,259,709.9477522960563,546.0457522960562,1639.0200000000002,"[0.0, 0.0, 0.0, 0.0, 0.0, 0.0, 0.0, 0.0, 4.0, 2.0, 4.0, 2.0, 2.0, 2.0, 4.0, 2.0]"
7,260,695.5170062128578,573.2010062128578,1223.16,"[4.0, 0.0, 0.0, 0.0, 0.0, 0.0, 0.0, 0.0, 2.0, 0.0, 2.0, 2.0, 0.0, 0.0, 0.0, 4.0]"
7,261,810.7118114239418,558.2628114239417,2524.4900000000002,"[2.0, 4.0, 0.0, 2.0, 2.0, 0.0, 0.0, 0.0, 4.0, 0.0, 2.0, 2.0, 0.0, 4.0, 0.0, 4.0]"
7,262,791.26725978936,540.4462597893599,2508.2100000000005,"[2.0, 2.0, 4.0, 0.0, 0.0, 4.0, 2.0, 0.0, 2.0, 0.0, 0.0, 2.0, 0.0, 2.0, 0.0, 2.0]"
7,263,715.1073346839546,536.5183346839545,1785.8900000000003,"[4.0, 0.0, 2.0, 0.0, 0.0, 0.0, 2.0, 0.0, 0.0, 4.0, 0.0, 0.0, 0.0, 2.0, 0.0, 2.0]"
7,264,648.1975621285792,540.6975621285792,1075.0,"[2.0, 0.0, 2.0, 0.0, 0.0, 0.0, 2.0, 0.0, 0.0, 0.0, 0.0, 0.0, 0.0, 2.0, 0.0, 2.0]"
7,265,811.6157639592195,538.8357639592195,2727.8,"[0.0, 0.0, 2.0, 4.0, 2.0, 0.0, 0.0, 4.0, 4.0, 0.0, 0.0, 0.0, 4.0, 4.0, 0.0, 4.0]"
7,266,687.7555740140465,546.7505740140465,1410.0500000000002,"[2.0, 0.0, 0.0, 0.0, 0.0, 0.0, 0.0, 0.0, 0.0, 0.0, 0.0, 2.0, 4.0, 4.0, 0.0, 0.0]"
7,267,717.3579382132488,533.4349382132488,1839.23,"[2.0, 0.0, 2.0, 0.0, 0.0, 0.0, 2.0, 0.0, 0.0, 0.0, 0.0, 2.0, 4.0, 2.0, 0.0, 2.0]"
7,268,652.3976163976498,555.2396163976498,971.5800000000002,"[2.0, 0.0, 0.0, 0.0, 0.0, 0.0, 0.0, 0.0, 0.0, 0.0, 0.0, 0.0, 0.0, 4.0, 0.0, 4.0]"
7,269,727.5545615883306,531.7235615883305,1958.3100000000004,"[4.0, 0.0, 2.0, 0.0, 0.0, 2.0, 2.0, 0.0, 2.0, 0.0, 0.0, 0.0, 0.0, 4.0, 2.0, 0.0]"
7,270,749.2551046590141,534.3451046590142,2149.1,"[2.0, 2.0, 2.0, 0.0, 0.0, 0.0, 0.0, 0.0, 0.0, 0.0, 0.0, 4.0, 2.0, 4.0, 0.0, 2.0]"
7,271,794.2599404496658,562.6619404496657,2315.9800000000005,"[2.0, 0.0, 0.0, 4.0, 4.0, 0.0, 2.0, 0.0, 0.0, 0.0, 0.0, 2.0, 0.0, 2.0, 0.0, 2.0]"
7,272,638.2342485311002,540.2602485311002,979.74,"[0.0, 0.0, 2.0, 2.0, 0.0, 0.0, 2.0, 0.0, 4.0, 0.0, 0.0, 0.0, 0.0, 2.0, 0.0, 2.0]"
7,273,652.2585382537646,532.5815382537646,1196.7700000000002,"[0.0, 0.0, 4.0, 0.0, 0.0, 0.0, 0.0, 0.0, 2.0, 0.0, 4.0, 2.0, 0.0, 4.0, 0.0, 2.0]"
7,274,808.160095402066,533.317095402066,2748.4300000000003,"[0.0, 0.0, 2.0, 0.0, 2.0, 0.0, 4.0, 0.0, 4.0, 0.0, 0.0, 4.0, 4.0, 2.0, 2.0, 2.0]"
7,275,696.4499073473798,530.2089073473797,1662.4100000000003,"[0.0, 0.0, 2.0, 0.0, 0.0, 0.0, 0.0, 0.0, 2.0, 4.0, 4.0, 2.0, 2.0, 4.0, 0.0, 2.0]"
7,276,743.5858872383525,531.6068872383524,2119.7900000000004,"[2.0, 0.0, 2.0, 0.0, 0.0, 0.0, 0.0, 0.0, 2.0, 4.0, 0.0, 4.0, 0.0, 4.0, 2.0, 0.0]"
7,277,790.5487650236327,562.2077650236326,2283.4100000000003,"[2.0, 4.0, 0.0, 4.0, 0.0, 0.0, 0.0, 2.0, 0.0, 0.0, 2.0, 2.0, 0.0, 4.0, 0.0, 0.0]"
7,278,639.9909686634701,538.55196866347,1014.3900000000002,"[0.0, 0.0, 2.0, 2.0, 0.0, 0.0, 0.0, 0.0, 0.0, 0.0, 2.0, 2.0, 0.0, 4.0, 0.0, 0.0]"
7,279,693.1672250135061,531.2962250135062,1618.71,"[2.0, 0.0, 2.0, 0.0, 0.0, 0.0, 0.0, 0.0, 2.0, 0.0, 0.0, 2.0, 4.0, 4.0, 0.0, 0.0]"
7,280,696.5944016747703,566.9194016747704,1296.75,"[2.0, 0.0, 0.0, 0.0, 0.0, 0.0, 2.0, 0.0, 0.0, 0.0, 0.0, 2.0, 4.0, 0.0, 0.0, 0.0]"
8,281,623.9468966565349,560.8458966565349,631.0100000000001,"[0.0, 0.0, 0.0, 0.0, 0.0, 0.0, 0.0, 0.0, 2.0, 0.0, 2.0, 2.0, 0.0, 2.0, 0.0, 2.0]"
8,282,626.2153302938196,578.3023302938196,479.13000000000005,"[2.0, 0.0, 0.0, 0.0, 0.0, 0.0, 0.0, 0.0, 2.0, 0.0, 2.0, 0.0, 0.0, 0.0, 0.0, 2.0]"
8,283,677.2600972447326,535.8200972447326,1414.4,"[2.0, 0.0, 2.0, 0.0, 0.0, 0.0, 2.0, 0.0, 2.0, 0.0, 0.0, 0.0, 0.0, 4.0, 0.0, 4.0]"
8,284,774.0428950779826,553.7138950779826,2203.2900000000004,"[4.0, 0.0, 2.0, 0.0, 0.0, 0.0, 0.0, 2.0, 2.0, 0.0, 0.0, 2.0, 4.0, 0.0, 0.0, 4.0]"
8,285,769.6959009519951,549.8969009519951,2197.9900000000002,"[2.0, 0.0, 2.0, 0.0, 0.0, 2.0, 0.0, 0.0, 0.0, 0.0, 4.0, 2.0, 4.0, 0.0, 2.0, 4.0]"
8,286,672.5508263101026,536.9838263101026,1355.67,"[0.0, 2.0, 2.0, 0.0, 0.0, 0.0, 4.0, 0.0, 0.0, 0.0, 0.0, 0.0, 0.0, 4.0, 0.0, 0.0]"
8,287,641.5282971567502,554.3002971567502,872.2800000000002,"[0.0, 0.0, 0.0, 0.0, 0.0, 0.0, 0.0, 0.0, 2.0, 0.0, 2.0, 2.0, 2.0, 2.0, 0.0, 2.0]"
8,288,688.9098595353862,549.1348595353862,1397.75,"[0.0, 0.0, 0.0, 0.0, 0.0, 0.0, 0.0, 0.0, 4.0, 2.0, 4.0, 2.0, 0.0, 2.0, 4.0, 2.0]"
8,289,746.0286041596327,538.7176041596326,2073.11,"[2.0, 2.0, 2.0, 0.0, 0.0, 0.0, 0.0, 0.0, 0.0, 0.0, 0.0, 4.0, 0.0, 4.0, 0.0, 4.0]"
8,290,643.5692344161546,552.3472344161546,912.2200000000001,"[2.0, 0.0, 2.0, 0.0, 0.0, 0.0, 0.0, 0.0, 0.0, 0.0, 0.0, 0.0, 2.0, 0.0, 0.0, 2.0]"
8,291,675.9058806050784,540.3708806050784,1355.3500000000001,"[2.0, 0.0, 2.0, 0.0, 0.0, 0.0, 2.0, 0.0, 0.0, 0.0, 0.0, 2.0, 0.0, 2.0, 0.0, 2.0]"
8,292,618.795702803107,559.479702803107,593.1600000000001,"[0.0, 0.0, 0.0, 0.0, 0.0, 0.0, 2.0, 0.0, 4.0, 0.0, 4.0, 0.0, 0.0, 2.0, 0.0, 2.0]"
8,293,850.0844516237933,557.0014516237932,2930.8300000000004,"[2.0, 4.0, 2.0, 0.0, 4.0, 4.0, 0.0, 0.0, 4.0, 0.0, 2.0, 0.0, 0.0, 2.0, 0.0, 2.0]"
8,294,653.549341143899,533.872341143899,1196.7700000000002,"[0.0, 0.0, 4.0, 0.0, 0.0, 0.0, 0.0, 0.0, 2.0, 0.0, 4.0, 2.0, 0.0, 4.0, 0.0, 2.0]"
8,295,694.3163860075636,550.7983860075635,1435.1800000000003,"[2.0, 0.0, 2.0, 0.0, 0.0, 0.0, 0.0, 0.0, 0.0, 0.0, 2.0, 2.0, 4.0, 0.0, 0.0, 2.0]"
8,296,657.1625207995678,535.0615207995678,1221.01,"[0.0, 0.0, 2.0, 2.0, 0.0, 0.0, 2.0, 0.0, 4.0, 0.0, 0.0, 0.0, 2.0, 2.0, 0.0, 2.0]"
8,297,693.4731410048623,546.3391410048623,1471.3400000000001,"[2.0, 0.0, 2.0, 0.0, 0.0, 4.0, 0.0, 0.0, 4.0, 0.0, 0.0, 0.0, 0.0, 2.0, 0.0, 2.0]"
8,298,676.6687293354944,536.2757293354944,1403.9300000000003,"[0.0, 0.0, 2.0, 2.0, 0.0, 0.0, 2.0, 0.0, 4.0, 4.0, 0.0, 0.0, 0.0, 2.0, 0.0, 2.0]"
8,299,740.8259905456512,553.2049905456511,1876.2100000000003,"[0.0, 0.0, 0.0, 0.0, 0.0, 0.0, 0.0, 4.0, 2.0, 0.0, 4.0, 2.0, 4.0, 4.0, 0.0, 2.0]"
8,300,741.4713057806591,560.7843057806591,1806.8700000000001,"[4.0, 0.0, 2.0, 0.0, 2.0, 0.0, 0.0, 0.0, 0.0, 0.0, 4.0, 2.0, 0.0, 0.0, 0.0, 4.0]"
8,301,652.8017901668129,549.900790166813,1029.01,"[2.0, 0.0, 0.0, 0.0, 0.0, 0.0, 0.0, 0.0, 2.0, 2.0, 2.0, 0.0, 0.0, 4.0, 0.0, 2.0]"
8,302,694.2407512155592,550.7227512155591,1435.1800000000003,"[2.0, 0.0, 2.0, 0.0, 0.0, 0.0, 0.0, 0.0, 0.0, 0.0, 2.0, 2.0, 4.0, 0.0, 0.0, 2.0]"
8,303,720.494941112912,555.3339411129119,1651.6100000000004,"[2.0, 0.0, 0.0, 0.0, 0.0, 0.0, 0.0, 4.0, 2.0, 0.0, 0.0, 0.0, 2.0, 4.0, 0.0, 2.0]"
8,304,664.8412747653454,537.3592747653454,1274.8200000000002,"[2.0, 0.0, 4.0, 0.0, 0.0, 0.0, 2.0, 0.0, 0.0, 0.0, 2.0, 0.0, 0.0, 2.0, 0.0, 2.0]"
8,305,685.7701472177201,568.0401472177201,1177.3,"[2.0, 0.0, 0.0, 0.0, 0.0, 0.0, 0.0, 0.0, 2.0, 2.0, 2.0, 0.0, 4.0, 0.0, 0.0, 2.0]"
8,306,763.8363727211345,536.2583727211344,2275.78,"[4.0, 4.0, 2.0, 2.0, 0.0, 0.0, 0.0, 0.0, 0.0, 0.0, 2.0, 2.0, 0.0, 4.0, 0.0, 0.0]"
8,307,724.5070569248429,533.4730569248429,1910.3400000000001,"[2.0, 0.0, 2.0, 4.0, 0.0, 0.0, 0.0, 0.0, 2.0, 0.0, 2.0, 2.0, 2.0, 4.0, 0.0, 2.0]"
8,308,707.0126331712588,546.6536331712588,1603.5900000000001,"[0.0, 0.0, 0.0, 2.0, 0.0, 0.0, 0.0, 0.0, 0.0, 4.0, 2.0, 0.0, 4.0, 4.0, 0.0, 2.0]"
8,309,694.5927712047542,549.3857712047542,1452.0700000000002,"[4.0, 0.0, 2.0, 0.0, 0.0, 0.0, 2.0, 0.0, 2.0, 4.0, 2.0, 0.0, 0.0, 0.0, 0.0, 0.0]"
8,310,626.3242344995272,560.1882344995272,661.3600000000001,"[0.0, 0.0, 2.0, 0.0, 0.0, 0.0, 0.0, 0.0, 2.0, 0.0, 4.0, 2.0, 0.0, 0.0, 0.0, 2.0]"
8,311,657.1447601296597,535.0437601296597,1221.01,"[0.0, 0.0, 2.0, 2.0, 0.0, 0.0, 2.0, 0.0, 4.0, 0.0, 0.0, 0.0, 2.0, 2.0, 0.0, 2.0]"
8,312,686.9822979470556,563.5362979470556,1234.46,"[0.0, 0.0, 0.0, 4.0, 0.0, 0.0, 2.0, 0.0, 0.0, 0.0, 0.0, 2.0, 0.0, 2.0, 0.0, 2.0]"
8,313,734.3412569383484,557.8552569383482,1764.8600000000004,"[2.0, 0.0, 4.0, 0.0, 0.0, 4.0, 0.0, 0.0, 0.0, 0.0, 0.0, 2.0, 0.0, 0.0, 0.0, 2.0]"
8,314,666.2801290605795,558.9271290605794,1073.5300000000002,"[0.0, 0.0, 0.0, 0.0, 2.0, 0.0, 0.0, 0.0, 2.0, 0.0, 4.0, 0.0, 0.0, 4.0, 0.0, 4.0]"
8,315,658.8307020529444,537.7137020529443,1211.17,"[4.0, 0.0, 2.0, 0.0, 0.0, 0.0, 2.0, 0.0, 4.0, 0.0, 0.0, 0.0, 0.0, 2.0, 0.0, 0.0]"
8,316,666.5635686115613,550.6355686115613,1159.2800000000002,"[0.0, 0.0, 2.0, 0.0, 0.0, 0.0, 2.0, 0.0, 2.0, 0.0, 2.0, 0.0, 0.0, 0.0, 4.0, 2.0]"
8,317,698.0696048082118,541.3936048082118,1566.7600000000002,"[0.0, 0.0, 2.0, 2.0, 2.0, 0.0, 0.0, 0.0, 0.0, 0.0, 2.0, 2.0, 0.0, 4.0, 0.0, 2.0]"
8,318,637.4697049767034,533.8407049767034,1036.2900000000002,"[0.0, 0.0, 4.0, 0.0, 0.0, 0.0, 0.0, 0.0, 2.0, 0.0, 4.0, 2.0, 0.0, 4.0, 0.0, 0.0]"
8,319,767.4940078320167,529.2440078320167,2382.5,"[4.0, 0.0, 2.0, 0.0, 0.0, 2.0, 2.0, 0.0, 2.0, 4.0, 0.0, 0.0, 0.0, 4.0, 2.0, 0.0]"
8,320,742.5132389762982,542.0292389762982,2004.8400000000001,"[4.0, 2.0, 2.0, 0.0, 0.0, 2.0, 2.0, 0.0, 0.0, 0.0, 0.0, 0.0, 0.0, 2.0, 0.0, 2.0]"
9,321,618.6036730834178,559.2876730834178,593.1600000000001,"[0.0, 0.0, 0.0, 0.0, 0.0, 0.0, 2.0, 0.0, 4.0, 0.0, 4.0, 0.0, 0.0, 2.0, 0.0, 2.0]"
9,322,624.1536849037487,561.0526849037487,631.0100000000001,"[0.0, 0.0, 0.0, 0.0, 0.0, 0.0, 0.0, 0.0, 2.0, 0.0, 2.0, 2.0, 0.0, 2.0, 0.0, 2.0]"
9,323,715.3501072393301,558.33910723933,1570.1100000000001,"[4.0, 0.0, 0.0, 0.0, 2.0, 0.0, 2.0, 0.0, 4.0, 0.0, 4.0, 0.0, 0.0, 2.0, 0.0, 2.0]"
9,324,728.0351158833064,549.5481158833063,1784.8700000000001,"[0.0, 0.0, 2.0, 0.0, 0.0, 0.0, 2.0, 4.0, 2.0, 0.0, 0.0, 4.0, 0.0, 2.0, 0.0, 0.0]"
9,325,653.6974524581308,557.7254524581308,959.7200000000001,"[2.0, 0.0, 2.0, 0.0, 0.0, 0.0, 0.0, 0.0, 2.0, 0.0, 0.0, 2.0, 0.0, 0.0, 0.0, 2.0]"
9,326,597.3745683890577,579.2975683890577,180.77,"[0.0, 0.0, 0.0, 0.0, 0.0, 0.0, 0.0, 0.0, 2.0, 0.0, 2.0, 0.0, 0.0, 0.0, 0.0, 2.0]"
9,327,671.5420808967519,534.378080896752,1371.6400000000003,"[2.0, 0.0, 4.0, 0.0, 0.0, 0.0, 0.0, 0.0, 0.0, 0.0, 4.0, 0.0, 0.0, 4.0, 0.0, 4.0]"
9,328,687.2089178822259,559.7019178822259,1275.0700000000002,"[2.0, 0.0, 0.0, 0.0, 2.0, 0.0, 2.0, 0.0, 2.0, 0.0, 2.0, 0.0, 0.0, 2.0, 0.0, 2.0]"
9,329,708.3527806739146,528.5717806739145,1797.8100000000004,"[0.0, 0.0, 4.0, 0.0, 0.0, 0.0, 0.0, 0.0, 4.0, 2.0, 4.0, 2.0, 0.0, 2.0, 4.0, 2.0]"
9,330,619.4283360351234,555.8053360351233,636.23,"[0.0, 0.0, 0.0, 0.0, 0.0, 0.0, 0.0, 0.0, 2.0, 0.0, 4.0, 2.0, 0.0, 4.0, 0.0, 0.0]"
9,331,617.3777021276596,558.0617021276596,593.1600000000001,"[0.0, 0.0, 0.0, 0.0, 0.0, 0.0, 2.0, 0.0, 4.0, 0.0, 2.0, 0.0, 0.0, 2.0, 0.0, 2.0]"
9,332,717.0470491626148,570.1340491626148,1469.13,"[0.0, 0.0, 0.0, 0.0, 0.0, 0.0, 2.0, 4.0, 4.0, 0.0, 4.0, 2.0, 0.0, 2.0, 0.0, 2.0]"
9,333,726.7536243500574,533.1066243500574,1936.4700000000003,"[0.0, 0.0, 4.0, 2.0, 0.0, 4.0, 0.0, 0.0, 4.0, 2.0, 4.0, 0.0, 0.0, 4.0, 0.0, 2.0]"
9,334,688.8591582821258,538.8841582821258,1499.75,"[2.0, 0.0, 4.0, 0.0, 0.0, 0.0, 0.0, 0.0, 2.0, 0.0, 0.0, 2.0, 0.0, 2.0, 0.0, 4.0]"
9,335,738.3776745442269,537.4216745442269,2009.5600000000004,"[2.0, 0.0, 2.0, 0.0, 0.0, 0.0, 0.0, 4.0, 2.0, 0.0, 0.0, 0.0, 2.0, 4.0, 0.0, 4.0]"
9,336,728.7095707725554,549.9065707725554,1788.03,"[0.0, 2.0, 0.0, 0.0, 2.0, 0.0, 0.0, 0.0, 2.0, 0.0, 4.0, 0.0, 0.0, 4.0, 4.0, 2.0]"
9,337,658.647885204943,549.2998852049429,1093.4800000000002,"[2.0, 0.0, 4.0, 0.0, 0.0, 0.0, 0.0, 0.0, 2.0, 2.0, 2.0, 0.0, 0.0, 0.0, 0.0, 2.0]"
9,338,624.9406258020939,577.0276258020939,479.13000000000005,"[2.0, 0.0, 0.0, 0.0, 0.0, 0.0, 0.0, 0.0, 2.0, 0.0, 2.0, 0.0, 0.0, 0.0, 0.0, 2.0]"
9,339,655.2265858995137,537.1785858995137,1180.4800000000002,"[0.0, 0.0, 2.0, 0.0, 0.0, 0.0, 4.0, 0.0, 0.0, 0.0, 4.0, 0.0, 0.0, 4.0, 0.0, 2.0]"
9,340,653.7986210576079,552.6726210576079,1011.2600000000001,"[0.0, 2.0, 0.0, 0.0, 0.0, 0.0, 0.0, 0.0, 4.0, 0.0, 4.0, 0.0, 4.0, 2.0, 0.0, 0.0]"
9,341,674.5908665001014,529.9528665001013,1446.38,"[0.0, 0.0, 4.0, 0.0, 0.0, 0.0, 0.0, 0.0, 4.0, 0.0, 0.0, 2.0, 2.0, 4.0, 0.0, 2.0]"
9,342,651.6178114532686,537.0738114532685,1145.4400000000003,"[0.0, 0.0, 2.0, 2.0, 0.0, 0.0, 2.0, 0.0, 4.0, 0.0, 4.0, 0.0, 0.0, 4.0, 0.0, 2.0]"
9,343,675.1154305780659,527.5284305780659,1475.8700000000001,"[0.0, 0.0, 2.0, 0.0, 0.0, 0.0, 2.0, 0.0, 4.0, 0.0, 0.0, 0.0, 2.0, 4.0, 2.0, 2.0]"
9,344,661.6789700162074,555.6929700162074,1059.8600000000001,"[0.0, 0.0, 0.0, 2.0, 0.0, 0.0, 0.0, 0.0, 2.0, 0.0, 4.0, 2.0, 2.0, 2.0, 0.0, 2.0]"
9,345,779.0978919721829,534.0998919721828,2449.9800000000005,"[0.0, 0.0, 2.0, 0.0, 0.0, 0.0, 4.0, 4.0, 2.0, 4.0, 0.0, 0.0, 2.0, 4.0, 0.0, 2.0]"
9,346,730.3654886547813,563.9834886547812,1663.8200000000002,"[0.0, 0.0, 0.0, 2.0, 0.0, 0.0, 0.0, 4.0, 4.0, 0.0, 2.0, 2.0, 2.0, 2.0, 0.0, 2.0]"
9,347,724.6466626148028,536.8616626148028,1877.8500000000001,"[4.0, 4.0, 2.0, 0.0, 0.0, 0.0, 0.0, 0.0, 0.0, 0.0, 0.0, 0.0, 2.0, 2.0, 0.0, 0.0]"
9,348,720.0649151809833,556.4569151809833,1636.0800000000002,"[2.0, 0.0, 0.0, 0.0, 0.0, 0.0, 2.0, 4.0, 0.0, 0.0, 0.0, 0.0, 0.0, 4.0, 0.0, 2.0]"
9,349,657.6528133315323,555.4518133315323,1022.0100000000001,"[0.0, 0.0, 0.0, 2.0, 0.0, 0.0, 2.0, 0.0, 4.0, 0.0, 4.0, 0.0, 2.0, 2.0, 0.0, 2.0]"
9,350,620.8589450222883,541.5189450222882,793.4000000000001,"[0.0, 0.0, 2.0, 0.0, 0.0, 0.0, 2.0, 0.0, 4.0, 0.0, 0.0, 0.0, 0.0, 2.0, 0.0, 2.0]"
9,351,708.524852927274,530.341852927274,1781.83,"[4.0, 0.0, 4.0, 0.0, 0.0, 0.0, 0.0, 0.0, 2.0, 0.0, 4.0, 2.0, 0.0, 4.0, 0.0, 2.0]"
9,352,747.8115034100884,539.5055034100884,2083.0600000000004,"[0.0, 2.0, 2.0, 0.0, 0.0, 0.0, 4.0, 2.0, 0.0, 4.0, 0.0, 0.0, 0.0, 4.0, 0.0, 0.0]"
9,353,698.9178316564252,532.8768316564251,1660.4100000000003,"[2.0, 0.0, 4.0, 0.0, 0.0, 0.0, 0.0, 0.0, 2.0, 0.0, 4.0, 2.0, 0.0, 4.0, 0.0, 4.0]"
9,354,691.5893430578067,530.1153430578066,1614.7400000000002,"[0.0, 0.0, 2.0, 0.0, 0.0, 0.0, 2.0, 0.0, 2.0, 0.0, 0.0, 2.0, 0.0, 4.0, 4.0, 0.0]"
9,355,653.8009438141545,557.8289438141545,959.7200000000001,"[2.0, 0.0, 2.0, 0.0, 0.0, 0.0, 0.0, 0.0, 2.0, 0.0, 4.0, 2.0, 0.0, 0.0, 0.0, 2.0]"
9,356,673.362438951918,545.5004389519179,1278.6200000000001,"[2.0, 0.0, 0.0, 0.0, 0.0, 0.0, 0.0, 0.0, 4.0, 2.0, 2.0, 0.0, 2.0, 4.0, 0.0, 2.0]"
9,357,766.6396873733963,553.2726873733964,2133.67,"[4.0, 4.0, 0.0, 0.0, 0.0, 0.0, 0.0, 0.0, 2.0, 0.0, 2.0, 2.0, 2.0, 2.0, 0.0, 2.0]"
9,358,624.8584431987033,560.9234431987032,639.35,"[0.0, 0.0, 0.0, 0.0, 0.0, 0.0, 0.0, 0.0, 4.0, 0.0, 2.0, 2.0, 0.0, 2.0, 0.0, 2.0]"
9,359,727.7046601836845,540.7286601836845,1869.7600000000002,"[2.0, 2.0, 2.0, 0.0, 0.0, 0.0, 2.0, 0.0, 2.0, 0.0, 2.0, 2.0, 0.0, 2.0, 0.0, 4.0]"
9,360,640.593722582388,554.4757225823879,861.1800000000002,"[0.0, 0.0, 4.0, 0.0, 0.0, 0.0, 0.0, 0.0, 2.0, 0.0, 4.0, 2.0, 0.0, 0.0, 0.0, 2.0]"
10,361,598.4490364741641,580.3720364741641,180.77,"[0.0, 0.0, 0.0, 0.0, 0.0, 0.0, 0.0, 0.0, 2.0, 0.0, 2.0, 0.0, 0.0, 0.0, 0.0, 2.0]"
10,362,620.0455845997974,560.7295845997974,593.1600000000001,"[0.0, 0.0, 0.0, 0.0, 0.0, 0.0, 2.0, 0.0, 4.0, 0.0, 2.0, 0.0, 0.0, 2.0, 0.0, 2.0]"
10,363,721.5902444624527,557.9852444624527,1636.0500000000002,"[2.0, 4.0, 2.0, 0.0, 0.0, 0.0, 0.0, 0.0, 2.0, 0.0, 4.0, 2.0, 0.0, 0.0, 0.0, 2.0]"
10,364,653.5831898973528,557.6111898973528,959.7200000000001,"[2.0, 0.0, 2.0, 0.0, 0.0, 0.0, 0.0, 0.0, 2.0, 0.0, 4.0, 2.0, 0.0, 0.0, 0.0, 2.0]"
10,365,711.5382160994058,553.8502160994058,1576.88,"[0.0, 2.0, 0.0, 0.0, 0.0, 0.0, 0.0, 0.0, 4.0, 0.0, 2.0, 4.0, 4.0, 2.0, 0.0, 0.0]"
10,366,622.0071642466402,553.1241642466401,688.83,"[0.0, 0.0, 4.0, 0.0, 0.0, 0.0, 0.0, 0.0, 2.0, 0.0, 4.0, 2.0, 0.0, 0.0, 0.0, 0.0]"
10,367,620.6560842901526,553.9420842901526,667.1400000000001,"[0.0, 0.0, 0.0, 0.0, 0.0, 0.0, 2.0, 0.0, 4.0, 0.0, 2.0, 0.0, 2.0, 2.0, 0.0, 0.0]"
10,368,616.1804674096591,562.356467409659,538.2400000000001,"[0.0, 0.0, 0.0, 2.0, 0.0, 0.0, 0.0, 0.0, 2.0, 0.0, 0.0, 0.0, 0.0, 2.0, 0.0, 2.0]"
10,369,843.5904310018905,555.2684310018905,2883.2200000000003,"[4.0, 4.0, 4.0, 4.0, 2.0, 0.0, 0.0, 0.0, 2.0, 0.0, 4.0, 2.0, 0.0, 0.0, 0.0, 2.0]"
10,370,703.0349779863598,553.5139779863597,1495.21,"[2.0, 2.0, 4.0, 0.0, 0.0, 0.0, 0.0, 0.0, 2.0, 0.0, 4.0, 2.0, 0.0, 0.0, 0.0, 2.0]"
10,371,651.2612474338196,533.8422474338196,1174.1900000000003,"[2.0, 0.0, 2.0, 0.0, 0.0, 0.0, 0.0, 0.0, 4.0, 0.0, 4.0, 0.0, 4.0, 2.0, 0.0, 0.0]"
10,372,758.6704888588791,532.8464888588791,2258.2400000000002,"[4.0, 2.0, 2.0, 0.0, 0.0, 0.0, 2.0, 0.0, 4.0, 0.0, 4.0, 0.0, 0.0, 2.0, 4.0, 2.0]"
10,373,640.916867351074,553.0438673510739,878.7300000000001,"[0.0, 0.0, 0.0, 0.0, 0.0, 0.0, 2.0, 0.0, 4.0, 0.0, 4.0, 2.0, 0.0, 4.0, 0.0, 0.0]"
10,374,706.1063052404106,554.1853052404106,1519.21,"[0.0, 4.0, 0.0, 0.0, 0.0, 0.0, 0.0, 0.0, 4.0, 0.0, 4.0, 0.0, 4.0, 2.0, 0.0, 2.0]"
10,375,657.5797509622528,548.2317509622527,1093.4800000000002,"[2.0, 0.0, 4.0, 0.0, 0.0, 0.0, 0.0, 0.0, 2.0, 2.0, 4.0, 0.0, 0.0, 0.0, 0.0, 2.0]"
10,376,640.6940399783902,554.5760399783901,861.1800000000002,"[0.0, 0.0, 4.0, 0.0, 0.0, 0.0, 0.0, 0.0, 2.0, 0.0, 2.0, 2.0, 0.0, 0.0, 0.0, 2.0]"
10,377,618.1725778453226,554.5495778453226,636.23,"[0.0, 0.0, 0.0, 0.0, 0.0, 0.0, 0.0, 0.0, 2.0, 0.0, 0.0, 2.0, 0.0, 4.0, 0.0, 0.0]"
10,378,663.2813000877845,534.4843000877845,1287.9700000000003,"[0.0, 0.0, 4.0, 0.0, 0.0, 0.0, 0.0, 0.0, 2.0, 4.0, 4.0, 2.0, 0.0, 2.0, 0.0, 0.0]"
10,379,655.1468481328922,550.6608481328922,1044.8600000000001,"[0.0, 0.0, 4.0, 2.0, 0.0, 0.0, 0.0, 0.0, 2.0, 0.0, 4.0, 2.0, 0.0, 0.0, 0.0, 2.0]"
10,380,601.8821367781155,559.2951367781155,425.87,"[0.0, 0.0, 0.0, 0.0, 0.0, 0.0, 2.0, 0.0, 4.0, 0.0, 2.0, 0.0, 0.0, 2.0, 0.0, 0.0]"
10,381,694.7899030253918,542.6669030253918,1521.2300000000002,"[2.0, 0.0, 0.0, 0.0, 0.0, 0.0, 0.0, 0.0, 4.0, 2.0, 4.0, 0.0, 4.0, 4.0, 0.0, 2.0]"
10,382,687.1112417612102,551.7402417612102,1353.71,"[4.0, 2.0, 0.0, 0.0, 0.0, 0.0, 0.0, 0.0, 4.0, 0.0, 2.0, 0.0, 2.0, 2.0, 0.0, 0.0]"
10,383,597.0909729821005,578.1799729821006,189.11,"[0.0, 0.0, 0.0, 0.0, 0.0, 0.0, 0.0, 0.0, 4.0, 0.0, 2.0, 0.0, 0.0, 0.0, 0.0, 2.0]"
10,384,642.7689603565882,555.5409603565881,872.2800000000002,"[0.0, 0.0, 0.0, 0.0, 0.0, 0.0, 0.0, 0.0, 2.0, 0.0, 2.0, 2.0, 2.0, 2.0, 0.0, 2.0]"
10,385,644.9464055112793,553.3664055112793,915.8000000000001,"[0.0, 0.0, 0.0, 0.0, 0.0, 0.0, 2.0, 0.0, 2.0, 0.0, 0.0, 0.0, 0.0, 4.0, 0.0, 4.0]"
10,386,652.9596342023505,554.9356342023505,980.24,"[0.0, 2.0, 0.0, 0.0, 0.0, 0.0, 0.0, 0.0, 4.0, 0.0, 0.0, 2.0, 0.0, 4.0, 0.0, 0.0]"
10,387,682.8180051995408,534.1470051995408,1486.71,"[2.0, 0.0, 4.0, 0.0, 0.0, 0.0, 0.0, 0.0, 0.0, 0.0, 0.0, 2.0, 0.0, 4.0, 0.0, 2.0]"
10,388,686.8036393841168,561.9796393841167,1248.2400000000002,"[2.0, 0.0, 2.0, 0.0, 2.0, 0.0, 0.0, 0.0, 2.0, 0.0, 4.0, 0.0, 0.0, 0.0, 0.0, 4.0]"
10,389,641.7136256922869,576.4066256922869,653.0700000000002,"[0.0, 0.0, 0.0, 0.0, 0.0, 0.0, 4.0, 0.0, 2.0, 0.0, 2.0, 0.0, 0.0, 0.0, 0.0, 2.0]"
10,390,657.4541572904707,555.2531572904707,1022.0100000000001,"[0.0, 0.0, 0.0, 2.0, 0.0, 0.0, 2.0, 0.0, 4.0, 0.0, 4.0, 0.0, 2.0, 2.0, 0.0, 2.0]"
10,391,657.1236406429392,553.2026406429392,1039.21,"[0.0, 0.0, 0.0, 0.0, 0.0, 0.0, 2.0, 0.0, 4.0, 0.0, 2.0, 2.0, 0.0, 4.0, 0.0, 2.0]"
10,392,728.7454476704928,534.1774476704928,1945.68,"[2.0, 0.0, 4.0, 0.0, 0.0, 0.0, 0.0, 0.0, 2.0, 0.0, 0.0, 4.0, 0.0, 4.0, 0.0, 4.0]"
10,393,672.3326909778498,553.1216909778498,1192.1100000000001,"[0.0, 2.0, 2.0, 0.0, 0.0, 0.0, 2.0, 0.0, 2.0, 0.0, 2.0, 0.0, 2.0, 0.0, 0.0, 2.0]"
10,394,627.6301276595746,556.4021276595745,712.2800000000001,"[0.0, 0.0, 0.0, 2.0, 0.0, 0.0, 0.0, 0.0, 4.0, 0.0, 4.0, 0.0, 0.0, 4.0, 0.0, 2.0]"
10,395,699.5470740140465,569.1880740140465,1303.5900000000001,"[2.0, 0.0, 0.0, 0.0, 0.0, 0.0, 0.0, 0.0, 2.0, 0.0, 2.0, 2.0, 0.0, 0.0, 4.0, 2.0]"
10,396,672.6625091842247,557.4955091842247,1151.67,"[2.0, 0.0, 2.0, 0.0, 0.0, 0.0, 4.0, 0.0, 2.0, 0.0, 0.0, 0.0, 0.0, 0.0, 0.0, 2.0]"
10,397,689.0578157752566,553.8658157752566,1351.92,"[0.0, 4.0, 0.0, 0.0, 0.0, 0.0, 0.0, 0.0, 4.0, 0.0, 4.0, 0.0, 4.0, 2.0, 0.0, 0.0]"
10,398,601.7397862208713,559.1527862208713,425.87,"[0.0, 0.0, 0.0, 0.0, 0.0, 0.0, 2.0, 0.0, 4.0, 0.0, 2.0, 0.0, 0.0, 2.0, 0.0, 0.0]"
10,399,735.4285013506213,577.8725013506213,1575.5600000000002,"[2.0, 0.0, 0.0, 0.0, 2.0, 0.0, 0.0, 0.0, 2.0, 4.0, 2.0, 2.0, 0.0, 0.0, 0.0, 2.0]"
10,400,688.9526399243651,558.7036399243651,1302.4900000000002,"[0.0, 4.0, 0.0, 0.0, 0.0, 0.0, 0.0, 0.0, 2.0, 0.0, 2.0, 0.0, 0.0, 2.0, 2.0, 2.0]"
11,401,598.2490952380952,579.3380952380952,189.11,"[0.0, 0.0, 0.0, 0.0, 0.0, 0.0, 0.0, 0.0, 4.0, 0.0, 2.0, 0.0, 0.0, 0.0, 0.0, 2.0]"
11,402,597.4566014859845,579.3796014859845,180.77,"[0.0, 0.0, 0.0, 0.0, 0.0, 0.0, 0.0, 0.0, 2.0, 0.0, 2.0, 0.0, 0.0, 0.0, 0.0, 2.0]"
11,403,618.6623225261736,557.1453225261736,615.1700000000001,"[0.0, 0.0, 2.0, 0.0, 0.0, 0.0, 2.0, 0.0, 2.0, 0.0, 2.0, 0.0, 0.0, 0.0, 0.0, 2.0]"
11,404,697.4127423014586,555.7767423014586,1416.3600000000001,"[4.0, 0.0, 0.0, 0.0, 0.0, 0.0, 4.0, 0.0, 4.0, 0.0, 0.0, 0.0, 0.0, 2.0, 0.0, 2.0]"
11,405,700.3302298757428,558.4372298757428,1418.9300000000003,"[0.0, 0.0, 2.0, 0.0, 0.0, 0.0, 4.0, 0.0, 2.0, 0.0, 2.0, 4.0, 0.0, 0.0, 0.0, 2.0]"
11,406,660.189925788372,532.310925788372,1278.7900000000002,"[0.0, 0.0, 4.0, 0.0, 0.0, 0.0, 2.0, 0.0, 4.0, 0.0, 4.0, 2.0, 0.0, 4.0, 0.0, 0.0]"
11,407,640.5927433819558,554.4747433819557,861.1800000000002,"[0.0, 0.0, 4.0, 0.0, 0.0, 0.0, 0.0, 0.0, 2.0, 0.0, 2.0, 2.0, 0.0, 0.0, 0.0, 2.0]"
11,408,722.6126537916133,535.3026537916132,1873.1000000000001,"[0.0, 4.0, 4.0, 0.0, 0.0, 0.0, 0.0, 0.0, 2.0, 0.0, 2.0, 2.0, 0.0, 4.0, 0.0, 2.0]"
11,409,750.7660370070232,557.3440370070232,1934.2200000000003,"[2.0, 0.0, 0.0, 2.0, 0.0, 4.0, 0.0, 0.0, 2.0, 0.0, 0.0, 0.0, 4.0, 2.0, 0.0, 2.0]"
11,410,601.8005427220534,559.2135427220534,425.87,"[0.0, 0.0, 0.0, 0.0, 0.0, 0.0, 2.0, 0.0, 4.0, 0.0, 2.0, 0.0, 0.0, 2.0, 0.0, 0.0]"
11,411,692.3744090755622,537.8384090755621,1545.3600000000001,"[0.0, 0.0, 4.0, 0.0, 0.0, 0.0, 0.0, 2.0, 0.0, 2.0, 4.0, 2.0, 0.0, 4.0, 0.0, 0.0]"
11,412,738.4323062326964,558.8853062326964,1795.4700000000003,"[2.0, 2.0, 4.0, 0.0, 0.0, 0.0, 0.0, 2.0, 2.0, 0.0, 0.0, 2.0, 0.0, 0.0, 0.0, 2.0]"
11,413,637.7298827502364,559.6558827502364,780.7400000000001,"[0.0, 0.0, 0.0, 2.0, 0.0, 0.0, 2.0, 0.0, 4.0, 0.0, 0.0, 0.0, 0.0, 2.0, 0.0, 2.0]"
11,414,639.8436262326084,560.8886262326083,789.5500000000001,"[0.0, 0.0, 0.0, 0.0, 2.0, 0.0, 0.0, 0.0, 2.0, 2.0, 2.0, 0.0, 0.0, 2.0, 0.0, 0.0]"
11,415,658.6574064420286,549.3094064420285,1093.4800000000002,"[2.0, 0.0, 4.0, 0.0, 0.0, 0.0, 0.0, 0.0, 2.0, 2.0, 4.0, 0.0, 0.0, 0.0, 0.0, 2.0]"
11,416,659.8599662344678,555.3749662344678,1044.8500000000001,"[0.0, 0.0, 0.0, 4.0, 0.0, 0.0, 2.0, 0.0, 4.0, 0.0, 0.0, 0.0, 2.0, 2.0, 0.0, 0.0]"
11,417,639.3518696474403,553.1548696474403,861.9700000000001,"[0.0, 0.0, 0.0, 0.0, 0.0, 0.0, 2.0, 0.0, 0.0, 0.0, 2.0, 2.0, 0.0, 4.0, 0.0, 0.0]"
11,418,642.4354313116304,555.5694313116304,868.6600000000001,"[0.0, 0.0, 0.0, 0.0, 0.0, 0.0, 2.0, 0.0, 4.0, 0.0, 2.0, 0.0, 0.0, 2.0, 2.0, 2.0]"
11,419,685.8702439222042,558.2612439222041,1276.0900000000001,"[0.0, 0.0, 0.0, 0.0, 0.0, 4.0, 2.0, 0.0, 4.0, 0.0, 4.0, 0.0, 2.0, 2.0, 0.0, 0.0]"
11,420,600.4261084093212,557.8391084093212,425.87,"[0.0, 0.0, 0.0, 0.0, 0.0, 0.0, 2.0, 0.0, 4.0, 0.0, 2.0, 0.0, 0.0, 2.0, 0.0, 0.0]"
11,421,601.7606913204997,559.1736913204998,425.87,"[0.0, 0.0, 0.0, 0.0, 0.0, 0.0, 2.0, 0.0, 4.0, 0.0, 2.0, 0.0, 0.0, 2.0, 0.0, 0.0]"
11,422,679.1205048622367,548.8285048622366,1302.92,"[0.0, 0.0, 0.0, 0.0, 0.0, 0.0, 2.0, 0.0, 4.0, 4.0, 4.0, 2.0, 0.0, 4.0, 0.0, 0.0]"
11,423,640.5870370070232,554.4690370070232,861.1800000000002,"[0.0, 0.0, 4.0, 0.0, 0.0, 0.0, 0.0, 0.0, 2.0, 0.0, 0.0, 2.0, 0.0, 0.0, 0.0, 2.0]"
11,424,629.2655420775361,553.3795420775361,758.8600000000001,"[0.0, 0.0, 0.0, 0.0, 0.0, 0.0, 2.0, 0.0, 4.0, 0.0, 2.0, 0.0, 0.0, 4.0, 0.0, 2.0]"
11,425,770.2623287421512,554.1213287421511,2161.4100000000003,"[0.0, 0.0, 4.0, 0.0, 2.0, 0.0, 0.0, 2.0, 4.0, 0.0, 4.0, 4.0, 4.0, 0.0, 0.0, 0.0]"
11,426,637.4437884927066,542.0537884927066,953.9000000000001,"[2.0, 0.0, 2.0, 0.0, 0.0, 0.0, 0.0, 0.0, 0.0, 0.0, 4.0, 2.0, 0.0, 2.0, 0.0, 0.0]"
11,427,641.1021638524924,553.2291638524923,878.7300000000001,"[0.0, 0.0, 0.0, 0.0, 0.0, 0.0, 2.0, 0.0, 4.0, 0.0, 2.0, 2.0, 0.0, 4.0, 0.0, 0.0]"
11,428,668.4966474878445,554.8396474878444,1136.5700000000002,"[0.0, 0.0, 0.0, 4.0, 0.0, 0.0, 2.0, 0.0, 4.0, 0.0, 4.0, 0.0, 0.0, 4.0, 0.0, 2.0]"
11,429,732.0513503511615,550.3893503511615,1816.6200000000001,"[0.0, 0.0, 0.0, 0.0, 2.0, 0.0, 0.0, 0.0, 4.0, 0.0, 2.0, 2.0, 2.0, 2.0, 4.0, 2.0]"
11,430,684.537102917342,558.422102917342,1261.15,"[0.0, 4.0, 0.0, 0.0, 0.0, 0.0, 2.0, 0.0, 2.0, 0.0, 2.0, 0.0, 0.0, 2.0, 0.0, 2.0]"
11,431,664.2080796866559,551.2900796866559,1129.18,"[0.0, 0.0, 0.0, 0.0, 0.0, 0.0, 0.0, 0.0, 2.0, 4.0, 2.0, 2.0, 2.0, 2.0, 0.0, 0.0]"
11,432,634.7250182996827,534.8810182996826,998.4400000000002,"[0.0, 0.0, 4.0, 0.0, 0.0, 0.0, 2.0, 0.0, 4.0, 0.0, 0.0, 0.0, 0.0, 4.0, 0.0, 0.0]"
11,433,671.4552887628308,575.4782887628309,959.7700000000001,"[2.0, 0.0, 0.0, 0.0, 0.0, 0.0, 4.0, 0.0, 4.0, 0.0, 0.0, 0.0, 0.0, 0.0, 0.0, 2.0]"
11,434,704.8017863317126,562.9077863317126,1418.9400000000003,"[0.0, 0.0, 2.0, 0.0, 0.0, 4.0, 0.0, 0.0, 2.0, 4.0, 2.0, 0.0, 0.0, 0.0, 0.0, 2.0]"
11,435,657.1712870264065,553.2502870264065,1039.21,"[0.0, 0.0, 0.0, 0.0, 0.0, 0.0, 2.0, 0.0, 4.0, 0.0, 2.0, 2.0, 0.0, 4.0, 0.0, 2.0]"
11,436,637.702522085641,564.795522085641,729.0700000000002,"[0.0, 0.0, 0.0, 0.0, 0.0, 0.0, 2.0, 2.0, 4.0, 0.0, 2.0, 0.0, 0.0, 2.0, 0.0, 0.0]"
11,437,600.5591377912867,557.9721377912867,425.87,"[0.0, 0.0, 0.0, 0.0, 0.0, 0.0, 2.0, 0.0, 4.0, 0.0, 2.0, 0.0, 0.0, 2.0, 0.0, 0.0]"
11,438,718.491202647039,551.911202647039,1665.8000000000002,"[0.0, 2.0, 4.0, 2.0, 0.0, 0.0, 0.0, 0.0, 2.0, 0.0, 4.0, 4.0, 0.0, 0.0, 0.0, 2.0]"
11,439,617.2265021952044,558.0335021952044,591.9300000000001,"[0.0, 0.0, 0.0, 0.0, 0.0, 0.0, 0.0, 0.0, 2.0, 0.0, 2.0, 0.0, 2.0, 2.0, 0.0, 2.0]"
11,440,630.0009342158585,559.3789342158584,706.2200000000001,"[0.0, 0.0, 0.0, 0.0, 0.0, 0.0, 2.0, 0.0, 4.0, 0.0, 2.0, 2.0, 0.0, 2.0, 0.0, 0.0]"
12,441,598.6281651469099,580.5511651469099,180.77,"[0.0, 0.0, 0.0, 0.0, 0.0, 0.0, 0.0, 0.0, 2.0, 0.0, 2.0, 0.0, 0.0, 0.0, 0.0, 2.0]"
12,442,598.3989094900371,579.487909490037,189.11,"[0.0, 0.0, 0.0, 0.0, 0.0, 0.0, 0.0, 0.0, 4.0, 0.0, 2.0, 0.0, 0.0, 0.0, 0.0, 2.0]"
12,443,736.3812336259284,552.1842336259284,1841.9700000000003,"[2.0, 0.0, 4.0, 0.0, 0.0, 0.0, 0.0, 2.0, 2.0, 2.0, 4.0, 0.0, 0.0, 0.0, 2.0, 4.0]"
12,444,601.8654532252617,559.2784532252617,425.87,"[0.0, 0.0, 0.0, 0.0, 0.0, 0.0, 2.0, 0.0, 4.0, 0.0, 2.0, 0.0, 0.0, 2.0, 0.0, 0.0]"
12,445,658.4464946984535,554.5254946984535,1039.21,"[0.0, 0.0, 0.0, 0.0, 0.0, 0.0, 2.0, 0.0, 4.0, 0.0, 2.0, 2.0, 0.0, 4.0, 0.0, 2.0]"
12,446,648.4403998379036,555.6803998379036,927.6,"[0.0, 2.0, 0.0, 0.0, 0.0, 0.0, 0.0, 0.0, 2.0, 0.0, 2.0, 0.0, 2.0, 2.0, 0.0, 2.0]"
12,447,629.0705535593678,553.1845535593678,758.8600000000001,"[0.0, 0.0, 0.0, 0.0, 0.0, 0.0, 2.0, 0.0, 4.0, 0.0, 0.0, 0.0, 0.0, 4.0, 0.0, 2.0]"
12,448,651.6250541672296,572.8830541672296,787.4200000000001,"[2.0, 0.0, 0.0, 0.0, 0.0, 0.0, 4.0, 0.0, 4.0, 0.0, 2.0, 0.0, 0.0, 0.0, 0.0, 0.0]"
12,449,661.6925458904573,567.7315458904573,939.6100000000001,"[0.0, 0.0, 0.0, 0.0, 0.0, 0.0, 0.0, 2.0, 4.0, 0.0, 2.0, 2.0, 0.0, 2.0, 0.0, 2.0]"
12,450,643.6954857837509,554.0014857837509,896.94,"[0.0, 0.0, 0.0, 0.0, 0.0, 0.0, 4.0, 0.0, 2.0, 0.0, 4.0, 0.0, 2.0, 2.0, 0.0, 0.0]"
12,451,676.7478089675197,529.2808089675198,1474.67,"[0.0, 0.0, 4.0, 0.0, 0.0, 0.0, 2.0, 0.0, 2.0, 2.0, 2.0, 0.0, 0.0, 2.0, 2.0, 2.0]"
12,452,626.3787727948129,562.4437727948128,639.35,"[0.0, 0.0, 0.0, 0.0, 0.0, 0.0, 0.0, 0.0, 4.0, 0.0, 2.0, 2.0, 0.0, 2.0, 0.0, 2.0]"
12,453,651.1664323922735,558.2834323922734,928.8300000000002,"[0.0, 2.0, 0.0, 0.0, 0.0, 0.0, 2.0, 0.0, 4.0, 0.0, 2.0, 0.0, 0.0, 2.0, 0.0, 2.0]"
12,454,656.5373396366583,555.6533396366583,1008.8400000000001,"[0.0, 0.0, 0.0, 0.0, 0.0, 2.0, 2.0, 0.0, 4.0, 0.0, 2.0, 0.0, 0.0, 2.0, 2.0, 0.0]"
12,455,625.083892746184,558.947892746184,661.3600000000001,"[0.0, 0.0, 2.0, 0.0, 0.0, 0.0, 0.0, 0.0, 2.0, 0.0, 0.0, 2.0, 0.0, 0.0, 0.0, 2.0]"
12,456,789.5686775587362,565.5726775587361,2239.9600000000005,"[0.0, 0.0, 4.0, 0.0, 4.0, 0.0, 0.0, 4.0, 2.0, 0.0, 2.0, 2.0, 0.0, 0.0, 0.0, 2.0]"
12,457,632.5357421315683,560.9027421315683,716.33,"[0.0, 0.0, 0.0, 0.0, 0.0, 2.0, 0.0, 0.0, 4.0, 2.0, 2.0, 0.0, 0.0, 2.0, 0.0, 0.0]"
12,458,654.7612911460795,557.7272911460796,970.34,"[0.0, 0.0, 0.0, 0.0, 0.0, 0.0, 2.0, 2.0, 4.0, 0.0, 2.0, 0.0, 2.0, 2.0, 0.0, 0.0]"
12,459,619.6135585950692,573.9865585950693,456.27,"[0.0, 0.0, 0.0, 0.0, 0.0, 0.0, 0.0, 0.0, 2.0, 0.0, 2.0, 0.0, 0.0, 0.0, 2.0, 2.0]"
12,460,628.204811550152,575.077811550152,531.2700000000001,"[0.0, 0.0, 0.0, 0.0, 0.0, 0.0, 2.0, 0.0, 4.0, 0.0, 2.0, 2.0, 0.0, 0.0, 0.0, 0.0]"
12,461,667.1672839873033,563.6852839873034,1034.8200000000002,"[0.0, 0.0, 0.0, 0.0, 0.0, 4.0, 2.0, 0.0, 4.0, 0.0, 4.0, 0.0, 0.0, 2.0, 0.0, 0.0]"
12,462,663.2033884386818,550.1813884386818,1130.22,"[0.0, 0.0, 0.0, 2.0, 0.0, 0.0, 2.0, 0.0, 4.0, 0.0, 2.0, 0.0, 2.0, 2.0, 2.0, 0.0]"
12,463,666.0400806375362,562.5580806375362,1034.8200000000002,"[0.0, 0.0, 0.0, 0.0, 0.0, 4.0, 2.0, 0.0, 4.0, 0.0, 2.0, 0.0, 0.0, 2.0, 0.0, 0.0]"
12,464,686.8103009184225,547.3933009184225,1394.17,"[0.0, 0.0, 0.0, 0.0, 0.0, 0.0, 2.0, 0.0, 4.0, 4.0, 4.0, 0.0, 0.0, 2.0, 4.0, 0.0]"
12,465,636.5565512630014,560.8235512630015,757.33,"[0.0, 0.0, 0.0, 0.0, 0.0, 0.0, 0.0, 0.0, 4.0, 0.0, 2.0, 4.0, 0.0, 2.0, 0.0, 0.0]"
12,466,634.362789843328,552.8637898433279,814.9900000000001,"[0.0, 0.0, 4.0, 0.0, 0.0, 0.0, 2.0, 0.0, 2.0, 0.0, 0.0, 0.0, 0.0, 0.0, 0.0, 2.0]"
12,467,663.7226571660138,581.0456571660138,826.7700000000001,"[0.0, 2.0, 0.0, 0.0, 0.0, 2.0, 0.0, 0.0, 2.0, 0.0, 4.0, 0.0, 0.0, 0.0, 0.0, 2.0]"
12,468,731.1324240378123,551.8624240378123,1792.7,"[2.0, 0.0, 4.0, 0.0, 2.0, 0.0, 0.0, 0.0, 2.0, 0.0, 0.0, 2.0, 2.0, 0.0, 0.0, 2.0]"
12,469,636.0917850871268,555.3467850871268,807.45,"[0.0, 0.0, 0.0, 0.0, 0.0, 0.0, 2.0, 0.0, 4.0, 2.0, 2.0, 0.0, 0.0, 2.0, 0.0, 2.0]"
12,470,749.4164334908846,560.9184334908846,1884.98,"[2.0, 0.0, 4.0, 0.0, 4.0, 0.0, 0.0, 0.0, 4.0, 2.0, 4.0, 0.0, 0.0, 0.0, 0.0, 2.0]"
12,471,618.638985815603,557.1219858156029,615.1700000000001,"[0.0, 0.0, 2.0, 0.0, 0.0, 0.0, 2.0, 0.0, 2.0, 0.0, 2.0, 0.0, 0.0, 0.0, 0.0, 2.0]"
12,472,676.1506188289322,586.2916188289322,898.59,"[0.0, 0.0, 0.0, 0.0, 0.0, 0.0, 0.0, 4.0, 4.0, 0.0, 2.0, 2.0, 0.0, 0.0, 0.0, 0.0]"
12,473,671.7603670988655,555.8333670988654,1159.2700000000002,"[0.0, 0.0, 0.0, 0.0, 0.0, 0.0, 0.0, 2.0, 0.0, 0.0, 2.0, 0.0, 2.0, 2.0, 2.0, 2.0]"
12,474,695.6255580767154,554.7675580767153,1408.5800000000002,"[0.0, 0.0, 0.0, 4.0, 0.0, 0.0, 2.0, 0.0, 2.0, 0.0, 2.0, 2.0, 0.0, 4.0, 0.0, 2.0]"
12,475,655.9086545110752,535.6266545110751,1202.8200000000002,"[0.0, 0.0, 2.0, 0.0, 0.0, 0.0, 0.0, 0.0, 0.0, 2.0, 4.0, 2.0, 0.0, 4.0, 0.0, 2.0]"
12,476,621.5117166205173,550.8277166205173,706.8400000000001,"[2.0, 0.0, 4.0, 0.0, 0.0, 0.0, 0.0, 0.0, 2.0, 0.0, 0.0, 0.0, 0.0, 0.0, 0.0, 0.0]"
12,477,652.9251267643682,549.4891267643682,1034.3600000000001,"[0.0, 0.0, 0.0, 0.0, 0.0, 0.0, 2.0, 0.0, 4.0, 0.0, 2.0, 0.0, 0.0, 4.0, 2.0, 2.0]"
12,478,710.5903317125878,548.2863317125879,1623.0400000000002,"[4.0, 0.0, 0.0, 0.0, 0.0, 0.0, 0.0, 0.0, 2.0, 0.0, 2.0, 2.0, 2.0, 4.0, 0.0, 2.0]"
12,479,644.7498415507226,559.5908415507226,851.59,"[0.0, 0.0, 0.0, 2.0, 0.0, 0.0, 4.0, 0.0, 4.0, 0.0, 0.0, 0.0, 0.0, 2.0, 0.0, 0.0]"
12,480,684.5178903295515,558.4028903295515,1261.15,"[0.0, 4.0, 0.0, 0.0, 0.0, 0.0, 2.0, 0.0, 2.0, 0.0, 2.0, 0.0, 0.0, 2.0, 0.0, 2.0]"
13,481,598.3228203309693,579.4118203309694,189.11,"[0.0, 0.0, 0.0, 0.0, 0.0, 0.0, 0.0, 0.0, 4.0, 0.0, 2.0, 0.0, 0.0, 0.0, 0.0, 2.0]"
13,482,597.389462006079,579.312462006079,180.77,"[0.0, 0.0, 0.0, 0.0, 0.0, 0.0, 0.0, 0.0, 2.0, 0.0, 2.0, 0.0, 0.0, 0.0, 0.0, 2.0]"
13,483,669.5284440842787,553.1284440842787,1164.0,"[0.0, 0.0, 0.0, 0.0, 0.0, 0.0, 2.0, 0.0, 4.0, 0.0, 0.0, 4.0, 0.0, 4.0, 0.0, 0.0]"
13,484,686.6789254457051,543.9629254457051,1427.16,"[0.0, 0.0, 2.0, 0.0, 2.0, 2.0, 0.0, 0.0, 4.0, 0.0, 2.0, 0.0, 0.0, 4.0, 0.0, 2.0]"
13,485,597.7654184397164,555.3014184397164,424.6400000000001,"[0.0, 0.0, 0.0, 0.0, 0.0, 0.0, 0.0, 0.0, 2.0, 0.0, 2.0, 0.0, 2.0, 2.0, 0.0, 0.0]"
13,486,715.0085197190708,562.7385197190708,1522.7,"[0.0, 2.0, 0.0, 0.0, 0.0, 4.0, 0.0, 0.0, 4.0, 2.0, 2.0, 0.0, 0.0, 2.0, 0.0, 2.0]"
13,487,643.3400634877753,576.5100634877753,668.3000000000001,"[0.0, 0.0, 0.0, 2.0, 0.0, 0.0, 4.0, 0.0, 2.0, 0.0, 0.0, 0.0, 0.0, 0.0, 0.0, 0.0]"
13,488,625.7688440137754,537.5898440137754,881.79,"[2.0, 0.0, 4.0, 0.0, 0.0, 0.0, 0.0, 0.0, 2.0, 0.0, 0.0, 0.0, 0.0, 2.0, 0.0, 0.0]"
13,489,662.3571216316608,557.1571216316607,1052.0,"[0.0, 2.0, 0.0, 0.0, 0.0, 2.0, 0.0, 0.0, 4.0, 2.0, 2.0, 0.0, 0.0, 2.0, 0.0, 0.0]"
13,490,648.3142015263052,558.0882015263052,902.2600000000001,"[0.0, 0.0, 0.0, 0.0, 0.0, 2.0, 0.0, 0.0, 2.0, 0.0, 2.0, 0.0, 2.0, 2.0, 0.0, 2.0]"
13,491,654.6537813871818,559.9907813871818,946.6300000000001,"[0.0, 0.0, 2.0, 0.0, 0.0, 0.0, 0.0, 0.0, 2.0, 0.0, 2.0, 4.0, 0.0, 0.0, 0.0, 2.0]"
13,492,618.8042340425533,557.2872340425532,615.1700000000001,"[0.0, 0.0, 2.0, 0.0, 0.0, 0.0, 2.0, 0.0, 2.0, 0.0, 2.0, 0.0, 0.0, 0.0, 0.0, 2.0]"
13,493,758.484600756348,592.4636007563479,1660.2100000000003,"[0.0, 2.0, 0.0, 0.0, 4.0, 2.0, 0.0, 0.0, 4.0, 2.0, 4.0, 0.0, 0.0, 0.0, 0.0, 0.0]"
13,494,629.9889696048633,563.8899696048633,660.9900000000001,"[0.0, 0.0, 0.0, 0.0, 0.0, 2.0, 0.0, 0.0, 2.0, 0.0, 2.0, 0.0, 0.0, 2.0, 0.0, 2.0]"
13,495,631.9495890855059,556.0635890855059,758.8600000000001,"[0.0, 0.0, 0.0, 0.0, 0.0, 0.0, 2.0, 0.0, 4.0, 0.0, 0.0, 0.0, 0.0, 4.0, 0.0, 2.0]"
13,496,645.860387628309,538.970387628309,1068.9,"[0.0, 0.0, 2.0, 0.0, 0.0, 0.0, 2.0, 0.0, 4.0, 0.0, 2.0, 0.0, 0.0, 2.0, 2.0, 2.0]"
13,497,606.5178861870991,557.616886187099,489.01000000000005,"[0.0, 0.0, 2.0, 0.0, 0.0, 0.0, 0.0, 0.0, 2.0, 0.0, 2.0, 2.0, 0.0, 0.0, 0.0, 0.0]"
13,498,596.0733188112124,577.9963188112124,180.77,"[0.0, 0.0, 0.0, 0.0, 0.0, 0.0, 0.0, 0.0, 2.0, 0.0, 0.0, 0.0, 0.0, 0.0, 0.0, 2.0]"
13,499,624.8610684857491,554.5310684857491,703.3000000000001,"[0.0, 0.0, 2.0, 0.0, 0.0, 0.0, 0.0, 0.0, 2.0, 2.0, 0.0, 2.0, 0.0, 0.0, 0.0, 0.0]"
13,500,693.4194573203673,571.3664573203673,1220.5300000000002,"[0.0, 0.0, 0.0, 0.0, 0.0, 2.0, 2.0, 0.0, 4.0, 2.0, 2.0, 0.0, 0.0, 0.0, 2.0, 2.0]"
13,501,810.1445036121802,571.9315036121801,2382.1300000000006,"[0.0, 4.0, 2.0, 0.0, 4.0, 2.0, 2.0, 0.0, 2.0, 0.0, 2.0, 0.0, 0.0, 0.0, 0.0, 2.0]"
13,502,662.2782725553755,556.7582725553755,1055.2,"[0.0, 0.0, 0.0, 0.0, 0.0, 0.0, 0.0, 0.0, 2.0, 4.0, 0.0, 2.0, 0.0, 2.0, 0.0, 2.0]"
13,503,729.5088359216745,542.4528359216745,1870.5600000000004,"[2.0, 0.0, 4.0, 2.0, 0.0, 0.0, 0.0, 0.0, 2.0, 4.0, 2.0, 2.0, 0.0, 0.0, 2.0, 0.0]"
13,504,599.4767852077001,561.3757852077001,381.01000000000005,"[0.0, 0.0, 2.0, 0.0, 0.0, 0.0, 0.0, 0.0, 2.0, 0.0, 0.0, 0.0, 0.0, 0.0, 0.0, 2.0]"
13,505,656.730586400162,558.624586400162,981.0600000000001,"[0.0, 0.0, 4.0, 0.0, 2.0, 0.0, 0.0, 0.0, 4.0, 0.0, 0.0, 0.0, 0.0, 0.0, 0.0, 2.0]"
13,506,666.1663868179363,539.5093868179363,1266.5700000000002,"[0.0, 0.0, 2.0, 0.0, 0.0, 2.0, 2.0, 0.0, 4.0, 0.0, 2.0, 0.0, 0.0, 4.0, 0.0, 2.0]"
13,507,596.26358122256,562.03958122256,342.24,"[0.0, 0.0, 0.0, 0.0, 0.0, 0.0, 0.0, 0.0, 0.0, 0.0, 2.0, 0.0, 0.0, 2.0, 0.0, 2.0]"
13,508,650.1644678911473,554.3194678911473,958.45,"[0.0, 0.0, 4.0, 0.0, 0.0, 2.0, 2.0, 0.0, 4.0, 0.0, 2.0, 0.0, 0.0, 0.0, 0.0, 0.0]"
13,509,695.1928692598597,563.5418692598596,1316.5100000000002,"[0.0, 0.0, 0.0, 0.0, 2.0, 0.0, 0.0, 0.0, 4.0, 0.0, 2.0, 4.0, 0.0, 2.0, 0.0, 2.0]"
13,510,601.9073647416413,559.3203647416414,425.87,"[0.0, 0.0, 0.0, 0.0, 0.0, 0.0, 2.0, 0.0, 4.0, 0.0, 2.0, 0.0, 0.0, 2.0, 0.0, 0.0]"
13,511,597.4081381290105,579.3311381290105,180.77,"[0.0, 0.0, 0.0, 0.0, 0.0, 0.0, 0.0, 0.0, 2.0, 0.0, 2.0, 0.0, 0.0, 0.0, 0.0, 2.0]"
13,512,598.3998213441405,579.4888213441404,189.11,"[0.0, 0.0, 0.0, 0.0, 0.0, 0.0, 0.0, 0.0, 4.0, 0.0, 2.0, 0.0, 0.0, 0.0, 0.0, 2.0]"
13,513,661.5471187951645,565.2631187951645,962.84,"[0.0, 0.0, 0.0, 2.0, 0.0, 0.0, 0.0, 2.0, 4.0, 0.0, 2.0, 2.0, 0.0, 2.0, 0.0, 0.0]"
13,514,637.8090840199918,562.0760840199919,757.33,"[0.0, 0.0, 0.0, 0.0, 0.0, 0.0, 0.0, 0.0, 4.0, 0.0, 2.0, 4.0, 0.0, 2.0, 0.0, 0.0]"
13,515,634.2272135620694,558.0732135620694,761.5400000000001,"[0.0, 2.0, 0.0, 0.0, 0.0, 0.0, 2.0, 0.0, 4.0, 0.0, 2.0, 0.0, 0.0, 2.0, 0.0, 0.0]"
13,516,636.2215357287587,552.7785357287587,834.4300000000002,"[0.0, 0.0, 0.0, 0.0, 0.0, 0.0, 2.0, 0.0, 4.0, 0.0, 2.0, 0.0, 2.0, 2.0, 0.0, 2.0]"
13,517,755.4273349540789,586.1303349540789,1692.9700000000003,"[0.0, 0.0, 0.0, 4.0, 2.0, 0.0, 0.0, 0.0, 2.0, 0.0, 2.0, 4.0, 0.0, 0.0, 0.0, 4.0]"
13,518,665.326098203431,585.041098203431,802.85,"[0.0, 0.0, 0.0, 0.0, 0.0, 4.0, 0.0, 0.0, 4.0, 0.0, 2.0, 0.0, 0.0, 0.0, 0.0, 2.0]"
13,519,597.312325903411,579.235325903411,180.77,"[0.0, 0.0, 0.0, 0.0, 0.0, 0.0, 0.0, 0.0, 2.0, 0.0, 2.0, 0.0, 0.0, 0.0, 0.0, 2.0]"
13,520,657.9197938812723,557.0357938812723,1008.8400000000001,"[0.0, 0.0, 0.0, 0.0, 0.0, 2.0, 2.0, 0.0, 4.0, 0.0, 2.0, 0.0, 0.0, 2.0, 2.0, 0.0]"
14,521,597.4211067207024,579.3441067207024,180.77,"[0.0, 0.0, 0.0, 0.0, 0.0, 0.0, 0.0, 0.0, 2.0, 0.0, 0.0, 0.0, 0.0, 0.0, 0.0, 2.0]"
14,522,596.5857359000338,562.3617359000338,342.24,"[0.0, 0.0, 0.0, 0.0, 0.0, 0.0, 0.0, 0.0, 0.0, 0.0, 2.0, 0.0, 0.0, 2.0, 0.0, 2.0]"
14,523,598.138905775076,562.238905775076,359.0,"[0.0, 0.0, 0.0, 0.0, 0.0, 0.0, 0.0, 0.0, 4.0, 0.0, 2.0, 0.0, 0.0, 2.0, 0.0, 2.0]"
14,524,620.1617308341775,575.3767308341776,447.85,"[0.0, 0.0, 0.0, 0.0, 0.0, 0.0, 0.0, 0.0, 0.0, 0.0, 2.0, 0.0, 0.0, 0.0, 2.0, 2.0]"
14,525,647.5490958941112,550.2600958941113,972.89,"[0.0, 0.0, 2.0, 0.0, 0.0, 0.0, 0.0, 0.0, 2.0, 0.0, 2.0, 2.0, 4.0, 0.0, 0.0, 0.0]"
14,526,618.7551627828437,557.2381627828437,615.1700000000001,"[0.0, 0.0, 2.0, 0.0, 0.0, 0.0, 2.0, 0.0, 2.0, 0.0, 0.0, 0.0, 0.0, 0.0, 0.0, 2.0]"
14,527,650.3070074294205,571.5650074294205,787.4200000000001,"[2.0, 0.0, 0.0, 0.0, 0.0, 0.0, 4.0, 0.0, 4.0, 0.0, 2.0, 0.0, 0.0, 0.0, 0.0, 0.0]"
14,528,684.1386612641815,574.3016612641815,1098.3700000000001,"[0.0, 4.0, 0.0, 0.0, 0.0, 0.0, 0.0, 0.0, 2.0, 0.0, 2.0, 0.0, 2.0, 0.0, 0.0, 2.0]"
14,529,598.7738591691996,580.6968591691996,180.77,"[0.0, 0.0, 0.0, 0.0, 0.0, 0.0, 0.0, 0.0, 2.0, 0.0, 0.0, 0.0, 0.0, 0.0, 0.0, 2.0]"
14,530,649.1302559945965,582.3222559945965,668.08,"[0.0, 0.0, 0.0, 0.0, 0.0, 2.0, 0.0, 0.0, 2.0, 0.0, 0.0, 0.0, 0.0, 0.0, 0.0, 4.0]"
14,531,702.6269905456511,557.9549905456511,1446.7200000000003,"[0.0, 0.0, 0.0, 2.0, 0.0, 0.0, 0.0, 2.0, 4.0, 0.0, 2.0, 2.0, 4.0, 2.0, 0.0, 0.0]"
14,532,659.1836893361248,558.2996893361247,1008.8400000000001,"[0.0, 0.0, 0.0, 0.0, 0.0, 2.0, 2.0, 0.0, 4.0, 0.0, 2.0, 0.0, 0.0, 2.0, 2.0, 0.0]"
14,533,703.9725683414371,554.898568341437,1490.7400000000002,"[0.0, 0.0, 2.0, 0.0, 0.0, 0.0, 0.0, 0.0, 2.0, 0.0, 0.0, 4.0, 0.0, 0.0, 4.0, 2.0]"
14,534,743.7670948136143,576.6870948136143,1670.8000000000002,"[2.0, 0.0, 0.0, 0.0, 2.0, 0.0, 2.0, 0.0, 2.0, 0.0, 2.0, 4.0, 0.0, 0.0, 0.0, 2.0]"
14,535,654.6085210696922,551.7985210696921,1028.1000000000001,"[0.0, 2.0, 2.0, 0.0, 0.0, 0.0, 2.0, 0.0, 4.0, 0.0, 2.0, 0.0, 2.0, 0.0, 0.0, 0.0]"
14,536,687.727526202053,539.676526202053,1480.5100000000002,"[0.0, 0.0, 2.0, 4.0, 0.0, 0.0, 0.0, 0.0, 2.0, 0.0, 2.0, 2.0, 0.0, 2.0, 2.0, 2.0]"
14,537,621.3559119335448,550.6719119335448,706.8400000000001,"[2.0, 0.0, 4.0, 0.0, 0.0, 0.0, 0.0, 0.0, 2.0, 0.0, 2.0, 0.0, 0.0, 0.0, 0.0, 0.0]"
14,538,597.769099628504,555.305099628504,424.6400000000001,"[0.0, 0.0, 0.0, 0.0, 0.0, 0.0, 0.0, 0.0, 2.0, 0.0, 2.0, 0.0, 2.0, 2.0, 0.0, 0.0]"
14,539,644.8459232847109,541.6919232847109,1031.5400000000002,"[0.0, 0.0, 2.0, 0.0, 0.0, 0.0, 4.0, 0.0, 4.0, 0.0, 2.0, 0.0, 0.0, 2.0, 0.0, 2.0]"
14,540,595.376043228639,561.152043228639,342.24,"[0.0, 0.0, 0.0, 0.0, 0.0, 0.0, 0.0, 0.0, 0.0, 0.0, 2.0, 0.0, 0.0, 2.0, 0.0, 2.0]"
14,541,613.3936247889227,578.1506247889226,352.43000000000006,"[0.0, 2.0, 0.0, 0.0, 0.0, 0.0, 0.0, 0.0, 4.0, 0.0, 2.0, 0.0, 0.0, 0.0, 0.0, 0.0]"
14,542,665.3185708496555,579.6085708496555,857.1,"[0.0, 4.0, 0.0, 0.0, 0.0, 0.0, 0.0, 0.0, 2.0, 0.0, 2.0, 0.0, 0.0, 0.0, 0.0, 2.0]"
14,543,728.3104527282551,553.712452728255,1745.98,"[4.0, 0.0, 2.0, 0.0, 0.0, 0.0, 0.0, 0.0, 2.0, 2.0, 2.0, 4.0, 0.0, 0.0, 0.0, 2.0]"
14,544,699.8284859535387,551.4884859535387,1483.4,"[0.0, 0.0, 0.0, 0.0, 0.0, 2.0, 2.0, 0.0, 2.0, 2.0, 0.0, 0.0, 0.0, 2.0, 4.0, 0.0]"
14,545,598.9023542722053,557.9913542722053,409.11000000000007,"[0.0, 0.0, 0.0, 0.0, 0.0, 0.0, 2.0, 0.0, 0.0, 0.0, 2.0, 0.0, 0.0, 2.0, 0.0, 0.0]"
14,546,710.8882855020596,565.2082855020595,1456.8000000000002,"[0.0, 0.0, 4.0, 0.0, 0.0, 0.0, 0.0, 4.0, 2.0, 0.0, 2.0, 2.0, 0.0, 0.0, 0.0, 2.0]"
14,547,631.5312701607456,555.5002701607457,760.3100000000001,"[0.0, 2.0, 0.0, 0.0, 0.0, 0.0, 0.0, 0.0, 2.0, 0.0, 2.0, 0.0, 2.0, 2.0, 0.0, 0.0]"
14,548,668.5823933009184,549.5723933009184,1190.1000000000001,"[0.0, 0.0, 0.0, 0.0, 0.0, 0.0, 2.0, 0.0, 4.0, 0.0, 2.0, 2.0, 4.0, 2.0, 0.0, 0.0]"
14,549,688.6520094543489,563.4200094543489,1252.3200000000002,"[0.0, 2.0, 0.0, 2.0, 0.0, 0.0, 2.0, 2.0, 4.0, 0.0, 2.0, 0.0, 0.0, 2.0, 0.0, 0.0]"
14,550,642.0417722544914,575.2117722544914,668.3000000000001,"[0.0, 0.0, 0.0, 2.0, 0.0, 0.0, 4.0, 0.0, 2.0, 0.0, 0.0, 0.0, 0.0, 0.0, 0.0, 0.0]"
14,551,632.4342921310368,566.3352921310368,660.9900000000001,"[0.0, 0.0, 0.0, 0.0, 0.0, 2.0, 0.0, 0.0, 2.0, 0.0, 2.0, 0.0, 0.0, 2.0, 0.0, 2.0]"
14,552,644.8707069629229,555.1767069629229,896.94,"[0.0, 0.0, 0.0, 0.0, 0.0, 0.0, 4.0, 0.0, 2.0, 0.0, 2.0, 0.0, 2.0, 2.0, 0.0, 0.0]"
14,553,631.032663784952,551.012663784952,800.2,"[0.0, 0.0, 0.0, 0.0, 0.0, 0.0, 0.0, 0.0, 4.0, 0.0, 2.0, 0.0, 0.0, 4.0, 2.0, 2.0]"
14,554,732.5064157212319,593.4934157212318,1390.13,"[0.0, 0.0, 0.0, 0.0, 0.0, 4.0, 0.0, 4.0, 2.0, 0.0, 2.0, 0.0, 0.0, 0.0, 0.0, 2.0]"
14,555,712.5287763371151,553.1387763371151,1593.9,"[4.0, 0.0, 0.0, 0.0, 0.0, 2.0, 2.0, 0.0, 4.0, 0.0, 2.0, 0.0, 0.0, 2.0, 2.0, 0.0]"
14,556,614.4320582832444,557.1910582832444,572.4100000000001,"[0.0, 0.0, 4.0, 0.0, 0.0, 0.0, 0.0, 0.0, 0.0, 0.0, 2.0, 0.0, 0.0, 0.0, 0.0, 2.0]"
14,557,597.2174809186085,559.1164809186085,381.01000000000005,"[0.0, 0.0, 2.0, 0.0, 0.0, 0.0, 0.0, 0.0, 2.0, 0.0, 2.0, 0.0, 0.0, 0.0, 0.0, 2.0]"
14,558,662.1539582601648,582.7029582601648,794.5100000000001,"[0.0, 0.0, 0.0, 0.0, 0.0, 4.0, 0.0, 0.0, 2.0, 0.0, 0.0, 0.0, 0.0, 0.0, 0.0, 2.0]"
14,559,655.6932899588088,528.8342899588088,1268.5900000000001,"[2.0, 0.0, 4.0, 0.0, 0.0, 0.0, 0.0, 0.0, 2.0, 2.0, 0.0, 0.0, 0.0, 4.0, 0.0, 0.0]"
14,560,639.6942343644469,559.7552343644469,799.3900000000001,"[0.0, 2.0, 0.0, 0.0, 0.0, 0.0, 0.0, 0.0, 2.0, 0.0, 0.0, 2.0, 0.0, 2.0, 0.0, 0.0]"
15,561,596.733726443769,562.509726443769,342.24,"[0.0, 0.0, 0.0, 0.0, 0.0, 0.0, 0.0, 0.0, 0.0, 0.0, 2.0, 0.0, 0.0, 2.0, 0.0, 2.0]"
15,562,596.5761445457616,562.3521445457616,342.24,"[0.0, 0.0, 0.0, 0.0, 0.0, 0.0, 0.0, 0.0, 0.0, 0.0, 2.0, 0.0, 0.0, 2.0, 0.0, 2.0]"
15,563,629.7594718000676,571.2234718000676,585.36,"[0.0, 2.0, 0.0, 0.0, 0.0, 0.0, 0.0, 0.0, 2.0, 0.0, 2.0, 0.0, 2.0, 0.0, 0.0, 0.0]"
15,564,626.1630083749831,560.5960083749831,655.6700000000001,"[0.0, 0.0, 0.0, 0.0, 0.0, 0.0, 4.0, 0.0, 2.0, 0.0, 0.0, 0.0, 0.0, 2.0, 0.0, 0.0]"
15,565,595.9417852077001,560.8757852077001,350.6600000000001,"[0.0, 0.0, 0.0, 0.0, 0.0, 0.0, 0.0, 0.0, 2.0, 0.0, 2.0, 0.0, 0.0, 2.0, 0.0, 2.0]"
15,566,631.0581602053221,551.0381602053221,800.2,"[0.0, 0.0, 0.0, 0.0, 0.0, 0.0, 0.0, 0.0, 4.0, 0.0, 2.0, 0.0, 0.0, 4.0, 2.0, 2.0]"
15,567,617.0666126308679,559.4266126308679,576.4,"[0.0, 0.0, 0.0, 0.0, 0.0, 0.0, 2.0, 0.0, 0.0, 0.0, 2.0, 0.0, 0.0, 2.0, 0.0, 2.0]"
15,568,597.9633890577509,560.8683890577508,370.95000000000005,"[0.0, 0.0, 0.0, 2.0, 0.0, 0.0, 0.0, 0.0, 2.0, 0.0, 0.0, 0.0, 0.0, 2.0, 0.0, 0.0]"
15,569,662.9637941792154,554.2717941792154,1086.92,"[0.0, 0.0, 4.0, 0.0, 0.0, 0.0, 2.0, 0.0, 0.0, 0.0, 2.0, 2.0, 0.0, 0.0, 0.0, 2.0]"
15,570,767.9431982712048,590.8331982712048,1771.1000000000001,"[0.0, 4.0, 0.0, 0.0, 0.0, 4.0, 0.0, 2.0, 2.0, 0.0, 2.0, 0.0, 0.0, 0.0, 0.0, 2.0]"
15,571,616.9784103343466,580.9854103343465,359.93000000000006,"[0.0, 0.0, 0.0, 2.0, 0.0, 0.0, 0.0, 0.0, 0.0, 0.0, 4.0, 0.0, 0.0, 0.0, 0.0, 2.0]"
15,572,716.0251580226904,572.7701580226905,1432.5500000000002,"[0.0, 4.0, 0.0, 0.0, 0.0, 0.0, 4.0, 0.0, 2.0, 0.0, 2.0, 0.0, 0.0, 0.0, 2.0, 0.0]"
15,573,613.9829223235395,558.3299223235394,556.5300000000001,"[0.0, 0.0, 0.0, 0.0, 0.0, 0.0, 0.0, 0.0, 0.0, 2.0, 2.0, 0.0, 0.0, 2.0, 0.0, 2.0]"
15,574,647.602884386818,550.313884386818,972.89,"[0.0, 0.0, 2.0, 0.0, 0.0, 0.0, 0.0, 0.0, 2.0, 0.0, 2.0, 2.0, 4.0, 0.0, 0.0, 0.0]"
15,575,643.340170392382,554.311170392382,890.29,"[2.0, 0.0, 0.0, 0.0, 0.0, 0.0, 0.0, 0.0, 2.0, 0.0, 2.0, 0.0, 2.0, 2.0, 0.0, 2.0]"
15,576,611.3209280070237,553.2379280070237,580.83,"[0.0, 0.0, 4.0, 0.0, 0.0, 0.0, 0.0, 0.0, 2.0, 0.0, 2.0, 0.0, 0.0, 0.0, 0.0, 2.0]"
15,577,654.4317066927805,559.9487066927804,944.8300000000002,"[0.0, 0.0, 0.0, 0.0, 0.0, 2.0, 0.0, 0.0, 4.0, 0.0, 2.0, 0.0, 0.0, 2.0, 2.0, 2.0]"
15,578,598.9018476865924,557.9908476865924,409.11000000000007,"[0.0, 0.0, 0.0, 0.0, 0.0, 0.0, 2.0, 0.0, 0.0, 0.0, 2.0, 0.0, 0.0, 2.0, 0.0, 0.0]"
15,579,623.4331015804404,557.8661015804404,655.6700000000001,"[0.0, 0.0, 0.0, 0.0, 0.0, 0.0, 4.0, 0.0, 2.0, 0.0, 2.0, 0.0, 0.0, 2.0, 0.0, 0.0]"
15,580,660.9560530758322,544.0460530758322,1169.1000000000001,"[0.0, 2.0, 4.0, 2.0, 0.0, 0.0, 0.0, 0.0, 2.0, 0.0, 0.0, 0.0, 2.0, 0.0, 0.0, 0.0]"
15,581,664.1588111831443,565.0868111831443,990.7200000000001,"[0.0, 0.0, 0.0, 0.0, 0.0, 0.0, 0.0, 4.0, 0.0, 2.0, 2.0, 0.0, 0.0, 2.0, 0.0, 0.0]"
15,582,642.0087130892881,573.8077130892881,682.0100000000001,"[0.0, 0.0, 0.0, 0.0, 0.0, 0.0, 2.0, 0.0, 0.0, 0.0, 2.0, 0.0, 0.0, 0.0, 2.0, 2.0]"
15,583,708.4990548352242,566.6110548352242,1418.88,"[0.0, 4.0, 0.0, 0.0, 2.0, 0.0, 0.0, 0.0, 2.0, 0.0, 2.0, 0.0, 0.0, 2.0, 0.0, 2.0]"
15,584,641.4872471970822,562.3902471970822,790.9700000000001,"[0.0, 2.0, 0.0, 0.0, 0.0, 0.0, 0.0, 0.0, 0.0, 0.0, 0.0, 2.0, 0.0, 2.0, 0.0, 0.0]"
15,585,666.130199621826,563.518199621826,1026.1200000000001,"[0.0, 0.0, 0.0, 0.0, 0.0, 0.0, 0.0, 4.0, 2.0, 0.0, 2.0, 0.0, 2.0, 2.0, 0.0, 0.0]"
15,586,699.7309735278228,574.1489735278228,1255.8200000000002,"[0.0, 2.0, 0.0, 0.0, 0.0, 0.0, 4.0, 0.0, 0.0, 0.0, 2.0, 0.0, 0.0, 0.0, 2.0, 2.0]"
15,587,679.5411776622324,552.8411776622323,1267.0,"[0.0, 2.0, 4.0, 0.0, 0.0, 0.0, 2.0, 0.0, 4.0, 0.0, 0.0, 2.0, 0.0, 0.0, 0.0, 0.0]"
15,588,635.992126435229,552.538126435229,834.54,"[0.0, 0.0, 0.0, 0.0, 0.0, 0.0, 0.0, 0.0, 2.0, 0.0, 2.0, 0.0, 4.0, 2.0, 0.0, 2.0]"
15,589,597.3484623438028,579.2714623438028,180.77,"[0.0, 0.0, 0.0, 0.0, 0.0, 0.0, 0.0, 0.0, 2.0, 0.0, 2.0, 0.0, 0.0, 0.0, 0.0, 2.0]"
15,590,677.4749408427876,550.0969408427876,1273.7800000000002,"[0.0, 0.0, 2.0, 0.0, 0.0, 0.0, 0.0, 4.0, 4.0, 0.0, 2.0, 2.0, 0.0, 2.0, 0.0, 0.0]"
15,591,629.9900840932117,563.8910840932117,660.9900000000001,"[0.0, 0.0, 0.0, 0.0, 0.0, 2.0, 0.0, 0.0, 2.0, 0.0, 4.0, 0.0, 0.0, 2.0, 0.0, 2.0]"
15,592,613.179576349024,555.9385763490241,572.4100000000001,"[0.0, 0.0, 4.0, 0.0, 0.0, 0.0, 0.0, 0.0, 0.0, 0.0, 2.0, 0.0, 0.0, 0.0, 0.0, 2.0]"
15,593,681.8070243111831,545.5800243111831,1362.2700000000002,"[2.0, 0.0, 0.0, 0.0, 0.0, 0.0, 0.0, 0.0, 4.0, 4.0, 2.0, 0.0, 0.0, 4.0, 2.0, 0.0]"
15,594,625.7255021609942,534.0835021609942,916.4200000000001,"[0.0, 0.0, 4.0, 0.0, 0.0, 0.0, 0.0, 0.0, 2.0, 0.0, 0.0, 0.0, 0.0, 4.0, 0.0, 2.0]"
15,595,640.9087082263948,560.9697082263947,799.3900000000001,"[0.0, 2.0, 0.0, 0.0, 0.0, 0.0, 0.0, 0.0, 2.0, 0.0, 0.0, 2.0, 0.0, 2.0, 0.0, 0.0]"
15,596,666.6198338511415,580.9098338511415,857.1,"[0.0, 4.0, 0.0, 0.0, 0.0, 0.0, 0.0, 0.0, 2.0, 0.0, 0.0, 0.0, 0.0, 0.0, 0.0, 2.0]"
15,597,581.3315555555556,579.6555555555556,16.76,"[0.0, 0.0, 0.0, 0.0, 0.0, 0.0, 0.0, 0.0, 4.0, 0.0, 2.0, 0.0, 0.0, 0.0, 0.0, 0.0]"
15,598,596.1516031746031,578.0746031746031,180.77,"[0.0, 0.0, 0.0, 0.0, 0.0, 0.0, 0.0, 0.0, 2.0, 0.0, 0.0, 0.0, 0.0, 0.0, 0.0, 2.0]"
15,599,608.5390109415101,549.3230109415101,592.1600000000001,"[0.0, 0.0, 4.0, 2.0, 0.0, 0.0, 0.0, 0.0, 2.0, 0.0, 2.0, 0.0, 0.0, 0.0, 0.0, 0.0]"
15,600,725.8800705024311,582.357070502431,1435.2300000000002,"[0.0, 0.0, 0.0, 2.0, 0.0, 4.0, 4.0, 0.0, 0.0, 0.0, 0.0, 0.0, 0.0, 0.0, 0.0, 2.0]"
16,601,581.1681985815603,579.4921985815603,16.76,"[0.0, 0.0, 0.0, 0.0, 0.0, 0.0, 0.0, 0.0, 4.0, 0.0, 2.0, 0.0, 0.0, 0.0, 0.0, 0.0]"
16,602,594.8394211415063,559.7734211415062,350.6600000000001,"[0.0, 0.0, 0.0, 0.0, 0.0, 0.0, 0.0, 0.0, 2.0, 0.0, 2.0, 0.0, 0.0, 2.0, 0.0, 2.0]"
16,603,596.0283100303951,560.9623100303951,350.6600000000001,"[0.0, 0.0, 0.0, 0.0, 0.0, 0.0, 0.0, 0.0, 2.0, 0.0, 2.0, 0.0, 0.0, 2.0, 0.0, 2.0]"
16,604,670.6926494901061,570.169649490106,1005.2300000000001,"[0.0, 0.0, 0.0, 0.0, 0.0, 0.0, 0.0, 0.0, 2.0, 0.0, 2.0, 2.0, 0.0, 0.0, 4.0, 2.0]"
16,605,663.4855345759049,568.0235345759049,954.6200000000001,"[0.0, 0.0, 0.0, 0.0, 0.0, 0.0, 0.0, 4.0, 4.0, 0.0, 2.0, 0.0, 0.0, 2.0, 0.0, 2.0]"
16,606,618.7014961161769,569.4714961161769,492.3,"[0.0, 0.0, 0.0, 0.0, 0.0, 0.0, 0.0, 0.0, 2.0, 0.0, 2.0, 0.0, 4.0, 0.0, 0.0, 0.0]"
16,607,582.3766616008106,543.1816616008106,391.95000000000005,"[0.0, 0.0, 2.0, 0.0, 0.0, 0.0, 0.0, 0.0, 4.0, 0.0, 2.0, 0.0, 0.0, 2.0, 0.0, 0.0]"
16,608,618.5231975683892,562.4151975683891,561.08,"[0.0, 0.0, 0.0, 4.0, 0.0, 0.0, 0.0, 0.0, 2.0, 0.0, 2.0, 0.0, 0.0, 2.0, 0.0, 0.0]"
16,609,621.7661887875718,576.9811887875718,447.85,"[0.0, 0.0, 0.0, 0.0, 0.0, 0.0, 0.0, 0.0, 0.0, 0.0, 2.0, 0.0, 0.0, 0.0, 2.0, 2.0]"
16,610,597.1010773387369,542.0110773387369,550.9,"[0.0, 0.0, 2.0, 0.0, 0.0, 0.0, 0.0, 0.0, 2.0, 0.0, 2.0, 0.0, 0.0, 2.0, 0.0, 2.0]"
16,611,618.0367288078352,558.1227288078352,599.1400000000001,"[0.0, 0.0, 0.0, 0.0, 0.0, 0.0, 0.0, 0.0, 0.0, 4.0, 0.0, 0.0, 0.0, 2.0, 0.0, 0.0]"
16,612,672.251133653002,556.303133653002,1159.4800000000002,"[0.0, 2.0, 0.0, 2.0, 0.0, 0.0, 0.0, 0.0, 2.0, 0.0, 2.0, 2.0, 0.0, 4.0, 0.0, 0.0]"
16,613,613.8859648139393,555.8029648139393,580.83,"[0.0, 0.0, 4.0, 0.0, 0.0, 0.0, 0.0, 0.0, 2.0, 0.0, 2.0, 0.0, 0.0, 0.0, 0.0, 2.0]"
16,614,597.3913870314084,579.3143870314084,180.77,"[0.0, 0.0, 0.0, 0.0, 0.0, 0.0, 0.0, 0.0, 2.0, 0.0, 2.0, 0.0, 0.0, 0.0, 0.0, 2.0]"
16,615,609.5431789018706,549.4931789018707,600.5,"[0.0, 0.0, 4.0, 2.0, 0.0, 0.0, 0.0, 0.0, 4.0, 0.0, 2.0, 0.0, 0.0, 0.0, 0.0, 0.0]"
16,616,616.8750330969267,580.8820330969266,359.93000000000006,"[0.0, 0.0, 0.0, 2.0, 0.0, 0.0, 0.0, 0.0, 0.0, 0.0, 4.0, 0.0, 0.0, 0.0, 0.0, 2.0]"
16,617,612.6145729047073,554.5315729047073,580.83,"[0.0, 0.0, 4.0, 0.0, 0.0, 0.0, 0.0, 0.0, 2.0, 0.0, 0.0, 0.0, 0.0, 0.0, 0.0, 2.0]"
16,618,596.0966555217832,578.0196555217832,180.77,"[0.0, 0.0, 0.0, 0.0, 0.0, 0.0, 0.0, 0.0, 2.0, 0.0, 0.0, 0.0, 0.0, 0.0, 0.0, 2.0]"
16,619,634.26922463866,562.57922463866,716.9000000000001,"[0.0, 0.0, 0.0, 2.0, 0.0, 0.0, 0.0, 0.0, 4.0, 0.0, 0.0, 0.0, 0.0, 2.0, 0.0, 4.0]"
16,620,732.8968517017829,576.8868517017829,1560.1000000000001,"[0.0, 0.0, 0.0, 0.0, 2.0, 2.0, 0.0, 0.0, 4.0, 0.0, 2.0, 4.0, 0.0, 0.0, 2.0, 0.0]"
16,621,596.9987744005402,578.0877744005403,189.11,"[0.0, 0.0, 0.0, 0.0, 0.0, 0.0, 0.0, 0.0, 4.0, 0.0, 2.0, 0.0, 0.0, 0.0, 0.0, 2.0]"
16,622,635.0974856486797,535.8874856486797,992.1,"[0.0, 0.0, 2.0, 0.0, 0.0, 0.0, 0.0, 0.0, 2.0, 0.0, 0.0, 0.0, 0.0, 4.0, 2.0, 2.0]"
16,623,634.184494934486,559.512494934486,746.7200000000001,"[0.0, 0.0, 0.0, 0.0, 0.0, 0.0, 2.0, 0.0, 0.0, 0.0, 4.0, 0.0, 0.0, 2.0, 0.0, 4.0]"
16,624,692.6857525661804,579.7827525661804,1129.0300000000002,"[0.0, 4.0, 0.0, 0.0, 0.0, 0.0, 0.0, 0.0, 0.0, 0.0, 2.0, 2.0, 0.0, 0.0, 0.0, 2.0]"
16,625,631.5993618803187,566.5073618803187,650.9200000000001,"[0.0, 0.0, 0.0, 0.0, 0.0, 0.0, 0.0, 2.0, 2.0, 0.0, 2.0, 0.0, 0.0, 2.0, 0.0, 2.0]"
16,626,597.1546315433975,558.2306315433975,389.24,"[0.0, 0.0, 0.0, 0.0, 0.0, 0.0, 0.0, 0.0, 0.0, 2.0, 0.0, 0.0, 0.0, 2.0, 0.0, 0.0]"
16,627,664.5856751317034,585.1346751317034,794.5100000000001,"[0.0, 0.0, 0.0, 0.0, 0.0, 4.0, 0.0, 0.0, 2.0, 0.0, 2.0, 0.0, 0.0, 0.0, 0.0, 2.0]"
16,628,657.0559578606159,551.0279578606159,1060.2800000000002,"[0.0, 0.0, 0.0, 0.0, 0.0, 0.0, 2.0, 0.0, 0.0, 0.0, 2.0, 0.0, 4.0, 2.0, 0.0, 2.0]"
16,629,655.5715280610523,550.6835280610522,1048.88,"[2.0, 0.0, 0.0, 0.0, 0.0, 0.0, 2.0, 0.0, 2.0, 0.0, 0.0, 0.0, 0.0, 4.0, 0.0, 2.0]"
16,630,629.1105607779577,536.5125607779578,925.9800000000001,"[0.0, 0.0, 4.0, 2.0, 0.0, 0.0, 0.0, 0.0, 0.0, 0.0, 2.0, 0.0, 0.0, 2.0, 0.0, 2.0]"
16,631,577.8514883485309,559.5144883485309,183.37,"[0.0, 0.0, 0.0, 0.0, 0.0, 0.0, 0.0, 0.0, 2.0, 0.0, 0.0, 0.0, 0.0, 2.0, 0.0, 0.0]"
16,632,643.8967276779684,559.5717276779684,843.25,"[0.0, 0.0, 0.0, 2.0, 0.0, 0.0, 4.0, 0.0, 2.0, 0.0, 4.0, 0.0, 0.0, 2.0, 0.0, 0.0]"
16,633,687.8933851971908,562.0873851971908,1258.0600000000002,"[0.0, 0.0, 0.0, 0.0, 0.0, 0.0, 0.0, 2.0, 0.0, 2.0, 2.0, 4.0, 0.0, 2.0, 0.0, 0.0]"
16,634,664.5728913351794,570.7868913351793,937.8600000000001,"[0.0, 0.0, 0.0, 0.0, 0.0, 0.0, 0.0, 4.0, 0.0, 0.0, 2.0, 0.0, 0.0, 2.0, 0.0, 2.0]"
16,635,636.7672647575307,563.9302647575307,728.3700000000001,"[0.0, 0.0, 0.0, 4.0, 0.0, 0.0, 0.0, 0.0, 2.0, 0.0, 2.0, 0.0, 0.0, 2.0, 0.0, 2.0]"
16,636,638.6605028706517,579.2515028706517,594.09,"[0.0, 0.0, 0.0, 2.0, 0.0, 0.0, 2.0, 0.0, 0.0, 0.0, 4.0, 0.0, 0.0, 0.0, 0.0, 2.0]"
16,637,614.581125633232,579.648125633232,349.33000000000004,"[0.0, 0.0, 0.0, 0.0, 0.0, 0.0, 0.0, 0.0, 0.0, 0.0, 2.0, 0.0, 0.0, 0.0, 0.0, 4.0]"
16,638,654.0572658022691,548.458265802269,1055.9900000000002,"[2.0, 0.0, 0.0, 0.0, 0.0, 0.0, 0.0, 0.0, 2.0, 0.0, 2.0, 0.0, 2.0, 4.0, 0.0, 2.0]"
16,639,636.4435547750911,553.8315547750911,826.1200000000001,"[0.0, 0.0, 0.0, 0.0, 0.0, 0.0, 0.0, 0.0, 0.0, 0.0, 2.0, 0.0, 4.0, 2.0, 0.0, 2.0]"
16,640,597.8621627828437,563.6381627828437,342.24,"[0.0, 0.0, 0.0, 0.0, 0.0, 0.0, 0.0, 0.0, 0.0, 0.0, 0.0, 0.0, 0.0, 2.0, 0.0, 2.0]"
17,641,577.885125633232,559.548125633232,183.37,"[0.0, 0.0, 0.0, 0.0, 0.0, 0.0, 0.0, 0.0, 2.0, 0.0, 0.0, 0.0, 0.0, 2.0, 0.0, 0.0]"
17,642,582.4381411685242,580.7621411685242,16.76,"[0.0, 0.0, 0.0, 0.0, 0.0, 0.0, 0.0, 0.0, 4.0, 0.0, 2.0, 0.0, 0.0, 0.0, 0.0, 0.0]"
17,643,719.0147933013708,550.4287933013708,1685.8600000000004,"[0.0, 0.0, 4.0, 2.0, 0.0, 0.0, 0.0, 4.0, 4.0, 0.0, 2.0, 0.0, 4.0, 0.0, 0.0, 0.0]"
17,644,672.6850043219881,554.2920043219881,1183.93,"[0.0, 0.0, 0.0, 4.0, 0.0, 0.0, 0.0, 0.0, 2.0, 2.0, 2.0, 0.0, 2.0, 2.0, 0.0, 2.0]"
17,645,598.183009118541,543.093009118541,550.9,"[0.0, 0.0, 2.0, 0.0, 0.0, 0.0, 0.0, 0.0, 2.0, 0.0, 2.0, 0.0, 0.0, 2.0, 0.0, 2.0]"
17,646,595.9219608240459,560.8559608240458,350.6600000000001,"[0.0, 0.0, 0.0, 0.0, 0.0, 0.0, 0.0, 0.0, 2.0, 0.0, 2.0, 0.0, 0.0, 2.0, 0.0, 2.0]"
17,647,620.5632387706856,557.1132387706856,634.5,"[0.0, 0.0, 0.0, 0.0, 0.0, 0.0, 0.0, 0.0, 4.0, 0.0, 2.0, 0.0, 0.0, 2.0, 2.0, 2.0]"
17,648,620.9003353596759,582.2873353596758,386.13000000000005,"[0.0, 0.0, 0.0, 4.0, 0.0, 0.0, 0.0, 0.0, 2.0, 0.0, 2.0, 0.0, 0.0, 0.0, 0.0, 0.0]"
17,649,620.8536619385344,582.2406619385343,386.13000000000005,"[0.0, 0.0, 0.0, 4.0, 0.0, 0.0, 0.0, 0.0, 2.0, 0.0, 4.0, 0.0, 0.0, 0.0, 0.0, 0.0]"
17,650,649.3527051671733,579.7927051671733,695.6,"[0.0, 2.0, 0.0, 2.0, 0.0, 0.0, 0.0, 0.0, 0.0, 0.0, 4.0, 0.0, 0.0, 0.0, 0.0, 2.0]"
17,651,596.1361114488349,561.0701114488348,350.6600000000001,"[0.0, 0.0, 0.0, 0.0, 0.0, 0.0, 0.0, 0.0, 2.0, 0.0, 2.0, 0.0, 0.0, 2.0, 0.0, 2.0]"
17,652,644.0179335494328,541.6979335494327,1023.2,"[0.0, 0.0, 2.0, 0.0, 0.0, 0.0, 4.0, 0.0, 2.0, 0.0, 2.0, 0.0, 0.0, 2.0, 0.0, 2.0]"
17,653,709.2503795245814,545.8603795245814,1633.9,"[0.0, 4.0, 2.0, 0.0, 0.0, 0.0, 0.0, 0.0, 4.0, 0.0, 2.0, 4.0, 0.0, 2.0, 0.0, 0.0]"
17,654,690.5938444084279,542.8628444084279,1477.3100000000002,"[0.0, 0.0, 2.0, 0.0, 0.0, 0.0, 0.0, 4.0, 4.0, 0.0, 2.0, 0.0, 4.0, 2.0, 0.0, 0.0]"
17,655,623.6465697399527,575.7335697399527,479.13000000000005,"[2.0, 0.0, 0.0, 0.0, 0.0, 0.0, 0.0, 0.0, 2.0, 0.0, 2.0, 0.0, 0.0, 0.0, 0.0, 2.0]"
17,656,747.6405634792004,555.2575634792004,1923.83,"[0.0, 0.0, 0.0, 0.0, 0.0, 0.0, 2.0, 2.0, 2.0, 2.0, 2.0, 2.0, 0.0, 2.0, 4.0, 2.0]"
17,657,582.438667679838,543.2436676798379,391.95000000000005,"[0.0, 0.0, 2.0, 0.0, 0.0, 0.0, 0.0, 0.0, 4.0, 0.0, 2.0, 0.0, 0.0, 2.0, 0.0, 0.0]"
17,658,669.6941356023771,551.349135602377,1183.45,"[0.0, 0.0, 0.0, 0.0, 0.0, 2.0, 0.0, 0.0, 0.0, 2.0, 2.0, 0.0, 4.0, 2.0, 0.0, 0.0]"
17,659,657.3828034713312,561.1298034713311,962.5300000000002,"[0.0, 0.0, 0.0, 4.0, 0.0, 0.0, 2.0, 0.0, 2.0, 0.0, 2.0, 0.0, 0.0, 2.0, 0.0, 2.0]"
17,660,597.1239871664977,562.0579871664977,350.6600000000001,"[0.0, 0.0, 0.0, 0.0, 0.0, 0.0, 0.0, 0.0, 2.0, 0.0, 2.0, 0.0, 0.0, 2.0, 0.0, 2.0]"
17,661,648.8689883163369,556.1389883163368,927.3000000000001,"[4.0, 0.0, 0.0, 0.0, 0.0, 0.0, 0.0, 0.0, 0.0, 0.0, 2.0, 0.0, 0.0, 2.0, 0.0, 2.0]"
17,662,723.4866485720073,530.6546485720073,1928.3200000000002,"[0.0, 0.0, 4.0, 2.0, 0.0, 0.0, 4.0, 0.0, 2.0, 0.0, 2.0, 2.0, 2.0, 2.0, 0.0, 2.0]"
17,663,600.4961620964473,538.8501620964473,616.46,"[0.0, 0.0, 2.0, 0.0, 0.0, 0.0, 0.0, 0.0, 0.0, 0.0, 2.0, 0.0, 2.0, 2.0, 0.0, 0.0]"
17,664,724.6000143165857,569.9360143165857,1546.6400000000003,"[0.0, 0.0, 0.0, 0.0, 4.0, 0.0, 2.0, 0.0, 4.0, 0.0, 0.0, 0.0, 0.0, 2.0, 0.0, 4.0]"
17,665,687.8455761750406,560.8965761750405,1269.4900000000002,"[0.0, 4.0, 0.0, 0.0, 0.0, 0.0, 2.0, 0.0, 4.0, 0.0, 2.0, 0.0, 0.0, 2.0, 0.0, 2.0]"
17,666,665.1832733657483,548.7192733657482,1164.64,"[0.0, 0.0, 2.0, 0.0, 0.0, 4.0, 0.0, 0.0, 2.0, 0.0, 2.0, 0.0, 0.0, 2.0, 0.0, 2.0]"
17,667,619.9827133594488,552.4237133594488,675.5900000000001,"[0.0, 0.0, 0.0, 0.0, 0.0, 0.0, 0.0, 0.0, 4.0, 0.0, 0.0, 0.0, 4.0, 2.0, 0.0, 0.0]"
17,668,734.3074810913021,585.097481091302,1492.1000000000001,"[0.0, 4.0, 0.0, 0.0, 0.0, 0.0, 0.0, 4.0, 0.0, 2.0, 2.0, 0.0, 0.0, 0.0, 0.0, 0.0]"
17,669,647.7809062542212,578.4979062542212,692.83,"[2.0, 0.0, 0.0, 4.0, 0.0, 0.0, 0.0, 0.0, 4.0, 0.0, 2.0, 0.0, 0.0, 0.0, 0.0, 0.0]"
17,670,581.0914876730834,541.8964876730834,391.95000000000005,"[0.0, 0.0, 2.0, 0.0, 0.0, 0.0, 0.0, 0.0, 4.0, 0.0, 2.0, 0.0, 0.0, 2.0, 0.0, 0.0]"
17,671,597.2283117190138,574.9573117190139,222.71,"[0.0, 0.0, 0.0, 0.0, 0.0, 0.0, 0.0, 0.0, 2.0, 2.0, 4.0, 0.0, 0.0, 0.0, 0.0, 0.0]"
17,672,668.9545665563585,574.6735665563585,942.8100000000001,"[4.0, 0.0, 0.0, 0.0, 0.0, 0.0, 0.0, 0.0, 2.0, 0.0, 2.0, 0.0, 0.0, 0.0, 0.0, 4.0]"
17,673,599.6962792975346,573.8932792975346,258.03000000000003,"[0.0, 0.0, 0.0, 0.0, 0.0, 0.0, 0.0, 0.0, 4.0, 0.0, 2.0, 0.0, 2.0, 0.0, 0.0, 0.0]"
17,674,664.645110495745,585.194110495745,794.5100000000001,"[0.0, 0.0, 0.0, 0.0, 0.0, 4.0, 0.0, 0.0, 2.0, 0.0, 2.0, 0.0, 0.0, 0.0, 0.0, 2.0]"
17,675,630.676160475483,537.904160475483,927.7200000000001,"[0.0, 0.0, 2.0, 0.0, 0.0, 0.0, 0.0, 0.0, 2.0, 0.0, 2.0, 0.0, 0.0, 2.0, 4.0, 0.0]"
17,676,664.4405348821504,563.9405348821504,1005.0,"[0.0, 2.0, 0.0, 0.0, 0.0, 2.0, 0.0, 0.0, 4.0, 0.0, 2.0, 0.0, 0.0, 2.0, 0.0, 2.0]"
17,677,637.6214811913285,536.1254811913285,1014.96,"[2.0, 0.0, 2.0, 0.0, 0.0, 0.0, 0.0, 0.0, 2.0, 0.0, 2.0, 0.0, 0.0, 4.0, 0.0, 2.0]"
17,678,857.0963278422901,548.71232784229,3083.84,"[4.0, 0.0, 4.0, 0.0, 4.0, 2.0, 0.0, 0.0, 2.0, 0.0, 0.0, 2.0, 0.0, 0.0, 4.0, 2.0]"
17,679,684.1926318206375,558.5936318206375,1255.9900000000002,"[0.0, 0.0, 0.0, 2.0, 0.0, 0.0, 0.0, 0.0, 0.0, 0.0, 2.0, 2.0, 0.0, 2.0, 2.0, 4.0]"
17,680,685.6804665406172,536.0994665406172,1495.8100000000002,"[0.0, 2.0, 4.0, 2.0, 0.0, 0.0, 2.0, 0.0, 0.0, 0.0, 4.0, 0.0, 0.0, 2.0, 0.0, 2.0]"
18,681,579.050475177305,560.713475177305,183.37,"[0.0, 0.0, 0.0, 0.0, 0.0, 0.0, 0.0, 0.0, 2.0, 0.0, 0.0, 0.0, 0.0, 2.0, 0.0, 0.0]"
18,682,582.2063137453563,543.0113137453562,391.95000000000005,"[0.0, 0.0, 2.0, 0.0, 0.0, 0.0, 0.0, 0.0, 4.0, 0.0, 2.0, 0.0, 0.0, 2.0, 0.0, 0.0]"
18,683,579.7655305639987,578.0895305639987,16.76,"[0.0, 0.0, 0.0, 0.0, 0.0, 0.0, 0.0, 0.0, 4.0, 0.0, 2.0, 0.0, 0.0, 0.0, 0.0, 0.0]"
18,684,784.0080695476031,562.787069547603,2212.2100000000005,"[0.0, 0.0, 0.0, 0.0, 4.0, 0.0, 0.0, 0.0, 2.0, 4.0, 0.0, 0.0, 4.0, 2.0, 0.0, 4.0]"
18,685,732.6460848190168,569.4180848190167,1632.2800000000002,"[0.0, 2.0, 0.0, 2.0, 0.0, 0.0, 0.0, 4.0, 2.0, 0.0, 2.0, 0.0, 0.0, 2.0, 0.0, 4.0]"
18,686,594.6758615332659,559.6098615332659,350.6600000000001,"[0.0, 0.0, 0.0, 0.0, 0.0, 0.0, 0.0, 0.0, 2.0, 0.0, 2.0, 0.0, 0.0, 2.0, 0.0, 2.0]"
18,687,689.9701812533765,540.6521812533765,1493.1800000000003,"[0.0, 2.0, 2.0, 4.0, 0.0, 0.0, 0.0, 0.0, 0.0, 0.0, 2.0, 0.0, 2.0, 2.0, 0.0, 2.0]"
18,688,737.044623227549,533.9176232275489,2031.2700000000002,"[4.0, 0.0, 4.0, 0.0, 0.0, 2.0, 0.0, 0.0, 4.0, 0.0, 2.0, 0.0, 0.0, 2.0, 4.0, 0.0]"
18,689,613.5249405606214,580.8159405606214,327.09000000000003,"[0.0, 0.0, 0.0, 0.0, 0.0, 2.0, 0.0, 0.0, 4.0, 0.0, 2.0, 0.0, 0.0, 0.0, 0.0, 0.0]"
18,690,582.389191151638,543.1941911516379,391.95000000000005,"[0.0, 0.0, 2.0, 0.0, 0.0, 0.0, 0.0, 0.0, 4.0, 0.0, 2.0, 0.0, 0.0, 2.0, 0.0, 0.0]"
18,691,636.5434785545424,573.8034785545424,627.4000000000001,"[0.0, 0.0, 0.0, 4.0, 0.0, 0.0, 0.0, 0.0, 2.0, 0.0, 2.0, 0.0, 2.0, 0.0, 0.0, 0.0]"
18,692,625.4312279635258,576.5252279635258,489.06000000000006,"[0.0, 0.0, 0.0, 0.0, 0.0, 0.0, 4.0, 0.0, 4.0, 0.0, 2.0, 0.0, 0.0, 0.0, 0.0, 0.0]"
18,693,580.0579300911854,560.8869300911854,191.71000000000004,"[0.0, 0.0, 0.0, 0.0, 0.0, 0.0, 0.0, 0.0, 4.0, 0.0, 0.0, 0.0, 0.0, 2.0, 0.0, 0.0]"
18,694,679.4380372771475,564.0810372771474,1153.5700000000002,"[0.0, 0.0, 2.0, 0.0, 0.0, 0.0, 4.0, 2.0, 2.0, 0.0, 2.0, 0.0, 0.0, 0.0, 0.0, 2.0]"
18,695,650.4044961842372,542.2794961842372,1081.25,"[0.0, 2.0, 2.0, 2.0, 0.0, 0.0, 0.0, 0.0, 4.0, 0.0, 2.0, 0.0, 0.0, 2.0, 0.0, 2.0]"
18,696,579.221850726106,579.221850726106,0.0,"[0.0, 0.0, 0.0, 0.0, 0.0, 0.0, 0.0, 0.0, 0.0, 0.0, 4.0, 0.0, 0.0, 0.0, 0.0, 0.0]"
18,697,620.53189800743,557.0818980074299,634.5,"[0.0, 0.0, 0.0, 0.0, 0.0, 0.0, 0.0, 0.0, 4.0, 0.0, 2.0, 0.0, 0.0, 2.0, 2.0, 2.0]"
18,698,642.8009900054026,540.4809900054025,1023.2,"[0.0, 0.0, 2.0, 0.0, 0.0, 0.0, 4.0, 0.0, 2.0, 0.0, 2.0, 0.0, 0.0, 2.0, 0.0, 2.0]"
18,699,648.1240040518637,547.5550040518638,1005.6900000000002,"[0.0, 0.0, 2.0, 0.0, 0.0, 4.0, 0.0, 0.0, 4.0, 0.0, 2.0, 0.0, 0.0, 2.0, 0.0, 0.0]"
18,700,726.057658562939,547.8066585629389,1782.5100000000002,"[0.0, 0.0, 2.0, 0.0, 4.0, 0.0, 2.0, 0.0, 2.0, 2.0, 2.0, 0.0, 0.0, 2.0, 0.0, 2.0]"
18,701,782.486537033286,556.386537033286,2261.0,"[2.0, 0.0, 2.0, 0.0, 4.0, 0.0, 0.0, 0.0, 0.0, 0.0, 2.0, 4.0, 2.0, 0.0, 0.0, 2.0]"
18,702,579.2215997973658,560.8845997973658,183.37,"[0.0, 0.0, 0.0, 0.0, 0.0, 0.0, 0.0, 0.0, 2.0, 0.0, 2.0, 0.0, 0.0, 2.0, 0.0, 0.0]"
18,703,617.5841933000135,551.8731933000134,657.1100000000001,"[0.0, 0.0, 2.0, 0.0, 0.0, 0.0, 2.0, 0.0, 2.0, 2.0, 4.0, 0.0, 0.0, 0.0, 0.0, 0.0]"
18,704,597.4429574468085,579.3659574468085,180.77,"[0.0, 0.0, 0.0, 0.0, 0.0, 0.0, 0.0, 0.0, 2.0, 0.0, 2.0, 0.0, 0.0, 0.0, 0.0, 2.0]"
18,705,730.7242625607779,568.4892625607779,1622.3500000000001,"[2.0, 0.0, 0.0, 4.0, 0.0, 0.0, 0.0, 4.0, 2.0, 0.0, 0.0, 0.0, 0.0, 2.0, 0.0, 2.0]"
18,706,625.1947426545087,569.9417426545086,552.5300000000001,"[0.0, 0.0, 0.0, 0.0, 0.0, 0.0, 0.0, 0.0, 2.0, 0.0, 2.0, 0.0, 0.0, 0.0, 4.0, 0.0]"
18,707,582.4389716312057,543.2439716312057,391.95000000000005,"[0.0, 0.0, 2.0, 0.0, 0.0, 0.0, 0.0, 0.0, 4.0, 0.0, 2.0, 0.0, 0.0, 2.0, 0.0, 0.0]"
18,708,598.3009456264775,562.4009456264776,359.0,"[0.0, 0.0, 0.0, 0.0, 0.0, 0.0, 0.0, 0.0, 4.0, 0.0, 2.0, 0.0, 0.0, 2.0, 0.0, 2.0]"
18,709,665.3361327750388,568.0621327750388,972.74,"[0.0, 0.0, 0.0, 0.0, 0.0, 4.0, 0.0, 0.0, 4.0, 0.0, 2.0, 0.0, 0.0, 2.0, 0.0, 2.0]"
18,710,656.2318765532145,543.5658765532145,1126.66,"[0.0, 0.0, 2.0, 0.0, 0.0, 0.0, 0.0, 2.0, 2.0, 0.0, 2.0, 0.0, 0.0, 2.0, 2.0, 2.0]"
18,711,592.4927531239447,556.0707531239447,364.22,"[0.0, 0.0, 0.0, 0.0, 0.0, 0.0, 0.0, 0.0, 4.0, 0.0, 2.0, 0.0, 0.0, 4.0, 0.0, 0.0]"
18,712,627.1072656176133,542.1812656176132,849.2600000000001,"[2.0, 0.0, 2.0, 0.0, 0.0, 0.0, 0.0, 0.0, 2.0, 0.0, 0.0, 0.0, 0.0, 2.0, 0.0, 2.0]"
18,713,616.8760022963663,547.3610022963663,695.1500000000001,"[0.0, 0.0, 2.0, 0.0, 0.0, 0.0, 0.0, 2.0, 4.0, 0.0, 2.0, 0.0, 0.0, 2.0, 0.0, 0.0]"
18,714,618.6273660925362,580.8563660925363,377.71000000000004,"[0.0, 0.0, 0.0, 4.0, 0.0, 0.0, 0.0, 0.0, 0.0, 0.0, 2.0, 0.0, 0.0, 0.0, 0.0, 0.0]"
18,715,735.2767274446246,557.8667274446245,1774.1000000000001,"[0.0, 0.0, 0.0, 0.0, 0.0, 0.0, 4.0, 2.0, 4.0, 0.0, 2.0, 4.0, 2.0, 2.0, 0.0, 0.0]"
18,716,579.6836291793313,558.8176291793313,208.66,"[0.0, 0.0, 2.0, 0.0, 0.0, 0.0, 0.0, 0.0, 2.0, 0.0, 2.0, 0.0, 0.0, 0.0, 0.0, 0.0]"
18,717,596.59368591692,554.1296859169199,424.6400000000001,"[0.0, 0.0, 0.0, 0.0, 0.0, 0.0, 0.0, 0.0, 2.0, 0.0, 2.0, 0.0, 2.0, 2.0, 0.0, 0.0]"
18,718,578.8584809186085,578.0164809186085,8.42,"[0.0, 0.0, 0.0, 0.0, 0.0, 0.0, 0.0, 0.0, 2.0, 0.0, 0.0, 0.0, 0.0, 0.0, 0.0, 0.0]"
18,719,698.5271480280929,568.0011480280929,1305.2600000000002,"[0.0, 2.0, 0.0, 0.0, 0.0, 2.0, 0.0, 2.0, 4.0, 0.0, 2.0, 0.0, 0.0, 2.0, 0.0, 2.0]"
18,720,686.089971636953,583.489971636953,1026.0,"[0.0, 0.0, 0.0, 0.0, 0.0, 0.0, 0.0, 4.0, 4.0, 0.0, 2.0, 0.0, 2.0, 0.0, 0.0, 2.0]"
