ID,time,distance,start_x,start_y,end_x,end_y,state,free_flow_time_lower_bound,delay_above_free_flow,time_to_free_flow_ratio
1,214.804,139.118,202.264,305.852,248.588,184.929,0,86.9488,127.855,2.47046
2,168.401,165.864,308.744,680.888,312.592,817.971,0,103.665,64.7361,1.62447
3,36,33.2989,146.764,660.143,149.611,693.201,0,20.8118,15.1882,1.72979
4,5.1,3.17492,603.198,811.794,606.01,812.768,0,1.98433,3.11567,2.57014
5,273.807,206.889,485.858,439.588,615.638,539.736,0,129.306,144.502,2.11752
6,31.6001,39.3851,177.228,672.555,149.9,693.234,0,24.6157,6.98442,1.28374
7,62.4996,66.6508,562.248,782.831,611.209,754.915,0,41.6567,20.8429,1.50035
8,7.89999,7.632,360.535,180.118,355.814,174.186,0,4.77,3.12999,1.65618
9,18.2,21.2704,260.058,203.659,252.35,184.063,0,13.294,4.90601,1.36904
10,101.099,93.0228,365.973,200.914,349.795,174.681,0,58.1392,42.9598,1.73891
11,131.899,153.136,527.329,177.611,647.802,191.554,0,95.7099,36.189,1.37811
12,38.2,44.2003,599.321,320.547,630.331,334.061,0,27.6252,10.5748,1.38279
13,25.3001,31.9365,175.361,624.853,144.704,616.271,0,19.9603,5.33975,1.26752
14,63.2996,48.5782,115.22,399.661,67.702,404.795,0,30.3613,32.9383,2.08487
15,335.111,168.645,503.955,200.292,356.081,173.648,0,105.403,229.708,3.17933
16,29.9001,29.1877,253.562,213.464,249.828,185.104,0,18.2423,11.6577,1.63905
17,0,0,621.536,612.772,621.536,612.772,0,0,0,0
18,15.8,18.4832,404.915,96.4033,405.898,78.2302,0,11.552,4.24803,1.36773
19,129.199,95.6069,168.288,534.019,139.933,611.113,0,59.7543,69.4444,2.16217
20,82.3993,83.3897,557.847,352.917,630.338,334.111,0,52.1186,30.2807,1.581
21,122.799,140.247,531.258,188.603,648.088,191.173,0,87.6543,35.1444,1.40094
22,154.2,156.169,320.564,305.96,251.026,184.65,0,97.6055,56.5948,1.57983
23,485.72,216.165,423.164,613.997,592.064,613.965,1,135.103,350.617,3.59519
24,126.099,106.862,558.957,376.819,630.275,333.923,0,66.7887,59.31,1.88802
25,175.301,186.335,482.236,698.3,611.987,752.88,0,116.459,58.8421,1.50526
26,138.899,114.396,257.389,632.895,144.818,616.123,0,71.4976,67.4017,1.94271
27,229.605,229.765,496.358,505.548,615.575,539.923,0,143.603,86.0014,1.59888
28,6.1,5.9517,605.919,752.248,611.662,753.811,0,3.71981,2.38018,1.63987
29,29.2001,30.4394,572.31,832.479,602.468,833.349,0,19.0246,10.1755,1.53486
30,252.406,131.231,510.94,653.921,613.271,612.822,0,82.0194,170.387,3.0774
31,48.4998,61.6214,596.22,229.778,647.953,197.862,0,38.5134,9.98643,1.2593
32,344.012,221.443,393.289,338.21,349.658,174.614,0,138.402,205.61,2.48561
33,147,135.462,531.456,147.664,653.53,130.047,0,84.6635,62.3363,1.73628
34,193.303,141.838,277.441,644.519,144.714,616.263,0,88.649,104.654,2.18054
35,148.6,134.077,298.569,295.744,250.422,184.892,0,83.7984,64.8015,1.7733
36,136.999,124.45,276.222,297.235,250.432,184.916,0,77.7815,59.2177,1.76133
37,108.499,86.7649,439.351,179,355.789,174.318,0,54.2281,54.2708,2.00079
38,289.808,202.035,476.17,399.089,630.278,334.128,0,126.272,163.536,2.29511
39,118.399,106.622,204.268,562.487,144.704,615.732,0,66.6387,51.7601,1.77673
40,119.599,108.024,546.922,123.811,653.531,129.95,0,67.5153,52.0834,1.77143
41,48.5998,58.6437,193.333,679.733,149.496,693.249,0,36.6523,11.9475,1.32597
42,359.713,184.691,498.021,539.339,613.214,612.766,0,115.432,244.281,3.11623
43,292.009,220.031,478.994,414.088,630.38,334.129,0,137.519,154.49,2.1234
44,303.609,180.31,213.373,438.762,67.8426,405.41,0,112.694,190.916,2.69411
45,17.9,19.2418,151.972,674.273,149.664,693.183,0,12.0261,5.87391,1.48843
46,182.502,86.4789,541.832,635.338,613.199,612.814,0,54.0493,128.453,3.37658
47,450.418,272.297,448.727,480.204,615.495,539.946,0,170.186,280.233,2.64663
48,339.411,228.541,352.225,360.52,349.674,174.645,0,142.838,196.573,2.37619
49,143.5,129.725,536.159,152.806,653.463,130.043,0,81.078,62.4215,1.76989
50,310.81,206.158,248.069,416.615,67.7491,405.246,0,128.848,181.961,2.41221
51,163.501,143.171,265.274,657.145,144.823,615.98,0,89.4821,74.0187,1.82719
52,325.211,212.735,243.776,426.354,67.701,405.509,0,132.959,192.251,2.44594
53,88.1992,82.6138,583.226,187.694,647.667,191.686,0,51.6336,36.5656,1.70817
54,485.72,266.166,425.143,434.932,613.406,539.785,1,166.354,319.367,2.91981
55,49.6998,57.6832,554.379,758.105,611.23,754.92,0,36.052,13.6478,1.37856
56,485.72,282.181,409.814,442.512,603.408,536.011,1,176.363,309.358,2.7541
57,202.703,138.783,293.245,300.333,250.745,184.839,0,86.7394,115.964,2.33692
58,133.899,122.72,534.918,131.305,653.532,130.045,0,76.6999,57.1991,1.74575
59,81.9993,65.3936,589.296,661.625,613.199,612.82,0,40.871,41.1283,2.0063
60,311.41,190.202,254.412,354.048,249.371,185.22,0,118.876,192.534,2.61962
61,141.699,183.754,534.368,303.723,647.944,197.671,0,114.846,26.8531,1.23382
62,309.21,217.908,394.19,329.316,349.735,174.652,0,136.192,173.017,2.27039
63,124.299,148.173,316.218,694.286,312.143,818.199,0,92.6084,31.6902,1.3422
64,6.5,7.10405,623.427,333.286,630.361,334.04,0,4.44003,2.05997,1.46395
65,126.099,167.706,533.965,288.049,648.098,197.99,0,104.816,21.2826,1.20305
66,217.004,207.883,253.598,501.43,140.128,611.103,0,129.927,87.0775,1.67021
67,117.399,116.859,362.946,234.946,350.019,174.741,0,73.0371,44.3617,1.60739
68,92.9992,116.132,320.509,712.769,312.298,818.05,0,72.5824,20.4167,1.28129
69,104.999,122.067,351.188,703.579,312.722,817.994,0,76.2916,28.7074,1.37628
70,319.01,244.606,313.453,375.917,251.142,184.473,0,152.879,166.131,2.08669
71,436.317,321.89,389.963,442.229,349.563,174.611,0,201.181,235.136,2.16878
72,96.8991,119.73,583.294,278.677,648.029,197.911,0,74.831,22.0681,1.29491
73,283.708,224.922,469.974,370.553,630.272,334.11,0,140.576,143.132,2.01818
74,339.411,207.193,278.878,372.073,249.154,185.132,0,129.496,209.916,2.62102
75,485.72,219.647,419.109,506.4,575.082,450.2,1,137.28,348.441,3.53818
76,117.799,98.2288,264.427,280.216,250.167,184.993,0,61.393,56.4057,1.91876
77,485.72,259.319,444.894,487.243,603.135,536.848,1,162.074,323.646,2.9969
78,94.8991,101.63,241.075,626.022,144.834,616.034,0,63.5184,31.3807,1.49404
79,19,18.9457,595.573,614.719,613.26,613.056,0,11.8411,7.15896,1.60459
80,485.72,377.707,580.665,537.511,572.995,545.676,1,236.067,249.654,2.05756
81,149,133.664,313.409,283.318,249.892,185.143,0,83.5399,65.46,1.78358
82,358.013,280.788,357.058,556.778,144.827,615.954,0,175.493,182.52,2.04004
83,324.311,199.439,500.875,576.73,613.169,612.783,0,124.649,199.661,2.60178
84,212.504,129.197,211.434,306.944,249.209,185.121,0,80.7483,131.756,2.63168
85,126.199,110.114,306.952,248.128,349.824,174.663,0,68.8212,57.3774,1.83372
86,79.7994,78.4309,357.256,195.594,349.819,174.742,0,49.0193,30.78,1.62792
87,177.202,90.7539,572.956,674.689,613.238,612.754,0,56.7212,120.48,3.12408
88,57.9997,59.5006,569.849,780.52,611.237,754.9,0,37.1879,20.8118,1.55964
89,100.999,114.603,573.006,442.172,615.522,539.831,0,71.6269,29.3722,1.41007
90,102.999,109.671,87.8419,472.994,67.7698,405.374,0,68.5443,34.4547,1.50266
91,248.206,154.383,205.337,317.948,249.694,185.209,0,96.4892,151.717,2.57237
92,98.0991,93.4016,304.247,230.096,349.971,174.799,0,58.376,39.7231,1.68047
93,304.409,212.864,378.924,342.867,349.672,174.587,0,133.04,171.369,2.2881
94,0,0,405.617,73.7946,405.617,73.7946,0,0,0,0
95,62.7996,73.5226,591.442,192.463,647.806,197.621,0,45.9516,16.848,1.36665
96,348.712,188.742,476.31,550.698,613.181,612.822,0,117.964,230.748,2.95609
97,91.0992,110.158,575.623,446.331,615.521,540.114,0,68.8487,22.2505,1.32318
98,238.405,113.755,225.091,294.28,248.599,184.939,0,71.0971,167.308,3.35324
99,164.401,207.915,513.567,259.651,647.911,197.715,0,129.947,34.4539,1.26514
100,485.72,337.921,388.698,517.112,602.661,526.413,1,211.201,274.52,2.29981
101,131.099,108.036,423.227,233.179,355.88,173.956,0,67.5225,63.5763,1.94156
102,85.8993,101.614,541.376,495.618,615.61,539.679,0,63.5088,22.3905,1.35256
103,395.415,270.014,422.903,403.148,630.302,334.102,0,168.759,226.656,2.34308
104,19,23.972,167.696,623.023,144.701,616.266,0,14.9825,4.01756,1.26815
105,405.316,167.674,489.801,638.685,613.197,612.795,0,104.796,300.519,3.86766
106,463.519,184.738,450.996,638.712,613.255,612.835,0,115.461,348.058,4.01451
107,161.901,144.937,272.1,617.498,144.723,616.26,0,90.5859,71.3148,1.78726
108,23.8001,19.9322,87.0148,409.776,67.8004,405.11,0,12.4576,11.3424,1.91048
109,49.8998,48.1534,605.797,133.528,653.533,130.045,0,30.0959,19.8039,1.65803
110,485.72,257.133,449.268,487.402,604.418,536.888,1,160.708,325.012,3.02238
111,57.5997,66.7609,190.423,591.315,144.714,615.627,0,41.7255,15.8741,1.38044
112,37,30.1145,232.799,205.022,249.086,185.071,0,18.8215,18.1785,1.96583
113,96.1991,101.411,244.592,631.142,144.842,615.982,0,63.3818,32.8173,1.51777
114,38.2,45.2556,612.423,192.95,647.999,197.904,0,28.2847,9.91525,1.35055
115,241.506,219.788,385.039,645.766,312.065,818.174,0,137.367,104.138,1.7581
116,104.299,76.3554,268.716,258.645,249.855,185.129,0,47.7221,56.5768,2.18555
117,485.72,274.111,442.832,497.419,605.895,537.202,1,171.32,314.401,2.83517
118,212.604,146.598,277.107,648.449,144.818,615.873,0,91.6237,120.98,2.3204
119,127.499,136.543,233.61,775.701,152.81,701.791,0,85.3393,42.1593,1.49402
120,147.2,185.006,534.131,305.375,647.94,197.657,0,115.629,31.5709,1.27304
121,179.002,128.965,525.75,706.958,612.39,752.086,0,80.6032,98.3985,2.22078
122,95.5991,79.0489,188.981,211.898,248.467,184.8,0,49.4055,46.1936,1.93499
123,81.8993,100.023,330.408,721.932,312.27,818.097,0,62.5141,19.3852,1.31009
124,0,0,619.765,613.058,619.765,613.058,0,0,0,0
125,23.4001,28.0653,159.186,600.817,144.581,616.486,0,17.5408,5.85923,1.33403
126,158.7,117.173,126.777,515.013,139.86,611.059,0,73.2328,85.4676,2.16707
127,107.099,112.069,574.102,444.642,615.479,539.874,0,70.0433,37.0557,1.52904
128,229.505,134.346,162.426,440.662,67.6978,405.498,0,83.9663,145.539,2.7333
129,218.204,136.79,203.959,403.934,67.8245,405.419,0,85.4936,132.711,2.55229
130,144.8,123.516,514.607,337.044,630.276,333.96,0,77.1977,67.602,1.8757
131,288.808,171.254,244.062,343.776,250.742,184.691,0,107.034,181.775,2.6983
132,310.11,180.571,244.764,350.141,250.219,184.984,0,112.857,197.253,2.74781
133,415.016,280.576,405.087,395.816,349.673,174.737,0,175.36,239.656,2.36665
134,22.2,26.0242,145.54,642.325,139.942,620.823,0,16.2651,5.93492,1.36489
135,57.5997,64.7852,550.927,752.932,611.097,755.412,0,40.4908,17.1089,1.42254
136,3.9,3.14246,138.044,608.386,139.009,611.376,0,1.96404,1.93596,1.9857
137,55.2997,65.3672,593.826,199.696,648.006,197.93,0,40.8545,14.4452,1.35358
138,51.9998,51.6269,613.206,146.39,653.464,129.953,0,32.2668,19.733,1.61156
139,86.3993,76.9705,230.742,258.287,248.959,185.022,0,48.1066,38.2927,1.796
140,475.82,248.894,443.355,437.553,615.503,539.824,0,155.559,320.261,3.05878
141,0,0,248.686,175.68,248.686,175.68,0,0,0,0
142,100.299,75.8585,423.08,157.795,356.091,173.442,0,47.4116,52.8875,2.1155
143,56.1997,64.3908,550.767,753.698,611.158,754.91,0,40.2443,15.9554,1.39646
144,74.7994,78.1937,173.864,561.139,139.925,611.094,0,48.8711,25.9283,1.53055
145,68.4995,74.1347,347.593,201.123,349.78,174.738,0,46.3342,22.1653,1.47838
146,183.202,147.565,517.411,136.785,653.559,130.012,0,92.2281,90.9739,1.9864
147,246.906,291.328,377.964,572.706,312.128,818.192,0,182.08,64.8258,1.35603
148,287.208,164.671,173.634,301.568,248.502,184.779,0,102.919,184.289,2.79061
149,485.72,321.812,399.08,508.217,604.058,531.375,1,201.132,284.588,2.41493
150,68.7995,52.2222,119.133,398.95,67.7433,405.586,0,32.6389,36.1607,2.1079
151,135.399,109.774,428.823,228.007,356.242,173.397,0,68.609,66.79,1.97349
152,353.612,274.806,295.221,411.203,249.162,185.073,0,171.754,181.859,2.05883
153,26.8001,23.274,262.539,204.213,252.504,184.03,0,14.5462,12.2538,1.84241
154,104.999,85.6508,358.652,195.365,350.001,174.84,0,53.5317,51.4672,1.96143
155,254.806,189.154,386.157,301.796,349.709,174.611,0,118.221,136.585,2.15533
156,194.803,163.851,492.259,114.817,653.523,129.889,0,102.407,92.3955,1.90224
157,303.909,221.332,256.427,421.573,67.6714,404.842,0,138.333,165.577,2.19695
158,210.004,120.748,197.96,258.543,248.638,184.876,0,75.4674,134.536,2.78271
159,267.207,332.733,397.501,589.543,312.394,818.092,0,207.958,59.2492,1.28491
160,485.72,246.95,407.248,615,602.701,612.571,1,154.344,331.377,3.147
161,419.716,286.977,358.31,419.067,349.666,174.696,0,179.361,240.356,2.34007
162,184.802,109.118,233.032,288.859,249.567,185.248,0,68.199,116.603,2.70975
163,429.617,156.086,549.703,563.813,613.248,612.831,0,97.5535,332.064,4.40391
164,308.71,221.121,259.151,422.771,67.702,404.899,0,138.201,170.509,2.23378
165,108.299,102.381,176.337,535.626,139.913,611.109,0,63.988,44.311,1.69249
166,485.72,150.416,315.448,401.024,307.028,389.997,1,94.0102,391.71,5.16668
167,0,0,250.926,181.607,250.926,181.607,0,0,0,0
168,50.4998,56.8534,144.236,554.657,139.854,611.138,0,35.5334,14.9664,1.42119
169,81.9993,72.296,114.093,436.587,67.7128,404.844,0,45.185,36.8143,1.81475
170,276.708,170.205,199.119,340.374,67.7928,404.988,0,106.378,170.33,2.60118
171,167.701,114.513,266.791,294.55,249.896,185.131,0,71.5708,96.1302,2.34315
172,87.6992,64.2003,200.995,210.913,248.142,184.672,0,40.1252,47.574,2.18564
173,184.002,119.406,535.423,669.973,613.253,612.775,0,74.6286,109.373,2.46557
174,2.2,1.35252,254.568,183.412,253.297,182.949,0,0.845325,1.35468,2.60255
175,170.901,115.059,181.278,401.143,67.7395,405.499,0,71.9117,98.9895,2.37654
176,485.72,365.911,574.648,544.966,578.045,545.314,1,228.694,257.026,2.12389
177,41.8999,43.8715,409.143,121.685,405.948,78.1483,0,27.4197,14.4803,1.5281
178,92.2992,106.092,565.568,471.838,615.585,540.314,0,66.3077,25.9914,1.39198
179,136.199,110.483,461.725,180.675,355.649,174.319,0,69.0521,67.147,1.97241
180,69.4995,84.2792,579.209,477.489,615.565,540.362,0,52.6745,16.825,1.31942
181,44.0999,45.7369,407.507,123.641,405.855,78.2359,0,28.5856,15.5143,1.54273
182,308.81,164.797,194.062,445.127,67.6863,405.542,0,102.998,205.812,2.99821
183,6,4.86258,140.579,606.497,139.594,611.188,0,3.03911,2.96089,1.97426
184,0,0,610.112,836.521,610.112,836.521,0,0,0,0
185,73.8994,80.0271,331.678,233.735,349.502,174.55,0,50.0169,23.8825,1.47749
186,112.899,87.7763,272.63,269.922,249.852,185.083,0,54.8602,58.0386,2.05794
187,30.5001,30.8909,153.489,590.739,139.941,611.095,0,19.3068,11.1933,1.57976
188,195.003,180.193,183.511,522.716,139.675,611.079,0,112.621,82.3821,1.7315
189,0,0,408.11,70.7896,408.11,70.7896,0,0,0,0
190,485.72,137.122,471.752,331.586,470.792,329.275,1,85.7012,400.019,5.6676
191,374.514,250.399,397.156,364.552,349.993,174.825,0,156.499,218.014,2.39307
192,9.6,9.94424,599.103,805.156,606.912,810.633,0,6.21515,3.38485,1.54461
193,485.72,319.055,428.7,535.116,588.988,615.16,1,199.409,286.311,2.4358
194,288.908,179.219,206.356,328.118,249.531,185.234,0,112.012,176.896,2.57926
195,485.72,149.7,503.532,625.206,601.12,612.829,1,93.5628,392.158,5.19139
196,129.199,107.534,560.422,377.087,630.318,334.157,0,67.2088,61.9899,1.92235
197,367.313,213.986,479.093,530.565,613.256,612.833,0,133.741,233.572,2.74645
198,166.901,158.134,228.534,567.329,144.745,615.891,0,98.8337,68.0673,1.6887
199,20.1,19.2474,86.483,401.839,67.8311,404.967,0,12.0296,8.07044,1.67088
200,131.299,97.1054,566.717,683.74,612.385,751.999,0,60.6908,70.608,2.1634
201,276.508,254.692,348.603,574.398,144.7,615.701,0,159.183,117.325,1.73705
202,202.703,154.273,424.781,278.926,355.767,174.265,0,96.4204,106.283,2.10229
203,179.802,225.511,500.914,248.427,647.862,197.822,0,140.945,38.8573,1.27569
204,231.005,177.335,474.629,564.342,613.184,612.847,0,110.834,120.17,2.08423
205,9.7,9.79233,252.493,194.184,249.157,185.04,0,6.1202,3.5798,1.58491
206,485.72,273.848,422.458,473.161,604.057,535.829,1,171.155,314.565,2.8379
207,76.0994,67.996,592.385,178.903,647.719,191.868,0,42.4975,33.6019,1.79068
208,312.11,151.607,487.673,623.998,613.271,612.775,0,94.7546,217.355,3.29388
209,143,173.029,413.165,711.987,313.459,818.287,0,108.143,34.8564,1.32232
210,88.6992,89.0603,151.17,523.322,139.633,611.221,0,55.6627,33.0365,1.59351
211,485.72,258.076,476.067,490.122,602.936,530.429,1,161.297,324.423,3.01133
212,124.399,109.119,423.411,232.7,356.12,173.413,0,68.1996,56.1991,1.82404
213,406.516,294.81,312.509,460.214,67.6993,404.938,0,184.256,222.259,2.20625
214,20.5,18.9261,611.215,333.862,630.267,334.104,0,11.8288,8.67122,1.73306
215,82.8993,84.9006,578.581,148.11,653.514,130.085,0,53.0629,29.8364,1.56228
216,293.209,171.163,166.422,302.322,248.349,184.815,0,106.977,186.232,2.74086
217,366.513,236.198,348.021,589.841,144.672,615.704,0,147.624,218.889,2.48275
218,35.1,37.6468,600.176,327.111,630.3,334.078,0,23.5293,11.5708,1.49176
219,206.603,210.374,413.169,668.708,313.008,818.125,0,131.484,75.1194,1.57132
220,0,0,139.184,612.907,139.184,612.907,0,0,0,0
221,188.002,148.606,496.894,347.67,630.352,333.943,0,92.8788,95.1235,2.02417
222,61.4996,71.8288,592.336,194.057,647.822,197.605,0,44.893,16.6066,1.36992
223,478.62,265.392,443.999,468.736,615.569,539.807,0,165.87,312.75,2.88551
224,77.4994,73.5732,591.361,186.828,647.734,191.666,0,45.9832,31.5162,1.68538
225,102.999,81.2415,427.455,147.841,356.162,173.44,0,50.776,52.223,2.0285
226,140.899,112.645,349.894,251.262,349.896,174.699,0,70.403,70.4964,2.00133
227,323.411,157.468,504.057,188.404,355.952,173.662,0,98.4176,224.993,3.2861
228,208.904,157.629,444.475,264.316,356.245,173.321,0,98.5183,110.385,2.12045
229,324.311,268.388,442.563,365.407,355.766,174.231,0,167.743,156.568,1.93338
230,156.1,136.914,510.986,713.83,612.087,752.742,0,85.5714,70.5289,1.82421
231,15.1,16.0852,598.168,745.331,612.243,752.379,0,10.0533,5.04674,1.502
232,34.4,45.7969,322.899,773.725,312.763,818.066,0,28.6231,5.777,1.20183
233,485.72,250.747,388.063,458.511,585.618,476.605,1,156.717,329.003,3.09934
234,485.72,378.877,88.9377,453.902,89.2949,459.767,1,236.798,248.922,2.0512
235,123.899,128.66,202.634,538.102,139.94,611.165,0,80.4125,43.4862,1.54079
236,29.2001,37.253,597.953,514.782,615.467,540.201,0,23.2831,5.91697,1.25413
237,144,173.149,296.895,683.163,149.429,693.381,0,108.218,35.7815,1.33064
238,485.72,268.621,375.036,494.425,584.848,470.131,1,167.888,317.832,2.89312
239,95.8991,79.2139,398.837,203.609,355.769,174.288,0,49.5087,46.3905,1.93702
240,126.899,130.515,298.152,292.633,250.235,185.003,0,81.572,45.3266,1.55566
241,72.7995,86.3153,566.047,492.12,615.617,539.569,0,53.9471,18.8524,1.34946
242,261.307,271.486,286.188,502.035,139.922,611.128,0,169.679,91.6278,1.54001
243,248.506,136.485,223.571,312.428,249.112,185.116,0,85.3032,163.203,2.91321
244,221.704,137.798,192.354,413.63,67.7577,405.393,0,86.124,135.58,2.57424
245,43.2999,47.5539,402.957,170.33,356.039,173.706,0,29.7212,13.5787,1.45687
246,19.1,17.1397,604.441,553.708,616.316,541.912,0,10.7123,8.38774,1.783
247,236.805,134.494,533.755,563.472,613.169,612.813,0,84.0589,152.746,2.81714
248,118.999,115.66,224.554,605.685,144.804,616.222,0,72.2872,46.7115,1.64619
249,51.6998,39.9945,291.273,192.127,253.111,183.47,0,24.9966,26.7032,2.06828
250,388.514,280.72,357.423,553.763,144.778,615.763,0,175.45,213.065,2.21439
251,122.999,119.553,548.701,566.644,613.218,612.832,0,74.7204,48.2783,1.64612
252,485.72,251.515,411.953,609.827,595.775,615.561,1,157.197,328.524,3.08989
253,32.2001,36.513,616.301,199.461,647.847,197.6,0,22.8206,9.37944,1.41101
254,207.803,131.111,352.085,272,350.153,174.785,0,81.9444,125.859,2.53591
255,84.0993,108.449,338.884,713.025,312.799,818.002,0,67.7809,16.3184,1.24075
256,67.0995,71.8496,149.726,540.349,139.949,611.071,0,44.906,22.1935,1.49422
257,63.0996,80.1462,331.243,740.542,312.767,818.048,0,50.0914,13.0083,1.25969
258,173.401,97.3209,218.563,274.728,248.984,185.034,0,60.8256,112.576,2.8508
259,255.606,226.744,476.128,426.76,615.521,539.933,0,141.715,113.891,1.80367
260,144.6,117.185,343.953,269.287,349.744,174.702,0,73.2406,71.3591,1.97431
261,22.9001,20.0712,85.8276,412.023,67.7688,405.439,0,12.5445,10.3556,1.82551
262,71.5995,67.591,575.772,706.299,612.154,752.421,0,42.2444,29.3551,1.69489
263,97.1991,96.7758,205.748,570.222,144.796,615.811,0,60.4849,36.7142,1.607
264,74.6994,67.198,588.777,690.291,612.382,752.066,0,41.9987,32.7007,1.77861
265,216.004,212.349,512.957,505.764,615.454,540.142,0,132.718,83.2861,1.62754
266,269.307,201.014,477.43,399.617,630.271,334.07,0,125.634,143.673,2.14359
267,485.72,263.802,441.496,567.745,593.122,613.581,1,164.876,320.844,2.94597
268,5.4,5.34583,602.338,818.011,607.338,816.125,0,3.34114,2.05885,1.61621
269,154.8,124.253,260.624,627.139,144.839,615.874,0,77.658,77.1423,1.99336
270,351.112,319.944,379.881,532.384,144.77,615.959,0,199.965,151.147,1.75587
271,485.72,241.321,467.232,476.284,605.114,535.285,1,150.825,334.895,3.22041
272,295.109,297.657,274.124,497.77,139.893,611.152,0,186.036,109.073,1.5863
273,38.6,45.1325,183.266,673.638,149.949,693.307,0,28.2078,10.3922,1.36841
274,148.9,149.389,282.816,705.74,311.512,818.399,0,93.368,55.5319,1.59476
275,51.3998,47.8433,604.034,294.637,635.96,282.389,0,29.9021,21.4977,1.71894
276,108.399,137.374,264.512,674.676,149.592,693.26,0,85.8587,22.5403,1.26253
277,28.1001,31.5187,599.752,335.143,630.31,334.051,0,19.6992,8.40086,1.42646
278,75.4994,53.5173,121.361,401.661,67.7741,405.242,0,33.4483,42.0511,2.2572
279,64.6996,87.4959,336.629,733.845,312.741,817.965,0,54.6849,10.0146,1.18313
280,371.213,281.407,344.745,538.936,144.776,616.142,0,175.879,195.334,2.11062
281,215.204,175.605,250.053,573.752,144.767,615.937,0,109.753,105.451,1.96079
282,41.3999,26.7343,94.7879,402.829,67.8405,404.958,0,16.7089,24.691,2.47772
283,485.72,219.147,411.643,643.564,596.506,614.977,1,136.967,348.753,3.54626
284,347.912,153.75,481.492,646.893,613.194,612.762,0,96.0935,251.819,3.62056
285,117.599,155.671,544.893,286.562,648.08,198.018,0,97.2941,20.3047,1.20869
286,282.508,164.45,197.674,349.599,67.736,404.941,0,102.781,179.727,2.74863
287,451.818,296.513,357.157,444.588,349.684,174.743,0,185.32,266.498,2.43804
288,112.799,92.1713,159.348,395.326,67.7921,404.977,0,57.607,55.1918,1.95807
289,412.216,268.702,455.091,500.494,613.245,612.783,0,167.939,244.277,2.45456
290,178.202,120.701,187.318,400.799,67.7038,405.533,0,75.438,102.764,2.36223
291,9.9,10.4468,77.8098,407.22,67.7467,405.018,0,6.52925,3.37075,1.51625
292,195.003,143.534,495.913,338.419,630.44,333.833,0,89.7089,105.294,2.17373
293,153.7,108.516,557.496,304.931,630.257,333.853,0,67.8223,85.8778,2.26622
294,66.6996,34.3507,234.667,214.801,249.559,185.2,0,21.4692,45.2303,3.10675
295,218.304,217.889,435.461,679.163,313.116,818.121,0,136.181,82.1236,1.60305
296,485.72,134.919,430.348,531.17,425.907,542.713,1,84.3241,401.396,5.76016
297,28.9001,30.1413,599.194,726.043,612.193,752.567,0,18.8383,10.0618,1.53411
298,355.712,289.722,431.587,379.313,355.813,174.203,0,181.076,174.636,1.96444
299,183.302,128.351,169.595,494.231,139.783,611.085,0,80.2196,103.082,2.285
300,39.2,46.4182,605.563,301.706,630.28,334.05,0,29.0114,10.1886,1.35119
301,162.201,170.309,216.087,502.223,140.002,611.135,0,106.443,55.7578,1.52383
302,42.5999,33.7842,285.866,186.705,253.295,182.934,0,21.1151,21.4848,2.01751
303,8.7,9.32424,347.666,183.841,350.322,174.905,0,5.82765,2.87234,1.49288
304,76.4994,87.3965,537.544,748.061,611.155,754.939,0,54.6228,21.8766,1.4005
305,485.72,294.592,403.206,580.958,575.368,617.467,1,184.12,301.601,2.63807
306,309.31,322.513,323.407,481.861,139.887,611.116,0,201.57,107.739,1.5345
307,57.5997,65.4464,146.853,546.699,139.923,611.102,0,40.904,16.6957,1.40817
308,485.72,286.661,409.077,568.309,592.649,612.966,1,179.163,306.558,2.71106
309,278.908,285.906,306.859,515.93,139.873,611.09,0,178.691,100.216,1.56084
310,100.199,105.985,540.539,713.787,611.977,752.964,0,66.2409,33.9581,1.51265
311,423.917,309.091,374.386,440.594,349.744,174.674,0,193.182,230.735,2.19439
312,392.215,358.95,359.239,491.83,144.656,616.316,0,224.344,167.871,1.74828
313,125.099,136.973,511.305,717.414,611.864,753.214,0,85.6079,39.4907,1.4613
314,45.5999,45.3102,602.34,291.196,635.855,282.504,0,28.3188,17.281,1.61023
315,53.8997,52.2743,609.103,164.738,647.818,191.574,0,32.6714,21.2283,1.64975
316,135.599,104.069,348.781,243.126,349.941,174.808,0,65.0432,70.5559,2.08476
317,240.906,232.916,492.741,504.297,615.468,539.959,0,145.572,95.3331,1.65488
318,82.6993,50.067,262.72,234.053,249.881,185.102,0,31.2919,51.4074,2.64284
319,19.1,25.3143,623.559,184.41,647.835,191.389,0,15.8215,3.27857,1.20722
320,157.3,166.409,518.749,208.533,648.242,190.997,0,104.006,53.2947,1.51242
321,442.918,242.391,433.337,607.451,613.17,612.806,0,151.494,291.424,2.92366
322,43.1999,56.5595,593.422,699.443,612.301,752.087,0,35.3497,7.8502,1.22207
323,26.0001,31.6934,160.052,597.299,144.73,616.225,0,19.8084,6.19169,1.31258
324,181.302,119.279,188.154,263.028,248.727,184.921,0,74.5491,106.753,2.43198
325,182.002,170.394,229.909,555.173,144.848,615.925,0,106.496,75.5056,1.709
326,366.413,223.908,451.41,338.661,356.085,173.64,0,139.942,226.471,2.61832
327,97.4991,119.717,355.631,707.973,313.104,818.094,0,74.8233,22.6758,1.30306
328,184.102,167.046,229.138,557.151,144.824,615.993,0,104.404,79.6982,1.76336
329,311.31,169.032,518.439,179.405,356.005,173.697,0,105.645,205.665,2.94676
330,36.6,33.9707,143.135,578.025,139.926,611.101,0,21.2317,15.3683,1.72384
331,485.72,264.477,395.27,618.648,607.374,612.522,1,165.298,320.422,2.93845
332,336.011,184.417,255.064,352.446,249.119,185.103,0,115.261,220.751,2.91523
333,85.8993,76.9334,200.596,587.827,144.805,616.003,0,48.0834,37.8159,1.78647
334,215.504,126.641,223.553,304.616,249.079,185.113,0,79.1507,136.353,2.7227
335,131.799,97.5152,164.262,403.62,67.7048,405.487,0,60.947,70.8518,2.16252
336,193.303,133.129,211.525,310.008,248.434,184.833,0,83.2054,110.097,2.3232
337,230.005,148.81,318.876,297.282,250.45,184.888,0,93.0064,136.998,2.473
338,485.72,195.616,439.616,640.756,608.557,612.8,1,122.26,363.46,3.97284
339,69.1995,65.5932,579.004,706.734,612.115,752.752,0,40.9958,28.2037,1.68797
340,74.4994,75.1026,198.129,592.425,144.632,615.734,0,46.9391,27.5603,1.58715
341,78.2994,74.1502,268.559,777.326,310.691,818.8,0,46.3439,31.9555,1.68953
342,353.112,235.526,462.2,430.081,615.479,539.766,0,147.204,205.908,2.3988
343,324.311,287.01,356.577,549.456,144.69,615.695,0,179.382,144.929,1.80794
344,110.099,120.048,237.921,760.909,152.815,701.783,0,75.0299,35.0689,1.4674
345,59.1997,65.5412,565.255,782.757,611.137,755.012,0,40.9633,18.2364,1.44519
346,15.8,20.8952,172.468,709.162,152.965,701.742,0,13.0595,2.74051,1.20985
347,195.303,149.983,598.427,451.07,615.554,539.928,0,93.7396,101.563,2.08346
348,238.305,140.205,288.162,308.575,250.594,184.846,0,87.628,150.677,2.71951
349,234.005,147.422,285.385,641.273,144.659,615.701,0,92.1387,141.866,2.5397
350,96.8991,77.4717,268.56,259.383,249.343,185.202,0,48.4198,48.4793,2.00123
351,239.305,212.15,370.61,633.271,312.626,817.968,0,132.594,106.712,1.8048
352,485.72,259.014,448.013,571.931,591.701,616.823,1,161.884,323.836,3.00042
353,485.72,157.704,585.444,315.689,581.134,325.938,1,98.5649,387.156,4.92792
354,225.505,173.333,496.055,366.659,630.32,334.138,0,108.333,117.172,2.08159
355,0,0,621.247,539.627,621.247,539.627,0,0,0,0
356,119.699,149.631,275.404,678.055,149.455,693.272,0,93.5192,26.1795,1.27994
357,202.103,190.534,228.187,492.015,140.118,611.072,0,119.084,83.0196,1.69715
358,235.805,214.58,261.561,504.714,139.852,611.063,0,134.113,101.693,1.75826
359,142.399,141.492,231.929,777.199,152.797,701.763,0,88.4322,53.9673,1.61027
360,149.7,133.117,532.339,151.063,653.452,130.045,0,83.1979,66.5021,1.79932
361,67.1995,95.0215,343.139,728.771,313.035,818.122,0,59.3884,7.81112,1.13153
362,6.1,6.0629,344.84,177.209,350.176,174.78,0,3.78932,2.31068,1.60979
363,225.005,186.933,213.169,476.451,139.452,611.243,0,116.833,108.171,1.92586
364,74.7994,69.2947,593.887,182.03,647.633,191.897,0,43.3092,31.4902,1.7271
365,379.814,222.75,460.672,336.286,356.031,173.642,0,139.219,240.595,2.72818
366,437.217,276.689,419.903,389.425,630.38,334.128,0,172.931,264.287,2.52828
367,98.0991,89.9216,576.489,370.875,630.344,334.128,0,56.201,41.898,1.7455
368,236.705,172.449,421.123,293.414,356.101,173.623,0,107.78,128.925,2.19618
369,91.7992,68.979,196.486,210.795,248.438,184.819,0,43.1119,48.6873,2.12932
370,239.505,153.488,503.086,182.666,356.121,173.642,0,95.9298,143.576,2.49667
371,75.7994,75.9759,195.225,641.496,144.832,615.823,0,47.485,28.3145,1.59628
372,371.613,154.881,505.666,679.533,613.198,612.812,0,96.8008,274.813,3.83895
373,297.909,212.299,395.742,319.758,349.725,174.678,0,132.687,165.222,2.2452
374,354.612,247.587,313.205,380.906,249.465,185.154,0,154.742,199.87,2.29164
375,381.914,280.959,426.907,413.847,630.31,334.115,0,175.6,206.314,2.17491
376,51.2998,35.2442,270.347,213.781,252.781,183.937,0,22.0276,29.2721,2.32888
377,155,131.638,395.144,244.824,355.663,174.339,0,82.2737,72.7266,1.88396
378,201.103,140.659,291.544,305.322,250.844,184.731,0,87.9116,113.192,2.28756
379,352.912,233.422,290.835,391.057,249.838,185.12,0,145.888,207.024,2.41906
380,17,21.2173,257.076,205.006,249.935,185.058,0,13.2608,3.73924,1.28198
381,105.999,133.212,345.208,694.134,312.318,818.085,0,83.2575,22.7415,1.27315
382,384.014,293.802,333.48,505.386,144.794,616.087,0,183.626,200.388,2.09128
383,122.599,133.437,347.163,695.26,312.949,818.031,0,83.3984,39.2003,1.47004
384,159.201,178.889,522.406,229.307,647.667,191.803,0,111.805,47.3951,1.42391
385,353.812,147.805,472.295,602.965,613.256,612.787,0,92.3781,261.434,3.83005
386,218.704,247.948,374.459,606.43,312.429,818.132,0,154.967,63.7369,1.41129
387,47.6998,37.9561,225.574,209.263,248.944,185.032,0,23.7226,23.9773,2.01074
388,136.999,150.307,345.878,677.122,312.745,817.993,0,93.9416,43.0575,1.45834
389,30.2001,32.6028,283.46,191.851,253.187,183.185,0,20.3767,9.82335,1.48209
390,370.013,289.528,341.456,537.546,144.819,615.948,0,180.955,189.058,2.04478
391,0,0,609.187,816.574,609.187,816.574,0,0,0,0
392,485.72,155.339,426.861,541.729,425.647,543.272,1,97.0866,388.634,5.00296
393,181.802,125.846,454.505,151.05,355.835,174.348,0,78.6539,103.148,2.31142
394,101.999,98.5577,210.7,572.901,144.769,615.783,0,61.5986,40.4004,1.65587
395,101.699,91.073,546.808,334.296,630.395,333.816,0,56.9206,44.7784,1.78668
396,23.2001,23.2394,405.308,101.405,405.588,78.0912,0,14.5246,8.67544,1.59729
397,177.102,135.601,472.498,157.543,356.263,173.206,0,84.7503,92.3513,2.08969
398,294.109,224.253,458.292,338.615,355.815,174.276,0,140.158,153.951,2.09841
399,181.002,187.147,406.48,689.701,312.688,817.988,0,116.967,64.0349,1.54746
400,416.216,256.178,452.699,416.729,615.452,539.819,0,160.111,256.105,2.59955
401,257.106,156.29,279.426,326.514,251.3,184.502,0,97.6815,159.425,2.63209
402,52.5998,62.941,200.592,673.589,149.476,693.222,0,39.3381,13.2616,1.33712
403,73.3995,66.6241,587.502,133.425,653.489,129.815,0,41.6401,31.7594,1.76271
404,25.6001,25.5437,143.924,668.868,149.484,693.155,0,15.9648,9.63527,1.60353
405,69.8995,53.4259,589.116,649.251,613.324,613.232,0,33.3912,36.5083,2.09335
406,396.215,292.639,271.338,454.572,67.6764,404.956,0,182.899,213.315,2.1663
407,356.413,243.238,455.51,435.42,615.567,539.922,0,152.024,204.389,2.34445
408,8.3,8.87322,607.299,745.489,612.063,752.604,0,5.54576,2.75423,1.49664
409,264.207,166.117,227.317,332.953,250.592,184.8,0,103.823,160.384,2.54478
410,244.206,179.168,197.954,488.244,139.798,611.121,0,111.98,132.226,2.1808
411,237.705,148.795,162.542,454.074,67.8249,405.376,0,92.9967,144.709,2.55606
412,47.0999,51.6927,599.377,703.274,612.373,752.07,0,32.3079,14.7919,1.45784
413,234.205,120.668,220.014,300.951,249.122,185.148,0,75.4178,158.787,3.10544
414,104.299,85.9093,152.201,398.423,67.7457,405.394,0,53.6933,50.6057,1.94249
415,67.1995,66.9582,411.668,150.975,355.957,173.923,0,41.8489,25.3507,1.60577
416,30.8001,38.8552,261.372,222.162,249.879,185.113,0,24.2845,6.51561,1.2683
417,214.404,141.933,483.533,188.468,356.092,173.433,0,88.7082,125.696,2.41696
418,47.1999,40.4402,576.999,597.419,613.403,612.214,0,25.2751,21.9248,1.86744
419,46.9999,66.0772,214.437,725.404,152.827,701.702,0,41.2983,5.70158,1.13806
420,12.7,14.6447,601.319,607.58,613.221,612.866,0,9.15295,3.54706,1.38753
421,73.5994,75.0616,196.66,640.212,144.816,615.967,0,46.9135,26.686,1.56883
422,276.808,206.815,479.329,318.445,630.257,334.08,0,129.259,147.548,2.14149
423,0,0,648.551,192.986,648.551,192.986,0,0,0,0
424,218.404,144.333,559.229,555.866,613.179,612.841,0,90.2082,128.196,2.42111
425,25.9001,28.0555,133.964,587.209,139.901,611.111,0,17.5347,8.36538,1.47708
426,111.099,104.457,114.616,465.093,67.6862,405.493,0,65.2854,45.8135,1.70174
427,290.409,157.02,444.26,149.739,355.801,174.226,0,98.1378,192.271,2.95919
428,234.805,147.728,467.816,212.702,355.796,174.247,0,92.3303,142.475,2.5431
429,396.915,231.219,498.908,518.337,613.26,612.767,0,144.512,252.403,2.74659
430,384.914,226.121,479.888,469.772,615.606,539.731,0,141.325,243.589,2.7236
431,107.099,91.433,418.052,217.441,356.239,173.391,0,57.1456,49.9533,1.87414
432,250.906,249.952,277.787,526.931,140.157,611.195,0,156.22,94.6858,1.6061
433,364.413,154.577,472.592,611.035,613.217,612.819,0,96.6106,267.802,3.77198
434,115.499,108.491,558.597,153.093,653.469,130.04,0,67.8066,47.6922,1.70336
435,49.1998,60.8872,615.712,240.413,635.866,282.343,0,38.0545,11.1453,1.29288
436,277.808,217.134,502.939,409.006,630.273,334.116,0,135.709,142.099,2.04708
437,416.316,286.472,349.001,417.998,349.953,174.775,0,179.045,237.271,2.32521
438,15.3,19.4076,630.246,205.669,647.934,197.792,0,12.1297,3.17029,1.26136
439,43.2999,24.8296,273.656,197.846,252.539,183.994,0,15.5185,27.7814,2.79021
440,276.608,225.536,480.582,427.071,615.538,539.904,0,140.96,135.648,1.96231
441,164.101,118.363,456.152,161.676,356.159,173.292,0,73.9772,90.1236,2.21826
442,93.7991,126.166,249.369,667.055,149.466,693.297,0,78.8535,14.9456,1.18954
443,357.213,208.17,491.145,250.971,355.743,174.237,0,130.106,227.106,2.74555
444,23.7001,32.0566,261.286,215.023,250.541,184.827,0,20.0354,3.66469,1.18291
445,440.418,323.224,357.754,459.68,349.682,174.669,0,202.015,238.403,2.18012
446,141.099,164.081,290.385,686.04,149.467,693.28,0,102.55,38.549,1.3759
447,99.6991,62.4005,589.044,656.768,613.164,612.842,0,39.0003,60.6987,2.55637
448,326.711,218.773,349.723,353.366,349.95,174.812,0,136.733,189.978,2.38941
449,107.099,139.041,560.241,279.288,648.157,198.036,0,86.9009,20.198,1.23243
450,259.007,165.757,277.967,597.794,144.693,615.654,0,103.598,155.408,2.5001
451,202.303,221.707,408.393,661.019,313.094,818.13,0,138.567,63.7363,1.45997
452,119.599,90.4269,547.454,641.402,613.216,612.77,0,56.5168,63.0819,2.11616
453,181.002,148.137,585.121,395.145,630.382,334.391,0,92.5854,88.4164,1.95497
454,370.413,282.527,427.749,413.052,630.357,334.141,0,176.579,193.834,2.09772
455,12.1,13.868,616.883,331.178,630.286,334.129,0,8.66747,3.43254,1.39602
456,333.611,264.383,420.868,392.842,630.339,334.149,0,165.239,168.372,2.01896
457,138.699,101.194,222.136,280.996,249.139,185.137,0,63.2463,75.453,2.193
458,58.6997,64.9056,566.608,342.127,630.33,334.108,0,40.566,18.1337,1.44702
459,178.102,129.151,175.105,261.284,248.491,184.79,0,80.7196,97.3821,2.20642
460,26.7001,36.5709,613.021,186.261,647.882,191.605,0,22.8568,3.84325,1.16814
461,251.106,170.589,445.016,277.166,355.956,173.633,0,106.618,144.488,2.35519
462,168.301,132.811,550.448,555.57,613.24,612.816,0,83.0067,85.2944,2.02756
463,172.901,128.85,250.792,307.417,250.629,184.832,0,80.5312,92.3702,2.14701
464,123.599,111.541,543.191,120.668,653.477,129.954,0,69.7134,53.8853,1.77295
465,264.107,141.265,291.002,306.156,250.018,185.029,0,88.2903,175.817,2.99135
466,126.199,149.561,313.523,696.763,312.019,818.206,0,93.4755,32.7232,1.35007
467,398.415,243.453,458.213,421.303,615.482,539.87,0,152.158,246.257,2.61843
468,375.414,257.631,466.448,234.679,355.98,173.633,0,161.019,214.395,2.33148
469,146.1,124.142,469.197,174.311,355.695,174.346,0,77.5886,68.5111,1.88301
470,233.105,144.521,177.654,440.563,67.6827,405.533,0,90.3255,142.78,2.58072
471,291.809,170.416,242.791,342.628,250.309,184.939,0,106.51,185.299,2.73973
472,140.899,83.1323,593.46,361.082,630.28,334.149,0,51.9577,88.9417,2.71181
473,336.711,236.746,305.335,383.051,250.104,184.993,0,147.966,188.745,2.27559
474,219.204,174.915,200.75,477.336,139.707,611.08,0,109.322,109.882,2.00512
475,45.7999,49.5369,143.27,561.632,139.917,611.099,0,30.9606,14.8393,1.4793
476,39.2,43.8561,187.723,624.219,144.846,615.81,0,27.4101,11.7899,1.43013
477,62.3996,43.5548,111.313,403.851,67.7318,404.801,0,27.2218,35.1779,2.29227
478,304.509,166.915,171.942,303.412,249.093,185.09,0,104.322,200.188,2.91894
479,336.111,200.697,234.27,429.556,67.7924,405.443,0,125.435,210.676,2.67956
480,74.7994,64.5963,589.279,130.305,653.47,130.109,0,40.3727,34.4268,1.85272
481,436.717,249.305,455.062,422.398,615.558,539.625,0,155.816,280.902,2.80278
482,66.9995,68.4763,549.476,747.838,612.106,752.645,0,42.7977,24.2019,1.5655
483,78.5994,110.51,258.49,734.341,153.708,700.252,0,69.0687,9.53068,1.13799
484,196.803,170.839,245.318,572.605,144.758,615.986,0,106.774,90.0286,1.84317
485,49.5998,59.8537,303.805,768.487,311.901,818.312,0,37.4086,12.1912,1.32589
486,43.8999,53.7821,589.92,704.26,612.184,752.388,0,33.6138,10.2861,1.30601
487,148.3,162.284,203.881,518.713,140.05,611.122,0,101.427,46.8725,1.46213
488,319.41,178.383,246.73,350.71,249.53,185.206,0,111.489,207.921,2.86494
489,47.4998,57.4151,596.037,307.184,630.375,334.094,0,35.8844,11.6154,1.32369
490,157.4,115.905,260.007,296.012,249.794,185.081,0,72.4404,84.96,2.17283
491,135.299,100.966,263.804,282.303,249.737,185.193,0,63.1035,72.1956,2.14408
492,82.5993,74.2823,601.53,684.029,612.384,752.012,0,46.4265,36.1729,1.77914
493,309.81,174.921,526.042,534.705,613.24,612.921,0,109.325,200.484,2.83383
494,158.4,140.516,578.811,395.743,630.261,334.117,0,87.8228,70.5777,1.80364
495,141.899,115.081,308.525,252.747,349.954,174.754,0,71.9254,69.974,1.97287
496,170.001,191.032,453.897,714.904,611.932,753.062,0,119.395,50.6061,1.42385
497,9.8,10.283,642.156,206.381,647.951,197.95,0,6.42689,3.37311,1.52484
498,20.7,20.3932,601.748,601.968,613.188,612.752,0,12.7457,7.95432,1.62408
499,247.106,238.94,271.624,519.698,139.841,611.101,0,149.338,97.7684,1.65468
500,133.899,102.734,161.857,386.559,67.8342,405.434,0,64.2089,69.69,2.08536
501,0,0,610.01,833.573,610.01,833.573,0,0,0,0
502,139.799,155.407,307.927,698.904,312.27,818.056,0,97.1295,42.6698,1.43931
503,3.7,2.95733,611.088,615.339,613.908,614.45,0,1.84833,1.85167,2.0018
504,279.508,205.262,613.436,386.092,615.657,539.634,0,128.289,151.219,2.17874
505,200.303,136.476,199.771,386.721,67.7908,405.169,0,85.2974,115.006,2.34829
506,26.6001,22.0988,600.524,599.676,613.212,612.588,0,13.8117,12.7883,1.92591
507,337.111,233.66,463.662,430.727,615.462,539.879,0,146.038,191.074,2.30838
508,275.608,158.548,495.674,663.953,613.289,612.814,0,99.0924,176.515,2.78132
509,81.5993,112.942,260.529,734.687,153.677,700.246,0,70.5889,11.0104,1.15598
510,55.6997,64.8362,185.024,594.935,144.834,616.185,0,40.5227,15.1771,1.37453
511,57.1997,77.6285,325.903,745.464,312.803,818.011,0,48.5178,8.68188,1.17894
512,84.0993,110.576,240.513,671.017,149.562,693.257,0,69.1101,14.9892,1.21689
513,44.2999,46.0504,151.285,572.025,139.851,611.102,0,28.7815,15.5184,1.53918
514,241.306,201.569,214.92,462.483,139.855,611.075,0,125.981,115.325,1.91541
515,124.799,113.839,281.296,736.974,311.688,818.394,0,71.1496,53.6491,1.75403
516,150.9,114.196,163.904,375.227,67.6757,404.887,0,71.3725,79.5275,2.11426
517,205.003,137.92,311.872,292.319,250.541,184.797,0,86.1997,118.804,2.37824
518,72.1995,73.3559,542.09,615.253,613.267,613.175,0,45.8474,26.352,1.57478
519,485.72,276.365,440.957,511.454,601.471,522.244,1,172.728,312.992,2.81205
520,206.003,127.873,527.154,572.717,613.199,612.822,0,79.9206,126.083,2.5776
521,99.999,89.997,301.239,226.944,350.061,174.783,0,56.2481,43.7509,1.77782
522,58.5997,63.2635,132.589,557.68,139.891,611.15,0,39.5397,19.06,1.48205
523,230.605,157.297,532.073,445.737,615.565,539.753,0,98.3105,132.294,2.34568
524,199.203,157.297,521.916,391.272,630.32,334.26,0,98.3104,100.893,2.02627
525,22.4,23.1875,611.948,324.078,630.312,334.094,0,14.4922,7.90784,1.54566
526,199.803,134.582,311.686,266.793,349.897,174.794,0,84.1139,115.689,2.37539
527,216.004,185.716,258.682,572.345,144.755,615.934,0,116.072,99.9317,1.86094
528,0.6,0.142494,403.782,77.5739,403.83,77.4396,0,0.089059,0.510941,6.73711
529,243.706,234.047,491.417,505.248,615.523,539.897,0,146.279,97.4266,1.66603
530,112.199,82.0222,591.737,355.882,630.253,334.336,0,51.2639,60.935,2.18865
531,33.8001,37.2503,616.577,200.111,647.951,197.834,0,23.2814,10.5186,1.4518
532,54.7997,37.435,105.359,404.435,67.7188,404.841,0,23.3969,31.4028,2.34218
533,361.213,262.525,233.709,481.28,67.7693,405.192,0,164.078,197.135,2.20147
534,38.3,37.3835,580.859,769.462,611.135,755.212,0,23.3647,14.9353,1.63923
535,245.906,294.509,334.11,423.588,251.51,184.429,0,184.068,61.8379,1.33595
536,176.802,166.895,530.073,434.599,615.502,539.892,0,104.309,72.4923,1.69497
537,20.1,23.5913,140.296,644.145,139.898,620.882,0,14.7445,5.35551,1.36322
538,29.8001,28.5526,133.278,586.858,139.924,611.105,0,17.8454,11.9547,1.66991
539,37.2,37.3111,604.885,584.565,613.362,612.15,0,23.3195,13.8805,1.59523
540,268.407,172.029,291.617,605.778,144.78,615.951,0,107.518,160.889,2.49639
541,136.699,124.063,555.524,170.161,653.547,130.045,0,77.5394,59.1597,1.76296
542,104.699,88.8579,155.669,400.078,67.7779,404.999,0,55.5362,49.1628,1.88524
543,169.501,130.447,466.787,156.307,356.256,173.142,0,81.5292,87.9719,2.07902
544,384.614,248.438,350.213,382.082,349.896,174.678,0,155.274,229.34,2.47701
545,146.6,164.816,550.089,211.154,647.905,191.292,0,103.01,43.59,1.42316
546,319.01,224.788,386.17,342.216,349.867,174.814,0,140.493,178.518,2.27066
547,41.2999,44.3355,141.011,568.847,139.867,611.082,0,27.7097,13.5903,1.49045
548,117.499,85.4332,588.394,355.774,630.334,334.255,0,53.3957,64.103,2.20053
549,2,1.22435,134.853,613.031,136.018,613.409,0,0.765217,1.23478,2.61364
550,256.906,162.777,445.344,268.942,356.003,173.633,0,101.736,155.171,2.52523
551,68.2995,61.1635,302.856,767.237,311.541,818.374,0,38.2272,30.0724,1.78667
552,156.5,134.926,452.161,222.285,355.81,174.25,0,84.3289,72.1714,1.85583
553,25.7001,24.3818,83.2701,417.208,67.7947,405.421,0,15.2386,10.4614,1.68651
554,38.3,32.214,140.269,662.573,149.425,693.303,0,20.1338,18.1662,1.90228
555,86.4993,88.6263,301.282,225.95,349.904,174.717,0,55.3914,31.1078,1.5616
556,94.0991,76.1601,316.781,752.752,311.549,818.381,0,47.6001,46.4991,1.97687
557,168.601,115.593,194.442,254.959,248.595,184.944,0,72.2456,96.3554,2.33372
558,130.199,101.745,436.103,202.555,356.204,173.418,0,63.5905,66.6083,2.04746
559,60.1997,44.0953,97.8037,425.412,67.7603,405.184,0,27.5596,32.6401,2.18435
560,103.199,91.95,246.981,774.764,310.593,818.791,0,57.4687,45.7303,1.79574
561,233.205,204.208,477.719,397.245,630.397,334.445,0,127.63,105.575,1.8272
562,389.415,225.779,480.463,464.056,615.603,539.739,0,141.112,248.303,2.75961
563,73.6994,64.2358,594.8,175.014,648.053,191.145,0,40.1474,33.5521,1.83572
564,83.7993,86.6433,148.61,524.996,139.897,611.143,0,54.1521,29.6472,1.54748
565,317.31,248.75,326.013,556.034,144.745,615.935,0,155.469,161.841,2.04099
566,0,0,406.306,71.699,406.306,71.699,0,0,0,0
567,49.7998,49.3776,80.8287,441.422,67.7005,405.52,0,30.861,18.9388,1.61368
568,158.6,171.88,309.427,717.778,312.423,818.051,0,107.425,51.1756,1.47638
569,189.402,131.684,505.403,338.246,630.29,334.059,0,82.3025,107.1,2.3013
570,88.3992,72.2942,416.495,196.475,355.821,174.246,0,45.1839,43.2153,1.95643
571,132.799,158.653,284.553,690.893,149.451,693.344,0,99.1579,33.641,1.33927
572,390.115,254.57,359.874,393.344,349.73,174.722,0,159.106,231.009,2.45192
573,344.512,311.15,366.688,524.03,144.763,616.048,0,194.469,150.043,1.77155
574,29.8001,37.3671,607.287,310.656,630.298,334.068,0,23.3544,6.44566,1.27599
575,206.303,138.12,244.273,313.705,250.138,184.992,0,86.325,119.978,2.38984
576,114.199,95.5685,246.18,791.002,310.591,818.82,0,59.7303,54.4685,1.91191
577,149.2,185.334,534.891,305.99,647.953,197.903,0,115.834,33.366,1.28805
578,113.499,107.246,204.457,562.767,144.827,615.779,0,67.0288,46.47,1.69328
579,96.4991,91.5293,563.644,122.807,653.534,129.98,0,57.2058,39.2933,1.68688
580,76.1994,97.7702,332.882,723.386,312.309,818.117,0,61.1064,15.093,1.247
581,149,165.381,522.557,214.838,647.623,191.856,0,103.363,45.6368,1.44152
582,272.307,174.242,166.802,301.212,249.17,185.138,0,108.902,163.406,2.50049
583,101.599,117.667,550.674,196.064,648.395,190.816,0,73.5422,28.0569,1.38151
584,337.611,222.88,395.108,337.588,349.686,174.554,0,139.3,198.311,2.42363
585,169.001,215.409,511.795,249.691,647.942,197.686,0,134.631,34.3702,1.25529
586,255.206,200.569,203.381,455.359,139.747,611.125,0,125.356,129.851,2.03586
587,367.313,256.287,252.534,460.214,67.7696,405.418,0,160.179,207.134,2.29314
588,199.203,210.067,333.061,361.839,250.952,184.591,0,131.292,67.9113,1.51725
589,212.904,196.991,402.437,302.243,355.768,174.259,0,123.12,89.7842,1.72924
590,65.3996,60.1974,583.429,705.542,612.253,752.349,0,37.6234,27.7762,1.73827
591,266.407,187.34,250.667,397.838,67.8342,405.155,0,117.088,149.319,2.27528
592,14.7,16.6751,158.281,612.369,144.746,615.854,0,10.422,4.27806,1.41048
593,197.803,135.943,311.762,289.771,250.652,184.834,0,84.9642,112.839,2.32807
594,122.899,111.223,558.371,156.487,653.491,130.048,0,69.5146,53.3841,1.76796
595,216.804,132.054,490.096,607.947,613.265,612.795,0,82.5338,134.27,2.62685
596,441.218,258.693,439.924,444.482,615.482,539.803,0,161.683,279.535,2.72891
597,33.1001,30.5603,83.124,423.65,67.801,405.335,0,19.1002,13.9999,1.73297
598,397.215,278.263,286.938,457.127,67.6779,405.468,0,173.915,223.301,2.28397
599,226.705,260.235,332.71,389.749,251.474,184.407,0,162.647,64.058,1.39385
600,73.0995,42.8954,224.776,214.521,248.977,184.997,0,26.8096,46.2898,2.72661
601,95.0991,89.1593,564.625,123.302,653.501,129.974,0,55.7246,39.3746,1.70659
602,348.812,213.964,277.334,381.898,249.117,185.127,0,133.727,215.085,2.60838
603,163.301,104.536,171.256,401.789,67.838,405.237,0,65.335,97.9658,2.49944
604,263.507,197.64,404.09,307.462,355.935,173.637,0,123.525,139.982,2.13323
605,148.4,130.3,580.605,382.07,630.336,334.024,0,81.4375,66.9623,1.82225
606,95.7991,93.9296,205.824,573.069,144.683,615.73,0,58.706,37.0931,1.63185
607,277.808,186.81,251.42,395.777,67.7169,404.913,0,116.756,161.051,2.37938
608,172.201,180.458,302.508,668.157,312.357,818.097,0,112.786,59.4151,1.52679
609,0,0,619.283,540.434,619.283,540.434,0,0,0,0
610,10.8,10.3625,639.384,203.015,648.201,198.048,0,6.47654,4.32347,1.66756
611,268.207,194.019,298.447,346.277,251.518,184.427,0,121.262,146.946,2.21181
612,288.208,224.469,488.425,462.731,615.473,539.907,0,140.293,147.915,2.05433
613,5.2,4.9749,641.751,195.11,646.668,194.458,0,3.10931,2.09069,1.6724
614,194.103,135.133,163.09,480.331,139.944,611.111,0,84.4584,109.644,2.2982
615,34.8,37.48,616.493,132.702,653.474,129.964,0,23.425,11.3751,1.4856
616,170.601,139.885,310.071,297.069,250.559,184.829,0,87.4283,83.173,1.95133
617,288.208,218.994,392.829,329.853,350.007,174.764,0,136.871,151.337,2.10569
618,137.299,102.718,169.227,403.215,67.7336,404.912,0,64.1984,73.1007,2.13867
619,265.807,160.135,203.116,427.269,67.829,405.226,0,100.085,165.722,2.65582
620,71.4995,51.3467,590.617,648.431,613.186,612.841,0,32.0917,39.4078,2.22798
621,32.7001,33.5175,569.044,832.339,602.417,833.253,0,20.9484,11.7516,1.56098
622,22.2,25.9385,578.372,827.674,602.408,833.324,0,16.2116,5.98848,1.3694
623,245.406,162.077,528.558,436.778,615.551,539.814,0,101.298,144.108,2.42261
624,140.499,180.911,532.565,266.685,647.932,197.759,0,113.069,27.4302,1.2426
625,62.1996,76.0817,204.399,703.01,152.841,701.793,0,47.5511,14.6486,1.30806
626,236.105,185.12,484.721,301.694,630.305,334.076,0,115.7,120.405,2.04066
627,137.399,127.164,527.914,123.811,653.563,129.953,0,79.4773,57.9219,1.72879
628,100.199,120.832,576.905,273.411,647.87,197.835,0,75.52,24.679,1.32679
629,93.0992,83.7092,571.114,132.99,653.473,130.194,0,52.3182,40.7809,1.77948
630,261.007,195.592,495.639,442.608,615.57,539.805,0,122.245,138.761,2.13511
631,148.2,121.484,343.053,272.389,349.909,174.773,0,75.9275,72.2724,1.95186
632,20.1,22.0303,145.029,672.248,149.759,693.158,0,13.7689,6.3311,1.45981
633,485.72,274.338,421.248,563.48,590.173,615.819,1,171.461,314.259,2.83283
634,228.505,235.401,267.761,519.033,139.932,611.095,0,147.126,81.379,1.55313
635,40.4,48.7256,324.015,204.499,350.14,174.763,0,30.4535,9.94648,1.32661
636,44.9999,47.3505,143.604,564.151,139.949,611.073,0,29.5941,15.4058,1.52057
637,176.102,162.01,282.739,666.063,144.821,615.985,0,101.256,74.8452,1.73917
638,485.72,243.142,424.656,592.129,590.743,615.875,1,151.964,333.757,3.19629
639,231.705,170.305,510.232,324.304,630.363,334.462,0,106.441,125.264,2.17685
640,160.001,105.559,163.797,412.096,67.6865,405.477,0,65.9744,94.0261,2.42519
641,241.506,260.615,333.464,391.318,251.32,184.526,0,162.884,78.6212,1.48268
642,485.72,271.729,444.996,478.608,611.73,540.239,1,169.83,315.89,2.86003
643,25.5001,30.0506,580.106,823.349,602.383,833.261,0,18.7817,6.71841,1.35771
644,94.6991,81.9132,148.729,399.775,67.8224,404.992,0,51.1958,43.5034,1.84975
645,97.6991,91.4094,569.92,142.119,653.491,129.85,0,57.1309,40.5682,1.71009
646,44.5999,39.1434,563.234,832.866,602.396,833.264,0,24.4646,20.1353,1.82304
647,20.2,19.8978,599.136,602.427,613.242,612.706,0,12.4362,7.76389,1.6243
648,85.9993,90.0058,532.499,754.11,611.13,755.391,0,56.2536,29.7457,1.52878
649,29.7001,33.5496,621.09,136.008,653.507,130.041,0,20.9685,8.73155,1.41641
650,152.5,133.162,393.75,236.65,355.663,174.311,0,83.2262,69.2739,1.83236
651,40.5,35.4396,239.891,219.094,249.672,185.194,0,22.1497,18.3502,1.82846
652,320.81,181.101,255.643,342.403,250.72,184.847,0,113.188,207.622,2.83431
653,269.307,204.387,394.074,312.673,350.047,174.837,0,127.742,141.565,2.10822
654,374.914,232.718,347.205,594.492,144.827,615.993,0,145.449,229.465,2.57764
655,97.2991,114.13,560.351,208.179,647.632,191.872,0,71.3313,25.9678,1.36405
656,65.4996,45.8328,289.062,206.272,252.609,183.921,0,28.6455,36.8541,2.28656
657,485.72,240.538,483.939,488.94,606.354,540.514,1,150.336,335.384,3.23089
658,485.72,251.992,442.724,444.735,605.697,540.823,1,157.495,328.225,3.08404
659,96.0991,88.693,563.57,360.393,630.314,333.917,0,55.4331,40.666,1.7336
660,110.999,103.188,246.166,631.691,144.681,615.673,0,64.4925,46.5064,1.72111
661,324.911,228.631,388.529,349.824,350.073,174.764,0,142.894,182.016,2.27378
662,485.72,257.51,450.053,485.06,605.253,535.874,1,160.943,324.777,3.01796
663,13.8,14.184,251.208,199.173,249.484,185.241,0,8.86497,4.93504,1.55669
664,314.61,287.19,359.623,548.847,144.773,616.094,0,179.494,135.116,1.75277
665,82.8993,97.9729,522.472,776.909,611.077,755.207,0,61.2331,21.6662,1.35383
666,214.904,182.1,236.033,508.215,139.893,611.109,0,113.812,101.091,1.88823
667,208.604,134.345,524.81,667.945,613.167,612.845,0,83.9654,124.638,2.4844
668,407.516,204.897,526.339,521.642,613.242,612.784,0,128.061,279.455,3.18221
669,288.008,315.434,311.316,478.435,140.147,611.06,0,197.146,90.8621,1.46089
670,201.703,191.283,432.526,713.584,312.688,817.992,0,119.552,82.1511,1.68716
671,196.103,168.994,486.139,116.572,653.518,129.87,0,105.621,90.4814,1.85666
672,210.904,200.056,418.937,685.458,312.309,818.109,0,125.035,85.8685,1.68675
673,253.706,197.962,611.816,395.362,615.636,539.747,0,123.726,129.98,2.05055
674,68.4995,78.2793,211.728,681.278,149.79,693.239,0,48.9246,19.5749,1.4001
675,22.6,23.198,246.935,208.061,249.272,185.241,0,14.4987,8.10131,1.55876
676,75.3994,64.5322,589.175,131.55,653.537,129.885,0,40.3326,35.0668,1.86944
677,87.8992,72.9347,316.64,755.064,311.485,818.371,0,45.5842,42.315,1.92828
678,166.401,113.363,160.621,375.386,67.8458,404.975,0,70.8516,95.5493,2.34858
679,200.203,146.326,290.165,635.724,144.845,615.85,0,91.4536,108.749,2.18912
680,485.72,270.806,438.107,549.287,578.452,617.347,1,169.254,316.467,2.86977
681,485.72,212.993,417.722,497.635,578.586,455.997,1,133.12,352.6,3.64873
682,242.906,130.636,531.206,681.717,613.222,612.757,0,81.6475,161.258,2.97505
683,24.4001,29.3239,147.688,664.256,149.754,693.26,0,18.3274,6.07261,1.33134
684,261.007,178.665,282.248,580.896,144.819,615.897,0,111.665,149.341,2.3374
685,29.1001,29.3153,600.323,776.983,611.064,755.117,0,18.322,10.778,1.58825
686,249.706,298.534,333.043,428.149,251.424,184.499,0,186.584,63.1222,1.3383
687,177.502,159.084,507.462,145.312,653.505,130.048,0,99.4275,78.0741,1.78524
688,397.915,269.749,363.593,417.285,349.632,174.558,0,168.593,229.322,2.36021
689,45.9999,40.9592,292.237,194.754,253.138,183.596,0,25.5995,20.4003,1.7969
690,83.0993,115.345,261.967,737.712,153.633,700.528,0,72.0909,11.0084,1.1527
691,18.4,21.386,317.942,797.598,312.703,817.959,0,13.3663,5.03377,1.3766
692,276.708,167.466,517.565,544.143,613.241,612.838,0,104.666,172.042,2.64372
693,142.9,106.702,156.388,506.855,139.803,611.132,0,66.689,76.2105,2.14277
694,22,26.4475,142.354,585.232,139.881,611.144,0,16.5297,5.47039,1.33094
695,359.013,261.855,349.623,565.621,144.786,615.943,0,163.66,195.353,2.19365
696,212.304,113.091,541.245,667.303,613.258,612.807,0,70.6822,141.622,3.00364
697,67.1995,66.0213,315.299,760.685,311.729,818.419,0,41.2633,25.9362,1.62855
698,334.511,270.575,422.421,400.438,630.25,334.069,0,169.109,165.402,1.97808
699,197.503,157.844,425.296,281.842,355.761,174.266,0,98.6528,98.85,2.002
700,144.2,126.176,518.848,717.841,611.995,752.782,0,78.86,65.3396,1.82855
701,168.901,108.409,168.915,384.263,67.7818,404.95,0,67.7557,101.145,2.4928
702,112.899,93.3332,559.481,362.851,630.27,333.954,0,58.3332,54.5656,1.93541
703,45.3999,52.9132,573.873,788.407,606.454,811.81,0,33.0708,12.3291,1.37281
704,55.8997,43.5672,296.258,187.156,253.333,183.118,0,27.2295,28.6702,2.05291
705,269.607,170.4,273.724,338.767,251.044,184.609,0,106.5,163.107,2.53153
706,37.8,49.9134,189.845,697.303,152.77,701.827,0,31.1959,6.6041,1.2117
707,422.717,237.708,479.343,505.897,613.224,612.829,0,148.567,274.149,2.84528
708,342.312,167.678,470.906,619.465,613.21,612.8,0,104.799,237.513,3.26637
709,63.7996,67.7332,341.368,204.016,349.873,174.838,0,42.3332,21.4664,1.50708
710,60.8996,59.0099,612.252,153.615,653.503,130.179,0,36.8812,24.0185,1.65124
711,197.103,131.838,196.81,389.811,67.6961,405.519,0,82.3991,114.704,2.39205
712,66.4996,54.8331,298.327,202.085,253.092,183.41,0,34.2707,32.2289,1.94042
713,114.799,125.476,107.804,484.178,67.7631,405.414,0,78.4223,36.3766,1.46385
714,328.511,259.207,295.485,435.767,67.6757,404.815,0,162.004,166.506,2.02779
715,270.807,120.527,195.597,263.76,248.569,184.775,0,75.3292,195.478,3.59499
716,13.2,14.436,337.516,181.796,349.763,174.747,0,9.02251,4.1775,1.46301
717,318.01,171.4,205.481,437.214,67.6804,405.606,0,107.125,210.885,2.96859
718,199.403,156.468,174.049,338.983,67.7058,404.917,0,97.7925,101.61,2.03904
719,66.2996,61.2393,606.407,156.865,648.405,190.857,0,38.2746,28.025,1.73221
720,186.302,171.355,284.321,674.401,144.693,616.286,0,107.097,79.2051,1.73956
721,371.113,261.501,450.401,409.114,615.478,539.875,0,163.438,207.675,2.27067
722,7.4,8.02811,608.481,745.71,612.09,752.786,0,5.01757,2.38242,1.47482
723,136.799,158.663,284.998,688.268,149.61,693.241,0,99.1644,37.6348,1.37952
724,246.006,206.506,445.199,325.076,356.073,173.641,0,129.066,116.94,1.90605
725,221.604,194.706,361.207,646.626,312.453,818.144,0,121.691,99.9128,1.82103
726,384.814,174.693,511.884,178.982,355.936,173.696,0,109.183,275.631,3.52448
727,15.7,19.7378,142.321,591.799,139.841,611.059,0,12.3361,3.36389,1.27269
728,120.899,101.142,433.402,201.933,356.157,173.255,0,63.214,57.6847,1.91253
729,57.8997,65.7297,281.426,777.756,311.294,818.46,0,41.0811,16.8186,1.4094
730,262.907,201.751,344.394,334.567,349.847,174.698,0,126.094,136.812,2.085
731,133.899,171.791,529.888,289.824,647.955,197.695,0,107.369,26.5298,1.24709
732,164.501,104.283,224.088,285.374,249.276,185.192,0,65.1766,99.3242,2.52392
733,171.101,171.866,516.217,206.106,647.708,191.71,0,107.416,63.6852,1.59288
734,42.5999,51.6054,617.036,249.37,635.863,282.391,0,32.2534,10.3465,1.32079
735,485.72,143.184,496.634,630.475,595.102,613.194,1,89.4899,396.23,5.42765
736,263.707,214.797,508.642,505.395,615.654,539.675,0,134.248,129.459,1.96433
737,485.72,289.39,421.5,497.564,603.37,530.004,1,180.869,304.852,2.68549
738,152,163.357,301.868,695.202,312.062,818.169,0,102.098,49.9018,1.48876
739,162.501,127.284,304.154,284.474,250.442,184.78,0,79.5528,82.9479,2.04268
740,281.908,200.136,526.433,458.883,615.543,539.938,0,125.085,156.823,2.25373
741,162.201,180.308,463.714,715.856,611.897,753.136,0,112.692,49.5085,1.43932
742,154.1,110.191,127.754,519.628,139.773,611.081,0,68.8692,85.231,2.23758
743,214.304,150.27,215.267,391.188,67.68,404.901,0,93.9186,120.385,2.2818
744,201.803,158.752,517.687,390.228,630.274,334.052,0,99.2203,102.583,2.03389
745,162.901,158.886,507.922,147.049,653.532,130.05,0,99.304,63.5968,1.64043
746,187.202,182.625,519.661,434.248,615.49,539.856,0,114.141,73.0613,1.6401
747,57.4997,65.6106,327.661,220.091,349.705,174.594,0,41.0066,16.4931,1.40221
748,34.2001,30.7236,244.866,215.306,249.12,185.149,0,19.2023,14.9978,1.78104
749,43.1999,32.1279,250.108,217.384,249.534,185.192,0,20.0799,23.12,2.1514
750,485.72,221.424,483.772,514.597,606.055,612.87,1,138.39,347.33,3.50979
751,1.7,0.809644,642.177,287.302,641.952,286.524,0,0.506027,1.19397,3.3595
752,279.608,151.121,295.818,314.625,250.771,184.707,0,94.4507,185.157,2.96036
753,176.102,166.43,370.164,674.8,312.351,818.109,0,104.019,72.0829,1.69298
754,137.099,176.62,534.292,297.201,648.044,198.015,0,110.387,26.7118,1.24198
755,131.599,114.307,557.958,299.952,630.368,334.386,0,71.4422,60.1567,1.84203
756,15.1,16.9977,154.571,677.103,149.748,693.252,0,10.6236,4.47645,1.42137
757,160.001,104.209,167.56,388.274,67.6504,404.878,0,65.1304,94.8702,2.45662
758,71.6995,72.2407,418.498,149.211,356.103,173.559,0,45.1504,26.5491,1.58801
759,337.511,208.417,478.697,537.107,613.273,612.771,0,130.26,207.251,2.59105
760,265.107,182.484,529.686,491.603,615.526,539.816,0,114.053,151.054,2.32442
761,85.9993,70.3826,594.058,363.952,630.333,334.119,0,43.9891,42.0101,1.95501
762,16.9,17.081,243.37,200.636,249.367,185.234,0,10.6756,6.22438,1.58305
763,209.604,214.413,333.106,362.007,251.407,184.517,0,134.008,75.5955,1.56411
764,75.0994,90.7406,573.017,480.349,615.652,540.284,0,56.7129,18.3865,1.3242
765,112.299,121.635,589.809,442.59,615.533,540.055,0,76.0219,36.277,1.47719
766,33.2001,41.2598,596.856,510.876,615.523,540.114,0,25.7874,7.41269,1.28745
767,258.707,107.849,212.105,253.092,248.629,184.898,0,67.4057,191.301,3.83805
768,79.4994,72.5177,582.332,124.648,653.479,129.79,0,45.3236,34.1758,1.75404
769,151.8,131.327,222.844,592.463,144.729,615.967,0,82.0796,69.7205,1.84942
770,40.2,55.9264,206.001,719.959,153.585,700.653,0,34.954,5.24598,1.15008
771,87.7992,78.2812,585.096,185.231,648.399,190.893,0,48.9258,38.8735,1.79454
772,107.199,86.711,153.006,399.814,67.7934,405.406,0,54.1944,53.0046,1.97805
773,485.72,241.12,438.872,446.386,605.613,538.185,1,150.7,335.021,3.2231
774,223.204,228.033,269.241,512.798,140.105,611.064,0,142.521,80.6835,1.56612
775,159.601,200.492,522.405,310.418,647.909,197.718,0,125.308,34.293,1.27367
776,210.404,126.993,162.109,434.287,67.6816,405.466,0,79.3709,131.033,2.65089
777,485.72,323.48,378.31,481.34,604,530.781,1,202.175,283.545,2.40248
778,58.2997,71.7643,209.99,676.503,149.59,693.166,0,44.8527,13.447,1.2998
779,164.201,117.688,154,496.031,139.876,611.143,0,73.5548,90.6461,2.23236
780,273.607,291.01,276.651,488.083,140.096,611.123,0,181.881,91.7262,1.50432
781,71.1995,59.5076,599.9,175.797,647.699,191.816,0,37.1922,34.0072,1.91436
782,196.803,174.174,481.373,111.054,653.536,130.04,0,108.859,87.9441,1.80787
783,485.72,253.841,405.107,527.065,575.711,449.245,1,158.651,327.07,3.06157
784,278.008,168.665,199.53,436.075,67.6937,405.476,0,105.416,172.592,2.63725
785,173.701,169.379,372.03,673.469,312.741,817.986,0,105.862,67.8397,1.64083
786,202.803,130.277,280.917,294.179,249.844,185.091,0,81.4232,121.38,2.49073
787,186.402,134.551,251.563,655.073,144.719,615.706,0,84.0946,102.308,2.21658
788,122.099,119.444,364.03,237.57,349.911,174.817,0,74.6525,47.4462,1.63556
789,10.5,9.53098,610.258,547.901,616.307,541.973,0,5.95686,4.54314,1.76267
790,60.6996,80.3387,333.299,741.246,312.802,818.047,0,50.2117,10.4879,1.20887
791,66.3996,58.8304,601.651,176.194,647.687,191.68,0,36.769,29.6305,1.80586
792,188.702,149.462,519.732,382.98,630.324,334.261,0,93.4138,95.2885,2.02007
793,170.101,130.076,355.301,271.565,349.788,174.696,0,81.2976,88.8036,2.09233
794,239.505,180.191,205.283,475.166,139.881,611.105,0,112.619,126.886,2.12668
795,225.405,148.792,335.4,290.119,349.888,174.817,0,92.9953,132.409,2.42383
796,331.811,216.321,389.582,333.832,349.682,174.717,0,135.201,196.611,2.45421
797,346.912,237.303,349.511,590.28,144.841,616.161,0,148.314,198.598,2.33903
798,187.302,125.594,166.002,430.594,67.7104,405.514,0,78.4963,108.806,2.38613
799,329.511,197.819,471.968,542.603,613.173,612.806,0,123.637,205.874,2.66515
800,178.102,144.507,581.093,396.13,630.292,334.147,0,90.3167,87.7849,1.97197
801,48.4998,43.9166,558.261,835.314,602.364,833.336,0,27.4479,21.0519,1.76698
802,200.003,215.951,432.381,679.187,312.993,818.067,0,134.97,65.0334,1.48184
803,261.507,184.281,247.277,396.7,67.745,404.877,0,115.176,146.331,2.2705
804,368.513,243.142,241.214,460.824,67.7057,405.455,0,151.964,216.55,2.42501
805,158.7,130.828,480.463,178.877,355.766,174.344,0,81.7675,76.933,1.94088
806,140.099,122.283,197.689,533.111,139.892,611.142,0,76.4267,63.6726,1.83312
807,344.912,242.571,310.603,384.013,250.077,184.98,0,151.607,193.305,2.27504
808,115.499,104.265,560.509,371.014,630.32,334.041,0,65.1655,50.3333,1.77239
809,145.6,127.962,536.528,153.256,653.491,130.048,0,79.9761,65.6236,1.82054
810,243.006,168.29,198.705,355.625,67.8258,405.13,0,105.181,137.824,2.31035
811,151,166.402,519.162,207.012,647.876,191.374,0,104.001,46.9988,1.45191
812,190.702,153.719,500.436,119.722,653.492,129.983,0,96.0741,94.6283,1.98495
813,327.411,233.977,265.018,431.772,67.6867,404.874,0,146.236,181.175,2.23893
814,36.3,46.8874,196.992,718.083,153.353,701.077,0,29.3046,6.99537,1.23871
815,362.713,240.605,462.615,391.969,630.296,334.062,0,150.378,212.335,2.412
816,280.108,180.829,224.619,348.45,249.786,185.082,0,113.018,167.089,2.47843
817,188.702,174.193,359.122,661.742,312.947,817.971,0,108.87,79.8319,1.73327
818,138.999,159.353,525.848,173.412,647.904,191.252,0,99.5958,39.4035,1.39563
819,233.905,226.495,368.629,620.762,312.347,818.072,0,141.559,92.3456,1.65234
820,422.717,241.999,452.492,442.508,615.557,540.096,0,151.25,271.467,2.79483
821,64.6996,72.1719,200.007,639.808,144.75,615.981,0,45.1074,19.5921,1.43434
822,105.199,81.0404,555.312,720.296,612.1,752.746,0,50.6502,54.5487,2.07697
823,128.899,110.276,248.346,619.254,144.773,616.204,0,68.9227,59.9759,1.87019
824,31.0001,39.8622,314.209,190.228,350.106,174.794,0,24.9139,6.08622,1.24429
825,341.812,198.783,297.232,352.533,249.224,185.121,0,124.239,217.573,2.75124
826,485.72,296.726,406.307,568.332,594.831,611.512,1,185.453,300.267,2.6191
827,135.099,105.149,252.941,763.343,310.743,818.778,0,65.7181,69.381,2.05574
828,457.719,270.481,434.046,457.164,615.462,540.012,0,169.051,288.668,2.70759
829,56.6997,79.8134,221.38,731.261,153.629,700.167,0,49.8834,6.81632,1.13665
830,46.3999,43.0079,559.676,833.941,602.387,833.367,0,26.8799,19.5199,1.72619
831,142.099,113.527,192.477,256.034,248.718,184.891,0,70.9545,71.145,2.00269
832,301.509,231.328,503.528,478.488,615.458,539.956,0,144.58,156.929,2.08542
833,38,23.9435,263.988,204.562,252.842,183.902,0,14.9647,23.0353,2.53931
834,405.316,264.094,439.564,441.492,615.522,539.891,0,165.059,240.257,2.45558
835,42.3999,52.9035,580.249,334.239,630.308,334.128,0,33.0647,9.33522,1.28233
836,118.699,160.989,553.26,257.178,647.898,197.756,0,100.618,18.0804,1.17969
837,26.7001,31.9232,141.24,652.468,139.849,620.926,0,19.952,6.74805,1.33821
838,297.609,321.854,318.865,478.24,140.092,611.141,0,201.159,96.4503,1.47947
839,256.906,152.748,214.509,412.533,67.7065,405.496,0,95.4677,161.439,2.69103
840,76.6994,92.7251,526.891,780.91,611.176,755.495,0,57.9532,18.7462,1.32347
841,328.511,266.522,424.142,392.59,630.35,334.056,0,166.576,161.935,1.97214
842,117.199,82.538,608.7,680.736,612.364,751.981,0,51.5862,65.6126,2.2719
843,274.508,173.18,310.756,624.444,144.654,615.571,0,108.238,166.27,2.53615
844,15.2,15.6391,599.362,606.948,613.201,612.836,0,9.77442,5.42561,1.55508
845,21.9,17.8312,85.693,405.86,67.7556,405.382,0,11.1445,10.7556,1.9651
846,175.402,150.052,504.669,116.672,653.457,129.957,0,93.7825,81.619,1.8703
847,4.9,4.88486,642.645,191.125,647.2,192.888,0,3.05304,1.84696,1.60496
848,200.103,175.531,481.142,124.09,653.548,130.044,0,109.707,90.3959,1.82397
849,357.313,230.165,464.87,435.312,615.47,539.776,0,143.853,213.46,2.48387
850,60.0997,80.7448,230.031,725.721,153.722,700.351,0,50.4655,9.63416,1.19091
851,336.211,312.472,367.348,523.908,144.841,616.249,0,195.295,140.917,1.72156
852,198.703,138.34,166.841,480.663,139.941,611.098,0,86.4627,112.24,2.29814
853,19,23.6755,603.039,731.303,612.254,752.44,0,14.7972,4.20286,1.28403
854,50.7998,72.6927,329.471,747.885,312.802,818.04,0,45.4329,5.36688,1.11813
855,10.5,11.6752,137.406,632.17,140.03,620.826,0,7.29702,3.20298,1.43894
856,156.8,158.21,344.797,668.333,312.799,817.954,0,98.8814,57.919,1.58574
857,157.5,102.858,228.262,284.393,249.117,185.128,0,64.2861,93.2143,2.44999
858,21.6,15.5802,263.601,195.553,252.948,183.819,0,9.73763,11.8624,2.2182
859,59.3997,72.5623,208.97,617.523,144.748,616.049,0,45.3514,14.0482,1.30976
860,232.605,167.748,507.534,325.137,630.407,333.789,0,104.843,127.762,2.21861
861,137.199,123.235,271.946,736.61,311.478,818.398,0,77.022,60.1772,1.7813
862,485.72,254.617,472.122,475.273,605.307,541.273,1,159.136,326.585,3.05224
863,279.108,167.842,303.035,627.231,144.764,615.957,0,104.902,174.206,2.66067
864,61.0996,42.0663,110.122,404.924,67.7364,404.783,0,26.2914,34.8082,2.32394
865,302.709,203.014,241.155,365.601,67.7227,404.83,0,126.884,175.825,2.38572
866,147.4,152.093,493.891,715.747,611.873,753.135,0,95.058,52.3418,1.55063
867,395.915,264.057,364.76,411.848,350.151,174.796,0,165.035,230.879,2.39897
868,164.201,136.669,518.167,119.391,653.49,129.953,0,85.418,78.7828,1.92232
869,76.5994,63.745,231.681,245.518,248.958,184.979,0,39.8406,36.7588,1.92265
870,343.412,228.719,368.253,370.841,349.815,174.748,0,142.95,200.462,2.40233
871,383.314,280.506,348.856,544.602,144.805,616.008,0,175.317,207.998,2.18641
872,11.3,10.4963,591.879,832.869,602.463,833.596,0,6.56016,4.73985,1.72252
873,212.104,149.858,202.128,368.665,67.8354,405.152,0,93.6612,118.443,2.26459
874,30.9001,36.2249,617.906,217.231,647.999,198.017,0,22.6405,8.25954,1.36481
875,313.81,184.012,276.147,351.811,248.722,184.924,0,115.008,198.802,2.7286
876,367.713,227.207,484.937,469.892,615.601,539.585,0,142.004,225.709,2.58945
877,386.314,195.671,497.723,548.444,613.174,612.838,0,122.295,264.02,3.15888
878,304.809,153.303,471.502,606.588,613.169,612.758,0,95.8146,208.995,3.18124
879,166.001,164.513,513.427,682.769,612.357,752.085,0,102.821,63.1802,1.61447
880,358.613,229.583,498.554,478.502,615.567,539.75,0,143.489,215.123,2.49923
881,410.516,211.442,479.232,532.893,613.24,612.779,0,132.151,278.364,3.10641
882,485.72,109.938,186.093,659.54,173.223,659.051,1,68.7115,417.009,7.06898
883,285.208,153.059,502.779,180.866,355.764,174.234,0,95.6619,189.546,2.98142
884,121.699,163.737,537.093,288.253,647.968,198.043,0,102.336,19.363,1.18921
885,6.1,5.0922,72.8551,404.804,67.8438,405.349,0,3.18262,2.91737,1.91666
886,90.2992,82.2051,579.563,141.79,653.486,129.982,0,51.3782,38.921,1.75754
887,49.2998,62.5946,612.643,236.489,648.407,198.095,0,39.1216,10.1782,1.26017
888,106.799,127.725,522.402,735.843,611.097,755.172,0,79.8281,26.9708,1.33786
889,82.3993,112.796,352.944,714.644,313.223,818.171,0,70.4973,11.902,1.16883
890,282.108,167.434,517.761,180.977,355.949,173.626,0,104.646,177.462,2.69582
891,368.913,247.663,399.703,363.582,350.099,174.846,0,154.79,214.124,2.38332
892,142.7,169.993,297.772,701.302,149.49,693.243,0,106.245,36.4542,1.34311
893,239.705,215.447,327.876,593.118,144.775,615.98,0,134.654,105.051,1.78015
894,176.902,120.712,309.61,259.05,349.855,174.711,0,75.4451,101.456,2.34477
895,36.3,47.7461,595.419,504.653,615.589,540.293,0,29.8413,6.45868,1.21643
896,374.414,179.247,464.992,650.99,613.253,612.842,0,112.029,262.384,3.3421
897,0,0,652.253,197.689,652.253,197.689,0,0,0,0
898,115.499,122.254,523.92,716.022,612.023,753.059,0,76.4087,39.0901,1.51159
899,232.905,114.313,198.221,265.785,248.71,184.94,0,71.4454,161.46,3.2599
900,110.999,110.673,288.672,282.972,249.938,185.047,0,69.1709,41.828,1.60471
901,76.2994,69.5672,596.911,686.897,612.312,752.148,0,43.4795,32.8199,1.75484
902,96.4991,97.88,541.234,722.745,611.971,753.066,0,61.175,35.3241,1.57743
903,146.4,126.842,597.449,440.653,615.496,539.826,0,79.2764,67.1233,1.8467
904,41.9999,56.1665,586.157,505.6,615.754,540.67,0,35.1041,6.89586,1.19644
905,84.6993,116.151,249.745,710.126,153.633,700.221,0,72.5945,12.1048,1.16675
906,45.6999,64.3966,330.639,756.604,312.727,818.014,0,40.2479,5.45197,1.13546
907,121.599,102.099,564.716,319.619,630.445,333.83,0,63.8119,57.7869,1.90558
908,434.517,292.877,358.343,437.37,349.683,174.705,0,183.048,251.469,2.37378
909,76.5994,64.5283,309.794,761.276,311.509,818.421,0,40.3302,36.2692,1.89931
910,27.7001,35.4847,317.268,186.452,350.379,174.937,0,22.1779,5.52216,1.24899
911,485.72,159.792,427.986,140.674,424.144,121.189,1,99.8703,385.85,4.86351
912,485.72,231.162,477.031,490.84,592.282,487.51,1,144.477,341.244,3.36193
913,230.305,165.833,230.359,394.929,67.7205,404.88,0,103.646,126.659,2.22204
914,30.8001,33.9894,596.598,335.852,630.355,334.098,0,21.2434,9.55669,1.44987
915,360.113,246.023,282.468,431.583,67.7142,404.893,0,153.764,206.348,2.34198
916,67.2995,56.585,575.07,636.149,613.293,612.419,0,35.3656,31.9339,1.90296
917,55.8997,41.257,108.799,404.702,67.6946,404.798,0,25.7856,30.1141,2.16786
918,207.203,121.975,163.599,429.71,67.7372,405.49,0,76.2346,130.969,2.71797
919,92.4992,85.6256,319.214,744.506,311.601,818.421,0,53.516,38.9831,1.72844
920,455.519,259.216,471.373,514.401,613.276,612.818,0,162.01,293.509,2.81167
921,10.3,9.05305,359.199,182.638,355.822,174.314,0,5.65815,4.64185,1.82038
922,103.399,86.3598,439.285,179.196,355.743,174.311,0,53.9749,49.4241,1.91569
923,30.4001,34.346,593.174,724.863,612.372,752.05,0,21.4663,8.9338,1.41618
924,137.299,142.769,605.581,434.281,615.478,539.904,0,89.2307,48.0684,1.5387
925,82.9993,81.9172,177.427,561.486,140.033,611.083,0,51.1982,31.8011,1.62114
926,157.6,173.537,234.272,518.486,140.17,611.158,0,108.46,49.14,1.45307
927,137.199,117.5,195.77,255.956,248.55,184.822,0,73.4372,63.7619,1.86825
928,163.301,129.146,355.048,266.395,349.938,174.775,0,80.7164,82.5844,2.02314
929,107.499,104.801,367.582,211.781,349.787,174.745,0,65.5007,41.9982,1.64119
930,140.599,136.07,314.911,283.659,250.374,184.877,0,85.0437,55.5557,1.65326
931,200.503,147.26,497.308,347.764,630.364,334.396,0,92.0374,108.466,2.17849
932,143.1,116.576,342.917,268.295,349.931,174.838,0,72.8598,70.2398,1.96404
933,116.199,97.9274,546.149,588.803,613.247,612.837,0,61.2046,54.9942,1.89853
934,336.511,148.309,472.224,606.21,613.177,612.836,0,92.6931,243.818,3.63038
935,102.799,101.155,221.435,648.926,144.789,615.943,0,63.2221,39.5769,1.626
936,160.701,99.8421,221.377,278.818,248.744,184.934,0,62.4013,98.2993,2.57528
937,128.699,85.926,180.844,210.167,248.401,184.784,0,53.7037,74.9949,2.39646
938,188.302,134.341,246.493,309.852,249.831,185.144,0,83.9634,104.339,2.24267
939,147.2,125.4,222.128,599.014,144.812,615.765,0,78.3749,68.8248,1.87815
940,31.8001,40.7539,600.438,577.61,616.172,541.817,0,25.4712,6.32888,1.24847
941,9.4,8.52291,594.276,834.339,602.393,833.267,0,5.32682,4.07318,1.76466
942,146.9,156.094,306.991,699.718,312.356,818.068,0,97.5587,49.3411,1.50576
943,110.999,92.8216,433.833,192.934,355.843,174.341,0,58.0135,52.9854,1.91333
944,114.699,151.537,554.837,266.295,647.871,197.726,0,94.7103,19.9885,1.21105
945,116.899,106.548,547.719,125.881,653.559,130.048,0,66.5922,50.3066,1.75544
946,246.006,167.12,508.869,324.738,630.353,333.683,0,104.45,141.556,2.35526
947,86.9992,54.4477,260.567,237.512,249.494,185.201,0,34.0298,52.9695,2.55656
948,196.803,183.896,312.288,325.484,251.126,184.64,0,114.935,81.8675,1.71229
949,211.304,132.634,281.938,304.588,249.865,185.112,0,82.8962,128.407,2.54901
950,53.3998,57.0117,597.364,698.114,612.26,752.061,0,35.6323,17.7674,1.49863
951,366.613,307.275,326.129,451.105,67.7243,404.792,0,192.047,174.566,1.90898
952,12.9,15.7804,633.329,185.569,648.154,190.909,0,9.86273,3.03729,1.30796
953,338.811,205.025,235.246,429.459,67.7159,405.494,0,128.141,210.671,2.64406
954,170.001,142.336,535.591,390.077,630.436,334.347,0,88.9602,81.041,1.91098
955,154.9,162.998,403.845,709.852,313.107,818.127,0,101.874,53.0262,1.52051
956,182.802,227.482,496.008,259.194,648.076,198.019,0,142.176,40.6258,1.28574
957,243.706,114.101,511.182,639.096,613.166,612.849,0,71.3131,172.393,3.4174
958,295.309,180.588,226.224,360.019,67.7022,404.919,0,112.868,182.441,2.61642
959,188.802,130.223,413.986,249.464,356.321,173.154,0,81.3897,107.413,2.31973
960,26.4001,19.8895,87.4283,405.965,67.7466,404.931,0,12.431,13.9691,2.12374
961,485.72,192.392,452.727,679.359,595.196,611.975,1,120.245,365.476,4.03943
962,0,0,151.593,700.97,151.593,700.97,0,0,0,0
963,37.7,32.687,99.4088,399.068,67.836,405.197,0,20.4293,17.2707,1.84538
964,485.72,246.142,397.005,514.012,574.881,450.757,1,153.839,331.882,3.15734
965,485.72,255.491,405.218,602.833,594.468,616.609,1,159.682,326.039,3.0418
966,61.2996,64.9235,327.007,220.741,349.735,174.74,0,40.5772,20.7225,1.51069
967,90.1992,85.2659,557.001,328.575,630.298,334.064,0,53.2912,36.908,1.69257
968,8.09999,9.18594,312.782,808.838,312.706,818.017,0,5.74121,2.35878,1.41085
969,272.907,154.852,471.991,587.087,613.22,612.778,0,96.7825,176.125,2.8198
970,317.31,222.396,351.243,358.5,349.917,174.768,0,138.998,178.313,2.28285
971,89.3992,81.7967,355.016,200.405,349.815,174.664,0,51.1229,38.2763,1.74871
972,333.811,311.798,377.895,538.408,144.839,615.963,0,194.874,138.937,1.71296
973,318.71,205.688,473.544,383.351,630.288,334.093,0,128.555,190.155,2.47917
974,15.6,16.6039,369.624,182.132,355.329,174.492,0,10.3774,5.22258,1.50326
975,14.7,14.145,264.347,191.563,252.683,183.892,0,8.84064,5.85938,1.66278
976,101.299,81.5271,305.482,748.002,311.459,818.461,0,50.9545,50.3446,1.98803
977,203.303,133.365,165.334,439.349,67.6856,405.486,0,83.3531,119.95,2.43906
978,211.104,157.667,583.576,411.945,615.561,539.861,0,98.542,112.562,2.14227
979,168.201,102.039,230.087,284.468,249.116,185.097,0,63.7742,104.427,2.63745
980,72.2995,63.3126,598.38,179.607,648.255,190.918,0,39.5704,32.7291,1.82711
981,46.2999,56.9189,266.701,239.063,250.003,185.032,0,35.5743,10.7255,1.3015
982,166.201,106.843,166.424,413.05,67.7127,405.462,0,66.777,99.4239,2.48889
983,114.099,90.9994,156.346,402.893,67.7123,404.918,0,56.8746,57.2242,2.00615
984,286.208,179.215,204.276,350.148,67.6594,405.491,0,112.01,174.199,2.55521
985,485.72,235.002,400.144,614.498,585.407,617.344,1,146.876,338.844,3.307
986,158.7,143.696,511.48,116.524,653.505,129.95,0,89.8102,68.8903,1.76707
987,207.503,155.28,371.771,280.311,349.633,174.582,0,97.0498,110.454,2.13811
988,216.504,177.078,337.358,316.895,349.789,174.658,0,110.674,105.83,1.95624
989,348.512,155.703,502.758,187.977,355.762,174.205,0,97.3146,251.197,3.58129
990,485.72,67.5326,174.065,661.711,174.248,659.227,1,42.2079,443.513,11.5078
991,269.607,190.095,521.649,455.993,615.561,539.705,0,118.809,150.798,2.26925
992,54.5997,55.3924,89.9347,439.064,67.7105,405.48,0,34.6203,19.9795,1.5771
993,190.002,192.696,238.138,498.929,140.015,611.079,0,120.435,69.5676,1.57764
994,151.2,102.553,163.027,409.729,67.694,405.454,0,64.0955,87.1045,2.35898
995,268.807,217.025,423.859,324.573,355.825,174.248,0,135.641,133.167,1.98176
996,106.799,91.3734,136.745,529.499,139.875,611.107,0,57.1083,49.6906,1.87011
997,0,0,310.679,823.597,310.679,823.597,0,0,0,0
998,331.611,255.609,423.256,353.927,355.797,174.194,0,159.756,171.855,2.07574
999,387.114,269.618,296.784,423.579,67.803,405.386,0,168.511,218.603,2.29726
1000,181.902,154.503,505.423,693.288,612.276,752.249,0,96.5645,85.3374,1.88373
1001,33.4001,32.1947,582.816,603.229,613.171,612.745,0,20.1217,13.2784,1.6599
1002,405.716,310.788,310.113,470.46,67.7982,405.439,0,194.242,211.473,2.08871
1003,264.907,239.901,328.333,567.135,144.68,615.64,0,149.938,114.969,1.76677
1004,111.099,94.0983,248.816,772.689,310.753,818.722,0,58.8115,52.2874,1.88907
1005,202.203,130.138,196.02,403.267,67.741,405.45,0,81.3364,120.867,2.48601
1006,250.306,230.054,498.537,501.666,615.53,539.875,0,143.784,106.522,1.74085
1007,319.81,266.086,416.784,372.834,355.736,174.209,0,166.304,153.507,1.92305
1008,38.5,26.4938,94.4549,403.131,67.8107,405.165,0,16.5586,21.9414,2.32507
1009,342.412,214.581,327.128,593.289,144.686,615.673,0,134.113,208.298,2.55315
1010,7.89999,7.96445,346.789,182.004,349.108,174.385,0,4.97778,2.92221,1.58705
1011,72.8995,55.231,588.566,652.075,613.234,612.61,0,34.5194,38.3801,2.11184
1012,34.5,40.6684,570.744,805.673,606.69,811.186,0,25.4177,9.0823,1.35732
1013,0,0,405.641,78.1233,405.535,78.0951,0,0,0,0
1014,29.3001,35.4849,304.52,789.647,311.942,818.254,0,22.1781,7.12202,1.32113
1015,134.999,153.727,507.105,700.221,611.928,753.164,0,96.0796,38.9194,1.40507
1016,62.0996,87.4859,337.756,734.239,313.023,818.11,0,54.6787,7.42093,1.13572
1017,154.6,133.182,520.27,122.615,653.526,129.954,0,83.2387,71.3615,1.85731
1018,183.302,126.701,543.237,565.576,613.272,612.771,0,79.1881,104.114,2.31477
1019,485.72,263.007,395.147,523.112,575.755,450.004,1,164.379,321.341,2.95487
1020,43.2999,29.2911,587.974,620.749,613.347,613.242,0,18.3069,24.993,2.36522
1021,252.006,177.488,371.039,305.181,349.866,174.727,0,110.93,141.076,2.27176
1022,125.899,149.245,275.038,673.383,149.454,693.369,0,93.2784,32.6203,1.34971
1023,73.1995,89.5996,227.212,679.666,149.578,693.223,0,55.9998,17.1997,1.30714
1024,307.51,195.285,244.874,375.521,67.7113,404.881,0,122.053,185.456,2.51947
1025,139.399,177.044,534.544,298.001,648.113,197.952,0,110.652,28.7469,1.25979
1026,108.499,90.8809,581.739,291.621,630.327,334.147,0,56.8005,51.6984,1.91017
1027,310.01,180.479,169.238,303.826,248.386,184.845,0,112.8,197.21,2.74833
1028,16.7,16.006,606.437,553.283,616.216,541.924,0,10.0037,6.6963,1.66938
1029,262.307,147.853,149.504,440.046,67.6562,405.492,0,92.4081,169.899,2.83857
1030,231.505,159.654,208.164,361.693,67.7036,404.85,0,99.7836,131.721,2.32007
1031,163.501,136.371,518.919,125.476,653.46,129.951,0,85.232,78.2688,1.9183
1032,93.8991,101.485,561.458,480.335,615.608,539.719,0,63.4282,30.471,1.4804
1033,345.312,159.865,508.859,179.344,356.024,173.62,0,99.9156,245.396,3.45603
1034,60.2997,61.8346,396.338,185.279,355.841,173.994,0,38.6467,21.653,1.56028
1035,480.52,339.647,370.646,465.316,349.814,174.675,0,212.279,268.241,2.26362
1036,196.303,195.669,343.42,638.561,313.03,818.095,0,122.293,74.01,1.60519
1037,477.92,305.747,425.228,565.531,613.212,612.802,0,191.092,286.828,2.50099
1038,167.101,173.828,302.627,683.118,312.186,818.226,0,108.643,58.4583,1.53808
1039,55.2997,48.7288,300.709,183.576,253.539,182.637,0,30.4555,24.8442,1.81576
1040,19.4,21.6961,404.106,99.5947,405.853,78.1656,0,13.5601,5.83998,1.43067
1041,371.813,197.267,241.025,373.638,67.8417,405.145,0,123.292,248.521,3.01571
1042,101.899,95.8668,349.206,227.246,349.981,174.768,0,59.9168,41.9822,1.70068
1043,226.905,213.497,432.309,679.013,312.659,818.021,0,133.435,93.4692,1.70048
1044,48.0998,29.4982,594.413,626.15,613.282,613.179,0,18.4364,29.6635,2.60896
1045,317.11,147.266,489.822,619.634,613.232,612.751,0,92.041,225.069,3.44531
1046,169.601,124.388,252.329,302.071,249.848,185.082,0,77.7426,91.8586,2.18157
1047,39.6,38.3083,604.678,583.624,613.394,612.278,0,23.9427,15.6573,1.65395
1048,20.1,23.0103,411.949,100.201,405.805,78.2357,0,14.3814,5.71861,1.39764
1049,21.3,24.2878,578.12,833.262,602.402,833.253,0,15.1799,6.12015,1.40317
1050,296.009,209.269,382.037,327.177,349.851,174.826,0,130.793,165.216,2.26318
1051,250.006,193.654,327.975,624.206,144.759,616.093,0,121.033,128.973,2.06559
1052,180.502,130.443,129.629,498.679,139.767,611.056,0,81.5268,98.975,2.21402
1053,178.902,151.101,519.421,386.84,630.342,334,0,94.438,84.4637,1.89438
1054,178.602,151.142,334.4,290.179,349.871,174.721,0,94.4639,84.1378,1.89069
1055,63.0996,56.5461,597.936,135.504,653.543,129.992,0,35.3413,27.7583,1.78544
1056,234.105,186.929,214.288,475.96,139.661,611.105,0,116.831,117.274,2.0038
1057,129.299,115.917,342.107,265.515,350.002,174.746,0,72.448,56.8507,1.78471
1058,329.511,273.427,289.997,450.398,67.7393,404.831,0,170.892,158.619,1.92818
1059,53.8997,39.4716,239.736,223.077,249.276,185.208,0,24.6697,29.23,2.18485
1060,472.92,274.447,443.369,478.672,615.461,539.935,0,171.53,301.39,2.75707
1061,107.699,116.975,237.239,757.49,152.747,701.719,0,73.1095,34.5894,1.47312
1062,11,13.4135,636.163,186.017,648.575,190.758,0,8.38345,2.61656,1.31211
1063,485.72,168.099,471.657,329.575,470.331,329.671,1,105.062,380.659,4.62319
1064,82.1993,65.924,133.157,401.263,67.6722,405.546,0,41.2025,40.9968,1.99501
1065,219.804,223.375,350.222,614.588,312.953,818.121,0,139.609,80.195,1.57442
1066,345.712,200.141,305.369,350.636,249.148,185.089,0,125.088,220.624,2.76375
1067,94.7991,89.5177,527.775,621.342,613.206,612.755,0,55.9486,38.8506,1.6944
1068,450.018,294.762,370.152,431.724,349.904,174.818,0,184.226,265.792,2.44275
1069,145,176.87,417.56,711.021,313.443,818.289,0,110.544,34.4561,1.3117
1070,103.599,90.9164,230.533,272.248,249.174,185.086,0,56.8227,46.7763,1.8232
1071,148.1,115.47,417.878,237.922,355.672,174.348,0,72.1685,75.9314,2.05214
1072,254.406,300.188,383.206,567.253,312.942,818.116,0,187.618,66.7887,1.35598
1073,72.0995,85.0624,222.815,680.288,149.542,693.277,0,53.164,18.9355,1.35617
1074,144.6,156.637,342.131,670.711,312.386,818.085,0,97.8981,46.7016,1.47704
1075,291.109,209.094,386.937,328.939,349.969,174.741,0,130.684,160.425,2.22758
1076,1.8,0.968068,352.61,176.666,352.442,175.713,0,0.605042,1.19496,2.975
1077,44.3999,31.6894,234.071,211.02,249.252,185.207,0,19.8059,24.594,2.24175
1078,363.713,235.212,465.415,324.223,355.8,174.236,0,147.008,216.705,2.47411
1079,202.503,146.874,201.382,368.587,67.8268,404.97,0,91.7963,110.707,2.20601
1080,233.205,200.469,215.036,462.211,139.945,611.102,0,125.293,107.912,1.86127
1081,263.107,208.726,471.117,402.963,630.301,334.025,0,130.454,132.653,2.01686
1082,30.2001,27.3689,235.63,205.847,249.34,185.2,0,17.1056,13.0945,1.76551
1083,485.72,52.4836,486.699,156.587,486.258,155.356,1,32.8023,452.918,14.8075
1084,399.815,309.41,322.645,453.113,67.7172,405.518,0,193.381,206.434,2.06749
1085,369.613,276.639,429.214,368.025,355.807,174.24,0,172.9,196.714,2.13773
1086,161.001,139.805,263.04,655.899,144.706,615.706,0,87.3782,73.6224,1.84257
1087,135.299,162.864,403.736,708.277,313.474,818.275,0,101.79,33.5092,1.3292
1088,81.0993,61.6461,203.94,214.445,248.757,184.874,0,38.5288,42.5705,2.1049
1089,192.003,123.661,347.784,275.157,349.988,174.795,0,77.2879,114.715,2.48425
1090,92.4992,84.5271,569.373,126.202,653.453,129.934,0,52.8295,39.6697,1.7509
1091,140.199,104.692,565.774,322.286,630.301,334.09,0,65.4322,74.7672,2.14267
1092,473.72,253.806,443.321,441.379,615.605,539.683,0,158.629,315.091,2.98634
1093,89.2992,88.0897,258.627,792.398,311.224,818.601,0,55.0561,34.2431,1.62197
1094,18.4,21.2861,165.172,621.834,144.754,616.086,0,13.3038,5.0962,1.38306
1095,153.8,127.659,395.232,242.894,355.787,174.348,0,79.7869,74.0133,1.92764
1096,281.108,152.898,195.797,316.656,249.585,185.247,0,95.5612,185.547,2.94165
1097,22.1,24.0268,317.112,795.087,312.516,818.043,0,15.0168,7.08329,1.47169
1098,252.206,184.216,199.216,463.324,139.695,611.059,0,115.135,137.071,2.19053
1099,60.4996,33.8641,244.413,218.84,249.57,185.244,0,21.1651,39.3346,2.85847
1100,485.72,286.499,427.329,565.898,590.654,612.534,1,179.062,306.658,2.71258
1101,88.0992,78.2387,145.127,401.115,67.6791,404.827,0,48.8992,39.2,1.80165
1102,398.515,275.235,292.945,449.581,67.7263,405.494,0,172.022,226.493,2.31665
1103,45.6999,63.6149,211.611,725.693,152.726,701.799,0,39.7593,5.94054,1.14941
1104,485.72,303.874,393.101,461.378,604.625,531.565,1,189.921,295.799,2.55749
1105,443.318,303.071,381.022,433.02,349.927,174.836,0,189.419,253.899,2.34041
1106,314.01,170.277,234.901,343.194,249.246,185.089,0,106.423,207.587,2.95058
1107,47.5998,35.5282,256.459,219.801,249.919,185.078,0,22.2051,25.3947,2.14364
1108,187.602,176.447,395.031,284.064,356.203,173.349,0,110.279,77.323,1.70116
1109,195.403,139.515,456.589,220.505,356.122,173.541,0,87.1967,108.206,2.24094
1110,199.103,178.336,481.188,123.509,653.532,129.957,0,111.46,87.6431,1.78632
1111,96.0991,104.8,240.666,738.424,152.735,701.768,0,65.4999,30.5992,1.46716
1112,99.999,117.307,552.586,194.838,648.342,190.899,0,73.3166,26.6824,1.36393
1113,97.0991,71.117,193.852,214.377,248.391,184.799,0,44.4481,52.651,2.18455
1114,24.4001,20.7719,592.764,612.354,613.234,612.777,0,12.9824,11.4176,1.87947
1115,155.7,198.182,504.457,295.377,647.924,197.705,0,123.863,31.8368,1.25703
1116,146.9,153.951,215.747,517.615,140.078,611.074,0,96.2191,50.6807,1.52672
1117,394.915,255.598,443.079,444.614,615.543,540.002,0,159.749,235.166,2.4721
1118,106.199,138.323,561.85,281.422,647.86,197.768,0,86.452,19.7469,1.22841
1119,16.2,13.6893,589.065,834.875,602.534,833.57,0,8.55579,7.64424,1.89346
1120,319.51,157.058,527.74,547.329,613.203,612.775,0,98.1612,221.349,3.25495
1121,296.109,183.243,226.947,350.276,250.591,184.801,0,114.527,181.582,2.5855
1122,90.1992,65.6207,267.988,246.592,249.191,185.142,0,41.0129,49.1863,2.19929
1123,471.32,156.462,490.927,632.044,613.217,612.766,0,97.7889,373.531,4.81976
1124,42.1999,30.0948,232.409,203.9,249.174,185.118,0,18.8092,23.3907,2.24357
1125,125.999,105.382,248.632,631.58,144.681,615.723,0,65.8636,60.1351,1.91302
1126,86.2993,117.597,224.619,706.689,149.593,693.161,0,73.498,12.8013,1.17417
1127,177.502,157.758,371.992,279.273,349.866,174.759,0,98.599,78.9027,1.80024
1128,139.399,152.542,216.972,519.431,139.919,611.112,0,95.3389,44.0604,1.46215
1129,28.6001,36.1884,315.266,183.503,349.789,174.69,0,22.6177,5.98235,1.2645
1130,47.4998,50.7388,608.308,144.353,653.559,130.05,0,31.7117,15.7881,1.49786
1131,188.902,136.449,270.213,647.398,144.84,616.027,0,85.2809,103.621,2.21506
1132,168.501,136.069,357.375,270.319,349.853,174.816,0,85.0432,83.4579,1.98136
1133,21.3,21.9744,596.288,794.683,606.663,811.144,0,13.734,7.56602,1.5509
1134,75.5994,48.4471,218.392,215.129,249.132,185.148,0,30.2794,45.32,2.49672
1135,145.8,118.632,610.764,730.041,612.374,751.968,0,74.1451,71.6546,1.96641
1136,224.505,244.84,372.071,608.135,312.462,817.978,0,153.025,71.4794,1.46711
1137,2.1,1.00514,245.409,176.059,245.983,176.817,0,0.628212,1.47179,3.34282
1138,62.0996,37.8438,259.213,221.866,249.863,185.083,0,23.6524,38.4472,2.62551
1139,77.0994,74.0945,420.722,148.345,355.958,173.657,0,46.3091,30.7903,1.66489
1140,93.9991,69.5476,573.707,706.771,612.178,752.486,0,43.4672,50.5319,2.16253
1141,339.712,255.923,447.664,400.512,630.296,334.058,0,159.952,179.76,2.12384
1142,33.8001,40.0057,616.839,261.529,635.843,282.329,0,25.0036,8.79646,1.35181
1143,157.7,121.954,466.566,188.578,355.657,174.323,0,76.2215,81.4789,2.06898
1144,33.3001,36.5145,404.509,114.462,405.888,78.1597,0,22.8215,10.4785,1.45915
1145,49.4998,58.2765,568.229,788.93,606.361,811.669,0,36.4228,13.077,1.35903
1146,188.702,140.189,289.145,298.387,250.897,184.721,0,87.6179,101.084,2.1537
1147,485.72,259.367,419.46,569.438,584.928,616.595,1,162.105,323.616,2.99634
1148,67.1995,58.9355,595.081,132.138,653.484,129.99,0,36.8347,30.3649,1.82436
1149,54.0997,26.7892,269.431,204.193,252.958,183.826,0,16.7432,37.3565,3.23114
1150,9.6,9.32989,648.813,137.222,653.535,130.116,0,5.83118,3.76882,1.64632
1151,69.7995,85.858,320.048,739.871,312.571,817.993,0,53.6613,16.1382,1.30074
1152,40.9999,44.2841,174.015,636.32,144.769,615.819,0,27.6775,13.3224,1.48134
1153,58.5997,61.6441,406.521,153.536,355.912,174.093,0,38.5276,20.0721,1.52098
1154,317.91,230.992,479.557,466.208,615.478,539.946,0,144.37,173.54,2.20205
1155,158.1,152.636,513.991,145.887,653.557,130.046,0,95.3975,62.7029,1.65728
1156,121.799,93.9232,266.103,277.315,249.861,185.12,0,58.702,63.0967,2.07487
1157,321.31,193.245,494.107,238.484,355.761,174.241,0,120.778,200.532,2.66033
1158,56.7997,54.9859,90.1233,439.446,67.691,405.551,0,34.3662,22.4335,1.65278
1159,290.609,216.429,329.824,596.318,144.847,616.081,0,135.268,155.341,2.14839
1160,84.4993,83.864,179.065,559.613,139.92,611.132,0,52.415,32.0843,1.61212
1161,23.8001,27.818,320.344,791.507,312.744,818.036,0,17.3862,6.41383,1.3689
1162,190.802,136.803,535.363,562.267,613.197,612.824,0,85.502,105.3,2.23155
1163,485.72,157.074,416.916,528.68,425.321,542.764,1,98.171,387.549,4.9477
1164,151.1,138.26,234.935,770.082,152.807,701.788,0,86.4123,64.6877,1.74859
1165,80.3993,63.4034,201.786,210.94,248.236,184.714,0,39.6271,40.7722,2.0289
1166,34.6,42.6107,159.876,646.698,139.868,620.877,0,26.6317,7.96834,1.29921
1167,162.001,106.868,162.36,414.611,67.8005,405.24,0,66.7924,95.2083,2.42544
1168,122.699,118.737,116.811,483.347,67.7989,405.146,0,74.2104,48.4883,1.65339
1169,188.302,144.355,539.445,552.067,613.236,612.851,0,90.2217,98.0806,2.08711
1170,159.001,147.597,270.365,657.145,144.783,616.006,0,92.2479,66.7526,1.72362
1171,87.9992,115.314,353.36,712.394,313.26,818.211,0,72.0712,15.9281,1.221
1172,244.706,153.319,334.424,294.281,349.721,174.715,0,95.8245,148.881,2.55369
1173,253.706,280.935,288.912,493.527,139.926,611.131,0,175.584,78.1219,1.44492
1174,485.72,318.943,378.506,489.796,600.963,520.444,1,199.339,286.381,2.43665
1175,141.099,114.062,610.988,725.662,612.376,751.957,0,71.2886,69.8108,1.97927
1176,106.199,99.2006,347.358,237.614,349.992,174.841,0,62.0004,44.1986,1.71288
1177,485.72,201.749,434.787,655.021,596.687,614.081,1,126.093,359.627,3.85207
1178,184.502,184.488,481.353,702.876,612.232,752.498,0,115.305,69.1968,1.60012
1179,485.72,117.206,187.135,655.564,173.788,658.837,1,73.2537,412.467,6.63066
1180,62.8996,54.8896,264.992,236.315,250.047,185.01,0,34.306,28.5936,1.83349
1181,61.1996,66.2697,277.145,778.523,310.975,818.676,0,41.4185,19.7811,1.47759
1182,485.72,304.724,395.239,461.167,603.528,532.21,1,190.453,295.268,2.55035
1183,112.699,126.925,236.355,767.078,152.76,701.755,0,79.3282,33.3706,1.42067
1184,151,137.279,503.965,720.136,612.011,753.062,0,85.7991,65.2009,1.75992
1185,149.4,157.667,343.189,669.529,312.451,817.974,0,98.5418,50.8581,1.51611
1186,35.6,45.4221,306.303,184.747,349.757,174.698,0,28.3888,7.21125,1.25402
1187,340.312,254.365,463.578,242.548,355.949,173.637,0,158.978,181.334,2.14062
1188,363.713,180.038,544.885,520.333,613.243,612.756,0,112.524,251.189,3.23232
1189,36.4,38.574,260.069,222.153,249.789,185.087,0,24.1088,12.2912,1.50982
1190,53.5998,59.2374,126.415,567.487,139.88,611.067,0,37.0234,16.5764,1.44773
1191,13.1,16.6897,141.248,594.86,139.902,611.199,0,10.4311,2.66892,1.25586
1192,104.199,75.4541,581.702,662.86,613.278,612.763,0,47.1588,57.0402,2.20953
1193,298.909,212.125,379.588,342.785,350.014,174.744,0,132.578,166.331,2.25459
1194,5.1,4.98655,606.421,753.593,611.107,755.267,0,3.11659,1.9834,1.6364
1195,306.609,172.441,242.767,344.964,251.189,184.532,0,107.776,198.834,2.84489
1196,14.2,16.2041,335.119,180.375,350.218,174.944,0,10.1276,4.07243,1.40211
1197,157.7,165.439,340.651,663.69,313.032,818.089,0,103.399,54.3013,1.52516
1198,249.006,201.867,481.393,285.993,630.37,333.774,0,126.167,122.839,1.97362
1199,61.6996,66.6548,149.074,546.387,139.895,611.123,0,41.6593,20.0404,1.48105
1200,0,0,147.358,698.135,147.338,698.114,0,0,0,0
1201,241.406,197.194,473.283,304.794,630.43,333.748,0,123.246,118.16,1.95873
1202,120.599,90.1486,273.669,770.304,310.661,818.792,0,56.3429,64.2559,2.14044
1203,311.21,173.987,168.289,308.263,248.398,184.788,0,108.742,202.468,2.86191
1204,145.6,115.469,526.381,358.497,630.35,334.272,0,72.1679,73.4318,2.01751
1205,51.2998,41.6841,294.261,186.669,253.281,183.062,0,26.0526,25.2472,1.96909
1206,85.1993,71.5349,415.784,196.195,355.838,174.233,0,44.7093,40.49,1.90563
1207,148.4,187.962,294.975,717.913,149.52,693.288,0,117.476,30.9239,1.26324
1208,406.816,200.36,505.989,518.794,613.157,612.819,0,125.225,281.591,3.24868
1209,77.3994,75.6113,315.034,223.662,349.807,174.748,0,47.257,30.1423,1.63784
1210,485.72,252.312,455.726,480.709,606.226,538.334,1,157.695,328.026,3.08013
1211,450.618,286.31,395.81,403.455,349.612,174.586,0,178.944,271.674,2.51821
1212,17.2,18.1113,149.092,675.144,149.74,693.19,0,11.3196,5.88044,1.51949
1213,83.0993,62.0748,301.32,766.791,311.577,818.419,0,38.7968,44.3025,2.14191
1214,22.2,27.8869,625.038,211.819,648.006,197.875,0,17.4293,4.77075,1.27372
1215,242.906,178.06,199.368,470.886,139.785,611.081,0,111.288,131.618,2.18268
1216,87.5992,100.572,563.046,478.569,615.605,539.706,0,62.8577,24.7416,1.39361
1217,454.719,253.006,456.177,468.547,615.48,539.975,0,158.129,296.59,2.87562
1218,80.1993,65.1394,587.595,128.83,653.505,130.038,0,40.7121,39.4872,1.96991
1219,94.4991,80.8776,147.958,396.999,67.6814,405.492,0,50.5485,43.9506,1.86947
1220,150.7,145.726,319.096,296.423,250.841,184.674,0,91.0788,59.6212,1.65461
1221,98.4991,131.043,266.704,718.171,153.632,700.191,0,81.9016,16.5975,1.20265
1222,485.72,275.489,405.161,489.079,596.903,507.993,1,172.181,313.54,2.82099
1223,485.72,210.022,451.973,693.367,599.987,612.286,1,131.264,354.457,3.70034
1224,273.507,172.328,243.633,346.004,251.04,184.566,0,107.705,165.802,2.53941
1225,399.215,323.579,351.058,476.623,144.738,616.247,0,202.237,196.978,1.974
1226,189.202,235.616,486.798,262.43,648.025,197.98,0,147.26,41.9424,1.28482
1227,39.1,29.5165,234.224,207.424,249.504,185.213,0,18.4478,20.6522,2.11949
1228,15.8,16.9341,598.11,798.131,606.998,810.321,0,10.5838,5.21624,1.49285
1229,485.72,226.667,430.661,617.466,603.402,613.049,1,141.667,344.054,3.42861
1230,16.3,18.0642,371.307,181.894,355.396,174.385,0,11.2901,5.0099,1.44374
1231,41.2999,43.093,569.146,756.602,611.231,754.827,0,26.9331,14.3668,1.53343
1232,0,0,611.008,811.476,611.008,811.476,0,0,0,0
1233,182.902,208.659,311.848,349.236,251.302,184.515,0,130.412,52.4902,1.4025
1234,273.707,224.813,474.714,421.903,630.355,334.056,0,140.508,133.199,1.94798
1235,320.21,157.389,503.091,621.194,613.199,612.756,0,98.3684,221.842,3.25522
1236,107.599,95.656,542.306,334.514,630.33,333.871,0,59.785,47.8139,1.79976
1237,264.107,313.923,391.197,575.665,312.299,818.126,0,196.202,67.9047,1.3461
1238,99.5991,79.3231,415.832,204.899,355.79,174.292,0,49.577,50.0221,2.00898
1239,154.1,115.44,246.808,612.796,144.75,616.179,0,72.1497,81.9505,2.13584
1240,312.21,217.53,394.001,324.248,349.665,174.6,0,135.956,176.254,2.2964
1241,211.704,197.225,402.003,298.569,355.79,174.271,0,123.266,88.4381,1.71746
1242,179.202,148.194,541.872,444.098,615.624,539.708,0,92.6213,86.5805,1.93478
1243,12.1,11.9972,362.053,184.265,355.613,174.425,0,7.49822,4.60179,1.61372
1244,64.3996,72.8155,318.562,754.13,311.786,818.382,0,45.5097,18.8899,1.41507
1245,170.701,174.125,213.643,497.912,139.948,611.069,0,108.828,61.8729,1.56854
1246,57.8997,47.3795,299.751,185.571,253.343,183.123,0,29.6122,28.2875,1.95526
1247,243.006,149.328,191.395,311.954,248.763,185.018,0,93.3299,149.676,2.60373
1248,118.999,131.08,353.014,695.491,312.977,818.098,0,81.9252,37.0735,1.45253
1249,360.313,238.017,387.241,365.092,349.855,174.817,0,148.761,211.552,2.4221
1250,112.199,111.206,213.753,654.053,144.848,616.059,0,69.504,42.6949,1.61428
1251,367.713,249.763,446.615,439.043,615.495,540.172,0,156.102,211.611,2.3556
1252,78.7994,52.1526,215.304,217.003,249.199,185.086,0,32.5954,46.204,2.4175
1253,232.405,186.909,360.026,327.028,349.811,174.681,0,116.818,115.587,1.98946
1254,32.9001,36.1972,616.181,265.053,636.005,282.543,0,22.6232,10.2769,1.45426
1255,485.72,311.913,392.772,483.008,603.952,530.124,1,194.946,290.775,2.49157
1256,347.712,219.63,293.867,379.473,249.123,185.125,0,137.269,210.443,2.53307
1257,377.614,242.232,467.534,328.018,356.004,173.643,0,151.395,226.219,2.49423
1258,36.1,44.1025,607.481,214.651,647.844,197.635,0,27.5641,8.53597,1.30968
1259,15.9,15.1608,248.559,200.394,249.44,185.219,0,9.47549,6.42454,1.67802
1260,253.106,296.93,375.7,567.203,312.31,818.072,0,185.582,67.5247,1.36385
1261,303.709,245.44,320.852,549.881,144.847,615.919,0,153.4,150.309,1.97985
1262,300.009,325.738,324.793,479.445,139.952,611.087,0,203.586,96.4228,1.47362
1263,185.202,155.511,503.535,126.563,653.465,129.976,0,97.1942,88.0079,1.90549
1264,56.2997,62.1703,325.992,217.895,350.037,174.736,0,38.8564,17.4433,1.44892
1265,23.3001,26.712,300.7,798.973,311.688,818.387,0,16.695,6.60505,1.39563
1266,118.899,105.895,548.846,121.091,653.56,130.05,0,66.1842,52.7146,1.79648
1267,25.6001,28.4819,384.235,174.594,355.984,173.65,0,17.8012,7.79888,1.43811
1268,347.612,230.883,469.342,327.528,355.828,174.228,0,144.302,203.31,2.40893
1269,177.702,179.932,521.634,228.471,647.664,191.792,0,112.458,65.2438,1.58016
1270,53.2998,48.9078,296.864,199.696,253.216,183.181,0,30.5674,22.7324,1.74368
1271,189.902,135.946,246.301,311.326,249.648,185.223,0,84.9664,104.936,2.23503
1272,200.403,130.393,281.763,301.038,250.361,184.94,0,81.4958,118.907,2.45906
1273,267.307,202.512,472.843,393.757,630.373,334.053,0,126.57,140.737,2.11193
1274,33.0001,36.6107,575.075,756.125,611.118,755.147,0,22.8817,10.1184,1.4422
1275,183.502,106.652,208.269,267.365,248.68,184.876,0,66.6577,116.844,2.7529
1276,6.8,6.69182,609.27,542.424,615.721,540.644,0,4.18239,2.61761,1.62586
1277,485.72,209.741,466.807,688.882,597.36,612.964,1,131.088,354.632,3.70529
1278,47.3998,29.3313,97.3014,406.493,67.6889,404.89,0,18.332,29.0678,2.58563
1279,170.101,123.367,130.098,507.31,139.853,611.114,0,77.1047,92.9965,2.20611
1280,405.516,272.801,397.511,396.534,349.658,174.697,0,170.501,235.015,2.37838
1281,18,21.1216,136.181,641.405,139.912,620.91,0,13.201,4.799,1.36353
1282,258.707,245.091,377.016,606.63,312.725,818.047,0,153.182,105.525,1.68889
1283,432.717,195.197,452.819,648.056,613.198,612.826,0,121.998,310.719,3.54692
1284,161.201,102.299,231.11,282.898,249.174,185.106,0,63.9369,97.2638,2.52125
1285,3.3,2.27745,645.617,190.73,647.699,191.655,0,1.42341,1.87659,2.31838
1286,485.72,284.527,434.545,548.844,586.123,616.067,1,177.83,307.891,2.73138
1287,160.901,156.85,344.442,668.903,312.54,818.001,0,98.0315,62.8691,1.64132
1288,84.7993,84.7696,578.707,149.089,653.48,130.1,0,52.981,31.8182,1.60056
1289,107.199,88.7184,402.352,211.698,355.715,174.33,0,55.449,51.75,1.93329
1290,246.406,200.266,374.802,332.121,349.801,174.66,0,125.166,121.24,1.96863
1291,72.6995,98.8654,341.719,723.712,313.027,818.063,0,61.7909,10.9086,1.17654
1292,139.699,110.793,187.83,253.942,248.872,184.993,0,69.2457,70.4536,2.01744
1293,223.004,232.612,400.885,665.986,313.017,818.061,0,145.383,77.6216,1.53391
1294,349.512,145.416,492.741,621.886,613.247,612.778,0,90.8852,258.627,3.84564
1295,64.3996,34.5975,251.687,220.121,249.648,185.211,0,21.6234,42.7762,2.97823
1296,340.112,165.245,521.455,546.868,613.257,612.778,0,103.278,236.833,3.29316
1297,90.1992,100.208,567.135,196.619,648.08,190.982,0,62.6301,27.5691,1.44019
1298,16.6,16.1047,83.7119,403.404,67.7919,404.981,0,10.0655,6.53457,1.64921
1299,180.802,128.369,279.562,301.431,250.434,184.949,0,80.2309,100.571,2.25352
1300,46.9999,36.8708,286.863,195.595,253.012,183.644,0,23.0442,23.9556,2.03955
1301,298.609,214.882,487.123,457.914,615.581,539.768,0,134.301,164.308,2.22343
1302,290.709,158.545,202.538,425.44,67.7325,405.558,0,99.0903,191.618,2.93377
1303,179.402,151.679,521.051,387.576,630.326,334.309,0,94.7992,84.6025,1.89244
1304,145.3,101.28,164.367,407.193,67.6987,404.877,0,63.3002,81.9995,2.29541
1305,54.8997,67.3274,209.249,622.708,144.804,615.927,0,42.0796,12.8201,1.30466
1306,11.3,13.6752,598.974,748.449,611.765,753.275,0,8.54701,2.753,1.3221
1307,211.604,173.262,335.609,313.423,350.216,174.904,0,108.289,103.315,1.95407
1308,183.302,147.235,553.217,402.745,630.366,334.346,0,92.0218,91.2802,1.99194
1309,260.107,171.404,335.646,312.633,349.557,174.574,0,107.128,152.979,2.428
1310,294.209,222.906,388.057,339.409,350.047,174.767,0,139.316,154.893,2.11181
1311,81.5993,83.2831,546.761,733.268,611.987,752.951,0,52.0519,29.5474,1.56765
1312,133.499,126.953,130.647,478.754,67.8012,405.033,0,79.3456,54.1534,1.6825
1313,262.407,207.057,492.362,415.547,630.302,334.274,0,129.41,132.996,2.02771
1314,187.902,172.046,228.119,552.429,144.842,615.807,0,107.529,80.3738,1.74746
1315,341.712,276.913,295.018,452.898,67.7081,404.828,0,173.071,168.641,1.9744
1316,172.801,131.387,311.309,266.312,349.769,174.675,0,82.1167,90.6846,2.10434
1317,109.399,93.7589,565.393,141.473,653.505,130.049,0,58.5993,50.7996,1.8669
1318,411.116,243.427,495.076,485.044,615.58,539.82,0,152.142,258.974,2.70218
1319,371.713,277.182,314.804,517.77,144.777,615.914,0,173.239,198.475,2.14567
1320,33.5001,38.0407,162.294,590.942,144.799,615.838,0,23.7755,9.7246,1.40902
1321,40.9999,41.6315,612.37,176.102,647.806,191.368,0,26.0197,14.9803,1.57573
1322,485.72,249.388,447.578,574.743,588.402,616.536,1,155.867,329.853,3.11624
1323,314.51,254.595,412.594,362.504,355.794,174.242,0,159.122,155.388,1.97654
1324,313.01,222.279,392.925,334.217,349.817,174.745,0,138.924,174.086,2.2531
1325,323.611,203.71,324.146,602.543,144.776,616.138,0,127.318,196.292,2.54174
1326,485.72,299.337,397.712,465.36,604.556,530.993,1,187.086,298.635,2.59624
1327,294.109,170.706,204.85,436.835,67.6642,405.479,0,106.691,187.417,2.75663
1328,321.71,187.039,221.815,430.939,67.6987,405.582,0,116.899,204.811,2.75203
1329,49.6998,50.7332,614.485,165.652,647.767,191.894,0,31.7082,17.9916,1.56741
1330,147.4,128.943,598.269,441.539,615.576,539.911,0,80.5891,66.8107,1.82903
1331,3.6,3.12444,251.296,187.941,250.175,185.024,0,1.95278,1.64722,1.84353
1332,89.0992,82.9071,571.043,124.432,653.518,129.983,0,51.8169,37.2823,1.7195
1333,260.907,114.233,230.72,296.597,249.005,185.027,0,71.3955,189.511,3.65438
1334,165.701,142.417,547.477,443.856,615.478,539.901,0,89.0109,76.69,1.86158
1335,89.9992,113.873,585.151,272.667,647.956,197.816,0,71.1707,18.8285,1.26455
1336,485.72,266.397,456.768,549.07,577.604,617.821,1,166.498,319.222,2.91727
1337,84.4993,87.505,579.451,190.327,647.788,191.689,0,54.6906,29.8087,1.54504
1338,106.899,84.1518,587.855,355.781,630.28,334.289,0,52.5949,54.3041,2.0325
1339,191.502,136.668,313.149,288.939,250.522,184.831,0,85.4174,106.085,2.24196
1340,284.208,208.435,376.193,340.959,349.863,174.645,0,130.272,153.936,2.18165
1341,77.2994,75.998,199.708,593.345,144.685,615.631,0,47.4987,29.8007,1.6274
1342,371.713,251.881,366.783,398.794,349.858,174.642,0,157.425,214.288,2.3612
1343,176.602,185.709,408.11,691.791,313.068,818.082,0,116.068,60.5335,1.52153
1344,44.2999,29.9753,591.742,624.652,613.254,613.203,0,18.7346,25.5653,2.36461
1345,213.204,171.618,511.352,400.35,630.382,334.41,0,107.261,105.943,1.98771
1346,24.7001,28.5486,574.243,834.752,602.437,833.346,0,17.8429,6.85718,1.38431
1347,88.5992,60.1836,606.873,647.542,613.196,612.828,0,37.6147,50.9845,2.35544
1348,237.805,158.59,372.063,278.166,349.796,174.683,0,99.119,138.686,2.39919
1349,411.816,276.34,396.056,400.093,349.685,174.667,0,172.713,239.103,2.3844
1350,25.8001,33.2419,318.434,184.25,350.193,174.859,0,20.7762,5.02385,1.24181
1351,102.699,91.2614,136.874,530.369,139.891,611.157,0,57.0384,45.6606,1.80052
1352,383.814,245.186,459.158,456.465,615.541,539.935,0,153.241,230.573,2.50464
1353,351.312,231.262,466.158,255.38,355.796,174.244,0,144.539,206.773,2.43058
1354,4.3,3.92671,136.467,623.733,137.543,619.956,0,2.4542,1.8458,1.7521
1355,84.4993,76.453,588.794,367.714,630.267,334.128,0,47.7831,36.7161,1.76839
1356,174.001,187.521,513.873,231.622,648.46,190.865,0,117.201,56.8006,1.48464
1357,374.014,262.961,437.029,354.706,355.787,174.231,0,164.351,209.663,2.27571
1358,236.505,158.398,613.639,423.595,615.654,539.732,0,98.9989,137.506,2.38897
1359,0,0,314.783,821.436,314.783,821.436,0,0,0,0
1360,96.2991,71.1328,301.23,757.247,311.635,818.42,0,44.458,51.8411,2.16607
1361,325.411,248.206,288.088,556.648,144.803,616.132,0,155.129,170.282,2.09768
1362,40.4,44.5915,400.355,174.866,355.787,174.199,0,27.8697,12.5302,1.4496
1363,343.112,166.52,486.832,637.879,613.19,612.794,0,104.075,239.037,3.29678
1364,328.511,201.664,496.232,245.651,356.078,173.644,0,126.04,202.471,2.6064
1365,163.601,159.413,344.695,667.444,312.923,817.994,0,99.6333,63.9675,1.64203
1366,2.8,2.02144,609.135,754.428,611.068,755.013,0,1.2634,1.5366,2.21624
1367,159.201,118.155,527.52,362.458,630.333,333.963,0,73.8466,85.3539,2.15583
1368,31.1001,42.155,321.215,777.131,312.738,818.019,0,26.3469,4.75323,1.18041
1369,217.704,104.055,211.192,258.521,248.804,185.008,0,65.0347,152.669,3.34751
1370,8.9,8.70389,358.777,182.559,355.538,174.41,0,5.43993,3.46007,1.63605
1371,485.72,204.948,428.708,620.301,593.605,614.254,1,128.093,357.628,3.79194
1372,47.1999,54.1955,406.944,163.177,355.987,173.672,0,33.8722,13.3277,1.39347
1373,424.217,252.116,444.462,442.209,615.453,539.98,0,157.573,266.644,2.6922
1374,74.2994,99.9022,344.123,723.578,313.025,818.126,0,62.4388,11.8606,1.18996
1375,228.305,133.234,291.565,289.458,250.297,184.887,0,83.2714,145.033,2.74169
1376,5.8,5.83745,150.63,616.123,144.813,615.984,0,3.64841,2.15159,1.58973
1377,119.299,104.997,423.69,228.472,356.286,173.188,0,65.6228,53.6759,1.81795
1378,209.804,140.11,330.9,284.158,349.957,174.822,0,87.5687,122.235,2.39588
1379,171.001,141.475,498.656,339.666,630.298,334.031,0,88.4217,82.5796,1.93393
1380,11.6,12.8591,258.141,195.59,252.569,184.012,0,8.03693,3.56308,1.44334
1381,485.72,202.834,444.072,677.024,592.539,615.232,1,126.771,358.949,3.83148
1382,55.4997,79.4941,335.909,742.18,312.699,818.019,0,49.6838,5.81593,1.11706
1383,90.9992,119.231,263.579,729.388,152.839,701.844,0,74.5194,16.4798,1.22115
1384,485.72,261.693,385.988,505.137,574.698,449.737,1,163.558,322.162,2.96971
1385,485.72,211.664,425.306,489.486,577.408,451.37,1,132.29,353.43,3.67163
1386,139.799,100.515,263.544,282.219,249.98,185.036,0,62.822,76.9773,2.22532
1387,207.703,135.134,203.469,307.324,248.879,184.977,0,84.4587,123.245,2.45923
1388,194.303,195.532,354.743,639.095,312.456,818.007,0,122.207,72.0953,1.58994
1389,61.4996,67.0076,550.066,748.91,612.003,752.892,0,41.8798,19.6199,1.46848
1390,52.1998,64.4152,561.748,789.869,606.552,811.589,0,40.2595,11.9403,1.29658
1391,317.91,208.879,346.257,344.081,349.815,174.65,0,130.549,187.361,2.43518
1392,373.714,243.526,401.87,350.229,349.861,174.629,0,152.204,221.51,2.45535
1393,360.513,290.939,338.593,532.177,144.782,616.011,0,181.837,178.676,1.98262
1394,71.3995,64.7198,598.274,148.398,653.488,129.875,0,40.4499,30.9496,1.76513
1395,7.99999,6.34486,630.791,281.568,635.794,282.043,0,3.96554,4.03445,2.01738
1396,41.4999,47.199,185.046,673.003,150.101,693.327,0,29.4994,12.0006,1.40681
1397,159.401,134.78,519.912,124.305,653.514,129.955,0,84.2372,75.1633,1.89228
1398,485.72,239.208,385.303,458.045,577.98,453.786,1,149.505,336.215,3.24885
1399,236.105,142.827,195.728,307.343,249.156,185.081,0,89.2668,146.838,2.64494
1400,59.1997,59.5367,162.249,567.613,139.859,611.053,0,37.2104,21.9892,1.59094
1401,94.1991,93.7142,179.269,545.415,139.943,611.129,0,58.5714,35.6278,1.60828
1402,212.204,182.835,311.013,325.993,250.891,184.704,0,114.272,97.9322,1.85701
1403,27.9001,30.7877,386.035,171.333,355.949,173.63,0,19.2423,8.65778,1.44993
1404,117.799,133.994,511.431,719.529,611.899,753.105,0,83.7463,34.0524,1.40661
1405,485.72,145.364,472.188,333.498,471.309,329.553,1,90.8527,394.868,5.34624
1406,334.511,212.093,280.641,376.203,249.54,185.245,0,132.558,201.953,2.5235
1407,349.112,225.073,475.645,425.211,615.632,539.675,0,140.671,208.442,2.48177
1408,5.2,4.76479,308.347,814.773,310.908,818.755,0,2.97799,2.222,1.74614
1409,84.2993,76.4819,577.478,131.558,653.472,129.799,0,47.8012,36.4981,1.76354
1410,180.202,111.155,236.984,290.755,249.638,185.217,0,69.4717,110.73,2.59389
1411,51.7998,52.2691,605.719,170.441,648.145,190.965,0,32.6682,19.1316,1.58563
1412,309.21,159.157,493.112,157.836,355.796,174.243,0,99.4729,209.737,3.10848
1413,186.302,233.717,488.286,261.145,647.956,198.017,0,146.073,40.2289,1.2754
1414,167.101,119.335,555.574,294.503,630.272,334.13,0,74.5842,92.5168,2.24043
1415,257.106,203.963,469.148,298.279,630.271,334.132,0,127.477,129.629,2.01689
1416,322.51,234.401,347.527,591.177,144.672,615.739,0,146.501,176.01,2.20142
1417,150.4,130.142,524.294,123.3,653.473,129.951,0,81.3385,69.0615,1.84906
1418,265.007,173.793,336.419,315.101,349.686,174.569,0,108.621,156.386,2.43974
1419,392.815,228.332,468.669,359.406,630.334,334.109,0,142.708,250.107,2.75258
1420,217.504,158.533,425.403,284.249,356.075,173.506,0,99.0829,118.421,2.19517
1421,93.9991,115.013,358.162,715.537,312.713,817.973,0,71.8829,22.1162,1.30767
1422,180.002,175.796,211.376,498.699,139.952,611.107,0,109.872,70.1294,1.63828
1423,66.7996,77.6071,214.975,675.703,149.688,693.221,0,48.5045,18.2951,1.37718
1424,104.099,90.4218,163.431,535.06,139.856,611.132,0,56.5136,47.5854,1.84202
1425,180.202,131.951,515.905,365.682,630.307,334.07,0,82.4691,97.7327,2.18508
1426,274.208,203.64,256.97,381.966,67.8183,405.221,0,127.275,146.933,2.15445
1427,255.306,147.81,181.662,441.211,67.823,405.24,0,92.3812,162.925,2.76362
1428,113.099,115.503,562.613,460.604,615.548,539.888,0,72.1897,40.9092,1.56669
1429,453.918,261.913,457.821,500.832,613.252,612.776,0,163.696,290.223,2.77294
1430,126.399,115.66,586.319,444.652,615.65,539.636,0,72.2875,54.1111,1.74855
1431,95.0991,93.8308,347.064,228.721,349.772,174.663,0,58.6443,36.4549,1.62163
1432,14.6,14.1005,600.27,745.045,612.401,752.009,0,8.81281,5.78721,1.65668
1433,276.908,198.635,330.774,348.626,250.252,184.893,0,124.147,152.761,2.23048
1434,160.901,171.642,216.599,500.747,140.016,611.106,0,107.277,53.6241,1.49987
1435,391.215,310.581,322.376,445.459,67.6529,404.901,0,194.113,197.102,2.0154
1436,195.103,118.689,223.88,297.169,249.101,185.108,0,74.1806,120.922,2.6301
1437,79.8994,64.0756,130.593,399.518,67.6738,404.82,0,40.0472,39.8521,1.99513
1438,338.511,261.158,304.441,398.676,248.738,184.934,0,163.224,175.288,2.07391
1439,229.905,186.475,322.989,618.934,144.849,616.189,0,116.547,113.358,1.97264
1440,258.207,174.501,442.862,279.854,356.129,173.632,0,109.063,149.144,2.3675
1441,34.5,32.8168,582.814,601.246,613.215,612.754,0,20.5105,13.9895,1.68207
1442,70.7995,67.4564,595.003,149.726,653.531,130.054,0,42.1602,28.6393,1.6793
1443,313.31,240.027,318.005,548.783,144.845,615.929,0,150.017,163.293,2.0885
1444,238.205,168.874,304.046,645.509,144.693,616.266,0,105.546,132.659,2.25688
1445,466.819,216.915,447.992,667.307,613.204,612.847,0,135.572,331.248,3.44334
1446,60.8996,45.1873,110.953,399.684,67.6812,405.443,0,28.2421,32.6576,2.15635
1447,185.102,133.961,464.915,166.274,355.843,174.299,0,83.7259,101.376,2.21081
1448,300.409,206.729,246.829,417.451,67.6586,404.93,0,129.206,171.204,2.32505
1449,51.2998,58.9642,161.489,568.739,139.918,611.13,0,36.8526,14.4472,1.39203
1450,425.817,164.44,456.99,597.891,613.258,612.761,0,102.775,323.042,4.1432
1451,7.89999,8.21739,140.393,602.912,139.891,611.091,0,5.13587,2.76412,1.5382
1452,31.4001,32.5955,601.143,331.678,630.264,334.061,0,20.3722,11.0279,1.54132
1453,338.311,211.336,480.084,280.242,355.748,174.226,0,132.085,206.227,2.56132
1454,295.909,228.381,466.981,442.292,615.544,540.064,0,142.738,153.171,2.07309
1455,35.4,36.0033,566.537,833.801,602.45,833.258,0,22.502,12.898,1.57319
1456,62.8996,67.5138,591.906,233.961,648.371,198.128,0,42.1961,20.7035,1.49065
1457,194.103,104.73,517.588,628.849,613.199,612.819,0,65.4565,128.646,2.96537
1458,320.61,180.636,252.669,343.398,248.27,184.813,0,112.898,207.713,2.83983
1459,48.4998,63.7859,193.123,684.203,152.558,701.773,0,39.8662,8.63366,1.21657
1460,230.305,275.773,336.061,404.02,251.5,184.449,0,172.358,57.9468,1.3362
1461,166.301,167.566,306.526,680.407,312.436,818.053,0,104.729,61.572,1.58792
1462,113.799,78.6296,589.415,356.722,630.324,334.22,0,49.1435,64.6553,2.31564
1463,255.506,178.212,381.974,246.383,349.86,174.825,0,111.382,144.124,2.29396
1464,186.202,130.8,346.908,282.785,349.665,174.594,0,81.7499,104.452,2.27771
1465,21.5,27.3012,177.858,712.437,152.805,701.775,0,17.0633,4.43677,1.26002
1466,77.6994,85.1224,530.303,611.087,613.151,612.758,0,53.2015,24.4979,1.46047
1467,118.799,91.5495,159.105,398.412,67.8187,405.38,0,57.2185,61.5803,2.07623
1468,39.2,29.5752,584.744,616.815,613.262,613.13,0,18.4845,20.7155,2.1207
1469,267.007,290.762,304.791,505.734,140.021,611.162,0,181.726,85.2808,1.46928
1470,275.508,174.21,447.226,277.235,355.753,174.196,0,108.881,166.627,2.53035
1471,17.2,18.7656,332.706,181.41,349.876,174.694,0,11.7285,5.47151,1.46651
1472,138.299,155.121,507.346,698.697,611.904,753.178,0,96.9509,41.3484,1.42649
1473,106.799,99.2613,555.251,121.682,653.529,130.048,0,62.0383,44.7607,1.7215
1474,67.3995,76.7621,590.39,288.584,630.269,334.076,0,47.9763,19.4233,1.40485
1475,273.207,213.233,296.126,364.148,251.594,184.409,0,133.27,139.937,2.05002
1476,182.402,148.825,504.246,121.14,653.456,129.984,0,93.0157,89.3862,1.96098
1477,237.205,257.52,381.582,612.76,312.401,818.059,0,160.95,76.2551,1.47378
1478,391.515,240.005,453.906,436.512,615.66,539.743,0,150.003,241.512,2.61005
1479,357.413,163.664,487.458,662.213,613.264,612.799,0,102.29,255.123,3.49411
1480,477.02,255.515,451.665,470.439,615.56,539.708,0,159.697,317.323,2.98703
1481,125.899,139.268,604.786,443.841,615.474,540.099,0,87.0426,38.8561,1.4464
1482,79.6994,84.0924,148.21,527.815,139.919,611.125,0,52.5577,27.1416,1.51642
1483,282.208,201.372,370.193,344.522,349.844,174.749,0,125.857,156.351,2.24229
1484,128.599,158.168,399.964,709.111,313.386,818.188,0,98.8548,29.7438,1.30088
1485,169.601,129.796,548.141,299.724,630.316,333.851,0,81.1224,88.4787,2.09068
1486,124.399,116.032,612.154,457.723,615.593,539.631,0,72.5202,51.8785,1.71537
1487,23.8001,18.8594,262.474,199.33,252.548,184.003,0,11.7871,12.0129,2.01916
1488,57.0997,58.6391,399.327,185.625,355.811,174.216,0,36.6494,20.4503,1.558
1489,100.399,93.1241,117.908,456.355,67.7054,404.935,0,58.2025,42.1965,1.72499
1490,137.599,113.338,228.078,606.795,144.761,616.007,0,70.8363,66.7629,1.94249
1491,26.0001,30.1541,600.605,785.105,606.857,810.754,0,18.8463,7.15377,1.37958
1492,253.006,141.048,290.907,304.43,250.533,184.827,0,88.1548,164.851,2.87002
1493,293.009,211.595,511.629,504.802,615.475,539.796,0,132.247,160.762,2.21562
1494,135.899,109.486,555.237,686.577,612.358,752.015,0,68.429,67.4701,1.98599
1495,98.7991,74.9091,593.971,358.064,630.331,334.078,0,46.8182,51.9808,2.11027
1496,188.502,161.475,549.492,422.482,615.531,539.856,0,100.922,87.5807,1.86781
1497,232.005,215.878,272.656,559.671,144.743,616.112,0,134.924,97.0812,1.71953
1498,322.81,237.208,445.919,386.316,630.253,334.101,0,148.255,174.556,2.1774
1499,203.403,205.051,371.367,643.578,312.668,818.007,0,128.157,75.2461,1.58714
1500,478.52,323.901,374.906,451.997,349.933,174.836,0,202.438,276.082,2.36379
1501,485.72,115.403,445.894,338.665,444.781,331.774,1,72.1269,413.594,6.73425
1502,34.2001,23.6416,271.061,197.853,252.649,183.952,0,14.776,19.424,2.31457
1503,131.199,104.593,189.928,246.644,248.513,184.807,0,65.3706,65.8282,2.007
1504,299.709,222.626,294.392,379.541,251.355,184.543,0,139.141,160.568,2.15399
1505,435.017,215.855,511.222,515.477,613.267,612.786,0,134.909,300.108,3.22452
1506,292.909,206.775,280.499,561.071,144.781,615.779,0,129.234,163.675,2.2665
1507,300.709,253.753,412.285,361.184,356.03,173.621,0,158.596,142.114,1.89608
1508,151.2,98.2938,215.408,269.648,248.999,184.981,0,61.4336,89.7664,2.46119
1509,361.313,244.973,439.299,389.988,630.267,334.055,0,153.108,208.205,2.35986
1510,16.4,19.7851,375.13,178.106,356.045,173.848,0,12.3657,4.03436,1.32625
1511,264.407,155.328,445.448,149.004,355.743,174.211,0,97.0798,167.327,2.7236
1512,196.403,148.606,597.611,451.252,615.572,539.748,0,92.879,103.524,2.11461
1513,252.906,163.657,278.102,597.052,144.819,615.939,0,102.286,150.62,2.47254
1514,205.303,125.691,212.645,302.779,249.042,184.994,0,78.5568,126.747,2.61344
1515,151.4,191.841,528.559,254.235,648.126,197.958,0,119.901,31.4992,1.26271
1516,0,0,606.63,811.165,606.63,811.165,0,0,0,0
1517,485.72,306.395,403.92,489.924,601.953,536.869,1,191.497,294.223,2.53644
1518,258.807,123.546,532.24,671.346,613.186,612.802,0,77.2161,181.59,3.35172
1519,31.8001,39.8646,313.682,189.599,350.339,174.937,0,24.9154,6.8847,1.27632
1520,94.3991,75.5874,588.79,364.708,630.259,334.07,0,47.2421,47.157,1.9982
1521,125.099,102.301,168.421,392.821,67.7323,405.541,0,63.9384,61.1603,1.95655
1522,285.308,303.628,278.609,476.427,139.905,611.14,0,189.768,95.5405,1.50346
1523,96.1991,65.8031,304.77,759.923,311.065,818.72,0,41.127,55.0721,2.33908
1524,0,0,642.135,286.143,642.135,286.143,0,0,0,0
1525,214.004,155.14,424.319,280.157,355.822,174.287,0,96.9625,117.041,2.20708
1526,130.899,149.561,277.422,689.964,149.454,693.266,0,93.4758,37.423,1.40035
1527,54.8997,62.4431,590.323,308.586,630.267,334.139,0,39.0269,15.8728,1.40671
1528,72.2995,98.2057,581.116,257.755,648.004,197.923,0,61.3786,10.9209,1.17793
1529,227.705,158.667,501.32,326.772,630.313,334.148,0,99.1666,128.538,2.29618
1530,136.299,137.9,313.1,291.854,250.921,184.716,0,86.1876,50.1116,1.58142
1531,171.901,129.343,491.141,603.163,613.263,612.761,0,80.8396,91.0617,2.12645
1532,17.2,16.546,636.007,209.136,648.331,198.145,0,10.3412,6.85879,1.66325
1533,302.609,290.583,376.086,559.425,144.792,616.054,0,181.615,120.995,1.66622
1534,14.6,14.0183,245.908,198.627,249.388,185.248,0,8.76145,5.83857,1.66639
1535,330.211,244.749,285.543,395.645,248.326,184.828,0,152.968,177.243,2.15869
1536,174.801,126.539,510.945,336.807,630.447,333.822,0,79.0871,95.7144,2.21024
1537,7.2,7.50505,655.417,206.034,652.237,199.236,0,4.69066,2.50934,1.53497
1538,247.106,155.137,237.074,329.844,249.835,185.106,0,96.9608,150.145,2.54851
1539,110.199,138.13,378.932,707.73,313.448,818.219,0,86.3313,23.8676,1.27647
1540,171.601,212.163,517.191,253.592,648.18,198.093,0,132.602,38.9995,1.29411
1541,289.708,215.339,394.53,328.858,349.495,174.638,0,134.587,155.122,2.15258
1542,160.101,158.487,508.328,146.252,653.503,130.045,0,99.0546,61.0459,1.61629
1543,8.6,9.42599,153.812,684.862,151.346,693.96,0,5.89124,2.70875,1.45979
1544,143.2,149.174,546.384,440.781,615.531,539.816,0,93.2334,49.9661,1.53592
1545,194.103,139.685,246.468,315.265,250.553,184.777,0,87.3029,106.8,2.22332
1546,181.602,185.64,383.674,666.508,313.151,818.206,0,116.025,65.5772,1.5652
1547,38.9,48.4409,323.673,203.838,350.34,174.898,0,30.2756,8.62442,1.28486
1548,226.105,194.983,512.698,463.684,615.561,539.837,0,121.864,104.241,1.85538
1549,10.2,11.6024,604.441,543.493,615.572,540.237,0,7.2515,2.94851,1.40661
1550,181.002,144.002,587.144,422.744,615.554,539.707,0,90.0014,91.0005,2.0111
1551,172.001,117.826,217.111,296.011,249.711,185.236,0,73.6415,98.3598,2.33566
1552,287.308,186.903,217.679,432.927,67.7342,405.496,0,116.815,170.494,2.45953
1553,110.199,91.6406,122.548,452.44,67.6813,404.9,0,57.2754,52.9235,1.92402
1554,251.306,151.415,298.734,312.187,251.049,184.644,0,94.6344,156.672,2.65555
1555,84.9993,62.1307,265.017,242.939,249.146,185.08,0,38.8317,46.1676,2.18892
1556,106.499,111.653,526.788,725.801,612.012,752.918,0,69.7834,36.7156,1.52614
1557,14.4,15.8718,338.098,185.15,349.661,174.737,0,9.91991,4.48011,1.45163
1558,92.0992,91.4112,153.167,521.634,139.813,611.149,0,57.132,34.9672,1.61204
1559,415.616,280,455.072,489.272,613.179,612.769,0,175,240.616,2.37495
1560,175.201,217.312,504.594,257.453,648.128,197.997,0,135.82,39.3815,1.28995
1561,235.105,212.403,484.027,437.703,615.525,539.9,0,132.752,102.354,1.77102
1562,49.9998,60.4456,599.962,201.77,648.161,197.985,0,37.7785,12.2213,1.3235
1563,147,101.172,234.545,282.544,249.14,185.12,0,63.2326,83.7672,2.32475
1564,165.301,132.07,303.779,293.016,250.251,184.908,0,82.5438,82.757,2.00258
1565,174.701,116.935,509.866,592.142,613.263,612.767,0,73.0842,101.617,2.39041
1566,230.805,140.669,162.02,446.961,67.6724,405.504,0,87.918,142.887,2.62523
1567,151,109.83,260.585,291.462,249.961,185.014,0,68.6439,82.3561,2.19976
1568,38.3,40.3683,411.948,117.342,405.853,78.215,0,25.2302,13.0698,1.51802
1569,23.5001,25.2792,585.499,805.179,607.193,809.871,0,15.7995,7.70054,1.48739
1570,143.3,121.311,611.646,730.176,612.422,752.045,0,75.8195,67.48,1.89001
1571,197.603,152.438,499.068,351.671,630.357,334.262,0,95.2738,102.329,2.07405
1572,283.708,227.161,497.514,501.974,615.495,539.811,0,141.975,141.733,1.99829
1573,393.415,238.394,463.79,456.155,615.563,539.799,0,148.996,244.419,2.64044
1574,247.806,187.677,496.511,299.471,630.488,333.636,0,117.298,130.508,2.11261
1575,169.801,213.316,522.408,257.324,648.119,198.032,0,133.322,36.4788,1.27361
1576,112.099,132.961,348.779,693.372,313.108,818.077,0,83.1009,28.998,1.34895
1577,432.317,251.741,463.263,465.71,615.548,539.939,0,157.338,274.979,2.74769
1578,107.999,120.606,362.431,712.827,312.664,817.987,0,75.3788,32.6201,1.43275
1579,17.9,20.0371,601.977,530.979,615.526,540.145,0,12.5232,5.37685,1.42935
1580,173.101,145.292,495.768,718.257,612.132,752.581,0,90.8076,82.2938,1.90624
1581,251.806,223.223,380.257,630.346,312.777,817.984,0,139.514,112.292,1.80488
1582,302.409,157.731,467.098,597.766,613.191,612.821,0,98.582,203.827,3.06759
1583,323.411,210.184,264.808,367.354,249.525,185.221,0,131.365,192.046,2.46192
1584,485.72,249.502,450.97,564.169,580.286,617.896,1,155.939,329.782,3.11481
1585,108.699,91.101,223.239,267.688,248.966,184.973,0,56.9381,51.7608,1.90907
1586,30.7001,40.4997,185.896,705.797,152.98,701.667,0,25.3123,5.38778,1.21285
1587,7.99999,8.74899,594.313,830.214,602.76,832.493,0,5.46812,2.53188,1.46302
1588,76.7994,65.8869,587.848,127.568,653.554,129.987,0,41.1793,35.6201,1.865
1589,265.607,212.738,478.018,408.609,630.319,334.053,0,132.961,132.646,1.99763
1590,163.001,146.923,398.371,258.38,355.753,174.334,0,91.8266,71.1741,1.77509
1591,270.907,210.977,333.016,358.783,251.01,184.607,0,131.861,139.047,2.0545
1592,125.799,91.1047,191.274,233.799,248.773,185.026,0,56.9404,68.8582,2.2093
1593,11.7,12.0949,590.817,830.759,602.447,833.262,0,7.55929,4.14071,1.54776
1594,78.6994,60.3963,126.628,399.056,67.7492,405.561,0,37.7477,40.9517,2.08488
1595,257.907,158.021,558.847,532.055,613.267,612.85,0,98.7629,159.144,2.61137
1596,300.709,149.98,498.448,618.576,613.269,612.76,0,93.7376,206.971,3.20799
1597,153.9,134.29,257.968,654.743,144.738,615.647,0,83.931,69.9692,1.83365
1598,356.113,238.515,390.129,358.145,349.906,174.695,0,149.072,207.041,2.38887
1599,13.7,15.0143,603.275,763.083,611.173,755.067,0,9.38395,4.31607,1.45994
1600,10.5,12.6829,164.52,706.602,152.848,701.76,0,7.92682,2.57318,1.32462
1601,207.903,129.226,463.309,162.516,356.205,173.294,0,80.7663,127.137,2.57414
1602,344.812,239.604,463.576,347.345,355.81,174.246,0,149.752,195.059,2.30255
1603,225.805,137.775,164.457,442.049,67.7018,405.48,0,86.1093,139.695,2.6223
1604,176.102,141.353,519.106,130.704,653.474,130.047,0,88.3456,87.7559,1.99333
1605,40,35.5699,286.948,194.36,253.18,183.368,0,22.2312,17.7688,1.79927
1606,268.407,177.639,219.57,348.865,67.8489,405.123,0,111.024,157.383,2.41755
1607,82.9993,74.0977,594.492,360.167,630.271,334.141,0,46.3111,36.6883,1.79221
1608,119.399,111.729,186.906,533.571,139.941,611.129,0,69.8306,49.5681,1.70983
1609,20.7,25.5041,319.484,793.493,312.928,818.139,0,15.9401,4.75995,1.29862
1610,110.899,97.8315,418.098,223.128,356.277,173.236,0,61.1447,49.7542,1.81371
1611,150.1,100.999,164.952,406.85,67.6638,405.485,0,63.1245,86.9754,2.37784
1612,38.6,36.3013,602.486,584.912,613.254,612.386,0,22.6883,15.9117,1.70131
1613,20.4,23.8439,578.83,835.459,602.391,833.263,0,14.9025,5.49759,1.3689
1614,44.8999,56.751,192.234,677.611,149.525,693.179,0,35.4693,9.43054,1.26588
1615,209.604,153.75,498.325,351.01,630.331,334.123,0,96.0938,113.51,2.18124
1616,229.405,240.803,272.874,520.306,140.146,611.122,0,150.502,78.9032,1.52427
1617,84.4993,115.01,257.655,722.823,152.779,701.737,0,71.881,12.6183,1.17554
1618,485.72,271.408,413.239,436.083,604.563,539.458,1,169.63,316.091,2.86341
1619,205.003,160.521,504.373,377.712,630.352,334.134,0,100.326,104.678,2.04338
1620,197.803,133.281,248.995,311.213,249.91,185.097,0,83.3009,114.502,2.37456
1621,55.1997,58.7621,162.466,568.813,139.942,611.102,0,36.7263,18.4734,1.503
1622,301.609,158.648,501.007,165.313,355.826,174.243,0,99.155,202.454,3.04179
1623,31.5001,30.9497,586.365,767.883,611.16,755.25,0,19.3436,12.1565,1.62845
1624,180.202,128.972,318.678,254.287,350.199,174.779,0,80.6075,99.5943,2.23555
1625,53.0998,60.2414,571.078,339.777,630.31,334.062,0,37.6509,15.4489,1.41032
1626,223.504,177.965,324.454,327.561,250.954,184.605,0,111.228,112.276,2.00942
1627,345.512,264.653,318.698,526.624,144.696,615.649,0,165.408,180.104,2.08884
1628,30.5001,23.8967,91.6515,403.193,67.7647,405.382,0,14.9354,15.5646,2.04213
1629,400.615,272.188,364.308,415.037,349.897,174.814,0,170.117,230.498,2.35494
1630,126.399,99.4964,273.456,281.094,249.775,185.081,0,62.1852,64.2134,2.03262
1631,59.1997,58.7713,611.153,153.038,653.523,130.044,0,36.7321,22.4676,1.61166
1632,60.2997,71.3203,547.87,776.495,611.2,754.932,0,44.5752,15.7245,1.35276
1633,240.005,199.562,490.92,441.374,615.454,539.788,0,124.726,115.279,1.92426
1634,38.5,41.5251,173.321,633.93,144.774,615.944,0,25.9532,12.5468,1.48344
1635,50.9998,58.8325,553.074,759.073,611.122,754.992,0,36.7703,14.2295,1.38698
1636,352.512,237.46,288.187,393.814,249.085,185.118,0,148.413,204.1,2.37522
1637,348.612,260.419,302.087,539.825,144.799,615.878,0,162.762,185.85,2.14186
1638,276.808,223.8,456.141,337.345,356.037,173.637,0,139.875,136.933,1.97896
1639,133.399,116.587,270.697,747.342,310.536,818.88,0,72.8671,60.5318,1.83072
1640,23.6001,22.098,599.194,734.681,612.335,752.283,0,13.8112,9.78881,1.70876
1641,13.2,16.7672,412.571,93.541,406.695,77.8549,0,10.4795,2.72052,1.2596
1642,312.41,194.914,271.52,363.173,248.916,185.012,0,121.821,190.589,2.5645
1643,23.2001,28.2305,625.963,134.061,653.57,129.607,0,17.644,5.55601,1.31489
1644,188.002,132.5,115.755,508.588,139.895,611.069,0,82.8127,105.19,2.27021
1645,485.72,224.564,423.177,663.844,594.639,616.037,1,140.352,345.368,3.46073
1646,48.6998,44.2009,583.37,780.194,611.199,755.467,0,27.6255,21.0743,1.76286
1647,109.799,128.693,520.778,734.831,611.122,755.167,0,80.4329,29.366,1.3651
1648,94.4991,79.7291,423.701,157.15,356.055,173.554,0,49.8307,44.6685,1.8964
1649,469.519,319.703,352.923,457.954,349.627,174.583,0,199.814,269.705,2.34978
1650,121.999,119.228,117.049,482.703,67.6522,405.49,0,74.5174,47.4813,1.63718
1651,195.603,121.199,165.045,428.593,67.7364,405.48,0,75.7491,119.854,2.58225
1652,97.2991,89.7795,560.261,358.153,630.298,334.1,0,56.1122,41.1869,1.73401
1653,50.8998,54.4898,89.1371,439.547,67.6849,405.482,0,34.0561,16.8437,1.49459
1654,395.115,156.421,530.469,561.691,613.279,612.817,0,97.7634,297.352,4.04154
1655,110.599,115.255,228.747,658.421,144.749,616.246,0,72.0341,38.5648,1.53537
1656,147.8,125.546,253.232,646.434,144.808,615.991,0,78.466,69.3339,1.88362
1657,131.799,116.52,556.728,162.556,653.457,130.048,0,72.8251,58.9737,1.8098
1658,47.6998,60.796,338.611,197.973,349.881,174.646,0,37.9975,9.70234,1.25534
1659,375.114,247.274,236.789,468.408,67.7428,405.469,0,154.547,220.567,2.42719
1660,250.706,153.231,188.235,314.794,249.188,185.127,0,95.7694,154.937,2.61781
1661,96.9991,116.944,349.204,708.755,312.534,817.983,0,73.0898,23.9092,1.32712
1662,196.003,162.037,425.935,287.527,355.826,174.31,0,101.273,94.7296,1.93539
1663,271.307,188.655,614.219,401.951,615.565,539.773,0,117.909,153.398,2.30099
1664,177.002,219.35,502.729,255.529,648.118,198.048,0,137.094,39.9077,1.2911
1665,32.1001,42.3743,594.647,714.884,612.09,752.62,0,26.4839,5.61614,1.21206
1666,331.111,230.177,403.401,333.384,350.151,174.834,0,143.86,187.251,2.30161
1667,280.208,203.344,255.707,383.154,67.8198,404.959,0,127.09,153.118,2.20479
1668,151.2,139.666,567.471,416.342,615.563,539.714,0,87.2914,63.9086,1.73213
1669,206.803,150.86,161.241,465.42,139.943,611.16,0,94.2873,112.516,2.19333
1670,177.202,186.445,518.682,221.99,648.462,190.857,0,116.528,60.6736,1.52068
1671,284.808,159.935,276.709,329.287,249.851,185.118,0,99.9595,184.849,2.84923
1672,377.814,255.22,291.619,434.288,67.6957,404.944,0,159.513,218.301,2.36855
1673,252.806,174.877,237.575,393.21,67.7845,405.25,0,109.298,143.508,2.313
1674,168.001,152.403,489.817,718.789,612.016,752.994,0,95.2519,72.7492,1.76376
1675,104.099,103.691,225.532,648.955,144.814,615.9,0,64.8068,39.2922,1.6063
1676,319.81,208.893,265.343,365.582,248.405,184.817,0,130.558,189.252,2.44956
1677,33.3001,30.4867,255.337,215.22,249.457,185.222,0,19.0542,14.2459,1.74765
1678,171.101,123.104,503.901,590.599,613.27,612.845,0,76.9401,94.1611,2.22382
1679,195.003,111.623,543.073,663.638,613.256,612.775,0,69.7644,125.238,2.79516
1680,353.112,246.843,235.772,468.934,67.8158,405.424,0,154.277,198.835,2.28882
1681,295.909,232.052,297.976,551.177,144.693,615.634,0,145.032,150.877,2.0403
1682,142.9,129.379,533.275,137.404,653.524,129.965,0,80.8621,62.0375,1.7672
1683,279.808,179.16,489.436,225.405,355.972,173.636,0,111.975,167.833,2.49885
1684,352.812,250.795,401.164,363.506,349.817,174.687,0,156.747,196.066,2.25085
1685,65.1996,80.1515,565.589,498.269,615.751,540.447,0,50.0947,15.1049,1.30153
1686,265.907,125.063,219.635,304.677,248.918,185.012,0,78.1646,187.742,3.40189
1687,143.3,162.67,547.497,212.446,648.02,191.142,0,101.669,41.6306,1.40947
1688,16.3,17.9243,599.51,797.155,606.321,811.924,0,11.2027,5.09732,1.45501
1689,109.599,81.8073,607.545,680.286,612.302,752.061,0,51.1295,58.4694,2.14355
1690,331.711,237.976,269.211,411.531,67.6754,404.863,0,148.735,182.976,2.23022
1691,142.099,114.809,525.747,347.955,630.314,334.138,0,71.7559,70.3436,1.98032
1692,171.201,182.916,334.221,647.011,312.203,818.22,0,114.322,56.8788,1.49753
1693,71.7995,56.2927,122.866,398.131,67.6942,405.583,0,35.1829,36.6165,2.04075
1694,87.8992,88.0767,538.333,600.671,613.222,612.754,0,55.0479,32.8513,1.59678
1695,281.208,299.866,273.936,497.471,140.019,611.1,0,187.416,93.7918,1.50045
1696,25.6001,32.1785,620.219,212.383,648.424,198.073,0,20.1116,5.48851,1.2729
1697,485.72,298.519,402.614,582.171,589.229,614.625,1,186.574,299.146,2.60336
1698,123.899,84.8113,546.83,635.97,613.283,612.798,0,53.007,70.8916,2.3374
1699,485.72,295.372,425.498,547.579,582.325,617.805,1,184.607,301.113,2.6311
1700,485.72,260.69,403.488,494.441,590.996,490.031,1,162.931,322.789,2.98114
1701,219.604,129.235,283.096,294.714,250.433,184.944,0,80.7722,138.832,2.71881
1702,255.306,136.258,226.328,311.153,249.836,185.149,0,85.1613,170.145,2.99792
1703,240.105,202.957,475.573,391.576,630.309,334.317,0,126.848,113.257,1.89286
1704,257.707,199.215,218.314,473.082,139.852,611.076,0,124.509,133.197,2.06977
1705,47.8998,55.7663,572.148,728.169,612.192,752.475,0,34.8539,13.0459,1.3743
1706,105.099,128.753,523.43,736.732,611.137,755.17,0,80.4704,24.6286,1.30606
1707,28.0001,34.8443,278.599,808.574,311.744,818.361,0,21.7777,6.22236,1.28572
1708,241.306,142.885,296.78,304.668,250.749,184.695,0,89.3031,152.002,2.70209
1709,193.503,136.744,549.078,303.2,630.257,334.082,0,85.4647,108.038,2.26412
1710,398.815,262.801,297.834,423.271,67.7024,404.899,0,164.251,234.564,2.42808
1711,288.508,155.198,159.954,460.444,67.7912,405.41,0,96.9988,191.51,2.97435
1712,43.1999,36.1061,581.304,598.102,613.207,612.657,0,22.5663,20.6336,1.91436
1713,475.52,316.165,372.921,448.855,349.871,174.795,0,197.603,277.917,2.40644
1714,409.516,308.192,321.56,445.088,67.8154,405.252,0,192.62,216.896,2.12603
1715,150.5,124.674,270.298,735.631,311.231,818.562,0,77.9211,72.5789,1.93144
1716,11.5,11.4054,602.677,746.082,612.266,752.092,0,7.12835,4.37166,1.61328
1717,87.6992,87.8723,576.309,151.232,653.544,130.134,0,54.9202,32.7791,1.59685
1718,322.31,234.386,268.265,433.577,67.6702,404.842,0,146.491,175.819,2.2002
1719,33.5001,32.4794,284.996,185.744,253.213,183.261,0,20.2996,13.2005,1.65028
1720,282.608,191.18,295.102,585.262,144.66,615.704,0,119.487,163.121,2.36517
1721,471.02,313.439,357.748,462.182,350.078,174.766,0,195.9,275.12,2.40439
1722,25.1001,34.001,184.979,711.592,152.94,701.626,0,21.2506,3.84943,1.18114
1723,154.6,117.495,556.577,578.021,613.217,612.832,0,73.4341,81.1662,2.10529
1724,217.804,158.724,186.477,478.16,139.858,611.147,0,99.2022,118.602,2.19556
1725,0,0,649.404,192.329,649.404,192.329,0,0,0,0
1726,268.207,218.772,489.039,459.733,615.555,539.842,0,136.732,131.475,1.96155
1727,27.6001,22.4415,593.656,617.334,613.256,613.218,0,14.026,13.5741,1.96778
1728,34.8,34.6634,390.224,177.068,355.969,173.611,0,21.6646,13.1354,1.60631
1729,23.3001,31.5428,617.289,184.739,647.863,191.684,0,19.7143,3.58579,1.18189
1730,236.605,164.823,227.733,390.85,67.7483,405.457,0,103.014,133.591,2.29682
1731,485.72,224.73,423.311,668.371,592.877,615.973,1,140.456,345.264,3.45817
1732,274.108,164.638,176.552,300.647,249.454,185.202,0,102.899,171.209,2.66385
1733,183.002,175.526,376.009,669.762,313.261,818.163,0,109.703,73.2985,1.66815
1734,159.801,157.225,276.991,605.331,144.831,616.243,0,98.2658,61.5348,1.62621
1735,462.619,327.058,355.13,463.642,349.825,174.74,0,204.411,258.208,2.26318
1736,485.72,240.608,399.56,609.802,591.063,614.97,1,150.38,335.34,3.22995
1737,16.6,18.7536,403.528,96.6436,405.751,78.226,0,11.721,4.87906,1.41627
1738,178.102,100.687,216.875,259.217,249.102,185.099,0,62.9297,115.172,2.83017
1739,171.401,144.581,517.391,132.927,653.463,129.987,0,90.363,81.0383,1.89681
1740,354.812,215.625,247.738,423.477,67.688,404.902,0,134.766,220.047,2.63281
1741,109.799,144.165,264.716,665.521,149.468,693.26,0,90.1032,19.6957,1.21859
1742,129.599,153.086,274.828,683.619,149.432,693.38,0,95.6786,33.9201,1.35452
1743,1.2,0.413212,247.29,184.719,247.322,184.303,0,0.258257,0.941743,4.64653
1744,232.405,135.412,273.06,636.865,144.826,615.799,0,84.6325,147.772,2.74605
1745,94.5991,90.2045,233.312,631.418,144.743,615.591,0,56.3778,38.2213,1.67795
1746,418.716,279.341,395.407,402.099,349.665,174.729,0,174.588,244.128,2.39831
1747,95.9991,93.2979,359.166,212.521,349.898,174.677,0,58.3112,37.6879,1.64632
1748,323.111,277.629,360.35,557.526,144.82,615.78,0,173.518,149.592,1.86211
1749,150,111.14,137.076,512.426,139.702,611.054,0,69.4625,80.5374,2.15944
1750,95.5991,75.827,423.781,156.289,356.117,173.561,0,47.3918,48.2073,2.01721
1751,27.8001,34.0917,178.296,621.386,144.827,615.942,0,21.3073,6.49274,1.30472
1752,51.3998,68.5574,217.141,724.222,152.59,701.816,0,42.8484,8.55139,1.19957
1753,171.601,181.387,481.832,700.591,611.995,752.983,0,113.367,58.2342,1.51368
1754,485.72,123.879,444.778,337.515,444.743,332.349,1,77.4242,408.296,6.2735
1755,357.213,205.366,237.292,428.901,67.7249,405.483,0,128.354,228.859,2.78303
1756,7.4,7.92595,609.838,546.41,616.78,542.826,0,4.95372,2.44628,1.49383
1757,188.602,163.107,492.39,114.739,653.476,130.036,0,101.942,86.6605,1.8501
1758,295.309,208.994,474.411,380.299,630.311,334.065,0,130.621,164.688,2.26081
1759,384.714,227.572,481.97,515.044,613.158,612.776,0,142.233,242.481,2.70482
1760,347.512,236.578,357.042,597.458,144.699,615.698,0,147.861,199.651,2.35026
1761,269.807,293.433,304.973,504.005,140.15,611.222,0,183.395,86.4119,1.47118
1762,485.72,207.304,420.629,641.709,595.982,611.531,1,129.565,356.156,3.74886
1763,204.203,136.098,331.078,277.946,349.864,174.841,0,85.0612,119.142,2.40066
1764,344.112,224.734,292.319,383.178,249.882,185.085,0,140.459,203.653,2.44991
1765,120.799,87.858,556.99,711.396,612.116,752.589,0,54.9112,65.8875,2.19989
1766,115.599,116.154,177.345,523.44,139.852,611.105,0,72.5961,43.0027,1.59236
1767,58.8997,39.6084,287.432,201.217,253.139,183.628,0,24.7553,34.1444,2.37928
1768,380.214,261.573,431.656,391.897,630.381,334.129,0,163.483,216.731,2.32571
1769,245.906,121.195,225.204,301.55,249.152,185.081,0,75.7468,170.159,3.24642
1770,22.7001,25.9704,138.104,646.636,140.112,620.919,0,16.2315,6.46856,1.39852
1771,32.3001,43.0349,320.117,775.971,312.718,818.082,0,26.8968,5.4033,1.20089
1772,186.202,149.03,546.786,438.017,615.58,539.744,0,93.144,93.0582,1.99908
1773,59.0997,74.2432,587.871,479.62,615.65,539.576,0,46.402,12.6977,1.27365
1774,296.309,228.07,499.235,502.612,615.616,539.604,0,142.544,153.765,2.07872
1775,188.902,194.624,342.054,638.984,312.335,818.071,0,121.64,67.2623,1.55296
1776,258.407,176.83,382.269,247.831,349.934,174.801,0,110.519,147.888,2.33813
1777,228.305,189.372,347.795,326.74,349.99,174.775,0,118.357,109.947,1.92894
1778,137.299,133.34,116.091,497.496,67.6962,405.511,0,83.3377,53.9615,1.6475
1779,122.399,118.723,563.372,453.538,615.584,539.747,0,74.2016,48.1971,1.64954
1780,359.213,232.916,471.249,249.813,355.958,173.617,0,145.573,213.64,2.46758
1781,157.4,132.839,533.83,149.95,653.565,129.951,0,83.0242,74.3762,1.89584
1782,478.72,217.811,450.91,680.658,613.284,612.831,0,136.132,342.588,3.51659
1783,427.017,278.831,395.913,402.847,349.532,174.578,0,174.27,252.747,2.45032
1784,138.699,128.806,533.695,136.173,653.479,129.951,0,80.5038,58.1955,1.72289
1785,485.72,314.942,369.097,512.552,591.739,492.316,1,196.839,288.881,2.4676
1786,27.5001,23.1334,90.6643,402.618,67.8205,405.05,0,14.4584,13.0417,1.90202
1787,162.701,164.866,534.469,474.934,615.493,539.882,0,103.041,59.6593,1.57898
1788,85.0993,78.0936,591.722,678.285,612.362,752.088,0,48.8085,36.2908,1.74353
1789,445.718,304.409,358.539,451.187,349.63,174.628,0,190.256,255.462,2.34273
1790,123.799,96.385,235.407,276.347,249.171,185.094,0,60.2407,63.558,2.05507
1791,12.5,10.2339,260.512,190.383,252.643,183.915,0,6.39616,6.10385,1.9543
1792,180.402,187.401,519.133,221.985,647.697,191.696,0,117.126,63.2761,1.54024
1793,334.011,271.412,290.509,449.854,67.7166,404.932,0,169.633,164.379,1.96903
1794,128.599,118.489,279.164,738.632,311.469,818.378,0,74.0556,54.5431,1.73652
1795,187.902,164.033,492.704,115.118,653.463,129.992,0,102.521,85.3818,1.83283
1796,85.0993,67.5428,307.342,759.527,311.312,818.527,0,42.2142,42.885,2.01589
1797,145.7,126.431,378.14,230.487,355.969,173.665,0,79.0192,66.6805,1.84385
1798,273.407,155.85,213.343,416.48,67.6689,405.468,0,97.406,176.001,2.80689
1799,305.409,255.855,414.376,361.746,355.837,174.238,0,159.909,145.5,1.90989
1800,54.2997,68.2332,597.244,194.339,647.973,197.9,0,42.6457,11.654,1.27327
1801,43.7999,50.5721,561.683,757.671,611.159,754.885,0,31.6076,12.1924,1.38574
1802,8.2,8.82309,602.416,756.389,611.079,755.195,0,5.51443,2.68556,1.48701
1803,49.4998,53.8454,404.373,183.234,355.84,174.222,0,33.6534,15.8465,1.47087
1804,137.299,154.629,525.57,178.838,648.268,190.961,0,96.6431,40.6561,1.42068
1805,247.506,181.764,519.21,436.488,615.453,539.763,0,113.603,133.903,2.1787
1806,110.399,113.856,177.517,524.737,139.943,611.052,0,71.1598,39.2391,1.55142
1807,130.599,115.485,287.792,729.6,311.602,818.361,0,72.1784,58.4203,1.80939
1808,261.007,157.129,232.367,325.683,250.587,184.796,0,98.2055,162.801,2.65776
1809,33.5001,41.3674,309.97,182.885,349.951,174.79,0,25.8546,7.64543,1.29571
1810,260.007,201.892,469.878,311.785,630.294,333.871,0,126.182,133.824,2.06056
1811,263.707,178.739,367.517,300.039,349.754,174.72,0,111.712,151.995,2.3606
1812,273.307,263.441,254.185,541.44,139.65,611.191,0,164.651,108.657,1.65992
1813,159.901,177.577,480.386,704.934,611.897,753.111,0,110.985,48.9152,1.44074
1814,113.499,92.5126,534.289,598.779,613.199,612.774,0,57.8204,55.6785,1.96296
1815,180.002,191.614,529.018,498.842,615.483,539.944,0,119.759,60.2431,1.50304
1816,141.999,142.704,547.168,445.883,615.451,539.79,0,89.1902,52.8093,1.5921
1817,0,0,633.453,336.195,633.453,336.195,0,0,0,0
1818,81.1993,75.4535,549.477,606.911,613.161,612.818,0,47.1585,34.0409,1.72184
1819,154.5,192.91,508.872,293.879,647.974,197.973,0,120.569,33.9314,1.28143
1820,196.803,137.232,161.749,478.669,139.856,611.109,0,85.7698,111.033,2.29455
1821,59.5997,71.2779,593.908,192.482,648.015,198.018,0,44.5487,15.0509,1.33785
1822,157,119.006,262.055,634.196,144.724,616.247,0,74.3787,82.6217,2.11083
1823,151,119.088,469.65,180.774,355.645,174.325,0,74.4299,76.5701,2.02876
1824,130.499,79.951,589.266,360.438,630.424,334.351,0,49.9694,80.5294,2.61158
1825,7.1,6.63818,600.828,807.896,607.004,810.323,0,4.14886,2.95113,1.71131
1826,244.806,151.442,213.866,409.268,67.6861,405.549,0,94.6513,150.154,2.5864
1827,95.7991,114.256,588.862,270.987,647.926,197.821,0,71.41,24.3892,1.34154
1828,0,0,67.0205,406.008,67.0205,406.008,0,0,0,0
1829,86.3993,110.728,567.486,229.232,648.054,197.983,0,69.2051,17.1942,1.24845
1830,199.403,132.406,312.825,268.772,349.562,174.574,0,82.7541,116.649,2.40959
1831,431.117,280.264,395.374,402.436,349.627,174.609,0,175.165,255.952,2.4612
1832,485.72,253.766,464.096,470.139,602.893,538.056,1,158.604,327.117,3.06248
1833,465.119,312.104,364.849,449.46,350.07,174.835,0,195.065,270.054,2.38443
1834,168.101,121.938,456.482,157.7,355.71,174.305,0,76.2112,91.8899,2.20573
1835,259.307,143.236,177.479,437.448,67.6986,405.473,0,89.5223,169.784,2.89656
1836,126.199,113.713,190.694,536.129,139.938,611.128,0,71.0703,55.1283,1.77569
1837,51.7998,56.8316,405.148,158.12,355.934,173.613,0,35.5197,16.2801,1.45834
1838,192.803,148.855,177.683,480.932,139.781,611.078,0,93.0345,99.7681,2.07238
1839,259.407,298.827,383.191,566.752,312.943,818.063,0,186.767,72.6399,1.38893
1840,337.711,204.854,282.38,369.997,249.152,185.11,0,128.034,209.678,2.63768
1841,34.2001,35.423,286.465,194.178,253.305,183.102,0,22.1394,12.0606,1.54476
1842,349.212,274.327,327.082,521.993,144.831,615.988,0,171.454,177.758,2.03676
1843,75.1994,76.5034,199.937,588.746,144.777,616.047,0,47.8146,27.3848,1.57273
1844,94.6991,76.9137,599.745,680.093,612.271,752.086,0,48.0711,46.6281,1.96998
1845,141.599,103.545,240.516,281.422,249.225,185.115,0,64.7156,76.8838,2.18803
1846,133.699,116.983,278.238,736.165,311.529,818.383,0,73.1143,60.5846,1.82863
1847,53.4998,32.5223,279.328,202.257,252.625,183.907,0,20.3264,33.1733,2.63203
1848,130.399,103.546,337.796,255.744,349.783,174.729,0,64.716,65.6827,2.01494
1849,229.905,191.938,509.219,419.563,630.447,333.827,0,119.961,109.944,1.9165
1850,243.206,159.082,537.631,451.113,615.642,539.669,0,99.4261,143.78,2.4461
1851,485.72,292.143,412.196,469.746,602.534,534.119,1,182.59,303.131,2.66017
1852,233.305,211.318,370.562,636.425,312.641,818.02,0,132.074,101.231,1.76647
1853,381.314,186.14,508.479,532.623,613.206,612.775,0,116.338,264.976,3.27765
1854,277.208,212.251,385.956,331.917,349.696,174.693,0,132.657,144.551,2.08966
1855,116.599,96.2572,541.231,352.547,630.304,333.999,0,60.1607,56.4381,1.93812
1856,202.303,121.666,193.151,262.273,248.562,184.829,0,76.0412,126.262,2.66044
1857,245.706,204.062,496.544,412.919,630.38,334.494,0,127.539,118.167,1.92652
1858,231.305,159.528,350.262,304.203,349.958,174.766,0,99.7053,131.6,2.31989
1859,145.4,155.656,359.011,678.279,312.994,818.081,0,97.2848,48.1149,1.49458
1860,146.7,104.573,550.468,699.673,612.066,752.569,0,65.3583,81.3415,2.24455
1861,16.2,15.9815,267.02,191.394,252.985,183.805,0,9.98842,6.21161,1.62188
1862,128.499,98.1877,163.889,403.736,67.703,404.949,0,61.3673,67.1313,2.09393
1863,129.799,105.997,456.179,178.891,355.555,174.351,0,66.2479,63.5508,1.95929
1864,271.007,149.742,490.774,168.411,355.769,174.225,0,93.5889,177.418,2.89572
1865,147.7,106.827,166.99,385.386,67.8144,404.974,0,66.7671,80.9327,2.21216
1866,271.507,169.119,509.263,325.172,630.299,334.053,0,105.7,165.808,2.56867
1867,19.1,22.4515,137.661,642.89,139.936,620.809,0,14.0322,5.06787,1.36116
1868,85.2993,82.6749,558.061,333.09,630.333,334.081,0,51.6718,33.6275,1.65079
1869,79.5994,64.0891,304.932,763.421,311.636,818.398,0,40.0557,39.5437,1.98722
1870,362.913,234.448,404.216,332.36,349.702,174.702,0,146.53,216.383,2.47672
1871,266.107,192.61,285.27,569.693,144.769,616.182,0,120.381,145.726,2.21054
1872,10.2,11.8273,367.572,173.959,356.042,173.734,0,7.39209,2.80791,1.37985
1873,56.0997,64.2839,205.189,632.023,144.728,615.675,0,40.1774,15.9223,1.3963
1874,145.8,130.716,278.48,723.703,311.622,818.411,0,81.6975,64.1022,1.78463
1875,288.608,162.642,177.21,302.993,248.421,184.823,0,101.651,186.957,2.8392
1876,200.603,189.461,479.925,126.092,653.461,129.951,0,118.413,82.19,1.6941
1877,38.9,41.5269,142.452,569.855,139.87,611.119,0,25.9543,12.9457,1.49879
1878,186.402,129.322,213.382,303.71,248.453,184.766,0,80.8264,105.576,2.3062
1879,164.501,145.442,550.163,406.881,630.354,334.162,0,90.9014,73.5995,1.80966
1880,184.902,168.17,283.997,672.428,144.742,615.923,0,105.106,79.7957,1.75919
1881,75.9994,68.8358,593.479,148.427,653.512,130.038,0,43.0224,32.977,1.76651
1882,113.799,110.021,249.14,637.753,144.75,616.279,0,68.7631,45.0358,1.65494
1883,194.603,163.281,548.997,425.346,615.649,539.757,0,102.051,92.5518,1.90692
1884,201.603,110.198,223.016,290.015,249.845,185.111,0,68.8738,132.729,2.92714
1885,19.1,18.7784,597.738,796.49,607.147,810.057,0,11.7365,7.36357,1.62741
1886,248.306,236.184,490.965,503.536,615.471,539.979,0,147.615,100.691,1.68212
1887,144.1,113.488,163.586,377.319,67.7226,404.885,0,70.93,73.1696,2.03158
1888,36.5,46.0044,316.319,775.554,312.814,817.971,0,28.7528,7.74726,1.26944
1889,155.4,119.35,169.825,504.312,139.828,611.075,0,74.5934,80.8068,2.0833
1890,48.6998,50.2832,405.87,173.708,355.997,173.652,0,31.427,17.2728,1.54962
1891,164.901,178.98,234.735,513.462,139.947,611.149,0,111.863,53.0382,1.47414
1892,87.6992,113.965,586.727,271.687,647.956,197.659,0,71.2279,16.4714,1.23125
1893,5.7,5.59718,354.601,180.816,353.073,175.432,0,3.49824,2.20176,1.62939
1894,114.799,75.7238,589.923,360.453,630.302,334.157,0,47.3274,67.4715,2.42563
1895,75.9994,90.1387,560.255,512.041,615.535,539.915,0,56.3367,19.6628,1.34902
1896,35.3,30.277,601.841,591.146,613.255,612.512,0,18.9232,16.3769,1.86544
1897,429.617,324.248,389.104,444.126,349.878,174.7,0,202.655,226.962,2.11994
1898,124.999,134.774,350.084,691.513,312.695,818.007,0,84.2337,40.7649,1.48395
1899,44.2999,63.4649,327.779,757.015,312.812,818.046,0,39.6656,4.63432,1.11683
1900,280.808,207.776,473.97,405.708,630.332,334.078,0,129.86,150.948,2.16239
1901,461.119,257.307,449.876,460.474,615.474,539.813,0,160.817,300.302,2.86735
1902,248.606,257.441,331.579,390.091,250.948,184.64,0,160.901,87.7052,1.54509
1903,152.5,140.522,533.675,143.612,653.499,130.046,0,87.8262,64.6739,1.73639
1904,121.299,142.608,545.93,179.043,647.831,191.511,0,89.1301,32.1686,1.36092
1905,9.2,9.64338,601.642,752.719,611.083,754.959,0,6.02711,3.17289,1.52644
1906,134.999,128.52,304.703,288.015,250.404,184.918,0,80.3249,54.6742,1.68066
1907,178.202,140.082,305.067,301.238,250.89,184.719,0,87.5513,90.6504,2.0354
1908,178.802,137.397,172.914,355.669,67.7938,404.989,0,85.8732,92.9285,2.08216
1909,236.205,144.703,446.74,246.454,355.837,174.248,0,90.4391,145.766,2.61176
1910,291.309,132.433,522.662,647.443,613.235,612.847,0,82.7708,208.538,3.51946
1911,485.72,282.837,424.401,556.329,589.474,613.527,1,176.773,308.947,2.7477
1912,52.0998,58.8892,559.961,773.4,611.248,754.915,0,36.8057,15.294,1.41553
1913,32.2001,28.6256,85.0024,421.355,67.7873,405.361,0,17.891,14.3091,1.7998
1914,50.9998,60.1598,408.637,137.763,405.869,78.2092,0,37.5999,13.3999,1.35638
1915,272.007,169.76,232.586,343.319,250.174,185.043,0,106.1,165.907,2.56369
1916,307.91,213.706,479.472,413.142,630.287,334.063,0,133.566,174.344,2.3053
1917,362.313,242.951,434.379,348.352,355.754,174.212,0,151.844,210.469,2.38608
1918,47.3998,54.207,147.417,558.18,139.922,611.118,0,33.8794,13.5205,1.39908
1919,159.501,145.384,390.47,224.064,356.243,173.402,0,90.8647,68.6358,1.75536
1920,70.8995,64.8479,306.931,761.74,311.637,818.379,0,40.53,30.3695,1.74931
1921,75.1994,63.9279,596.511,173.526,648.384,190.752,0,39.9549,35.2445,1.88211
1922,64.9996,85.5777,234.615,727.223,153.623,700.273,0,53.4861,11.5135,1.21526
1923,39.5,38.2648,573.657,755.708,611.175,754.931,0,23.9155,15.5844,1.65165
1924,0,0,139.861,613.079,139.861,613.079,0,0,0,0
1925,250.906,204.28,492.712,415.397,630.412,334.523,0,127.675,123.231,1.9652
1926,217.004,156.047,218.518,390.953,67.6548,405.455,0,97.5296,119.474,2.22501
1927,39.9,36.8411,145.775,656.67,149.712,693.225,0,23.0257,16.8743,1.73285
1928,149.5,118.357,260.917,636.528,144.794,615.94,0,73.9734,75.5265,2.021
1929,224.705,176.454,370.704,307.075,349.853,174.686,0,110.284,114.42,2.03751
1930,229.905,182.686,428.942,304.102,355.75,174.11,0,114.179,115.726,2.01355
1931,173.401,218.898,503.577,253.22,648.179,198.06,0,136.811,36.59,1.26745
1932,11,12.0362,618.538,335.515,630.258,334.175,0,7.52263,3.47738,1.46226
1933,160.801,102.804,515.977,600.524,613.208,612.844,0,64.2524,96.5482,2.50264
1934,395.415,349,364.519,477.836,144.8,615.812,0,218.125,177.29,1.81279
1935,272.207,143.151,150.128,440.822,67.7929,405.409,0,89.4693,182.738,3.04247
1936,86.4993,72.1803,414.704,198.564,355.833,174.282,0,45.1127,41.3866,1.9174
1937,27.2001,31.1327,623.018,134.135,653.545,130.045,0,19.458,7.74211,1.39789
1938,243.806,143.224,480.921,166.092,356.077,173.615,0,89.5147,154.291,2.72364
1939,140.099,152.971,529.001,210.878,647.951,191.028,0,95.6071,44.4922,1.46537
1940,85.5993,86.8853,577.092,150.402,653.547,130.137,0,54.3033,31.2959,1.57632
1941,0,0,614.504,613.325,614.504,613.325,0,0,0,0
1942,168.401,159.367,387.738,209.788,356.153,173.365,0,99.6046,68.7965,1.6907
1943,485.72,62.5272,466.143,326.572,466.683,326.848,1,39.0795,446.641,12.429
1944,97.3991,88.5018,247.061,779.956,310.869,818.711,0,55.3136,42.0855,1.76085
1945,239.105,155.419,280.98,660.944,144.798,615.875,0,97.1371,141.968,2.46152
1946,49.7998,33.0521,100.609,401.915,67.7482,404.803,0,20.6576,29.1423,2.41073
1947,55.0997,65.1407,603.407,250.147,635.919,282.357,0,40.7129,14.3868,1.35337
1948,1.5,0.710108,149.239,703.588,149.362,702.889,0,0.443818,1.05618,3.37977
1949,41.5999,54.1599,312.111,771.875,311.996,818.268,0,33.8499,7.75,1.22895
1950,195.303,214.084,413.033,665.657,313.06,818.051,0,133.802,61.5004,1.45964
1951,25.0001,27.4447,299.489,800.154,311.795,818.273,0,17.153,7.8471,1.45748
1952,407.616,237.301,457.991,436.272,615.575,539.69,0,148.313,259.302,2.74834
1953,33.9001,29.2152,83.0639,422.079,67.8242,405.181,0,18.2595,15.6406,1.85657
1954,127.499,96.9413,164.22,397.507,67.6888,404.924,0,60.5883,66.9103,2.10434
1955,21.9,21.4236,250.423,206.534,249.342,185.158,0,13.3898,8.51029,1.63558
1956,135.399,135.636,117.219,499.998,67.7499,405.259,0,84.7724,50.6266,1.59721
1957,113.599,98.8014,451.531,179.513,355.776,174.33,0,61.7509,51.8479,1.83963
1958,485.72,229.985,484.898,483.332,603.777,537.17,1,143.741,341.98,3.37915
1959,96.6991,125.902,519.763,736.691,611.154,755.164,0,78.6889,18.0102,1.22888
1960,269.607,144.912,225.728,313.408,248.952,184.973,0,90.5703,179.037,2.97677
1961,181.302,118.205,170.031,375.835,67.7231,405.555,0,73.8783,107.424,2.45406
1962,80.0993,79.8715,580.919,348.34,630.255,334.117,0,49.9197,30.1797,1.60456
1963,38.8,50.3552,616.131,250.957,635.867,282.477,0,31.472,7.32799,1.23284
1964,20.9,26.9149,625.351,211.055,648.193,198.129,0,16.8218,4.07826,1.24244
1965,167.401,130.352,333.853,275.667,349.684,174.736,0,81.4697,85.9313,2.05476
1966,73.8994,58.5948,555.719,615.997,613.214,612.561,0,36.6218,37.2777,2.01791
1967,182.602,120.031,161.734,426.025,67.6573,405.447,0,75.0194,107.583,2.43406
1968,362.313,234.279,236.948,456.194,67.7178,405.514,0,146.424,215.889,2.47441
1969,142.9,115.451,248.093,643.641,144.747,616.047,0,72.1567,70.7428,1.98041
1970,168.501,111.167,179.02,401.363,67.803,405.389,0,69.4796,99.0214,2.42519
1971,335.711,205.416,471.045,540.511,613.224,612.762,0,128.385,207.326,2.61488
1972,18,21.7846,377.153,178.481,355.888,174.043,0,13.6154,4.38463,1.32203
1973,142.499,105.765,264.651,287.902,250.179,185.014,0,66.103,76.3965,2.15572
1974,156.8,119.976,343.35,271.669,349.921,174.799,0,74.9849,81.8155,2.09109
1975,7.3,7.11236,352.078,182.798,352.298,175.736,0,4.44523,2.85477,1.64221
1976,485.72,88.778,450.516,237.89,450.046,237.729,1,55.4863,430.234,8.75389
1977,62.4996,60.6833,595.662,694.549,612.443,751.861,0,37.9271,24.5725,1.64789
1978,136.499,167.544,408.858,706.81,313.381,818.207,0,104.715,31.7839,1.30353
1979,25.4001,25.0487,594.082,551.534,616.524,542.607,0,15.6554,9.74461,1.62244
1980,58.8997,66.4277,267.685,785.872,311.01,818.672,0,41.5173,17.3824,1.41868
1981,485.72,122.229,444.439,331.819,444.236,331.535,1,76.3929,409.328,6.35819
1982,404.615,274.617,285.733,455.499,67.7184,404.846,0,171.636,232.98,2.35741
1983,346.012,238.587,311.837,385.05,249.886,185.075,0,149.117,196.895,2.32041
1984,378.714,161.531,485.179,662.188,613.233,612.854,0,100.957,277.757,3.75124
1985,325.311,264.582,294.846,424.46,67.7198,404.923,0,165.364,159.947,1.96724
1986,210.304,200.553,526.01,509.838,615.522,539.917,0,125.346,84.9579,1.67779
1987,485.72,275.992,398.882,520.927,584.257,472.765,1,172.495,313.225,2.81585
1988,105.999,110.763,94.2922,482.285,67.8052,405.196,0,69.2269,36.7721,1.53118
1989,240.105,265.517,286.169,506.661,140.028,611.125,0,165.948,74.1575,1.44687
1990,74.8994,63.2832,128.544,395.354,67.6779,404.812,0,39.552,35.3474,1.89369
1991,393.515,263.278,287.925,443.328,67.6665,405.474,0,164.549,228.966,2.39148
1992,181.802,129.277,429.104,249.261,356.233,173.305,0,80.7983,101.004,2.25007
1993,224.505,154.906,536.811,447.49,615.479,539.824,0,96.8165,127.688,2.31887
1994,376.414,237.143,463.806,457.32,615.628,539.73,0,148.214,228.199,2.53966
1995,119.199,97.5624,557.827,315.834,630.32,333.901,0,60.9765,58.2223,1.95483
1996,109.699,90.2657,159.734,542.286,139.885,611.088,0,56.416,53.2829,1.94446
1997,464.419,308.964,386.21,434.378,349.904,174.653,0,193.102,271.317,2.40504
1998,252.206,178.383,507.277,313.247,630.314,334.088,0,111.489,140.717,2.26216
1999,372.414,194.887,498.468,243.495,355.963,173.63,0,121.805,250.609,3.05747
2000,217.804,173.935,517.252,438.637,615.651,539.722,0,108.709,109.095,2.00355
2001,144.9,131.558,533.159,139.436,653.463,129.953,0,82.224,62.6757,1.76226
2002,25.0001,27.7647,582.827,804.683,606.841,810.868,0,17.3529,7.64714,1.44068
2003,147.1,146.548,142.172,465.177,67.7049,405.492,0,91.5925,55.5073,1.60602
2004,9.4,10.3729,620.29,335.49,630.351,333.809,0,6.48308,2.91692,1.44993
2005,314.51,199.937,214.334,455.491,67.6778,405.484,0,124.961,189.549,2.51687
2006,90.1992,87.4609,302.323,224.916,349.863,174.646,0,54.6631,35.5361,1.65009
2007,68.3995,49.483,589.734,644.922,613.285,612.376,0,30.9269,37.4726,2.21165
2008,472.92,225.721,452.793,681.267,613.213,612.796,0,141.076,331.844,3.35224
2009,120.099,115.136,192.531,533.335,139.893,611.165,0,71.9597,48.139,1.66897
2010,27.6001,32.247,602.107,568.954,616.238,541.813,0,20.1544,7.44571,1.36943
2011,20.9,18.9278,270.993,189.259,253.113,183.556,0,11.8299,9.07016,1.76672
2012,56.4997,77.3478,327.505,744.086,312.855,818.035,0,48.3424,8.15735,1.16874
2013,192.003,139.055,224.702,586.822,144.792,616.022,0,86.9095,105.093,2.20922
2014,155.2,119.597,525.446,361.695,630.304,334.182,0,74.7482,80.452,2.07631
2015,120.499,89.7227,544.567,597.202,613.248,612.789,0,56.0767,64.4221,2.14882
2016,86.9992,94.8982,237.657,630.635,144.813,615.806,0,59.3114,27.6878,1.46682
2017,28.3001,37.6279,612.291,180.79,647.747,191.707,0,23.5175,4.78261,1.20336
2018,377.414,290.758,264.367,478.389,67.6916,405.486,0,181.723,195.69,2.07686
2019,274.008,220.326,453.71,336.853,355.839,174.228,0,137.704,136.304,1.98983
2020,274.708,168.827,464.929,575.912,613.274,612.799,0,105.517,169.191,2.60345
2021,197.503,143.025,363.789,269.781,349.988,174.792,0,89.3905,108.112,2.20944
2022,485.72,275.608,378.573,513.562,576.133,450.464,1,172.255,313.465,2.81977
2023,11.3,12.4951,410.88,89.6725,407.528,77.6356,0,7.80941,3.4906,1.44697
2024,21.5,26.3904,623.798,208.672,647.966,198.032,0,16.494,5.00603,1.30351
2025,12.7,14.38,403.224,92.2667,405.938,78.1552,0,8.9875,3.71251,1.41307
2026,61.4996,57.8007,602.054,166.579,647.766,191.72,0,36.1254,25.3742,1.70239
2027,107.499,92.3112,561.143,127.085,653.538,129.955,0,57.6945,49.8044,1.86324
2028,53.2998,64.2552,419.252,139.528,405.932,78.1805,0,40.1595,13.1403,1.3272
2029,485.72,240.431,457.917,466.553,604.65,540.126,1,150.27,335.451,3.23233
2030,42.9999,54.179,577.423,338.858,630.286,334.09,0,33.8618,9.13807,1.26986
2031,379.914,252.291,291.303,431.412,67.7178,404.86,0,157.682,222.232,2.40937
2032,485.72,281.77,441.753,508.267,602.42,532.313,1,176.106,309.614,2.75811
2033,244.806,200.796,224.181,474.045,139.88,611.103,0,125.498,119.308,1.95068
2034,234.405,154.45,299.157,311.341,251.132,184.552,0,96.5313,137.874,2.42828
2035,131.899,118.845,469.324,180.274,355.607,174.301,0,74.2779,57.6209,1.77575
2036,149.7,104.307,162.246,386.24,67.7075,404.937,0,65.1916,84.5083,2.29631
2037,69.8995,85.0782,221.591,680.774,149.427,693.335,0,53.1739,16.7257,1.31455
2038,210.704,148.807,438.479,260.399,355.816,174.23,0,93.0043,117.699,2.26553
2039,320.71,250.07,447.717,395.07,630.359,334.049,0,156.293,164.417,2.05198
2040,308.31,156.096,498.217,171.341,355.991,173.671,0,97.5602,210.749,3.1602
2041,38.5,48.5119,591.961,709.371,612.151,752.534,0,30.32,8.18003,1.26979
2042,247.706,293.273,332.741,422.087,251.411,184.455,0,183.296,64.4102,1.3514
2043,166.401,125.037,179.576,259.811,248.489,184.835,0,78.1482,88.2528,2.1293
2044,346.712,223.749,351.966,361.193,350.183,174.782,0,139.843,206.869,2.4793
2045,228.305,221.984,421.928,706.795,312.949,818.101,0,138.74,89.5648,1.64556
2046,96.8991,93.4758,155.469,520.114,139.85,611.104,0,58.4224,38.4767,1.6586
2047,2.4,1.55561,351.808,164.396,352.178,165.905,0,0.972254,1.42775,2.46849
2048,85.8993,84.7833,177.491,553.549,139.906,611.055,0,52.9895,32.9097,1.62106
2049,185.902,178.568,185.494,519.958,139.942,611.109,0,111.605,74.297,1.66571
2050,164.001,118.642,536.766,703.266,612.208,752.466,0,74.1512,89.8496,2.21171
2051,41.5999,48.984,581.618,338.054,630.276,334.062,0,30.615,10.9849,1.35881
2052,36.7,35.623,286.957,191.232,253.345,183.004,0,22.2644,14.4356,1.64837
2053,27.5001,29.6575,604.925,567.206,616.882,543.388,0,18.536,8.96411,1.48361
2054,31.9001,37.2352,617.274,136.903,653.474,129.962,0,23.272,8.62806,1.37075
2055,12.5,14.6055,339.027,184.494,349.859,174.78,0,9.12841,3.3716,1.36935
2056,27.0001,28.7311,151.309,590.703,139.896,611.157,0,17.957,9.0431,1.5036
2057,325.811,233.888,410.594,342.968,355.747,174.215,0,146.18,179.63,2.22883
2058,79.1994,103.663,571.949,235.119,648.002,197.94,0,64.7892,14.4101,1.22242
2059,134.799,110.823,252.971,633.466,144.771,616.182,0,69.2645,65.5346,1.94615
2060,55.2997,66.4271,559.168,790.252,606.56,811.367,0,41.517,13.7828,1.33198
2061,247.006,147.803,201.446,414.772,67.7673,405.442,0,92.3768,154.629,2.6739
2062,119.899,144.117,526.9,191.077,647.716,191.888,0,90.0733,29.8255,1.33112
2063,235.405,185.792,283.037,574.052,144.8,615.887,0,116.12,119.285,2.02726
2064,374.014,238.51,458.9,432.967,615.639,539.729,0,149.069,224.945,2.509
2065,477.22,226.035,483.664,515.175,613.267,612.789,0,141.272,335.948,3.37803
2066,127.099,128.285,553.86,453.759,615.572,539.894,0,80.1783,46.9203,1.5852
2067,153.1,124.158,302.038,282.136,250.424,184.947,0,77.5984,75.5017,1.97298
2068,322.81,252.844,436.715,354.09,355.765,174.234,0,158.028,164.783,2.04275
2069,383.914,278.799,300.405,451.721,67.777,405.154,0,174.249,209.665,2.20325
2070,154.3,137.543,585.35,386.05,630.32,334.136,0,85.9645,68.3357,1.79493
2071,249.506,152.706,159.927,457.79,67.6702,405.48,0,95.4412,154.065,2.61424
2072,107.699,80.13,265.773,263.57,249.94,185.031,0,50.0813,57.6177,2.15048
2073,32.0001,18.827,266.52,197.112,252.635,183.973,0,11.7669,20.2332,2.71951
2074,298.209,182.976,299.799,335.637,249.489,185.245,0,114.36,183.849,2.60763
2075,100.699,97.4955,207.112,570.201,144.793,615.918,0,60.9347,39.7644,1.65257
2076,140.699,135.832,141.138,477.076,67.7335,405.469,0,84.8949,55.8045,1.65734
2077,191.702,86.543,542.497,636.42,613.157,612.8,0,54.0894,137.613,3.54418
2078,0,0,611.712,808.229,611.712,808.229,0,0,0,0
2079,120.599,133.731,349.223,692.203,312.553,818.019,0,83.5816,37.0171,1.44289
2080,200.203,206.897,519.563,507.783,615.496,539.89,0,129.311,70.8924,1.54823
2081,453.918,245.52,463.591,462.807,615.669,539.718,0,153.45,300.468,2.95809
2082,100.799,79.2292,431.173,177.171,355.822,174.303,0,49.5182,51.2808,2.03559
2083,174.601,183.985,515.143,193.251,647.748,191.838,0,114.991,59.6106,1.51839
2084,166.101,149.214,280.764,648.97,144.838,615.996,0,93.2589,72.8421,1.78107
2085,197.003,150.425,181.653,350.534,67.6854,404.898,0,94.0157,102.987,2.09543
2086,171.201,126.969,465.007,194.059,356.055,173.434,0,79.3557,91.8456,2.15739
2087,22.1,28.3831,601.338,523.217,615.66,540.218,0,17.7395,4.36059,1.24581
2088,93.0992,88.6351,563.924,361.892,630.299,334.107,0,55.397,37.7022,1.68058
2089,60.9996,73.743,217.206,626.4,144.667,615.698,0,46.0894,14.9103,1.32351
2090,57.6997,51.4753,602.534,132.214,653.483,129.953,0,32.1721,25.5276,1.79347
2091,226.305,139.446,349.593,289.428,349.688,174.725,0,87.1538,139.151,2.59661
2092,257.707,158.162,489.529,164.496,355.805,174.246,0,98.8515,158.855,2.60701
2093,250.106,127.312,520.565,646.334,613.174,612.843,0,79.5702,170.536,3.14321
2094,39.3,49.6312,603.003,213.933,648.358,198.162,0,31.0195,8.28045,1.26694
2095,381.714,284.272,335.108,510.046,144.828,615.986,0,177.67,204.044,2.14845
2096,177.002,105.021,233.116,285.933,249.137,185.103,0,65.6383,111.363,2.69662
2097,453.018,242.212,451.391,442.979,615.581,539.843,0,151.382,301.636,2.99254
2098,62.5996,57.2007,602.821,165.466,648.113,190.986,0,35.7505,26.8492,1.75102
2099,193.603,121.232,457.393,156.684,356.223,173.274,0,75.7701,117.833,2.55513
2100,351.612,231.295,470.304,365.706,630.268,334.092,0,144.559,207.053,2.4323
2101,223.004,170.149,505.436,391.672,630.275,333.86,0,106.343,116.661,2.09702
2102,139.899,164.513,293.44,697.691,149.588,693.266,0,102.821,37.0787,1.36062
2103,89.8992,105.348,295.431,259.724,250.237,184.898,0,65.8423,24.0569,1.36537
2104,329.711,226.144,351.135,359.52,349.883,174.699,0,141.34,188.371,2.33275
2105,457.719,255.328,467.073,502.73,613.153,612.833,0,159.58,298.139,2.86827
2106,70.3995,72.2096,414.234,146.253,355.844,174.191,0,45.131,25.2685,1.55989
2107,130.299,98.197,162.803,405.721,67.8438,405.136,0,61.3731,68.9256,2.12306
2108,102.999,90.1507,284.939,754.951,311.532,818.4,0,56.3442,46.6548,1.82803
2109,264.007,240.198,485.881,504.764,615.48,539.994,0,150.124,113.883,1.75859
2110,66.0996,84.751,331.692,736.12,312.813,818.031,0,52.9693,13.1302,1.24788
2111,337.011,245.877,318.316,545.583,144.77,615.836,0,153.673,183.338,2.19304
2112,332.911,221.022,259.379,421.745,67.6773,405.501,0,138.139,194.773,2.40998
2113,111.099,103.424,293.721,735.945,311.465,818.482,0,64.6401,46.4588,1.71873
2114,280.008,197.032,344.905,329.965,349.969,174.82,0,123.145,156.863,2.2738
2115,137.999,118.299,436.582,226.515,356.006,173.616,0,73.9371,64.0621,1.86644
2116,337.711,259.986,294.303,422.185,67.7393,404.951,0,162.492,175.22,2.07833
2117,129.399,142.276,607.594,446.6,615.521,539.901,0,88.9224,40.4763,1.45519
2118,36.8,46.5731,581.353,726.435,612.167,752.51,0,29.1082,7.69182,1.26425
2119,168.101,173.291,533.133,482.921,615.526,539.996,0,108.307,59.7945,1.55209
2120,273.707,182.931,353.839,325.321,349.836,174.707,0,114.332,159.376,2.39398
2121,95.3991,84.7354,540.404,603.159,613.151,612.771,0,52.9597,42.4395,1.80135
2122,322.11,184.16,292.521,343.781,249.801,185.119,0,115.1,207.01,2.79852
2123,255.506,144.888,516.459,569.185,613.169,612.781,0,90.5552,164.951,2.82155
2124,350.712,214.624,467.417,376.431,630.366,334.142,0,134.14,216.572,2.61452
2125,7,5.08991,141.178,606.227,140.301,611.207,0,3.18119,3.8188,2.20043
2126,112.299,120.558,89.7072,483.708,67.7372,405.468,0,75.3486,36.9502,1.49039
2127,442.318,283.212,405.969,396.843,349.981,174.818,0,177.007,265.311,2.49887
2128,6.8,6.90446,599.651,810.158,606.243,812.205,0,4.31529,2.48471,1.57579
2129,485.72,242.977,405.951,524.867,575.285,449.65,1,151.861,333.86,3.19846
2130,65.7996,44.6203,221.044,212.379,248.659,184.905,0,27.8877,37.9119,2.35945
2131,268.007,175.084,448.806,277.847,355.757,174.183,0,109.428,158.58,2.44918
2132,244.906,259.908,393.637,632.497,312.949,818.087,0,162.443,82.463,1.50764
2133,37.8,37.8261,393.028,170.307,356.04,173.794,0,23.6413,14.1587,1.5989
2134,485.72,215.622,452.631,696.086,594.336,613.895,1,134.764,350.957,3.60424
2135,80.3993,108.771,584.195,267.584,647.859,197.798,0,67.9817,12.4177,1.18266
2136,1.7,0.87095,605.854,814.795,606.671,814.493,0,0.544344,1.15566,3.12303
2137,290.409,183.511,278.963,350.928,251.137,184.643,0,114.695,175.714,2.53202
2138,36.2,44.771,608.061,215.576,648.463,198.237,0,27.9818,8.21817,1.2937
2139,286.508,211.298,422.816,319.98,356.046,173.653,0,132.061,154.447,2.16951
2140,69.0995,58.3261,601.341,175.419,647.725,191.865,0,36.4538,32.6457,1.89554
2141,101.999,78.8747,188.525,211.499,248.292,184.76,0,49.2967,52.7023,2.06908
2142,111.499,96.4595,560.275,320.279,630.326,334.3,0,60.2872,51.2117,1.84946
2143,426.517,265.362,463.212,491.733,613.159,612.77,0,165.851,260.666,2.57169
2144,96.9991,78.3887,430.292,179.382,355.807,174.302,0,48.993,48.0061,1.97986
2145,445.418,240.199,514.039,475.785,615.647,539.693,0,150.124,295.294,2.96699
2146,65.8996,68.2918,407.939,147.553,355.829,174.18,0,42.6824,23.2172,1.54395
2147,485.72,338.553,446.459,528.946,593.131,611.722,1,211.596,274.125,2.29551
2148,281.508,214.727,604.012,385.021,615.627,539.683,0,134.204,147.304,2.09761
2149,93.2991,84.6851,542.45,602.205,613.182,612.766,0,52.9282,40.3709,1.76275
2150,36.4,38.666,407.45,116.313,405.953,78.2289,0,24.1663,12.2337,1.50623
2151,99.4991,93.0368,557.021,321.862,630.298,334.077,0,58.148,41.351,1.71113
2152,22.5,28.0534,285.62,809.483,311.964,818.302,0,17.5334,4.96668,1.28327
2153,114.399,112.59,361.23,231.115,349.896,174.823,0,70.3686,44.0303,1.62571
2154,0.8,0.237318,611.733,752.681,611.956,752.762,0,0.148324,0.651676,5.39361
2155,36.3,36.0399,390.978,178.704,355.987,173.671,0,22.5249,13.7751,1.61155
2156,169.101,119.893,538.172,659.064,613.259,612.842,0,74.9333,94.1678,2.25669
2157,333.811,227.184,427.093,335.886,355.806,174.216,0,141.99,191.821,2.35095
2158,378.714,275.996,320.338,518.373,144.687,615.721,0,172.497,206.217,2.19548
2159,181.802,226.838,496.271,260.336,647.908,197.752,0,141.774,40.0282,1.28234
2160,101.999,122.291,552.805,191.405,647.611,191.865,0,76.4316,25.5674,1.33451
2161,226.005,249.236,395.753,645.903,312.596,818.018,0,155.772,70.2323,1.45087
2162,115.299,142.547,273.29,694.973,149.367,693.333,0,89.092,26.2068,1.29415
2163,72.7995,65.2529,589.324,126.582,653.483,130.165,0,40.783,32.0164,1.78504
2164,142.099,105.509,163.012,511.71,139.942,611.114,0,65.9429,76.1566,2.15489
2165,337.511,249.636,434.312,391.846,630.271,334.088,0,156.022,181.489,2.16322
2166,73.9994,67.5607,294.793,768.999,311.777,818.326,0,42.2255,31.774,1.75248
2167,73.9994,69.6255,551.444,741.05,611.994,752.856,0,43.5159,30.4835,1.70051
2168,328.511,240.872,308.494,383.901,248.293,184.787,0,150.545,177.966,2.18214
2169,303.209,319.449,320.957,481.539,139.87,611.119,0,199.656,103.554,1.51866
2170,204.203,237.691,323.591,377.831,251.305,184.471,0,148.557,55.6461,1.37458
2171,11,13.453,122.346,614.112,135.791,614.34,0,8.40815,2.59186,1.30826
2172,195.603,167.411,500.98,137.681,653.479,130.216,0,104.632,90.9706,1.86943
2173,485.72,312.32,397.321,454.35,603.174,538.568,1,195.2,290.521,2.48833
2174,159.001,112.71,258.144,293.426,250.206,185.018,0,70.4439,88.5566,2.25712
2175,391.015,173.678,494.542,682.924,613.26,612.772,0,108.549,282.466,3.6022
2176,154.5,154.342,282.703,705.028,310.927,818.65,0,96.4639,58.0364,1.60164
2177,33.6001,35.4047,575.86,819.294,602.419,833.322,0,22.1279,11.4721,1.51845
2178,447.618,252.782,444.462,441.039,615.648,539.713,0,157.989,289.629,2.83323
2179,88.8992,62.4676,203.188,214.643,248.626,184.923,0,39.0422,49.857,2.277
2180,340.912,257.242,347.799,565.874,144.818,615.767,0,160.776,180.136,2.12041
2181,87.2992,67.7127,264.696,250.288,250.05,185.017,0,42.3204,44.9788,2.06282
2182,112.799,143.042,264.931,666.346,149.547,693.229,0,89.4013,23.3976,1.26171
2183,308.91,153.082,181.853,308.801,248.503,184.822,0,95.676,213.234,3.22871
2184,68.2995,77.3979,211.457,679.598,149.331,693.337,0,48.3737,19.9259,1.41192
2185,302.509,322.815,323.217,491.406,140.18,611.16,0,201.76,100.75,1.49935
2186,122.899,146.491,316.523,695.734,312.386,818.068,0,91.5569,31.3418,1.34232
2187,223.104,161.039,191.531,344.169,67.7391,404.891,0,100.649,122.455,2.21665
2188,370.213,236.109,465.101,254.829,355.961,173.628,0,147.568,222.645,2.50876
2189,311.21,323.813,324.292,482.352,139.849,611.054,0,202.383,108.827,1.53773
2190,43.8999,53.3646,266.995,235.135,249.812,185.125,0,33.3529,10.547,1.31623
2191,228.505,169.305,507.693,389.668,630.396,333.807,0,105.815,122.689,2.15947
2192,354.012,144.815,480.596,168.649,356.079,173.634,0,90.5097,263.503,3.91132
2193,231.305,160.611,276.652,596.881,144.639,615.736,0,100.382,130.923,2.30425
2194,21.3,23.5525,606.669,561.72,616.195,541.873,0,14.7203,6.57972,1.44698
2195,299.109,316.584,314.364,488.059,139.654,611.16,0,197.865,101.244,1.51168
2196,378.414,285.052,266.28,470.296,67.8321,405.448,0,178.158,200.256,2.12404
2197,63.2996,37.9804,229.392,217.528,248.418,184.813,0,23.7378,39.5618,2.66662
2198,485.72,188.457,450.126,655.131,597.285,614.125,1,117.786,367.935,4.12377
2199,317.71,190.072,299.765,326.665,248.842,185.032,0,118.795,198.915,2.67444
2200,342.612,231.938,464.362,343.965,355.764,174.231,0,144.961,197.651,2.36347
2201,68.5995,85.5217,533.404,779.479,611.053,755.278,0,53.4511,15.1484,1.28341
2202,79.8994,74.51,420.069,146.803,356.025,173.681,0,46.5688,33.3306,1.71573
2203,485.72,214.634,414.816,641.701,596.956,614.614,1,134.146,351.574,3.62083
2204,63.9996,73.5837,592.73,191.172,647.858,197.6,0,45.9898,18.0098,1.3916
2205,13.4,15.0506,634.539,204.354,648.002,197.945,0,9.4066,3.99341,1.42453
2206,111.699,133.071,526.628,736.774,611.075,755.151,0,83.1692,28.5296,1.34303
2207,82.7993,109.706,568.137,229.469,647.906,197.836,0,68.566,14.2333,1.20759
2208,120.199,107.318,547.224,122.188,653.505,130.048,0,67.0736,53.1251,1.79204
2209,25.8001,33.9364,265.366,215.302,252.272,184.148,0,21.2102,4.58984,1.2164
2210,282.308,149.969,477.602,586.402,613.238,612.809,0,93.7308,188.577,3.0119
2211,73.8994,101.283,237.356,709.632,152.928,701.694,0,63.3021,10.5974,1.16741
2212,191.502,182.529,183.912,521.844,139.607,611.207,0,114.081,77.422,1.67866
2213,225.605,156.599,162.793,461.299,140.149,611.112,0,97.8742,127.73,2.30505
2214,152.8,97.3285,544.19,589.06,613.181,612.831,0,60.8303,91.9698,2.51191
2215,125.599,88.7731,541.756,634.188,613.228,612.776,0,55.4832,70.1155,2.26372
2216,5,4.83173,631.239,283.869,635.762,282.176,0,3.01983,1.98017,1.65572
2217,31.8001,30.7617,141.55,664.363,149.321,693.341,0,19.226,12.574,1.65401
2218,28.7001,28.4828,403.608,106.324,405.917,78.2475,0,17.8018,10.8983,1.6122
2219,102.299,136.881,257.812,665.844,149.563,693.16,0,85.5509,16.7481,1.19577
2220,43.2999,60.9531,594.9,226.008,648.075,198.041,0,38.0957,5.20425,1.13661
2221,485.72,158.971,452.94,606.62,597.985,612.659,1,99.3566,386.364,4.88866
2222,194.803,160.233,527.657,403.273,630.388,334.403,0,100.145,94.6573,1.9452
2223,155,156.549,141.75,455.621,67.6619,404.944,0,97.8432,57.1571,1.58417
2224,466.119,204.522,450.179,651.011,613.226,612.775,0,127.826,338.293,3.64651
2225,79.2994,72.1915,415.763,148.065,355.824,174.195,0,45.1197,34.1797,1.75753
2226,393.215,195.503,461.983,662.062,613.161,612.774,0,122.19,271.025,3.21807
2227,331.711,224.962,471.6,427.567,615.466,539.825,0,140.601,191.11,2.35923
2228,379.214,225.35,463.801,339.77,355.832,174.233,0,140.843,238.37,2.69245
2229,144,130.988,302.022,292.269,250.687,184.833,0,81.8674,62.1321,1.75894
2230,52.4998,55.0512,407.53,182.31,355.815,174.226,0,34.407,18.0928,1.52585
2231,321.11,230.799,480.927,467.851,615.534,540.014,0,144.25,176.861,2.22607
2232,414.716,226.646,482.354,516.089,613.24,612.797,0,141.654,273.062,2.92767
2233,110.299,72.9162,596.55,355.977,630.347,333.98,0,45.5727,64.7262,2.42029
2234,195.603,106.576,232.551,288.236,249.521,185.212,0,66.6103,128.992,2.93653
2235,340.812,241.915,458.028,427.004,615.47,539.948,0,151.197,189.615,2.25409
2236,284.708,295.33,306.198,501.748,139.864,611.144,0,184.581,100.127,1.54246
2237,48.9998,26.4099,267.827,205.418,252.615,183.955,0,16.5062,32.4936,2.96857
2238,373.014,226.379,503.59,476.979,615.475,539.945,0,141.487,231.527,2.63638
2239,281.208,142.043,485.307,587.02,613.227,612.805,0,88.777,192.431,3.16758
2240,228.205,144.617,446.902,248.326,356.136,173.627,0,90.3855,137.819,2.52479
2241,89.4992,69.8924,196.652,214.896,248.218,184.728,0,43.6828,45.8165,2.04885
2242,69.5995,77.677,552.395,784.682,611.161,754.88,0,48.5481,21.0514,1.43362
2243,49.1998,66.6108,576.265,502.715,615.546,540.114,0,41.6318,7.56807,1.18179
2244,485.72,273.907,425.908,429.296,607.116,540.705,1,171.192,314.529,2.83729
2245,83.5993,89.4789,540.991,746.721,611.09,754.973,0,55.9243,27.675,1.49486
2246,285.708,177.873,450.649,275.709,356.014,173.679,0,111.171,174.538,2.57
2247,24.8001,29.3414,624.804,134.745,653.503,130.013,0,18.3384,6.46169,1.35236
2248,32.5001,35.9724,413.376,112.744,405.904,78.2169,0,22.4828,10.0173,1.44556
2249,200.203,179.106,378.821,666.961,312.277,818.058,0,111.942,88.2615,1.78846
2250,213.304,155.575,185.178,346.255,67.6964,404.951,0,97.2342,116.07,2.19371
2251,151.6,124.636,454.739,155.022,356.103,173.492,0,77.8976,73.7025,1.94615
2252,69.0995,87.5167,335.238,733.961,312.537,817.975,0,54.6979,14.4016,1.26329
2253,485.72,266.285,406.917,565.912,573.546,617.4,1,166.428,319.292,2.9185
2254,322.71,199.085,232.108,430.059,67.7356,405.584,0,124.428,198.283,2.59355
2255,152.9,158.679,344.957,668.711,313.072,818.088,0,99.1746,53.7255,1.54173
2256,142.6,181.205,531.57,267.816,647.986,198.028,0,113.253,29.3465,1.25912
2257,18.4,16.3306,268.014,190.058,253.208,183.357,0,10.2066,8.19341,1.80275
2258,62.2996,74.1639,211.255,676.556,149.341,693.262,0,46.3524,15.9472,1.34404
2259,334.611,281.382,430.662,375.471,355.83,174.238,0,175.864,158.748,1.90267
2260,287.708,230.01,297.843,549.506,144.841,615.988,0,143.756,143.952,2.00136
2261,377.614,256.42,366.138,401.586,349.991,174.834,0,160.263,217.351,2.35622
2262,485.72,191.773,440.329,645.534,596.226,614.457,1,119.858,365.863,4.05247
2263,70.0995,41.2356,225.145,214.031,248.852,185.047,0,25.7723,44.3272,2.71996
2264,385.514,264.5,341.327,392.133,350.134,174.786,0,165.312,220.202,2.33204
2265,176.102,147.922,599.787,451.442,615.582,539.705,0,92.451,83.6505,1.90481
2266,55.0997,60.4235,300.673,771.975,311.751,818.321,0,37.7647,17.335,1.45903
2267,374.414,235.97,261.328,435.289,67.6882,404.887,0,147.481,226.932,2.53872
2268,63.7996,86.4989,234.76,728.156,152.665,701.816,0,54.0618,9.73779,1.18012
2269,290.909,223.089,473.424,421.247,630.291,334.052,0,139.43,151.478,2.08641
2270,106.999,68.6695,585.059,663.533,613.211,612.808,0,42.9185,64.0805,2.49308
2271,220.804,170.493,538.933,420.431,615.497,539.847,0,106.558,114.246,2.07215
2272,95.0991,126.761,257.937,694.586,149.47,693.251,0,79.2257,15.8734,1.20036
2273,468.619,264.421,459.115,499.361,613.221,612.818,0,165.263,303.356,2.8356
2274,260.407,156.355,446.799,258.173,356.135,173.631,0,97.722,162.685,2.66477
2275,67.9995,65.7479,418.438,179.802,356.04,173.752,0,41.0924,26.9071,1.65479
2276,352.012,170.489,505.326,688.754,613.184,612.791,0,106.555,245.457,3.30356
2277,120.999,105.363,423.555,230.373,355.773,174.26,0,65.8518,55.147,1.83744
2278,455.219,307.02,356.431,447.54,349.959,174.833,0,191.888,263.331,2.37232
2279,485.72,293.281,408.585,469.91,604.177,531.965,1,183.301,302.42,2.64986
2280,90.7992,92.746,187.378,563.488,139.874,611.135,0,57.9663,32.8329,1.56641
2281,127.099,135.594,366.232,253.023,349.859,174.747,0,84.746,42.3527,1.49976
2282,218.404,157.557,372.353,280.674,349.973,174.849,0,98.4734,119.931,2.2179
2283,180.202,170.52,500.255,143.187,653.526,130.047,0,106.575,73.6265,1.69084
2284,192.103,179.984,215.714,490.358,139.936,611.108,0,112.49,79.6127,1.70773
2285,465.919,336.412,346.794,457.978,349.734,174.717,0,210.257,255.662,2.21595
2286,132.399,101.147,543.153,711.905,612.025,752.759,0,63.217,69.1819,2.09435
2287,180.202,110.103,543.934,662.362,613.258,612.763,0,68.8145,111.387,2.61866
2288,161.701,131.134,465.478,170.015,355.698,174.336,0,81.9587,79.742,1.97295
2289,81.2993,79.9078,176.12,561.6,140.174,611.195,0,49.9424,31.3569,1.62786
2290,128.499,121.832,592.548,441.834,615.485,539.806,0,76.1449,52.3537,1.68755
2291,21.5,21.0865,88.0873,400.775,67.758,404.95,0,13.179,8.32101,1.63138
2292,7,5.90554,138.643,605.434,139.708,611.116,0,3.69096,3.30903,1.89652
2293,170.501,174.965,377.246,671.006,313.438,818.197,0,109.353,61.1478,1.55918
2294,33.4001,37.0903,617.603,136.811,653.523,130.039,0,23.1815,10.2186,1.44081
2295,30.3001,31.8674,387.176,171.274,355.761,174.23,0,19.9171,10.3829,1.52131
2296,152.4,154.624,308.184,693.401,312.47,817.981,0,96.6403,55.7598,1.57698
2297,150.4,185.952,515.838,291.611,647.898,197.699,0,116.22,34.1798,1.2941
2298,157.2,132.415,563.381,400.736,630.271,334.211,0,82.7595,74.4409,1.89949
2299,421.216,279.109,355.873,418.991,349.754,174.701,0,174.443,246.773,2.41464
2300,11.3,13.6683,252.403,198.426,249.3,185.178,0,8.54269,2.75731,1.32277
2301,372.113,232.809,501.475,481.669,615.576,539.725,0,145.506,226.608,2.55738
2302,58.4997,64.2061,594.301,231.196,648.381,198.127,0,40.1288,18.3709,1.4578
2303,288.908,196.086,497.826,575.34,613.281,612.841,0,122.554,166.355,2.35741
2304,158.4,139.106,258.749,657.768,144.805,615.851,0,86.9413,71.4592,1.82193
2305,93.2991,98.295,99.1847,472.487,67.6804,405.492,0,61.4343,31.8648,1.51868
2306,50.8998,54.1376,406.237,182.089,356.015,173.685,0,33.836,17.0638,1.50431
2307,293.809,241.393,361.857,595.525,144.828,615.94,0,150.87,142.938,1.94742
2308,186.702,139.378,160.094,474.508,139.812,611.143,0,87.1111,99.5911,2.14327
2309,260.807,167.705,243.331,336.149,249.805,185.094,0,104.815,155.991,2.48825
2310,363.413,243.976,280.604,433.766,67.7078,404.9,0,152.485,210.928,2.38327
2311,89.9992,88.1375,247.08,779.635,310.724,818.784,0,55.0859,34.9133,1.6338
2312,148.9,118.262,523.155,359.262,630.273,334.216,0,73.9136,74.9863,2.01451
2313,19.8,22.3348,611.423,325.127,630.286,334.137,0,13.9592,5.84081,1.41842
2314,50.3998,57.1003,410.204,162.486,355.758,174.218,0,35.6877,14.7121,1.41225
2315,69.7995,63.1075,598.946,178.196,648.184,190.944,0,39.4422,30.3573,1.76967
2316,289.408,172.977,304.036,648.55,144.812,615.82,0,108.11,181.298,2.67697
2317,60.7996,73.1058,211.274,676.699,149.561,693.209,0,45.6911,15.1085,1.33067
2318,248.906,186.914,200.35,461.809,139.885,611.053,0,116.821,132.085,2.13066
2319,204.503,140.476,201.708,394.188,67.7932,405.099,0,87.7974,116.706,2.32926
2320,485.72,250.19,408.361,503.088,579.622,455.114,1,156.369,329.352,3.10625
2321,144.2,110.509,515.344,595.09,613.204,612.756,0,69.0681,75.1315,2.08779
2322,4.4,3.99064,405.942,82.1088,405.942,78.1181,0,2.49415,1.90585,1.76413
2323,37.2,35.9559,391.242,175.9,355.786,174.215,0,22.4725,14.7275,1.65536
2324,196.003,135.052,162.544,478.262,139.854,611.134,0,84.4077,111.595,2.32209
2325,29.1001,33.0489,617.495,210.449,647.79,197.366,0,20.6555,8.44454,1.40883
2326,78.4994,83.6024,545.294,634.263,613.249,612.846,0,52.2515,26.2479,1.50234
2327,151.1,141.325,524.424,146.453,653.482,130.046,0,88.3283,62.7717,1.71066
2328,88.7992,101.174,524.013,755.054,611.104,755.184,0,63.2338,25.5654,1.4043
2329,279.208,195.693,435.312,313.937,355.8,174.237,0,122.308,156.9,2.28282
2330,198.403,122.808,218.247,301.733,248.887,185.011,0,76.7549,121.648,2.58489
2331,161.601,118.033,543.97,679.056,613.221,612.793,0,73.7705,87.8302,2.19059
2332,15.2,15.24,253.06,199.687,249.654,185.157,0,9.52498,5.67504,1.59581
2333,301.809,238.647,306.421,377.265,251.417,184.462,0,149.154,152.655,2.02347
2334,83.4993,101.929,326.594,724.861,312.255,818.086,0,63.7059,19.7934,1.3107
2335,485.72,246.525,465.694,473.623,611.032,540.534,1,154.078,331.642,3.15243
2336,69.2995,65.6292,597.62,148.552,653.49,130.097,0,41.0182,28.2813,1.68948
2337,318.01,182.071,476.798,559.988,613.276,612.84,0,113.795,204.216,2.7946
2338,131.299,143.147,500.31,718.655,611.885,753.278,0,89.4671,41.8317,1.46757
2339,153.1,120.328,175.067,376.49,67.8164,405.064,0,75.2051,77.895,2.03577
2340,31.0001,37.2232,603.592,574.639,616.297,542.025,0,23.2645,7.73555,1.3325
2341,345.212,224.824,472.084,367.519,630.295,334.07,0,140.515,204.697,2.45676
2342,43.4999,34.5988,284.985,196.362,253.023,183.731,0,21.6242,21.8757,2.01163
2343,203.203,213.137,333.167,362.335,251.252,184.517,0,133.21,69.9929,1.52543
2344,51.2998,47.037,606.652,130.679,653.47,130.04,0,29.3982,21.9016,1.745
2345,26.2001,33.9311,591.205,528.401,615.585,540.209,0,21.207,4.99311,1.23545
2346,371.813,224.651,455.542,382.253,630.343,334.066,0,140.407,231.406,2.64811
2347,98.0991,102.249,240.972,624.364,144.848,615.846,0,63.9058,34.1933,1.53506
2348,235.805,140.085,290.782,306.959,250.707,184.782,0,87.5533,148.252,2.69328
2349,222.604,179.62,511.168,444.334,615.518,539.81,0,112.262,110.342,1.98289
2350,405.616,254.244,437.941,390.824,630.34,334.072,0,158.902,246.713,2.55261
2351,203.603,183.819,521.451,427.036,630.374,334.526,0,114.887,88.7161,1.7722
2352,1.6,0.782251,401.491,76.8479,402.163,76.4469,0,0.488907,1.11109,3.27261
2353,222.404,110.575,231.471,291.721,249.058,184.975,0,69.1091,153.295,3.21816
2354,485.72,285.182,411.358,471.13,602.789,536.284,1,178.239,307.481,2.72511
2355,485.72,357.177,375.458,467.47,347.95,177.109,1,223.235,262.485,2.17582
2356,14.4,16.3091,119.613,613.244,135.631,614.423,0,10.1932,4.20684,1.41271
2357,5,4.34217,71.3006,408.216,67.2518,406.649,0,2.71386,2.28614,1.84239
2358,63.3996,65.584,411.667,192.31,356.028,173.795,0,40.99,22.4096,1.54671
2359,20.7,24.4824,144.38,669.49,149.727,693.194,0,15.3015,5.39851,1.35281
2360,69.7995,93.4331,235.675,717.087,153.746,700.244,0,58.3957,11.4038,1.19529
2361,485.72,64.9998,584.573,318.564,584.553,322.526,1,40.6249,445.096,11.9562
2362,112.299,94.058,419.608,218.642,355.797,174.339,0,58.7863,53.5126,1.91029
2363,0,0,247.429,179.581,247.429,179.581,0,0,0,0
2364,9.9,10.0327,152.045,683.723,149.393,693.292,0,6.27043,3.62957,1.57884
2365,193.103,188.229,336.268,641.071,312.361,818.06,0,117.643,75.4598,1.64143
2366,47.2999,47.7209,603.198,293.888,635.941,282.537,0,29.8256,17.4743,1.58588
2367,251.106,166.022,192.828,338.248,67.6582,404.923,0,103.764,147.342,2.41998
2368,218.304,192.645,439.793,311.825,355.783,174.239,0,120.403,97.901,1.81311
2369,463.119,252.247,464.36,465.949,615.546,539.916,0,157.655,305.464,2.93756
2370,340.812,241.968,446.769,393.596,630.288,334.117,0,151.23,189.582,2.2536
2371,34.4,39.1944,612.71,212.867,648.394,198.128,0,24.4965,9.90356,1.40428
2372,6.4,6.1737,73.4087,402.7,67.4434,404.29,0,3.85856,2.54143,1.65865
2373,33.3001,43.524,610.055,217.264,648.334,198.142,0,27.2025,6.09757,1.22415
2374,169.101,180.324,515.554,196.447,647.826,191.582,0,112.703,56.3984,1.50042
2375,99.5991,90.3715,159.18,543.065,139.946,611.087,0,56.4822,43.1169,1.76337
2376,438.518,254.421,450.846,413.083,615.519,539.761,0,159.013,279.504,2.75774
2377,58.4997,63.7819,342.243,198.21,349.893,174.791,0,39.8637,18.636,1.46749
2378,222.804,164.726,182.063,470.786,139.707,611.059,0,102.953,119.851,2.16413
2379,342.412,241.812,349.265,584.263,144.727,616.272,0,151.133,191.279,2.26564
2380,28.9001,29.8099,140.877,665.488,149.744,693.254,0,18.6312,10.2689,1.55117
2381,46.9999,41.8627,614.189,190.901,647.694,191.721,0,26.1642,20.8357,1.79634
2382,93.3991,120.439,516.308,740.19,611.166,755.164,0,75.2743,18.1248,1.24078
2383,85.0993,85.9555,543.284,600.669,613.24,612.778,0,53.7222,31.3771,1.58406
2384,301.309,208.211,478.1,406.842,630.345,334.14,0,130.132,171.177,2.31542
2385,238.705,172.562,357.75,319.995,349.872,174.814,0,107.851,130.854,2.21328
2386,289.708,166.652,172.059,298.168,249.112,185.144,0,104.157,185.551,2.78145
2387,84.9993,68.327,197.7,213.517,248.27,184.824,0,42.7044,42.2949,1.99041
2388,115.399,91.6099,525.003,608.294,613.231,612.771,0,57.2562,58.1426,2.01548
2389,71.5995,96.4047,235.917,714.05,153.537,700.64,0,60.2529,11.3465,1.18831
2390,29.8001,35.0678,575.937,806.876,607.074,810.318,0,21.9174,7.88271,1.35966
2391,10.3,10.4862,620.112,336.006,630.343,334.006,0,6.55387,3.74613,1.57159
2392,485.72,295.468,408.134,477.115,602.391,535.848,1,184.667,301.053,2.63024
2393,7.5,7.113,349.535,182.322,351.608,175.519,0,4.44563,3.05437,1.68705
2394,146.5,137.616,260.856,655.604,144.827,616.046,0,86.0099,60.4899,1.70329
2395,183.902,229.444,493.05,260.246,647.853,197.806,0,143.402,40.4995,1.28242
2396,6.2,5.93358,605.233,755.937,611.054,755.215,0,3.70849,2.49151,1.67184
2397,105.099,88.2543,528.27,609.332,613.252,612.839,0,55.159,49.94,1.90538
2398,164.701,122.253,542.996,688.59,612.024,752.793,0,76.408,88.2929,2.15554
2399,272.407,157.606,278.997,328.444,249.741,185.237,0,98.504,173.903,2.76544
2400,68.9995,64.4958,559.028,610.022,613.315,613.194,0,40.3099,28.6897,1.71173
2401,261.107,160.432,218.716,415.519,67.6711,405.541,0,100.27,160.837,2.60404
2402,79.0994,90.1008,539.271,746.852,611.24,754.81,0,56.313,22.7863,1.40464
2403,81.8993,106.877,242.743,685.666,149.468,693.201,0,66.7981,15.1012,1.22607
2404,42.0999,51.889,324.508,208.033,349.883,174.773,0,32.4306,9.66933,1.29815
2405,126.899,109.202,236.14,607.123,144.681,615.691,0,68.2515,58.6472,1.85928
2406,144.1,125.574,259.434,744.57,310.684,818.768,0,78.4835,65.6161,1.83605
2407,371.013,248.741,283.07,432.059,67.7687,405.208,0,155.463,215.55,2.3865
2408,57.4997,65.7517,594.286,199.272,648.012,197.827,0,41.0948,16.4049,1.3992
2409,260.807,186.756,483.849,297.577,630.258,334.197,0,116.722,144.084,2.23442
2410,261.707,191.38,477.877,307.929,630.298,333.964,0,119.612,142.094,2.18796
2411,298.209,166.658,488.754,663.038,613.199,612.79,0,104.161,194.048,2.86295
2412,104.399,127.988,580.451,283.506,647.944,197.685,0,79.9927,24.4063,1.30511
2413,20.3,26.0187,624.629,209.166,648.005,198.001,0,16.2617,4.03834,1.24833
2414,67.8995,80.7726,216.611,698.365,153.612,700.232,0,50.4829,17.4166,1.345
2415,275.508,197.899,241.374,365.867,67.8142,405.248,0,123.687,151.821,2.22746
2416,0.6,0.135879,652.488,189.81,652.442,189.938,0,0.0849243,0.515076,7.06512
2417,243.906,151.783,188.651,312.099,249.669,185.199,0,94.8646,149.041,2.57109
2418,331.811,207.88,224.888,415.807,67.763,405.431,0,129.925,201.886,2.55387
2419,123.899,145.539,272.622,701.876,149.457,693.215,0,90.9619,32.9367,1.36209
2420,13.6,14.4794,408.372,92.186,405.868,78.1333,0,9.0496,4.55042,1.50283
2421,141.699,89.3294,542.591,637.415,613.197,612.81,0,55.8309,85.8686,2.53801
2422,181.702,143.733,511.342,121.348,653.518,129.996,0,89.8332,91.8687,2.02266
2423,270.907,296.175,306.427,498.435,140.19,611.175,0,185.109,85.798,1.4635
2424,298.509,244.59,416.78,345.448,355.959,173.669,0,152.868,145.641,1.95272
2425,277.508,202.513,290.63,562.296,144.781,616.06,0,126.57,150.937,2.19252
2426,177.202,116.783,182.929,402.998,67.6491,405.501,0,72.9896,104.212,2.42777
2427,211.504,136.728,199.485,391.561,67.7583,405.335,0,85.4551,126.049,2.47503
2428,303.209,191.455,298.969,343.653,250.936,184.623,0,119.659,183.55,2.53394
2429,249.706,163.924,501.147,163.544,355.831,174.254,0,102.453,147.254,2.43729
2430,0,0,631.143,332.234,631.143,332.234,0,0,0,0
2431,48.3998,41.9436,222.011,208.639,248.8,184.994,0,26.2147,22.1851,1.84628
2432,20.1,20.245,590.517,804.364,606.74,811.189,0,12.6531,7.44692,1.58854
2433,50.9998,46.8081,571.169,771.438,611.208,755.586,0,29.2551,21.7447,1.74328
2434,240.005,178.708,504.211,313.32,630.408,333.751,0,111.693,128.313,2.14881
2435,335.211,231.552,467.75,442.007,615.583,539.754,0,144.72,190.491,2.31627
2436,409.216,230.279,479.513,469.683,615.56,539.741,0,143.925,265.291,2.84327
2437,412.816,272.331,363.567,411.917,349.871,174.72,0,170.207,242.609,2.42537
2438,101.299,109.319,282.875,274.995,250.323,184.927,0,68.3241,32.9749,1.48263
2439,86.9992,79.518,574.11,131.638,653.54,129.984,0,49.6988,37.3005,1.75053
2440,229.305,148.281,241.791,323.541,249.817,185.14,0,92.6754,136.629,2.47428
2441,210.604,197.346,221.326,475.098,139.928,611.081,0,123.341,87.2622,1.70748
2442,43.5999,52.2661,324.182,208.172,350.128,174.745,0,32.6663,10.9336,1.3347
2443,58.2997,71.2756,594.015,192.568,647.884,197.641,0,44.5473,13.7524,1.30872
2444,8.6,9.20833,600.303,805.61,606.563,811.402,0,5.7552,2.84479,1.4943
2445,244.206,177.408,276.867,581.456,144.761,615.771,0,110.88,133.326,2.20243
2446,90.4992,74.886,577.766,693.224,612.275,752.135,0,46.8038,43.6954,1.93359
2447,74.4994,66.4629,101.986,447.187,67.8433,405.35,0,41.5393,32.9601,1.79347
2448,285.508,141.676,484.643,588.2,613.231,612.781,0,88.5475,196.961,3.22435
2449,108.099,132.994,541.723,188.253,648.01,191.067,0,83.1214,24.9775,1.30049
2450,318.11,201.206,442.96,321.549,355.981,173.717,0,125.754,192.357,2.52963
2451,283.708,186.041,250.144,397.241,67.7718,405.261,0,116.276,167.433,2.43996
2452,52.5998,47.6282,299.34,186.271,253.451,182.702,0,29.7676,22.8322,1.76701
2453,35.9,34.2729,127.293,586.492,139.851,611.174,0,21.4206,14.4794,1.67596
2454,78.0994,70.2125,584.272,124.812,653.466,129.983,0,43.8828,34.2166,1.77973
2455,485.72,234.774,388.141,459.566,580.936,463.758,1,146.734,338.987,3.31022
2456,485.72,64.1708,572.194,292.619,589.655,289.942,1,40.1067,445.614,12.1107
2457,304.609,199.686,471.312,276.505,355.778,174.211,0,124.804,179.806,2.44071
2458,205.203,145.228,242.88,319.419,249.611,185.207,0,90.7677,114.436,2.26075
2459,3.5,3.0117,644.299,196.893,647.096,195.777,0,1.88231,1.61769,1.85942
2460,22.6,27.9291,320.62,791.306,313.396,818.177,0,17.4557,5.14437,1.29471
2461,15.6,13.6515,608.061,551.562,617.136,543.541,0,8.53216,7.06787,1.82838
2462,27.9001,32.6783,618.492,210.481,647.975,197.799,0,20.4239,7.47614,1.36605
2463,272.407,177.983,279.61,583.804,144.753,615.984,0,111.24,161.168,2.44884
2464,419.716,200.801,504.425,519.552,613.243,612.836,0,125.501,294.216,3.34434
2465,84.8993,86.4905,552.384,721.178,612.107,752.794,0,54.0565,30.8427,1.57056
2466,175.301,156.377,513.667,690.89,612.337,752.059,0,97.7357,77.5658,1.79363
2467,60.7996,52.6767,601.437,133.075,653.647,129.638,0,32.9229,27.8767,1.84673
2468,5.9,6.05017,317.73,813.567,315.653,819.25,0,3.78136,2.11864,1.56029
2469,303.209,203.623,345.187,335.933,349.989,174.771,0,127.264,175.945,2.38252
2470,309.31,248.593,319.144,549.205,144.784,615.928,0,155.37,153.939,1.99079
2471,283.108,290.973,304.053,504.159,139.887,611.052,0,181.858,101.25,1.55675
2472,41.0999,50.3454,603.492,209.84,648.005,198.042,0,31.4659,9.63405,1.30617
2473,161.501,204,522.847,245.683,647.933,197.751,0,127.5,34.0007,1.26667
2474,367.413,261.197,422.051,392.458,630.282,334.106,0,163.248,204.165,2.25064
2475,26.4001,27.6927,605.349,565.509,617.008,543.503,0,17.308,9.0921,1.52531
2476,224.605,156.948,220.592,391.697,67.7242,405.485,0,98.0928,126.512,2.28972
2477,209.204,193.464,238.524,496.663,139.943,611.143,0,120.915,88.2885,1.73017
2478,454.118,316.725,369.499,451.492,349.586,174.557,0,197.953,256.165,2.29407
2479,338.611,228.693,480.017,466.644,615.565,539.846,0,142.933,195.678,2.36902
2480,41.4999,58.2199,206.628,723.534,152.695,701.801,0,36.3874,5.11253,1.1405
2481,485.72,301.732,398.266,563.183,591.581,614.319,1,188.582,297.138,2.57564
2482,485.72,261.618,420.177,571.465,588.433,614.936,1,163.511,322.209,2.97057
2483,485.72,288.197,421.596,491.503,603.488,530.6,1,180.123,305.598,2.69661
2484,356.313,219.381,490.83,272.801,355.973,173.629,0,137.113,219.2,2.59868
2485,286.508,171.97,232.64,344.184,250.132,185.011,0,107.481,179.027,2.66566
2486,310.31,199.087,264.429,358.089,250.802,184.713,0,124.429,185.881,2.49387
2487,335.011,214.515,243.222,426.864,67.7482,405.551,0,134.072,200.939,2.49874
2488,78.6994,103.352,228.3,693.014,149.587,693.214,0,64.5952,14.1042,1.21835
2489,156.2,99.9818,221.14,277.637,249.127,185.107,0,62.4886,93.7117,2.49966
2490,390.015,319.613,379.706,535.175,144.805,615.843,0,199.758,190.256,1.95243
2491,281.608,213.296,386.272,333.64,349.889,174.738,0,133.31,148.298,2.11243
2492,485.72,257.145,445.675,575.431,591.887,615.587,1,160.716,325.005,3.02223
2493,30.1001,33.9603,576.847,820.017,602.455,833.267,0,21.2252,8.87486,1.41813
2494,103.599,76.2091,551.379,733.374,612.227,752.366,0,47.6307,55.9683,2.17505
2495,31.3001,31.2966,142.051,580.311,139.882,611.09,0,19.5604,11.7397,1.60018
2496,308.21,209.989,512.346,505.697,615.602,539.586,0,131.243,176.966,2.34838
2497,67.9995,75.9072,209.698,614.415,144.723,615.736,0,47.442,20.5576,1.43332
2498,370.013,234.463,462.958,432.646,615.581,539.742,0,146.54,223.474,2.52501
2499,19.5,22.0898,260.623,204.469,252.542,184.024,0,13.8061,5.69394,1.41242
2500,150.3,104.848,241.092,282.472,249.438,185.232,0,65.5302,84.7698,2.2936
2501,143.5,113.961,527.097,358.191,630.329,333.929,0,71.2257,72.2738,2.01472
2502,10.8,11.7187,156.279,617.372,144.742,616.016,0,7.32416,3.47584,1.47457
2503,39.9,21.9822,271.496,194.878,252.641,184.009,0,13.7389,26.1611,2.90417
2504,206.003,136.405,278.498,636.236,144.745,615.728,0,85.2534,120.75,2.41637
2505,161.401,135.674,558.086,401.972,630.444,334.351,0,84.7964,76.6043,1.90339
2506,209.004,188.631,386.159,665.599,312.467,818.026,0,117.895,91.1089,1.7728
2507,485.22,342.55,365.456,470.332,350.104,174.753,0,214.094,271.127,2.26639
2508,52.2998,38.9963,106.577,403.203,67.6946,404.833,0,24.3727,27.9271,2.14583
2509,400.215,203.685,501.359,541.822,613.239,612.804,0,127.303,272.912,3.1438
2510,29.9001,30.4631,596.836,777.834,611.146,755.182,0,19.0395,10.8606,1.57043
2511,367.413,236.122,464.911,348.719,355.749,174.222,0,147.576,219.837,2.48965
2512,85.3993,113.292,248.915,687.025,149.461,693.341,0,70.8076,14.5917,1.20607
2513,292.109,171.098,308.395,623.9,144.688,615.692,0,106.936,185.173,2.73162
2514,485.72,299.41,407.384,578.853,591.946,612.535,1,187.131,298.589,2.59561
2515,198.203,152.87,614.42,430.724,615.486,539.753,0,95.5441,102.659,2.07447
2516,78.5994,71.3936,598.002,358.622,630.307,334.145,0,44.621,33.9784,1.76149
2517,448.418,239.735,455.988,439.278,615.487,539.961,0,149.834,298.584,2.99276
2518,300.209,209.718,389.015,328.096,349.909,174.8,0,131.074,169.135,2.29038
2519,257.006,173.504,281.435,586.675,144.678,615.748,0,108.44,148.567,2.37004
2520,141.499,154.619,308.742,693.548,312.093,818.192,0,96.6368,44.8626,1.46424
2521,190.702,201.152,419.056,684.392,313.108,818.065,0,125.72,64.9822,1.51688
2522,485.72,301.38,397.369,451.988,602.07,524.252,1,188.362,297.358,2.57865
2523,301.209,170.148,305.469,625.521,144.8,615.809,0,106.342,194.867,2.83245
2524,243.606,145.914,200.405,413.952,67.7201,405.564,0,91.1961,152.41,2.67123
2525,43.9999,43.1007,574.823,770.653,611.228,755.458,0,26.9379,17.062,1.63338
2526,174.701,120.885,166.403,425.429,67.8224,405.375,0,75.5533,99.1482,2.3123
2527,39.5,51.9438,576.261,785.29,606.471,811.462,0,32.4648,7.03512,1.2167
2528,148.7,156.805,313.761,684.792,312.091,818.156,0,98.0031,50.6968,1.5173
2529,249.706,198.442,480.848,391.983,630.418,334.486,0,124.026,125.68,2.01334
2530,101.599,76.6452,289.992,226.894,249.83,185.095,0,47.9032,53.6958,2.12092
2531,71.7995,98.4972,581.651,256.865,648.024,197.947,0,61.5607,10.2387,1.16632
2532,294.209,145.036,493.887,619.758,613.264,612.768,0,90.6477,203.561,3.24563
2533,79.0994,76.9487,593.546,189.718,647.736,191.82,0,48.0929,31.0064,1.64472
2534,293.209,146.697,444.159,143.715,356.024,173.629,0,91.6857,201.523,3.19798
2535,24.3001,25.1015,238.048,204.869,249.464,185.202,0,15.6885,8.61159,1.54891
2536,73.6994,54.5133,111.314,418.979,67.7241,405.575,0,34.0708,39.6287,2.16313
2537,383.114,184.039,506.581,536.444,613.186,612.758,0,115.024,268.09,3.33072
2538,151.8,180.218,408.421,695.758,313.402,818.236,0,112.636,39.164,1.3477
2539,485.72,253.085,388.745,620.584,591.51,616.163,1,158.178,327.542,3.07071
2540,70.1995,81.519,219.093,679.075,149.655,693.164,0,50.9494,19.2501,1.37783
2541,36.6,44.2069,582.094,789.948,606.659,811.285,0,27.6293,8.97068,1.32468
2542,299.309,201.645,473.785,393.223,630.324,334.049,0,126.028,173.281,2.37494
2543,113.899,128.168,513.096,730.691,611.969,753.089,0,80.1053,33.7935,1.42186
2544,51.4998,40.3436,223.269,208.381,248.676,184.883,0,25.2148,26.285,2.04244
2545,241.806,185.811,614.5,405.294,615.505,539.758,0,116.132,125.674,2.08217
2546,10.1,10.1368,592.35,833.673,602.465,833.303,0,6.33551,3.76449,1.59419
2547,187.202,134.518,480.836,175.027,355.803,174.217,0,84.0737,103.129,2.22665
2548,16.9,20.1089,597.623,766.297,611.186,754.864,0,12.5681,4.33195,1.34468
2549,148.4,137.091,518.364,119.288,653.558,129.952,0,85.682,62.7179,1.73198
2550,198.003,170.189,306.042,624.739,144.805,616.23,0,106.368,91.6347,1.86149
2551,163.301,203.199,515.526,263.33,648.045,197.907,0,126.999,36.3017,1.28584
2552,349.012,220.224,473.82,258.649,356.004,173.625,0,137.64,211.372,2.53569
2553,195.003,161.018,274.532,663.528,144.765,616.02,0,100.636,94.3664,1.9377
2554,175.502,125.814,549.531,295.377,630.309,333.908,0,78.6338,96.8678,2.23188
2555,366.313,249.255,250.922,461.879,67.7775,405.335,0,155.785,210.529,2.35141
2556,61.7996,71.1123,199.876,639.719,144.805,615.865,0,44.4452,17.3545,1.39047
2557,62.1996,75.0604,213.129,676.748,149.93,693.196,0,46.9128,15.2869,1.32586
2558,0,0,312.885,821.164,312.885,821.164,0,0,0,0
2559,124.799,78.6677,574.809,664.636,613.26,612.803,0,49.1673,75.6313,2.53824
2560,395.815,184.097,476.889,670.006,613.208,612.757,0,115.061,280.754,3.44005
2561,284.308,231.145,427.769,335.709,355.941,173.645,0,144.466,139.843,1.968
2562,137.999,130.053,207.129,533.334,139.899,611.116,0,81.2832,56.716,1.69776
2563,320.71,232.091,466.494,429.973,615.66,539.736,0,145.057,175.653,2.21093
2564,248.406,239.78,367.38,608.048,313.065,818.074,0,149.863,98.5433,1.65756
2565,136.299,160.465,289.155,698.562,149.432,693.272,0,100.291,36.0085,1.35904
2566,26.5001,32.124,317.184,786.504,312.735,818.006,0,20.0775,6.42259,1.31989
2567,162.701,123.776,469.235,174.019,356.177,173.426,0,77.3602,85.3406,2.10316
2568,53.6998,68.8269,550.515,811.282,602.45,833.255,0,43.0168,10.683,1.24834
2569,318.31,203.913,249.199,414.611,67.7713,405.08,0,127.446,190.865,2.49761
2570,0,0,639.877,285.878,639.877,285.878,0,0,0,0
2571,270.307,199.641,297.162,577.029,144.788,615.802,0,124.775,145.532,2.16635
2572,2,1.10742,255.08,179.064,254.011,179.353,0,0.692137,1.30786,2.8896
2573,45.4999,47.4097,81.396,439.868,67.7066,405.471,0,29.631,15.8688,1.53555
2574,23.1001,26.31,318.327,792.676,312.485,818.038,0,16.4437,6.6563,1.40479
2575,83.8993,65.8564,594.805,689.897,612.285,752.104,0,41.1602,42.7391,2.03836
2576,461.219,273.592,426.696,594.338,613.252,612.79,0,170.995,290.224,2.69727
2577,37.6,34.6622,258.477,218.128,249.874,185.07,0,21.6639,15.9361,1.73561
2578,105.999,124.228,353.444,701.903,313.078,818.08,0,77.6427,28.3562,1.36521
2579,316.71,165.323,195.283,445.248,67.6612,405.492,0,103.327,213.383,3.06513
2580,485.72,247.022,451.541,477.826,603.952,536.442,1,154.389,331.331,3.14608
2581,306.009,321.064,318.838,494.675,139.963,611.161,0,200.665,105.345,1.52498
2582,141.499,128.399,526.16,120.438,653.534,129.952,0,80.2496,61.2499,1.76324
2583,335.711,224.275,380.313,357.427,349.71,174.697,0,140.172,195.539,2.39499
2584,140.699,159.504,217.002,512.771,139.948,611.05,0,99.6899,41.0095,1.41137
2585,133.099,138.106,310.228,296.283,250.796,184.749,0,86.3164,46.7826,1.54199
2586,40.7,51.1178,601.604,215.514,648.231,198.114,0,31.9486,8.75134,1.27392
2587,18.7,18.5588,162.315,618.643,144.567,615.533,0,11.5992,7.10079,1.61218
2588,68.8995,68.5405,410.276,148.162,355.848,174.221,0,42.8378,26.0617,1.60838
2589,200.703,105.723,547.909,665.988,613.171,612.75,0,66.0768,134.626,3.03742
2590,109.299,111.179,582.898,446.555,615.544,539.838,0,69.4868,39.8121,1.57294
2591,349.712,253.981,429.918,389.772,630.334,334.078,0,158.738,190.974,2.20308
2592,23.2001,28.1881,171.935,622.02,144.772,615.941,0,17.6176,5.58247,1.31687
2593,124.399,128.795,363.705,245.567,349.473,174.593,0,80.497,43.9016,1.54538
2594,6.8,6.6685,642.26,188.357,648.412,190.76,0,4.16781,2.63218,1.63155
2595,0.2,0.0196366,615.726,759.166,615.73,759.147,0,0.0122729,0.187727,16.2961
2596,30.9001,30.3457,614.225,270.613,635.833,282.281,0,18.9661,11.934,1.62923
2597,108.099,132.098,350.632,694.045,313.454,818.294,0,82.5613,25.5376,1.30932
2598,404.115,239.622,457.754,421.591,615.452,539.778,0,149.764,254.352,2.69835
2599,86.1993,117.613,265.743,734.791,153.67,700.457,0,73.5079,12.6914,1.17265
2600,173.901,125.057,251.505,302.805,249.828,185.098,0,78.1607,95.7408,2.22492
2601,128.399,145.706,528.001,192.424,648.426,190.876,0,91.0665,37.3322,1.40994
2602,55.6997,45.8607,569.295,617.217,613.278,612.429,0,28.6629,27.0368,1.94327
2603,96.4991,78.2538,588.074,678.021,612.39,751.966,0,48.9086,47.5905,1.97305
2604,85.0993,101.048,578.787,455.01,615.559,540.256,0,63.1549,21.9444,1.34747
2605,0,0,605.324,836.064,605.324,836.064,0,0,0,0
2606,343.312,286.524,429.983,415.191,630.358,334.087,0,179.078,164.234,1.91711
2607,342.012,217.164,479.986,414.987,630.273,334.058,0,135.727,206.284,2.51984
2608,235.905,124.718,528.573,670.663,613.168,612.752,0,77.949,157.956,3.02641
2609,198.303,195.35,373.263,650.828,313.044,818.072,0,122.094,76.209,1.62418
2610,101.899,116.657,566.425,451.047,615.52,540.083,0,72.9108,28.9882,1.39758
2611,10.9,11.8611,407.652,89.6184,405.468,78.112,0,7.41319,3.48681,1.47035
2612,45.2999,50.6929,562.708,759.647,611.193,754.911,0,31.6831,13.6168,1.42978
2613,278.908,186.931,348.955,327.093,349.673,174.705,0,116.832,162.076,2.38726
2614,46.8999,65.5055,328.678,755.111,312.815,817.986,0,40.941,5.9589,1.14555
2615,5.7,4.1677,358.781,177.224,355.618,174.39,0,2.60481,3.09519,2.18826
2616,270.407,217.173,478.985,415.793,630.315,334.136,0,135.733,134.674,1.9922
2617,177.402,144.915,520.107,377.895,630.275,333.946,0,90.5716,86.83,1.95869
2618,109.199,93.9742,554.675,320.467,630.454,333.817,0,58.7339,50.465,1.85922
2619,153.4,102.329,214.388,259.33,248.988,185.035,0,63.9558,89.4444,2.39853
2620,118.799,82.9009,586.445,359.369,630.349,334.345,0,51.8131,66.9857,2.29283
2621,170.801,217.6,510.194,250.57,647.904,197.69,0,136,34.8011,1.25589
2622,485.72,251.131,465.039,477.414,602.543,536.821,1,156.957,328.764,3.09461
2623,342.212,234.498,351.563,370.804,349.885,174.767,0,146.561,195.65,2.33494
2624,204.903,145.415,437.099,260.388,355.814,174.3,0,90.8846,114.019,2.25454
2625,137.299,144.903,232.589,778.817,152.76,701.727,0,90.5641,46.7351,1.51604
2626,324.911,253.526,320.708,538.889,144.794,615.869,0,158.454,166.457,2.05051
2627,267.807,187.264,247.161,395.189,67.6631,405.522,0,117.04,150.767,2.28817
2628,198.903,194.551,341.16,638.633,312.384,818.068,0,121.595,77.3083,1.63579
2629,357.613,227.402,471.276,254.289,356.138,173.642,0,142.127,215.486,2.51616
2630,103.099,120.492,353.905,706.14,312.56,817.959,0,75.3077,27.7913,1.36904
2631,16.5,19.8875,603.682,735.02,612.231,752.503,0,12.4297,4.07033,1.32747
2632,163.101,141.637,306.167,302.165,251.136,184.592,0,88.523,74.5778,1.84247
2633,124.799,96.8593,162.716,402.224,67.7792,405.013,0,60.5371,64.2616,2.06153
2634,141.699,120.39,220.484,604.439,144.849,615.869,0,75.2441,66.4554,1.8832
2635,31.6001,35.1119,596.292,721.584,612.279,752.106,0,21.9449,9.65514,1.43997
2636,47.7998,26.4796,275.374,195.888,252.62,184.007,0,16.5497,31.2501,2.88825
2637,145.5,130.301,239.042,761.29,152.744,701.726,0,81.438,64.0617,1.78663
2638,132.999,147.735,347.758,678.789,312.665,817.984,0,92.3343,40.6646,1.44041
2639,399.615,301.193,326.543,492.984,144.659,615.757,0,188.246,211.369,2.12284
2640,263.207,152.614,296.492,315.78,249.802,185.107,0,95.3835,167.823,2.75946
2641,7.5,7.05978,641.601,200.523,647.848,197.381,0,4.41236,3.08764,1.69977
2642,278.308,191.447,379.9,312.119,349.859,174.769,0,119.654,158.653,2.32593
2643,258.407,175.448,200.049,342.496,67.6647,404.938,0,109.655,148.751,2.35654
2644,13.6,14.9759,599.028,609.101,613.243,612.832,0,9.35991,4.2401,1.45301
2645,485.72,255.556,424.627,431.175,604.745,536.173,1,159.723,325.998,3.04102
2646,151.3,107.916,557.41,684.991,612.172,752.396,0,67.4473,83.8527,2.24323
2647,96.4991,112.961,574.079,443.671,615.466,540.228,0,70.6009,25.8982,1.36683
2648,147.9,158.658,341.064,669.692,313.001,818.077,0,99.1613,48.7386,1.49151
2649,51.7998,62.8576,417.97,139.055,405.926,78.1697,0,39.286,12.5138,1.31853
2650,176.802,150.876,504.561,118.469,653.489,129.951,0,94.2973,82.5043,1.87494
2651,485.72,159.371,471.929,333.279,471.716,329.139,1,99.6066,386.114,4.87639
2652,163.801,160.397,306.275,705.768,312.343,818.08,0,100.248,63.5529,1.63396
2653,19.1,20.4276,600.852,532.132,615.553,539.709,0,12.7673,6.33277,1.49602
2654,276.508,154.312,160.488,459.988,67.6879,405.495,0,96.4451,180.063,2.86699
2655,77.6994,57.5021,113.46,422.004,67.6567,404.829,0,35.9388,41.7606,2.16199
2656,45.5999,48.4879,402.893,178.224,356.047,173.716,0,30.305,15.2949,1.5047
2657,11.8,13.8604,148.047,679.669,149.567,693.193,0,8.66278,3.13723,1.36215
2658,193.103,128.474,278.582,301.069,249.801,185.13,0,80.296,112.807,2.40489
2659,82.0993,78.4739,356.746,195.325,349.596,174.627,0,49.0462,33.0531,1.67392
2660,108.899,101.909,206.595,566.13,144.837,615.831,0,63.6934,45.2056,1.70974
2661,297.009,157.126,499.632,165.739,355.96,173.658,0,98.2037,198.805,3.02442
2662,3.9,3.09844,254.353,174.139,253.121,176.96,0,1.93652,1.96348,2.01392
2663,146,160.402,216.861,512.201,140.104,611.08,0,100.251,45.7483,1.45634
2664,485.72,244.125,444.966,595.612,593.066,614.516,1,152.578,333.143,3.18343
2665,297.209,227.777,387.784,351.599,349.818,174.641,0,142.36,154.848,2.08772
2666,135.699,109.371,546.215,658.68,613.265,612.854,0,68.3568,67.3423,1.98516
2667,8.7,8.32453,641.128,201.785,648.458,198.235,0,5.20283,3.49716,1.67217
2668,193.503,184.124,203.935,498.423,139.929,611.126,0,115.078,78.4248,1.68149
2669,11,10.8709,257.793,193.43,252.832,183.93,0,6.79429,4.20571,1.61901
2670,469.519,260.972,438.642,450.639,615.631,539.745,0,163.107,306.412,2.87859
2671,112.599,128.137,306.286,276.859,250.444,184.94,0,80.0858,32.5131,1.40598
2672,265.107,172.146,198.824,341.091,67.8202,405.083,0,107.591,157.516,2.46402
2673,213.804,251.198,322.667,389.962,251.275,184.496,0,156.999,56.8052,1.36182
2674,293.509,313.12,312.528,482.731,139.798,611.14,0,195.7,97.8089,1.49979
2675,90.1992,104.473,564.862,472.613,615.463,540.103,0,65.2954,24.9038,1.3814
2676,171.301,124.202,190.335,261.364,248.565,184.775,0,77.6262,93.675,2.20674
2677,485.72,243.804,442.622,585.122,594.285,612.028,1,152.378,333.343,3.18761
2678,111.599,129.973,307.523,281.699,250.365,184.885,0,81.2331,30.3657,1.37381
2679,17.7,20.7514,411.904,97.8515,405.805,78.1514,0,12.9697,4.73038,1.36473
2680,55.3997,53.7254,608.257,165.805,647.967,191.335,0,33.5784,21.8213,1.64986
2681,219.804,168.065,508.02,325.908,630.264,333.897,0,105.041,114.764,2.09256
2682,485.72,362.248,435.138,528.334,572.947,617.438,1,226.405,259.316,2.14536
2683,397.715,254.703,449.566,461.343,615.494,539.912,0,159.19,238.525,2.49837
2684,199.403,125.399,462.246,156.2,356.278,173.176,0,78.3743,121.029,2.54424
2685,186.602,130.466,250.802,308.526,249.759,185.086,0,81.5414,105.061,2.28844
2686,82.6993,107.174,349.583,718.957,312.734,817.98,0,66.984,15.7153,1.23461
2687,230.705,130.782,224.188,308.265,249.457,185.182,0,81.7387,148.966,2.82247
2688,408.016,261.306,439.281,442.143,615.509,539.968,0,163.317,244.699,2.49831
2689,40.4,43.696,411.735,121.268,405.942,78.2365,0,27.31,13.09,1.47931
2690,98.4991,103.675,535.639,724.651,612.028,752.929,0,64.7968,33.7022,1.52012
2691,41.9999,22.0884,266.454,201.459,252.835,183.939,0,13.8053,28.1947,3.04231
2692,115.599,90.5286,266.279,273.013,249.685,185.194,0,56.5804,59.0184,2.04309
2693,346.912,226.502,472.559,252.179,355.749,174.181,0,141.563,205.349,2.45058
2694,52.0998,62.4353,594.913,301.996,630.331,334.143,0,39.022,13.0777,1.33514
2695,30.9001,34.1568,579.477,819.433,602.384,833.325,0,21.348,9.55211,1.44745
2696,203.703,144.67,160.669,469.563,139.719,611.134,0,90.4186,113.285,2.25289
2697,63.7996,72.1812,570.584,351.063,630.325,334.047,0,45.1133,18.6863,1.41421
2698,485.72,133.358,445.705,342.02,444.194,332.111,1,83.3489,402.372,5.82756
2699,94.7991,120.957,349.822,704.788,313.149,818.146,0,75.5983,19.2009,1.25399
2700,164.801,160.864,533.892,449.635,615.531,539.847,0,100.54,64.2608,1.63916
2701,371.013,235.852,430.204,341.823,355.807,174.23,0,147.408,223.606,2.51692
2702,56.7997,65.8866,591.459,229.305,648.401,198.096,0,41.1791,15.6206,1.37933
2703,164.901,145.67,520.413,146.561,653.471,130.049,0,91.0437,73.8572,1.81123
2704,364.713,307.656,317.617,444.118,67.7253,404.829,0,192.285,172.428,1.89673
2705,444.618,171.271,456.496,598.393,613.26,612.752,0,107.044,337.574,4.1536
2706,15.9,14.0115,588.437,833.51,602.485,833.035,0,8.7572,7.14282,1.81565
2707,347.212,238.705,374.552,377.947,349.734,174.642,0,149.191,198.021,2.3273
2708,50.5998,53.2897,610.403,163.83,648.122,190.985,0,33.3061,17.2937,1.51924
2709,122.399,99.363,157.841,515.041,139.913,611.126,0,62.1019,60.2968,1.97093
2710,112.599,77.1497,583.762,671.54,613.228,612.824,0,48.2186,64.3803,2.33518
2711,90.8992,74.3353,590.04,362.514,630.3,334.153,0,46.4596,44.4396,1.95652
2712,168.601,131.845,515.711,366.361,630.415,334.367,0,82.4032,86.1979,2.04605
2713,243.506,145.613,295.334,309.305,250.87,184.748,0,91.0084,152.497,2.67564
2714,70.9995,78.0136,331.536,232.54,349.461,174.576,0,48.7585,22.241,1.45615
2715,328.511,207.925,280.799,375.168,250.122,185.016,0,129.953,198.558,2.52792
2716,48.5998,44.5122,295.091,196.428,253.063,183.643,0,27.8201,20.7797,1.74693
2717,203.703,147.57,181.082,350.824,67.7564,405.117,0,92.2312,111.472,2.20861
2718,259.707,235.421,353.69,597.084,144.787,615.939,0,147.138,112.569,1.76506
2719,221.504,193.165,380.156,314.062,349.993,174.779,0,120.728,100.776,1.83474
2720,258.507,239.465,487.034,503.406,615.558,539.974,0,149.665,108.841,1.72723
2721,250.506,186.762,199.12,460.441,139.683,611.111,0,116.727,133.78,2.14609
2722,485.72,286.902,408.821,558.867,589.741,615.346,1,179.313,306.407,2.70878
2723,152.7,114.537,163.528,505.452,139.809,611.081,0,71.5855,81.1146,2.13311
2724,250.406,212.025,369.212,635.758,312.988,818.074,0,132.516,117.89,1.88963
2725,66.4996,64.1689,595.989,691.647,612.402,752.076,0,40.1055,26.394,1.65811
2726,66.4996,71.4809,604.976,241.539,647.882,197.622,0,44.6756,21.824,1.4885
2727,295.809,195.455,254.195,390.939,67.7974,405.3,0,122.159,173.65,2.4215
2728,383.914,231.942,460.624,344.346,355.761,174.158,0,144.964,238.95,2.64834
2729,143.4,106.728,158.015,506.256,140.002,611.074,0,66.7047,76.6948,2.14977
2730,97.7991,110.501,606.186,457.875,615.49,539.761,0,69.0632,28.7358,1.41608
2731,18.2,19.1634,583.926,835.305,602.413,833.276,0,11.9771,6.22291,1.51957
2732,20.1,25.9231,177.276,710.823,153.42,700.707,0,16.202,3.89809,1.24059
2733,16.3,16.9353,339.49,187.54,349.888,174.709,0,10.5845,5.71549,1.53998
2734,266.407,206.912,518.423,506.338,615.491,539.855,0,129.32,137.087,2.06006
2735,102.999,87.0044,318.198,232.129,349.87,174.763,0,54.3778,48.6212,1.89414
2736,34.1001,33.9682,389.32,172.063,355.808,174.156,0,21.2302,12.8699,1.60621
2737,81.4993,80.6627,253.453,780.282,310.673,818.812,0,50.4142,31.0851,1.6166
2738,212.704,138.835,282.912,309.546,250.422,184.911,0,86.7716,125.932,2.45131
2739,222.704,142.963,522.35,659.577,613.195,612.774,0,89.3519,133.353,2.49244
2740,446.918,158.977,493.042,634.207,613.243,612.816,0,99.3605,347.558,4.49794
2741,361.313,192.667,545.259,518.739,613.173,612.834,0,120.417,240.896,3.00052
2742,150.5,181.906,388.198,678.859,313.465,818.29,0,113.691,36.8089,1.32376
2743,255.006,255.351,327.096,390.597,251.225,184.496,0,159.594,95.4121,1.59784
2744,8.09999,9.15458,161.131,705.539,152.847,701.781,0,5.72161,2.37838,1.41568
2745,72.1995,89.0813,530.006,780.218,611.086,755.36,0,55.6758,16.5237,1.29678
2746,160.901,174.052,302.375,681.989,311.972,818.174,0,108.782,52.1183,1.47911
2747,485.72,261.919,444.148,478.373,602.751,529.914,1,163.699,322.021,2.96715
2748,162.701,110.202,166.332,379.696,67.7895,405.18,0,68.8762,93.8246,2.36222
2749,380.414,251.27,473.882,509.122,613.242,612.828,0,157.044,223.37,2.42234
2750,345.212,234.47,263.782,433.889,67.7859,405.166,0,146.543,198.668,2.3557
2751,485.72,264.642,477.903,492.993,603.42,539.297,1,165.401,320.319,2.93662
2752,194.303,185.068,396.25,292.381,355.847,174.269,0,115.668,78.635,1.67984
2753,23.9001,24.7201,412.153,101.451,405.779,78.1718,0,15.4501,8.44997,1.54692
2754,79.3994,79.8762,571.993,359.777,630.302,334.112,0,49.9226,29.4767,1.59045
2755,369.713,255.478,364.69,394.43,349.826,174.712,0,159.674,210.039,2.31543
2756,485.72,258.941,403.011,463.169,588.951,478.754,1,161.838,323.883,3.00128
2757,117.499,108.279,560.208,155.219,653.454,129.951,0,67.6743,49.8245,1.73624
2758,196.703,185.997,382.015,667.036,312.374,818.072,0,116.248,80.4547,1.6921
2759,127.399,106.223,250.318,762.161,310.563,818.908,0,66.3895,61.0091,1.91896
2760,252.106,158.532,277.576,601.743,144.724,615.685,0,99.0825,153.024,2.54441
2761,22.2,25.2801,149.708,667.743,149.749,693.151,0,15.8001,6.39995,1.40506
2762,380.914,266.445,385.865,385.429,349.969,174.775,0,166.528,214.386,2.28739
2763,51.0998,58.7592,182.228,591.748,144.728,615.598,0,36.7245,14.3753,1.39144
2764,4.6,3.42698,311.097,815.022,312.685,818.006,0,2.14186,2.45814,2.14766
2765,64.3996,54.9384,598.542,126.56,653.478,129.952,0,34.3365,30.0631,1.87554
2766,381.614,250.736,409.073,347.389,355.742,174.187,0,156.71,224.904,2.43516
2767,239.505,180.474,242.963,395.839,67.6611,404.912,0,112.797,126.709,2.12334
2768,81.5993,107.723,570.552,231.648,648.069,198.01,0,67.3271,14.2722,1.21198
2769,181.002,95.3052,525.147,622.919,613.253,612.846,0,59.5657,121.436,3.03869
2770,115.299,90.4167,157.183,401.026,67.8245,405.166,0,56.5104,58.7884,2.04031
2771,464.219,259.35,416.487,624.301,613.172,612.749,0,162.094,302.125,2.86389
2772,20.5,19.622,599.022,550.029,616.374,542.191,0,12.2637,8.23629,1.6716
2773,248.706,163.066,197.552,351.867,67.6806,404.825,0,101.916,146.79,2.4403
2774,64.0996,64.9633,591.932,691.35,612.368,752.008,0,40.6021,23.4975,1.57873
2775,308.91,246.337,445.812,395.675,630.257,334.134,0,153.961,154.949,2.00642
2776,192.903,159.895,525.972,401.564,630.318,334.176,0,99.9342,92.9683,1.9303
2777,60.5996,32.3025,234.681,213.638,249.022,184.992,0,20.1891,40.4106,3.00161
2778,165.501,154.131,393.028,262.647,356.232,173.375,0,96.3316,69.1693,1.71803
2779,105.399,94.4104,150.148,519.67,139.876,611.165,0,59.0065,46.3925,1.78623
2780,143,111.222,163.995,378.757,67.706,404.924,0,69.5138,73.4858,2.05714
2781,302.209,214.27,484.389,248.299,356.013,173.677,0,133.919,168.291,2.25666
2782,30.3001,30.6342,156.255,665.452,149.695,693.199,0,19.1464,11.1537,1.58255
2783,276.408,148.658,280.055,318.675,249.727,185.218,0,92.9115,183.496,2.97496
2784,67.1995,67.4537,276.127,777.453,310.837,818.692,0,42.1586,25.041,1.59397
2785,218.104,188.996,322.479,616.545,144.798,615.959,0,118.122,99.9818,1.84643
2786,142.9,87.292,595.713,355.382,630.276,334.168,0,54.5575,88.342,2.61925
2787,27.6001,32.5887,578.39,803.618,606.54,811.586,0,20.3679,7.23216,1.35508
2788,307.21,220.231,390.803,334.908,349.516,174.621,0,137.645,169.565,2.2319
2789,319.21,193.836,238.595,363.829,67.6813,404.804,0,121.147,198.063,2.63489
2790,113.999,94.3187,542.348,722.288,612.202,752.47,0,58.9492,55.0497,1.93385
2791,173.801,178.598,336.793,651.405,312.164,818.162,0,111.624,62.1776,1.55703
2792,385.914,233.244,459.231,437.606,615.641,539.751,0,145.778,240.137,2.64728
2793,297.909,205.088,424.536,316.588,355.755,174.22,0,128.18,169.729,2.32415
2794,34.6,41.9963,310.314,187.598,349.707,174.729,0,26.2477,8.35237,1.31821
2795,481.52,307.485,358.529,453.575,349.842,174.687,0,192.178,289.342,2.50559
2796,352.312,304.081,311.3,466.669,67.8146,405.043,0,190.051,162.261,1.85378
2797,485.72,248.158,399.31,614.232,592.858,617.071,1,155.099,330.622,3.13168
2798,68.9995,65.2494,590.211,691.97,612.331,752.059,0,40.7808,28.2187,1.69196
2799,279.608,129.32,489.526,606.345,613.252,612.767,0,80.8248,198.783,3.45943
2800,484.62,244.282,461.101,467.682,615.548,539.83,0,152.676,331.944,3.17417
2801,69.5995,69.6518,413.359,147.832,355.988,173.663,0,43.5324,26.0672,1.5988
2802,382.914,226.935,477.919,468.189,615.579,539.749,0,141.834,241.08,2.69973
2803,186.002,175.474,522.936,416.42,630.353,334.16,0,109.671,76.331,1.696
2804,124.199,109.532,227.964,754.24,152.804,701.77,0,68.4572,55.7415,1.81425
2805,385.414,242.637,422.818,344.203,356.032,173.919,0,151.648,233.766,2.5415
2806,269.807,184.859,235.743,407.109,67.8268,405.227,0,115.537,154.271,2.33525
2807,267.507,161.361,234.406,333.804,250.029,184.991,0,100.851,166.656,2.6525
2808,264.107,310.068,330.971,438.303,251.44,184.374,0,193.793,70.3143,1.36283
2809,118.499,125.038,200.36,534.206,139.95,611.132,0,78.1487,40.3501,1.51632
2810,172.201,108.86,222.452,289.086,249.119,185.113,0,68.0376,104.164,2.53097
2811,108.699,98.3895,556.47,123.498,653.476,129.823,0,61.4935,47.2055,1.76765
2812,156.1,137.914,567.728,418.028,615.532,539.753,0,86.1964,69.904,1.81098
2813,327.211,250.847,342.543,565.788,144.834,616.079,0,156.779,170.432,2.08708
2814,213.504,219.453,437.538,678.294,312.825,817.962,0,137.158,76.3456,1.55662
2815,341.912,249.44,309.359,365.319,250.354,184.9,0,155.9,186.012,2.19315
2816,133.599,115.521,562.919,386.055,630.337,334.056,0,72.2008,61.3982,1.85038
2817,249.806,149.76,199.931,316.139,248.841,184.981,0,93.5998,156.206,2.66887
2818,349.212,219.809,395.145,334.59,350.075,174.809,0,137.38,211.832,2.54193
2819,485.72,282.78,409.686,565.734,592.523,612.392,1,176.737,308.983,2.74826
2820,243.206,245.789,372.077,607.121,313.037,818.067,0,153.618,89.5877,1.58319
2821,485.72,277.123,419.817,565.189,591.911,614.82,1,173.202,312.519,2.80436
2822,169.601,152.364,513.719,695.55,612.382,751.965,0,95.2274,74.3737,1.78101
2823,134.599,130.085,117.078,494.147,67.7892,405.179,0,81.3029,53.2961,1.65552
2824,300.609,317.21,317.313,488.824,139.604,611.156,0,198.256,102.353,1.51626
2825,227.605,193.051,219.819,479.228,139.862,611.111,0,120.657,106.948,1.88638
2826,143.9,96.5908,227.114,278.025,249.166,185.088,0,60.3692,83.5303,2.38366
2827,252.306,166.969,235.862,338.527,249.672,185.226,0,104.356,147.951,2.41775
2828,242.306,153.8,220.21,406.465,67.7221,405.472,0,96.1248,146.181,2.52074
2829,48.9998,40.0759,576.023,619.291,613.308,613.177,0,25.0474,23.9524,1.95628
2830,114.099,112.707,188.365,534.432,139.853,611.15,0,70.4418,43.6571,1.61976
2831,52.7998,61.9095,286.392,787.4,311.807,818.269,0,38.6934,14.1063,1.36457
2832,137.999,119.567,309.477,253.607,349.886,174.756,0,74.7296,63.2696,1.84665
2833,219.004,255.372,328.187,389.889,251.398,184.463,0,159.607,59.3969,1.37214
2834,136.299,125.831,596.497,441.075,615.491,539.774,0,78.6441,57.655,1.73311
2835,485.72,126.908,177.068,658.399,174.372,658.654,1,79.3172,406.403,6.12377
2836,19.6,24.7131,304.399,800.127,311.982,818.25,0,15.4457,4.15436,1.26897
2837,19.6,20.7374,250.777,205.76,249.687,185.247,0,12.9609,6.63914,1.51224
2838,9.5,9.92318,348.409,184.767,352.051,175.697,0,6.20199,3.29801,1.53177
2839,27.1001,29.4962,385.576,175.182,355.925,174.134,0,18.4351,8.66497,1.47003
2840,15,18.4735,635.599,134.092,653.548,129.847,0,11.5459,3.45411,1.29916
2841,240.705,262.564,391.91,630.851,312.969,818.132,0,164.102,76.6031,1.4668
2842,369.513,301.475,326.914,490.458,144.748,615.99,0,188.422,181.092,1.9611
2843,53.9997,63.2972,408.79,140.802,405.853,78.1906,0,39.5607,14.439,1.36498
2844,434.217,246.241,472.876,507.333,613.159,612.847,0,153.901,280.317,2.82141
2845,63.0996,56.8717,573.384,637.345,613.269,612.39,0,35.5448,27.5548,1.77521
2846,301.509,168.911,564.989,527.081,613.275,612.834,0,105.569,195.94,2.85603
2847,133.099,151.393,508.378,702.14,611.921,753.162,0,94.6208,38.4781,1.40666
2848,270.307,353.567,391.453,530.558,313.087,818.122,0,220.979,49.3279,1.22322
2849,185.802,96.0476,520.19,608.481,613.166,612.763,0,60.0298,125.772,3.09517
2850,112.599,96.2552,151.616,516.194,139.867,611.115,0,60.1595,52.4393,1.87167
2851,21.5,24.7801,318.55,794.009,312.699,818.028,0,15.4876,6.01248,1.38821
2852,15.4,14.0889,637.313,206.23,648.404,198.171,0,8.80555,6.59447,1.7489
2853,246.306,260.293,384.186,604.693,312.969,818.127,0,162.683,83.6227,1.51402
2854,31.1001,24.6216,594.573,620.596,613.304,613.189,0,15.3885,15.7116,2.02099
2855,67.3995,76.2804,329.858,230.528,349.824,174.693,0,47.6753,19.7243,1.41372
2856,365.813,174.229,477.207,662.569,613.184,612.826,0,108.893,256.92,3.35939
2857,24.0001,28.2665,150.758,589.844,139.863,611.162,0,17.6665,6.33352,1.3585
2858,199.003,134.237,422.067,258.849,355.848,174.282,0,83.898,115.105,2.37196
2859,281.408,170.247,247.123,337.604,250.835,184.747,0,106.405,175.003,2.6447
2860,5.3,4.99825,610.957,542.319,615.505,540.246,0,3.12391,2.17609,1.69659
2861,238.605,221.937,333.64,371.028,251.139,184.566,0,138.71,99.895,1.72017
2862,63.2996,55.5326,602.874,172.496,647.859,191.62,0,34.7079,28.5917,1.82378
2863,36.8,27.1137,93.6746,403.069,67.6857,404.874,0,16.9461,19.8539,2.17159
2864,485.72,265.819,417.45,496.278,598.426,509.095,1,166.137,319.584,2.92362
2865,367.013,234.392,368.461,378.168,349.79,174.665,0,146.495,220.518,2.50529
2866,42.6999,45.3799,261.664,228.345,249.922,185.101,0,28.3624,14.3375,1.50551
2867,134.099,112.169,553.937,686.308,612.393,752.014,0,70.1055,63.9935,1.91282
2868,15.1,15.6744,614.757,333.396,630.377,334.043,0,9.79651,5.30351,1.54137
2869,78.1994,72.574,589.422,684.341,612.336,752.093,0,45.3587,32.8406,1.72402
2870,289.408,297.941,271.789,485.593,139.625,611.202,0,186.213,103.196,1.55418
2871,49.5998,69.6598,331.347,751.634,312.81,818.072,0,43.5374,6.06245,1.13925
2872,86.7992,83.4907,255.862,790.537,310.674,818.836,0,52.1817,34.6175,1.6634
2873,116.299,145.672,317.569,696.311,312.055,818.168,0,91.045,25.2538,1.27738
2874,54.8997,62.8101,594.693,228.677,648.342,198.135,0,39.2563,15.6434,1.3985
2875,161.101,126.73,311.728,259.763,349.992,174.746,0,79.2063,81.8943,2.03394
2876,348.012,263.006,323.541,530.291,144.778,616.058,0,164.379,183.633,2.11714
2877,23.0001,27.1027,575.71,836.099,602.425,833.267,0,16.9392,6.06087,1.3578
2878,219.304,195.91,497.515,442.984,615.545,539.788,0,122.444,96.8602,1.79106
2879,485.72,137.081,314.956,401.017,306.466,391.038,1,85.6753,400.045,5.66931
2880,309.81,238.85,464.447,350.207,355.989,173.654,0,149.281,160.529,2.07535
2881,234.605,135.499,286.812,299.118,249.762,185.15,0,84.6867,149.918,2.77027
2882,180.702,129.521,439.679,236.322,355.784,174.248,0,80.9507,99.7511,2.23224
2883,322.01,209.63,280.192,373.166,248.054,184.659,0,131.019,190.992,2.45774
2884,27.4001,32.3167,160.004,596.17,144.757,616.207,0,20.1979,7.20215,1.35658
2885,456.019,307.192,373.665,440.791,349.721,174.691,0,191.995,264.024,2.37516
2886,485.72,264.755,422.417,581.155,594.094,612.635,1,165.472,320.249,2.93537
2887,28.8001,23.8279,591.946,618.473,613.283,613.17,0,14.8925,13.9076,1.93387
2888,290.309,233.394,348.177,591.288,144.704,615.732,0,145.871,144.437,1.99017
2889,139.499,148.016,544.014,443.395,615.49,539.885,0,92.5099,46.9894,1.50794
2890,163.801,130.197,528.615,372.335,630.332,334.06,0,81.3731,82.4277,2.01296
2891,71.7995,86.6677,576.984,478.698,615.452,540.112,0,54.1673,17.6322,1.32551
2892,136.099,105.988,162.561,384.852,67.7635,405.15,0,66.2427,69.8564,2.05455
2893,154.4,128.745,304.964,288.923,250.462,184.821,0,80.4658,73.9344,1.91883
2894,181.302,179.975,480.788,701.664,611.982,752.824,0,112.484,68.8175,1.6118
2895,485.72,329.123,443.826,529.383,589.199,614.046,1,205.702,280.018,2.36128
2896,23.2001,24.8276,612.023,343.001,630.344,334.225,0,15.5172,7.68283,1.49512
2897,136.899,117.956,561.194,386.341,630.312,333.945,0,73.7222,63.177,1.85696
2898,256.406,206.012,492.21,418.696,630.26,334.154,0,128.758,127.649,1.99139
2899,272.407,151.504,478.957,153.488,355.811,174.234,0,94.6901,177.717,2.87683
2900,129.399,106.119,252.18,763.776,310.768,818.796,0,66.3245,63.0742,1.95099
2901,215.404,173.114,503.189,391.354,630.355,334.101,0,108.196,107.208,1.99086
2902,237.005,199.93,491.729,411.063,630.378,333.808,0,124.956,112.049,1.89671
2903,254.206,162.068,301.16,635.325,144.785,615.981,0,101.293,152.914,2.50962
2904,485.72,155.325,315.959,404.34,307.416,390.45,1,97.0779,388.642,5.00341
2905,166.801,134.826,480.96,175.983,355.677,174.335,0,84.2661,82.5349,1.97945
2906,195.203,144.628,296.974,303.116,251.005,184.633,0,90.3927,104.81,2.1595
2907,0,0,620.667,538.677,620.667,538.677,0,0,0,0
2908,485.72,192.424,459.594,684.321,593.434,612.81,1,120.265,365.455,4.03875
2909,24.6001,24.0848,405.745,102.239,405.99,78.1616,0,15.053,9.54704,1.63423
2910,156.6,168.046,479.901,713.566,611.872,753.12,0,105.029,51.5716,1.49102
2911,60.3997,45.639,297.622,182.73,253.235,183.422,0,28.5244,31.8753,2.11747
2912,485.72,101.012,285.283,347.712,284.955,350.204,1,63.1323,422.588,7.6937
2913,17.6,17.7833,584.698,832.329,602.428,833.336,0,11.1145,6.48549,1.58351
2914,75.8994,103.751,350.254,724.243,313.058,818.083,0,64.8446,11.0548,1.17048
2915,143,156.34,307.034,699.952,312.08,818.163,0,97.7122,45.2873,1.46348
2916,332.211,253.459,288.706,408.182,250.765,184.704,0,158.412,173.799,2.09714
2917,58.0997,71.8278,215.699,625.579,144.754,615.955,0,44.8924,13.2073,1.2942
2918,0,0,617.196,612.68,617.196,612.68,0,0,0,0
2919,109.999,90.191,223.455,269.643,249.178,185.091,0,56.3694,53.6295,1.95139
2920,317.41,187.906,249.82,352.599,248.061,184.649,0,117.441,199.969,2.70272
2921,428.217,280.091,360.826,420.433,349.907,174.688,0,175.057,253.16,2.44616
2922,16.2,19.0659,635.319,133.698,653.451,130.058,0,11.9162,4.28384,1.3595
2923,193.403,193.21,413.337,685.257,312.948,818.072,0,120.756,72.6463,1.60159
2924,351.212,239.318,285.052,394.53,249.104,185.083,0,149.574,201.638,2.34808
2925,55.9997,59.8102,579.654,328.321,630.385,334.126,0,37.3814,18.6184,1.49806
2926,80.7993,101.385,338.051,719.821,312.67,817.958,0,63.3656,17.4337,1.27513
2927,0,0,355.208,172.749,355.208,172.749,0,0,0,0
2928,130.799,154.872,309.125,694.197,312.134,818.164,0,96.7947,34.004,1.3513
2929,239.005,197.135,444.209,315.165,355.848,174.256,0,123.209,115.796,1.93983
2930,371.113,249.015,433.338,391.203,630.325,334.076,0,155.634,215.479,2.38453
2931,88.4992,84.3062,332.412,238.77,350.061,174.773,0,52.6913,35.8079,1.67958
2932,227.205,161.387,532.035,444.867,615.58,539.719,0,100.867,126.338,2.25252
2933,166.501,127.119,145.136,493.108,139.558,611.16,0,79.4494,87.0515,2.09568
2934,102.399,92.275,567.547,140.395,653.532,129.973,0,57.6719,44.7271,1.77555
2935,235.305,197.115,449.205,302.716,356.082,173.614,0,123.197,112.108,1.90999
2936,36.8,45.3205,585.636,338.464,630.359,334.101,0,28.3253,8.47468,1.29919
2937,9,10.3091,602.195,749.552,611.81,753.26,0,6.44317,2.55683,1.39683
2938,75.1994,86.8195,536.686,750.76,611.126,755.242,0,54.2622,20.9372,1.38585
2939,4.3,3.52423,655.189,201.764,654.067,198.424,0,2.20264,2.09736,1.9522
2940,5.2,5.06652,153.098,689.099,151.383,693.866,0,3.16658,2.03342,1.64215
2941,55.5997,37.4771,105.427,405.858,67.6911,405.587,0,23.4232,32.1765,2.3737
2942,64.8996,51.7249,118.041,396.258,67.7838,404.982,0,32.3281,32.5715,2.00753
2943,388.214,290.798,339.636,530.636,144.683,616.242,0,181.749,206.465,2.13599
2944,1.1,0.410217,654.835,133.942,655.097,133.626,0,0.256386,0.843614,4.29041
2945,206.903,144.071,455.439,215.77,356.262,173.163,0,90.0441,116.859,2.2978
2946,340.512,321.033,381.37,532.585,144.763,616.144,0,200.646,139.866,1.69708
2947,485.72,261.597,450.296,485.994,605.225,534.409,1,163.498,322.222,2.9708
2948,48.3998,56.0467,616.69,243.916,635.93,282.525,0,35.0292,13.3706,1.3817
2949,40.2,43.6128,615.431,172.724,648.298,190.885,0,27.258,12.942,1.4748
2950,436.617,194.326,538.148,525.152,613.268,612.769,0,121.454,315.163,3.59492
2951,89.1992,80.3725,147,395.773,67.6982,404.886,0,50.2328,38.9664,1.77572
2952,256.306,180.357,516.043,449.031,615.542,539.82,0,112.723,143.583,2.27377
2953,109.999,138.805,324.281,697.617,311.982,818.178,0,86.7532,23.2457,1.26795
2954,47.8998,45.8656,556.908,834.361,602.419,833.187,0,28.666,19.2338,1.67096
2955,12.2,13.0846,636.603,203.671,648.041,197.986,0,8.17789,4.02213,1.49183
2956,68.7995,63.6719,599.121,147.108,653.535,129.91,0,39.7949,29.0046,1.72885
2957,235.905,202.716,392.669,308.415,350.054,174.801,0,126.697,109.208,1.86196
2958,1.3,0.552648,401.359,70.88,401.861,71.1112,0,0.345405,0.954595,3.7637
2959,176.402,134.201,452.692,223.935,355.591,174.362,0,83.8755,92.526,2.10313
2960,82.2993,93.8647,549.24,498.185,615.573,540.134,0,58.6654,23.6339,1.40286
2961,329.711,308.555,377.671,542.984,144.81,616.138,0,192.847,136.864,1.7097
2962,66.6996,77.0751,209.783,690.517,152.996,701.685,0,48.172,18.5276,1.38461
2963,13,15.2043,137.681,635.924,139.873,620.836,0,9.50269,3.49732,1.36804
2964,485.72,271.477,404.954,579.696,577.417,617.251,1,169.673,316.047,2.86269
2965,276.608,193.714,363.569,285.332,349.897,174.709,0,121.071,155.537,2.28467
2966,265.007,212.024,477.867,410.14,630.28,334.14,0,132.515,132.492,1.99983
2967,274.508,227.019,466.89,439.163,615.519,539.916,0,141.887,132.621,1.93469
2968,310.01,230.476,291.343,385.691,251.332,184.472,0,144.048,165.962,2.15213
2969,214.304,143.529,524.73,668.339,613.189,612.8,0,89.7054,124.598,2.38897
2970,277.608,184.672,210.052,327.051,249.44,185.236,0,115.42,162.188,2.40519
2971,315.11,221.015,392.558,333.184,349.684,174.594,0,138.134,176.976,2.28118
2972,306.81,203.641,475.305,402.574,630.346,334.093,0,127.275,179.534,2.41059
2973,316.01,226.235,485.196,255.159,355.814,174.245,0,141.397,174.613,2.23492
2974,485.72,219.459,431.262,615.383,595.358,615.97,1,137.162,348.559,3.54122
2975,235.205,253.843,281.669,518.054,140.046,611.064,0,158.652,76.5535,1.48253
2976,485.72,223.078,433.951,610.533,594.211,614.482,1,139.424,346.297,3.48377
2977,485.72,344.967,446.937,526.568,591.389,612.733,1,215.604,270.116,2.25283
2978,63.6996,62.9281,602.24,153.246,653.465,130.045,0,39.3301,24.3695,1.61962
2979,47.6998,61.7785,184.882,654.629,149.713,693.203,0,38.6115,9.0883,1.23538
2980,275.608,284.433,334.137,415.328,251.153,184.547,0,177.771,97.837,1.55036
2981,326.711,149.012,553.57,543.09,613.192,612.839,0,93.1323,233.578,3.50803
2982,57.6997,54.4588,608.594,166.73,647.758,191.45,0,34.0367,23.6629,1.69522
2983,2.7,1.79245,313.763,816.487,313.285,818.215,0,1.12028,1.57972,2.41011
2984,66.4996,79.3132,584.04,477.44,615.825,540.734,0,49.5708,16.9288,1.34151
2985,266.507,252.92,257.32,529.585,139.815,611.16,0,158.075,108.432,1.68596
2986,33.7001,44.3263,280.064,799.209,311.96,818.226,0,27.704,5.99609,1.21643
2987,275.408,209.658,389.322,325.631,349.817,174.675,0,131.036,144.371,2.10177
2988,249.906,162.224,212.087,366.239,67.6851,404.882,0,101.39,148.516,2.4648
2989,316.71,221.146,293.734,374.565,251.195,184.513,0,138.216,178.494,2.29141
2990,291.609,159.318,178.566,299.58,249.281,185.214,0,99.5736,192.035,2.92857
2991,320.71,223.527,369.197,368.998,350.145,174.796,0,139.704,181.006,2.29564
2992,328.011,235.823,409.592,345.268,355.811,174.241,0,147.389,180.622,2.22547
2993,185.902,122.084,164.181,426.748,67.7439,405.603,0,76.3025,109.6,2.43638
2994,293.009,209.266,368.054,356.909,349.856,174.747,0,130.792,162.217,2.24027
2995,472.12,193.822,446.928,638.172,613.181,612.808,0,121.139,350.981,3.89735
2996,64.2996,40.4937,285.837,206.7,252.605,184.015,0,25.3086,38.991,2.54062
2997,125.999,125.837,111.439,484.778,67.6833,404.885,0,78.6482,47.3505,1.60205
2998,150.7,134.932,223.307,590.717,144.736,616.119,0,84.3323,66.3677,1.78698
2999,10.3,12.0558,641.679,128.826,653.503,129.893,0,7.53487,2.76514,1.36698
3000,154.9,152.37,313.227,689.576,312.201,818.193,0,95.2312,59.6691,1.62657
3001,88.2992,82.3337,571.676,130.839,653.55,129.982,0,51.4586,36.8407,1.71593
3002,485.72,280.295,418.115,511.443,597.838,506.189,1,175.184,310.536,2.77263
3003,359.113,293.696,418.842,416.569,630.365,334.127,0,183.56,175.553,1.95638
3004,41.3999,54.169,324.765,765.957,312.808,818.06,0,33.8556,7.54432,1.22284
3005,485.72,279.742,412.947,506.023,595.504,504.443,1,174.838,310.882,2.77811
3006,163.601,139.961,605.213,433.494,615.529,539.761,0,87.4757,76.1251,1.87024
3007,23.0001,18.1928,85.8836,405.13,67.746,404.849,0,11.3705,11.6295,2.02278
3008,485.72,137.476,185.472,660.425,174.704,659.623,1,85.9225,399.798,5.65301
3009,485.72,156.684,323.025,405.221,306.312,390.48,1,97.9276,387.793,4.96
3010,38.3,50.1283,577.423,786.831,606.514,811.538,0,31.3302,6.96983,1.22246
3011,243.406,173.497,420.69,296.092,355.765,174.23,0,108.435,134.97,2.24471
3012,250.606,165.572,303.707,627.618,144.75,615.958,0,103.483,147.123,2.42172
3013,485.72,281.684,440.587,507.96,603.335,533.52,1,176.052,309.668,2.75896
3014,368.213,286.586,340.019,539.195,144.766,616.022,0,179.116,189.097,2.05572
3015,328.611,283.977,360.924,550.231,144.834,615.933,0,177.486,151.125,1.85148
3016,141.199,156.314,542.465,213.408,648.026,191.127,0,97.6962,43.5032,1.44529
3017,98.4991,126.026,514.004,734.792,611.131,755.172,0,78.7664,19.7327,1.25052
3018,202.203,196.413,512.047,462.808,615.543,539.954,0,122.758,79.445,1.64717
3019,234.205,145.339,201.55,413.483,67.7076,405.506,0,90.8371,143.368,2.5783
3020,144.4,154.503,539.861,213.212,647.937,191.153,0,96.5641,47.8355,1.49538
3021,346.112,156.928,500.521,174.16,356.032,173.622,0,98.0803,248.032,3.52886
3022,18.1,17.1881,603.854,553.144,616.404,542.359,0,10.7425,7.35749,1.68489
3023,457.419,254.288,451.458,463.811,615.611,539.682,0,158.93,298.489,2.87812
3024,365.113,235.097,484.568,510.783,613.197,612.794,0,146.936,218.177,2.48485
3025,252.506,189.062,404.88,297.215,355.984,173.616,0,118.164,134.343,2.13692
3026,54.8997,59.6832,409.506,157.496,355.758,174.244,0,37.302,17.5977,1.47176
3027,436.217,239.439,465.646,454.65,615.464,539.986,0,149.649,286.568,2.91493
3028,89.4992,118.571,266.253,735.084,153.686,700.262,0,74.1068,15.3924,1.20771
3029,80.9993,69.5216,584.721,127.65,653.54,130.048,0,43.451,37.5484,1.86415
3030,3.3,2.62565,628.334,331.977,630.864,332.678,0,1.64103,1.65897,2.01093
3031,78.1994,55.8446,210.643,215.559,248.234,184.722,0,34.9029,43.2965,2.24048
3032,138.399,155.192,308.989,701.792,312.323,818.109,0,96.9953,41.404,1.42687
3033,249.106,151.994,336.495,292.111,349.642,174.525,0,94.9963,154.11,2.62227
3034,485.72,243.288,472.798,474.735,604.684,533.671,1,152.055,333.666,3.19438
3035,341.712,269.148,308.326,398.994,248.726,184.875,0,168.218,173.494,2.03137
3036,290.509,300.68,307.597,493.135,139.674,611.141,0,187.925,102.583,1.54587
3037,485.72,276.934,423.973,565.412,589.794,614.133,1,173.084,312.637,2.80628
3038,88.6992,78.5159,144.99,401.906,67.6681,405.559,0,49.0724,39.6268,1.80752
3039,284.708,221.545,261.186,376.084,251.416,184.48,0,138.466,146.242,2.05616
3040,75.5994,79.1906,174.387,560.576,139.862,611.133,0,49.4941,26.1053,1.52744
3041,190.902,121.33,255.856,643.656,144.731,615.866,0,75.8315,115.071,2.51745
3042,51.6998,68.4829,203.972,695.84,153.496,700.923,0,42.8018,8.89798,1.20789
3043,330.711,304.513,365.423,531.495,144.78,616.21,0,190.321,140.39,1.73765
3044,129.999,97.7571,546.196,646.641,613.239,612.82,0,61.0982,68.9005,2.1277
3045,66.4996,61.9511,597.119,144.949,653.561,129.92,0,38.7195,27.7801,1.71747
3046,299.309,281.505,351.28,541.652,144.792,615.85,0,175.941,123.369,1.70119
3047,82.1993,70.5305,398.196,194.778,355.82,174.195,0,44.0816,38.1178,1.86471
3048,54.5997,40.0534,576.478,621.915,613.299,612.448,0,25.0334,29.5664,2.18108
3049,39.5,47.9665,325.912,199.127,349.833,174.684,0,29.979,9.52092,1.31759
3050,144.2,113.532,248.869,639.938,144.755,615.911,0,70.9577,73.2419,2.03219
3051,100.199,91.5492,121.548,453.443,67.7305,405.49,0,57.2182,42.9808,1.75117
3052,233.305,140.107,288.867,306.323,250.864,184.678,0,87.567,145.738,2.6643
3053,44.5999,56.9882,596.678,307.931,630.327,334.088,0,35.6176,8.98225,1.25219
3054,201.303,210.261,351.538,626.84,312.256,818.062,0,131.413,69.8901,1.53184
3055,123.999,102.913,373.173,209.335,355.765,174.159,0,64.3204,59.6783,1.92783
3056,322.11,203.183,250.315,366.969,248.824,185.008,0,126.99,195.121,2.53651
3057,180.702,140.83,269.358,617.457,144.781,615.974,0,88.0189,92.6829,2.05299
3058,354.612,225.6,480.255,464.292,615.526,539.826,0,141,213.613,2.51498
3059,33.1001,43.8212,309.822,190.795,350.394,175.025,0,27.3883,5.7118,1.20855
3060,15.8,16.1837,147.207,677.49,149.664,693.267,0,10.1148,5.68522,1.56207
3061,386.314,263.299,298.422,435.807,67.7018,404.95,0,164.562,221.753,2.34753
3062,79.0994,66.1812,593.822,174.804,648.449,190.801,0,41.3633,37.7361,1.91231
3063,309.91,322.368,322.025,479.905,139.847,611.094,0,201.48,108.429,1.53816
3064,213.204,207.972,518.284,506.418,615.547,539.935,0,129.983,83.2211,1.64025
3065,341.412,225.074,475.64,460.044,615.577,539.712,0,140.672,200.74,2.42701
3066,12.4,16.016,316.74,802.821,312.425,818.126,0,10.01,2.39,1.23876
3067,92.6992,105.694,244.492,742.198,152.836,701.79,0,66.0589,26.6403,1.40328
3068,0,0,603.898,832.841,603.898,832.841,0,0,0,0
3069,25.6001,29.3651,624.305,129.275,653.547,130.039,0,18.3532,7.24685,1.39485
3070,211.004,212.849,421.425,697.886,313.065,818.06,0,133.031,77.973,1.58613
3071,88.6992,112.506,570.005,226.297,647.979,198.03,0,70.316,18.3832,1.26144
3072,393.815,267.941,400.27,378.482,349.912,174.705,0,167.463,226.352,2.35165
3073,358.613,254.05,235.023,476.712,67.8,405.449,0,158.781,199.832,2.25853
3074,74.3994,96.5194,232.65,682.665,149.451,693.326,0,60.3246,14.0748,1.23332
3075,78.3994,99.3578,221.5,752.264,152.72,701.803,0,62.0986,16.3008,1.2625
3076,37.6,47.0612,564.393,806.707,606.643,811.352,0,29.4133,8.18673,1.27833
3077,158.6,144.365,316.984,297.644,250.909,184.699,0,90.2282,68.3723,1.75777
3078,252.806,163.563,529.528,437.455,615.537,539.861,0,102.227,150.579,2.473
3079,291.309,171.19,278.615,340.189,249.797,185.144,0,106.993,184.315,2.72268
3080,193.703,170.347,349.815,315.646,350.028,174.758,0,106.467,87.2359,1.81937
3081,315.21,146.626,488.499,623.021,613.168,612.755,0,91.6412,223.569,3.43961
3082,485.72,272.269,411.944,436.611,606.069,539.994,1,170.168,315.552,2.85436
3083,72.7995,88.7071,223.646,740.11,152.66,701.818,0,55.442,17.3575,1.31308
3084,97.4991,127.918,252.817,697.279,149.629,693.167,0,79.949,17.5501,1.21952
3085,47.3998,61.4504,202.231,630.146,144.773,615.797,0,38.4065,8.99338,1.23416
3086,237.005,163.018,196.491,352.092,67.6668,404.909,0,101.886,135.119,2.32618
3087,233.805,158.823,525.5,546.157,613.253,612.847,0,99.2645,134.541,2.35537
3088,86.4993,69.1496,583.363,692.953,612.172,752.409,0,43.2185,43.2808,2.00144
3089,30.9001,34.5303,154.759,642.93,139.948,620.874,0,21.5815,9.31862,1.43179
3090,36,32.7603,285.003,185.259,253.229,183.271,0,20.4752,15.5249,1.75823
3091,396.415,305.888,343.03,491.208,144.652,616.246,0,191.18,205.235,2.07351
3092,44.0999,45.044,80.3567,437.327,67.8,405.435,0,28.1525,15.9474,1.56647
3093,213.904,179.722,601.071,407.54,615.563,539.751,0,112.326,101.578,1.90431
3094,77.9994,103.017,570.372,235.699,647.859,197.778,0,64.3858,13.6135,1.21144
3095,413.016,186.202,457.522,640.213,613.244,612.768,0,116.376,296.64,3.54897
3096,266.307,175.424,226.259,342.606,249.91,185.123,0,109.64,156.667,2.42892
3097,0,0,313.754,820.961,313.754,820.961,0,0,0,0
3098,318.61,248.505,319.378,542.013,144.656,615.638,0,155.316,163.295,2.05137
3099,302.109,319.039,321.186,486.995,139.75,611.139,0,199.399,102.71,1.5151
3100,7.79999,8.02883,594.337,834.348,602.471,833.276,0,5.01802,2.78198,1.5544
3101,45.8999,51.9242,598.742,703.161,612.314,752.124,0,32.4526,13.4473,1.41437
3102,355.012,276.679,329.91,516.771,144.756,615.961,0,172.924,182.088,2.05299
3103,127.699,104.344,533.33,336.406,630.42,333.838,0,65.215,62.4837,1.95812
3104,14.8,15.3072,596.239,800.595,606.58,811.153,0,9.56703,5.23299,1.54698
3105,221.904,217.409,262.162,504.177,140.042,611.071,0,135.881,86.0236,1.63308
3106,196.003,129.356,281.041,296.861,250.209,184.98,0,80.8472,115.156,2.42436
3107,63.0996,59.5091,162.825,568.612,139.852,611.058,0,37.1932,25.9065,1.69654
3108,46.4999,53.4263,617.621,247.207,635.897,282.335,0,33.3914,13.1084,1.39257
3109,73.6994,84.9821,582.155,291.046,630.278,334.148,0,53.1138,20.5856,1.38758
3110,225.105,139.893,481.217,169.794,355.807,174.281,0,87.4332,137.671,2.57459
3111,454.619,179.803,456.38,594.766,613.186,612.792,0,112.377,342.242,4.04548
3112,323.611,158.077,487.515,629.965,613.225,612.78,0,98.798,224.813,3.27548
3113,359.713,247.973,461.189,465.059,615.536,539.927,0,154.983,204.73,2.32098
3114,56.6997,64.728,120.231,564.903,139.873,611.094,0,40.455,16.2447,1.40155
3115,124.599,99.8673,171.801,534.861,139.869,611.103,0,62.417,62.1816,1.99623
3116,152.8,168.01,515.899,205.629,647.662,191.908,0,105.006,47.7937,1.45515
3117,185.602,190.664,332.44,637.987,312.493,817.986,0,119.165,66.4371,1.55752
3118,192.103,175.261,522.598,418.794,630.308,334.215,0,109.538,82.5644,1.75375
3119,382.514,238.143,367.849,382.59,350.06,174.744,0,148.839,233.675,2.56998
3120,8.9,9.9052,403.296,87.7849,405.952,78.2359,0,6.19075,2.70925,1.43763
3121,279.008,167.426,235.562,341.457,249.82,185.13,0,104.641,174.367,2.66633
3122,34.4,36.9338,581.462,763.658,611.075,755.017,0,23.0836,11.3164,1.49024
3123,326.611,193.18,263.043,355.816,249.002,185.021,0,120.738,205.873,2.70513
3124,389.215,255.185,400.389,366.881,349.685,174.73,0,159.491,229.724,2.44036
3125,485.72,348.677,387.572,447.318,349.324,175.29,1,217.923,267.797,2.22886
3126,38.9,35.6606,267.473,214.924,252.602,183.955,0,22.2878,16.6121,1.74534
3127,29.7001,36.0645,603.962,573.568,616.404,542.329,0,22.5403,7.15977,1.31764
3128,303.309,170.471,474.106,569.07,613.208,612.755,0,106.544,196.765,2.84679
3129,38.5,43.0253,611.722,137.607,653.537,129.955,0,26.8908,11.6092,1.43172
3130,126.699,136.884,345.894,691.407,312.938,817.969,0,85.5525,41.1462,1.48095
3131,125.499,92.4101,332.452,244.771,349.865,174.85,0,57.7563,67.7424,2.1729
3132,191.202,128.493,213.68,306.879,249.13,185.112,0,80.3083,110.894,2.38086
3133,207.103,168.978,519.616,407.317,630.298,334.339,0,105.611,101.492,1.96099
3134,245.506,251.276,401.472,630.083,312.706,818.024,0,157.048,88.4582,1.56326
3135,239.705,131.862,205.677,304.618,249.126,185.092,0,82.4135,157.292,2.90857
3136,107.499,136.068,326.94,697.093,312.069,818.193,0,85.0424,22.4565,1.26406
3137,53.1998,66.9034,208.318,622.944,144.795,615.936,0,41.8146,11.3852,1.27228
3138,246.306,166.248,518.887,545.685,613.198,612.753,0,103.905,142.401,2.37049
3139,291.809,300.878,281.12,479.483,139.911,611.075,0,188.049,103.76,1.55177
3140,382.314,336.582,359.697,473.843,144.761,616.18,0,210.363,171.951,1.8174
3141,89.2992,78.0068,584.62,185.353,647.459,192.146,0,48.7542,40.545,1.83162
3142,199.403,166.861,522.288,443.219,615.474,539.757,0,104.288,95.1148,1.91204
3143,46.1999,61.2789,595.71,228.262,648.282,198.121,0,38.2993,7.90052,1.20628
3144,104.599,131.361,538.811,196.163,647.578,192.197,0,82.1009,22.498,1.27403
3145,241.206,161.175,443.759,269.607,355.827,174.25,0,100.734,140.471,2.39447
3146,261.207,182.242,376.614,304.777,349.84,174.676,0,113.902,147.305,2.29327
3147,361.413,262.624,318.819,529.954,144.809,615.937,0,164.14,197.273,2.20186
3148,40.3,50.498,611.724,256.937,635.953,282.397,0,31.5612,8.73873,1.27688
3149,485.72,303.314,399.925,484.658,602.945,530.969,1,189.571,296.149,2.56221
3150,83.6993,100.153,564.192,478.811,615.489,540.195,0,62.5956,21.1037,1.33714
3151,254.506,203.462,495.404,451.755,615.636,539.694,0,127.164,127.343,2.00141
3152,121.999,107.137,204.777,563.671,144.725,615.883,0,66.9609,55.0378,1.82194
3153,60.2997,72.9017,210.215,675.259,149.356,693.313,0,45.5635,14.7361,1.32342
3154,189.602,142.533,444.111,246.876,355.76,174.314,0,89.0829,100.519,2.12838
3155,164.301,145.556,268.252,657.638,144.765,615.962,0,90.9724,73.3284,1.80605
3156,34.6,41.2399,179.204,672.597,149.379,693.298,0,25.7749,8.8251,1.34239
3157,177.702,165.183,479.123,711.273,612.09,752.616,0,103.239,74.4622,1.72126
3158,267.107,192.32,287.02,342.37,251.466,184.404,0,120.2,146.907,2.22219
3159,107.899,89.968,544.401,597.343,613.266,612.751,0,56.23,51.6689,1.91888
3160,115.299,135.327,349.002,690.941,313.626,818.298,0,84.5791,30.7197,1.36321
3161,127.899,97.512,606.064,708.22,612.373,751.999,0,60.945,66.9536,2.09859
3162,94.0991,108.856,565.757,468.413,615.498,540.175,0,68.0347,26.0644,1.3831
3163,238.205,239.048,276.036,534.885,144.692,615.666,0,149.405,88.8001,1.59436
3164,120.599,127.343,303.334,286.808,250.358,184.941,0,79.5892,41.0095,1.51527
3165,30.0001,34.2597,142.467,654.038,139.941,620.865,0,21.4123,8.58774,1.40107
3166,128.299,164.811,541.511,279.054,648.113,197.971,0,103.007,25.292,1.24554
3167,44.2999,45.5445,608.278,132.995,653.483,129.954,0,28.4653,15.8346,1.55628
3168,291.709,159.437,192.13,318.935,248.74,184.917,0,99.648,192.061,2.92739
3169,467.319,281.069,426.981,427.256,615.512,539.956,0,175.668,291.651,2.66024
3170,127.599,137.447,213.63,534.703,139.928,611.158,0,85.9045,41.6941,1.48535
3171,375.614,330.125,351.757,476.79,144.805,616.018,0,206.328,169.286,1.82047
3172,139.399,109.267,248.634,637.188,144.847,615.805,0,68.2921,71.1072,2.04122
3173,287.908,198.839,474.393,544.152,613.217,612.804,0,124.274,163.634,2.31672
3174,66.8996,72.8564,198.431,638.7,144.835,616.176,0,45.5353,21.3643,1.46918
3175,237.305,249.542,395.579,641.498,312.99,818.096,0,155.964,81.3416,1.52154
3176,401.115,267.994,302.309,425.785,67.7274,405.528,0,167.496,233.619,2.39477
3177,17.9,21.0047,414.344,97.3557,408.514,77.1362,0,13.128,4.77208,1.36351
3178,25.0001,28.1847,134.805,586.139,139.839,611.09,0,17.6154,7.38462,1.41921
3179,46.3999,38.5276,577.304,600.261,613.312,612.444,0,24.0798,22.3201,1.92692
3180,441.218,285.025,378.748,418.001,349.668,174.624,0,178.141,263.077,2.47679
3181,24.1001,27.0458,626.763,131.433,653.521,129.976,0,16.9036,7.19646,1.42574
3182,80.8993,67.3554,133.586,394.917,67.6855,404.835,0,42.0971,38.8022,1.92173
3183,130.199,102.543,566.572,321.411,630.368,333.819,0,64.0896,66.1092,2.03151
3184,353.812,255.572,452.261,415.201,615.47,540.038,0,159.733,194.08,2.21503
3185,4.2,2.8487,645.275,189.909,647.938,191.357,0,1.78044,2.41956,2.35897
3186,103.099,75.2709,266.538,257.005,249.871,185.12,0,47.0443,56.0547,2.19153
3187,475.42,202.084,437.697,636.606,613.25,612.757,0,126.302,349.118,3.76415
3188,55.4997,64.4622,411.263,141.743,405.853,78.2241,0,40.2889,15.2108,1.37754
3189,394.215,254.246,471.549,504.794,613.258,612.836,0,158.904,235.311,2.48084
3190,344.712,207.499,512.057,514.682,613.19,612.77,0,129.687,215.025,2.65803
3191,391.615,289.939,335.317,505.716,144.826,615.868,0,181.212,210.403,2.16109
3192,19,20.3087,332.619,184.066,350.047,174.802,0,12.693,6.30708,1.4969
3193,133.199,141.959,567.465,415.019,615.508,539.903,0,88.7246,44.4743,1.50126
3194,328.311,220.744,564.631,182.155,653.518,130.039,0,137.965,190.346,2.37966
3195,179.702,118.019,217.995,298.517,249.239,185.12,0,73.762,105.94,2.43624
3196,40.6,42.06,81.9209,434.331,67.7164,405.474,0,26.2875,14.3125,1.54446
3197,155.3,127.252,278.607,730.364,311.03,818.664,0,79.5322,75.768,1.95267
3198,263.207,318.91,395.655,556.119,313.032,818.056,0,199.319,63.8881,1.32053
3199,325.911,246.47,287.831,402.929,251.116,184.608,0,154.044,171.867,2.1157
3200,272.807,153.156,279.736,324.991,250.602,184.837,0,95.7225,177.085,2.84998
3201,346.612,276.192,417.994,380.102,630.337,334.099,0,172.62,173.992,2.00795
3202,485.72,286.32,425.758,425.581,605.384,536.431,1,178.95,306.77,2.71428
3203,231.205,192.324,491.664,403.246,630.355,333.752,0,120.202,111.003,1.92346
3204,129.899,148.17,316.845,692.783,312.392,818.061,0,92.6063,37.2924,1.4027
3205,34.6,45.8277,616.927,255.878,635.839,282.323,0,28.6423,5.95775,1.20801
3206,485.72,261.531,418.675,568.283,581.513,617.9,1,163.457,322.263,2.97155
3207,46.7999,47.4714,606.375,127.348,653.572,129.951,0,29.6696,17.1302,1.57737
3208,151.5,105.949,358.093,225.286,350.033,174.816,0,66.2182,85.2819,2.28789
3209,83.4993,82.7086,554.943,719.401,611.977,752.77,0,51.6929,31.8064,1.6153
3210,485.72,259.266,446.491,489.924,602.52,535.267,1,162.041,323.679,2.99751
3211,20,23.5248,315.406,794.952,312.756,818.031,0,14.703,5.29703,1.36027
3212,99.899,136.038,257.221,663.852,149.552,693.168,0,85.0235,14.8756,1.17496
3213,287.108,143.267,492.222,617.118,613.219,612.745,0,89.5418,197.567,3.20642
3214,351.812,230.9,249.455,443.129,67.8162,405.415,0,144.312,207.5,2.43785
3215,225.005,120.779,509.424,643.693,613.18,612.772,0,75.4869,149.518,2.98071
3216,42.3999,52.2432,573.965,788.233,606.471,811.712,0,32.652,9.7479,1.29854
3217,91.4992,107.507,561.927,199.549,648.231,190.993,0,67.192,24.3072,1.36176
3218,144.2,127.946,526.888,118.185,653.484,130.047,0,79.9661,64.2335,1.80326
3219,485.72,240.537,395.973,617.709,583.544,617.611,1,150.335,335.385,3.23091
3220,136.999,145.038,367.75,259.269,349.902,174.684,0,90.6486,46.3506,1.51132
3221,126.999,105.551,375.007,212.415,355.762,174.276,0,65.9694,61.0292,1.92511
3222,330.511,233.819,268.086,430.803,67.6633,404.847,0,146.137,184.374,2.26166
3223,221.404,144.055,160.012,473.158,139.645,611.153,0,90.0342,131.37,2.45911
3224,78.2994,82.9754,295.974,227.758,250.254,184.89,0,51.8596,26.4398,1.50983
3225,191.602,126.253,463.504,155.657,356.176,173.384,0,78.9081,112.694,2.42817
3226,485.72,288.414,437.288,555.49,589.61,615.894,1,180.258,305.462,2.69458
3227,430.517,250.299,450.373,459.78,615.549,539.763,0,156.437,274.08,2.75202
3228,65.5996,52.0424,598.286,645.881,613.305,613.186,0,32.5265,33.0731,2.0168
3229,112.699,100.349,208.536,568.046,144.72,615.647,0,62.7183,49.9806,1.79691
3230,0,0,151.833,695.341,151.833,695.341,0,0,0,0
3231,430.317,266.994,466.884,490.684,613.262,612.845,0,166.871,263.446,2.57874
3232,128.499,109.33,406.403,232.01,355.758,174.281,0,68.3312,60.1675,1.88053
3233,245.106,159.994,211.464,364.486,67.7285,404.915,0,99.9963,145.109,2.45115
3234,233.005,166.538,374.858,290.538,349.856,174.845,0,104.087,128.918,2.23857
3235,127.699,119.229,536.713,127.463,653.48,130.046,0,74.5182,53.1804,1.71366
3236,335.411,224.596,381.517,358.648,350.115,174.767,0,140.372,195.039,2.38944
3237,43.5999,43.7398,611.428,137.708,653.521,129.954,0,27.3374,16.2625,1.59488
3238,446.618,246.732,465.375,467.594,615.464,539.891,0,154.208,292.41,2.89621
3239,228.605,200.585,505.892,426.295,630.435,334.415,0,125.366,103.239,1.8235
3240,407.316,306.713,417.399,421.387,630.344,334.108,0,191.696,215.62,2.1248
3241,234.805,133.491,284.042,297.839,250.316,184.88,0,83.4317,151.373,2.81434
3242,159.901,111.722,546.329,660.366,613.205,612.849,0,69.8263,90.0742,2.28998
3243,134.299,101.91,279.166,281.192,250,185.037,0,63.6939,70.6051,2.10851
3244,232.505,167.414,179.964,464.256,139.747,611.081,0,104.634,127.871,2.22208
3245,27.7001,35.5927,173.572,673.246,149.863,693.167,0,22.2454,5.45466,1.2452
3246,18.9,22.9781,161.171,675.025,149.723,693.209,0,14.3613,4.53875,1.31604
3247,91.0992,121.405,251.705,704.219,153.741,700.453,0,75.8781,15.2211,1.2006
3248,200.003,123.64,493.966,602.384,613.27,612.837,0,77.2753,122.728,2.58819
3249,21.9,20.7699,597.875,737.501,612.333,752.393,0,12.9812,8.91883,1.68706
3250,98.9991,90.2874,162.729,537.196,139.884,611.146,0,56.4296,42.5694,1.75438
3251,349.812,226.133,351.447,360.752,349.736,174.676,0,141.333,208.479,2.47509
3252,253.406,260.651,385.698,605.731,312.786,817.991,0,162.907,90.4991,1.55553
3253,7.2,7.79832,150.018,685.532,149.717,693.283,0,4.87395,2.32604,1.47724
3254,131.899,143.167,345.867,684.625,312.975,818.064,0,89.4794,42.4194,1.47407
3255,172.101,117.102,523.418,339.677,630.344,334.052,0,73.1886,98.9127,2.35148
3256,28.9001,36.6501,320.163,192.994,350.316,174.915,0,22.9063,5.99377,1.26166
3257,195.603,108.42,204.955,259.188,248.598,184.947,0,67.7626,127.84,2.88659
3258,217.904,216.537,350.661,619.883,312.577,817.959,0,135.336,82.5686,1.6101
3259,258.007,148.628,191.069,302.816,249.153,185.097,0,92.8922,165.114,2.77748
3260,111.799,144.781,557.23,285.542,648.102,197.999,0,90.4883,21.3106,1.23551
3261,462.019,238.902,479.402,504.991,613.249,612.779,0,149.314,312.705,3.09428
3262,485.72,239.661,482.886,484.045,607.517,541.153,1,149.788,335.932,3.24271
3263,403.615,253.325,365.791,398.443,349.668,174.719,0,158.328,245.287,2.54923
3264,79.8994,107.943,249.983,721.044,152.7,701.803,0,67.4643,12.4351,1.18432
3265,280.808,154.566,186.227,309.493,248.67,184.912,0,96.6037,184.204,2.9068
3266,211.304,147.291,162.499,466.261,139.937,611.126,0,92.0571,119.247,2.29535
3267,71.2995,63.8703,393.519,186.165,355.803,174.256,0,39.919,31.3805,1.78611
3268,331.511,175.236,268.064,344.281,249.114,185.114,0,109.523,221.988,3.02687
3269,225.505,160.744,211.754,365.875,67.6579,404.922,0,100.465,125.039,2.2446
3270,319.01,191.405,257.113,355.629,250.074,185.029,0,119.628,199.382,2.66668
3271,301.509,186.86,251.858,398.77,67.7478,404.865,0,116.787,184.722,2.58169
3272,246.206,168.541,214.55,354.028,67.8386,404.964,0,105.338,140.868,2.33729
3273,35.6,40.9988,615.211,195.518,648.027,198.026,0,25.6242,9.9758,1.38931
3274,264.607,162.576,277.549,597.133,144.808,616.191,0,101.61,162.997,2.60415
3275,94.5991,70.0144,195.804,213.171,248.256,184.813,0,43.759,50.8402,2.16182
3276,47.0999,52.4731,408.15,130.011,405.87,78.1745,0,32.7957,14.3042,1.43616
3277,156.1,164.815,519.358,209.179,647.783,191.751,0,103.009,53.091,1.5154
3278,402.915,317.293,330.541,475.465,144.772,615.751,0,198.308,204.607,2.03176
3279,485.72,259.904,469.366,478.255,608.913,541.284,1,162.44,323.28,2.99015
3280,48.4998,49.7831,609.479,144.156,653.524,130.066,0,31.1144,17.3854,1.55876
3281,294.309,163.254,280.738,330.629,249.933,185.107,0,102.034,192.275,2.88442
3282,35.9,44.388,319.916,200.422,350.389,174.894,0,27.7425,8.15754,1.29404
3283,294.509,319.304,319.744,480.994,140.147,611.136,0,199.565,94.9438,1.47575
3284,24.6001,27.4886,603.179,727.171,612.255,752.381,0,17.1804,7.41968,1.43187
3285,248.206,176.535,205.372,475.511,139.906,611.056,0,110.334,137.872,2.24958
3286,90.1992,75.8328,143.794,398.977,67.8307,405.3,0,47.3955,42.8037,1.90312
3287,485.72,317.012,399.556,505.819,602.703,531.468,1,198.133,287.588,2.45149
3288,79.5994,96.428,592.543,461.481,615.631,539.634,0,60.2675,19.3318,1.32077
3289,227.105,118.544,197.327,264.66,248.626,184.913,0,74.0899,153.015,3.06526
3290,78.8994,79.846,191.672,638.135,144.847,615.925,0,49.9037,28.9956,1.58103
3291,213.904,127.526,214.72,306.336,249.114,185.128,0,79.7035,134.2,2.68374
3292,172.001,167.567,500.067,149.799,653.462,130.059,0,104.73,67.2717,1.64234
3293,374.114,299.558,334.514,506.457,144.761,616.014,0,187.224,186.89,1.99821
3294,46.7999,35.0005,281.723,200.739,252.586,184.027,0,21.8753,24.9245,2.13939
3295,140.299,116.353,256.852,750.794,310.593,818.786,0,72.7206,67.5787,1.92929
3296,138.999,121.078,250.508,743.613,152.792,701.794,0,75.6737,63.3256,1.83683
3297,384.614,260.7,291.479,425.355,67.6881,405.474,0,162.938,221.677,2.3605
3298,2.1,1.30718,602.345,830.08,603.596,830.459,0,0.816984,1.28302,2.57043
3299,395.615,259.85,384.065,392.873,349.669,174.578,0,162.406,233.209,2.43596
3300,485.72,241.714,421.716,507.361,586.825,480.145,1,151.071,334.649,3.21518
3301,195.303,202.358,370.862,646.651,312.375,818.063,0,126.474,68.829,1.54422
3302,184.002,190.896,328.91,639.062,312.328,818.057,0,119.31,64.6923,1.54222
3303,181.202,148.576,518.068,382.518,630.299,333.867,0,92.8603,88.3416,1.95134
3304,183.902,150.948,179.705,480.093,139.958,611.136,0,94.3427,89.5593,1.9493
3305,336.211,257.479,332.127,550.403,144.717,615.662,0,160.924,175.287,2.08925
3306,36.2,36.1458,582.769,766.533,611.108,755.379,0,22.5911,13.6089,1.6024
3307,64.8996,73.4265,351.536,195.039,349.739,174.636,0,45.8915,19.008,1.4142
3308,485.72,282.688,408.273,564.038,591.486,613.326,1,176.68,309.04,2.74915
3309,134.199,121.86,237.714,655.767,144.76,616.027,0,76.1624,58.0366,1.76201
3310,17.9,16.9618,84.8359,404.741,67.791,405.204,0,10.6011,7.29889,1.6885
3311,93.6991,84.1611,569.871,130.301,653.546,129.898,0,52.6007,41.0984,1.78133
3312,57.7997,65.2862,570.545,344.461,630.365,334.14,0,40.8039,16.9958,1.41652
3313,203.503,136.259,328.214,274.554,349.774,174.639,0,85.1621,118.341,2.3896
3314,312.01,326.796,324.108,483.496,140.187,611.215,0,204.247,107.763,1.52761
3315,170.801,120.908,353.193,257.834,349.736,174.66,0,75.5677,95.2335,2.26024
3316,86.8992,80.6831,320.429,746.854,311.287,818.524,0,50.4269,36.4723,1.72327
3317,90.9992,89.8624,312.848,741.898,311.259,818.538,0,56.164,34.8352,1.62024
3318,49.2998,60.2059,326.945,215.899,349.736,174.732,0,37.6287,11.6711,1.31017
3319,378.214,235.211,458.996,376.62,630.311,334.07,0,147.007,231.207,2.57277
3320,132.399,99.8493,271.705,281.124,249.507,185.241,0,62.4058,69.9931,2.12158
3321,246.206,194.141,497.436,443.559,615.459,539.912,0,121.338,124.868,2.02909
3322,485.72,220.639,418.99,498.41,578.113,451.584,1,137.899,347.821,3.52228
3323,270.907,134.154,524.069,671.736,613.205,612.752,0,83.8464,187.061,3.231
3324,147.6,115.283,292.504,283.258,249.541,185.199,0,72.0517,75.5481,2.04853
3325,485.72,261.552,432.075,468.094,605.561,534.892,1,163.47,322.251,2.97132
3326,240.705,115.486,200.837,263.257,248.654,184.93,0,72.1786,168.527,3.33486
3327,80.7993,67.7864,397.044,192.652,355.776,174.192,0,42.3665,38.4329,1.90715
3328,104.499,86.9543,432.045,147.952,356.139,173.428,0,54.3464,50.1525,1.92283
3329,26.7001,33.6749,608.221,314.376,630.283,334.043,0,21.0468,5.65325,1.2686
3330,77.8994,94.1147,589.732,461.468,615.653,539.593,0,58.8217,19.0777,1.32433
3331,316.71,246.809,322.241,549.388,144.743,616.028,0,154.256,162.455,2.05315
3332,182.702,138.319,265.813,614.716,144.767,616.101,0,86.4495,96.2524,2.11339
3333,146,145.786,151.549,476.299,67.6997,405.477,0,91.1161,54.8836,1.60235
3334,204.203,209.537,515.6,505.272,615.568,539.928,0,130.961,73.2426,1.55927
3335,197.303,201.727,414.116,676.923,312.749,818.006,0,126.079,71.2236,1.56491
3336,60.7996,56.8254,614.648,158.839,648.258,190.95,0,35.5159,25.2838,1.7119
3337,184.702,126.321,422.578,251.561,356.083,173.624,0,78.9503,105.752,2.33947
3338,11.4,13.9821,143.569,597.88,139.592,611.196,0,8.73879,2.66122,1.30453
3339,376.414,233.29,398.982,339.256,349.8,174.695,0,145.807,230.607,2.5816
3340,77.5994,97.3958,522.297,781.571,611.1,755.255,0,60.8724,16.727,1.27479
3341,121.799,148.247,314.684,697.896,312.124,818.187,0,92.6544,29.1443,1.31455
3342,39.2,25.9074,275.96,195.497,253.141,183.584,0,16.1921,23.0079,2.42093
3343,55.7997,60.0488,594.351,696.05,612.284,752.349,0,37.5305,18.2692,1.48678
3344,376.814,231.585,463.467,347.551,355.989,173.646,0,144.741,232.073,2.60337
3345,287.008,183.298,515.282,453.218,615.687,539.544,0,114.561,172.447,2.50528
3346,56.3997,36.6802,285.074,200.597,252.93,183.807,0,22.9251,33.4746,2.46017
3347,93.7991,84.1799,553.729,332.376,630.337,334.206,0,52.6124,41.1867,1.78283
3348,174.801,144.825,173.39,481.084,139.93,611.161,0,90.5157,84.2858,1.93117
3349,282.708,193.892,469.89,307.728,630.273,334.092,0,121.182,161.526,2.33292
3350,403.015,242.022,474.278,466.811,615.528,539.869,0,151.263,251.752,2.66433
3351,50.4998,37.8286,579.248,597.932,613.267,612.411,0,23.6429,26.8569,2.13594
3352,27.5001,35.5302,576.01,754.673,611.1,755.271,0,22.2063,5.29372,1.23839
3353,159.401,130.184,172.391,496.434,139.917,611.078,0,81.3647,78.0358,1.95909
3354,419.316,284.423,415.444,437.088,615.576,539.806,0,177.764,241.552,2.35883
3355,270.207,218.83,368.622,362.724,349.855,174.69,0,136.769,133.439,1.97565
3356,51.4998,58.3066,570.023,728.823,612.093,752.72,0,36.4416,15.0582,1.41321
3357,67.7995,52.4743,212.57,212.899,248.546,184.788,0,32.7965,35.0031,2.06728
3358,313.21,186.499,235.347,373.527,67.6737,405.471,0,116.562,196.648,2.68706
3359,57.3997,60.1997,307.433,766.06,311.784,818.321,0,37.6248,19.7749,1.52558
3360,0,0,612.575,816.89,612.575,816.89,0,0,0,0
3361,172.701,140.906,518.161,129.993,653.515,129.954,0,88.0663,84.635,1.96104
3362,89.8992,76.9075,398.953,200.816,355.769,174.225,0,48.0672,41.832,1.87028
3363,10.3,11.758,601.623,611.914,613.216,612.825,0,7.34877,2.95123,1.40159
3364,236.705,222.728,274.104,554.565,144.744,615.72,0,139.205,97.5004,1.70041
3365,315.61,189.35,285.37,352.57,250.835,184.73,0,118.344,197.267,2.6669
3366,201.503,111.977,201.728,259.461,248.836,185.015,0,69.9856,131.517,2.87921
3367,340.112,257.89,291.985,407.809,248.807,185.009,0,161.182,178.93,2.11012
3368,86.1993,77.5642,575.855,129.697,653.551,129.968,0,48.4776,37.7216,1.77812
3369,192.303,208.51,315.547,639.661,312.389,818.118,0,130.319,61.9837,1.47563
3370,23.4001,21.298,601.18,600.419,613.202,612.807,0,13.3112,10.0888,1.75792
3371,153.5,166.986,360.24,667.815,313.43,818.161,0,104.366,49.134,1.47079
3372,241.706,156.403,373.181,279.816,349.777,174.666,0,97.7517,143.954,2.47265
3373,92.9992,79.2785,424.944,146.748,356.074,173.573,0,49.5491,43.4501,1.87691
3374,485.72,283.344,420.587,472.356,604.925,532.703,1,177.09,308.631,2.74279
3375,11,11.2181,365.53,179.246,355.845,174.204,0,7.0113,3.9887,1.5689
3376,157.7,199.886,524.801,248.839,647.922,197.673,0,124.929,32.7718,1.26232
3377,83.6993,77.4215,537.627,614.262,613.255,612.795,0,48.3885,35.3108,1.72974
3378,343.012,258.615,292.768,408.942,248.935,184.978,0,161.635,181.377,2.12214
3379,89.1992,112.932,338.853,708.338,312.739,817.965,0,70.5826,18.6167,1.26376
3380,158,125.607,191.492,263.191,248.561,184.794,0,78.5045,79.4959,2.01263
3381,164.701,180.929,503.045,204.907,648.462,190.86,0,113.081,51.6203,1.45649
3382,241.306,172.437,304.847,649.419,144.789,616.208,0,107.773,133.532,2.23901
3383,275.008,296.533,306.822,497.299,140.211,611.183,0,185.333,89.6746,1.48386
3384,0,0,250.795,178.635,250.795,178.635,0,0,0,0
3385,485.72,274.65,385.662,481.625,589.659,487.871,1,171.656,314.064,2.82961
3386,210.004,163.739,181.965,467.809,139.909,611.137,0,102.337,107.667,2.05208
3387,114.599,95.3093,520.881,608.117,613.285,612.801,0,59.5683,55.0305,1.92382
3388,136.999,99.7636,267.02,282.524,249.825,185.108,0,62.3522,74.6469,2.19718
3389,108.499,112.249,362.69,228.635,349.896,174.783,0,70.1557,38.3432,1.54654
3390,485.72,302.718,401.222,465.877,603.375,529.095,1,189.199,296.522,2.56725
3391,132.999,76.8846,600.162,679.859,612.256,752.152,0,48.0528,84.9461,2.76776
3392,31.0001,38.7515,161.956,590.806,144.534,616.415,0,24.2197,6.78041,1.27995
3393,259.507,245.211,259.589,518.218,140.22,611.179,0,153.257,106.25,1.69328
3394,118.499,100.7,403.696,224.662,355.774,174.306,0,62.9377,55.5611,1.8828
3395,55.3997,57.5962,409.737,183.795,356.019,173.648,0,35.9976,19.4021,1.53898
3396,44.1999,28.6452,274.764,200.002,252.624,183.923,0,17.9033,26.2966,2.46882
3397,420.416,185.714,451.235,618.523,613.23,612.779,0,116.071,304.345,3.62206
3398,483.22,331.918,365.314,467.486,349.715,174.601,0,207.449,275.772,2.32935
3399,2.1,1.25298,151.347,703.69,151.007,702.484,0,0.783115,1.31689,2.6816
3400,116.099,95.6727,172.568,208.247,248.471,184.797,0,59.7954,56.3034,1.9416
3401,91.1992,66.7982,587.276,662.645,613.208,612.754,0,41.7489,49.4503,2.18447
3402,204.103,136.494,247.845,314.164,249.841,185.106,0,85.3087,118.795,2.39252
3403,171.501,145.565,518.175,378.823,630.274,334.274,0,90.9781,80.5231,1.88508
3404,247.506,175.27,227.769,402.847,67.6673,404.949,0,109.544,137.962,2.25942
3405,132.099,100.589,149.071,514.196,139.942,611.069,0,62.8683,69.2306,2.1012
3406,336.611,228.916,301.246,379.879,248.7,184.943,0,143.073,193.539,2.35273
3407,32.5001,39.0763,582.232,735.018,612.416,751.935,0,24.4227,8.07739,1.33073
3408,282.308,165.749,227.137,334.625,249.954,185.046,0,103.593,178.715,2.72517
3409,385.514,168.28,457.191,594.065,613.176,612.816,0,105.175,280.339,3.66545
3410,42.9999,28.5127,95.3526,410.184,67.8401,405.181,0,17.8204,25.1795,2.41296
3411,160.201,117.411,126.136,513.671,139.89,611.108,0,73.3817,86.8188,2.18311
3412,473.72,243.31,467.902,695.894,613.259,612.822,0,152.069,321.651,3.11517
3413,108.599,92.6778,311.56,738.47,311.171,818.613,0,57.9236,50.6753,1.87486
3414,77.2994,79.9492,175.384,561.631,139.914,611.117,0,49.9682,27.3311,1.54697
3415,183.902,155.077,614.273,427.253,615.566,539.725,0,96.9232,86.9788,1.8974
3416,73.5994,61.0214,559.453,740.344,612.253,752.368,0,38.1384,35.4611,1.9298
3417,307.91,321.77,319.061,478.48,139.826,611.139,0,201.106,106.803,1.53108
3418,238.905,149.82,183.673,437.867,67.6552,405.494,0,93.6378,145.268,2.55138
3419,36.2,40.9125,570.065,806.012,607.339,809.486,0,25.5703,10.6297,1.4157
3420,66.7996,49.8398,116.16,401.795,67.6867,404.803,0,31.1499,35.6497,2.14446
3421,114.099,144.311,265.376,665.27,149.452,693.325,0,90.1942,23.9046,1.26503
3422,311.61,213.215,385.43,334.065,349.864,174.72,0,133.259,178.35,2.33837
3423,273.107,195.407,379.118,313.736,349.707,174.644,0,122.129,150.978,2.23622
3424,293.309,171.292,232.808,344.362,250.659,184.788,0,107.058,186.251,2.73972
3425,4.9,4.32366,649.437,130.698,653.603,129.737,0,2.70229,2.19771,1.81328
3426,241.706,118.117,224.818,301.051,249.145,185.109,0,73.823,167.883,3.27412
3427,0,0,609.08,814.47,609.08,814.47,0,0,0,0
3428,161.601,174.609,513.143,202.064,648.326,190.889,0,109.131,52.4698,1.4808
3429,158,121.03,162.508,494.555,139.762,611.137,0,75.6438,82.3567,2.08874
3430,33.5001,38.0889,611.532,188.06,647.791,191.459,0,23.8056,9.69451,1.40724
3431,138.399,121.654,253.814,644.289,144.751,615.763,0,76.0335,62.3658,1.82024
3432,466.619,263.05,430.398,439.475,615.655,539.654,0,164.407,302.213,2.8382
3433,28.8001,30.2015,152.706,590.123,139.929,611.137,0,18.8759,9.92413,1.52576
3434,3.8,3.20663,253.777,186.843,252.641,183.846,0,2.00414,1.79585,1.89607
3435,13.7,14.6488,595.477,802.297,606.89,810.44,0,9.15551,4.5445,1.49637
3436,280.708,203.452,405.039,313.695,355.777,174.23,0,127.157,153.551,2.20756
3437,213.104,133.543,193.091,410.474,67.7386,405.524,0,83.4645,129.639,2.55323
3438,37.5,48.6271,606.605,221.867,648.398,198.103,0,30.392,7.10804,1.23388
3439,159.101,122.172,522.97,717.273,612.084,752.671,0,76.3576,82.7429,2.08362
3440,310.01,189.264,252.036,396.118,67.6859,404.926,0,118.29,191.72,2.62076
3441,173.701,110.345,542.449,576.191,613.21,612.805,0,68.9658,104.736,2.51866
3442,163.301,167.674,368.178,681.53,313.373,818.167,0,104.796,58.5046,1.55827
3443,152.2,115.497,160.603,374.746,67.6504,404.859,0,72.1854,80.0147,2.10846
3444,211.904,192.187,527.813,425.556,630.327,334.334,0,120.117,91.7871,1.76415
3445,291.009,243.311,416.009,345.072,355.988,173.647,0,152.069,138.939,1.91366
3446,251.506,219.365,492.16,430.208,630.398,333.726,0,137.103,114.403,1.83443
3447,9,9.37347,76.8638,403.592,67.7922,405.22,0,5.85842,3.14158,1.53625
3448,257.006,140.539,284.086,311.96,250.445,184.883,0,87.8366,169.17,2.92596
3449,83.7993,66.4833,198.139,213.653,248.254,184.708,0,41.5521,42.2472,2.01673
3450,153.2,124.755,277.572,728.332,310.437,818.907,0,77.9719,75.2282,1.96481
3451,231.805,161.638,180.765,473.343,140.04,611.123,0,101.024,130.781,2.29455
3452,338.411,255.744,331.711,552.175,144.778,616.217,0,159.84,178.572,2.11719
3453,408.416,301.423,326.535,489.148,144.824,615.829,0,188.389,220.027,2.16794
3454,321.91,205.625,469.282,289.218,355.964,173.654,0,128.516,193.395,2.50483
3455,308.31,159.735,278.109,331.625,249.907,185.107,0,99.8344,208.475,3.08821
3456,56.9997,40.0245,589.164,634.602,613.327,613.198,0,25.0153,31.9844,2.27859
3457,207.703,214.052,351.395,623.104,312.401,818.073,0,133.782,73.9212,1.55255
3458,147.6,130.381,546.62,387.789,630.318,334.069,0,81.4879,66.1119,1.81131
3459,85.4993,82.8909,333.441,237.043,349.725,174.663,0,51.8068,33.6924,1.65035
3460,117.499,144.923,272.223,691.562,149.441,693.256,0,90.5767,26.922,1.29723
3461,70.6995,86.197,538.53,750.277,611.128,755.243,0,53.8731,16.8264,1.31233
3462,481.32,179.877,451.927,611.379,613.242,612.835,0,112.423,368.897,4.28133
3463,101.399,76.1483,576.851,694.457,612.164,752.411,0,47.5927,53.8064,2.13056
3464,74.4994,71.603,269.674,251.566,250.282,184.939,0,44.7519,29.7476,1.66472
3465,174.801,118.273,247.222,610.554,144.67,615.7,0,73.9208,100.881,2.36471
3466,212.104,216.322,421.369,700.281,312.868,817.983,0,135.201,76.9023,1.5688
3467,284.508,165.06,192.667,330.357,249.175,185.144,0,103.162,181.346,2.75787
3468,376.514,239.753,446.385,390.157,630.322,334.108,0,149.846,226.668,2.51268
3469,53.4998,61.4144,557.684,773.754,611.137,755.422,0,38.384,15.1157,1.3938
3470,375.414,192.696,523.864,520.506,613.283,612.75,0,120.435,254.979,3.11714
3471,84.2993,95.2555,520.533,764.878,611.178,755.455,0,59.5347,24.7646,1.41597
3472,56.3997,66.6551,418.944,142.33,405.95,78.1736,0,41.6594,14.7403,1.35383
3473,54.7997,64.8344,417.172,140.754,405.945,78.1378,0,40.5215,14.2782,1.35236
3474,76.2994,74.828,314.372,222.387,349.664,174.737,0,46.7675,29.5319,1.63146
3475,123.299,105.008,560.211,376.467,630.316,334.063,0,65.6297,57.669,1.8787
3476,485.72,232.247,466.149,463.557,604.319,538.654,1,145.154,340.566,3.34624
3477,141.199,112.442,247.42,641.311,144.844,616.076,0,70.2763,70.9231,2.0092
3478,40.1,44.3231,188.522,622.894,144.82,615.782,0,27.7019,12.398,1.44755
3479,84.4993,75.5266,268.227,778.687,310.614,818.776,0,47.2041,37.2951,1.79008
3480,174.901,121.694,184.449,264.022,248.779,185.006,0,76.059,98.8425,2.29955
3481,66.8996,82.2239,322.016,741.925,312.514,817.997,0,51.3899,15.5096,1.3018
3482,128.599,104.904,557.147,310.052,630.255,333.862,0,65.5653,63.0334,1.96138
3483,286.108,305.163,277.608,474.796,140.009,611.126,0,190.727,95.3814,1.50009
3484,398.615,207.266,477.336,535.599,613.242,612.756,0,129.541,269.074,3.07713
3485,69.4995,65.0426,162.593,562.757,139.891,611.086,0,40.6516,28.8479,1.70964
3486,264.207,156.588,185.443,308.081,248.62,184.906,0,97.8675,166.339,2.69964
3487,424.917,282.984,379.772,416.549,349.957,174.82,0,176.865,248.052,2.40249
3488,221.604,134.176,484.849,178.936,355.81,174.271,0,83.8601,137.744,2.64255
3489,256.606,282.476,284.466,492.512,140.149,611.147,0,176.548,80.0589,1.45347
3490,376.214,226.324,459.985,339.139,355.807,174.241,0,141.452,234.761,2.65965
3491,318.71,197.08,470.746,543.711,613.199,612.811,0,123.175,195.535,2.58746
3492,364.513,252.695,400.198,362.951,350.137,174.777,0,157.935,206.578,2.308
3493,302.209,185.788,172.624,313.989,248.441,184.798,0,116.118,186.092,2.60261
3494,58.7997,78.6193,327.458,742.26,312.561,818.015,0,49.1371,9.66262,1.19665
3495,155.8,152.057,142.005,459.801,67.8446,405.396,0,95.0358,60.7645,1.63939
3496,76.4994,55.9114,112.434,420.962,67.7048,404.836,0,34.9446,41.5548,2.18916
3497,468.119,314.02,356.145,459.446,349.903,174.806,0,196.263,271.857,2.38517
3498,67.8995,83.3742,531.121,766.854,611.099,755.333,0,52.1088,15.7907,1.30303
3499,59.3997,80.0197,334.951,741.568,312.668,818.052,0,50.0123,9.38736,1.1877
3500,288.808,225.611,475.873,420.451,630.342,334.086,0,141.007,147.802,2.04819
3501,24.1001,27.8776,163.399,629.819,144.762,615.759,0,17.4235,6.67655,1.38319
3502,82.7993,85.9178,529.696,612.756,613.179,612.8,0,53.6986,29.1007,1.54193
3503,207.703,165.203,491.136,315.762,630.319,334.005,0,103.252,104.451,2.01162
3504,42.7999,46.3908,128.202,576.567,139.86,611.101,0,28.9942,13.8057,1.47615
3505,281.808,219.536,326.687,585.865,144.783,615.997,0,137.21,144.598,2.05384
3506,70.6995,75.0386,315.065,221.948,349.947,174.814,0,46.8991,23.8004,1.50748
3507,37.6,46.7342,420.737,119.878,405.857,78.2102,0,29.2089,8.3911,1.28728
3508,50.5998,51.3593,603.213,136.364,653.481,129.956,0,32.0996,18.5002,1.57634
3509,316.21,159.327,280.414,330.747,250.113,185.049,0,99.5794,216.631,3.17546
3510,402.815,266.445,386.211,392.022,349.476,174.625,0,166.528,236.287,2.41891
3511,299.609,162.431,192.26,328.206,249.112,185.127,0,101.519,198.09,2.95125
3512,250.606,151.922,216.994,407.635,67.661,405.453,0,94.9512,155.655,2.63931
3513,0,0,659.527,132.943,659.527,132.943,0,0,0,0
3514,341.112,225.937,464.121,336.966,355.828,174.261,0,141.211,199.901,2.41562
3515,94.5991,116.615,592.179,270.24,648.023,197.988,0,72.8843,21.7148,1.29794
3516,102.399,124.005,573.939,274.647,647.93,197.7,0,77.5032,24.8958,1.32122
3517,373.914,255.137,238.735,471.626,67.7056,405.475,0,159.461,214.453,2.34486
3518,337.111,226.028,345.743,358.424,350.009,174.747,0,141.267,195.844,2.38633
3519,146,185.466,518.089,293.541,647.972,197.823,0,115.916,30.0836,1.25953
3520,120.999,87.0918,606.203,698.356,612.364,751.993,0,54.4324,66.5664,2.22292
3521,313.61,194.775,473.792,545.419,613.21,612.776,0,121.734,191.876,2.57619
3522,53.5998,66.0882,193.635,661.348,149.471,693.228,0,41.3051,12.2947,1.29765
3523,134.299,102.59,359.153,218.033,349.875,174.721,0,64.1186,70.1804,2.09454
3524,80.0993,99.2955,329.153,724.64,312.283,818.101,0,62.0597,18.0397,1.29068
3525,32.9001,32.0889,141.887,579.353,139.949,611.157,0,20.0556,12.8445,1.64045
3526,51.1998,58.9621,572.8,341.116,630.377,334.137,0,36.8513,14.3485,1.38936
3527,409.616,215.397,480.058,524.173,613.166,612.755,0,134.623,274.993,3.04268
3528,9.6,9.75419,253.756,193.94,251.177,184.533,0,6.09637,3.50363,1.57471
3529,246.406,178.836,308.391,653.213,144.789,615.975,0,111.773,134.633,2.20453
3530,28.2001,29.317,588.662,600.296,613.3,612.439,0,18.3231,9.87696,1.53904
3531,137.299,95.5279,220.676,273.515,249.1,185.083,0,59.7049,77.5942,2.29963
3532,12.6,15.5612,159.311,621.526,144.487,616.823,0,9.72577,2.87424,1.29553
3533,25.4001,18.0086,268.025,193.466,252.683,183.909,0,11.2554,14.1447,2.2567
3534,80.0993,113.153,249.709,712.422,153.561,700.581,0,70.7207,9.37861,1.13261
3535,83.8993,76.0931,586.421,182.77,648.365,190.842,0,47.5582,36.3411,1.76414
3536,30.5001,31.6579,622.089,128.28,653.514,129.993,0,19.7862,10.7139,1.54148
3537,192.903,165.02,489.912,116.898,653.51,130.114,0,103.137,89.7651,1.87034
3538,292.109,235.166,504.328,475.896,615.47,539.924,0,146.979,145.13,1.98742
3539,255.606,191.884,404.271,292.43,355.781,174.247,0,119.928,135.679,2.13134
3540,81.4993,89.9321,534.274,753.762,611.085,755.097,0,56.2076,25.2918,1.44997
3541,90.1992,95.9103,543.641,722.773,611.999,752.782,0,59.944,30.2552,1.50473
3542,7.2,6.45583,360.735,178.294,355.715,174.283,0,4.03489,3.1651,1.78443
3543,92.0992,102.932,563.912,198.247,647.573,192.145,0,64.3326,27.7666,1.43161
3544,22.7001,23.7042,594.93,794.632,606.465,811.476,0,14.8151,7.88491,1.53222
3545,253.706,169.541,197.949,357.808,67.7261,404.913,0,105.963,147.743,2.39429
3546,71.7995,93.4419,334.527,727.912,312.568,817.958,0,58.4012,13.3983,1.22942
3547,257.507,196.943,392.322,305.609,349.683,174.595,0,123.089,134.417,2.09203
3548,256.606,133.449,216.116,230.876,249.043,184.999,0,83.4057,173.201,3.07661
3549,186.302,207.09,415.274,673.931,313.156,818.221,0,129.432,56.8706,1.43939
3550,467.519,201.772,443.424,624.672,613.259,612.809,0,126.108,341.412,3.7073
3551,142.7,102.321,265.083,284.825,249.647,185.187,0,63.9503,78.7492,2.23141
3552,200.203,131.534,305.266,289.571,249.772,185.144,0,82.2086,117.994,2.43531
3553,300.509,282.861,350.587,540.646,144.762,615.891,0,176.788,123.721,1.69982
3554,255.506,136.045,203.87,305.765,248.481,184.833,0,85.0279,170.479,3.00497
3555,16,19.732,601.616,532.144,615.541,540.236,0,12.3325,3.66754,1.29739
3556,11.7,12.895,137.013,633.345,139.96,620.93,0,8.05937,3.64064,1.45173
3557,92.3992,124.824,257.176,693.437,149.552,693.198,0,78.0152,14.3839,1.18437
3558,368.913,215.131,469.229,374.891,630.312,334.143,0,134.457,234.457,2.74373
3559,254.706,191.567,254.127,394.288,67.7708,405.176,0,119.73,134.977,2.12735
3560,92.3992,73.835,549.868,743.444,612.008,752.87,0,46.1469,46.2523,2.00228
3561,192.503,134.401,508.671,658.37,613.191,612.848,0,84.0005,108.502,2.29168
3562,66.3996,69.9252,598.95,360.664,630.256,334.146,0,43.7032,22.6963,1.51933
3563,28.9001,30.5469,281.512,194.85,253.194,183.409,0,19.0918,9.80827,1.51374
3564,426.017,253.607,445.578,444.545,615.542,539.924,0,158.504,267.513,2.68773
3565,49.6998,55.183,566.144,738.406,612.236,752.416,0,34.4894,15.2104,1.44102
3566,413.616,296.871,358.735,441.684,349.7,174.645,0,185.545,228.071,2.2292
3567,18.8,18.9322,597.004,796.591,606.464,811.541,0,11.8326,6.9674,1.58883
3568,293.009,163.894,201.457,430.07,67.6981,405.527,0,102.434,190.575,2.86047
3569,34.2001,44.2101,321.584,200.266,350.236,174.885,0,27.6313,6.56871,1.23773
3570,266.307,183.001,282.381,579.399,144.69,615.607,0,114.376,151.932,2.32836
3571,58.4997,80.3113,224.485,732.091,153.692,700.19,0,50.1946,8.30511,1.16546
3572,50.4998,43.4726,260.256,226.127,249.83,185.127,0,27.1704,23.3294,1.85863
3573,280.308,179.964,210.781,436.079,67.738,405.551,0,112.477,167.831,2.49213
3574,451.318,241.943,452.86,437.69,615.492,539.83,0,151.215,300.104,2.98462
3575,183.502,194.521,313.308,336.55,250.79,184.734,0,121.575,61.9266,1.50937
3576,36.3,43.614,187.133,625.314,144.845,616.058,0,27.2587,9.04128,1.33168
3577,485.72,259.355,435.675,478.43,602.932,532.989,1,162.097,323.623,2.99648
3578,168.101,177.045,514.657,213.661,647.946,191.36,0,110.653,57.4476,1.51917
3579,343.512,190.295,305.061,328.605,249.401,185.249,0,118.934,224.577,2.88825
3580,103.599,68.9045,301.023,759.646,311.112,818.566,0,43.0653,60.5337,2.40563
3581,241.306,202.044,475.472,389.76,630.389,334.453,0,126.277,115.028,1.91092
3582,200.503,229.828,339.748,375.093,251.327,184.503,0,143.642,56.8608,1.39585
3583,183.802,147.643,506.893,121.013,653.466,129.961,0,92.2769,91.5251,1.99185
3584,119.199,89.3898,176.129,210.474,248.564,184.808,0,55.8686,63.3301,2.13355
3585,10.3,11.1661,247.888,195.968,249.472,185.133,0,6.97879,3.32121,1.4759
3586,20.6,26.8375,627.897,137.529,653.459,129.813,0,16.7735,3.82659,1.22813
3587,42.5999,44.1687,408.199,122.229,405.851,78.1734,0,27.6055,14.9945,1.54317
3588,0,0,618.886,541.933,618.886,541.933,0,0,0,0
3589,61.4996,60.4275,302.28,769.436,311.744,818.411,0,37.7672,23.7325,1.62839
3590,131.899,120.473,219.349,765.967,152.823,701.757,0,75.2954,56.6034,1.75175
3591,286.508,141.007,217.12,226.176,248.99,185.045,0,88.1292,198.379,3.251
3592,12.3,11.6593,364.621,181.29,355.951,173.938,0,7.28709,5.01292,1.68792
3593,228.905,165.224,611.32,416.814,615.635,539.676,0,103.265,125.64,2.21667
3594,71.2995,76.0611,558.823,338.533,630.254,334.081,0,47.5382,23.7613,1.49984
3595,215.904,177.779,369.302,310.281,349.91,174.752,0,111.112,104.792,1.94312
3596,381.014,229.977,497.48,479.248,615.638,539.754,0,143.736,237.278,2.6508
3597,226.905,111.175,229.095,292.856,249.196,185.121,0,69.4846,157.42,3.26554
3598,327.911,238.732,460.707,434.952,615.471,539.897,0,149.208,178.703,2.19768
3599,267.107,239.057,356.889,596.59,144.811,616.095,0,149.41,117.697,1.78774
3600,344.612,198.926,233.489,430.506,67.6928,405.515,0,124.329,220.283,2.77178
3601,203.003,214.584,432.529,679.988,313.022,818.133,0,134.115,68.8882,1.51365
3602,199.103,120.522,514.448,645.208,613.162,612.786,0,75.3265,123.776,2.6432
3603,64.8996,63.2225,277.003,229.929,250.134,185.05,0,39.5141,25.3855,1.64244
3604,239.705,135.769,286.631,295.278,249.816,185.109,0,84.8558,154.85,2.82485
3605,47.1999,62.8322,591.614,490.066,615.586,540.336,0,39.2701,7.92974,1.20193
3606,208.904,169.881,507.007,389.986,630.27,334.063,0,106.175,102.728,1.96753
3607,77.5994,76.4997,103.435,456.065,67.6485,405.554,0,47.8123,29.7871,1.623
3608,274.808,143.369,281.461,314.79,249.851,185.119,0,89.6056,185.202,3.06686
3609,191.602,127.113,192.388,390.85,67.7623,405.185,0,79.4458,112.157,2.41174
3610,315.21,189.13,165.56,305.38,248.262,184.796,0,118.206,197.004,2.66661
3611,83.3993,66.1348,132.695,398.407,67.7393,405.547,0,41.3342,42.0651,2.01768
3612,358.113,192.611,455.302,639.578,613.15,612.75,0,120.382,237.731,2.9748
3613,77.8994,99.1078,329.676,724.41,312.283,818.087,0,61.9424,15.957,1.25761
3614,4.7,4.35872,658.677,188.994,654.816,190.957,0,2.7242,1.9758,1.72528
3615,141.199,123.526,399.883,239.84,356.165,173.319,0,77.2036,63.9958,1.82892
3616,181.802,138.382,498.765,339.783,630.288,334.163,0,86.4889,95.313,2.10203
3617,150.6,119.376,525.899,345.533,630.326,333.881,0,74.6097,75.9903,2.0185
3618,89.2992,69.7388,566.054,717.436,612.084,752.684,0,43.5867,45.7125,2.04877
3619,225.505,191.626,438.288,311.737,356.072,173.59,0,119.767,105.738,1.88287
3620,164.901,132.126,223.041,590.84,144.736,615.987,0,82.5785,82.3223,1.9969
3621,53.7998,65.553,587.688,490.089,615.468,540.175,0,40.9706,12.8291,1.31313
3622,311.91,217.565,479.098,412.73,630.367,334.071,0,135.978,175.932,2.29383
3623,131.299,159.383,401.086,708.808,313.393,818.227,0,99.6145,31.6843,1.31807
3624,155.3,137.85,527.115,153.34,653.537,130.046,0,86.1566,69.1437,1.80254
3625,221.404,138.135,202.182,395.507,67.6898,404.914,0,86.3345,135.07,2.56449
3626,22,25.8119,325.915,183.567,349.474,174.492,0,16.1324,5.86764,1.36372
3627,204.603,135.974,424.841,259.979,356.246,173.338,0,84.9839,119.619,2.40755
3628,170.201,136.318,268.773,645.379,144.8,615.953,0,85.1988,85.0024,1.99769
3629,34.1001,36.7138,617.192,133.317,653.521,129.961,0,22.9461,11.1539,1.48609
3630,348.512,292.197,284.402,469.805,67.7455,404.94,0,182.623,165.889,1.90837
3631,281.208,170.398,517.017,180.979,356.038,173.675,0,106.499,174.709,2.64048
3632,110.899,137.628,325.153,696.467,312.343,818.117,0,86.0174,24.8814,1.28926
3633,485.72,309.101,430.552,530.866,591.272,615.614,1,193.188,292.533,2.51424
3634,78.9994,76.4908,586.076,146.806,653.511,130.047,0,47.8068,31.1926,1.65247
3635,120.399,144.216,265.38,666.388,149.551,693.2,0,90.1352,30.2635,1.33576
3636,6.4,6.55007,596.682,836.356,602.971,834.525,0,4.09379,2.3062,1.56334
3637,201.403,153.018,174.216,341.089,67.655,404.901,0,95.6363,105.767,2.10593
3638,65.4996,71.3529,572.81,348.706,630.34,334.112,0,44.5956,20.904,1.46875
3639,104.899,87.3312,273.399,769.229,310.717,818.786,0,54.582,50.317,1.92186
3640,238.105,156.35,235.238,329.349,249.947,185.14,0,97.719,140.386,2.43663
3641,155.5,117.224,452.843,160.558,356.155,173.383,0,73.2652,82.2351,2.12243
3642,4,3.46237,649.277,186.804,650.458,190.059,0,2.16398,1.83601,1.84844
3643,32.0001,34.7956,285.935,193.36,253.331,183.145,0,21.7473,10.2528,1.47145
3644,56.2997,73.4756,195.438,649.712,149.65,693.246,0,45.9222,10.3775,1.22598
3645,334.511,209.458,278.706,379.502,250.215,184.996,0,130.911,203.6,2.55525
3646,280.808,184.293,290.684,344.081,251.365,184.483,0,115.183,165.625,2.43792
3647,25.4001,25.1528,611.107,343.143,630.316,334.075,0,15.7205,9.67958,1.61573
3648,85.1993,86.6484,141.398,531.066,139.906,611.113,0,54.1552,31.044,1.57324
3649,39.5,48.4603,572.484,736.715,612.26,752.348,0,30.2877,9.21227,1.30416
3650,354.612,234.668,465.101,355.518,630.265,334.1,0,146.667,207.945,2.4178
3651,133.599,81.8017,571.463,664.885,613.157,612.839,0,51.1261,82.4729,2.61313
3652,8.6,8.58999,609.436,546.998,616.595,542.69,0,5.36875,3.23125,1.60186
3653,66.7996,46.1006,576.24,626.543,613.175,612.94,0,28.8129,37.9867,2.31839
3654,225.605,225.414,330.42,373.934,250.942,184.581,0,140.884,84.7208,1.60135
3655,115.899,81.5405,586.135,676.759,612.272,752.175,0,50.9628,64.936,2.27418
3656,21,24.3601,238.955,204.66,249.445,185.245,0,15.225,5.77501,1.37931
3657,271.607,210.952,274.833,557.738,144.832,615.94,0,131.845,139.762,2.06005
3658,0,0,409.667,72.7369,409.708,72.6451,0,0,0,0
3659,312.81,235.234,266.58,433.449,67.7494,404.959,0,147.021,165.789,2.12765
3660,14.1,17.2441,594.156,753.266,611.123,755.276,0,10.7775,3.32247,1.30828
3661,173.401,157.414,508.573,147.726,653.52,130.049,0,98.3836,75.0178,1.7625
3662,127.399,94.0309,522.087,610.048,613.248,612.77,0,58.7693,68.6293,2.16778
3663,217.504,162.703,501.771,360.446,630.399,333.823,0,101.689,115.815,2.13891
3664,153.7,146.227,142.364,465.043,67.8144,405.25,0,91.3919,62.3083,1.68177
3665,287.708,244.92,473.574,344.425,630.276,334.055,0,153.075,134.634,1.87953
3666,13.4,13.9464,599.64,801.031,606.465,811.73,0,8.71649,4.68353,1.53732
3667,87.9992,87.1145,299.914,223.765,250.33,184.938,0,54.4466,33.5527,1.61625
3668,421.116,185.751,464.138,656.021,613.199,612.842,0,116.094,305.022,3.62736
3669,184.602,179.704,215.059,492.3,139.945,611.135,0,112.315,72.2868,1.64361
3670,126.299,145.14,533.781,181.086,648.175,190.867,0,90.7127,35.586,1.39229
3671,38.7,44.8961,598.285,710.454,612.4,751.995,0,28.06,10.6399,1.37918
3672,5.5,5.82222,654.276,204.625,652.211,199.181,0,3.63889,1.86111,1.51145
3673,76.0994,100.359,236.18,683.982,149.433,693.376,0,62.7244,13.375,1.21323
3674,42.3999,57.1467,328.691,763.526,312.785,817.972,0,35.7167,6.68324,1.18712
3675,485.72,315.074,397.611,582.387,593.853,611.62,1,196.921,288.799,2.46657
3676,46.8999,56.0598,560.001,749.606,612.211,752.575,0,35.0374,11.8625,1.33857
3677,39.5,40.0662,396.003,174.53,355.972,173.702,0,25.0414,14.4586,1.57739
3678,271.007,164.853,196.306,438.153,67.836,405.262,0,103.033,167.974,2.6303
3679,187.602,167.778,367.582,682.683,312.946,818.039,0,104.861,82.741,1.78905
3680,485.72,207.816,454.015,696.233,594.231,615.6,1,129.885,355.836,3.73962
3681,485.72,248.261,471.759,476.337,602.697,534.695,1,155.163,330.557,3.13038
3682,260.507,178.314,229.936,406.216,67.7614,405.189,0,111.446,149.061,2.33751
3683,130.399,131.911,306.42,272.364,250.259,184.928,0,82.4442,47.9546,1.58166
3684,52.1998,41.4869,222.33,210.49,248.714,184.946,0,25.9293,26.2705,2.01316
3685,409.016,267.308,341.065,385.898,350.061,174.836,0,167.067,241.948,2.44821
3686,119.699,104.178,405.459,228.134,355.793,174.312,0,65.1112,54.5876,1.83837
3687,319.71,265.371,420.822,394.022,630.337,334.053,0,165.857,153.853,1.92762
3688,485.72,244.477,452.287,477.673,604.374,535.239,1,152.798,332.922,3.17884
3689,235.905,163.995,193.776,341.603,67.6805,404.843,0,102.497,133.408,2.30159
3690,103.499,125.915,553.923,187.462,647.735,191.812,0,78.6966,24.8024,1.31516
3691,287.608,280.228,329.489,407.542,250.96,184.588,0,175.143,112.466,1.64214
3692,46.2999,40.9625,293.138,185.525,253.473,182.549,0,25.6015,20.6983,1.80848
3693,389.615,343.603,369.486,477.895,144.653,616.255,0,214.752,174.863,1.81426
3694,340.512,196.485,305.196,346.199,249.892,185.08,0,122.803,217.709,2.77283
3695,115.799,112.463,583.385,445.724,615.591,539.741,0,70.2897,45.5091,1.64745
3696,3.5,2.34726,150.76,705.18,150.073,702.936,0,1.46704,2.03296,2.38576
3697,45.8999,28.5057,594.617,625.059,613.191,612.977,0,17.816,28.0838,2.57632
3698,286.408,205.603,382.594,325.914,350.073,174.78,0,128.502,157.906,2.22882
3699,112.099,88.8149,191.636,232.261,248.513,184.813,0,55.5093,56.5896,2.01946
3700,158.9,182.815,387.653,676.759,313.349,818.194,0,114.259,44.6413,1.3907
3701,381.414,266.201,340.627,386.245,349.668,174.65,0,166.376,215.038,2.29249
3702,25.0001,25.9416,239.637,208.424,249.364,185.218,0,16.2135,8.78655,1.54193
3703,403.615,269.107,305.15,437.21,67.696,405.53,0,168.192,235.424,2.39973
3704,40.6,47.0168,276.628,798.2,311.704,818.439,0,29.3855,11.2144,1.38163
3705,485.72,253.703,424.764,437.682,605.795,538.736,1,158.564,327.156,3.06324
3706,73.3995,78.5514,149.698,533.651,139.92,611.052,0,49.0946,24.3048,1.49506
3707,132.399,126.566,132.427,477.105,67.6972,404.93,0,79.1039,53.2949,1.67373
3708,162.501,122.05,551.6,295.139,630.289,334.048,0,76.2812,86.2196,2.13029
3709,298.709,316.736,318.805,486.234,140.143,611.063,0,197.96,100.749,1.50894
3710,265.607,111.623,201.896,261.079,249.475,185.194,0,69.7642,195.843,3.80721
3711,7.99999,8.4341,622.114,332.129,630.253,334.222,0,5.27131,2.72868,1.51765
3712,90.5992,87.4585,543.1,598.701,613.241,612.797,0,54.6615,35.9376,1.65746
3713,46.4999,54.8661,576.402,339.305,630.266,334.086,0,34.2913,12.2085,1.35602
3714,175.502,194.788,329.067,344.539,251.281,184.506,0,121.743,53.759,1.44158
3715,289.608,168.962,277.033,340.194,251.015,184.586,0,105.601,184.007,2.74247
3716,366.513,276.629,313.125,516.515,144.691,616.304,0,172.893,193.62,2.11988
3717,120.099,106.16,531.625,353.79,630.293,333.939,0,66.3503,53.7485,1.81007
3718,381.114,247.516,236.128,470.043,67.7586,405.449,0,154.698,226.416,2.4636
3719,68.4995,78.5798,209.596,688.405,152.795,701.802,0,49.1124,19.3872,1.39475
3720,313.01,195.86,467.57,275.928,355.801,174.213,0,122.413,190.597,2.55701
3721,153.7,140.356,546.071,459.553,615.482,539.793,0,87.7225,65.9776,1.75212
3722,128.999,94.7924,227.089,275.694,249.447,185.238,0,59.2452,69.7534,2.17737
3723,44.2999,54.5491,599.982,208.17,648.061,198.041,0,34.0932,10.2067,1.29938
3724,47.1999,56.4688,598.096,209.128,648.426,198.07,0,35.293,11.9068,1.33737
3725,3.9,3.18658,627.271,333.61,630.361,334.316,0,1.99161,1.90839,1.95821
3726,190.302,141.215,450.319,139.193,356.224,173.406,0,88.2592,102.043,2.15618
3727,38.5,31.0113,254.542,215.269,249.927,185.077,0,19.3821,19.1179,1.98637
3728,339.512,200.374,474.973,543.676,613.258,612.842,0,125.234,214.278,2.71102
3729,106.699,133.543,556.851,181.735,648.255,190.933,0,83.4641,23.2348,1.27838
3730,28.5001,25.934,237.444,204.702,249.23,185.14,0,16.2087,12.2913,1.75832
3731,10.6,11.0629,263.504,186.425,253.101,183.613,0,6.91434,3.68567,1.53305
3732,97.4991,75.3529,420.161,146.082,355.987,173.613,0,47.0955,50.4035,2.07024
3733,16.8,13.5923,261.495,194.092,252.574,184.03,0,8.4952,8.30482,1.97759
3734,77.9994,100.583,234.138,677.871,149.455,693.369,0,62.8641,15.1353,1.24076
3735,149.8,121.547,430.298,240.293,355.845,174.18,0,75.9667,73.8333,1.97192
3736,100.599,90.9653,542.788,595.353,613.26,612.843,0,56.8533,43.7458,1.76945
3737,397.815,211.279,501.275,519.718,613.227,612.739,0,132.049,265.766,3.01262
3738,216.804,104.093,207.6,267.005,248.982,184.994,0,65.0578,151.746,3.33248
3739,45.5999,24.6516,268.704,202.531,252.67,183.945,0,15.4073,30.1926,2.95964
3740,75.6994,102.314,582.92,261.42,647.924,197.699,0,63.946,11.7534,1.1838
3741,174.101,148.419,506.61,118.609,653.544,129.968,0,92.7619,81.3395,1.87686
3742,91.3992,124.076,255.291,682.008,149.47,693.204,0,77.5476,13.8516,1.17862
3743,274.808,212.756,378.749,346.743,349.911,174.799,0,132.972,141.835,2.06665
3744,32.8001,37.0897,140.819,657.44,139.847,620.847,0,23.181,9.61902,1.41495
3745,12.6,12.0593,599.439,756.752,611.091,755.266,0,7.53704,5.06297,1.67175
3746,39.1,47.5522,609.147,193.534,647.898,197.699,0,29.7201,9.37988,1.31561
3747,30.5001,40.4498,160.925,642.137,144.776,615.754,0,25.2811,5.21898,1.20644
3748,73.3995,68.3078,412.914,193.84,355.966,173.754,0,42.6924,30.7071,1.71926
3749,31.6001,34.1824,615.14,266.826,635.755,282.309,0,21.364,10.2361,1.47913
3750,246.806,151.669,443.45,145.037,355.849,174.25,0,94.7928,152.013,2.60363
3751,383.814,283.668,360.497,426.836,349.801,174.653,0,177.292,206.522,2.16486
3752,25.6001,28.3812,255.668,212.559,249.661,185.16,0,17.7382,7.86184,1.44321
3753,286.308,216.559,337.662,601.89,144.753,616.118,0,135.349,150.959,2.11533
3754,75.1994,97.1155,337.439,724.122,312.675,817.957,0,60.6972,14.5022,1.23893
3755,165.901,140.809,500.175,719.688,611.977,752.821,0,88.0058,77.8952,1.88511
3756,297.909,175.458,200.222,342.868,67.7453,404.947,0,109.661,188.248,2.71663
3757,18.1,18.5777,592.715,754.515,611.105,755.258,0,11.6111,6.48894,1.55886
3758,170.101,168.399,366.863,681.389,312.837,817.987,0,105.25,64.8515,1.61617
3759,141.499,130.551,546.662,387.41,630.251,334.003,0,81.5946,59.9048,1.73418
3760,106.099,99.999,178.267,538.78,139.942,611.107,0,62.4994,43.5996,1.6976
3761,118.699,106.678,290.906,739.067,311.603,818.358,0,66.6736,52.0252,1.7803
3762,485.72,271.652,443.325,496.933,604.213,540.531,1,169.783,315.938,2.86084
3763,253.206,188.826,476.554,552.637,613.269,612.778,0,118.016,135.19,2.14553
3764,28.3001,29.8886,572.744,834.837,602.465,833.324,0,18.6804,9.61971,1.51496
3765,131.299,99.7537,264.144,280.994,249.805,185.126,0,62.3461,68.9527,2.10597
3766,63.0996,61.1077,560.515,740.472,612.117,752.718,0,38.1923,24.9073,1.65215
3767,26.7001,30.1538,413.242,107.112,405.916,78.1497,0,18.8462,7.85391,1.41674
3768,126.399,146.804,273.552,688.619,149.594,693.208,0,91.7527,34.6459,1.3776
3769,233.705,194.422,508.398,418.269,630.418,333.753,0,121.514,112.191,1.92328
3770,269.007,347.015,389.505,536.181,312.388,818.1,0,216.884,52.1228,1.24033
3771,485.72,203.578,432.942,634.431,607.106,613.058,1,127.236,358.484,3.81747
3772,60.0997,75.4461,590.041,190.216,647.809,197.537,0,47.1538,12.9459,1.27455
3773,178.202,147.364,543.782,465.111,615.459,539.875,0,92.1024,86.0993,1.93482
3774,116.499,99.4612,436.059,197.173,356.225,173.281,0,62.1633,54.3355,1.87408
3775,256.306,135.733,502.295,651.159,613.202,612.841,0,84.8329,171.474,3.02131
3776,308.41,230.779,301.188,379.674,251.239,184.486,0,144.237,164.173,2.13822
3777,0,0,614.21,759.002,614.21,759.002,0,0,0,0
3778,81.0993,109.697,351.045,717.054,313.229,818.213,0,68.5604,12.5389,1.18289
3779,82.8993,74.1435,421.696,150.637,355.99,173.668,0,46.3397,36.5596,1.78895
3780,170.201,80.1061,574.877,665.006,613.212,612.767,0,50.0663,120.135,3.39951
3781,92.8992,93.8669,189.275,560.653,139.93,611.124,0,58.6668,34.2324,1.58351
3782,18.8,20.5449,376.208,175.813,356.014,173.884,0,12.8405,5.95949,1.46411
3783,302.609,222.395,373.148,366.349,349.556,174.638,0,138.997,163.612,2.1771
3784,212.904,152.381,240.625,326.026,249.789,185.093,0,95.2381,117.666,2.23549
3785,282.708,162.038,218.372,418.376,67.8451,405.449,0,101.274,181.434,2.79152
3786,259.307,163.449,226.036,323.611,250.162,185.039,0,102.155,157.151,2.53835
3787,131.199,99.0367,165.881,398.938,67.748,405.027,0,61.8979,69.3009,2.1196
3788,105.399,132.36,555.039,180.774,647.997,191.097,0,82.7247,22.6742,1.27409
3789,394.115,234.922,445.457,386.036,630.324,334.071,0,146.827,247.288,2.68422
3790,62.2996,64.976,589.096,692.643,612.275,752.378,0,40.61,21.6896,1.53409
3791,0,0,352.992,169.673,352.992,169.673,0,0,0,0
3792,81.7993,69.3003,594.745,183.128,647.629,191.936,0,43.3127,38.4866,1.88858
3793,482.22,319.766,363.375,464.25,349.868,174.817,0,199.854,282.367,2.41287
3794,368.313,154.596,493.566,627.701,613.153,612.782,0,96.6222,271.691,3.81189
3795,143.3,120.421,219.469,604.617,144.742,615.639,0,75.2631,68.0365,1.90398
3796,256.106,292.904,376.479,568.099,312.633,818.036,0,183.065,73.0415,1.39899
3797,345.512,232.663,388.94,351.266,350.02,174.798,0,145.414,200.097,2.37605
3798,136.199,117.553,561.18,386.247,630.398,333.813,0,73.4705,62.7286,1.85379
3799,64.8996,58.0543,611.587,159.261,648.379,190.835,0,36.2839,28.6156,1.78866
3800,182.502,102.998,215.987,280.571,248.641,184.947,0,64.3736,118.128,2.83505
3801,62.5996,43.1814,289.51,204.201,253.109,183.401,0,26.9884,35.6112,2.3195
3802,328.711,220.358,391.438,337.176,349.752,174.682,0,137.724,190.987,2.38674
3803,61.1996,73.8576,542.307,762.224,611.06,755.271,0,46.161,15.0386,1.32579
3804,153.6,161.267,285.889,697.289,311.255,818.525,0,100.792,52.8081,1.52393
3805,73.7994,88.7777,554.767,499.153,615.589,540.375,0,55.4861,18.3134,1.33005
3806,406.816,280.186,415.277,375.61,349.816,174.73,0,175.116,231.7,2.32312
3807,299.509,228.163,482.614,468.049,615.552,539.865,0,142.602,156.907,2.10032
3808,4.6,4.22707,632.466,284.921,636.536,283.778,0,2.64192,1.95808,1.74116
3809,485.72,289.591,422.548,559.568,592.693,614.002,1,180.994,304.726,2.68363
3810,0,0,353.514,170.572,353.514,170.572,0,0,0,0
3811,77.0994,98.8546,337.87,722.459,312.699,817.992,0,61.7841,15.3153,1.24788
3812,268.207,120.181,225.855,304.81,249.098,185.105,0,75.1133,193.094,3.5707
3813,174.801,141.059,361.444,269.445,349.792,174.746,0,88.1619,86.6395,1.98273
3814,124.999,113.898,551.971,154.187,653.502,129.952,0,71.1865,53.8122,1.75593
3815,102.899,111.12,527.607,725.842,612.004,752.986,0,69.4498,33.4492,1.48163
3816,43.3999,44.6427,408.188,122.251,405.948,78.126,0,27.9017,15.4982,1.55546
3817,366.513,162.498,474.033,644.505,613.154,612.757,0,101.561,264.952,3.60879
3818,52.0998,63.6371,121.6,566.715,139.867,611.156,0,39.7732,12.3266,1.30992
3819,239.705,149.703,561.827,551.895,613.235,612.834,0,93.5643,146.141,2.56193
3820,146.3,125.125,540.085,152.945,653.477,129.954,0,78.2028,68.0969,1.87077
3821,485.72,148.661,499.742,633.166,595.912,614.986,1,92.9133,392.807,5.22767
3822,125.099,105.073,560.392,375.108,630.293,334.021,0,65.6708,59.4279,1.90494
3823,19.3,23.5713,414.65,99.8855,408.441,77.1476,0,14.7321,4.56798,1.31007
3824,32.1001,28.9543,132.943,586.834,139.943,611.144,0,18.0965,14.0036,1.77383
3825,293.009,169.144,170.505,306.923,249.795,185.086,0,105.715,187.293,2.77168
3826,83.5993,88.3171,302.96,227.131,349.576,174.601,0,55.1982,28.4011,1.51453
3827,13.7,17.1527,636.563,129.054,653.537,129.967,0,10.7204,2.97959,1.27794
3828,349.212,263.669,301.667,410.956,249.838,185.101,0,164.793,184.419,2.11909
3829,328.811,232.682,306.161,378.019,250.682,184.819,0,145.426,183.384,2.26101
3830,42.3999,44.3913,174.539,636.436,144.741,615.966,0,27.7446,14.6554,1.52822
3831,310.71,292.114,376.089,556.937,144.78,615.765,0,182.572,128.138,1.70185
3832,388.114,236.702,510.326,477.651,615.569,539.923,0,147.939,240.176,2.62348
3833,112.799,122.626,355.429,704.693,312.72,817.997,0,76.6409,36.1579,1.47178
3834,85.4993,72.6798,138.795,396.771,67.7097,405.559,0,45.4249,40.0744,1.88221
3835,243.006,161.732,237.381,334.491,249.912,185.146,0,101.082,141.923,2.40404
3836,243.306,196.977,476.57,391.94,630.321,334.225,0,123.111,120.195,1.97632
3837,376.314,163.463,459.78,598.174,613.26,612.823,0,102.164,274.15,3.68342
3838,57.6997,70.6086,207.47,676.011,149.449,693.376,0,44.1304,13.5693,1.30748
3839,7.4,8.06721,639.39,197.853,647.167,195.712,0,5.04201,2.35799,1.46767
3840,339.812,237.237,307.523,375.177,250.355,184.878,0,148.273,191.539,2.2918
3841,153.9,135.226,531.739,148.261,653.517,130.049,0,84.5162,69.384,1.82096
3842,210.404,95.7782,519.657,608.918,613.272,612.762,0,59.8614,150.542,3.51485
3843,62.7996,68.4751,409.426,146.914,355.779,174.164,0,42.797,20.0027,1.46738
3844,23.0001,27.4544,583.847,754.972,611.082,755.303,0,17.159,5.84103,1.34041
3845,378.414,254.27,413.42,362.925,355.779,174.21,0,158.918,219.495,2.38118
3846,485.72,138.265,605.167,296.237,609.523,284.095,1,86.4157,399.305,5.62075
3847,60.9996,69.5836,186.017,599.231,144.713,616.296,0,43.4897,17.5099,1.40262
3848,13.9,10.196,608.054,547.939,617.152,543.601,0,6.37248,7.52753,2.18126
3849,76.3994,64.4227,393.086,186.213,355.829,174.144,0,40.2642,36.1352,1.89745
3850,246.006,262.735,284.04,511.119,140.296,611.208,0,164.209,81.7964,1.49812
3851,178.202,147.763,518.053,137.6,653.517,129.953,0,92.3517,85.85,1.9296
3852,88.1992,69.512,566.486,718.396,612.166,752.515,0,43.445,44.7542,2.03014
3853,208.604,158.214,215.81,382.461,67.7303,404.937,0,98.8836,109.72,2.10959
3854,44.8999,54.2456,197.557,625.361,144.697,615.69,0,33.9035,10.9964,1.32434
3855,133.699,95.8165,217.202,267.304,248.684,184.919,0,59.8853,73.8136,2.23258
3856,181.102,159.238,507.328,147.479,653.461,130.114,0,99.524,81.5778,1.81968
3857,272.707,181.154,483.392,304.913,630.333,334.137,0,113.222,159.486,2.40862
3858,33.0001,31.2409,140.85,664.256,149.412,693.328,0,19.5256,13.4745,1.6901
3859,64.0996,42.7591,110.03,407.796,67.7347,405.604,0,26.7245,37.3751,2.39854
3860,485.72,284.797,420.561,491.667,599.906,516.443,1,177.998,307.722,2.7288
3861,209.504,155.916,220.586,391.418,67.838,405.156,0,97.4475,112.056,2.14991
3862,73.6994,48.5436,218.945,218.702,248.611,184.867,0,30.3398,43.3597,2.42914
3863,223.004,148.65,408.349,261.979,355.765,174.243,0,92.9063,130.098,2.40031
3864,49.5998,59.6559,193.161,680.257,149.521,693.187,0,37.2849,12.3149,1.33029
3865,338.511,217.895,391.874,335.845,349.898,174.847,0,136.184,202.327,2.48569
3866,74.6994,75.7591,349.912,201.235,349.881,174.799,0,47.3494,27.35,1.57762
3867,167.401,124.138,159.806,490.505,139.854,611.097,0,77.5864,89.8147,2.15761
3868,314.11,235.331,264.15,433.036,67.7315,404.936,0,147.082,167.028,2.13561
3869,229.405,106.585,515.758,633.864,613.244,612.849,0,66.6155,162.789,3.44372
3870,4.1,3.32318,358.107,176.652,355.759,174.302,0,2.07699,2.02301,1.97401
3871,132.999,152.105,538.23,215.224,647.838,191.591,0,95.0658,37.9331,1.39902
3872,166.101,211.081,515.432,248.497,648.056,197.998,0,131.926,34.1752,1.25905
3873,485.72,227.959,437.613,599.711,593.84,616.718,1,142.474,343.246,3.40918
3874,81.1993,77.1453,200.1,586.751,144.751,615.805,0,48.2158,32.9835,1.68408
3875,66.6996,76.4424,354.21,196.86,349.746,174.64,0,47.7765,18.9231,1.39607
3876,145.2,110.004,287.071,279.892,249.784,185.122,0,68.7523,76.4474,2.11192
3877,326.411,204.56,258.539,381.169,67.7626,404.989,0,127.85,198.561,2.55308
3878,107.899,90.1269,154.064,403.695,67.7385,404.913,0,56.3293,51.5696,1.9155
3879,485.72,338.145,447.021,526.371,590.396,613.652,1,211.341,274.38,2.29828
3880,132.599,95.4269,586.948,290.427,630.252,333.895,0,59.6418,72.9571,2.22325
3881,42.1999,45.1021,608.713,131.672,653.569,129.968,0,28.1888,14.0111,1.49704
3882,107.099,77.9764,268.413,259.525,249.479,185.194,0,48.7352,58.3637,2.19757
3883,332.911,247.499,280.359,433.351,67.6819,404.901,0,154.687,178.224,2.15216
3884,251.206,162.741,211.626,319.207,248.529,184.774,0,101.713,149.493,2.46975
3885,150.9,139.674,589.526,379.8,630.421,334.423,0,87.2963,63.6037,1.7286
3886,67.0995,82.3086,584.209,472.736,615.601,539.597,0,51.4429,15.6567,1.30435
3887,214.504,151.828,287.206,627.244,144.777,616.223,0,94.8926,119.611,2.26049
3888,131.499,135.351,568.62,421.161,615.568,539.824,0,84.5943,46.9046,1.55446
3889,38.6,50.1997,324.642,769.953,312.821,818.038,0,31.3748,7.22518,1.23029
3890,129.799,124.828,530.852,119.124,653.526,129.957,0,78.0174,51.7813,1.66371
3891,6.5,6.6349,73.2569,401.052,66.8523,402.785,0,4.14681,2.35318,1.56747
3892,104.199,92.0123,568.221,140.519,653.492,130.046,0,57.5077,46.6913,1.81191
3893,169.701,157.507,228.445,565.99,144.758,616.238,0,98.4419,71.2593,1.72387
3894,20.3,22.8377,378.296,177.976,356.026,173.822,0,14.2735,6.0265,1.42221
3895,392.215,254.294,399.824,365.246,350.226,174.803,0,158.934,233.281,2.46779
3896,87.2992,84.5277,177.632,553.137,139.948,611.128,0,52.8298,34.4695,1.65246
3897,297.109,176.899,305.249,652.262,144.793,616.005,0,110.562,186.547,2.68727
3898,284.308,169.23,237.293,342.611,250.917,184.696,0,105.769,178.54,2.68802
3899,0,0,356.114,173.447,356.114,173.447,0,0,0,0
3900,238.905,137.454,508.124,661.889,613.151,612.832,0,85.9086,152.997,2.78093
3901,104.999,97.1049,541.957,353.054,630.303,334.038,0,60.6906,44.3084,1.73007
3902,295.709,307.509,279.132,475.645,139.854,611.117,0,192.193,103.516,1.5386
3903,52.4998,61.6988,409.552,139.13,405.864,78.2214,0,38.5617,13.938,1.36145
3904,222.504,158.37,191.214,346.382,67.7631,405.245,0,98.9814,123.523,2.24794
3905,285.008,173.252,170.937,305.977,248.565,184.913,0,108.283,176.726,2.63208
3906,214.304,223.261,441.512,679.22,312.608,818.024,0,139.538,74.7656,1.53581
3907,109.699,92.3997,432.688,192.293,356.177,173.247,0,57.7498,51.9491,1.89955
3908,197.203,161.723,503.942,377.62,630.339,333.853,0,101.077,96.1259,1.95102
3909,229.505,161.809,183.757,471.047,139.553,611.219,0,101.131,128.374,2.26939
3910,205.603,162.605,383.384,262.371,349.744,174.679,0,101.628,103.975,2.0231
3911,295.409,205.436,346.502,341.994,349.841,174.742,0,128.397,167.011,2.30074
3912,91.0992,62.0612,264.088,245.06,249.772,185.087,0,38.7882,52.3109,2.34863
3913,460.119,295.624,411.132,408.254,349.595,174.555,0,184.765,275.354,2.49029
3914,51.1998,64.4058,204.012,633.364,144.773,616.172,0,40.2536,10.9462,1.27193
3915,485.72,235.019,406.778,503.465,580.365,457.006,1,146.887,338.834,3.30677
3916,457.019,266.459,410.124,615.025,613.178,612.8,0,166.537,290.482,2.74425
3917,224.004,225.017,275.227,548.727,144.685,615.721,0,140.636,83.3689,1.5928
3918,100.499,90.3487,563.414,127.257,653.501,129.785,0,56.4679,44.0311,1.77975
3919,39.3,40.1808,82.0857,432.573,67.8349,405.296,0,25.113,14.187,1.56492
3920,382.414,275.554,286.698,456.341,67.7559,404.974,0,172.221,210.193,2.22048
3921,302.109,193.664,295.346,585.717,144.838,615.857,0,121.04,181.069,2.49594
3922,184.802,126.475,189.802,390.356,67.8012,404.962,0,79.0467,105.755,2.33789
3923,51.4998,33.1877,581.911,619.283,613.308,613.129,0,20.7423,30.7575,2.48284
3924,17.3,21.3722,142.753,590.267,139.869,611.09,0,13.3576,3.94238,1.29514
3925,30.2001,29.2698,614.037,271.974,635.999,282.686,0,18.2936,11.9065,1.65085
3926,124.499,143.485,272.959,702.184,149.575,693.265,0,89.6783,34.8204,1.38828
3927,223.104,153.223,337.699,292.075,349.888,174.697,0,95.7644,127.34,2.32972
3928,129.299,104.781,241.242,621.382,144.816,615.832,0,65.4882,63.8105,1.97438
3929,79.7994,77.9272,103.465,457.12,67.7269,405.567,0,48.7045,31.0948,1.63844
3930,45.6999,41.0367,560.568,833.529,602.43,833.345,0,25.6479,20.052,1.78182
3931,485.72,297.919,410.99,566.23,590.315,615.192,1,186.199,299.521,2.60861
3932,327.211,209.774,479.107,278.146,355.78,174.216,0,131.109,196.102,2.49572
3933,57.0997,70.2615,201.421,638.582,144.821,616.046,0,43.9135,13.1862,1.30028
3934,293.009,319.843,318.025,478.91,140.046,611.124,0,199.902,93.1068,1.46576
3935,2,1.09128,316.892,818.424,316.089,819.405,0,0.68205,1.31795,2.93234
3936,379.614,259.209,364.795,406.07,349.982,174.804,0,162.006,217.608,2.34321
3937,206.903,114.585,543.143,672.702,613.276,612.757,0,71.6158,135.288,2.88907
3938,477.72,302.863,374.943,440.959,349.82,174.68,0,189.29,288.43,2.52375
3939,144.3,118.582,179.538,250.88,248.547,184.767,0,74.1138,70.1858,1.947
3940,42.4999,50.5717,604.056,209.277,648.12,197.978,0,31.6073,10.8926,1.34462
3941,105.499,65.2411,301.591,761.984,311.301,818.481,0,40.7757,64.7233,2.5873
3942,0,0,646.918,194.166,646.918,194.166,0,0,0,0
3943,218.904,106.87,205.853,264.833,248.708,184.923,0,66.7939,152.11,3.27731
3944,172.901,165.452,534.798,476.649,615.482,539.953,0,103.408,69.4935,1.67203
3945,69.5995,91.9718,577.377,252.626,648.386,198.127,0,57.4824,12.1171,1.2108
3946,365.213,235.024,355.606,369.386,349.693,174.675,0,146.89,218.323,2.48631
3947,23.1001,29.2473,625.529,137.954,653.509,130.198,0,18.2796,4.82049,1.26371
3948,185.102,231.897,491.404,260.533,648.039,197.936,0,144.936,40.1662,1.27713
3949,485.72,299.043,402.213,462.506,604.324,532.549,1,186.902,298.819,2.5988
3950,108.299,115.607,98.509,482.979,67.8457,405.448,0,72.2541,36.0448,1.49886
3951,228.405,202.803,332.528,627.558,144.789,616.022,0,126.752,101.653,1.80199
3952,114.099,135.988,529.244,735.095,611.093,755.152,0,84.9924,29.1065,1.34246
3953,201.803,147.472,467.756,213.572,356.26,173.104,0,92.17,109.633,2.18947
3954,266.607,120.924,221.17,302.616,248.639,184.945,0,75.5777,191.029,3.52759
3955,268.507,196.428,474.721,546.551,613.237,612.761,0,122.767,145.74,2.18712
3956,132.599,106.438,244.724,622.042,144.65,615.723,0,66.5235,66.0754,1.99327
3957,0,0,152.398,696.585,152.398,696.585,0,0,0,0
3958,393.415,299.767,270.076,458.031,67.7323,404.88,0,187.354,206.061,2.09985
3959,175.902,130.204,281.056,303.07,250.247,185.001,0,81.3773,94.5242,2.16155
3960,404.015,297.044,426.438,416.169,630.383,334.085,0,185.653,218.363,2.17619
3961,132.599,121.486,546.636,565.551,613.19,612.753,0,75.9289,56.67,1.74636
3962,112.899,84.4951,181.388,209.151,248.413,184.844,0,52.8094,60.0894,2.13785
3963,442.718,272.566,424.06,436.724,615.548,539.915,0,170.354,272.364,2.59881
3964,19.3,22.2792,318.695,796.575,312.625,817.99,0,13.9245,5.37554,1.38605
3965,470.319,254.459,466.051,504.586,613.166,612.84,0,159.037,311.282,2.9573
3966,230.405,232.525,274.425,540.805,144.67,615.729,0,145.328,85.077,1.58541
3967,94.1991,84.2328,429.586,145.913,355.81,174.267,0,52.6455,41.5536,1.78931
3968,313.61,151.549,484.988,153.39,356.006,173.684,0,94.7178,218.892,3.31099
3969,286.808,211.869,296.673,564.306,144.825,615.813,0,132.418,154.39,2.16593
3970,64.4996,75.9623,213.928,676.822,149.561,693.202,0,47.4764,17.0232,1.35856
3971,226.505,186.146,494.65,300.533,630.36,333.941,0,116.342,110.163,1.94689
3972,128.399,150.04,281.496,700.037,149.575,693.239,0,93.7748,34.6239,1.36922
3973,69.4995,82.9323,580.499,477.361,615.715,539.539,0,51.8327,17.6668,1.34084
3974,0,0,403.448,72.2556,403.448,72.2556,0,0,0,0
3975,286.708,169.626,272.259,338.526,250.741,184.68,0,106.016,180.692,2.70438
3976,125.199,111.811,269.608,750.784,310.506,818.876,0,69.882,55.3166,1.79157
3977,154.8,133.439,139.872,495.194,140,611.105,0,83.3996,71.4006,1.85613
3978,485.72,256.195,422.088,582.539,592.097,616.247,1,160.122,325.599,3.03345
3979,485.72,239.025,397.641,471.106,583.751,464.481,1,149.39,336.33,3.25135
3980,485.72,198.637,455.102,687.712,595.33,615.159,1,124.148,361.572,3.91243
3981,95.5991,113.55,561.244,207.504,647.602,192.07,0,70.9684,24.6307,1.34707
3982,114.299,104.638,561.503,374.418,630.33,333.865,0,65.3988,48.9,1.74772
3983,175.001,144.343,562.292,415.83,615.606,539.732,0,90.2146,84.7869,1.93983
3984,232.005,134.588,524.967,673.1,613.226,612.804,0,84.1173,147.888,2.75811
3985,37.1,46.2172,305.915,187.165,349.627,174.604,0,28.8857,8.21427,1.28437
3986,36.7,36.7713,143.298,657.839,149.705,693.245,0,22.9821,13.7179,1.5969
3987,269.107,182.233,235.133,375.39,67.8043,405.3,0,113.896,155.211,2.36275
3988,248.006,159.472,355.203,309.034,350.012,174.813,0,99.6702,148.336,2.48827
3989,272.407,281.032,302.193,514.75,139.949,611.118,0,175.645,96.7623,1.5509
3990,485.72,171.286,451.354,639.694,599.26,612.66,1,107.054,378.667,4.53716
3991,32.5001,34.7749,616.3,210.922,647.961,198.033,0,21.7343,10.7657,1.49533
3992,335.711,194.755,261.903,354.241,249.871,185.092,0,121.722,213.99,2.75802
3993,36.3,25.9174,592.432,620.583,613.268,613.113,0,16.1984,20.1017,2.24097
3994,227.605,128.679,510.841,653.426,613.192,612.754,0,80.4242,147.18,2.83005
3995,336.011,221.838,459.365,329.807,355.796,174.22,0,138.649,197.362,2.42347
3996,233.905,142.188,199.649,304.141,248.668,184.896,0,88.8676,145.037,2.63206
3997,402.715,294.844,377.837,423.978,350.027,174.842,0,184.277,218.438,2.18538
3998,130.699,108.051,250.945,632.341,144.786,616.021,0,67.5317,63.1671,1.93537
3999,212.104,133.578,472.098,154.43,356.102,173.42,0,83.4865,128.617,2.54058
4000,58.4997,70.9832,589.889,482.475,615.807,540.869,0,44.3645,14.1352,1.31861
4001,42.9999,61.207,209.588,724.108,152.699,701.786,0,38.2543,4.74557,1.12405
4002,453.118,192.827,461.467,664.333,613.19,612.824,0,120.517,332.601,3.75979
4003,127.199,171.29,550.028,246.677,647.869,197.775,0,107.057,20.1421,1.18814
4004,175.602,125.031,537.616,679.776,613.279,612.844,0,78.1443,97.4572,2.24714
4005,177.702,121.715,127.146,510.199,139.902,611.115,0,76.0718,101.63,2.33597
4006,303.109,218.007,455.83,335.184,355.816,174.235,0,136.254,166.855,2.22459
4007,133.099,110.663,374.87,216.23,356.072,173.541,0,69.1642,63.9347,1.92439
4008,67.6995,60.215,600.117,174.867,647.721,191.77,0,37.6344,30.0651,1.79887
4009,115.899,104.796,357.632,224.937,350.043,174.734,0,65.4976,50.4012,1.76951
4010,77.9994,80.0126,556.041,348.831,630.315,334.057,0,50.0079,27.9915,1.55974
4011,41.2999,27.7162,266.86,206.15,252.601,183.953,0,17.3226,23.9773,2.38416
4012,365.313,277.483,425.263,411.356,630.259,334.16,0,173.427,191.886,2.10644
4013,141.899,102.556,168.565,400.417,67.6618,404.875,0,64.0975,77.8019,2.21381
4014,216.804,158.922,186.055,477.93,139.609,611.173,0,99.3262,117.478,2.18275
4015,11.4,10.2725,607.359,547.085,616.535,542.558,0,6.42032,4.97969,1.77561
4016,162.401,116.158,258.623,296.626,249.772,185.112,0,72.5987,89.802,2.23696
4017,207.603,138.829,201.278,394.278,67.8116,405.094,0,86.7681,120.835,2.39262
4018,230.105,205.578,352.065,629.923,312.549,818.014,0,128.486,101.619,1.79089
4019,191.102,198.474,525.74,505.376,615.537,539.864,0,124.046,67.056,1.54057
4020,122.299,103.883,251.878,763.957,310.576,818.877,0,64.927,57.3717,1.88363
4021,227.105,231.038,267.94,514.62,140.121,611.13,0,144.399,82.7059,1.57276
4022,243.106,173.538,489.909,306.007,630.381,333.676,0,108.461,134.644,2.2414
4023,428.617,296.875,349.085,431.876,349.565,174.619,0,185.547,243.07,2.31002
4024,189.602,102.855,215.469,258.875,248.816,185.026,0,64.2844,125.318,2.94943
4025,181.602,177.926,377.775,670.434,312.239,818.156,0,111.204,70.3978,1.63305
4026,301.009,317.748,310.304,476.694,140.098,611.08,0,198.593,102.417,1.51571
4027,253.306,204.621,477.45,400.237,630.415,333.85,0,127.888,125.418,1.98068
4028,310.41,165.456,175.449,302.758,248.944,185.041,0,103.41,207,3.00173
4029,350.712,227.506,248.447,442.673,67.7383,405.456,0,142.191,208.521,2.46649
4030,220.704,191.047,217.478,478.255,139.866,611.052,0,119.404,101.3,1.84838
4031,75.4994,97.5265,221.292,750.349,152.575,701.77,0,60.9541,14.5454,1.23863
4032,482.62,309.522,406.232,450.642,615.457,539.942,0,193.451,289.169,2.49479
4033,121.399,110.25,544.143,576.723,613.225,612.821,0,68.9061,52.4926,1.7618
4034,193.403,148.543,615.485,445.363,615.53,539.855,0,92.8395,100.563,2.08319
4035,295.109,282.576,358.778,553.181,144.835,616.034,0,176.61,118.499,1.67097
4036,44.6999,54.7823,561.148,748.081,612.158,752.492,0,34.239,10.4609,1.30553
4037,273.107,190.721,284.799,572.033,144.752,615.958,0,119.201,153.907,2.29116
4038,330.811,174.789,237.004,346.916,248.828,185.013,0,109.243,221.568,3.02821
4039,479.62,223.784,461.556,686.472,613.175,612.763,0,139.865,339.755,3.42916
4040,191.002,154.732,354.773,303.51,349.665,174.729,0,96.7074,94.295,1.97505
4041,405.216,351.353,372.626,479.773,144.703,616.37,0,219.596,185.62,1.84528
4042,60.3997,68.5392,584.642,309.529,630.347,334.096,0,42.837,17.5626,1.40999
4043,254.406,234.528,267.962,520.114,139.928,611.134,0,146.58,107.826,1.73561
4044,234.605,191.215,492.308,401.543,630.27,334.05,0,119.509,115.096,1.96307
4045,26.4001,26.6887,142.538,668.333,149.794,693.231,0,16.6805,9.71961,1.58269
4046,144.8,139.298,213.819,530.863,139.916,611.137,0,87.0611,57.7386,1.6632
4047,78.3994,67.9175,420.164,179.477,356.082,173.6,0,42.4484,35.9509,1.84693
4048,24.5001,18.6736,86.4381,404.975,67.811,405.257,0,11.671,12.8291,2.09923
4049,56.1997,63.0196,406.67,151.458,356.031,173.653,0,39.3873,16.8124,1.42685
4050,170.501,152.171,516.058,142.372,653.534,130.045,0,95.107,75.3942,1.79273
4051,121.899,103.259,546.271,322.11,630.348,334.249,0,64.5368,57.362,1.88883
4052,144.1,112.583,169.51,513.256,139.87,611.077,0,70.3643,73.7353,2.04791
4053,123.099,119.624,197.057,534.295,139.949,611.123,0,74.7652,48.3335,1.64647
4054,168.701,119.497,128.963,509.906,139.77,611.085,0,74.6857,94.0154,2.25881
4055,20.2,21.9449,331.977,186.444,349.852,174.818,0,13.7156,6.48446,1.47278
4056,414.516,274.734,401.814,395.099,350.051,174.815,0,171.709,242.807,2.41407
4057,460.119,186.626,451.87,643.494,613.237,612.834,0,116.641,343.478,3.94474
4058,173.201,126.87,185.261,263.632,248.434,184.803,0,79.2939,93.9074,2.1843
4059,278.908,159.02,179.082,302.611,249.111,185.085,0,99.3874,179.52,2.80627
4060,17.4,23.3383,175.009,709.365,152.984,701.697,0,14.5864,2.81358,1.19289
4061,98.2991,71.6848,266.697,254.139,249.775,185.094,0,44.803,53.4961,2.19403
4062,0,0,604.422,831.134,604.419,831.132,0,0,0,0
4063,7.89999,8.30818,152.086,620.007,144.171,617.483,0,5.19261,2.70738,1.52139
4064,285.108,192.916,363.431,284.931,349.913,174.799,0,120.573,164.536,2.36462
4065,0,0,612.119,815.35,612.119,815.35,0,0,0,0
4066,53.5998,29.3243,584.419,619.352,613.286,613.201,0,18.3277,35.2721,2.92453
4067,51.2998,57.1522,556.695,820.931,602.358,833.269,0,35.7201,15.5797,1.43616
4068,204.103,203.696,372.107,643.845,312.387,818.139,0,127.31,76.7935,1.6032
4069,240.005,182.299,377.444,305.829,350.052,174.782,0,113.937,126.069,2.10648
4070,6.1,5.21233,360.381,176.429,355.886,174.056,0,3.2577,2.84229,1.87248
4071,253.006,201.975,204.172,455.737,139.855,611.103,0,126.234,126.772,2.00426
4072,195.403,196.492,243.48,499.644,140.203,611.243,0,122.808,72.5951,1.59113
4073,171.701,116.204,258.87,297.158,250.134,184.997,0,72.6272,99.074,2.36414
4074,76.9994,62.4969,595.782,175.61,648.28,190.899,0,39.0606,37.9388,1.97128
4075,154.5,154.922,92.613,494.806,67.8101,405.402,0,96.8261,57.6742,1.59565
4076,174.801,169.194,499.406,142.912,653.555,130.046,0,105.746,69.0551,1.65303
4077,31.7001,37.3335,614.973,213.428,648.367,198.139,0,23.3335,8.36663,1.35857
4078,19.2,18.7163,605.79,556.272,616.952,543.46,0,11.6977,7.50236,1.64135
4079,97.6991,89.6149,222.423,266.209,248.898,185.009,0,56.0093,41.6898,1.74434
4080,35.9,24.4135,92.6395,406.23,67.7693,405.071,0,15.2585,20.6416,2.35279
4081,12.4,15.3848,601.366,537.904,615.616,540.407,0,9.61552,2.78449,1.28958
4082,214.304,187.788,216.107,482.476,140.055,611.056,0,117.368,96.9364,1.82592
4083,334.111,204.322,224.934,417.972,67.6899,405.523,0,127.701,206.41,2.61635
4084,153.6,191.37,535.777,311.389,647.944,197.71,0,119.606,33.9942,1.28422
4085,9.3,9.06337,358.126,183.185,354.621,174.829,0,5.6646,3.6354,1.64177
4086,225.805,132.751,205.643,305.989,248.69,184.908,0,82.9692,142.835,2.72155
4087,245.606,148.257,502.754,665.586,613.278,612.799,0,92.6607,152.945,2.65059
4088,7.7,7.83843,608.171,541.757,615.596,539.587,0,4.89902,2.80098,1.57174
4089,26.9001,29.4148,588.494,769.02,611.052,755.085,0,18.3842,8.51583,1.46321
4090,377.114,293.163,375.249,551.739,144.803,616.216,0,183.227,193.887,2.05818
4091,21.3,24.4139,275.058,193.757,253.35,183.089,0,15.2587,6.04138,1.39593
4092,109.299,92.2095,243.702,782.58,310.766,818.738,0,57.631,51.6679,1.89653
4093,297.909,193.344,222.68,431.103,67.7298,405.546,0,120.84,177.069,2.46531
4094,135.099,146.553,544.074,463.541,615.537,539.896,0,91.5955,43.5036,1.47495
4095,232.705,172.785,420.281,294.35,355.831,174.278,0,107.991,124.714,2.15487
4096,60.9996,74.6473,121.658,555.442,139.875,611.125,0,46.6546,14.3451,1.30747
4097,134.899,175.506,525.509,289.244,648.049,197.977,0,109.691,25.2076,1.2298
4098,50.1998,57.6861,412.541,134.49,405.947,78.1818,0,36.0538,14.146,1.39236
4099,14.2,11.2713,606.694,547.376,616.489,542.449,0,7.04457,7.15545,2.01574
4100,377.214,218.234,498.59,464.874,615.514,539.924,0,136.396,240.818,2.76558
4101,118.999,107.972,286.255,280.339,250.339,184.911,0,67.4824,51.5164,1.7634
4102,46.4999,58.0904,314.148,768.035,311.818,818.31,0,36.3065,10.1934,1.28076
4103,437.717,290.161,347.758,422.552,349.903,174.801,0,181.351,256.367,2.41365
4104,205.903,150.088,442.744,259.988,355.803,174.298,0,93.8047,112.099,2.19502
4105,0,0,656.783,133.182,656.783,133.182,0,0,0,0
4106,20.4,25.4163,148.153,590.511,139.879,611.153,0,15.8852,4.51485,1.28422
4107,3.7,2.88497,133.065,613.242,135.745,614.308,0,1.80311,1.89689,2.05201
4108,232.905,134.892,521.43,655.652,613.274,612.749,0,84.3073,148.598,2.76257
4109,145.6,104.588,356.868,225.856,349.862,174.789,0,65.3676,80.2321,2.2274
4110,69.3995,80.3327,224.048,626.874,144.829,616.208,0,50.2079,19.1916,1.38224
4111,485.72,314.113,387.718,517.526,594.901,501.581,1,196.321,289.4,2.47412
4112,232.505,130.408,208.169,306.695,249.252,185.208,0,81.5049,151,2.85265
4113,8.2,8.75553,152.277,684.904,149.934,693.339,0,5.47221,2.72779,1.49848
4114,223.404,153.189,485.768,199.853,356.122,173.581,0,95.743,127.661,2.33338
4115,156.7,144.106,528.529,159.468,653.549,130.046,0,90.0661,66.6343,1.73984
4116,124.399,115.074,190.721,255.219,248.371,184.832,0,71.9215,52.4771,1.72964
4117,21.6,19.5159,163.483,619.062,144.797,615.877,0,12.1974,9.40261,1.77087
4118,54.9997,59.4184,570.719,781.902,611.092,755.439,0,37.1365,17.8632,1.48101
4119,299.309,199.347,472.028,276.74,355.824,174.235,0,124.592,174.717,2.40232
4120,123.999,143.648,532.02,182.99,648.192,190.996,0,89.7802,34.2185,1.38114
4121,209.204,162.25,275.079,664.78,144.791,616.215,0,101.406,107.797,2.06303
4122,485.72,284.273,374.523,499.919,586.685,474.436,1,177.67,308.05,2.73383
4123,408.916,200.599,504.934,519.688,613.185,612.891,0,125.374,283.542,3.26156
4124,91.7992,85.3649,530.151,611.466,613.184,612.859,0,53.3531,38.4461,1.7206
4125,87.7992,90.7275,105.771,470.967,67.7425,405.597,0,56.7047,31.0946,1.54836
4126,321.31,222.017,390.815,337.623,349.737,174.71,0,138.761,182.55,2.31557
4127,295.709,198.178,475.908,548.442,613.254,612.748,0,123.861,171.848,2.38743
4128,54.4997,59.347,592.618,696.872,612.377,752.077,0,37.0919,17.4079,1.46932
4129,242.506,205.822,446.899,323.993,355.848,174.236,0,128.639,113.867,1.88517
4130,221.404,176.758,234.873,553.063,144.798,615.754,0,110.474,110.93,2.00413
4131,116.899,144.329,386.097,709.677,313.382,818.175,0,90.2058,26.6929,1.29591
4132,80.8993,88.7148,279.196,263.869,250.197,185.03,0,55.4468,25.4526,1.45905
4133,115.499,118.887,295.778,282.496,250.576,184.835,0,74.3046,41.1942,1.5544
4134,116.299,97.6512,155.319,516.181,139.88,611.123,0,61.032,55.2668,1.90554
4135,81.2993,66.0485,300.93,762.824,311.533,818.388,0,41.2803,40.019,1.96945
4136,395.815,303.782,310.987,461.378,67.7125,405.454,0,189.864,205.951,2.08473
4137,148,164.481,537.982,226.611,648.224,190.933,0,102.801,45.199,1.43967
4138,13.2,13.0368,602.764,743.23,612.269,752.328,0,8.14802,5.05199,1.62003
4139,235.705,231.546,433.132,703.023,312.34,818.078,0,144.717,90.9887,1.62874
4140,428.917,257.292,472.66,511.817,613.255,612.81,0,160.808,268.109,2.66727
4141,154.3,161.327,340.187,665.795,312.655,818.014,0,100.83,53.4706,1.53031
4142,359.413,307.367,324.78,449.597,67.8211,405.335,0,192.104,167.308,1.87092
4143,433.717,295.072,359.175,435.412,349.914,174.775,0,184.42,249.298,2.35179
4144,111.299,137.551,531.881,188.833,647.572,192.002,0,85.9695,25.3294,1.29463
4145,362.813,224.303,460.648,335.647,356.016,173.629,0,140.189,222.624,2.58803
4146,8.6,8.65613,593.911,832.043,602.408,833.475,0,5.41008,3.18992,1.58962
4147,126.299,126.086,129.716,476.546,67.6837,405.488,0,78.804,47.4946,1.60269
4148,2.5,1.59055,247.144,174.621,247.798,176.071,0,0.994096,1.5059,2.51485
4149,485.72,146.204,132.193,538.843,125.159,538.098,1,91.3778,394.343,5.31552
4150,53.7998,61.4406,314.156,764.999,311.779,818.299,0,38.4004,15.3994,1.40102
4151,262.207,312.639,391.62,574.773,313.123,818.104,0,195.399,66.8073,1.3419
4152,67.9995,51.6604,111.946,416.433,67.6711,404.812,0,32.2878,35.7118,2.10605
4153,131.299,110.253,246.751,759.699,310.482,818.861,0,68.9083,62.3905,1.90541
4154,6.5,6.32112,641.928,189.268,647.665,191.922,0,3.9507,2.5493,1.64528
4155,220.904,177.689,275.623,582.286,144.837,616.066,0,111.056,109.848,1.98913
4156,396.915,302.836,348.016,523.914,144.748,615.706,0,189.273,207.642,2.09705
4157,245.306,156.351,447.48,257.968,355.971,173.609,0,97.7192,147.587,2.51031
4158,103.899,110.846,574.842,444.413,615.456,540.069,0,69.2785,34.6205,1.49973
4159,485.72,325.458,393.748,519.165,601.171,525.121,1,203.411,282.309,2.38787
4160,74.1994,90.4262,573.448,479.352,615.619,539.563,0,56.5164,17.6831,1.31288
4161,485.72,233.527,414.346,505.487,581.76,466.07,1,145.955,339.766,3.32789
4162,238.105,180.253,435.352,303.743,356.117,173.626,0,112.658,125.447,2.11352
4163,72.2995,35.7272,245.546,220.301,249.576,185.183,0,22.3295,49.97,3.23784
4164,22.6,19.9188,596.7,604.007,613.253,612.812,0,12.4493,10.1508,1.81537
4165,200.303,187.173,396.55,294.657,355.727,174.308,0,116.983,83.3202,1.71224
4166,251.506,153.905,564.456,545.983,613.206,612.768,0,96.1904,155.316,2.61467
4167,238.105,114.769,225.375,296.22,249.356,185.241,0,71.7309,166.374,3.31943
4168,172.701,117.901,251.819,612.093,144.801,615.869,0,73.6882,99.0131,2.34368
4169,25.2001,29.1727,620.801,207.85,647.946,197.596,0,18.2329,6.96711,1.38212
4170,96.7991,108.067,577.356,447.205,615.606,539.672,0,67.5421,29.257,1.43317
4171,77.9994,82.2037,225.652,628.965,144.816,615.991,0,51.3773,26.6221,1.51817
4172,128.099,94.6346,231.605,623.665,144.76,615.756,0,59.1466,68.952,2.16578
4173,174.501,190.943,409.952,685.774,313.487,818.259,0,119.339,55.1621,1.46223
4174,225.405,150.991,187.544,307.548,249.462,185.193,0,94.3692,131.035,2.38854
4175,259.107,167.11,488.226,214.909,355.832,174.227,0,104.444,154.663,2.48082
4176,45.8999,36.7847,289.219,185.639,253.318,183.061,0,22.9905,22.9094,1.99647
4177,385.814,291.241,263.111,481.314,67.8092,405.396,0,182.026,203.789,2.11956
4178,35.5,38.2292,174.193,630.862,144.817,615.939,0,23.8932,11.6068,1.48578
4179,134.699,110.413,234.714,606.639,144.693,615.618,0,69.008,65.691,1.95193
4180,165.601,121.797,430.06,240.026,355.691,174.307,0,76.1231,89.4778,2.17543
4181,171.501,119.516,165.382,369.881,67.8459,404.957,0,74.6975,96.8038,2.29594
4182,485.72,247.942,460.401,475.513,603.718,535.235,1,154.964,330.757,3.13441
4183,22.7001,21.6577,273.201,190.479,253.131,183.414,0,13.5361,9.16398,1.677
4184,16.9,17.3354,585.059,833.977,602.431,833.234,0,10.8346,6.06539,1.55981
4185,164.601,126.324,166.65,365.563,67.8175,405.076,0,78.9522,85.6486,2.08482
4186,380.714,240.709,472.273,250.67,355.78,174.207,0,150.443,230.271,2.53062
4187,77.0994,74.9516,554.278,731.581,611.964,752.797,0,46.8447,30.2547,1.64585
4188,125.499,99.0654,138.794,520.775,139.954,611.152,0,61.9159,63.5828,2.02692
4189,94.7991,91.6596,146.459,522.021,139.856,611.123,0,57.2873,37.5118,1.6548
4190,210.704,133.902,293.134,293.119,250.74,184.682,0,83.6888,127.015,2.5177
4191,3.7,2.61791,603.391,811.814,606.133,812.548,0,1.63619,2.06381,2.26135
4192,274.808,278.765,287.088,493.292,139.646,611.156,0,174.228,100.579,1.57728
4193,27.9001,36.1825,589.065,529.083,615.608,540.383,0,22.6141,5.28599,1.23375
4194,113.499,139.467,531.207,186.552,647.841,191.652,0,87.1668,26.3321,1.30209
4195,113.499,100.316,553.588,123.661,653.544,130.048,0,62.6972,50.8016,1.81027
4196,13.2,16.0005,256.303,199.68,250.818,184.659,0,10.0003,3.19971,1.31996
4197,12.2,13.7414,244.96,197.632,249.714,185.146,0,8.58835,3.61166,1.42053
4198,276.008,206.393,612.842,382.151,615.595,539.739,0,128.996,147.012,2.13967
4199,178.702,88.0932,542.871,636.918,613.222,612.819,0,55.0583,123.643,3.24568
4200,392.415,275.62,286.402,457.541,67.6652,404.924,0,172.263,220.152,2.278
4201,170.001,132.12,513.48,719.019,612.201,752.471,0,82.5751,87.4261,2.05875
4202,61.3996,44.111,219.725,207.207,248.81,185.045,0,27.5694,33.8302,2.22709
4203,184.302,126.746,311.467,263.914,349.69,174.694,0,79.2164,105.086,2.32656
4204,135.899,115.89,192.416,256.974,248.56,184.927,0,72.4311,63.468,1.87625
4205,44.1999,40.6858,604.572,581.862,613.511,611.946,0,25.4286,18.7713,1.7382
4206,435.817,155.765,497.02,625.063,613.264,612.837,0,97.3529,338.465,4.47668
4207,485.72,266.84,432.798,466.271,603.638,538.14,1,166.775,318.945,2.91242
4208,41.8999,47.7798,402.695,171.414,355.963,173.638,0,29.8624,12.0375,1.4031
4209,401.115,271.262,365.188,407.566,349.604,174.639,0,169.539,231.576,2.36592
4210,50.8998,62.5304,563.641,791.524,606.387,811.702,0,39.0815,11.8183,1.3024
4211,355.612,222.293,469.746,367.592,630.309,334.083,0,138.933,216.679,2.5596
4212,175.602,101.197,230.645,280.952,249.209,185.141,0,63.2482,112.353,2.77639
4213,106.699,91.273,121.941,452.468,67.715,404.926,0,57.0456,49.6533,1.87041
4214,67.7995,61.7304,591.91,132.35,653.453,130.03,0,38.5815,29.218,1.75731
4215,257.106,152.288,496.673,620.321,613.217,612.751,0,95.1801,161.926,2.70126
4216,61.5996,59.5689,609.622,154.056,653.542,130.041,0,37.2305,24.3691,1.65455
4217,53.3998,56.8938,407.194,159.455,355.761,174.218,0,35.5586,17.8411,1.50174
4218,291.609,280.576,367.64,563.494,144.775,616.033,0,175.36,116.249,1.66291
4219,372.414,168.952,486.578,637.322,613.151,612.773,0,105.595,266.819,3.52682
4220,203.403,105.346,207.033,266.302,248.588,184.911,0,65.8411,137.562,3.0893
4221,169.801,171.701,373.304,674.255,313.279,818.198,0,107.313,62.4879,1.58229
4222,266.107,323.626,396.53,551.175,312.906,817.997,0,202.266,63.841,1.31563
4223,167.401,112.134,163.763,420.073,67.7983,405.412,0,70.0837,97.3173,2.38859
4224,44.0999,47.8636,613.187,168.792,647.969,191.066,0,29.9147,14.1852,1.47419
4225,230.605,172.618,368.95,305.092,349.854,174.843,0,107.886,122.718,2.13748
4226,172.301,149.034,294.144,304.221,251.114,184.574,0,93.1465,79.1548,1.84979
4227,310.11,226.126,475.151,430.225,615.61,539.719,0,141.328,168.781,2.19425
4228,181.802,176.975,211.14,498.099,140.067,611.088,0,110.609,71.1926,1.64364
4229,314.71,230.073,467.098,364.227,630.322,334.126,0,143.795,170.915,2.1886
4230,241.306,138.975,287.979,304.92,249.765,185.107,0,86.8592,154.446,2.77812
4231,29.5001,36.6843,174.582,672.9,149.687,693.184,0,22.9277,6.57236,1.28666
4232,127.099,141.315,381.318,705.807,312.362,818.098,0,88.3217,38.777,1.43904
4233,262.507,134.639,528.282,655.858,613.232,612.783,0,84.1496,178.357,3.11953
4234,117.299,103.095,220.555,650.276,144.693,615.587,0,64.4345,52.8642,1.82043
4235,156.6,195.783,518.804,271.92,648.097,198.016,0,122.365,34.2358,1.27978
4236,289.808,178.429,223.216,346.199,249.895,185.109,0,111.518,178.29,2.59876
4237,0.9,0.253665,247.733,184.82,247.914,184.608,0,0.158541,0.741459,5.67677
4238,485.72,82.0861,450.922,236.778,450.572,237.439,1,51.3038,434.417,9.46753
4239,263.507,158.787,201.777,427.418,67.7107,405.454,0,99.2421,164.265,2.65519
4240,43.0999,57.881,324.558,761.78,312.703,817.965,0,36.1756,6.92428,1.19141
4241,188.402,159.959,355.978,307.522,350.005,174.801,0,99.9742,88.4281,1.88451
4242,286.908,225.59,484.297,466.857,615.501,540.136,0,140.994,145.915,2.0349
4243,120.699,94.2643,159.734,402.025,67.7237,404.928,0,58.9152,61.7836,2.04869
4244,201.603,132.04,528.784,671.156,613.241,612.842,0,82.5253,119.078,2.44293
4245,175.702,137.326,328.587,278.451,349.869,174.826,0,85.8289,89.8726,2.04711
4246,210.904,130.45,208.572,307.297,249.116,185.119,0,81.531,129.373,2.58679
4247,281.308,188.814,240.996,375.052,67.7177,404.952,0,118.009,163.299,2.38379
4248,73.0995,94.747,339.427,727.281,312.544,818.02,0,59.2169,13.8826,1.23444
4249,122.599,85.5801,568.175,695.605,612.312,752.172,0,53.4875,69.1112,2.2921
4250,428.517,249.259,450.656,460.607,615.465,540.191,0,155.787,272.73,2.75066
4251,11.3,13.6732,634.566,187.858,647.559,192.014,0,8.54575,2.75426,1.3223
4252,33.7001,45.506,263.495,228.419,250.515,184.826,0,28.4412,5.25882,1.1849
4253,139.499,133.439,582.09,381.597,630.329,334.13,0,83.3992,56.1001,1.67267
4254,356.813,243.769,403.369,354.578,349.953,174.825,0,152.356,204.457,2.34197
4255,378.814,297.805,316.455,452.097,67.7384,404.933,0,186.128,192.686,2.03523
4256,311.01,219.529,472.766,440.892,615.565,539.739,0,137.205,173.804,2.26675
4257,346.312,197.953,215.284,458.936,67.8022,405.439,0,123.72,222.591,2.79915
4258,152,119.127,544.247,677.406,613.219,612.792,0,74.4544,77.5457,2.04152
4259,40.6,42.5564,611.133,132.909,653.482,129.953,0,26.5977,14.0022,1.52644
4260,60.6996,43.5299,253.038,227.824,250.126,185.022,0,27.2062,33.4934,2.2311
4261,106.099,96.2927,566.105,144.397,653.497,129.831,0,60.183,45.916,1.76294
4262,178.802,133.722,463.26,165.872,356.217,173.369,0,83.5761,95.2256,2.13939
4263,174.401,216.79,503.125,262.781,647.928,197.644,0,135.494,38.9076,1.28715
4264,36.9,37.6022,82.4276,430.171,67.6902,405.46,0,23.5014,13.3986,1.57012
4265,77.9994,71.472,418.896,155.426,355.741,174.234,0,44.67,33.3294,1.74612
4266,278.208,216.54,602.974,384.25,615.454,539.882,0,135.338,142.87,2.05566
4267,64.6996,63.9081,163.398,563.934,139.875,611.08,0,39.9425,24.757,1.61982
4268,485.72,302.601,416.163,506.586,602.375,527.885,1,189.125,296.595,2.56825
4269,84.3993,61.8216,253.757,240.3,249.881,185.123,0,38.6385,45.7608,2.18433
4270,485.72,295.643,405.419,576.091,589.986,613.218,1,184.777,300.944,2.62869
4271,78.1994,61.4653,205.586,217.058,248.778,185.001,0,38.4158,39.7836,2.0356
4272,73.9994,65.6505,587.967,125.677,653.497,130.05,0,41.0316,32.9679,1.80348
4273,378.814,251.161,366.652,397.691,349.747,174.674,0,156.976,221.838,2.4132
4274,226.105,123.064,529.66,668.533,613.153,612.812,0,76.9153,149.189,2.93966
4275,87.7992,84.2302,430.495,148.881,356.065,173.567,0,52.6439,35.1554,1.6678
4276,97.4991,125.302,265.804,724.036,153.008,701.658,0,78.3138,19.1853,1.24498
4277,354.512,224.46,240.946,444.257,67.7633,405.441,0,140.287,214.225,2.52705
4278,127.899,112.084,341.492,265.302,349.946,174.826,0,70.0525,57.8461,1.82575
4279,333.111,227.66,463.731,437.945,615.453,539.784,0,142.287,190.824,2.34112
4280,151.5,141.68,307.644,301.687,250.82,184.688,0,88.5499,62.9502,1.7109
4281,45.7999,33.9385,244.023,218.72,249.537,185.178,0,21.2115,24.5883,2.1592
4282,52.6998,52.2607,611.135,147.424,653.477,130.049,0,32.663,20.0368,1.61344
4283,250.006,134.352,286.265,297.62,249.756,185.132,0,83.9701,166.036,2.97732
4284,256.406,313.282,396.745,562.835,313.163,818.165,0,195.801,60.6051,1.30952
4285,57.7997,55.4938,90.4113,439.538,67.6906,405.491,0,34.6836,23.1161,1.66648
4286,317.11,217.49,602.942,388.385,615.628,539.702,0,135.931,181.179,2.33287
4287,26.3001,30.7978,623.241,132.627,653.558,129.98,0,19.2486,7.05147,1.36634
4288,343.912,158.448,501.909,677.568,613.195,612.813,0,99.0298,244.882,3.47281
4289,447.618,172.647,457.24,592.961,613.168,612.787,0,107.904,339.714,4.14829
4290,345.712,244.165,459.163,428.482,615.542,539.958,0,152.603,193.109,2.26543
4291,105.399,83.4281,183.303,208.508,248.479,184.789,0,52.1426,53.2564,2.02136
4292,71.4995,93.2272,232.291,740.402,152.536,701.754,0,58.267,13.2325,1.2271
4293,17.4,20.0031,293.179,812.644,311.779,818.441,0,12.502,4.89807,1.39178
4294,293.209,219.951,480.772,329.903,630.39,334.104,0,137.47,155.739,2.1329
4295,90.0992,103.463,518.617,758.902,611.1,755.192,0,64.6643,25.4349,1.39334
4296,9.5,10.4789,406.76,88.4111,406.04,78.1446,0,6.54929,2.95071,1.45054
4297,63.2996,47.3896,113.296,398.035,67.6785,405.583,0,29.6185,33.6811,2.13717
4298,138.699,124.949,278.708,728.583,311.652,818.366,0,78.0931,60.6061,1.77608
4299,146,102.778,292.534,737.414,311.06,818.708,0,64.2362,81.7635,2.27286
4300,30.2001,23.7987,91.1882,405.087,67.7101,404.872,0,14.8742,15.3259,2.03037
4301,83.3993,63.442,203.198,216.058,248.785,185.018,0,39.6513,43.748,2.10332
4302,307.91,291.234,376.992,560.287,144.75,615.707,0,182.021,125.888,1.69161
4303,485.72,211.964,427.666,624.33,603.304,612.46,1,132.477,353.243,3.66644
4304,166.001,137.351,501.224,339.992,630.272,333.877,0,85.8442,80.1567,1.93375
4305,28.9001,32.612,616.512,349.607,630.267,334.054,0,20.3825,8.51757,1.41789
4306,300.809,214.531,497.972,463.003,615.616,539.739,0,134.082,166.727,2.24348
4307,199.603,200.88,247.547,501.355,139.971,611.118,0,125.55,74.0531,1.58983
4308,315.61,201.75,213.764,458.112,67.7069,405.554,0,126.094,189.516,2.50297
4309,250.206,155.328,277.891,326.466,250.892,184.728,0,97.08,153.126,2.57732
4310,190.602,133.24,311.294,280.677,250.174,184.982,0,83.2751,107.327,2.28883
4311,162.001,152.185,229.627,572.335,144.742,615.676,0,95.1154,66.8853,1.7032
4312,485.72,200.817,419.046,641.43,594.057,616.167,1,125.51,360.21,3.86996
4313,329.711,206.832,469.301,384.049,630.268,334.133,0,129.27,200.441,2.55056
4314,39.5,53.8487,202.317,722.596,152.738,701.781,0,33.6555,5.84451,1.17366
4315,101.299,80.0224,186.958,209.271,248.782,184.994,0,50.014,51.285,2.02541
4316,103.899,81.3192,583.392,368.963,630.419,334.365,0,50.8245,53.0745,2.04427
4317,166.301,149.535,526.155,166.04,653.49,130.046,0,93.4596,72.8414,1.77939
4318,485.72,277.981,412.651,435.944,605.957,536.606,1,173.738,311.982,2.79571
4319,389.215,222.028,477.699,368.598,630.284,334.113,0,138.768,250.447,2.8048
4320,0,0,637.596,332.621,637.596,332.621,0,0,0,0
4321,164.101,112.458,176.746,405.354,67.838,405.401,0,70.2863,93.8145,2.33475
4322,121.399,103.442,292.953,738.121,311.666,818.375,0,64.651,56.7477,1.87775
4323,257.106,174.177,216.922,351.6,67.649,404.898,0,108.861,148.246,2.3618
4324,196.403,148.069,370.723,270.977,349.59,174.644,0,92.5432,103.86,2.12228
4325,211.304,153.073,518.857,557.732,613.256,612.843,0,95.6705,115.633,2.20866
4326,77.0994,77.0778,198.544,644.456,144.828,616.217,0,48.1736,28.9258,1.60045
4327,103.299,126.602,520.465,735.277,611.067,755.157,0,79.1261,24.1729,1.3055
4328,36.9,38.6316,616.48,198.261,648.391,198.094,0,24.1447,12.7553,1.52828
4329,49.7998,67.3078,202.504,694.541,152.748,701.673,0,42.0674,7.73241,1.18381
4330,239.905,144.732,195.882,304.846,248.564,184.839,0,90.4576,149.448,2.65213
4331,56.2997,65.0689,554.048,774.391,611.249,755.503,0,40.6681,15.6316,1.38437
4332,241.706,174.014,227.988,401.778,67.7493,404.949,0,108.759,132.947,2.2224
4333,186.902,123.073,176.936,376.234,67.7488,404.871,0,76.9203,109.982,2.42981
4334,376.714,249.728,279.9,414.128,67.7116,404.909,0,156.08,220.634,2.41359
4335,0,0,604.886,831.502,604.889,831.505,0,0,0,0
4336,307.71,224.085,407.768,333.834,355.785,174.251,0,140.053,167.656,2.19709
4337,126.399,89.4894,547.245,640.686,613.217,612.821,0,55.9309,70.4677,2.25991
4338,338.211,161.367,544.534,540.544,613.23,612.775,0,100.854,237.357,3.35346
4339,152.8,158.022,582.578,411.109,615.594,539.739,0,98.7639,54.0362,1.54713
4340,392.115,248.492,459.619,465.706,615.461,539.896,0,155.308,236.807,2.52476
4341,148.3,144.003,143.009,468.402,67.6575,405.464,0,90.002,58.2979,1.64774
4342,259.807,134.492,514.619,655.698,613.273,612.816,0,84.0574,175.749,3.09083
4343,103.799,137.971,268.742,697.426,149.464,693.345,0,86.2317,17.5673,1.20372
4344,80.0993,74.2779,592.387,682.588,612.284,752.102,0,46.4237,33.6756,1.7254
4345,2.1,1.09474,652.954,188.9,652.662,189.955,0,0.684212,1.41579,3.06922
4346,52.0998,73.4451,332.308,747.725,312.728,818.055,0,45.9032,6.19657,1.13499
4347,382.914,225.171,468.44,365.133,630.384,334.05,0,140.732,242.182,2.72087
4348,0.9,0.288265,407.66,77.8155,407.57,77.5419,0,0.180166,0.719834,4.9954
4349,163.001,107.545,237.45,287.35,249.137,185.146,0,67.2158,95.785,2.42504
4350,41.9999,27.4877,594.41,624.559,613.193,612.921,0,17.1798,24.8201,2.44473
4351,451.118,319.453,376.847,452.444,349.929,174.806,0,199.658,251.46,2.25945
4352,0,0,138.873,613.989,138.873,613.989,0,0,0,0
4353,140.599,94.3294,172.915,209.124,248.764,184.957,0,58.9559,81.6435,2.38482
4354,220.604,142.604,165.195,448.747,67.813,405.293,0,89.1275,131.477,2.47515
4355,262.007,169.809,487.915,216.39,355.972,173.629,0,106.13,155.876,2.46872
4356,147.7,130.13,534.855,150.872,653.53,130.046,0,81.3315,66.3684,1.81602
4357,194.003,174.847,227.862,551.504,144.836,615.97,0,109.279,84.7236,1.7753
4358,94.2991,94.7467,238.305,633.225,144.764,616.132,0,59.2167,35.0824,1.59244
4359,333.011,242.948,307.216,374.404,248.426,184.816,0,151.842,181.169,2.19314
4360,156.6,113.776,249.049,616.555,144.784,615.798,0,71.1101,85.4903,2.20222
4361,43.6999,56.6757,593.006,496.182,615.568,540.418,0,35.4223,8.27762,1.23368
4362,33.0001,19.679,269.069,194.521,253.003,183.771,0,12.2994,20.7007,2.68307
4363,131.299,95.4773,230.997,276.916,249.096,185.107,0,59.6733,71.6255,2.20029
4364,333.911,202.714,267.329,359.421,249.09,185.12,0,126.696,207.215,2.63553
4365,53.2998,65.3643,593.967,199.697,647.958,197.98,0,40.8527,12.4471,1.30468
4366,133.099,114.678,526.849,357.557,630.434,334.373,0,71.6737,61.4252,1.85701
4367,126.999,110.805,550.6,137.287,653.452,129.955,0,69.2532,57.7454,1.83383
4368,40.3,38.6034,579.149,768.372,611.079,755.245,0,24.1271,16.1728,1.67032
4369,25.2001,30.142,139.126,650.871,139.887,620.839,0,18.8388,6.36128,1.33767
4370,61.0996,68.5787,606.557,239.061,648.376,198.188,0,42.8617,18.238,1.42551
4371,159.901,120.806,345.029,272.187,349.894,174.629,0,75.5036,84.3969,2.11779
4372,15.1,18.548,317.432,800.357,312.561,818.039,0,11.5925,3.50749,1.30256
4373,71.7995,41.538,223.107,212.537,248.735,184.927,0,25.9612,45.8382,2.76564
4374,449.418,161.591,459.224,600.163,613.27,612.828,0,100.994,348.424,4.44994
4375,30.5001,25.4948,598.964,596.751,613.276,612.544,0,15.9343,14.5658,1.91412
4376,218.404,175.594,368.688,309.607,349.458,174.516,0,109.746,108.658,1.99009
4377,108.399,92.6832,417.746,217.928,356.2,173.255,0,57.927,50.4719,1.8713
4378,59.8997,38.1684,227.815,211.675,248.569,184.935,0,23.8553,36.0444,2.51096
4379,149.6,105.878,289.288,741.885,310.565,818.804,0,66.1739,83.426,2.26071
4380,244.206,112.57,232.67,295.66,249.118,185.125,0,70.356,173.85,3.471
4381,190.302,128.569,212.628,304.281,248.478,184.841,0,80.3558,109.947,2.36825
4382,53.9997,66.1417,600.632,363.985,630.268,334.066,0,41.3385,12.6612,1.30628
4383,45.4999,53.5715,577.656,339.763,630.25,334.141,0,33.4822,12.0177,1.35893
4384,46.8999,46.1518,580.858,780.044,611.148,755.445,0,28.8449,18.055,1.62593
4385,34.7,45.7956,590.833,519.906,615.755,540.536,0,28.6223,6.07779,1.21234
4386,259.907,174.921,295.014,332.743,251.051,184.601,0,109.326,150.581,2.37736
4387,177.302,131.521,293.553,290.262,250.8,184.693,0,82.2009,95.1007,2.15693
4388,74.5994,89.9949,529.797,779.816,611.143,755.054,0,56.2468,18.3526,1.32629
4389,15.4,16.6363,371.079,180.397,355.8,174.14,0,10.3977,5.00234,1.4811
4390,315.51,200.984,244.849,364.917,67.7611,404.961,0,125.615,189.895,2.51173
4391,338.011,212.78,265.538,367.578,249.825,185.116,0,132.987,205.024,2.54168
4392,255.606,281.119,302.975,514.856,140.104,611.076,0,175.699,79.9071,1.45479
4393,250.606,214.932,371.683,632.923,312.421,818.085,0,134.333,116.273,1.86556
4394,117.699,94.0801,159.893,395.539,67.6908,404.907,0,58.8,58.8987,2.00168
4395,158.7,124.18,167.52,367.389,67.7744,405.037,0,77.6122,81.0883,2.04479
4396,296.609,164.193,478.204,654.886,613.247,612.82,0,102.621,193.988,2.89034
4397,37.5,46.6541,324.523,199.841,350.257,174.93,0,29.1588,8.34118,1.28606
4398,157.1,157.361,307.95,691.673,312.246,818.225,0,98.3507,58.7497,1.59735
4399,191.602,163.705,491.707,114.306,653.497,130.166,0,102.316,89.2869,1.87266
4400,313.71,214.385,474.958,381.307,630.257,334.056,0,133.991,179.719,2.34128
4401,49.2998,60.3891,592.209,307.646,630.354,334.085,0,37.7432,11.5566,1.30619
4402,399.415,174.398,462.491,641.633,613.157,612.754,0,108.999,290.416,3.66439
4403,326.111,209.106,281.333,377.15,250.581,184.846,0,130.691,195.42,2.49528
4404,401.815,164.736,485.905,665.779,613.167,612.848,0,102.96,298.855,3.90264
4405,273.207,193.727,442.432,313.538,355.793,174.219,0,121.079,152.128,2.25643
4406,485.72,270.865,433.005,426.339,605.825,539.334,1,169.291,316.43,2.86915
4407,358.513,208.877,223.239,461.987,67.6718,404.897,0,130.548,227.964,2.74621
4408,269.507,234.946,330.125,570.927,144.837,616.216,0,146.841,122.666,1.83537
4409,249.706,166.072,277.595,593.767,144.654,615.692,0,103.795,145.911,2.40576
4410,366.713,279.472,427.874,410.434,630.341,334.07,0,174.67,192.043,2.09946
4411,212.004,116.733,199.955,257.358,248.625,184.884,0,72.9581,139.046,2.90583
4412,65.3996,76.8992,202.467,703.625,152.583,701.764,0,48.062,17.3376,1.36073
4413,145.1,89.7048,536.588,600.813,613.216,612.843,0,56.0655,89.0341,2.58804
4414,70.5995,76.4901,584.568,314.883,630.33,334.07,0,47.8063,22.7932,1.47678
4415,2.9,1.70844,652.79,188.267,652.12,189.839,0,1.06778,1.83222,2.71592
4416,389.915,313.583,309.864,466.547,67.7389,404.886,0,195.989,193.925,1.98947
4417,56.7997,66.4262,589.362,487.722,615.674,540.335,0,41.5164,15.2833,1.36813
4418,355.712,246.235,507.439,489.596,615.669,539.675,0,153.897,201.815,2.31137
4419,237.205,182.237,379.904,303.934,350.216,174.839,0,113.898,123.307,2.08261
4420,305.709,150.482,487.375,648.897,613.23,612.85,0,94.0516,211.658,3.25045
4421,292.309,209.565,367.759,352.932,349.783,174.735,0,130.978,161.331,2.23174
4422,52.0998,26.7529,274.506,198.626,252.622,184.031,0,16.7206,35.3792,3.11591
4423,85.1993,111.638,585.565,270.502,647.919,197.842,0,69.7735,15.4258,1.22108
4424,238.305,164.975,524.726,444.021,615.548,539.827,0,103.109,135.196,2.31119
4425,187.502,148.52,278.36,655.127,144.806,616.177,0,92.825,94.6772,2.01995
4426,42.0999,41.1323,119.827,587.229,139.947,611.118,0,25.7077,16.3922,1.63764
4427,203.603,131.863,211.846,310.155,249.156,185.122,0,82.4141,121.189,2.47049
4428,73.9994,74.4712,318.153,751.94,311.067,818.562,0,46.5445,27.455,1.58987
4429,207.803,195.292,239.044,495.465,139.913,611.146,0,122.057,85.746,1.70251
4430,179.202,114.329,169.34,378.733,67.773,405.441,0,71.4555,107.746,2.50788
4431,410.016,276.789,414.472,376.72,350.164,174.762,0,172.993,237.022,2.37013
4432,114.799,96.893,433.73,198.597,356.337,173.164,0,60.5581,54.2407,1.89568
4433,15.3,15.7098,403.55,93.3816,405.803,78.1454,0,9.81864,5.48139,1.55826
4434,222.404,143.835,277.373,644.456,144.748,615.843,0,89.8966,132.508,2.474
4435,212.704,239.314,319.184,371.922,251.352,184.518,0,149.571,63.1325,1.42209
4436,59.4997,75.9719,202.301,702.431,152.602,701.838,0,47.4824,12.0172,1.25309
4437,445.318,220.297,481.589,520.555,613.176,612.814,0,137.686,307.632,3.23431
4438,26.1001,31.6544,134.98,651.914,139.934,620.874,0,19.784,6.31608,1.31925
4439,288.108,238.604,411.029,346.697,355.78,174.19,0,149.127,138.981,1.93196
4440,390.915,302.236,269.479,458.971,67.7045,405.507,0,188.897,202.017,2.06945
4441,52.3998,58.9491,577.093,715.861,612.361,752.09,0,36.8432,15.5566,1.42224
4442,162.201,143.92,517.967,132.07,653.544,129.954,0,89.9499,72.2508,1.80323
4443,485.72,270.189,409.34,504.68,588.186,483.295,1,168.868,316.852,2.87633
4444,4.1,3.2096,310.954,815.137,311.611,818.371,0,2.006,2.094,2.04387
4445,107.099,141.988,263.469,664.97,149.526,693.205,0,88.7426,18.3564,1.20685
4446,29.2001,34.667,153.922,643.657,139.874,620.892,0,21.6669,7.53319,1.34768
4447,118.199,108.719,231.465,606.449,144.738,616.301,0,67.9493,50.2494,1.73951
4448,45.8999,44.188,583.273,779.614,611.112,755.189,0,27.6175,18.2824,1.66199
4449,299.009,157.998,156.024,458.491,67.6799,405.515,0,98.7484,200.261,3.02799
4450,201.703,154.152,553.853,421.18,615.557,539.718,0,96.345,105.358,2.09355
4451,485.72,244.881,440.105,590.276,593.825,614.972,1,153.05,332.67,3.1736
4452,352.712,251.939,483.867,358.996,630.376,334.098,0,157.462,195.25,2.23998
4453,15.9,19.1128,374.261,179.582,355.926,174.135,0,11.9455,3.95451,1.33105
4454,201.303,186.316,521.217,425.51,630.32,334.204,0,116.447,84.8557,1.7287
4455,100.499,114.563,561.544,209.004,647.656,191.805,0,71.6016,28.8974,1.40359
4456,485.72,317.819,397.826,507.793,600.533,522.602,1,198.637,287.084,2.44527
4457,87.3992,112.76,337.666,708.518,312.74,817.959,0,70.4752,16.9241,1.24014
4458,485.72,222.938,433.443,665.343,595.453,614.376,1,139.336,346.384,3.48596
4459,11,9.75735,358.046,183.83,355.142,174.531,0,6.09834,4.90166,1.80377
4460,52.5998,65.7057,269.689,247.374,250.342,184.876,0,41.0661,11.5337,1.28086
4461,75.6994,64.1636,393.512,186.192,355.833,174.207,0,40.1022,35.5972,1.88766
4462,11.2,12.5605,79.805,408.257,67.7742,404.97,0,7.85032,3.34969,1.42669
4463,387.314,267.343,423.557,398.051,630.276,334.051,0,167.089,220.225,2.31801
4464,106.399,91.354,546.203,333.369,630.261,333.86,0,57.0963,49.3027,1.8635
4465,374.214,287.325,428.723,414.43,630.288,334.137,0,179.578,194.635,2.08385
4466,406.316,317.618,329.841,474.388,144.727,615.676,0,198.511,207.804,2.04681
4467,214.304,132.737,150.383,428.128,67.7485,405.497,0,82.9604,131.343,2.58321
4468,308.61,172.39,166.728,306.842,249.129,185.138,0,107.744,200.866,2.86429
4469,444.018,294.042,356.359,433.251,349.605,174.555,0,183.776,260.241,2.41608
4470,72.0995,67.1177,600.608,362.732,630.29,334.128,0,41.9485,30.1509,1.71876
4471,294.509,185.891,205.707,346.679,67.7972,405.201,0,116.182,178.327,2.53489
4472,43.7999,31.811,99.0493,399.514,67.7602,404.952,0,19.8819,23.918,2.20301
4473,437.517,251.786,465.17,501.061,613.199,612.834,0,157.366,280.151,2.78025
4474,161.601,140.091,568.009,416.13,615.561,539.917,0,87.5571,74.0435,1.84566
4475,224.304,140.239,497.89,650.511,613.25,612.836,0,87.6496,136.655,2.5591
4476,160.801,183.644,389.017,676,313.42,818.2,0,114.778,46.0229,1.40097
4477,181.902,178.598,514.246,198.502,647.611,191.865,0,111.624,70.2781,1.6296
4478,136.099,153.268,538.868,213.322,648.144,191.002,0,95.7923,40.3069,1.42077
4479,92.8992,106.655,602.325,459.703,615.671,539.704,0,66.6593,26.2398,1.39364
4480,120.699,97.7116,539.18,352.796,630.298,334.123,0,61.0697,59.629,1.97641
4481,410.916,273.637,411.45,375.628,349.922,174.723,0,171.023,239.893,2.40269
4482,156.8,105.812,167.426,387.292,67.8021,405.332,0,66.1327,90.6676,2.371
4483,134.999,152.864,529.51,211.058,647.598,191.858,0,95.5398,39.4592,1.41301
4484,59.6997,61.783,566.859,729.685,612.085,752.648,0,38.6144,21.0853,1.54605
4485,126.699,99.4931,297.572,736.39,311.134,818.6,0,62.1832,64.5154,2.03751
4486,375.914,226.62,456.1,383.184,630.308,334.134,0,141.637,234.276,2.65406
4487,281.608,161.345,217.254,417.732,67.7994,405.408,0,100.841,180.767,2.79261
4488,155.9,156.947,308.018,692.471,312.026,818.187,0,98.0916,57.8087,1.58933
4489,172.201,137.337,166.36,481.332,139.855,611.143,0,85.8357,86.3656,2.00617
4490,61.1996,59.326,607.549,368.011,630.336,334.14,0,37.0788,24.1209,1.65053
4491,320.51,244.428,285.182,546.557,144.789,615.98,0,152.767,167.743,2.09803
4492,67.6995,65.0189,595.677,689.974,612.365,751.865,0,40.6368,27.0627,1.66596
4493,18.5,19.8339,409.228,97.3578,405.624,78.0737,0,12.3962,6.10386,1.4924
4494,356.013,305.446,312.229,465.552,67.8079,404.97,0,190.903,165.109,1.86488
4495,76.4994,80.5961,146.705,531.485,139.931,611.156,0,50.3726,26.1268,1.51867
4496,216.404,208.541,316.097,640.868,312.494,817.963,0,130.338,86.0659,1.66033
4497,111.499,102.844,117.923,466.51,67.7462,404.916,0,64.2773,47.2215,1.73465
4498,473.62,319.167,388.363,445.969,349.916,174.676,0,199.48,274.14,2.37428
4499,485.72,264.679,408.453,469.777,598.146,512.737,1,165.424,320.296,2.93621
4500,95.3991,105.978,557.156,479.334,615.612,539.723,0,66.236,29.1631,1.44029
4501,262.007,186.671,517.808,455.203,615.522,539.85,0,116.669,145.337,2.24572
4502,485.72,202.451,451.947,680.472,596.613,613.495,1,126.532,359.188,3.83872
4503,69.0995,43.2545,224.658,216.458,249.016,185.003,0,27.0341,42.0654,2.55602
4504,381.114,260.41,425.386,392.649,630.377,334.145,0,162.756,218.358,2.34163
4505,311.91,205.755,214.178,459.781,67.7331,405.469,0,128.597,183.313,2.42549
4506,58.6997,65.5394,553.814,774.919,611.056,755.383,0,40.9621,17.7376,1.43302
4507,9.5,9.56322,357.523,183.917,353.401,175.28,0,5.97701,3.52299,1.58942
4508,271.707,273.746,299.521,521.629,139.751,611.152,0,171.091,100.616,1.58808
4509,13.4,10.8243,591.23,834.192,602.352,833.222,0,6.76516,6.63485,1.98074
4510,88.2992,64.0091,268.001,246.365,249.144,185.146,0,40.0057,48.2936,2.20717
4511,485.72,241.18,443.921,597.288,593.227,615.109,1,150.737,334.983,3.2223
4512,189.702,132.793,115.938,506.645,139.639,611.238,0,82.9957,106.707,2.28569
4513,309.91,211.225,470.542,379.411,630.272,334.068,0,132.016,177.894,2.34752
4514,283.908,294.755,273.983,485.89,139.947,611.095,0,184.222,99.6864,1.54112
4515,430.317,292.733,370.244,430.535,349.888,174.838,0,182.958,247.359,2.352
4516,4,3.50241,650.483,131.857,653.855,130.912,0,2.18901,1.81099,1.82731
4517,229.105,178.551,240.806,395.371,67.6728,404.892,0,111.595,117.51,2.05301
4518,219.604,175.885,511.96,404.574,630.369,334.392,0,109.928,109.676,1.99771
4519,130.099,115.497,184.113,254.496,248.633,184.905,0,72.1855,57.9133,1.80228
4520,348.712,204.694,471.891,384.849,630.254,334.11,0,127.934,220.779,2.72573
4521,485.72,249.729,448.229,463.362,608.594,540.777,1,156.081,329.64,3.11199
4522,143.3,156.739,343.82,671.386,312.985,818.095,0,97.9619,45.3377,1.46281
4523,21.1,21.2117,595.919,739.228,612.252,752.324,0,13.2573,7.84275,1.59158
4524,149.6,166.493,230.251,523.468,140.028,611.142,0,104.058,45.5421,1.43766
4525,114.899,102.647,552.069,125.373,653.535,129.992,0,64.1541,50.7447,1.79098
4526,161.501,117.126,167.613,505.006,139.78,611.08,0,73.2036,88.2971,2.20619
4527,149.7,139.959,308.025,299.821,250.834,184.675,0,87.4743,62.2256,1.71136
4528,183.902,189.72,409.47,686.429,312.975,818.098,0,118.575,65.3273,1.55094
4529,385.314,319.594,330.965,476.619,144.838,616.228,0,199.747,185.568,1.92902
4530,80.9993,98.3069,521.795,777.721,611.089,755.304,0,61.4418,19.5575,1.31831
4531,40.4,34.4443,582.953,600.013,613.264,613.049,0,21.5277,18.8722,1.87665
4532,485.72,279.943,456.375,547.648,590.283,614.479,1,174.964,310.756,2.77611
4533,109.799,111.223,289.726,280.238,250.435,184.823,0,69.5144,40.2845,1.57951
4534,103.399,129.027,371.203,711.645,313.422,818.202,0,80.6416,22.7574,1.2822
4535,41.2999,35.0632,581.251,600.438,613.313,612.458,0,21.9145,19.3854,1.88459
4536,180.402,191.434,431.423,712.243,313.094,818.068,0,119.646,60.7554,1.50779
4537,58.8997,60.6681,589.13,697.339,612.201,752.507,0,37.9175,20.9821,1.55336
4538,208.404,159.618,275.168,597.695,144.796,616.141,0,99.7613,108.642,2.08902
4539,22.4,25.0886,168.424,622.683,144.796,615.938,0,15.6803,6.7197,1.42854
4540,224.905,201.765,330.07,628.399,144.835,615.862,0,126.103,98.8014,1.7835
4541,98.3991,72.1286,572.009,707.921,612.314,752.31,0,45.0804,53.3187,2.18275
4542,287.708,296.682,280.472,484.084,139.664,611.075,0,185.426,102.282,1.5516
4543,28.5001,30.6792,600.448,784.423,606.483,811.529,0,19.1745,9.32555,1.48635
4544,275.808,159.551,181.611,301.267,248.298,184.767,0,99.7193,176.088,2.76584
4545,123.199,131.483,306.32,273.381,250.285,184.925,0,82.1767,41.0219,1.49919
4546,185.502,190.159,513.715,229.539,648.251,190.939,0,118.849,66.6527,1.56082
4547,370.313,286.445,276.803,453.801,67.7612,405.154,0,179.028,191.285,2.06846
4548,137.999,119.487,545.747,153.109,653.46,130.045,0,74.6793,63.32,1.84789
4549,35.1,33.0445,593.72,776.566,611.055,755.435,0,20.6528,14.4472,1.69953
4550,173.401,155.634,526.664,398.438,630.416,334.371,0,97.2715,76.1298,1.78265
4551,151.7,122.188,185.966,262.809,248.479,184.801,0,76.3677,75.3323,1.98644
4552,143.4,116.503,184.981,257.944,248.699,184.943,0,72.8142,70.5854,1.96939
4553,45.5999,54.2355,600.809,206.719,647.976,198.038,0,33.8972,11.7027,1.34524
4554,248.306,213.69,493.235,426.348,630.367,334.514,0,133.556,114.75,1.85919
4555,14.5,15.8155,151.752,677.734,149.689,693.182,0,9.8847,4.61532,1.46692
4556,70.2995,85.8549,233.766,724.269,153.221,701.418,0,53.6593,16.6402,1.31011
4557,176.002,113.056,164.755,420.662,67.6621,405.489,0,70.6597,105.342,2.49083
4558,78.8994,84.5551,337.287,231.805,349.512,174.616,0,52.8469,26.0525,1.49298
4559,39.1,37.505,581.557,765.696,611.135,755.388,0,23.4406,15.6594,1.66804
4560,123.899,92.0803,605.346,702.93,612.384,752.027,0,57.5502,66.3485,2.15288
4561,5.7,4.75101,601.392,813.567,606.028,812.736,0,2.96938,2.73061,1.91959
4562,355.913,186.914,549.846,528.853,613.184,612.864,0,116.821,239.092,3.04665
4563,417.316,242.463,458.544,421.728,615.563,539.985,0,151.539,265.777,2.75385
4564,203.103,188.299,258.046,581.222,144.768,615.983,0,117.687,85.4162,1.72579
4565,353.112,272.395,316.73,518.474,144.829,616.167,0,170.247,182.866,2.07412
4566,231.605,186.157,514.123,454.86,615.563,539.89,0,116.348,115.257,1.99062
4567,331.011,224.754,343.124,599.571,144.722,615.67,0,140.471,190.54,2.35643
4568,377.214,191.12,529.03,522.559,613.177,612.83,0,119.45,257.763,3.15791
4569,64.9996,70.5072,605.067,240.205,648.395,198.09,0,44.067,20.9326,1.47502
4570,147.2,183.148,295.065,714.26,149.616,693.197,0,114.468,32.7322,1.28595
4571,267.507,180.649,342.714,320.117,349.742,174.723,0,112.906,154.601,2.3693
4572,0,0,636.912,333.607,636.912,333.607,0,0,0,0
4573,485.72,270.792,419.885,574.909,597.489,611.844,1,169.245,316.475,2.86992
4574,255.206,168.662,239.177,341.756,250.648,184.794,0,105.414,149.792,2.42099
4575,238.705,214.509,490.919,427.613,630.439,334.45,0,134.068,104.637,1.78048
4576,169.801,165.356,502.11,145.746,653.498,129.955,0,103.347,66.4538,1.64301
4577,109.899,142.317,559.42,285.118,647.866,197.827,0,88.9479,20.951,1.23554
4578,114.899,96.4204,167.579,530.613,139.945,611.089,0,60.2628,54.6361,1.90663
4579,37.9,47.4313,310.983,778.305,311.953,818.197,0,29.6446,8.25542,1.27848
4580,61.9996,45.2362,98.5089,425.912,67.662,405.589,0,28.2726,33.727,2.19292
4581,196.003,167.966,283.885,673.47,144.81,616.237,0,104.979,91.024,1.86707
4582,362.313,244.087,484.124,480.54,615.47,539.987,0,152.554,209.759,2.37498
4583,68.0995,72.6212,603.755,242.639,647.997,197.965,0,45.3882,22.7113,1.50038
4584,307.31,326.354,325.681,480.344,140.058,611.117,0,203.971,103.338,1.50663
4585,4.8,3.89984,357.29,177.932,355.552,174.444,0,2.4374,2.3626,1.96931
4586,431.817,243.229,456.767,420.837,615.587,539.672,0,152.018,279.799,2.84056
4587,69.1995,77.1242,355.758,195.453,349.701,174.596,0,48.2026,20.9969,1.4356
4588,52.7998,33.6723,230.658,210.427,249.111,185.139,0,21.0452,31.7546,2.50888
4589,106.399,133.822,374.854,709.429,313.613,818.258,0,83.6385,22.7604,1.27213
4590,115.799,89.1325,272.505,769.226,310.678,818.788,0,55.7078,60.091,2.07868
4591,185.702,118.214,213.358,293.718,249.111,185.132,0,73.884,111.818,2.51343
4592,81.9993,78.1402,192.762,639.985,144.765,616.019,0,48.8376,33.1617,1.67902
4593,296.409,253.433,412.5,359.208,355.774,174.214,0,158.396,138.013,1.87132
4594,3.3,2.58453,140.424,623.404,139.843,620.89,0,1.61533,1.68467,2.04293
4595,72.8995,87.1134,528.646,766.466,611.075,755.298,0,54.4459,18.4536,1.33893
4596,472.02,316.266,356.573,463.371,350.033,174.77,0,197.666,274.353,2.38796
4597,132.699,169.351,531.98,287.843,648.083,197.977,0,105.844,26.8548,1.25372
4598,125.199,147.455,534.706,211.164,647.83,191.532,0,92.1596,33.0391,1.3585
4599,27.3001,18.536,266.19,197.265,252.839,183.813,0,11.585,15.7151,2.3565
4600,318.91,231.129,466.611,428.091,615.57,539.826,0,144.456,174.455,2.20767
4601,302.509,183.112,212.518,438.522,67.6924,405.494,0,114.445,188.064,2.64327
4602,485.72,250.834,463.476,479.365,605.255,533.832,1,156.771,328.949,3.09828
4603,358.013,248.819,369.183,391.363,349.854,174.775,0,155.512,202.501,2.30216
4604,304.309,206.966,323.571,597.419,144.81,615.99,0,129.354,174.956,2.35254
4605,121.899,94.8526,161.108,399.47,67.6985,404.898,0,59.2829,62.6158,2.05622
4606,327.811,227.843,347.034,597.804,144.698,615.653,0,142.402,185.409,2.30201
4607,485.72,249.89,395.162,618.526,589.207,616.289,1,156.181,329.539,3.10998
4608,126.299,110.213,557.022,155.139,653.463,130.047,0,68.8829,57.4158,1.83353
4609,281.708,166.839,180.474,302.511,248.269,184.675,0,104.274,177.434,2.7016
4610,37.8,30.8691,604.008,591.432,613.252,612.523,0,19.2932,18.5068,1.95924
4611,257.006,115.569,196.155,261.416,248.52,184.804,0,72.2305,184.776,3.55815
4612,225.605,194.314,252.849,585.895,144.759,615.956,0,121.446,104.158,1.85765
4613,224.605,237.812,322.69,378.532,251.437,184.48,0,148.632,75.9721,1.51114
4614,262.007,196.448,343.659,330.737,349.703,174.546,0,122.78,139.227,2.13395
4615,170.701,156.313,533.644,441.557,615.553,539.869,0,97.6959,73.0053,1.74727
4616,333.011,254.666,328.192,550.673,144.821,615.981,0,159.166,173.845,2.09222
4617,279.808,196.41,478.963,314.826,630.252,334.098,0,122.756,157.051,2.27937
4618,21.2,23.1849,413.027,100.192,405.92,78.2448,0,14.4905,6.70951,1.46303
4619,258.607,200.202,312.933,341.463,250.86,184.699,0,125.126,133.481,2.06677
4620,110.099,101.968,563.039,148.949,653.527,129.955,0,63.7297,46.3692,1.72759
4621,11.2,12.5427,644.307,138.807,653.893,131.013,0,7.83919,3.36082,1.42872
4622,19.6,21.875,581.087,831.557,602.382,833.339,0,13.6719,5.92816,1.4336
4623,169.401,130.186,129.415,498.08,139.945,611.131,0,81.3663,88.0349,2.08196
4624,369.713,274.387,252.895,469.889,67.7903,405.384,0,171.492,198.221,2.15586
4625,45.8999,45.8939,613.161,140.99,653.531,129.971,0,28.6837,17.2162,1.60021
4626,265.807,115.454,510.403,593.128,613.179,612.849,0,72.1586,193.648,3.68365
4627,388.715,275.167,255.939,470.323,67.8357,405.278,0,171.979,216.735,2.26024
4628,138.799,129.942,566.768,398.159,630.408,334.377,0,81.2138,57.5855,1.70906
4629,61.5996,41.7154,289.135,203.138,253.146,183.422,0,26.0721,35.5275,2.36266
4630,34.1001,43.9956,599.684,710.866,612.322,752.185,0,27.4973,6.60279,1.24013
4631,42.8999,47.2125,608.394,139.84,653.536,130.047,0,29.5078,13.3921,1.45385
4632,101.799,103.361,178.278,536.233,139.915,611.05,0,64.6004,37.1986,1.57583
4633,163.201,144.286,519.382,380.433,630.35,334.338,0,90.1789,73.0219,1.80974
4634,3.4,2.70909,152.078,691.266,151.152,693.812,0,1.69318,1.70682,2.00805
4635,59.7997,66.7646,187.299,586.926,144.68,615.58,0,41.7279,18.0718,1.43309
4636,203.403,154.388,540.441,469.82,615.655,539.708,0,96.4925,106.911,2.10797
4637,119.399,101.012,213.322,574.762,144.794,615.812,0,63.1327,56.266,1.89123
4638,127.499,112.938,281.369,737.589,311.769,818.257,0,70.5859,56.9127,1.80629
4639,162.401,163.831,342.176,664.202,312.342,818.082,0,102.395,60.0061,1.58603
4640,401.315,297.679,312.9,451.52,67.7218,404.874,0,186.049,215.266,2.15704
4641,46.7999,52.5734,576.679,783.321,606.39,811.715,0,32.8583,13.9415,1.42429
4642,53.6998,63.1266,186.557,592.721,144.84,615.794,0,39.4541,14.2456,1.36107
4643,125.099,169.148,547.65,250.708,647.922,197.691,0,105.718,19.3809,1.18333
4644,110.499,99.9237,527.53,597.103,613.194,612.764,0,62.4523,48.0466,1.76933
4645,120.899,146.304,387.687,707.304,313.564,818.252,0,91.4402,29.4585,1.32216
4646,293.109,112.067,201.897,260.752,248.92,185.032,0,70.0421,223.067,4.18475
4647,48.0998,58.6713,308.4,767.243,311.836,818.271,0,36.6695,11.4303,1.31171
4648,115.899,138.514,533.284,188.373,647.689,191.691,0,86.5714,29.3274,1.33877
4649,485.72,292.174,406.4,576.04,586.812,616.981,1,182.608,303.112,2.6599
4650,441.918,233.446,503.679,481.722,615.551,539.856,0,145.904,296.014,3.02883
4651,485.72,254.162,448.194,573.827,591.528,612.118,1,158.851,326.869,3.05771
4652,234.805,116.465,199.434,259.463,248.626,184.89,0,72.7904,162.015,3.22577
4653,18.8,19.1692,250.642,204.249,249.462,185.219,0,11.9807,6.81931,1.56919
4654,84.9993,114.605,356.45,714.737,313.159,818.195,0,71.628,13.3713,1.18668
4655,37.4,37.4135,574.2,756.459,611.052,754.986,0,23.3834,14.0166,1.59942
4656,258.307,211.654,473.387,377.871,630.25,334.064,0,132.284,126.023,1.95267
4657,158.6,201.38,524.442,246.911,648.158,197.976,0,125.863,32.7377,1.26011
4658,14.7,14.1147,636.776,206.147,647.901,197.837,0,8.82169,5.87833,1.66635
4659,204.903,142.065,198.643,305.577,248.553,184.86,0,88.7908,116.113,2.30771
4660,155.8,134.886,311.717,286.879,250.552,184.795,0,84.3037,71.4966,1.84808
4661,78.5994,59.2619,265.655,241.945,249.803,185.121,0,37.0387,41.5607,2.12209
4662,394.615,262.663,289.456,434.167,67.6543,405.457,0,164.164,230.451,2.40378
4663,183.902,129.968,508.046,337.454,630.296,334.063,0,81.2299,102.672,2.26397
4664,400.115,308.228,321.485,446.155,67.7045,404.896,0,192.643,207.472,2.07698
4665,56.7997,64.2731,599.569,369.686,630.274,334.063,0,40.1707,16.629,1.41396
4666,177.602,134.598,523.48,708.436,612.394,751.992,0,84.124,93.4777,2.11119
4667,283.408,167.488,243.688,337.517,250.456,184.832,0,104.68,178.728,2.70738
4668,111.599,77.3253,575.912,694.809,612.108,752.619,0,48.3283,63.2705,2.30918
4669,260.207,238.97,486.707,505.013,615.543,539.962,0,149.357,110.85,1.74218
4670,104.499,119.863,588.494,442.892,615.492,539.894,0,74.9142,29.5848,1.39492
4671,67.8995,49.2895,115.351,400.263,67.6737,405.59,0,30.8059,37.0936,2.20411
4672,17.8,18.4092,335.296,184.863,350.021,174.847,0,11.5058,6.29427,1.54705
4673,139.099,118.797,415.775,238.247,355.724,174.34,0,74.2478,64.8515,1.87345
4674,459.419,255.831,472.91,511.738,613.277,612.842,0,159.894,299.525,2.87327
4675,196.703,133.038,207.245,306.489,248.554,184.769,0,83.149,113.554,2.36567
4676,13.4,15.7551,157.541,613.068,144.644,615.654,0,9.84694,3.55307,1.36083
4677,303.809,173.182,240.978,345.45,249.51,185.192,0,108.239,195.571,2.80684
4678,177.902,182.781,337.265,645.862,313.025,818.133,0,114.238,63.6637,1.55729
4679,196.303,175.141,523.581,419.249,630.308,334.145,0,109.463,86.8398,1.79333
4680,60.4996,59.2658,596.724,695.69,612.314,752.109,0,37.0411,23.4585,1.63331
4681,399.215,269.465,399.313,378.294,349.995,174.83,0,168.415,230.8,2.37042
4682,146.8,115.219,406.946,239.605,356.101,173.608,0,72.0121,74.7876,2.03854
4683,84.7993,79.0341,355.365,200.392,350.05,174.78,0,49.3963,35.403,1.71671
4684,129.899,146.867,215.56,525.316,139.942,611.088,0,91.7918,38.1069,1.41515
4685,42.1999,49.4789,279.23,793.75,311.622,818.359,0,30.9243,11.2756,1.36462
4686,270.707,351.124,384.866,534.22,312.73,817.972,0,219.452,51.2549,1.23356
4687,404.115,198.072,474.176,541.411,613.218,612.762,0,123.795,280.32,3.26439
4688,110.899,99.1654,358.174,217.842,350.059,174.81,0,61.9784,48.9205,1.78932
4689,62.9996,62.8489,311.265,763.426,311.8,818.3,0,39.2806,23.719,1.60384
4690,202.903,177.127,216.192,493.206,139.948,611.111,0,110.704,92.1988,1.83284
4691,382.314,161.109,543.833,553.866,613.258,612.84,0,100.693,281.621,3.79682
4692,223.904,187.671,492.683,399.121,630.272,334.013,0,117.294,106.61,1.90891
4693,400.315,233.356,459.549,439.785,615.5,539.88,0,145.848,254.468,2.74475
4694,93.3991,90.4849,204.868,577.216,144.775,615.959,0,56.553,36.8461,1.65153
4695,29.7001,37.0129,315.661,186.921,350.242,174.883,0,23.1331,6.567,1.28388
4696,152.8,118.936,525.345,362.308,630.452,334.4,0,74.3349,78.4652,2.05556
4697,35.4,44.4924,160.495,648.395,139.813,620.939,0,27.8078,7.59226,1.27303
4698,129.999,90.7581,553.36,711.538,612.318,752.14,0,56.7238,73.2749,2.29178
4699,48.3998,37.4946,579.969,598.351,613.324,612.372,0,23.4341,24.9657,2.06536
4700,92.3992,82.7401,116.563,447.499,67.7794,405.104,0,51.7126,40.6866,1.78678
4701,115.999,100.534,403.695,224.344,355.842,174.33,0,62.8336,53.1652,1.84613
4702,171.001,144.791,298.291,306.16,251.087,184.59,0,90.4945,80.5067,1.88963
4703,95.5991,109.324,558.61,199.006,648.316,190.906,0,68.3278,27.2713,1.39913
4704,208.804,132.257,167.368,437.691,67.7259,405.497,0,82.6608,126.143,2.52603
4705,174.701,178.902,333.16,650.484,312.965,818.074,0,111.814,62.8876,1.56243
4706,26.4001,32.0488,386.845,180.611,355.784,174.12,0,20.0305,6.36956,1.31799
4707,4.7,4.02416,141.052,607.183,139.97,611.057,0,2.5151,2.1849,1.86871
4708,267.607,165.781,304.693,627.204,144.767,615.761,0,103.613,163.994,2.58275
4709,204.103,194.074,242.005,499.254,140.053,611.07,0,121.296,82.807,1.68268
4710,262.807,248.114,336.101,564.915,144.846,616.093,0,155.071,107.736,1.69475
4711,46.1999,46.354,613.432,170.846,648.303,190.864,0,28.9713,17.2286,1.59468
4712,248.306,148.584,499.661,182.168,355.786,174.255,0,92.865,155.441,2.67384
4713,38.9,45.8578,162.356,584.628,144.669,616.379,0,28.6612,10.2388,1.35724
4714,332.811,221.532,347.706,357.624,350.164,174.767,0,138.457,194.354,2.40371
4715,203.503,149.286,584.315,395.487,630.264,333.932,0,93.3036,110.2,2.18109
4716,182.602,195.817,342.443,639.117,312.358,818.132,0,122.385,60.2165,1.49202
4717,14.4,15.0541,367,183.75,355.398,174.471,0,9.40879,4.99123,1.53049
4718,379.214,347.346,361.732,483.624,144.811,616.188,0,217.091,162.123,1.74679
4719,39.2,43.1233,611.665,137.999,653.501,130.042,0,26.9521,12.2479,1.45443
4720,171.701,129.339,479.975,179.123,355.673,174.304,0,80.8371,90.8642,2.12404
4721,193.103,158.763,300.733,636.154,144.72,615.718,0,99.2269,93.8757,1.94607
4722,23.6001,28.9791,621.047,205.758,647.856,197.759,0,18.1119,5.48814,1.30301
4723,116.599,105.303,118.589,469.776,67.85,405.247,0,65.8145,50.7843,1.77163
4724,21.7,20.0053,595.699,616.446,613.256,612.869,0,12.5033,9.19672,1.73554
4725,5.3,4.76233,252.149,189.246,250.594,184.744,0,2.97646,2.32354,1.78064
4726,175.502,132.833,464.622,164.213,355.883,174.016,0,83.0207,92.4808,2.11395
4727,212.404,146.621,369.406,268.997,349.907,174.79,0,91.6381,120.766,2.31785
4728,84.3993,73.4439,421.402,155.504,356.007,173.632,0,45.9024,38.4969,1.83867
4729,7.6,7.90595,656.345,205.958,654.301,198.321,0,4.94122,2.65877,1.53808
4730,485.72,248.636,401.693,612.363,593.45,617.158,1,155.398,330.323,3.12566
4731,290.809,181.289,204.099,346.028,67.7143,404.937,0,113.305,177.503,2.56659
4732,353.512,238.267,266.317,407.706,67.7206,404.926,0,148.917,204.596,2.37389
4733,28.6001,39.0522,262.762,221.824,251.392,184.483,0,24.4076,4.19247,1.17177
4734,174.501,144.24,584.809,390.978,630.369,334.365,0,90.1499,84.3515,1.93568
4735,113.499,103.986,422.509,227.997,356.287,173.172,0,64.9913,48.5075,1.74637
4736,123.899,103.955,563.653,319.819,630.271,334.059,0,64.9717,58.927,1.90696
4737,190.002,112.541,542.975,670.161,613.206,612.792,0,70.3382,119.664,2.70127
4738,56.3997,52.4903,601.695,134.721,653.555,129.952,0,32.8064,23.5933,1.71917
4739,16.7,16.7676,268.711,187.817,253.215,183.392,0,10.4798,6.22026,1.59355
4740,104.699,137.929,259.644,665.438,149.555,693.169,0,86.2056,18.4934,1.21453
4741,286.808,200.871,470.558,298.99,630.278,334.056,0,125.545,161.264,2.28451
4742,274.108,136.544,220.6,310.818,248.764,185.004,0,85.34,188.767,3.21195
4743,71.5995,51.9721,118.988,400.939,67.7172,404.822,0,32.4826,39.1169,2.20424
4744,259.607,181.392,233.229,375.097,67.6549,404.946,0,113.37,146.236,2.2899
4745,99.899,88.504,229.191,270.13,248.801,184.984,0,55.315,44.5841,1.806
4746,485.72,277.697,423.271,564.909,590.898,613.078,1,173.561,312.16,2.79856
4747,248.806,200.366,331.934,627.656,144.783,616.009,0,125.228,123.578,1.98682
4748,7.7,8.48237,254.71,192.241,251.362,184.448,0,5.30148,2.39851,1.45242
4749,101.899,122.542,352.824,703.438,313.066,818.096,0,76.5884,25.3106,1.33048
4750,29.2001,26.4395,86.1377,418.516,67.7393,405.505,0,16.5247,12.6754,1.76706
4751,107.199,133.437,553.972,179.146,647.556,192.321,0,83.398,23.8009,1.28539
4752,87.1992,82.5041,532.791,615.562,613.187,612.84,0,51.5651,35.6342,1.69105
4753,72.8995,60.9396,597.122,175.169,647.702,191.887,0,38.0872,34.8122,1.91401
4754,145,163.657,507.032,690.365,611.929,753.106,0,102.285,42.7143,1.4176
4755,288.808,175.138,190.873,326.075,248.975,185.044,0,109.461,179.347,2.63846
4756,44.9999,49.3107,403.975,168.49,355.754,174.14,0,30.8192,14.1807,1.46013
4757,57.0997,48.9292,298.394,198.467,253.183,183.415,0,30.5808,26.5189,1.86718
4758,333.511,230.174,388.653,350.703,349.652,174.741,0,143.858,189.653,2.31833
4759,98.4991,108.623,555.509,480.579,615.498,540.171,0,67.8895,30.6096,1.45087
4760,17.2,21.4596,594.322,741.521,612.321,752.41,0,13.4122,3.7878,1.28241
4761,90.4992,102.911,540.036,495.485,615.667,539.548,0,64.3194,26.1798,1.40703
4762,232.605,158.638,210.232,364.318,67.7328,404.824,0,99.1486,133.456,2.34602
4763,84.2993,99.9129,565.558,476.672,615.562,539.675,0,62.4455,21.8538,1.34996
4764,295.609,216.664,278.057,381.166,251.432,184.428,0,135.415,160.194,2.18298
4765,18.7,23.9652,615.594,277.099,636.012,282.534,0,14.9782,3.72179,1.24848
4766,144.3,131.436,564.512,401.255,630.396,334.349,0,82.1474,62.1522,1.75659
4767,168.001,180.438,334.089,649.935,312.218,818.152,0,112.774,55.2275,1.48972
4768,152.6,107.979,221.319,287.974,249.39,185.189,0,67.4867,85.1134,2.26119
4769,282.008,183.985,274.153,355.485,251.394,184.464,0,114.991,167.017,2.45244
4770,12.3,12.4722,604.429,742.841,612.26,752.166,0,7.79513,4.50488,1.57791
4771,0,0,350.674,171.707,350.674,171.707,0,0,0,0
4772,323.811,213.999,252.203,420.107,67.7147,405.519,0,133.749,190.061,2.42103
4773,285.808,215.952,470.049,374.087,630.376,334.09,0,134.97,150.838,2.11757
4774,152.1,169.52,216.345,502.251,139.97,611.115,0,105.95,46.1503,1.43559
4775,349.912,235.273,463.022,348.632,355.779,174.243,0,147.046,202.866,2.37961
4776,138.599,119.455,568.922,383.69,630.365,333.809,0,74.6593,63.94,1.85642
4777,146.9,119.395,344.675,269.239,350.061,174.775,0,74.6217,72.2781,1.96859
4778,227.705,228.726,497.994,504.502,615.484,539.962,0,142.954,84.7507,1.59285
4779,96.1991,94.2975,190.798,561.17,139.991,611.057,0,58.9359,37.2632,1.63227
4780,48.0998,52.206,406.579,168.297,355.815,174.233,0,32.6287,15.4711,1.47416
4781,113.099,138.685,379.893,708.007,313.434,818.302,0,86.6779,26.4209,1.30482
4782,203.803,186.888,395.903,295.613,355.775,174.214,0,116.805,86.9981,1.74481
4783,164.601,175.568,305.906,671.597,312.203,818.202,0,109.73,54.8705,1.50005
4784,214.004,127.633,214.658,305.012,248.559,184.824,0,79.7704,134.233,2.68275
4785,96.2991,125.073,265.02,723.794,153.648,700.182,0,78.1705,18.1286,1.23191
4786,31.7001,32.399,387.554,178.187,356.002,173.669,0,20.2494,11.4507,1.56548
4787,168.201,135.807,303.776,300.002,250.997,184.563,0,84.8794,83.3216,1.98165
4788,467.619,329.053,399.914,440.873,349.747,174.669,0,205.658,261.961,2.27377
4789,278.108,210.724,296.675,563.817,144.757,615.799,0,131.702,146.405,2.11164
4790,134.799,153.765,310.853,692.113,311.916,818.266,0,96.1033,38.6957,1.40265
4791,140.099,113.26,545.292,664.609,613.219,612.752,0,70.7875,69.3119,1.97915
4792,332.211,280.589,348.753,540.567,144.834,615.989,0,175.368,156.843,1.89436
4793,263.907,171.779,199.608,341.742,67.6831,404.932,0,107.362,156.545,2.4581
4794,247.606,219.244,332.338,596.511,144.763,616.047,0,137.027,110.579,1.80698
4795,286.608,298.481,307.081,494.054,139.856,611.05,0,186.551,100.058,1.53636
4796,119.899,90.0198,365.212,196.634,349.855,174.783,0,56.2624,63.6364,2.13106
4797,150.8,173.044,193.948,521.54,139.995,611.078,0,108.153,42.6474,1.39433
4798,310.31,186.848,474.534,555.911,613.166,612.755,0,116.78,193.53,2.65722
4799,77.2994,94.0193,581.338,460.614,615.548,540.166,0,58.7621,18.5373,1.31546
4800,30.0001,23.9983,589.948,615.813,613.319,613.173,0,14.999,15.0011,2.00014
4801,448.218,329.326,365.135,463.801,349.713,174.685,0,205.829,242.389,2.17762
4802,480.62,296.593,419.917,572.816,613.229,612.782,0,185.37,295.25,2.59275
4803,485.72,265.927,439.341,511.853,599.032,515.169,1,166.205,319.516,2.92243
4804,198.003,182.886,336.046,646.077,312.462,817.951,0,114.304,83.699,1.73225
4805,258.607,231.438,348.69,602.346,144.847,616.183,0,144.649,113.958,1.78782
4806,9.3,10.1845,363.931,179.918,355.833,174.214,0,6.36533,2.93467,1.46104
4807,44.3999,61.9897,192.243,685.64,152.67,701.759,0,38.7436,5.65631,1.14599
4808,349.912,238.812,288.365,395.936,249.114,185.073,0,149.257,200.655,2.34435
4809,190.202,149.088,558.528,416.14,615.545,539.752,0,93.1801,97.0223,2.04123
4810,297.409,117.311,195.49,263.463,248.65,184.944,0,73.3193,224.09,4.05635
4811,52.2998,60.4272,334.205,205.834,349.662,174.688,0,37.767,14.5328,1.3848
4812,329.411,255.495,466.674,234.076,355.8,174.214,0,159.685,169.726,2.06289
4813,221.404,173.124,511.438,396.526,630.281,334.239,0,108.202,113.202,2.04621
4814,337.511,229.546,239.129,448.053,67.6994,405.491,0,143.466,194.045,2.35255
4815,110.199,90.9516,221.75,265.636,248.56,184.915,0,56.8447,53.3542,1.9386
4816,28.9001,19.7291,87.4311,404.201,67.773,404.981,0,12.3307,16.5694,2.34375
4817,209.804,132.69,484.746,180.351,355.773,174.16,0,82.931,126.873,2.52986
4818,120.399,94.0626,223.633,274.104,248.938,185.031,0,58.7891,61.6096,2.04798
4819,178.902,161.833,505.313,147.655,653.531,130.05,0,101.146,77.7561,1.76875
4820,485.72,243.605,437.229,446.203,605.049,540.581,1,152.253,333.467,3.19022
4821,386.114,254.26,366.206,398.229,349.798,174.687,0,158.912,227.202,2.42973
4822,215.504,199.166,247.865,500.063,139.957,611.123,0,124.479,91.0251,1.73125
4823,128.699,103.779,163.149,386.868,67.7208,405.493,0,64.8619,63.8367,1.98419
4824,360.013,248.997,422.871,347.107,355.836,174.252,0,155.623,204.389,2.31336
4825,25.2001,32.2634,319.838,184.036,350.406,175.033,0,20.1646,5.03545,1.24972
4826,196.003,126.669,193.036,404.18,67.8358,405.062,0,79.1682,116.835,2.47578
4827,283.408,219.311,370.381,363.619,350.152,174.78,0,137.069,146.339,2.06763
4828,334.311,233.999,476.763,467.753,615.584,539.904,0,146.249,188.062,2.2859
4829,138.599,133.314,312.426,278.42,250.44,184.815,0,83.321,55.2782,1.66344
4830,319.61,242.197,316.597,549.678,144.792,616.197,0,151.373,168.237,2.11141
4831,167.501,92.9956,524.862,621.885,613.264,612.799,0,58.1223,109.379,2.88187
4832,322.01,218.418,292.947,372.298,250.741,184.697,0,136.511,185.499,2.35886
4833,270.507,125.388,226.198,302.743,249.104,185.117,0,78.3672,192.14,3.45179
4834,85.4993,93.0065,573.198,193.772,647.65,191.893,0,58.1291,27.3702,1.47085
4835,257.006,309.955,393.675,564.423,312.388,818.144,0,193.722,63.2845,1.32668
4836,153.2,135.704,519.407,124.807,653.509,129.953,0,84.8148,68.3854,1.80629
4837,318.91,208.702,492.776,250.671,356.019,173.639,0,130.439,188.471,2.4449
4838,334.611,256.658,288.581,408.546,248.607,184.943,0,160.411,174.2,2.08596
4839,103.499,111.746,576.364,443.079,615.542,539.779,0,69.8414,33.6576,1.48192
4840,52.5998,55.472,614.166,160.492,647.644,191.929,0,34.67,17.9298,1.51716
4841,104.699,112.584,177.377,526.425,139.939,611.083,0,70.3648,34.3342,1.48795
4842,66.0996,70.6224,284.685,227.763,250.085,184.996,0,44.139,21.9606,1.49753
4843,40.4,53.791,325.595,765.969,312.781,817.993,0,33.6194,6.78059,1.20169
4844,255.206,152.266,286.882,629.078,144.723,615.877,0,95.1665,160.04,2.68168
4845,410.216,359.984,360.664,493.091,144.81,616.176,0,224.99,185.226,1.82326
4846,272.407,213.66,607.887,382.68,615.555,539.884,0,133.538,138.87,2.03993
4847,17.4,19.4074,416.24,93.7951,407.332,77.7087,0,12.1296,5.27043,1.43451
4848,306.91,159.911,177.495,307.936,248.578,184.927,0,99.9445,206.965,3.0708
4849,231.705,162.519,238.75,337.804,250.938,184.662,0,101.574,130.131,2.28114
4850,339.612,280.674,361.301,554.508,144.732,616.26,0,175.422,164.19,1.93597
4851,71.4995,86.3863,222.961,679.895,149.432,693.282,0,53.9914,17.5081,1.32427
4852,57.8997,47.4877,293.49,205.079,252.62,183.942,0,29.6798,28.2199,1.95081
4853,257.607,189.52,614.161,400.438,615.464,539.778,0,118.45,139.156,2.17481
4854,117.899,100.447,452.189,178.859,356.296,173.2,0,62.7796,55.1192,1.87798
4855,8.9,10.6447,155.063,617.823,144.705,615.839,0,6.65296,2.24704,1.33775
4856,485.72,267.234,429.741,476.205,603.151,534.17,1,167.021,318.699,2.90814
4857,227.505,110.698,226.755,292.085,249.528,185.243,0,69.1864,158.318,3.28829
4858,223.504,127.331,163.828,434.968,67.6674,405.472,0,79.5819,143.923,2.80848
4859,485.72,226.686,417.07,616.241,593.224,616.599,1,141.679,344.042,3.42832
4860,324.911,222.696,474.376,250.105,355.945,173.64,0,139.185,185.726,2.33438
4861,468.119,243.078,483.31,483.702,615.458,539.838,0,151.924,316.196,3.08128
4862,334.711,225.893,345.4,599.159,144.765,615.784,0,141.183,193.528,2.37076
4863,26.7001,31.7706,281.6,809.376,311.311,818.455,0,19.8566,6.84344,1.34464
4864,313.31,184.121,299.236,336.858,250.091,185.034,0,115.076,198.234,2.72264
4865,75.6994,102.695,250.867,732.404,153.562,700.694,0,64.1844,11.515,1.1794
4866,41.2999,34.687,252.943,218.847,249.806,185.116,0,21.6794,19.6205,1.90503
4867,246.206,172.386,199.245,482.058,139.799,611.096,0,107.741,138.465,2.28516
4868,43.9999,37.5986,565.356,835.121,602.461,833.563,0,23.4991,20.5008,1.8724
4869,41.5999,43.968,82.1936,436.628,67.7385,405.537,0,27.48,14.1199,1.51383
4870,158.2,142.471,523.945,692.67,612.383,751.982,0,89.0444,69.1561,1.77665
4871,182.902,151.301,556.542,419.896,615.565,539.826,0,94.5632,88.3388,1.93418
4872,354.912,153.231,501.778,181.131,355.792,174.213,0,95.7692,259.143,3.70592
4873,44.8999,50.5178,328.252,200.604,350.021,174.794,0,31.5736,13.3263,1.42207
4874,238.205,114.867,541.003,668.12,613.172,612.754,0,71.7921,166.413,3.31799
4875,105.199,107.876,247.068,742.188,152.843,701.823,0,67.4225,37.7765,1.56029
4876,48.4998,42.9266,294.783,184.745,253.503,182.577,0,26.8291,21.6707,1.80773
4877,117.499,125.172,570.908,431.275,615.494,539.824,0,78.2326,39.2662,1.50192
4878,5.3,5.0076,350.068,180.322,351.763,175.476,0,3.12975,2.17025,1.69343
4879,310.11,243.504,315.168,557.086,144.775,616.024,0,152.19,157.92,2.03765
4880,15.6,18.2975,333.176,181.795,349.793,174.692,0,11.4359,4.1641,1.36412
4881,227.905,112.728,203.24,261.241,248.592,184.869,0,70.4549,157.45,3.23476
4882,304.109,172.571,475.294,566.682,613.252,612.839,0,107.857,196.253,2.81957
4883,95.8991,73.007,271.589,253.963,249.883,185.131,0,45.6294,50.2697,2.1017
4884,32.1001,38.9529,580.712,797.507,606.608,811.379,0,24.3455,7.75454,1.31852
4885,207.503,119.176,228.398,299.061,249.459,185.233,0,74.4851,133.018,2.78584
4886,280.408,296.576,305.821,499.456,139.908,611.055,0,185.36,95.0476,1.51277
4887,169.401,125.269,430.613,243.864,355.646,174.315,0,78.2932,91.1079,2.16368
4888,350.412,165.002,504.857,199.181,356.058,173.601,0,103.126,247.286,3.39789
4889,138.599,118.29,546.75,687.625,612.351,752.023,0,73.9312,64.6681,1.87471
4890,18.2,17.5837,251.322,202.331,249.831,185.146,0,10.9898,7.21025,1.65609
4891,40.3,51.7089,593.628,705.146,612.205,752.58,0,32.3181,7.98187,1.24698
4892,306.509,321.806,322.176,487.184,139.775,611.05,0,201.129,105.38,1.52394
4893,43.0999,41.2289,611.847,190.674,647.863,191.42,0,25.7681,17.3318,1.67261
4894,276.808,243.911,363.475,594.959,144.815,616.089,0,152.445,124.363,1.81579
4895,485.72,230.71,423.661,508.66,582.828,468.806,1,144.194,341.527,3.36853
4896,485.72,250.399,459.978,476.724,606.364,538.91,1,156.5,329.221,3.10365
4897,33.1001,30.6446,149.579,662.564,149.945,693.157,0,19.1529,13.9472,1.72821
4898,34.3,41.7389,606.324,306.765,630.279,333.999,0,26.0868,8.21321,1.31484
4899,83.0993,78.1086,282.87,765.388,310.916,818.66,0,48.8179,34.2814,1.70223
4900,44.2999,57.759,195.424,672.04,149.655,693.172,0,36.0994,8.20053,1.22717
4901,31.1001,34.3083,389.383,179.118,355.836,174.216,0,21.4427,9.65739,1.45038
4902,166.701,126.419,275.34,299.941,249.528,185.188,0,79.012,87.6889,2.10982
4903,356.613,188.609,522.122,524.896,613.228,612.757,0,117.88,238.732,3.02521
4904,208.904,160.002,582.873,411.421,615.483,539.819,0,100.001,108.902,2.08901
4905,213.104,183.288,307.643,656.553,144.754,616.183,0,114.555,98.5489,1.86028
4906,236.305,280.095,335.46,408.833,251.499,184.402,0,175.06,61.2457,1.34986
4907,9.9,11.4235,138.481,631.898,140.055,620.823,0,7.13967,2.76034,1.38662
4908,351.712,242.767,313.516,377.419,249.906,185.104,0,151.729,199.983,2.31802
4909,312.21,229.351,290.852,387.815,251.265,184.538,0,143.344,168.866,2.17804
4910,109.799,79.5782,201.785,590.092,144.796,615.984,0,49.7364,60.0625,2.20762
4911,176.202,186.332,512.445,222.95,647.756,191.813,0,116.457,59.7441,1.51301
4912,253.906,173.934,442.668,280.775,356.038,173.595,0,108.709,145.197,2.33565
4913,68.6995,69.8897,272.975,777.569,310.561,818.893,0,43.681,25.0185,1.57275
4914,318.21,277.777,348.67,545.332,144.843,616.17,0,173.611,144.6,1.8329
4915,315.61,185.588,253.369,348.134,248.829,184.989,0,115.993,199.617,2.72095
4916,218.304,215.279,510.357,506.702,615.505,539.951,0,134.549,83.7548,1.62248
4917,97.5991,97.9401,176.907,540.813,139.939,611.142,0,61.2126,36.3865,1.59443
4918,21.6,25.3547,146.926,668.462,149.68,693.238,0,15.8467,5.75337,1.36306
4919,33.8001,36.7248,156.126,643.299,139.903,620.827,0,22.953,10.847,1.47258
4920,22,21.8645,588.767,803.564,607.22,809.948,0,13.6653,8.33474,1.60992
4921,164.301,121.904,457.855,157.081,355.746,174.339,0,76.1903,88.1105,2.15645
4922,354.212,285.428,356.941,551.229,144.844,615.897,0,178.392,175.82,1.98558
4923,88.3992,95.9685,238.373,631.001,144.835,616.126,0,59.9803,28.4189,1.4738
4924,148.8,126.39,344.689,273.605,349.894,174.766,0,78.9937,69.8062,1.88369
4925,199.003,174.852,226.711,550.639,144.843,615.907,0,109.282,89.7205,1.821
4926,391.015,273.545,381.866,402.606,350.005,174.818,0,170.965,220.049,2.2871
4927,151.7,162.936,536.971,466.562,615.511,539.934,0,101.835,49.8649,1.48966
4928,62.2996,34.0322,278.145,206.827,252.649,184.024,0,21.2701,41.0295,2.92898
4929,187.702,165.647,521.594,407.161,630.358,334.439,0,103.529,84.1731,1.81304
4930,152.5,160.232,483.667,718.392,611.902,753.091,0,100.145,52.3548,1.52279
4931,0.7,0.186965,66.5354,408.858,66.403,408.726,0,0.116853,0.583147,5.99044
4932,133.399,97.3883,235.064,277.531,249.239,185.137,0,60.8677,72.5313,2.19162
4933,383.014,230.72,428.073,342.981,356.033,173.724,0,144.2,238.814,2.65613
4934,7,7.39759,639.96,191.045,646.959,193.431,0,4.6235,2.3765,1.514
4935,198.203,172.638,482.053,112.301,653.512,130.049,0,107.899,90.3038,1.83693
4936,141.899,123.356,270.852,736.484,311.457,818.465,0,77.0974,64.802,1.84052
4937,42.1999,51.1704,601.492,214.834,648.426,198.072,0,31.9815,10.2184,1.31951
4938,68.1995,59.7286,608.681,157.472,648.438,190.827,0,37.3303,30.8692,1.82692
4939,285.008,223.218,489.75,464.646,615.553,540.14,0,139.511,145.497,2.04291
4940,305.909,283.283,345.994,539.795,144.799,616.15,0,177.052,128.857,1.72779
4941,130.699,123.541,200.846,534.739,139.861,611.132,0,77.2134,53.4854,1.6927
4942,136.699,108.426,406.087,232.137,356.192,173.414,0,67.7661,68.9331,2.01722
4943,190.702,159.965,505.611,378.92,630.3,334.056,0,99.9784,90.724,1.90744
4944,82.4993,75.6092,197.442,587.809,144.842,615.8,0,47.2558,35.2435,1.7458
4945,272.007,176.644,203.239,341.641,67.6794,404.906,0,110.402,161.605,2.46378
4946,485.72,240.649,402.094,610.974,593.094,612.317,1,150.406,335.315,3.2294
4947,143.5,157.724,284.432,698.321,311.56,818.352,0,98.5773,44.9223,1.45571
4948,242.206,167.65,383.142,273.634,349.86,174.769,0,104.781,137.424,2.31153
4949,187.802,238.895,488.339,264.872,648.046,197.827,0,149.309,38.4928,1.25781
4950,43.5999,40.7097,588.586,820.268,602.388,833.104,0,25.4436,18.1563,1.71359
4951,238.105,275.983,379.658,587.313,312.32,818.091,0,172.49,65.6158,1.3804
4952,11.7,14.393,256.491,197.887,251.094,184.557,0,8.9956,2.7044,1.30064
4953,65.6996,63.1733,298.132,770.248,311.704,818.383,0,39.4833,26.2162,1.66398
4954,164.801,116.956,540.076,668.864,613.16,612.786,0,73.0975,91.7033,2.25453
4955,66.7996,84.1997,531.498,766.872,611.225,754.882,0,52.6248,14.1748,1.26935
4956,403.915,315.541,347.369,486.496,144.809,615.919,0,197.213,206.702,2.04812
4957,76.4994,68.0275,600.117,362.017,630.391,334.38,0,42.5172,33.9822,1.79926
4958,309.51,241.971,464.612,458.131,615.455,539.997,0,151.232,158.278,2.04659
4959,96.8991,73.2494,547.746,742.914,612.193,752.463,0,45.7809,51.1182,2.11658
4960,227.405,139.614,281.809,311.534,250.989,184.596,0,87.2587,140.146,2.6061
4961,241.506,257.408,391.45,633.975,313.171,818.182,0,160.88,80.6255,1.50115
4962,409.016,239.727,398.95,341.504,349.485,174.584,0,149.829,259.187,2.72988
4963,137.499,114.694,422.783,238.799,355.583,174.351,0,71.6838,65.8154,1.91813
4964,295.609,194.127,465.939,276.342,355.741,174.204,0,121.329,174.279,2.43642
4965,0,0,146.987,695.937,146.987,695.937,0,0,0,0
4966,215.804,184.603,325.581,333.679,250.948,184.657,0,115.377,100.427,1.87042
4967,102.699,117.929,296.11,280.182,250.234,184.876,0,73.7059,28.9931,1.39336
4968,29.3001,37.552,161.758,592.029,144.735,616.264,0,23.47,5.8301,1.24841
4969,37.2,44.3079,598.525,711.089,612.361,752.052,0,27.6924,9.50756,1.34333
4970,161.001,135.851,547.261,455.53,615.57,539.805,0,84.9067,76.0939,1.89621
4971,152.5,189.741,532.491,308.523,647.986,197.802,0,118.588,33.9118,1.28596
4972,284.208,168.082,198.444,359.466,67.7367,404.911,0,105.051,179.157,2.70542
4973,16.4,18.1608,632.485,206.731,647.989,197.872,0,11.3505,5.04951,1.44487
4974,411.416,346.201,356.569,473.941,144.823,615.927,0,216.375,195.041,1.9014
4975,199.203,210.253,314.298,638.746,312.995,818.056,0,131.408,67.7951,1.51591
4976,485.72,262.537,418.585,489.877,594.134,499.264,1,164.086,321.635,2.96016
4977,181.302,180.688,503.06,202.169,648.446,190.88,0,112.93,68.3716,1.60543
4978,485.72,274.689,442.098,509.213,600.557,518.999,1,171.68,314.04,2.82921
4979,115.899,89.4744,156.982,399.269,67.8064,405.086,0,55.9215,59.9773,2.07253
4980,30.5001,40.311,263.099,223.041,251,184.6,0,25.1944,5.30569,1.21059
4981,98.8991,88.2161,365.338,194.69,349.71,174.723,0,55.135,43.764,1.79376
4982,285.208,245.249,329.728,561.019,144.748,615.892,0,153.281,131.927,1.86069
4983,138.399,134.204,113.911,496.023,67.7073,405.476,0,83.8775,54.5217,1.65002
4984,56.8997,60.4376,308.378,764.976,311.236,818.551,0,37.7735,19.1262,1.50634
4985,485.72,246.501,408.715,523.981,577.244,450.776,1,154.063,331.657,3.15273
4986,42.8999,39.143,162.156,662.806,149.385,693.326,0,24.4644,18.4355,1.75357
4987,35.6,34.9309,390.373,171.594,355.848,174.178,0,21.8318,13.7682,1.63065
4988,200.703,141.285,162.6,473.464,139.929,611.09,0,88.3029,112.4,2.27289
4989,148.1,187.819,526.132,269.361,648.031,198.028,0,117.387,30.7129,1.26164
4990,35.7,19.8797,265.217,199.87,252.508,184.036,0,12.4248,23.2752,2.87329
4991,90.9992,114.65,352.359,712.043,312.855,818.005,0,71.6565,19.3426,1.26994
4992,474.12,339.649,374.819,466.747,349.659,174.709,0,212.28,261.839,2.23346
4993,50.5998,66.0637,188.37,652.125,149.759,693.272,0,41.2898,9.31002,1.22548
4994,95.7991,84.698,569.143,127.375,653.495,130.058,0,52.9363,42.8628,1.80971
4995,70.5995,94.705,572.773,244.036,648.166,198.141,0,59.1907,11.4088,1.19275
4996,94.4991,122.493,265.46,726.379,153.699,700.434,0,76.5582,17.9409,1.23434
4997,50.3998,52.3985,552.951,826.014,602.427,833.302,0,32.7491,17.6508,1.53897
4998,423.017,283.51,352.367,418.378,349.756,174.667,0,177.194,245.823,2.38731
4999,116.599,154.066,547.429,286.56,647.853,197.793,0,96.2915,20.3073,1.21089
5000,189.302,160.329,501.396,131.355,653.498,129.958,0,100.206,89.0966,1.88914
5001,394.215,337.425,357.906,474.457,144.769,615.94,0,210.89,183.324,1.86929
5002,26.1001,31.7153,614.318,350.171,630.291,334.081,0,19.8221,6.27799,1.31672
5003,23.0001,26.4242,381.329,180.483,355.808,174.13,0,16.5151,6.48495,1.39267
5004,0,0,409.504,73.1012,409.463,73.193,0,0,0,0
5005,144.7,141.887,244.871,654.186,144.813,616.045,0,88.6795,56.0202,1.63172
5006,209.004,118.317,250.027,613.63,144.662,615.73,0,73.9484,135.055,2.82634
5007,11.6,10.9453,607.513,743.222,612.056,752.782,0,6.84082,4.75919,1.69571
5008,378.414,310.642,345.483,489.356,144.738,616.262,0,194.151,184.263,1.94907
5009,54.1997,53.1442,608.404,146.683,653.537,130.046,0,33.2151,20.9846,1.63178
5010,58.3997,58.4009,597.321,696.601,612.351,752.022,0,36.5005,21.8991,1.59997
5011,79.8994,87.1964,527.27,766.324,611.071,755.251,0,54.4977,25.4016,1.4661
5012,167.801,164.403,365.457,678.68,313.014,818.125,0,102.752,65.0493,1.63307
5013,63.0996,74.5561,587.892,479.157,615.523,539.833,0,46.5976,16.502,1.35414
5014,349.912,244.72,459.651,463.657,615.537,539.914,0,152.95,196.962,2.28776
5015,19,22.3236,630.341,210.357,647.895,197.748,0,13.9523,5.04776,1.36179
5016,8.7,8.92224,627.051,283.271,635.894,282.407,0,5.5764,3.1236,1.56015
5017,99.5991,107.491,283.277,276.755,250.243,184.894,0,67.1817,32.4173,1.48253
5018,278.408,298.403,275.158,496.534,140.076,611.118,0,186.502,91.9058,1.49279
5019,152.4,163.818,536.7,226.081,648.455,190.852,0,102.386,50.0141,1.48849
5020,455.519,238.999,456.859,429.78,615.559,539.851,0,149.375,306.144,3.0495
5021,109.399,72.5315,589.158,667.759,613.168,612.798,0,45.3322,64.0667,2.41327
5022,361.213,250.923,367.023,394.901,349.923,174.787,0,156.827,204.386,2.30326
5023,153,119.939,562.841,386.276,630.308,333.924,0,74.9621,78.0381,2.04103
5024,91.0992,83.0512,571.354,125.494,653.539,129.899,0,51.907,39.1922,1.75505
5025,38.2,26.0789,588.438,618.036,613.161,613.023,0,16.2993,21.9007,2.34366
5026,109.899,95.935,348.112,228.122,349.9,174.795,0,59.9594,49.9395,1.83289
5027,375.614,311.282,325.299,452.738,67.664,404.886,0,194.551,181.062,1.93067
5028,281.808,297.798,308.977,502.033,139.849,611.053,0,186.124,95.6844,1.51409
5029,256.706,155.755,338.284,294.776,349.682,174.735,0,97.3471,159.359,2.63702
5030,26.4001,33.0391,176.707,623.029,144.846,615.888,0,20.6495,5.75061,1.27849
5031,79.8994,106.217,235.367,672.316,149.454,693.182,0,66.3859,13.5135,1.20356
5032,363.913,262.413,347.922,563.604,144.829,616.009,0,164.008,199.905,2.21887
5033,222.004,152.567,556.715,540.246,613.244,612.845,0,95.3545,126.65,2.3282
5034,213.204,128.053,457.642,156.817,356.149,173.436,0,80.033,133.171,2.66395
5035,112.799,103.46,560.66,148.76,653.533,129.953,0,64.6627,48.1361,1.74442
5036,298.009,313.983,313.889,484.007,139.621,611.204,0,196.239,101.77,1.5186
5037,7,7.63815,647.604,135.268,653.859,131.049,0,4.77385,2.22615,1.46632
5038,86.9992,70.6125,597.682,685.201,612.374,752.023,0,44.1328,42.8664,1.97131
5039,449.618,241.917,485.01,481.631,615.598,539.737,0,151.198,298.42,2.9737
5040,52.1998,28.9404,592.971,626.03,613.193,612.846,0,18.0877,34.112,2.88592
5041,26.5001,30.0103,305.625,794.859,311.878,818.319,0,18.7565,7.74361,1.41285
5042,470.419,259.937,464.917,473.739,615.573,539.939,0,162.461,307.959,2.89559
5043,159.701,135.511,558.605,402.64,630.333,334.277,0,84.6942,75.0064,1.88561
5044,0,0,616.906,758.26,616.906,758.26,0,0,0,0
5045,485.72,270.54,391.094,518.044,576.261,449.686,1,169.088,316.633,2.8726
5046,306.609,244.058,349.153,579.931,144.839,616.076,0,152.536,154.074,2.01008
5047,122.199,107.983,550.876,135.186,653.471,130.043,0,67.4891,54.7096,1.81064
5048,274.608,175.468,443.784,281.159,356.025,173.663,0,109.668,164.94,2.504
5049,221.904,170.427,596.325,409.731,615.647,539.746,0,106.517,115.388,2.08328
5050,223.704,155.482,353.63,300.785,349.81,174.704,0,97.1762,126.528,2.30205
5051,314.41,211.119,485.139,440.055,615.569,539.833,0,131.949,182.46,2.38281
5052,264.607,188.118,379.063,310.634,350.127,174.782,0,117.574,147.033,2.25056
5053,228.305,138.826,202.087,395.992,67.6618,405.485,0,86.7661,141.539,2.63127
5054,107.499,110.59,186.806,535.91,139.875,611.052,0,69.1189,38.38,1.55527
5055,91.3992,114.308,337.913,707.583,312.304,818.075,0,71.4427,19.9565,1.27934
5056,240.605,158.687,209.752,364.237,67.6906,404.876,0,99.1794,141.426,2.42596
5057,177.202,170.335,359.551,664.877,312.321,818.068,0,106.459,70.7425,1.6645
5058,80.1993,65.108,594.712,178.034,647.643,191.96,0,40.6925,39.5068,1.97086
5059,19.4,22.4351,629.268,209.496,648.062,198.031,0,14.0219,5.3781,1.38355
5060,130.499,169.781,532.048,289.455,648.118,197.972,0,106.113,24.3855,1.22981
5061,83.0993,74.821,141.869,401.079,67.7056,404.835,0,46.7631,36.3362,1.77703
5062,247.906,139.949,215.337,227.908,248.377,184.829,0,87.4681,160.438,2.83424
5063,17.5,21.5848,318.823,797.445,313.186,818.262,0,13.4905,4.00952,1.29721
5064,293.109,177.629,205.924,350.493,67.7112,404.941,0,111.018,182.091,2.64019
5065,263.807,195.963,481.914,290.665,630.314,334.19,0,122.477,141.33,2.15393
5066,115.899,136.35,528.761,734.294,611.125,755.161,0,85.2186,30.6802,1.36002
5067,67.3995,83.9711,581.698,246.646,648.413,198.079,0,52.482,14.9176,1.28424
5068,46.8999,48.6426,80.0366,441.007,67.7242,405.458,0,30.4017,16.4982,1.54267
5069,311.81,175.171,243.579,347.504,250.794,184.671,0,109.482,202.328,2.84805
5070,29.4001,32.0427,599.329,783.031,606.376,811.609,0,20.0267,9.37338,1.46804
5071,17.3,22.3634,316.139,796.247,312.651,817.964,0,13.9771,3.32289,1.23774
5072,246.306,137.443,295.982,298.836,250.48,184.849,0,85.9019,160.404,2.86729
5073,485.72,360.409,449.902,514.996,575.951,617.608,1,225.255,260.465,2.15631
5074,46.9999,45.3732,592.093,819.119,602.398,833.253,0,28.3583,18.6416,1.65736
5075,123.399,106.578,290.171,735.59,311.458,818.473,0,66.611,56.7876,1.85253
5076,64.3996,64.3893,394.906,188.502,355.763,174.126,0,40.2433,24.1563,1.60026
5077,7.3,7.96356,141.039,628.672,139.793,620.921,0,4.97723,2.32277,1.46668
5078,16.3,19.0208,301.826,805.284,311.916,818.349,0,11.888,4.41203,1.37113
5079,304.509,219.875,468.156,370.772,630.257,334.077,0,137.422,167.087,2.21587
5080,97.2991,84.7888,543.314,600.868,613.245,612.806,0,52.993,44.3061,1.83607
5081,485.72,234.206,446.774,443.475,605.522,540.212,1,146.379,339.342,3.31825
5082,27.0001,30.0886,622.043,203.435,647.934,197.784,0,18.8054,8.19466,1.43576
5083,250.406,201.39,346.348,334.522,349.795,174.651,0,125.869,124.537,1.98942
5084,276.308,157.363,502.95,187.296,355.779,174.249,0,98.3519,177.956,2.80938
5085,408.316,289.807,286.08,471.454,67.8054,405.447,0,181.129,227.186,2.25428
5086,485.72,152.64,558.635,182.167,563.812,182.06,1,95.4,390.32,5.09141
5087,51.5998,60.8195,273.271,787.705,311.301,818.469,0,38.0122,13.5876,1.35745
5088,408.316,273.994,466.401,490.51,613.218,612.757,0,171.246,237.069,2.38438
5089,287.008,219.74,395.368,324.254,349.705,174.744,0,137.338,149.671,2.0898
5090,14.5,17.6409,373.27,173.179,356.026,173.847,0,11.0256,3.47446,1.31513
5091,485.72,139.183,498.108,624.689,596.526,612.907,1,86.9897,398.731,5.58366
5092,226.805,161.343,555.444,529.949,613.189,612.788,0,100.839,125.965,2.24917
5093,11.7,10.246,600.878,755.337,611.111,755.214,0,6.40373,5.29628,1.82706
5094,44.8999,52.3332,603.656,209.282,648.318,198.13,0,32.7083,12.1916,1.37274
5095,234.905,148.985,335.41,290.165,349.672,174.611,0,93.1155,141.79,2.52273
5096,164.301,139.392,328.624,275.805,349.832,174.64,0,87.1203,77.1806,1.88591
5097,134.199,153.562,317.227,688.099,312.398,818.051,0,95.9761,38.2229,1.39825
5098,431.117,199.098,512.643,530.614,613.24,612.754,0,124.436,306.681,3.46456
5099,220.704,143.037,423.101,268.064,356.144,173.562,0,89.3983,131.306,2.46877
5100,67.4995,71.146,284.765,228.367,250.121,184.973,0,44.4662,23.0333,1.51799
5101,35.6,37.4768,573.965,755.768,611.083,754.953,0,23.423,12.177,1.51987
5102,134.299,139.506,546.572,459.082,615.617,539.679,0,87.1911,47.1079,1.54028
5103,172.201,186.139,514.818,222.951,648.355,190.914,0,116.337,55.8646,1.4802
5104,26.4001,21.9742,591.725,610.449,613.321,613.149,0,13.7339,12.6662,1.92226
5105,84.1993,77.0032,115.167,440.761,67.6487,404.891,0,48.127,36.0723,1.74952
5106,388.214,276.447,417.506,381.171,630.281,334.094,0,172.779,215.435,2.24688
5107,329.811,233.375,298.631,551.184,144.617,615.555,0,145.859,183.952,2.26116
5108,31.7001,28.9798,235.224,207.622,249.093,185.113,0,18.1123,13.5877,1.75019
5109,15.2,19.4914,318.778,799.578,313.449,818.327,0,12.1821,3.01787,1.24773
5110,45.2999,34.2273,228.547,204.331,249.135,185.147,0,21.3921,23.9078,2.1176
5111,103.299,125.572,572.829,276.923,648.078,198.021,0,78.4824,24.8166,1.31621
5112,172.601,109.402,167.836,383.038,67.8016,405.024,0,68.3763,104.225,2.52429
5113,161.201,110.167,162.987,415.722,67.7178,405.497,0,68.8544,92.3462,2.34118
5114,88.6992,121.941,254.595,683.598,149.538,693.152,0,76.2132,12.4861,1.16383
5115,244.806,203.637,489.961,414.439,630.286,334.067,0,127.273,117.533,1.92347
5116,119.399,109.651,117.918,474.25,67.8072,405.175,0,68.5318,50.8669,1.74224
5117,123.599,102.836,277.361,283.131,249.836,185.085,0,64.2725,59.3262,1.92304
5118,66.7996,48.7147,112.072,412.794,67.7112,405.58,0,30.4467,36.3529,2.19398
5119,124.299,109.323,558.291,154.991,653.514,130.05,0,68.3271,55.9716,1.81917
5120,281.708,177.358,208.626,330.196,249.098,185.103,0,110.849,170.859,2.54137
5121,138.699,161.838,289.605,687.412,149.549,693.246,0,101.149,37.5503,1.37124
5122,5.7,5.09413,310.942,813.261,312.715,818.035,0,3.18383,2.51616,1.79029
5123,91.4992,89.7905,149.024,522.529,139.919,611.153,0,56.119,35.3801,1.63045
5124,358.913,158.655,504.859,678.801,613.234,612.765,0,99.1595,259.753,3.61955
5125,161.501,142.667,528.87,158.952,653.529,130.049,0,89.1666,72.334,1.81122
5126,191.602,144.348,496.05,338.174,630.36,334.049,0,90.2174,101.385,2.12379
5127,485.72,307.857,399.229,484.641,602.016,534.949,1,192.411,293.31,2.5244
5128,134.899,119.803,557.665,386.329,630.436,334.358,0,74.8768,60.0222,1.80161
5129,77.4994,68.2381,586.318,125.22,653.529,130.037,0,42.6488,34.8506,1.81715
5130,187.502,142.79,310.885,300.959,250.986,184.594,0,89.2434,98.2588,2.10102
5131,198.303,130.795,163.036,436.165,67.7434,405.487,0,81.7467,116.556,2.42582
5132,237.205,132.873,224.219,310.793,248.966,185.012,0,83.0457,154.16,2.85632
5133,64.6996,62.3006,597.738,171.886,647.562,191.868,0,38.9379,25.7617,1.66161
5134,36.4,34.8392,583.857,820.244,602.448,833.307,0,21.7745,14.6255,1.67168
5135,260.407,238.033,262.715,519.545,139.867,611.07,0,148.771,111.636,1.75039
5136,182.902,152.969,494.856,329.806,630.254,333.851,0,95.6057,87.2962,1.91309
5137,388.715,183.085,494.5,687.728,613.245,612.811,0,114.428,274.286,3.39702
5138,334.111,179.016,482.14,570.395,613.217,612.807,0,111.885,222.226,2.9862
5139,458.619,254.064,451.712,463.237,615.534,539.834,0,158.79,299.829,2.88821
5140,221.104,244.777,399.255,644.799,313.094,818.11,0,152.986,68.1188,1.44526
5141,104.899,93.9813,560.282,123.606,653.496,129.985,0,58.7383,46.1607,1.78587
5142,81.2993,93.1246,566.777,484.658,615.609,539.645,0,58.2029,23.0965,1.39683
5143,485.72,236.874,472.935,477.948,599.326,513.604,1,148.046,337.674,3.28087
5144,347.612,241.625,268.506,437.551,67.6932,405.446,0,151.015,196.597,2.30183
5145,53.2998,72.5377,216.145,731.938,152.69,701.831,0,45.336,7.96373,1.17566
5146,219.304,139.108,162.323,445.302,67.749,405.455,0,86.9426,132.362,2.5224
5147,24.4001,24.7039,614.218,344.049,630.308,334.037,0,15.4399,8.96014,1.58032
5148,364.613,237.301,462.964,424.508,615.573,539.874,0,148.313,216.3,2.4584
5149,197.203,104.433,216.041,256.252,249.147,185.136,0,65.2706,131.932,3.02131
5150,483.92,214.955,430.532,634.45,613.266,612.752,0,134.347,349.573,3.60202
5151,90.9992,104.489,282.301,280.915,250.309,184.88,0,65.3059,25.6933,1.39343
5152,57.1997,66.5001,411.097,143.783,405.85,78.1655,0,41.5625,15.6372,1.37623
5153,196.703,135.32,453.474,142.074,356.212,173.322,0,84.5753,112.128,2.32577
5154,171.401,183.014,234.861,509.47,139.944,611.103,0,114.384,57.0174,1.49847
5155,145.4,159.627,522.736,209.797,647.666,191.771,0,99.7671,45.6326,1.45739
5156,16.5,17.7597,151.01,675.649,149.662,693.199,0,11.0998,5.4002,1.48651
5157,153.6,83.2183,578.352,672.659,613.154,612.811,0,52.0115,101.589,2.9532
5158,174.101,163.313,528.393,438.362,615.517,539.88,0,102.07,72.031,1.7057
5159,91.6992,80.3809,589.646,677.193,612.278,752.115,0,50.2381,41.4611,1.82529
5160,33.0001,21.4327,264.408,200.626,252.458,184.022,0,13.3954,19.6046,2.46353
5161,17.9,24.6423,629.082,130.965,653.572,129.984,0,15.4014,2.49863,1.16223
5162,105.999,137.825,263.716,674.995,149.457,693.192,0,86.1406,19.8583,1.23053
5163,105.799,98.3514,211.168,572.731,144.834,615.771,0,61.4696,44.3293,1.72116
5164,184.102,131.049,249.659,308.066,250.146,184.993,0,81.9058,102.196,2.24773
5165,70.6995,70.2708,282.518,773.489,310.605,818.818,0,43.9193,26.7802,1.60976
5166,228.605,262.418,333.986,392.993,251.469,184.381,0,164.011,64.5937,1.39384
5167,301.309,154.364,183.622,300.445,248.477,184.831,0,96.4773,204.832,3.12311
5168,235.405,145.103,200.577,412.029,67.6807,405.483,0,90.6892,144.716,2.59574
5169,266.307,192.802,473.001,307.351,630.274,334.151,0,120.501,145.806,2.20999
5170,80.2993,77.1775,283.157,767.702,311.051,818.624,0,48.236,32.0634,1.66472
5171,304.909,193.762,237.234,352.775,249.883,185.141,0,121.101,183.808,2.51781
5172,27.1001,32.2156,318.149,786.358,312.688,817.993,0,20.1347,6.96534,1.34594
5173,345.512,247.13,330.786,561.716,144.813,616.237,0,154.456,191.056,2.23696
5174,74.4994,72.2088,592.569,367.478,630.356,334.073,0,45.1305,29.369,1.65076
5175,294.309,182.423,167.417,303.019,248.55,184.867,0,114.014,180.294,2.58133
5176,9.1,10.9256,637.661,187.555,647.88,191.419,0,6.82852,2.27148,1.33265
5177,112.299,100.733,418.463,225.924,356.227,173.273,0,62.9581,49.3408,1.78371
5178,51.1998,36.1658,227.166,201.615,249.23,185.139,0,22.6036,28.5962,2.26512
5179,63.0996,77.1031,220.608,627.452,144.804,615.971,0,48.1894,14.9102,1.30941
5180,39.1,37.1808,137.186,659.804,149.375,693.347,0,23.238,15.862,1.68259
5181,485.72,169.884,127.983,538.154,124.572,538.237,1,106.178,379.543,4.5746
5182,389.715,262.403,293.633,424.669,67.7077,405.512,0,164.002,225.713,2.37628
5183,24.0001,29.5518,621.095,208.768,648.23,198.018,0,18.4699,5.5302,1.29942
5184,174.301,129.035,269.079,638.576,144.779,616.132,0,80.6469,93.6545,2.16129
5185,89.3992,84.8077,204.752,582.111,144.767,615.975,0,53.0048,36.3944,1.68662
5186,229.005,173.272,247.475,572.877,144.77,615.905,0,108.295,120.709,2.11463
5187,210.004,147.673,239.109,321.269,249.853,185.118,0,92.2955,117.708,2.27534
5188,133.199,122.631,556.667,168.433,653.509,130.048,0,76.6442,56.5547,1.73789
5189,40.8999,55.1037,564.893,800.201,606.268,812.007,0,34.4398,6.46015,1.18758
5190,89.5992,94.206,573.799,292.314,630.319,333.95,0,58.8788,30.7204,1.52176
5191,64.5996,80.4054,539.433,778.016,611.217,754.889,0,50.2533,14.3462,1.28548
5192,95.6991,94.979,178.217,544.237,139.805,611.11,0,59.3619,36.3372,1.61213
5193,97.2991,103.683,94.9691,473.041,67.6821,405.444,0,64.8021,32.4969,1.50148
5194,28.8001,35.4847,617.789,214.872,648.378,198.173,0,22.1779,6.62215,1.29859
5195,179.502,163.944,238.555,572.601,144.761,615.759,0,102.465,77.0365,1.75183
5196,170.801,141.066,273.016,649.193,144.773,616.053,0,88.1665,82.6347,1.93726
5197,79.4994,45.9995,258.373,229.549,249.531,185.222,0,28.7497,50.7497,2.76522
5198,7.4,6.88296,74.3773,402.982,67.814,405.221,0,4.30185,3.09815,1.72019
5199,301.009,183.08,246.638,349.911,249.774,185.12,0,114.425,186.584,2.63062
5200,275.108,176.55,290.739,603.092,144.78,615.908,0,110.344,164.764,2.49319
5201,118.999,93.2671,273.007,275.494,249.78,185.127,0,58.2919,60.7068,2.04143
5202,120.599,121.479,238.532,653.883,144.74,616.227,0,75.9245,44.6742,1.5884
5203,236.805,224.915,331.581,373.674,250.999,184.618,0,140.572,96.2336,1.68459
5204,485.72,270.585,476.643,483.652,605.114,533.25,1,169.116,316.605,2.87212
5205,96.9991,98.7371,275.53,279.215,250.241,184.96,0,61.7107,35.2884,1.57184
5206,25.9001,28.7074,316.859,790.024,312.735,818.031,0,17.9421,7.95792,1.44353
5207,220.204,189.662,312.245,330.845,250.95,184.591,0,118.539,101.666,1.85766
5208,65.6996,77.6606,214.749,678.654,149.457,693.208,0,48.5379,17.1617,1.35357
5209,168.601,123.86,252.872,300.833,250.406,184.911,0,77.4125,91.1886,2.17796
5210,55.9997,31.4873,592.635,626.791,613.288,613.196,0,19.6795,36.3202,2.84558
5211,269.207,142.3,508.757,661.636,613.172,612.766,0,88.9377,180.27,3.02692
5212,25.6001,30.156,601.722,566.412,616.059,541.588,0,18.8475,6.75255,1.35827
5213,0,0,312.811,825.24,312.811,825.24,0,0,0,0
5214,138.999,124.579,529.544,572.623,613.187,612.753,0,77.8621,61.1372,1.7852
5215,269.107,129.735,222.089,307.513,249.496,185.193,0,81.0846,188.023,3.31885
5216,253.506,228.539,328.548,578.147,144.797,615.979,0,142.837,110.669,1.77479
5217,485.72,247.696,442.895,585.423,595.052,616.475,1,154.81,330.91,3.13752
5218,354.512,225.288,397.188,336.803,349.803,174.74,0,140.805,213.707,2.51775
5219,485.72,256.339,475.177,481.412,604.758,532.132,1,160.212,325.509,3.03174
5220,324.911,211.266,295.766,360.908,250.449,184.854,0,132.041,192.869,2.46067
5221,307.21,203.956,285.411,562.653,144.641,615.701,0,127.473,179.737,2.41
5222,308.31,281.856,346.957,540.515,144.741,616.02,0,176.16,132.15,1.75017
5223,114.399,84.4959,604.576,696.242,612.398,752.006,0,52.81,61.5889,2.16624
5224,131.399,107.959,557.478,305.831,630.374,333.833,0,67.4743,63.9245,1.94739
5225,93.5991,88.1551,156.619,540.185,139.782,611.107,0,55.0969,38.5022,1.69881
5226,485.72,257.169,417.88,566.847,579.152,617.902,1,160.731,324.99,3.02195
5227,365.113,225.997,491.607,246.166,355.79,174.227,0,141.248,223.865,2.5849
5228,168.201,179.046,186.517,520.569,140.039,611.111,0,111.904,56.2972,1.50309
5229,290.509,167.907,559.3,526.834,613.195,612.761,0,104.942,185.567,2.76828
5230,485.72,253.719,448.273,487.654,602.147,533.663,1,158.574,327.146,3.06304
5231,206.203,191.036,526.66,501.03,615.472,539.878,0,119.397,86.8059,1.72703
5232,93.0992,85.421,316.907,741.747,310.981,818.701,0,53.3881,39.7111,1.74382
5233,347.312,278.82,308.048,423.726,67.6599,404.91,0,174.262,173.05,1.99304
5234,484.22,305.194,359.696,451.406,349.818,174.718,0,190.746,293.474,2.53856
5235,68.3995,33.615,247.517,219.482,249.548,185.219,0,21.0094,47.3902,3.25567
5236,329.011,187.426,213.85,445.967,67.7756,405.345,0,117.141,211.87,2.80867
5237,34.5,41.3685,179.758,674.611,149.972,693.262,0,25.8553,8.64471,1.33435
5238,25.3001,31.7815,175.482,622.517,144.698,615.672,0,19.8635,5.43661,1.2737
5239,22.1,21.1134,603.465,557.839,617.039,543.499,0,13.1959,8.90419,1.67477
5240,1.4,0.654859,654.194,199.043,653.987,198.422,0,0.409287,0.990713,3.42058
5241,278.108,142.108,216.057,226.667,248.629,184.931,0,88.8172,189.291,3.13124
5242,139.099,102.982,161.296,388.602,67.8483,405.208,0,64.3637,74.7356,2.16115
5243,119.499,135.355,512.288,717.626,611.931,753.083,0,84.5971,34.9016,1.41256
5244,316.01,182.289,507.383,541.638,613.157,612.847,0,113.931,202.079,2.7737
5245,122.099,92.8118,230.786,275.013,249.282,185.21,0,58.0074,64.0914,2.10488
5246,220.304,157.118,236.121,328.519,249.719,185.186,0,98.1985,122.106,2.24346
5247,72.0995,62.2182,299.745,769.083,311.622,818.4,0,38.8864,33.2131,1.85411
5248,263.507,130.61,216.413,230.771,248.661,184.884,0,81.6314,181.875,3.22801
5249,112.399,134.441,554.299,178.607,648.024,190.995,0,84.0258,28.373,1.33767
5250,259.807,257.169,283.505,513.392,139.755,611.133,0,160.731,99.0759,1.61641
5251,125.599,137.448,315.09,288.517,250.628,184.811,0,85.9052,39.6935,1.46206
5252,186.602,161.285,495.416,115.403,653.539,129.994,0,100.803,85.799,1.85115
5253,14.1,13.8434,639.12,208.117,648.177,197.975,0,8.65212,5.44789,1.62966
5254,0,0,139.333,614.781,139.333,614.781,0,0,0,0
5255,128.299,109.285,245.974,619.11,144.738,616.315,0,68.3031,59.9955,1.87837
5256,116.899,97.9602,274.069,278.687,249.938,185.066,0,61.2252,55.6736,1.90933
5257,51.6998,46.9582,572.918,594.301,613.287,612.46,0,29.3489,22.3509,1.76156
5258,357.313,236.974,270.506,432.446,67.7117,404.894,0,148.109,209.204,2.4125
5259,27.1001,26.4628,83.6886,419.64,67.7901,405.416,0,16.5393,10.5608,1.63853
5260,166.401,121.38,354.263,258.711,349.962,174.837,0,75.8625,90.5385,2.19346
5261,80.2993,61.4017,268.022,242.95,249.851,185.101,0,38.376,41.9233,2.09243
5262,13.1,16.2758,371.205,179.295,356.066,173.423,0,10.1724,2.92766,1.2878
5263,169.701,146.547,291.919,301.543,251.073,184.574,0,91.5917,78.1095,1.8528
5264,157.8,117.588,260.807,633.094,144.675,615.727,0,73.4925,84.3079,2.14716
5265,71.0995,91.2373,337.07,730.24,312.487,818.015,0,57.0233,14.0762,1.24685
5266,264.307,305.935,387.529,569.366,312.902,817.973,0,191.209,73.0977,1.38229
5267,65.8996,67.2249,599.079,151.864,653.47,130.196,0,42.0156,23.884,1.56846
5268,39.8,53.4525,310.635,772.072,312.012,818.174,0,33.4078,6.39214,1.19134
5269,141.199,136.125,111.449,495.01,67.7736,405.219,0,85.0779,56.1215,1.65965
5270,25.3001,28.4665,411.32,106.053,405.855,78.1918,0,17.7916,7.50849,1.42203
5271,217.604,154.447,238.751,326.303,249.796,185.084,0,96.5296,121.074,2.25427
5272,485.72,280.593,428.072,419.324,606.679,540.018,1,175.371,310.35,2.76968
5273,469.319,164.666,497.655,634.746,613.153,612.747,0,102.916,366.403,4.5602
5274,485.72,280.681,432.345,492.952,601.948,536.268,1,175.426,310.295,2.76881
5275,243.306,217.242,369.643,628.498,312.433,818.07,0,135.776,107.529,1.79196
5276,180.802,119.462,173.581,375.942,67.699,404.788,0,74.6635,106.138,2.42155
5277,315.91,219.75,386.952,340.715,349.796,174.744,0,137.344,178.566,2.30014
5278,30.8001,37.6501,587.446,528.891,615.563,540.299,0,23.5313,7.26879,1.3089
5279,190.402,129.617,192.832,390.743,67.7617,405.098,0,81.0105,109.392,2.35034
5280,227.305,154.254,351.359,302.812,349.871,174.68,0,96.4088,130.896,2.35772
5281,48.1998,53.5269,573.423,789.116,606.491,811.713,0,33.4543,14.7455,1.44077
5282,49.6998,55.3383,139.822,559.116,139.947,611.132,0,34.5865,15.1134,1.43697
5283,221.904,130.984,282.1,297.422,249.791,185.109,0,81.8649,140.039,2.71062
5284,70.7995,85.714,566.826,492.96,615.566,540.18,0,53.5712,17.2282,1.3216
5285,285.308,228.989,604.6,393.411,615.603,539.622,0,143.118,142.19,1.99352
5286,405.616,283.109,285.942,464.519,67.7033,404.862,0,176.943,228.672,2.29235
5287,312.81,220.246,473.576,439.77,615.466,539.781,0,137.654,175.156,2.27244
5288,336.411,212.402,480.02,436.471,615.575,539.723,0,132.751,203.66,2.53415
5289,22.3,21.2942,602.8,557.313,616.305,542.148,0,13.3089,8.99116,1.67558
5290,370.613,266.08,340.123,387.74,349.931,174.817,0,166.3,204.313,2.22858
5291,373.314,258.03,341.96,564.287,144.824,615.961,0,161.269,212.045,2.31485
5292,103.399,107.838,235.371,607.411,144.824,615.922,0,67.3986,36.0004,1.53414
5293,261.907,245.471,276.863,521.796,139.865,611.151,0,153.419,108.488,1.70713
5294,219.304,166.46,303.768,627.452,144.845,616.026,0,104.037,115.267,2.10794
5295,264.407,201.799,479.622,316.198,630.273,334.036,0,126.124,138.282,2.0964
5296,103.099,114.462,566.525,175.076,653.55,130.151,0,71.5386,31.5604,1.44117
5297,86.0993,102.172,237.628,744.354,152.736,701.826,0,63.8578,22.2415,1.3483
5298,214.204,245.671,399.727,643.379,313.163,818.16,0,153.544,60.6598,1.39506
5299,95.2991,82.5729,149.886,400.961,67.7728,405.291,0,51.6081,43.691,1.84659
5300,24.7001,29.2915,322.071,181.279,349.691,174.689,0,18.3072,6.39284,1.3492
5301,82.1993,75.0393,578.331,131.351,653.495,129.959,0,46.8996,35.2998,1.75267
5302,54.7997,61.5313,554.525,749.972,612.115,752.551,0,38.457,16.3427,1.42496
5303,162.301,201.378,516.591,264.483,647.982,198.042,0,125.861,36.4393,1.28952
5304,16.4,17.3208,613.402,330.622,630.277,334.152,0,10.8255,5.57454,1.51495
5305,246.806,195.68,321.007,343.421,251.04,184.575,0,122.3,124.506,2.01804
5306,155.2,123.552,175.092,258.559,248.642,184.893,0,77.2202,77.98,2.00984
5307,8.9,9.33552,303.645,814.181,311.742,818.434,0,5.8347,3.0653,1.52536
5308,101.699,81.7014,417.873,206.968,356.097,173.428,0,51.0634,50.6357,1.99162
5309,232.505,253.472,400.017,631.51,312.388,818.107,0,158.42,74.0847,1.46765
5310,198.103,147.047,481.778,153.022,356.193,173.222,0,91.9045,106.198,2.15553
5311,78.9994,99.2327,337.541,721.911,312.627,817.966,0,62.0205,16.9789,1.27376
5312,389.415,154.654,471.647,613.3,613.195,612.767,0,96.6589,292.756,4.02875
5313,252.706,189.629,387.262,301.943,349.697,174.629,0,118.518,134.188,2.13222
5314,51.2998,59.4081,313.01,766.525,311.79,818.345,0,37.13,14.1697,1.38162
5315,60.9996,82.9121,223.76,736.328,152.522,701.766,0,51.8201,9.17955,1.17714
5316,98.0991,117.624,592.908,268.522,648.012,197.785,0,73.5153,24.5838,1.3344
5317,1.9,1.06013,610.875,757.631,611.871,757.269,0,0.662584,1.23742,2.86756
5318,117.299,99.7321,373.856,206.805,355.765,174.3,0,62.3326,54.9662,1.88182
5319,124.299,111.194,212.872,652.691,144.849,615.992,0,69.4963,54.8023,1.78856
5320,297.309,229.502,477.681,423.397,630.307,334.086,0,143.439,153.87,2.07272
5321,230.405,196.315,402.716,303.105,356.076,173.637,0,122.697,107.708,1.87784
5322,46.5999,56.2848,118.299,574.166,139.868,611.133,0,35.178,11.4219,1.32469
5323,306.409,186.597,219.087,431.226,67.8221,405.422,0,116.623,189.786,2.62735
5324,257.106,198.385,220.607,474.972,139.872,611.15,0,123.991,133.116,2.07359
5325,99.3991,74.0127,264.314,257.157,249.335,185.221,0,46.2579,53.1411,2.1488
5326,173.601,118.07,261.194,633.329,144.815,615.945,0,73.7936,99.8078,2.35253
5327,368.113,264.17,425.16,394.661,630.254,334.148,0,165.106,203.007,2.22956
5328,100.399,94.9069,188.116,565.809,139.913,611.134,0,59.3168,41.0822,1.69259
5329,326.411,156.544,492.813,157.038,355.939,173.635,0,97.8402,228.57,3.33616
5330,18.5,19.0274,613.613,338.216,630.286,334.072,0,11.8921,6.60789,1.55565
5331,89.4992,88.6283,161.687,536.702,139.867,611.116,0,55.3927,34.1065,1.61572
5332,91.4992,74.3617,422.548,152.283,356.125,173.542,0,46.4761,45.0231,1.96874
5333,298.709,194.165,324.345,613.52,144.733,616.033,0,121.353,177.356,2.46149
5334,8.3,8.70599,255.459,192.12,252.791,183.855,0,5.44124,2.85875,1.52539
5335,55.0997,40.7374,224.079,210.576,248.507,184.842,0,25.4609,29.6389,2.16409
5336,122.199,76.7106,583.613,672.053,613.263,612.825,0,47.9441,74.2546,2.54877
5337,81.8993,73.2864,554.736,731.957,612.262,752.329,0,45.804,36.0953,1.78804
5338,195.803,106.242,517.799,631.728,613.193,612.799,0,66.4011,129.402,2.94879
5339,485.72,220.576,427.604,135.58,423.695,121.653,1,137.86,347.86,3.52328
5340,485.72,161.382,129.298,538.964,124.912,537.548,1,100.864,384.857,4.8156
5341,171.801,152.31,228.992,572.035,144.653,615.748,0,95.1939,76.6074,1.80475
5342,79.6994,59.5784,555.386,618.185,613.2,612.838,0,37.2365,42.4629,2.14036
5343,204.903,243.851,313.712,371.522,251.328,184.544,0,152.407,52.4963,1.34445
5344,1,0.351322,147.676,693.558,147.796,693.888,0,0.219576,0.780424,4.55423
5345,128.499,110.448,446.415,195.281,356.173,173.44,0,69.0297,59.4689,1.8615
5346,216.404,173.372,535.396,421.298,615.624,539.628,0,108.357,108.047,1.99713
5347,331.711,207.076,471.759,382.464,630.39,334.118,0,129.422,202.289,2.56301
5348,406.216,246.649,456.796,432.773,615.588,539.725,0,154.156,252.06,2.6351
5349,485.72,154.815,304.528,398.952,307.013,390.845,1,96.7594,388.961,5.01988
5350,247.606,262.933,293.562,525.291,140.123,611.095,0,164.333,83.2725,1.50673
5351,248.806,208.694,406.801,317.666,356.062,173.594,0,130.434,118.372,1.90753
5352,233.305,194.349,524.598,455.476,615.584,539.807,0,121.468,111.837,1.92071
5353,448.518,237.928,422.233,656.032,613.22,612.844,0,148.705,299.813,3.01616
5354,248.006,283.048,378.726,579.344,312.628,818.007,0,176.905,71.1007,1.40191
5355,485.72,288.493,403.956,490.107,599.492,517.844,1,180.308,305.413,2.69384
5356,114.799,125.661,572.103,431.834,615.489,539.977,0,78.538,36.2608,1.4617
5357,148.9,177.837,419.925,711.868,313.399,818.165,0,111.148,37.7515,1.33965
5358,230.005,240.429,405.047,639.228,313.115,818.131,0,150.268,79.7369,1.53063
5359,485.72,261.205,401.502,614.495,612.116,612.525,1,163.253,322.467,2.97526
5360,213.404,185.207,224.185,492.539,139.91,611.085,0,115.754,97.6497,1.8436
5361,163.501,173.409,192.108,520.522,139.944,611.091,0,108.381,55.1202,1.50858
5362,329.011,209.973,266.679,365.65,249.153,185.125,0,131.233,197.778,2.50707
5363,24.6001,31.8236,593.666,527.689,615.731,540.405,0,19.8897,4.71033,1.23682
5364,6.1,5.88861,147.873,687.635,149.677,693.236,0,3.68038,2.41962,1.65744
5365,351.812,281.544,322.329,510.355,144.803,615.958,0,175.965,175.847,1.99933
5366,254.706,208.625,424.525,316.775,355.845,174.219,0,130.391,124.316,1.95341
5367,387.014,267.445,363.112,417.058,349.856,174.813,0,167.153,219.861,2.31533
5368,347.112,237.407,307.424,377.605,249.907,185.139,0,148.379,198.733,2.33936
5369,281.708,207.964,473.411,385.834,630.261,334.145,0,129.978,151.73,2.16735
5370,0,0,140.562,618.164,140.562,618.164,0,0,0,0
5371,218.704,171.121,498.896,366.418,630.268,334.068,0,106.951,111.753,2.04491
5372,64.5996,47.0772,590.236,643.158,613.327,613.195,0,29.4233,35.1763,2.19553
5373,335.511,227.321,460.703,389.995,630.274,334.108,0,142.076,193.436,2.3615
5374,145.8,153.945,314.602,688.2,312.188,818.211,0,96.2156,49.5841,1.51534
5375,207.003,200.085,367.45,644.405,312.627,818.008,0,125.053,81.9501,1.65532
5376,251.606,136.812,172.15,437.178,67.8347,405.4,0,85.5075,166.099,2.9425
5377,205.803,146.052,467.613,212.13,356.329,173.229,0,91.2822,114.521,2.25458
5378,15.7,19.6274,598.63,738.52,612.315,752.325,0,12.2672,3.43287,1.27984
5379,259.307,191.435,612.437,402.014,615.558,539.762,0,119.647,139.66,2.16727
5380,185.202,132.044,160.669,482.49,139.801,611.059,0,82.5277,102.674,2.24412
5381,193.403,165.798,489.415,118.032,653.494,129.866,0,103.624,89.7787,1.86639
5382,46.8999,30.4927,590.846,624.207,613.302,613.156,0,19.058,27.8419,2.46091
5383,90.1992,79.8292,426.977,148.453,356.081,173.58,0,49.8933,40.3059,1.80784
5384,176.102,134.809,298.075,296.548,250.812,184.745,0,84.2556,91.846,2.09009
5385,18.4,18.9557,596.527,605.268,613.167,612.747,0,11.8473,6.55273,1.5531
5386,401.215,307.303,358.072,520.47,144.749,615.891,0,192.065,209.151,2.08896
5387,201.803,147.56,176.66,480.593,139.655,611.12,0,92.2249,109.578,2.18816
5388,49.9998,24.9287,271.338,199.719,253.101,183.439,0,15.5804,34.4194,3.20914
5389,6.2,5.78887,607.661,614.528,613.286,613.218,0,3.61804,2.58195,1.71363
5390,41.8999,37.2943,565.536,835.159,602.418,833.305,0,23.3089,18.591,1.79759
5391,112.799,92.9978,228.739,274.352,249.035,184.997,0,58.1236,54.6753,1.94067
5392,42.8999,34.5288,236.491,216.516,248.903,185.002,0,21.5805,21.3194,1.9879
5393,162.401,130.34,523.537,572.18,613.21,612.838,0,81.4625,80.9382,1.99356
5394,286.908,180.107,220.871,347.213,249.699,185.184,0,112.567,174.341,2.54878
5395,2.5,1.66527,634.376,282.921,635.947,282.368,0,1.04079,1.45921,2.40201
5396,215.604,133.718,169.49,438.415,67.8124,405.435,0,83.5735,132.03,2.57981
5397,27.5001,29.2748,612.643,272.301,635.798,282.256,0,18.2967,9.20334,1.503
5398,27.8001,32.8949,318.061,786.052,312.723,817.985,0,20.5593,7.24074,1.35219
5399,167.001,173.812,513.361,210.627,647.811,191.686,0,108.633,58.3683,1.5373
5400,101.899,83.7794,150.694,395.817,67.8061,405.191,0,52.3621,49.5369,1.94604
5401,154.3,98.2402,213.886,267.02,248.739,184.917,0,61.4001,92.9001,2.51303
5402,106.799,75.3118,601.132,681.749,612.418,751.997,0,47.0699,59.7291,2.26894
5403,12.4,10.0371,609.88,549.053,616.714,543.119,0,6.27318,6.12683,1.97667
5404,312.41,323.22,323.137,485.3,139.853,611.131,0,202.012,110.397,1.54649
5405,485.72,254.086,435.407,591.64,609.149,612.714,1,158.804,326.917,3.05862
5406,38.1,41.8222,120.25,586.734,139.935,611.075,0,26.1389,11.9611,1.4576
5407,226.305,134.22,284.597,303.678,249.832,185.103,0,83.8877,142.417,2.69771
5408,482.92,260.936,438.104,592.648,613.26,612.805,0,163.085,319.835,2.96116
5409,147.3,179.139,408.275,696.732,313.446,818.151,0,111.962,35.3381,1.31563
5410,147.4,109.908,139.747,513.99,139.752,611.104,0,68.6923,78.7075,2.1458
5411,19.8,24.9961,261.291,207.404,251.784,184.289,0,15.6226,4.17745,1.2674
5412,485.72,282.942,424.373,566.135,589.79,614.78,1,176.838,308.882,2.74669
5413,481.02,324.2,403.595,459.699,615.561,539.889,0,202.625,278.395,2.37394
5414,144.9,184.267,528.63,268.213,648.118,197.982,0,115.167,29.733,1.25817
5415,87.6992,117.855,262.713,731.033,152.819,701.731,0,73.6595,14.0397,1.1906
5416,14.5,18.6526,259.418,201.293,252.227,184.091,0,11.6579,2.84212,1.24379
5417,123.099,119.124,216.45,666.291,144.8,616.121,0,74.4524,48.6463,1.65339
5418,128.499,92.5877,159.02,544.202,139.878,611.166,0,57.8673,70.6313,2.22057
5419,145.3,133.355,307.121,291.47,250.784,184.666,0,83.3469,61.9527,1.74331
5420,21.9,22.6301,406.064,100.624,405.76,78.1595,0,14.1438,7.75621,1.54838
5421,37,38.2056,616.218,135.027,653.486,130.044,0,23.8785,13.1215,1.54951
5422,220.704,257.721,329.898,391.293,251.339,184.535,0,161.075,59.6288,1.37019
5423,111.199,116.466,191.682,534.64,139.887,611.142,0,72.7914,38.4075,1.52764
5424,117.899,87.5479,576.502,673.571,613.151,612.75,0,54.7174,63.1814,2.15469
5425,445.118,292.898,377.161,424.606,349.883,174.771,0,183.061,262.056,2.43152
5426,134.699,86.6476,530.46,618.541,613.279,612.781,0,54.1548,80.5442,2.4873
5427,55.3997,67.3868,589.639,486.289,615.612,540.418,0,42.1167,13.283,1.31539
5428,101.599,91.7908,568.805,142.424,653.495,130.029,0,57.3693,44.2297,1.77097
5429,138.899,117.814,404.248,240.283,356.054,173.423,0,73.634,65.2653,1.88635
5430,327.811,204.393,247.934,414.467,67.706,405.473,0,127.746,200.065,2.56612
5431,60.1997,71.2882,589.926,481.879,615.653,540.495,0,44.5552,15.6445,1.35113
5432,77.1994,101.994,249.833,731.197,153.567,700.657,0,63.7462,13.4532,1.21104
5433,159.101,102.167,221.189,281.74,249.005,184.991,0,63.8546,95.2459,2.49161
5434,92.4992,62.9725,263.203,246.037,249.818,185.126,0,39.3578,53.1413,2.35021
5435,140.499,81.6682,605.728,678.307,612.224,752.541,0,51.0426,89.4568,2.75259
5436,460.819,311.007,358.739,451.84,349.998,174.834,0,194.379,266.439,2.37072
5437,41.7999,47.2084,191.483,623.326,144.772,615.849,0,29.5053,12.2947,1.41669
5438,175.602,174.926,513.479,201.575,648.461,190.865,0,109.329,66.2726,1.60618
5439,63.0996,66.4397,344.126,196.957,349.733,174.714,0,41.5248,21.5748,1.51956
5440,104.699,88.1568,433.023,186.644,355.736,174.327,0,55.098,49.601,1.90023
5441,71.3995,50.272,234.254,232.035,249.275,185.211,0,31.42,39.9795,2.27242
5442,32.6001,35.7609,618.164,132.947,653.473,129.951,0,22.3506,10.2495,1.45858
5443,363.613,235.581,461.527,424.418,615.636,539.72,0,147.238,216.375,2.46955
5444,59.1997,36.0203,235.281,217.593,249.249,185.119,0,22.5127,36.687,2.62962
5445,114.999,110.739,229.721,755.85,152.807,701.752,0,69.2116,45.7872,1.66155
5446,62.8996,74.1341,544.87,777.025,611.125,755.248,0,46.3338,16.5658,1.35753
5447,93.7991,106.89,561.134,199.586,647.66,191.697,0,66.806,26.9931,1.40405
5448,120.899,109.859,556.206,153.863,653.535,130.05,0,68.6616,52.2372,1.76079
5449,250.706,134.163,523.235,655.427,613.16,612.838,0,83.8518,166.854,2.98987
5450,60.1997,70.4535,594.214,194.164,648.422,198.242,0,44.0334,16.1662,1.36714
5451,69.2995,82.24,274.054,263.044,250.222,184.979,0,51.4,17.8995,1.34824
5452,40.6,51.1307,599.488,703.742,612.415,752.094,0,31.9567,8.64329,1.27047
5453,68.1995,66.2412,597.485,366.651,630.267,334.07,0,41.4007,26.7988,1.6473
5454,296.609,227.811,302.568,552.502,144.768,615.922,0,142.382,154.227,2.08319
5455,89.4992,115.682,357.416,713.903,313.295,818.151,0,72.3011,17.1981,1.23787
5456,401.015,253.211,429.826,390.028,630.363,334.076,0,158.257,242.758,2.53395
5457,9.1,10.5491,77.3838,409.747,67.4102,406.32,0,6.59316,2.50684,1.38022
5458,33.8001,35.5421,612.988,354.816,630.315,334.118,0,22.2138,11.5863,1.52158
5459,141.999,155.616,342.572,672.117,312.525,817.981,0,97.2598,44.7397,1.46
5460,28.7001,30.7591,386.007,177.65,355.903,174.035,0,19.2244,9.47564,1.4929
5461,485.72,186.939,438.481,635.304,598.69,612.104,1,116.837,368.883,4.15725
5462,175.802,132.491,421.843,256.347,356.249,173.259,0,82.807,92.9945,2.12303
5463,288.908,192.31,463.393,272.719,355.85,174.228,0,120.194,168.715,2.40369
5464,192.103,198.297,312.578,340.041,250.959,184.569,0,123.936,68.167,1.55002
5465,23.1001,26.8475,262.286,208.533,252.257,184.091,0,16.7797,6.32037,1.37667
5466,89.9992,113.848,323.021,713.538,312.262,818.162,0,71.155,18.8442,1.26483
5467,289.108,199.297,526.813,458.28,615.571,539.767,0,124.561,164.548,2.32102
5468,19.5,20.1102,150.314,673.229,149.625,693.176,0,12.5689,6.93116,1.55145
5469,138.499,108.115,163.03,382.045,67.6517,404.883,0,67.5719,70.9273,2.04966
5470,285.708,181.138,233.938,374.973,67.6623,404.952,0,113.211,172.497,2.52367
5471,166.701,174.752,215.715,498.168,140.111,611.147,0,109.22,57.4812,1.52629
5472,188.702,102.589,209.14,263.941,248.693,184.918,0,64.1183,124.584,2.94303
5473,419.016,175.306,539.963,539.224,613.217,612.795,0,109.566,309.45,3.82433
5474,227.005,138.713,205.821,405.936,67.7276,405.486,0,86.6956,140.309,2.61841
5475,0,0,648.093,192.497,648.093,192.497,0,0,0,0
5476,185.302,177.784,375.808,669.468,313.031,818.054,0,111.115,74.1871,1.66766
5477,34.4,34.5746,567.832,833.244,602.422,833.343,0,21.6091,12.791,1.59192
5478,122.899,89.8388,554.787,711.565,612.008,752.768,0,56.1492,66.7495,2.18879
5479,378.014,151.073,498.336,620.138,613.229,612.765,0,94.4205,283.593,4.00352
5480,56.9997,40.5156,280.277,210.677,252.465,184.013,0,25.3222,31.6775,2.25097
5481,485.72,136.258,497.99,624.47,596.994,612.492,1,85.161,400.559,5.70356
5482,198.103,147.121,180.72,351.386,67.733,404.916,0,91.9503,106.153,2.15446
5483,65.6996,71.9036,317.805,220.789,349.899,174.651,0,44.9397,20.7598,1.46195
5484,293.109,149,561.683,554.941,613.24,612.778,0,93.1248,199.984,3.14748
5485,95.8991,98.8492,98.0277,472.584,67.7705,405.243,0,61.7807,34.1184,1.55225
5486,411.416,182.601,484.831,676.712,613.256,612.791,0,114.125,297.291,3.60495
5487,485.72,266.641,447.423,569.24,592.482,614.635,1,166.65,319.07,2.91461
5488,54.1997,44.7461,603.209,284.442,635.906,282.382,0,27.9663,26.2334,1.93804
5489,100.099,75.2507,598.605,354.217,630.284,334.148,0,47.0317,53.0674,2.12833
5490,465.019,224.205,443.612,678.052,613.188,612.816,0,140.128,324.891,3.31853
5491,21.1,24.3529,616.463,276.61,635.794,282.342,0,15.2205,5.8795,1.38629
5492,73.9994,95.1532,336.802,726.725,312.462,817.978,0,59.4707,14.5287,1.2443
5493,176.902,151.994,594.345,388.468,630.346,334.174,0,94.9965,81.9051,1.86219
5494,41.8999,52.9361,595.22,702.879,612.4,752.062,0,33.085,8.81489,1.26643
5495,194.803,124.501,191.528,402.619,67.7883,405.166,0,77.8134,116.989,2.50346
5496,290.108,204.695,367.142,350.652,349.945,174.817,0,127.934,162.174,2.26764
5497,240.405,187.419,439.967,308.665,355.784,174.228,0,117.137,123.269,2.05235
5498,30.5001,36.3622,605.875,574.205,616.225,541.686,0,22.7264,7.77368,1.34206
5499,84.9993,105.495,324.957,719.573,312.293,818.068,0,65.9341,19.0652,1.28915
5500,157.6,99.7818,565.424,684.463,612.316,752.344,0,62.3636,95.2368,2.52712
5501,41.1999,42.9981,574.693,768.898,611.083,755.419,0,26.8738,14.3261,1.53309
5502,24.4001,28.3666,140.472,648.862,139.926,620.826,0,17.7291,6.67093,1.37627
5503,188.102,147.663,200.779,372.627,67.6524,404.91,0,92.2891,95.8132,2.03819
5504,232.005,136.829,162.732,444.029,67.6637,405.521,0,85.5181,146.487,2.71293
5505,16.8,18.8081,372.291,182.296,355.402,174.492,0,11.7551,5.04495,1.42917
5506,165.301,102.38,163.859,410.445,67.7834,405.152,0,63.9873,101.314,2.58334
5507,210.704,169.429,285.271,673.697,144.813,616.036,0,105.893,104.811,1.98978
5508,244.006,202.158,344.802,334.717,350.086,174.77,0,126.349,117.657,1.93121
5509,230.205,167.922,473.783,572.398,613.274,612.825,0,104.951,125.254,2.19345
5510,443.818,189.549,452.52,639.043,613.256,612.765,0,118.468,325.35,3.74631
5511,194.403,133.351,281.506,303.484,249.777,185.082,0,83.3446,111.058,2.33252
5512,315.21,194.517,322.016,612.242,144.849,615.921,0,121.573,193.637,2.59275
5513,65.4996,82.7815,322.369,741.633,312.798,818.039,0,51.7385,13.7611,1.26597
5514,52.7998,62.3452,595.254,229.318,648.279,198.141,0,38.9657,13.834,1.35503
5515,24.2001,28.8251,284.458,810.451,311.769,818.269,0,18.0157,6.18439,1.34328
5516,161.601,138.278,524.166,376.968,630.327,333.854,0,86.424,75.1767,1.86986
5517,215.004,161.958,516.32,391.387,630.389,334.48,0,101.224,113.78,2.12404
5518,144.6,128.054,306.889,278.81,250.186,185.029,0,80.034,64.5656,1.80673
5519,314.41,239.791,288.397,395.671,251.233,184.46,0,149.87,164.54,2.09789
5520,217.504,114.093,519.075,588.824,613.219,612.714,0,71.3084,146.196,3.05019
5521,213.204,173.063,496.81,365.157,630.41,333.811,0,108.165,105.039,1.97111
5522,72.5995,71.2152,283.777,771.749,310.583,818.791,0,44.5095,28.0899,1.6311
5523,163.401,175.155,541.589,237.05,648.077,190.986,0,109.472,53.9289,1.49263
5524,136.699,87.637,573.712,673.585,613.205,612.762,0,54.7731,81.926,2.49573
5525,277.708,284.566,296.055,495.811,139.779,611.133,0,177.854,99.8537,1.56144
5526,13.4,14.7974,147.61,678.568,149.655,693.203,0,9.24839,4.15163,1.4489
5527,346.512,250.779,317.361,545.802,144.669,615.731,0,156.737,189.775,2.21079
5528,97.7991,89.4257,526.013,609.8,613.161,612.839,0,55.8911,41.908,1.74982
5529,470.019,336.57,378.515,454.916,349.853,174.751,0,210.356,259.663,2.2344
5530,99.6991,75.6113,190.407,209.891,248.254,184.777,0,47.2571,52.442,2.10972
5531,314.21,178.523,293.383,337.43,249.818,185.11,0,111.577,202.633,2.81609
5532,340.212,230.846,239.276,449.515,67.7842,405.408,0,144.279,195.933,2.35801
5533,100.099,88.3923,246.773,778.769,310.681,818.793,0,55.2452,44.8539,1.81191
5534,485.72,384.417,88.3091,454.288,90.0758,460.982,1,240.26,245.46,2.02164
5535,256.106,205.452,443.574,324.504,355.999,173.634,0,128.408,127.699,1.99448
5536,485.72,232.652,419.521,490.739,582.73,462.022,1,145.408,340.313,3.3404
5537,187.602,130.684,299.842,292.706,250.36,184.944,0,81.6778,105.924,2.29686
5538,200.303,130.268,212.249,309.129,248.798,185.004,0,81.4176,118.885,2.46019
5539,70.0995,63.0865,591.707,127.333,653.497,129.91,0,39.4291,30.6704,1.77786
5540,362.213,297.314,310.795,460.061,67.6943,404.931,0,185.821,176.392,1.94926
5541,172.701,123.286,544.458,674.906,613.171,612.857,0,77.0539,95.6474,2.2413
5542,208.204,196.513,532.839,427.396,630.281,334.275,0,122.821,85.3827,1.69518
5543,351.112,241.813,275.945,423.539,67.7635,405.04,0,151.133,199.979,2.3232
5544,263.307,179.193,281.538,584.218,144.835,615.816,0,111.995,151.312,2.35105
5545,12.6,10.2888,260.836,189.975,253.143,183.63,0,6.43052,6.16949,1.95941
5546,134.299,116.705,404.142,238.649,355.607,174.385,0,72.9406,61.3584,1.84121
5547,465.619,279.109,428.524,429.686,615.573,539.874,0,174.443,291.176,2.66917
5548,310.91,224.434,459.092,384.117,630.312,334.144,0,140.271,170.639,2.21649
5549,31.0001,29.8875,408.479,107.444,405.903,78.1636,0,18.6797,12.3204,1.65956
5550,312.91,165.202,507.739,687.163,613.222,612.788,0,103.251,209.659,3.03057
5551,140.599,129.963,552.419,453.175,615.501,539.774,0,81.2266,59.3728,1.73095
5552,283.808,152.514,191.578,315.601,248.576,184.865,0,95.3213,188.487,2.97738
5553,302.409,240.866,478.57,344.408,630.262,334.094,0,150.541,151.868,2.00881
5554,314.21,181.322,315.41,620.464,144.722,615.737,0,113.326,200.884,2.77261
5555,28.7001,33.2006,605.244,571.054,616.279,542.036,0,20.7504,7.94971,1.38311
5556,178.702,179.476,334.136,649.755,312.31,818.083,0,112.172,66.5293,1.5931
5557,243.606,193.762,215.233,467.754,140.125,611.055,0,121.101,122.504,2.01158
5558,74.2994,69.2869,413.425,194.777,355.745,174.18,0,43.3043,30.9951,1.71575
5559,2.5,1.66343,646.473,198.583,647.909,197.745,0,1.03964,1.46036,2.40467
5560,134.999,152.862,212.676,519.272,139.938,611.091,0,95.5388,39.4603,1.41303
5561,65.4996,41.2869,575.042,621.943,613.322,612.396,0,25.8043,39.6953,2.53832
5562,92.9992,77.6259,429.227,178.654,355.795,174.299,0,48.5162,44.483,1.91687
5563,30.2001,37.6347,615.586,188.086,647.883,191.462,0,23.5217,6.67839,1.28392
5564,13.8,17.598,170.07,706.714,153.534,700.695,0,10.9988,2.80125,1.25469
5565,243.706,198.093,380.525,321.085,349.578,174.561,0,123.808,119.898,1.96842
5566,282.808,222.11,460.238,332.5,355.835,174.22,0,138.819,143.989,2.03725
5567,387.814,174.899,463.395,641.442,613.269,612.837,0,109.312,278.503,3.54778
5568,155.7,127.384,509.987,339.013,630.258,333.948,0,79.6152,76.0851,1.95566
5569,341.512,223.455,391.468,339.774,349.726,174.674,0,139.659,201.852,2.44532
5570,99.0991,125.505,561.507,215.844,648.021,197.944,0,78.4405,20.6585,1.26337
5571,23.0001,25.6642,328.933,188.149,349.86,174.802,0,16.0401,6.95995,1.43391
5572,326.311,228.562,467.06,363.45,630.391,334.068,0,142.851,183.46,2.28427
5573,331.511,167.936,532.442,536.127,613.274,612.802,0,104.96,226.551,3.15846
5574,149,94.4417,522.63,624.726,613.213,612.819,0,59.026,89.9739,2.52431
5575,39.9,41.9912,612.247,132.708,653.511,129.955,0,26.2445,13.6555,1.52032
5576,126.199,105.384,405.039,229.498,356.079,173.6,0,65.8652,60.3335,1.91601
5577,146.1,112.575,525.81,336.887,630.288,334.081,0,70.3594,75.7403,2.07648
5578,320.71,174.816,269.891,340.624,249.941,185.142,0,109.26,211.451,2.9353
5579,94.3991,84.3259,569.482,127.928,653.531,130.046,0,52.7037,41.6954,1.79113
5580,127.299,88.6097,556.25,710.576,612.189,752.459,0,55.381,71.9176,2.2986
5581,78.0994,83.0828,149.717,529.086,139.932,611.169,0,51.9267,26.1727,1.50403
5582,312.81,230.757,474.6,424.008,630.32,334.143,0,144.223,168.587,2.16893
5583,120.199,108.327,232.001,606.84,144.769,615.778,0,67.7041,52.4947,1.77535
5584,392.815,239.307,401.097,345.322,349.701,174.54,0,149.567,243.248,2.62635
5585,482.02,168.056,503.097,626.528,613.19,612.766,0,105.035,376.985,4.58914
5586,102.499,77.6551,600.646,679.363,612.355,752.01,0,48.5344,53.9646,2.11188
5587,43.5999,55.2394,608.013,367.469,630.261,334.07,0,34.5247,9.07526,1.26286
5588,284.708,238.379,481.709,345.128,630.309,334.097,0,148.987,135.721,1.91096
5589,485.72,285.228,425.319,490.864,603.491,531.178,1,178.267,307.453,2.72467
5590,14.2,17.042,601.398,535.166,615.544,540.138,0,10.6513,3.54876,1.33318
5591,441.118,228.151,512.626,510.019,613.199,612.788,0,142.594,298.523,3.09351
5592,124.999,101.943,276.47,281.24,249.541,185.189,0,63.7147,61.284,1.96185
5593,283.208,210.003,265.208,368.4,251.437,184.528,0,131.252,151.956,2.15775
5594,75.6994,83.806,532.51,610.138,613.339,612.49,0,52.3788,23.3206,1.44523
5595,437.517,257.954,454.503,476.096,615.538,539.871,0,161.221,276.296,2.71377
5596,249.606,187.491,200.199,464.567,139.942,611.15,0,117.182,132.424,2.13007
5597,34.7,31.8564,87.7533,423.736,67.8171,405.176,0,19.9103,14.7898,1.74282
5598,485.72,369.729,575.738,544.482,574.328,546.097,1,231.08,254.64,2.10195
5599,263.307,151.559,191.505,315.147,249.227,185.122,0,94.7245,168.582,2.77971
5600,343.512,248.404,246.642,462.736,67.7138,405.49,0,155.252,188.259,2.2126
5601,198.203,130.931,552.451,554.676,613.203,612.765,0,81.8322,116.371,2.42207
5602,164.001,134.221,303.546,294.406,250.667,184.776,0,83.8881,80.1127,1.955
5603,76.6994,99.3042,236.249,684.459,149.574,693.205,0,62.0651,14.6343,1.23579
5604,322.81,156.625,504.983,678.773,613.168,612.761,0,97.8906,224.92,3.29766
5605,69.7995,40.5389,254.453,225.076,249.831,185.095,0,25.3368,44.4627,2.75486
5606,395.415,251.685,454.834,422.378,615.606,539.695,0,157.303,238.112,2.51372
5607,80.7993,82.6954,555.162,333.105,630.253,334.101,0,51.6846,29.1147,1.56332
5608,364.513,221.533,239.412,444.535,67.846,405.415,0,138.458,226.055,2.63265
5609,141.299,162.039,342.091,664.474,313.473,818.318,0,101.274,40.0253,1.39522
5610,120.299,92.089,267.442,274.622,249.807,185.131,0,57.5556,62.7431,2.09013
5611,421.316,252.668,451.901,415.662,615.519,539.814,0,157.917,263.399,2.66796
5612,148.3,144.488,315.615,297.09,250.959,184.624,0,90.3049,57.9949,1.64221
5613,3.8,3.30732,633.882,286.045,637.056,285.115,0,2.06707,1.73293,1.83835
5614,198.903,164.629,504.307,375.912,630.376,333.809,0,102.893,96.01,1.93311
5615,349.812,314.884,312.492,472.692,67.7563,404.97,0,196.802,153.01,1.77748
5616,54.3997,70.7382,206.818,695.647,153.418,701.001,0,44.2114,10.1884,1.23045
5617,372.714,294.111,325.343,499.837,144.787,615.968,0,183.819,188.894,2.02761
5618,323.811,216.909,478.36,431.885,615.492,539.843,0,135.568,188.243,2.38855
5619,45.8999,58.4005,325.724,214.338,349.608,174.638,0,36.5003,9.39953,1.25752
5620,403.415,201.209,462.18,664.971,613.17,612.846,0,125.756,277.66,3.20793
5621,91.0992,80.8043,115.859,444.7,67.6548,405.581,0,50.5027,40.5965,1.80385
5622,64.8996,74.6218,541.13,761.549,611.074,755.312,0,46.6386,18.2609,1.39154
5623,36.3,48.7733,618.73,253.074,635.913,282.474,0,30.4833,5.81672,1.19082
5624,132.799,160.599,402.017,709.519,313.372,818.181,0,100.374,32.4247,1.32304
5625,91.1992,91.2248,345.157,228.165,350.034,174.841,0,57.0155,34.1837,1.59955
5626,82.4993,85.6483,149.651,526.103,139.809,611.082,0,53.5302,28.9691,1.54117
5627,173.701,156.264,392.334,262.788,356.116,173.62,0,97.6651,76.0363,1.77854
5628,43.7999,56.3339,191.738,677.009,149.287,693.292,0,35.2087,8.59124,1.24401
5629,211.704,155.274,495.273,326.567,630.385,333.811,0,97.0464,114.657,2.18147
5630,115.699,94.8583,233.694,275.621,249.093,185.089,0,59.2864,56.4124,1.95152
5631,101.299,137.252,263.459,674.176,149.455,693.27,0,85.7822,15.5168,1.18089
5632,239.005,264.847,382.755,598.312,313.06,818.117,0,165.529,73.4763,1.44389
5633,25.0001,31.3506,169.46,673.806,149.665,693.164,0,19.5941,5.40596,1.2759
5634,82.8993,98.8315,221.135,750.382,152.783,701.842,0,61.7697,21.1296,1.34207
5635,63.5996,47.9346,593.631,644.587,613.318,613.211,0,29.9591,33.6405,2.12288
5636,137.299,111.093,160.562,502.534,139.9,611.108,0,69.4334,67.8658,1.97742
5637,326.611,198.373,215.206,453.714,67.6641,405.574,0,123.983,202.628,2.63432
5638,189.702,128.233,154.218,426.865,67.7611,405.403,0,80.1457,109.557,2.36697
5639,152.8,133.865,450.788,223.425,356.243,173.376,0,83.6655,69.1347,1.82632
5640,59.5997,66.417,565.543,342.369,630.349,334.114,0,41.5106,18.089,1.43577
5641,2.9,1.78964,149.653,704.812,149.651,703.023,0,1.11853,1.78147,2.5927
5642,409.316,334.194,358.288,473.524,144.725,615.682,0,208.871,200.445,1.95966
5643,92.7992,99.7839,241.93,631.633,144.663,616.273,0,62.3649,30.4342,1.488
5644,485.72,315.875,405.263,455.343,607.022,541.493,1,197.422,288.298,2.46032
5645,139.399,131.165,535.229,149.878,653.501,130.047,0,81.9779,57.4214,1.70045
5646,91.4992,70.5119,597.98,358.523,630.326,334.057,0,44.07,47.4292,2.07623
5647,129.399,172.632,547.681,246.084,647.902,197.789,0,107.895,21.5035,1.1993
5648,182.302,101.804,211.595,259.515,249.212,185.134,0,63.6273,118.675,2.86515
5649,413.216,277.032,424.994,438.34,615.458,539.982,0,173.145,240.071,2.38653
5650,134.399,104.437,156.52,509.673,139.878,611.165,0,65.2731,69.1259,2.05903
5651,50.1998,57.0277,579.646,330.706,630.282,334.073,0,35.6423,14.5575,1.40843
5652,158.4,134.146,351.761,273.111,350.019,174.738,0,83.8414,74.559,1.88929
5653,71.8995,44.6112,246.952,229.875,250.038,185.041,0,27.882,44.0175,2.57871
5654,179.202,177.996,231.673,533.251,139.904,611.155,0,111.247,67.9543,1.61084
5655,396.415,232.861,508.897,478.378,615.656,539.725,0,145.538,250.877,2.72379
5656,96.9991,112.108,555.836,198.764,648.379,190.877,0,70.0673,26.9318,1.38437
5657,146.9,114.276,183.526,252.587,248.583,184.95,0,71.4227,75.477,2.05676
5658,412.516,251.764,443.506,441.626,615.651,539.75,0,157.353,255.163,2.6216
5659,220.304,156.538,445.534,264.97,355.848,174.299,0,97.8363,122.468,2.25176
5660,485.72,198.917,463.429,687.404,594.965,613.89,1,124.323,361.397,3.90693
5661,235.305,256.147,396.825,632.887,312.819,818.031,0,160.092,75.2135,1.46982
5662,379.614,288.946,263.442,477.966,67.8465,405.423,0,180.591,199.023,2.10206
5663,216.804,157.704,289.484,619.107,144.809,615.833,0,98.5648,118.239,2.19961
5664,223.804,204.973,497.083,451.384,615.488,539.931,0,128.108,95.6965,1.747
5665,193.703,135.342,169.344,354.44,67.7663,405.108,0,84.5887,109.114,2.28993
5666,46.5999,54.5074,160.66,574.887,144.777,615.936,0,34.0671,12.5327,1.36788
5667,240.605,196.195,221.025,474.353,139.85,611.061,0,122.622,117.983,1.96217
5668,57.8997,80.3616,221.688,734.43,153.045,701.733,0,50.226,7.67369,1.15278
5669,190.102,164.278,491.643,115.8,653.549,130.044,0,102.674,87.4288,1.85152
5670,115.899,102.165,213.486,573.424,144.782,615.986,0,63.8534,52.0454,1.81508
5671,189.102,129.893,498.454,590.078,613.243,612.768,0,81.1831,107.919,2.32933
5672,49.6998,67.9797,217.3,723.677,153.651,700.192,0,42.4873,7.21249,1.16976
5673,146.9,116.777,520.308,586.391,613.223,612.754,0,72.9857,73.9141,2.01272
5674,33.5001,38.4301,586.977,788.272,606.947,810.48,0,24.0188,9.48123,1.39474
5675,64.9996,45.2879,111.849,405.665,67.6984,405.577,0,28.3049,36.6947,2.29641
5676,200.803,116.216,234.869,296.191,249.247,185.114,0,72.6353,128.168,2.76454
5677,363.113,300.78,363.652,539.351,144.841,616.049,0,187.987,175.126,1.93158
5678,23.7001,26.4093,612.87,275.294,635.901,282.385,0,16.5058,7.19424,1.43586
5679,211.804,197.193,362.735,644.549,312.45,818.096,0,123.246,88.558,1.71855
5680,345.712,179.515,521.136,532.724,613.25,612.792,0,112.197,233.515,3.08129
5681,13.9,16.1587,119.9,611.2,135.765,614.338,0,10.0992,3.80084,1.37635
5682,176.202,222.88,501.144,251.196,647.917,197.693,0,139.3,36.9017,1.26491
5683,485.72,280.448,437.231,475.996,614.502,540.057,1,175.28,310.441,2.77111
5684,84.5993,70.3583,137.02,396.989,67.663,405.527,0,43.9739,40.6254,1.92385
5685,215.404,153.798,206.111,366.507,67.671,404.944,0,96.1235,119.28,2.24091
5686,296.309,309.595,310.771,485.098,139.943,611.079,0,193.497,102.812,1.53134
5687,61.7996,61.6384,409.767,155,355.993,173.616,0,38.524,23.2756,1.60418
5688,135.499,92.1285,552.202,711.387,612.071,752.57,0,57.5803,77.9187,2.35322
5689,45.2999,40.3014,615.786,190.37,647.777,191.662,0,25.1884,20.1115,1.79844
5690,134.699,111.123,527.915,336.729,630.381,333.789,0,69.4519,65.2471,1.93946
5691,414.116,239.858,454.024,435.584,615.456,539.775,0,149.911,264.205,2.7624
5692,20.4,23.8065,254.114,208.146,249.329,185.201,0,14.8791,5.52099,1.37106
5693,69.7995,47.5255,115.352,400.161,67.6898,405.572,0,29.7034,40.0961,2.34988
5694,238.405,171.89,202.472,477.794,139.605,611.19,0,107.431,130.974,2.21914
5695,44.5999,52.023,609.763,257.291,635.893,282.351,0,32.5144,12.0855,1.3717
5696,66.9995,73.2937,187.724,580.72,144.708,615.582,0,45.8085,21.191,1.4626
5697,435.417,325.527,379.158,454.154,349.947,174.805,0,203.454,231.963,2.14012
5698,44.2999,37.2904,600.818,584.461,613.315,612.492,0,23.3065,20.9934,1.90075
5699,53.0998,70.4541,219.827,724.015,153.705,700.235,0,44.0338,9.06593,1.20589
5700,145.3,110.124,253.76,631.917,144.817,615.847,0,68.8272,76.4724,2.11108
5701,167.701,161.698,505.574,147.552,653.519,130.046,0,101.061,66.6397,1.6594
5702,220.804,218.095,351.421,618.14,312.555,818.026,0,136.309,84.4949,1.61988
5703,485.72,102.429,483.307,363.295,483.041,366.349,1,64.0179,421.703,7.58726
5704,426.917,307.093,342.539,430.597,350.078,174.791,0,191.933,234.984,2.2243
5705,323.311,202.532,266.483,360.769,248.506,184.822,0,126.583,196.728,2.55414
5706,263.407,313.652,396.989,563.762,312.381,818.109,0,196.033,67.3741,1.34369
5707,2.9,1.69261,317.04,818.226,316.051,819.375,0,1.05788,1.84212,2.74132
5708,208.604,168.104,427.052,293.57,355.79,174.26,0,105.065,103.539,1.98547
5709,485.72,194.787,461.705,685.349,594.786,614.653,1,121.742,363.979,3.98976
5710,144.3,111.455,376.254,218.12,356.082,173.498,0,69.6592,74.6404,2.07151
5711,209.104,192.845,327.422,341.896,251.032,184.597,0,120.528,88.5757,1.7349
5712,176.002,118.897,193.621,260.157,248.672,184.939,0,74.3109,101.691,2.36845
5713,118.199,108.884,558.561,154.854,653.528,130.048,0,68.0525,50.1463,1.73688
5714,51.8998,67.4184,551.788,812.686,602.355,833.254,0,42.1365,9.76331,1.23171
5715,12.9,14.9114,615.431,333.879,630.306,334.08,0,9.31962,3.58039,1.38418
5716,132.599,126.431,534.168,133.243,653.564,129.952,0,79.0196,53.5793,1.67805
5717,440.318,267.758,467.13,491.603,613.21,612.812,0,167.349,272.969,2.63114
5718,485.72,235.715,402.194,496.194,576.644,450.154,1,147.322,338.399,3.29701
5719,63.9996,68.838,148.986,543.467,139.884,611.109,0,43.0237,20.9759,1.48754
5720,291.909,153.31,159.387,458.085,67.652,405.538,0,95.8188,196.09,3.04647
5721,182.802,187.883,517.247,189.267,648.42,190.84,0,117.427,65.3751,1.55673
5722,485.72,150.315,562.43,181.681,563.514,182.58,1,93.9469,391.773,5.17016
5723,25.9001,28.8191,613.643,294.125,635.856,282.461,0,18.0119,7.88814,1.43794
5724,247.406,185.397,440.043,307.755,356.053,173.634,0,115.873,131.533,2.13515
5725,223.504,206.665,376.781,644.172,312.685,818.003,0,129.165,94.339,1.73037
5726,10.7,12.1469,410.264,89.5173,406.037,78.1866,0,7.59182,3.10818,1.40941
5727,485.72,271.342,451.966,562.583,593.682,612.204,1,169.589,316.132,2.86411
5728,254.106,200.424,479.074,398.421,630.404,334.428,0,125.265,128.842,2.02855
5729,325.711,230.048,390.178,353.871,349.625,174.549,0,143.78,181.931,2.26534
5730,485.72,246.817,463.285,471.944,606.088,541.551,1,154.26,331.46,3.1487
5731,204.403,174.052,232.792,551.661,144.711,615.718,0,108.783,95.6205,1.879
5732,393.015,314.428,330.067,483.189,144.845,615.871,0,196.517,196.497,1.9999
5733,53.2998,60.5751,551.537,758.659,611.214,754.882,0,37.8595,15.4403,1.40783
5734,166.201,188.656,409.595,687.794,313.339,818.216,0,117.91,48.2906,1.40955
5735,15.1,17.7825,593.587,755.345,611.129,755.16,0,11.1141,3.98595,1.35864
5736,74.0994,67.9552,281.673,229.856,249.765,185.081,0,42.472,31.6274,1.74466
5737,259.507,130.493,217.777,311,249.181,185.088,0,81.5583,177.948,3.18186
5738,115.599,94.0955,303.029,736.77,311.731,818.364,0,58.8097,56.7891,1.96564
5739,65.5996,71.4359,589.04,236.304,647.843,197.624,0,44.6474,20.9521,1.46928
5740,242.306,210.017,352.367,626.185,312.669,817.954,0,131.26,111.045,1.84599
5741,166.901,147.944,398.478,261.037,356.203,173.341,0,92.465,74.4359,1.80502
5742,48.5998,38.466,259.01,221.642,249.901,185.109,0,24.0412,24.5586,2.02152
5743,294.709,150.355,486.253,153.347,355.995,173.635,0,93.9721,200.737,3.13613
5744,119.699,131.766,568.208,425.287,615.514,539.751,0,82.354,37.3448,1.45347
5745,249.106,157.064,233.328,327.896,250.289,184.89,0,98.1649,150.941,2.53763
5746,367.913,264.194,295.042,421.499,67.8285,404.957,0,165.121,202.792,2.22814
5747,177.602,132.906,165.513,358.416,67.7417,404.894,0,83.0664,94.5352,2.13807
5748,161.401,115.609,268.87,295.48,249.896,185.105,0,72.2557,89.145,2.23374
5749,301.309,170.326,205.807,436.839,67.6981,405.51,0,106.454,194.855,2.83042
5750,105.699,86.7565,578.662,370.299,630.255,334.206,0,54.2228,51.4761,1.94934
5751,286.308,138.073,544.499,553.373,613.265,612.769,0,86.2956,200.013,3.31776
5752,169.901,173.809,533.564,483.104,615.515,539.976,0,108.631,61.2707,1.56403
5753,348.312,241.807,311.147,383.376,249.893,185.123,0,151.13,197.182,2.30472
5754,369.113,309.84,317.011,443.731,67.8155,405.089,0,193.65,175.463,1.90608
5755,485.72,262.558,476.167,482.512,604.473,530.398,1,164.099,321.622,2.95993
5756,407.716,301.867,311.293,450.787,67.7992,405.134,0,188.667,219.049,2.16103
5757,304.509,232.138,469.648,444.222,615.548,539.932,0,145.087,159.423,2.09881
5758,244.706,154.975,238.483,330.047,250.441,184.818,0,96.8594,147.846,2.5264
5759,485.72,255.066,448.079,570.389,590.978,616.416,1,159.416,326.304,3.04686
5760,273.607,167.535,171.661,324.286,67.6626,404.908,0,104.71,168.898,2.61301
5761,27.4001,28.9762,281.082,186.252,253.25,183.395,0,18.1101,9.28996,1.51297
5762,49.8998,37.5164,239.945,221.571,249.324,185.227,0,23.4478,26.452,2.12813
5763,1.3,0.481753,649.311,189.907,649.431,190.373,0,0.301096,0.998905,4.31757
5764,267.407,198.147,528.174,457.407,615.56,539.694,0,123.842,143.565,2.15926
5765,285.508,156.035,189.47,317.817,249.457,185.212,0,97.5217,187.987,2.92764
5766,5.4,3.3639,645.135,189.606,647.954,191.187,0,2.10244,3.29756,2.56845
5767,5.2,4.88767,611.552,543.183,616.27,541.907,0,3.05479,2.1452,1.70224
5768,40.6,33.5032,286.064,187.814,253.264,182.991,0,20.9395,19.6604,1.93891
5769,264.207,155.759,557.021,535.24,613.254,612.775,0,97.3496,166.857,2.714
5770,392.515,198.826,482.891,686.336,613.247,612.773,0,124.266,268.248,3.15865
5771,459.519,310.573,361.029,452.862,349.869,174.658,0,194.108,265.411,2.36734
5772,60.9996,60.4971,409.468,157.326,355.884,174.146,0,37.8107,23.189,1.61329
5773,278.208,165.037,278.862,333.37,250.533,184.821,0,103.148,175.06,2.69717
5774,125.599,76.2416,602.744,681.974,612.399,751.954,0,47.651,77.9476,2.6358
5775,390.115,200.106,475.6,539.991,613.177,612.84,0,125.066,265.048,3.11927
5776,59.3997,60.6579,411.167,157.549,356.008,173.75,0,37.9112,21.4885,1.56681
5777,278.308,203.491,443.414,324.314,356.002,173.677,0,127.182,151.126,2.18827
5778,403.615,321.385,316.924,472.193,67.6774,404.848,0,200.866,202.75,2.00938
5779,335.311,279.937,306.325,424.811,67.7536,405.043,0,174.961,160.351,1.9165
5780,229.105,150.69,335.756,290.854,349.707,174.698,0,94.1816,134.923,2.43259
5781,206.803,116.934,234.621,296.92,249.138,185.112,0,73.0838,133.72,2.82968
5782,0,0,349.948,168.342,349.948,168.342,0,0,0,0
5783,121.799,139.392,580.169,424.437,615.461,540.003,0,87.1198,34.6789,1.39806
5784,75.5994,62.8491,311.765,761.913,311.361,818.464,0,39.2807,36.3187,1.9246
5785,61.2996,79.7816,323.33,744.956,312.755,818.032,0,49.8635,11.4361,1.22935
5786,189.902,237.207,347.073,375.205,251.213,184.482,0,148.254,41.6483,1.28093
5787,242.206,189.856,200.122,462.311,139.973,611.099,0,118.66,123.546,2.04118
5788,305.109,211.666,346.837,347.449,349.909,174.75,0,132.291,172.818,2.30635
5789,43.4999,47.0432,143.535,565.392,139.928,611.086,0,29.402,14.0979,1.47949
5790,27.0001,27.6733,241.094,211.468,249.415,185.176,0,17.2958,9.70424,1.56107
5791,105.499,84.5593,273.502,264.484,249.326,185.234,0,52.8495,52.6494,1.99621
5792,140.699,119.076,236.136,753.021,152.811,701.681,0,74.4228,66.2766,1.89054
5793,268.307,202.802,480.39,281.662,630.364,334.119,0,126.751,141.556,2.1168
5794,4.3,3.86081,650.987,203.149,651.59,199.357,0,2.41301,1.88699,1.78201
5795,186.402,123.942,533.769,658.884,613.186,612.788,0,77.4638,108.938,2.40631
5796,333.011,162.182,501.351,160.716,355.963,173.615,0,101.363,231.648,3.28532
5797,346.312,201.325,475.031,540.305,613.171,612.762,0,125.828,220.484,2.75226
5798,20.1,19.3497,85.8438,410.907,67.7275,405.558,0,12.0935,8.0065,1.66205
5799,63.2996,38.3188,280.04,211.356,252.647,184.02,0,23.9493,39.3503,2.64307
5800,156.8,120.27,159.595,495.047,139.885,611.088,0,75.1689,81.6314,2.08597
5801,146.9,133.445,570.303,397.619,630.263,334.106,0,83.4034,63.4964,1.76132
5802,305.409,215.001,480.182,433.185,615.513,539.866,0,134.376,171.034,2.2728
5803,485.72,261.57,445.937,484.713,603.985,539.932,1,163.481,322.239,2.97111
5804,11.1,13.6128,319.977,806.223,315.321,819.015,0,8.50802,2.59199,1.30465
5805,61.9996,66.0281,593.986,232.849,648.374,198.127,0,41.2676,20.732,1.50238
5806,322.71,182.912,252.595,350.841,249.246,185.109,0,114.32,208.39,2.82287
5807,323.211,221.178,292.89,374.476,250.678,184.798,0,138.236,184.974,2.3381
5808,140.799,124.369,541.211,152.801,653.522,130.043,0,77.7305,63.0689,1.81138
5809,8.8,8.65485,150.759,684.863,149.434,693.255,0,5.40928,3.39072,1.62683
5810,142.199,127.387,539.076,154.081,653.541,130.047,0,79.6168,62.5827,1.78605
5811,32.7001,24,91.7725,404.898,67.6873,404.821,0,15,17.7001,2.18
5812,59.4997,50.1017,116.17,397.215,67.6709,404.899,0,31.3136,28.1861,1.90012
5813,139.899,113.009,259.791,752.56,311.199,818.612,0,70.6303,69.269,1.98073
5814,117.899,105.827,117.819,469.98,67.8169,405.393,0,66.1417,51.757,1.78252
5815,52.2998,32.6388,95.2319,414.294,67.7121,405.551,0,20.3992,31.9005,2.56381
5816,330.311,223.272,349.449,361.632,349.752,174.709,0,139.545,190.766,2.36705
5817,237.005,179.008,274.525,583.436,144.789,616.164,0,111.88,125.125,2.11838
5818,108.899,86.4587,550.749,720.891,611.988,752.843,0,54.0367,54.8622,2.01528
5819,32.1001,25.0601,595.219,599.397,613.304,613.183,0,15.6625,16.4375,2.04948
5820,356.813,280.159,417.933,379.706,630.373,334.096,0,175.1,181.713,2.03777
5821,232.605,160.868,232.684,330.862,249.839,185.103,0,100.542,132.063,2.3135
5822,72.8995,76.1037,583.497,315.122,630.266,334.089,0,47.5648,25.3347,1.53264
5823,402.415,307.686,310.071,465.694,67.7122,405.537,0,192.304,210.112,2.0926
5824,31.5001,31.8509,282.687,193.772,253.097,183.54,0,19.9068,11.5933,1.58238
5825,151.6,113.094,287.592,731.34,310.39,818.885,0,70.6839,80.9162,2.14476
5826,19.7,21.5319,243.599,205.464,249.096,185.088,0,13.4574,6.24261,1.46388
5827,8.3,8.58112,645.989,134.407,653.909,131.076,0,5.3632,2.93679,1.54758
5828,159.101,83.6715,570.364,665.376,613.194,612.796,0,52.2947,106.806,3.04239
5829,229.705,131.275,207.794,306.578,248.807,185.039,0,82.0466,147.658,2.79969
5830,157,159.869,533.717,448.918,615.464,539.859,0,99.9181,57.0823,1.57129
5831,220.304,152.062,353.429,302.88,350.178,174.907,0,95.0388,125.265,2.31805
5832,369.213,149.864,488.409,627.404,613.234,612.822,0,93.6652,275.548,3.94184
5833,117.399,91.1329,224.862,270.144,248.948,185.009,0,56.9581,60.4407,2.06114
5834,1.3,0.523107,612.656,613.013,613.21,612.906,0,0.326942,0.973058,3.97624
5835,165.501,118.394,154.598,494.682,139.859,611.116,0,73.9964,91.5045,2.23661
5836,60.4996,35.4289,279.583,205.676,252.847,183.886,0,22.1431,38.3566,2.73222
5837,98.2991,80.8198,385.094,195.358,355.817,174.271,0,50.5124,47.7867,1.94604
5838,54.5997,74.7883,333.079,746.581,312.821,818.07,0,46.7427,7.85707,1.16809
5839,72.0995,63.5627,589.445,131.435,653.517,130.042,0,39.7267,32.3728,1.81489
5840,143.9,189.452,532.448,247.254,647.942,197.686,0,118.408,25.492,1.21529
5841,408.416,355.238,370.554,477.605,144.73,616.421,0,222.024,186.392,1.83951
5842,485.72,202.791,462.688,685.993,604.092,612.789,1,126.744,358.976,3.83228
5843,322.41,211.794,349.35,348.084,349.798,174.725,0,132.371,190.039,2.43566
5844,73.4995,77.6078,355.813,195.016,349.892,174.659,0,48.5049,24.9946,1.5153
5845,80.6993,105.274,227.399,695.182,149.586,693.163,0,65.7961,14.9032,1.22651
5846,485.72,253.852,447.179,346.356,407.48,181.853,1,158.657,327.063,3.06144
5847,240.505,142.236,521.523,664.876,613.233,612.757,0,88.8974,151.608,2.70543
5848,163.801,117.263,537.837,703.483,612.393,751.901,0,73.2893,90.5115,2.23499
5849,241.606,155.419,485.689,204.233,356.145,173.638,0,97.1371,144.468,2.48726
5850,28.1001,32.7595,621.124,215.076,648.367,198.193,0,20.4747,7.62539,1.37243
5851,41.2999,36.0533,162.926,664.184,149.512,693.157,0,22.5333,18.7666,1.83284
5852,35.6,43.8051,262.431,226.682,250.039,185.023,0,27.3782,8.22185,1.30031
5853,216.004,112.66,223.019,292.518,249.66,185.243,0,70.4124,145.592,3.0677
5854,28.4001,28.3006,615.363,271.937,635.856,282.462,0,17.6879,10.7122,1.60563
5855,98.2991,103.877,95.6973,474.83,67.6883,405.489,0,64.9232,33.3758,1.51408
5856,74.7994,96.9801,234.244,682.715,149.613,693.188,0,60.6125,14.1869,1.23406
5857,72.0995,74.6733,196.568,638.66,144.791,616.071,0,46.6708,25.4287,1.54485
5858,379.714,278.614,313.59,516.708,144.847,615.962,0,174.134,205.58,2.18059
5859,98.8991,132.66,257.357,674.403,149.46,693.2,0,82.9127,15.9864,1.19281
5860,274.908,233.022,323.946,373.707,250.732,184.83,0,145.639,129.269,1.8876
5861,485.72,325.051,447.327,522.944,584.083,616.942,1,203.157,282.563,2.39086
5862,103.699,102.119,353.693,226.883,349.909,174.653,0,63.8242,39.8748,1.62476
5863,156.1,174.036,192.943,521.483,139.927,611.095,0,108.772,47.328,1.43511
5864,485.72,245.67,463.05,464.169,605.834,536.039,1,153.544,332.177,3.1634
5865,208.003,230.164,408.005,650.257,312.973,818.089,0,143.853,64.151,1.44595
5866,259.407,204.342,472.961,390.626,630.309,334.125,0,127.714,131.693,2.03115
5867,343.212,154.401,506.004,180.581,355.942,173.605,0,96.5008,246.711,3.55657
5868,166.401,101.263,227.145,281.814,249.058,185.033,0,63.2891,103.112,2.62922
5869,218.104,185.12,521.294,423.782,630.449,334.361,0,115.7,102.404,1.88508
5870,67.8995,64.5836,162.853,563.133,139.85,611.17,0,40.3647,27.5348,1.68215
5871,56.8997,60.649,191.72,682.039,149.632,693.261,0,37.9057,18.9941,1.50109
5872,485.72,291.36,403.5,466.154,602.187,531.761,1,182.1,303.62,2.66733
5873,331.111,244.724,311.5,389.122,250.433,184.88,0,152.952,178.159,2.1648
5874,148.7,102.648,167.696,389.189,67.7955,405.221,0,64.155,84.5449,2.31782
5875,368.813,218.463,412.781,317.518,355.771,174.208,0,136.54,232.274,2.70115
5876,160.401,169.167,513.822,207.5,647.843,191.479,0,105.729,54.6713,1.51709
5877,92.2992,113.96,589.643,269.695,647.995,197.973,0,71.2252,21.074,1.29588
5878,423.417,201.1,462.647,664.243,613.252,612.763,0,125.687,297.729,3.36881
5879,350.812,232.492,369.038,376.334,349.913,174.776,0,145.308,205.504,2.41427
5880,65.6996,36.6583,276.434,211.441,253.144,183.397,0,22.9114,42.7881,2.86755
5881,252.506,117.629,196.32,261.67,248.535,184.795,0,73.5179,178.988,3.43462
5882,111.499,79.833,584.639,672.775,613.26,612.783,0,49.8956,61.6032,2.23464
5883,126.899,108.874,421.48,234.246,356.347,173.003,0,68.0464,58.8522,1.86488
5884,238.205,171.741,228.861,382.078,67.7353,404.898,0,107.338,130.867,2.21921
5885,74.3994,102.33,237.968,707.28,153.627,700.179,0,63.9562,10.4432,1.16329
5886,385.314,258.063,422.218,391.858,630.276,334.143,0,161.289,224.025,2.38897
5887,5.8,5.46651,597.025,833.984,602.383,833.108,0,3.41657,2.38343,1.69761
5888,109.699,123.667,351.404,702.232,312.926,817.956,0,77.292,32.4069,1.41928
5889,0,0,63.8169,404.727,63.8169,404.727,0,0,0,0
5890,24.3001,26.3292,605.637,564.544,617.105,543.564,0,16.4557,7.84432,1.47669
5891,86.5993,57.3316,603.122,644.684,613.243,612.777,0,35.8322,50.767,2.4168
5892,56.9997,72.9404,549.65,806.772,602.448,833.271,0,45.5878,11.4119,1.25033
5893,148.3,150.81,547.602,437.882,615.534,539.836,0,94.2566,54.0433,1.57336
5894,81.5993,82.9839,574.345,362.902,630.371,334.12,0,51.8649,29.7344,1.5733
5895,241.306,186.258,475.298,558.085,613.187,612.804,0,116.412,124.894,2.07287
5896,115.099,95.4945,274.345,277.56,250.06,185.015,0,59.6841,55.4147,1.92847
5897,117.799,78.7279,286.32,766.973,310.91,818.717,0,49.2049,68.5938,2.39404
5898,255.706,205.612,471.667,397.766,630.391,334.52,0,128.507,127.199,1.98982
5899,308.21,235.931,498.55,492.695,615.55,540.179,0,147.457,160.753,2.09016
5900,292.709,211.781,423.005,320.942,355.761,174.241,0,132.363,160.346,2.21141
5901,325.311,218.171,489.628,461.108,615.467,539.823,0,136.357,188.953,2.38572
5902,117.299,107.857,241.359,641.377,144.779,616.181,0,67.4109,49.8879,1.74006
5903,102.999,72.3829,600.041,356.467,630.306,334.322,0,45.2393,57.7597,2.27676
5904,44.8999,56.9059,308.535,769.255,311.97,818.338,0,35.5662,9.3337,1.26243
5905,192.503,130.48,415.695,248.826,355.739,174.336,0,81.5498,110.953,2.36055
5906,98.1991,99.2912,177.829,540.254,139.941,611.05,0,62.057,36.1421,1.5824
5907,150.5,188.436,295.333,719.711,149.516,693.191,0,117.772,32.7275,1.27789
5908,311.91,233.46,472.166,454.204,615.532,539.901,0,145.912,165.997,2.13765
5909,245.806,227.887,326.723,579.124,144.798,616.171,0,142.43,103.376,1.7258
5910,144.4,139.493,545.199,456.538,615.56,539.693,0,87.1833,57.2163,1.65628
5911,183.202,153.804,336.721,287.492,350.085,174.776,0,96.1274,87.0745,1.90582
5912,98.2991,101.89,278.102,281.753,250.339,184.889,0,63.681,34.6181,1.54362
5913,147.5,135.123,521.938,707.387,612.387,752.042,0,84.4519,63.0479,1.74655
5914,91.7992,81.4458,147.797,396.398,67.7658,405.248,0,50.9036,40.8955,1.80339
5915,86.8992,80.9006,117.191,444.378,67.7335,404.822,0,50.5629,36.3364,1.71864
5916,16.6,18.3221,413.098,95.0984,406.346,78.1489,0,11.4513,5.14869,1.44961
5917,55.5997,65.2639,269.012,785.736,311.413,818.456,0,40.7899,14.8098,1.36307
5918,267.807,151.63,516.086,556.165,613.261,612.802,0,94.7691,173.038,2.82589
5919,40.2,48.0648,594.382,348.128,630.263,334.007,0,30.0405,10.1595,1.33819
5920,123.599,151.067,391.947,708.637,313.427,818.153,0,94.4167,29.1819,1.30908
5921,137.999,161.779,288.036,687.859,149.425,693.26,0,101.112,36.8876,1.36482
5922,207.803,188.677,327.023,339.902,251.077,184.601,0,117.923,89.8806,1.7622
5923,102.899,73.5765,191.975,212.904,248.76,184.925,0,45.9853,56.9137,2.23765
5924,90.9992,62.1252,202.775,215.839,248.611,184.902,0,38.8282,52.171,2.34364
5925,363.713,233.379,389,355.385,349.74,174.65,0,145.862,217.851,2.49354
5926,57.4997,43.2852,235.736,225.578,249.125,185.126,0,27.0533,30.4464,2.12543
5927,59.6997,64.6286,343.339,197.805,349.727,174.703,0,40.3929,19.3068,1.47797
5928,33.7001,31.5637,129.584,587.632,139.868,611.17,0,19.7273,13.9727,1.70829
5929,101.499,94.466,544.149,590.742,613.162,612.762,0,59.0412,42.4578,1.71912
5930,204.203,210.726,429.64,683.177,312.941,818.04,0,131.704,72.4996,1.55048
5931,109.599,80.5646,588.341,356.116,630.378,334.354,0,50.3529,59.246,2.17662
5932,86.1993,107.367,575.181,449.748,615.561,540.275,0,67.1044,19.0948,1.28455
5933,251.506,165.602,228.366,334.724,249.946,185.133,0,103.502,148.005,2.42997
5934,0,0,652.359,192.866,652.359,192.866,0,0,0,0
5935,149.7,119.662,611.898,731.053,612.371,751.981,0,74.7887,74.9113,2.00164
5936,46.3999,53.2249,414.436,129.956,405.951,78.1716,0,33.2656,13.1343,1.39483
5937,342.412,217.371,489.697,458.65,615.532,539.935,0,135.857,206.555,2.52039
5938,474.52,252.878,465.593,502.983,613.24,612.804,0,158.049,316.471,3.00237
5939,402.415,261.497,421.052,389.062,630.265,334.109,0,163.436,238.98,2.46222
5940,1.5,0.652817,245.859,176.155,246.344,176.672,0,0.40801,1.09199,3.67638
5941,286.008,223.709,293.475,373.896,251.364,184.537,0,139.818,146.19,2.04558
5942,387.414,293.919,340.894,521.024,144.777,616.077,0,183.7,203.715,2.10896
5943,29.0001,19.8875,263.467,200.806,252.626,183.947,0,12.4297,16.5704,2.33313
5944,131.699,99.8504,517.382,605.546,613.206,612.82,0,62.4065,69.2924,2.11034
5945,113.099,103.727,355.774,226.266,349.866,174.704,0,64.8291,48.2698,1.74457
5946,311.61,168.863,238.988,343.241,249.943,185.091,0,105.539,206.071,2.95255
5947,118.899,111.192,306.773,245.254,349.911,174.689,0,69.4951,49.4037,1.71089
5948,182.902,172.243,392.082,279.293,356.294,173.212,0,107.652,75.2501,1.69901
5949,220.204,99.4796,516.217,606.484,613.216,612.836,0,62.1747,158.029,3.5417
5950,139.499,109.6,349.71,244.295,350.019,174.775,0,68.5002,70.9991,2.03648
5951,35.7,42.4102,606.531,305.833,630.269,334.188,0,26.5064,9.19366,1.34685
5952,26.7001,30.6855,588.462,795.71,606.447,811.583,0,19.1785,7.52161,1.39219
5953,7,7.53448,305.654,814.161,311.517,818.475,0,4.70905,2.29095,1.4865
5954,296.609,170.054,199.708,362.671,67.6677,404.904,0,106.284,190.325,2.79072
5955,397.515,271.172,307.805,439.126,67.6959,404.923,0,169.483,228.032,2.34546
5956,154.8,152.529,546.375,435.904,615.632,539.724,0,95.3306,59.4697,1.62383
5957,308.91,161.689,470.971,615.555,613.167,612.805,0,101.056,207.854,3.05683
5958,121.299,102.517,244.891,632.956,144.787,615.776,0,64.0732,57.2255,1.89313
5959,70.9995,61.6198,610.386,156.805,648.436,190.817,0,38.5124,32.4871,1.84355
5960,78.6994,97.6493,523.185,777.565,611.147,755.285,0,61.0308,17.6685,1.2895
5961,5.9,5.89693,601.66,807.903,607.263,809.741,0,3.68558,2.21441,1.60083
5962,418.216,276.51,381.222,407.565,349.908,174.685,0,172.818,245.398,2.41997
5963,148,117.494,377.604,223.242,356.092,173.541,0,73.4339,74.566,2.01542
5964,305.709,238.045,316.922,555.412,144.738,615.626,0,148.778,156.932,2.0548
5965,433.617,257.925,413.919,616.689,613.21,612.75,0,161.203,272.414,2.68988
5966,26.9001,27.5344,615.48,273.723,636.029,282.568,0,17.209,9.69108,1.56314
5967,403.615,286.924,345.93,534.1,144.668,616.369,0,179.328,224.288,2.25071
5968,485.72,245.214,400.727,463.64,589.204,481.135,1,153.259,332.461,3.16928
5969,216.904,197.069,530.138,426.128,630.32,334.249,0,123.168,93.7357,1.76104
5970,72.8995,100.118,244.444,724.928,153.693,700.202,0,62.5739,10.3256,1.16501
5971,54.2997,63.6816,280.447,779.276,311.273,818.575,0,39.801,14.4987,1.36428
5972,28.9001,34.9982,179.172,621.177,144.791,615.938,0,21.8739,7.02617,1.32121
5973,131.999,91.6357,303.706,737.343,311.09,818.569,0,57.2723,74.7266,2.30476
5974,79.0994,82.3983,177.244,557.206,139.847,611.153,0,51.4989,27.6005,1.53594
5975,172.501,140.537,567.928,414.606,615.588,539.74,0,87.8357,84.6656,1.96391
5976,45.0999,46.4507,606.839,130.462,653.484,130.049,0,29.0317,16.0682,1.55347
5977,16.8,16.0179,599.298,606.973,613.188,612.83,0,10.0112,6.78882,1.67812
5978,39,40.0482,406.597,118.234,405.939,78.179,0,25.0301,13.9699,1.55812
5979,205.703,204.819,250.912,502.44,140.178,611.191,0,128.012,77.6918,1.60691
5980,485.72,275.458,389.608,493.027,593.512,490.92,1,172.161,313.559,2.82131
5981,54.5997,40.3254,291.524,192.268,253.245,183.432,0,25.2034,29.3963,2.16636
5982,87.5992,99.1351,520.572,773.953,611.071,755.037,0,61.9594,25.6398,1.41382
5983,28.0001,31.3267,622.258,129.933,653.578,129.971,0,19.5792,8.42091,1.4301
5984,220.204,155.908,186.079,345.028,67.659,404.952,0,97.4424,122.762,2.25984
5985,99.2991,105.489,236.524,747.458,152.711,701.841,0,65.9304,33.3687,1.50612
5986,61.3996,47.2184,575.506,627.171,613.262,613.2,0,29.5115,31.8881,2.08053
5987,321.11,143.113,490.845,618.582,613.168,612.838,0,89.4456,231.665,3.59001
5988,207.803,145.71,555.435,541.225,613.184,612.755,0,91.0685,116.735,2.28184
5989,130.899,77.5279,585.77,673.481,613.231,612.812,0,48.455,82.4438,2.70145
5990,126.299,153.165,394.121,710.196,313.399,818.225,0,95.7282,30.5704,1.31935
5991,49.2998,48.8644,578.436,780.449,611.106,755.433,0,30.5403,18.7596,1.61426
5992,113.699,147.742,556.854,269.364,648.174,198.048,0,92.3388,21.36,1.23132
5993,303.709,181.399,491.033,229.662,356.035,173.683,0,113.375,190.335,2.67881
5994,304.509,165.32,175.64,304.639,248.235,184.746,0,103.325,201.184,2.9471
5995,485.72,205.589,433.145,665.393,593.469,616.059,1,128.493,357.227,3.78013
5996,344.512,225.871,276.77,390.151,249.111,185.122,0,141.169,203.342,2.44041
5997,111.899,108.349,565.571,466.811,615.601,539.71,0,67.718,44.1808,1.65242
5998,173.801,134.099,188.383,373.801,67.7371,404.902,0,83.8118,89.9896,2.07371
5999,47.7998,60.0944,600.361,201.89,648.012,197.849,0,37.559,10.2408,1.27266
6000,346.512,204.747,281.036,373.697,249.08,185.067,0,127.967,218.545,2.70783
6001,297.109,176.7,241.803,347.701,249.768,185.096,0,110.437,186.672,2.69029
6002,10.4,10.9583,603.594,746.21,612.203,752.519,0,6.84896,3.55104,1.51848
6003,149,133.241,521.622,118.089,653.467,129.952,0,83.2757,65.7241,1.78924
6004,353.512,242.301,435.218,346.765,355.828,174.228,0,151.438,202.074,2.33437
6005,485.72,249.465,427.039,508.336,592.509,494.61,1,155.915,329.805,3.11528
6006,259.407,180.194,344.257,319.18,349.874,174.786,0,112.621,146.785,2.30336
6007,319.61,205.27,267.987,361.919,248.97,185.026,0,128.294,191.316,2.49123
6008,131.299,136.707,306.243,296.233,250.767,184.684,0,85.4417,45.8571,1.53671
6009,111.299,98.6314,540.03,334.558,630.366,333.763,0,61.6446,49.6543,1.80549
6010,93.5991,81.2232,265.949,263.151,250.049,185.016,0,50.7645,42.8346,1.84379
6011,49.2998,57.561,409.662,135.109,405.905,78.239,0,35.9757,13.3242,1.37037
6012,192.703,149.366,201.887,368.702,67.6725,404.903,0,93.3538,99.3487,2.06422
6013,321.61,194.043,325.54,624.392,144.818,615.869,0,121.277,200.334,2.65187
6014,99.799,89.7791,564.442,126.641,653.531,130.036,0,56.1119,43.6871,1.77857
6015,47.7998,66.1731,214.883,725.239,153.684,700.275,0,41.3582,6.44163,1.15575
6016,233.505,216.058,334.449,601.33,144.786,616.114,0,135.037,98.4685,1.7292
6017,106.799,77.6524,188.725,209.95,248.405,184.772,0,48.5327,58.2662,2.20055
6018,117.099,110.214,186.073,536.097,139.927,611.159,0,68.8839,48.2149,1.69994
6019,166.001,133.056,291.815,288.426,250.602,184.801,0,83.1602,82.8407,1.99616
6020,30.5001,36.1609,581.698,762.673,611.144,755.199,0,22.6006,7.89952,1.34953
6021,98.8991,84.9694,430.905,147.266,356.109,173.535,0,53.1059,45.7932,1.8623
6022,245.306,145.886,286.302,313.919,249.79,185.107,0,91.1786,154.127,2.69039
6023,205.403,213.784,351.272,623.874,312.529,817.982,0,133.615,71.7882,1.53728
6024,54.8997,50.3745,602.768,130.495,653.527,129.953,0,31.484,23.4157,1.74373
6025,13.4,13.3926,259.183,195.314,253.019,183.607,0,8.37039,5.02962,1.60088
6026,59.2997,41.3344,588.744,635.316,613.251,612.466,0,25.834,33.4656,2.29541
6027,115.299,102.746,241.021,624.269,144.822,615.874,0,64.2162,51.0826,1.79548
6028,253.906,144.77,201.776,413.811,67.8346,405.424,0,90.4815,163.425,2.80617
6029,259.107,298.392,333.179,427.164,251.512,184.412,0,186.495,72.6117,1.38935
6030,79.2994,108.132,352.746,720.35,313.187,818.157,0,67.5826,11.7167,1.17337
6031,20.6,26.4682,286.733,811.13,311.776,818.33,0,16.5426,4.05741,1.24527
6032,31.2001,34.0495,619.678,129.061,653.514,129.951,0,21.2809,9.91914,1.4661
6033,91.5992,109.721,518.29,750.395,611.187,755.2,0,68.5758,23.0234,1.33574
6034,302.509,210.35,484.807,437.996,615.593,539.746,0,131.469,171.04,2.301
6035,53.1998,74.9112,329.32,745.626,312.84,818.05,0,46.8195,6.38028,1.13627
6036,264.907,289.34,298.124,497.567,139.942,611.107,0,180.837,84.0695,1.46489
6037,123.899,91.7746,160.539,400.208,67.7435,405.233,0,57.3591,66.5396,2.16005
6038,98.0991,127.709,339.475,695.161,312.137,818.182,0,79.8179,18.2811,1.22904
6039,485.72,232.191,454.703,465.767,603.734,538.743,1,145.12,340.601,3.34704
6040,269.407,264.438,257.33,541.361,139.684,611.152,0,165.274,104.134,1.63007
6041,48.7998,31.8799,99.9259,405.696,67.7611,405.234,0,19.9249,28.8749,2.44918
6042,485.72,247.724,470.42,478.671,602.737,533.557,1,154.828,330.893,3.13717
6043,485.72,195.108,449.52,655.014,601.681,612.613,1,121.942,363.778,3.9832
6044,485.72,239.68,436.125,599.621,596.457,612.218,1,149.8,335.92,3.24246
6045,181.602,129.816,160.371,485.449,139.546,611.172,0,81.1348,100.467,2.23827
6046,101.599,126.4,514.368,734.137,611.095,755.153,0,79,22.5991,1.28606
6047,60.2997,37.1841,591.876,633.541,613.292,613.21,0,23.24,37.0596,2.59465
6048,428.517,237.99,477.223,477.275,615.559,539.603,0,148.744,279.773,2.88091
6049,55.9997,65.662,614.173,239.609,648.341,198.14,0,41.0388,14.961,1.36456
6050,360.613,199.123,505.636,518.838,613.255,612.746,0,124.452,236.161,2.8976
6051,109.999,118.619,88.9362,484.471,67.7364,405.468,0,74.1372,35.8617,1.48372
6052,157.8,125.455,550.795,563.819,613.192,612.786,0,78.4092,79.3912,2.01252
6053,135.999,123.516,530.081,124.74,653.539,129.954,0,77.1976,58.8015,1.7617
6054,110.799,143.101,557.791,283.752,648.088,198.028,0,89.4382,21.3606,1.23883
6055,175.101,116.117,171.779,377.207,67.7363,404.892,0,72.5733,102.528,2.41276
6056,228.905,219.064,385.209,645.285,312.367,818.113,0,136.915,91.9899,1.67188
6057,235.305,202.411,491.066,412.273,630.351,334.369,0,126.507,108.798,1.86001
6058,485.72,231.656,398.236,608.732,576.571,617.351,1,144.785,340.936,3.35478
6059,88.4992,101.424,566.117,475.759,615.635,540.335,0,63.39,25.1092,1.39611
6060,323.911,216.555,473.395,375.699,630.288,334.135,0,135.347,188.564,2.39319
6061,201.103,165.423,240.001,571.625,144.817,615.977,0,103.389,97.7137,1.9451
6062,226.705,153.984,206.321,365.156,67.6546,404.909,0,96.2402,130.464,2.35561
6063,184.602,117.569,164.769,425.091,67.7193,405.485,0,73.4805,111.122,2.51226
6064,29.4001,32.8545,413.205,109.759,405.859,78.1899,0,20.534,8.86604,1.43177
6065,156,126.386,537.766,689.139,612.369,751.976,0,78.9911,77.0093,1.97491
6066,76.3994,54.619,600.972,646.813,613.16,612.754,0,34.1369,42.2625,2.23803
6067,438.418,215.495,457.558,678.857,613.243,612.839,0,134.684,303.733,3.25515
6068,485.72,42.8256,327.19,267.236,326.067,264.325,1,26.766,458.954,18.1469
6069,131.199,117.797,548.185,154.919,653.554,129.951,0,73.6228,57.576,1.78204
6070,334.211,264.93,298.317,408.831,250.741,184.744,0,165.581,168.63,2.01842
6071,226.905,181.84,411.234,296.064,356.083,173.582,0,113.65,113.255,1.99652
6072,38.1,50.986,594.519,501.53,615.574,540.114,0,31.8662,6.23376,1.19562
6073,220.004,212.344,271.069,558.785,144.798,615.893,0,132.715,87.2889,1.65772
6074,63.9996,68.3775,281.919,774.918,310.802,818.658,0,42.736,21.2636,1.49756
6075,51.1998,39.8663,106.558,400.754,67.6863,404.823,0,24.9164,26.2834,2.05486
6076,96.9991,95.6674,312.571,238.121,349.701,174.69,0,59.7921,37.207,1.62227
6077,124.999,103.279,207.347,566.614,144.84,615.901,0,64.5492,60.4495,1.93649
6078,82.7993,98.9294,579.888,455.905,615.608,539.685,0,61.8309,20.9684,1.33913
6079,44.8999,50.4127,407.361,128.329,405.948,78.1985,0,31.5079,13.392,1.42503
6080,30.0001,32.0294,618.715,205.559,647.971,197.926,0,20.0184,9.98173,1.49863
6081,362.013,223.166,482.182,464.307,615.595,539.654,0,139.479,222.534,2.59546
6082,57.7997,60.3278,410.733,157.619,356,173.664,0,37.7049,20.0948,1.53295
6083,187.202,151.447,503.528,117.128,653.464,130.043,0,94.6544,92.5478,1.97774
6084,50.5998,40.2821,280.657,209.629,252.54,184.002,0,25.1763,25.4235,2.00982
6085,232.105,279.64,335.307,408.456,251.45,184.389,0,174.775,57.3297,1.32802
6086,338.011,253.516,318.855,538.82,144.802,615.774,0,158.447,179.564,2.13327
6087,218.804,138.596,277.998,639.305,144.762,615.983,0,86.6224,132.182,2.52595
6088,276.308,165.645,173.405,307.406,249.142,185.143,0,103.528,172.78,2.66892
6089,128.099,97.7161,268.894,279.792,249.861,185.143,0,61.0726,67.026,2.09748
6090,293.509,169.54,234.486,343.308,251.211,184.487,0,105.962,187.546,2.76993
6091,160.301,130.303,525.86,707.639,612.386,752.049,0,81.4392,78.8614,1.96835
6092,142.199,141.154,316.937,290.808,250.682,184.766,0,88.2209,53.9785,1.61186
6093,105.499,112.787,608.725,457.87,615.595,539.734,0,70.4922,35.0068,1.49661
6094,365.513,254.325,292.01,429.096,67.8255,404.958,0,158.953,206.56,2.2995
6095,11,13.4023,152.949,680.566,149.436,693.38,0,8.37641,2.62359,1.31321
6096,341.912,220.083,276.126,388.775,249.802,185.138,0,137.552,204.36,2.48569
6097,282.408,299.954,273.508,498.657,139.945,611.064,0,187.471,94.9366,1.50641
6098,199.503,174.487,303.669,648.135,144.84,616.131,0,109.054,90.4487,1.82939
6099,161.401,165.316,368.971,675.198,313.039,818.057,0,103.323,58.0781,1.5621
6100,55.1997,61.7022,191.329,682.555,149.634,693.27,0,38.5639,16.6359,1.43138
6101,485.72,251.422,401.921,496.98,581.61,459.481,1,157.139,328.582,3.09103
6102,35.4,32.6189,83.3813,425.577,67.6939,405.509,0,20.3868,15.0132,1.73642
6103,388.014,265.568,387.341,392.779,349.983,174.771,0,165.98,222.034,2.33771
6104,5.7,5.70708,608.947,748.066,612.256,752.538,0,3.56693,2.13307,1.59801
6105,153.5,173.56,234.074,518.406,139.933,611.147,0,108.475,45.0252,1.41507
6106,249.906,293.428,377.84,569.305,312.262,818.215,0,183.392,66.5137,1.36269
6107,133.099,113.984,341.446,267.295,350.196,174.745,0,71.2397,61.8592,1.86833
6108,348.612,222.961,260.083,423.302,67.7422,405.529,0,139.35,209.262,2.50169
6109,27.3001,26.1787,589.73,743.26,612.155,752.567,0,16.3617,10.9384,1.66854
6110,328.511,174.825,533.281,536.194,613.188,612.843,0,109.266,219.245,3.00654
6111,129.099,93.3513,572.321,675.095,613.195,612.751,0,58.3446,70.7541,2.21269
6112,105.499,87.3858,270.705,269.017,249.91,185.099,0,54.6161,50.8828,1.93165
6113,295.809,160.747,177.49,306.521,248.422,184.789,0,100.467,195.342,2.94435
6114,130.099,99.8151,162.14,390.828,67.713,405.622,0,62.3845,67.7143,2.08544
6115,142.6,86.8988,528.951,610.104,613.207,612.766,0,54.3118,88.2878,2.62557
6116,86.6992,89.3746,105.534,468.344,67.6931,405.573,0,55.8592,30.8401,1.5521
6117,270.907,248.795,336.216,564.578,144.842,616.035,0,155.497,115.41,1.7422
6118,23.7001,23.0147,596.267,552.082,616.565,542.45,0,14.3842,9.31586,1.64765
6119,362.113,198.144,468.917,547.615,613.177,612.753,0,123.84,238.273,2.92403
6120,253.806,280.179,335.099,409.996,251.149,184.496,0,175.112,78.6944,1.44939
6121,97.1991,87.6214,566.299,129.576,653.51,130.161,0,54.7634,42.4357,1.77489
6122,485.72,250.337,433.73,445.917,606.399,539.498,1,156.461,329.26,3.10442
6123,221.504,114.675,200.371,263.5,248.563,184.859,0,71.6716,149.833,3.09054
6124,283.708,212.25,300.651,563.4,144.805,615.889,0,132.656,151.052,2.13867
6125,128.199,78.0358,586.529,672.696,613.151,612.83,0,48.7724,79.4263,2.62851
6126,66.3996,71.1749,606.46,241.851,648.401,198.081,0,44.4843,21.9152,1.49265
6127,69.5995,56.7974,575.85,637.541,613.323,612.492,0,35.4984,34.1011,1.96064
6128,280.508,208.998,394.035,316.233,349.686,174.69,0,130.624,149.884,2.14745
6129,205.303,164.67,544.328,421.532,615.601,539.712,0,102.919,102.385,1.99481
6130,404.715,279.33,298.616,452.879,67.7211,405.492,0,174.581,230.134,2.31821
6131,183.302,163.16,479.845,713.919,612.228,752.408,0,101.975,81.3272,1.79752
6132,353.412,257.974,328.412,550.373,144.749,615.635,0,161.233,192.179,2.19193
6133,17.9,18.7625,336.07,187.657,349.497,174.568,0,11.7266,6.17344,1.52645
6134,340.012,228.874,239.041,449.687,67.6733,404.904,0,143.047,196.965,2.37693
6135,223.104,194.576,481.015,392.13,630.351,334.455,0,121.61,101.494,1.83459
6136,14,17.5283,314.605,800.818,312.776,817.98,0,10.9552,3.04482,1.27793
6137,168.001,211.021,509.981,257.533,648.14,198.002,0,131.888,36.1128,1.27381
6138,52.4998,45.9133,261.518,228.898,249.773,185.083,0,28.6958,23.804,1.82953
6139,485.72,250.465,412.875,602.985,592.271,616.989,1,156.541,329.18,3.10284
6140,111.899,107.343,183.945,535.517,139.935,611.115,0,67.0895,44.8093,1.6679
6141,260.407,194.838,323.374,607.933,144.832,616.044,0,121.774,138.633,2.13844
6142,373.114,297.116,269.346,454.209,67.7456,404.938,0,185.698,187.416,2.00925
6143,86.5993,90.4059,535.902,747.623,611.232,754.858,0,56.5037,30.0955,1.53263
6144,253.906,123.045,535.853,659.6,613.215,612.852,0,76.9034,177.003,3.30163
6145,134.599,125.982,534.984,134.404,653.514,129.951,0,78.7389,55.8601,1.70943
6146,102.499,83.3459,150.415,399.935,67.6757,404.882,0,52.0912,50.4078,1.96768
6147,3.5,3.01626,70.7354,405.272,67.7223,405.18,0,1.88516,1.61484,1.8566
6148,328.811,241.294,307.872,371.781,251.202,184.473,0,150.809,178.002,2.18032
6149,485.72,120.442,444.615,332.632,444.704,331.188,1,75.2766,410.444,6.45248
6150,485.72,308.732,403.584,492.879,601.875,535.552,1,192.958,292.763,2.51724
6151,197.503,170.32,484.314,117.201,653.527,129.95,0,106.45,91.0527,1.85536
6152,49.0998,51.2488,613.481,147.213,653.491,130.017,0,32.0305,17.0693,1.53291
6153,55.6997,33.225,249.356,218.532,249.484,185.19,0,20.7656,34.9341,2.6823
6154,21.3,19.396,610.874,334.528,630.282,334.152,0,12.1225,9.17756,1.75707
6155,89.2992,73.2669,265.219,256.027,249.77,185.129,0,45.7918,43.5074,1.95011
6156,206.103,162.842,185.133,469.629,139.792,611.057,0,101.776,104.327,2.02507
6157,44.1999,48.4496,404.157,174.645,355.777,174.18,0,30.281,13.9189,1.45966
6158,137.399,117.381,271.223,745.016,310.817,818.7,0,73.3632,64.036,1.87286
6159,2.4,1.40461,255.749,180.035,254.385,180.367,0,0.877884,1.52212,2.73385
6160,87.7992,89.5929,304.007,227.559,349.667,174.589,0,55.9955,31.8037,1.56797
6161,223.404,156.478,234.125,327.271,249.742,185.198,0,97.7987,125.606,2.28433
6162,117.799,142.603,319.96,697.712,312.378,818.085,0,89.127,28.6717,1.3217
6163,150.1,118.678,309.692,256.373,349.854,174.821,0,74.174,75.9259,2.02362
6164,485.72,284.574,410.533,470.926,605.32,537.028,1,177.859,307.861,2.73093
6165,29.0001,30.9008,602.625,723.625,612.358,752.021,0,19.313,9.68706,1.50158
6166,320.41,208.113,478.339,277.629,355.974,173.647,0,130.07,190.34,2.46336
6167,145.6,152.137,217.234,520.811,139.679,611.072,0,95.0857,50.514,1.53125
6168,366.013,275.249,425.262,404.296,630.353,334.178,0,172.031,193.982,2.1276
6169,27.9001,30.9268,144.539,581.032,139.886,611.168,0,19.3292,8.57083,1.44341
6170,48.3998,61.7523,602.566,367.781,630.359,334.095,0,38.5952,9.80465,1.25404
6171,306.71,166.214,274.133,337.555,250.113,185.021,0,103.884,202.826,2.95243
6172,107.399,90.6997,244.498,781.721,310.713,818.753,0,56.6873,50.7116,1.89458
6173,15.7,13.6617,606.222,550.677,616.453,542.184,0,8.53854,7.16148,1.83872
6174,19.8,23.1182,378.298,176.903,355.808,174.265,0,14.4488,5.3512,1.37035
6175,307.01,165.648,172.559,298.406,249.14,185.1,0,103.53,203.479,2.96541
6176,355.812,272.612,316.132,518.713,144.85,615.942,0,170.382,185.43,2.08832
6177,149.7,89.9622,526.685,608.779,613.207,612.772,0,56.2264,93.4735,2.66245
6178,261.607,154.518,184.881,306.871,249.488,185.19,0,96.5738,165.033,2.70888
6179,278.708,182.313,503.939,541.344,613.21,612.76,0,113.946,164.762,2.44597
6180,271.707,142.825,486.475,587.994,613.163,612.821,0,89.2654,182.442,3.04382
6181,262.707,274.2,286.711,499.594,139.918,611.147,0,171.375,91.332,1.53294
6182,131.299,108.313,241.554,640.578,144.797,615.8,0,67.6957,63.6031,1.93954
6183,211.404,183.625,258.092,574.021,144.81,615.825,0,114.766,96.6378,1.84204
6184,94.3991,125.13,252.618,701.718,152.779,701.838,0,78.2065,16.1926,1.20705
6185,262.207,151.817,189.81,315.576,248.791,185.033,0,94.8857,167.321,2.7634
6186,55.5997,51.8991,602.378,133.997,653.546,130.024,0,32.4369,23.1628,1.71409
6187,45.4999,56.6695,276.66,787.621,311.796,818.406,0,35.4184,10.0815,1.28464
6188,204.703,193.932,295.065,586.77,144.762,616.162,0,121.207,83.4961,1.68887
6189,122.499,149.891,391.505,707.06,313.467,818.278,0,93.6821,28.8166,1.3076
6190,176.202,127.153,167.285,494.661,139.903,611.086,0,79.4705,96.7311,2.2172
6191,257.406,211.509,326.658,593.912,144.789,616.01,0,132.193,125.213,1.9472
6192,262.107,308.261,389.771,571.892,312.539,818.028,0,192.663,69.4435,1.36044
6193,179.002,158.057,227.735,566.261,144.815,616.152,0,98.7857,80.216,1.81202
6194,275.908,211.81,472.936,408.767,630.378,334.109,0,132.381,143.526,2.08419
6195,373.714,148.149,496.976,623.403,613.205,612.744,0,92.5931,281.12,4.03608
6196,25.3001,29.3762,598.909,776.582,611.122,755.046,0,18.3601,6.93996,1.37799
6197,261.807,140.867,283.459,313.724,250.952,184.603,0,88.0421,173.765,2.97365
6198,81.0993,73.5056,592.323,187.887,648.151,190.898,0,45.941,35.1583,1.76529
6199,179.202,126.126,351.296,272.008,349.689,174.714,0,78.8289,100.373,2.2733
6200,234.805,110.871,513.418,635.589,613.195,612.762,0,69.2946,165.51,3.3885
6201,48.9998,63.528,205.131,631.398,144.794,615.995,0,39.705,9.29484,1.2341
6202,474.62,282.813,420.9,437.741,615.579,539.865,0,176.758,297.862,2.68514
6203,34.7,44.784,593.367,712.984,612.337,752.279,0,27.99,6.71007,1.23973
6204,216.204,141.269,490.901,177.305,356.079,173.458,0,88.2934,127.911,2.4487
6205,0,0,656.665,132.327,656.665,132.327,0,0,0,0
6206,402.115,243.073,461.672,455.841,615.602,539.747,0,151.921,250.195,2.64688
6207,74.0994,71.0367,167.464,560.194,139.863,611.067,0,44.3979,29.7015,1.66899
6208,1,0.351322,630.344,335.422,630.674,335.302,0,0.219576,0.780424,4.55423
6209,114.699,138.024,543.137,183.41,648.046,191.195,0,86.2649,28.434,1.32961
6210,86.6992,87.6647,159.67,538.241,139.826,611.147,0,54.7905,31.9088,1.58238
6211,485.72,276.266,410.524,525.194,588.242,476.323,1,172.666,313.054,2.81306
6212,432.817,282.13,361.17,425.211,349.839,174.665,0,176.331,256.486,2.45457
6213,56.6997,46.6694,567.984,617.933,613.318,612.427,0,29.1684,27.5313,1.94388
6214,312.21,220.161,454.445,337.236,355.772,174.214,0,137.601,174.609,2.26896
6215,96.9991,119.883,361.517,713.584,313.579,818.253,0,74.9266,22.0725,1.29459
6216,202.503,161.077,472.732,579.51,613.229,612.795,0,100.673,101.83,2.01149
6217,69.9995,71.7424,550.433,745.791,611.957,752.808,0,44.839,25.1605,1.56113
6218,46.5999,49.577,402.992,178.824,355.767,174.209,0,30.9856,15.6142,1.50392
6219,288.308,222.396,302.737,556.067,144.76,615.989,0,138.998,149.311,2.0742
6220,121.699,94.705,171.716,211.06,248.826,185.043,0,59.1906,62.5081,2.05605
6221,99.0991,87.8973,566.374,126.265,653.514,129.971,0,54.9358,44.1633,1.80391
6222,485.72,106.163,482.331,360.455,483.546,366.649,1,66.3517,419.369,7.32039
6223,215.204,131.942,551.552,557.723,613.25,612.764,0,82.4637,132.74,2.60968
6224,294.909,143.511,507.873,668.364,613.188,612.849,0,89.6945,205.214,3.28793
6225,192.303,196.941,512.315,462.636,615.516,539.846,0,123.088,69.2146,1.56232
6226,270.707,187.974,292.445,344.641,251.584,184.427,0,117.484,153.223,2.30421
6227,292.009,189.001,251.773,396.79,67.7031,404.93,0,118.126,173.883,2.47201
6228,197.703,237.957,323.762,377.32,251.375,184.522,0,148.723,48.9795,1.32933
6229,53.3998,48.4841,605.033,129.376,653.469,129.96,0,30.3026,23.0972,1.76222
6230,41.1999,47.3491,401.748,167.833,355.827,174.179,0,29.5932,11.6067,1.39221
6231,78.2994,60.5852,302.627,766.414,311.31,818.477,0,37.8658,40.4336,2.06781
6232,19.2,20.6776,613.988,326.129,630.349,334.062,0,12.9235,6.27657,1.48567
6233,108.399,90.3829,247.681,258.518,250.212,184.983,0,56.4893,51.9096,1.91893
6234,28.8001,25.2858,251.913,209.834,249.762,185.12,0,15.8036,12.9964,1.82237
6235,42.5999,50.5671,586.083,714.984,612.2,752.484,0,31.6045,10.9955,1.34791
6236,451.518,251.616,464.491,500.867,613.171,612.805,0,157.26,294.258,2.87116
6237,485.72,294.787,377.825,489.316,594.406,493.162,1,184.242,301.479,2.63632
6238,244.506,118.807,517.737,593.31,613.209,612.759,0,74.2546,170.251,3.2928
6239,306.109,157.485,278.43,328.868,249.609,185.216,0,98.4281,207.681,3.10998
6240,37.4,40.5817,143.834,571.155,139.881,611.108,0,25.3636,12.0364,1.47456
6241,298.909,171.327,236.241,345.31,250.935,184.699,0,107.079,191.83,2.79147
6242,36.8,46.1955,323.177,201.707,350.188,174.784,0,28.8722,7.92784,1.27458
6243,404.915,259.404,384.448,389.805,349.886,174.816,0,162.127,242.788,2.49751
6244,38.8,36.5675,392.237,177.118,355.845,174.245,0,22.8547,15.9453,1.69768
6245,167.801,150.312,515.073,693.423,612.395,752.016,0,93.9448,73.8562,1.78617
6246,108.799,120.677,588.995,443.138,615.528,540.093,0,75.4233,33.3756,1.44251
6247,367.913,223.788,463.597,329.421,356.05,173.682,0,139.868,228.045,2.63044
6248,171.901,137.485,358.851,272.175,350,174.768,0,85.9284,85.9729,2.00052
6249,172.901,187.045,514.296,231.194,647.719,191.69,0,116.903,55.998,1.47901
6250,386.314,281.207,422.576,416.539,630.338,334.11,0,175.754,210.56,2.19804
6251,303.709,225.359,296.148,379.915,251.324,184.53,0,140.85,162.86,2.15627
6252,131.399,153,275.562,684.065,149.578,693.215,0,95.6251,35.7737,1.3741
6253,35.9,25.1785,275.06,194.525,252.983,183.833,0,15.7366,20.1634,2.28131
6254,0,0,649.062,194.54,649.062,194.54,0,0,0,0
6255,485.72,210.724,445.194,676.699,597.21,613.537,1,131.702,354.018,3.68802
6256,39.7,36.8154,125.219,586.339,139.907,611.114,0,23.0096,16.6904,1.72536
6257,230.905,168.892,195.823,477.505,139.915,611.116,0,105.558,125.347,2.18748
6258,416.916,302.757,359.008,441.294,349.647,174.558,0,189.223,227.693,2.20331
6259,349.912,270.302,319.946,522.169,144.748,615.828,0,168.939,180.973,2.07123
6260,68.7995,71.2654,135.828,548.881,139.952,611.15,0,44.5408,24.2587,1.54464
6261,190.202,190.483,431.721,713.673,312.555,817.988,0,119.052,71.1503,1.59764
6262,323.01,240.095,458.941,425.462,615.569,539.942,0,150.059,172.951,2.15255
6263,9.7,9.3621,601.899,754.847,611.121,755.259,0,5.85131,3.84869,1.65775
6264,48.2998,66.5592,331.413,754.595,312.734,818.006,0,41.5995,6.70031,1.16107
6265,91.0992,114.452,583.42,273.227,647.956,197.957,0,71.5326,19.5666,1.27353
6266,67.8995,81.2072,562.29,503.642,615.654,540.359,0,50.7545,17.145,1.3378
6267,149,98.6449,235.036,279.285,249.076,185.106,0,61.653,87.3469,2.41675
6268,175.502,175.968,215.911,496.597,139.949,611.152,0,109.98,65.5216,1.59576
6269,241.106,146.978,275.685,643.007,144.658,615.727,0,91.8613,149.244,2.62467
6270,177.902,127.157,546.187,565.394,613.246,612.828,0,79.4729,98.4288,2.23852
6271,317.71,230.342,468.936,363.411,630.273,334.06,0,143.964,173.746,2.20687
6272,355.812,231.831,239.334,454.504,67.6566,405.446,0,144.895,210.918,2.45566
6273,53.0998,59.37,561.905,740.037,612.125,752.556,0,37.1063,15.9935,1.43102
6274,33.6001,31.5739,598.517,779.994,611.142,755.305,0,19.7337,13.8663,1.70267
6275,330.811,264.028,299.835,412.141,250.975,184.638,0,165.018,165.793,2.0047
6276,0,0,141.188,613.422,141.188,613.422,0,0,0,0
6277,223.004,212.101,351.92,624.833,312.421,818.131,0,132.563,90.4412,1.68225
6278,4.7,4.59473,603.155,807.877,607.471,809.439,0,2.87171,1.82829,1.63666
6279,105.599,118.14,566.008,178.712,653.499,130.145,0,73.8372,31.7617,1.43016
6280,10.1,10.275,261.755,188.86,252.806,183.793,0,6.42186,3.67814,1.57275
6281,3.4,2.25188,313.096,815.816,312.712,818.033,0,1.40743,1.99257,2.41576
6282,142.6,115.97,242.359,758.248,310.825,818.691,0,72.481,70.1185,1.96741
6283,268.507,164.7,233.361,337.219,250.415,184.943,0,102.938,165.57,2.60845
6284,116.299,147.224,273.462,673.456,149.577,693.274,0,92.0152,24.2836,1.26391
6285,1.4,0.526959,649.868,189.575,650.095,190.051,0,0.329349,1.07065,4.25081
6286,72.5995,67.3992,415.439,153.442,355.842,174.18,0,42.1245,30.4749,1.72345
6287,464.019,248.059,466.09,463.377,615.47,539.798,0,155.037,308.982,2.99295
6288,265.707,187.73,461.748,275.19,356.006,173.673,0,117.331,148.376,2.26459
6289,299.109,146.7,491.563,620.155,613.192,612.76,0,91.6876,207.421,3.26226
6290,105.799,89.8635,418.587,215.164,356.211,173.411,0,56.1647,49.6343,1.88373
6291,83.4993,75.6718,577.999,128.428,653.54,129.963,0,47.2949,36.2044,1.7655
6292,485.72,151.219,501.771,623.773,605.123,612.779,1,94.5119,391.209,5.13925
6293,127.499,156.178,398.003,707.708,313.391,818.155,0,97.6115,29.8872,1.30618
6294,231.805,142.745,449.25,139.075,356.073,173.582,0,89.2156,142.589,2.59826
6295,151.2,113.819,513.977,593.86,613.22,612.763,0,71.1369,80.0631,2.12548
6296,48.2998,60.278,326.526,215.464,349.649,174.628,0,37.6738,10.6261,1.28205
6297,94.4991,65.9202,201.029,211.457,248.825,185.001,0,41.2001,53.299,2.29366
6298,140.899,152.422,343.913,675.265,312.94,818.086,0,95.2638,45.6356,1.47905
6299,141.799,113.291,407.233,237.816,355.893,174.003,0,70.8066,70.9928,2.00263
6300,157.8,131.976,515.347,365.189,630.437,333.847,0,82.485,75.3154,1.91308
6301,7,6.95288,641.902,200.704,648.392,198.107,0,4.34555,2.65445,1.61084
6302,192.903,150.852,371.975,264.082,349.743,174.745,0,94.2823,98.6202,2.04601
6303,36.4,46.0636,595.956,709.915,612.376,752.101,0,28.7898,7.61026,1.26434
6304,291.209,208.56,611.234,382.233,615.564,539.695,0,130.35,160.858,2.23405
6305,244.006,135.874,165.092,442.102,67.7408,404.912,0,84.9215,159.084,2.87331
6306,298.809,116.12,198.555,259.333,248.522,184.845,0,72.5747,226.234,4.11726
6307,156.7,126.78,175.028,260.568,248.599,184.888,0,79.2375,77.4628,1.9776
6308,306.009,212.657,423.557,322.021,356.014,173.619,0,132.911,173.099,2.30237
6309,102.499,68.0412,585.107,662.267,613.261,612.783,0,42.5257,59.9733,2.41028
6310,58.5997,40.0144,107.467,403.957,67.6558,405.575,0,25.009,33.5907,2.34314
6311,186.602,150.664,519.876,388.036,630.255,334.065,0,94.165,92.4372,1.98165
6312,69.6995,72.1531,195.658,591.918,144.705,615.663,0,45.0957,24.6038,1.54559
6313,156.3,115.232,525.649,347.656,630.273,334.146,0,72.0201,84.2803,2.17023
6314,22.4,28.5733,258.276,212.362,249.781,185.112,0,17.8583,4.54171,1.25432
6315,353.912,232.711,352.06,367.587,350.182,174.81,0,145.444,208.468,2.43332
6316,23.8001,25.6611,613.036,321.236,630.341,334.068,0,16.0382,7.76189,1.48396
6317,87.6992,118.422,225.76,707.062,149.485,693.286,0,74.0135,13.6858,1.18491
6318,217.204,163.361,290.31,614.842,144.77,616.235,0,102.1,115.104,2.12736
6319,175.402,125.299,250.118,302.882,249.758,185.087,0,78.3118,97.0897,2.23978
6320,8.6,9.80221,603.613,614.006,613.197,612.857,0,6.12638,2.47362,1.40376
6321,187.002,102.383,219.176,281.007,248.949,185.019,0,63.9895,123.013,2.92239
6322,92.5992,67.8402,588.925,662.1,613.189,612.751,0,42.4001,50.199,2.18394
6323,30.1001,29.1057,407.39,107.238,405.947,78.2368,0,18.191,11.909,1.65466
6324,46.4999,59.4732,196.757,672.284,149.434,693.33,0,37.1707,9.32913,1.25098
6325,304.009,319.71,321.237,487.378,139.928,611.155,0,199.818,104.191,1.52143
6326,209.504,127.101,498.972,590.578,613.24,612.788,0,79.4382,130.065,2.63731
6327,485.72,234.506,386.06,458.551,578.78,453.398,1,146.567,339.154,3.31399
6328,18,16.412,635.285,207.389,647.884,197.66,0,10.2575,7.74255,1.75482
6329,51.1998,63.6579,610.619,236.761,648.17,198.026,0,39.7862,11.4136,1.28687
6330,35.7,47.9999,325.669,771.95,312.707,817.971,0,29.9999,5.7001,1.19
6331,0,0,651.675,190.517,651.675,190.517,0,0,0,0
6332,18.5,21.1929,629.854,207.797,648.337,198.142,0,13.2455,5.25449,1.3967
6333,125.699,119.167,221.732,605.121,144.69,616.324,0,74.4795,51.2191,1.68769
6334,248.206,153.283,295.07,634.191,144.823,615.903,0,95.8018,152.404,2.59083
6335,132.799,114.671,248.189,641.344,144.827,616.173,0,71.6692,61.1297,1.85294
6336,0,0,614.802,615.656,614.802,615.656,0,0,0,0
6337,10.1,12.6304,341.033,183.674,349.72,174.542,0,7.894,2.206,1.27945
6338,98.4991,115.856,552.235,197.152,648.405,190.865,0,72.4103,26.0888,1.36029
6339,485.72,270.272,422.839,493.483,597.446,503.92,1,168.92,316.8,2.87545
6340,33.1001,27.4051,586.761,614.956,613.304,613.193,0,17.1282,15.9719,1.93249
6341,425.317,227.391,479.482,470.048,615.556,539.807,0,142.119,283.197,2.99267
6342,33.4001,41.9167,579.08,736.631,612.321,752.108,0,26.1979,7.20213,1.27491
6343,48.3998,39.19,105.119,398.351,67.6618,404.873,0,24.4938,23.9061,1.97601
6344,137.799,104.162,523.02,595.274,613.27,612.791,0,65.1014,72.6978,2.11669
6345,118.299,147.071,277.815,700.639,149.538,693.188,0,91.9196,26.3792,1.28698
6346,275.208,152.573,192.595,313.358,248.691,184.943,0,95.3578,179.85,2.88605
6347,171.001,120.607,544.072,688.693,612.378,751.92,0,75.3794,95.6218,2.26854
6348,208.304,159.293,183.152,474.086,139.777,611.076,0,99.5583,108.745,2.09228
6349,289.308,186.94,207.698,340.145,67.6614,404.946,0,116.838,172.471,2.47616
6350,56.4997,60.0635,561.311,738.552,612.203,752.584,0,37.5397,18.96,1.50507
6351,260.007,220.09,457.357,332.399,355.769,174.199,0,137.556,122.451,1.89019
6352,151.8,133.564,532.95,140.403,653.489,129.95,0,83.4776,68.3224,1.81845
6353,16.1,17.3005,596.002,613.32,613.232,612.76,0,10.8128,5.2872,1.48898
6354,350.912,233.181,507.633,476.796,615.549,539.855,0,145.738,205.174,2.40783
6355,184.902,135.223,534.796,562.188,613.275,612.814,0,84.5142,100.388,2.18782
6356,72.6995,69.1884,592.133,686.917,612.402,752.021,0,43.2428,29.4567,1.68119
6357,5.7,5.07841,641.78,192.934,646.63,194.384,0,3.17401,2.52599,1.79584
6358,76.8994,99.6196,237.689,742.971,152.705,701.819,0,62.2623,14.6371,1.23509
6359,30.8001,38.8358,301.244,790.561,312.006,818.328,0,24.2724,6.52769,1.26893
6360,140.399,119.122,246.321,645.37,144.848,615.804,0,74.4514,65.948,1.88579
6361,319.41,190.85,224.529,430.82,67.7199,405.568,0,119.281,200.129,2.67779
6362,255.406,125.386,224.78,305.089,249.262,185.247,0,78.3666,177.04,3.25912
6363,485.72,188.358,438.734,638.647,599.978,612.886,1,117.724,367.997,4.12594
6364,168.401,158.539,277.552,603.67,144.769,616.112,0,99.087,69.314,1.69953
6365,99.6991,105.243,220.475,652.02,144.8,616.189,0,65.7766,33.9225,1.51572
6366,237.305,229.32,499.346,500.751,615.555,539.905,0,143.325,93.9804,1.65572
6367,88.1992,100.346,522.512,762.335,611.086,755.26,0,62.7163,25.483,1.40632
6368,45.8999,61.0802,204.767,625.589,144.746,615.82,0,38.1751,7.72474,1.20235
6369,263.907,258.852,283.047,515.199,139.638,611.197,0,161.782,102.125,1.63125
6370,53.4998,39.0175,579.314,596.89,613.305,612.471,0,24.3859,29.1138,2.19388
6371,208.804,213.465,434.261,679.695,313.018,818.077,0,133.416,75.3879,1.56506
6372,485.72,263.27,430.937,425.954,606.044,537.759,1,164.544,321.177,2.95192
6373,485.72,211.765,429.049,622.265,595.966,612.669,1,132.353,353.367,3.66988
6374,265.107,158.257,525.683,548.061,613.257,612.789,0,98.9108,166.196,2.68026
6375,237.705,199.433,477.743,396.238,630.321,334.205,0,124.645,113.06,1.90705
6376,0,0,651.627,199.238,651.627,199.238,0,0,0,0
6377,227.005,169.475,304,646.083,144.842,615.945,0,105.922,121.083,2.14313
6378,217.104,254.87,326.393,388.624,251.463,184.433,0,159.294,57.8103,1.36292
6379,320.51,202.914,233.805,429.757,67.7343,405.575,0,126.821,193.689,2.52726
6380,241.806,153.598,286.158,624.301,144.836,615.938,0,95.9989,145.807,2.51884
6381,485.72,242.64,455.782,468.58,605.7,535.453,1,151.65,334.07,3.2029
6382,18.4,23.8489,175.742,709.407,153.7,700.308,0,14.9056,3.49448,1.23444
6383,347.912,233.435,502.796,477.516,615.538,539.956,0,145.897,202.015,2.38464
6384,177.702,155.371,391.037,263.432,355.804,174.334,0,97.1067,80.5949,1.82996
6385,122.899,164.983,550.796,253.356,647.913,197.796,0,103.114,19.7843,1.19187
6386,190.202,158.981,349.966,305.526,349.907,174.843,0,99.363,90.8394,1.91422
6387,252.206,122.221,218.786,303.356,249.082,185.089,0,76.388,175.818,3.30165
6388,197.503,191.94,215.967,479.574,139.98,611.08,0,119.963,77.5404,1.64637
6389,173.301,141.969,580.905,395.723,630.375,333.781,0,88.7304,84.571,1.95312
6390,103.199,124.894,553.909,188.332,648.452,190.87,0,78.0586,25.1404,1.32207
6391,132.699,107.431,264.145,289.139,250.297,184.911,0,67.1441,65.5548,1.97633
6392,367.813,247.016,371.754,389.323,349.884,174.788,0,154.385,213.428,2.38244
6393,66.6996,37.393,229.39,214.791,248.482,184.794,0,23.3706,43.3289,2.85399
6394,24.7001,21.828,271.919,193.344,253.202,183.265,0,13.6425,11.0576,1.81052
6395,180.002,164.778,283.115,667.697,144.802,616.143,0,102.986,77.0154,1.74782
6396,274.408,206.616,329.205,603.003,144.791,616.164,0,129.135,145.273,2.12497
6397,114.099,119.903,590.268,443.749,615.648,539.692,0,74.9393,39.1596,1.52255
6398,337.411,204.677,490.71,250.723,355.959,173.633,0,127.923,209.488,2.63761
6399,158.1,174.181,512.422,202.389,647.782,191.629,0,108.863,49.2374,1.45229
6400,265.407,168.445,272.44,338.172,250.957,184.59,0,105.278,160.129,2.52101
6401,421.917,207.458,459.758,672.158,613.175,612.786,0,129.661,292.255,3.25399
6402,88.5992,81.8874,585.765,675.873,612.37,752.031,0,51.1796,37.4196,1.73114
6403,71.7995,77.9667,149.724,534.21,139.903,611.062,0,48.7292,23.0703,1.47344
6404,231.305,147.19,449.218,248.67,355.817,174.27,0,91.994,139.311,2.51435
6405,150.2,121.923,261.385,629.725,144.815,615.929,0,76.202,73.9979,1.97108
6406,165.501,118.533,189.435,259.854,248.56,184.904,0,74.0833,91.4176,2.23398
6407,75.4994,78.7321,355.22,198.869,349.555,174.571,0,49.2076,26.2918,1.5343
6408,396.815,228.216,458.305,374.338,630.344,334.107,0,142.635,254.18,2.78203
6409,160.601,119.173,421.205,245.09,355.759,174.15,0,74.4833,86.1173,2.1562
6410,39.2,49.6456,312.551,775.793,312.686,817.971,0,31.0285,8.17148,1.26335
6411,68.1995,88.1476,332.635,732.63,312.596,818.022,0,55.0923,13.1073,1.23791
6412,332.611,206.133,473.682,386.973,630.27,334.083,0,128.833,203.778,2.58172
6413,297.109,308.029,332.631,438.191,251.06,184.584,0,192.518,104.591,1.54328
6414,352.712,218.463,485.837,255.491,355.8,174.216,0,136.539,216.173,2.58323
6415,205.203,141.847,519.674,655.351,613.151,612.801,0,88.6541,116.549,2.31465
6416,485.72,310.33,369.532,509.452,586.736,472.016,1,193.956,291.764,2.50428
6417,197.503,122.136,531.872,657.923,613.275,612.829,0,76.3353,121.168,2.58731
6418,224.104,158.944,276.88,601.579,144.666,616.306,0,99.3402,124.764,2.25593
6419,149.7,187.706,295.067,718.428,149.423,693.371,0,117.316,32.3837,1.27604
6420,268.407,284.839,282.302,492.599,140.202,611.211,0,178.024,90.3829,1.5077
6421,16.3,21.0806,615.062,283.94,635.889,282.416,0,13.1754,3.12463,1.23716
6422,108.199,106.612,228.144,650.366,144.768,615.905,0,66.6322,41.5667,1.62382
6423,342.912,260.685,287.965,441.85,67.779,404.984,0,162.928,179.984,2.10468
6424,109.599,89.5287,269.713,270.436,249.787,185.12,0,55.9554,53.6435,1.95868
6425,37.5,40.3357,604.511,286.923,635.9,282.495,0,25.2098,12.2902,1.48752
6426,148.6,117.893,187.987,260.178,248.545,184.814,0,73.6831,74.9168,2.01674
6427,103.499,92.4507,562.104,124.712,653.462,129.802,0,57.7817,45.7173,1.79121
6428,485.72,260.225,408.598,523.861,579.281,458.032,1,162.64,323.08,2.98647
6429,78.4994,75.8017,313.665,222.844,350.13,174.818,0,47.376,31.1233,1.65694
6430,0.8,0.226903,410.62,72.2656,410.407,72.3425,0,0.141814,0.658186,5.64118
6431,231.405,203.528,249.986,502.283,139.521,611.186,0,127.205,104.2,1.81915
6432,100.799,130.768,331.332,695.651,312.26,818.11,0,81.7301,19.0689,1.23332
6433,72.7995,54.4195,120.565,401.533,67.7474,405.581,0,34.0122,38.7873,2.14039
6434,125.699,115.577,538.673,123.529,653.561,130.05,0,72.2359,53.4628,1.74011
6435,143.2,121.597,414.651,239.257,355.619,174.311,0,75.9978,67.2017,1.88426
6436,159.501,165.908,537.682,463.773,615.506,540.151,0,103.692,55.8083,1.53821
6437,6.6,5.58149,349.933,180.641,351.492,175.415,0,3.48843,3.11157,1.89197
6438,2.1,1.2525,657.644,194.851,656.411,194.633,0,0.78281,1.31719,2.68264
6439,260.307,310.537,393.326,565.224,312.652,818.003,0,194.085,66.2213,1.3412
6440,19.7,17.4357,156.854,610.515,144.771,615.76,0,10.8973,8.80273,1.80779
6441,11.2,11.4055,358.423,185.565,354.122,175.007,0,7.12842,4.07158,1.57118
6442,300.409,153.357,279.849,324.038,250.442,184.777,0,95.8483,204.561,3.13422
6443,297.809,191.07,286.015,345.06,251.374,184.481,0,119.419,178.39,2.49382
6444,373.214,231.517,468.101,255.272,355.962,173.635,0,144.698,228.515,2.57925
6445,43.0999,48.6668,192.613,624.261,144.788,615.989,0,30.4167,12.6832,1.41698
6446,89.6992,94.9102,571.755,156.077,653.517,130.204,0,59.3189,30.3803,1.51215
6447,37.3,31.9025,266.565,212.54,252.641,183.995,0,19.939,17.361,1.8707
6448,10,11.3542,153.668,682.665,150.556,693.584,0,7.09635,2.90365,1.40918
6449,308.61,323.351,323.212,485.337,139.935,611.107,0,202.094,106.515,1.52706
6450,65.5996,75.3938,554.851,784.276,611.22,754.925,0,47.1211,18.4785,1.39215
6451,152.3,104.206,167.218,389.119,67.8188,405.393,0,65.1288,87.1713,2.33844
6452,310.71,206.429,477.184,274.092,355.779,174.243,0,129.018,181.692,2.40827
6453,141.399,109.206,155.661,504.877,139.885,611.076,0,68.2536,73.1458,2.07168
6454,32.3001,29.5888,240.193,212.787,249.399,185.207,0,18.493,13.8071,1.74661
6455,166.401,137.991,296.416,300.139,251.112,184.565,0,86.2446,80.1564,1.92941
6456,254.706,145.715,492.118,649.875,613.252,612.849,0,91.072,163.634,2.79676
6457,60.5996,65.0505,564.377,782.519,611.053,755.316,0,40.6566,19.9431,1.49053
6458,177.002,183.615,229.797,537.779,139.892,611.086,0,114.76,62.242,1.54237
6459,485.72,128.046,601.787,289.145,609.78,284.622,1,80.0287,405.692,6.06933
6460,184.402,188.745,513.412,224.441,648.11,190.954,0,117.966,66.4361,1.56318
6461,155.3,140.325,224.87,583.23,144.843,616.087,0,87.7034,67.5968,1.77074
6462,258.107,163.561,196.983,437.773,67.7483,405.484,0,102.226,155.881,2.52487
6463,139.499,103.071,263.081,284.774,249.425,185.248,0,64.4192,75.0801,2.16549
6464,229.105,170.876,430.619,294.282,355.833,174.231,0,106.797,122.307,2.14523
6465,30.2001,27.2829,265.134,207.129,252.438,183.999,0,17.0518,13.1483,1.77108
6466,50.6998,55.0506,597.093,700.107,612.3,752.174,0,34.4066,16.2932,1.47355
6467,65.5996,65.0778,286.882,789.959,310.733,818.781,0,40.6736,24.9259,1.61283
6468,452.318,169.591,455.594,599.307,613.174,612.816,0,105.994,346.324,4.26739
6469,33.6001,41.8246,187.281,704.03,152.979,701.708,0,26.1404,7.45971,1.28537
6470,326.711,180.321,251.204,348.831,249.811,185.111,0,112.701,214.01,2.89892
6471,170.501,139.96,467.175,205.539,355.757,174.333,0,87.4753,83.0259,1.94914
6472,7.6,7.78309,257.195,190.067,253.055,183.618,0,4.86443,2.73556,1.56236
6473,121.599,93.3922,158.317,545.583,139.864,611.172,0,58.3701,63.2286,2.08323
6474,183.102,133.668,247.342,309.117,249.705,185.249,0,83.5425,99.5595,2.19172
6475,278.908,175.015,171.619,320.007,67.7708,404.957,0,109.385,169.523,2.54979
6476,58.3997,66.7189,409.063,144.899,405.853,78.1681,0,41.6993,16.7003,1.40049
6477,321.31,197.918,255.039,387.551,67.7308,404.859,0,123.699,197.612,2.59752
6478,485.72,142.366,496.188,635.447,595.778,612.1,1,88.9787,396.742,5.45884
6479,79.3994,67.948,584.927,692.284,612.197,752.544,0,42.4675,36.9319,1.86965
6480,7.99999,8.56618,75.9716,406.977,67.7741,405.108,0,5.35386,2.64613,1.49425
6481,105.299,128.69,579.79,284.195,648.173,197.99,0,80.4313,24.8677,1.30918
6482,19.6,24.1948,327.747,183.65,349.85,174.738,0,15.1217,4.47832,1.29615
6483,229.105,150.543,190.434,313.104,249.181,185.113,0,94.0896,135.015,2.43496
6484,59.1997,78.032,197.474,646.015,149.749,693.268,0,48.77,10.4297,1.21385
6485,92.1992,87.2657,225.281,265.358,249.133,185.099,0,54.5411,37.6581,1.69045
6486,31.6001,33.8905,618.743,201.545,647.877,197.706,0,21.1815,10.4185,1.49187
6487,48.2998,58.1516,181.159,590.064,144.768,615.782,0,36.3447,11.9551,1.32894
6488,249.006,137.798,543.376,552.323,613.297,612.513,0,86.1234,162.883,2.89127
6489,136.899,152.926,316.713,688.147,312.199,818.19,0,95.5788,41.3204,1.43232
6490,186.302,130.111,282.318,292.571,250.897,184.726,0,81.3191,104.983,2.291
6491,485.72,311.672,403.524,580.663,592.231,611.871,1,194.795,290.926,2.4935
6492,485.72,300.684,402.42,579.858,587.43,615.563,1,187.928,297.793,2.58461
6493,202.803,137.831,475.072,156.167,356.316,173.176,0,86.1442,116.659,2.35423
6494,322.01,163.671,480.188,649.795,613.266,612.752,0,102.294,219.716,3.14789
6495,47.0999,32.6848,234.714,213.181,249.389,185.184,0,20.428,26.6718,2.30565
6496,80.0993,82.4285,225.852,627.82,144.742,615.851,0,51.5178,28.5816,1.55479
6497,35,24.4992,593.872,620.28,613.296,613.207,0,15.312,19.688,2.28579
6498,159.801,144.417,605.524,448.672,615.633,539.594,0,90.2604,69.5402,1.77044
6499,185.002,166.071,527.482,440.207,615.58,539.827,0,103.795,81.2075,1.78239
6500,463.519,292.602,378.065,424.805,350.181,174.813,0,182.876,280.643,2.5346
6501,301.409,162.84,192.574,330.874,249.051,185.068,0,101.775,199.634,2.96153
6502,2.2,1.11068,612.158,613.155,613.211,612.967,0,0.694174,1.50583,3.16923
6503,296.909,186.131,236.231,372.996,67.8288,405.384,0,116.332,180.577,2.55226
6504,209.004,104.794,213.883,255.301,248.577,184.877,0,65.4964,143.507,3.19107
6505,210.704,147.579,439.604,260.269,356.244,173.331,0,92.2371,118.467,2.28437
6506,43.5999,44.6538,602.409,290.54,635.872,282.394,0,27.9086,15.6913,1.56224
6507,417.516,273.944,463.885,487.864,613.209,612.835,0,171.215,246.302,2.43855
6508,25.0001,26.1124,615.804,274.595,635.938,282.44,0,16.3203,8.6798,1.53184
6509,179.402,117.656,510.426,641.313,613.207,612.779,0,73.535,105.867,2.43968
6510,57.0997,59.6946,612.763,155.496,653.555,130.042,0,37.3091,19.7906,1.53045
6511,99.1991,119.812,355.411,707.574,313.246,818.156,0,74.8825,24.3166,1.32473
6512,138.099,126.246,511.939,730.638,612.091,752.597,0,78.9038,59.1955,1.75022
6513,294.509,282.49,347.108,540.989,144.763,615.864,0,176.556,117.953,1.66807
6514,32.9001,42.2982,597.71,713.534,612.171,752.48,0,26.4364,6.46369,1.2445
6515,324.411,188.988,212.438,447.519,67.8103,405.143,0,118.118,206.293,2.74651
6516,64.3996,57.6505,571.392,635.979,613.315,612.402,0,36.0315,28.3681,1.78731
6517,117.299,143.049,543.075,177.69,647.693,191.853,0,89.4053,27.8934,1.31199
6518,224.204,114.599,213.447,249.177,248.713,184.904,0,71.6244,152.58,3.13028
6519,280.808,259.128,347.525,563.018,144.809,615.873,0,161.955,118.853,1.73386
6520,117.199,108.192,298.257,728.316,311.623,818.416,0,67.6199,49.5789,1.7332
6521,237.105,195.687,196.135,506.268,139.941,611.106,0,122.305,114.801,1.93865
6522,109.799,105.476,292.175,739.172,311.453,818.384,0,65.9227,43.8762,1.66557
6523,5.8,5.70554,352.189,181.333,352.35,175.641,0,3.56596,2.23403,1.62649
6524,98.1991,86.3918,152.18,395.119,67.685,404.904,0,53.9949,44.2042,1.81867
6525,8.5,7.59415,351.116,183.094,352.434,175.643,0,4.74635,3.75365,1.79085
6526,161.401,111.599,176.807,404.829,67.7068,404.936,0,69.7492,91.6515,2.31402
6527,12.3,11.4631,599.163,803.695,606.789,810.68,0,7.16444,5.13557,1.71681
6528,41.3999,45.4808,609.323,135.864,653.508,130.037,0,28.4255,12.9745,1.45644
6529,349.712,220.793,240.814,440.947,67.6859,405.542,0,137.996,211.716,2.53422
6530,34.5,37.4169,259.474,220.919,249.762,185.099,0,23.3856,11.1145,1.47527
6531,479.82,338.516,363.94,471.616,349.859,174.838,0,211.572,268.248,2.26788
6532,270.507,171.39,217.146,352.269,67.6943,404.951,0,107.119,163.389,2.5253
6533,117.099,73.0219,588.528,669.588,613.251,612.808,0,45.6387,71.4601,2.56578
6534,309.91,183.934,216.13,433.039,67.6608,405.509,0,114.959,194.951,2.69583
6535,263.107,169.622,288.508,333.173,251.06,184.613,0,106.014,157.093,2.48182
6536,142.299,136.823,143.435,474.153,67.7405,405.541,0,85.5146,56.7849,1.66404
6537,306.609,158.757,524.692,546.375,613.188,612.834,0,99.2234,207.386,3.09009
6538,294.209,160.889,178.42,305.554,249.185,185.128,0,100.556,193.653,2.92583
6539,72.6995,75.1468,190.603,601.67,144.81,615.994,0,46.9667,25.7327,1.54789
6540,358.613,167.325,487.014,210.021,355.773,174.227,0,104.578,254.034,3.42913
6541,431.917,165.526,458.071,599.581,613.188,612.75,0,103.454,328.463,4.17497
6542,381.114,276.301,287.603,451.638,67.6677,404.855,0,172.688,208.426,2.20695
6543,292.209,191.737,499.614,538.641,613.185,612.805,0,119.836,172.373,2.43841
6544,300.209,156.995,488.995,157.525,355.754,174.213,0,98.1221,202.087,3.05955
6545,485.72,145.66,472.365,336.433,470.878,329.916,1,91.0378,394.683,5.33537
6546,156,129.628,352.167,271.652,350.005,174.736,0,81.0176,74.9827,1.92551
6547,76.8994,41.6374,254.222,226.53,249.877,185.077,0,26.0234,50.876,2.95501
6548,149.6,113.787,522.605,337.411,630.327,334.054,0,71.1169,78.4831,2.10358
6549,129.099,136.206,350.286,690.622,312.909,818.002,0,85.129,43.9697,1.51651
6550,383.814,287.624,425.987,415.138,630.375,334.141,0,179.765,204.049,2.13509
6551,357.913,264.282,426.138,392.325,630.313,334.12,0,165.176,192.736,2.16685
6552,297.409,176.212,171.513,311.014,249.232,185.091,0,110.132,187.277,2.70047
6553,182.702,125.74,526.152,708.208,612.413,751.855,0,78.5875,104.114,2.32482
6554,92.0992,83.9941,553.778,332.311,630.252,334.078,0,52.4963,39.6029,1.75439
6555,175.602,199.081,418.707,684.831,313.311,818.22,0,124.426,51.1757,1.4113
6556,237.605,202.015,404.017,309.41,355.847,174.259,0,126.259,111.346,1.88188
6557,457.019,298.007,392.845,415.459,349.876,174.721,0,186.254,270.764,2.45373
6558,234.005,186.177,362.226,333.023,349.754,174.681,0,116.361,117.644,2.01103
6559,231.305,108.941,215.413,252.145,248.792,185.007,0,68.0883,163.217,3.39713
6560,307.61,192.843,300.405,344.43,251.139,184.603,0,120.527,187.082,2.5522
6561,31.3001,24.7636,92.3383,402.473,67.845,405.116,0,15.4773,15.8228,2.02233
6562,485.72,328.962,369.203,510.071,596.426,499.349,1,205.601,280.119,2.36244
6563,136.499,123.633,256.78,645.484,144.781,616.17,0,77.2705,59.2286,1.76651
6564,282.808,188.503,229.921,351.216,249.578,185.214,0,117.814,164.994,2.40045
6565,270.007,344.354,407.955,538.298,312.509,817.965,0,215.221,54.7861,1.25456
6566,398.215,271.632,422.657,403.697,630.403,334.094,0,169.77,228.445,2.34562
6567,452.518,327.982,356.477,466.252,349.875,174.806,0,204.989,247.529,2.20753
6568,110.299,134.285,541.923,187.086,647.975,191.289,0,83.9284,26.3705,1.3142
6569,299.709,175.128,268.566,338.679,249.779,185.115,0,109.455,190.254,2.7382
6570,147.7,102.592,551.096,665.993,613.249,612.845,0,64.12,83.5798,2.30349
6571,140.099,128.185,527.108,118.838,653.524,129.952,0,80.1158,59.9835,1.74871
6572,162.801,120.81,128.613,511.465,139.841,611.097,0,75.5064,87.2943,2.15612
6573,276.308,287.787,309.261,516.62,139.902,611.133,0,179.867,96.4405,1.53618
6574,99.3991,108.756,579.149,446.078,615.593,539.627,0,67.9723,31.4267,1.46235
6575,96.2991,88.239,540.617,601.155,613.241,612.821,0,55.1494,41.1497,1.74615
6576,409.016,297.18,426.838,416.514,630.366,334.124,0,185.737,223.278,2.20212
6577,328.011,208.941,287.872,366.642,248.763,184.966,0,130.588,197.423,2.51179
6578,457.819,299.192,413.861,409.322,349.904,174.76,0,186.995,270.823,2.44829
6579,29.5001,41.4692,190.882,717.247,152.526,701.751,0,25.9182,3.58183,1.1382
6580,43.6999,54.0764,177.439,657.033,149.885,693.195,0,33.7977,9.90216,1.29298
6581,119.699,161.385,539.566,286.96,648.149,198.032,0,100.865,18.8334,1.18672
6582,214.504,143.04,350.315,289.452,350.014,174.816,0,89.3998,125.104,2.39938
6583,31.8001,35.5771,408.848,113.407,405.897,78.1465,0,22.2357,9.5644,1.43014
6584,58.5997,52.4423,601.628,131.942,653.54,130.04,0,32.7765,25.8232,1.78786
6585,51.7998,62.6179,185.529,589.733,144.738,615.897,0,39.1362,12.6636,1.32358
6586,379.014,284.584,425.127,416.027,630.251,334.142,0,177.865,201.149,2.13091
6587,235.005,251.25,399.146,631.152,313.216,818.215,0,157.031,77.9737,1.49655
6588,454.419,309.799,358.821,451.297,350.04,174.817,0,193.624,260.794,2.34691
6589,323.811,215.316,278.571,377.996,248.09,184.692,0,134.573,189.238,2.40621
6590,161.201,120.036,422.563,245.988,356.218,173.445,0,75.0227,86.178,2.14869
6591,206.103,166.375,500.682,362.005,630.357,333.755,0,103.984,102.119,1.98207
6592,149.5,123.953,178.751,260.934,248.576,184.892,0,77.4704,72.0295,1.92977
6593,247.006,171.495,364.315,307.762,349.747,174.678,0,107.184,139.822,2.3045
6594,27.0001,23.8169,249.435,208.988,249.994,185.037,0,14.8856,12.1145,1.81384
6595,7.79999,6.70252,629.57,283.85,636.037,282.739,0,4.18907,3.61092,1.86199
6596,30.1001,38.0191,314.075,186.283,349.777,174.737,0,23.7619,6.33815,1.26674
6597,333.011,234.456,273.503,396.059,249.008,184.99,0,146.535,186.476,2.27257
6598,245.706,147.571,194.324,305.482,248.501,184.814,0,92.2319,153.474,2.664
6599,485.72,109.135,184.612,655.617,173.685,659.431,1,68.2094,417.511,7.12102
6600,485.72,315.915,378.244,513.829,595.514,496.244,1,197.447,288.274,2.46001
6601,208.504,131.396,281.076,291.734,250.493,184.789,0,82.1225,126.381,2.53893
6602,22.9001,25.1505,144.428,669.383,149.655,693.159,0,15.7191,7.181,1.45683
6603,184.302,223.091,332.444,371.867,251.224,184.512,0,139.432,44.8699,1.3218
6604,135.999,130.968,579.925,380.949,630.425,334.358,0,81.8553,54.1438,1.66146
6605,25.2001,28.8362,320.463,790.435,312.789,817.981,0,18.0226,7.17745,1.39825
6606,253.406,157.265,444.776,149.703,355.744,174.217,0,98.2909,155.115,2.57813
6607,130.499,116.065,538.109,121.954,653.541,130.048,0,72.5407,57.9581,1.79897
6608,52.8998,61.1382,146.032,550.881,139.938,611.171,0,38.2114,14.6884,1.3844
6609,63.9996,68.4381,589.676,220.905,648.328,198.149,0,42.7738,21.2258,1.49623
6610,161.001,131.722,296.095,292.842,250.482,184.819,0,82.3265,78.6742,1.95564
6611,24.2001,26.5498,381.958,171.278,355.999,173.887,0,16.5936,7.60641,1.45839
6612,305.209,321.232,323.407,490.486,139.759,611.06,0,200.77,104.44,1.5202
6613,172.201,144.918,272.204,614.65,144.814,616.198,0,90.5737,81.6276,1.90123
6614,178.902,130.734,296.597,290.586,250.073,185.032,0,81.7089,97.1929,2.1895
6615,29.2001,31.8782,613.512,296.992,635.82,282.312,0,19.9239,9.2762,1.46558
6616,27.9001,28.8252,143.861,665.858,149.286,693.329,0,18.0158,9.8843,1.54865
6617,353.612,225.89,477.277,424.584,630.252,334.075,0,141.181,212.431,2.50467
6618,398.415,283.946,349.105,537.641,144.831,615.987,0,177.466,220.949,2.24502
6619,165.101,116.729,268.908,296.999,249.703,185.2,0,72.9555,92.1454,2.26304
6620,61.8996,40.5951,576.395,622.086,613.308,612.408,0,25.3719,36.5277,2.43969
6621,485.72,253.167,427.337,428.928,604.01,539.267,1,158.229,327.491,3.06973
6622,3.4,2.5741,600.624,830.846,603.007,831.816,0,1.60881,1.79118,2.11336
6623,84.1993,85.5967,318.519,232.677,349.872,174.678,0,53.4979,30.7014,1.57388
6624,373.414,217.407,472.225,377.142,630.309,334.098,0,135.879,237.534,2.74813
6625,18.1,21.5654,599.434,735.639,612.339,752.398,0,13.4784,4.62166,1.34289
6626,485.72,312.65,438.275,528.482,574.549,617.376,1,195.407,290.314,2.48569
6627,181.402,147.116,276.491,653.643,144.75,615.97,0,91.9477,89.4542,1.97288
6628,402.515,288.992,301.495,453.393,67.6831,404.872,0,180.62,221.896,2.22852
6629,338.911,243.691,275.415,414.349,67.746,404.917,0,152.307,186.604,2.22519
6630,340.412,227.557,369.493,375.014,349.959,174.767,0,142.223,198.188,2.3935
6631,245.906,145.243,150.567,440.248,67.6624,405.515,0,90.777,155.129,2.7089
6632,89.3992,101.224,221.215,753.549,152.725,701.81,0,63.2652,26.134,1.41309
6633,50.1998,29.815,593.997,627.408,613.253,613.195,0,18.6344,31.5654,2.69393
6634,387.414,307.686,315.164,441.497,67.734,404.845,0,192.304,195.111,2.0146
6635,348.112,240.749,349.702,378.543,349.887,174.777,0,150.468,197.644,2.31353
6636,0,0,144.258,616.381,144.258,616.381,0,0,0,0
6637,207.303,190.891,396.363,298.384,355.844,174.32,0,119.307,87.9964,1.73756
6638,132.899,131.742,130.428,482.845,67.8009,405.41,0,82.339,50.5599,1.61405
6639,485.72,242.807,424.619,594.712,590.637,616.9,1,151.754,333.966,3.20071
6640,14.1,13.496,262.366,193.096,253.094,183.379,0,8.43503,5.66499,1.6716
6641,15.8,17.6912,414.398,93.6569,408.707,77.1246,0,11.057,4.74305,1.42896
6642,6.3,6.56876,150.899,618.55,144.684,616.438,0,4.10547,2.19452,1.53454
6643,152.9,125.785,350.038,271.673,349.996,174.824,0,78.6159,74.2843,1.9449
6644,269.507,169.388,290.123,611.804,144.729,615.626,0,105.867,163.64,2.54571
6645,229.905,145.369,279.562,317.277,250.998,184.628,0,90.8554,139.049,2.53045
6646,36.7,36.4638,590.626,778.273,611.053,755.15,0,22.7899,13.9102,1.61037
6647,257.106,307.831,390.133,564.789,312.938,817.997,0,192.395,64.712,1.33635
6648,82.4993,84.2608,228.245,264.971,248.24,184.725,0,52.663,29.8363,1.56655
6649,375.814,272.022,392.874,393.074,349.91,174.717,0,170.014,205.8,2.21049
6650,184.302,159.429,494.741,711.107,612.384,751.912,0,99.6432,84.6589,1.84962
6651,45.4999,52.5142,586.696,522.703,615.656,540.349,0,32.8213,12.6785,1.38629
6652,90.6992,79.2188,145.94,400.179,67.7103,404.824,0,49.5117,41.1875,1.83187
6653,137.499,114.29,524.822,350.957,630.265,334.135,0,71.431,66.0681,1.92492
6654,485.72,295.554,424.989,550.519,592.045,613.119,1,184.721,300.999,2.62948
6655,429.817,284.955,413.39,439.021,615.559,539.917,0,178.097,251.72,2.41339
6656,181.902,147.492,546.048,441.158,615.563,539.936,0,92.1828,89.7191,1.97327
6657,186.102,146.569,180.219,351.552,67.8183,405.074,0,91.6058,94.4963,2.03155
6658,270.907,266.082,284.573,507.607,139.594,611.158,0,166.301,104.606,1.62902
6659,284.908,150.319,183.332,438.358,67.8156,405.339,0,93.9495,190.959,3.03257
6660,172.001,125.566,425.924,248.895,356.206,173.22,0,78.4789,93.5224,2.19169
6661,63.1996,43.668,235.782,226.096,249.232,185.148,0,27.2925,35.9071,2.31564
6662,159.801,117.031,259.016,296.876,249.446,185.219,0,73.1443,86.6562,2.18473
6663,20.7,23.6453,413.81,100.348,406.847,77.763,0,14.7783,5.92172,1.4007
6664,56.8997,45.3366,219.341,206.611,248.674,184.872,0,28.3354,28.5643,2.00808
6665,20.1,19.5716,599.364,550.963,616.805,543.348,0,12.2323,7.86777,1.6432
6666,224.304,178.961,415.874,295.707,355.777,174.196,0,111.851,112.454,2.00539
6667,108.199,122.019,565.043,182.513,653.451,130.168,0,76.2616,31.9373,1.41879
6668,37,43.9752,415.229,120.56,405.938,78.2208,0,27.4845,9.51548,1.34621
6669,110.199,121.083,517.658,726.141,611.903,753.054,0,75.6768,34.5221,1.45618
6670,141.799,114.87,465.29,180.715,355.444,174.401,0,71.7937,70.0057,1.9751
6671,90.0992,91.9285,177.81,547.456,140.003,611.117,0,57.4553,32.6439,1.56816
6672,79.0994,60.5626,608.544,646.865,613.188,612.764,0,37.8516,41.2478,2.08972
6673,339.712,262.763,425.659,359.059,355.764,174.228,0,164.227,175.485,2.06855
6674,3.8,2.94676,69.7205,408.116,66.878,407.34,0,1.84173,1.95827,2.06328
6675,63.7996,47.7595,293.797,204.546,253.145,183.44,0,29.8497,33.9499,2.13736
6676,20.5,26.4986,258.323,210.133,249.907,185.069,0,16.5616,3.93843,1.2378
6677,107.999,113.276,609.594,458.628,615.576,539.709,0,70.7976,37.2013,1.52546
6678,428.117,222.224,449.903,678.899,613.246,612.813,0,138.89,289.227,3.08242
6679,278.808,202.075,474.465,391.756,630.262,334.074,0,126.297,152.511,2.20756
6680,8.9,7.86698,640.954,201.227,648.037,197.833,0,4.91686,3.98313,1.8101
6681,107.699,73.684,548.534,743.715,612.288,752.357,0,46.0525,61.6465,2.33861
6682,484.62,266.022,415.926,626.104,613.253,612.848,0,166.264,318.357,2.91477
6683,56.3997,61.9176,269.266,243.774,249.928,185.096,0,38.6985,17.7012,1.45741
6684,144.3,119.603,414.96,238.779,355.604,174.347,0,74.752,69.5476,1.93038
6685,59.2997,32.7804,593.323,629.1,613.326,613.133,0,20.4878,38.8119,2.89439
6686,103.799,88.5982,155.432,395.899,67.7622,404.955,0,55.3739,48.4251,1.87451
6687,34.7,38.7199,175.422,630.812,144.829,616.027,0,24.1999,10.5001,1.43389
6688,152.8,130.424,225.532,595.476,144.809,615.891,0,81.5147,71.2854,1.87451
6689,254.906,300.467,383.219,567.314,312.397,818.064,0,187.792,67.1145,1.35739
6690,303.509,204.889,473.989,386.911,630.314,334.08,0,128.056,175.454,2.37014
6691,198.203,135.401,277.363,637.535,144.688,615.641,0,84.6257,113.577,2.34211
6692,31.9001,37.1619,615.593,188.585,647.757,191.531,0,23.2262,8.67387,1.37345
6693,21.9,21.9233,330.802,185.231,350.014,174.785,0,13.702,8.198,1.5983
6694,34.9,38.8643,301.763,791.722,311.934,818.336,0,24.2902,10.6098,1.43679
6695,239.705,237.533,322.001,377.406,251.233,184.468,0,148.458,91.2476,1.61464
6696,220.204,111.627,202.312,260.553,248.647,184.933,0,69.7671,150.437,3.15628
6697,42.9999,52.0727,189.732,672.99,149.973,693.298,0,32.5454,10.4545,1.32123
6698,276.408,296.684,331.553,427.304,251.248,184.514,0,185.428,90.9801,1.49065
6699,176.302,139.928,170.973,352.41,67.7293,404.893,0,87.4551,88.8464,2.01591
6700,146.7,111.541,260.933,293.022,249.901,185.097,0,69.7131,76.9867,2.10434
6701,15.7,19.9406,259.228,202.717,251.144,184.489,0,12.4629,3.23713,1.25974
6702,7.5,7.8016,604.092,751.743,611.474,754.258,0,4.876,2.624,1.53815
6703,270.207,177.681,224.869,346.217,249.826,185.149,0,111.05,159.157,2.4332
6704,247.706,141.152,198.072,308.026,248.943,184.985,0,88.2197,159.486,2.80783
6705,333.111,209.105,506.098,579.027,613.205,612.812,0,130.69,202.421,2.54886
6706,233.905,143.174,482.287,166.167,356.101,173.637,0,89.4838,144.421,2.61394
6707,75.3994,52.5173,215.099,215.683,248.372,184.793,0,32.8233,42.5761,2.29713
6708,385.214,289.564,341.492,538.096,144.683,615.701,0,180.977,204.237,2.12852
6709,35.4,32.5437,140.266,663.296,149.384,693.345,0,20.3398,15.0602,1.74043
6710,485.72,289.124,415.92,522.894,521.746,626.616,1,180.702,305.018,2.68796
6711,29.6001,36.3155,616.233,214.264,648.368,198.175,0,22.6972,6.90291,1.30413
6712,120.199,146.103,387.072,707.126,313.189,818.177,0,91.3146,28.8842,1.31631
6713,19.7,22.2678,599.55,769.969,611.086,755.055,0,13.9173,5.78269,1.4155
6714,227.705,255.857,380.523,610.476,312.452,817.958,0,159.911,67.7941,1.42395
6715,53.4998,37.6466,104.079,399.782,67.7149,405.601,0,23.5291,29.9706,2.27377
6716,72.2995,79.0195,550.787,784.52,611.236,754.77,0,49.3872,22.9123,1.46393
6717,359.613,292.675,324.15,500.346,144.84,615.955,0,182.922,176.691,1.96594
6718,477.52,276.963,426.83,428.697,615.484,539.919,0,173.102,304.418,2.75861
6719,40.4,41.9841,119.977,584.619,139.928,611.097,0,26.2401,14.1599,1.53963
6720,190.002,156.491,520.597,390.771,630.289,334.332,0,97.8068,92.1956,1.94263
6721,127.199,96.4312,234.033,277.48,249.056,185.055,0,60.2695,66.9291,2.1105
6722,219.604,147.806,350.448,292.277,349.9,174.736,0,92.3789,127.225,2.37721
6723,170.201,125.725,189.831,391.541,67.8165,404.953,0,78.5779,91.6233,2.16602
6724,274.908,164.167,202.556,431.882,67.8093,405.181,0,102.605,172.303,2.67929
6725,65.4996,63.9648,160.106,563.644,139.846,611.063,0,39.978,25.5216,1.63839
6726,347.312,190.237,534.069,523.239,613.253,612.774,0,118.898,228.414,2.92109
6727,372.614,295.684,423.025,415.158,630.304,334.119,0,184.802,187.811,2.01628
6728,25.7001,28.2853,590.093,768.197,611.114,755.418,0,17.6783,8.02176,1.45376
6729,101.699,110.276,248.679,742.454,152.741,701.779,0,68.9223,32.7767,1.47556
6730,69.9995,70.6935,316.639,755.583,311.259,818.54,0,44.1834,25.8161,1.58429
6731,17.3,19.9423,375.645,174.761,355.872,173.932,0,12.4639,4.83612,1.38801
6732,155.5,135.044,518.968,568.875,613.219,612.797,0,84.4024,71.0979,1.84237
6733,99.3991,62.1425,299.969,767.718,311.083,818.584,0,38.8391,60.56,2.55925
6734,265.907,312.876,330.334,441.691,251.408,184.547,0,195.548,70.3593,1.35981
6735,169.301,125.867,268.232,635.858,144.796,615.753,0,78.6667,90.6344,2.15213
6736,224.304,158.679,189.664,344.543,67.6839,404.913,0,99.1745,125.13,2.26172
6737,159.401,168.905,310.59,714.79,312.216,818.179,0,105.566,53.8348,1.50997
6738,216.004,176.799,417.871,294.976,355.782,174.261,0,110.499,105.505,1.9548
6739,52.4998,68.8605,574.094,502.286,615.858,541.044,0,43.0378,9.46195,1.21985
6740,145.6,96.9011,215.89,263.551,248.998,185.006,0,60.5632,85.0365,2.4041
6741,48.9998,58.5064,593.654,697.587,612.275,752.195,0,36.5665,12.4333,1.34002
6742,325.011,188.362,287.511,344.006,249.869,185.138,0,117.726,207.285,2.76074
6743,127.699,147.22,274.182,690.717,149.436,693.312,0,92.0126,35.686,1.38784
6744,287.308,168.991,500.557,160.193,355.777,174.198,0,105.619,181.689,2.72023
6745,179.402,140.973,523.003,693.842,612.128,752.742,0,88.108,91.2938,2.03616
6746,59.5997,81.4854,548.254,798.58,602.373,833.285,0,50.9284,8.67128,1.17026
6747,199.003,118.447,212.658,243.011,248.443,184.776,0,74.0296,124.973,2.68815
6748,65.5996,63.4632,564.685,730.628,612.022,752.936,0,39.6645,25.9351,1.65386
6749,422.117,295.623,347.817,420.457,349.893,174.653,0,184.765,237.352,2.28462
6750,113.699,92.5224,160.045,395.023,67.6576,405.457,0,57.8265,55.8724,1.96621
6751,297.909,239.567,349.079,586.484,144.738,615.83,0,149.729,148.18,1.98965
6752,234.005,259.239,394.9,632.246,313.184,818.191,0,162.024,71.9806,1.44426
6753,135.599,119.544,221.955,763.118,152.778,701.768,0,74.7153,60.8838,1.81488
6754,306.409,181.47,265.33,343.318,250.629,184.787,0,113.419,192.991,2.70158
6755,271.607,198.732,454.148,303.025,356.015,173.665,0,124.207,147.4,2.18672
6756,83.1993,46.8615,258.422,229.585,249.493,185.242,0,29.2885,53.9108,2.84069
6757,485.72,162.259,494.28,640.896,609.799,612.788,1,101.412,384.309,4.78958
6758,40.1,35.1542,579.321,817.957,602.397,833.339,0,21.9714,18.1286,1.8251
6759,415.016,269.037,448.767,479.287,615.547,539.88,0,168.148,246.868,2.46815
6760,118.699,95.1064,243.727,257.21,249.114,185.125,0,59.4415,59.2573,1.9969
6761,162.901,141.944,244.26,654.755,144.805,615.992,0,88.7148,74.186,1.83623
6762,118.699,142.474,531.707,183.723,648.18,190.993,0,89.0465,29.6523,1.333
6763,259.707,117.482,197.34,261.754,248.553,184.897,0,73.4261,186.281,3.53698
6764,4.1,3.77815,598.666,832.638,602.358,833.411,0,2.36134,1.73865,1.7363
6765,105.999,87.8559,401.903,211.13,355.735,174.331,0,54.9099,51.089,1.93041
6766,38.2,46.3654,305.86,186.529,349.926,174.822,0,28.9784,9.22163,1.31822
6767,118.199,78.8372,574.554,694.012,612.206,752.538,0,49.2733,68.9255,2.39884
6768,271.307,176.086,337.555,316.818,349.937,174.735,0,110.054,161.254,2.46522
6769,86.6992,73.6975,593.604,187.709,647.825,191.612,0,46.061,40.6383,1.88227
6770,305.309,192.746,215.298,449.723,67.7463,405.225,0,120.466,184.843,2.5344
6771,110.799,110.929,552.15,480.178,615.507,539.833,0,69.3308,41.4681,1.59812
6772,264.607,160.638,218.163,416.373,67.7872,405.405,0,100.399,164.208,2.63556
6773,35.4,43.0782,188.083,704.614,152.676,701.83,0,26.9238,8.47618,1.31482
6774,25.3001,20.1418,87.6902,403.538,67.7008,404.917,0,12.5886,12.7114,2.00975
6775,167.801,107.735,166.18,383.899,67.6919,404.909,0,67.3342,100.467,2.49206
6776,57.0997,43.3976,110.083,402.004,67.6617,404.801,0,27.1235,29.9762,2.10518
6777,31.5001,36.3753,574.743,806.351,607.17,810.003,0,22.7346,8.76553,1.38556
6778,219.104,153.151,424.831,277.69,355.819,174.274,0,95.7194,123.385,2.28903
6779,56.0997,33.1493,233.701,212.997,248.942,184.995,0,20.7183,35.3814,2.70774
6780,315.11,205.218,499.979,248.192,355.998,173.692,0,128.261,186.849,2.45679
6781,30.0001,23.8368,274.084,193.893,253.034,183.789,0,14.898,15.102,2.01369
6782,178.902,188.982,513.339,225.291,648.403,190.915,0,118.114,60.7879,1.51466
6783,108.999,93.5502,145.767,521.732,139.94,611.11,0,58.4689,50.53,1.86422
6784,55.4997,75.2011,202.554,701.136,152.589,701.834,0,47.0007,8.49903,1.18083
6785,23.8001,15.6244,265.436,192.451,253.11,183.639,0,9.76527,14.0348,2.43721
6786,326.311,206.759,281.806,371.307,248.263,184.7,0,129.224,197.086,2.52515
6787,192.703,139.908,199.191,382.38,67.6738,405.503,0,87.4428,105.26,2.20376
6788,89.9992,125.47,250.202,667.809,149.616,693.197,0,78.4187,11.5805,1.14768
6789,4,3.42915,359.283,174.835,356.17,173.399,0,2.14322,1.85678,1.86635
6790,85.3993,78.097,195.479,643.882,144.748,615.978,0,48.8106,36.5887,1.7496
6791,485.72,219.788,434.671,607.028,596.365,615.548,1,137.367,348.353,3.53592
6792,143.7,139.217,109.092,495.717,67.6656,405.495,0,87.0107,56.6889,1.65152
6793,306.109,229.383,263.672,426.591,67.7347,404.891,0,143.365,162.745,2.13518
6794,179.902,187.104,332.67,642.208,312.31,818.108,0,116.94,62.9617,1.53841
6795,485.72,252.949,446.219,576.952,594.464,613.283,1,158.093,327.627,3.07237
6796,157.8,126.937,277.411,295.773,250.478,184.778,0,79.3356,78.4648,1.98902
6797,118.699,89.8495,273.983,770.511,310.622,818.76,0,56.1559,62.5429,2.11374
6798,266.507,138.512,482.307,185.26,355.82,174.266,0,86.5703,179.937,3.07851
6799,214.504,161.809,322.497,310.906,250.7,184.803,0,101.131,113.373,2.12106
6800,303.809,218.244,393.238,326.008,349.873,174.777,0,136.402,167.407,2.2273
6801,128.099,138.712,316.854,284.419,250.596,184.794,0,86.6952,41.4034,1.47757
6802,178.902,223.91,499.452,259.669,648.245,198.033,0,139.944,38.9582,1.27838
6803,93.4991,116.063,591.324,269.956,647.853,197.772,0,72.5396,20.9596,1.28894
6804,14.4,13.5473,589.575,830.202,602.352,833.23,0,8.46707,5.93295,1.70071
6805,133.999,161.244,392.736,698.059,313.398,818.184,0,100.778,33.2214,1.32965
6806,23.9001,28.0872,590.936,768.419,611.153,755.273,0,17.5545,6.34556,1.36148
6807,150,128.691,394.572,241.617,356.213,173.423,0,80.432,69.568,1.86493
6808,476.32,288.939,421.761,583.067,613.257,612.813,0,180.587,295.733,2.63762
6809,62.4996,41.6914,589.665,637.614,613.284,613.199,0,26.0571,36.4425,2.39856
6810,58.1997,46.7381,113.652,396.476,67.7367,404.807,0,29.2113,28.9884,1.99237
6811,177.802,157.165,287.189,620.768,144.775,615.907,0,98.2279,79.5738,1.81009
6812,174.701,150.816,489.654,718.491,612.161,752.508,0,94.2598,80.4417,1.8534
6813,85.8993,110.652,338.755,710.627,312.764,817.999,0,69.1575,16.7418,1.24208
6814,335.111,312.547,379.318,537.714,144.814,616.16,0,195.342,139.77,1.71551
6815,485.72,148.028,429.114,535.13,426.253,543.197,1,92.5174,393.203,5.25004
6816,71.1995,97.7507,571.977,240.742,647.933,197.849,0,61.0942,10.1053,1.1654
6817,134.699,89.3951,177.011,210.085,248.626,184.918,0,55.8719,78.8271,2.41085
6818,27.4001,21.7338,601.237,599.537,613.189,612.57,0,13.5836,13.8164,2.01714
6819,279.308,162.977,198.634,437.875,67.7067,405.445,0,101.86,177.447,2.74206
6820,277.708,180.389,275.159,350.672,251.255,184.491,0,112.743,164.965,2.4632
6821,410.616,324.2,376.203,526.032,144.709,615.596,0,202.625,207.991,2.02648
6822,191.202,185.458,356.524,649.999,312.336,818.084,0,115.912,75.2909,1.64956
6823,154.8,170.663,513.201,205.593,647.777,191.439,0,106.665,48.1357,1.45128
6824,325.911,232.544,349.388,592.724,144.791,615.839,0,145.34,180.571,2.24241
6825,109.099,88.9191,155.908,398.487,67.7413,405.166,0,55.5744,53.5245,1.96311
6826,165.601,144.864,510.526,116.909,653.49,129.953,0,90.5403,75.0607,1.82903
6827,485.72,248.791,401.911,614.025,599.662,611.791,1,155.494,330.226,3.12372
6828,336.811,229.443,460.12,344.298,355.825,174.246,0,143.402,193.41,2.34873
6829,26.0001,26.9588,406.09,105.148,405.878,78.1975,0,16.8492,9.15083,1.5431
6830,19.2,20.8203,272.392,190.245,253.179,183.407,0,13.0127,6.18735,1.47549
6831,210.404,215.71,385.379,640.963,312.731,818.021,0,134.819,75.5849,1.56064
6832,206.003,155.575,186.406,345.744,67.6924,404.952,0,97.2342,108.769,2.11863
6833,485.72,246.774,460.324,478.488,603.648,534.611,1,154.234,331.487,3.14925
6834,173.701,138.293,299.514,302.284,251.143,184.516,0,86.4333,87.2681,2.00966
6835,10,11.5451,604.178,540.51,615.593,539.663,0,7.2157,2.78431,1.38587
6836,127.299,148.361,535.059,212.205,647.883,191.702,0,92.7255,34.5731,1.37285
6837,123.999,163.671,540.206,280.323,648.191,197.982,0,102.294,21.7044,1.21218
6838,238.605,249.783,259.637,527.324,140.139,611.15,0,156.115,82.4908,1.5284
6839,30.8001,33.4819,598.318,781.97,606.521,811.478,0,20.9262,9.87387,1.47184
6840,401.015,247.451,488.099,485.453,615.479,539.84,0,154.657,246.358,2.59294
6841,214.304,209.88,268.707,558.281,144.745,615.692,0,131.175,83.1287,1.63372
6842,5.3,4.73462,72.4786,404.393,67.8337,405.317,0,2.95914,2.34086,1.79106
6843,302.509,171.211,246.728,339.052,249.882,185.088,0,107.007,195.502,2.827
6844,72.0995,53.9859,587.158,649.468,613.32,612.381,0,33.7412,38.3583,2.13684
6845,120.899,127.168,202.116,536.95,139.946,611.175,0,79.4798,41.4189,1.52112
6846,146.8,181.101,295.328,711.043,149.44,693.263,0,113.188,33.6118,1.29696
6847,69.6995,74.2474,558.097,340.347,630.273,334.063,0,46.4046,23.2949,1.502
6848,10.8,10.0859,601.046,754.542,611.186,755.214,0,6.30366,4.49634,1.71329
6849,384.514,304.995,411.26,421.808,630.256,334.054,0,190.622,193.892,2.01716
6850,0,0,403.804,69.9745,403.804,69.9745,0,0,0,0
6851,251.906,194.827,405.252,304.828,355.777,174.226,0,121.767,130.139,2.06875
6852,31.4001,28.9973,246.713,213.865,249.629,185.205,0,18.1233,13.2768,1.73258
6853,399.515,258.937,365.318,404.059,349.53,174.557,0,161.836,237.68,2.46865
6854,158.4,108.877,174.513,401.346,67.7005,405.477,0,68.0481,90.3523,2.32777
6855,156,113.113,260.872,295.19,249.821,185.108,0,70.6959,85.3045,2.20664
6856,9.9,10.9413,644.369,136.28,654.12,131.459,0,6.83828,3.06172,1.44773
6857,132.699,115.763,176.546,523.462,139.886,611.059,0,72.3517,60.3472,1.83408
6858,360.513,232.483,502.103,477.78,615.51,539.764,0,145.302,215.211,2.48113
6859,12.6,14.6634,153.567,679.122,149.632,693.232,0,9.16463,3.43539,1.37485
6860,190.902,133.294,158.964,481.922,139.945,611.127,0,83.309,107.593,2.2915
6861,104.399,84.3581,608.671,678.579,612.361,752.064,0,52.7238,51.6751,1.98011
6862,332.211,175.729,467.56,645.092,613.22,612.834,0,109.831,222.38,3.02475
6863,132.299,123.924,572.256,431.801,615.526,539.856,0,77.4522,54.8466,1.70813
6864,217.004,141.214,299.892,303.265,250.901,184.672,0,88.2589,128.745,2.45872
6865,163.801,119.784,181.845,261.296,248.624,184.942,0,74.865,88.9358,2.18795
6866,45.0999,43.7525,582.872,779.576,611.24,755.452,0,27.3453,17.7546,1.64927
6867,439.218,246.543,475.971,504.134,613.267,612.748,0,154.09,285.128,2.8504
6868,116.099,75.001,587.6,365.493,630.257,334.338,0,46.8756,69.2232,2.47674
6869,5.1,3.58152,645.172,189.372,648.315,190.892,0,2.23845,2.86155,2.27836
6870,362.913,167.032,460.411,595.985,613.213,612.839,0,104.395,258.518,3.47635
6871,136.899,121.532,255.027,645.203,144.689,615.682,0,75.9572,60.942,1.80232
6872,70.2995,75.0196,148.769,537.032,139.849,611.084,0,46.8873,23.4122,1.49933
6873,95.0991,76.7126,588.358,363.991,630.291,334.119,0,47.9454,47.1538,1.98349
6874,159.701,171.462,311.55,313.847,250.924,184.721,0,107.164,52.5366,1.49025
6875,186.202,184.522,504.253,202.414,647.829,191.51,0,115.326,70.8761,1.61457
6876,322.21,293.207,377.051,557.554,144.686,616.266,0,183.255,138.956,1.75827
6877,51.5998,56.4519,559.397,749.46,612.316,752.106,0,35.2824,16.3174,1.46248
6878,194.203,203.566,420.004,688.272,313.184,818.163,0,127.229,66.9738,1.5264
6879,307.61,196.45,223.976,428.784,67.6781,405.556,0,122.782,184.828,2.50534
6880,338.711,145.664,482.888,164.723,356.138,173.641,0,91.0401,247.671,3.72046
6881,207.003,147.872,278.734,650.794,144.844,615.83,0,92.4199,114.584,2.23981
6882,118.799,147.551,315.977,699.472,312.165,818.17,0,92.2195,26.5792,1.28822
6883,234.405,164.758,536.143,452.133,615.552,539.728,0,102.974,131.431,2.27636
6884,372.614,252.881,286.856,431.433,67.6576,405.456,0,158.051,214.563,2.35756
6885,14.3,16.43,596.744,612.832,613.169,612.769,0,10.2687,4.03128,1.39258
6886,305.609,226.946,467.875,370.831,630.314,334.14,0,141.841,163.768,2.15459
6887,145.9,103.578,516.336,600.2,613.19,612.824,0,64.7361,81.1636,2.25376
6888,222.904,152.631,287.557,625.078,144.764,616.064,0,95.3941,127.51,2.33667
6889,162.401,172.969,524.495,222.278,647.727,191.712,0,108.106,54.2948,1.50224
6890,85.6993,71.8944,417.565,155.32,356.093,173.638,0,44.934,40.7652,1.90722
6891,62.3996,79.1822,327.281,742.089,312.618,817.978,0,49.4889,12.9107,1.26088
6892,91.3992,75.2055,415.531,200.972,355.848,174.289,0,47.0034,44.3958,1.94452
6893,138.299,181.143,542.961,239.351,647.937,197.762,0,113.214,25.0849,1.22157
6894,170.201,171.822,303.326,683.563,312.255,818.174,0,107.389,62.8124,1.58491
6895,158.4,116.022,453.618,161.781,356.249,173.41,0,72.5136,85.8868,2.18442
6896,361.413,212.012,482.292,248.275,355.827,174.234,0,132.507,228.906,2.7275
6897,87.8992,116.064,250.595,709.952,153.666,700.192,0,72.5401,15.3591,1.21173
6898,35.6,38.1169,616.602,135.923,653.515,130.036,0,23.8231,11.7769,1.49435
6899,131.599,175.285,543.827,244.374,647.898,197.8,0,109.553,22.0458,1.20123
6900,27.7001,26.9515,236.233,204.384,249.181,185.102,0,16.8447,10.8554,1.64444
6901,75.4994,57.903,605.341,642.906,613.317,613.055,0,36.1894,39.3101,2.08623
6902,0,0,615.978,614.898,615.978,614.898,0,0,0,0
6903,485.72,109.106,176.545,659.969,174.833,659.049,1,68.191,417.529,7.12294
6904,191.803,191.884,434.212,712.831,313.091,818.089,0,119.928,71.8748,1.59932
6905,406.616,324.654,332.021,477.617,144.742,616.331,0,202.909,203.707,2.00393
6906,347.512,237.572,464.956,426.162,615.665,539.69,0,148.482,199.03,2.34043
6907,162.201,152.197,515.021,693.508,612.367,752.072,0,95.1233,67.0774,1.70516
6908,169.101,147.571,518.668,146.63,653.465,130.05,0,92.2319,76.8693,1.83344
6909,76.5994,71.6328,96.6169,448.163,67.6907,405.463,0,44.7705,31.8289,1.71094
6910,45.6999,51.7684,409.126,129.46,405.852,78.1451,0,32.3553,13.3446,1.41244
6911,185.002,143.543,496.31,343.37,630.325,334.252,0,89.7145,95.2876,2.06212
6912,198.103,183.111,236.607,508.918,139.878,611.071,0,114.445,83.6583,1.73099
6913,381.614,253.311,453.223,415.285,615.523,539.884,0,158.319,223.295,2.41041
6914,185.902,138.003,432.963,257.041,356.189,173.376,0,86.252,99.6501,2.15534
6915,164.001,87.329,568.586,666.286,613.161,612.842,0,54.5807,109.42,3.00474
6916,126.899,96.5368,132.165,529.293,139.851,611.081,0,60.3355,66.5631,2.10322
6917,296.309,252.217,471.833,345.311,630.303,334.126,0,157.636,138.673,1.87971
6918,8.8,8.76752,138.734,602.465,139.895,611.059,0,5.4797,3.32029,1.60593
6919,4.6,4.463,148.201,688.963,149.644,693.185,0,2.78938,1.81062,1.64911
6920,86.9992,97.4666,528.739,758.538,611.101,755.319,0,60.9166,26.0826,1.42817
6921,251.506,180.263,317.933,619.523,144.83,616.043,0,112.665,138.842,2.23235
6922,173.401,118.212,163.944,424.92,67.8426,405.395,0,73.8826,99.5188,2.34698
6923,43.1999,55.5777,307.004,771.758,311.927,818.263,0,34.7361,8.46383,1.24366
6924,121.999,97.8734,191.298,239.439,248.282,184.781,0,61.1709,60.8278,1.99439
6925,367.613,285.378,334.234,511.281,144.838,615.991,0,178.361,189.252,2.06106
6926,157,125.443,540.837,680.026,613.239,612.75,0,78.4018,78.5985,2.00251
6927,170.901,98.1458,218.981,276.054,249.098,185.147,0,61.3411,109.56,2.78608
6928,280.208,183.734,282.263,577.048,144.775,615.932,0,114.834,165.374,2.44012
6929,227.705,188.394,323.13,617.968,144.847,615.845,0,117.746,109.959,1.93386
6930,190.302,155.371,286.765,622.611,144.773,616.06,0,97.1068,93.1956,1.95972
6931,54.7997,62.1827,340.876,196.85,349.878,174.733,0,38.8642,15.9355,1.41003
6932,0,0,611.636,809.35,611.636,809.35,0,0,0,0
6933,485.72,262.862,385.622,515.764,576.928,451.731,1,164.289,321.432,2.95651
6934,187.502,102.299,560.215,676.914,613.211,612.788,0,63.937,123.565,2.93261
6935,304.609,321.507,321.013,482.669,139.933,611.065,0,200.942,103.668,1.51591
6936,37.7,40.9711,613.04,133.499,653.482,130.046,0,25.607,12.093,1.47226
6937,124.799,97.3136,218.941,274.415,248.916,184.992,0,60.821,63.9777,2.0519
6938,157.2,184.105,424.422,711.36,313.535,818.255,0,115.066,42.1348,1.36618
6939,266.407,211.188,368.318,355.441,350.143,174.761,0,131.992,134.415,2.01835
6940,161.701,143.235,509.857,708.648,612.098,752.643,0,89.5219,72.1788,1.80627
6941,350.412,277.675,348.944,544.472,144.845,615.99,0,173.547,176.865,2.01912
6942,216.704,168.821,229.7,384.589,67.6792,404.928,0,105.513,111.191,2.05381
6943,70.9995,96.0318,340.264,726.288,313.061,818.09,0,60.0199,10.9796,1.18293
6944,165.401,135.601,574.287,397.813,630.263,334.114,0,84.7506,80.6503,1.95162
6945,331.711,257.336,331.298,549.064,144.759,615.931,0,160.835,170.876,2.06243
6946,66.0996,38.6909,234.185,220.051,249.175,185.121,0,24.1818,41.9178,2.73344
6947,39,38.6071,610.871,185.917,647.876,191.587,0,24.1294,14.8705,1.61628
6948,133.799,136.15,235.376,770.828,152.82,701.787,0,85.0937,48.7053,1.57237
6949,68.8995,94.9392,340.269,727.222,313.052,818.086,0,59.337,9.5625,1.16116
6950,395.115,296.031,338.376,504.34,144.73,616.28,0,185.019,210.096,2.13553
6951,202.503,178.681,313.971,621.08,144.807,616.087,0,111.675,90.8277,1.81332
6952,219.404,140.739,475.184,153.025,356.104,173.552,0,87.9617,131.443,2.49432
6953,153.2,108.061,261.322,289.229,249.874,185.14,0,67.5382,85.6619,2.26835
6954,43.8999,61.5066,211.323,721.158,153.644,700.182,0,38.4416,5.45826,1.14199
6955,365.013,278.849,311.394,516.785,144.827,615.895,0,174.281,190.732,2.0944
6956,485.72,282.337,436.444,554.196,590.294,616.408,1,176.461,309.26,2.75257
6957,206.303,129.768,195.118,402.623,67.779,405.403,0,81.1051,125.198,2.54366
6958,323.711,247.718,309.381,368.695,251.132,184.592,0,154.824,168.887,2.09083
6959,187.202,188.176,518.36,221.642,647.724,191.824,0,117.61,69.5923,1.59172
6960,280.108,292.109,304.451,503.5,139.606,611.257,0,182.568,97.5399,1.53427
6961,254.306,174.773,490.085,309.166,630.352,333.765,0,109.233,145.073,2.32811
6962,47.0999,50.6231,280.288,792.966,311.688,818.358,0,31.6394,15.4604,1.48865
6963,397.415,289.806,361.388,430.102,349.927,174.801,0,181.129,216.286,2.1941
6964,50.7998,60.2363,338.623,198.029,350.012,174.73,0,37.6477,13.1521,1.34935
6965,203.503,103.836,544.302,651.904,613.194,612.789,0,64.8974,138.606,3.13577
6966,483.52,240.833,476.186,473.069,615.566,539.822,0,150.521,333,3.21232
6967,123.899,96.1534,249.508,771.155,310.772,818.677,0,60.0959,63.8028,2.06168
6968,160.301,116.498,525.745,347.835,630.261,334.051,0,72.8113,87.4893,2.20159
6969,87.2992,82.9602,333.748,237.089,350.15,174.788,0,51.8501,35.4491,1.68368
6970,154.4,118.017,421.682,243.37,356.144,173.438,0,73.7604,80.6398,2.09327
6971,157.1,126.384,453.865,151.746,356.192,173.334,0,78.9902,78.1102,1.98886
6972,217.904,156.411,190.425,349.583,67.6656,404.95,0,97.7571,120.147,2.22904
6973,114.099,93.1498,268.31,274.492,249.195,185.127,0,58.2186,55.8802,1.95983
6974,375.014,246.401,445.669,395.058,630.301,334.077,0,154.001,221.013,2.43514
6975,255.906,211.416,492.668,424.912,630.354,333.764,0,132.135,123.772,1.93671
6976,253.706,116.896,222.84,299.929,249.144,185.09,0,73.06,180.646,3.47257
6977,99.0991,78.1666,601.072,679.983,612.39,751.995,0,48.8541,50.2449,2.02847
6978,210.404,164.995,333.774,301.234,349.778,174.689,0,103.122,107.282,2.04034
6979,31.5001,38.2682,313.121,183.07,349.663,174.697,0,23.9176,7.58246,1.31702
6980,19.4,21.6697,418.259,93.0825,406.755,77.8404,0,13.5436,5.85646,1.43242
6981,144.9,143.203,142.444,469.291,67.6898,405.462,0,89.5017,55.3979,1.61896
6982,294.009,206.718,494.372,452.672,615.452,539.766,0,129.199,164.81,2.27563
6983,227.805,146.186,484.167,193.193,355.769,174.264,0,91.3661,136.439,2.49332
6984,485.72,232.644,415.366,623.168,592.63,616.514,1,145.403,340.318,3.34052
6985,135.399,108.412,246.454,621.471,144.752,615.777,0,67.7578,67.6413,1.99828
6986,28.8001,33.9059,620.479,136.639,653.537,129.953,0,21.1912,7.6089,1.35906
6987,114.099,105.454,559.496,150.144,653.523,129.955,0,65.9088,48.1901,1.73116
6988,180.502,152.806,515.674,693.772,612.415,751.981,0,95.5038,84.9981,1.89
6989,185.402,153.749,521.88,390.42,630.271,333.874,0,96.0932,89.3089,1.9294
6990,13.1,16.2926,259.093,198.792,252.598,183.908,0,10.1829,2.91715,1.28648
6991,173.801,123.586,354.702,261.019,349.904,174.751,0,77.2414,96.56,2.25011
6992,69.0995,84.9857,581.08,246.754,647.864,197.66,0,53.116,15.9835,1.30092
6993,325.511,190.517,273.321,358.027,248.525,184.77,0,119.073,206.438,2.73371
6994,365.613,234.639,460.856,435.326,615.483,539.79,0,146.649,218.964,2.49311
6995,232.205,152.324,240.055,327.945,250.235,184.896,0,95.2027,137.002,2.43906
6996,75.3994,67.5042,560.87,731.377,612.094,752.699,0,42.1901,33.2093,1.78713
6997,99.799,96.4845,240.021,632.564,144.72,615.594,0,60.3028,39.4962,1.65496
6998,209.404,124.611,214.339,302.691,249.11,185.142,0,77.8818,131.522,2.68874
6999,138.499,150.771,344.763,676.916,312.948,818.072,0,94.2322,44.2671,1.46977
7000,78.8994,92.5701,550.59,496.877,615.556,540.266,0,57.8563,21.043,1.36371
7001,44.9999,37.428,103.38,399.425,67.6612,404.849,0,23.3925,21.6074,1.92369
7002,49.2998,43.0266,602.774,580.58,613.25,612.43,0,26.8917,22.4082,1.83328
7003,188.402,104.629,228.452,286.405,249.251,185.091,0,65.393,123.009,2.88108
7004,224.805,194.041,480.749,393.479,630.269,334.246,0,121.276,103.529,1.85367
7005,485.72,254.257,479.457,492.258,598.865,511.227,1,158.91,326.81,3.05657
7006,267.307,159.043,193.866,324.504,249.464,185.207,0,99.4021,167.905,2.68915
7007,316.91,176.344,237.895,345.943,248.504,184.793,0,110.215,206.695,2.87539
7008,247.106,276.87,380.225,586.042,312.646,818.028,0,173.044,74.0622,1.428
7009,72.5995,70.1891,165.909,558.968,139.911,611.101,0,43.8682,28.7313,1.65495
7010,24.1001,26.8964,327.746,188.352,350.111,174.813,0,16.8103,7.28979,1.43365
7011,320.01,248.012,318.435,543.459,144.703,615.695,0,155.007,165.003,2.06449
7012,54.3997,63.481,118.91,565.699,139.859,611.07,0,39.6756,14.7241,1.37111
7013,81.5993,76.6838,577.566,126.986,653.479,129.845,0,47.9274,33.672,1.70256
7014,485.72,108.51,446.815,346.882,443.693,331.745,1,67.8185,417.902,7.16207
7015,23.9001,27.8789,574.896,835.174,602.474,833.266,0,17.4243,6.47574,1.37165
7016,52.2998,47.7948,580.022,780.031,611.219,755.481,0,29.8717,22.4281,1.75081
7017,394.915,329.356,326.813,462.892,67.659,404.951,0,205.847,189.067,1.91848
7018,62.3996,70.8708,187.132,583.56,144.745,615.86,0,44.2943,18.1054,1.40875
7019,255.106,204.36,492.813,415.522,630.273,334.046,0,127.725,127.382,1.99731
7020,177.102,119.477,249.342,611.844,144.824,616.017,0,74.6731,102.428,2.37169
7021,74.8994,41.5564,257.952,225.041,249.569,185.248,0,25.9728,48.9267,2.88377
7022,3.6,2.83959,253.139,173.792,251.939,176.366,0,1.77475,1.82525,2.02846
7023,244.206,202.747,494.1,412.072,630.401,334.44,0,126.717,117.489,1.92718
7024,29.7001,22.7616,594.948,602.091,613.31,612.529,0,14.226,15.4741,2.08774
7025,225.005,179.295,225.698,498.28,140.037,611.11,0,112.059,112.945,2.00791
7026,273.307,159.182,210.537,319.44,249.08,185.094,0,99.489,173.819,2.74711
7027,28.1001,29.2353,409.842,106.888,405.878,78.1441,0,18.2721,9.828,1.53787
7028,303.809,177.869,268.499,343.542,250.507,184.805,0,111.168,192.641,2.73288
7029,265.907,326.019,397.662,549.385,312.378,818.084,0,203.762,62.1454,1.30499
7030,170.201,174.797,513.858,200.773,648.169,190.963,0,109.248,60.9532,1.55793
7031,87.3992,87.422,227.45,268.265,248.689,184.903,0,54.6387,32.7605,1.59958
7032,124.899,152.604,393.917,706.692,313.363,818.156,0,95.3773,29.5214,1.30952
7033,485.72,261.138,479.45,492.671,602.334,533.038,1,163.211,322.509,2.97602
7034,55.2997,71.0206,549.179,809.111,602.385,833.253,0,44.3879,10.9119,1.24583
7035,109.099,136.51,533.448,189.551,647.793,191.663,0,85.3186,23.7803,1.27872
7036,196.003,143.635,321.464,280.479,350.106,174.807,0,89.7716,106.231,2.18335
7037,476.02,338.002,378.906,455.931,349.549,174.645,0,211.251,264.769,2.25334
7038,479.62,260.6,456.021,477.332,615.664,539.668,0,162.875,316.745,2.94471
7039,194.003,103.794,209.187,263.633,248.945,184.984,0,64.8713,129.131,2.99058
7040,26.0001,26.1102,277.427,191.9,253.214,183.432,0,16.3189,9.6812,1.59325
7041,200.103,183.841,220.755,490.663,139.72,611.119,0,114.901,85.2021,1.74153
7042,40.2,30.4889,97.3801,400.843,67.7796,404.991,0,19.0556,21.1444,2.10962
7043,391.715,203.945,477.75,537.216,613.2,612.8,0,127.466,264.249,3.0731
7044,214.604,131.034,281.916,295.726,249.801,185.105,0,81.8965,132.707,2.62043
7045,277.808,141.514,487.699,588.348,613.286,612.817,0,88.446,189.362,3.14099
7046,177.602,127.898,277.253,299.757,249.831,185.102,0,79.9364,97.6652,2.22179
7047,334.911,133.47,488.72,606.303,613.254,612.763,0,83.419,251.492,4.01481
7048,238.605,169.522,495.715,313.553,630.394,333.698,0,105.951,132.654,2.25204
7049,113.299,93.303,164.882,535.69,139.942,611.079,0,58.3143,54.9845,1.9429
7050,0,0,650.016,190.39,650.016,190.39,0,0,0,0
7051,8.8,9.31244,252.956,193.796,250.006,184.963,0,5.82027,2.97973,1.51196
7052,138.699,99.1488,129.972,529.042,139.894,611.089,0,61.968,76.7313,2.23824
7053,5.3,4.18514,602.289,810.898,606.31,812.059,0,2.61571,2.68428,2.02622
7054,4.2,3.61731,607.72,756.635,611.16,755.518,0,2.26082,1.93918,1.85773
7055,181.402,169.659,323.835,318.754,250.981,184.607,0,106.037,75.3651,1.71074
7056,25.9001,27.2938,601.62,727.671,612.291,752.148,0,17.0586,8.84142,1.5183
7057,234.805,170.197,234.78,394.996,67.6939,404.818,0,106.373,128.432,2.20738
7058,269.307,149.982,480.126,153.315,356.056,173.638,0,93.7388,175.568,2.87295
7059,425.017,204.88,478.245,536.323,613.223,612.759,0,128.05,296.967,3.31915
7060,134.599,158.989,285.028,690.011,149.452,693.383,0,99.368,35.2311,1.35455
7061,130.199,105.417,247.984,630.83,144.69,615.692,0,65.8853,64.3134,1.97614
7062,354.012,253.06,309.89,356.024,249.725,185.168,0,158.162,195.85,2.23828
7063,247.506,200.745,480.656,391.988,630.261,334.19,0,125.465,122.04,1.9727
7064,205.103,130.168,195.001,395.086,67.8404,405.218,0,81.355,123.748,2.52109
7065,115.999,127.653,352.494,698.074,312.703,817.988,0,79.7829,36.216,1.45393
7066,308.61,205.282,373.629,343.087,349.866,174.649,0,128.301,180.308,2.40535
7067,330.811,241.776,445.735,388.108,630.364,334.153,0,151.11,179.701,2.18921
7068,339.111,198.136,304.309,348.432,250.019,185.008,0,123.835,215.277,2.73842
7069,226.105,178.932,307.518,653.456,144.784,616.096,0,111.832,114.272,2.02182
7070,62.4996,62.367,604.629,155.067,653.543,130.02,0,38.9794,23.5203,1.6034
7071,62.8996,63.5714,601.418,367.782,630.291,334.134,0,39.7321,23.1675,1.58309
7072,84.5993,85.112,224.805,633.147,144.727,615.755,0,53.195,31.4043,1.59036
7073,391.615,240.667,444.853,391.078,630.371,334.111,0,150.417,241.198,2.60353
7074,265.507,265.331,296.119,526.298,139.868,611.114,0,165.832,99.675,1.60106
7075,0,0,635.85,334.567,635.85,334.567,0,0,0,0
7076,23.6001,25.5031,380.621,178.922,356.125,173.466,0,15.9395,7.66059,1.48061
7077,181.402,147.318,369.684,267.283,350.151,174.759,0,92.0736,89.3283,1.97018
7078,371.813,220.227,460.342,334.037,355.843,174.253,0,137.642,234.171,2.70131
7079,160.801,138.058,529.495,146.088,653.52,129.954,0,86.2865,74.5141,1.86357
7080,46.2999,28.1718,95.5744,403.201,67.784,405.053,0,17.6074,28.6925,2.62957
7081,418.316,237.671,494.419,484.752,615.587,539.74,0,148.545,269.772,2.8161
7082,108.099,140.923,561.565,283.518,647.901,197.687,0,88.0769,20.022,1.22732
7083,123.799,136.695,314.99,281.3,250.635,184.827,0,85.4343,38.3644,1.44905
7084,42.7999,48.3721,402.114,166.029,355.747,174.195,0,30.2326,12.5674,1.41569
7085,438.818,328.425,378.425,455.456,349.919,174.696,0,205.266,233.552,2.1378
7086,168.601,128.716,512.348,338.256,630.412,333.767,0,80.4472,88.1538,2.0958
7087,174.701,172.36,360.211,664.596,312.254,818.173,0,107.725,66.9764,1.62173
7088,48.5998,56.8659,413.317,133.898,405.869,78.167,0,35.5412,13.0586,1.36742
7089,75.4994,78.403,269.894,259.306,250.135,185,0,49.0019,26.4975,1.54075
7090,56.6997,76.0463,211.631,694.526,152.782,701.824,0,47.5289,9.1708,1.19295
7091,458.519,161.188,496.041,629.873,613.157,612.756,0,100.742,357.776,4.5514
7092,35.2,47.6492,618.442,254.282,635.89,282.461,0,29.7807,5.4193,1.18197
7093,20.4,23.914,591.368,743.113,612.312,752.396,0,14.9462,5.45379,1.36489
7094,124.699,140.724,582.438,423.498,615.541,540.045,0,87.9525,36.7462,1.4178
7095,32.1001,39.7827,598.995,511.939,615.592,539.636,0,24.8642,7.23587,1.29102
7096,347.812,219.656,467.609,371.952,630.374,334.061,0,137.285,210.527,2.5335
7097,151.5,113.276,524.469,336.895,630.308,334.06,0,70.7976,80.7024,2.1399
7098,450.018,254.11,465.772,500.958,613.218,612.765,0,158.819,291.199,2.83353
7099,327.811,200.878,268.315,358.623,249.611,185.233,0,125.549,202.262,2.61102
7100,252.506,231.335,324.676,373.88,251.094,184.618,0,144.584,107.922,1.74643
7101,263.407,170.057,532.631,536.373,613.245,612.832,0,106.286,157.121,2.47829
7102,382.214,276.332,258.112,470.605,67.6883,405.506,0,172.708,209.506,2.21307
7103,60.5996,45.5385,589.98,641.728,613.27,612.385,0,28.4615,32.1381,2.12918
7104,165.201,123.251,347.534,274.68,349.869,174.774,0,77.0321,88.1688,2.14457
7105,8.7,9.69694,621.109,337.106,630.455,334.52,0,6.06059,2.63941,1.4355
7106,32.6001,39.9461,300.362,791.945,312.11,818.232,0,24.9663,7.63378,1.30576
7107,194.103,238.09,347.086,376.082,251.438,184.474,0,148.806,45.2967,1.3044
7108,195.603,157.31,499.543,354.411,630.326,334.072,0,98.319,97.2838,1.98947
7109,313.91,209.043,367.384,353.249,349.936,174.82,0,130.652,183.258,2.40264
7110,218.704,145.292,198.826,314.557,249.261,185.216,0,90.8077,127.896,2.40843
7111,37.4,46.1297,607.57,302.189,630.278,334.105,0,28.831,8.56897,1.29721
7112,258.507,142.085,283.449,312.052,249.752,185.126,0,88.8032,169.703,2.91101
7113,194.803,137.389,320.105,258.054,350.061,174.767,0,85.8683,108.934,2.26862
7114,330.711,205.696,423.881,314.725,356.084,173.637,0,128.56,202.151,2.57242
7115,220.904,120.335,230.804,300.179,249.104,185.135,0,75.2093,145.695,2.93719
7116,48.3998,54.7216,557.233,759.063,611.178,754.946,0,34.201,14.1988,1.41516
7117,83.9993,111.235,583.876,269.736,648.039,197.969,0,69.5221,14.4772,1.20824
7118,59.9997,82.6537,335.596,738.535,312.862,818.001,0,51.6586,8.34109,1.16147
7119,122.699,108.142,426.367,227.851,356.077,173.499,0,67.5885,55.1102,1.81538
7120,62.0996,72.134,559.417,342.676,630.365,334.068,0,45.0837,17.0159,1.37743
7121,485.72,159.43,490.095,636.251,611.6,612.831,1,99.6441,386.076,4.87456
7122,165.201,175.057,513.46,201.792,647.777,191.843,0,109.41,55.7904,1.50992
7123,38.9,46.7308,278.627,796.755,311.75,818.34,0,29.2067,9.69324,1.33188
7124,94.4991,88.1723,272.677,768.939,310.734,818.757,0,55.1077,39.3915,1.71481
7125,266.607,159.555,470.678,612.53,613.166,612.789,0,99.7219,166.885,2.67351
7126,222.104,194.096,443.402,310.769,356.055,173.564,0,121.31,100.794,1.83088
7127,201.703,158.338,334.395,297.22,349.76,174.677,0,98.9612,102.742,2.0382
7128,24.9001,26.8562,382.568,174.222,355.842,174.183,0,16.7851,8.11493,1.48346
7129,59.0997,51.3648,301.165,184.821,253.338,183.055,0,32.103,26.9967,1.84094
7130,148.6,131.709,513.654,718.332,612.138,752.657,0,82.3182,66.2816,1.80519
7131,392.115,299.208,268.133,462.202,67.7152,405.475,0,187.005,205.11,2.09682
7132,11.6,11.0182,640.649,206.193,648.154,198.098,0,6.88639,4.71362,1.68448
7133,33.2001,36.1674,391.42,179.613,356.06,173.589,0,22.6046,10.5954,1.46873
7134,83.7993,87.5498,580.881,291.004,630.286,334.08,0,54.7186,29.0807,1.53146
7135,268.307,142.768,289.84,309.22,250.961,184.646,0,89.2297,179.077,3.00693
7136,485.72,265.287,419.88,437.532,605.09,539.727,1,165.805,319.916,2.92947
7137,172.601,215.6,504.117,262.959,647.914,197.658,0,134.75,37.8515,1.2809
7138,23.6001,26.5158,140.466,646.944,139.876,620.84,0,16.5724,7.0277,1.42406
7139,183.102,122.763,187.742,391.438,67.7124,404.893,0,76.7267,106.375,2.38642
7140,54.0997,61.2354,268.997,242.721,249.885,185.087,0,38.2721,15.8276,1.41356
7141,485.72,286.118,419.955,490.405,602.977,531.988,1,178.824,306.897,2.7162
7142,145.1,150.057,558.759,417.535,615.486,539.897,0,93.7853,51.3143,1.54715
7143,223.504,131.758,281.832,290.944,250.271,184.899,0,82.3485,141.156,2.71413
7144,2.8,1.99891,649.648,200.843,650.332,198.965,0,1.24932,1.55068,2.24122
7145,201.803,169.645,304.721,644.371,144.826,615.841,0,106.028,95.7751,1.9033
7146,35.8,41.137,412.984,117.938,405.854,78.1647,0,25.7106,10.0894,1.39242
7147,40.8999,48.8833,605.209,299.377,630.401,334.415,0,30.5521,10.3479,1.3387
7148,365.913,241.295,464.691,349.303,355.83,174.249,0,150.809,215.104,2.42633
7149,0,0,147.692,698.485,147.732,698.527,0,0,0,0
7150,369.813,190.272,453.205,639.374,613.261,612.827,0,118.92,250.893,3.10976
7151,71.4995,72.6817,198.18,637.821,144.811,615.833,0,45.426,26.0734,1.57398
7152,191.402,104.524,227.588,285.587,249.656,185.239,0,65.3274,126.075,2.92989
7153,485.72,238.147,402.84,609.081,590.995,613.654,1,148.842,336.878,3.26333
7154,182.502,121.426,126.164,509.554,139.874,611.089,0,75.8911,106.611,2.40479
7155,154.4,131.445,514.439,719.31,612.121,752.741,0,82.1531,72.2472,1.87942
7156,189.102,195.378,328.498,343.834,251.41,184.5,0,122.111,66.9911,1.54861
7157,210.804,160.229,173.247,334.438,67.7538,405.081,0,100.143,110.66,2.10502
7158,110.799,98.7451,555.861,123.396,653.517,130.017,0,61.7157,49.0832,1.79531
7159,71.0995,67.8558,160.587,559.239,139.878,611.113,0,42.4099,28.6896,1.67648
7160,14.5,14.4894,404.99,92.4819,405.871,78.2151,0,9.05589,5.44413,1.60117
7161,174.101,118.457,152.524,496.657,139.863,611.071,0,74.0359,100.066,2.35158
7162,252.006,263.305,259.802,540.56,140.197,611.172,0,164.566,87.4405,1.53134
7163,185.902,151.054,504.277,118.753,653.498,130.047,0,94.4087,91.4935,1.96912
7164,0,0,644.263,284.563,644.263,284.563,0,0,0,0
7165,283.708,176.015,449.612,277.734,355.779,174.222,0,110.01,173.699,2.57894
7166,231.505,258.693,384.024,602.114,312.379,818.062,0,161.683,69.8218,1.43184
7167,485.72,232.558,484.507,484.305,605.211,538.844,1,145.349,340.372,3.34176
7168,112.499,66.0741,300.02,762.289,310.922,818.742,0,41.2963,71.2026,2.72419
7169,485.72,65.021,534.051,279.371,533.365,279.437,1,40.6381,445.082,11.9523
7170,92.9992,70.9959,599.218,685.535,612.354,751.989,0,44.3724,48.6267,2.09588
7171,65.8996,52.1464,99.0089,433.291,67.8448,405.156,0,32.5915,33.3081,2.02199
7172,7.99999,7.79714,639.024,195.802,646.609,194.378,0,4.87321,3.12678,1.64163
7173,34.9,36.8715,408.577,114.723,405.947,78.2297,0,23.0447,11.8554,1.51445
7174,187.302,192.775,387.815,668.839,312.279,818.066,0,120.484,66.8178,1.55458
7175,15,18.4431,85.6294,400.363,67.8065,405.099,0,11.527,3.47306,1.3013
7176,0,0,62.2831,402.306,62.2831,402.306,0,0,0,0
7177,27.1001,35.0258,316.477,183.7,349.917,174.832,0,21.8911,5.20897,1.23795
7178,131.799,140.992,367.565,255.681,349.949,174.759,0,88.1198,43.6791,1.49568
7179,189.502,139.05,267.117,615.996,144.784,615.881,0,86.9063,102.596,2.18054
7180,153.9,172.13,540.796,234.664,648.118,190.955,0,107.581,46.3191,1.43055
7181,297.609,176.918,216.566,331.333,250.272,184.939,0,110.574,187.035,2.6915
7182,187.302,185.26,230.481,540.423,139.917,611.127,0,115.788,71.5147,1.61764
7183,262.907,214.322,423.58,321.133,355.747,174.218,0,133.951,128.956,1.96271
7184,485.72,95.2174,234.53,771.902,224.258,739.848,1,59.5109,426.21,8.16188
7185,145.5,179.561,296.752,710.11,149.461,693.251,0,112.226,33.2738,1.29649
7186,105.999,92.4158,534.232,600.16,613.25,612.759,0,57.7599,48.2391,1.83517
7187,156,144.163,511.47,119.961,653.546,129.952,0,90.1022,65.8982,1.73137
7188,42.8999,42.1873,576.216,771.598,611.124,755.223,0,26.3671,16.5329,1.62703
7189,311.91,280.963,370.539,562.751,144.739,615.863,0,175.602,136.308,1.77624
7190,485.72,264.644,373.552,500.715,574.486,450.298,1,165.403,320.318,2.93659
7191,424.217,204.576,545.052,509.295,613.216,612.775,0,127.86,296.356,3.31781
7192,30.6001,31.1095,597.523,726.179,612.12,752.572,0,19.4434,11.1566,1.5738
7193,56.7997,57.8492,596.56,697.183,612.298,752.115,0,36.1557,20.644,1.57097
7194,360.513,234.108,464.824,255.831,356.136,173.635,0,146.317,214.195,2.46391
7195,73.3995,101.652,571.157,237.188,647.917,197.779,0,63.5328,9.86664,1.1553
7196,127.399,115.295,246.912,643.594,144.837,616.09,0,72.0593,55.3394,1.76797
7197,49.3998,47.4463,556.149,830.222,602.426,833.31,0,29.6539,19.7459,1.66588
7198,63.5996,77.0075,213.904,678.906,149.434,693.307,0,48.1297,15.4699,1.32142
7199,170.101,120.141,179.729,255.399,248.559,184.851,0,75.088,95.0132,2.26536
7200,446.118,254.704,467.179,500.396,613.253,612.769,0,159.19,286.928,2.80243
7201,220.904,119.416,497.145,602.825,613.194,612.81,0,74.635,146.269,2.9598
7202,299.109,205.651,252.384,377.082,67.7856,404.958,0,128.532,170.577,2.32712
7203,289.508,205.538,457.831,298.66,356.007,173.647,0,128.461,161.047,2.25366
7204,297.309,155.124,465.195,600.442,613.18,612.769,0,96.9522,200.357,3.06655
7205,237.505,135.668,489.207,610.526,613.15,612.754,0,84.7926,152.713,2.80101
7206,36.3,37.458,616.556,132.905,653.487,129.963,0,23.4113,12.8887,1.55054
7207,262.707,175.479,208.004,352.468,67.7,404.9,0,109.674,153.033,2.39534
7208,58.7997,45.6471,259.63,228.146,249.907,185.086,0,28.5294,30.2703,2.06102
7209,215.804,215.839,352.138,621.29,312.949,818.024,0,134.9,80.9043,1.59974
7210,81.5993,83.155,333.282,237.133,349.875,174.667,0,51.9719,29.6274,1.57007
7211,282.808,127.829,195.042,263.122,248.681,184.914,0,79.8934,202.915,3.53982
7212,106.999,92.3377,310.371,741.244,311.52,818.421,0,57.7111,49.2879,1.85405
7213,485.72,165.111,447.168,399.907,527.758,376.572,1,103.194,382.526,4.70685
7214,324.111,217.107,386.606,337.417,350.035,174.773,0,135.692,188.419,2.38858
7215,314.21,175.501,267.495,342.513,250.67,184.776,0,109.688,204.522,2.86457
7216,360.513,252.682,237.871,471.183,67.8124,405.378,0,157.926,202.587,2.2828
7217,48.5998,39.4979,292.146,183.894,253.321,183.111,0,24.6862,23.9137,1.96871
7218,41.2999,37.4319,576.296,817.093,602.433,833.339,0,23.3949,17.905,1.76534
7219,146.2,173.098,409.559,701.714,313.424,818.18,0,108.187,38.0132,1.35137
7220,36.5,38.7569,610.371,184.877,647.929,191.402,0,24.2231,12.277,1.50683
7221,168.401,147.092,508.174,120.723,653.489,129.998,0,91.9325,76.4686,1.83179
7222,341.712,218.882,489.538,273.125,356.008,173.628,0,136.801,204.911,2.49787
7223,189.402,209.539,419.929,692.856,313.361,818.177,0,130.962,58.4403,1.44624
7224,21.9,25.8281,159.229,602.937,144.67,616.373,0,16.1426,5.75748,1.35666
7225,290.909,317.595,315.484,489.024,139.994,611.064,0,198.497,92.4117,1.46556
7226,58.5997,38.8474,590.915,636.197,613.216,612.757,0,24.2796,34.3201,2.41353
7227,31.9001,29.8186,585.05,604.465,613.322,612.497,0,18.6366,13.2635,1.71169
7228,77.7994,107.828,351.961,719.66,313.1,818.117,0,67.3925,10.4069,1.15442
7229,192.003,165.43,502.382,136.639,653.454,129.795,0,103.394,88.6088,1.857
7230,25.6001,21.5053,594.563,603.825,613.159,612.805,0,13.4408,12.1592,1.90465
7231,292.309,177.387,296.267,333.079,251.151,184.535,0,110.867,181.442,2.63657
7232,130.199,142.302,545.623,460.044,615.5,539.836,0,88.9388,41.2599,1.46391
7233,180.002,106.895,219.665,284.031,248.687,184.915,0,66.8092,113.193,2.69426
7234,142.499,106.987,426.835,227.867,356.246,173.412,0,66.8669,75.6326,2.13109
7235,261.707,303.853,339.89,430.607,251.531,184.434,0,189.908,71.7989,1.37807
7236,29.5001,30.3592,386.076,175.143,355.964,173.696,0,18.9745,10.5256,1.55472
7237,52.4998,67.527,552.437,812.237,602.444,833.251,0,42.2043,10.2954,1.24394
7238,136.499,126.884,204.685,534.22,139.896,611.055,0,79.3027,57.1965,1.72124
7239,247.206,248.573,277.196,527.963,144.716,615.67,0,155.358,91.848,1.5912
7240,328.611,224.546,482.416,462.536,615.484,539.814,0,140.341,188.27,2.34152
7241,110.499,145.379,272.192,675.673,149.542,693.178,0,90.8618,19.6371,1.21612
7242,93.9991,80.4282,540.464,607.975,613.151,612.842,0,50.2676,43.7315,1.86997
7243,54.7997,36.2156,284.09,201.342,252.624,184.018,0,22.6348,32.165,2.42104
7244,295.409,173.492,233.679,344.53,249.495,185.228,0,108.433,186.976,2.72435
7245,485.72,258.482,484.686,488.226,604.003,533.923,1,161.551,324.169,3.00661
7246,300.309,242.969,483.205,348.645,630.315,334.113,0,151.855,148.454,1.9776
7247,422.417,258.547,459.451,469.045,615.557,539.628,0,161.592,260.824,2.61409
7248,283.108,171.518,463.506,575.779,613.256,612.78,0,107.199,175.909,2.64096
7249,63.7996,73.5303,542.019,761.591,611.081,755.277,0,45.9565,17.8431,1.38826
7250,121.799,148.583,274.576,673.842,149.447,693.36,0,92.8645,28.9342,1.31157
7251,181.702,139.626,553.367,549,613.231,612.778,0,87.266,94.4359,2.08216
7252,96.9991,91.9783,117.131,455.651,67.7288,404.916,0,57.4864,39.5127,1.68734
7253,485.72,263.234,417.773,511.214,590.807,483.035,1,164.521,321.199,2.95233
7254,485.72,134.123,188.275,656.523,174.131,659.811,1,83.8269,401.894,5.79433
7255,149.9,146.314,571.233,413.816,615.586,539.795,0,91.4462,58.4537,1.63921
7256,303.609,201.688,497.652,452,615.607,539.705,0,126.055,177.554,2.40855
7257,62.2996,76.7215,588.483,476.688,615.773,540.55,0,47.951,14.3487,1.29924
7258,342.312,238.036,267.517,410.433,67.7028,405.509,0,148.772,193.539,2.30091
7259,462.319,251.083,453.445,462.327,615.574,539.658,0,156.927,305.392,2.94608
7260,485.72,287.735,398.446,509.468,593.484,496.823,1,179.834,305.886,2.70093
7261,169.101,119.679,252.126,287.268,249.312,185.227,0,74.7996,94.3016,2.26072
7262,124.299,103.27,348.888,240.433,350.005,174.841,0,64.5435,59.7552,1.92581
7263,165.701,168.848,338.653,659.615,312.86,818.02,0,105.53,60.1708,1.57018
7264,16.4,17.0097,156.917,610.586,144.719,615.755,0,10.6311,5.76895,1.54265
7265,100.499,73.9024,601.794,684.371,612.425,751.928,0,46.189,54.3101,2.17582
7266,50.0998,64.1566,268.839,246.121,250.232,184.879,0,40.0979,10.0019,1.24944
7267,260.207,309.406,387.497,569.396,312.092,818.159,0,193.379,66.8277,1.34558
7268,386.714,285.18,359.031,552.971,144.767,615.915,0,178.238,208.477,2.16966
7269,146.6,108.186,166.054,383.75,67.6841,404.935,0,67.6163,78.9834,2.16811
7270,11.5,11.0393,600.151,803.456,606.81,810.818,0,6.89958,4.60043,1.66677
7271,219.104,160.007,207.173,360.743,67.7186,404.901,0,100.004,119.1,2.19095
7272,95.3991,98.7896,276.85,278.38,250.381,184.871,0,61.7435,33.6556,1.54509
7273,132.599,116.867,280.182,739.359,311.843,818.281,0,73.0421,59.5568,1.81538
7274,144.7,97.0446,608.352,708.613,612.299,752.133,0,60.6529,84.0468,2.3857
7275,325.111,232.377,481.224,368.314,630.261,334.065,0,145.235,179.875,2.23851
7276,83.1993,107.479,243.495,684.721,149.396,693.279,0,67.1743,16.025,1.23856
7277,183.102,132.82,482.548,181.626,355.705,174.299,0,83.0122,100.09,2.20572
7278,485.72,274.377,419.042,509.768,597.052,501.612,1,171.485,314.235,2.83243
7279,311.21,157.985,507.182,680.777,613.188,612.782,0,98.7409,212.469,3.15178
7280,252.206,307.454,390.986,566.722,313.267,818.167,0,192.159,60.0473,1.31249
7281,56.5997,56.9411,611.743,159.629,648.147,191.011,0,35.5882,21.0115,1.59041
7282,131.399,106.489,163.833,513.156,139.936,611.084,0,66.5553,64.8435,1.97428
7283,24.4001,27.854,316.277,790.646,312.801,818.014,0,17.4088,6.99128,1.4016
7284,319.71,222.89,389.551,339.839,349.74,174.657,0,139.306,180.404,2.29502
7285,61.0996,70.7919,589.528,482.433,615.453,539.763,0,44.245,16.8547,1.38094
7286,166.601,109.752,549.346,576.974,613.269,612.773,0,68.595,98.006,2.42876
7287,408.816,326.183,325.33,460.81,67.8035,405.019,0,203.864,204.951,2.00533
7288,147.8,114.766,226.306,754.478,152.804,701.763,0,71.7288,76.0711,2.06054
7289,214.804,157.412,613.598,425.553,615.558,539.755,0,98.3822,116.422,2.18336
7290,485.72,192.969,427.36,633.143,594.826,615.477,1,120.606,365.115,4.02734
7291,253.606,177.657,342.371,316.02,349.941,174.764,0,111.036,142.57,2.284
7292,109.699,90.4282,381.733,203.901,355.785,174.329,0,56.5177,53.1812,1.94097
7293,305.709,212.086,390.037,326.887,349.529,174.553,0,132.554,173.156,2.3063
7294,24.9001,30.1376,623.387,213.893,648.19,198.073,0,18.836,6.06409,1.32194
7295,185.402,132.164,297.076,293.977,250.663,184.787,0,82.6028,102.799,2.2445
7296,186.602,144.506,327.345,268.996,349.944,174.817,0,90.3162,96.2859,2.0661
7297,240.005,152.525,217.386,405.538,67.709,405.543,0,95.328,144.677,2.51768
7298,275.608,279.594,289.764,495.983,139.866,611.102,0,174.746,100.862,1.57719
7299,18.7,21.4332,413.914,98.0017,406.082,78.235,0,13.3958,5.30428,1.39597
7300,390.815,361.795,359.773,490.611,144.81,616.177,0,226.122,164.693,1.72833
7301,328.011,269.946,346.511,550.51,144.84,616.146,0,168.716,159.295,1.94416
7302,88.8992,75.0422,422.647,153.736,356.119,173.582,0,46.9014,41.9979,1.89545
7303,252.906,208.295,471.567,399.315,630.374,334.478,0,130.185,122.722,1.94268
7304,351.912,270.072,436.059,367.534,355.981,173.625,0,168.795,183.117,2.08485
7305,74.8994,71.1772,418.042,150.64,355.972,173.641,0,44.4857,30.4137,1.68367
7306,120.399,89.3677,307.057,738.397,311.295,818.506,0,55.8548,64.5439,2.15557
7307,137.999,152.588,537.257,216.085,647.586,191.935,0,95.3672,42.632,1.44703
7308,326.411,229.739,499.03,476.711,615.526,539.808,0,143.587,182.824,2.27326
7309,47.7998,52.9744,408.912,130.615,405.945,78.2088,0,33.109,14.6909,1.44371
7310,189.202,146.176,368.448,268.707,349.799,174.681,0,91.3603,97.842,2.07095
7311,364.213,213.103,476.125,267.548,356.094,173.637,0,133.19,231.023,2.73454
7312,481.72,254.888,450.438,411.804,615.573,539.69,0,159.305,322.415,3.02389
7313,101.499,123.216,365.558,713.587,313.551,818.275,0,77.0101,24.4889,1.318
7314,17.1,16.3945,83.8136,406.716,67.8126,405.286,0,10.2466,6.85346,1.66885
7315,188.502,121.647,188.393,401.554,67.6554,405.495,0,76.0293,112.473,2.47934
7316,284.608,137.474,526.298,648.555,613.169,612.84,0,85.9212,198.687,3.31243
7317,150.5,157.879,360.272,676.319,312.94,817.999,0,98.6742,51.8257,1.52522
7318,119.199,75.4562,603.574,684.056,612.42,752.059,0,47.1601,72.0387,2.52753
7319,5,4.77097,608.54,612.61,613.282,612.778,0,2.98185,2.01814,1.67681
7320,108.999,139.684,558.037,276.933,648.219,197.977,0,87.3023,21.6966,1.24852
7321,22.3,19.8158,261.852,200.952,252.499,184.014,0,12.3849,9.91518,1.80059
7322,485.72,246.556,451.697,480.983,603.105,535.365,1,154.098,331.623,3.15203
7323,17.1,16.4725,614.293,332.183,630.347,334.307,0,10.2953,6.80475,1.66096
7324,344.212,215.86,250.481,405.516,67.7911,404.993,0,134.912,209.3,2.55138
7325,330.611,240.695,460.832,430.127,615.55,540.015,0,150.434,180.177,2.19771
7326,41.1999,43.5235,407.014,121.2,405.855,78.1374,0,27.2022,13.9978,1.51458
7327,62.0996,68.032,329.298,222.622,349.857,174.726,0,42.52,19.5796,1.46048
7328,399.515,248.81,483.06,357.429,630.272,334.09,0,155.506,244.009,2.56912
7329,92.9992,93.8106,313.706,237.212,350.12,174.798,0,58.6316,34.3675,1.58616
7330,287.008,183.784,205.111,341.658,67.6566,404.929,0,114.865,172.143,2.49866
7331,81.8993,43.4598,253.753,227.833,249.213,185.096,0,27.1624,54.737,3.01518
7332,144.4,160.693,285.847,690.416,149.615,693.245,0,100.433,43.9663,1.43777
7333,145.8,133.904,225.828,591.307,144.829,616.1,0,83.6899,62.1098,1.74214
7334,270.207,198.305,404.604,307.846,355.941,173.658,0,123.94,146.267,2.18014
7335,128.799,150.126,312.868,695.65,312.166,818.178,0,93.8286,34.97,1.3727
7336,250.506,197.197,473.091,304.702,630.312,333.952,0,123.248,127.258,2.03254
7337,306.71,215.116,348.893,352.057,349.935,174.761,0,134.448,172.262,2.28125
7338,21.5,23.7498,587.579,754.866,611.15,755.218,0,14.8436,6.65644,1.44844
7339,277.108,289.554,277.281,488.647,140.05,611.139,0,180.971,96.1366,1.53123
7340,46.7999,51.0889,561.46,759.852,611.216,754.885,0,31.9306,14.8693,1.46567
7341,23.6001,21.9715,248.65,207.085,249.721,185.225,0,13.7322,9.86784,1.71859
7342,352.712,185.725,532.409,523.82,613.259,612.825,0,116.078,236.634,3.03857
7343,167.001,146.804,518.256,136.053,653.517,129.95,0,91.7527,75.2483,1.82012
7344,388.414,242.812,261.055,441.015,67.6966,404.867,0,151.758,236.657,2.55944
7345,423.717,243.888,458.998,461.89,615.633,539.667,0,152.43,271.287,2.77975
7346,91.7992,82.6628,576.698,141.647,653.549,130.044,0,51.6642,40.135,1.77684
7347,127.899,118.179,560.127,384.855,630.398,334.384,0,73.8618,54.0368,1.73159
7348,61.2996,43.5634,283.017,210.86,252.442,184.028,0,27.2271,34.0725,2.25142
7349,9.8,11.7667,155.697,620.112,144.365,616.942,0,7.35419,2.44582,1.33257
7350,305.409,171.855,189.595,320.394,248.711,184.902,0,107.41,198,2.84341
7351,231.105,260.571,392.754,633.686,313.14,818.141,0,162.857,68.2483,1.41907
7352,213.404,145.323,493.595,649.461,613.284,612.769,0,90.8271,122.577,2.34956
7353,167.601,141.381,584.24,423.22,615.514,539.761,0,88.3634,79.2376,1.89672
7354,94.8991,123.283,337.144,698.768,312.258,818.072,0,77.0522,17.847,1.23162
7355,186.502,176.659,358.249,659.403,312.202,818.185,0,110.412,76.0904,1.68915
7356,43.8999,52.4182,576.592,784.26,606.43,811.726,0,32.7614,11.1385,1.33999
7357,197.303,175.145,518.128,440.329,615.534,539.923,0,109.466,87.8371,1.80242
7358,112.799,145.667,556.391,271.139,647.892,197.737,0,91.0417,21.7571,1.23898
7359,35.2,31.356,282.142,194.73,253.131,183.445,0,19.5975,15.6025,1.79615
7360,462.719,191.621,450.795,623.35,613.157,612.774,0,119.763,342.956,3.86362
7361,218.904,189.029,216.609,479.471,140.121,611.163,0,118.143,100.761,1.85287
7362,27.4001,30.352,602.015,333.346,630.336,334.091,0,18.97,8.43005,1.44439
7363,471.32,243.222,482.453,484.573,615.541,539.849,0,152.014,319.306,3.1005
7364,4.1,2.92286,603.133,813.019,606.021,812.843,0,1.82679,2.27321,2.24438
7365,241.206,130.224,162.227,439.075,67.6842,405.525,0,81.3898,159.816,2.96359
7366,316.71,226.399,458.494,377.123,630.352,334.133,0,141.499,175.211,2.23825
7367,134.999,154.256,281.837,689.56,149.611,693.257,0,96.4097,38.5893,1.40026
7368,346.212,231.475,462.514,434.825,615.589,539.677,0,144.672,201.54,2.39308
7369,28.7001,32.3228,136.495,652.622,140.046,620.867,0,20.2018,8.49829,1.42067
7370,101.199,104.66,219.887,651.607,144.842,616.004,0,65.4126,35.7865,1.54709
7371,129.899,144.673,533.179,181.047,647.52,192.093,0,90.4207,39.478,1.4366
7372,219.304,142.398,244.734,318.654,249.866,185.129,0,88.9987,130.305,2.46413
7373,301.209,197.411,260.595,355.912,250.938,184.646,0,123.382,177.827,2.44127
7374,485.72,242.93,484.642,486.026,604.203,537.758,1,151.831,333.889,3.19908
7375,432.117,285.243,410.726,396.159,350.067,174.804,0,178.277,253.841,2.42386
7376,189.102,147.491,179.058,348.976,67.7371,404.923,0,92.1816,96.9208,2.05141
7377,100.899,110.472,568.306,171.372,653.457,130.184,0,69.0447,31.8543,1.46136
7378,17.8,18.1587,612.116,334.353,630.276,334.038,0,11.3492,6.45083,1.5684
7379,277.708,146.35,478.991,162.222,355.825,174.256,0,91.4688,186.239,3.03609
7380,230.305,196.025,478.79,392.393,630.294,334.286,0,122.516,107.789,1.8798
7381,2.6,1.79312,69.0886,407.094,67.436,406.399,0,1.1207,1.4793,2.31998
7382,88.4992,91.5308,186.967,560.634,140.181,611.23,0,57.2068,31.2925,1.54701
7383,485.72,380.155,90.2113,458.76,89.319,460.97,1,237.597,248.123,2.0443
7384,70.2995,93.8374,577.034,254.558,647.823,197.649,0,58.6484,11.6511,1.19866
7385,131.799,121.749,217.87,604.645,144.811,616.168,0,76.0933,55.7055,1.73207
7386,165.701,119.193,538.724,658.253,613.177,612.841,0,74.4953,91.2056,2.22431
7387,208.504,140.58,349.103,289.482,349.701,174.711,0,87.8623,120.641,2.37307
7388,88.3992,112.366,324.793,712.991,312.258,818.101,0,70.2286,18.1706,1.25873
7389,59.1997,67.353,411.208,143.869,405.945,78.2087,0,42.0956,17.104,1.40631
7390,359.113,252.019,364.235,397.041,349.969,174.764,0,157.512,201.601,2.27991
7391,215.204,188.672,408.351,297.945,355.774,174.236,0,117.92,97.2837,1.825
7392,175.602,163.586,238.118,572.384,144.748,615.982,0,102.241,73.36,1.71752
7393,325.111,185.744,230.68,350.548,249.296,185.238,0,116.09,209.021,2.80051
7394,270.107,149.117,506.937,673.476,613.261,612.837,0,93.1983,176.909,2.8982
7395,277.208,153.294,187.524,307.596,248.718,184.932,0,95.8089,181.399,2.89334
7396,316.01,246.849,459.708,459.085,615.493,539.895,0,154.28,161.73,2.04828
7397,317.51,208.979,476.864,270.399,355.844,174.274,0,130.612,186.898,2.43095
7398,74.9994,73.8236,271.001,779.418,310.643,818.81,0,46.1398,28.8597,1.62548
7399,180.002,183.535,311.395,324.008,251.44,184.517,0,114.709,65.2926,1.5692
7400,314.41,133.933,501.971,651.074,613.188,612.796,0,83.708,230.702,3.75603
7401,366.113,241.951,368.196,387.312,349.979,174.75,0,151.219,214.894,2.42108
7402,339.512,229.939,466.162,426.458,615.665,539.701,0,143.712,195.8,2.36245
7403,255.906,263.593,333.802,394.767,251.282,184.524,0,164.746,91.1606,1.55334
7404,485.72,217.048,405.285,487.722,575.547,450.57,1,135.655,350.066,3.58056
7405,379.514,177.517,464.092,643.226,613.238,612.756,0,110.948,268.566,3.42064
7406,37.4,40.1507,174.601,632.547,144.794,615.952,0,25.0942,12.3058,1.49039
7407,485.72,261.163,434.561,562.728,582.902,617.267,1,163.227,322.493,2.97574
7408,171.501,188.604,388.214,672.279,313.264,818.205,0,117.878,53.6237,1.45491
7409,344.012,146.821,481.654,164.471,355.764,174.211,0,91.7629,252.249,3.74892
7410,54.7997,35.04,592.409,631.237,613.263,613.185,0,21.9,32.8997,2.50227
7411,338.611,207.29,468.991,385.801,630.363,334.11,0,129.556,209.055,2.61363
7412,55.1997,68.4592,269.918,250.134,250.174,184.971,0,42.787,12.4128,1.29011
7413,94.5991,66.9599,269.152,248.744,249.925,185.143,0,41.8499,52.7492,2.26044
7414,446.718,300.692,358.534,443.753,349.858,174.719,0,187.933,258.785,2.37701
7415,0,0,61.6882,407.275,61.6882,407.275,0,0,0,0
7416,152.1,129.762,612.592,739.655,612.418,752.045,0,81.101,70.9991,1.87544
7417,70.6995,66.6218,596.153,688.245,612.37,751.987,0,41.6386,29.0609,1.69793
7418,167.701,154.747,231.63,569.844,144.846,615.876,0,96.7169,70.9841,1.73394
7419,236.305,118.775,226.509,299.003,249.702,185.203,0,74.2345,162.071,3.18323
7420,207.703,196.07,525.399,506.124,615.542,539.753,0,122.543,85.16,1.69494
7421,485.72,131.183,585.828,320.234,581.153,325.35,1,81.9894,403.731,5.92418
7422,183.402,132.585,355.099,270.18,349.578,174.64,0,82.8655,100.536,2.21325
7423,183.302,150.742,286.063,625.77,144.808,615.79,0,94.2137,89.0882,1.9456
7424,122.499,149.837,277.51,675.759,149.551,693.165,0,93.6484,28.8503,1.30807
7425,101.199,89.6901,555.002,324.63,630.301,334.203,0,56.0563,45.1427,1.80531
7426,120.699,114.056,131.586,464.508,67.7051,405.528,0,71.2849,49.4138,1.69319
7427,261.407,181.68,430.475,303.629,355.784,174.236,0,113.55,147.857,2.30213
7428,317.21,186.266,254.553,354.33,249.824,185.146,0,116.416,200.794,2.72479
7429,195.803,156.387,278.857,662.987,144.716,615.725,0,97.7421,98.0607,2.00326
7430,2.7,1.88146,606.448,817.819,607.586,816.323,0,1.17591,1.52409,2.29609
7431,67.9995,49.7481,593.24,647.212,613.192,612.924,0,31.0926,36.907,2.187
7432,228.505,136.45,522.69,672.733,613.285,612.763,0,85.2811,143.224,2.67943
7433,43.1999,36.6128,287.734,193.99,253.239,183.284,0,22.883,20.3169,1.88786
7434,73.2995,69.7347,554.42,606.438,613.162,613.041,0,43.5842,29.7153,1.68179
7435,323.311,256.387,289.434,431.75,67.6779,404.939,0,160.242,163.069,2.01764
7436,80.4993,90.0639,334.98,243.486,349.903,174.651,0,56.29,24.2094,1.43008
7437,102.099,83.0913,431.835,182.78,355.825,174.317,0,51.9321,50.1669,1.96601
7438,390.415,253.943,428.774,393.613,630.369,334.08,0,158.714,231.7,2.45986
7439,32.4001,44.0055,193.848,716.53,152.54,701.782,0,27.5034,4.89667,1.17804
7440,249.306,128.531,527.22,667.589,613.215,612.933,0,80.3321,168.974,3.10344
7441,6.3,5.56669,607.87,611.555,613.25,612.646,0,3.47918,2.82081,1.81077
7442,103.399,131.871,343.753,695.995,311.993,818.18,0,82.4194,20.9796,1.25455
7443,357.413,297.371,326.707,493.843,144.827,615.89,0,185.857,171.556,1.92305
7444,405.916,262.039,470.544,517.088,613.24,612.711,0,163.775,242.141,2.4785
7445,134.599,110.775,376.608,217.912,356.034,173.829,0,69.2341,65.3649,1.94411
7446,43.8999,48.7003,280.999,794.299,311.748,818.386,0,30.4377,13.4622,1.44229
7447,332.411,163.41,500.249,160.469,355.823,174.258,0,102.131,230.28,3.25475
7448,48.0998,56.7079,119.448,572.995,139.86,611.112,0,35.4424,12.6574,1.35713
7449,178.002,223.616,499.153,258.581,647.872,197.728,0,139.76,38.2418,1.27363
7450,390.115,243.791,478.212,480.421,615.546,539.913,0,152.369,237.745,2.56032
7451,142.399,157.893,507.536,695.765,611.889,753.175,0,98.6834,43.7161,1.44299
7452,81.3993,84.4929,157.159,536.358,139.6,611.156,0,52.8081,28.5912,1.54142
7453,88.2992,89.742,232.922,629.942,144.64,615.632,0,56.0887,32.2105,1.57428
7454,139.399,170.374,391.7,689.373,313.397,818.216,0,106.484,32.9153,1.30911
7455,68.9995,75.1814,576.241,348.948,630.312,334.129,0,46.9884,22.0112,1.46844
7456,115.599,153.66,547.656,287.095,648.156,198.072,0,96.0373,19.5615,1.20369
7457,39.6,31.4544,234.249,211.052,249.065,185.12,0,19.659,19.9409,2.01434
7458,50.1998,41.9805,294.414,187.004,253.507,182.741,0,26.2378,23.962,1.91326
7459,184.402,107.931,224.504,288.537,249.135,185.129,0,67.4568,116.945,2.73363
7460,17.2,18.1366,593.122,754.149,611.074,755.243,0,11.3354,5.86464,1.51737
7461,241.306,213.133,382.446,641.317,312.616,817.986,0,133.208,108.098,1.81149
7462,66.5996,81.9767,537.166,776.856,611.158,755.458,0,51.2355,15.3641,1.29987
7463,53.8997,54.9691,407.163,182.625,356.032,173.686,0,34.3557,19.544,1.56887
7464,387.314,242.105,490.227,484.61,615.482,539.76,0,151.315,235.999,2.55965
7465,65.3996,70.6397,194.175,590.509,144.744,615.895,0,44.1498,21.2498,1.48131
7466,39.7,42.6659,409.962,120.12,405.862,78.22,0,26.6662,13.0338,1.48878
7467,70.4995,59.133,573.767,640.034,613.181,612.768,0,36.9581,33.5414,1.90755
7468,443.518,241.619,492.639,488.293,615.58,539.752,0,151.012,292.506,2.93698
7469,374.614,210.579,479.418,274.65,355.974,173.673,0,131.612,243.001,2.84635
7470,129.599,159.298,394.079,700.655,313.4,818.167,0,99.5609,30.0378,1.3017
7471,161.801,117.888,186.359,259.715,248.711,184.897,0,73.6799,88.1208,2.19599
7472,101.099,100.744,197.087,562.028,139.893,611.132,0,62.9647,38.1343,1.60565
7473,128.899,147.063,527.567,194.314,647.848,191.681,0,91.9143,36.9843,1.40238
7474,22.4,27.123,614.597,292.585,635.937,282.456,0,16.9519,5.44818,1.32139
7475,147.4,158.176,285.693,698.552,311.452,818.413,0,98.8599,48.5399,1.491
7476,181.802,125.36,275.816,299.926,249.775,185.138,0,78.3499,103.452,2.32039
7477,129.199,106.525,284.717,282.23,250.169,185.026,0,66.578,62.6206,1.94056
7478,22.2,24.7711,380.704,175.356,356.021,173.767,0,15.482,6.7181,1.43393
7479,142.199,153.606,540.724,213.437,647.659,191.706,0,96.0039,46.1956,1.48118
7480,106.599,90.8733,230.449,272.373,248.973,185.015,0,56.7958,49.8031,1.87688
7481,87.7992,73.591,598.651,355.922,630.339,334.054,0,45.9944,41.8048,1.90891
7482,6.5,6.50864,357.961,180.429,355.513,174.405,0,4.0679,2.4321,1.59788
7483,222.104,259.204,331.303,389.019,251.386,184.545,0,162.002,60.1021,1.371
7484,444.818,250.578,460.809,469.63,615.571,539.977,0,156.611,288.207,2.84027
7485,233.705,162.615,195.988,354.152,67.6999,404.807,0,101.634,132.071,2.29948
7486,190.902,145.401,199.842,370.785,67.8214,405.39,0,90.8756,100.027,2.1007
7487,370.613,178.603,494.147,683.617,613.274,612.767,0,111.627,258.986,3.32011
7488,13,16.432,638.086,135.664,653.611,130.296,0,10.27,2.73002,1.26583
7489,123.399,122.151,572.21,433.93,615.517,539.762,0,76.3443,47.0544,1.61634
7490,2.8,1.88944,654.212,200.475,653.447,198.747,0,1.1809,1.6191,2.37107
7491,181.902,146.109,178.767,349.588,67.7395,404.88,0,91.318,90.5839,1.99196
7492,165.201,207.742,512.824,259.682,648.128,198.042,0,129.839,35.3623,1.27236
7493,267.207,328.195,393.743,590.205,312.992,818.139,0,205.122,62.085,1.30267
7494,405.116,320.397,328.772,473.696,144.732,615.686,0,200.248,204.867,2.02307
7495,98.8991,115.397,563.166,209.288,647.652,191.858,0,72.1234,26.7757,1.37125
7496,67.5995,83.4732,536.073,778.264,611.19,754.885,0,52.1708,15.4288,1.29574
7497,76.3994,76.554,556.639,339.142,630.424,333.803,0,47.8462,28.5532,1.59677
7498,16.2,20.4448,135.853,640.732,139.849,620.845,0,12.778,3.42201,1.2678
7499,179.202,188.206,428.866,712.883,313.02,818.086,0,117.629,61.5732,1.52345
7500,85.4993,44.3628,256.24,229.82,249.864,185.124,0,27.7268,57.7725,3.08364
7501,227.905,167.599,193.637,341.552,67.6516,404.898,0,104.749,123.155,2.17572
7502,179.302,182.799,513.566,220.305,647.759,191.673,0,114.25,65.0522,1.56939
7503,166.201,177.141,541.917,238.034,648.218,190.896,0,110.713,55.4875,1.50118
7504,106.599,110.585,230.221,652.823,144.795,616.049,0,69.1156,37.4833,1.54233
7505,57.8997,51.6785,263.598,234.619,249.884,185.081,0,32.299,25.6006,1.79261
7506,6.9,7.2947,259.511,186.843,252.902,183.818,0,4.55919,2.34081,1.51343
7507,72.9995,59.6723,125.978,397.428,67.6927,404.927,0,37.2952,35.7043,1.95734
7508,341.312,232.563,269.755,425.542,67.7937,405.334,0,145.352,195.96,2.34818
7509,233.205,165.561,408.174,270.135,356.026,173.62,0,103.476,129.729,2.25371
7510,369.113,237.097,477.002,472.194,615.536,539.859,0,148.186,220.928,2.49088
7511,71.7995,76.9254,312.185,220.631,350.015,174.806,0,48.0784,23.7211,1.49338
7512,410.116,247.152,455.296,417.434,615.507,539.917,0,154.47,255.646,2.65498
7513,0,0,607.311,815.382,607.311,815.382,0,0,0,0
7514,6.7,6.54345,142.763,605.189,140.949,611.476,0,4.08966,2.61034,1.63828
7515,261.607,244.159,330.856,563.458,144.842,616.004,0,152.599,109.008,1.71434
7516,289.708,129.542,508.838,655.008,613.222,612.843,0,80.9637,208.745,3.57825
7517,87.1992,81.191,570.508,359.412,630.353,334.135,0,50.7444,36.4548,1.7184
7518,315.91,211.033,329.793,602.507,144.764,615.8,0,131.896,184.014,2.39515
7519,27.3001,27.9069,602.254,727.028,612.368,752.006,0,17.4418,9.85827,1.56521
7520,210.404,169.135,506.662,387.793,630.282,334.083,0,105.709,104.694,1.9904
7521,120.799,161.765,552.472,256.377,647.9,197.692,0,101.103,19.6957,1.19481
7522,485.72,250.86,400.629,612.877,593.755,613.546,1,156.788,328.933,3.09795
7523,89.5992,82.4887,546.477,633.454,613.244,612.776,0,51.5555,38.0437,1.73792
7524,137.199,97.0652,567.8,683.932,612.251,752.072,0,60.6657,76.5334,2.26156
7525,116.599,130.047,554.57,454.564,615.518,539.959,0,81.2793,35.3195,1.43454
7526,84.2993,59.791,607.532,647.052,613.155,612.847,0,37.3694,46.9299,2.25584
7527,66.2996,48.0087,295.535,204.28,252.747,183.907,0,30.0054,36.2942,2.20959
7528,291.809,191.452,446.127,297.15,355.826,174.245,0,119.657,172.151,2.4387
7529,427.317,201.44,509.068,533.13,613.169,612.84,0,125.9,301.417,3.39409
7530,387.114,160.991,492.43,636.4,613.233,612.782,0,100.62,286.495,3.84731
7531,485.72,283.893,411.146,469.982,604.495,533.102,1,177.433,308.287,2.73748
7532,485.72,244.678,437.427,447.554,604.801,538.258,1,152.923,332.797,3.17623
7533,41.3999,52.269,563.366,747.626,612.167,752.45,0,32.6681,8.73181,1.26729
7534,288.108,172.03,200.387,341.63,67.6608,404.913,0,107.519,180.59,2.67961
7535,20.2,23.3855,588.003,754.642,611.059,755.25,0,14.6159,5.58412,1.38206
7536,283.208,205.425,281.355,560.266,144.845,616.106,0,128.39,154.818,2.20584
7537,206.203,195.992,251.107,555.044,144.704,616.284,0,122.495,83.7081,1.68336
7538,485.72,282.502,440.351,507.298,604.646,534.23,1,176.564,309.157,2.75096
7539,42.0999,43.4623,609.208,175.239,647.95,191.024,0,27.1639,14.936,1.54985
7540,336.511,242.38,441.867,386.476,630.339,334.118,0,151.487,185.024,2.22138
7541,28.6001,34.8748,308.235,790.767,311.476,818.487,0,21.7968,6.80331,1.31213
7542,14.3,15.8455,137.717,635.999,139.927,620.884,0,9.90343,4.39659,1.44395
7543,85.8993,84.6963,542.603,601.288,613.204,612.829,0,52.9352,32.9641,1.62273
7544,135.299,126.7,540.274,150.686,653.533,130.047,0,79.1876,56.1115,1.70859
7545,135.799,99.402,157.7,514.869,139.908,611.134,0,62.1263,73.6728,2.18586
7546,37.4,46.7661,162.785,647.976,139.804,620.886,0,29.2288,8.17117,1.27956
7547,256.306,218.162,332.364,594.845,144.769,616.155,0,136.351,119.955,1.87975
7548,118.799,71.9112,588.11,667.986,613.251,612.835,0,44.9445,73.8543,2.64323
7549,35.1,30.584,131.641,586.388,139.946,611.072,0,19.115,15.9851,1.83626
7550,64.1996,78.6238,586.773,475.124,615.552,539.992,0,49.1399,15.0597,1.30647
7551,60.3997,66.7975,340.659,203.039,349.865,174.811,0,41.7485,18.6512,1.44675
7552,45.0999,56.514,591.807,700.724,612.413,752.071,0,35.3213,9.77863,1.27685
7553,0,0,653.263,195.681,653.263,195.681,0,0,0,0
7554,146.7,115.648,255.855,751.381,310.643,818.83,0,72.2802,74.4195,2.0296
7555,211.804,159.95,188.413,478.537,139.783,611.066,0,99.9689,111.835,2.1187
7556,221.904,130.854,296.069,293.286,250.793,184.74,0,81.7838,140.121,2.7133
7557,148.7,103.57,133.488,520.308,139.68,611.07,0,64.731,83.9689,2.2972
7558,460.219,267.604,424.747,439.348,615.563,539.814,0,167.253,292.966,2.75164
7559,485.72,265.957,475.571,490.423,602.364,537.789,1,166.223,319.497,2.92209
7560,24.1001,28.2698,600.267,786.89,606.616,811.319,0,17.6686,6.43145,1.364
7561,70.4995,54.2908,112.374,418.102,67.6919,404.824,0,33.9317,36.5678,2.07769
7562,82.8993,80.734,582.35,185.232,647.726,191.811,0,50.4588,32.4406,1.64291
7563,350.212,212.768,500.274,519.265,613.214,612.761,0,132.98,217.232,2.63358
7564,100.199,138.098,268.484,711.244,153.44,700.993,0,86.3112,13.8878,1.1609
7565,93.4991,108.423,559.518,200.803,648.413,190.826,0,67.7643,25.7348,1.37977
7566,352.112,238.524,351.853,371.854,349.821,174.639,0,149.077,203.035,2.36194
7567,222.104,173.176,506.207,388.125,630.291,334.13,0,108.235,113.87,2.05206
7568,37.8,41.5094,614.424,175.142,648.16,190.927,0,25.9434,11.8566,1.45702
7569,51.5998,61.9795,597.706,201.635,647.905,197.824,0,38.7372,12.8626,1.33205
7570,36.9,46.3633,277.915,797.294,311.799,818.367,0,28.9771,7.92293,1.27342
7571,65.2996,55.5782,598.516,128.429,653.522,129.952,0,34.7364,30.5632,1.87986
7572,206.603,141.232,286.81,311.867,250.953,184.617,0,88.2703,118.333,2.34058
7573,27.3001,27.3463,403.824,105.123,405.876,78.1684,0,17.0914,10.2086,1.5973
7574,217.104,177.491,416.818,294.926,355.821,174.287,0,110.932,106.172,1.95709
7575,200.403,147.81,495.792,337.874,630.404,333.82,0,92.3815,108.022,2.1693
7576,485.72,248.1,419.377,494.24,590.147,485.436,1,155.062,330.658,3.13242
7577,0,0,350.996,174.725,350.996,174.725,0,0,0,0
7578,37.7,49.8148,326.381,770.258,312.714,818.013,0,31.1343,6.56573,1.21088
7579,121.599,110.371,544.668,124.055,653.499,129.955,0,68.982,52.6167,1.76276
7580,103.399,103.974,178.938,535.686,139.919,611.107,0,64.984,38.415,1.59115
7581,336.611,231.214,265.43,430.02,67.7666,405.091,0,144.509,192.102,2.32935
7582,6.6,6.81889,347.218,180.944,349.611,174.559,0,4.2618,2.33819,1.54864
7583,439.818,248.547,484.879,486.743,615.534,539.848,0,155.342,284.476,2.83128
7584,375.314,249.056,459.223,459.375,615.475,539.863,0,155.66,219.654,2.41111
7585,36,46.9448,310.273,778.818,312.009,818.321,0,29.3405,6.6595,1.22697
7586,300.809,218.128,389.859,335.127,349.588,174.638,0,136.33,164.479,2.20648
7587,35.4,39.3815,579.492,796.083,606.793,810.835,0,24.6135,10.7866,1.43824
7588,22.9001,29.755,622.814,212.59,648.422,198.073,0,18.5969,4.30315,1.23139
7589,178.402,182.629,235.282,508.388,139.95,611.085,0,114.143,64.2587,1.56297
7590,256.006,161.773,211.007,359.729,67.843,405.151,0,101.108,154.898,2.53201
7591,6.9,6.82491,639.826,194.759,646.592,194.617,0,4.26557,2.63443,1.6176
7592,31.8001,33.0835,569.725,834.515,602.455,833.278,0,20.6772,11.1229,1.53793
7593,485.72,251.687,409.526,602.328,594.693,612.454,1,157.304,328.416,3.08778
7594,18.7,17.8021,84.8714,409.496,67.8401,405.141,0,11.1263,7.5737,1.6807
7595,38.9,49.1123,302.969,187.136,349.684,174.698,0,30.6952,8.20481,1.2673
7596,200.703,133.869,355.373,269.019,349.9,174.843,0,83.6682,117.035,2.3988
7597,18.7,21.3983,581.096,831.502,602.388,833.341,0,13.374,5.32607,1.39824
7598,62.5996,66.6328,282.417,776.766,310.865,818.671,0,41.6455,20.9541,1.50315
7599,242.306,282.323,334.234,410.882,251.344,184.518,0,176.452,65.8535,1.37321
7600,406.916,317.8,323.568,458.134,67.8324,405.35,0,198.625,208.291,2.04866
7601,136.099,176.163,534.041,296.425,647.957,197.739,0,110.102,25.9975,1.23612
7602,485.72,241.262,430.978,593.146,595.279,612.565,1,150.789,334.932,3.2212
7603,300.109,164.765,218.99,418.016,67.7128,405.501,0,102.978,197.131,2.91429
7604,53.5998,64.9977,561.188,789.916,606.508,811.512,0,40.6235,12.9762,1.31943
7605,204.403,113.578,546.375,662.333,613.241,612.846,0,70.9865,133.417,2.87947
7606,322.11,220.897,485.324,458.318,615.565,539.785,0,138.061,184.05,2.33311
7607,376.714,291.886,338.606,533.31,144.764,615.845,0,182.429,194.285,2.06499
7608,103.399,109.434,229.377,755.388,152.791,701.683,0,68.3965,35.0025,1.51176
7609,244.806,188.495,405.103,296.01,355.742,174.245,0,117.809,126.997,2.07798
7610,0.9,0.29199,65.9672,401.216,65.8212,401.469,0,0.182494,0.717506,4.93167
7611,485.72,264.028,423.029,558.234,579.788,617.305,1,165.017,320.703,2.94345
7612,485.72,278.805,371.366,506.222,580.22,460.913,1,174.253,311.467,2.78744
7613,380.814,281.03,342.51,541.528,144.738,615.949,0,175.644,205.17,2.1681
7614,262.207,175.238,280.312,586.171,144.847,615.766,0,109.524,152.683,2.39406
7615,206.103,146.449,567.741,412.845,630.394,334.354,0,91.5307,114.573,2.25174
7616,283.808,153.538,487.54,627.642,613.174,612.836,0,95.961,187.847,2.95754
7617,418.216,199.52,449.012,638.496,613.209,612.757,0,124.7,293.516,3.35377
7618,160.501,200.272,517.224,265.736,648.214,197.981,0,125.17,35.3307,1.28226
7619,337.211,243.316,308.714,370.288,250.565,184.838,0,152.072,185.139,2.21744
7620,128.399,117.341,548.315,153.878,653.496,129.951,0,73.3381,55.0605,1.75078
7621,50.4998,62.6511,595.293,201.464,648.013,197.941,0,39.1569,11.3429,1.28968
7622,51.4998,59.6353,191.949,681.335,149.501,693.24,0,37.2721,14.2277,1.38173
7623,485.72,178.112,460.658,667.285,595.643,613.453,1,111.32,374.401,4.36328
7624,327.411,208.845,472.773,406.571,630.278,334.138,0,130.528,196.882,2.50835
7625,306.91,145.441,445.342,142.641,355.759,174.209,0,90.9007,216.009,3.37632
7626,410.116,320.915,323.183,457.277,67.8202,405.155,0,200.572,209.544,2.04473
7627,369.613,301.102,419.212,416.256,630.286,334.08,0,188.189,181.424,1.96406
7628,162.201,185.973,427.62,711.925,313.341,818.19,0,116.233,45.9674,1.39548
7629,116.199,104.445,549.26,127.555,653.528,129.952,0,65.2779,50.9209,1.78006
7630,192.503,137.362,474.628,155.627,356.249,173.258,0,85.8513,106.651,2.24228
7631,400.715,323.894,351.501,476.343,144.67,616.269,0,202.434,198.281,1.97949
7632,167.101,208.769,518.738,258.75,647.898,197.752,0,130.481,36.6203,1.28066
7633,266.507,216.162,384.866,333.921,349.591,174.648,0,135.101,131.406,1.97265
7634,263.907,282.384,285.244,492.52,140.237,611.158,0,176.49,87.4169,1.49531
7635,162.401,135.875,331.908,276.89,349.867,174.711,0,84.9218,77.479,1.91236
7636,317.01,246.812,271.977,414.322,67.7636,405.045,0,154.257,162.753,2.05508
7637,26.2001,34.7605,319.499,189.908,349.782,174.714,0,21.7253,4.47473,1.20597
7638,77.0994,75.8083,538.531,613.521,613.173,612.867,0,47.3802,29.7192,1.62725
7639,156.2,155.172,93.2042,495.498,67.8491,404.959,0,96.9828,59.2176,1.6106
7640,330.211,214.761,485.428,272.747,355.819,174.247,0,134.226,195.985,2.46011
7641,184.502,146.999,507.566,121.642,653.468,130.048,0,91.8741,92.628,2.00821
7642,70.6995,52.3418,118.772,399.397,67.7328,405.601,0,32.7136,37.9859,2.16116
7643,2.1,1.33399,139.317,609.849,139.74,611.113,0,0.833744,1.26626,2.51876
7644,223.704,132.935,212.815,310.43,249.193,185.087,0,83.0845,140.62,2.69249
7645,485.72,238.213,460.976,470.372,605.46,537.601,1,148.883,336.837,3.26242
7646,183.502,170.463,538.222,228.028,647.768,191.815,0,106.539,76.9626,1.72239
7647,113.899,139.898,323.475,697.728,311.876,818.306,0,87.4364,26.4625,1.30265
7648,55.9997,59.6136,161.226,567.459,139.948,611.145,0,37.2585,18.7412,1.503
7649,118.199,92.2831,191.545,234.775,248.583,184.897,0,57.677,60.5218,2.04932
7650,325.911,181.811,465.675,648.689,613.212,612.75,0,113.632,212.279,2.86813
7651,261.707,169.873,462.293,575.364,613.212,612.786,0,106.17,155.536,2.46497
7652,64.9996,64.1658,408.618,152.058,356,173.698,0,40.1036,24.896,1.62079
7653,0,0,610.41,809.477,610.41,809.477,0,0,0,0
7654,0,0,618.485,538.541,618.485,538.541,0,0,0,0
7655,252.206,172.208,219.274,357.688,67.6899,404.939,0,107.63,144.576,2.34327
7656,139.199,138.809,312.645,294.101,250.774,184.71,0,86.7554,52.4439,1.6045
7657,298.309,210.735,475.373,406.103,630.282,334.127,0,131.709,166.6,2.2649
7658,80.9993,57.7685,125.505,401.164,67.7094,405.516,0,36.1053,44.8941,2.24342
7659,80.4993,83.4688,532.372,614.226,613.207,612.807,0,52.168,28.3313,1.54308
7660,234.705,162.995,303.104,638.327,144.785,615.894,0,101.872,132.833,2.30393
7661,242.006,117.28,513.415,637.772,613.162,612.851,0,73.2999,168.706,3.30158
7662,38,34.7363,240.431,218.423,249.229,185.105,0,21.7102,16.2898,1.75033
7663,62.4996,67.6805,147.754,544.578,139.928,611.164,0,42.3003,20.1993,1.47752
7664,0.1,0.00560425,406.01,78.2219,406.115,78.2445,0,0.00350266,0.0964973,28.5498
7665,249.306,214.3,509.031,505.693,615.627,539.735,0,133.937,115.369,1.86136
7666,111.899,142.319,272.189,697.312,149.438,693.296,0,88.9496,22.9492,1.258
7667,267.907,125.968,194.263,261.906,248.572,184.909,0,78.7298,189.177,3.40287
7668,194.203,126.096,164.133,432.435,67.7403,405.473,0,78.8102,115.392,2.46418
7669,485.72,336.721,393.581,518.396,603.557,532.93,1,210.451,275.27,2.308
7670,208.504,137.86,244.436,314.584,249.81,185.124,0,86.1625,122.341,2.41989
7671,485.62,259.138,435.466,441.82,615.575,539.718,0,161.961,323.659,2.99837
7672,5.1,4.651,137.471,624.87,139.38,620.629,0,2.90688,2.19312,1.75446
7673,120.999,124.796,362.801,240.816,349.724,174.664,0,77.9974,43.0013,1.55132
7674,485.72,247.845,457.222,479.764,602.783,537.364,1,154.903,330.817,3.13563
7675,485.72,266.188,407.425,567.759,581.109,617.353,1,166.367,319.353,2.91957
7676,40.6,48.2107,171.3,590.587,144.719,616.254,0,30.1317,10.4683,1.34742
7677,66.4996,70.7046,413.843,146.785,355.957,173.822,0,44.1904,22.3092,1.50484
7678,83.2993,94.2514,283.998,261.438,250.322,184.928,0,58.9071,24.3922,1.41408
7679,150.5,156.283,309.044,689.946,312.13,818.17,0,97.6768,52.8232,1.5408
7680,111.699,108.994,307.225,246.064,349.67,174.616,0,68.1214,43.5775,1.6397
7681,29.9001,40.3441,322.119,779.139,312.702,818.014,0,25.2151,4.68501,1.1858
7682,1,0.332908,640.889,287.338,640.803,287.016,0,0.208068,0.791933,4.80613
7683,6.8,6.42696,599.614,812.905,606.024,812.845,0,4.01685,2.78315,1.69287
7684,150.5,112.536,546.421,572.032,613.179,612.824,0,70.335,80.165,2.13976
7685,219.404,128.505,525.69,666.519,613.191,612.77,0,80.3158,139.088,2.73177
7686,456.219,246.896,471.051,501.649,613.223,612.781,0,154.31,301.909,2.95651
7687,449.518,294.784,408.105,407.653,350.142,174.793,0,184.24,265.279,2.43986
7688,112.099,100.592,553.405,127.916,653.491,130.042,0,62.8698,49.2291,1.78303
7689,96.4991,89.2499,548.264,333.705,630.333,334.34,0,55.7812,40.7179,1.72996
7690,92.8992,121.398,264.62,727.385,153.632,700.187,0,75.8737,17.0255,1.22439
7691,164.901,183.439,388.787,676.005,313.349,818.165,0,114.649,50.2514,1.4383
7692,41.9999,60.0606,210.118,720.652,153.655,700.485,0,37.5379,4.46204,1.11887
7693,172.901,127.967,527.133,708.116,612.377,751.952,0,79.9796,92.9217,2.16182
7694,133.699,147.957,215.863,524.328,139.901,611.166,0,92.473,41.2259,1.44582
7695,250.306,190.803,440.336,312.462,355.963,173.65,0,119.252,131.054,2.09897
7696,257.807,212.515,492.08,423.66,630.333,334.062,0,132.822,124.984,1.94099
7697,50.1998,61.5105,279.972,781.886,311.519,818.35,0,38.4441,11.7557,1.30579
7698,40.5,30.4302,232.415,206.306,249.075,185.134,0,19.0189,21.4811,2.12946
7699,7.2,7.94274,622.854,336.942,630.424,334.543,0,4.96422,2.23578,1.45038
7700,133.199,157.963,284.566,695.662,149.601,693.265,0,98.7271,34.4718,1.34916
7701,93.5991,86.5432,116.936,450.254,67.7963,405.024,0,54.0895,39.5096,1.73045
7702,45.8999,62.9585,212.332,722.712,153.637,700.204,0,39.349,6.55083,1.16648
7703,129.299,90.7339,553.795,710.615,612.116,752.768,0,56.7087,72.59,2.28005
7704,180.402,134.534,169.374,355.275,67.8033,405.294,0,84.084,96.3178,2.1455
7705,59.4997,37.0947,277.581,210.189,252.579,184.016,0,23.1842,36.3155,2.56639
7706,50.3998,61.1872,614.541,240.29,635.949,282.419,0,38.242,12.1578,1.31792
7707,19.6,20.6868,593.446,608.119,613.173,612.972,0,12.9293,6.67076,1.51594
7708,86.8992,71.5007,418.702,149.765,356.14,173.512,0,44.688,42.2113,1.94458
7709,53.4998,45.6543,111.652,396.344,67.7306,404.926,0,28.5339,24.9658,1.87495
7710,58.8997,55.9964,610.826,160.757,648.294,190.854,0,34.9978,23.9019,1.68295
7711,135.099,149.747,344.862,677.293,312.924,817.972,0,93.592,41.507,1.44349
7712,210.204,153.206,293.738,634.335,144.758,615.971,0,95.7536,114.45,2.19526
7713,13,13.1087,637.778,206.046,648.29,198.079,0,8.19296,4.80706,1.58673
7714,64.4996,70.2825,583.393,309.307,630.254,334.145,0,43.9266,20.573,1.46835
7715,0,0,313.986,824.737,313.986,824.737,0,0,0,0
7716,461.619,335.672,364.428,472.246,349.736,174.744,0,209.795,251.824,2.20033
7717,17.2,16.3035,606.522,554.331,616.858,543.317,0,10.1897,7.01037,1.68799
7718,379.714,234.178,502.13,484.215,615.468,539.755,0,146.362,233.352,2.59436
7719,103.299,91.8752,524.011,608.361,613.166,612.808,0,57.422,45.877,1.79894
7720,125.499,103.815,534.359,354.425,630.369,334.498,0,64.8846,60.614,1.93418
7721,69.9995,82.4627,540.819,754.014,611.089,755.227,0,51.5392,18.4603,1.35818
7722,176.002,149.329,523.612,389.796,630.251,334.129,0,93.3309,82.6707,1.88578
7723,48.5998,51.2878,608.097,168.004,647.761,191.592,0,32.0548,16.545,1.51615
7724,34.3,39.2187,160.904,589.364,139.865,611.068,0,24.5117,9.78837,1.39933
7725,485.72,253.229,473.968,480.887,604.781,534.821,1,158.268,327.452,3.06897
7726,225.905,201.006,352.534,635.387,313.141,818.181,0,125.629,100.276,1.79819
7727,188.502,134.213,452.387,223.209,355.698,174.308,0,83.883,104.619,2.24721
7728,32.5001,40.4562,311.948,187.301,350.06,174.796,0,25.2851,7.21495,1.28534
7729,112.099,86.4725,577.661,681.531,612.381,752.015,0,54.0453,58.0535,2.07416
7730,13.4,13.6424,364.347,184.737,355.545,174.439,0,8.52653,4.87349,1.57157
7731,111.299,93.2043,234.584,272.94,249.332,185.247,0,58.2527,53.0462,1.91062
7732,34.9,43.5819,610.508,218.139,647.902,197.847,0,27.2387,7.66136,1.28127
7733,190.902,183.824,395.144,290.337,355.843,174.282,0,114.89,76.0123,1.66161
7734,20,26.0258,614.918,291.289,636.027,282.549,0,16.2661,3.73394,1.22955
7735,307.41,170.997,462.158,574.682,613.191,612.834,0,106.873,200.537,2.87641
7736,363.613,242.659,242.573,460.36,67.6735,405.47,0,151.662,211.951,2.39752
7737,212.804,176.744,199.586,473.391,139.715,611.058,0,110.465,102.339,1.92643
7738,294.309,216.691,475.273,411.686,630.279,334.07,0,135.432,158.877,2.17311
7739,34.4,44.7088,195.206,716.641,153.658,700.222,0,27.943,6.45704,1.23108
7740,95.3991,107.612,564.117,470.381,615.603,540.323,0,67.2574,28.1417,1.41842
7741,273.807,137.334,483.556,606.442,613.191,612.751,0,85.8338,187.974,3.18997
7742,350.812,196.085,474.786,545.413,613.153,612.82,0,122.553,228.259,2.86253
7743,413.716,191.399,565.671,527.982,613.164,612.805,0,119.624,294.092,3.45846
7744,102.599,88.5362,564.277,361.11,630.295,333.896,0,55.3351,47.2639,1.85414
7745,114.999,86.8643,179.698,210.668,248.58,184.885,0,54.2902,60.7086,2.11823
7746,248.406,174.218,224.747,397.657,67.7921,405.389,0,108.886,139.52,2.28134
7747,179.102,141.849,422.509,267.405,355.827,174.281,0,88.6554,90.4464,2.0202
7748,267.107,172.179,446.111,276.626,356.048,173.634,0,107.612,159.495,2.48213
7749,124.899,90.9247,553.049,710.199,612.093,752.669,0,56.8279,68.0707,2.19784
7750,85.6993,75.8758,142.399,395.995,67.7489,404.945,0,47.4224,38.2769,1.80715
7751,214.904,185.823,356.858,649.714,312.459,817.981,0,116.139,98.7644,1.85039
7752,485.72,284.091,373.865,500.113,584.744,467.108,1,177.557,308.163,2.73557
7753,122.899,111.198,562.217,380.865,630.451,334.363,0,69.4988,53.3999,1.76836
7754,114.799,85.0881,307.65,742.826,311.133,818.622,0,53.1801,61.6188,2.15868
7755,309.21,168.996,242.033,339.946,249.531,185.207,0,105.623,203.587,2.92749
7756,27.4001,29.7323,572.835,832.424,602.423,833.269,0,18.5827,8.81736,1.47449
7757,332.511,215.304,286.155,378.219,250.225,184.999,0,134.565,197.946,2.47101
7758,223.504,115.45,542.484,670.11,613.247,612.756,0,72.1562,151.348,3.09751
7759,383.214,257.925,291.578,430.967,67.7505,405.254,0,161.203,222.011,2.37721
7760,198.203,144.235,241.657,318.198,249.456,185.207,0,90.1466,108.056,2.19867
7761,123.599,96.0381,206.519,572.919,144.785,615.874,0,60.0238,63.5748,2.05916
7762,14,12.4697,590.346,834.934,602.454,833.521,0,7.79358,6.20644,1.79635
7763,328.011,223.908,370.232,370.247,349.753,174.724,0,139.942,188.068,2.3439
7764,201.003,133.008,164.493,438.631,67.7177,405.498,0,83.1301,117.873,2.41793
7765,96.2991,130.909,253.278,664.202,149.555,693.29,0,81.8182,14.4809,1.17699
7766,341.712,182.163,519.17,532.29,613.254,612.783,0,113.852,227.86,3.00137
7767,173.401,126.853,417.708,248.605,355.661,174.309,0,79.2834,94.118,2.18711
7768,485.72,207.648,426.999,627.797,596.14,613.866,1,129.78,355.94,3.74265
7769,244.706,119.458,224.315,298.969,248.607,184.89,0,74.6613,170.044,3.27755
7770,38.5,34.7304,286.415,189.35,253.269,182.924,0,21.7065,16.7935,1.77366
7771,340.812,161.076,507.127,684.128,613.225,612.769,0,100.672,240.139,3.38535
7772,350.512,241.4,267.431,404.11,249.871,185.09,0,150.875,199.637,2.3232
7773,45.4999,57.4996,194.497,677.899,149.525,693.245,0,35.9372,9.56266,1.26609
7774,19.6,26.327,627.266,129.477,653.549,129.963,0,16.4544,3.14567,1.19118
7775,193.303,129.628,531.945,681.63,613.232,612.765,0,81.0177,112.285,2.38593
7776,135.299,101.023,238.209,279.812,249.144,185.097,0,63.1395,72.1596,2.14286
7777,343.512,263.821,316.614,526.265,144.687,615.6,0,164.888,178.624,2.0833
7778,114.899,100.773,403.549,223.339,355.767,174.273,0,62.9831,51.9157,1.82428
7779,129.299,92.9459,223.594,271.8,248.885,185.018,0,58.0912,71.2075,2.22579
7780,477.02,324.456,350.412,455.94,350.114,174.754,0,202.785,274.235,2.35234
7781,258.507,199.629,222.226,475.777,139.871,611.137,0,124.768,133.738,2.07189
7782,69.1995,51.562,119.049,403.949,67.7173,404.823,0,32.2262,36.9733,2.1473
7783,320.31,250.724,281.575,432.35,67.7176,404.873,0,156.702,163.608,2.04407
7784,205.003,184.564,228.884,541.249,139.858,611.118,0,115.353,89.6505,1.77719
7785,151.4,107.352,157.398,505.481,139.749,611.135,0,67.0948,84.3052,2.25651
7786,141.499,107.789,538.102,714.294,611.967,752.782,0,67.368,74.1315,2.1004
7787,5.2,4.70359,643.012,198.096,647.478,196.62,0,2.93975,2.26025,1.76886
7788,48.0998,52.4222,610.133,165.049,648.41,190.919,0,32.7639,15.336,1.46808
7789,280.308,164.458,487.497,663.313,613.174,612.753,0,102.786,177.522,2.72709
7790,154.5,100.83,231.963,282.75,249.459,185.246,0,63.0189,91.4813,2.45165
7791,73.7994,91.3444,527.77,779.977,611.063,755.242,0,57.0902,16.7092,1.29268
7792,1.9,1.00619,402.244,68.8685,402.797,69.709,0,0.62887,1.27113,3.02129
7793,16.1,17.1565,84.0057,409.964,67.7699,405.253,0,10.7228,5.37723,1.50148
7794,101.199,123.679,584.83,282.479,647.99,198.042,0,77.2995,23.8995,1.30918
7795,8.2,9.29243,645.6,207.032,648.914,198.353,0,5.80777,2.39223,1.4119
7796,77.1994,74.3958,573.841,353.426,630.281,334.131,0,46.4974,30.702,1.6603
7797,27.8001,38.7453,188.901,715.579,152.762,701.834,0,24.2158,3.58427,1.14801
7798,199.503,127.176,176.178,420.537,67.7025,405.506,0,79.4851,120.018,2.50994
7799,383.814,189.849,482.91,685.246,613.151,612.774,0,118.656,265.159,3.23469
7800,325.111,176.158,474.14,563.667,613.161,612.809,0,110.099,215.012,2.95289
7801,111.499,101.12,553.892,121.772,653.553,129.981,0,63.1997,48.2992,1.76423
7802,83.7993,84.0303,204.673,583.033,144.762,615.889,0,52.5189,31.2803,1.5956
7803,317.61,204.084,283.834,365.26,250.746,184.74,0,127.552,190.058,2.49004
7804,315.21,245.13,507.38,489.136,615.502,539.834,0,153.206,162.004,2.05743
7805,240.505,155.092,234.265,327.244,250.229,185.001,0,96.9327,143.573,2.48116
7806,28.7001,34.6513,319.322,784.39,312.8,817.995,0,21.657,7.04304,1.32521
7807,157.4,101.255,166.143,406.84,67.835,405.16,0,63.2842,94.1162,2.4872
7808,88.1992,102.745,598.645,461.465,615.471,539.797,0,64.2155,23.9837,1.37349
7809,166.501,141.223,566.028,412.461,630.264,334.159,0,88.2647,78.2363,1.88638
7810,141.599,167.971,297.668,697.747,149.607,693.207,0,104.982,36.6175,1.3488
7811,127.899,141.537,502.223,719.64,611.888,753.175,0,88.4608,39.4378,1.44582
7812,183.602,144.098,199.577,372.49,67.8108,405.248,0,90.0613,93.5407,2.03863
7813,485.72,158.851,459.087,598.21,610.82,612.863,1,99.282,386.438,4.89233
7814,179.602,149.306,517.85,138.603,653.474,129.953,0,93.3164,86.2854,1.92465
7815,311.41,178.432,224.057,359.436,67.7463,404.896,0,111.52,199.89,2.79242
7816,83.7993,71.7996,423.479,177.862,355.809,174.207,0,44.8748,38.9245,1.8674
7817,376.314,284.629,267.514,469.415,67.716,405.479,0,177.893,198.421,2.11539
7818,10.5,12.5548,345.978,186.754,350.441,175.022,0,7.84673,2.65327,1.33814
7819,23.6001,27.4419,323.562,181.126,349.362,174.537,0,17.1512,6.44887,1.376
7820,99.799,118.298,361.129,715.173,312.727,817.964,0,73.9364,25.8627,1.3498
7821,86.5993,107.081,325.576,717.838,312.288,818.095,0,66.9257,19.6736,1.29396
7822,269.007,349.163,388.526,533.039,312.988,818.079,0,218.227,50.7801,1.23269
7823,63.9996,70.5029,194.028,590.718,144.738,615.872,0,44.0643,19.9353,1.45241
7824,268.307,184.016,344.436,321.624,349.783,174.744,0,115.01,153.297,2.3329
7825,216.004,169.46,504.127,393.49,630.291,333.956,0,105.912,110.092,2.03946
7826,20.7,18.6684,158.07,609.841,144.761,616,0,11.6678,9.03227,1.77412
7827,254.006,160.432,229.304,324.763,249.781,185.094,0,100.27,153.736,2.53322
7828,180.802,224.292,498.435,258.667,648.236,198.039,0,140.183,40.6193,1.28976
7829,154.3,118.556,352.243,255.013,349.698,174.655,0,74.0976,80.2027,2.08239
7830,94.6991,73.9876,267.322,255.607,249.341,185.199,0,46.2422,48.4569,2.04789
7831,251.206,173.27,515.815,445.941,615.485,539.848,0,108.294,142.912,2.31968
7832,179.902,139.169,307.06,299.37,250.868,184.707,0,86.9805,92.9213,2.0683
7833,317.91,175.119,248.519,347.042,249.458,185.2,0,109.449,208.461,2.90463
7834,485.72,255.138,423.868,431.962,604.845,537.438,1,159.461,326.259,3.04601
7835,18.4,17.8498,260.247,199.651,252.832,183.825,0,11.1561,7.24392,1.64932
7836,244.606,175.636,314.524,622.43,144.776,616.172,0,109.772,134.833,2.2283
7837,76.7994,102.858,577.14,238.299,647.982,197.934,0,64.2864,12.513,1.19464
7838,297.109,210.921,606.347,383.405,615.533,539.934,0,131.826,165.283,2.2538
7839,315.41,182.981,275.721,352.146,249.496,185.216,0,114.363,201.047,2.75797
7840,187.702,131.361,333.218,277.028,349.82,174.729,0,82.1006,105.602,2.28625
7841,226.105,165.754,317.334,311.786,250.443,184.906,0,103.596,122.509,2.18256
7842,157.1,134.502,300.159,297.317,251.019,184.64,0,84.0635,73.0369,1.86883
7843,34.9,39.8145,615.186,176.713,647.771,191.447,0,24.8841,10.016,1.40251
7844,206.203,157.013,335.183,291.127,349.854,174.68,0,98.1332,108.07,2.10126
7845,44.1999,38.9225,290.307,190.657,253.431,182.794,0,24.3266,19.8733,1.81694
7846,126.799,115.504,564.433,384.982,630.337,334.297,0,72.1901,54.6085,1.75645
7847,401.115,231.704,483.713,510.198,613.205,612.762,0,144.815,256.3,2.76985
7848,232.405,257.259,395.778,633.709,313.132,818.23,0,160.787,71.6184,1.44542
7849,485.72,150.752,426.084,132.966,424.281,121.754,1,94.2201,391.5,5.15517
7850,53.0998,64.5188,604.159,251.422,635.783,282.325,0,40.3243,12.7755,1.31682
7851,188.802,157.645,182.223,474.075,139.946,611.055,0,98.5279,90.2744,1.91623
7852,115.199,139.962,380.774,706.599,313.062,818.068,0,87.476,27.7228,1.31692
7853,192.603,124.976,215.774,303.305,249.124,185.119,0,78.1101,114.492,2.46578
7854,118.099,100.494,562.124,370.911,630.281,334.001,0,62.8088,55.29,1.88029
7855,321.71,221.984,472.281,369.906,630.27,334.143,0,138.74,182.971,2.31881
7856,169.401,145.658,585.673,423.154,615.645,539.712,0,91.0364,78.3647,1.86081
7857,169.701,113.542,176.138,406.605,67.8336,405.324,0,70.9639,98.7373,2.39137
7858,173.501,128.908,170.055,494.377,139.863,611.145,0,80.5673,92.9341,2.1535
7859,156.1,90.8961,535.173,599.418,613.211,612.754,0,56.8101,99.2903,2.74776
7860,310.21,215.794,348.862,349.374,349.949,174.799,0,134.871,175.339,2.30004
7861,245.206,148.842,271.306,655.213,144.85,615.797,0,93.0264,152.179,2.63587
7862,23.2001,24.0564,412.212,101.356,406.188,78.1238,0,15.0352,8.16483,1.54305
7863,304.709,234.309,265.236,426.529,67.7556,404.977,0,146.443,158.266,2.08073
7864,329.711,211.514,294.446,365.522,249.823,185.138,0,132.196,197.515,2.49411
7865,7.2,6.80487,606.523,613.468,613.195,612.843,0,4.25305,2.94695,1.6929
7866,143.4,85.3577,567.383,665.339,613.173,612.855,0,53.3485,90.051,2.68798
7867,122.199,108.371,421.105,233.635,355.845,174.293,0,67.7319,54.4668,1.80415
7868,330.311,202.582,490.471,441.393,615.619,539.627,0,126.614,203.697,2.6088
7869,93.0992,81.7264,354.905,202.215,349.58,174.563,0,51.079,42.0202,1.82265
7870,485.72,236.931,414.316,600.466,589.727,616.586,1,148.082,337.639,3.28008
7871,85.1993,88.7218,533.783,753.4,611.119,754.991,0,55.4511,29.7481,1.53648
7872,270.107,229.971,469.233,427.747,615.453,539.922,0,143.732,126.375,1.87924
7873,27.8001,31.8348,620.099,202.317,647.788,197.292,0,19.8968,7.90331,1.39722
7874,378.814,254.121,445.222,438.568,615.542,539.844,0,158.826,219.988,2.38509
7875,32.7001,33.7645,389.207,176.139,355.74,174.211,0,21.1028,11.5973,1.54956
7876,450.718,287.527,445.856,568.688,613.183,612.848,0,179.705,271.014,2.50811
7877,294.109,202.863,284.617,366.445,251.458,184.409,0,126.789,167.32,2.31967
7878,78.7994,66.4939,113.325,430.284,67.7126,404.834,0,41.5587,37.2407,1.8961
7879,345.812,218.493,393.521,337.485,349.545,174.563,0,136.558,209.254,2.53235
7880,11.6,11.7977,156.252,618.408,144.79,615.87,0,7.37359,4.22642,1.57318
7881,200.603,136.349,482.566,184.834,356.33,173.092,0,85.2183,115.385,2.35399
7882,485.72,248.154,445.305,575.622,590.795,614.208,1,155.096,330.624,3.13173
7883,151.9,123.372,277.39,728.532,311.372,818.476,0,77.1074,74.7926,1.96998
7884,160.201,113.979,251.683,617.53,144.7,615.729,0,71.2368,88.9638,2.24885
7885,54.7997,62.7567,550.943,762.363,611.204,754.942,0,39.2229,15.5768,1.39713
7886,319.51,193.992,298.105,349.981,250.7,184.844,0,121.245,198.266,2.63525
7887,402.615,181.179,460.314,637.524,613.226,612.762,0,113.237,289.379,3.55552
7888,36.4,35.3987,602.424,586.063,613.31,612.419,0,22.1242,14.2758,1.64526
7889,216.304,142.518,244.548,318.774,250.291,184.914,0,89.0735,127.231,2.42838
7890,39.8,50.2074,602.3,213.983,648.179,198.137,0,31.3796,8.42034,1.26834
7891,202.503,154.852,354.321,304.614,349.888,174.773,0,96.7822,105.721,2.09236
7892,204.103,160.789,499.19,353.784,630.253,333.904,0,100.493,103.61,2.03101
7893,433.817,253.197,515.908,483.922,615.676,539.7,0,158.248,275.569,2.74137
7894,26.5001,29.5616,573.234,835.8,602.478,833.318,0,18.476,8.02404,1.4343
7895,33.4001,44.3777,321.33,774.976,312.812,818.032,0,27.7361,5.66398,1.20421
7896,48.8998,52.218,123.793,576.624,139.946,611.18,0,32.6362,16.2636,1.49833
7897,485.72,29.5195,563.54,548.132,561.539,554.75,1,18.4497,467.271,26.3268
7898,196.603,150.896,521.76,558.997,613.241,612.832,0,94.3102,102.293,2.08464
7899,107.799,82.2762,186.261,211.977,248.49,184.807,0,51.4226,56.3763,2.09633
7900,9,8.95007,354.439,184.404,352.261,175.732,0,5.5938,3.4062,1.60892
7901,37.4,42.2468,179.913,673.553,149.79,693.17,0,26.4043,10.9957,1.41644
7902,302.509,159.975,178.274,300.592,249.11,185.08,0,99.9846,202.525,3.02556
7903,372.514,255.957,347.878,391.012,349.968,174.764,0,159.973,212.541,2.3286
7904,100.499,90.5339,229.395,271.947,249.497,185.249,0,56.5837,43.9154,1.77611
7905,234.505,242.905,259.364,517.294,140.081,611.101,0,151.816,82.6896,1.54467
7906,243.606,291.781,332.045,420.979,251.438,184.533,0,182.363,61.2427,1.33583
7907,356.413,295.722,349.102,525.529,144.841,615.948,0,184.826,171.587,1.92837
7908,92.1992,115.353,350.908,711.013,313.105,818.069,0,72.0955,20.1037,1.27885
7909,17.7,18.7366,591.734,802.809,606.689,810.862,0,11.7104,5.98965,1.51148
7910,135.699,104.115,293.13,735.018,311.471,818.42,0,65.0719,70.6271,2.08537
7911,485.72,234.35,455.245,457.938,603.315,537.636,1,146.468,339.252,3.31621
7912,172.801,136.735,167.189,482.253,139.963,611.063,0,85.4593,87.3421,2.02203
7913,22,23.0682,594.875,766.363,611.143,755.023,0,14.4177,7.58239,1.52591
7914,138.499,169.095,409.757,707.397,313.494,818.322,0,105.685,32.8147,1.3105
7915,98.3991,107.419,568.068,168.397,653.507,130.044,0,67.1369,31.2622,1.46565
7916,434.317,279.381,432.396,425.569,615.504,539.926,0,174.613,259.704,2.48731
7917,382.214,238.273,421.938,344.739,355.95,173.643,0,148.921,233.293,2.56656
7918,323.111,222.199,395.142,336.051,350.09,174.841,0,138.874,184.236,2.32664
7919,0,0,617.469,542.449,617.469,542.449,0,0,0,0
7920,299.909,187.526,506.661,535.723,613.196,612.852,0,117.204,182.705,2.55886
7921,236.405,167.353,193.963,478.044,139.899,611.065,0,104.596,131.81,2.26018
7922,14.1,15.2428,369.159,181.004,355.848,174.135,0,9.52673,4.57329,1.48005
7923,80.2993,98.2561,579.742,457.185,615.459,540.221,0,61.41,18.8893,1.30759
7924,327.811,177.113,541.894,526.88,613.171,612.767,0,110.696,217.115,2.96137
7925,377.314,257.922,450.195,408.094,630.319,334.049,0,161.202,216.112,2.34063
7926,384.914,299.46,288.672,475.672,67.8416,404.977,0,187.163,197.752,2.05658
7927,411.116,341.984,356.981,472.667,144.709,616.384,0,213.74,197.376,1.92344
7928,256.806,169.777,230.278,339.523,249.806,185.14,0,106.111,150.696,2.42017
7929,343.412,224.227,475.737,459.34,615.547,539.822,0,140.142,203.27,2.45046
7930,117.199,101.253,222.517,752.222,152.84,701.822,0,63.283,53.9158,1.85198
7931,34.0001,36.5039,413.882,113.617,405.881,78.2478,0,22.8149,11.1851,1.49026
7932,94.2991,86.8724,340.244,230.792,350.081,174.78,0,54.2952,40.0039,1.73679
7933,274.908,219.154,477.369,414.64,630.361,334.132,0,136.972,137.936,2.00704
7934,41.2999,51.3644,323.612,206.86,349.865,174.764,0,32.1028,9.19718,1.28649
7935,154.1,113.204,541.804,701.248,612.35,752.031,0,70.7525,83.3477,2.17802
7936,43.6999,50.2452,174.092,592.032,144.841,615.814,0,31.4032,12.2967,1.39157
7937,99.3991,77.8874,286.091,768.212,311.655,818.404,0,48.6796,50.7194,2.0419
7938,35.6,28.0227,235.439,204.911,249.114,185.116,0,17.5142,18.0859,2.03264
7939,117.799,96.9547,132.35,528.759,139.857,611.057,0,60.5967,57.2021,1.94398
7940,63.7996,83.1582,332.707,738.183,312.794,817.965,0,51.9739,11.8257,1.22753
7941,61.7996,84.6846,234,726.657,153.719,700.211,0,52.9279,8.87177,1.16762
7942,290.309,208.091,485.37,439.616,615.476,539.826,0,130.057,160.252,2.23217
7943,14.4,17.0452,142.813,594.506,139.932,611.131,0,10.6532,3.74679,1.35171
7944,74.5994,78.5724,536.671,615.432,613.247,612.849,0,49.1078,25.4917,1.5191
7945,74.4994,102.114,582.973,260.503,648.035,197.929,0,63.821,10.6784,1.16732
7946,201.403,186.307,398.535,292.173,355.845,174.326,0,116.442,84.961,1.72964
7947,226.405,144.842,434.859,260.137,355.836,174.267,0,90.5261,135.879,2.50099
7948,485.72,263.734,428.18,429.577,606.462,541.089,1,164.833,320.887,2.94673
7949,194.203,165.37,489.415,115.64,653.476,130.13,0,103.356,90.8463,1.87896
7950,81.3993,70.8825,416.479,195.146,355.971,173.608,0,44.3016,37.0977,1.83739
7951,130.899,147.358,535.432,208.183,647.98,191.153,0,92.0989,38.7999,1.42129
7952,267.407,161.936,211.096,359.198,67.7823,405.011,0,101.21,166.197,2.6421
7953,59.6997,56.7877,606.575,161.305,647.788,191.637,0,35.4923,24.2073,1.68204
7954,125.099,106.646,406.78,229.404,355.605,174.321,0,66.6537,58.445,1.87685
7955,5.6,5.58654,254.563,189.236,252.769,183.95,0,3.49159,2.10841,1.60385
7956,92.1992,84.4518,203.649,580.868,144.838,615.841,0,52.7824,39.4168,1.74678
7957,268.207,274.176,301.285,517.923,139.643,611.183,0,171.36,96.8469,1.56517
7958,134.099,150.121,535.694,213.619,648.077,191.043,0,93.8257,40.2733,1.42924
7959,485.72,227.646,436.327,603.38,596.94,611.601,1,142.278,343.442,3.41387
7960,279.808,224.943,481.663,461.451,615.504,539.948,0,140.589,139.219,1.99025
7961,138.499,125.885,556.242,451.935,615.689,539.695,0,78.6784,59.8209,1.76032
7962,315.71,226.26,469.434,367.03,630.377,334.086,0,141.413,174.297,2.23255
7963,289.808,185.787,250.167,396.245,67.8057,405.271,0,116.117,173.692,2.49583
7964,193.403,136.953,292.506,295.684,251.056,184.566,0,85.5954,107.807,2.2595
7965,99.0991,88.3137,118.296,453.129,67.7725,405.172,0,55.1961,43.903,1.7954
7966,343.312,312.336,366.183,523.997,144.827,616.19,0,195.21,148.102,1.75868
7967,52.3998,49.7793,604.936,296,635.96,282.512,0,31.1121,21.2877,1.68423
7968,45.1999,54.0101,176.93,590.743,144.759,616.106,0,33.7563,11.4436,1.339
7969,48.6998,59.1868,279.304,783.988,311.582,818.383,0,36.9918,11.7081,1.3165
7970,163.201,101.019,518.819,627.056,613.203,612.75,0,63.1371,100.064,2.58486
7971,16.2,20.4638,318.287,798.605,312.576,818.078,0,12.7899,3.41018,1.26663
7972,113.699,125.996,351.929,700.381,312.429,818.054,0,78.7473,34.9516,1.44384
7973,66.2996,69.9114,148.193,542.211,139.863,611.124,0,43.6947,22.6049,1.51734
7974,100.299,108.726,553.927,481.327,615.562,539.886,0,67.9539,32.3451,1.47599
7975,362.613,311.379,379.578,538.493,144.84,615.848,0,194.612,168.001,1.86326
7976,339.612,230.777,347.52,596.377,144.665,615.663,0,144.236,195.376,2.35456
7977,226.605,194.158,234.214,493.47,139.845,611.151,0,121.349,105.256,1.86738
7978,148.7,111.465,249.356,618.816,144.782,615.775,0,69.6658,79.0341,2.13448
7979,279.408,188.564,274.286,358.978,251.351,184.498,0,117.853,161.555,2.37082
7980,264.907,216.181,453.94,331.544,356.004,173.657,0,135.113,129.794,1.96063
7981,316.61,267.577,417.19,373.255,356.018,173.699,0,167.236,149.374,1.8932
7982,17.1,20.915,139.939,641.549,139.807,620.941,0,13.0719,4.02816,1.30816
7983,213.304,182.967,379,306.653,349.961,174.79,0,114.354,98.9496,1.86529
7984,104.299,90.3378,555.341,324.466,630.323,334.069,0,56.4611,47.8378,1.84727
7985,81.3993,100.473,238.912,740.285,152.749,701.811,0,62.7956,18.6037,1.29626
7986,331.411,179.286,249.392,350.978,249.709,185.222,0,112.054,219.357,2.9576
7987,47.0999,56.1202,598.091,208.066,647.77,197.36,0,35.0752,12.0247,1.34283
7988,172.101,113.736,167.662,420.763,67.6502,405.481,0,71.0853,101.016,2.42105
7989,0,0,356.296,168.964,356.296,168.964,0,0,0,0
7990,407.316,271.651,392.201,393.641,349.65,174.748,0,169.782,237.534,2.39905
7991,330.811,174.934,210.368,434.51,67.7874,405.279,0,109.334,221.477,3.02571
7992,60.3997,61.3093,299.518,771.508,311.476,818.504,0,38.3183,22.0813,1.57626
7993,180.202,128.081,467.514,172.373,356.267,173.238,0,80.0505,100.151,2.2511
7994,289.508,303.831,279.38,476.771,140.216,611.242,0,189.894,99.614,1.52458
7995,127.499,129.446,116.359,493.715,67.7009,405.523,0,80.9039,46.5947,1.57593
7996,15.2,17.4707,414.551,92.5426,406.873,77.7418,0,10.9192,4.28082,1.39205
7997,129.099,111.512,557.541,157.053,653.51,130.049,0,69.6951,59.4035,1.85233
7998,346.112,288.162,305.544,453.935,67.7261,404.887,0,180.101,166.011,1.92176
7999,118.399,144.573,386.499,708.796,313.448,818.308,0,90.3584,28.0404,1.31032
8000,0,0,408.171,71.5394,408.171,71.5394,0,0,0,0
